ticker,종목,corp_code,rcept_no,report_nm,rcept_dt,report_status,document_status,sector_proxy,export_mentions,fx_asset_mentions,fx_liab_mentions,hedge_mentions,import_mentions,order_mentions,sensitivity_mentions,overseas_revenue_pct,hedge_pct_proxy,text_length,공시신뢰도,confidence_reason,dollar_sales_score,won_cost_score,hedge_score,foreign_debt_score,import_cost_score,earnings_score,technical_score,risk_score,backlog_bonus,sensitivity_bonus,fx_net_benefit_score
095570,AJ네트웍스,00365387,20260318001186,사업보고서 (2025.12),20260318,OK,OK,기타,51,98,0,374,1908,1,51,100.0,,641662,B,주석 수치 일부와 환율노출 키워드 확인,25.0,6.0,8.0,8.0,3.0,8.0,10.0,5.0,0.4,5.0,78.4
006840,AK홀딩스,00125080,20260323001489,사업보고서 (2025.12),20260323,OK,OK,기타,103,135,1,556,2108,11,104,68.0,,593738,B,주석 수치 일부와 환율노출 키워드 확인,17.0,6.0,8.0,7.0,3.0,8.0,8.0,2.0,4.4,5.0,68.4
027410,BGF,00219097,20260318000777,사업보고서 (2025.12),20260318,OK,OK,기타,72,97,0,147,1903,6,127,90.0,,506152,B,주석 수치 일부와 환율노출 키워드 확인,22.5,6.0,8.0,8.0,3.0,8.0,8.0,5.0,2.4,5.0,75.9
282330,BGF리테일,01263022,20260318000829,사업보고서 (2025.12),20260318,OK,OK,기타,30,79,0,70,1949,2,47,10.0,,483932,B,주석 수치 일부와 환율노출 키워드 확인,2.5,6.0,8.0,8.0,3.0,8.0,7.0,5.0,0.8,5.0,53.3
138930,BNK금융지주,00858364,20260318001147,사업보고서 (2025.12),20260318,OK,OK,기타,198,226,48,731,2763,19,47,,100.0,937546,B,주석 수치 일부와 환율노출 키워드 확인,6.25,6.0,0.0,7.0,3.0,8.0,10.0,5.0,5.0,5.0,55.25
001460,BYC,00122579,20260319001175,사업보고서 (2025.12),20260319,OK,OK,기타,6,138,22,5,1015,0,52,,,315471,B,주석 수치 일부와 환율노출 키워드 확인,6.25,6.0,8.0,7.0,3.0,8.0,8.0,5.0,0.0,5.0,56.25
001465,BYC우,,,,,NO_CORP_CODE,OK,기타,0,0,0,0,0,0,0,,,0,D,DART 고유번호 매칭 실패,6.25,6.0,11.0,8.0,5.5,8.0,10.0,5.0,0.0,0.0,59.75
001040,CJ,00148540,20260318001509,사업보고서 (2025.12),20260318,OK,OK,기타,615,101,12,497,2691,11,176,100.0,1.0,1072995,B,주석 수치 일부와 환율노출 키워드 확인,25.0,6.0,14.85,7.0,3.0,8.0,8.0,2.0,4.4,5.0,83.25
079160,CJ CGV,00303873,20260318001114,사업보고서 (2025.12),20260318,OK,OK,기타,313,64,12,519,1559,2,133,51.0,10.0,584936,A,주석에서 환율노출 관련 수치 다수 확인,12.75,6.0,13.5,7.0,3.0,8.0,10.0,2.0,0.8,5.0,68.05
000120,CJ대한통운,00113410,20260316001417,사업보고서 (2025.12),20260316,OK,OK,기타,96,53,8,528,2024,28,79,100.0,4.1,724843,A,주석에서 환율노출 관련 수치 다수 확인,25.0,6.0,14.38,7.0,3.0,8.0,8.0,5.0,5.0,5.0,86.38
011150,CJ씨푸드,00129013,20260323001443,사업보고서 (2025.12),20260323,OK,OK,기타,25,91,18,131,929,3,52,100.0,27.0,302120,A,주석에서 환율노출 관련 수치 다수 확인,25.0,6.0,10.95,7.0,3.0,3.0,8.0,5.0,1.2,5.0,74.15
011155,CJ씨푸드1우,,,,,NO_CORP_CODE,OK,기타,0,0,0,0,0,0,0,,,0,D,DART 고유번호 매칭 실패,6.25,6.0,11.0,8.0,5.5,8.0,8.0,5.0,0.0,0.0,57.75
001045,CJ우,,,,,NO_CORP_CODE,OK,기타,0,0,0,0,0,0,0,,,0,D,DART 고유번호 매칭 실패,6.25,6.0,11.0,8.0,5.5,8.0,8.0,5.0,0.0,0.0,57.75
097950,CJ제일제당,00635134,20260316001116,사업보고서 (2025.12),20260316,OK,OK,K푸드,338,178,7,806,3253,27,138,10.0,,1017002,B,주석 수치 일부와 환율노출 키워드 확인,2.5,6.75,8.0,7.0,2.5,8.0,8.0,5.0,5.0,5.0,57.75
097955,CJ제일제당 우,,,,,NO_CORP_CODE,OK,K푸드,0,0,0,0,0,0,0,,,0,D,DART 고유번호 매칭 실패,13.75,6.75,11.0,8.0,5.0,8.0,8.0,5.0,0.0,0.0,65.5
000480,CR홀딩스,00148984,20260319000043,사업보고서 (2025.12),20260319,OK,OK,기타,75,125,14,337,2784,10,109,100.0,,514891,B,주석 수치 일부와 환율노출 키워드 확인,25.0,6.0,8.0,7.0,3.0,8.0,8.0,5.0,4.0,5.0,79.0
000590,CS홀딩스,00149026,20260323001033,사업보고서 (2025.12),20260323,OK,OK,기타,17,99,8,48,971,0,60,,,311778,B,주석 수치 일부와 환율노출 키워드 확인,6.25,6.0,8.0,7.0,3.0,8.0,10.0,5.0,0.0,5.0,58.25
012030,DB,00163345,20260323001119,사업보고서 (2025.12),20260323,OK,OK,기타,56,222,30,668,1766,55,54,10.0,,534079,B,주석 수치 일부와 환율노출 키워드 확인,2.5,6.0,8.0,7.0,3.0,8.0,10.0,5.0,5.0,5.0,59.5
005830,DB손해보험,00159102,20260331003904,[기재정정]사업보고서 (2025.12),20260331,OK,OK,기타,78,77,1,1034,2343,10,87,17.5,,783307,B,주석 수치 일부와 환율노출 키워드 확인,4.38,6.0,8.0,7.0,3.0,8.0,10.0,5.0,4.0,5.0,60.38
016610,DB증권,00115694,20260318000876,사업보고서 (2025.12),20260318,OK,OK,기타,10,44,8,795,2574,19,49,1.5,,820369,B,주석 수치 일부와 환율노출 키워드 확인,0.38,6.0,8.0,7.0,3.0,8.0,8.0,5.0,5.0,5.0,55.38
000990,DB하이텍,01948220,20260309001206,사업보고서 (2025.12),20260309,OK,OK,기타,7,15,0,14,257,0,2,80.0,,99731,B,주석 수치 일부와 환율노출 키워드 확인,20.0,6.0,8.0,8.0,3.0,3.0,7.0,5.0,0.0,1.0,61.0
000300,DH오토넥스,01885222,20260507000565,사업보고서 (2026.02),20260507,OK,OK,기타,0,0,0,37,805,0,0,,,150106,C,보고서 텍스트 단서와 산업 프록시 중심,6.25,6.0,8.0,8.0,3.0,8.0,5.0,5.0,0.0,0.0,49.25
001530,DI동일,00118345,20260323001456,[첨부정정]사업보고서 (2025.12),20260323,OK,OK,기타,0,0,0,0,0,0,0,,,18,D,환율노출 공시 단서 부족,6.25,6.0,11.0,8.0,5.5,8.0,10.0,5.0,0.0,0.0,59.75
015590,DKME,00108746,20260528000864,[기재정정]사업보고서 (2025.12),20260528,OK,OK,기타,65,143,4,178,1441,42,58,,,314388,B,주석 수치 일부와 환율노출 키워드 확인,6.25,6.0,8.0,7.0,3.0,8.0,7.0,2.0,5.0,5.0,57.25
000210,DL,00109693,20260318000970,사업보고서 (2025.12),20260318,OK,OK,기타,194,145,42,906,3368,18,122,66.0,3.88,806768,A,주석에서 환율노출 관련 수치 다수 확인,16.5,6.0,14.42,7.0,3.0,8.0,10.0,5.0,5.0,5.0,79.92
000215,DL우,,,,,NO_CORP_CODE,OK,기타,0,0,0,0,0,0,0,,,0,D,DART 고유번호 매칭 실패,6.25,6.0,11.0,8.0,5.5,8.0,8.0,5.0,0.0,0.0,57.75
375500,DL이앤씨,01524093,20260515002039,[기재정정]사업보고서 (2025.12),20260515,OK,OK,기타,89,201,8,439,3198,26,97,,,662941,B,주석 수치 일부와 환율노출 키워드 확인,6.25,6.0,8.0,7.0,3.0,8.0,10.0,5.0,5.0,5.0,63.25
007340,DN오토모티브,00116949,20260312001285,사업보고서 (2025.12),20260312,OK,OK,기타,197,126,19,505,2392,1,174,,10.0,541445,A,주석에서 환율노출 관련 수치 다수 확인,6.25,6.0,13.5,7.0,3.0,8.0,7.0,5.0,0.4,5.0,61.15
004840,DRB동일,00118266,20260319000977,사업보고서 (2025.12),20260319,OK,OK,기타,89,195,22,24,1726,14,77,5.2,,402160,A,주석에서 환율노출 관련 수치 다수 확인,1.3,6.0,8.0,7.0,3.0,8.0,10.0,5.0,5.0,5.0,58.3
155660,DSR,00110608,20260319001193,사업보고서 (2025.12),20260319,OK,OK,기타,145,272,0,560,1515,19,60,95.0,,384945,B,주석 수치 일부와 환율노출 키워드 확인,23.75,6.0,8.0,8.0,3.0,8.0,10.0,5.0,5.0,5.0,81.75
069730,DSR제강,00151298,20260318001149,사업보고서 (2025.12),20260318,OK,OK,기타,85,254,26,438,1424,2,63,,,395382,B,주석 수치 일부와 환율노출 키워드 확인,6.25,6.0,8.0,7.0,3.0,8.0,10.0,5.0,0.8,5.0,59.05
017860,DS단석,00108612,20260323000702,사업보고서 (2025.12),20260323,OK,OK,기타,107,178,28,222,1901,19,85,,,487958,B,주석 수치 일부와 환율노출 키워드 확인,6.25,6.0,8.0,7.0,3.0,8.0,8.0,2.0,5.0,5.0,58.25
092780,DYP,00117726,20260323001599,사업보고서 (2025.12),20260323,OK,OK,기타,72,50,0,129,1668,1,62,,,389316,C,보고서 텍스트 단서와 산업 프록시 중심,6.25,6.0,8.0,8.0,3.0,8.0,8.0,5.0,0.4,5.0,57.65
017940,E1,00165583,20260319001298,사업보고서 (2025.12),20260319,OK,OK,기타,124,229,23,923,3860,55,144,52.8,,1005090,B,주석 수치 일부와 환율노출 키워드 확인,13.2,6.0,8.0,7.0,3.0,3.0,8.0,5.0,5.0,5.0,63.2
365550,ESR켄달스퀘어리츠,01437186,20260213002140,사업보고서 (2025.11),20260213,OK,OK,기타,7,7,0,68,1447,0,16,3.84,,223309,B,주석 수치 일부와 환율노출 키워드 확인,0.96,6.0,8.0,8.0,3.0,8.0,8.0,5.0,0.0,5.0,51.96
383220,F&F,01568413,20260318001512,사업보고서 (2025.12),20260318,OK,OK,기타,120,117,30,119,1520,0,133,100.0,,460505,B,주석 수치 일부와 환율노출 키워드 확인,25.0,6.0,8.0,7.0,3.0,8.0,4.0,5.0,0.0,5.0,71.0
007700,F&F홀딩스,00126487,20260318001442,사업보고서 (2025.12),20260318,OK,OK,기타,127,100,16,145,1541,0,123,100.0,,430584,B,주석 수치 일부와 환율노출 키워드 확인,25.0,6.0,8.0,7.0,3.0,8.0,10.0,5.0,0.0,5.0,77.0
114090,GKL,00557508,20260608000223,[기재정정]사업보고서 (2025.12),20260608,OK,OK,기타,11,159,0,11,606,0,40,,,199304,B,주석 수치 일부와 환율노출 키워드 확인,6.25,6.0,8.0,8.0,3.0,8.0,4.0,5.0,0.0,5.0,53.25
078930,GS,00500254,20260318000836,사업보고서 (2025.12),20260318,OK,OK,기타,272,488,22,505,4174,20,153,,,933857,B,주석 수치 일부와 환율노출 키워드 확인,6.25,6.0,8.0,7.0,3.0,8.0,10.0,5.0,5.0,5.0,63.25
006360,GS건설,00120030,20260316001192,사업보고서 (2025.12),20260316,OK,OK,기타,301,450,10,600,3602,70,58,1.2,12.69,1062958,A,주석에서 환율노출 관련 수치 다수 확인,0.3,6.0,13.1,7.0,3.0,8.0,10.0,5.0,5.0,5.0,62.4
001250,GS글로벌,00138190,20260317000713,사업보고서 (2025.12),20260317,OK,OK,기타,197,285,58,1108,2437,5,113,,10.98,615515,B,주석 수치 일부와 환율노출 키워드 확인,6.25,6.0,13.35,7.0,3.0,8.0,8.0,5.0,2.0,5.0,63.6
007070,GS리테일,00140177,20260311004487,사업보고서 (2025.12),20260311,OK,OK,기타,110,66,0,290,3730,0,43,,,768325,B,주석 수치 일부와 환율노출 키워드 확인,6.25,6.0,8.0,8.0,3.0,8.0,10.0,5.0,0.0,5.0,59.25
078935,GS우,,,,,NO_CORP_CODE,OK,기타,0,0,0,0,0,0,0,,,0,D,DART 고유번호 매칭 실패,6.25,6.0,11.0,8.0,5.5,8.0,10.0,5.0,0.0,0.0,59.75
499790,GS피앤엘,01882845,20260311003399,사업보고서 (2025.12),20260311,OK,OK,기타,67,6,0,21,1361,0,12,15.7,,327314,B,주석 수치 일부와 환율노출 키워드 확인,3.92,6.0,8.0,8.0,3.0,8.0,7.0,5.0,0.0,5.0,53.92
012630,HDC,00164636,20260318001262,사업보고서 (2025.12),20260318,OK,OK,기타,90,136,1,228,3863,74,123,70.0,10.0,781425,A,주석에서 환율노출 관련 수치 다수 확인,17.5,6.0,13.5,7.0,3.0,8.0,8.0,5.0,5.0,5.0,78.0
039570,HDC랩스,00350312,20260318001288,사업보고서 (2025.12),20260318,OK,OK,기타,9,13,0,95,2256,35,59,,,485036,C,보고서 텍스트 단서와 산업 프록시 중심,6.25,6.0,8.0,8.0,3.0,8.0,10.0,5.0,5.0,5.0,64.25
089470,HDC현대EP,00357935,20260318001209,사업보고서 (2025.12),20260318,OK,OK,기타,111,263,38,295,1972,4,104,75.0,,473525,A,주석에서 환율노출 관련 수치 다수 확인,18.75,6.0,8.0,7.0,3.0,8.0,8.0,5.0,1.6,5.0,70.35
267270,HD건설기계,01205842,20260602000456,[기재정정]사업보고서 (2025.12),20260602,OK,OK,기타,370,282,44,811,2658,49,141,91.4,3.84,759864,A,주석에서 환율노출 관련 수치 다수 확인,22.85,6.0,14.42,7.0,3.0,8.0,10.0,5.0,5.0,5.0,86.27
009540,HD한국조선해양,00164830,20260320001032,사업보고서 (2025.12),20260320,OK,OK,조선,158,206,12,643,2635,345,176,100.0,,644093,B,주석 수치 일부와 환율노출 키워드 확인,25.0,11.25,8.0,7.0,4.0,8.0,10.0,2.0,5.0,5.0,85.25
267250,HD현대,01205709,20260320000872,사업보고서 (2025.12),20260320,OK,OK,기타,464,362,23,886,3594,544,169,93.0,3.8,904510,A,주석에서 환율노출 관련 수치 다수 확인,23.25,6.0,14.43,7.0,3.0,8.0,8.0,5.0,5.0,5.0,84.68
443060,HD현대마린솔루션,01194689,20260316001512,사업보고서 (2025.12),20260316,OK,OK,기타,105,218,8,784,1797,355,163,100.0,,494562,B,주석 수치 일부와 환율노출 키워드 확인,25.0,6.0,8.0,7.0,3.0,8.0,7.0,5.0,5.0,5.0,79.0
071970,HD현대마린엔진,00406046,20260316001327,사업보고서 (2025.12),20260316,OK,OK,기타,47,173,34,643,1173,146,69,10.0,,369302,A,주석에서 환율노출 관련 수치 다수 확인,2.5,6.0,8.0,7.0,3.0,8.0,8.0,5.0,5.0,5.0,57.5
322000,HD현대에너지솔루션,01199550,20260313001045,사업보고서 (2025.12),20260313,OK,OK,기타,91,135,8,43,1446,20,86,75.0,,436279,B,주석 수치 일부와 환율노출 키워드 확인,18.75,6.0,8.0,7.0,3.0,8.0,10.0,5.0,5.0,5.0,75.75
267260,HD현대일렉트릭,01205851,20260316000940,사업보고서 (2025.12),20260316,OK,OK,전력기기,169,265,8,605,2138,58,86,100.0,,531090,B,주석 수치 일부와 환율노출 키워드 확인,25.0,10.5,8.0,7.0,4.5,8.0,10.0,5.0,5.0,5.0,88.0
329180,HD현대중공업,01390344,20260320000859,사업보고서 (2025.12),20260320,OK,OK,조선,188,273,14,956,2579,243,166,,,659676,B,주석 수치 일부와 환율노출 키워드 확인,22.5,11.25,8.0,7.0,4.0,8.0,7.0,5.0,5.0,5.0,82.75
097230,HJ중공업,00633835,20260319001333,[첨부정정]사업보고서 (2025.12),20260319,OK,OK,조선,0,0,0,0,0,0,0,,,18,D,환율노출 공시 단서 부족,22.5,11.25,11.0,8.0,6.5,8.0,8.0,5.0,0.0,0.0,80.25
014790,HL D&I,00161116,20260317000824,사업보고서 (2025.12),20260317,OK,OK,기타,39,85,0,36,3012,172,73,99.0,,679818,B,주석 수치 일부와 환율노출 키워드 확인,24.75,6.0,8.0,8.0,3.0,8.0,8.0,5.0,5.0,5.0,80.75
003580,HLB글로벌,00169048,20260318001016,사업보고서 (2025.12),20260318,OK,OK,기타,56,30,0,184,1240,27,84,,,397678,B,주석 수치 일부와 환율노출 키워드 확인,6.25,6.0,8.0,8.0,3.0,3.0,8.0,5.0,5.0,5.0,57.25
204320,HL만도,01042775,20260318000883,사업보고서 (2025.12),20260318,OK,OK,자동차/부품,377,226,0,261,2376,1,104,,,603667,B,주석 수치 일부와 환율노출 키워드 확인,18.0,8.25,8.0,8.0,4.0,8.0,8.0,5.0,0.4,5.0,72.65
060980,HL홀딩스,00299002,20260318001665,[첨부정정]사업보고서 (2025.12),20260318,OK,OK,기타,0,0,0,0,0,0,0,,,18,D,환율노출 공시 단서 부족,6.25,6.0,11.0,8.0,5.5,8.0,8.0,5.0,0.0,0.0,57.75
011200,HMM,00164645,20260318001444,사업보고서 (2025.12),20260318,OK,OK,기타,189,148,12,289,2000,491,118,99.7,21.51,542513,A,주석에서 환율노출 관련 수치 다수 확인,24.93,6.0,11.77,7.0,3.0,8.0,8.0,5.0,5.0,5.0,83.7
035000,HS애드,00140168,20260413002635,[기재정정]사업보고서 (2025.12),20260413,OK,OK,기타,135,33,8,102,629,6,30,,,231350,B,주석 수치 일부와 환율노출 키워드 확인,6.25,6.0,8.0,7.0,3.0,3.0,8.0,5.0,2.4,5.0,53.65
002460,HS화성,00174527,20260430000135,[첨부정정]사업보고서 (2025.12),20260430,OK,OK,기타,0,2,0,18,303,11,2,,,92812,B,주석 수치 일부와 환율노출 키워드 확인,6.25,6.0,8.0,8.0,3.0,8.0,8.0,5.0,4.4,1.0,57.65
487570,HS효성,01854763,20260312001348,[기재정정]사업보고서 (2025.12),20260312,OK,OK,기타,128,90,11,104,1365,9,87,100.0,100.0,310974,A,주석에서 환율노출 관련 수치 다수 확인,25.0,6.0,0.0,7.0,3.0,8.0,8.0,5.0,3.6,5.0,70.6
298050,HS효성첨단소재,01316254,20260312001146,사업보고서 (2025.12),20260312,OK,OK,기타,245,64,2,290,2194,3,83,100.0,,550414,B,주석 수치 일부와 환율노출 키워드 확인,25.0,6.0,8.0,7.0,3.0,8.0,8.0,5.0,1.2,5.0,76.2
015360,INVENI,00105101,20260605000111,[기재정정]사업보고서 (2025.12),20260605,OK,OK,기타,8,80,0,151,696,7,48,100.0,,237037,B,주석 수치 일부와 환율노출 키워드 확인,25.0,6.0,8.0,8.0,3.0,8.0,10.0,5.0,2.8,5.0,80.8
294870,IPARK현대산업개발,01310269,20260318001249,사업보고서 (2025.12),20260318,OK,OK,기타,27,90,6,210,3654,91,79,,10.0,653060,B,주석 수치 일부와 환율노출 키워드 확인,6.25,6.0,13.5,7.0,3.0,8.0,10.0,5.0,5.0,5.0,68.75
175330,JB금융지주,00980122,20260318001225,사업보고서 (2025.12),20260318,OK,OK,기타,107,109,39,461,2828,1,78,50.0,,1038931,A,주석에서 환율노출 관련 수치 다수 확인,12.5,6.0,8.0,7.0,3.0,8.0,10.0,5.0,0.4,5.0,64.9
204210,JK리버스톤리츠,01035289,20260323001430,사업보고서 (2025.12),20260323,OK,OK,기타,1,5,0,212,1403,0,17,,,305396,B,주석 수치 일부와 환율노출 키워드 확인,6.25,6.0,8.0,8.0,3.0,3.0,2.0,5.0,0.0,5.0,46.25
234080,JW생명과학,00225706,20260318001371,사업보고서 (2025.12),20260318,OK,OK,기타,61,72,0,252,1316,3,48,75.9,,369525,B,주석 수치 일부와 환율노출 키워드 확인,18.98,6.0,8.0,8.0,3.0,8.0,8.0,5.0,1.2,5.0,71.17
001060,JW중외제약,00149947,20260318001544,사업보고서 (2025.12),20260318,OK,OK,기타,47,159,34,81,1553,1,65,28.22,,439921,A,주석에서 환율노출 관련 수치 다수 확인,7.05,6.0,8.0,7.0,3.0,8.0,10.0,5.0,0.4,5.0,59.45
001067,JW중외제약2우B,,,,,NO_CORP_CODE,OK,기타,0,0,0,0,0,0,0,,,0,D,DART 고유번호 매칭 실패,6.25,6.0,11.0,8.0,5.5,8.0,8.0,5.0,0.0,0.0,57.75
001065,JW중외제약우,,,,,NO_CORP_CODE,OK,기타,0,0,0,0,0,0,0,,,0,D,DART 고유번호 매칭 실패,6.25,6.0,11.0,8.0,5.5,8.0,8.0,5.0,0.0,0.0,57.75
096760,JW홀딩스,00632304,20260318001363,사업보고서 (2025.12),20260318,OK,OK,기타,141,126,0,537,1659,2,75,90.0,,477000,B,주석 수치 일부와 환율노출 키워드 확인,22.5,6.0,8.0,8.0,3.0,8.0,10.0,5.0,0.8,5.0,76.3
008970,KBI동양철관,00117629,20260318001380,사업보고서 (2025.12),20260318,OK,OK,기타,79,119,0,244,1232,6,44,100.0,,340482,B,주석 수치 일부와 환율노출 키워드 확인,25.0,6.0,8.0,8.0,3.0,8.0,8.0,5.0,2.4,5.0,78.4
105560,KB금융,00688996,20260324000835,[기재정정]사업보고서 (2025.12),20260324,OK,OK,기타,344,262,30,664,4312,8,112,92.44,,1416701,B,주석 수치 일부와 환율노출 키워드 확인,23.11,6.0,8.0,7.0,3.0,8.0,10.0,5.0,3.2,5.0,78.31
415640,KB발해인프라,01880801,,,,DART_LIST_013_조회된 데이타가 없습니다.,NO_REPORT,기타,0,0,0,0,0,0,0,,,0,D,보고서 원문 미확보,6.25,6.0,11.0,8.0,5.5,8.0,8.0,5.0,0.0,0.0,57.75
432320,KB스타리츠,01622720,20260512000411,[기재정정]사업보고서 (2026.01),20260512,OK,OK,기타,13,64,0,214,1143,0,25,10.0,,214137,B,주석 수치 일부와 환율노출 키워드 확인,2.5,6.0,8.0,8.0,3.0,3.0,8.0,2.0,0.0,5.0,45.5
002380,KCC,00105271,20260309001896,사업보고서 (2025.12),20260309,OK,OK,기타,291,247,47,507,2924,102,109,,4.125,898265,A,주석에서 환율노출 관련 수치 다수 확인,6.25,6.0,14.38,7.0,3.0,8.0,10.0,5.0,5.0,5.0,69.63
344820,KCC글라스,01428203,20260319000948,사업보고서 (2025.12),20260319,OK,OK,기타,106,165,10,343,2447,23,73,0.42,,626800,A,주석에서 환율노출 관련 수치 다수 확인,0.1,6.0,8.0,7.0,3.0,3.0,8.0,5.0,5.0,5.0,50.11
009070,KCTC,00103042,20260319001225,사업보고서 (2025.12),20260319,OK,OK,기타,42,108,8,45,1481,41,53,,,409944,B,주석 수치 일부와 환율노출 키워드 확인,6.25,6.0,8.0,7.0,3.0,8.0,8.0,5.0,5.0,5.0,61.25
009440,KC그린홀딩스,00159971,20260323001644,사업보고서 (2025.12),20260323,OK,OK,기타,62,170,16,200,1382,12,26,40.0,,444216,B,주석 수치 일부와 환율노출 키워드 확인,10.0,6.0,8.0,7.0,3.0,3.0,5.0,5.0,4.8,5.0,56.8
119650,KC코트렐,00797364,20260423000742,[기재정정]사업보고서 (2024.12),20260423,OK,OK,기타,92,877,22,232,1945,80,37,10.0,10.0,649949,A,주석에서 환율노출 관련 수치 다수 확인,2.5,6.0,13.5,7.0,3.0,8.0,5.0,5.0,5.0,5.0,60.0
092220,KEC,00589127,20260319000653,[첨부정정]사업보고서 (2025.12),20260319,OK,OK,기타,0,0,0,0,0,0,0,,,18,D,환율노출 공시 단서 부족,6.25,6.0,11.0,8.0,5.5,3.0,7.0,5.0,0.0,0.0,51.75
003620,KG모빌리티,00138242,20260318000964,사업보고서 (2025.12),20260318,OK,OK,기타,103,106,0,493,1396,1,80,100.0,0.5,458974,A,주석에서 환율노출 관련 수치 다수 확인,25.0,6.0,14.93,8.0,3.0,8.0,10.0,5.0,0.4,5.0,85.33
016380,KG스틸,00115676,20260316001588,사업보고서 (2025.12),20260316,OK,OK,기타,86,115,8,301,1487,11,46,99.0,,404397,B,주석 수치 일부와 환율노출 키워드 확인,24.75,6.0,8.0,7.0,3.0,8.0,10.0,5.0,4.4,5.0,81.15
001390,KG케미칼,00101220,20260323001613,사업보고서 (2025.12),20260323,OK,OK,기타,104,137,12,278,2329,24,49,90.0,42.03,606668,B,주석 수치 일부와 환율노출 키워드 확인,22.5,6.0,8.7,7.0,3.0,8.0,8.0,5.0,5.0,5.0,78.2
001940,KISCO홀딩스,00159740,20260319001343,사업보고서 (2025.12),20260319,OK,OK,기타,18,76,3,50,1264,1,52,10.0,,321311,B,주석 수치 일부와 환율노출 키워드 확인,2.5,6.0,8.0,7.0,3.0,3.0,10.0,5.0,0.4,5.0,49.9
025000,KPX케미칼,00191472,20260312001374,사업보고서 (2025.12),20260312,OK,OK,기타,90,87,6,180,1321,2,93,10.0,,446165,B,주석 수치 일부와 환율노출 키워드 확인,2.5,6.0,8.0,7.0,3.0,8.0,10.0,5.0,0.8,5.0,55.3
092230,KPX홀딩스,00587466,20260320001194,[기재정정]사업보고서 (2025.12),20260320,OK,OK,기타,64,50,8,4,1088,4,63,,,275362,B,주석 수치 일부와 환율노출 키워드 확인,6.25,6.0,10.0,7.0,3.0,8.0,10.0,5.0,1.6,5.0,61.85
000040,KR모터스,01884065,20260318000398,사업보고서 (2025.12),20260318,OK,OK,기타,19,20,0,13,272,1,2,50.0,,119998,B,주석 수치 일부와 환율노출 키워드 확인,12.5,6.0,8.0,8.0,3.0,3.0,8.0,5.0,0.4,1.0,54.9
044450,KSS해운,00160232,20260318001401,사업보고서 (2025.12),20260318,OK,OK,기타,60,144,10,113,1336,548,89,99.7,,412937,B,주석 수치 일부와 환율노출 키워드 확인,24.93,6.0,8.0,7.0,3.0,8.0,8.0,5.0,5.0,5.0,79.92
030200,KT,00190321,20260323001553,사업보고서 (2025.12),20260323,OK,OK,기타,55,323,82,1038,2887,8,94,6.5,,825541,B,주석 수치 일부와 환율노출 키워드 확인,1.62,6.0,8.0,7.0,3.0,8.0,10.0,5.0,3.2,5.0,56.83
033780,KT&G,00244455,20260318001422,사업보고서 (2025.12),20260318,OK,OK,기타,289,149,14,225,3052,1,66,17.0,,736699,A,주석에서 환율노출 관련 수치 다수 확인,4.25,6.0,8.0,7.0,3.0,8.0,2.0,5.0,0.4,5.0,48.65
058850,KTcs,00372882,20260323000707,사업보고서 (2025.12),20260323,OK,OK,기타,11,79,23,35,1590,0,64,10.0,,480114,B,주석 수치 일부와 환율노출 키워드 확인,2.5,6.0,8.0,7.0,3.0,8.0,10.0,5.0,0.0,5.0,54.5
058860,KTis,00372873,20260323001433,사업보고서 (2025.12),20260323,OK,OK,기타,2,4,0,45,900,0,23,,,248565,B,주석 수치 일부와 환율노출 키워드 확인,6.25,6.0,8.0,8.0,3.0,8.0,8.0,5.0,0.0,5.0,57.25
093050,LF,00593032,20260601001924,[기재정정]사업보고서 (2025.12),20260601,OK,OK,기타,37,112,14,298,1595,0,45,99.5,,380654,A,주석에서 환율노출 관련 수치 다수 확인,24.88,6.0,8.0,7.0,3.0,8.0,10.0,5.0,0.0,5.0,76.88
003550,LG,00120021,20260318001025,사업보고서 (2025.12),20260318,OK,OK,기타,341,300,10,694,2797,12,130,100.0,,864208,B,주석 수치 일부와 환율노출 키워드 확인,25.0,6.0,8.0,7.0,3.0,8.0,10.0,5.0,4.8,5.0,81.8
034220,LG디스플레이,00105873,20260311003822,사업보고서 (2025.12),20260311,OK,OK,기타,256,234,90,532,2105,0,94,96.0,,569939,B,주석 수치 일부와 환율노출 키워드 확인,24.0,6.0,8.0,7.0,3.0,8.0,10.0,5.0,0.0,5.0,76.0
051900,LG생활건강,00356370,20260316000985,사업보고서 (2025.12),20260316,OK,OK,K뷰티/소비재,220,94,6,147,1975,5,104,100.0,,568131,B,주석 수치 일부와 환율노출 키워드 확인,25.0,8.25,8.0,7.0,5.0,8.0,8.0,5.0,2.0,5.0,81.25
051905,LG생활건강우,,,,,NO_CORP_CODE,OK,K뷰티/소비재,0,0,0,0,0,0,0,,,0,D,DART 고유번호 매칭 실패,15.5,8.25,11.0,8.0,7.5,8.0,8.0,5.0,0.0,0.0,71.25
064400,LG씨엔에스,00139834,20260316000832,사업보고서 (2025.12),20260316,OK,OK,기타,173,139,10,363,1969,5,119,,,645987,B,주석 수치 일부와 환율노출 키워드 확인,6.25,6.0,8.0,7.0,3.0,8.0,10.0,5.0,2.0,5.0,60.25
373220,LG에너지솔루션,01515323,20260312000217,사업보고서 (2025.12),20260312,OK,OK,기타,354,541,11,1229,2609,7,103,10.0,55.0,649964,A,주석에서 환율노출 관련 수치 다수 확인,2.5,6.0,6.75,7.0,3.0,3.0,10.0,5.0,2.8,5.0,51.05
003555,LG우,,,,,NO_CORP_CODE,OK,기타,0,0,0,0,0,0,0,,,0,D,DART 고유번호 매칭 실패,6.25,6.0,11.0,8.0,5.5,8.0,8.0,5.0,0.0,0.0,57.75
032640,LG유플러스,00231363,20260313000442,사업보고서 (2025.12),20260313,OK,OK,기타,134,116,6,494,2235,1,84,,,661393,B,주석 수치 일부와 환율노출 키워드 확인,6.25,6.0,8.0,7.0,3.0,8.0,8.0,5.0,0.4,5.0,56.65
011070,LG이노텍,00105961,20260312001270,사업보고서 (2025.12),20260312,OK,OK,반도체/전자부품,243,165,8,715,2372,2,159,,,486869,B,주석 수치 일부와 환율노출 키워드 확인,20.0,9.0,8.0,7.0,4.0,8.0,7.0,5.0,0.8,5.0,73.8
066570,LG전자,00401731,20260313000662,사업보고서 (2025.12),20260313,OK,OK,기타,865,179,11,643,3469,16,118,100.0,,1231448,B,주석 수치 일부와 환율노출 키워드 확인,25.0,6.0,8.0,7.0,3.0,8.0,10.0,5.0,5.0,5.0,82.0
066575,LG전자우,,,,,NO_CORP_CODE,OK,기타,0,0,0,0,0,0,0,,,0,D,DART 고유번호 매칭 실패,6.25,6.0,11.0,8.0,5.5,8.0,10.0,5.0,0.0,0.0,59.75
037560,LG헬로비전,00222532,20260316000756,사업보고서 (2025.12),20260316,OK,OK,기타,117,14,0,37,1721,1,42,,,454845,C,보고서 텍스트 단서와 산업 프록시 중심,6.25,6.0,8.0,8.0,3.0,8.0,8.0,5.0,0.4,5.0,57.65
051910,LG화학,00356361,20260313001195,사업보고서 (2025.12),20260313,OK,OK,수입원가부담,367,591,10,996,3239,9,110,,,799332,B,주석 수치 일부와 환율노출 키워드 확인,5.0,5.25,8.0,7.0,0.0,3.0,10.0,5.0,3.6,5.0,51.85
051915,LG화학우,,,,,NO_CORP_CODE,OK,수입원가부담,0,0,0,0,0,0,0,,,0,D,DART 고유번호 매칭 실패,5.0,5.25,11.0,8.0,2.0,8.0,8.0,5.0,0.0,0.0,52.25
079550,LIG디펜스앤에어로스페이스,00503668,20260323001211,사업보고서 (2025.12),20260323,OK,OK,방산,179,307,8,231,2010,215,55,5.6,,540641,B,주석 수치 일부와 환율노출 키워드 확인,1.4,10.2,8.0,7.0,5.0,8.0,10.0,5.0,5.0,5.0,64.6
006260,LS,00105952,20260318001427,사업보고서 (2025.12),20260318,OK,OK,기타,392,282,26,1157,2944,30,141,100.0,58.0,880137,A,주석에서 환율노출 관련 수치 다수 확인,25.0,6.0,6.3,7.0,3.0,8.0,10.0,5.0,5.0,5.0,80.3
010120,LS ELECTRIC,00105855,20260318001243,사업보고서 (2025.12),20260318,OK,OK,전력기기,335,280,15,1224,2843,11,135,100.0,5.0,672861,A,주석에서 환율노출 관련 수치 다수 확인,25.0,10.5,14.25,7.0,4.5,8.0,10.0,5.0,4.4,5.0,93.65
000680,LS네트웍스,00104698,20260318001521,사업보고서 (2025.12),20260318,OK,OK,기타,129,199,4,765,3283,7,149,5.43,,789610,B,주석 수치 일부와 환율노출 키워드 확인,1.36,6.0,8.0,7.0,3.0,8.0,8.0,5.0,2.8,5.0,54.16
229640,LS에코에너지,01093007,20260316001365,사업보고서 (2025.12),20260316,OK,OK,기타,111,175,6,490,1337,5,97,100.0,,361952,B,주석 수치 일부와 환율노출 키워드 확인,25.0,6.0,8.0,7.0,3.0,8.0,10.0,5.0,2.0,5.0,79.0
108320,LX세미콘,00525934,20260318001308,사업보고서 (2025.12),20260318,OK,OK,기타,76,128,9,546,1257,0,63,,,380217,B,주석 수치 일부와 환율노출 키워드 확인,6.25,6.0,8.0,7.0,3.0,8.0,8.0,5.0,0.0,5.0,56.25
001120,LX인터내셔널,00120076,20260318000623,사업보고서 (2025.12),20260318,OK,OK,기타,414,326,14,896,2197,22,149,27.83,,739382,B,주석 수치 일부와 환율노출 키워드 확인,6.96,6.0,8.0,7.0,3.0,8.0,8.0,5.0,5.0,5.0,61.96
108670,LX하우시스,00759513,20260316001555,사업보고서 (2025.12),20260316,OK,OK,기타,130,108,8,338,2019,1,62,39.0,,498061,B,주석 수치 일부와 환율노출 키워드 확인,9.75,6.0,8.0,7.0,3.0,8.0,10.0,5.0,0.4,5.0,62.15
108675,LX하우시스우,,,,,NO_CORP_CODE,OK,기타,0,0,0,0,0,0,0,,,0,D,DART 고유번호 매칭 실패,6.25,6.0,11.0,8.0,5.5,8.0,8.0,5.0,0.0,0.0,57.75
383800,LX홀딩스,01562589,20260323001295,사업보고서 (2025.12),20260323,OK,OK,기타,204,171,15,188,1626,3,96,99.1,24.4,451404,A,주석에서 환율노출 관련 수치 다수 확인,24.77,6.0,11.34,7.0,3.0,8.0,8.0,5.0,1.2,5.0,79.31
023150,MH에탄올,00121534,20260312000803,사업보고서 (2025.12),20260312,OK,OK,기타,1,11,4,111,1360,0,22,,,397075,C,보고서 텍스트 단서와 산업 프록시 중심,6.25,6.0,8.0,7.0,3.0,8.0,10.0,5.0,0.0,5.0,58.25
035420,NAVER,00266961,20260313001021,사업보고서 (2025.12),20260313,OK,OK,기타,248,277,4,255,2471,2,124,5.0,,797920,A,주석에서 환율노출 관련 수치 다수 확인,1.25,6.0,8.0,7.0,3.0,8.0,10.0,5.0,0.8,5.0,54.05
036570,NC,00261443,20260318001448,사업보고서 (2025.12),20260318,OK,OK,기타,128,76,0,53,1579,6,82,,,530550,B,주석 수치 일부와 환율노출 키워드 확인,6.25,6.0,8.0,8.0,3.0,8.0,10.0,2.0,2.4,5.0,58.65
181710,NHN,00983271,20260318001525,사업보고서 (2025.12),20260318,OK,OK,기타,82,110,10,308,1911,1,123,,,628860,B,주석 수치 일부와 환율노출 키워드 확인,6.25,6.0,8.0,7.0,3.0,8.0,10.0,5.0,0.4,5.0,58.65
400760,NH올원리츠,01480780,20260316001128,사업보고서 (2025.12),20260316,OK,OK,기타,0,0,0,17,1489,0,14,,,220768,B,주석 수치 일부와 환율노출 키워드 확인,6.25,6.0,8.0,8.0,3.0,8.0,10.0,5.0,0.0,5.0,59.25
005940,NH투자증권,00120182,20260313000771,사업보고서 (2025.12),20260313,OK,OK,기타,192,312,14,1254,4133,4,121,100.0,15.16,1534254,A,주석에서 환율노출 관련 수치 다수 확인,25.0,6.0,12.73,7.0,3.0,8.0,8.0,2.0,1.6,5.0,78.33
005945,NH투자증권우,,,,,NO_CORP_CODE,OK,기타,0,0,0,0,0,0,0,,,0,D,DART 고유번호 매칭 실패,6.25,6.0,11.0,8.0,5.5,8.0,8.0,5.0,0.0,0.0,57.75
338100,NH프라임리츠,01391033,20260211001059,사업보고서 (2025.11),20260211,OK,OK,기타,0,0,0,5,453,0,2,,,93646,C,보고서 텍스트 단서와 산업 프록시 중심,6.25,6.0,8.0,8.0,3.0,3.0,8.0,5.0,0.0,1.0,48.25
034310,NICE,00158316,20260323000907,사업보고서 (2025.12),20260323,OK,OK,기타,43,135,14,636,2406,6,120,,10.0,682380,A,주석에서 환율노출 관련 수치 다수 확인,6.25,6.0,13.5,7.0,3.0,8.0,10.0,5.0,2.4,5.0,66.15
030190,NICE평가정보,00158325,20260313001207,사업보고서 (2025.12),20260313,OK,OK,기타,3,16,8,20,1933,2,43,,,476057,C,보고서 텍스트 단서와 산업 프록시 중심,6.25,6.0,8.0,7.0,3.0,8.0,10.0,5.0,0.8,5.0,59.05
008260,NI스틸,00116301,20260312001308,사업보고서 (2025.12),20260312,OK,OK,기타,0,46,5,149,858,12,31,,,223718,B,주석 수치 일부와 환율노출 키워드 확인,6.25,6.0,8.0,7.0,3.0,8.0,8.0,5.0,4.8,5.0,61.05
004250,NPC,00108038,20260323001210,사업보고서 (2025.12),20260323,OK,OK,기타,34,118,6,110,1496,0,58,100.0,,399651,B,주석 수치 일부와 환율노출 키워드 확인,25.0,6.0,8.0,7.0,3.0,8.0,10.0,5.0,0.0,5.0,77.0
004255,NPC우,,,,,NO_CORP_CODE,OK,기타,0,0,0,0,0,0,0,,,0,D,DART 고유번호 매칭 실패,6.25,6.0,11.0,8.0,5.5,8.0,8.0,5.0,0.0,0.0,57.75
456040,OCI,01760738,20260313000943,사업보고서 (2025.12),20260313,OK,OK,기타,111,214,12,710,2447,0,128,84.0,,697568,B,주석 수치 일부와 환율노출 키워드 확인,21.0,6.0,8.0,7.0,3.0,8.0,10.0,5.0,0.0,5.0,73.0
010060,OCI홀딩스,00148896,20260318000617,사업보고서 (2025.12),20260318,OK,OK,기타,192,383,14,641,2817,0,128,,,846378,B,주석 수치 일부와 환율노출 키워드 확인,6.25,6.0,8.0,7.0,3.0,8.0,7.0,5.0,0.0,5.0,55.25
178920,PI첨단소재,00767460,20260312000098,사업보고서 (2025.12),20260312,OK,OK,기타,150,96,13,117,639,4,22,68.0,,241893,A,주석에서 환율노출 관련 수치 다수 확인,17.0,6.0,8.0,7.0,3.0,8.0,10.0,5.0,1.6,5.0,70.6
001340,PKC,01976418,,,,DART_LIST_013_조회된 데이타가 없습니다.,NO_REPORT,기타,0,0,0,0,0,0,0,,,0,D,보고서 원문 미확보,6.25,6.0,11.0,8.0,5.5,8.0,8.0,5.0,0.0,0.0,57.75
005490,POSCO홀딩스,00155319,20260311004517,사업보고서 (2025.12),20260311,OK,OK,기타,419,383,46,440,3449,76,130,0.78,2.225,1009861,A,주석에서 환율노출 관련 수치 다수 확인,0.2,6.0,14.67,7.0,3.0,8.0,10.0,5.0,5.0,5.0,63.86
010950,S-Oil,00138279,20260320000559,사업보고서 (2025.12),20260320,OK,OK,기타,207,258,13,778,2370,21,137,70.0,,514543,B,주석 수치 일부와 환율노출 키워드 확인,17.5,6.0,8.0,7.0,3.0,8.0,10.0,5.0,5.0,5.0,74.5
010955,S-Oil우,,,,,NO_CORP_CODE,OK,기타,0,0,0,0,0,0,0,,,0,D,DART 고유번호 매칭 실패,6.25,6.0,11.0,8.0,5.5,8.0,10.0,5.0,0.0,0.0,59.75
034120,SBS,00130772,20260319001224,사업보고서 (2025.12),20260319,OK,OK,기타,12,31,51,404,1994,5,51,,,480718,B,주석 수치 일부와 환율노출 키워드 확인,6.25,6.0,8.0,7.0,3.0,3.0,8.0,5.0,2.0,5.0,53.25
003080,SB성보,00132725,20260318001484,사업보고서 (2025.12),20260318,OK,OK,기타,21,73,23,68,1576,0,78,,,375043,B,주석 수치 일부와 환율노출 키워드 확인,6.25,6.0,8.0,7.0,3.0,8.0,10.0,5.0,0.0,5.0,58.25
005090,SGC에너지,00125150,20260312001227,사업보고서 (2025.12),20260312,OK,OK,기타,24,104,16,309,2602,30,85,,,651128,B,주석 수치 일부와 환율노출 키워드 확인,6.25,6.0,8.0,7.0,3.0,8.0,10.0,5.0,5.0,5.0,63.25
001380,SG글로벌,00152039,20260318000113,사업보고서 (2025.12),20260318,OK,OK,기타,22,71,0,25,1263,8,36,10.0,,333487,B,주석 수치 일부와 환율노출 키워드 확인,2.5,6.0,8.0,8.0,3.0,8.0,7.0,5.0,3.2,5.0,55.7
004060,SG세계물산,00133511,20260320000337,사업보고서 (2025.12),20260320,OK,OK,기타,125,97,16,220,1389,0,58,100.0,,386566,B,주석 수치 일부와 환율노출 키워드 확인,25.0,6.0,8.0,7.0,3.0,3.0,7.0,5.0,0.0,5.0,69.0
001770,SHD,00137809,20260318000401,사업보고서 (2025.12),20260318,OK,OK,기타,30,33,0,33,529,0,33,,,149911,B,주석 수치 일부와 환율노출 키워드 확인,6.25,6.0,8.0,8.0,3.0,3.0,8.0,5.0,0.0,5.0,52.25
002360,SH에너지화학,00136457,20260320000650,사업보고서 (2025.12),20260320,OK,OK,수입원가부담,47,52,0,50,931,1,42,100.0,,260657,B,주석 수치 일부와 환율노출 키워드 확인,25.0,5.25,8.0,8.0,0.0,3.0,7.0,5.0,0.4,5.0,66.65
009160,SIMPAC,00138260,20260318001274,사업보고서 (2025.12),20260318,OK,OK,기타,119,117,6,291,1713,8,50,70.0,,452302,B,주석 수치 일부와 환율노출 키워드 확인,17.5,6.0,8.0,7.0,3.0,8.0,8.0,5.0,3.2,5.0,70.7
033530,SJG세종,00134510,20260316000994,사업보고서 (2025.12),20260316,OK,OK,기타,202,184,14,259,2798,4,127,100.0,,579585,B,주석 수치 일부와 환율노출 키워드 확인,25.0,6.0,8.0,7.0,3.0,8.0,8.0,5.0,1.6,5.0,76.6
123700,SJM,00815369,20260319001071,사업보고서 (2025.12),20260319,OK,OK,기타,97,48,0,287,1403,8,62,10.0,,376102,B,주석 수치 일부와 환율노출 키워드 확인,2.5,6.0,8.0,8.0,3.0,8.0,8.0,5.0,3.2,5.0,56.7
025530,SJM홀딩스,00181943,20260319001165,[첨부추가]사업보고서 (2025.12),20260319,OK,OK,기타,79,61,0,203,1369,10,57,10.0,,417402,B,주석 수치 일부와 환율노출 키워드 확인,2.5,6.0,8.0,8.0,3.0,8.0,10.0,5.0,4.0,5.0,59.5
034730,SK,00181712,20260318001157,사업보고서 (2025.12),20260318,OK,OK,기타,1777,1181,90,941,7514,82,372,100.0,,2235625,A,주석에서 환율노출 관련 수치 다수 확인,25.0,6.0,8.0,7.0,3.0,8.0,4.0,5.0,5.0,5.0,76.0
011790,SKC,00139889,20260610000521,[기재정정]사업보고서 (2025.12),20260610,OK,OK,기타,143,217,36,235,1690,3,107,100.0,,508296,A,주석에서 환율노출 관련 수치 다수 확인,25.0,6.0,8.0,7.0,3.0,3.0,10.0,2.0,1.2,5.0,70.2
018670,SK가스,00144164,20260320000815,[기재정정]사업보고서 (2025.12),20260320,OK,OK,수입원가부담,67,193,9,494,2025,21,94,54.4,,519744,B,주석 수치 일부와 환율노출 키워드 확인,13.6,5.25,8.0,7.0,0.0,8.0,8.0,5.0,5.0,5.0,64.85
001740,SK네트웍스,00131780,20260318001112,사업보고서 (2025.12),20260318,OK,OK,기타,222,244,27,356,2586,0,115,100.0,,663459,A,주석에서 환율노출 관련 수치 다수 확인,25.0,6.0,8.0,7.0,3.0,8.0,4.0,5.0,0.0,5.0,71.0
006120,SK디스커버리,00131832,20260317000867,사업보고서 (2025.12),20260317,OK,OK,기타,230,277,35,1163,4075,33,117,100.0,,1056225,B,주석 수치 일부와 환율노출 키워드 확인,25.0,6.0,8.0,7.0,3.0,8.0,8.0,5.0,5.0,5.0,80.0
006125,SK디스커버리우,,,,,NO_CORP_CODE,OK,기타,0,0,0,0,0,0,0,,,0,D,DART 고유번호 매칭 실패,6.25,6.0,11.0,8.0,5.5,8.0,10.0,5.0,0.0,0.0,59.75
210980,SK디앤디,00508344,20260317000411,사업보고서 (2025.12),20260317,OK,OK,기타,10,47,15,1358,6699,23,44,,6.69,930031,B,주석 수치 일부와 환율노출 키워드 확인,6.25,6.0,14.0,7.0,3.0,3.0,8.0,5.0,5.0,5.0,62.25
395400,SK리츠,01535150,20260610000569,사업보고서 (2026.03),20260610,OK,OK,기타,31,18,0,50,2105,0,6,,,351093,B,주석 수치 일부와 환율노출 키워드 확인,6.25,6.0,8.0,8.0,3.0,8.0,10.0,5.0,0.0,3.0,57.25
302440,SK바이오사이언스,01319899,20260313000936,사업보고서 (2025.12),20260313,OK,OK,바이오/제약,124,173,6,626,2029,7,109,100.0,,602247,B,주석 수치 일부와 환율노출 키워드 확인,25.0,9.0,8.0,7.0,5.5,3.0,10.0,5.0,2.8,5.0,80.3
326030,SK바이오팜,00878696,20260318000773,사업보고서 (2025.12),20260318,OK,OK,바이오/제약,427,280,38,131,1934,0,116,100.0,80.6,500518,A,주석에서 환율노출 관련 수치 다수 확인,25.0,9.0,2.91,7.0,5.5,8.0,10.0,5.0,0.0,5.0,77.41
402340,SK스퀘어,01596425,20260317000830,사업보고서 (2025.12),20260317,OK,OK,기타,70,122,23,83,1883,1,91,10.0,,547648,A,주석에서 환율노출 관련 수치 다수 확인,2.5,6.0,8.0,7.0,3.0,8.0,4.0,2.0,0.4,5.0,45.9
361610,SK아이이테크놀로지,01386916,20260316001149,사업보고서 (2025.12),20260316,OK,OK,기타,127,221,36,565,1710,5,150,10.0,,485831,B,주석 수치 일부와 환율노출 키워드 확인,2.5,6.0,8.0,7.0,3.0,3.0,8.0,2.0,2.0,5.0,46.5
100090,SK오션플랜트,00480367,20260323000486,사업보고서 (2025.12),20260323,OK,OK,기타,148,254,11,651,1755,91,86,,,495757,C,보고서 텍스트 단서와 산업 프록시 중심,6.25,6.0,8.0,7.0,3.0,8.0,10.0,5.0,5.0,5.0,63.25
096770,SK이노베이션,00631518,20260316000827,사업보고서 (2025.12),20260316,OK,OK,기타,828,453,53,823,4926,38,194,100.0,10.0,1380007,A,주석에서 환율노출 관련 수치 다수 확인,25.0,6.0,13.5,7.0,3.0,8.0,8.0,5.0,5.0,5.0,85.5
096775,SK이노베이션우,,,,,NO_CORP_CODE,OK,기타,0,0,0,0,0,0,0,,,0,D,DART 고유번호 매칭 실패,6.25,6.0,11.0,8.0,5.5,8.0,8.0,5.0,0.0,0.0,57.75
475150,SK이터닉스,01817081,20260316001520,사업보고서 (2025.12),20260316,OK,OK,기타,57,104,118,908,2846,18,66,,5.0,609171,B,주석 수치 일부와 환율노출 키워드 확인,6.25,6.0,14.25,7.0,3.0,8.0,10.0,5.0,5.0,5.0,69.5
001510,SK증권,00131850,20260316000883,사업보고서 (2025.12),20260316,OK,OK,기타,18,61,0,707,1828,0,48,5.0,,730940,B,주석 수치 일부와 환율노출 키워드 확인,1.25,6.0,8.0,8.0,3.0,8.0,7.0,5.0,0.0,5.0,51.25
001515,SK증권우,,,,,NO_CORP_CODE,OK,기타,0,0,0,0,0,0,0,,,0,D,DART 고유번호 매칭 실패,6.25,6.0,11.0,8.0,5.5,8.0,10.0,5.0,0.0,0.0,59.75
285130,SK케미칼,01267170,20260319000495,[기재정정]사업보고서 (2025.12),20260319,OK,OK,기타,207,106,7,420,2172,5,50,100.0,,536299,B,주석 수치 일부와 환율노출 키워드 확인,25.0,6.0,8.0,7.0,3.0,3.0,8.0,5.0,2.0,5.0,72.0
017670,SK텔레콤,00159023,20260318000532,사업보고서 (2025.12),20260318,OK,OK,기타,37,147,12,604,2139,0,114,47.6,,699430,A,주석에서 환율노출 관련 수치 다수 확인,11.9,6.0,8.0,7.0,3.0,8.0,7.0,5.0,0.0,5.0,60.9
000660,SK하이닉스,00164779,20260317000635,사업보고서 (2025.12),20260317,OK,OK,반도체/전자부품,126,191,26,414,1894,0,142,90.0,,630555,A,주석에서 환율노출 관련 수치 다수 확인,22.5,9.0,8.0,7.0,4.0,8.0,4.0,2.0,0.0,5.0,69.5
003570,SNT다이내믹스,00134477,20260219002133,사업보고서 (2025.12),20260219,OK,OK,기타,124,93,6,8,1458,23,100,97.0,,362047,A,주석에서 환율노출 관련 수치 다수 확인,24.25,6.0,8.0,7.0,3.0,8.0,8.0,5.0,5.0,5.0,79.25
064960,SNT모티브,00398792,20260219002256,사업보고서 (2025.12),20260219,OK,OK,기타,266,149,8,11,1395,30,133,80.0,26.1,375716,A,주석에서 환율노출 관련 수치 다수 확인,20.0,6.0,11.08,7.0,3.0,8.0,8.0,5.0,5.0,5.0,78.09
100840,SNT에너지,00648721,20260220002472,[기재정정]사업보고서 (2025.12),20260220,OK,OK,기타,49,122,6,21,974,33,78,,,247255,B,주석 수치 일부와 환율노출 키워드 확인,6.25,6.0,8.0,7.0,3.0,8.0,8.0,5.0,5.0,5.0,61.25
036530,SNT홀딩스,00225159,20260402003712,[기재정정]사업보고서 (2025.12),20260402,OK,OK,기타,234,56,4,68,1391,42,55,77.0,10.0,312067,A,주석에서 환율노출 관련 수치 다수 확인,19.25,6.0,13.5,7.0,3.0,8.0,8.0,5.0,5.0,5.0,79.75
000390,SP삼화,00129387,20260318000462,사업보고서 (2025.12),20260318,OK,OK,기타,64,193,12,45,1891,8,53,81.0,,472984,B,주석 수치 일부와 환율노출 키워드 확인,20.25,6.0,8.0,7.0,3.0,8.0,8.0,5.0,3.2,5.0,73.45
011810,STX,00138297,20260323001638,사업보고서 (2025.12),20260323,OK,OK,기타,36,186,35,270,1202,16,118,10.0,,374833,B,주석 수치 일부와 환율노출 키워드 확인,2.5,6.0,8.0,7.0,3.0,3.0,5.0,5.0,5.0,5.0,49.5
465770,STX그린로지스,01784394,20260319000949,사업보고서 (2025.12),20260319,OK,OK,기타,25,141,0,98,882,410,34,99.0,,320308,B,주석 수치 일부와 환율노출 키워드 확인,24.75,6.0,8.0,8.0,3.0,3.0,8.0,5.0,5.0,5.0,75.75
077970,STX엔진,00480455,20260323000690,사업보고서 (2025.12),20260323,OK,OK,기타,52,111,0,758,1598,115,77,,39.54,416786,B,주석 수치 일부와 환율노출 키워드 확인,6.25,6.0,9.07,8.0,3.0,8.0,8.0,5.0,5.0,5.0,63.32
002820,SUN&L,00132211,20260323000705,사업보고서 (2025.12),20260323,OK,OK,기타,67,120,0,294,1549,21,57,100.0,41.1,394191,A,주석에서 환율노출 관련 수치 다수 확인,25.0,6.0,8.83,8.0,3.0,3.0,8.0,5.0,5.0,5.0,76.84
002170,SYTS,00127042,20260319000873,사업보고서 (2025.12),20260319,OK,OK,기타,129,168,22,108,1173,0,77,100.0,,315007,A,주석에서 환율노출 관련 수치 다수 확인,25.0,6.0,8.0,7.0,3.0,8.0,8.0,5.0,0.0,5.0,75.0
084870,TBH글로벌,00409672,20260323000437,사업보고서 (2025.12),20260323,OK,OK,기타,42,65,5,24,1127,0,42,10.0,,303248,A,주석에서 환율노출 관련 수치 다수 확인,2.5,6.0,8.0,7.0,3.0,3.0,10.0,5.0,0.0,5.0,49.5
002710,TCC스틸,00117300,20260318000366,사업보고서 (2025.12),20260318,OK,OK,기타,178,230,6,763,1998,1,85,1.15,1.15,489262,A,주석에서 환율노출 관련 수치 다수 확인,0.29,6.0,14.83,7.0,3.0,3.0,8.0,2.0,0.4,5.0,49.52
069260,TKG휴켐스,00426086,20260402002347,[기재정정]사업보고서 (2025.12),20260402,OK,OK,기타,22,166,21,262,1591,1,103,,10.0,282978,B,주석 수치 일부와 환율노출 키워드 확인,6.25,6.0,13.5,7.0,3.0,8.0,8.0,2.0,0.4,5.0,59.15
007980,TP,00154329,20260318001472,사업보고서 (2025.12),20260318,OK,OK,기타,118,293,43,465,1908,3,97,100.0,,491909,A,주석에서 환율노출 관련 수치 다수 확인,25.0,6.0,8.0,7.0,3.0,8.0,10.0,5.0,1.2,5.0,78.2
002900,TYM,00117230,20260318001226,사업보고서 (2025.12),20260318,OK,OK,기타,144,180,15,327,1890,6,58,30.76,5.0,437845,A,주석에서 환율노출 관련 수치 다수 확인,7.69,6.0,14.25,7.0,3.0,8.0,8.0,5.0,2.4,5.0,66.34
024070,WISCOM,00142865,20260319000477,사업보고서 (2025.12),20260319,OK,OK,기타,85,81,6,195,1039,8,82,50.0,,338811,A,주석에서 환율노출 관련 수치 다수 확인,12.5,6.0,8.0,7.0,3.0,3.0,8.0,5.0,3.2,5.0,60.7
037270,YG PLUS,00249247,20260320001330,[첨부정정]사업보고서 (2025.12),20260320,OK,OK,기타,0,0,0,0,0,0,0,,,18,D,환율노출 공시 단서 부족,6.25,6.0,11.0,8.0,5.5,8.0,8.0,5.0,0.0,0.0,57.75
139130,iM금융지주,00878915,20260515000720,[기재정정]사업보고서 (2025.12),20260515,OK,OK,기타,69,40,35,465,1558,1,47,3.3,,587208,A,주석에서 환율노출 관련 수치 다수 확인,0.82,6.0,8.0,7.0,3.0,8.0,10.0,5.0,0.4,5.0,53.23
000500,가온전선,00104768,20260316000969,사업보고서 (2025.12),20260316,OK,OK,전력기기,153,144,20,958,1890,15,138,50.0,,520617,B,주석 수치 일부와 환율노출 키워드 확인,12.5,10.5,8.0,7.0,4.5,8.0,7.0,5.0,5.0,5.0,72.5
000860,강남제비스코,00100939,20260318001400,사업보고서 (2025.12),20260318,OK,OK,기타,144,159,6,56,1795,25,94,75.0,,438457,B,주석 수치 일부와 환율노출 키워드 확인,18.75,6.0,8.0,7.0,3.0,8.0,8.0,5.0,5.0,5.0,73.75
035250,강원랜드,00255619,20260323000917,사업보고서 (2025.12),20260323,OK,OK,기타,8,34,0,80,1746,4,27,,,505599,B,주석 수치 일부와 환율노출 키워드 확인,6.25,6.0,8.0,8.0,3.0,8.0,8.0,5.0,1.6,5.0,58.85
011420,갤럭시아에스엠,00129554,20260320001005,사업보고서 (2025.12),20260320,OK,OK,기타,13,14,1,18,463,0,14,,,148038,B,주석 수치 일부와 환율노출 키워드 확인,6.25,6.0,8.0,7.0,3.0,8.0,8.0,5.0,0.0,5.0,56.25
002100,경농,00101433,20260318001176,사업보고서 (2025.12),20260318,OK,OK,기타,22,138,27,471,1967,6,83,,,449938,B,주석 수치 일부와 환율노출 키워드 확인,6.25,6.0,8.0,7.0,3.0,8.0,8.0,2.0,2.4,5.0,55.65
009450,경동나비엔,00101488,20260403000835,[첨부정정]사업보고서 (2025.12),20260403,OK,OK,기타,0,0,0,0,0,0,0,,,18,D,환율노출 공시 단서 부족,6.25,6.0,11.0,8.0,5.5,8.0,10.0,5.0,0.0,0.0,59.75
267290,경동도시가스,01208885,20260316000333,사업보고서 (2025.12),20260316,OK,OK,수입원가부담,2,7,0,31,1412,0,21,,,294051,C,보고서 텍스트 단서와 산업 프록시 중심,5.0,5.25,8.0,8.0,0.0,8.0,8.0,5.0,0.0,5.0,52.25
012320,경동인베스트,00143527,20260323001615,사업보고서 (2025.12),20260323,OK,OK,기타,17,68,10,40,1941,19,57,100.0,,369940,B,주석 수치 일부와 환율노출 키워드 확인,25.0,6.0,8.0,7.0,3.0,8.0,8.0,5.0,5.0,5.0,80.0
000050,경방,00101628,20260318000486,사업보고서 (2025.12),20260318,OK,OK,기타,51,139,24,163,1306,0,65,100.0,,365389,A,주석에서 환율노출 관련 수치 다수 확인,25.0,6.0,8.0,7.0,3.0,8.0,10.0,5.0,0.0,5.0,77.0
214390,경보제약,00101664,20260318001475,사업보고서 (2025.12),20260318,OK,OK,기타,108,110,13,50,900,2,70,63.9,,272772,B,주석 수치 일부와 환율노출 키워드 확인,15.97,6.0,8.0,7.0,3.0,8.0,8.0,5.0,0.8,5.0,66.78
012610,경인양행,00102113,20260319000395,사업보고서 (2025.12),20260319,OK,OK,기타,159,82,1,361,1746,0,96,100.0,,472158,B,주석 수치 일부와 환율노출 키워드 확인,25.0,6.0,8.0,7.0,3.0,8.0,8.0,5.0,0.0,5.0,75.0
009140,경인전자,00102140,20260312001118,사업보고서 (2025.12),20260312,OK,OK,기타,94,81,4,79,1100,2,42,100.0,,319624,B,주석 수치 일부와 환율노출 키워드 확인,25.0,6.0,8.0,7.0,3.0,8.0,10.0,5.0,0.8,5.0,77.8
013580,계룡건설,00102432,20260325001239,[기재정정]사업보고서 (2025.12),20260325,OK,OK,기타,19,25,0,140,2133,97,83,,,613067,B,주석 수치 일부와 환율노출 키워드 확인,6.25,6.0,8.0,8.0,3.0,8.0,8.0,5.0,5.0,5.0,62.25
012200,계양전기,00102618,20260319001220,[첨부정정]사업보고서 (2025.12),20260319,OK,OK,기타,0,0,0,0,0,0,0,,,18,D,환율노출 공시 단서 부족,6.25,6.0,11.0,8.0,5.5,3.0,8.0,2.0,0.0,0.0,49.75
012205,계양전기우,,,,,NO_CORP_CODE,OK,기타,0,0,0,0,0,0,0,,,0,D,DART 고유번호 매칭 실패,6.25,6.0,11.0,8.0,5.5,8.0,10.0,5.0,0.0,0.0,59.75
002140,고려산업,00102751,20260311003408,사업보고서 (2025.12),20260311,OK,OK,기타,13,107,6,147,1928,0,81,,,480913,C,보고서 텍스트 단서와 산업 프록시 중심,6.25,6.0,8.0,7.0,3.0,8.0,8.0,5.0,0.0,5.0,56.25
010130,고려아연,00102858,20260601001725,[기재정정]사업보고서 (2025.12),20260601,OK,OK,기타,263,257,42,522,1878,19,105,88.0,3.15,489962,A,주석에서 환율노출 관련 수치 다수 확인,22.0,6.0,14.53,7.0,3.0,8.0,8.0,5.0,5.0,5.0,83.53
002240,고려제강,00103006,20260319001226,사업보고서 (2025.12),20260319,OK,OK,기타,220,152,0,129,1864,15,126,4.11,,420132,B,주석 수치 일부와 환율노출 키워드 확인,1.03,6.0,8.0,8.0,3.0,8.0,8.0,5.0,5.0,5.0,57.03
009290,광동제약,00103592,20260318001573,사업보고서 (2025.12),20260318,OK,OK,기타,81,184,25,60,1984,2,92,100.0,,546479,A,주석에서 환율노출 관련 수치 다수 확인,25.0,6.0,8.0,7.0,3.0,8.0,8.0,5.0,0.8,5.0,75.8
017040,광명전기,00103662,20260407003303,사업보고서 (2025.12),20260407,OK,OK,기타,17,42,0,56,1121,12,37,100.0,,264174,A,주석에서 환율노출 관련 수치 다수 확인,25.0,6.0,8.0,8.0,3.0,3.0,7.0,5.0,4.8,5.0,74.8
017900,광전자,00152729,20260319000424,사업보고서 (2025.12),20260319,OK,OK,기타,24,96,22,60,1427,1,83,77.0,,397084,B,주석 수치 일부와 환율노출 키워드 확인,19.25,6.0,8.0,7.0,3.0,8.0,10.0,5.0,0.4,5.0,71.65
037710,광주신세계,00220561,20260316001014,사업보고서 (2025.12),20260316,OK,OK,기타,6,6,2,30,1069,0,14,11.5,,255633,B,주석 수치 일부와 환율노출 키워드 확인,2.88,6.0,8.0,7.0,3.0,8.0,10.0,5.0,0.0,5.0,54.88
030610,교보증권,00113359,20260317000550,사업보고서 (2025.12),20260317,OK,OK,기타,40,182,15,676,2854,4,63,1.0,,886981,A,주석에서 환율노출 관련 수치 다수 확인,0.25,6.0,8.0,7.0,3.0,8.0,8.0,5.0,1.6,5.0,51.85
339770,교촌에프앤비,00453284,20260323000879,사업보고서 (2025.12),20260323,OK,OK,기타,50,90,7,34,1574,0,79,94.5,,387522,A,주석에서 환율노출 관련 수치 다수 확인,23.62,6.0,8.0,7.0,3.0,8.0,10.0,5.0,0.0,5.0,75.62
007690,국도화학,00104388,20260305001586,사업보고서 (2025.12),20260305,OK,OK,수입원가부담,167,105,0,222,1543,16,64,79.0,,380865,B,주석 수치 일부와 환율노출 키워드 확인,19.75,5.25,8.0,8.0,0.0,8.0,8.0,5.0,5.0,5.0,72.0
002720,국제약품,00104722,20260318000669,사업보고서 (2025.12),20260318,OK,OK,기타,16,81,5,91,1284,0,63,10.1,,370180,B,주석 수치 일부와 환율노출 키워드 확인,2.52,6.0,8.0,7.0,3.0,8.0,8.0,5.0,0.0,5.0,52.52
083420,그린케미칼,00454946,20260317000822,사업보고서 (2025.12),20260317,OK,OK,기타,47,50,2,158,785,2,47,10.0,,215733,A,주석에서 환율노출 관련 수치 다수 확인,2.5,6.0,8.0,7.0,3.0,8.0,8.0,5.0,0.8,5.0,53.3
014530,극동유화,00105156,20260323001025,사업보고서 (2025.12),20260323,OK,OK,기타,72,200,22,51,1709,5,94,100.0,,398555,B,주석 수치 일부와 환율노출 키워드 확인,25.0,6.0,8.0,7.0,3.0,8.0,8.0,5.0,2.0,5.0,77.0
014280,금강공업,00105299,20260312000935,사업보고서 (2025.12),20260312,OK,OK,기타,112,122,4,233,2302,84,104,,,603436,C,보고서 텍스트 단서와 산업 프록시 중심,6.25,6.0,8.0,7.0,3.0,8.0,8.0,2.0,5.0,5.0,58.25
014285,금강공업우,,,,,NO_CORP_CODE,OK,기타,0,0,0,0,0,0,0,,,0,D,DART 고유번호 매칭 실패,6.25,6.0,11.0,8.0,5.5,8.0,8.0,5.0,0.0,0.0,57.75
008870,금비,00168401,20251215000379,사업보고서 (2025.09),20251215,OK,OK,기타,55,86,0,360,1384,0,46,,,385840,B,주석 수치 일부와 환율노출 키워드 확인,6.25,6.0,8.0,8.0,3.0,8.0,10.0,5.0,0.0,5.0,59.25
001570,금양,00106119,20260608000226,[기재정정]사업보고서 (2025.12),20260608,OK,OK,기타,117,156,0,18,1305,16,57,70.0,,300389,B,주석 수치 일부와 환율노출 키워드 확인,17.5,6.0,8.0,8.0,3.0,3.0,5.0,5.0,5.0,5.0,65.5
002990,금호건설,00106313,20260318001135,[기재정정]사업보고서 (2025.12),20260318,OK,OK,기타,109,61,0,175,1750,59,73,,,406479,C,보고서 텍스트 단서와 산업 프록시 중심,6.25,6.0,8.0,8.0,3.0,8.0,8.0,5.0,5.0,5.0,62.25
002995,금호건설우,,,,,NO_CORP_CODE,OK,기타,0,0,0,0,0,0,0,,,0,D,DART 고유번호 매칭 실패,6.25,6.0,11.0,8.0,5.5,8.0,8.0,5.0,0.0,0.0,57.75
011780,금호석유화학,00106368,20260318001268,사업보고서 (2025.12),20260318,OK,OK,수입원가부담,229,252,36,355,2351,14,113,9.0,10.0,574440,A,주석에서 환율노출 관련 수치 다수 확인,2.25,5.25,13.5,7.0,0.0,8.0,8.0,5.0,5.0,5.0,59.0
011785,금호석유화학우,,,,,NO_CORP_CODE,OK,수입원가부담,0,0,0,0,0,0,0,,,0,D,DART 고유번호 매칭 실패,5.0,5.25,11.0,8.0,2.0,8.0,8.0,5.0,0.0,0.0,52.25
214330,금호에이치티,00105606,20260318001668,사업보고서 (2025.12),20260318,OK,OK,기타,95,70,6,143,1638,5,162,10.0,,430031,B,주석 수치 일부와 환율노출 키워드 확인,2.5,6.0,8.0,7.0,3.0,8.0,7.0,5.0,2.0,5.0,53.5
001210,금호전기,00106395,20260318001105,사업보고서 (2025.12),20260318,OK,OK,기타,32,59,0,157,1131,2,67,,,384940,B,주석 수치 일부와 환율노출 키워드 확인,6.25,6.0,8.0,8.0,3.0,8.0,8.0,2.0,0.8,5.0,55.05
073240,금호타이어,00481454,20260317000836,사업보고서 (2025.12),20260317,OK,OK,자동차/부품,118,79,0,17,1486,0,59,15.0,,410709,B,주석 수치 일부와 환율노출 키워드 확인,3.75,8.25,8.0,8.0,4.0,8.0,8.0,2.0,0.0,5.0,55.0
092440,기신정기,00106614,20260611000504,사업보고서 (2026.03),20260611,OK,OK,기타,17,101,10,81,1401,1,76,100.0,,288015,B,주석 수치 일부와 환율노출 키워드 확인,25.0,6.0,8.0,7.0,3.0,8.0,8.0,5.0,0.4,5.0,75.4
000270,기아,00106641,20260312001224,사업보고서 (2025.12),20260312,OK,OK,자동차/부품,181,130,6,475,1906,2,88,,,491772,B,주석 수치 일부와 환율노출 키워드 확인,18.0,8.25,8.0,7.0,4.0,8.0,10.0,5.0,0.8,5.0,74.05
024110,기업은행,00149646,20260318000761,사업보고서 (2025.12),20260318,OK,OK,기타,229,79,128,1643,3303,38,177,59.5,,1860846,B,주석 수치 일부와 환율노출 키워드 확인,14.88,6.0,8.0,7.0,3.0,8.0,10.0,5.0,5.0,5.0,71.88
013700,까뮤이앤씨,00129420,20260318000955,사업보고서 (2025.12),20260318,OK,OK,기타,60,49,6,91,1812,42,31,100.0,,492872,B,주석 수치 일부와 환율노출 키워드 확인,25.0,6.0,8.0,7.0,3.0,8.0,8.0,5.0,5.0,5.0,80.0
004540,깨끗한나라,00113492,20260319000486,사업보고서 (2025.12),20260319,OK,OK,기타,46,289,28,312,1557,0,76,100.0,,411027,A,주석에서 환율노출 관련 수치 다수 확인,25.0,6.0,8.0,7.0,3.0,3.0,8.0,5.0,0.0,5.0,70.0
004545,깨끗한나라우,,,,,NO_CORP_CODE,OK,기타,0,0,0,0,0,0,0,,,0,D,DART 고유번호 매칭 실패,6.25,6.0,11.0,8.0,5.5,8.0,8.0,5.0,0.0,0.0,57.75
001260,남광토건,01965324,20260515003119,[기재정정]사업보고서 (2025.12),20260515,OK,OK,기타,288,60,0,26,817,2,35,96.7,,332000,B,주석 수치 일부와 환율노출 키워드 확인,24.18,6.0,8.0,8.0,3.0,8.0,8.0,5.0,0.8,5.0,75.97
008350,남선알미늄,00107224,20260323001569,사업보고서 (2025.12),20260323,OK,OK,기타,42,109,6,138,1993,116,112,10.38,,514930,B,주석 수치 일부와 환율노출 키워드 확인,2.6,6.0,8.0,7.0,3.0,3.0,8.0,5.0,5.0,5.0,52.59
008355,남선알미우,,,,,NO_CORP_CODE,OK,기타,0,0,0,0,0,0,0,,,0,D,DART 고유번호 매칭 실패,6.25,6.0,11.0,8.0,5.5,8.0,8.0,5.0,0.0,0.0,57.75
004270,남성,00172185,20260320001336,사업보고서 (2025.12),20260320,OK,OK,기타,201,421,18,168,1674,0,102,,,447254,B,주석 수치 일부와 환율노출 키워드 확인,6.25,6.0,8.0,7.0,3.0,8.0,2.0,5.0,0.0,5.0,50.25
003920,남양유업,00107598,20260319001235,사업보고서 (2025.12),20260319,OK,OK,기타,28,162,14,89,1321,4,63,10.0,,370405,B,주석 수치 일부와 환율노출 키워드 확인,2.5,6.0,8.0,7.0,3.0,8.0,8.0,5.0,1.6,5.0,54.1
003925,남양유업우,,,,,NO_CORP_CODE,OK,기타,0,0,0,0,0,0,0,,,0,D,DART 고유번호 매칭 실패,6.25,6.0,11.0,8.0,5.5,8.0,10.0,5.0,0.0,0.0,59.75
025860,남해화학,00107987,20260319000635,사업보고서 (2025.12),20260319,OK,OK,수입원가부담,69,119,16,130,1371,1,49,100.0,,341173,B,주석 수치 일부와 환율노출 키워드 확인,25.0,5.25,8.0,7.0,0.0,3.0,8.0,5.0,0.4,5.0,66.65
005720,넥센,00167192,20260318000932,사업보고서 (2025.12),20260318,OK,OK,기타,224,110,2,162,1926,5,59,100.0,,481608,B,주석 수치 일부와 환율노출 키워드 확인,25.0,6.0,8.0,7.0,3.0,8.0,8.0,5.0,2.0,5.0,77.0
005725,넥센우,,,,,NO_CORP_CODE,OK,기타,0,0,0,0,0,0,0,,,0,D,DART 고유번호 매칭 실패,6.25,6.0,11.0,8.0,5.5,8.0,8.0,5.0,0.0,0.0,57.75
002350,넥센타이어,00173874,20260318001435,사업보고서 (2025.12),20260318,OK,OK,자동차/부품,200,63,0,275,2480,8,208,,,558531,B,주석 수치 일부와 환율노출 키워드 확인,18.0,8.25,8.0,8.0,4.0,8.0,10.0,5.0,3.2,5.0,77.45
002355,넥센타이어1우B,,,,,NO_CORP_CODE,OK,자동차/부품,0,0,0,0,0,0,0,,,0,D,DART 고유번호 매칭 실패,18.0,8.25,11.0,8.0,6.5,8.0,10.0,5.0,0.0,0.0,74.75
092790,넥스틸,00220613,20260414002511,[기재정정]사업보고서 (2025.12),20260414,OK,OK,기타,132,170,18,101,901,2,65,1.0,,253072,B,주석 수치 일부와 환율노출 키워드 확인,0.25,6.0,8.0,7.0,3.0,8.0,10.0,5.0,0.8,5.0,53.05
251270,넷마블,00904672,20260318001170,사업보고서 (2025.12),20260318,OK,OK,기타,88,105,4,141,1681,0,83,91.97,10.0,586447,A,주석에서 환율노출 관련 수치 다수 확인,22.99,6.0,13.5,7.0,3.0,8.0,8.0,5.0,0.0,5.0,78.49
090350,노루페인트,00583442,20260312000811,사업보고서 (2025.12),20260312,OK,OK,기타,44,144,14,164,1780,14,71,93.2,,456245,B,주석 수치 일부와 환율노출 키워드 확인,23.3,6.0,8.0,7.0,3.0,8.0,8.0,5.0,5.0,5.0,78.3
090355,노루페인트우,,,,,NO_CORP_CODE,OK,기타,0,0,0,0,0,0,0,,,0,D,DART 고유번호 매칭 실패,6.25,6.0,11.0,8.0,5.5,8.0,8.0,5.0,0.0,0.0,57.75
000320,노루홀딩스,00113508,20260312001302,사업보고서 (2025.12),20260312,OK,OK,기타,103,194,20,440,1963,15,85,93.0,10.0,492895,A,주석에서 환율노출 관련 수치 다수 확인,23.25,6.0,13.5,7.0,3.0,8.0,8.0,5.0,5.0,5.0,83.75
000325,노루홀딩스우,,,,,NO_CORP_CODE,OK,기타,0,0,0,0,0,0,0,,,0,D,DART 고유번호 매칭 실패,6.25,6.0,11.0,8.0,5.5,8.0,8.0,5.0,0.0,0.0,57.75
006280,녹십자,00129679,20260318001316,사업보고서 (2025.12),20260318,OK,OK,바이오/제약,298,252,42,198,2394,2,140,,,684930,B,주석 수치 일부와 환율노출 키워드 확인,16.25,9.0,8.0,7.0,5.5,8.0,8.0,5.0,0.8,5.0,72.55
005250,녹십자홀딩스,00108135,20260318000995,사업보고서 (2025.12),20260318,OK,OK,바이오/제약,334,333,29,246,2510,22,158,,,716874,B,주석 수치 일부와 환율노출 키워드 확인,16.25,9.0,8.0,7.0,5.5,8.0,8.0,5.0,5.0,5.0,76.75
005257,녹십자홀딩스2우,,,,,NO_CORP_CODE,OK,바이오/제약,0,0,0,0,0,0,0,,,0,D,DART 고유번호 매칭 실패,16.25,9.0,11.0,8.0,8.0,8.0,8.0,5.0,0.0,0.0,73.25
004370,농심,00108241,20260311003892,사업보고서 (2025.12),20260311,OK,OK,K푸드,180,125,0,56,1727,4,96,5.0,,482800,B,주석 수치 일부와 환율노출 키워드 확인,1.25,6.75,8.0,8.0,2.5,8.0,8.0,5.0,1.6,5.0,54.1
072710,농심홀딩스,00459871,20260318001210,사업보고서 (2025.12),20260318,OK,OK,K푸드,96,149,25,181,1886,23,72,100.0,,506348,A,주석에서 환율노출 관련 수치 다수 확인,25.0,6.75,8.0,7.0,2.5,8.0,10.0,5.0,5.0,5.0,82.25
058730,다스코,00353878,20260317000393,[첨부정정]사업보고서 (2025.12),20260317,OK,OK,기타,4,18,0,50,407,7,17,,,99601,B,주석 수치 일부와 환율노출 키워드 확인,6.25,6.0,8.0,8.0,3.0,3.0,10.0,5.0,2.8,5.0,57.05
030210,다올투자증권,00156859,20260312000604,사업보고서 (2025.12),20260312,OK,OK,기타,46,52,6,433,1719,0,45,0.5,53.51,661496,A,주석에서 환율노출 관련 수치 다수 확인,0.12,6.0,6.97,7.0,3.0,8.0,8.0,5.0,0.0,5.0,49.1
023590,다우기술,00176914,20260318001606,사업보고서 (2025.12),20260318,OK,OK,기타,106,66,2,519,3445,6,82,,9.0,935699,B,주석 수치 일부와 환율노출 키워드 확인,6.25,6.0,13.65,7.0,3.0,8.0,8.0,5.0,2.4,5.0,64.3
145210,다이나믹디자인,00453488,20260323001749,사업보고서 (2025.12),20260323,OK,OK,기타,131,130,15,88,1333,1,71,70.0,,445188,A,주석에서 환율노출 관련 수치 다수 확인,17.5,6.0,8.0,7.0,3.0,8.0,7.0,2.0,0.4,5.0,63.9
483650,달바글로벌,01649204,20260407001978,[기재정정]사업보고서 (2025.12),20260407,OK,OK,기타,95,42,3,31,497,1,29,,,221789,B,주석 수치 일부와 환율노출 키워드 확인,6.25,6.0,8.0,7.0,3.0,8.0,7.0,5.0,0.4,5.0,55.65
019680,대교,00108913,20260609000080,[기재정정]사업보고서 (2025.12),20260609,OK,OK,기타,50,86,0,89,1554,0,47,97.3,,350877,B,주석 수치 일부와 환율노출 키워드 확인,24.32,6.0,8.0,8.0,3.0,3.0,8.0,5.0,0.0,5.0,70.33
019685,대교우B,,,,,NO_CORP_CODE,OK,기타,0,0,0,0,0,0,0,,,0,D,DART 고유번호 매칭 실패,6.25,6.0,11.0,8.0,5.5,8.0,8.0,5.0,0.0,0.0,57.75
006370,대구백화점,00108977,20260323000628,사업보고서 (2025.12),20260323,OK,OK,기타,0,23,0,18,1374,0,20,,,317520,C,보고서 텍스트 단서와 산업 프록시 중심,6.25,6.0,8.0,8.0,3.0,3.0,10.0,5.0,0.0,5.0,54.25
008060,대덕,00109189,20260319001087,사업보고서 (2025.12),20260319,OK,OK,기타,45,76,3,87,1848,10,80,100.0,,420033,B,주석 수치 일부와 환율노출 키워드 확인,25.0,6.0,8.0,7.0,3.0,8.0,7.0,5.0,4.0,5.0,78.0
353200,대덕전자,01478712,20260318001514,사업보고서 (2025.12),20260318,OK,OK,반도체/전자부품,46,83,6,85,1478,6,68,100.0,,374686,B,주석 수치 일부와 환율노출 키워드 확인,25.0,9.0,8.0,7.0,4.0,8.0,7.0,5.0,2.4,5.0,80.4
000490,대동,00109286,20260318001552,사업보고서 (2025.12),20260318,OK,OK,기타,213,212,39,366,2639,4,57,,,540996,B,주석 수치 일부와 환율노출 키워드 확인,6.25,6.0,8.0,7.0,3.0,8.0,8.0,5.0,1.6,5.0,57.85
008110,대동전자,00157104,20250619000257,사업보고서 (2025.03),20250619,OK,OK,기타,34,47,0,47,957,1,62,100.0,,251872,B,주석 수치 일부와 환율노출 키워드 확인,25.0,6.0,8.0,8.0,3.0,8.0,2.0,5.0,0.4,5.0,70.4
005750,대림바스,00109754,20260319001199,사업보고서 (2025.12),20260319,OK,OK,기타,25,102,6,205,2030,0,111,10.0,,463743,B,주석 수치 일부와 환율노출 키워드 확인,2.5,6.0,8.0,7.0,3.0,8.0,8.0,5.0,0.0,5.0,52.5
006570,대림통상,00109824,20260319001328,사업보고서 (2025.12),20260319,OK,OK,기타,40,132,0,138,1097,1,78,,,325576,C,보고서 텍스트 단서와 산업 프록시 중심,6.25,6.0,8.0,8.0,3.0,3.0,10.0,5.0,0.4,5.0,54.65
001680,대상,00121941,20260327000936,[기재정정]사업보고서 (2025.12),20260327,OK,OK,기타,147,73,16,73,1986,2,103,,,407512,B,주석 수치 일부와 환율노출 키워드 확인,6.25,6.0,8.0,7.0,3.0,8.0,8.0,5.0,0.8,5.0,57.05
001685,대상우,,,,,NO_CORP_CODE,OK,기타,0,0,0,0,0,0,0,,,0,D,DART 고유번호 매칭 실패,6.25,6.0,11.0,8.0,5.5,8.0,8.0,5.0,0.0,0.0,57.75
084690,대상홀딩스,00539274,20260327001423,[기재정정]사업보고서 (2025.12),20260327,OK,OK,기타,184,119,15,71,2185,13,119,100.0,,438339,B,주석 수치 일부와 환율노출 키워드 확인,25.0,6.0,8.0,7.0,3.0,8.0,8.0,5.0,5.0,5.0,80.0
084695,대상홀딩스우,,,,,NO_CORP_CODE,OK,기타,0,0,0,0,0,0,0,,,0,D,DART 고유번호 매칭 실패,6.25,6.0,11.0,8.0,5.5,8.0,10.0,5.0,0.0,0.0,59.75
128820,대성산업,00828789,20260320000501,[첨부정정]사업보고서 (2025.12),20260320,OK,OK,기타,0,0,0,0,0,0,0,,,18,D,환율노출 공시 단서 부족,6.25,6.0,11.0,8.0,5.5,8.0,8.0,5.0,0.0,0.0,57.75
117580,대성에너지,00787376,20260318001167,사업보고서 (2025.12),20260318,OK,OK,기타,8,17,0,26,778,0,42,100.0,,265926,B,주석 수치 일부와 환율노출 키워드 확인,25.0,6.0,8.0,8.0,3.0,8.0,8.0,5.0,0.0,5.0,76.0
016710,대성홀딩스,00108940,20260323001166,[첨부정정]사업보고서 (2025.12),20260323,OK,OK,기타,0,0,0,0,0,0,0,,,18,D,환율노출 공시 단서 부족,6.25,6.0,11.0,8.0,5.5,8.0,8.0,5.0,0.0,0.0,57.75
003540,대신증권,00110893,20260319000718,[기재정정]사업보고서 (2025.12),20260319,OK,OK,기타,99,191,44,616,4830,3,54,100.0,60.0,1037993,B,주석 수치 일부와 환율노출 키워드 확인,25.0,6.0,6.0,7.0,3.0,8.0,8.0,5.0,1.2,5.0,74.2
003547,대신증권2우B,,,,,NO_CORP_CODE,OK,기타,0,0,0,0,0,0,0,,,0,D,DART 고유번호 매칭 실패,6.25,6.0,11.0,8.0,5.5,8.0,8.0,5.0,0.0,0.0,57.75
003545,대신증권우,,,,,NO_CORP_CODE,OK,기타,0,0,0,0,0,0,0,,,0,D,DART 고유번호 매칭 실패,6.25,6.0,11.0,8.0,5.5,8.0,8.0,5.0,0.0,0.0,57.75
009190,대양금속,00111111,20260319001294,사업보고서 (2025.12),20260319,OK,OK,기타,51,101,6,146,1183,1,54,10.0,,372523,B,주석 수치 일부와 환율노출 키워드 확인,2.5,6.0,8.0,7.0,3.0,8.0,7.0,2.0,0.4,5.0,48.9
014160,대영포장,00111458,20260319001078,사업보고서 (2025.12),20260319,OK,OK,기타,8,12,4,27,812,1,14,,,200792,C,보고서 텍스트 단서와 산업 프록시 중심,6.25,6.0,8.0,7.0,3.0,3.0,8.0,5.0,0.4,5.0,51.65
047040,대우건설,00124540,20260318001029,사업보고서 (2025.12),20260318,OK,OK,기타,77,322,51,607,3748,139,103,60.0,3.0,884483,A,주석에서 환율노출 관련 수치 다수 확인,15.0,6.0,14.55,7.0,3.0,8.0,10.0,5.0,5.0,5.0,78.55
003090,대웅,00111810,20260318001178,사업보고서 (2025.12),20260318,OK,OK,기타,326,168,8,41,1570,0,60,4.685,,517592,B,주석 수치 일부와 환율노출 키워드 확인,1.17,6.0,8.0,7.0,3.0,8.0,8.0,5.0,0.0,5.0,51.17
069620,대웅제약,00427483,20260318001528,사업보고서 (2025.12),20260318,OK,OK,기타,435,202,8,45,1827,0,64,84.0,,593620,B,주석 수치 일부와 환율노출 키워드 확인,21.0,6.0,8.0,7.0,3.0,8.0,8.0,5.0,0.0,5.0,71.0
000430,대원강업,00111847,20260318001323,사업보고서 (2025.12),20260318,OK,OK,기타,230,226,21,71,2209,4,57,16.9,,452943,A,주석에서 환율노출 관련 수치 다수 확인,4.22,6.0,8.0,7.0,3.0,8.0,7.0,5.0,1.6,5.0,54.83
006340,대원전선,00260392,20260331003244,[기재정정]사업보고서 (2025.12),20260331,OK,OK,전력기기,179,190,42,485,1888,2,94,,2.4,390414,B,주석 수치 일부와 환율노출 키워드 확인,20.5,10.5,14.64,7.0,4.5,8.0,10.0,2.0,0.8,5.0,82.94
006345,대원전선우,,,,,NO_CORP_CODE,OK,전력기기,0,0,0,0,0,0,0,,,0,D,DART 고유번호 매칭 실패,20.5,10.5,11.0,8.0,7.0,8.0,10.0,5.0,0.0,0.0,80.0
003220,대원제약,00111999,20260318001398,사업보고서 (2025.12),20260318,OK,OK,기타,79,63,6,32,1750,4,84,96.6,,446813,B,주석 수치 일부와 환율노출 키워드 확인,24.15,6.0,8.0,7.0,3.0,8.0,10.0,5.0,1.6,5.0,77.75
024890,대원화성,00112022,20260318000817,사업보고서 (2025.12),20260318,OK,OK,기타,34,81,0,71,1262,2,39,80.0,,350226,B,주석 수치 일부와 환율노출 키워드 확인,20.0,6.0,8.0,8.0,3.0,8.0,7.0,5.0,0.8,5.0,70.8
012800,대창,00112651,20260318001018,[첨부정정]사업보고서 (2025.12),20260318,OK,OK,기타,0,0,0,0,0,0,0,,,18,D,환율노출 공시 단서 부족,6.25,6.0,11.0,8.0,5.5,8.0,8.0,5.0,0.0,0.0,57.75
015230,대창단조,00112679,20260319000402,사업보고서 (2025.12),20260319,OK,OK,기타,100,98,12,37,1388,5,66,100.0,,387224,A,주석에서 환율노출 관련 수치 다수 확인,25.0,6.0,8.0,7.0,3.0,8.0,10.0,5.0,2.0,5.0,79.0
001070,대한방직,00112970,20260319001239,사업보고서 (2025.12),20260319,OK,OK,기타,50,174,10,123,1141,0,48,64.13,,357861,A,주석에서 환율노출 관련 수치 다수 확인,16.03,6.0,8.0,7.0,3.0,8.0,10.0,5.0,0.0,5.0,68.03
006650,대한유화,00260383,20260305001191,사업보고서 (2025.12),20260305,OK,OK,기타,63,106,4,114,1497,2,93,15.0,22.8,375790,A,주석에서 환율노출 관련 수치 다수 확인,3.75,6.0,11.58,7.0,3.0,8.0,8.0,5.0,0.8,5.0,58.13
001440,대한전선,00113207,20260318001418,사업보고서 (2025.12),20260318,OK,OK,전력기기,52,149,1,644,2376,60,127,29.2,,563166,B,주석 수치 일부와 환율노출 키워드 확인,7.3,10.5,8.0,7.0,4.5,8.0,10.0,5.0,5.0,5.0,70.3
084010,대한제강,00113225,20260318000780,사업보고서 (2025.12),20260318,OK,OK,기타,50,331,38,305,1963,12,224,10.0,,516839,B,주석 수치 일부와 환율노출 키워드 확인,2.5,6.0,8.0,7.0,3.0,8.0,8.0,5.0,4.8,5.0,57.3
001790,대한제당,00113234,20260319000542,사업보고서 (2025.12),20260319,OK,OK,기타,97,334,49,218,1771,3,114,3.8,4.65,424659,A,주석에서 환율노출 관련 수치 다수 확인,0.95,6.0,14.3,7.0,3.0,8.0,8.0,5.0,1.2,5.0,58.45
001795,대한제당우,,,,,NO_CORP_CODE,OK,기타,0,0,0,0,0,0,0,,,0,D,DART 고유번호 매칭 실패,6.25,6.0,11.0,8.0,5.5,8.0,8.0,5.0,0.0,0.0,57.75
001130,대한제분,00113243,20260319001278,사업보고서 (2025.12),20260319,OK,OK,기타,80,125,14,190,1730,4,81,100.0,,438410,B,주석 수치 일부와 환율노출 키워드 확인,25.0,6.0,8.0,7.0,3.0,8.0,8.0,5.0,1.6,5.0,76.6
439260,대한조선,00182696,20260323000620,사업보고서 (2025.12),20260323,OK,OK,조선,274,202,4,640,1600,266,95,,3.0,454057,B,주석 수치 일부와 환율노출 키워드 확인,22.5,11.25,14.55,7.0,4.0,8.0,8.0,5.0,5.0,5.0,90.3
003490,대한항공,00113526,20260318001125,사업보고서 (2025.12),20260318,OK,OK,수입원가부담,608,207,17,502,2515,26,151,,50.0,647284,B,주석 수치 일부와 환율노출 키워드 확인,5.0,5.25,7.5,7.0,0.0,8.0,7.0,5.0,5.0,5.0,54.75
003495,대한항공우,,,,,NO_CORP_CODE,OK,수입원가부담,0,0,0,0,0,0,0,,,0,D,DART 고유번호 매칭 실패,5.0,5.25,11.0,8.0,2.0,8.0,8.0,5.0,0.0,0.0,52.25
005880,대한해운,00113535,20260320001138,사업보고서 (2025.12),20260320,OK,OK,기타,81,357,11,236,2649,638,70,100.0,,555551,A,주석에서 환율노출 관련 수치 다수 확인,25.0,6.0,8.0,7.0,3.0,8.0,8.0,5.0,5.0,5.0,80.0
003830,대한화섬,00113544,20260318001465,사업보고서 (2025.12),20260318,OK,OK,기타,29,112,13,12,790,2,77,,,222278,B,주석 수치 일부와 환율노출 키워드 확인,6.25,6.0,8.0,7.0,3.0,3.0,10.0,5.0,0.8,5.0,54.05
016090,대현,00113614,20260319001075,사업보고서 (2025.12),20260319,OK,OK,기타,12,24,4,37,738,0,23,99.6,,213469,B,주석 수치 일부와 환율노출 키워드 확인,24.9,6.0,8.0,7.0,3.0,8.0,8.0,5.0,0.0,5.0,74.9
069460,대호에이엘,00428729,20260324000005,사업보고서 (2025.12),20260324,OK,OK,기타,61,157,11,128,1099,7,47,,,359789,B,주석 수치 일부와 환율노출 키워드 확인,6.25,6.0,8.0,7.0,3.0,8.0,2.0,5.0,2.8,5.0,53.05
475560,더본코리아,00968607,20260323000930,사업보고서 (2025.12),20260323,OK,OK,기타,69,62,8,56,1345,0,76,,,382599,B,주석 수치 일부와 환율노출 키워드 확인,6.25,6.0,8.0,7.0,3.0,3.0,8.0,5.0,0.0,5.0,51.25
192080,더블유게임즈,01010110,20260318001244,사업보고서 (2025.12),20260318,OK,OK,기타,72,109,6,158,1309,0,75,60.0,,411226,B,주석 수치 일부와 환율노출 키워드 확인,15.0,6.0,8.0,7.0,3.0,8.0,2.0,5.0,0.0,5.0,59.0
012510,더존비즈온,00172291,20260318001198,사업보고서 (2025.12),20260318,OK,OK,기타,7,61,0,70,2198,3,52,100.0,,471538,B,주석 수치 일부와 환율노출 키워드 확인,25.0,6.0,8.0,8.0,3.0,8.0,8.0,5.0,1.2,5.0,77.2
004830,덕성,00114093,20260318000948,사업보고서 (2025.12),20260318,OK,OK,기타,70,53,8,244,1152,1,40,100.0,,347100,B,주석 수치 일부와 환율노출 키워드 확인,25.0,6.0,8.0,7.0,3.0,8.0,8.0,5.0,0.4,5.0,75.4
004835,덕성우,,,,,NO_CORP_CODE,OK,기타,0,0,0,0,0,0,0,,,0,D,DART 고유번호 매칭 실패,6.25,6.0,11.0,8.0,5.5,8.0,8.0,5.0,0.0,0.0,57.75
145720,덴티움,00526599,20260401003696,[기재정정]사업보고서 (2025.12),20260401,OK,OK,기타,203,115,30,58,983,2,105,80.0,,318431,B,주석 수치 일부와 환율노출 키워드 확인,20.0,6.0,8.0,7.0,3.0,8.0,8.0,5.0,0.8,5.0,70.8
002150,도화엔지니어링,00114552,20260316001627,사업보고서 (2025.12),20260316,OK,OK,기타,19,347,28,101,1805,122,115,,,512046,C,보고서 텍스트 단서와 산업 프록시 중심,6.25,6.0,8.0,7.0,3.0,3.0,8.0,5.0,5.0,5.0,56.25
460850,동국씨엠,01765256,20260317000766,[기재정정]사업보고서 (2025.12),20260317,OK,OK,기타,139,140,4,176,1752,14,93,68.6,,355124,B,주석 수치 일부와 환율노출 키워드 확인,17.15,6.0,8.0,7.0,3.0,8.0,8.0,5.0,5.0,5.0,72.15
460860,동국제강,01765265,20260313000519,사업보고서 (2025.12),20260313,OK,OK,기타,47,85,14,425,1428,24,45,12.0,,277302,B,주석 수치 일부와 환율노출 키워드 확인,3.0,6.0,8.0,7.0,3.0,8.0,8.0,5.0,5.0,5.0,58.0
001230,동국홀딩스,00114792,20260318000823,사업보고서 (2025.12),20260318,OK,OK,기타,103,161,2,182,2586,49,98,,,495283,C,보고서 텍스트 단서와 산업 프록시 중심,6.25,6.0,8.0,7.0,3.0,8.0,10.0,5.0,5.0,5.0,63.25
023450,동남합성,00115065,20260318000382,사업보고서 (2025.12),20260318,OK,OK,기타,25,27,0,6,573,3,23,,,172336,B,주석 수치 일부와 환율노출 키워드 확인,6.25,6.0,8.0,8.0,3.0,8.0,7.0,5.0,1.2,5.0,57.45
004140,동방,00115287,20260319001296,사업보고서 (2025.12),20260319,OK,OK,기타,42,154,13,442,2411,93,133,25.9,,475088,A,주석에서 환율노출 관련 수치 다수 확인,6.47,6.0,8.0,7.0,3.0,8.0,8.0,5.0,5.0,5.0,61.48
007590,동방아그로,00115384,20260312000569,사업보고서 (2025.12),20260312,OK,OK,기타,9,129,49,129,1485,1,101,10.0,,333661,B,주석 수치 일부와 환율노출 키워드 확인,2.5,6.0,8.0,7.0,3.0,8.0,8.0,5.0,0.4,5.0,52.9
005960,동부건설,00115612,20260316001362,사업보고서 (2025.12),20260316,OK,OK,기타,9,90,24,251,3841,143,60,10.0,,705738,A,주석에서 환율노출 관련 수치 다수 확인,2.5,6.0,8.0,7.0,3.0,8.0,8.0,2.0,5.0,5.0,54.5
005965,동부건설우,,,,,NO_CORP_CODE,OK,기타,0,0,0,0,0,0,0,,,0,D,DART 고유번호 매칭 실패,6.25,6.0,11.0,8.0,5.5,8.0,8.0,5.0,0.0,0.0,57.75
026960,동서,00144395,20260312000207,사업보고서 (2025.12),20260312,OK,OK,기타,112,174,16,280,1741,0,85,5.55,,356963,B,주석 수치 일부와 환율노출 키워드 확인,1.39,6.0,8.0,7.0,3.0,8.0,10.0,5.0,0.0,5.0,53.39
002210,동성제약,00116268,20260506000554,[기재정정]사업보고서 (2025.12),20260506,OK,OK,기타,15,8,0,97,434,0,7,90.0,,139013,B,주석 수치 일부와 환율노출 키워드 확인,22.5,6.0,8.0,8.0,3.0,8.0,5.0,2.0,0.0,3.5,66.0
102260,동성케미컬,00679314,20260318001381,사업보고서 (2025.12),20260318,OK,OK,기타,50,160,10,240,2453,12,66,100.0,,559401,B,주석 수치 일부와 환율노출 키워드 확인,25.0,6.0,8.0,7.0,3.0,8.0,8.0,5.0,4.8,5.0,79.8
000640,동아쏘시오홀딩스,00116824,20260318001307,사업보고서 (2025.12),20260318,OK,OK,기타,62,76,6,75,1931,4,125,,,436368,B,주석 수치 일부와 환율노출 키워드 확인,6.25,6.0,8.0,7.0,3.0,8.0,8.0,5.0,1.6,5.0,57.85
170900,동아에스티,00956930,20260318001313,사업보고서 (2025.12),20260318,OK,OK,기타,209,64,25,155,2260,0,171,12.8,,550983,B,주석 수치 일부와 환율노출 키워드 확인,3.2,6.0,8.0,7.0,3.0,8.0,8.0,5.0,0.0,5.0,53.2
028100,동아지질,00178754,20260318001545,사업보고서 (2025.12),20260318,OK,OK,기타,7,62,6,98,1896,137,64,36.0,,468058,B,주석 수치 일부와 환율노출 키워드 확인,9.0,6.0,8.0,7.0,3.0,8.0,10.0,5.0,5.0,5.0,66.0
001520,동양,00117337,20260318001406,사업보고서 (2025.12),20260318,OK,OK,기타,80,134,6,61,2536,55,43,16.0,4.05,491760,A,주석에서 환율노출 관련 수치 다수 확인,4.0,6.0,14.39,7.0,3.0,3.0,8.0,2.0,5.0,5.0,57.39
001527,동양2우B,,,,,NO_CORP_CODE,OK,기타,0,0,0,0,0,0,0,,,0,D,DART 고유번호 매칭 실패,6.25,6.0,11.0,8.0,5.5,8.0,10.0,5.0,0.0,0.0,59.75
084670,동양고속,00540641,20260323001365,사업보고서 (2025.12),20260323,OK,OK,기타,2,0,0,44,1271,5,22,,,317601,C,보고서 텍스트 단서와 산업 프록시 중심,6.25,6.0,8.0,8.0,3.0,8.0,8.0,5.0,2.0,5.0,59.25
082640,동양생명,00117267,20260331004234,[기재정정]사업보고서 (2025.12),20260331,OK,OK,기타,17,198,6,1332,1666,1,63,,,628729,B,주석 수치 일부와 환율노출 키워드 확인,6.25,6.0,8.0,7.0,3.0,8.0,10.0,5.0,0.4,5.0,58.65
001525,동양우,,,,,NO_CORP_CODE,OK,기타,0,0,0,0,0,0,0,,,0,D,DART 고유번호 매칭 실패,6.25,6.0,11.0,8.0,5.5,8.0,7.0,5.0,0.0,0.0,56.75
018500,동원금속,00118008,20250618000195,사업보고서 (2025.03),20250618,OK,OK,기타,86,53,12,65,1524,4,41,,,360542,B,주석 수치 일부와 환율노출 키워드 확인,6.25,6.0,8.0,7.0,3.0,8.0,8.0,5.0,1.6,5.0,57.85
006040,동원산업,00118026,20260318001195,사업보고서 (2025.12),20260318,OK,OK,기타,218,249,10,210,4091,86,202,46.0,,751966,A,주석에서 환율노출 관련 수치 다수 확인,11.5,6.0,8.0,7.0,3.0,8.0,8.0,5.0,5.0,5.0,66.5
030720,동원수산,00118044,20260312000830,사업보고서 (2025.12),20260312,OK,OK,기타,107,211,0,75,1276,62,37,,70.0,297527,B,주석 수치 일부와 환율노출 키워드 확인,6.25,6.0,4.5,8.0,3.0,8.0,10.0,5.0,5.0,5.0,60.75
014820,동원시스템즈,00132637,20260514000698,[기재정정]사업보고서 (2025.12),20260514,OK,OK,기타,98,95,6,123,1677,3,118,,,361540,B,주석 수치 일부와 환율노출 키워드 확인,6.25,6.0,8.0,7.0,3.0,8.0,8.0,5.0,1.2,5.0,57.45
014825,동원시스템즈우,,,,,NO_CORP_CODE,OK,기타,0,0,0,0,0,0,0,,,0,D,DART 고유번호 매칭 실패,6.25,6.0,11.0,8.0,5.5,8.0,8.0,5.0,0.0,0.0,57.75
111380,동인기연,00367710,20260319001347,사업보고서 (2025.12),20260319,OK,OK,기타,134,126,22,4,1620,1,37,99.16,95.9,352504,A,주석에서 환율노출 관련 수치 다수 확인,24.79,6.0,0.61,7.0,3.0,8.0,10.0,5.0,0.4,5.0,69.81
163560,동일고무벨트,00939687,20260318001036,사업보고서 (2025.12),20260318,OK,OK,기타,76,253,28,26,1575,17,59,,2.9,372739,A,주석에서 환율노출 관련 수치 다수 확인,6.25,6.0,14.56,7.0,3.0,8.0,8.0,5.0,5.0,5.0,67.81
004890,동일산업,00172936,20260326000328,[기재정정]사업보고서 (2025.12),20260326,OK,OK,기타,52,85,6,27,1254,3,96,,,239292,B,주석 수치 일부와 환율노출 키워드 확인,6.25,6.0,8.0,7.0,3.0,8.0,10.0,5.0,1.2,5.0,59.45
002690,동일제강,00118451,20260323000811,사업보고서 (2025.12),20260323,OK,OK,기타,28,58,3,7,795,8,23,5.0,,174940,A,주석에서 환율노출 관련 수치 다수 확인,1.25,6.0,8.0,7.0,3.0,8.0,8.0,5.0,3.2,5.0,54.45
000020,동화약품,00119195,20260318001027,사업보고서 (2025.12),20260318,OK,OK,기타,38,116,20,339,1732,0,106,5.0,,433544,B,주석 수치 일부와 환율노출 키워드 확인,1.25,6.0,8.0,7.0,3.0,8.0,8.0,5.0,0.0,5.0,51.25
000150,두산,00677486,20260323000819,사업보고서 (2025.12),20260323,OK,OK,기타,84,84,0,170,1401,39,72,,,378559,B,주석 수치 일부와 환율노출 키워드 확인,6.25,6.0,8.0,8.0,3.0,8.0,10.0,5.0,5.0,5.0,64.25
000157,두산2우B,,,,,NO_CORP_CODE,OK,기타,0,0,0,0,0,0,0,,,0,D,DART 고유번호 매칭 실패,6.25,6.0,11.0,8.0,5.5,8.0,10.0,5.0,0.0,0.0,59.75
454910,두산로보틱스,01105153,20260318001562,사업보고서 (2025.12),20260318,OK,OK,기타,75,97,14,73,1207,19,48,100.0,,347968,A,주석에서 환율노출 관련 수치 다수 확인,25.0,6.0,8.0,7.0,3.0,3.0,10.0,5.0,5.0,5.0,77.0
241560,두산밥캣,01032486,20260319001265,사업보고서 (2025.12),20260319,OK,OK,기타,203,775,7,498,1686,4,64,10.0,74.19,491986,A,주석에서 환율노출 관련 수치 다수 확인,2.5,6.0,3.87,7.0,3.0,8.0,10.0,5.0,1.6,5.0,51.97
034020,두산에너빌리티,00159616,20260320001246,사업보고서 (2025.12),20260320,OK,OK,기타,274,253,45,583,2529,60,103,10.0,,773175,A,주석에서 환율노출 관련 수치 다수 확인,2.5,6.0,8.0,7.0,3.0,8.0,8.0,5.0,5.0,5.0,57.5
000155,두산우,,,,,NO_CORP_CODE,OK,기타,0,0,0,0,0,0,0,,,0,D,DART 고유번호 매칭 실패,6.25,6.0,11.0,8.0,5.5,8.0,10.0,5.0,0.0,0.0,59.75
336260,두산퓨얼셀,01412725,20260318001264,사업보고서 (2025.12),20260318,OK,OK,기타,51,145,16,744,1950,3,73,100.0,62.86,535025,B,주석 수치 일부와 환율노출 키워드 확인,25.0,6.0,5.57,7.0,3.0,3.0,7.0,5.0,1.2,5.0,67.77
016740,두올,00119672,20260318001456,사업보고서 (2025.12),20260318,OK,OK,기타,126,102,8,61,1601,6,149,58.0,,426705,B,주석 수치 일부와 환율노출 키워드 확인,14.5,6.0,8.0,7.0,3.0,8.0,8.0,5.0,2.4,5.0,66.9
192650,드림텍,00415646,20260318001215,사업보고서 (2025.12),20260318,OK,OK,기타,153,227,26,163,1624,6,68,,,476045,B,주석 수치 일부와 환율노출 키워드 확인,6.25,6.0,8.0,7.0,3.0,8.0,8.0,5.0,2.4,5.0,58.65
024090,디씨엠,00177199,20260311003833,사업보고서 (2025.12),20260311,OK,OK,기타,29,62,0,63,732,8,29,10.0,,185510,B,주석 수치 일부와 환율노출 키워드 확인,2.5,6.0,8.0,8.0,3.0,8.0,10.0,5.0,3.2,5.0,58.7
003160,디아이,00118275,20260605000334,[기재정정]사업보고서 (2025.12),20260605,OK,OK,기타,41,69,8,102,1062,14,69,,90.54,269294,B,주석 수치 일부와 환율노출 키워드 확인,6.25,6.0,1.42,7.0,3.0,8.0,10.0,5.0,5.0,5.0,56.67
092200,디아이씨,00112165,20260320001046,사업보고서 (2025.12),20260320,OK,OK,기타,103,93,0,280,1591,1,81,10.0,,407076,B,주석 수치 일부와 환율노출 키워드 확인,2.5,6.0,8.0,8.0,3.0,8.0,7.0,5.0,0.4,5.0,52.9
377190,디앤디플랫폼리츠,01475609,20260602000529,사업보고서 (2026.03),20260602,OK,OK,기타,2,0,0,41,1333,0,0,,,191266,C,보고서 텍스트 단서와 산업 프록시 중심,6.25,6.0,8.0,8.0,3.0,8.0,10.0,5.0,0.0,0.0,54.25
013570,디와이,00117179,20260318001042,사업보고서 (2025.12),20260318,OK,OK,기타,116,112,18,214,1642,1,172,100.0,,385612,B,주석 수치 일부와 환율노출 키워드 확인,25.0,6.0,8.0,7.0,3.0,8.0,8.0,5.0,0.4,5.0,75.4
024900,디와이덕양,00114154,20260317000660,사업보고서 (2025.12),20260317,OK,OK,기타,57,98,9,15,1489,4,57,20.0,,299141,A,주석에서 환율노출 관련 수치 다수 확인,5.0,6.0,8.0,7.0,3.0,8.0,10.0,2.0,1.6,5.0,55.6
002880,디와이에이,00149804,20260317000864,사업보고서 (2025.12),20260317,OK,OK,기타,50,4,0,218,2087,1,7,1.3,,421660,B,주석 수치 일부와 환율노출 키워드 확인,0.33,6.0,8.0,8.0,3.0,8.0,8.0,5.0,0.4,3.5,50.23
210540,디와이파워,01059605,20260316001465,사업보고서 (2025.12),20260316,OK,OK,기타,73,73,13,406,1290,1,114,,10.0,353770,B,주석 수치 일부와 환율노출 키워드 확인,6.25,6.0,13.5,7.0,3.0,8.0,8.0,5.0,0.4,5.0,62.15
032350,롯데관광개발,00231372,20260319000832,사업보고서 (2025.12),20260319,OK,OK,기타,14,179,20,196,1614,2,149,10.0,,450664,A,주석에서 환율노출 관련 수치 다수 확인,2.5,6.0,8.0,7.0,3.0,8.0,10.0,5.0,0.8,5.0,55.3
089860,롯데렌탈,00545716,20260316000884,사업보고서 (2025.12),20260316,OK,OK,기타,87,251,40,515,1812,1,67,3.27,5.8,621640,A,주석에서 환율노출 관련 수치 다수 확인,0.82,6.0,14.13,7.0,3.0,8.0,10.0,2.0,0.4,5.0,56.35
330590,롯데리츠,01363818,20260310002810,사업보고서 (2025.12),20260310,OK,OK,기타,2,0,0,41,788,0,2,100.0,,165048,B,주석 수치 일부와 환율노출 키워드 확인,25.0,6.0,8.0,8.0,3.0,8.0,10.0,5.0,0.0,1.0,74.0
000400,롯데손해보험,00113562,20260331004266,[기재정정]사업보고서 (2025.12),20260331,OK,OK,기타,0,29,0,421,939,3,56,,,320169,C,보고서 텍스트 단서와 산업 프록시 중심,6.25,6.0,8.0,8.0,3.0,3.0,8.0,5.0,1.2,5.0,53.45
023530,롯데쇼핑,00120526,20260312001405,사업보고서 (2025.12),20260312,OK,OK,기타,58,251,46,934,3429,0,194,5.6,,878081,B,주석 수치 일부와 환율노출 키워드 확인,1.4,6.0,8.0,7.0,3.0,8.0,2.0,5.0,0.0,5.0,45.4
020150,롯데에너지머티리얼즈,00113997,20260310002974,사업보고서 (2025.12),20260310,OK,OK,기타,113,103,4,140,1833,34,147,10.0,,479463,B,주석 수치 일부와 환율노출 키워드 확인,2.5,6.0,8.0,7.0,3.0,3.0,10.0,5.0,5.0,5.0,54.5
280360,롯데웰푸드,01258507,20260312000907,사업보고서 (2025.12),20260312,OK,OK,기타,71,270,18,443,2570,3,141,100.0,,624037,B,주석 수치 일부와 환율노출 키워드 확인,25.0,6.0,8.0,7.0,3.0,8.0,8.0,5.0,1.2,5.0,76.2
286940,롯데이노베이트,01262032,20260313000002,사업보고서 (2025.12),20260313,OK,OK,기타,46,122,4,213,2405,22,59,6.95,,594244,B,주석 수치 일부와 환율노출 키워드 확인,1.74,6.0,8.0,7.0,3.0,8.0,8.0,5.0,5.0,5.0,56.74
004000,롯데정밀화학,00157681,20260311004005,사업보고서 (2025.12),20260311,OK,OK,수입원가부담,102,106,14,93,1760,32,70,10.0,,430616,B,주석 수치 일부와 환율노출 키워드 확인,2.5,5.25,8.0,7.0,0.0,8.0,8.0,5.0,5.0,5.0,53.75
004990,롯데지주,00120562,20260316001619,사업보고서 (2025.12),20260316,OK,OK,기타,302,381,72,854,3657,14,230,36.3,10.0,1106917,A,주석에서 환율노출 관련 수치 다수 확인,9.07,6.0,13.5,7.0,3.0,8.0,10.0,5.0,5.0,5.0,71.58
005300,롯데칠성,00120571,20260311004566,사업보고서 (2025.12),20260311,OK,OK,기타,64,133,0,340,2313,0,106,5.0,,606844,B,주석 수치 일부와 환율노출 키워드 확인,1.25,6.0,8.0,8.0,3.0,8.0,8.0,5.0,0.0,5.0,52.25
005305,롯데칠성우,,,,,NO_CORP_CODE,OK,기타,0,0,0,0,0,0,0,,,0,D,DART 고유번호 매칭 실패,6.25,6.0,11.0,8.0,5.5,8.0,8.0,5.0,0.0,0.0,57.75
011170,롯데케미칼,00165413,20260312001296,사업보고서 (2025.12),20260312,OK,OK,기타,316,311,74,1082,3231,11,189,36.3,4.86,900316,A,주석에서 환율노출 관련 수치 다수 확인,9.07,6.0,14.27,7.0,3.0,8.0,8.0,5.0,4.4,5.0,69.75
071840,롯데하이마트,00158307,20260311004061,사업보고서 (2025.12),20260311,OK,OK,기타,7,37,0,97,871,0,21,100.0,,292956,B,주석 수치 일부와 환율노출 키워드 확인,25.0,6.0,8.0,8.0,3.0,3.0,8.0,5.0,0.0,5.0,71.0
027740,마니커,00204208,20260313001223,사업보고서 (2025.12),20260313,OK,OK,기타,4,0,0,77,1080,0,22,,,375371,C,보고서 텍스트 단서와 산업 프록시 중심,6.25,6.0,8.0,8.0,3.0,3.0,7.0,5.0,0.0,5.0,51.25
357430,마스턴프리미어리츠,01442966,20251218000386,사업보고서 (2025.09),20251218,OK,OK,기타,31,25,0,200,911,0,33,8.9,,179570,B,주석 수치 일부와 환율노출 키워드 확인,2.23,6.0,8.0,8.0,3.0,8.0,8.0,5.0,0.0,5.0,53.23
001080,만호제강,00120872,20250930000631,[기재정정]사업보고서 (2024.06),20250930,OK,OK,기타,29,21,0,6,631,0,22,95.0,,181162,B,주석 수치 일부와 환율노출 키워드 확인,23.75,6.0,8.0,8.0,3.0,3.0,8.0,5.0,0.0,5.0,69.75
088980,맥쿼리인프라,00435297,,,,DART_LIST_013_조회된 데이타가 없습니다.,NO_REPORT,기타,0,0,0,0,0,0,0,,,0,D,보고서 원문 미확보,6.25,6.0,11.0,8.0,5.5,8.0,10.0,5.0,0.0,0.0,59.75
094800,맵스리얼티,00600013,,,,DART_LIST_013_조회된 데이타가 없습니다.,NO_REPORT,기타,0,0,0,0,0,0,0,,,0,D,보고서 원문 미확보,6.25,6.0,11.0,8.0,5.5,8.0,8.0,5.0,0.0,0.0,57.75
138040,메리츠금융지주,00860332,20260406004144,[첨부정정]사업보고서 (2025.12),20260406,OK,OK,기타,54,21,1,220,918,3,16,,,253856,B,주석 수치 일부와 환율노출 키워드 확인,6.25,6.0,8.0,7.0,3.0,8.0,10.0,5.0,1.2,5.0,59.45
090370,메타랩스,00442835,20260319000871,사업보고서 (2025.12),20260319,OK,OK,기타,16,52,0,316,1445,0,52,,,457984,B,주석 수치 일부와 환율노출 키워드 확인,6.25,6.0,8.0,8.0,3.0,8.0,8.0,2.0,0.0,5.0,54.25
118000,메타케어,00791209,20260317000732,사업보고서 (2025.12),20260317,OK,OK,기타,22,49,0,299,1491,0,18,45.1,46.38,399001,B,주석 수치 일부와 환율노출 키워드 확인,11.28,6.0,8.04,8.0,3.0,8.0,4.0,2.0,0.0,5.0,55.32
017180,명문제약,00121039,20260330000375,[기재정정]사업보고서 (2025.12),20260330,OK,OK,기타,29,93,8,1,834,0,34,97.1,,214515,A,주석에서 환율노출 관련 수치 다수 확인,24.27,6.0,10.0,7.0,3.0,8.0,8.0,5.0,0.0,5.0,76.28
009900,명신산업,00173078,20260323000909,사업보고서 (2025.12),20260323,OK,OK,기타,159,156,8,261,1718,6,69,,,412749,B,주석 수치 일부와 환율노출 키워드 확인,6.25,6.0,8.0,7.0,3.0,8.0,8.0,5.0,2.4,5.0,58.65
317450,명인제약,00179489,20260325001031,[기재정정]사업보고서 (2025.12),20260325,OK,OK,기타,35,110,43,45,1667,0,61,87.17,,394868,B,주석 수치 일부와 환율노출 키워드 확인,21.79,6.0,8.0,7.0,3.0,8.0,8.0,5.0,0.0,5.0,71.79
012690,모나리자,00173102,20260515002512,[기재정정]사업보고서 (2025.12),20260515,OK,OK,기타,6,23,0,37,279,0,7,10.0,,95523,B,주석 수치 일부와 환율노출 키워드 확인,2.5,6.0,8.0,8.0,3.0,8.0,8.0,5.0,0.0,3.5,52.0
005360,모나미,00121288,20260323001298,사업보고서 (2025.12),20260323,OK,OK,기타,63,135,8,321,1498,0,71,,,397466,B,주석 수치 일부와 환율노출 키워드 확인,6.25,6.0,8.0,7.0,3.0,3.0,8.0,5.0,0.0,5.0,51.25
070960,모나용평,00365989,20260323001076,사업보고서 (2025.12),20260323,OK,OK,기타,8,108,8,408,1871,24,114,4.6,4.6,444520,A,주석에서 환율노출 관련 수치 다수 확인,1.15,6.0,14.31,7.0,3.0,8.0,10.0,5.0,5.0,5.0,64.46
009680,모토닉,00151128,20260318000984,사업보고서 (2025.12),20260318,OK,OK,기타,33,81,6,91,1409,0,90,,,362621,B,주석 수치 일부와 환율노출 키워드 확인,6.25,6.0,8.0,7.0,3.0,8.0,10.0,5.0,0.0,5.0,58.25
009580,무림P&P,00119007,20260313001288,사업보고서 (2025.12),20260313,OK,OK,기타,132,203,37,422,1625,0,164,95.0,,518914,A,주석에서 환율노출 관련 수치 다수 확인,23.75,6.0,8.0,7.0,3.0,3.0,8.0,5.0,0.0,5.0,68.75
009200,무림페이퍼,00136086,20260316001269,사업보고서 (2025.12),20260316,OK,OK,기타,137,259,43,490,1844,0,183,100.0,,547989,A,주석에서 환율노출 관련 수치 다수 확인,25.0,6.0,8.0,7.0,3.0,8.0,8.0,5.0,0.0,5.0,75.0
033920,무학,00121543,20260318000658,사업보고서 (2025.12),20260318,OK,OK,기타,44,10,0,30,991,1,30,24.9,,294142,B,주석 수치 일부와 환율노출 키워드 확인,6.22,6.0,8.0,8.0,3.0,8.0,10.0,5.0,0.4,5.0,59.62
008420,문배철강,00121570,20260319000530,[기재정정]사업보고서 (2025.12),20260319,OK,OK,기타,5,53,0,52,657,2,14,,,148414,C,보고서 텍스트 단서와 산업 프록시 중심,6.25,6.0,8.0,8.0,3.0,8.0,10.0,5.0,0.8,5.0,60.05
025560,미래산업,00197759,20260319001166,사업보고서 (2025.12),20260319,OK,OK,기타,135,74,0,114,1373,7,42,,,399896,B,주석 수치 일부와 환율노출 키워드 확인,6.25,6.0,8.0,8.0,3.0,8.0,4.0,5.0,2.8,5.0,56.05
007120,미래아이앤지,00104786,20260323000816,사업보고서 (2025.12),20260323,OK,OK,기타,6,38,2,50,490,1,15,,,170080,B,주석 수치 일부와 환율노출 키워드 확인,6.25,6.0,8.0,7.0,3.0,8.0,8.0,5.0,0.4,5.0,56.65
396690,미래에셋글로벌리츠,01576102,20251215000282,사업보고서 (2025.09),20251215,OK,OK,기타,71,91,0,201,858,0,20,100.0,,170322,B,주석 수치 일부와 환율노출 키워드 확인,25.0,6.0,8.0,8.0,3.0,3.0,8.0,5.0,0.0,5.0,71.0
357250,미래에셋맵스리츠,01437292,20260213000342,사업보고서 (2025.11),20260213,OK,OK,기타,15,2,0,18,480,0,2,1.77,,91809,B,주석 수치 일부와 환율노출 키워드 확인,0.44,6.0,8.0,8.0,3.0,8.0,8.0,5.0,0.0,1.0,47.44
085620,미래에셋생명,00112332,20260420000382,[기재정정]사업보고서 (2025.12),20260420,OK,OK,기타,74,108,0,554,1173,1,100,99.92,,575721,B,주석 수치 일부와 환율노출 키워드 확인,24.98,6.0,8.0,8.0,3.0,8.0,4.0,5.0,0.4,5.0,72.38
006800,미래에셋증권,00111722,20260515002972,[기재정정]사업보고서 (2025.12),20260515,OK,OK,기타,189,236,10,607,2806,0,46,39.0,,1060753,B,주석 수치 일부와 환율노출 키워드 확인,9.75,6.0,8.0,7.0,3.0,8.0,8.0,5.0,0.0,5.0,59.75
006805,미래에셋증권우,,,,,NO_CORP_CODE,OK,기타,0,0,0,0,0,0,0,,,0,D,DART 고유번호 매칭 실패,6.25,6.0,11.0,8.0,5.5,8.0,8.0,5.0,0.0,0.0,57.75
081660,미스토홀딩스,00195229,20260318000916,사업보고서 (2025.12),20260318,OK,OK,기타,175,306,34,209,1346,0,96,100.0,,431771,A,주석에서 환율노출 관련 수치 다수 확인,25.0,6.0,8.0,7.0,3.0,8.0,10.0,5.0,0.0,5.0,77.0
002840,미원상사,00121932,20260316000483,사업보고서 (2025.12),20260316,OK,OK,기타,105,82,6,24,1087,0,99,,,344192,B,주석 수치 일부와 환율노출 키워드 확인,6.25,6.0,8.0,7.0,3.0,8.0,10.0,5.0,0.0,5.0,58.25
268280,미원에스씨,01234297,20260311003661,사업보고서 (2025.12),20260311,OK,OK,기타,90,103,2,54,1132,0,72,2.67,,352312,B,주석 수치 일부와 환율노출 키워드 확인,0.67,6.0,8.0,7.0,3.0,8.0,10.0,5.0,0.0,5.0,52.67
107590,미원홀딩스,00706715,20260319001135,사업보고서 (2025.12),20260319,OK,OK,기타,91,59,1,57,1322,3,62,4.42,,379848,B,주석 수치 일부와 환율노출 키워드 확인,1.1,6.0,8.0,7.0,3.0,8.0,8.0,5.0,1.2,5.0,52.31
134380,미원화학,00855163,20260309001317,사업보고서 (2025.12),20260309,OK,OK,수입원가부담,30,39,3,12,604,3,25,70.0,,213738,B,주석 수치 일부와 환율노출 키워드 확인,17.5,5.25,8.0,7.0,0.0,8.0,8.0,5.0,1.2,5.0,64.95
003650,미창석유,00122056,20260320001114,사업보고서 (2025.12),20260320,OK,OK,기타,23,36,4,64,824,19,46,90.0,,198482,B,주석 수치 일부와 환율노출 키워드 확인,22.5,6.0,8.0,7.0,3.0,8.0,10.0,5.0,5.0,5.0,79.5
377740,바이오노트,00622787,20260318001576,사업보고서 (2025.12),20260318,OK,OK,바이오/제약,101,110,6,106,1412,0,49,,,427825,B,주석 수치 일부와 환율노출 키워드 확인,16.25,9.0,8.0,7.0,5.5,8.0,10.0,5.0,0.0,5.0,73.75
003610,방림,00122348,20251222000124,사업보고서 (2025.09),20251222,OK,OK,기타,102,268,18,38,1516,7,45,10.0,,373638,B,주석 수치 일부와 환율노출 키워드 확인,2.5,6.0,8.0,7.0,3.0,8.0,10.0,5.0,2.8,5.0,57.3
035150,백산,00122551,20260319000754,사업보고서 (2025.12),20260319,OK,OK,기타,79,121,6,153,1488,1,73,81.0,,445536,B,주석 수치 일부와 환율노출 키워드 확인,20.25,6.0,8.0,7.0,3.0,8.0,10.0,5.0,0.4,5.0,72.65
002410,범양건영,00122694,20260331003709,사업보고서 (2025.12),20260331,OK,OK,기타,2,0,0,18,1386,112,10,,,394223,C,보고서 텍스트 단서와 산업 프록시 중심,6.25,6.0,8.0,8.0,3.0,8.0,5.0,5.0,5.0,5.0,59.25
007210,벽산,00122898,20260323001448,사업보고서 (2025.12),20260323,OK,OK,기타,63,160,30,73,2218,35,97,22.7,,483415,A,주석에서 환율노출 관련 수치 다수 확인,5.67,6.0,8.0,7.0,3.0,8.0,8.0,5.0,5.0,5.0,60.67
002760,보락,00123107,20260318000334,사업보고서 (2025.12),20260318,OK,OK,기타,43,47,2,4,482,2,16,,,154641,B,주석 수치 일부와 환율노출 키워드 확인,6.25,6.0,10.0,7.0,3.0,8.0,8.0,5.0,0.8,5.0,59.05
003850,보령,00123143,20260327000311,[첨부정정]사업보고서 (2025.12),20260327,OK,OK,기타,0,0,0,0,0,0,0,,,18,D,환율노출 공시 단서 부족,6.25,6.0,11.0,8.0,5.5,8.0,8.0,5.0,0.0,0.0,57.75
000890,보해양조,00123541,20260318000704,사업보고서 (2025.12),20260318,OK,OK,기타,40,32,0,50,950,3,22,,,291623,C,보고서 텍스트 단서와 산업 프록시 중심,6.25,6.0,8.0,8.0,3.0,8.0,4.0,5.0,1.2,5.0,54.45
003000,부광약품,00123718,20260316001273,사업보고서 (2025.12),20260316,OK,OK,기타,88,147,0,116,1510,0,82,,,434446,B,주석 수치 일부와 환율노출 키워드 확인,6.25,6.0,8.0,8.0,3.0,8.0,8.0,5.0,0.0,5.0,57.25
001270,부국증권,00123772,20260403002276,[기재정정]사업보고서 (2025.12),20260403,OK,OK,기타,8,35,0,214,940,3,15,54.5,60.0,404740,A,주석에서 환율노출 관련 수치 다수 확인,13.62,6.0,6.0,8.0,3.0,8.0,8.0,5.0,1.2,5.0,63.83
001275,부국증권우,,,,,NO_CORP_CODE,OK,기타,0,0,0,0,0,0,0,,,0,D,DART 고유번호 매칭 실패,6.25,6.0,11.0,8.0,5.5,8.0,8.0,5.0,0.0,0.0,57.75
026940,부국철강,00123781,20260318000484,사업보고서 (2025.12),20260318,OK,OK,기타,5,8,1,8,305,2,3,,,121876,B,주석 수치 일부와 환율노출 키워드 확인,6.25,6.0,8.0,7.0,3.0,8.0,8.0,5.0,0.8,1.5,53.55
011390,부산산업,00124027,20260319000540,사업보고서 (2025.12),20260319,OK,OK,기타,3,18,4,24,902,10,10,,,283877,C,보고서 텍스트 단서와 산업 프록시 중심,6.25,6.0,8.0,7.0,3.0,8.0,8.0,5.0,4.0,5.0,60.25
005030,부산주공,00124151,20260319000808,사업보고서 (2025.12),20260319,OK,OK,기타,55,31,6,9,934,1,35,52.0,,226012,A,주석에서 환율노출 관련 수치 다수 확인,13.0,6.0,8.0,7.0,3.0,3.0,5.0,5.0,0.4,5.0,55.4
006740,블루산업개발,00141404,20260323001405,사업보고서 (2025.12),20260323,OK,OK,기타,26,61,0,6,1109,0,52,,,317374,B,주석 수치 일부와 환율노출 키워드 확인,6.25,6.0,8.0,8.0,3.0,3.0,4.0,2.0,0.0,5.0,45.25
002070,비비안,00107677,20260323001209,사업보고서 (2025.12),20260323,OK,OK,기타,34,9,0,295,1886,0,42,1.32,,516839,B,주석 수치 일부와 환율노출 키워드 확인,0.33,6.0,8.0,8.0,3.0,3.0,7.0,2.0,0.0,5.0,42.33
100220,비상교육,00520887,20260319001227,사업보고서 (2025.12),20260319,OK,OK,기타,9,59,0,78,1620,0,79,,,404125,B,주석 수치 일부와 환율노출 키워드 확인,6.25,6.0,8.0,8.0,3.0,8.0,10.0,5.0,0.0,5.0,59.25
090460,비에이치,00447609,20260323001134,[기재정정]사업보고서 (2025.12),20260323,OK,OK,기타,89,56,20,78,1339,10,74,98.98,,303755,B,주석 수치 일부와 환율노출 키워드 확인,24.75,6.0,8.0,7.0,3.0,8.0,10.0,5.0,4.0,5.0,80.75
005180,빙그레,00124726,20260318001526,사업보고서 (2025.12),20260318,OK,OK,기타,77,38,0,8,1232,0,34,100.0,,294076,B,주석 수치 일부와 환율노출 키워드 확인,25.0,6.0,8.0,8.0,3.0,8.0,8.0,5.0,0.0,5.0,76.0
003960,사조대림,00109718,20260318001283,사업보고서 (2025.12),20260318,OK,OK,기타,79,212,6,337,1946,34,57,97.91,1.23,507577,A,주석에서 환율노출 관련 수치 다수 확인,24.48,6.0,14.82,7.0,3.0,8.0,10.0,5.0,5.0,5.0,88.29
008040,사조동아원,00137252,20260318001588,사업보고서 (2025.12),20260318,OK,OK,기타,22,104,14,323,853,2,37,10.0,1.0,247832,A,주석에서 환율노출 관련 수치 다수 확인,2.5,6.0,14.85,7.0,3.0,8.0,10.0,5.0,0.8,5.0,62.15
007160,사조산업,00124799,20260318000986,사업보고서 (2025.12),20260318,OK,OK,기타,73,92,8,378,1674,34,65,100.0,,476601,A,주석에서 환율노출 관련 수치 다수 확인,25.0,6.0,8.0,7.0,3.0,8.0,8.0,5.0,5.0,5.0,80.0
014710,사조씨푸드,00124780,20260317000763,사업보고서 (2025.12),20260317,OK,OK,기타,118,86,6,200,1766,29,69,10.0,,410635,B,주석 수치 일부와 환율노출 키워드 확인,2.5,6.0,8.0,7.0,3.0,8.0,10.0,5.0,5.0,5.0,59.5
006090,사조오양,00141875,20260318001080,사업보고서 (2025.12),20260318,OK,OK,기타,30,58,2,13,976,40,35,10.0,,259131,A,주석에서 환율노출 관련 수치 다수 확인,2.5,6.0,8.0,7.0,3.0,8.0,10.0,5.0,5.0,5.0,59.5
062040,산일전기,00366438,20260403003697,[기재정정]사업보고서 (2025.12),20260403,OK,OK,전력기기,128,157,17,172,1268,20,40,97.0,52.0,304185,A,주석에서 환율노출 관련 수치 다수 확인,24.25,10.5,7.2,7.0,4.5,8.0,10.0,5.0,5.0,5.0,86.45
005610,삼립,00125530,20260318001066,사업보고서 (2025.12),20260318,OK,OK,기타,64,100,30,285,2130,0,93,5.0,,515002,A,주석에서 환율노출 관련 수치 다수 확인,1.25,6.0,8.0,7.0,3.0,3.0,8.0,5.0,0.0,5.0,46.25
001470,삼부토건,00125974,20260407002515,사업보고서 (2025.12),20260407,OK,OK,기타,6,81,0,65,2371,48,84,100.0,,526193,B,주석 수치 일부와 환율노출 키워드 확인,25.0,6.0,8.0,8.0,3.0,3.0,5.0,5.0,5.0,5.0,73.0
028050,삼성E&A,00126308,20260311003927,사업보고서 (2025.12),20260311,OK,OK,기타,152,258,9,1110,2459,104,119,10.0,,785968,B,주석 수치 일부와 환율노출 키워드 확인,2.5,6.0,8.0,7.0,3.0,8.0,7.0,5.0,5.0,5.0,56.5
448730,삼성FN리츠,01688896,20260409001553,사업보고서 (2026.01),20260409,OK,OK,기타,3,4,0,19,719,0,3,,,192101,C,보고서 텍스트 단서와 산업 프록시 중심,6.25,6.0,8.0,8.0,3.0,8.0,8.0,5.0,0.0,1.5,53.75
006400,삼성SDI,00126362,20260310002954,사업보고서 (2025.12),20260310,OK,OK,기타,128,189,8,115,1812,1,115,7.0,,645611,B,주석 수치 일부와 환율노출 키워드 확인,1.75,6.0,8.0,7.0,3.0,3.0,10.0,5.0,0.4,5.0,49.15
006405,삼성SDI우,,,,,NO_CORP_CODE,OK,기타,0,0,0,0,0,0,0,,,0,D,DART 고유번호 매칭 실패,6.25,6.0,11.0,8.0,5.5,8.0,10.0,5.0,0.0,0.0,59.75
006660,삼성공조,00126201,20260608000034,[기재정정]사업보고서 (2025.12),20260608,OK,OK,기타,64,80,10,69,1379,1,65,100.0,16.69,247096,A,주석에서 환율노출 관련 수치 다수 확인,25.0,6.0,12.5,7.0,3.0,8.0,8.0,5.0,0.4,5.0,79.9
028260,삼성물산,00149655,20260312000856,사업보고서 (2025.12),20260312,OK,OK,기타,271,303,27,725,3045,110,115,,,922075,B,주석 수치 일부와 환율노출 키워드 확인,6.25,6.0,8.0,7.0,3.0,8.0,7.0,5.0,5.0,5.0,60.25
207940,삼성바이오로직스,00877059,20260515001658,[기재정정]사업보고서 (2025.12),20260515,OK,OK,바이오/제약,108,108,12,81,1223,4,49,100.0,,412340,B,주석 수치 일부와 환율노출 키워드 확인,25.0,9.0,8.0,7.0,5.5,8.0,10.0,5.0,1.6,5.0,84.1
032830,삼성생명,00126256,20260331004244,[기재정정]사업보고서 (2025.12),20260331,OK,OK,기타,58,115,16,890,2287,4,91,14.42,3.09,967130,A,주석에서 환율노출 관련 수치 다수 확인,3.6,6.0,14.54,7.0,3.0,8.0,7.0,5.0,1.6,5.0,60.74
018260,삼성에스디에스,00126186,20260310002989,사업보고서 (2025.12),20260310,OK,OK,기타,93,150,15,70,1780,12,99,5.0,,738523,B,주석 수치 일부와 환율노출 키워드 확인,1.25,6.0,8.0,7.0,3.0,8.0,10.0,2.0,4.8,5.0,55.05
009150,삼성전기,00126371,20260310003071,사업보고서 (2025.12),20260310,OK,OK,반도체/전자부품,109,138,6,93,1846,2,101,71.7,,612204,B,주석 수치 일부와 환율노출 키워드 확인,17.93,9.0,8.0,7.0,4.0,8.0,4.0,5.0,0.8,5.0,68.72
009155,삼성전기우,,,,,NO_CORP_CODE,OK,반도체/전자부품,0,0,0,0,0,0,0,,,0,D,DART 고유번호 매칭 실패,20.0,9.0,11.0,8.0,6.5,8.0,4.0,5.0,0.0,0.0,71.5
005930,삼성전자,00126380,20260310002820,사업보고서 (2025.12),20260310,OK,OK,반도체/전자부품,252,56,0,209,2281,2,116,27.9,27.9,910930,A,주석에서 환율노출 관련 수치 다수 확인,6.97,9.0,10.82,8.0,4.0,8.0,4.0,5.0,0.8,5.0,61.59
005935,삼성전자우,,,,,NO_CORP_CODE,OK,반도체/전자부품,0,0,0,0,0,0,0,,,0,D,DART 고유번호 매칭 실패,20.0,9.0,11.0,8.0,6.5,8.0,7.0,5.0,0.0,0.0,74.5
001360,삼성제약,00126414,20260318001547,사업보고서 (2025.12),20260318,OK,OK,기타,31,20,0,64,604,0,20,1.0,,198671,B,주석 수치 일부와 환율노출 키워드 확인,0.25,6.0,8.0,8.0,3.0,3.0,8.0,5.0,0.0,5.0,46.25
010140,삼성중공업,00126478,20260312001037,사업보고서 (2025.12),20260312,OK,OK,조선,260,160,0,1017,2153,132,87,100.0,,646815,B,주석 수치 일부와 환율노출 키워드 확인,25.0,11.25,8.0,8.0,4.0,8.0,10.0,5.0,5.0,5.0,89.25
016360,삼성증권,00104856,20260312001379,[기재정정]사업보고서 (2025.12),20260312,OK,OK,기타,37,140,32,552,2892,2,65,41.2,,886517,B,주석 수치 일부와 환율노출 키워드 확인,10.3,6.0,8.0,7.0,3.0,8.0,10.0,5.0,0.8,5.0,63.1
068290,삼성출판사,00423690,20260319000408,사업보고서 (2025.12),20260319,OK,OK,기타,2,47,8,15,675,0,25,10.0,,173545,A,주석에서 환율노출 관련 수치 다수 확인,2.5,6.0,8.0,7.0,3.0,3.0,8.0,5.0,0.0,5.0,47.5
029780,삼성카드,00126292,20260311004049,사업보고서 (2025.12),20260311,OK,OK,기타,3,107,18,783,1667,0,77,5.9,31.6,643804,A,주석에서 환율노출 관련 수치 다수 확인,1.48,6.0,10.26,7.0,3.0,8.0,8.0,5.0,0.0,5.0,53.73
000810,삼성화재,00139214,20260313001226,[첨부정정]사업보고서 (2025.12),20260313,OK,OK,기타,0,0,0,0,0,0,0,,,18,D,환율노출 공시 단서 부족,6.25,6.0,11.0,8.0,5.5,8.0,7.0,5.0,0.0,0.0,56.75
000815,삼성화재우,,,,,NO_CORP_CODE,OK,기타,0,0,0,0,0,0,0,,,0,D,DART 고유번호 매칭 실패,6.25,6.0,11.0,8.0,5.5,8.0,4.0,5.0,0.0,0.0,53.75
006110,삼아알미늄,00126779,20260318000860,사업보고서 (2025.12),20260318,OK,OK,기타,95,207,12,37,1354,0,35,,,321309,C,보고서 텍스트 단서와 산업 프록시 중심,6.25,6.0,8.0,7.0,3.0,3.0,10.0,5.0,0.0,5.0,53.25
145990,삼양사,00896285,20260318001585,사업보고서 (2025.12),20260318,OK,OK,기타,66,179,0,502,2088,16,78,100.0,,506666,A,주석에서 환율노출 관련 수치 다수 확인,25.0,6.0,8.0,8.0,3.0,8.0,10.0,5.0,5.0,5.0,83.0
145995,삼양사우,,,,,NO_CORP_CODE,OK,기타,0,0,0,0,0,0,0,,,0,D,DART 고유번호 매칭 실패,6.25,6.0,11.0,8.0,5.5,8.0,10.0,5.0,0.0,0.0,59.75
003230,삼양식품,00126955,20260318001082,사업보고서 (2025.12),20260318,OK,OK,K푸드,370,99,6,128,2196,1,93,10.0,10.0,493963,A,주석에서 환율노출 관련 수치 다수 확인,2.5,6.75,13.5,7.0,2.5,8.0,10.0,5.0,0.4,5.0,60.65
272550,삼양패키징,01060814,20260313001090,사업보고서 (2025.12),20260313,OK,OK,기타,60,88,4,231,1316,9,70,60.0,,351576,B,주석 수치 일부와 환율노출 키워드 확인,15.0,6.0,8.0,7.0,3.0,8.0,8.0,5.0,3.6,5.0,68.6
000070,삼양홀딩스,00126937,20260323001299,사업보고서 (2025.12),20260323,OK,OK,기타,112,155,0,438,2273,29,76,2.9,70.0,557303,A,주석에서 환율노출 관련 수치 다수 확인,0.72,6.0,4.5,8.0,3.0,8.0,8.0,5.0,5.0,5.0,53.23
003720,삼영,00127255,20260323000789,사업보고서 (2025.12),20260323,OK,OK,기타,71,36,0,20,968,74,41,69.59,,293827,B,주석 수치 일부와 환율노출 키워드 확인,17.4,6.0,8.0,8.0,3.0,8.0,10.0,5.0,5.0,5.0,75.4
002810,삼영무역,00127167,20260318000524,사업보고서 (2025.12),20260318,OK,OK,기타,58,147,8,88,1188,2,50,58.0,1.0,319970,A,주석에서 환율노출 관련 수치 다수 확인,14.5,6.0,14.85,7.0,3.0,8.0,2.0,5.0,0.8,5.0,66.15
005680,삼영전자,00127200,20260319001319,사업보고서 (2025.12),20260319,OK,OK,기타,44,61,8,48,1132,0,76,77.3,,282551,B,주석 수치 일부와 환율노출 키워드 확인,19.32,6.0,8.0,7.0,3.0,8.0,10.0,5.0,0.0,5.0,71.33
023000,삼원강재,00191588,20260316001210,사업보고서 (2025.12),20260316,OK,OK,기타,50,73,8,33,770,2,20,10.0,11.56,201922,A,주석에서 환율노출 관련 수치 다수 확인,2.5,6.0,13.27,7.0,3.0,8.0,10.0,5.0,0.8,5.0,60.57
004380,삼익THK,00127802,20260319001288,사업보고서 (2025.12),20260319,OK,OK,기타,62,130,8,158,1761,2,98,100.0,,462122,B,주석 수치 일부와 환율노출 키워드 확인,25.0,6.0,8.0,7.0,3.0,3.0,7.0,5.0,0.8,5.0,69.8
002450,삼익악기,00127857,20260320001325,사업보고서 (2025.12),20260320,OK,OK,기타,190,184,0,80,1386,0,45,100.0,,368243,B,주석 수치 일부와 환율노출 키워드 확인,25.0,6.0,8.0,8.0,3.0,8.0,7.0,5.0,0.0,5.0,75.0
004440,삼일씨엔에스,00109806,20260323000312,사업보고서 (2025.12),20260323,OK,OK,기타,4,3,0,114,739,15,30,35.0,4.2,232651,A,주석에서 환율노출 관련 수치 다수 확인,8.75,6.0,14.37,8.0,3.0,8.0,8.0,5.0,5.0,5.0,71.12
000520,삼일제약,00128032,20260318001625,사업보고서 (2025.12),20260318,OK,OK,기타,54,67,7,240,1656,4,66,,,444953,B,주석 수치 일부와 환율노출 키워드 확인,6.25,6.0,8.0,7.0,3.0,3.0,8.0,2.0,1.6,5.0,49.85
009770,삼정펄프,00128227,20260319000474,사업보고서 (2025.12),20260319,OK,OK,기타,16,50,5,30,589,0,32,,,153846,B,주석 수치 일부와 환율노출 키워드 확인,6.25,6.0,8.0,7.0,3.0,3.0,8.0,5.0,0.0,5.0,51.25
005500,삼진제약,00128412,20260316001338,사업보고서 (2025.12),20260316,OK,OK,기타,33,13,0,18,746,0,14,70.0,,210273,B,주석 수치 일부와 환율노출 키워드 확인,17.5,6.0,8.0,8.0,3.0,8.0,8.0,5.0,0.0,5.0,68.5
004690,삼천리,00128555,20260312000794,사업보고서 (2025.12),20260312,OK,OK,기타,74,267,64,149,2946,3,132,40.0,,724664,A,주석에서 환율노출 관련 수치 다수 확인,10.0,6.0,8.0,7.0,3.0,8.0,8.0,5.0,1.2,5.0,61.2
010960,삼호개발,00128980,20260316000588,사업보고서 (2025.12),20260316,OK,OK,기타,5,4,0,29,2053,81,29,,,481892,C,보고서 텍스트 단서와 산업 프록시 중심,6.25,6.0,8.0,8.0,3.0,8.0,8.0,5.0,5.0,5.0,62.25
004450,삼화왕관,00129235,20260319000454,사업보고서 (2025.12),20260319,OK,OK,기타,41,63,0,117,1252,0,55,10.0,,368728,B,주석 수치 일부와 환율노출 키워드 확인,2.5,6.0,8.0,8.0,3.0,8.0,8.0,5.0,0.0,5.0,53.5
009470,삼화전기,00129271,20260319000867,사업보고서 (2025.12),20260319,OK,OK,기타,79,77,0,284,1236,4,86,,,360258,B,주석 수치 일부와 환율노출 키워드 확인,6.25,6.0,8.0,8.0,3.0,8.0,8.0,5.0,1.6,5.0,58.85
011230,삼화전자,00129280,20260319001013,사업보고서 (2025.12),20260319,OK,OK,기타,50,98,2,78,1080,12,39,10.0,,305188,B,주석 수치 일부와 환율노출 키워드 확인,2.5,6.0,8.0,7.0,3.0,3.0,8.0,5.0,4.8,5.0,52.3
001820,삼화콘덴서,00129350,20260319001054,사업보고서 (2025.12),20260319,OK,OK,기타,103,82,0,250,1268,4,57,84.6,,404046,B,주석 수치 일부와 환율노출 키워드 확인,21.15,6.0,8.0,8.0,3.0,8.0,7.0,5.0,1.6,5.0,72.75
001290,상상인증권,01963140,20260514000252,분기보고서 (2026.03),20260514,OK,OK,기타,10,23,0,1,148,1,0,,,73267,C,보고서 텍스트 단서와 산업 프록시 중심,6.25,6.0,10.0,8.0,3.0,3.0,8.0,5.0,0.4,0.0,49.65
041650,상신브레이크,00129642,20260318001187,사업보고서 (2025.12),20260318,OK,OK,기타,87,119,16,5,1306,3,47,74.0,,333971,A,주석에서 환율노출 관련 수치 다수 확인,18.5,6.0,8.0,7.0,3.0,8.0,8.0,5.0,1.2,5.0,69.7
075180,새론오토모티브,00305668,20260331002685,사업보고서 (2025.12),20260331,OK,OK,기타,64,52,7,27,1391,0,59,90.0,,320436,B,주석 수치 일부와 환율노출 키워드 확인,22.5,6.0,8.0,7.0,3.0,3.0,7.0,5.0,0.0,5.0,66.5
007540,샘표,00130091,20260313001077,사업보고서 (2025.12),20260313,OK,OK,기타,67,52,12,35,1352,0,46,75.0,,333086,B,주석 수치 일부와 환율노출 키워드 확인,18.75,6.0,8.0,7.0,3.0,8.0,8.0,5.0,0.0,5.0,68.75
248170,샘표식품,01167056,20260515000077,[기재정정]사업보고서 (2025.12),20260515,OK,OK,기타,137,73,12,19,1018,0,38,,,218658,B,주석 수치 일부와 환율노출 키워드 확인,6.25,6.0,8.0,7.0,3.0,8.0,8.0,5.0,0.0,5.0,56.25
007860,서연,00163114,20260318001577,사업보고서 (2025.12),20260318,OK,OK,기타,79,167,4,180,1968,40,76,100.0,,495006,A,주석에서 환율노출 관련 수치 다수 확인,25.0,6.0,8.0,7.0,3.0,8.0,10.0,5.0,5.0,5.0,82.0
200880,서연이화,01036446,20260319000602,[첨부정정]사업보고서 (2025.12),20260319,OK,OK,기타,0,0,0,0,0,0,0,,,18,D,환율노출 공시 단서 부족,6.25,6.0,11.0,8.0,5.5,8.0,8.0,5.0,0.0,0.0,57.75
017390,서울가스,00130684,20260318000625,사업보고서 (2025.12),20260318,OK,OK,수입원가부담,11,52,14,94,2155,0,47,100.0,,457627,B,주석 수치 일부와 환율노출 키워드 확인,25.0,5.25,8.0,7.0,0.0,8.0,8.0,5.0,0.0,5.0,71.25
031210,서울보증보험,00112998,20260323000639,사업보고서 (2025.12),20260323,OK,OK,기타,44,73,8,1085,1835,6,173,,,683037,B,주석 수치 일부와 환율노출 키워드 확인,6.25,6.0,8.0,7.0,3.0,8.0,10.0,5.0,2.4,5.0,60.65
004410,서울식품,00130879,20260319000927,사업보고서 (2025.12),20260319,OK,OK,기타,34,52,4,138,827,1,27,62.1,,215972,A,주석에서 환율노출 관련 수치 다수 확인,15.53,6.0,8.0,7.0,3.0,3.0,7.0,5.0,0.4,5.0,59.92
004415,서울식품우,,,,,NO_CORP_CODE,OK,기타,0,0,0,0,0,0,0,,,0,D,DART 고유번호 매칭 실패,6.25,6.0,11.0,8.0,5.5,8.0,7.0,5.0,0.0,0.0,56.75
021050,서원,00131197,20260601001187,[기재정정]사업보고서 (2025.12),20260601,OK,OK,기타,51,110,9,153,1500,3,41,100.0,,266318,A,주석에서 환율노출 관련 수치 다수 확인,25.0,6.0,8.0,7.0,3.0,8.0,8.0,5.0,1.2,5.0,76.2
008490,서흥,00131692,20260319001055,사업보고서 (2025.12),20260319,OK,OK,기타,147,143,45,340,2092,0,92,6.07,,489682,B,주석 수치 일부와 환율노출 키워드 확인,1.52,6.0,8.0,7.0,3.0,8.0,8.0,5.0,0.0,5.0,51.52
007610,선도전기,00131939,20260319000984,사업보고서 (2025.12),20260319,OK,OK,기타,10,62,20,56,1159,24,35,5.0,,340721,B,주석 수치 일부와 환율노출 키워드 확인,1.25,6.0,8.0,7.0,3.0,3.0,10.0,5.0,5.0,5.0,53.25
136490,선진,00855093,20260320000571,사업보고서 (2025.12),20260320,OK,OK,기타,84,113,2,716,2172,0,98,,4.46,589426,B,주석 수치 일부와 환율노출 키워드 확인,6.25,6.0,14.33,7.0,3.0,8.0,8.0,5.0,0.0,5.0,62.58
014910,성문전자,00132628,20260318000170,사업보고서 (2025.12),20260318,OK,OK,기타,50,110,4,171,1115,4,39,96.0,,332142,A,주석에서 환율노출 관련 수치 다수 확인,24.0,6.0,8.0,7.0,3.0,8.0,10.0,5.0,1.6,5.0,77.6
014915,성문전자우,,,,,NO_CORP_CODE,OK,기타,0,0,0,0,0,0,0,,,0,D,DART 고유번호 매칭 실패,6.25,6.0,11.0,8.0,5.5,8.0,8.0,5.0,0.0,0.0,57.75
004980,성신양회,00132804,20260318001369,사업보고서 (2025.12),20260318,OK,OK,기타,23,68,1,171,1371,4,40,10.0,,372971,A,주석에서 환율노출 관련 수치 다수 확인,2.5,6.0,8.0,7.0,3.0,8.0,8.0,5.0,1.6,5.0,54.1
004985,성신양회우,,,,,NO_CORP_CODE,OK,기타,0,0,0,0,0,0,0,,,0,D,DART 고유번호 매칭 실패,6.25,6.0,11.0,8.0,5.5,8.0,8.0,5.0,0.0,0.0,57.75
000180,성창기업지주,00133335,20260318001159,사업보고서 (2025.12),20260318,OK,OK,기타,22,45,0,249,1448,10,105,100.0,,383229,B,주석 수치 일부와 환율노출 키워드 확인,25.0,6.0,8.0,8.0,3.0,3.0,4.0,5.0,4.0,5.0,71.0
002420,세기상사,00133618,20260318000600,사업보고서 (2025.12),20260318,OK,OK,기타,2,20,0,52,403,0,5,,,162610,C,보고서 텍스트 단서와 산업 프록시 중심,6.25,6.0,8.0,8.0,3.0,8.0,8.0,5.0,0.0,2.5,54.75
004360,세방,00133812,20260320001327,사업보고서 (2025.12),20260320,OK,OK,기타,41,283,46,238,1991,47,95,10.0,,516245,A,주석에서 환율노출 관련 수치 다수 확인,2.5,6.0,8.0,7.0,3.0,8.0,10.0,5.0,5.0,5.0,59.5
004365,세방우,,,,,NO_CORP_CODE,OK,기타,0,0,0,0,0,0,0,,,0,D,DART 고유번호 매칭 실패,6.25,6.0,11.0,8.0,5.5,8.0,10.0,5.0,0.0,0.0,59.75
004490,세방전지,00133858,20260319001105,사업보고서 (2025.12),20260319,OK,OK,기타,102,162,0,155,1977,44,66,93.8,,443783,B,주석 수치 일부와 환율노출 키워드 확인,23.45,6.0,8.0,8.0,3.0,8.0,10.0,2.0,5.0,5.0,78.45
001430,세아베스틸지주,00106669,20260316001503,사업보고서 (2025.12),20260316,OK,OK,기타,146,166,12,539,2810,115,153,100.0,3.77,618786,A,주석에서 환율노출 관련 수치 다수 확인,25.0,6.0,14.43,7.0,3.0,8.0,8.0,5.0,5.0,5.0,86.43
306200,세아제강,01325979,20260312000989,사업보고서 (2025.12),20260312,OK,OK,기타,93,103,8,148,1249,4,68,50.0,,300194,B,주석 수치 일부와 환율노출 키워드 확인,12.5,6.0,8.0,7.0,3.0,8.0,10.0,5.0,1.6,5.0,66.1
003030,세아제강지주,00124197,20260316000062,[기재정정]사업보고서 (2025.12),20260316,OK,OK,기타,94,68,8,85,1070,13,50,7.9,1.75,250059,A,주석에서 환율노출 관련 수치 다수 확인,1.98,6.0,14.74,7.0,3.0,8.0,8.0,2.0,5.0,5.0,60.71
058650,세아홀딩스,00377610,20260318001415,사업보고서 (2025.12),20260318,OK,OK,기타,176,204,9,597,2936,77,135,,,723406,B,주석 수치 일부와 환율노출 키워드 확인,6.25,6.0,8.0,7.0,3.0,8.0,8.0,5.0,5.0,5.0,61.25
013000,세우글로벌,00134176,20260318001571,사업보고서 (2025.12),20260318,OK,OK,기타,23,53,0,23,407,0,12,80.0,,123096,B,주석 수치 일부와 환율노출 키워드 확인,20.0,6.0,8.0,8.0,3.0,8.0,10.0,5.0,0.0,5.0,73.0
021820,세원정공,00134316,20250922000199,사업보고서 (2025.06),20250922,OK,OK,기타,55,109,5,49,1002,0,52,62.0,,277605,A,주석에서 환율노출 관련 수치 다수 확인,15.5,6.0,8.0,7.0,3.0,8.0,8.0,5.0,0.0,5.0,65.5
067830,세이브존I&C,00422895,20260319000406,사업보고서 (2025.12),20260319,OK,OK,기타,1,0,0,29,648,0,15,,,170239,B,주석 수치 일부와 환율노출 키워드 확인,6.25,6.0,8.0,8.0,3.0,8.0,8.0,5.0,0.0,5.0,57.25
075580,세진중공업,00415628,20260323001183,사업보고서 (2025.12),20260323,OK,OK,조선,41,118,6,47,1504,60,62,,,352206,B,주석 수치 일부와 환율노출 키워드 확인,22.5,11.25,8.0,7.0,4.0,8.0,8.0,5.0,5.0,5.0,83.75
068270,셀트리온,00413046,20260316001415,사업보고서 (2025.12),20260316,OK,OK,바이오/제약,369,257,0,340,2187,4,59,3.33,,744633,B,주석 수치 일부와 환율노출 키워드 확인,0.83,9.0,8.0,8.0,5.5,8.0,10.0,2.0,1.6,5.0,57.93
336370,솔루스첨단소재,01412822,20260319000659,사업보고서 (2025.12),20260319,OK,OK,기타,121,140,30,763,1745,10,89,95.0,,479736,B,주석 수치 일부와 환율노출 키워드 확인,23.75,6.0,8.0,7.0,3.0,3.0,10.0,2.0,4.0,5.0,71.75
248070,솔루엠,01159233,20260325001187,[기재정정]사업보고서 (2025.12),20260325,OK,OK,기타,68,73,0,160,1346,2,114,5.0,,316622,B,주석 수치 일부와 환율노출 키워드 확인,1.25,6.0,8.0,8.0,3.0,8.0,10.0,5.0,0.8,5.0,55.05
004430,송원산업,00134963,20260602000117,[기재정정]사업보고서 (2025.12),20260602,OK,OK,기타,133,178,32,328,1157,1,111,100.0,10.0,245608,A,주석에서 환율노출 관련 수치 다수 확인,25.0,6.0,13.5,7.0,3.0,8.0,10.0,5.0,0.4,5.0,82.9
017550,수산세보틱스,00135111,20260323001435,사업보고서 (2025.12),20260323,OK,OK,기타,144,88,8,144,1320,6,61,3.67,,331010,B,주석 수치 일부와 환율노출 키워드 확인,0.92,6.0,8.0,7.0,3.0,8.0,10.0,5.0,2.4,5.0,55.32
126720,수산인더스트리,00193328,20260323001320,사업보고서 (2025.12),20260323,OK,OK,기타,13,112,0,46,1496,48,52,,,440285,B,주석 수치 일부와 환율노출 키워드 확인,6.25,6.0,8.0,8.0,3.0,8.0,8.0,5.0,5.0,5.0,62.25
053210,스카이라이프,00349097,20260318001593,[기재정정]사업보고서 (2025.12),20260318,OK,OK,기타,2,8,6,55,1348,0,32,,,346499,B,주석 수치 일부와 환율노출 키워드 확인,6.25,6.0,8.0,7.0,3.0,8.0,8.0,5.0,0.0,5.0,56.25
026890,스틱인베스트먼트,00117498,20260319000750,사업보고서 (2025.12),20260319,OK,OK,기타,114,190,16,81,941,1,29,5.0,,366206,B,주석 수치 일부와 환율노출 키워드 확인,1.25,6.0,8.0,7.0,3.0,8.0,8.0,5.0,0.4,5.0,51.65
134790,시디즈,00852087,20260319001086,사업보고서 (2025.12),20260319,OK,OK,기타,73,61,0,97,959,0,42,51.1,,299349,B,주석 수치 일부와 환율노출 키워드 확인,12.78,6.0,8.0,8.0,3.0,8.0,10.0,5.0,0.0,5.0,65.78
462870,시프트업,01384787,20260318001672,사업보고서 (2025.12),20260318,OK,OK,기타,44,46,6,180,1071,0,42,,,344946,B,주석 수치 일부와 환율노출 키워드 확인,6.25,6.0,8.0,7.0,3.0,8.0,10.0,5.0,0.0,5.0,58.25
016590,신대양제지,00135777,20260319001044,사업보고서 (2025.12),20260319,OK,OK,기타,24,133,0,20,1371,0,61,10.0,,387194,B,주석 수치 일부와 환율노출 키워드 확인,2.5,6.0,8.0,8.0,3.0,8.0,8.0,5.0,0.0,5.0,53.5
029530,신도리코,00135795,20260311003722,사업보고서 (2025.12),20260311,OK,OK,기타,69,30,2,49,1162,0,84,100.0,,334574,B,주석 수치 일부와 환율노출 키워드 확인,25.0,6.0,8.0,7.0,3.0,8.0,10.0,5.0,0.0,5.0,77.0
004970,신라교역,00135962,20260515001873,[기재정정]사업보고서 (2025.12),20260515,OK,OK,기타,46,70,4,11,1177,64,42,40.0,,255843,B,주석 수치 일부와 환율노출 키워드 확인,10.0,6.0,8.0,7.0,3.0,8.0,10.0,5.0,5.0,5.0,67.0
011930,신성이엔지,00136271,20260318000940,사업보고서 (2025.12),20260318,OK,OK,기타,187,224,20,292,1951,27,87,,60.0,488656,B,주석 수치 일부와 환율노출 키워드 확인,6.25,6.0,6.0,7.0,3.0,3.0,10.0,5.0,5.0,5.0,56.25
004170,신세계,00136378,20260316001039,사업보고서 (2025.12),20260316,OK,OK,기타,38,148,14,522,2684,0,124,7.2,,694514,B,주석 수치 일부와 환율노출 키워드 확인,1.8,6.0,8.0,7.0,3.0,8.0,2.0,5.0,0.0,5.0,45.8
035510,신세계 I&C,00219486,20260316001238,사업보고서 (2025.12),20260316,OK,OK,기타,11,174,6,316,1430,15,133,10.0,,437979,B,주석 수치 일부와 환율노출 키워드 확인,2.5,6.0,8.0,7.0,3.0,8.0,8.0,5.0,5.0,5.0,57.5
031430,신세계인터내셔날,00234412,20260316001380,사업보고서 (2025.12),20260316,OK,OK,기타,22,59,30,395,2332,0,93,100.0,,580302,A,주석에서 환율노출 관련 수치 다수 확인,25.0,6.0,8.0,7.0,3.0,8.0,7.0,5.0,0.0,5.0,74.0
031440,신세계푸드,00274933,20260318000936,사업보고서 (2025.12),20260318,OK,OK,기타,14,151,26,533,1969,0,79,10.0,20.0,543920,A,주석에서 환율노출 관련 수치 다수 확인,2.5,6.0,12.0,7.0,3.0,8.0,8.0,5.0,0.0,5.0,56.5
006880,신송홀딩스,00136402,20260323000048,[기재정정]사업보고서 (2025.12),20260323,OK,OK,기타,59,69,0,47,609,0,34,100.0,,165655,B,주석 수치 일부와 환율노출 키워드 확인,25.0,6.0,8.0,8.0,3.0,8.0,8.0,5.0,0.0,5.0,76.0
005800,신영와코루,00136624,20260312001122,사업보고서 (2025.12),20260312,OK,OK,기타,53,99,10,29,1298,0,104,100.0,,363790,A,주석에서 환율노출 관련 수치 다수 확인,25.0,6.0,8.0,7.0,3.0,8.0,8.0,5.0,0.0,5.0,75.0
001720,신영증권,00136721,20260611000685,사업보고서 (2026.03),20260611,OK,OK,기타,21,122,16,518,1974,3,41,50.0,,698264,B,주석 수치 일부와 환율노출 키워드 확인,12.5,6.0,8.0,7.0,3.0,8.0,8.0,5.0,1.2,5.0,63.7
009270,신원,00136864,20260319001186,사업보고서 (2025.12),20260319,OK,OK,기타,246,228,8,224,1975,4,95,83.0,,486735,B,주석 수치 일부와 환율노출 키워드 확인,20.75,6.0,8.0,7.0,3.0,8.0,8.0,5.0,1.6,5.0,72.35
002700,신일전자,00173698,20260320000508,사업보고서 (2025.12),20260320,OK,OK,기타,5,124,8,49,539,0,14,78.0,29.9,155048,A,주석에서 환율노출 관련 수치 다수 확인,19.5,6.0,10.52,7.0,3.0,3.0,8.0,5.0,0.0,5.0,67.02
002870,신풍,00137368,20260319000293,사업보고서 (2025.12),20260319,OK,OK,기타,11,71,26,162,1340,1,48,100.0,,342284,B,주석 수치 일부와 환율노출 키워드 확인,25.0,6.0,8.0,7.0,3.0,3.0,8.0,5.0,0.4,5.0,70.4
019170,신풍제약,00137359,20260320000611,사업보고서 (2025.12),20260320,OK,OK,기타,73,143,6,138,1484,0,68,100.0,,426962,B,주석 수치 일부와 환율노출 키워드 확인,25.0,6.0,8.0,7.0,3.0,3.0,8.0,5.0,0.0,5.0,70.0
019175,신풍제약우,,,,,NO_CORP_CODE,OK,기타,0,0,0,0,0,0,0,,,0,D,DART 고유번호 매칭 실패,6.25,6.0,11.0,8.0,5.5,8.0,8.0,5.0,0.0,0.0,57.75
481850,신한글로벌액티브리츠,01714997,20260513000783,사업보고서 (2026.02),20260513,OK,OK,기타,9,36,0,126,615,0,14,10.0,10.0,153998,A,주석에서 환율노출 관련 수치 다수 확인,2.5,6.0,13.5,8.0,3.0,8.0,8.0,5.0,0.0,5.0,59.0
404990,신한서부티엔디리츠,01436558,20260311004170,사업보고서 (2025.12),20260311,OK,OK,기타,1,6,0,94,1860,0,12,,,260137,B,주석 수치 일부와 환율노출 키워드 확인,6.25,6.0,8.0,8.0,3.0,8.0,4.0,5.0,0.0,5.0,53.25
293940,신한알파리츠,01276594,20260528000669,사업보고서 (2026.03),20260528,OK,OK,기타,1,0,0,179,1600,0,11,,,272479,B,주석 수치 일부와 환율노출 키워드 확인,6.25,6.0,8.0,8.0,3.0,8.0,8.0,2.0,0.0,5.0,54.25
055550,신한지주,00382199,20260318000826,사업보고서 (2025.12),20260318,OK,OK,기타,402,328,53,1395,5316,4,254,42.88,,1848636,A,주석에서 환율노출 관련 수치 다수 확인,10.72,6.0,8.0,7.0,3.0,8.0,7.0,5.0,1.6,5.0,61.32
004080,신흥,00173795,20260319000887,사업보고서 (2025.12),20260319,OK,OK,기타,43,99,0,8,931,0,68,84.0,,274372,B,주석 수치 일부와 환율노출 키워드 확인,21.0,6.0,8.0,8.0,3.0,8.0,10.0,5.0,0.0,5.0,74.0
004770,써니전자,00138057,20260318001440,사업보고서 (2025.12),20260318,OK,OK,기타,28,37,0,36,521,0,23,90.0,,148393,B,주석 수치 일부와 환율노출 키워드 확인,22.5,6.0,8.0,8.0,3.0,8.0,10.0,5.0,0.0,5.0,75.5
403550,쏘카,01026157,20260318000788,사업보고서 (2025.12),20260318,OK,OK,기타,8,98,17,693,2301,0,88,2.88,,539027,A,주석에서 환율노출 관련 수치 다수 확인,0.72,6.0,8.0,7.0,3.0,8.0,8.0,2.0,0.0,5.0,47.72
004920,씨아이테크,00127158,20260323001571,사업보고서 (2025.12),20260323,OK,OK,기타,37,27,0,76,1109,0,16,90.0,,355335,B,주석 수치 일부와 환율노출 키워드 확인,22.5,6.0,8.0,8.0,3.0,3.0,8.0,5.0,0.0,5.0,68.5
112610,씨에스윈드,00670340,20260318001110,사업보고서 (2025.12),20260318,OK,OK,기타,220,254,6,496,2497,41,146,100.0,3.63,668684,A,주석에서 환율노출 관련 수치 다수 확인,25.0,6.0,14.46,7.0,3.0,8.0,8.0,5.0,5.0,5.0,86.46
480370,씨케이솔루션,01210677,20260320001407,사업보고서 (2025.12),20260320,OK,OK,기타,67,84,0,104,1163,11,31,,,357326,B,주석 수치 일부와 환율노출 키워드 확인,6.25,6.0,8.0,8.0,3.0,3.0,8.0,5.0,4.4,5.0,56.65
308170,씨티알모빌리티,00450010,20260318000736,사업보고서 (2025.12),20260318,OK,OK,기타,43,11,0,330,2084,2,48,5.7,,376103,B,주석 수치 일부와 환율노출 키워드 확인,1.43,6.0,8.0,8.0,3.0,8.0,8.0,5.0,0.8,5.0,53.22
008700,아남전자,00138516,20260312001247,사업보고서 (2025.12),20260312,OK,OK,기타,43,474,0,323,770,2,62,100.0,1.0,238662,A,주석에서 환율노출 관련 수치 다수 확인,25.0,6.0,14.85,8.0,3.0,3.0,8.0,5.0,0.8,5.0,78.65
090430,아모레퍼시픽,00583424,20260318000785,사업보고서 (2025.12),20260318,OK,OK,K뷰티/소비재,125,262,8,121,1672,0,71,,,547342,B,주석 수치 일부와 환율노출 키워드 확인,15.5,8.25,8.0,7.0,5.0,8.0,10.0,5.0,0.0,5.0,71.75
090435,아모레퍼시픽우,,,,,NO_CORP_CODE,OK,K뷰티/소비재,0,0,0,0,0,0,0,,,0,D,DART 고유번호 매칭 실패,15.5,8.25,11.0,8.0,7.5,8.0,8.0,5.0,0.0,0.0,71.25
002790,아모레퍼시픽홀딩스,00154462,20260318000825,사업보고서 (2025.12),20260318,OK,OK,K뷰티/소비재,128,231,28,92,1686,1,87,47.0,,524452,B,주석 수치 일부와 환율노출 키워드 확인,11.75,8.25,8.0,7.0,5.0,8.0,10.0,5.0,0.4,5.0,68.4
002795,아모레퍼시픽홀딩스우,,,,,NO_CORP_CODE,OK,K뷰티/소비재,0,0,0,0,0,0,0,,,0,D,DART 고유번호 매칭 실패,15.5,8.25,11.0,8.0,7.5,8.0,10.0,5.0,0.0,0.0,73.25
002030,아세아,00138701,20260326000458,[기재정정]사업보고서 (2025.12),20260326,OK,OK,기타,65,120,10,236,1267,18,37,,,313244,B,주석 수치 일부와 환율노출 키워드 확인,6.25,6.0,8.0,7.0,3.0,8.0,8.0,5.0,5.0,5.0,61.25
183190,아세아시멘트,00990165,20260318001310,사업보고서 (2025.12),20260318,OK,OK,기타,29,124,6,381,1712,23,50,1.5,,443153,B,주석 수치 일부와 환율노출 키워드 확인,0.38,6.0,8.0,7.0,3.0,8.0,8.0,5.0,5.0,5.0,55.38
002310,아세아제지,00138729,20260318001362,사업보고서 (2025.12),20260318,OK,OK,기타,70,88,16,343,1620,2,66,,,440756,B,주석 수치 일부와 환율노출 키워드 확인,6.25,6.0,8.0,7.0,3.0,8.0,10.0,5.0,0.8,5.0,59.05
012170,아센디오,00145437,20260318001629,사업보고서 (2025.12),20260318,OK,OK,기타,44,48,2,24,1097,2,49,70.0,,312622,B,주석 수치 일부와 환율노출 키워드 확인,17.5,6.0,8.0,7.0,3.0,3.0,8.0,2.0,0.8,5.0,60.3
267850,아시아나IDT,00458234,20260317000731,사업보고서 (2025.12),20260317,OK,OK,수입원가부담,201,31,9,42,470,3,49,,,193692,B,주석 수치 일부와 환율노출 키워드 확인,5.0,5.25,8.0,7.0,0.0,8.0,8.0,5.0,1.2,5.0,52.45
020560,아시아나항공,00138792,20260318001045,사업보고서 (2025.12),20260318,OK,OK,수입원가부담,450,86,16,277,2006,8,72,1.15,,573168,A,주석에서 환율노출 관련 수치 다수 확인,0.29,5.25,8.0,7.0,0.0,3.0,8.0,5.0,3.2,5.0,44.74
122900,아이마켓코리아,00360142,20260319000859,사업보고서 (2025.12),20260319,OK,OK,기타,72,142,19,194,1677,2,84,80.0,,474654,A,주석에서 환율노출 관련 수치 다수 확인,20.0,6.0,8.0,7.0,3.0,8.0,10.0,5.0,0.8,5.0,72.8
010780,아이에스동서,00115977,20260318001565,사업보고서 (2025.12),20260318,OK,OK,기타,50,140,13,450,2609,48,73,,,644495,B,주석 수치 일부와 환율노출 키워드 확인,6.25,6.0,8.0,7.0,3.0,8.0,8.0,5.0,5.0,5.0,61.25
031820,아이티센씨티에스,00186559,20260323001544,사업보고서 (2025.12),20260323,OK,OK,기타,16,119,20,174,1778,14,61,1.0,,478993,A,주석에서 환율노출 관련 수치 다수 확인,0.25,6.0,8.0,7.0,3.0,8.0,7.0,5.0,5.0,5.0,54.25
139990,아주스틸,00486705,20260318001296,사업보고서 (2025.12),20260318,OK,OK,기타,162,241,26,308,2332,20,105,20.0,,569515,A,주석에서 환율노출 관련 수치 다수 확인,5.0,6.0,8.0,7.0,3.0,3.0,8.0,5.0,5.0,5.0,55.0
009320,아진전자부품,00111689,20260323001496,사업보고서 (2025.12),20260323,OK,OK,기타,69,92,5,92,1278,0,49,100.0,,322691,A,주석에서 환율노출 관련 수치 다수 확인,25.0,6.0,8.0,7.0,3.0,8.0,10.0,5.0,0.0,5.0,77.0
001780,알루코,00117027,20260318001554,사업보고서 (2025.12),20260318,OK,OK,기타,118,135,8,230,2246,16,84,,,486499,B,주석 수치 일부와 환율노출 키워드 확인,6.25,6.0,8.0,7.0,3.0,8.0,8.0,5.0,5.0,5.0,61.25
018250,애경산업,00139454,20260318001405,사업보고서 (2025.12),20260318,OK,OK,기타,76,66,0,202,1603,4,166,68.0,,437974,B,주석 수치 일부와 환율노출 키워드 확인,17.0,6.0,8.0,8.0,3.0,3.0,8.0,5.0,1.6,5.0,64.6
161000,애경케미칼,00936787,20260318000074,[기재정정]사업보고서 (2025.12),20260318,OK,OK,기타,84,76,0,175,1191,12,77,46.1,,308373,B,주석 수치 일부와 환율노출 키워드 확인,11.53,6.0,8.0,8.0,3.0,8.0,8.0,2.0,4.8,5.0,64.33
011090,에넥스,00139764,20260318000523,사업보고서 (2025.12),20260318,OK,OK,기타,6,47,0,55,1081,1,52,10.0,,324570,B,주석 수치 일부와 환율노출 키워드 확인,2.5,6.0,8.0,8.0,3.0,3.0,7.0,5.0,0.4,5.0,47.9
137310,에스디바이오센서,00854997,20260318001064,사업보고서 (2025.12),20260318,OK,OK,바이오/제약,125,179,6,286,1525,6,33,94.0,,482703,B,주석 수치 일부와 환율노출 키워드 확인,23.5,9.0,8.0,7.0,5.5,3.0,10.0,5.0,2.4,5.0,78.4
005850,에스엘,00125521,20260318000781,사업보고서 (2025.12),20260318,OK,OK,기타,127,226,4,217,2372,5,136,5.0,,511698,B,주석 수치 일부와 환율노출 키워드 확인,1.25,6.0,8.0,7.0,3.0,8.0,10.0,5.0,2.0,5.0,55.25
010580,에스엠벡셀,00147860,20260320000787,사업보고서 (2025.12),20260320,OK,OK,기타,15,21,7,27,749,11,17,80.0,,185598,A,주석에서 환율노출 관련 수치 다수 확인,20.0,6.0,8.0,7.0,3.0,8.0,10.0,5.0,4.4,5.0,76.4
012750,에스원,00158501,20260311004583,사업보고서 (2025.12),20260311,OK,OK,기타,18,4,0,89,1286,10,29,,,505674,C,보고서 텍스트 단서와 산업 프록시 중심,6.25,6.0,8.0,8.0,3.0,8.0,8.0,5.0,4.0,5.0,61.25
023960,에쓰씨엔지니어링,00121969,20260319000744,[첨부정정]사업보고서 (2025.12),20260319,OK,OK,기타,0,0,0,0,0,0,0,,,18,D,환율노출 공시 단서 부족,6.25,6.0,11.0,8.0,5.5,3.0,8.0,5.0,0.0,0.0,52.75
298690,에어부산,00651901,20260317000736,사업보고서 (2025.12),20260317,OK,OK,기타,142,42,10,9,517,1,45,52.0,,208907,A,주석에서 환율노출 관련 수치 다수 확인,13.0,6.0,8.0,7.0,3.0,8.0,8.0,5.0,0.4,5.0,63.4
140910,에이리츠,00860730,20260323000749,사업보고서 (2025.12),20260323,OK,OK,기타,0,0,0,6,912,2,2,,,152096,C,보고서 텍스트 단서와 산업 프록시 중심,6.25,6.0,8.0,8.0,3.0,3.0,4.0,5.0,0.8,1.0,45.05
078520,에이블씨엔씨,00400857,20260320000406,사업보고서 (2025.12),20260320,OK,OK,기타,84,32,0,46,1164,0,54,10.0,,349282,B,주석 수치 일부와 환율노출 키워드 확인,2.5,6.0,8.0,8.0,3.0,8.0,8.0,5.0,0.0,5.0,53.5
015260,에이엔피,00143314,20260323000919,사업보고서 (2025.12),20260323,OK,OK,기타,32,128,5,323,1293,23,22,,,365423,B,주석 수치 일부와 환율노출 키워드 확인,6.25,6.0,8.0,7.0,3.0,3.0,8.0,5.0,5.0,5.0,56.25
007460,에이프로젠,00152385,20260323001476,사업보고서 (2025.12),20260323,OK,OK,기타,266,168,8,222,2730,32,153,,,753619,B,주석 수치 일부와 환율노출 키워드 확인,6.25,6.0,8.0,7.0,3.0,3.0,10.0,2.0,5.0,5.0,55.25
003060,에이프로젠바이오로직스,00101044,20260320000881,사업보고서 (2025.12),20260320,OK,OK,바이오/제약,53,50,0,186,1984,23,50,13.01,,503796,B,주석 수치 일부와 환율노출 키워드 확인,3.25,9.0,8.0,8.0,5.5,3.0,10.0,2.0,5.0,5.0,58.75
244920,에이플러스에셋,00684802,20260323001605,사업보고서 (2025.12),20260323,OK,OK,기타,12,32,5,235,1527,0,76,,,395935,B,주석 수치 일부와 환율노출 키워드 확인,6.25,6.0,8.0,7.0,3.0,8.0,10.0,5.0,0.0,5.0,58.25
278470,에이피알,01190568,20260323001257,사업보고서 (2025.12),20260323,OK,OK,K뷰티/소비재,39,78,6,112,1554,0,160,100.0,,433233,B,주석 수치 일부와 환율노출 키워드 확인,25.0,8.25,8.0,7.0,5.0,8.0,7.0,5.0,0.0,5.0,78.25
450080,에코프로머티,01311408,20260320000475,[기재정정]사업보고서 (2025.12),20260320,OK,OK,기타,44,56,3,118,572,4,25,70.0,32.33,174120,A,주석에서 환율노출 관련 수치 다수 확인,17.5,6.0,10.15,7.0,3.0,8.0,8.0,5.0,1.6,5.0,71.25
019490,엑시큐어하이트론,00156150,20260323000002,사업보고서 (2025.12),20260323,OK,OK,기타,47,55,0,227,1048,1,28,,,341946,C,보고서 텍스트 단서와 산업 프록시 중심,6.25,6.0,8.0,8.0,3.0,3.0,5.0,2.0,0.4,5.0,46.65
085310,엔케이,00172228,20260323001528,사업보고서 (2025.12),20260323,OK,OK,기타,91,73,0,49,1288,134,29,,,342044,B,주석 수치 일부와 환율노출 키워드 확인,6.25,6.0,8.0,8.0,3.0,8.0,4.0,5.0,5.0,5.0,58.25
900140,엘브이엠씨홀딩스,00838500,20260428000679,사업보고서 (2025.12),20260428,OK,OK,기타,36,324,6,77,845,1,43,67.0,,159991,B,주석 수치 일부와 환율노출 키워드 확인,16.75,6.0,8.0,7.0,3.0,8.0,10.0,5.0,0.4,5.0,69.15
066970,엘앤에프,00398701,20260423000699,[첨부정정]사업보고서 (2025.12),20260423,OK,OK,기타,0,0,0,0,0,0,0,,,18,D,환율노출 공시 단서 부족,6.25,6.0,11.0,8.0,5.5,8.0,10.0,5.0,0.0,0.0,59.75
097520,엠씨넥스,00564562,20260318001219,사업보고서 (2025.12),20260318,OK,OK,기타,77,99,14,34,1360,6,61,100.0,,323490,B,주석 수치 일부와 환율노출 키워드 확인,25.0,6.0,8.0,7.0,3.0,8.0,10.0,5.0,2.4,5.0,79.4
484870,엠앤씨솔루션,01519790,20260318000447,사업보고서 (2025.12),20260318,OK,OK,기타,51,45,12,213,882,59,24,69.1,,233914,B,주석 수치 일부와 환율노출 키워드 확인,17.27,6.0,8.0,7.0,3.0,8.0,8.0,5.0,5.0,5.0,72.28
014440,영보화학,00140779,20260311004373,사업보고서 (2025.12),20260311,OK,OK,수입원가부담,48,104,0,239,1381,4,55,10.93,,347280,B,주석 수치 일부와 환율노출 키워드 확인,2.73,5.25,8.0,8.0,0.0,8.0,10.0,5.0,1.6,5.0,53.58
111770,영원무역,00776820,20260319001279,사업보고서 (2025.12),20260319,OK,OK,기타,187,140,24,279,1307,1,55,,,459989,B,주석 수치 일부와 환율노출 키워드 확인,6.25,6.0,8.0,7.0,3.0,8.0,10.0,5.0,0.4,5.0,58.65
009970,영원무역홀딩스,00140964,20260319001240,사업보고서 (2025.12),20260319,OK,OK,기타,128,106,16,195,1267,2,44,100.0,10.0,454766,A,주석에서 환율노출 관련 수치 다수 확인,25.0,6.0,13.5,7.0,3.0,8.0,10.0,5.0,0.8,5.0,83.3
003520,영진약품,00141149,20260312000801,사업보고서 (2025.12),20260312,OK,OK,기타,156,38,8,46,913,1,28,10.0,,232534,A,주석에서 환율노출 관련 수치 다수 확인,2.5,6.0,8.0,7.0,3.0,3.0,8.0,5.0,0.4,5.0,47.9
000670,영풍,00141307,20260317000753,사업보고서 (2025.12),20260317,OK,OK,기타,125,111,2,387,1953,21,125,55.0,40.0,589759,B,주석 수치 일부와 환율노출 키워드 확인,13.75,6.0,9.0,7.0,3.0,8.0,8.0,5.0,5.0,5.0,69.75
012280,영화금속,00141413,20260316000700,사업보고서 (2025.12),20260316,OK,OK,기타,27,22,4,91,738,2,38,10.0,20.0,177483,A,주석에서 환율노출 관련 수치 다수 확인,2.5,6.0,12.0,7.0,3.0,8.0,8.0,2.0,0.8,5.0,54.3
012160,영흥,00141477,20260323000923,사업보고서 (2025.12),20260323,OK,OK,기타,113,110,9,154,1700,17,68,99.0,,454022,B,주석 수치 일부와 환율노출 키워드 확인,24.75,6.0,8.0,7.0,3.0,3.0,8.0,5.0,5.0,5.0,74.75
007310,오뚜기,00141529,20260318000621,사업보고서 (2025.12),20260318,OK,OK,기타,117,176,18,595,2032,2,141,10.0,,549620,B,주석 수치 일부와 환율노출 키워드 확인,2.5,6.0,8.0,7.0,3.0,8.0,8.0,5.0,0.8,5.0,53.3
002630,오리엔트바이오,00141626,20250619000265,사업보고서 (2025.03),20250619,OK,OK,바이오/제약,79,90,3,115,798,0,31,,,235260,B,주석 수치 일부와 환율노출 키워드 확인,16.25,9.0,8.0,7.0,5.5,3.0,2.0,5.0,0.0,5.0,60.75
271560,오리온,01238169,20260318001320,사업보고서 (2025.12),20260318,OK,OK,K푸드,88,127,6,123,1916,1,101,70.0,13.38,497334,A,주석에서 환율노출 관련 수치 다수 확인,17.5,6.75,12.99,7.0,2.5,8.0,10.0,5.0,0.4,5.0,75.14
001800,오리온홀딩스,00117577,20260318000838,사업보고서 (2025.12),20260318,OK,OK,K푸드,135,130,3,100,2083,0,93,100.0,,557480,A,주석에서 환율노출 관련 수치 다수 확인,25.0,6.75,8.0,7.0,2.5,8.0,10.0,5.0,0.0,5.0,77.25
005320,온타이드,00168331,20260319001171,사업보고서 (2025.12),20260319,OK,OK,기타,96,188,10,125,1347,0,48,12.2,,389014,A,주석에서 환율노출 관련 수치 다수 확인,3.05,6.0,8.0,7.0,3.0,3.0,2.0,5.0,0.0,5.0,42.05
011690,와이투솔루션,00144720,20260320000895,사업보고서 (2025.12),20260320,OK,OK,기타,74,42,0,308,1324,4,75,,,373450,B,주석 수치 일부와 환율노출 키워드 확인,6.25,6.0,8.0,8.0,3.0,8.0,8.0,5.0,1.6,5.0,58.85
316140,우리금융지주,01350869,20260313001235,사업보고서 (2025.12),20260313,OK,OK,기타,261,291,33,1871,5783,6,144,,,1374596,C,보고서 텍스트 단서와 산업 프록시 중심,6.25,6.0,8.0,7.0,3.0,8.0,10.0,2.0,2.4,5.0,57.65
006980,우성,00142661,20260312001396,사업보고서 (2025.12),20260312,OK,OK,기타,40,129,8,274,1501,1,60,45.0,,420904,B,주석 수치 일부와 환율노출 키워드 확인,11.25,6.0,8.0,7.0,3.0,8.0,8.0,5.0,0.4,5.0,61.65
011300,우성머티리얼스,00132868,20260318000501,사업보고서 (2025.12),20260318,OK,OK,기타,115,84,10,169,1210,2,39,10.0,,384474,A,주석에서 환율노출 관련 수치 다수 확인,2.5,6.0,8.0,7.0,3.0,3.0,4.0,2.0,0.8,5.0,41.3
017370,우신시스템,00142883,20260318001142,사업보고서 (2025.12),20260318,OK,OK,기타,133,169,14,231,1705,5,121,100.0,,404018,B,주석 수치 일부와 환율노출 키워드 확인,25.0,6.0,8.0,7.0,3.0,3.0,8.0,5.0,2.0,5.0,72.0
105840,우진,00173944,20260316000450,사업보고서 (2025.12),20260316,OK,OK,기타,41,88,0,144,1521,20,29,12.8,,402394,B,주석 수치 일부와 환율노출 키워드 확인,3.2,6.0,8.0,8.0,3.0,8.0,8.0,5.0,5.0,5.0,59.2
010400,우진아이엔에스,00143262,20260323000971,사업보고서 (2025.12),20260323,OK,OK,기타,26,34,0,54,1095,61,36,0.06,,349015,B,주석 수치 일부와 환율노출 키워드 확인,0.01,6.0,8.0,8.0,3.0,3.0,10.0,5.0,5.0,5.0,53.02
049800,우진플라임,00303217,20260604000634,[기재정정]사업보고서 (2025.12),20260604,OK,OK,기타,92,118,6,25,861,2,57,100.0,,194737,B,주석 수치 일부와 환율노출 키워드 확인,25.0,6.0,8.0,7.0,3.0,3.0,8.0,5.0,0.8,5.0,70.8
016880,웅진,00143651,20260318001480,사업보고서 (2025.12),20260318,OK,OK,기타,56,122,15,117,2448,6,163,,,637654,B,주석 수치 일부와 환율노출 키워드 확인,6.25,6.0,8.0,7.0,3.0,8.0,8.0,5.0,2.4,5.0,58.65
095720,웅진씽크빅,00628189,20260318001421,사업보고서 (2025.12),20260318,OK,OK,기타,44,57,0,51,1700,0,82,5.0,,500144,B,주석 수치 일부와 환율노출 키워드 확인,1.25,6.0,8.0,8.0,3.0,3.0,7.0,5.0,0.0,5.0,46.25
005820,원림,00143794,20260318001057,사업보고서 (2025.12),20260318,OK,OK,기타,62,95,0,27,1110,0,58,14.8,,351122,B,주석 수치 일부와 환율노출 키워드 확인,3.7,6.0,8.0,8.0,3.0,8.0,10.0,5.0,0.0,5.0,56.7
008600,윌비스,00104999,20260323001672,사업보고서 (2025.12),20260323,OK,OK,기타,141,176,12,311,1333,1,85,10.0,70.0,420357,A,주석에서 환율노출 관련 수치 다수 확인,2.5,6.0,4.5,7.0,3.0,3.0,2.0,2.0,0.4,5.0,35.4
033270,유나이티드제약,00158963,20260319001196,[기재정정]사업보고서 (2025.12),20260319,OK,OK,기타,39,71,4,48,917,3,19,40.72,,222116,B,주석 수치 일부와 환율노출 키워드 확인,10.18,6.0,8.0,7.0,3.0,8.0,10.0,5.0,1.2,5.0,63.38
014830,유니드,00159786,20260310002923,사업보고서 (2025.12),20260310,OK,OK,기타,248,142,15,180,1766,0,68,100.0,10.0,486957,A,주석에서 환율노출 관련 수치 다수 확인,25.0,6.0,13.5,7.0,3.0,8.0,8.0,5.0,0.0,5.0,80.5
446070,유니드비티플러스,01702017,20260318001647,[기재정정]사업보고서 (2025.12),20260318,OK,OK,기타,10,60,8,64,692,0,53,98.3,,155420,A,주석에서 환율노출 관련 수치 다수 확인,24.57,6.0,8.0,7.0,3.0,3.0,10.0,5.0,0.0,5.0,71.58
000910,유니온,01945339,20260310002858,사업보고서 (2025.12),20260310,OK,OK,기타,8,25,0,15,291,4,0,74.1,,122201,B,주석 수치 일부와 환율노출 키워드 확인,18.52,6.0,8.0,8.0,3.0,3.0,8.0,5.0,1.6,0.0,61.12
047400,유니온머티리얼,00369833,20260318001126,사업보고서 (2025.12),20260318,OK,OK,기타,103,190,0,53,998,8,45,72.2,,295842,B,주석 수치 일부와 환율노출 키워드 확인,18.05,6.0,8.0,8.0,3.0,8.0,8.0,5.0,3.2,5.0,72.25
011330,유니켐,00137207,20260325000515,[기재정정]사업보고서 (2025.12),20260325,OK,OK,기타,50,71,3,131,926,0,18,,,268068,B,주석 수치 일부와 환율노출 키워드 확인,6.25,6.0,8.0,7.0,3.0,3.0,8.0,2.0,0.0,5.0,48.25
077500,유니퀘스트,00414601,20260319000663,사업보고서 (2025.12),20260319,OK,OK,기타,58,63,5,66,1178,0,60,80.0,10.0,314619,A,주석에서 환율노출 관련 수치 다수 확인,20.0,6.0,13.5,7.0,3.0,8.0,10.0,5.0,0.0,5.0,77.5
002920,유성기업,00174004,20260318001103,사업보고서 (2025.12),20260318,OK,OK,기타,55,68,0,3,1805,11,38,100.0,,356840,B,주석 수치 일부와 환율노출 키워드 확인,25.0,6.0,10.0,8.0,3.0,3.0,8.0,5.0,4.4,5.0,77.4
000700,유수홀딩스,00163691,20260323001290,사업보고서 (2025.12),20260323,OK,OK,기타,103,51,16,208,1427,11,27,100.0,,341133,A,주석에서 환율노출 관련 수치 다수 확인,25.0,6.0,8.0,7.0,3.0,8.0,10.0,5.0,4.4,5.0,81.4
003470,유안타증권,00117601,20260312000253,사업보고서 (2025.12),20260312,OK,OK,기타,26,177,36,687,3352,0,71,,,925307,B,주석 수치 일부와 환율노출 키워드 확인,6.25,6.0,8.0,7.0,3.0,8.0,8.0,5.0,0.0,5.0,56.25
003475,유안타증권우,,,,,NO_CORP_CODE,OK,기타,0,0,0,0,0,0,0,,,0,D,DART 고유번호 매칭 실패,6.25,6.0,11.0,8.0,5.5,8.0,8.0,5.0,0.0,0.0,57.75
072130,유엔젤,00416654,20260319000706,사업보고서 (2025.12),20260319,OK,OK,기타,26,48,0,19,1153,1,46,42.34,,334838,B,주석 수치 일부와 환율노출 키워드 확인,10.59,6.0,8.0,8.0,3.0,8.0,10.0,5.0,0.4,5.0,63.98
000220,유유제약,00144818,20260318001501,사업보고서 (2025.12),20260318,OK,OK,기타,53,11,0,265,1319,8,14,100.0,,419464,B,주석 수치 일부와 환율노출 키워드 확인,25.0,6.0,8.0,8.0,3.0,8.0,10.0,5.0,3.2,5.0,81.2
000225,유유제약1우,,,,,NO_CORP_CODE,OK,기타,0,0,0,0,0,0,0,,,0,D,DART 고유번호 매칭 실패,6.25,6.0,11.0,8.0,5.5,8.0,8.0,5.0,0.0,0.0,57.75
000227,유유제약2우B,,,,,NO_CORP_CODE,OK,기타,0,0,0,0,0,0,0,,,0,D,DART 고유번호 매칭 실패,6.25,6.0,11.0,8.0,5.5,8.0,7.0,5.0,0.0,0.0,56.75
001200,유진투자증권,01965333,20260313000827,사업보고서 (2025.12),20260313,OK,OK,기타,25,40,0,185,611,0,20,10.0,10.0,153974,A,주석에서 환율노출 관련 수치 다수 확인,2.5,6.0,13.5,8.0,3.0,8.0,8.0,5.0,0.0,5.0,59.0
000100,유한양행,00185301,20260323001140,사업보고서 (2025.12),20260323,OK,OK,바이오/제약,120,29,0,101,1116,0,53,80.0,,381808,B,주석 수치 일부와 환율노출 키워드 확인,20.0,9.0,8.0,8.0,5.5,8.0,10.0,2.0,0.0,5.0,75.5
000105,유한양행우,,,,,NO_CORP_CODE,OK,바이오/제약,0,0,0,0,0,0,0,,,0,D,DART 고유번호 매칭 실패,16.25,9.0,11.0,8.0,8.0,8.0,8.0,5.0,0.0,0.0,73.25
003460,유화증권,00145190,20260311004334,사업보고서 (2025.12),20260311,OK,OK,기타,0,22,0,134,571,0,27,,,211946,B,주석 수치 일부와 환율노출 키워드 확인,6.25,6.0,8.0,8.0,3.0,8.0,8.0,5.0,0.0,5.0,57.25
003465,유화증권우,,,,,NO_CORP_CODE,OK,기타,0,0,0,0,0,0,0,,,0,D,DART 고유번호 매칭 실패,6.25,6.0,11.0,8.0,5.5,8.0,10.0,5.0,0.0,0.0,59.75
008730,율촌화학,00145260,20260316001034,사업보고서 (2025.12),20260316,OK,OK,수입원가부담,60,229,39,14,1325,4,67,10.0,,371217,A,주석에서 환율노출 관련 수치 다수 확인,2.5,5.25,8.0,7.0,0.0,8.0,8.0,5.0,1.6,5.0,50.35
008250,이건산업,00145446,20260318001636,사업보고서 (2025.12),20260318,OK,OK,기타,54,157,11,66,1206,2,96,,,318763,B,주석 수치 일부와 환율노출 키워드 확인,6.25,6.0,8.0,7.0,3.0,8.0,8.0,5.0,0.8,5.0,57.05
025820,이구산업,00145464,20260316001242,[기재정정]사업보고서 (2025.12),20260316,OK,OK,기타,33,46,7,95,524,4,16,51.0,,114782,B,주석 수치 일부와 환율노출 키워드 확인,12.75,6.0,8.0,7.0,3.0,8.0,8.0,5.0,1.6,5.0,64.35
214320,이노션,00565154,20260310003051,사업보고서 (2025.12),20260310,OK,OK,기타,107,90,0,82,1171,8,65,100.0,,385510,B,주석 수치 일부와 환율노출 키워드 확인,25.0,6.0,8.0,8.0,3.0,8.0,7.0,5.0,3.2,5.0,78.2
088260,이리츠코크렙,00544452,20260608000343,[기재정정]사업보고서 (2025.12),20260608,OK,OK,기타,14,12,0,15,717,0,14,,,123055,C,보고서 텍스트 단서와 산업 프록시 중심,6.25,6.0,8.0,8.0,3.0,8.0,10.0,5.0,0.0,5.0,59.25
139480,이마트,00872984,20260318001024,사업보고서 (2025.12),20260318,OK,OK,기타,58,379,62,607,3447,30,114,,85.0,858612,B,주석 수치 일부와 환율노출 키워드 확인,6.25,6.0,2.25,7.0,3.0,8.0,8.0,2.0,5.0,5.0,52.5
457190,이수스페셜티케미컬,01762569,20260319001027,사업보고서 (2025.12),20260319,OK,OK,기타,133,322,10,285,1584,3,72,10.0,,366702,B,주석 수치 일부와 환율노출 키워드 확인,2.5,6.0,8.0,7.0,3.0,8.0,8.0,5.0,1.2,5.0,53.7
007660,이수페타시스,00107613,20260323000847,사업보고서 (2025.12),20260323,OK,OK,반도체/전자부품,179,172,14,416,2004,7,76,100.0,,472104,B,주석 수치 일부와 환율노출 키워드 확인,25.0,9.0,8.0,7.0,4.0,8.0,10.0,5.0,2.8,5.0,83.8
005950,이수화학,00145552,20260319001212,사업보고서 (2025.12),20260319,OK,OK,수입원가부담,145,256,14,246,2583,46,93,,,525744,B,주석 수치 일부와 환율노출 키워드 확인,5.0,5.25,8.0,7.0,0.0,8.0,7.0,5.0,5.0,5.0,55.25
015020,이스타코,00134565,20260319000990,[기재정정]사업보고서 (2025.12),20260319,OK,OK,기타,8,3,1,18,579,3,6,,1.0,126511,B,주석 수치 일부와 환율노출 키워드 확인,6.25,6.0,14.85,7.0,3.0,3.0,2.0,5.0,1.2,3.0,51.3
074610,이엔플러스,00469799,20260331000004,사업보고서 (2025.12),20260331,OK,OK,기타,22,28,4,172,1426,16,51,,,406668,B,주석 수치 일부와 환율노출 키워드 확인,6.25,6.0,8.0,7.0,3.0,3.0,5.0,2.0,5.0,5.0,50.25
102460,이연제약,00145598,20260320001314,사업보고서 (2025.12),20260320,OK,OK,기타,93,97,0,66,1374,0,90,10.0,,360191,B,주석 수치 일부와 환율노출 키워드 확인,2.5,6.0,8.0,8.0,3.0,3.0,10.0,5.0,0.0,5.0,50.5
084680,이월드,00540605,20260319000675,[기재정정]사업보고서 (2025.12),20260319,OK,OK,기타,11,15,2,15,601,3,19,,,163377,B,주석 수치 일부와 환율노출 키워드 확인,6.25,6.0,8.0,7.0,3.0,8.0,8.0,5.0,1.2,5.0,57.45
350520,이지스레지던스리츠,01436628,20260320000738,사업보고서 (2025.12),20260320,OK,OK,기타,0,20,0,76,972,0,4,,,212786,B,주석 수치 일부와 환율노출 키워드 확인,6.25,6.0,8.0,8.0,3.0,8.0,10.0,5.0,0.0,2.0,56.25
334890,이지스밸류플러스리츠,01394377,20260521000682,사업보고서 (2026.02),20260521,OK,OK,기타,4,46,0,183,1156,0,16,60.0,10.0,205026,A,주석에서 환율노출 관련 수치 다수 확인,15.0,6.0,13.5,8.0,3.0,8.0,8.0,5.0,0.0,5.0,71.5
000760,이화산업,00145686,20260319000381,사업보고서 (2025.12),20260319,OK,OK,기타,65,65,20,43,1166,0,23,5.0,,302602,B,주석 수치 일부와 환율노출 키워드 확인,1.25,6.0,8.0,7.0,3.0,8.0,8.0,5.0,0.0,5.0,51.25
014990,인디에프,00106881,20260319000445,사업보고서 (2025.12),20260319,OK,OK,기타,28,39,0,25,1202,0,43,,,307846,B,주석 수치 일부와 환율노출 키워드 확인,6.25,6.0,8.0,8.0,3.0,8.0,7.0,5.0,0.0,5.0,56.25
101140,인바이오젠,00652423,20260331002681,[기재정정]사업보고서 (2025.12),20260331,OK,OK,바이오/제약,38,4,0,14,334,1,3,,,105066,B,주석 수치 일부와 환율노출 키워드 확인,16.25,9.0,8.0,8.0,5.5,3.0,8.0,5.0,0.4,1.5,64.65
006490,인스코비,00122825,20260407003654,사업보고서 (2025.12),20260408,OK,OK,기타,110,58,8,164,1077,0,13,,,361286,C,보고서 텍스트 단서와 산업 프록시 중심,6.25,6.0,8.0,7.0,3.0,3.0,10.0,2.0,0.0,5.0,50.25
023800,인지컨트롤스,00103510,20260323001493,[기재정정]사업보고서 (2025.12),20260323,OK,OK,기타,105,72,6,79,1505,1,62,60.0,,276503,B,주석 수치 일부와 환율노출 키워드 확인,15.0,6.0,8.0,7.0,3.0,8.0,10.0,5.0,0.4,5.0,67.4
034590,인천도시가스,00145862,20260305001037,사업보고서 (2025.12),20260305,OK,OK,수입원가부담,4,8,0,28,758,0,20,,,200625,B,주석 수치 일부와 환율노출 키워드 확인,5.0,5.25,8.0,8.0,0.0,8.0,10.0,5.0,0.0,5.0,54.25
129260,인터지스,00151368,20260316001310,사업보고서 (2025.12),20260316,OK,OK,기타,55,96,0,182,2107,58,101,,,499200,C,보고서 텍스트 단서와 산업 프록시 중심,6.25,6.0,8.0,8.0,3.0,8.0,8.0,5.0,5.0,5.0,62.25
023810,인팩,00180795,20260323001188,사업보고서 (2025.12),20260323,OK,OK,기타,169,345,18,94,1715,1,85,100.0,,442932,B,주석 수치 일부와 환율노출 키워드 확인,25.0,6.0,8.0,7.0,3.0,8.0,8.0,5.0,0.4,5.0,75.4
249420,일동제약,01168383,20260318000787,사업보고서 (2025.12),20260318,OK,OK,기타,45,112,11,170,2550,0,126,100.0,,507814,B,주석 수치 일부와 환율노출 키워드 확인,25.0,6.0,8.0,7.0,3.0,8.0,8.0,5.0,0.0,5.0,75.0
000230,일동홀딩스,00146083,20260318001076,사업보고서 (2025.12),20260318,OK,OK,기타,57,69,7,216,3035,0,75,,,527057,B,주석 수치 일부와 환율노출 키워드 확인,6.25,6.0,8.0,7.0,3.0,8.0,8.0,5.0,0.0,5.0,56.25
013360,일성건설,00146232,20260417000596,[기재정정]사업보고서 (2025.12),20260417,OK,OK,기타,32,73,11,14,1862,95,31,100.0,,454292,B,주석 수치 일부와 환율노출 키워드 확인,25.0,6.0,8.0,7.0,3.0,8.0,8.0,5.0,5.0,5.0,80.0
003120,일성아이에스,00146214,20260318001342,사업보고서 (2025.12),20260318,OK,OK,기타,22,77,10,23,721,4,77,52.0,,194039,B,주석 수치 일부와 환율노출 키워드 확인,13.0,6.0,8.0,7.0,3.0,3.0,10.0,5.0,1.6,5.0,61.6
003200,일신방직,00146269,20260318001204,사업보고서 (2025.12),20260318,OK,OK,기타,69,83,52,134,2171,3,77,78.0,,448701,A,주석에서 환율노출 관련 수치 다수 확인,19.5,6.0,8.0,7.0,3.0,8.0,10.0,5.0,1.2,5.0,72.7
007110,일신석재,00146296,20260320001302,사업보고서 (2025.12),20260320,OK,OK,기타,8,52,0,58,726,20,25,10.0,,201216,B,주석 수치 일부와 환율노출 키워드 확인,2.5,6.0,8.0,8.0,3.0,8.0,8.0,5.0,5.0,5.0,58.5
007570,일양약품,00146454,20260318000595,사업보고서 (2025.12),20260318,OK,OK,기타,118,143,12,58,1595,1,96,21.8,,375319,B,주석 수치 일부와 환율노출 키워드 확인,5.45,6.0,8.0,7.0,3.0,3.0,7.0,5.0,0.4,5.0,49.85
007575,일양약품우,,,,,NO_CORP_CODE,OK,기타,0,0,0,0,0,0,0,,,0,D,DART 고유번호 매칭 실패,6.25,6.0,11.0,8.0,5.5,8.0,7.0,5.0,0.0,0.0,56.75
008500,일정실업,00146542,20260323000224,사업보고서 (2025.12),20260323,OK,OK,기타,14,30,0,10,608,2,26,80.0,,161933,B,주석 수치 일부와 환율노출 키워드 확인,20.0,6.0,8.0,8.0,3.0,8.0,10.0,5.0,0.8,5.0,73.8
081000,일진다이아,00508274,20260311004300,사업보고서 (2025.12),20260311,OK,OK,기타,114,116,8,87,1749,3,99,10.0,,417011,B,주석 수치 일부와 환율노출 키워드 확인,2.5,6.0,8.0,7.0,3.0,8.0,8.0,5.0,1.2,5.0,53.7
020760,일진디스플,00198697,20260323001151,사업보고서 (2025.12),20260323,OK,OK,기타,54,39,6,77,1101,0,81,10.0,,302639,A,주석에서 환율노출 관련 수치 다수 확인,2.5,6.0,8.0,7.0,3.0,3.0,5.0,5.0,0.0,5.0,44.5
103590,일진전기,00683469,20260311004216,사업보고서 (2025.12),20260311,OK,OK,기타,62,585,12,842,2112,38,179,99.5,2.84,435997,A,주석에서 환율노출 관련 수치 다수 확인,24.88,6.0,14.57,7.0,3.0,8.0,8.0,5.0,5.0,5.0,86.45
271940,일진하이솔루스,00972503,20260311004292,사업보고서 (2025.12),20260311,OK,OK,기타,55,76,14,83,1560,3,123,100.0,,408228,B,주석 수치 일부와 환율노출 키워드 확인,25.0,6.0,8.0,7.0,3.0,3.0,8.0,5.0,1.2,5.0,71.2
015860,일진홀딩스,00146649,20260311004252,사업보고서 (2025.12),20260311,OK,OK,기타,103,322,4,607,1814,10,114,100.0,2.84,407262,A,주석에서 환율노출 관련 수치 다수 확인,25.0,6.0,14.57,7.0,3.0,8.0,8.0,5.0,4.0,5.0,85.57
226320,잇츠한불,00911955,20260319000811,사업보고서 (2025.12),20260319,OK,OK,기타,75,40,0,29,1534,0,87,97.5,,404326,B,주석 수치 일부와 환율노출 키워드 확인,24.38,6.0,8.0,8.0,3.0,8.0,8.0,5.0,0.0,5.0,75.38
317400,자이에스앤디,00367844,20260316000556,사업보고서 (2025.12),20260316,OK,OK,기타,91,81,5,39,1947,37,38,10.0,,476966,A,주석에서 환율노출 관련 수치 다수 확인,2.5,6.0,8.0,7.0,3.0,8.0,8.0,5.0,5.0,5.0,57.5
033240,자화전자,00146861,20260318000870,사업보고서 (2025.12),20260318,OK,OK,기타,65,154,28,287,1662,6,90,90.0,10.0,399827,A,주석에서 환율노출 관련 수치 다수 확인,22.5,6.0,13.5,7.0,3.0,8.0,8.0,5.0,2.4,5.0,80.4
000950,전방,00147222,20260602000444,[기재정정]사업보고서 (2024.12),20260602,OK,OK,기타,52,69,6,161,728,1,36,100.0,,183579,B,주석 수치 일부와 환율노출 키워드 확인,25.0,6.0,8.0,7.0,3.0,3.0,8.0,5.0,0.4,5.0,70.4
079900,전진건설로봇,00372129,20260605000456,[기재정정]사업보고서 (2025.12),20260605,OK,OK,기타,33,174,64,188,1040,3,41,65.7,10.0,248643,A,주석에서 환율노출 관련 수치 다수 확인,16.43,6.0,13.5,7.0,3.0,8.0,8.0,5.0,1.2,5.0,73.12
348950,제이알글로벌리츠,01415892,20260323001319,사업보고서 (2025.12),20260323,OK,OK,기타,26,49,0,347,1260,0,37,100.0,,221405,B,주석 수치 일부와 환율노출 키워드 확인,25.0,6.0,8.0,8.0,3.0,8.0,7.0,5.0,0.0,5.0,75.0
194370,제이에스코퍼레이션,00332927,20260318001652,사업보고서 (2025.12),20260318,OK,OK,기타,166,158,22,297,1417,1,82,100.0,,398834,B,주석 수치 일부와 환율노출 키워드 확인,25.0,6.0,8.0,7.0,3.0,8.0,10.0,5.0,0.4,5.0,77.4
030000,제일기획,00148276,20260310002959,사업보고서 (2025.12),20260310,OK,OK,기타,130,109,18,27,1335,0,121,79.0,51.0,514084,A,주석에서 환율노출 관련 수치 다수 확인,19.75,6.0,7.35,7.0,3.0,8.0,10.0,5.0,0.0,5.0,71.1
271980,제일약품,01236897,20260316000872,사업보고서 (2025.12),20260316,OK,OK,기타,48,128,8,37,1709,0,37,7.5,,409751,B,주석 수치 일부와 환율노출 키워드 확인,1.88,6.0,8.0,7.0,3.0,8.0,8.0,5.0,0.0,5.0,51.88
001560,제일연마,00148461,20260318000296,사업보고서 (2025.12),20260318,OK,OK,기타,20,62,4,41,1087,5,60,100.0,,338891,A,주석에서 환율노출 관련 수치 다수 확인,25.0,6.0,8.0,7.0,3.0,8.0,10.0,5.0,2.0,5.0,79.0
002620,제일파마홀딩스,00148443,20260316001354,[첨부정정]사업보고서 (2025.12),20260316,OK,OK,기타,0,0,0,0,0,0,0,,,18,D,환율노출 공시 단서 부족,6.25,6.0,11.0,8.0,5.5,8.0,8.0,5.0,0.0,0.0,57.75
006220,제주은행,00148832,20260316000708,사업보고서 (2025.12),20260316,OK,OK,기타,27,49,28,27,1506,2,63,,,515604,B,주석 수치 일부와 환율노출 키워드 확인,6.25,6.0,8.0,7.0,3.0,8.0,4.0,5.0,0.8,5.0,53.05
089590,제주항공,00555874,20260515002339,[첨부정정]사업보고서 (2025.12),20260515,OK,OK,수입원가부담,0,0,0,0,0,0,0,,,18,D,환율노출 공시 단서 부족,5.0,5.25,11.0,8.0,2.0,8.0,8.0,5.0,0.0,0.0,52.25
004910,조광페인트,00148920,20260323001645,[기재정정]사업보고서 (2025.12),20260323,OK,OK,기타,50,73,1,153,1332,5,78,57.04,,286662,B,주석 수치 일부와 환율노출 키워드 확인,14.26,6.0,8.0,7.0,3.0,3.0,8.0,2.0,2.0,5.0,58.26
004700,조광피혁,00148939,20260319000650,사업보고서 (2025.12),20260319,OK,OK,기타,7,57,10,54,502,0,28,15.7,,150006,A,주석에서 환율노출 관련 수치 다수 확인,3.92,6.0,8.0,7.0,3.0,8.0,8.0,5.0,0.0,5.0,53.92
001550,조비,00148948,20260318000442,사업보고서 (2025.12),20260318,OK,OK,기타,11,106,2,178,708,1,39,89.3,100.0,186902,A,주석에서 환율노출 관련 수치 다수 확인,22.32,6.0,0.0,7.0,3.0,8.0,8.0,5.0,0.4,5.0,64.72
462520,조선내화,01770203,20260319000141,[기재정정]사업보고서 (2025.12),20260319,OK,OK,조선,27,30,0,29,1380,2,71,34.2,,262453,B,주석 수치 일부와 환율노출 키워드 확인,8.55,11.25,8.0,8.0,4.0,8.0,10.0,5.0,0.8,5.0,68.6
120030,조선선재,00796994,20260518000009,[기재정정]사업보고서 (2025.12),20260518,OK,OK,조선,14,29,2,14,341,1,12,,,103123,B,주석 수치 일부와 환율노출 키워드 확인,22.5,11.25,8.0,7.0,4.0,8.0,8.0,5.0,0.4,5.0,79.15
018470,조일알미늄,00149239,20260312000761,사업보고서 (2025.12),20260312,OK,OK,기타,20,76,13,72,779,0,38,96.35,,212977,A,주석에서 환율노출 관련 수치 다수 확인,24.09,6.0,8.0,7.0,3.0,8.0,8.0,5.0,0.0,5.0,74.09
002600,조흥,00149345,20260312000677,사업보고서 (2025.12),20260312,OK,OK,기타,12,109,12,389,1264,0,102,,,328516,B,주석 수치 일부와 환율노출 키워드 확인,6.25,6.0,8.0,7.0,3.0,8.0,8.0,5.0,0.0,5.0,56.25
185750,종근당,00992871,20260318001376,사업보고서 (2025.12),20260318,OK,OK,바이오/제약,111,168,28,78,1725,0,89,10.0,,483663,B,주석 수치 일부와 환율노출 키워드 확인,2.5,9.0,8.0,7.0,5.5,8.0,8.0,5.0,0.0,5.0,58.0
063160,종근당바이오,00390055,20260318001214,사업보고서 (2025.12),20260318,OK,OK,바이오/제약,161,74,11,149,868,4,79,73.7,,248423,B,주석 수치 일부와 환율노출 키워드 확인,18.43,9.0,8.0,7.0,5.5,3.0,8.0,5.0,1.6,5.0,70.52
001630,종근당홀딩스,00149354,20260318001530,사업보고서 (2025.12),20260318,OK,OK,바이오/제약,270,154,13,151,1876,2,139,,,539311,B,주석 수치 일부와 환율노출 키워드 확인,16.25,9.0,8.0,7.0,5.5,8.0,8.0,5.0,0.8,5.0,72.55
109070,주성코퍼레이션,00753643,20260318000727,사업보고서 (2025.12),20260318,OK,OK,기타,120,49,0,28,1265,5,42,,,350266,B,주석 수치 일부와 환율노출 키워드 확인,6.25,6.0,8.0,8.0,3.0,3.0,10.0,5.0,2.0,5.0,56.25
044380,주연테크,00269241,20260319000699,사업보고서 (2025.12),20260319,OK,OK,기타,27,49,18,58,1535,0,53,17.87,,346368,B,주석 수치 일부와 환율노출 키워드 확인,4.47,6.0,8.0,7.0,3.0,8.0,7.0,5.0,0.0,5.0,53.47
013890,지누스,00150633,20260313000634,사업보고서 (2025.12),20260313,OK,OK,기타,136,476,31,83,1199,0,60,92.2,,389098,B,주석 수치 일부와 환율노출 키워드 확인,23.05,6.0,8.0,7.0,3.0,3.0,10.0,5.0,0.0,5.0,70.05
013870,지엠비코리아,00156354,20260320001109,사업보고서 (2025.12),20260320,OK,OK,기타,179,107,22,130,2320,6,205,100.0,95.0,498349,A,주석에서 환율노출 관련 수치 다수 확인,25.0,6.0,0.75,7.0,3.0,8.0,8.0,5.0,2.4,5.0,70.15
071320,지역난방공사,00159698,20260313000652,사업보고서 (2025.12),20260313,OK,OK,기타,6,22,0,511,2137,0,59,,30.99,450888,B,주석 수치 일부와 환율노출 키워드 확인,6.25,6.0,10.35,8.0,3.0,8.0,8.0,5.0,0.0,5.0,59.6
088790,진도,00557933,20260323000280,사업보고서 (2025.12),20260323,OK,OK,기타,6,28,0,18,519,1,18,10.0,,183669,B,주석 수치 일부와 환율노출 키워드 확인,2.5,6.0,8.0,8.0,3.0,8.0,10.0,5.0,0.4,5.0,55.9
003780,진양산업,00150439,20260304001741,사업보고서 (2025.12),20260305,OK,OK,기타,10,22,0,11,1008,0,37,,,286063,B,주석 수치 일부와 환율노출 키워드 확인,6.25,6.0,8.0,8.0,3.0,8.0,7.0,5.0,0.0,5.0,56.25
010640,진양폴리,00160375,20260227008561,사업보고서 (2025.12),20260227,OK,OK,기타,10,8,1,20,455,1,8,,,148770,B,주석 수치 일부와 환율노출 키워드 확인,6.25,6.0,8.0,7.0,3.0,8.0,10.0,5.0,0.4,4.0,57.65
100250,진양홀딩스,00646732,20260312001025,[기재정정]사업보고서 (2025.12),20260312,OK,OK,기타,30,56,8,2,884,1,69,68.3,,218387,B,주석 수치 일부와 환율노출 키워드 확인,17.07,6.0,10.0,7.0,3.0,8.0,10.0,5.0,0.4,5.0,71.48
051630,진양화학,00347734,20260303003003,사업보고서 (2025.12),20260303,OK,OK,수입원가부담,11,11,0,19,556,2,16,10.0,,177309,B,주석 수치 일부와 환율노출 키워드 확인,2.5,5.25,8.0,8.0,0.0,8.0,7.0,5.0,0.8,5.0,49.55
272450,진에어,00653024,20260318000946,사업보고서 (2025.12),20260318,OK,OK,기타,57,31,3,20,814,3,65,10.0,,222795,B,주석 수치 일부와 환율노출 키워드 확인,2.5,6.0,8.0,7.0,3.0,8.0,8.0,5.0,1.2,5.0,53.7
011000,진원생명과학,00118521,20260407003512,사업보고서 (2025.12),20260407,OK,OK,기타,378,125,0,385,1547,30,86,62.0,,578781,B,주석 수치 일부와 환율노출 키워드 확인,15.5,6.0,8.0,8.0,3.0,3.0,7.0,2.0,5.0,5.0,62.5
002780,진흥기업,00150828,20260311004416,사업보고서 (2025.12),20260311,OK,OK,기타,2,8,0,31,1251,49,20,,,272337,C,보고서 텍스트 단서와 산업 프록시 중심,6.25,6.0,8.0,8.0,3.0,8.0,10.0,5.0,5.0,5.0,64.25
002787,진흥기업2우B,,,,,NO_CORP_CODE,OK,기타,0,0,0,0,0,0,0,,,0,D,DART 고유번호 매칭 실패,6.25,6.0,11.0,8.0,5.5,8.0,7.0,5.0,0.0,0.0,56.75
002785,진흥기업우B,,,,,NO_CORP_CODE,OK,기타,0,0,0,0,0,0,0,,,0,D,DART 고유번호 매칭 실패,6.25,6.0,11.0,8.0,5.5,8.0,10.0,5.0,0.0,0.0,59.75
025620,차AI헬스케어,00136776,20260319001268,사업보고서 (2025.12),20260319,OK,OK,기타,37,27,8,311,1471,0,33,100.0,,430865,A,주석에서 환율노출 관련 수치 다수 확인,25.0,6.0,8.0,7.0,3.0,3.0,8.0,5.0,0.0,5.0,70.0
009310,참엔지니어링,00153621,20260318001238,사업보고서 (2025.12),20260318,OK,OK,기타,95,127,0,84,1370,2,41,90.0,,403033,B,주석 수치 일부와 환율노출 키워드 확인,22.5,6.0,8.0,8.0,3.0,8.0,2.0,5.0,0.8,5.0,68.3
000650,천일고속,00151395,20260319000972,사업보고서 (2025.12),20260319,OK,OK,기타,0,0,4,30,498,2,4,,,144982,B,주석 수치 일부와 환율노출 키워드 확인,6.25,6.0,8.0,4.0,3.0,3.0,8.0,5.0,0.8,2.0,46.05
033250,체시스,00125576,20260323000928,사업보고서 (2025.12),20260323,OK,OK,기타,23,28,0,221,919,1,42,83.4,,305914,B,주석 수치 일부와 환율노출 키워드 확인,20.85,6.0,8.0,8.0,3.0,8.0,2.0,5.0,0.4,5.0,66.25
035720,카카오,00258801,20260318001423,사업보고서 (2025.12),20260318,OK,OK,기타,97,102,4,318,2652,0,106,50.0,,1088375,B,주석 수치 일부와 환율노출 키워드 확인,12.5,6.0,8.0,7.0,3.0,8.0,8.0,5.0,0.0,5.0,62.5
323410,카카오뱅크,01133217,20260318000884,사업보고서 (2025.12),20260318,OK,OK,기타,4,43,9,160,909,0,37,,20.0,372687,B,주석 수치 일부와 환율노출 키워드 확인,6.25,6.0,12.0,7.0,3.0,8.0,4.0,5.0,0.0,5.0,56.25
377300,카카오페이,01244601,20260312001366,사업보고서 (2025.12),20260312,OK,OK,기타,19,83,6,108,1802,0,67,,,583247,B,주석 수치 일부와 환율노출 키워드 확인,6.25,6.0,8.0,7.0,3.0,8.0,8.0,5.0,0.0,5.0,56.25
006380,카프로,00159810,20260323000718,사업보고서 (2025.12),20260323,OK,OK,기타,20,25,6,22,849,2,29,,,230545,B,주석 수치 일부와 환율노출 키워드 확인,6.25,6.0,8.0,7.0,3.0,3.0,5.0,5.0,0.8,5.0,49.05
279570,케이뱅크,01203312,20260323001560,사업보고서 (2025.12),20260323,OK,OK,기타,8,0,4,5,579,2,14,,,238321,B,주석 수치 일부와 환율노출 키워드 확인,6.25,6.0,8.0,4.0,3.0,8.0,10.0,5.0,0.8,5.0,56.05
001620,케이비아이동국실업,00114765,20260317000470,사업보고서 (2025.12),20260317,OK,OK,기타,104,99,14,28,2256,2,110,99.0,,435830,B,주석 수치 일부와 환율노출 키워드 확인,24.75,6.0,8.0,7.0,3.0,3.0,4.0,5.0,0.8,5.0,66.55
029460,케이씨,00209780,20260316001307,사업보고서 (2025.12),20260316,OK,OK,기타,53,138,14,227,1351,23,87,100.0,50.0,393745,A,주석에서 환율노출 관련 수치 다수 확인,25.0,6.0,7.5,7.0,3.0,8.0,8.0,5.0,5.0,5.0,79.5
281820,케이씨텍,01261893,20260313001174,사업보고서 (2025.12),20260313,OK,OK,기타,59,121,18,137,1154,28,78,14.0,14.0,306540,A,주석에서 환율노출 관련 수치 다수 확인,3.5,6.0,12.9,7.0,3.0,8.0,7.0,5.0,5.0,5.0,62.4
381970,케이카,01323032,20260318000506,사업보고서 (2025.12),20260318,OK,OK,기타,6,3,0,38,728,0,19,,,218856,C,보고서 텍스트 단서와 산업 프록시 중심,6.25,6.0,8.0,8.0,3.0,8.0,8.0,5.0,0.0,5.0,57.25
145270,케이탑리츠,00861076,20260312001183,사업보고서 (2025.12),20260312,OK,OK,기타,0,30,0,36,1879,0,12,,,311581,B,주석 수치 일부와 환율노출 키워드 확인,6.25,6.0,8.0,8.0,3.0,8.0,10.0,5.0,0.0,5.0,59.25
417310,코람코더원리츠,01180118,20260521000683,사업보고서 (2026.02),20260521,OK,OK,기타,16,0,0,17,632,0,2,,,108389,C,보고서 텍스트 단서와 산업 프록시 중심,6.25,6.0,8.0,8.0,3.0,8.0,4.0,5.0,0.0,1.0,49.25
357120,코람코라이프인프라리츠,01430475,20260213001848,사업보고서 (2025.11),20260213,OK,OK,기타,20,0,0,11,1159,0,2,,,155615,C,보고서 텍스트 단서와 산업 프록시 중심,6.25,6.0,8.0,8.0,3.0,8.0,8.0,5.0,0.0,1.0,53.25
007815,코리아써우,,,,,NO_CORP_CODE,OK,기타,0,0,0,0,0,0,0,,,0,D,DART 고유번호 매칭 실패,6.25,6.0,11.0,8.0,5.5,8.0,2.0,5.0,0.0,0.0,51.75
007810,코리아써키트,00152686,20260319000865,사업보고서 (2025.12),20260319,OK,OK,기타,105,179,8,280,1706,19,78,0.28,64.2,474430,A,주석에서 환율노출 관련 수치 다수 확인,0.07,6.0,5.37,7.0,3.0,8.0,2.0,5.0,5.0,5.0,46.44
003690,코리안리,00113191,20260331003834,[기재정정]사업보고서 (2025.12),20260331,OK,OK,기타,21,128,10,905,1362,13,98,,,568036,C,보고서 텍스트 단서와 산업 프록시 중심,6.25,6.0,8.0,7.0,3.0,8.0,7.0,5.0,5.0,5.0,60.25
192820,코스맥스,01009789,20260318000694,사업보고서 (2025.12),20260318,OK,OK,K뷰티/소비재,112,69,6,491,1643,1,91,90.0,,555479,B,주석 수치 일부와 환율노출 키워드 확인,22.5,8.25,8.0,7.0,5.0,8.0,8.0,5.0,0.4,5.0,77.15
044820,코스맥스비티아이,00219574,20260317000869,사업보고서 (2025.12),20260317,OK,OK,K뷰티/소비재,77,83,26,588,1285,1,82,63.0,,476866,B,주석 수치 일부와 환율노출 키워드 확인,15.75,8.25,8.0,7.0,5.0,8.0,10.0,5.0,0.4,5.0,72.4
005070,코스모신소재,00129989,20260602000342,[기재정정]사업보고서 (2025.12),20260602,OK,OK,기타,41,72,26,19,635,7,34,75.0,,146534,B,주석 수치 일부와 환율노출 키워드 확인,18.75,6.0,8.0,7.0,3.0,8.0,8.0,5.0,2.8,5.0,71.55
005420,코스모화학,00160302,20260602000269,[기재정정]사업보고서 (2025.12),20260602,OK,OK,수입원가부담,65,204,54,86,1030,11,53,75.0,68.54,259785,A,주석에서 환율노출 관련 수치 다수 확인,18.75,5.25,4.72,7.0,0.0,8.0,8.0,5.0,4.4,5.0,66.12
071950,코아스,00210856,20260324000545,사업보고서 (2025.12),20260324,OK,OK,기타,49,0,8,161,1275,0,8,1.57,,389203,B,주석 수치 일부와 환율노출 키워드 확인,0.39,6.0,8.0,4.0,3.0,8.0,4.0,2.0,0.0,4.0,39.39
002020,코오롱,00152862,20260323001718,사업보고서 (2025.12),20260323,OK,OK,기타,325,247,17,943,3864,73,125,79.6,,968995,B,주석 수치 일부와 환율노출 키워드 확인,19.9,6.0,8.0,7.0,3.0,8.0,8.0,5.0,5.0,5.0,74.9
138490,코오롱ENP,00241005,20260317000831,사업보고서 (2025.12),20260317,OK,OK,기타,76,222,32,31,1851,8,102,5.0,,392531,A,주석에서 환율노출 관련 수치 다수 확인,1.25,6.0,8.0,7.0,3.0,8.0,2.0,5.0,3.2,5.0,48.45
003070,코오롱글로벌,00152880,20260323001556,사업보고서 (2025.12),20260323,OK,OK,기타,125,189,10,408,3053,123,62,79.6,,711561,B,주석 수치 일부와 환율노출 키워드 확인,19.9,6.0,8.0,7.0,3.0,8.0,8.0,5.0,5.0,5.0,74.9
003075,코오롱글로벌우,,,,,NO_CORP_CODE,OK,기타,0,0,0,0,0,0,0,,,0,D,DART 고유번호 매칭 실패,6.25,6.0,11.0,8.0,5.5,8.0,10.0,5.0,0.0,0.0,59.75
002025,코오롱우,,,,,NO_CORP_CODE,OK,기타,0,0,0,0,0,0,0,,,0,D,DART 고유번호 매칭 실패,6.25,6.0,11.0,8.0,5.5,8.0,8.0,5.0,0.0,0.0,57.75
120110,코오롱인더,00795135,20260331001900,[기재정정]사업보고서 (2025.12),20260331,OK,OK,기타,195,146,74,599,1877,3,87,47.24,,480015,B,주석 수치 일부와 환율노출 키워드 확인,11.81,6.0,8.0,7.0,3.0,8.0,10.0,5.0,1.2,5.0,65.01
120115,코오롱인더우,,,,,NO_CORP_CODE,OK,기타,0,0,0,0,0,0,0,,,0,D,DART 고유번호 매칭 실패,6.25,6.0,11.0,8.0,5.5,8.0,8.0,5.0,0.0,0.0,57.75
021240,코웨이,00170558,20260323000924,사업보고서 (2025.12),20260323,OK,OK,기타,63,162,6,449,1715,23,51,90.9,27.93,598029,A,주석에서 환율노출 관련 수치 다수 확인,22.73,6.0,10.81,7.0,3.0,8.0,4.0,5.0,5.0,5.0,76.54
036420,콘텐트리중앙,00203315,20260318001520,사업보고서 (2025.12),20260318,OK,OK,기타,34,61,4,211,2041,1,66,63.0,4.74,558722,A,주석에서 환율노출 관련 수치 다수 확인,15.75,6.0,14.29,7.0,3.0,3.0,8.0,2.0,0.4,5.0,64.44
024720,콜마홀딩스,00203290,20260318001455,사업보고서 (2025.12),20260318,OK,OK,기타,192,75,11,147,1815,14,83,66.5,,513047,A,주석에서 환율노출 관련 수치 다수 확인,16.62,6.0,8.0,7.0,3.0,8.0,8.0,5.0,5.0,5.0,71.62
192400,쿠쿠홀딩스,00132354,20260316001353,사업보고서 (2025.12),20260316,OK,OK,기타,97,49,0,65,1221,0,41,,,348942,B,주석 수치 일부와 환율노출 키워드 확인,6.25,6.0,8.0,8.0,3.0,8.0,10.0,5.0,0.0,5.0,59.25
284740,쿠쿠홈시스,01267684,20260318001337,사업보고서 (2025.12),20260318,OK,OK,기타,39,71,12,28,1287,0,55,,,393030,B,주석 수치 일부와 환율노출 키워드 확인,6.25,6.0,8.0,7.0,3.0,8.0,10.0,5.0,0.0,5.0,58.25
264900,크라운제과,01205329,20260318000900,사업보고서 (2025.12),20260318,OK,OK,기타,11,34,0,36,800,2,45,10.0,,200554,A,주석에서 환율노출 관련 수치 다수 확인,2.5,6.0,8.0,8.0,3.0,8.0,10.0,5.0,0.8,5.0,56.3
005740,크라운해태홀딩스,00153126,20260318000921,사업보고서 (2025.12),20260318,OK,OK,기타,20,54,5,102,1640,5,89,14.06,,417372,A,주석에서 환율노출 관련 수치 다수 확인,3.52,6.0,8.0,7.0,3.0,8.0,8.0,5.0,2.0,5.0,55.52
005745,크라운해태홀딩스우,,,,,NO_CORP_CODE,OK,기타,0,0,0,0,0,0,0,,,0,D,DART 고유번호 매칭 실패,6.25,6.0,11.0,8.0,5.5,8.0,8.0,5.0,0.0,0.0,57.75
259960,크래프톤,00760971,20260515002689,[기재정정]사업보고서 (2025.12),20260515,OK,OK,기타,151,111,12,148,1692,0,91,7.9,15.97,617025,A,주석에서 환율노출 관련 수치 다수 확인,1.98,6.0,12.6,7.0,3.0,8.0,8.0,5.0,0.0,5.0,56.58
020120,키다리스튜디오,00140131,20260317000560,사업보고서 (2025.12),20260317,OK,OK,기타,39,193,66,52,1310,0,111,65.3,,454754,A,주석에서 환율노출 관련 수치 다수 확인,16.32,6.0,8.0,7.0,3.0,8.0,8.0,5.0,0.0,5.0,66.33
039490,키움증권,00296290,20260317000838,사업보고서 (2025.12),20260317,OK,OK,기타,154,62,0,903,3696,6,62,100.0,9.0,1187505,B,주석 수치 일부와 환율노출 키워드 확인,25.0,6.0,13.65,8.0,3.0,8.0,8.0,5.0,2.4,5.0,84.05
014580,태경비케이,00122481,20260319000934,사업보고서 (2025.12),20260319,OK,OK,기타,70,133,15,23,1721,10,54,100.0,,563168,B,주석 수치 일부와 환율노출 키워드 확인,25.0,6.0,8.0,7.0,3.0,8.0,8.0,5.0,4.0,5.0,79.0
015890,태경산업,00153339,20260323001550,사업보고서 (2025.12),20260323,OK,OK,기타,89,95,11,100,1608,2,56,4.26,,535916,B,주석 수치 일부와 환율노출 키워드 확인,1.06,6.0,8.0,7.0,3.0,8.0,10.0,5.0,0.8,5.0,53.86
006890,태경케미컬,00109161,20260317000715,사업보고서 (2025.12),20260317,OK,OK,기타,68,2,0,50,1016,1,69,1.0,,398306,B,주석 수치 일부와 환율노출 키워드 확인,0.25,6.0,8.0,8.0,3.0,3.0,8.0,5.0,0.4,5.0,46.65
003240,태광산업,00153393,20260323001584,사업보고서 (2025.12),20260323,OK,OK,기타,66,229,26,164,1735,0,94,84.0,,468951,A,주석에서 환율노출 관련 수치 다수 확인,21.0,6.0,8.0,7.0,3.0,3.0,10.0,5.0,0.0,5.0,68.0
011280,태림포장,00153524,20260319001237,사업보고서 (2025.12),20260319,OK,OK,기타,24,39,0,113,1403,2,46,,,297661,B,주석 수치 일부와 환율노출 키워드 확인,6.25,6.0,8.0,8.0,3.0,3.0,8.0,5.0,0.8,5.0,53.05
004100,태양금속,00153755,20260324000742,[기재정정]사업보고서 (2025.12),20260324,OK,OK,기타,81,47,0,55,1212,0,25,28.1,,311467,B,주석 수치 일부와 환율노출 키워드 확인,7.03,6.0,8.0,8.0,3.0,8.0,10.0,5.0,0.0,5.0,60.02
004105,태양금속우,,,,,NO_CORP_CODE,OK,기타,0,0,0,0,0,0,0,,,0,D,DART 고유번호 매칭 실패,6.25,6.0,11.0,8.0,5.5,8.0,10.0,5.0,0.0,0.0,59.75
009410,태영건설,00153861,20260318001574,사업보고서 (2025.12),20260318,OK,OK,기타,24,93,25,228,5211,145,76,10.0,,1000689,A,주석에서 환율노출 관련 수치 다수 확인,2.5,6.0,8.0,7.0,3.0,8.0,10.0,5.0,5.0,5.0,59.5
009415,태영건설우,,,,,NO_CORP_CODE,OK,기타,0,0,0,0,0,0,0,,,0,D,DART 고유번호 매칭 실패,6.25,6.0,11.0,8.0,5.5,8.0,7.0,5.0,0.0,0.0,56.75
001420,태원물산,00154055,20260327001530,[기재정정]사업보고서 (2025.12),20260327,OK,OK,기타,35,32,0,28,394,3,12,,,112532,B,주석 수치 일부와 환율노출 키워드 확인,6.25,6.0,8.0,8.0,3.0,3.0,10.0,5.0,1.2,5.0,55.45
055490,테이팩스,00256955,20260316001319,사업보고서 (2025.12),20260316,OK,OK,기타,51,107,1,111,1217,1,52,10.32,,322492,B,주석 수치 일부와 환율노출 키워드 확인,2.58,6.0,8.0,7.0,3.0,8.0,10.0,5.0,0.4,5.0,54.98
078000,텔코웨어,00361488,20260319000726,사업보고서 (2025.12),20260319,OK,OK,기타,13,65,0,36,1084,2,38,10.0,,274809,B,주석 수치 일부와 환율노출 키워드 확인,2.5,6.0,8.0,8.0,3.0,3.0,8.0,5.0,0.8,5.0,49.3
214420,토니모리,00816544,20260323001192,사업보고서 (2025.12),20260323,OK,OK,기타,124,81,1,152,1317,0,54,,,397633,C,보고서 텍스트 단서와 산업 프록시 중심,6.25,6.0,8.0,7.0,3.0,8.0,8.0,5.0,0.0,5.0,56.25
091810,트리니티항공,00671376,20260430001376,[기재정정]사업보고서 (2025.12),20260430,OK,OK,수입원가부담,49,80,8,73,1095,0,34,90.82,,276850,B,주석 수치 일부와 환율노출 키워드 확인,22.7,5.25,8.0,7.0,0.0,8.0,8.0,5.0,0.0,5.0,68.95
019180,티에이치엔,00118965,20260323001500,사업보고서 (2025.12),20260323,OK,OK,기타,134,389,5,130,1875,1,55,10.0,,399550,B,주석 수치 일부와 환율노출 키워드 확인,2.5,6.0,8.0,7.0,3.0,8.0,8.0,5.0,0.4,5.0,52.9
217590,티엠씨,00949161,20260318000642,사업보고서 (2025.12),20260318,OK,OK,기타,148,228,14,284,1905,103,98,,,437228,B,주석 수치 일부와 환율노출 키워드 확인,6.25,6.0,8.0,7.0,3.0,8.0,10.0,5.0,5.0,5.0,63.25
363280,티와이홀딩스,01497869,20260320000006,사업보고서 (2025.12),20260320,OK,OK,기타,27,41,2,409,2959,7,45,,,647086,B,주석 수치 일부와 환율노출 키워드 확인,6.25,6.0,8.0,7.0,3.0,3.0,8.0,5.0,2.8,5.0,54.05
004870,티웨이홀딩스,00109514,20260323001343,사업보고서 (2025.12),20260323,OK,OK,기타,16,11,0,42,730,0,18,,,199946,B,주석 수치 일부와 환율노출 키워드 확인,6.25,6.0,8.0,8.0,3.0,3.0,10.0,5.0,0.0,5.0,54.25
034230,파라다이스,00171265,20260319001270,사업보고서 (2025.12),20260319,OK,OK,기타,40,128,8,470,1610,0,108,100.0,10.0,436783,A,주석에서 환율노출 관련 수치 다수 확인,25.0,6.0,13.5,7.0,3.0,8.0,10.0,5.0,0.0,5.0,82.5
005690,파미셀,00145163,20260318000243,사업보고서 (2025.12),20260318,OK,OK,기타,38,43,0,41,537,0,17,10.0,,163783,B,주석 수치 일부와 환율노출 키워드 확인,2.5,6.0,8.0,8.0,3.0,8.0,8.0,5.0,0.0,5.0,53.5
036580,팜스코,00260408,20260320000233,사업보고서 (2025.12),20260320,OK,OK,기타,68,317,54,359,2328,3,125,,,547567,B,주석 수치 일부와 환율노출 키워드 확인,6.25,6.0,8.0,7.0,3.0,8.0,10.0,5.0,1.2,5.0,59.45
004720,팜젠사이언스,00135050,20260515001314,[기재정정]사업보고서 (2025.12),20260515,OK,OK,기타,44,8,0,78,1027,6,18,,,265653,C,보고서 텍스트 단서와 산업 프록시 중심,6.25,6.0,8.0,8.0,3.0,8.0,8.0,5.0,2.4,5.0,59.65
028670,팬오션,00122737,20260319001097,사업보고서 (2025.12),20260319,OK,OK,기타,208,353,10,415,2171,563,54,91.0,,438963,B,주석 수치 일부와 환율노출 키워드 확인,22.75,6.0,8.0,7.0,3.0,8.0,10.0,5.0,5.0,5.0,79.75
010820,퍼스텍,00148522,20260312000931,사업보고서 (2025.12),20260312,OK,OK,기타,8,63,9,20,689,34,44,10.0,,170810,B,주석 수치 일부와 환율노출 키워드 확인,2.5,6.0,8.0,7.0,3.0,8.0,8.0,5.0,5.0,5.0,57.5
016800,퍼시스,00161709,20260407003277,[기재정정]사업보고서 (2025.12),20260407,OK,OK,기타,36,96,12,33,819,0,71,,,219731,B,주석 수치 일부와 환율노출 키워드 확인,6.25,6.0,8.0,7.0,3.0,3.0,8.0,5.0,0.0,5.0,51.25
001020,페이퍼코리아,00134723,20260323001240,사업보고서 (2025.12),20260323,OK,OK,기타,44,173,14,602,2040,2,72,10.0,,463085,B,주석 수치 일부와 환율노출 키워드 확인,2.5,6.0,8.0,7.0,3.0,8.0,4.0,5.0,0.8,5.0,49.3
090080,평화산업,00573579,20260316000837,사업보고서 (2025.12),20260316,OK,OK,기타,63,266,16,159,1373,0,106,20.0,,439822,B,주석 수치 일부와 환율노출 키워드 확인,5.0,6.0,8.0,7.0,3.0,8.0,8.0,5.0,0.0,5.0,55.0
010770,평화홀딩스,00155124,20260316000856,사업보고서 (2025.12),20260316,OK,OK,기타,71,205,0,80,1123,1,46,,,376680,C,보고서 텍스트 단서와 산업 프록시 중심,6.25,6.0,8.0,8.0,3.0,8.0,10.0,5.0,0.4,5.0,59.65
022100,포스코DX,00155212,20260417000431,[기재정정]사업보고서 (2025.12),20260417,OK,OK,기타,37,89,8,64,1344,58,110,,,413066,B,주석 수치 일부와 환율노출 키워드 확인,6.25,6.0,8.0,7.0,3.0,8.0,8.0,5.0,5.0,5.0,61.25
058430,포스코스틸리온,00155258,20260317000684,사업보고서 (2025.12),20260317,OK,OK,기타,89,130,8,24,1148,3,66,49.0,,335295,B,주석 수치 일부와 환율노출 키워드 확인,12.25,6.0,8.0,7.0,3.0,8.0,8.0,5.0,1.2,5.0,63.45
047050,포스코인터내셔널,00124504,20260318001494,[기재정정]사업보고서 (2025.12),20260318,OK,OK,기타,202,287,26,338,1939,18,43,57.7,2.225,533255,A,주석에서 환율노출 관련 수치 다수 확인,14.43,6.0,14.67,7.0,3.0,8.0,8.0,5.0,5.0,5.0,76.09
003670,포스코퓨처엠,00155276,20260312000826,사업보고서 (2025.12),20260312,OK,OK,기타,181,125,10,147,1987,40,71,100.0,,538470,B,주석 수치 일부와 환율노출 키워드 확인,25.0,6.0,8.0,7.0,3.0,8.0,8.0,5.0,5.0,5.0,80.0
017810,풀무원,00155355,20260323001547,[기재정정]사업보고서 (2025.12),20260323,OK,OK,기타,102,92,9,62,1115,5,33,100.0,,323333,B,주석 수치 일부와 환율노출 키워드 확인,25.0,6.0,8.0,7.0,3.0,8.0,8.0,5.0,2.0,5.0,77.0
103140,풍산,00684714,20260312001327,사업보고서 (2025.12),20260312,OK,OK,방산,178,205,30,317,2093,66,77,69.0,,492626,B,주석 수치 일부와 환율노출 키워드 확인,17.25,10.2,8.0,7.0,5.0,8.0,8.0,5.0,5.0,5.0,78.45
005810,풍산홀딩스,00155531,20260312001433,사업보고서 (2025.12),20260312,OK,OK,방산,98,86,8,110,1214,29,64,100.0,0.7,330874,A,주석에서 환율노출 관련 수치 다수 확인,25.0,10.2,14.89,7.0,5.0,8.0,8.0,5.0,5.0,5.0,93.09
950210,프레스티지바이오파마,01510489,20250923000316,[기재정정]사업보고서 (2025.06),20250923,OK,OK,바이오/제약,184,538,4,67,932,2,51,34.2,,281782,B,주석 수치 일부와 환율노출 키워드 확인,8.55,9.0,8.0,7.0,5.5,3.0,8.0,5.0,0.8,5.0,59.85
009810,플레이그램,00103130,20260318000918,사업보고서 (2025.12),20260318,OK,OK,기타,35,22,0,164,1054,0,36,,,334414,B,주석 수치 일부와 환율노출 키워드 확인,6.25,6.0,8.0,8.0,3.0,8.0,4.0,5.0,0.0,5.0,53.25
086790,하나금융지주,00547583,20260316001292,사업보고서 (2025.12),20260316,OK,OK,기타,359,187,86,1221,6887,24,132,84.86,,1761151,A,주석에서 환율노출 관련 수치 다수 확인,21.21,6.0,8.0,7.0,3.0,8.0,7.0,5.0,5.0,5.0,75.22
293480,하나제약,00248974,20260320001014,사업보고서 (2025.12),20260320,OK,OK,기타,40,36,4,7,669,4,46,,,231499,B,주석 수치 일부와 환율노출 키워드 확인,6.25,6.0,8.0,7.0,3.0,8.0,8.0,5.0,1.6,5.0,57.85
039130,하나투어,00269940,20260319001345,사업보고서 (2025.12),20260319,OK,OK,기타,27,69,7,45,1833,0,71,,,448033,B,주석 수치 일부와 환율노출 키워드 확인,6.25,6.0,8.0,7.0,3.0,8.0,8.0,5.0,0.0,5.0,56.25
352820,하이브,01204056,20260320000802,사업보고서 (2025.12),20260320,OK,OK,기타,345,43,0,132,1806,0,142,99.86,,601811,B,주석 수치 일부와 환율노출 키워드 확인,24.96,6.0,8.0,8.0,3.0,3.0,8.0,5.0,0.0,5.0,70.97
071090,하이스틸,00435312,20260310002913,사업보고서 (2025.12),20260310,OK,OK,기타,172,164,4,169,1073,4,41,40.0,,323649,B,주석 수치 일부와 환율노출 키워드 확인,10.0,6.0,8.0,7.0,3.0,8.0,8.0,5.0,1.6,5.0,61.6
000080,하이트진로,00150244,20260318000752,사업보고서 (2025.12),20260318,OK,OK,기타,67,91,24,298,2471,0,97,5.0,,620010,B,주석 수치 일부와 환율노출 키워드 확인,1.25,6.0,8.0,7.0,3.0,8.0,10.0,5.0,0.0,5.0,53.25
000087,하이트진로2우B,,,,,NO_CORP_CODE,OK,기타,0,0,0,0,0,0,0,,,0,D,DART 고유번호 매칭 실패,6.25,6.0,11.0,8.0,5.5,8.0,8.0,5.0,0.0,0.0,57.75
000140,하이트진로홀딩스,00148993,20260318001474,사업보고서 (2025.12),20260318,OK,OK,기타,50,68,18,300,2054,0,79,1.52,,513143,B,주석 수치 일부와 환율노출 키워드 확인,0.38,6.0,8.0,7.0,3.0,8.0,8.0,5.0,0.0,5.0,50.38
000145,하이트진로홀딩스우,,,,,NO_CORP_CODE,OK,기타,0,0,0,0,0,0,0,,,0,D,DART 고유번호 매칭 실패,6.25,6.0,11.0,8.0,5.5,8.0,8.0,5.0,0.0,0.0,57.75
152550,한국ANKOR유전,00907013,,,,DART_LIST_013_조회된 데이타가 없습니다.,NO_REPORT,기타,0,0,0,0,0,0,0,,,0,D,보고서 원문 미확보,6.25,6.0,11.0,8.0,5.5,8.0,8.0,5.0,0.0,0.0,57.75
036460,한국가스공사,00261285,20260323001058,사업보고서 (2025.12),20260323,OK,OK,수입원가부담,102,593,27,1057,4992,139,96,3.93,3.3,995338,A,주석에서 환율노출 관련 수치 다수 확인,0.98,5.25,14.5,7.0,0.0,8.0,10.0,5.0,5.0,5.0,60.74
005430,한국공항,00156691,20260319000066,[기재정정]사업보고서 (2025.12),20260319,OK,OK,기타,72,53,16,39,1051,4,51,98.4,,251916,B,주석 수치 일부와 환율노출 키워드 확인,24.6,6.0,8.0,7.0,3.0,8.0,7.0,5.0,1.6,5.0,75.2
071050,한국금융지주,00432102,20260319001006,사업보고서 (2025.12),20260319,OK,OK,기타,454,218,1,495,3340,24,91,,,1316653,B,주석 수치 일부와 환율노출 키워드 확인,6.25,6.0,8.0,7.0,3.0,8.0,10.0,5.0,5.0,5.0,63.25
071055,한국금융지주우,,,,,NO_CORP_CODE,OK,기타,0,0,0,0,0,0,0,,,0,D,DART 고유번호 매칭 실패,6.25,6.0,11.0,8.0,5.5,8.0,10.0,5.0,0.0,0.0,59.75
010040,한국내화,00160205,20260319000796,사업보고서 (2025.12),20260319,OK,OK,기타,38,87,6,17,1568,55,131,10.0,,393191,B,주석 수치 일부와 환율노출 키워드 확인,2.5,6.0,8.0,7.0,3.0,3.0,8.0,5.0,5.0,5.0,52.5
025540,한국단자,00157070,20260317000756,[첨부정정]사업보고서 (2025.12),20260317,OK,OK,기타,8,23,7,15,206,0,9,10.0,,60765,A,주석에서 환율노출 관련 수치 다수 확인,2.5,6.0,8.0,7.0,3.0,8.0,10.0,5.0,0.0,4.5,54.0
010100,한국무브넥스,00160418,20260323000529,사업보고서 (2025.12),20260323,OK,OK,기타,135,234,6,30,1587,13,83,3.77,,428015,A,주석에서 환율노출 관련 수치 다수 확인,0.94,6.0,8.0,7.0,3.0,8.0,8.0,5.0,5.0,5.0,55.94
004090,한국석유,00157991,20260319001351,사업보고서 (2025.12),20260319,OK,OK,기타,29,125,21,231,1784,2,52,,,463785,B,주석 수치 일부와 환율노출 키워드 확인,6.25,6.0,8.0,7.0,3.0,8.0,8.0,5.0,0.8,5.0,57.05
002200,한국수출포장,00158112,20260311004029,사업보고서 (2025.12),20260311,OK,OK,기타,49,110,17,16,1058,1,47,100.0,,289437,A,주석에서 환율노출 관련 수치 다수 확인,25.0,6.0,8.0,7.0,3.0,3.0,8.0,5.0,0.4,5.0,70.4
002960,한국쉘석유,00158149,20260319000588,사업보고서 (2025.12),20260319,OK,OK,기타,42,31,0,36,556,13,29,100.0,,172010,B,주석 수치 일부와 환율노출 키워드 확인,25.0,6.0,8.0,8.0,3.0,8.0,10.0,5.0,5.0,5.0,83.0
000240,한국앤컴퍼니,00160047,20260318000997,사업보고서 (2025.12),20260318,OK,OK,기타,124,85,0,372,1781,1,78,,10.0,532138,B,주석 수치 일부와 환율노출 키워드 확인,6.25,6.0,13.5,8.0,3.0,8.0,4.0,5.0,0.4,5.0,59.15
123890,한국자산신탁,00404701,20260318001022,사업보고서 (2025.12),20260318,OK,OK,기타,7,49,0,39,1485,1,55,4.54,,505653,A,주석에서 환율노출 관련 수치 다수 확인,1.14,6.0,8.0,8.0,3.0,8.0,10.0,5.0,0.4,5.0,54.53
015760,한국전력,00159193,20260317000686,사업보고서 (2025.12),20260317,OK,OK,수입원가부담,322,1372,8,996,6222,91,120,100.0,100.0,1845648,A,주석에서 환율노출 관련 수치 다수 확인,25.0,5.25,0.0,7.0,0.0,8.0,8.0,5.0,5.0,5.0,68.25
006200,한국전자홀딩스,00159254,20260319000807,사업보고서 (2025.12),20260319,OK,OK,기타,44,86,12,70,1479,15,63,100.0,,391229,B,주석 수치 일부와 환율노출 키워드 확인,25.0,6.0,8.0,7.0,3.0,3.0,7.0,5.0,5.0,5.0,74.0
027970,한국제지,00133706,20260318001240,사업보고서 (2025.12),20260318,OK,OK,기타,76,107,10,47,1232,0,69,5.0,,366150,B,주석 수치 일부와 환율노출 키워드 확인,1.25,6.0,8.0,7.0,3.0,8.0,8.0,5.0,0.0,5.0,51.25
023350,한국종합기술,00159500,20260318001681,사업보고서 (2025.12),20260318,OK,OK,기타,4,85,9,40,1364,31,61,97.0,52.96,398942,A,주석에서 환율노출 관련 수치 다수 확인,24.25,6.0,7.06,7.0,3.0,8.0,8.0,5.0,5.0,5.0,78.31
025890,한국주강,00159564,20260319000634,사업보고서 (2025.12),20260319,OK,OK,기타,7,54,0,70,537,3,18,70.0,,152839,A,주석에서 환율노출 관련 수치 다수 확인,17.5,6.0,8.0,8.0,3.0,8.0,10.0,5.0,1.2,5.0,71.7
000970,한국주철관,01949469,20260312000530,사업보고서 (2025.12),20260312,OK,OK,기타,7,15,0,16,239,0,4,80.0,,102230,B,주석 수치 일부와 환율노출 키워드 확인,20.0,6.0,8.0,8.0,3.0,3.0,10.0,5.0,0.0,2.0,65.0
104700,한국철강,00687711,20260319001021,사업보고서 (2025.12),20260319,OK,OK,기타,17,50,3,24,677,3,28,10.0,,179172,B,주석 수치 일부와 환율노출 키워드 확인,2.5,6.0,8.0,7.0,3.0,3.0,10.0,5.0,1.2,5.0,50.7
017960,한국카본,00159795,20260319001272,사업보고서 (2025.12),20260319,OK,OK,기타,114,126,0,522,2423,37,77,55.0,,588617,B,주석 수치 일부와 환율노출 키워드 확인,13.75,6.0,8.0,8.0,3.0,8.0,8.0,5.0,5.0,5.0,69.75
161890,한국콜마,00939331,20260318001196,사업보고서 (2025.12),20260318,OK,OK,K뷰티/소비재,226,66,10,113,1828,13,76,10.0,,539628,A,주석에서 환율노출 관련 수치 다수 확인,2.5,8.25,8.0,7.0,5.0,8.0,10.0,5.0,5.0,5.0,63.75
161390,한국타이어앤테크놀로지,00937324,20260318000959,사업보고서 (2025.12),20260318,OK,OK,자동차/부품,232,187,4,663,2742,3,125,,10.0,794300,B,주석 수치 일부와 환율노출 키워드 확인,18.0,8.25,13.5,7.0,4.0,8.0,2.0,5.0,1.2,5.0,71.95
034830,한국토지신탁,00233653,20260318001299,사업보고서 (2025.12),20260318,OK,OK,기타,14,20,4,99,2216,0,34,1.0,,538867,B,주석 수치 일부와 환율노출 키워드 확인,0.25,6.0,8.0,7.0,3.0,8.0,8.0,5.0,0.0,5.0,50.25
007280,한국특강,00124090,20260323000279,사업보고서 (2025.12),20260323,OK,OK,기타,42,64,10,89,711,5,56,,,182688,B,주석 수치 일부와 환율노출 키워드 확인,6.25,6.0,8.0,7.0,3.0,3.0,4.0,5.0,2.0,5.0,49.25
047810,한국항공우주,00309503,20260318001461,사업보고서 (2025.12),20260318,OK,OK,방산,223,275,24,66,1617,62,43,26.41,,539000,A,주석에서 환율노출 관련 수치 다수 확인,6.6,10.2,8.0,7.0,5.0,8.0,10.0,5.0,5.0,5.0,69.8
123690,한국화장품,00823429,20260319001261,사업보고서 (2025.12),20260319,OK,OK,기타,49,59,5,55,860,0,41,100.0,,299393,A,주석에서 환율노출 관련 수치 다수 확인,25.0,6.0,8.0,7.0,3.0,8.0,8.0,5.0,0.0,5.0,75.0
003350,한국화장품제조,00160621,20260319001214,사업보고서 (2025.12),20260319,OK,OK,기타,8,35,3,51,634,2,38,18.3,,198740,B,주석 수치 일부와 환율노출 키워드 확인,4.58,6.0,8.0,7.0,3.0,8.0,10.0,5.0,0.8,5.0,57.38
011500,한농화성,00160861,20260319000612,사업보고서 (2025.12),20260319,OK,OK,기타,19,45,4,31,947,6,42,,,225677,B,주석 수치 일부와 환율노출 키워드 확인,6.25,6.0,8.0,7.0,3.0,8.0,8.0,5.0,2.4,5.0,58.65
002390,한독,00161046,20260318000762,[첨부추가]사업보고서 (2025.12),20260318,OK,OK,기타,106,179,116,696,1978,0,119,28.2,5.1,522034,A,주석에서 환율노출 관련 수치 다수 확인,7.05,6.0,14.23,7.0,3.0,8.0,8.0,5.0,0.0,5.0,63.28
053690,한미글로벌,00413523,20260316001377,사업보고서 (2025.12),20260316,OK,OK,기타,64,122,0,98,2055,31,61,100.0,,476491,B,주석 수치 일부와 환율노출 키워드 확인,25.0,6.0,8.0,8.0,3.0,8.0,8.0,5.0,5.0,5.0,81.0
042700,한미반도체,00161383,20260312001230,사업보고서 (2025.12),20260312,OK,OK,반도체/전자부품,39,142,17,246,1185,10,61,,,344952,B,주석 수치 일부와 환율노출 키워드 확인,20.0,9.0,8.0,7.0,4.0,8.0,8.0,5.0,4.0,5.0,78.0
008930,한미사이언스,00161426,20260320001158,사업보고서 (2025.12),20260320,OK,OK,기타,114,112,12,153,1901,4,55,10.0,1.0,463523,A,주석에서 환율노출 관련 수치 다수 확인,2.5,6.0,14.85,7.0,3.0,8.0,8.0,5.0,1.6,5.0,60.95
128940,한미약품,00828497,20260320001130,사업보고서 (2025.12),20260320,OK,OK,바이오/제약,278,294,30,155,1927,0,44,41.0,,507445,B,주석 수치 일부와 환율노출 키워드 확인,10.25,9.0,8.0,7.0,5.5,8.0,8.0,5.0,0.0,5.0,65.75
009240,한샘,00161693,20260319001167,사업보고서 (2025.12),20260319,OK,OK,기타,51,77,0,142,2144,2,78,5.0,,434358,B,주석 수치 일부와 환율노출 키워드 확인,1.25,6.0,8.0,8.0,3.0,8.0,10.0,5.0,0.8,5.0,55.05
020000,한섬,00188089,20260313001074,사업보고서 (2025.12),20260313,OK,OK,기타,22,131,0,216,1833,0,94,10.0,,412885,B,주석 수치 일부와 환율노출 키워드 확인,2.5,6.0,8.0,8.0,3.0,8.0,10.0,5.0,0.0,5.0,55.5
003680,한성기업,00161860,20260318001070,사업보고서 (2025.12),20260318,OK,OK,기타,69,49,10,10,827,25,46,29.0,,223371,A,주석에서 환율노출 관련 수치 다수 확인,7.25,6.0,8.0,7.0,3.0,8.0,10.0,5.0,5.0,5.0,64.25
105630,한세실업,00728638,20260318001459,사업보고서 (2025.12),20260318,OK,OK,기타,194,266,14,39,1265,1,71,100.0,,429757,A,주석에서 환율노출 관련 수치 다수 확인,25.0,6.0,8.0,7.0,3.0,8.0,8.0,5.0,0.4,5.0,75.4
069640,한세엠케이,00357360,20260318001269,사업보고서 (2025.12),20260318,OK,OK,기타,80,123,8,110,1731,0,77,,,426473,B,주석 수치 일부와 환율노출 키워드 확인,6.25,6.0,8.0,7.0,3.0,8.0,7.0,5.0,0.0,5.0,55.25
016450,한세예스24홀딩스,00161976,20260318001537,사업보고서 (2025.12),20260318,OK,OK,기타,208,233,6,103,1893,2,69,100.0,,531188,B,주석 수치 일부와 환율노출 키워드 확인,25.0,6.0,8.0,7.0,3.0,8.0,10.0,5.0,0.8,5.0,77.8
009180,한솔로지스틱스,00140946,20260313000860,사업보고서 (2025.12),20260313,OK,OK,기타,65,37,8,236,1332,1,78,40.0,10.0,378739,A,주석에서 환율노출 관련 수치 다수 확인,10.0,6.0,13.5,7.0,3.0,8.0,8.0,5.0,0.4,5.0,65.9
213500,한솔제지,01060744,20260316000945,[첨부정정]사업보고서 (2025.12),20260316,OK,OK,기타,0,0,0,0,0,0,0,,,18,D,환율노출 공시 단서 부족,6.25,6.0,11.0,8.0,5.5,8.0,8.0,5.0,0.0,0.0,57.75
014680,한솔케미칼,00140955,20260318001424,사업보고서 (2025.12),20260318,OK,OK,기타,70,89,6,159,1845,0,99,50.0,,467919,B,주석 수치 일부와 환율노출 키워드 확인,12.5,6.0,8.0,7.0,3.0,8.0,10.0,5.0,0.0,5.0,64.5
004710,한솔테크닉스,00157399,20260326000925,[첨부정정]사업보고서 (2025.12),20260326,OK,OK,기타,0,0,0,0,0,0,0,,,18,D,환율노출 공시 단서 부족,6.25,6.0,11.0,8.0,5.5,8.0,7.0,2.0,0.0,0.0,53.75
004150,한솔홀딩스,00171636,20260318001586,사업보고서 (2025.12),20260318,OK,OK,기타,125,189,8,281,2041,31,69,10.0,,507218,A,주석에서 환율노출 관련 수치 다수 확인,2.5,6.0,8.0,7.0,3.0,8.0,10.0,2.0,5.0,5.0,56.5
025750,한솔홈데코,00203582,20260311003988,사업보고서 (2025.12),20260311,OK,OK,기타,50,221,40,200,1517,6,82,80.0,,438942,B,주석 수치 일부와 환율노출 키워드 확인,20.0,6.0,8.0,7.0,3.0,8.0,7.0,5.0,2.4,5.0,71.4
004960,한신공영,00162063,20260319000721,사업보고서 (2025.12),20260319,OK,OK,기타,11,15,0,102,2535,92,35,,,545711,C,보고서 텍스트 단서와 산업 프록시 중심,6.25,6.0,8.0,8.0,3.0,8.0,8.0,5.0,5.0,5.0,62.25
011700,한신기계,00162072,20260319001391,사업보고서 (2025.12),20260319,OK,OK,기타,33,101,4,246,1163,5,95,10.0,,337098,A,주석에서 환율노출 관련 수치 다수 확인,2.5,6.0,8.0,7.0,3.0,3.0,8.0,5.0,2.0,5.0,49.5
001750,한양증권,00162416,20260318001610,사업보고서 (2025.12),20260318,OK,OK,기타,3,16,0,262,805,0,26,1.5,,344055,B,주석 수치 일부와 환율노출 키워드 확인,0.38,6.0,8.0,8.0,3.0,8.0,8.0,5.0,0.0,5.0,51.38
001755,한양증권우,,,,,NO_CORP_CODE,OK,기타,0,0,0,0,0,0,0,,,0,D,DART 고유번호 매칭 실패,6.25,6.0,11.0,8.0,5.5,8.0,8.0,5.0,0.0,0.0,57.75
018880,한온시스템,00161125,20260318000645,사업보고서 (2025.12),20260318,OK,OK,기타,365,265,60,766,2228,0,82,5.0,5.19,648886,A,주석에서 환율노출 관련 수치 다수 확인,1.25,6.0,14.22,7.0,3.0,8.0,10.0,5.0,0.0,5.0,59.47
009420,한올바이오파마,00162586,20260318001637,사업보고서 (2025.12),20260318,OK,OK,바이오/제약,203,149,8,35,1496,4,149,4.4,,429505,B,주석 수치 일부와 환율노출 키워드 확인,1.1,9.0,8.0,7.0,5.5,8.0,10.0,5.0,1.6,5.0,60.2
014130,한익스프레스,00129509,20260320000351,[기재정정]사업보고서 (2025.12),20260320,OK,OK,기타,34,53,6,26,1116,10,51,,,272753,B,주석 수치 일부와 환율노출 키워드 확인,6.25,6.0,8.0,7.0,3.0,3.0,8.0,5.0,4.0,5.0,55.25
300720,한일시멘트,01319808,20260317000863,사업보고서 (2025.12),20260317,OK,OK,기타,28,124,14,54,1854,18,56,10.0,,563469,B,주석 수치 일부와 환율노출 키워드 확인,2.5,6.0,8.0,7.0,3.0,8.0,8.0,5.0,5.0,5.0,57.5
002220,한일철강,00163196,20260311004523,사업보고서 (2025.12),20260311,OK,OK,기타,58,173,12,113,1753,24,77,20.0,10.0,415732,A,주석에서 환율노출 관련 수치 다수 확인,5.0,6.0,13.5,7.0,3.0,8.0,4.0,5.0,5.0,5.0,61.5
003300,한일홀딩스,00162993,20260318001536,사업보고서 (2025.12),20260318,OK,OK,기타,37,151,12,94,1683,20,80,10.0,,525755,B,주석 수치 일부와 환율노출 키워드 확인,2.5,6.0,8.0,7.0,3.0,8.0,8.0,5.0,5.0,5.0,57.5
051600,한전KPS,00159218,20260323000091,사업보고서 (2025.12),20260323,OK,OK,기타,10,121,4,58,2053,76,81,10.0,,584975,B,주석 수치 일부와 환율노출 키워드 확인,2.5,6.0,8.0,7.0,3.0,8.0,8.0,5.0,5.0,5.0,57.5
052690,한전기술,00159209,20260326001003,[기재정정]사업보고서 (2025.12),20260326,OK,OK,기타,44,66,8,37,1333,53,56,100.0,,306606,A,주석에서 환율노출 관련 수치 다수 확인,25.0,6.0,8.0,7.0,3.0,8.0,8.0,5.0,5.0,5.0,80.0
130660,한전산업,00194947,20260319000705,사업보고서 (2025.12),20260319,OK,OK,기타,10,88,6,31,1376,23,96,96.0,,403645,B,주석 수치 일부와 환율노출 키워드 확인,24.0,6.0,8.0,7.0,3.0,8.0,8.0,5.0,5.0,5.0,79.0
002320,한진,00163512,20260316001427,사업보고서 (2025.12),20260316,OK,OK,기타,125,194,28,431,2161,57,66,,,571020,C,보고서 텍스트 단서와 산업 프록시 중심,6.25,6.0,8.0,7.0,3.0,8.0,8.0,5.0,5.0,5.0,61.25
003480,한진중공업홀딩스,00163673,20260319000097,사업보고서 (2025.12),20260319,OK,OK,조선,2,58,15,507,1508,0,53,,5.28,360245,B,주석 수치 일부와 환율노출 키워드 확인,22.5,11.25,14.21,7.0,4.0,8.0,10.0,5.0,0.0,5.0,86.96
180640,한진칼,00983040,20260318001143,사업보고서 (2025.12),20260318,OK,OK,기타,140,72,3,180,1988,16,107,57.6,3.24,521516,A,주석에서 환율노출 관련 수치 다수 확인,14.4,6.0,14.51,7.0,3.0,8.0,10.0,5.0,5.0,5.0,77.91
005110,한창,00163716,20260326001334,사업보고서 (2025.12),20260326,OK,OK,기타,36,32,2,41,1241,3,39,50.0,,372927,A,주석에서 환율노출 관련 수치 다수 확인,12.5,6.0,8.0,7.0,3.0,3.0,5.0,5.0,1.2,5.0,55.7
009460,한창제지,00163761,20260318000958,사업보고서 (2025.12),20260318,OK,OK,기타,18,189,10,91,623,0,36,69.4,,191332,B,주석 수치 일부와 환율노출 키워드 확인,17.35,6.0,8.0,7.0,3.0,8.0,2.0,5.0,0.0,5.0,61.35
372910,한컴라이프케어,00534598,20260317000861,사업보고서 (2025.12),20260317,OK,OK,기타,26,65,0,96,1042,43,68,5.0,,353977,B,주석 수치 일부와 환율노출 키워드 확인,1.25,6.0,8.0,8.0,3.0,3.0,8.0,5.0,5.0,5.0,52.25
000880,한화,00160588,20260331003871,[기재정정]사업보고서 (2025.12),20260331,OK,OK,기타,1702,228,15,630,5578,214,238,50.83,1.70161,1649365,A,주석에서 환율노출 관련 수치 다수 확인,12.71,6.0,14.74,7.0,3.0,8.0,10.0,2.0,5.0,5.0,73.45
452260,한화갤러리아,01722437,20260318001221,사업보고서 (2025.12),20260318,OK,OK,기타,733,130,14,33,2100,4,61,100.0,,521065,B,주석 수치 일부와 환율노출 키워드 확인,25.0,6.0,8.0,7.0,3.0,8.0,8.0,5.0,1.6,5.0,76.6
451800,한화리츠,01669226,20260105000225,사업보고서 (2025.10),20260105,OK,OK,기타,359,0,0,16,1021,1,1,,,166582,C,보고서 텍스트 단서와 산업 프록시 중심,6.25,6.0,8.0,8.0,3.0,8.0,8.0,5.0,0.4,0.5,53.15
489790,한화비전,01867758,20260330000608,[첨부정정]사업보고서 (2025.12),20260330,OK,OK,기타,0,0,0,0,0,0,0,,,18,D,환율노출 공시 단서 부족,6.25,6.0,11.0,8.0,5.5,8.0,8.0,2.0,0.0,0.0,54.75
088350,한화생명,00113058,20260331003585,[기재정정]사업보고서 (2025.12),20260331,OK,OK,기타,854,98,6,1080,3037,11,86,32.0,,1135681,B,주석 수치 일부와 환율노출 키워드 확인,8.0,6.0,8.0,7.0,3.0,8.0,10.0,5.0,4.4,5.0,64.4
000370,한화손해보험,01902990,20260311004317,사업보고서 (2025.12),20260311,OK,OK,기타,15,22,0,19,247,0,4,22.8,,107320,B,주석 수치 일부와 환율노출 키워드 확인,5.7,6.0,8.0,8.0,3.0,3.0,10.0,5.0,0.0,2.0,50.7
009830,한화솔루션,00162461,20260325001401,[기재정정]사업보고서 (2025.12),20260325,OK,OK,기타,945,258,31,445,2468,25,95,92.25,1.70161,840809,A,주석에서 환율노출 관련 수치 다수 확인,23.06,6.0,14.74,7.0,3.0,8.0,8.0,2.0,5.0,5.0,81.81
009835,한화솔루션우,,,,,NO_CORP_CODE,OK,기타,0,0,0,0,0,0,0,,,0,D,DART 고유번호 매칭 실패,6.25,6.0,11.0,8.0,5.5,8.0,8.0,5.0,0.0,0.0,57.75
272210,한화시스템,00339391,20260513000644,[기재정정]사업보고서 (2025.12),20260513,OK,OK,기타,808,283,32,446,1643,192,68,,,503073,B,주석 수치 일부와 환율노출 키워드 확인,6.25,6.0,8.0,7.0,3.0,8.0,8.0,5.0,5.0,5.0,61.25
012450,한화에어로스페이스,00126566,20260319000633,[첨부정정]사업보고서 (2025.12),20260319,OK,OK,방산,0,0,0,0,0,0,0,,,18,D,환율노출 공시 단서 부족,19.5,10.2,11.0,8.0,7.5,8.0,8.0,5.0,0.0,0.0,77.2
082740,한화엔진,00361008,20260318000939,사업보고서 (2025.12),20260318,OK,OK,기타,822,416,35,972,2318,264,89,10.0,4.62,603083,A,주석에서 환율노출 관련 수치 다수 확인,2.5,6.0,14.31,7.0,3.0,8.0,10.0,5.0,5.0,5.0,65.81
042660,한화오션,00111704,20260317000644,[기재정정]사업보고서 (2025.12),20260317,OK,OK,조선,1213,371,26,635,2692,298,163,,10.0,731257,B,주석 수치 일부와 환율노출 키워드 확인,22.5,11.25,13.5,7.0,4.0,8.0,10.0,5.0,5.0,5.0,91.25
003530,한화투자증권,00148610,20260310002967,사업보고서 (2025.12),20260310,OK,OK,기타,814,215,12,703,2818,47,92,100.0,,920236,B,주석 수치 일부와 환율노출 키워드 확인,25.0,6.0,8.0,7.0,3.0,8.0,8.0,5.0,5.0,5.0,80.0
003535,한화투자증권우,,,,,NO_CORP_CODE,OK,기타,0,0,0,0,0,0,0,,,0,D,DART 고유번호 매칭 실패,6.25,6.0,11.0,8.0,5.5,8.0,8.0,5.0,0.0,0.0,57.75
195870,해성디에스,01032413,20260318001527,사업보고서 (2025.12),20260318,OK,OK,기타,65,117,30,2,1071,6,59,100.0,,321221,A,주석에서 환율노출 관련 수치 다수 확인,25.0,6.0,10.0,7.0,3.0,8.0,10.0,5.0,2.4,5.0,81.4
101530,해태제과식품,00428321,20260318001023,사업보고서 (2025.12),20260318,OK,OK,기타,24,115,16,111,1941,3,126,13.56,,456018,A,주석에서 환율노출 관련 수치 다수 확인,3.39,6.0,8.0,7.0,3.0,8.0,8.0,5.0,1.2,5.0,54.59
143210,핸즈코퍼레이션,00119140,20260526000487,[기재정정]사업보고서 (2025.12),20260526,OK,OK,기타,82,144,26,141,1449,4,40,70.0,73.27,283225,A,주석에서 환율노출 관련 수치 다수 확인,17.5,6.0,4.01,7.0,3.0,3.0,2.0,2.0,1.6,5.0,51.11
000720,현대건설,01934935,20260310003021,사업보고서 (2025.12),20260310,OK,OK,기타,14,19,0,17,252,0,9,22.8,,109833,B,주석 수치 일부와 환율노출 키워드 확인,5.7,6.0,8.0,8.0,3.0,3.0,10.0,2.0,0.0,4.5,50.2
000725,현대건설우,,,,,NO_CORP_CODE,OK,기타,0,0,0,0,0,0,0,,,0,D,DART 고유번호 매칭 실패,6.25,6.0,11.0,8.0,5.5,8.0,8.0,5.0,0.0,0.0,57.75
453340,현대그린푸드,01721809,20260316001009,사업보고서 (2025.12),20260316,OK,OK,기타,49,66,4,75,1423,3,71,10.0,,401153,B,주석 수치 일부와 환율노출 키워드 확인,2.5,6.0,8.0,7.0,3.0,8.0,10.0,5.0,1.2,5.0,55.7
086280,현대글로비스,00360595,20260318001205,사업보고서 (2025.12),20260318,OK,OK,기타,202,176,0,511,2958,241,123,,3.55,670053,B,주석 수치 일부와 환율노출 키워드 확인,6.25,6.0,14.47,8.0,3.0,8.0,8.0,5.0,5.0,5.0,68.72
064350,현대로템,00302926,20260319001275,사업보고서 (2025.12),20260319,OK,OK,방산,140,167,36,138,1776,116,80,100.0,5.0,498924,A,주석에서 환율노출 관련 수치 다수 확인,25.0,10.2,14.25,7.0,5.0,8.0,10.0,5.0,5.0,5.0,94.45
079430,현대리바트,00300548,20260316001287,사업보고서 (2025.12),20260316,OK,OK,기타,17,262,19,119,1660,46,203,100.0,,447087,A,주석에서 환율노출 관련 수치 다수 확인,25.0,6.0,8.0,7.0,3.0,8.0,8.0,5.0,5.0,5.0,80.0
012330,현대모비스,00164788,20260309001878,사업보고서 (2025.12),20260309,OK,OK,자동차/부품,188,172,17,193,3404,10,84,88.9,,705498,A,주석에서 환율노출 관련 수치 다수 확인,22.23,8.25,8.0,7.0,4.0,8.0,10.0,5.0,4.0,5.0,81.47
069960,현대백화점,00428251,20260318001314,사업보고서 (2025.12),20260318,OK,OK,기타,124,252,28,268,2314,0,62,92.2,27.58,670291,A,주석에서 환율노출 관련 수치 다수 확인,23.05,6.0,10.86,7.0,3.0,8.0,2.0,5.0,0.0,5.0,69.91
004560,현대비앤지스틸,00125743,20260316001374,사업보고서 (2025.12),20260316,OK,OK,기타,80,159,26,226,1636,7,63,5.0,,392860,B,주석 수치 일부와 환율노출 키워드 확인,1.25,6.0,8.0,7.0,3.0,8.0,8.0,5.0,2.8,5.0,54.05
004310,현대약품,00164706,20260213002543,사업보고서 (2025.11),20260213,OK,OK,기타,19,32,0,29,645,2,10,10.0,,193981,B,주석 수치 일부와 환율노출 키워드 확인,2.5,6.0,8.0,8.0,3.0,8.0,8.0,5.0,0.8,5.0,54.3
017800,현대엘리베이터,00164724,20260318001372,사업보고서 (2025.12),20260318,OK,OK,기타,249,72,0,208,2258,32,164,10.0,,571889,B,주석 수치 일부와 환율노출 키워드 확인,2.5,6.0,8.0,8.0,3.0,8.0,8.0,2.0,5.0,5.0,55.5
307950,현대오토에버,00362441,20260318001324,사업보고서 (2025.12),20260318,OK,OK,기타,84,143,22,66,1785,142,38,,,511205,B,주석 수치 일부와 환율노출 키워드 확인,6.25,6.0,8.0,7.0,3.0,8.0,7.0,5.0,5.0,5.0,60.25
011210,현대위아,00106623,20260317000785,사업보고서 (2025.12),20260317,OK,OK,기타,119,158,0,501,3196,46,124,11.1,5.0,630111,B,주석 수치 일부와 환율노출 키워드 확인,2.77,6.0,14.25,8.0,3.0,8.0,8.0,5.0,5.0,5.0,65.03
004020,현대제철,00145880,20260319000868,[첨부정정]사업보고서 (2025.12),20260319,OK,OK,기타,0,0,0,0,0,0,0,,,18,D,환율노출 공시 단서 부족,6.25,6.0,11.0,8.0,5.5,8.0,8.0,5.0,0.0,0.0,57.75
005440,현대지에프홀딩스,00105280,20260319000764,사업보고서 (2025.12),20260319,OK,OK,기타,105,101,4,187,2358,7,88,10.0,,661671,B,주석 수치 일부와 환율노출 키워드 확인,2.5,6.0,8.0,7.0,3.0,8.0,10.0,5.0,2.8,5.0,57.3
005380,현대차,00164742,20260318001394,사업보고서 (2025.12),20260318,OK,OK,자동차/부품,342,82,0,735,3400,27,87,65.3,5.0,954163,A,주석에서 환율노출 관련 수치 다수 확인,16.32,8.25,14.25,8.0,4.0,8.0,7.0,5.0,5.0,5.0,80.83
005387,현대차2우B,,,,,NO_CORP_CODE,OK,자동차/부품,0,0,0,0,0,0,0,,,0,D,DART 고유번호 매칭 실패,18.0,8.25,11.0,8.0,6.5,8.0,8.0,5.0,0.0,0.0,72.75
005389,현대차3우B,,,,,NO_CORP_CODE,OK,자동차/부품,0,0,0,0,0,0,0,,,0,D,DART 고유번호 매칭 실패,18.0,8.25,11.0,8.0,6.5,8.0,8.0,5.0,0.0,0.0,72.75
005385,현대차우,,,,,NO_CORP_CODE,OK,자동차/부품,0,0,0,0,0,0,0,,,0,D,DART 고유번호 매칭 실패,18.0,8.25,11.0,8.0,6.5,8.0,8.0,5.0,0.0,0.0,72.75
001500,현대차증권,00137997,20260318001432,사업보고서 (2025.12),20260318,OK,OK,자동차/부품,9,116,28,713,2154,2,27,,,647954,B,주석 수치 일부와 환율노출 키워드 확인,18.0,8.25,8.0,7.0,4.0,8.0,8.0,5.0,0.8,5.0,72.05
011760,현대코퍼레이션,00164812,20260323001413,사업보고서 (2025.12),20260323,OK,OK,기타,213,305,37,827,2566,29,151,27.3,,521331,A,주석에서 환율노출 관련 수치 다수 확인,6.83,6.0,8.0,7.0,3.0,8.0,8.0,5.0,5.0,5.0,61.83
227840,현대코퍼레이션홀딩스,01108099,20260323001454,사업보고서 (2025.12),20260323,OK,OK,기타,44,175,30,497,1644,2,83,100.0,,376786,B,주석 수치 일부와 환율노출 키워드 확인,25.0,6.0,8.0,7.0,3.0,8.0,10.0,5.0,0.8,5.0,77.8
126560,현대퓨처넷,00403632,20260313001193,사업보고서 (2025.12),20260313,OK,OK,기타,64,123,6,116,1737,2,126,100.0,,445500,B,주석 수치 일부와 환율노출 키워드 확인,25.0,6.0,8.0,7.0,3.0,8.0,10.0,5.0,0.8,5.0,77.8
001450,현대해상,00164973,20260312001448,사업보고서 (2025.12),20260312,OK,OK,기타,192,96,0,1879,3774,2,180,100.0,,1341566,B,주석 수치 일부와 환율노출 키워드 확인,25.0,6.0,8.0,8.0,3.0,8.0,4.0,5.0,0.8,5.0,72.8
057050,현대홈쇼핑,00412597,20260316000819,사업보고서 (2025.12),20260316,OK,OK,기타,67,156,6,273,2051,5,81,100.0,100.0,587894,A,주석에서 환율노출 관련 수치 다수 확인,25.0,6.0,0.0,7.0,3.0,8.0,10.0,5.0,2.0,5.0,71.0
093240,형지엘리트,00441243,20250919000232,사업보고서 (2025.06),20250919,OK,OK,기타,19,139,5,83,1362,6,50,1.5,,367170,A,주석에서 환율노출 관련 수치 다수 확인,0.38,6.0,8.0,7.0,3.0,8.0,8.0,5.0,2.4,5.0,52.77
003010,혜인,00165343,20260319001173,사업보고서 (2025.12),20260319,OK,OK,기타,31,97,7,62,768,12,41,9.1,70.0,205650,A,주석에서 환율노출 관련 수치 다수 확인,2.27,6.0,4.5,7.0,3.0,8.0,8.0,5.0,4.8,5.0,53.58
111110,호전실업,00226316,20260330001610,[기재정정]사업보고서 (2025.12),20260330,OK,OK,기타,72,171,6,88,1137,1,41,,,310156,C,보고서 텍스트 단서와 산업 프록시 중심,6.25,6.0,8.0,7.0,3.0,3.0,8.0,5.0,0.4,5.0,51.65
008770,호텔신라,00165680,20260311004398,사업보고서 (2025.12),20260311,OK,OK,기타,55,113,12,83,1670,0,178,100.0,,613461,B,주석 수치 일부와 환율노출 키워드 확인,25.0,6.0,8.0,7.0,3.0,8.0,7.0,5.0,0.0,5.0,74.0
008775,호텔신라우,,,,,NO_CORP_CODE,OK,기타,0,0,0,0,0,0,0,,,0,D,DART 고유번호 매칭 실패,6.25,6.0,11.0,8.0,5.5,8.0,8.0,5.0,0.0,0.0,57.75
378850,화승알앤에이,01532603,20260323000996,사업보고서 (2025.12),20260323,OK,OK,기타,62,125,13,56,1680,6,77,10.0,,360558,A,주석에서 환율노출 관련 수치 다수 확인,2.5,6.0,8.0,7.0,3.0,8.0,8.0,5.0,2.4,5.0,54.9
241590,화승엔터프라이즈,01128613,20260312000443,사업보고서 (2025.12),20260312,OK,OK,기타,98,411,8,185,1529,2,68,10.0,,404823,B,주석 수치 일부와 환율노출 키워드 확인,2.5,6.0,8.0,7.0,3.0,3.0,10.0,5.0,0.8,5.0,50.3
006060,화승인더,00166227,20260312000403,사업보고서 (2025.12),20260312,OK,OK,기타,169,744,8,170,1824,6,72,10.0,,523825,B,주석 수치 일부와 환율노출 키워드 확인,2.5,6.0,8.0,7.0,3.0,8.0,8.0,5.0,2.4,5.0,54.9
013520,화승코퍼레이션,00166272,20260323001005,사업보고서 (2025.12),20260323,OK,OK,기타,148,156,30,186,1947,94,88,4.5,45.95,489277,A,주석에서 환율노출 관련 수치 다수 확인,1.12,6.0,8.11,7.0,3.0,8.0,10.0,5.0,5.0,5.0,58.23
010690,화신,00166315,20260316000461,사업보고서 (2025.12),20260316,OK,OK,기타,181,127,9,333,1983,20,106,97.8,,473821,B,주석 수치 일부와 환율노출 키워드 확인,24.45,6.0,8.0,7.0,3.0,8.0,10.0,5.0,5.0,5.0,81.45
133820,화인베스틸,00661847,20260323001157,사업보고서 (2025.12),20260323,OK,OK,기타,61,11,8,218,1306,36,20,,,378168,B,주석 수치 일부와 환율노출 키워드 확인,6.25,6.0,8.0,7.0,3.0,8.0,8.0,5.0,5.0,5.0,61.25
010660,화천기계,00166500,20260318001051,사업보고서 (2025.12),20260318,OK,OK,기타,27,34,0,2,699,4,22,84.1,25.4,205807,A,주석에서 환율노출 관련 수치 다수 확인,21.02,6.0,11.19,8.0,3.0,3.0,8.0,5.0,1.6,5.0,71.81
000850,화천기공,00166519,20260318000857,사업보고서 (2025.12),20260318,OK,OK,기타,169,287,32,53,1408,5,87,10.0,,373571,B,주석 수치 일부와 환율노출 키워드 확인,2.5,6.0,8.0,7.0,3.0,8.0,10.0,5.0,2.0,5.0,56.5
016580,환인제약,00166573,20260312001200,사업보고서 (2025.12),20260312,OK,OK,기타,2,61,6,3,1318,0,80,,,292548,C,보고서 텍스트 단서와 산업 프록시 중심,6.25,6.0,10.0,7.0,3.0,8.0,8.0,5.0,0.0,5.0,58.25
032560,황금에스티,00218575,20260323000918,사업보고서 (2025.12),20260323,OK,OK,기타,15,162,20,92,1345,38,75,,,349479,B,주석 수치 일부와 환율노출 키워드 확인,6.25,6.0,8.0,7.0,3.0,8.0,10.0,5.0,5.0,5.0,63.25
004800,효성,00117188,20260312000976,사업보고서 (2025.12),20260312,OK,OK,기타,491,214,22,578,3649,37,181,,1.46,854050,B,주석 수치 일부와 환율노출 키워드 확인,6.25,6.0,14.78,7.0,3.0,8.0,10.0,5.0,5.0,5.0,70.03
094280,효성ITX,00414850,20260318001001,사업보고서 (2025.12),20260318,OK,OK,기타,1,96,2,169,777,0,24,,,323620,B,주석 수치 일부와 환율노출 키워드 확인,6.25,6.0,8.0,7.0,3.0,8.0,8.0,5.0,0.0,5.0,56.25
298040,효성중공업,01316245,20260323001004,[기재정정]사업보고서 (2025.12),20260323,OK,OK,조선,196,87,2,537,1739,31,60,,,439163,B,주석 수치 일부와 환율노출 키워드 확인,22.5,11.25,8.0,7.0,4.0,8.0,10.0,5.0,5.0,5.0,85.75
298020,효성티앤씨,01316227,20260311004548,사업보고서 (2025.12),20260311,OK,OK,기타,318,100,2,310,2342,6,121,,,604444,B,주석 수치 일부와 환율노출 키워드 확인,6.25,6.0,8.0,7.0,3.0,8.0,8.0,5.0,2.4,5.0,58.65
298000,효성화학,01316236,20260311004423,사업보고서 (2025.12),20260311,OK,OK,수입원가부담,135,128,10,303,1916,2,71,,,526060,C,보고서 텍스트 단서와 산업 프록시 중심,5.0,5.25,8.0,7.0,0.0,8.0,5.0,5.0,0.8,5.0,49.05
093370,후성,00595191,20260318001491,사업보고서 (2025.12),20260318,OK,OK,기타,187,213,15,168,1870,14,123,100.0,50.67,435024,A,주석에서 환율노출 관련 수치 다수 확인,25.0,6.0,7.4,7.0,3.0,8.0,2.0,5.0,5.0,5.0,73.4
005870,휴니드,00111421,20260319001066,사업보고서 (2025.12),20260319,OK,OK,기타,31,37,6,30,691,55,33,68.2,,183587,A,주석에서 환율노출 관련 수치 다수 확인,17.05,6.0,8.0,7.0,3.0,3.0,8.0,5.0,5.0,5.0,67.05
079980,휴비스,00362238,20260602000382,[기재정정]사업보고서 (2025.12),20260602,OK,OK,기타,137,103,46,407,1134,3,32,25.0,,294286,B,주석 수치 일부와 환율노출 키워드 확인,6.25,6.0,8.0,7.0,3.0,8.0,8.0,5.0,1.2,5.0,57.45
005010,휴스틸,00156488,20260602000398,[기재정정]사업보고서 (2025.12),20260602,OK,OK,기타,98,149,21,132,1062,0,91,90.0,,250791,A,주석에서 환율노출 관련 수치 다수 확인,22.5,6.0,8.0,7.0,3.0,3.0,8.0,5.0,0.0,5.0,67.5
000540,흥국화재,01931585,20260317000868,사업보고서 (2025.12),20260317,OK,OK,기타,6,13,0,13,263,0,1,,,113372,C,보고서 텍스트 단서와 산업 프록시 중심,6.25,6.0,8.0,8.0,3.0,3.0,10.0,5.0,0.0,0.5,49.75
000545,흥국화재우,,,,,NO_CORP_CODE,OK,기타,0,0,0,0,0,0,0,,,0,D,DART 고유번호 매칭 실패,6.25,6.0,11.0,8.0,5.5,8.0,10.0,5.0,0.0,0.0,59.75
003280,흥아해운,00167208,20260318000745,사업보고서 (2025.12),20260318,OK,OK,기타,30,320,11,357,1850,214,69,51.0,,469796,A,주석에서 환율노출 관련 수치 다수 확인,12.75,6.0,8.0,7.0,3.0,8.0,8.0,5.0,5.0,5.0,67.75
