ticker,name,market,corp_code,corp_name,corp_code_source,corp_identity_status,corp_identity_reason,corp_candidate_count,corp_selection_method,financial_data_status,financial_source_status,financial_basis,financial_report_year,financial_report_code,financial_report_name,financial_fs_div,financial_currency,revenue,operating_profit,net_income,total_assets,total_liabilities,total_equity,previous_revenue,previous_operating_profit,previous_net_income,revenue_yoy_pct,operating_profit_yoy_pct,net_income_yoy_pct,operating_margin_pct,debt_ratio_pct,roe_annualized_pct,earnings_trend,market_cap,listed_shares,valuation_price_basis_date,eps_annualized,bps,per_annualized,pbr,valuation_data_status,valuation_basis,financial_missing_fields,target_period_key,fetched_at_kst
000150,두산,KOSPI,00117212,두산,OPENDART_OFFICIAL_DOWNLOAD,MATCH,동일 종목코드 후보 중 KRX 종목명과 회사명 완전일치,4,NAME_EXACT,READY,OK,2026 반기보고서,2026,11012,반기보고서,CFS,KRW,10617501000000.0,830730000000.0,637116000000.0,36340235000000.0,22432638000000.0,13907597000000.0,9617666000000.0,552857000000.0,244460000000.0,10.4,50.26,160.62,7.82,161.3,9.16,흑자지속,23043827205000.0,16193835.0,2026-09-28,78686.24,858820.47,18.08,1.66,READY,KRX 시가총액·상장주식수 / OpenDART 반기보고서 / 누적순이익 × 2 연환산,,2026_11012_corp-candidate-name-match-v2,2026-09-29T12:02:00+09:00
000180,성창기업지주,KOSPI,00133335,성창기업지주,OPENDART_OFFICIAL_DOWNLOAD,MATCH,동일 종목코드 후보 중 KRX 종목명과 회사명 완전일치,1,NAME_EXACT,READY,OK,2026 반기보고서,2026,11012,반기보고서,CFS,KRW,67772119448.0,-1230704167.0,-507451677.0,857676976820.0,182894446801.0,674782530019.0,65094303329.0,-3635377949.0,-4786964728.0,4.11,66.15,89.4,-1.82,27.1,-0.15,적자지속,67728803600.0,13950320.0,2026-09-29,-72.75,48370.4,,0.1,PARTIAL_LOSS_PER_NA,KRX 시가총액·상장주식수 / OpenDART 반기보고서 / 누적순이익 × 2 연환산,,2026_11012_corp-candidate-name-match-v2,2026-09-30T11:25:59+09:00
000270,기아,KOSPI,00106641,기아,OPENDART_OFFICIAL_DOWNLOAD,MATCH,동일 종목코드 후보 중 KRX 종목명과 회사명 완전일치,1,NAME_EXACT,READY,OK,2026 반기보고서,2026,11012,반기보고서,CFS,KRW,62538936000000.0,4833650000000.0,4157949000000.0,106829374000000.0,42140138000000.0,64689236000000.0,57367145000000.0,5773354000000.0,4660812000000.0,9.02,-16.28,-10.79,7.73,65.14,12.86,흑자지속,53564663325600.0,390412998.0,2026-08-18,21300.26,165694.37,6.44,0.83,READY,KRX 시가총액·상장주식수 / OpenDART 반기보고서 / 누적순이익 × 2 연환산,,2026_11012_corp-candidate-name-match-v2,2026-08-19T09:00:34+09:00
000430,대원강업,KOSPI,00111847,대원강업,OPENDART_OFFICIAL_DOWNLOAD,MATCH,동일 종목코드 후보 중 KRX 종목명과 회사명 완전일치,1,NAME_EXACT,READY,OK,2026 반기보고서,2026,11012,반기보고서,CFS,KRW,904822889000.0,61762124000.0,65847504000.0,1541060889000.0,750298286000.0,790762603000.0,803685451000.0,34974750000.0,23718750000.0,12.58,76.59,177.62,6.83,94.88,16.65,흑자지속,283960000000.0,62000000.0,2026-09-29,2124.11,12754.24,2.16,0.36,READY,KRX 시가총액·상장주식수 / OpenDART 반기보고서 / 누적순이익 × 2 연환산,,2026_11012_corp-candidate-name-match-v2,2026-09-30T11:25:59+09:00
000500,가온전선,KOSPI,00104768,가온전선,OPENDART_OFFICIAL_DOWNLOAD,MATCH,동일 종목코드 후보 중 KRX 종목명과 회사명 완전일치,1,NAME_EXACT,READY,OK,2026 반기보고서,2026,11012,반기보고서,CFS,KRW,1632966571000.0,63966384000.0,42536391000.0,1661211467000.0,1130963256000.0,530248211000.0,1282586959000.0,45117109000.0,29652150000.0,27.32,41.78,43.45,3.92,213.29,16.04,흑자지속,6253297470000.0,29777607.0,2026-08-31,2856.94,17806.95,73.51,11.79,READY,KRX 시가총액·상장주식수 / OpenDART 반기보고서 / 누적순이익 × 2 연환산,,2026_11012_corp-candidate-name-match-v2,2026-09-01T11:10:44+09:00
000520,삼일제약,KOSPI,00128032,삼일제약,OPENDART_OFFICIAL_DOWNLOAD,MATCH,동일 종목코드 후보 중 KRX 종목명과 회사명 완전일치,1,NAME_EXACT,READY,OK,2026 반기보고서,2026,11012,반기보고서,CFS,KRW,103149352947.0,-14706526900.0,-18523981224.0,374731301009.0,249180898264.0,125550402745.0,106073620548.0,-8485016709.0,-15578612900.0,-2.76,-73.32,-18.91,-14.26,198.47,-29.51,적자지속,177872850200.0,21691811.0,2026-09-28,-1707.92,5787.92,,1.42,PARTIAL_LOSS_PER_NA,KRX 시가총액·상장주식수 / OpenDART 반기보고서 / 누적순이익 × 2 연환산,,2026_11012_corp-candidate-name-match-v2,2026-09-29T12:02:00+09:00
000540,흥국화재,KOSPI,00103176,흥국화재,OPENDART_OFFICIAL_DOWNLOAD,MATCH,동일 종목코드 후보 중 KRX 종목명과 회사명 완전일치,2,NAME_EXACT,READY,OK,2026 반기보고서,2026,11012,반기보고서,OFS,KRW,175646000000.0,33365000000.0,26167000000.0,11409047000000.0,10312612000000.0,1096435000000.0,162792000000.0,163994000000.0,132343000000.0,7.9,-79.65,-80.23,19.0,940.56,4.77,흑자지속,220994698800.0,64242645.0,2026-08-18,814.63,17067.09,4.22,0.2,READY,KRX 시가총액·상장주식수 / OpenDART 반기보고서 / 누적순이익 × 2 연환산,,2026_11012_corp-candidate-name-match-v2,2026-08-19T09:00:34+09:00
000660,SK하이닉스,KOSPI,00164779,SK하이닉스,OPENDART_OFFICIAL_DOWNLOAD,MATCH,동일 종목코드 후보 중 KRX 종목명과 회사명 완전일치,1,NAME_EXACT,READY,OK,2026 반기보고서,2026,11012,반기보고서,CFS,KRW,131895033000000.0,98152891000000.0,134268502000000.0,348862214000000.0,86168986000000.0,262693228000000.0,39871093000000.0,16653355000000.0,15104411000000.0,230.8,489.39,788.94,74.42,32.8,102.22,흑자지속,1214078310630000.0,730492365.0,2026-08-18,367610.97,359611.19,4.52,4.62,READY,KRX 시가총액·상장주식수 / OpenDART 반기보고서 / 누적순이익 × 2 연환산,,2026_11012_corp-candidate-name-match-v2,2026-08-19T09:00:35+09:00
000670,영풍,KOSPI,00141307,영풍,OPENDART_OFFICIAL_DOWNLOAD,MATCH,동일 종목코드 후보 중 KRX 종목명과 회사명 완전일치,1,NAME_EXACT,READY,OK,2026 반기보고서,2026,11012,반기보고서,CFS,KRW,1704276764408.0,44842514713.0,407013295346.0,6357501212177.0,1906993018904.0,4450508193273.0,1171710161702.0,-150408142288.0,264277037899.0,45.45,129.81,54.01,2.63,42.85,18.29,흑자지속,806387915400.0,18410683.0,2026-09-22,44214.9,241735.09,0.99,0.18,READY,KRX 시가총액·상장주식수 / OpenDART 반기보고서 / 누적순이익 × 2 연환산,,2026_11012_corp-candidate-name-match-v2,2026-09-23T10:51:04+09:00
000810,삼성화재,KOSPI,00139214,삼성화재해상보험,OPENDART_OFFICIAL_DOWNLOAD,MATCH_NORMALIZED,동일 종목코드 후보 중 법인표기 제거 후 회사명 일치,1,NAME_CONTAINS,READY,OK,2026 반기보고서,2026,11012,반기보고서,CFS,KRW,1259938054526.0,1746459385358.0,1373953295615.0,115515640725192.0,79304501127337.0,36211139597855.0,1169557495441.0,1603821318674.0,1247409503392.0,7.73,8.89,10.14,138.61,219.01,7.59,흑자지속,27949318098000.0,44647473.0,2026-08-18,61546.74,811045.67,10.17,0.77,READY,KRX 시가총액·상장주식수 / OpenDART 반기보고서 / 누적순이익 × 2 연환산,,2026_11012_corp-candidate-name-match-v2,2026-08-19T09:00:35+09:00
000990,DB하이텍,KOSPI,00160843,DB하이텍,OPENDART_OFFICIAL_DOWNLOAD,MATCH,동일 종목코드 후보 중 KRX 종목명과 회사명 완전일치,3,NAME_EXACT,READY,OK,2026 반기보고서,2026,11012,반기보고서,CFS,KRW,774049959498.0,172142028259.0,202475568255.0,3313476366811.0,752277390071.0,2561198976740.0,634787093359.0,126343860643.0,105897007567.0,21.94,36.25,91.2,22.24,29.37,15.81,흑자지속,4246047788800.0,43504588.0,2026-08-18,9308.24,58871.93,10.49,1.66,READY,KRX 시가총액·상장주식수 / OpenDART 반기보고서 / 누적순이익 × 2 연환산,,2026_11012_corp-candidate-name-match-v2,2026-08-19T09:00:35+09:00
001020,페이퍼코리아,KOSPI,00134723,페이퍼코리아,OPENDART_OFFICIAL_DOWNLOAD,MATCH,동일 종목코드 후보 중 KRX 종목명과 회사명 완전일치,1,NAME_EXACT,READY,OK,2026 반기보고서,2026,11012,반기보고서,CFS,KRW,147522908716.0,6687986487.0,1947557004.0,471794626506.0,206096276813.0,265698349693.0,132732527933.0,-1923182719.0,-5678908366.0,11.14,447.76,134.29,4.53,77.57,1.47,흑자전환,70730567394.0,35596662.0,2026-09-30,109.42,7464.14,18.16,0.27,READY,KRX 시가총액·상장주식수 / OpenDART 반기보고서 / 누적순이익 × 2 연환산,,2026_11012_corp-candidate-name-match-v2,2026-10-01T11:35:55+09:00
001040,CJ,KOSPI,00148540,CJ,OPENDART_OFFICIAL_DOWNLOAD,MATCH,동일 종목코드 후보 중 KRX 종목명과 회사명 완전일치,1,NAME_EXACT,READY,OK,2026 반기보고서,2026,11012,반기보고서,CFS,KRW,22979262035000.0,992440137000.0,329957203000.0,48945395218000.0,31220611427000.0,17724783791000.0,21719467602000.0,1149742219000.0,495821151000.0,5.8,-13.68,-33.45,4.32,176.14,3.72,흑자지속,3947647829400.0,29176998.0,2026-09-28,22617.63,607491.69,5.98,0.22,READY,KRX 시가총액·상장주식수 / OpenDART 반기보고서 / 누적순이익 × 2 연환산,,2026_11012_corp-candidate-name-match-v2,2026-09-29T12:02:02+09:00
001067,JW중외제약2우B,KOSPI,,,,NO_CORP_CODE,OpenDART 기업코드 후보 없음,0,,LIMITED,NO_CORP_CODE,,,,,,KRW,,,,,,,,,,,,,,,,,,,,,,,,LIMITED_NO_FINANCIAL_DATA,,"revenue,operating_profit,net_income,total_assets,total_liabilities,total_equity",2026_11012_corp-candidate-name-match-v2,2026-10-01T11:35:53+09:00
001380,SG글로벌,KOSPI,00152039,SG글로벌,OPENDART_OFFICIAL_DOWNLOAD,MATCH,동일 종목코드 후보 중 KRX 종목명과 회사명 완전일치,1,NAME_EXACT,READY,OK,2026 반기보고서,2026,11012,반기보고서,CFS,KRW,56831955638.0,4786932251.0,3718116266.0,201676471002.0,44459226253.0,157217244749.0,50568830400.0,4543011475.0,2889226723.0,12.39,5.37,28.69,8.42,28.28,4.73,흑자지속,24797724313.0,22482071.0,2026-09-28,330.76,6993.01,3.33,0.16,READY,KRX 시가총액·상장주식수 / OpenDART 반기보고서 / 누적순이익 × 2 연환산,,2026_11012_corp-candidate-name-match-v2,2026-09-29T12:02:05+09:00
001430,세아베스틸지주,KOSPI,00106669,세아베스틸지주,OPENDART_OFFICIAL_DOWNLOAD,MATCH,동일 종목코드 후보 중 KRX 종목명과 회사명 완전일치,1,NAME_EXACT,READY,OK,2026 반기보고서,2026,11012,반기보고서,CFS,KRW,2103309680593.0,90931588161.0,57063648321.0,4284544737336.0,2293866955877.0,1990677781459.0,1864410517997.0,62598879263.0,24187276781.0,12.81,45.26,135.92,4.32,115.23,5.73,흑자지속,1588691871700.0,35862119.0,2026-09-23,3182.39,55509.21,13.92,0.8,READY,KRX 시가총액·상장주식수 / OpenDART 반기보고서 / 누적순이익 × 2 연환산,,2026_11012_corp-candidate-name-match-v2,2026-09-24T10:37:24+09:00
001440,대한전선,KOSPI,00113207,대한전선,OPENDART_OFFICIAL_DOWNLOAD,MATCH,동일 종목코드 후보 중 KRX 종목명과 회사명 완전일치,1,NAME_EXACT,READY,OK,2026 반기보고서,2026,11012,반기보고서,CFS,KRW,2282028749853.0,121253493410.0,-95023703274.0,4010791621989.0,2097060240101.0,1913731381888.0,1771811984166.0,55668058183.0,6341805493.0,28.8,117.82,-1598.37,5.31,109.58,-9.93,적자전환,5624987505200.0,195992596.0,2026-08-18,-969.67,9764.3,,2.94,PARTIAL_LOSS_PER_NA,KRX 시가총액·상장주식수 / OpenDART 반기보고서 / 누적순이익 × 2 연환산,,2026_11012_corp-candidate-name-match-v2,2026-08-19T09:00:36+09:00
001510,SK증권,KOSPI,00131850,SK증권,OPENDART_OFFICIAL_DOWNLOAD,MATCH,동일 종목코드 후보 중 KRX 종목명과 회사명 완전일치,1,NAME_EXACT,READY,OK,2026 반기보고서,2026,11012,반기보고서,CFS,KRW,86452000000.0,51251000000.0,56873000000.0,8580255000000.0,7915979000000.0,664276000000.0,94436000000.0,5212000000.0,15523000000.0,-8.45,883.33,266.38,59.28,1191.67,17.12,흑자지속,523883367525.0,231295085.0,2026-09-29,491.78,2871.98,4.61,0.79,READY,KRX 시가총액·상장주식수 / OpenDART 반기보고서 / 누적순이익 × 2 연환산,,2026_11012_corp-candidate-name-match-v2,2026-09-30T11:25:59+09:00
001820,삼화콘덴서,KOSPI,00129350,삼화콘덴서공업,OPENDART_OFFICIAL_DOWNLOAD,MATCH_NORMALIZED,동일 종목코드 후보 중 법인표기 제거 후 회사명 일치,1,NAME_CONTAINS,READY,OK,2026 반기보고서,2026,11012,반기보고서,CFS,KRW,155700196214.0,13334863674.0,13569385541.0,354916550194.0,66426572185.0,288489978009.0,151198523806.0,10383081281.0,6892044373.0,2.98,28.43,96.88,8.56,23.03,9.41,흑자지속,1012473000000.0,10395000.0,2026-08-18,2610.75,27752.76,37.31,3.51,READY,KRX 시가총액·상장주식수 / OpenDART 반기보고서 / 누적순이익 × 2 연환산,,2026_11012_corp-candidate-name-match-v2,2026-08-19T09:00:37+09:00
002220,한일철강,KOSPI,00163196,한일철강,OPENDART_OFFICIAL_DOWNLOAD,MATCH,동일 종목코드 후보 중 KRX 종목명과 회사명 완전일치,1,NAME_EXACT,READY,OK,2026 반기보고서,2026,11012,반기보고서,CFS,KRW,123630826988.0,3319312016.0,121300252.0,370106157944.0,204057933780.0,166048224164.0,99868142804.0,1729531786.0,1700025264.0,23.79,91.92,-92.86,2.68,122.89,0.15,흑자지속,78223557800.0,26697460.0,2026-09-17,9.09,6219.63,322.44,0.47,READY,KRX 시가총액·상장주식수 / OpenDART 반기보고서 / 누적순이익 × 2 연환산,,2026_11012_corp-candidate-name-match-v2,2026-09-18T10:36:37+09:00
002360,SH에너지화학,KOSPI,00136457,SH에너지화학,OPENDART_OFFICIAL_DOWNLOAD,MATCH,동일 종목코드 후보 중 KRX 종목명과 회사명 완전일치,1,NAME_EXACT,READY,OK,2026 반기보고서,2026,11012,반기보고서,CFS,KRW,59118883829.0,-1139553713.0,-59909610.0,102154906804.0,32212707467.0,69942199337.0,51756948006.0,-6632094373.0,-5521197374.0,14.22,82.82,98.91,-1.93,46.06,-0.17,적자지속,29005903530.0,11113373.0,2026-09-23,-10.78,6293.52,,0.41,PARTIAL_LOSS_PER_NA,KRX 시가총액·상장주식수 / OpenDART 반기보고서 / 누적순이익 × 2 연환산,,2026_11012_corp-candidate-name-match-v2,2026-09-24T10:37:24+09:00
002380,KCC,KOSPI,,,,MISMATCH,KRX 종목명=KCC; OpenDART 후보=케이씨씨,1,NO_NAME_MATCH,LIMITED,NO_CORP_CODE,,,,,,KRW,,,,,,,,,,,,,,,,,,,,,,,,LIMITED_NO_FINANCIAL_DATA,,"revenue,operating_profit,net_income,total_assets,total_liabilities,total_equity",2026_11012_corp-candidate-name-match-v2,2026-10-01T11:35:53+09:00
002420,우양피앤엘,KOSPI,00133618,우양피앤엘,OPENDART_OFFICIAL_DOWNLOAD,MATCH,동일 종목코드 후보 중 KRX 종목명과 회사명 완전일치,1,NAME_EXACT,READY,OK,2026 반기보고서,2026,11012,반기보고서,OFS,KRW,16290951159.0,-6778840.0,-291680271.0,49482112584.0,25206910109.0,24275202475.0,14177083493.0,-804419386.0,-1099863607.0,14.91,99.16,73.48,-0.04,103.84,-2.4,적자지속,189500734720.0,31167884.0,2026-09-30,-18.72,778.85,,7.81,PARTIAL_LOSS_PER_NA,KRX 시가총액·상장주식수 / OpenDART 반기보고서 / 누적순이익 × 2 연환산,,2026_11012_corp-candidate-name-match-v2,2026-10-01T11:35:54+09:00
002630,오리엔트바이오,KOSPI,00141626,오리엔트바이오,OPENDART_OFFICIAL_DOWNLOAD,MATCH,동일 종목코드 후보 중 KRX 종목명과 회사명 완전일치,1,NAME_EXACT,READY,OK,2026 1분기보고서,2026,11013,1분기보고서,OFS,KRW,6591323775.0,50062912.0,4847082295.0,83418811720.0,11150729326.0,72268082394.0,7680857853.0,-1623912092.0,-2031820967.0,-14.19,103.08,338.56,0.76,15.43,26.83,흑자전환,54992868105.0,29645751.0,2026-09-22,654.0,2437.72,2.84,0.76,READY,KRX 시가총액·상장주식수 / OpenDART 1분기보고서 / 누적순이익 × 4 연환산,,2026_11012_corp-candidate-name-match-v2,2026-09-23T10:51:05+09:00
002820,SUN&L,KOSPI,00132211,SUN&L,OPENDART_OFFICIAL_DOWNLOAD,MATCH,동일 종목코드 후보 중 KRX 종목명과 회사명 완전일치,1,NAME_EXACT,READY,OK,2026 반기보고서,2026,11012,반기보고서,CFS,KRW,110083949733.0,-3823820643.0,3246231208.0,474897900061.0,247753703921.0,227144196140.0,148642661397.0,-4951765947.0,-7616066236.0,-25.94,22.78,142.62,-3.47,109.07,2.86,흑자전환,14524097616.0,12063204.0,2026-09-29,538.2,18829.51,2.24,0.06,READY,KRX 시가총액·상장주식수 / OpenDART 반기보고서 / 누적순이익 × 2 연환산,,2026_11012_corp-candidate-name-match-v2,2026-09-30T11:26:00+09:00
002920,유성기업,KOSPI,00174004,유성기업,OPENDART_OFFICIAL_DOWNLOAD,MATCH,동일 종목코드 후보 중 KRX 종목명과 회사명 완전일치,1,NAME_EXACT,READY,OK,2026 반기보고서,2026,11012,반기보고서,CFS,KRW,137199718213.0,-10962721327.0,3346456216.0,445301532570.0,142429345617.0,302872186953.0,160511453557.0,-2058812053.0,5412754313.0,-14.52,-432.48,-38.17,-7.99,47.03,2.21,흑자지속,45719495000.0,25947500.0,2026-09-30,257.94,11672.5,6.83,0.15,READY,KRX 시가총액·상장주식수 / OpenDART 반기보고서 / 누적순이익 × 2 연환산,,2026_11012_corp-candidate-name-match-v2,2026-10-01T11:35:55+09:00
002990,금호건설,KOSPI,00106313,금호건설,OPENDART_OFFICIAL_DOWNLOAD,MATCH,동일 종목코드 후보 중 KRX 종목명과 회사명 완전일치,1,NAME_EXACT,READY,OK,2026 반기보고서,2026,11012,반기보고서,CFS,KRW,965054635967.0,28657965170.0,24376936549.0,1425836411586.0,1143778359528.0,282058052058.0,999239425635.0,21921145030.0,11227383987.0,-3.42,30.73,117.12,2.97,405.51,17.29,흑자지속,458297680200.0,37259974.0,2026-09-30,1308.48,7570.0,9.4,1.62,READY,KRX 시가총액·상장주식수 / OpenDART 반기보고서 / 누적순이익 × 2 연환산,,2026_11012_corp-candidate-name-match-v2,2026-10-01T11:35:54+09:00
002995,금호건설우,KOSPI,,,,NO_CORP_CODE,OpenDART 기업코드 후보 없음,0,,LIMITED,NO_CORP_CODE,,,,,,KRW,,,,,,,,,,,,,,,,,,,,,,,,LIMITED_NO_FINANCIAL_DATA,,"revenue,operating_profit,net_income,total_assets,total_liabilities,total_equity",2026_11012_corp-candidate-name-match-v2,2026-10-01T11:35:54+09:00
003030,세아제강지주,KOSPI,00124197,세아제강지주,OPENDART_OFFICIAL_DOWNLOAD,MATCH,동일 종목코드 후보 중 KRX 종목명과 회사명 완전일치,1,NAME_EXACT,READY,OK,2026 반기보고서,2026,11012,반기보고서,CFS,KRW,2158819748834.0,-24119570380.0,-66381248070.0,6803247148234.0,4016038794861.0,2787208353373.0,1967898827378.0,150061563575.0,105201368794.0,9.7,-116.07,-163.1,-1.12,144.09,-4.76,적자전환,434873985000.0,4141657.0,2026-09-14,-32055.41,672969.38,,0.16,PARTIAL_LOSS_PER_NA,KRX 시가총액·상장주식수 / OpenDART 반기보고서 / 누적순이익 × 2 연환산,,2026_11012_corp-candidate-name-match-v2,2026-09-15T10:49:57+09:00
003160,디아이,KOSPI,00118275,디아이,OPENDART_OFFICIAL_DOWNLOAD,MATCH,동일 종목코드 후보 중 KRX 종목명과 회사명 완전일치,1,NAME_EXACT,READY,OK,2026 반기보고서,2026,11012,반기보고서,CFS,KRW,274333155139.0,58462013217.0,46803455947.0,461831277220.0,223618641052.0,238212636168.0,229314798116.0,22174897566.0,16157271745.0,19.63,163.64,189.67,21.31,93.87,39.3,흑자지속,1001820000000.0,28300000.0,2026-09-21,3307.66,8417.41,10.7,4.21,READY,KRX 시가총액·상장주식수 / OpenDART 반기보고서 / 누적순이익 × 2 연환산,,2026_11012_corp-candidate-name-match-v2,2026-09-22T11:03:34+09:00
003230,삼양식품,KOSPI,00126955,삼양식품,OPENDART_OFFICIAL_DOWNLOAD,MATCH,동일 종목코드 후보 중 KRX 종목명과 회사명 완전일치,1,NAME_EXACT,READY,OK,2026 반기보고서,2026,11012,반기보고서,CFS,KRW,1484714694859.0,353313697185.0,282054263527.0,2748714795404.0,1200447488534.0,1548267306870.0,1082090816109.0,254076409179.0,183034248554.0,37.21,39.06,54.1,23.8,77.53,36.43,흑자지속,10049042010000.0,7533015.0,2026-08-18,74884.83,205530.89,17.81,6.49,READY,KRX 시가총액·상장주식수 / OpenDART 반기보고서 / 누적순이익 × 2 연환산,,2026_11012_corp-candidate-name-match-v2,2026-08-19T09:00:37+09:00
003280,흥아해운,KOSPI,00167208,흥아해운,OPENDART_OFFICIAL_DOWNLOAD,MATCH,동일 종목코드 후보 중 KRX 종목명과 회사명 완전일치,1,NAME_EXACT,READY,OK,2026 반기보고서,2026,11012,반기보고서,CFS,KRW,89986410331.0,4245609493.0,2723986313.0,482597497857.0,200049988937.0,282547508920.0,94459385203.0,10519254156.0,9693961997.0,-4.74,-59.64,-71.9,4.72,70.8,1.93,흑자지속,439977565170.0,240424899.0,2026-09-28,22.66,1175.2,80.76,1.56,READY,KRX 시가총액·상장주식수 / OpenDART 반기보고서 / 누적순이익 × 2 연환산,,2026_11012_corp-candidate-name-match-v2,2026-09-29T12:02:08+09:00
003470,유안타증권,KOSPI,00117601,유안타증권,OPENDART_OFFICIAL_DOWNLOAD,MATCH,동일 종목코드 후보 중 KRX 종목명과 회사명 완전일치,1,NAME_EXACT,READY,OK,2026 반기보고서,2026,11012,반기보고서,CFS,KRW,3518595025000.0,159288929000.0,129838575000.0,25652208893000.0,23663263675000.0,1988945218000.0,1537364542000.0,39749831000.0,32639582000.0,128.87,300.73,297.79,4.53,1189.74,13.06,흑자지속,841048645230.0,192680102.0,2026-09-29,1347.71,10322.53,3.24,0.42,READY,KRX 시가총액·상장주식수 / OpenDART 반기보고서 / 누적순이익 × 2 연환산,,2026_11012_corp-candidate-name-match-v2,2026-09-30T11:26:00+09:00
003475,유안타증권우,KOSPI,,,,NO_CORP_CODE,OpenDART 기업코드 후보 없음,0,,LIMITED,NO_CORP_CODE,,,,,,KRW,,,,,,,,,,,,,,,,,,,,,,,,LIMITED_NO_FINANCIAL_DATA,,"revenue,operating_profit,net_income,total_assets,total_liabilities,total_equity",2026_11012_corp-candidate-name-match-v2,2026-10-01T11:35:54+09:00
003495,대한항공우,KOSPI,,,,NO_CORP_CODE,OpenDART 기업코드 후보 없음,0,,LIMITED,NO_CORP_CODE,,,,,,KRW,,,,,,,,,,,,,,,,,,,,,,,,LIMITED_NO_FINANCIAL_DATA,,"revenue,operating_profit,net_income,total_assets,total_liabilities,total_equity",2026_11012_corp-candidate-name-match-v2,2026-10-01T11:35:54+09:00
003547,대신증권2우B,KOSPI,,,,NO_CORP_CODE,OpenDART 기업코드 후보 없음,0,,LIMITED,NO_CORP_CODE,,,,,,KRW,,,,,,,,,,,,,,,,,,,,,,,,LIMITED_NO_FINANCIAL_DATA,,"revenue,operating_profit,net_income,total_assets,total_liabilities,total_equity",2026_11012_corp-candidate-name-match-v2,2026-10-01T11:35:54+09:00
003550,LG,KOSPI,00120021,LG,OPENDART_OFFICIAL_DOWNLOAD,MATCH,동일 종목코드 후보 중 KRX 종목명과 회사명 완전일치,1,NAME_EXACT,READY,OK,2026 반기보고서,2026,11012,반기보고서,CFS,KRW,3940245000000.0,946808000000.0,912803000000.0,35931460000000.0,3209037000000.0,32722423000000.0,3733846000000.0,914931000000.0,852645000000.0,5.53,3.48,7.06,24.03,9.81,5.58,흑자지속,17976729275600.0,151192004.0,2026-09-08,12074.75,216429.59,9.85,0.55,READY,KRX 시가총액·상장주식수 / OpenDART 반기보고서 / 누적순이익 × 2 연환산,,2026_11012_corp-candidate-name-match-v2,2026-09-09T10:43:16+09:00
003570,SNT다이내믹스,KOSPI,00134477,SNT다이내믹스,OPENDART_OFFICIAL_DOWNLOAD,MATCH,동일 종목코드 후보 중 KRX 종목명과 회사명 완전일치,1,NAME_EXACT,READY,OK,2026 반기보고서,2026,11012,반기보고서,CFS,KRW,376237590442.0,38474884874.0,33359672340.0,1223252274559.0,295248519481.0,928003755078.0,336666812235.0,47289352211.0,45782467110.0,11.75,-18.64,-27.13,10.23,31.82,7.19,흑자지속,939388690250.0,33252697.0,2026-09-14,2006.43,27907.62,14.08,1.01,READY,KRX 시가총액·상장주식수 / OpenDART 반기보고서 / 누적순이익 × 2 연환산,,2026_11012_corp-candidate-name-match-v2,2026-09-15T10:49:57+09:00
003580,HLB글로벌,KOSPI,00169048,HLB글로벌,OPENDART_OFFICIAL_DOWNLOAD,MATCH,동일 종목코드 후보 중 KRX 종목명과 회사명 완전일치,1,NAME_EXACT,READY,OK,2026 반기보고서,2026,11012,반기보고서,CFS,KRW,57834583457.0,-3386399265.0,-3452181703.0,112788111588.0,41649917558.0,71138194030.0,51042694858.0,-5324384432.0,-9278083553.0,13.31,36.4,62.79,-5.86,58.55,-9.71,적자지속,104113502775.0,50663505.0,2026-09-28,-136.28,1404.13,,1.46,PARTIAL_LOSS_PER_NA,KRX 시가총액·상장주식수 / OpenDART 반기보고서 / 누적순이익 × 2 연환산,,2026_11012_corp-candidate-name-match-v2,2026-09-29T12:02:08+09:00
003650,미창석유,KOSPI,00122056,미창석유공업,OPENDART_OFFICIAL_DOWNLOAD,MATCH_NORMALIZED,동일 종목코드 후보 중 법인표기 제거 후 회사명 일치,1,NAME_CONTAINS,READY,OK,2026 반기보고서,2026,11012,반기보고서,OFS,KRW,237046693246.0,21880211171.0,96342456217.0,659529535395.0,83779915825.0,575749619570.0,205199051397.0,19486136592.0,42086909212.0,15.52,12.29,128.91,9.23,14.55,33.47,흑자지속,216067262400.0,1739672.0,2026-09-29,110759.33,330952.97,1.12,0.38,READY,KRX 시가총액·상장주식수 / OpenDART 반기보고서 / 누적순이익 × 2 연환산,,2026_11012_corp-candidate-name-match-v2,2026-09-30T11:26:00+09:00
003670,포스코퓨처엠,KOSPI,00155276,포스코퓨처엠,OPENDART_OFFICIAL_DOWNLOAD,MATCH,동일 종목코드 후보 중 KRX 종목명과 회사명 완전일치,1,NAME_EXACT,READY,OK,2026 반기보고서,2026,11012,반기보고서,CFS,KRW,1436972109023.0,44388403749.0,30937815344.0,9604638488750.0,4890991923743.0,4713646565007.0,1506330789509.0,17923470785.0,13382273270.0,-4.6,147.66,131.19,3.09,103.76,1.31,흑자지속,15654534720000.0,88946220.0,2026-09-02,695.65,52994.34,253.0,3.32,READY,KRX 시가총액·상장주식수 / OpenDART 반기보고서 / 누적순이익 × 2 연환산,,2026_11012_corp-candidate-name-match-v2,2026-09-03T10:34:52+09:00
003720,삼영,KOSPI,00127255,삼영,OPENDART_OFFICIAL_DOWNLOAD,MATCH,동일 종목코드 후보 중 KRX 종목명과 회사명 완전일치,1,NAME_EXACT,READY,OK,2026 반기보고서,2026,11012,반기보고서,CFS,KRW,102480277214.0,13181764842.0,12067826191.0,217411559980.0,117671566089.0,99739993891.0,64720247224.0,4584917709.0,4248513096.0,58.34,187.5,184.05,12.86,117.98,24.2,흑자지속,215220000000.0,34000000.0,2026-09-29,709.87,2933.53,8.92,2.16,READY,KRX 시가총액·상장주식수 / OpenDART 반기보고서 / 누적순이익 × 2 연환산,,2026_11012_corp-candidate-name-match-v2,2026-09-30T11:26:00+09:00
003925,남양유업우,KOSPI,,,,NO_CORP_CODE,OpenDART 기업코드 후보 없음,0,,LIMITED,NO_CORP_CODE,,,,,,KRW,,,,,,,,,,,,,,,,,,,,,,,,LIMITED_NO_FINANCIAL_DATA,,"revenue,operating_profit,net_income,total_assets,total_liabilities,total_equity",2026_11012_corp-candidate-name-match-v2,2026-10-01T11:35:54+09:00
004020,현대제철,KOSPI,00145880,현대제철,OPENDART_OFFICIAL_DOWNLOAD,MATCH,동일 종목코드 후보 중 KRX 종목명과 회사명 완전일치,1,NAME_EXACT,READY,OK,2026 반기보고서,2026,11012,반기보고서,CFS,KRW,11846989711408.0,73408556289.0,-27204032422.0,35765680797731.0,15398394656598.0,20367286141133.0,11509019989320.0,82740071671.0,-16993877738.0,2.94,-11.28,-60.08,0.62,75.6,-0.27,적자지속,4263592830750.0,133445785.0,2026-09-23,-407.72,152625.92,,0.21,PARTIAL_LOSS_PER_NA,KRX 시가총액·상장주식수 / OpenDART 반기보고서 / 누적순이익 × 2 연환산,,2026_11012_corp-candidate-name-match-v2,2026-09-24T10:37:24+09:00
004170,신세계,KOSPI,00136378,신세계,OPENDART_OFFICIAL_DOWNLOAD,MATCH,동일 종목코드 후보 중 KRX 종목명과 회사명 완전일치,1,NAME_EXACT,READY,OK,2026 반기보고서,2026,11012,반기보고서,CFS,KRW,3627526736759.0,364957794666.0,252343789479.0,16625149412934.0,9108934075897.0,7516215337037.0,3359664589805.0,207673016107.0,85411567945.0,7.97,75.74,195.44,10.06,121.19,6.71,흑자지속,4009479334500.0,9445181.0,2026-08-18,53433.34,795772.5,7.94,0.53,READY,KRX 시가총액·상장주식수 / OpenDART 반기보고서 / 누적순이익 × 2 연환산,,2026_11012_corp-candidate-name-match-v2,2026-08-19T09:00:39+09:00
004270,남성,KOSPI,00172185,남성,OPENDART_OFFICIAL_DOWNLOAD,MATCH,동일 종목코드 후보 중 KRX 종목명과 회사명 완전일치,1,NAME_EXACT,READY,OK,2026 반기보고서,2026,11012,반기보고서,CFS,KRW,40106960063.0,4437368473.0,7460816859.0,276675928235.0,168854798515.0,107821129720.0,38613047407.0,1983784191.0,-1481114556.0,3.87,123.68,603.73,11.06,156.61,13.84,흑자전환,25080704000.0,4560128.0,2026-09-30,3272.2,23644.32,1.68,0.23,READY,KRX 시가총액·상장주식수 / OpenDART 반기보고서 / 누적순이익 × 2 연환산,,2026_11012_corp-candidate-name-match-v2,2026-10-01T11:35:56+09:00
004310,현대약품,KOSPI,00164706,현대약품,OPENDART_OFFICIAL_DOWNLOAD,MATCH,동일 종목코드 후보 중 KRX 종목명과 회사명 완전일치,1,NAME_EXACT,READY,OK,2026 반기보고서,2026,11012,반기보고서,OFS,KRW,102039764251.0,3497604967.0,1631879044.0,224689311488.0,96640570395.0,128048741093.0,91500526602.0,663000893.0,-28816939.0,11.52,427.54,5762.92,3.43,75.47,2.55,흑자지속,269440000000.0,32000000.0,2026-09-07,101.99,4001.52,82.56,2.1,READY,KRX 시가총액·상장주식수 / OpenDART 반기보고서 / 누적순이익 × 2 연환산,,2026_11012_corp-candidate-name-match-v2,2026-09-08T10:30:10+09:00
004490,세방전지,KOSPI,00133858,세방전지,OPENDART_OFFICIAL_DOWNLOAD,MATCH,동일 종목코드 후보 중 KRX 종목명과 회사명 완전일치,1,NAME_EXACT,READY,OK,2026 반기보고서,2026,11012,반기보고서,CFS,KRW,1055635981899.0,68576276375.0,72598199858.0,2479981899873.0,751083789384.0,1728898110489.0,1078747337159.0,86761975026.0,71910566522.0,-2.14,-20.96,0.96,6.5,43.44,8.4,흑자지속,823284000000.0,13860000.0,2026-09-30,10475.93,124740.12,5.67,0.48,READY,KRX 시가총액·상장주식수 / OpenDART 반기보고서 / 누적순이익 × 2 연환산,,2026_11012_corp-candidate-name-match-v2,2026-10-01T11:35:56+09:00
004560,현대비앤지스틸,KOSPI,00125743,현대비앤지스틸,OPENDART_OFFICIAL_DOWNLOAD,MATCH,동일 종목코드 후보 중 KRX 종목명과 회사명 완전일치,1,NAME_EXACT,READY,OK,2026 반기보고서,2026,11012,반기보고서,CFS,KRW,402523155991.0,17917638060.0,9652839358.0,748962060645.0,219888940701.0,529073119944.0,375962019642.0,12281518301.0,5120353166.0,7.06,45.89,88.52,4.45,41.56,3.65,흑자지속,188635925610.0,15078811.0,2026-09-22,1280.32,35087.19,9.77,0.36,READY,KRX 시가총액·상장주식수 / OpenDART 반기보고서 / 누적순이익 × 2 연환산,,2026_11012_corp-candidate-name-match-v2,2026-09-23T15:11:45+09:00
004710,한솔테크닉스,KOSPI,00157399,한솔테크닉스,OPENDART_OFFICIAL_DOWNLOAD,MATCH,동일 종목코드 후보 중 KRX 종목명과 회사명 완전일치,1,NAME_EXACT,READY,OK,2026 반기보고서,2026,11012,반기보고서,CFS,KRW,651065500480.0,28340122818.0,22398528087.0,1221285350908.0,656060550745.0,565224800163.0,631326905878.0,32091513649.0,24814124704.0,3.13,-11.69,-9.73,4.35,116.07,7.93,흑자지속,465860795090.0,53119817.0,2026-09-08,843.32,10640.56,10.4,0.82,READY,KRX 시가총액·상장주식수 / OpenDART 반기보고서 / 누적순이익 × 2 연환산,,2026_11012_corp-candidate-name-match-v2,2026-09-09T10:43:18+09:00
005090,SGC에너지,KOSPI,00125150,SGC에너지,OPENDART_OFFICIAL_DOWNLOAD,MATCH,동일 종목코드 후보 중 KRX 종목명과 회사명 완전일치,1,NAME_EXACT,READY,OK,2026 반기보고서,2026,11012,반기보고서,CFS,KRW,1188440662295.0,80618957500.0,13860486923.0,3300127921847.0,2544886750387.0,755241171460.0,1236937915935.0,51561766982.0,-7484188884.0,-3.92,56.35,285.2,6.78,336.96,3.67,흑자지속,845827847100.0,14409333.0,2026-09-14,1923.82,52413.33,30.51,1.12,READY,KRX 시가총액·상장주식수 / OpenDART 반기보고서 / 누적순이익 × 2 연환산,,2026_11012_corp-candidate-name-match-v2,2026-09-15T10:49:57+09:00
005320,온타이드,KOSPI,00168331,온타이드,OPENDART_OFFICIAL_DOWNLOAD,MATCH,동일 종목코드 후보 중 KRX 종목명과 회사명 완전일치,1,NAME_EXACT,READY,OK,2026 반기보고서,2026,11012,반기보고서,CFS,KRW,126704501611.0,1036121593.0,-500125169.0,180614460377.0,73654767611.0,106959692766.0,119494184787.0,-845963474.0,-5421008014.0,6.03,222.48,90.77,0.82,68.86,-0.94,흑자전환,39179270370.0,34187845.0,2026-09-02,-29.26,3128.59,,0.37,PARTIAL_LOSS_PER_NA,KRX 시가총액·상장주식수 / OpenDART 반기보고서 / 누적순이익 × 2 연환산,,2026_11012_corp-candidate-name-match-v2,2026-09-03T10:34:52+09:00
005380,현대차,KOSPI,,,,MISMATCH,KRX 종목명=현대차; OpenDART 후보=현대자동차,1,NO_NAME_MATCH,LIMITED,NO_CORP_CODE,,,,,,KRW,,,,,,,,,,,,,,,,,,,,,,,,LIMITED_NO_FINANCIAL_DATA,,"revenue,operating_profit,net_income,total_assets,total_liabilities,total_equity",2026_11012_corp-candidate-name-match-v2,2026-10-01T11:35:55+09:00
005385,현대차우,,,,,NO_CORP_CODE,OpenDART 기업코드 후보 없음,0,,LIMITED,NO_CORP_CODE,,,,,,KRW,,,,,,,,,,,,,,,,,,,,,,,,LIMITED_NO_FINANCIAL_DATA,,"revenue,operating_profit,net_income,total_assets,total_liabilities,total_equity",2026_11012_corp-candidate-name-match-v2,2026-10-01T11:35:55+09:00
005387,현대차2우B,,,,,NO_CORP_CODE,OpenDART 기업코드 후보 없음,0,,LIMITED,NO_CORP_CODE,,,,,,KRW,,,,,,,,,,,,,,,,,,,,,,,,LIMITED_NO_FINANCIAL_DATA,,"revenue,operating_profit,net_income,total_assets,total_liabilities,total_equity",2026_11012_corp-candidate-name-match-v2,2026-10-01T11:35:55+09:00
005440,현대지에프홀딩스,KOSPI,00105280,현대지에프홀딩스,OPENDART_OFFICIAL_DOWNLOAD,MATCH,동일 종목코드 후보 중 KRX 종목명과 회사명 완전일치,1,NAME_EXACT,READY,OK,2026 반기보고서,2026,11012,반기보고서,CFS,KRW,4139424014000.0,202925904000.0,279381742000.0,10999470660000.0,3409327946000.0,7590142714000.0,4070907392000.0,168692044000.0,306054036000.0,1.68,20.29,-8.71,4.9,44.92,7.36,흑자지속,2349318119190.0,183397199.0,2026-09-30,3046.74,41386.36,4.2,0.31,READY,KRX 시가총액·상장주식수 / OpenDART 반기보고서 / 누적순이익 × 2 연환산,,2026_11012_corp-candidate-name-match-v2,2026-10-01T11:35:56+09:00
005490,POSCO홀딩스,KOSPI,00155319,POSCO홀딩스,OPENDART_OFFICIAL_DOWNLOAD,MATCH,동일 종목코드 후보 중 KRX 종목명과 회사명 완전일치,1,NAME_EXACT,READY,OK,2026 반기보고서,2026,11012,반기보고서,CFS,KRW,37134790631212.0,1525845449199.0,1304703999027.0,109712644176209.0,45549499921180.0,64163144255029.0,34992363367898.0,1175613151730.0,428080637168.0,6.12,29.79,204.78,4.11,70.99,4.07,흑자지속,24247907262000.0,79241527.0,2026-09-30,32929.8,809716.15,9.29,0.38,READY,KRX 시가총액·상장주식수 / OpenDART 반기보고서 / 누적순이익 × 2 연환산,,2026_11012_corp-candidate-name-match-v2,2026-10-01T11:35:56+09:00
005690,파미셀,KOSPI,00145163,파미셀,OPENDART_OFFICIAL_DOWNLOAD,MATCH,동일 종목코드 후보 중 KRX 종목명과 회사명 완전일치,1,NAME_EXACT,READY,OK,2026 반기보고서,2026,11012,반기보고서,OFS,KRW,75672095451.0,26307441811.0,22085041958.0,184149330463.0,40783211332.0,143366119131.0,53792464509.0,16544757411.0,15840791664.0,40.67,59.01,39.42,34.77,28.45,30.81,흑자지속,729648810240.0,60004014.0,2026-09-30,736.12,2389.28,16.52,5.09,READY,KRX 시가총액·상장주식수 / OpenDART 반기보고서 / 누적순이익 × 2 연환산,,2026_11012_corp-candidate-name-match-v2,2026-10-01T11:35:57+09:00
005725,넥센우,KOSPI,,,,NO_CORP_CODE,OpenDART 기업코드 후보 없음,0,,LIMITED,NO_CORP_CODE,,,,,,KRW,,,,,,,,,,,,,,,,,,,,,,,,LIMITED_NO_FINANCIAL_DATA,,"revenue,operating_profit,net_income,total_assets,total_liabilities,total_equity",2026_11012_corp-candidate-name-match-v2,2026-10-01T11:35:56+09:00
005830,DB손해보험,KOSPI,00159102,DB손해보험,OPENDART_OFFICIAL_DOWNLOAD,MATCH,동일 종목코드 후보 중 KRX 종목명과 회사명 완전일치,1,NAME_EXACT,READY,OK,2026 반기보고서,2026,11012,반기보고서,CFS,KRW,1143192000000.0,1586912000000.0,1116444000000.0,81608305000000.0,67567084000000.0,14041221000000.0,1078110000000.0,1418270000000.0,1083670000000.0,6.04,11.89,3.02,138.81,481.21,15.9,흑자지속,12549866868400.0,65500349.0,2026-09-29,34089.71,214368.64,5.62,0.89,READY,KRX 시가총액·상장주식수 / OpenDART 반기보고서 / 누적순이익 × 2 연환산,,2026_11012_corp-candidate-name-match-v2,2026-09-30T11:26:00+09:00
005930,삼성전자,KOSPI,00126380,삼성전자,OPENDART_OFFICIAL_DOWNLOAD,MATCH,동일 종목코드 후보 중 KRX 종목명과 회사명 완전일치,1,NAME_EXACT,READY,OK,2026 반기보고서,2026,11012,반기보고서,CFS,KRW,305372914000000.0,146725209000000.0,118849733000000.0,759480516000000.0,180170840000000.0,579309676000000.0,153706820000000.0,11361329000000.0,13339313000000.0,98.67,1191.44,790.97,48.05,31.1,41.03,흑자지속,1569725806248000.0,5846278608.0,2026-08-18,40658.25,99090.33,6.6,2.71,READY,KRX 시가총액·상장주식수 / OpenDART 반기보고서 / 누적순이익 × 2 연환산,,2026_11012_corp-candidate-name-match-v2,2026-08-19T09:00:40+09:00
005935,삼성전자우,,,,,NO_CORP_CODE,OpenDART 기업코드 후보 없음,0,,LIMITED,NO_CORP_CODE,,,,,,KRW,,,,,,,,,,,,,,,,,,,,,,,,LIMITED_NO_FINANCIAL_DATA,,"revenue,operating_profit,net_income,total_assets,total_liabilities,total_equity",2026_11012_corp-candidate-name-match-v2,2026-10-01T11:35:56+09:00
005960,동부건설,KOSPI,00115612,동부건설,OPENDART_OFFICIAL_DOWNLOAD,MATCH,동일 종목코드 후보 중 KRX 종목명과 회사명 완전일치,1,NAME_EXACT,READY,OK,2026 반기보고서,2026,11012,반기보고서,CFS,KRW,1030679218014.0,28159290939.0,39078145739.0,1775700505802.0,1193517579921.0,582182925881.0,829387542485.0,16646221736.0,10661429471.0,24.27,69.16,266.54,2.73,205.01,13.42,흑자지속,187703703340.0,22946663.0,2026-09-29,3406.0,25371.14,2.4,0.32,READY,KRX 시가총액·상장주식수 / OpenDART 반기보고서 / 누적순이익 × 2 연환산,,2026_11012_corp-candidate-name-match-v2,2026-09-30T11:26:00+09:00
006200,한국전자홀딩스,KOSPI,00159254,한국전자홀딩스,OPENDART_OFFICIAL_DOWNLOAD,MATCH,동일 종목코드 후보 중 KRX 종목명과 회사명 완전일치,1,NAME_EXACT,READY,OK,2026 반기보고서,2026,11012,반기보고서,CFS,KRW,158308942457.0,-5234390514.0,-5016541106.0,549238441777.0,169705703572.0,379532738205.0,145578548396.0,-3799603829.0,-1594118866.0,8.74,-37.76,-214.69,-3.31,44.71,-2.64,적자지속,18112813245.0,9360627.0,2026-09-22,-1071.84,40545.65,,0.05,PARTIAL_LOSS_PER_NA,KRX 시가총액·상장주식수 / OpenDART 반기보고서 / 누적순이익 × 2 연환산,,2026_11012_corp-candidate-name-match-v2,2026-09-23T15:11:46+09:00
006260,LS,KOSPI,00105952,LS,OPENDART_OFFICIAL_DOWNLOAD,MATCH,동일 종목코드 후보 중 KRX 종목명과 회사명 완전일치,1,NAME_EXACT,READY,OK,2026 반기보고서,2026,11012,반기보고서,CFS,KRW,20528009000000.0,1071657000000.0,538587000000.0,29864460000000.0,21786698000000.0,8077762000000.0,14767998000000.0,540145000000.0,304470000000.0,39.0,98.4,76.89,5.22,269.71,13.34,흑자지속,10717200000000.0,31200000.0,2026-08-18,34524.81,258902.63,9.95,1.33,READY,KRX 시가총액·상장주식수 / OpenDART 반기보고서 / 누적순이익 × 2 연환산,,2026_11012_corp-candidate-name-match-v2,2026-08-19T09:00:41+09:00
006340,대원전선,KOSPI,00260392,대원전선,OPENDART_OFFICIAL_DOWNLOAD,MATCH,동일 종목코드 후보 중 KRX 종목명과 회사명 완전일치,1,NAME_EXACT,READY,OK,2026 반기보고서,2026,11012,반기보고서,CFS,KRW,467310055149.0,18396132091.0,14724045608.0,451137798876.0,272240183897.0,178897614979.0,302686469225.0,13721464988.0,11650392559.0,54.39,34.07,26.38,3.94,152.18,16.46,흑자지속,1018603263840.0,78414416.0,2026-09-30,375.54,2281.44,34.59,5.69,READY,KRX 시가총액·상장주식수 / OpenDART 반기보고서 / 누적순이익 × 2 연환산,,2026_11012_corp-candidate-name-match-v2,2026-10-01T11:35:58+09:00
006345,대원전선우,KOSPI,,,,NO_CORP_CODE,OpenDART 기업코드 후보 없음,0,,LIMITED,NO_CORP_CODE,,,,,,KRW,,,,,,,,,,,,,,,,,,,,,,,,LIMITED_NO_FINANCIAL_DATA,,"revenue,operating_profit,net_income,total_assets,total_liabilities,total_equity",2026_11012_corp-candidate-name-match-v2,2026-10-01T11:35:56+09:00
006400,삼성SDI,KOSPI,00126362,삼성SDI,OPENDART_OFFICIAL_DOWNLOAD,MATCH,동일 종목코드 후보 중 KRX 종목명과 회사명 완전일치,1,NAME_EXACT,READY,OK,2026 반기보고서,2026,11012,반기보고서,CFS,KRW,7345161306669.0,48193813418.0,527736617880.0,47621891099845.0,20785671482148.0,26836219617697.0,6356223796915.0,-831905582042.0,-382690226424.0,15.56,105.79,237.9,0.66,77.45,3.93,흑자전환,39325738640000.0,80585530.0,2026-08-18,13097.55,333015.36,37.26,1.47,READY,KRX 시가총액·상장주식수 / OpenDART 반기보고서 / 누적순이익 × 2 연환산,,2026_11012_corp-candidate-name-match-v2,2026-08-19T09:00:41+09:00
006490,프리티,KOSPI,00122825,프리티,OPENDART_OFFICIAL_DOWNLOAD,MATCH,동일 종목코드 후보 중 KRX 종목명과 회사명 완전일치,1,NAME_EXACT,READY,OK,2026 반기보고서,2026,11012,반기보고서,CFS,KRW,49000088670.0,-2819170035.0,-4715758002.0,54425985194.0,31948794482.0,22477190712.0,52946236069.0,413856860.0,-25907611907.0,-7.45,-781.19,81.8,-5.75,142.14,-41.96,적자전환,42413735870.0,17746333.0,2026-09-11,-531.46,1266.58,,1.89,PARTIAL_LOSS_PER_NA,KRX 시가총액·상장주식수 / OpenDART 반기보고서 / 누적순이익 × 2 연환산,,2026_11012_corp-candidate-name-match-v2,2026-09-12T11:25:23+09:00
006800,미래에셋증권,KOSPI,00111722,미래에셋증권,OPENDART_OFFICIAL_DOWNLOAD,MATCH,동일 종목코드 후보 중 KRX 종목명과 회사명 완전일치,1,NAME_EXACT,READY,OK,2026 반기보고서,2026,11012,반기보고서,CFS,KRW,36060098000000.0,3864913000000.0,2907159000000.0,195605130000000.0,179355277000000.0,16249853000000.0,13747518000000.0,846629000000.0,664082000000.0,162.3,356.51,337.77,10.72,1103.73,35.78,흑자지속,20340256088000.0,559566880.0,2026-08-18,10390.75,29040.06,3.5,1.25,READY,KRX 시가총액·상장주식수 / OpenDART 반기보고서 / 누적순이익 × 2 연환산,,2026_11012_corp-candidate-name-match-v2,2026-08-19T09:00:42+09:00
006805,미래에셋증권우,KOSPI,,,,NO_CORP_CODE,OpenDART 기업코드 후보 없음,0,,LIMITED,NO_CORP_CODE,,,,,,KRW,,,,,,,,,,,,,,,,,,,,,,,,LIMITED_NO_FINANCIAL_DATA,,"revenue,operating_profit,net_income,total_assets,total_liabilities,total_equity",2026_11012_corp-candidate-name-match-v2,2026-10-01T11:35:56+09:00
006840,AK홀딩스,KOSPI,00125080,AK홀딩스,OPENDART_OFFICIAL_DOWNLOAD,MATCH,동일 종목코드 후보 중 KRX 종목명과 회사명 완전일치,1,NAME_EXACT,READY,OK,2026 반기보고서,2026,11012,반기보고서,CFS,KRW,1963231084880.0,66299918224.0,116199535111.0,5741266617139.0,4740895529362.0,1000371087777.0,1560774870446.0,-87676776663.0,-26908775012.0,25.79,175.62,531.83,3.38,473.91,23.23,흑자전환,90480841630.0,13247561.0,2026-09-30,17542.78,75513.6,0.39,0.09,READY,KRX 시가총액·상장주식수 / OpenDART 반기보고서 / 누적순이익 × 2 연환산,,2026_11012_corp-candidate-name-match-v2,2026-10-01T11:35:58+09:00
006890,태경케미컬,KOSPI,00109161,태경케미컬,OPENDART_OFFICIAL_DOWNLOAD,MATCH,동일 종목코드 후보 중 KRX 종목명과 회사명 완전일치,1,NAME_EXACT,READY,OK,2026 반기보고서,2026,11012,반기보고서,CFS,KRW,26128062575.0,-2466239172.0,2074272581.0,220427951607.0,49750760125.0,170677191482.0,30488362162.0,1818938258.0,3686968309.0,-14.3,-235.59,-43.74,-9.44,29.15,2.43,흑자지속,55912000000.0,11600000.0,2026-09-29,357.63,14713.55,13.48,0.33,READY,KRX 시가총액·상장주식수 / OpenDART 반기보고서 / 누적순이익 × 2 연환산,,2026_11012_corp-candidate-name-match-v2,2026-09-30T11:26:00+09:00
007340,DN오토모티브,KOSPI,00116949,DN오토모티브,OPENDART_OFFICIAL_DOWNLOAD,MATCH,동일 종목코드 후보 중 KRX 종목명과 회사명 완전일치,1,NAME_EXACT,READY,OK,2026 반기보고서,2026,11012,반기보고서,CFS,KRW,2266973563000.0,350055890000.0,257050008000.0,6356414474000.0,3497196445000.0,2859218029000.0,1788348145000.0,259266295000.0,140290354000.0,26.76,35.02,83.23,15.44,122.31,17.98,흑자지속,2966500855500.0,58510865.0,2026-09-28,8786.4,48866.45,5.77,1.04,READY,KRX 시가총액·상장주식수 / OpenDART 반기보고서 / 누적순이익 × 2 연환산,,2026_11012_corp-candidate-name-match-v2,2026-09-29T12:02:13+09:00
007610,선도전기,KOSPI,00131939,선도전기,OPENDART_OFFICIAL_DOWNLOAD,MATCH,동일 종목코드 후보 중 KRX 종목명과 회사명 완전일치,1,NAME_EXACT,READY,OK,2026 반기보고서,2026,11012,반기보고서,CFS,KRW,8069222048.0,-1521912121.0,-2241958075.0,78782164500.0,44445997481.0,34336167019.0,15171833326.0,-1053969981.0,4424097269.0,-46.81,-44.4,-150.68,-18.86,129.44,-13.06,적자전환,80910000000.0,18000000.0,2026-09-22,-249.11,1907.56,,2.36,PARTIAL_LOSS_PER_NA,KRX 시가총액·상장주식수 / OpenDART 반기보고서 / 누적순이익 × 2 연환산,,2026_11012_corp-candidate-name-match-v2,2026-09-23T15:11:46+09:00
007810,코리아써키트,KOSPI,00152686,코리아써키트,OPENDART_OFFICIAL_DOWNLOAD,MATCH,동일 종목코드 후보 중 KRX 종목명과 회사명 완전일치,1,NAME_EXACT,READY,OK,2026 반기보고서,2026,11012,반기보고서,CFS,KRW,827080277664.0,45733784449.0,47759428982.0,1454849830151.0,653811406166.0,801038423985.0,685935604462.0,4489390211.0,1901488165.0,20.58,918.71,2411.69,5.53,81.62,11.92,흑자지속,1568463348000.0,23982620.0,2026-08-18,3982.84,33400.79,16.42,1.96,READY,KRX 시가총액·상장주식수 / OpenDART 반기보고서 / 누적순이익 × 2 연환산,,2026_11012_corp-candidate-name-match-v2,2026-08-19T09:00:42+09:00
008970,KBI동양철관,KOSPI,00117629,KBI동양철관,OPENDART_OFFICIAL_DOWNLOAD,MATCH,동일 종목코드 후보 중 KRX 종목명과 회사명 완전일치,1,NAME_EXACT,READY,OK,2026 반기보고서,2026,11012,반기보고서,CFS,KRW,127334942617.0,4102754038.0,-597613206.0,247406326480.0,106156236413.0,141250090067.0,98513240135.0,-195651806.0,695862584.0,29.26,2196.97,-185.88,3.22,75.15,-0.85,적자전환,153886323081.0,103766907.0,2026-09-30,-11.52,1361.22,,1.09,PARTIAL_LOSS_PER_NA,KRX 시가총액·상장주식수 / OpenDART 반기보고서 / 누적순이익 × 2 연환산,,2026_11012_corp-candidate-name-match-v2,2026-10-01T11:35:58+09:00
009140,케이아이이,KOSPI,00102140,케이아이이,OPENDART_OFFICIAL_DOWNLOAD,MATCH,동일 종목코드 후보 중 KRX 종목명과 회사명 완전일치,1,NAME_EXACT,READY,OK,2026 반기보고서,2026,11012,반기보고서,CFS,KRW,22762044764.0,1347943475.0,4173653297.0,97792830033.0,9818164389.0,87974665644.0,16590758901.0,351100128.0,1275363457.0,37.2,283.92,227.25,5.92,11.16,9.49,흑자지속,31007532780.0,1570797.0,2026-09-29,5314.06,56006.39,3.71,0.35,READY,KRX 시가총액·상장주식수 / OpenDART 반기보고서 / 누적순이익 × 2 연환산,,2026_11012_corp-candidate-name-match-v2,2026-09-30T11:26:01+09:00
009150,삼성전기,KOSPI,00126371,삼성전기,OPENDART_OFFICIAL_DOWNLOAD,MATCH,동일 종목코드 후보 중 KRX 종목명과 회사명 완전일치,1,NAME_EXACT,READY,OK,2026 반기보고서,2026,11012,반기보고서,CFS,KRW,6666318232625.0,720941863834.0,580988345470.0,16565974324511.0,6036832095050.0,10529142229461.0,5523278231955.0,413557994356.0,278838146459.0,20.69,74.33,108.36,10.81,57.33,11.04,흑자지속,107558922240000.0,74693696.0,2026-08-18,15556.56,140964.27,92.57,10.22,READY,KRX 시가총액·상장주식수 / OpenDART 반기보고서 / 누적순이익 × 2 연환산,,2026_11012_corp-candidate-name-match-v2,2026-08-19T09:00:43+09:00
009190,대양금속,KOSPI,00111111,대양금속,OPENDART_OFFICIAL_DOWNLOAD,MATCH,동일 종목코드 후보 중 KRX 종목명과 회사명 완전일치,1,NAME_EXACT,READY,OK,2026 반기보고서,2026,11012,반기보고서,CFS,KRW,108084730534.0,2982722300.0,-395391643.0,159929643960.0,58650408024.0,101279235936.0,111392214790.0,2597053229.0,2660805621.0,-2.97,14.85,-114.86,2.76,57.91,-0.78,적자전환,35951340000.0,44939175.0,2026-09-30,-17.6,2253.7,,0.35,PARTIAL_LOSS_PER_NA,KRX 시가총액·상장주식수 / OpenDART 반기보고서 / 누적순이익 × 2 연환산,,2026_11012_corp-candidate-name-match-v2,2026-10-01T11:35:59+09:00
009270,신원,KOSPI,00136864,신원,OPENDART_OFFICIAL_DOWNLOAD,MATCH,동일 종목코드 후보 중 KRX 종목명과 회사명 완전일치,1,NAME_EXACT,READY,OK,2026 반기보고서,2026,11012,반기보고서,CFS,KRW,590740724626.0,13838127975.0,507920249.0,675532781626.0,448491652850.0,227041128776.0,539717268075.0,7218540129.0,-5070188583.0,9.45,91.7,110.02,2.34,197.54,0.45,흑자전환,124296335619.0,114770393.0,2026-09-30,8.85,1978.22,122.36,0.55,READY,KRX 시가총액·상장주식수 / OpenDART 반기보고서 / 누적순이익 × 2 연환산,,2026_11012_corp-candidate-name-match-v2,2026-10-01T11:35:59+09:00
009320,아진전자부품,KOSPI,00111689,아진전자부품,OPENDART_OFFICIAL_DOWNLOAD,MATCH,동일 종목코드 후보 중 KRX 종목명과 회사명 완전일치,1,NAME_EXACT,READY,OK,2026 반기보고서,2026,11012,반기보고서,CFS,KRW,75076726528.0,1505500813.0,293259422.0,118180262474.0,83760854471.0,34419408003.0,74841005206.0,3245405547.0,3180398001.0,0.31,-53.61,-90.78,2.01,243.35,1.7,흑자지속,47130580120.0,49299770.0,2026-09-30,11.9,698.17,80.36,1.37,READY,KRX 시가총액·상장주식수 / OpenDART 반기보고서 / 누적순이익 × 2 연환산,,2026_11012_corp-candidate-name-match-v2,2026-10-01T11:35:59+09:00
009415,태영건설우,KOSPI,,,,NO_CORP_CODE,OpenDART 기업코드 후보 없음,0,,LIMITED,NO_CORP_CODE,,,,,,KRW,,,,,,,,,,,,,,,,,,,,,,,,LIMITED_NO_FINANCIAL_DATA,,"revenue,operating_profit,net_income,total_assets,total_liabilities,total_equity",2026_11012_corp-candidate-name-match-v2,2026-10-01T11:35:58+09:00
009420,한올바이오파마,KOSPI,00162586,한올바이오파마,OPENDART_OFFICIAL_DOWNLOAD,MATCH,동일 종목코드 후보 중 KRX 종목명과 회사명 완전일치,1,NAME_EXACT,READY,OK,2026 반기보고서,2026,11012,반기보고서,CFS,KRW,84306351116.0,6436466435.0,-18953504693.0,240514227263.0,78888248325.0,161625978938.0,76831960302.0,751356460.0,391257901.0,9.73,756.65,-4944.25,7.63,48.81,-23.45,적자전환,3171006726600.0,52240638.0,2026-08-25,-725.62,3093.87,,19.62,PARTIAL_LOSS_PER_NA,KRX 시가총액·상장주식수 / OpenDART 반기보고서 / 누적순이익 × 2 연환산,,2026_11012_corp-candidate-name-match-v2,2026-08-26T09:00:01+09:00
009540,HD한국조선해양,KOSPI,00164830,HD한국조선해양,OPENDART_OFFICIAL_DOWNLOAD,MATCH,동일 종목코드 후보 중 KRX 종목명과 회사명 완전일치,1,NAME_EXACT,READY,OK,2026 반기보고서,2026,11012,반기보고서,CFS,KRW,17067936229000.0,3001116502000.0,2735565824000.0,46724836772000.0,27800917165000.0,18923919607000.0,14200122931000.0,1812795480000.0,1058698326000.0,20.2,65.55,158.39,17.58,146.91,28.91,흑자지속,26504531942000.0,70773116.0,2026-08-18,77305.22,267388.53,4.84,1.4,READY,KRX 시가총액·상장주식수 / OpenDART 반기보고서 / 누적순이익 × 2 연환산,,2026_11012_corp-candidate-name-match-v2,2026-08-19T09:00:44+09:00
009580,무림P&P,KOSPI,00119007,무림P&P,OPENDART_OFFICIAL_DOWNLOAD,MATCH,동일 종목코드 후보 중 KRX 종목명과 회사명 완전일치,1,NAME_EXACT,READY,OK,2026 반기보고서,2026,11012,반기보고서,CFS,KRW,394092992401.0,-10888366992.0,-72635281905.0,1857646517159.0,1331528320351.0,526118196808.0,341314964684.0,-10304361348.0,-7236504259.0,15.46,-5.67,-903.73,-2.76,253.09,-27.61,적자지속,107273517280.0,62368324.0,2026-09-30,-2329.24,8435.66,,0.2,PARTIAL_LOSS_PER_NA,KRX 시가총액·상장주식수 / OpenDART 반기보고서 / 누적순이익 × 2 연환산,,2026_11012_corp-candidate-name-match-v2,2026-10-01T11:35:59+09:00
009830,한화솔루션,KOSPI,00162461,한화솔루션,OPENDART_OFFICIAL_DOWNLOAD,MATCH,동일 종목코드 후보 중 KRX 종목명과 회사명 완전일치,1,NAME_EXACT,READY,OK,2026 반기보고서,2026,11012,반기보고서,CFS,KRW,8464607000000.0,399144000000.0,254673000000.0,35370328000000.0,22903360000000.0,12466968000000.0,6211741000000.0,132381000000.0,-208634000000.0,36.27,201.51,222.07,4.72,183.71,4.09,흑자전환,6566862051200.0,224892536.0,2026-09-23,2264.84,55435.22,12.89,0.53,READY,KRX 시가총액·상장주식수 / OpenDART 반기보고서 / 누적순이익 × 2 연환산,,2026_11012_corp-candidate-name-match-v2,2026-09-24T10:37:25+09:00
010120,LS ELECTRIC,,,,,MISMATCH,KRX 종목명=LS ELECTRIC; OpenDART 후보=엘에스일렉트릭,1,NO_NAME_MATCH,LIMITED,NO_CORP_CODE,,,,,,KRW,,,,,,,,,,,,,,,,,,,,,,,,LIMITED_NO_FINANCIAL_DATA,,"revenue,operating_profit,net_income,total_assets,total_liabilities,total_equity",2026_11012_corp-candidate-name-match-v2,2026-10-01T11:35:59+09:00
010140,삼성중공업,KOSPI,00126478,삼성중공업,OPENDART_OFFICIAL_DOWNLOAD,MATCH,동일 종목코드 후보 중 KRX 종목명과 회사명 완전일치,1,NAME_EXACT,READY,OK,2026 반기보고서,2026,11012,반기보고서,CFS,KRW,6132962612957.0,598142292889.0,322880126722.0,17959382201581.0,13249028797824.0,4710353403757.0,5177263260350.0,327893210646.0,302452091895.0,18.46,82.42,6.75,9.75,281.27,13.71,흑자지속,18700000000000.0,880000000.0,2026-08-18,733.82,5352.67,28.96,3.97,READY,KRX 시가총액·상장주식수 / OpenDART 반기보고서 / 누적순이익 × 2 연환산,,2026_11012_corp-candidate-name-match-v2,2026-08-19T09:00:44+09:00
010580,에스엠벡셀,KOSPI,00147860,에스엠벡셀,OPENDART_OFFICIAL_DOWNLOAD,MATCH,동일 종목코드 후보 중 KRX 종목명과 회사명 완전일치,1,NAME_EXACT,READY,OK,2026 반기보고서,2026,11012,반기보고서,OFS,KRW,72750480681.0,1254016535.0,-538731404.0,100120585313.0,30496747929.0,69623837384.0,81496911198.0,2131744154.0,1950937211.0,-10.73,-41.17,-127.61,1.72,43.8,-1.55,흑자지속,233072437200.0,111251760.0,2026-09-08,-9.68,625.82,,3.35,PARTIAL_LOSS_PER_NA,KRX 시가총액·상장주식수 / OpenDART 반기보고서 / 누적순이익 × 2 연환산,,2026_11012_corp-candidate-name-match-v2,2026-09-09T10:43:18+09:00
010690,화신,KOSPI,00166315,화신,OPENDART_OFFICIAL_DOWNLOAD,MATCH,동일 종목코드 후보 중 KRX 종목명과 회사명 완전일치,1,NAME_EXACT,READY,OK,2026 반기보고서,2026,11012,반기보고서,CFS,KRW,1003964143236.0,22782307357.0,35329381606.0,1849537072587.0,1231735995272.0,617801077315.0,964252293283.0,56956165580.0,29352287181.0,4.12,-60.0,20.36,2.27,199.37,11.44,흑자지속,264347503700.0,34920410.0,2026-09-21,2023.42,17691.69,3.74,0.43,READY,KRX 시가총액·상장주식수 / OpenDART 반기보고서 / 누적순이익 × 2 연환산,,2026_11012_corp-candidate-name-match-v2,2026-09-22T11:03:37+09:00
010820,퍼스텍,KOSPI,00148522,퍼스텍,OPENDART_OFFICIAL_DOWNLOAD,MATCH,동일 종목코드 후보 중 KRX 종목명과 회사명 완전일치,1,NAME_EXACT,READY,OK,2026 반기보고서,2026,11012,반기보고서,OFS,KRW,171542742716.0,5694740668.0,4368731539.0,448112611485.0,359600770836.0,88511840649.0,115451422160.0,2941823396.0,4559333774.0,48.58,93.58,-4.18,3.32,406.27,9.87,흑자지속,300922857460.0,48771938.0,2026-09-29,179.15,1814.81,34.44,3.4,READY,KRX 시가총액·상장주식수 / OpenDART 반기보고서 / 누적순이익 × 2 연환산,,2026_11012_corp-candidate-name-match-v2,2026-09-30T11:26:01+09:00
011070,LG이노텍,KOSPI,00105961,LG이노텍,OPENDART_OFFICIAL_DOWNLOAD,MATCH,동일 종목코드 후보 중 KRX 종목명과 회사명 완전일치,1,NAME_EXACT,READY,OK,2026 반기보고서,2026,11012,반기보고서,CFS,KRW,11062077000000.0,541073000000.0,398810000000.0,11922768000000.0,5552175000000.0,6370593000000.0,8917415000000.0,136508000000.0,76936000000.0,24.05,296.37,418.37,4.89,87.15,12.52,흑자지속,14981278731000.0,23667107.0,2026-08-18,33701.63,269174.98,18.78,2.35,READY,KRX 시가총액·상장주식수 / OpenDART 반기보고서 / 누적순이익 × 2 연환산,,2026_11012_corp-candidate-name-match-v2,2026-08-19T09:00:44+09:00
011200,HMM,KOSPI,00164645,HMM,OPENDART_OFFICIAL_DOWNLOAD,MATCH,동일 종목코드 후보 중 KRX 종목명과 회사명 완전일치,1,NAME_EXACT,READY,OK,2026 반기보고서,2026,11012,반기보고서,CFS,KRW,6120700000000.0,623212000000.0,765009000000.0,37183441000000.0,8453215000000.0,28730226000000.0,5477429000000.0,847074000000.0,1211050000000.0,11.74,-26.43,-36.83,10.18,29.42,5.33,흑자지속,21364340020500.0,943237970.0,2026-08-18,1622.09,30459.15,13.96,0.74,READY,KRX 시가총액·상장주식수 / OpenDART 반기보고서 / 누적순이익 × 2 연환산,,2026_11012_corp-candidate-name-match-v2,2026-08-19T09:00:45+09:00
011300,우성머티리얼스,KOSPI,00132868,우성머티리얼스,OPENDART_OFFICIAL_DOWNLOAD,MATCH,동일 종목코드 후보 중 KRX 종목명과 회사명 완전일치,1,NAME_EXACT,READY,OK,2026 반기보고서,2026,11012,반기보고서,CFS,KRW,5665177526.0,-1291910273.0,-3324180340.0,98272049838.0,64201879785.0,34070170053.0,9166749523.0,1583231165.0,-2502332608.0,-38.2,-181.6,-32.84,-22.8,188.44,-19.51,적자지속,51113353325.0,17238905.0,2026-09-29,-385.66,1976.35,,1.5,PARTIAL_LOSS_PER_NA,KRX 시가총액·상장주식수 / OpenDART 반기보고서 / 누적순이익 × 2 연환산,,2026_11012_corp-candidate-name-match-v2,2026-09-30T11:26:01+09:00
011330,유니켐,KOSPI,00137207,유니켐,OPENDART_OFFICIAL_DOWNLOAD,MATCH,동일 종목코드 후보 중 KRX 종목명과 회사명 완전일치,1,NAME_EXACT,READY,OK,2026 반기보고서,2026,11012,반기보고서,CFS,KRW,50523731332.0,-4168180400.0,-6465392177.0,220234152973.0,97602936827.0,122631216146.0,52528758595.0,1656101835.0,1280737430.0,-3.82,-351.69,-604.82,-8.25,79.59,-10.54,적자전환,39423915040.0,10018784.0,2026-09-30,-1290.65,12240.13,,0.32,PARTIAL_LOSS_PER_NA,KRX 시가총액·상장주식수 / OpenDART 반기보고서 / 누적순이익 × 2 연환산,,2026_11012_corp-candidate-name-match-v2,2026-10-01T11:36:00+09:00
011390,부산산업,KOSPI,00124027,부산산업,OPENDART_OFFICIAL_DOWNLOAD,MATCH,동일 종목코드 후보 중 KRX 종목명과 회사명 완전일치,1,NAME_EXACT,READY,OK,2026 반기보고서,2026,11012,반기보고서,CFS,KRW,48015205993.0,1856945633.0,111815802.0,329514020587.0,162721205123.0,166792815464.0,56404398343.0,-738348919.0,-3017273937.0,-14.87,351.5,103.71,3.87,97.56,0.13,흑자전환,48206400000.0,1056000.0,2026-09-30,211.77,157947.74,215.56,0.29,READY,KRX 시가총액·상장주식수 / OpenDART 반기보고서 / 누적순이익 × 2 연환산,,2026_11012_corp-candidate-name-match-v2,2026-10-01T11:36:01+09:00
011780,금호석유화학,KOSPI,00106368,금호석유화학,OPENDART_OFFICIAL_DOWNLOAD,MATCH,동일 종목코드 후보 중 KRX 종목명과 회사명 완전일치,1,NAME_EXACT,READY,OK,2026 반기보고서,2026,11012,반기보고서,CFS,KRW,4048109725023.0,398401741608.0,396709448630.0,9065212918591.0,2320402722802.0,6744810195789.0,3681595568845.0,185837866958.0,182565510908.0,9.96,114.38,117.3,9.84,34.4,11.76,흑자지속,2900639572500.0,25157325.0,2026-09-30,31538.29,268105.22,3.66,0.43,READY,KRX 시가총액·상장주식수 / OpenDART 반기보고서 / 누적순이익 × 2 연환산,,2026_11012_corp-candidate-name-match-v2,2026-10-01T11:36:01+09:00
012160,영흥,KOSPI,00141477,영흥,OPENDART_OFFICIAL_DOWNLOAD,MATCH,동일 종목코드 후보 중 KRX 종목명과 회사명 완전일치,1,NAME_EXACT,READY,OK,2026 반기보고서,2026,11012,반기보고서,CFS,KRW,203191995759.0,734712164.0,-1348782724.0,390504605481.0,225399793106.0,165104812375.0,227267140540.0,-3964249668.0,-24376660370.0,-10.59,118.53,94.47,0.36,136.52,-1.63,적자지속,32022441150.0,15620703.0,2026-09-30,-172.69,10569.61,,0.19,PARTIAL_LOSS_PER_NA,KRX 시가총액·상장주식수 / OpenDART 반기보고서 / 누적순이익 × 2 연환산,,2026_11012_corp-candidate-name-match-v2,2026-10-01T11:36:01+09:00
012200,계양전기,KOSPI,00102618,계양전기,OPENDART_OFFICIAL_DOWNLOAD,MATCH,동일 종목코드 후보 중 KRX 종목명과 회사명 완전일치,1,NAME_EXACT,READY,OK,2026 반기보고서,2026,11012,반기보고서,CFS,KRW,196378488171.0,-7046103772.0,-5284296090.0,242421067884.0,225803529063.0,16617538821.0,196059048493.0,-11254059017.0,-8363212261.0,0.16,37.39,36.81,-3.59,1358.83,-63.6,적자지속,104671777505.0,27222829.0,2026-09-21,-388.23,610.43,,6.3,PARTIAL_LOSS_PER_NA,KRX 시가총액·상장주식수 / OpenDART 반기보고서 / 누적순이익 × 2 연환산,,2026_11012_corp-candidate-name-match-v2,2026-09-22T11:03:38+09:00
012280,영화금속,KOSPI,00141413,영화금속,OPENDART_OFFICIAL_DOWNLOAD,MATCH,동일 종목코드 후보 중 KRX 종목명과 회사명 완전일치,1,NAME_EXACT,READY,OK,2026 반기보고서,2026,11012,반기보고서,OFS,KRW,182232143537.0,7312496959.0,7066752211.0,239669151468.0,153882395197.0,85786756271.0,181262465180.0,9897103598.0,6028524958.0,0.53,-26.11,17.22,4.01,179.38,16.48,흑자지속,34171908450.0,9904901.0,2026-09-29,1426.92,8661.04,2.42,0.4,READY,KRX 시가총액·상장주식수 / OpenDART 반기보고서 / 누적순이익 × 2 연환산,,2026_11012_corp-candidate-name-match-v2,2026-09-30T11:26:02+09:00
012330,현대모비스,KOSPI,00164788,현대모비스,OPENDART_OFFICIAL_DOWNLOAD,MATCH,동일 종목코드 후보 중 KRX 종목명과 회사명 완전일치,1,NAME_EXACT,READY,OK,2026 반기보고서,2026,11012,반기보고서,CFS,KRW,31885209000000.0,1777806000000.0,1943282000000.0,75455709000000.0,23771343000000.0,51684366000000.0,30688275000000.0,1646683000000.0,1966156000000.0,3.9,7.96,-1.16,5.58,45.99,7.52,흑자지속,46999477994000.0,90732583.0,2026-08-18,42835.37,569634.02,12.09,0.91,READY,KRX 시가총액·상장주식수 / OpenDART 반기보고서 / 누적순이익 × 2 연환산,,2026_11012_corp-candidate-name-match-v2,2026-08-19T09:00:45+09:00
012450,한화에어로스페이스,KOSPI,00126566,한화에어로스페이스,OPENDART_OFFICIAL_DOWNLOAD,MATCH,동일 종목코드 후보 중 KRX 종목명과 회사명 완전일치,1,NAME_EXACT,READY,OK,2026 반기보고서,2026,11012,반기보고서,CFS,KRW,15043887093000.0,2004376374000.0,1606805408000.0,58742027729000.0,38504888649000.0,20237139080000.0,11795179682000.0,1391374458000.0,469075875000.0,27.54,44.06,242.55,13.32,190.27,15.88,흑자지속,59091657546000.0,51563401.0,2026-08-18,62323.48,392470.99,18.39,2.92,READY,KRX 시가총액·상장주식수 / OpenDART 반기보고서 / 누적순이익 × 2 연환산,,2026_11012_corp-candidate-name-match-v2,2026-08-19T09:00:46+09:00
013890,지누스,KOSPI,00150633,지누스,OPENDART_OFFICIAL_DOWNLOAD,MATCH,동일 종목코드 후보 중 KRX 종목명과 회사명 완전일치,1,NAME_EXACT,READY,OK,2026 반기보고서,2026,11012,반기보고서,CFS,KRW,287100399270.0,-56793318917.0,-44875496054.0,1069407654333.0,427049984558.0,642357669775.0,479393649039.0,56616117426.0,26218415942.0,-40.11,-200.31,-271.16,-19.78,66.48,-13.97,적자전환,151288109700.0,21925813.0,2026-09-30,-4093.39,29296.87,,0.24,PARTIAL_LOSS_PER_NA,KRX 시가총액·상장주식수 / OpenDART 반기보고서 / 누적순이익 × 2 연환산,,2026_11012_corp-candidate-name-match-v2,2026-10-01T11:36:02+09:00
015230,대창단조,KOSPI,00112679,대창단조,OPENDART_OFFICIAL_DOWNLOAD,MATCH,동일 종목코드 후보 중 KRX 종목명과 회사명 완전일치,1,NAME_EXACT,READY,OK,2026 반기보고서,2026,11012,반기보고서,CFS,KRW,200409838590.0,27248368341.0,23031559794.0,441915762407.0,94431020601.0,347484741806.0,172253160886.0,20008031965.0,12702019728.0,16.35,36.19,81.32,13.6,27.18,13.26,흑자지속,174533476600.0,27143620.0,2026-09-30,1697.01,12801.71,3.79,0.5,READY,KRX 시가총액·상장주식수 / OpenDART 반기보고서 / 누적순이익 × 2 연환산,,2026_11012_corp-candidate-name-match-v2,2026-10-01T11:36:02+09:00
015590,DKME,KOSPI,00108746,DKME,OPENDART_OFFICIAL_DOWNLOAD,MATCH,동일 종목코드 후보 중 KRX 종목명과 회사명 완전일치,1,NAME_EXACT,READY,OK,2026 반기보고서,2026,11012,반기보고서,CFS,KRW,36839133846.0,-4248893686.0,-1212125259.0,204575415557.0,65275113574.0,139300301983.0,72788097377.0,9358986256.0,-93813387.0,-49.39,-145.4,-1192.06,-11.53,46.86,-1.74,적자지속,114001117580.0,53396308.0,2026-09-16,-45.4,2608.8,,0.82,PARTIAL_LOSS_PER_NA,KRX 시가총액·상장주식수 / OpenDART 반기보고서 / 누적순이익 × 2 연환산,,2026_11012_corp-candidate-name-match-v2,2026-09-17T10:39:51+09:00
017670,SK텔레콤,KOSPI,00159023,SK텔레콤,OPENDART_OFFICIAL_DOWNLOAD,MATCH,동일 종목코드 후보 중 KRX 종목명과 회사명 완전일치,1,NAME_EXACT,READY,OK,2026 반기보고서,2026,11012,반기보고서,CFS,KRW,8751369000000.0,1103634000000.0,782395000000.0,32430151000000.0,16935152000000.0,15494999000000.0,8792477000000.0,905644000000.0,444822000000.0,-0.47,21.86,75.89,12.61,109.29,10.1,흑자지속,18751171626900.0,214790053.0,2026-09-22,7285.21,72140.21,11.98,1.21,READY,KRX 시가총액·상장주식수 / OpenDART 반기보고서 / 누적순이익 × 2 연환산,,2026_11012_corp-candidate-name-match-v2,2026-09-23T10:51:05+09:00
017900,광전자,KOSPI,00152729,광전자,OPENDART_OFFICIAL_DOWNLOAD,MATCH,동일 종목코드 후보 중 KRX 종목명과 회사명 완전일치,1,NAME_EXACT,READY,OK,2026 반기보고서,2026,11012,반기보고서,CFS,KRW,71297449737.0,1999634222.0,6736980265.0,266072347595.0,20700136767.0,245372210828.0,70130591915.0,2979856905.0,-2591248.0,1.66,-32.89,260089.79,2.8,8.44,5.49,흑자전환,572484378440.0,57943763.0,2026-09-23,232.54,4234.66,42.49,2.33,READY,KRX 시가총액·상장주식수 / OpenDART 반기보고서 / 누적순이익 × 2 연환산,,2026_11012_corp-candidate-name-match-v2,2026-09-24T10:37:25+09:00
018260,삼성에스디에스,KOSPI,00126186,삼성에스디에스,OPENDART_OFFICIAL_DOWNLOAD,MATCH,동일 종목코드 후보 중 KRX 종목명과 회사명 완전일치,1,NAME_EXACT,READY,OK,2026 반기보고서,2026,11012,반기보고서,CFS,KRW,7070691706128.0,310146348715.0,275837521064.0,15150653571936.0,4507310800543.0,10643342771393.0,7001748158775.0,498706325631.0,393683287715.0,0.98,-37.81,-29.93,4.39,42.35,5.18,흑자지속,18029027400000.0,77377800.0,2026-09-02,7129.63,137550.34,32.68,1.69,READY,KRX 시가총액·상장주식수 / OpenDART 반기보고서 / 누적순이익 × 2 연환산,,2026_11012_corp-candidate-name-match-v2,2026-09-03T10:34:54+09:00
019680,대교,KOSPI,00108913,대교,OPENDART_OFFICIAL_DOWNLOAD,MATCH,동일 종목코드 후보 중 KRX 종목명과 회사명 완전일치,1,NAME_EXACT,READY,OK,2026 반기보고서,2026,11012,반기보고서,CFS,KRW,316305719102.0,-7292017170.0,-5149952539.0,590242215787.0,316212439693.0,274029776094.0,328184782916.0,962453413.0,-2586541918.0,-3.62,-857.65,-99.11,-2.31,115.39,-3.76,적자전환,73185373150.0,40233850.0,2026-09-11,-256.0,6810.93,,0.27,PARTIAL_LOSS_PER_NA,KRX 시가총액·상장주식수 / OpenDART 반기보고서 / 누적순이익 × 2 연환산,,2026_11012_corp-candidate-name-match-v2,2026-09-12T11:25:26+09:00
019685,대교우B,KOSPI,,,,NO_CORP_CODE,OpenDART 기업코드 후보 없음,0,,LIMITED,NO_CORP_CODE,,,,,,KRW,,,,,,,,,,,,,,,,,,,,,,,,LIMITED_NO_FINANCIAL_DATA,,"revenue,operating_profit,net_income,total_assets,total_liabilities,total_equity",2026_11012_corp-candidate-name-match-v2,2026-10-01T11:36:01+09:00
020000,한섬,KOSPI,00188089,한섬,OPENDART_OFFICIAL_DOWNLOAD,MATCH,동일 종목코드 후보 중 KRX 종목명과 회사명 완전일치,1,NAME_EXACT,READY,OK,2026 반기보고서,2026,11012,반기보고서,CFS,KRW,773568106000.0,41134171000.0,30643465000.0,1714315629000.0,263045013000.0,1451270616000.0,718419054000.0,22518361000.0,20805134000.0,7.68,82.67,47.29,5.32,18.13,4.22,흑자지속,451016874000.0,21476994.0,2026-09-30,2853.61,67573.27,7.36,0.31,READY,KRX 시가총액·상장주식수 / OpenDART 반기보고서 / 누적순이익 × 2 연환산,,2026_11012_corp-candidate-name-match-v2,2026-10-01T11:36:02+09:00
021240,코웨이,KOSPI,00170558,코웨이,OPENDART_OFFICIAL_DOWNLOAD,MATCH,동일 종목코드 후보 중 KRX 종목명과 회사명 완전일치,1,NAME_EXACT,READY,OK,2026 반기보고서,2026,11012,반기보고서,CFS,KRW,2771942469824.0,504140552539.0,360286661946.0,7778583376213.0,3957380867734.0,3821202508479.0,2433793913567.0,453965916276.0,294336437079.0,13.89,11.05,22.41,18.19,103.56,18.86,흑자지속,7189970481600.0,70767426.0,2026-09-28,10182.27,53996.63,9.98,1.88,READY,KRX 시가총액·상장주식수 / OpenDART 반기보고서 / 누적순이익 × 2 연환산,,2026_11012_corp-candidate-name-match-v2,2026-09-29T12:02:17+09:00
023150,MH에탄올,KOSPI,00121534,MH에탄올,OPENDART_OFFICIAL_DOWNLOAD,MATCH,동일 종목코드 후보 중 KRX 종목명과 회사명 완전일치,1,NAME_EXACT,READY,OK,2026 반기보고서,2026,11012,반기보고서,CFS,KRW,38476584593.0,3711295992.0,3581880982.0,247181774558.0,183063495123.0,64118279435.0,48772364709.0,8807936444.0,9201406868.0,-21.11,-57.86,-61.07,9.65,285.51,11.17,흑자지속,24681703340.0,6201433.0,2026-09-30,1155.18,10339.27,3.45,0.38,READY,KRX 시가총액·상장주식수 / OpenDART 반기보고서 / 누적순이익 × 2 연환산,,2026_11012_corp-candidate-name-match-v2,2026-10-01T11:36:03+09:00
023350,한국종합기술,KOSPI,00159500,한국종합기술,OPENDART_OFFICIAL_DOWNLOAD,MATCH,동일 종목코드 후보 중 KRX 종목명과 회사명 완전일치,1,NAME_EXACT,READY,OK,2026 반기보고서,2026,11012,반기보고서,CFS,KRW,198254153836.0,4348448897.0,5791420605.0,454865556095.0,275587614385.0,179277941710.0,188070660890.0,606178424.0,956239003.0,5.41,617.35,505.65,2.19,153.72,6.46,흑자지속,41281500000.0,10950000.0,2026-09-29,1057.79,16372.41,3.56,0.23,READY,KRX 시가총액·상장주식수 / OpenDART 반기보고서 / 누적순이익 × 2 연환산,,2026_11012_corp-candidate-name-match-v2,2026-09-30T11:26:02+09:00
023530,롯데쇼핑,KOSPI,00120526,롯데쇼핑,OPENDART_OFFICIAL_DOWNLOAD,MATCH,동일 종목코드 후보 중 KRX 종목명과 회사명 완전일치,1,NAME_EXACT,READY,OK,2026 반기보고서,2026,11012,반기보고서,CFS,KRW,7066622755889.0,342791329047.0,158489330896.0,38473231642165.0,21363842546136.0,17109389096029.0,6806467108121.0,188874906814.0,7796158438.0,3.82,81.49,1932.92,4.85,124.87,1.85,흑자지속,2868479757000.0,28288755.0,2026-09-30,11205.11,604812.37,9.05,0.17,READY,KRX 시가총액·상장주식수 / OpenDART 반기보고서 / 누적순이익 × 2 연환산,,2026_11012_corp-candidate-name-match-v2,2026-10-01T11:36:04+09:00
024090,디씨엠,KOSPI,00177199,디씨엠,OPENDART_OFFICIAL_DOWNLOAD,MATCH,동일 종목코드 후보 중 KRX 종목명과 회사명 완전일치,1,NAME_EXACT,READY,OK,2026 반기보고서,2026,11012,반기보고서,OFS,KRW,99240149889.0,5242992001.0,7666736705.0,292590930149.0,31808069519.0,260782860630.0,123082869289.0,8072550230.0,8304546799.0,-19.37,-35.05,-7.68,5.28,12.2,5.88,흑자지속,130416000000.0,11400000.0,2026-09-30,1345.04,22875.69,8.51,0.5,READY,KRX 시가총액·상장주식수 / OpenDART 반기보고서 / 누적순이익 × 2 연환산,,2026_11012_corp-candidate-name-match-v2,2026-10-01T11:36:04+09:00
024900,디와이덕양,KOSPI,00114154,디와이덕양,OPENDART_OFFICIAL_DOWNLOAD,MATCH,동일 종목코드 후보 중 KRX 종목명과 회사명 완전일치,1,NAME_EXACT,READY,OK,2026 반기보고서,2026,11012,반기보고서,CFS,KRW,842883919399.0,-5300586220.0,1109077799.0,605165007979.0,489933375682.0,115231632297.0,885517107350.0,2487264498.0,-242798003.0,-4.81,-313.11,556.79,-0.63,425.17,1.92,흑자전환,71642956000.0,32564980.0,2026-09-29,68.11,3538.51,32.3,0.62,READY,KRX 시가총액·상장주식수 / OpenDART 반기보고서 / 누적순이익 × 2 연환산,,2026_11012_corp-candidate-name-match-v2,2026-09-30T11:26:02+09:00
025620,차AI헬스케어,KOSPI,00136776,차AI헬스케어,OPENDART_OFFICIAL_DOWNLOAD,MATCH,동일 종목코드 후보 중 KRX 종목명과 회사명 완전일치,1,NAME_EXACT,READY,OK,2026 반기보고서,2026,11012,반기보고서,CFS,KRW,4845834648.0,-3504623785.0,5774712273.0,121675009763.0,40677708630.0,80997301133.0,3716030516.0,-3322558248.0,-1017918194.0,30.4,-5.48,667.31,-72.32,50.22,14.26,흑자전환,86923971075.0,18203973.0,2026-09-18,634.45,4449.43,7.53,1.07,READY,KRX 시가총액·상장주식수 / OpenDART 반기보고서 / 누적순이익 × 2 연환산,,2026_11012_corp-candidate-name-match-v2,2026-09-19T10:57:13+09:00
028050,삼성E&A,KOSPI,00126308,삼성E&A,OPENDART_OFFICIAL_DOWNLOAD,MATCH,동일 종목코드 후보 중 KRX 종목명과 회사명 완전일치,1,NAME_EXACT,READY,OK,2026 반기보고서,2026,11012,반기보고서,CFS,KRW,4876713582598.0,461281131434.0,345786059022.0,10497739509814.0,5776930343942.0,4720809165872.0,4275977917371.0,338160166481.0,298929009957.0,14.05,36.41,15.67,9.46,122.37,14.65,흑자지속,9408000000000.0,196000000.0,2026-09-07,3528.43,24085.76,13.6,1.99,READY,KRX 시가총액·상장주식수 / OpenDART 반기보고서 / 누적순이익 × 2 연환산,,2026_11012_corp-candidate-name-match-v2,2026-09-08T10:30:12+09:00
028260,삼성물산,KOSPI,00149655,삼성물산,OPENDART_OFFICIAL_DOWNLOAD,MATCH,동일 종목코드 후보 중 KRX 종목명과 회사명 완전일치,1,NAME_EXACT,READY,OK,2026 반기보고서,2026,11012,반기보고서,CFS,KRW,22460878797270.0,1752100294114.0,2001413972826.0,163768451300192.0,50059810178031.0,113708641122161.0,19758856874740.0,1477035382315.0,1463767225490.0,13.67,18.62,36.73,7.8,44.02,3.52,흑자지속,55380228911500.0,162167581.0,2026-09-30,24683.28,701179.86,13.84,0.49,READY,KRX 시가총액·상장주식수 / OpenDART 반기보고서 / 누적순이익 × 2 연환산,,2026_11012_corp-candidate-name-match-v2,2026-10-01T11:36:04+09:00
028670,팬오션,KOSPI,00122737,팬오션,OPENDART_OFFICIAL_DOWNLOAD,MATCH,동일 종목코드 후보 중 KRX 종목명과 회사명 완전일치,1,NAME_EXACT,READY,OK,2026 반기보고서,2026,11012,반기보고서,CFS,KRW,3422590000000.0,334618000000.0,231964000000.0,12838106000000.0,6516519000000.0,6321587000000.0,2687095000000.0,236327000000.0,194808000000.0,27.37,41.59,19.07,9.78,103.08,7.34,흑자지속,2998934962320.0,534569512.0,2026-08-26,867.85,11825.57,6.46,0.47,READY,KRX 시가총액·상장주식수 / OpenDART 반기보고서 / 누적순이익 × 2 연환산,,2026_11012_corp-candidate-name-match-v2,2026-08-27T18:51:30+09:00
030720,동원수산,KOSPI,00118044,동원수산,OPENDART_OFFICIAL_DOWNLOAD,MATCH,동일 종목코드 후보 중 KRX 종목명과 회사명 완전일치,1,NAME_EXACT,READY,OK,2026 반기보고서,2026,11012,반기보고서,CFS,KRW,89848563634.0,8135954202.0,7497340236.0,156044443506.0,90469538400.0,65574905106.0,97372559919.0,6116565729.0,4602367020.0,-7.73,33.02,62.9,9.06,137.96,22.87,흑자지속,22035766675.0,4653805.0,2026-09-30,3222.03,14090.6,1.47,0.34,READY,KRX 시가총액·상장주식수 / OpenDART 반기보고서 / 누적순이익 × 2 연환산,,2026_11012_corp-candidate-name-match-v2,2026-10-01T11:36:04+09:00
032820,우리기술,KOSDAQ,00231044,우리기술,OPENDART_OFFICIAL_DOWNLOAD,MATCH,동일 종목코드 후보 중 KRX 종목명과 회사명 완전일치,1,NAME_EXACT,READY,OK,2026 반기보고서,2026,11012,반기보고서,CFS,KRW,36750673887.0,-7872386520.0,5268939019.0,409240565914.0,226433878736.0,182806687178.0,41120825092.0,-3657555620.0,14674391308.0,-10.63,-115.24,-64.09,-21.42,123.87,5.76,흑자지속,2106244420280.0,172784612.0,2026-09-29,60.99,1058.0,199.87,11.52,READY,KRX 시가총액·상장주식수 / OpenDART 반기보고서 / 누적순이익 × 2 연환산,,2026_11012_corp-candidate-name-match-v2,2026-09-30T11:26:02+09:00
032830,삼성생명,KOSPI,00126256,삼성생명,OPENDART_OFFICIAL_DOWNLOAD,MATCH,동일 종목코드 후보 중 KRX 종목명과 회사명 완전일치,1,NAME_EXACT,READY,OK,2026 반기보고서,2026,11012,반기보고서,CFS,KRW,4246794000000.0,1980430000000.0,1967673000000.0,460317508000000.0,313360921000000.0,146956587000000.0,4170656000000.0,1669365000000.0,1471076000000.0,1.83,18.63,33.76,46.63,213.23,2.68,흑자지속,62100000000000.0,200000000.0,2026-08-18,19676.73,734782.94,15.78,0.42,READY,KRX 시가총액·상장주식수 / OpenDART 반기보고서 / 누적순이익 × 2 연환산,,2026_11012_corp-candidate-name-match-v2,2026-08-19T09:00:47+09:00
034020,두산에너빌리티,KOSPI,00159616,두산에너빌리티,OPENDART_OFFICIAL_DOWNLOAD,MATCH,동일 종목코드 후보 중 KRX 종목명과 회사명 완전일치,1,NAME_EXACT,READY,OK,2026 반기보고서,2026,11012,반기보고서,CFS,KRW,8985938000000.0,547774000000.0,286594000000.0,29947742000000.0,17281259000000.0,12666483000000.0,8317595000000.0,413581000000.0,176652000000.0,8.04,32.45,62.24,6.1,136.43,4.53,흑자지속,49899713273400.0,640561146.0,2026-08-18,894.82,19774.04,87.06,3.94,READY,KRX 시가총액·상장주식수 / OpenDART 반기보고서 / 누적순이익 × 2 연환산,,2026_11012_corp-candidate-name-match-v2,2026-08-19T09:00:48+09:00
034120,SBS,KOSPI,00130772,SBS,OPENDART_OFFICIAL_DOWNLOAD,MATCH,동일 종목코드 후보 중 KRX 종목명과 회사명 완전일치,1,NAME_EXACT,READY,OK,2026 반기보고서,2026,11012,반기보고서,CFS,KRW,475731984000.0,-9838708210.0,-7299446844.0,1579599072785.0,648379235776.0,931219837009.0,474500989086.0,106817593.0,-1228544217.0,0.26,-9310.76,-494.15,-2.07,69.63,-1.57,적자지속,216492947460.0,18551238.0,2026-09-30,-786.95,50197.18,,0.23,PARTIAL_LOSS_PER_NA,KRX 시가총액·상장주식수 / OpenDART 반기보고서 / 누적순이익 × 2 연환산,,2026_11012_corp-candidate-name-match-v2,2026-10-01T11:36:05+09:00
034730,SK,KOSPI,00181712,SK,OPENDART_OFFICIAL_DOWNLOAD,MATCH,동일 종목코드 후보 중 KRX 종목명과 회사명 완전일치,1,NAME_EXACT,READY,OK,2026 반기보고서,2026,11012,반기보고서,CFS,KRW,78954891000000.0,8514366000000.0,29014813000000.0,244883396000000.0,127104741000000.0,117778655000000.0,61177274000000.0,636672000000.0,4567523000000.0,29.06,1237.32,535.24,10.78,107.92,49.27,흑자지속,42776594770000.0,72502703.0,2026-08-18,800378.79,1624472.61,0.74,0.36,READY,KRX 시가총액·상장주식수 / OpenDART 반기보고서 / 누적순이익 × 2 연환산,,2026_11012_corp-candidate-name-match-v2,2026-08-19T09:00:48+09:00
035000,HS애드,KOSPI,00140168,HS애드,OPENDART_OFFICIAL_DOWNLOAD,MATCH,동일 종목코드 후보 중 KRX 종목명과 회사명 완전일치,1,NAME_EXACT,READY,OK,2026 반기보고서,2026,11012,반기보고서,CFS,KRW,174886304177.0,-8374764787.0,-7275503215.0,455213155101.0,254569928826.0,200643226275.0,179765732076.0,-9057342296.0,-8411451260.0,-2.71,7.54,13.5,-4.79,126.88,-7.25,적자지속,97407940440.0,16207644.0,2026-09-30,-897.79,12379.54,,0.49,PARTIAL_LOSS_PER_NA,KRX 시가총액·상장주식수 / OpenDART 반기보고서 / 누적순이익 × 2 연환산,,2026_11012_corp-candidate-name-match-v2,2026-10-01T11:36:05+09:00
036930,주성엔지니어링,KOSDAQ,00252135,주성엔지니어링,OPENDART_OFFICIAL_DOWNLOAD,MATCH,동일 종목코드 후보 중 KRX 종목명과 회사명 완전일치,1,NAME_EXACT,READY,OK,2026 반기보고서,2026,11012,반기보고서,CFS,KRW,114760909781.0,-5608001676.0,4310025399.0,866434715793.0,274489866852.0,591944848941.0,199638687501.0,40483097981.0,32755850116.0,-42.52,-113.85,-86.84,-4.89,46.37,1.46,적자전환,8334064995300.0,46481121.0,2026-08-18,185.45,12735.17,966.82,14.08,READY,KRX 시가총액·상장주식수 / OpenDART 반기보고서 / 누적순이익 × 2 연환산,,2026_11012_corp-candidate-name-match-v2,2026-08-19T09:00:49+09:00
039490,키움증권,KOSPI,00296290,키움증권,OPENDART_OFFICIAL_DOWNLOAD,MATCH,동일 종목코드 후보 중 KRX 종목명과 회사명 완전일치,1,NAME_EXACT,READY,OK,2026 반기보고서,2026,11012,반기보고서,CFS,KRW,25469147096215.0,1410170449849.0,1157966024284.0,108341293451597.0,100760492991017.0,7580800460580.0,8165616270881.0,733752218919.0,545732726953.0,211.91,92.19,112.19,5.54,1329.15,30.55,흑자지속,7016074530000.0,26228316.0,2026-08-24,88298.92,289031.15,3.03,0.93,READY,KRX 시가총액·상장주식수 / OpenDART 반기보고서 / 누적순이익 × 2 연환산,,2026_11012_corp-candidate-name-match-v2,2026-08-25T08:50:58+09:00
041510,에스엠,KOSDAQ,00260930,에스엠,OPENDART_OFFICIAL_DOWNLOAD,MATCH,동일 종목코드 후보 중 KRX 종목명과 회사명 완전일치,1,NAME_EXACT,READY,OK,2026 반기보고서,2026,11012,반기보고서,CFS,KRW,628741431007.0,91455297850.0,65871928668.0,2009115785193.0,623385573401.0,1385730211792.0,534341307919.0,80196238469.0,283600957430.0,17.67,14.04,-76.77,14.55,44.99,9.51,흑자지속,1870496173000.0,22894690.0,2026-09-17,5754.34,60526.27,14.2,1.35,READY,KRX 시가총액·상장주식수 / OpenDART 반기보고서 / 누적순이익 × 2 연환산,,2026_11012_corp-candidate-name-match-v2,2026-09-18T10:36:44+09:00
042660,한화오션,KOSPI,00111704,한화오션,OPENDART_OFFICIAL_DOWNLOAD,MATCH,동일 종목코드 후보 중 KRX 종목명과 회사명 완전일치,1,NAME_EXACT,READY,OK,2026 반기보고서,2026,11012,반기보고서,CFS,KRW,8653111724948.0,1177178759130.0,1192625820025.0,20146186796973.0,12617974508591.0,7528212288382.0,6437202971239.0,630311818493.0,364202035432.0,34.42,86.76,227.46,13.6,167.61,31.68,흑자지속,27852977514600.0,306413394.0,2026-08-18,7784.42,24568.81,11.68,3.7,READY,KRX 시가총액·상장주식수 / OpenDART 반기보고서 / 누적순이익 × 2 연환산,,2026_11012_corp-candidate-name-match-v2,2026-08-19T09:00:50+09:00
042700,한미반도체,KOSPI,00161383,한미반도체,OPENDART_OFFICIAL_DOWNLOAD,MATCH,동일 종목코드 후보 중 KRX 종목명과 회사명 완전일치,1,NAME_EXACT,READY,OK,2026 반기보고서,2026,11012,반기보고서,CFS,KRW,302065115926.0,138803055438.0,127462500631.0,881563965518.0,134675016540.0,746888948978.0,327439097571.0,155940316473.0,119436146102.0,-7.75,-10.99,6.72,45.95,18.03,34.13,흑자지속,21826493800000.0,95312200.0,2026-08-18,2674.63,7836.24,85.62,29.22,READY,KRX 시가총액·상장주식수 / OpenDART 반기보고서 / 누적순이익 × 2 연환산,,2026_11012_corp-candidate-name-match-v2,2026-08-19T09:00:50+09:00
047040,대우건설,KOSPI,00124540,대우건설,OPENDART_OFFICIAL_DOWNLOAD,MATCH,동일 종목코드 후보 중 KRX 종목명과 회사명 완전일치,1,NAME_EXACT,READY,OK,2026 반기보고서,2026,11012,반기보고서,CFS,KRW,3994908854574.0,487871295676.0,362979997961.0,14385234726420.0,10460674339048.0,3924560387372.0,4349989299312.0,233517185474.0,15047363610.0,-8.16,108.92,2312.25,12.21,266.54,18.5,흑자지속,7515500699020.0,410907638.0,2026-09-21,1766.72,9550.96,10.35,1.91,READY,KRX 시가총액·상장주식수 / OpenDART 반기보고서 / 누적순이익 × 2 연환산,,2026_11012_corp-candidate-name-match-v2,2026-09-22T11:03:40+09:00
047050,포스코인터내셔널,KOSPI,00124504,포스코인터내셔널,OPENDART_OFFICIAL_DOWNLOAD,MATCH,동일 종목코드 후보 중 KRX 종목명과 회사명 완전일치,1,NAME_EXACT,READY,OK,2026 반기보고서,2026,11012,반기보고서,CFS,KRW,18033586074000.0,786517761000.0,524599372000.0,20479950641000.0,12472327328000.0,8007623313000.0,16266230600000.0,613399224000.0,294276259000.0,10.87,28.22,78.27,4.36,155.76,13.1,흑자지속,9271130927600.0,175922788.0,2026-08-28,5963.97,45517.83,8.84,1.16,READY,KRX 시가총액·상장주식수 / OpenDART 반기보고서 / 누적순이익 × 2 연환산,,2026_11012_corp-candidate-name-match-v2,2026-08-29T13:41:58+09:00
048410,현대바이오,KOSDAQ,00313649,현대바이오,OPENDART_OFFICIAL_DOWNLOAD,MATCH,동일 종목코드 후보 중 KRX 종목명과 회사명 완전일치,1,NAME_EXACT,READY,OK,2026 반기보고서,2026,11012,반기보고서,CFS,KRW,845074312.0,-10200947302.0,-16871695794.0,131305336400.0,27999414958.0,103305921442.0,1041701794.0,-9077020805.0,-10391540620.0,-18.88,-12.38,-62.36,-1207.11,27.1,-32.66,적자지속,657202945320.0,96505572.0,2026-09-28,-349.65,1070.47,,6.36,PARTIAL_LOSS_PER_NA,KRX 시가총액·상장주식수 / OpenDART 반기보고서 / 누적순이익 × 2 연환산,,2026_11012_corp-candidate-name-match-v2,2026-09-29T12:02:21+09:00
050890,쏠리드,KOSDAQ,00364403,쏠리드,OPENDART_OFFICIAL_DOWNLOAD,MATCH,동일 종목코드 후보 중 KRX 종목명과 회사명 완전일치,1,NAME_EXACT,READY,OK,2026 반기보고서,2026,11012,반기보고서,CFS,KRW,133864386425.0,1409574733.0,22021455506.0,601016590564.0,225345206907.0,375671383657.0,111973086410.0,4403054262.0,4003987874.0,19.55,-67.99,449.99,1.05,59.98,11.72,흑자지속,577187073000.0,60756534.0,2026-09-22,724.91,6183.23,13.11,1.54,READY,KRX 시가총액·상장주식수 / OpenDART 반기보고서 / 누적순이익 × 2 연환산,,2026_11012_corp-candidate-name-match-v2,2026-09-23T10:51:05+09:00
051900,LG생활건강,KOSPI,00356370,LG생활건강,OPENDART_OFFICIAL_DOWNLOAD,MATCH,동일 종목코드 후보 중 KRX 종목명과 회사명 완전일치,1,NAME_EXACT,READY,OK,2026 반기보고서,2026,11012,반기보고서,CFS,KRW,3234010726718.0,210613270644.0,166350160312.0,7222275992921.0,1446634502560.0,5775641490361.0,3302749508067.0,197183400280.0,142022364830.0,-2.08,6.81,17.13,6.51,25.05,5.76,흑자지속,4193146440000.0,14975523.0,2026-09-29,22216.27,385672.11,12.6,0.73,READY,KRX 시가총액·상장주식수 / OpenDART 반기보고서 / 누적순이익 × 2 연환산,,2026_11012_corp-candidate-name-match-v2,2026-09-30T11:26:03+09:00
051910,LG화학,KOSPI,00356361,LG화학,OPENDART_OFFICIAL_DOWNLOAD,MATCH,동일 종목코드 후보 중 KRX 종목명과 회사명 완전일치,1,NAME_EXACT,READY,OK,2026 반기보고서,2026,11012,반기보고서,CFS,KRW,26422690000000.0,549897000000.0,-715104000000.0,112209782000000.0,63338859000000.0,48870923000000.0,24487340000000.0,914450000000.0,148485000000.0,7.9,-39.87,-581.6,2.08,129.6,-2.93,흑자지속,19095228781500.0,70592343.0,2026-08-18,-20260.1,692297.79,,0.39,PARTIAL_LOSS_PER_NA,KRX 시가총액·상장주식수 / OpenDART 반기보고서 / 누적순이익 × 2 연환산,,2026_11012_corp-candidate-name-match-v2,2026-08-19T09:00:51+09:00
052690,한전기술,KOSPI,00159209,한전기술,OPENDART_OFFICIAL_DOWNLOAD,MATCH,동일 종목코드 후보 중 KRX 종목명과 회사명 완전일치,1,NAME_EXACT,READY,OK,2026 반기보고서,2026,11012,반기보고서,CFS,KRW,216618007977.0,17055702778.0,16828894624.0,791527806546.0,198817302069.0,592710504477.0,206184105281.0,4259974190.0,66229082756.0,5.06,300.37,-74.59,7.87,33.54,5.68,흑자지속,4448808000000.0,38220000.0,2026-08-31,880.63,15507.86,132.18,7.51,READY,KRX 시가총액·상장주식수 / OpenDART 반기보고서 / 누적순이익 × 2 연환산,,2026_11012_corp-candidate-name-match-v2,2026-09-01T11:10:45+09:00
055550,신한지주,KOSPI,00382199,신한지주,OPENDART_OFFICIAL_DOWNLOAD,MATCH,동일 종목코드 후보 중 KRX 종목명과 회사명 완전일치,1,NAME_EXACT,READY,OK,2026 반기보고서,2026,11012,반기보고서,CFS,KRW,14354098000000.0,4630734000000.0,3495799000000.0,840894337000000.0,778374567000000.0,62519770000000.0,14035110000000.0,3958471000000.0,3094280000000.0,2.27,16.98,12.98,32.26,1245.01,11.18,흑자지속,52672316815800.0,469450239.0,2026-09-15,14893.16,133176.56,7.53,0.84,READY,KRX 시가총액·상장주식수 / OpenDART 반기보고서 / 누적순이익 × 2 연환산,,2026_11012_corp-candidate-name-match-v2,2026-09-16T10:42:47+09:00
058470,리노공업,KOSDAQ,00369657,리노공업,OPENDART_OFFICIAL_DOWNLOAD,MATCH,동일 종목코드 후보 중 KRX 종목명과 회사명 완전일치,1,NAME_EXACT,READY,OK,2026 반기보고서,2026,11012,반기보고서,OFS,KRW,242958602798.0,120814329893.0,106318582280.0,856864674888.0,80100758256.0,776763916632.0,190932307676.0,88382117361.0,70454648204.0,27.25,36.7,50.9,49.73,10.31,27.37,흑자지속,5304344760000.0,76211850.0,2026-09-18,2790.08,10192.17,24.95,6.83,READY,KRX 시가총액·상장주식수 / OpenDART 반기보고서 / 누적순이익 × 2 연환산,,2026_11012_corp-candidate-name-match-v2,2026-09-19T10:57:17+09:00
058610,에스피지,KOSDAQ,00220686,에스피지,OPENDART_OFFICIAL_DOWNLOAD,MATCH,동일 종목코드 후보 중 KRX 종목명과 회사명 완전일치,1,NAME_EXACT,READY,OK,2026 반기보고서,2026,11012,반기보고서,CFS,KRW,169601840209.0,8482665699.0,5899250365.0,460230361837.0,186100048060.0,274130313777.0,173762470579.0,8009668188.0,5525952326.0,-2.39,5.91,6.76,5.0,67.89,4.3,흑자지속,2213300528000.0,22177360.0,2026-09-21,532.01,12360.82,187.59,8.07,READY,KRX 시가총액·상장주식수 / OpenDART 반기보고서 / 누적순이익 × 2 연환산,,2026_11012_corp-candidate-name-match-v2,2026-09-22T11:03:42+09:00
060370,LS마린솔루션,KOSDAQ,00225742,LS마린솔루션,OPENDART_OFFICIAL_DOWNLOAD,MATCH,동일 종목코드 후보 중 KRX 종목명과 회사명 완전일치,1,NAME_EXACT,READY,OK,2026 반기보고서,2026,11012,반기보고서,CFS,KRW,148234668552.0,10336772602.0,13082615396.0,785331213623.0,152629222294.0,632701991329.0,111467386921.0,6435720790.0,4127694054.0,32.98,60.62,216.95,6.97,24.12,4.14,흑자지속,1632464187500.0,52238854.0,2026-08-18,500.88,12111.71,62.39,2.58,READY,KRX 시가총액·상장주식수 / OpenDART 반기보고서 / 누적순이익 × 2 연환산,,2026_11012_corp-candidate-name-match-v2,2026-08-19T09:00:51+09:00
062040,산일전기,KOSPI,00366438,산일전기,OPENDART_OFFICIAL_DOWNLOAD,MATCH,동일 종목코드 후보 중 KRX 종목명과 회사명 완전일치,1,NAME_EXACT,READY,OK,2026 반기보고서,2026,11012,반기보고서,CFS,KRW,314501779231.0,117516019823.0,100491754511.0,757779213437.0,94432634964.0,663346578473.0,227084468658.0,83711514843.0,69111370879.0,38.5,40.38,45.41,37.37,14.24,30.3,흑자지속,5491198720000.0,30642850.0,2026-08-18,6558.9,21647.68,27.32,8.28,READY,KRX 시가총액·상장주식수 / OpenDART 반기보고서 / 누적순이익 × 2 연환산,,2026_11012_corp-candidate-name-match-v2,2026-08-19T09:00:51+09:00
064350,현대로템,KOSPI,00302926,현대로템,OPENDART_OFFICIAL_DOWNLOAD,MATCH,동일 종목코드 후보 중 KRX 종목명과 회사명 완전일치,1,NAME_EXACT,READY,OK,2026 반기보고서,2026,11012,반기보고서,CFS,KRW,3063503712000.0,456583903000.0,388945166000.0,9069554720000.0,5699783050000.0,3369771670000.0,2593775465000.0,460439527000.0,346691376000.0,18.11,-0.84,12.19,14.9,169.14,23.08,흑자지속,15629176357600.0,109142293.0,2026-08-18,7127.3,30875.03,20.09,4.64,READY,KRX 시가총액·상장주식수 / OpenDART 반기보고서 / 누적순이익 × 2 연환산,,2026_11012_corp-candidate-name-match-v2,2026-08-19T09:00:52+09:00
066570,LG전자,KOSPI,00401731,LG전자,OPENDART_OFFICIAL_DOWNLOAD,MATCH,동일 종목코드 후보 중 KRX 종목명과 회사명 완전일치,1,NAME_EXACT,READY,OK,2026 반기보고서,2026,11012,반기보고서,CFS,KRW,47553695000000.0,3252805000000.0,1786410000000.0,73696206000000.0,41778571000000.0,31917635000000.0,43474954000000.0,1898463000000.0,1485261000000.0,9.38,71.34,20.28,6.84,130.89,11.19,흑자지속,33880004704000.0,162884638.0,2026-08-18,21934.67,195952.4,9.48,1.06,READY,KRX 시가총액·상장주식수 / OpenDART 반기보고서 / 누적순이익 × 2 연환산,,2026_11012_corp-candidate-name-match-v2,2026-08-19T09:00:52+09:00
066575,LG전자우,,,,,NO_CORP_CODE,OpenDART 기업코드 후보 없음,0,,LIMITED,NO_CORP_CODE,,,,,,KRW,,,,,,,,,,,,,,,,,,,,,,,,LIMITED_NO_FINANCIAL_DATA,,"revenue,operating_profit,net_income,total_assets,total_liabilities,total_equity",2026_11012_corp-candidate-name-match-v2,2026-10-01T11:36:04+09:00
068270,셀트리온,KOSPI,00413046,셀트리온,OPENDART_OFFICIAL_DOWNLOAD,MATCH,동일 종목코드 후보 중 KRX 종목명과 회사명 완전일치,1,NAME_EXACT,READY,OK,2026 반기보고서,2026,11012,반기보고서,CFS,KRW,2538678712902.0,773661225753.0,721161387676.0,23703154446039.0,5654994804976.0,18048159641063.0,1803369024709.0,391887649948.0,171633060805.0,40.77,97.42,320.18,30.47,31.33,7.99,흑자지속,45476657908000.0,232617176.0,2026-08-18,6200.41,77587.39,31.53,2.52,READY,KRX 시가총액·상장주식수 / OpenDART 반기보고서 / 누적순이익 × 2 연환산,,2026_11012_corp-candidate-name-match-v2,2026-08-19T09:00:52+09:00
069960,현대백화점,KOSPI,00428251,현대백화점,OPENDART_OFFICIAL_DOWNLOAD,MATCH,동일 종목코드 후보 중 KRX 종목명과 회사명 완전일치,1,NAME_EXACT,READY,OK,2026 반기보고서,2026,11012,반기보고서,CFS,KRW,2018114882000.0,178103649000.0,125741465000.0,11941952998000.0,5576275090000.0,6365677908000.0,2178381672000.0,199335746000.0,142751378000.0,-7.36,-10.65,-11.92,8.83,87.6,3.95,흑자지속,1930059624000.0,21564912.0,2026-09-29,11661.67,295186.83,7.67,0.3,READY,KRX 시가총액·상장주식수 / OpenDART 반기보고서 / 누적순이익 × 2 연환산,,2026_11012_corp-candidate-name-match-v2,2026-09-30T11:26:03+09:00
073240,금호타이어,KOSPI,00481454,금호타이어,OPENDART_OFFICIAL_DOWNLOAD,MATCH,동일 종목코드 후보 중 KRX 종목명과 회사명 완전일치,1,NAME_EXACT,READY,OK,2026 반기보고서,2026,11012,반기보고서,CFS,KRW,2500577238502.0,329264494277.0,241198296525.0,6366919406531.0,3701205785391.0,2665713621140.0,2427466135000.0,321725701851.0,108544550120.0,3.01,2.34,122.21,13.17,138.84,18.1,흑자지속,2042420640570.0,287260287.0,2026-09-14,1679.3,9279.78,4.23,0.77,READY,KRX 시가총액·상장주식수 / OpenDART 반기보고서 / 누적순이익 × 2 연환산,,2026_11012_corp-candidate-name-match-v2,2026-09-15T10:50:00+09:00
079550,LIG디펜스앤에어로스페이스,KOSPI,00503668,LIG디펜스앤에어로스페이스,OPENDART_OFFICIAL_DOWNLOAD,MATCH,동일 종목코드 후보 중 KRX 종목명과 회사명 완전일치,1,NAME_EXACT,READY,OK,2026 반기보고서,2026,11012,반기보고서,CFS,KRW,2277951016749.0,276752566548.0,213576758021.0,8761861215766.0,7121223544796.0,1640637670970.0,1852973971956.0,191176354349.0,183428502499.0,22.93,44.76,16.44,12.15,434.05,26.04,흑자지속,15576000000000.0,22000000.0,2026-09-17,19416.07,74574.44,36.46,9.49,READY,KRX 시가총액·상장주식수 / OpenDART 반기보고서 / 누적순이익 × 2 연환산,,2026_11012_corp-candidate-name-match-v2,2026-09-18T10:36:46+09:00
082740,한화엔진,KOSPI,00361008,한화엔진,OPENDART_OFFICIAL_DOWNLOAD,MATCH,동일 종목코드 후보 중 KRX 종목명과 회사명 완전일치,1,NAME_EXACT,READY,OK,2026 반기보고서,2026,11012,반기보고서,CFS,KRW,707459322760.0,89289654611.0,86053176302.0,2170764681844.0,1521016800560.0,649747881284.0,705882395250.0,56087570107.0,40965169993.0,0.22,59.2,110.06,12.62,234.09,26.49,흑자지속,4026324601500.0,83447142.0,2026-08-28,2062.46,7786.34,23.39,6.2,READY,KRX 시가총액·상장주식수 / OpenDART 반기보고서 / 누적순이익 × 2 연환산,,2026_11012_corp-candidate-name-match-v2,2026-08-29T13:41:58+09:00
084010,대한제강,KOSPI,00113225,대한제강,OPENDART_OFFICIAL_DOWNLOAD,MATCH,동일 종목코드 후보 중 KRX 종목명과 회사명 완전일치,1,NAME_EXACT,READY,OK,2026 반기보고서,2026,11012,반기보고서,CFS,KRW,692069629955.0,16780631998.0,12635444720.0,1311095725554.0,380155852211.0,930939873343.0,602118802134.0,9280404836.0,18028085773.0,14.94,80.82,-29.91,2.42,40.84,2.71,흑자지속,291471134080.0,34371596.0,2026-09-14,735.23,27084.57,11.53,0.31,READY,KRX 시가총액·상장주식수 / OpenDART 반기보고서 / 누적순이익 × 2 연환산,,2026_11012_corp-candidate-name-match-v2,2026-09-15T10:50:00+09:00
085620,미래에셋생명,KOSPI,00112332,미래에셋생명,OPENDART_OFFICIAL_DOWNLOAD,MATCH,동일 종목코드 후보 중 KRX 종목명과 회사명 완전일치,1,NAME_EXACT,READY,OK,2026 반기보고서,2026,11012,반기보고서,CFS,KRW,250278892258.0,92038069345.0,71362374592.0,34373568964346.0,31949867468928.0,2423701495418.0,244790635055.0,104392561171.0,75475243054.0,2.24,-11.83,-5.45,36.77,1318.23,5.89,흑자지속,2946924000000.0,135180000.0,2026-08-18,1055.81,17929.44,20.65,1.22,READY,KRX 시가총액·상장주식수 / OpenDART 반기보고서 / 누적순이익 × 2 연환산,,2026_11012_corp-candidate-name-match-v2,2026-08-19T09:00:54+09:00
086280,현대글로비스,KOSPI,00360595,현대글로비스,OPENDART_OFFICIAL_DOWNLOAD,MATCH,동일 종목코드 후보 중 KRX 종목명과 회사명 완전일치,1,NAME_EXACT,READY,OK,2026 반기보고서,2026,11012,반기보고서,CFS,KRW,16518096336966.0,1016518362058.0,710201629501.0,20803724753332.0,9873023342320.0,10930701411012.0,14739357297427.0,1040762525425.0,901621061459.0,12.07,-2.33,-21.23,6.15,90.32,12.99,흑자지속,15487500000000.0,75000000.0,2026-08-18,18938.71,145742.69,10.9,1.42,READY,KRX 시가총액·상장주식수 / OpenDART 반기보고서 / 누적순이익 × 2 연환산,,2026_11012_corp-candidate-name-match-v2,2026-08-19T09:00:54+09:00
086790,하나금융지주,KOSPI,00547583,하나금융지주,OPENDART_OFFICIAL_DOWNLOAD,MATCH,동일 종목코드 후보 중 KRX 종목명과 회사명 완전일치,1,NAME_EXACT,READY,OK,2026 반기보고서,2026,11012,반기보고서,CFS,KRW,11442769000000.0,3247984000000.0,2436746000000.0,713462782000000.0,665015628000000.0,48447154000000.0,11278504000000.0,2982248000000.0,2323229000000.0,1.46,8.91,4.89,28.38,1372.66,10.06,흑자지속,35226088300000.0,270969910.0,2026-09-30,17985.36,178791.64,7.23,0.73,READY,KRX 시가총액·상장주식수 / OpenDART 반기보고서 / 누적순이익 × 2 연환산,,2026_11012_corp-candidate-name-match-v2,2026-10-01T11:36:06+09:00
088350,한화생명,KOSPI,00113058,한화생명,OPENDART_OFFICIAL_DOWNLOAD,MATCH,동일 종목코드 후보 중 KRX 종목명과 회사명 완전일치,1,NAME_EXACT,READY,OK,2026 반기보고서,2026,11012,반기보고서,CFS,KRW,2414868000000.0,1107564000000.0,904525000000.0,186464835000000.0,167178171000000.0,19286664000000.0,1865966000000.0,612062000000.0,461492000000.0,29.42,80.96,96.0,45.86,866.81,9.38,흑자지속,4629264900000.0,868530000.0,2026-09-30,2082.89,22206.1,2.56,0.24,READY,KRX 시가총액·상장주식수 / OpenDART 반기보고서 / 누적순이익 × 2 연환산,,2026_11012_corp-candidate-name-match-v2,2026-10-01T11:36:06+09:00
089030,테크윙,KOSDAQ,00535676,테크윙,OPENDART_OFFICIAL_DOWNLOAD,MATCH,동일 종목코드 후보 중 KRX 종목명과 회사명 완전일치,1,NAME_EXACT,READY,OK,2026 반기보고서,2026,11012,반기보고서,CFS,KRW,109176416870.0,22210095101.0,-1017880429.0,650492721125.0,443255236894.0,207237484231.0,83480867509.0,8144458616.0,20135474466.0,30.78,172.7,-105.06,20.34,213.89,-0.98,적자전환,1893441259500.0,37053645.0,2026-09-29,-54.94,5592.9,,9.14,PARTIAL_LOSS_PER_NA,KRX 시가총액·상장주식수 / OpenDART 반기보고서 / 누적순이익 × 2 연환산,,2026_11012_corp-candidate-name-match-v2,2026-09-30T11:26:03+09:00
090460,비에이치,KOSPI,00447609,비에이치,OPENDART_OFFICIAL_DOWNLOAD,MATCH,동일 종목코드 후보 중 KRX 종목명과 회사명 완전일치,1,NAME_EXACT,READY,OK,2026 반기보고서,2026,11012,반기보고서,CFS,KRW,785792172524.0,18547514361.0,33690389510.0,1457781970461.0,606880045959.0,850901924502.0,722157181072.0,-9326686525.0,-21730708266.0,8.81,298.86,255.04,2.36,71.32,7.92,흑자전환,602088068680.0,33711538.0,2026-08-18,1998.75,25240.67,8.94,0.71,READY,KRX 시가총액·상장주식수 / OpenDART 반기보고서 / 누적순이익 × 2 연환산,,2026_11012_corp-candidate-name-match-v2,2026-08-19T09:00:55+09:00
092200,디아이씨,KOSPI,00112165,디아이씨,OPENDART_OFFICIAL_DOWNLOAD,MATCH,동일 종목코드 후보 중 KRX 종목명과 회사명 완전일치,1,NAME_EXACT,READY,OK,2026 반기보고서,2026,11012,반기보고서,CFS,KRW,361792323218.0,11550836874.0,6486941688.0,731349578990.0,549114395905.0,182235183085.0,399697676284.0,16577247081.0,2150405465.0,-9.48,-30.32,201.66,3.19,301.32,7.12,흑자지속,216220443640.0,38888569.0,2026-09-28,333.62,4686.09,16.67,1.19,READY,KRX 시가총액·상장주식수 / OpenDART 반기보고서 / 누적순이익 × 2 연환산,,2026_11012_corp-candidate-name-match-v2,2026-09-29T12:02:24+09:00
092790,넥스틸,KOSPI,00220613,넥스틸,OPENDART_OFFICIAL_DOWNLOAD,MATCH,동일 종목코드 후보 중 KRX 종목명과 회사명 완전일치,1,NAME_EXACT,READY,OK,2026 반기보고서,2026,11012,반기보고서,CFS,KRW,268108543894.0,8165331262.0,3209370228.0,841968705655.0,372362624956.0,469606080699.0,334803809889.0,37543950445.0,29769316135.0,-19.92,-78.25,-89.22,3.05,79.29,1.37,흑자지속,348426800000.0,26002000.0,2026-09-23,246.86,18060.38,54.28,0.74,READY,KRX 시가총액·상장주식수 / OpenDART 반기보고서 / 누적순이익 × 2 연환산,,2026_11012_corp-candidate-name-match-v2,2026-09-24T10:37:26+09:00
096770,SK이노베이션,KOSPI,00631518,SK이노베이션,OPENDART_OFFICIAL_DOWNLOAD,MATCH,동일 종목코드 후보 중 KRX 종목명과 회사명 완전일치,1,NAME_EXACT,READY,OK,2026 반기보고서,2026,11012,반기보고서,CFS,KRW,53448217711000.0,5649461675000.0,969552975000.0,101982984114000.0,64173492367000.0,37809491747000.0,40650100415000.0,-432304785000.0,-1157792144000.0,31.48,1406.82,183.74,10.57,169.73,5.13,흑자전환,22230441622000.0,169052788.0,2026-08-18,11470.42,223654.94,11.46,0.59,READY,KRX 시가총액·상장주식수 / OpenDART 반기보고서 / 누적순이익 × 2 연환산,,2026_11012_corp-candidate-name-match-v2,2026-08-19T09:00:56+09:00
098460,고영,KOSDAQ,00579999,고영,OPENDART_OFFICIAL_DOWNLOAD,MATCH,동일 종목코드 후보 중 KRX 종목명과 회사명 완전일치,1,NAME_EXACT,READY,OK,2026 반기보고서,2026,11012,반기보고서,CFS,KRW,161492756928.0,24404695198.0,31402684405.0,456980321475.0,94765227617.0,362215093858.0,103215237840.0,5700621637.0,-1495323764.0,56.46,328.11,2200.06,15.11,26.16,17.34,흑자전환,1971101755700.0,68204213.0,2026-09-22,920.84,5310.74,31.38,5.44,READY,KRX 시가총액·상장주식수 / OpenDART 반기보고서 / 누적순이익 × 2 연환산,,2026_11012_corp-candidate-name-match-v2,2026-09-23T10:51:06+09:00
100790,미래에셋벤처투자,KOSDAQ,00340096,미래에셋벤처투자,OPENDART_OFFICIAL_DOWNLOAD,MATCH,동일 종목코드 후보 중 KRX 종목명과 회사명 완전일치,1,NAME_EXACT,READY,OK,2026 반기보고서,2026,11012,반기보고서,CFS,KRW,139785566015.0,37442340455.0,27602919024.0,1132213607126.0,724254658140.0,407958948986.0,104301989482.0,3072325171.0,4485157816.0,34.02,1118.7,515.43,26.79,177.53,13.53,흑자지속,856834923140.0,53120578.0,2026-08-18,1039.26,7679.87,15.52,2.1,READY,KRX 시가총액·상장주식수 / OpenDART 반기보고서 / 누적순이익 × 2 연환산,,2026_11012_corp-candidate-name-match-v2,2026-08-19T09:00:56+09:00
105560,KB금융,KOSPI,00688996,KB금융,OPENDART_OFFICIAL_DOWNLOAD,MATCH,동일 종목코드 후보 중 KRX 종목명과 회사명 완전일치,1,NAME_EXACT,READY,OK,2026 반기보고서,2026,11012,반기보고서,CFS,KRW,14511829000000.0,5440114000000.0,3926977000000.0,866889205000000.0,804187383000000.0,62701822000000.0,14739574000000.0,4425999000000.0,3446702000000.0,-1.55,22.91,13.93,37.49,1282.56,12.53,흑자지속,59764883179000.0,354687734.0,2026-08-18,22143.29,176780.35,7.61,0.95,READY,KRX 시가총액·상장주식수 / OpenDART 반기보고서 / 누적순이익 × 2 연환산,,2026_11012_corp-candidate-name-match-v2,2026-08-19T09:00:57+09:00
105840,우진,KOSPI,00173944,우진,OPENDART_OFFICIAL_DOWNLOAD,MATCH,동일 종목코드 후보 중 KRX 종목명과 회사명 완전일치,1,NAME_EXACT,READY,OK,2026 반기보고서,2026,11012,반기보고서,CFS,KRW,68111899552.0,5812339833.0,5205136013.0,298109441084.0,61752813661.0,236356627423.0,62082953647.0,3149372574.0,953928550.0,9.71,84.56,445.65,8.53,26.13,4.4,흑자지속,272466568300.0,20197670.0,2026-09-30,515.42,11702.17,26.17,1.15,READY,KRX 시가총액·상장주식수 / OpenDART 반기보고서 / 누적순이익 × 2 연환산,,2026_11012_corp-candidate-name-match-v2,2026-10-01T11:36:07+09:00
108490,로보티즈,KOSDAQ,00946030,로보티즈,OPENDART_OFFICIAL_DOWNLOAD,MATCH,동일 종목코드 후보 중 KRX 종목명과 회사명 완전일치,1,NAME_EXACT,READY,OK,2026 반기보고서,2026,11012,반기보고서,CFS,KRW,27213463293.0,-9862234186.0,-7320698785.0,372091971611.0,10966280441.0,361125691170.0,18100860783.0,1066770055.0,1376218431.0,50.34,-1024.49,-631.94,-36.24,3.04,-4.05,적자전환,4128768382000.0,14667028.0,2026-09-28,-998.25,24621.6,,11.43,PARTIAL_LOSS_PER_NA,KRX 시가총액·상장주식수 / OpenDART 반기보고서 / 누적순이익 × 2 연환산,,2026_11012_corp-candidate-name-match-v2,2026-09-29T12:02:25+09:00
112610,씨에스윈드,KOSPI,00670340,씨에스윈드,OPENDART_OFFICIAL_DOWNLOAD,MATCH,동일 종목코드 후보 중 KRX 종목명과 회사명 완전일치,1,NAME_EXACT,READY,OK,2026 반기보고서,2026,11012,반기보고서,CFS,KRW,1397523618506.0,160320164744.0,104919480718.0,3505607206671.0,2166111302154.0,1339495904517.0,1551890207184.0,184472772314.0,134364502264.0,-9.95,-13.09,-21.91,11.47,161.71,15.67,흑자지속,2125438711200.0,42171403.0,2026-09-29,4975.86,31763.13,10.13,1.59,READY,KRX 시가총액·상장주식수 / OpenDART 반기보고서 / 누적순이익 × 2 연환산,,2026_11012_corp-candidate-name-match-v2,2026-09-30T11:26:03+09:00
120030,조선선재,KOSPI,00796994,조선선재,OPENDART_OFFICIAL_DOWNLOAD,MATCH,동일 종목코드 후보 중 KRX 종목명과 회사명 완전일치,1,NAME_EXACT,READY,OK,2026 반기보고서,2026,11012,반기보고서,OFS,KRW,28788140886.0,5443982784.0,6787576137.0,181475672580.0,11600228768.0,169875443812.0,26309119884.0,3875764581.0,2609167401.0,9.42,40.46,160.14,18.91,6.83,7.99,흑자지속,103881972600.0,1257651.0,2026-09-29,10794.05,135073.6,7.65,0.61,READY,KRX 시가총액·상장주식수 / OpenDART 반기보고서 / 누적순이익 × 2 연환산,,2026_11012_corp-candidate-name-match-v2,2026-09-30T11:26:03+09:00
133820,화인베스틸,KOSPI,00661847,화인베스틸,OPENDART_OFFICIAL_DOWNLOAD,MATCH,동일 종목코드 후보 중 KRX 종목명과 회사명 완전일치,1,NAME_EXACT,READY,OK,2026 반기보고서,2026,11012,반기보고서,CFS,KRW,99756225552.0,2672213853.0,58567145.0,199870232580.0,148442603861.0,51427628719.0,84272268766.0,-3868983069.0,-982622326.0,18.37,169.07,105.96,2.68,288.64,0.23,흑자전환,36446440964.0,37114502.0,2026-09-30,3.16,1385.65,311.15,0.71,READY,KRX 시가총액·상장주식수 / OpenDART 반기보고서 / 누적순이익 × 2 연환산,,2026_11012_corp-candidate-name-match-v2,2026-10-01T11:36:07+09:00
134790,시디즈,KOSPI,00852087,시디즈,OPENDART_OFFICIAL_DOWNLOAD,MATCH,동일 종목코드 후보 중 KRX 종목명과 회사명 완전일치,1,NAME_EXACT,READY,OK,2026 반기보고서,2026,11012,반기보고서,CFS,KRW,102673566410.0,1471199040.0,3416163146.0,98556595759.0,32215750824.0,66340844935.0,100636350244.0,-4212127168.0,-2691560374.0,2.02,134.93,226.92,1.43,48.56,10.3,흑자전환,37220000000.0,2000000.0,2026-09-28,3416.16,33170.42,5.45,0.56,READY,KRX 시가총액·상장주식수 / OpenDART 반기보고서 / 누적순이익 × 2 연환산,,2026_11012_corp-candidate-name-match-v2,2026-09-29T12:02:27+09:00
138930,BNK금융지주,KOSPI,00858364,BNK금융지주,OPENDART_OFFICIAL_DOWNLOAD,MATCH,동일 종목코드 후보 중 KRX 종목명과 회사명 완전일치,1,NAME_EXACT,READY,OK,2026 반기보고서,2026,11012,반기보고서,CFS,KRW,3240662170742.0,518770567206.0,422383510932.0,167477494671684.0,156029978664597.0,11447516007087.0,3293396510081.0,461697106081.0,486314986236.0,-1.6,12.36,-13.15,16.01,1363.0,7.38,흑자지속,5075129481540.0,306839751.0,2026-09-28,2753.12,37307.8,6.01,0.44,READY,KRX 시가총액·상장주식수 / OpenDART 반기보고서 / 누적순이익 × 2 연환산,,2026_11012_corp-candidate-name-match-v2,2026-09-29T12:02:27+09:00
140860,파크시스템스,KOSDAQ,00244747,파크시스템스,OPENDART_OFFICIAL_DOWNLOAD,MATCH,동일 종목코드 후보 중 KRX 종목명과 회사명 완전일치,1,NAME_EXACT,READY,OK,2026 반기보고서,2026,11012,반기보고서,CFS,KRW,92400012705.0,6314647722.0,7719386267.0,473906782182.0,133601859945.0,340304922237.0,103218841724.0,25116874183.0,19002056936.0,-10.48,-74.86,-59.38,6.83,39.26,4.54,흑자지속,1922177740500.0,7002469.0,2026-09-30,2204.76,48597.85,124.5,5.65,READY,KRX 시가총액·상장주식수 / OpenDART 반기보고서 / 누적순이익 × 2 연환산,,2026_11012_corp-candidate-name-match-v2,2026-10-01T11:36:07+09:00
161000,애경케미칼,KOSPI,00936787,애경케미칼,OPENDART_OFFICIAL_DOWNLOAD,MATCH,동일 종목코드 후보 중 KRX 종목명과 회사명 완전일치,1,NAME_EXACT,READY,OK,2026 반기보고서,2026,11012,반기보고서,CFS,KRW,873925109000.0,48661688000.0,14720978000.0,1551135004000.0,818842068000.0,732292936000.0,746169013000.0,2655230000.0,-8420011000.0,17.12,1732.67,274.83,5.57,111.82,4.02,흑자전환,501568189790.0,48648709.0,2026-09-30,605.2,15052.67,17.04,0.68,READY,KRX 시가총액·상장주식수 / OpenDART 반기보고서 / 누적순이익 × 2 연환산,,2026_11012_corp-candidate-name-match-v2,2026-10-01T11:36:08+09:00
175330,JB금융지주,KOSPI,00980122,JB금융지주,OPENDART_OFFICIAL_DOWNLOAD,MATCH,동일 종목코드 후보 중 KRX 종목명과 회사명 완전일치,1,NAME_EXACT,READY,OK,2026 반기보고서,2026,11012,반기보고서,CFS,KRW,1856862000000.0,526912000000.0,398735000000.0,76237454000000.0,69929279000000.0,6308175000000.0,1770929000000.0,484368000000.0,380606000000.0,4.85,8.78,4.76,28.38,1108.55,12.64,흑자지속,5819480908800.0,186521824.0,2026-09-28,4275.48,33820.04,7.3,0.92,READY,KRX 시가총액·상장주식수 / OpenDART 반기보고서 / 누적순이익 × 2 연환산,,2026_11012_corp-candidate-name-match-v2,2026-09-29T12:02:29+09:00
181710,NHN,KOSPI,00983271,NHN,OPENDART_OFFICIAL_DOWNLOAD,MATCH,동일 종목코드 후보 중 KRX 종목명과 회사명 완전일치,1,NAME_EXACT,READY,OK,2026 반기보고서,2026,11012,반기보고서,CFS,KRW,1429315439138.0,84156020531.0,60193376928.0,3519410186668.0,1709298807610.0,1810111379058.0,1205016373149.0,49567388388.0,10995676236.0,18.61,69.78,447.43,5.89,94.43,6.65,흑자지속,2309096299500.0,32753139.0,2026-08-18,3675.58,55265.28,19.18,1.28,READY,KRX 시가총액·상장주식수 / OpenDART 반기보고서 / 누적순이익 × 2 연환산,,2026_11012_corp-candidate-name-match-v2,2026-08-19T09:00:59+09:00
192650,드림텍,KOSPI,00415646,드림텍,OPENDART_OFFICIAL_DOWNLOAD,MATCH,동일 종목코드 후보 중 KRX 종목명과 회사명 완전일치,1,NAME_EXACT,READY,OK,2026 반기보고서,2026,11012,반기보고서,CFS,KRW,518042274849.0,517696979.0,-9350476501.0,881434666350.0,404005822930.0,477428843420.0,632580244667.0,18764990449.0,3183997444.0,-18.11,-97.24,-393.67,0.1,84.62,-3.92,적자전환,447371568910.0,65886829.0,2026-09-15,-283.83,7246.2,,0.94,PARTIAL_LOSS_PER_NA,KRX 시가총액·상장주식수 / OpenDART 반기보고서 / 누적순이익 × 2 연환산,,2026_11012_corp-candidate-name-match-v2,2026-09-16T10:42:50+09:00
214420,토니모리,KOSPI,00816544,토니모리,OPENDART_OFFICIAL_DOWNLOAD,MATCH,동일 종목코드 후보 중 KRX 종목명과 회사명 완전일치,1,NAME_EXACT,READY,OK,2026 반기보고서,2026,11012,반기보고서,CFS,KRW,105990171727.0,6429658567.0,5608280997.0,235501931582.0,106528991385.0,128972940197.0,111421900535.0,9230844093.0,4378274764.0,-4.87,-30.35,28.09,6.07,82.6,8.7,흑자지속,128452626660.0,24054799.0,2026-08-18,466.29,5361.63,11.45,1.0,READY,KRX 시가총액·상장주식수 / OpenDART 반기보고서 / 누적순이익 × 2 연환산,,2026_11012_corp-candidate-name-match-v2,2026-08-19T09:01:00+09:00
214450,파마리서치,KOSDAQ,00970453,파마리서치,OPENDART_OFFICIAL_DOWNLOAD,MATCH,동일 종목코드 후보 중 KRX 종목명과 회사명 완전일치,1,NAME_EXACT,READY,OK,2026 반기보고서,2026,11012,반기보고서,CFS,KRW,324805059793.0,123762004754.0,104977191967.0,1107176182627.0,318304095279.0,788872087348.0,257517417773.0,100611274981.0,78071684000.0,26.13,23.01,34.46,38.1,40.35,26.61,흑자지속,4083131664000.0,10389648.0,2026-08-18,20208.04,75928.66,19.45,5.18,READY,KRX 시가총액·상장주식수 / OpenDART 반기보고서 / 누적순이익 × 2 연환산,,2026_11012_corp-candidate-name-match-v2,2026-08-19T09:01:00+09:00
217590,티엠씨,KOSPI,00949161,티엠씨,OPENDART_OFFICIAL_DOWNLOAD,MATCH,동일 종목코드 후보 중 KRX 종목명과 회사명 완전일치,1,NAME_EXACT,READY,OK,2026 반기보고서,2026,11012,반기보고서,CFS,KRW,200300294077.0,2316900235.0,3608690759.0,230565250330.0,117051045120.0,113514205210.0,185241359966.0,7120230004.0,1324249489.0,8.13,-67.46,172.51,1.16,103.12,6.36,흑자지속,313465867250.0,24094225.0,2026-08-18,299.55,4711.26,43.43,2.76,READY,KRX 시가총액·상장주식수 / OpenDART 반기보고서 / 누적순이익 × 2 연환산,,2026_11012_corp-candidate-name-match-v2,2026-08-19T09:01:00+09:00
229640,LS에코에너지,KOSPI,01093007,LS에코에너지,OPENDART_OFFICIAL_DOWNLOAD,MATCH,동일 종목코드 후보 중 KRX 종목명과 회사명 완전일치,1,NAME_EXACT,READY,OK,2026 반기보고서,2026,11012,반기보고서,CFS,KRW,635750810528.0,45359248357.0,33372462074.0,576447870175.0,308116838904.0,268331031271.0,478577227094.0,38930324388.0,30918012536.0,32.84,16.51,7.94,7.13,114.83,24.87,흑자지속,1959992256000.0,30624879.0,2026-09-23,2179.43,8761.86,29.37,7.3,READY,KRX 시가총액·상장주식수 / OpenDART 반기보고서 / 누적순이익 × 2 연환산,,2026_11012_corp-candidate-name-match-v2,2026-09-24T10:37:26+09:00
240810,원익IPS,KOSDAQ,01135941,원익IPS,OPENDART_OFFICIAL_DOWNLOAD,MATCH,동일 종목코드 후보 중 KRX 종목명과 회사명 완전일치,1,NAME_EXACT,READY,OK,2026 반기보고서,2026,11012,반기보고서,CFS,KRW,381372590019.0,29117870941.0,111988389909.0,1493480746414.0,419921427687.0,1073559318727.0,366366832775.0,29070204793.0,22939517131.0,4.1,0.16,388.19,7.64,39.11,20.86,흑자지속,6047136603200.0,49083901.0,2026-09-28,4563.14,21871.92,27.0,5.63,READY,KRX 시가총액·상장주식수 / OpenDART 반기보고서 / 누적순이익 × 2 연환산,,2026_11012_corp-candidate-name-match-v2,2026-09-29T12:02:31+09:00
261780,차백신연구소,,,,,MISMATCH,KRX 종목명=차백신연구소; OpenDART 후보=아리바이오LAB,1,NO_NAME_MATCH,LIMITED,NO_CORP_CODE,,,,,,KRW,,,,,,,,,,,,,,,,,,,,,,,,LIMITED_NO_FINANCIAL_DATA,,"revenue,operating_profit,net_income,total_assets,total_liabilities,total_equity",2026_11012_corp-candidate-name-match-v2,2026-10-01T11:36:07+09:00
263750,펄어비스,KOSDAQ,01152470,펄어비스,OPENDART_OFFICIAL_DOWNLOAD,MATCH,동일 종목코드 후보 중 KRX 종목명과 회사명 완전일치,1,NAME_EXACT,READY,OK,2026 반기보고서,2026,11012,반기보고서,CFS,KRW,521109103813.0,279721969026.0,257511315574.0,1280474346663.0,234421750671.0,1046052595992.0,118609856202.0,8765990872.0,-22200936657.0,339.35,3090.99,1259.91,53.68,22.41,49.23,흑자전환,2080133421000.0,62843910.0,2026-09-30,8195.27,16645.25,4.04,1.99,READY,KRX 시가총액·상장주식수 / OpenDART 반기보고서 / 누적순이익 × 2 연환산,,2026_11012_corp-candidate-name-match-v2,2026-10-01T11:36:08+09:00
267260,HD현대일렉트릭,KOSPI,01205851,HD현대일렉트릭,OPENDART_OFFICIAL_DOWNLOAD,MATCH,동일 종목코드 후보 중 KRX 종목명과 회사명 완전일치,1,NAME_EXACT,READY,OK,2026 반기보고서,2026,11012,반기보고서,CFS,KRW,2178313164743.0,545303822428.0,413828105435.0,5491806589511.0,3233511393070.0,2258295196441.0,1920886883904.0,427320784863.0,295326202873.0,13.4,27.61,40.13,25.03,143.18,36.65,흑자지속,28297000975000.0,36047135.0,2026-08-18,22960.39,62648.4,34.19,12.53,READY,KRX 시가총액·상장주식수 / OpenDART 반기보고서 / 누적순이익 × 2 연환산,,2026_11012_corp-candidate-name-match-v2,2026-08-19T09:01:02+09:00
267270,HD건설기계,KOSPI,01205842,HD건설기계,OPENDART_OFFICIAL_DOWNLOAD,MATCH,동일 종목코드 후보 중 KRX 종목명과 회사명 완전일치,1,NAME_EXACT,READY,OK,2026 반기보고서,2026,11012,반기보고서,CFS,KRW,4739037607000.0,439582380000.0,354565427000.0,9615267025000.0,4581620735000.0,5033646290000.0,1874547415000.0,81694202000.0,26272266000.0,152.81,438.08,1249.58,9.28,91.02,14.09,흑자지속,6852831271000.0,47921897.0,2026-09-09,14797.64,105038.54,9.66,1.36,READY,KRX 시가총액·상장주식수 / OpenDART 반기보고서 / 누적순이익 × 2 연환산,,2026_11012_corp-candidate-name-match-v2,2026-09-10T10:21:48+09:00
272210,한화시스템,KOSPI,00339391,한화시스템,OPENDART_OFFICIAL_DOWNLOAD,MATCH,동일 종목코드 후보 중 KRX 종목명과 회사명 완전일치,1,NAME_EXACT,READY,OK,2026 반기보고서,2026,11012,반기보고서,CFS,KRW,1924650844657.0,137936376118.0,-43009026685.0,11847324865195.0,7275666173295.0,4571658691900.0,1458291254404.0,66149380765.0,70737725135.0,31.98,108.52,-160.8,7.17,159.15,-1.88,적자전환,14452333258500.0,188919389.0,2026-09-21,-455.32,24198.99,,3.16,PARTIAL_LOSS_PER_NA,KRX 시가총액·상장주식수 / OpenDART 반기보고서 / 누적순이익 × 2 연환산,,2026_11012_corp-candidate-name-match-v2,2026-09-22T11:03:47+09:00
298040,효성중공업,KOSPI,01316245,효성중공업,OPENDART_OFFICIAL_DOWNLOAD,MATCH,동일 종목코드 후보 중 KRX 종목명과 회사명 완전일치,1,NAME_EXACT,READY,OK,2026 반기보고서,2026,11012,반기보고서,CFS,KRW,3045187250830.0,416608567951.0,263068683760.0,8555033119364.0,5826243345693.0,2728789773671.0,2601419818136.0,266648491139.0,190978020361.0,17.06,56.24,37.75,13.68,213.51,19.28,흑자지속,27628635724000.0,9324548.0,2026-08-31,56424.97,292645.8,52.51,10.12,READY,KRX 시가총액·상장주식수 / OpenDART 반기보고서 / 누적순이익 × 2 연환산,,2026_11012_corp-candidate-name-match-v2,2026-09-01T11:10:46+09:00
307950,현대오토에버,KOSPI,00362441,현대오토에버,OPENDART_OFFICIAL_DOWNLOAD,MATCH,동일 종목코드 후보 중 KRX 종목명과 회사명 완전일치,1,NAME_EXACT,READY,OK,2026 반기보고서,2026,11012,반기보고서,CFS,KRW,2186447063000.0,111722456000.0,88193188000.0,3522178696000.0,1599714729000.0,1922463967000.0,1875062258000.0,108080569000.0,79635678000.0,16.61,3.37,10.75,5.11,83.21,9.18,흑자지속,12368215882000.0,27423982.0,2026-08-18,6431.83,70101.56,70.12,6.43,READY,KRX 시가총액·상장주식수 / OpenDART 반기보고서 / 누적순이익 × 2 연환산,,2026_11012_corp-candidate-name-match-v2,2026-08-19T09:01:03+09:00
316140,우리금융지주,KOSPI,01350869,우리금융지주,OPENDART_OFFICIAL_DOWNLOAD,MATCH,동일 종목코드 후보 중 KRX 종목명과 회사명 완전일치,1,NAME_EXACT,READY,OK,2026 반기보고서,2026,11012,반기보고서,CFS,KRW,10944229000000.0,2123827000000.0,1665915000000.0,635179488000000.0,594299345000000.0,40880143000000.0,10419776000000.0,1977714000000.0,1594299000000.0,5.03,7.39,4.49,19.41,1453.76,8.15,흑자지속,25713850839300.0,736786557.0,2026-09-30,4522.11,55484.38,7.72,0.63,READY,KRX 시가총액·상장주식수 / OpenDART 반기보고서 / 누적순이익 × 2 연환산,,2026_11012_corp-candidate-name-match-v2,2026-10-01T11:36:08+09:00
317330,덕산테코피아,KOSDAQ,01021666,덕산테코피아,OPENDART_OFFICIAL_DOWNLOAD,MATCH,동일 종목코드 후보 중 KRX 종목명과 회사명 완전일치,1,NAME_EXACT,READY,OK,2026 반기보고서,2026,11012,반기보고서,CFS,KRW,81322227610.0,-20944482371.0,-33237816871.0,669030007656.0,585637309019.0,83392698637.0,53215974662.0,-18444352399.0,-22710181497.0,52.82,-13.55,-46.36,-25.75,702.26,-79.71,적자지속,217870853760.0,20476584.0,2026-08-18,-3246.42,4072.59,,2.61,PARTIAL_LOSS_PER_NA,KRX 시가총액·상장주식수 / OpenDART 반기보고서 / 누적순이익 × 2 연환산,,2026_11012_corp-candidate-name-match-v2,2026-08-19T09:01:04+09:00
317400,자이에스앤디,KOSPI,00367844,자이에스앤디,OPENDART_OFFICIAL_DOWNLOAD,MATCH,동일 종목코드 후보 중 KRX 종목명과 회사명 완전일치,1,NAME_EXACT,READY,OK,2026 반기보고서,2026,11012,반기보고서,CFS,KRW,573593880126.0,20378746332.0,18363668967.0,1275212830710.0,566636564621.0,708576266089.0,649637713916.0,-13320719017.0,-3745276735.0,-11.71,252.99,590.32,3.55,79.97,5.18,흑자전환,391703452000.0,38782520.0,2026-08-18,947.01,18270.51,10.67,0.55,READY,KRX 시가총액·상장주식수 / OpenDART 반기보고서 / 누적순이익 × 2 연환산,,2026_11012_corp-candidate-name-match-v2,2026-08-19T09:01:05+09:00
329180,HD현대중공업,KOSPI,01390344,HD현대중공업,OPENDART_OFFICIAL_DOWNLOAD,MATCH,동일 종목코드 후보 중 KRX 종목명과 회사명 완전일치,1,NAME_EXACT,READY,OK,2026 반기보고서,2026,11012,반기보고서,CFS,KRW,12248486835000.0,1945323535000.0,1595955473000.0,29372105525000.0,18829229037000.0,10542876488000.0,7969640578000.0,905190156000.0,495141653000.0,53.69,114.91,222.32,15.88,178.6,30.28,흑자지속,51378519637500.0,104961225.0,2026-08-18,30410.38,100445.44,16.1,4.87,READY,KRX 시가총액·상장주식수 / OpenDART 반기보고서 / 누적순이익 × 2 연환산,,2026_11012_corp-candidate-name-match-v2,2026-08-19T09:01:05+09:00
336260,두산퓨얼셀,KOSPI,01412725,두산퓨얼셀,OPENDART_OFFICIAL_DOWNLOAD,MATCH,동일 종목코드 후보 중 KRX 종목명과 회사명 완전일치,1,NAME_EXACT,READY,OK,2026 반기보고서,2026,11012,반기보고서,CFS,KRW,189106086913.0,-52205009163.0,-68785570485.0,1335960713815.0,1036335024964.0,299625688851.0,228215969472.0,-13463911812.0,-12697184185.0,-17.14,-287.74,-441.74,-27.61,345.88,-45.91,적자지속,2370872881200.0,65493726.0,2026-08-18,-2100.52,4574.88,,7.91,PARTIAL_LOSS_PER_NA,KRX 시가총액·상장주식수 / OpenDART 반기보고서 / 누적순이익 × 2 연환산,,2026_11012_corp-candidate-name-match-v2,2026-08-19T09:01:05+09:00
350520,이지스레지던스리츠,KOSPI,01436628,이지스레지던스리츠,OPENDART_OFFICIAL_DOWNLOAD,MATCH,동일 종목코드 후보 중 KRX 종목명과 회사명 완전일치,1,NAME_EXACT,READY,OK,2026 반기보고서,2026,11012,반기보고서,CFS,KRW,4379639430.0,4101690770.0,2976264274.0,418125300498.0,102051709239.0,316073591259.0,8697184931.0,7755515519.0,6555076236.0,-49.64,-47.11,-54.6,93.65,32.29,1.88,흑자지속,121474135590.0,36866202.0,2026-09-29,161.46,8573.53,20.41,0.38,READY,KRX 시가총액·상장주식수 / OpenDART 반기보고서 / 누적순이익 × 2 연환산,,2026_11012_corp-candidate-name-match-v2,2026-09-30T11:26:03+09:00
353200,대덕전자,KOSPI,01478712,대덕전자,OPENDART_OFFICIAL_DOWNLOAD,MATCH,동일 종목코드 후보 중 KRX 종목명과 회사명 완전일치,1,NAME_EXACT,READY,OK,2026 반기보고서,2026,11012,반기보고서,CFS,KRW,747289416199.0,121574516810.0,103176989590.0,1367760202120.0,390910229497.0,976849972623.0,461233491217.0,-4335406410.0,-1291700681.0,62.02,2904.22,8087.69,16.27,40.02,21.12,흑자전환,5549520677500.0,49416925.0,2026-09-22,4175.78,19767.52,26.89,5.68,READY,KRX 시가총액·상장주식수 / OpenDART 반기보고서 / 누적순이익 × 2 연환산,,2026_11012_corp-candidate-name-match-v2,2026-09-23T10:51:06+09:00
361610,SK아이이테크놀로지,KOSPI,01386916,SK아이이테크놀로지,OPENDART_OFFICIAL_DOWNLOAD,MATCH,동일 종목코드 후보 중 KRX 종목명과 회사명 완전일치,1,NAME_EXACT,READY,OK,2026 반기보고서,2026,11012,반기보고서,CFS,KRW,75399324000.0,-136676704000.0,-1409528492000.0,3243424385000.0,1955503071000.0,1287921314000.0,140959635000.0,-123352032000.0,-40683145000.0,-46.51,-10.8,-3364.65,-181.27,151.83,-218.88,적자지속,1376476893000.0,81787100.0,2026-09-29,-34468.24,15747.24,,1.07,PARTIAL_LOSS_PER_NA,KRX 시가총액·상장주식수 / OpenDART 반기보고서 / 누적순이익 × 2 연환산,,2026_11012_corp-candidate-name-match-v2,2026-09-30T11:26:04+09:00
373220,LG에너지솔루션,KOSPI,01515323,LG에너지솔루션,OPENDART_OFFICIAL_DOWNLOAD,MATCH,동일 종목코드 후보 중 KRX 종목명과 회사명 완전일치,1,NAME_EXACT,READY,OK,2026 반기보고서,2026,11012,반기보고서,CFS,KRW,14115216000000.0,-94453000000.0,-1272678000000.0,77877681000000.0,47591037000000.0,30286644000000.0,12778880000000.0,866832000000.0,317178000000.0,10.46,-110.9,-501.25,-0.67,157.14,-8.4,적자전환,82134000000000.0,234000000.0,2026-08-18,-10877.59,129430.1,,2.71,PARTIAL_LOSS_PER_NA,KRX 시가총액·상장주식수 / OpenDART 반기보고서 / 누적순이익 × 2 연환산,,2026_11012_corp-candidate-name-match-v2,2026-08-19T09:01:05+09:00
375500,DL이앤씨,KOSPI,01524093,DL이앤씨,OPENDART_OFFICIAL_DOWNLOAD,MATCH,동일 종목코드 후보 중 KRX 종목명과 회사명 완전일치,1,NAME_EXACT,READY,OK,2026 반기보고서,2026,11012,반기보고서,CFS,KRW,3528166574243.0,316789365340.0,289856331775.0,10252061164221.0,4752911116174.0,5499150048047.0,3799611188266.0,207176795573.0,38536454804.0,-7.14,52.91,652.16,8.98,86.43,10.54,흑자지속,3172877086000.0,38693623.0,2026-09-28,14982.12,142120.32,5.47,0.58,READY,KRX 시가총액·상장주식수 / OpenDART 반기보고서 / 누적순이익 × 2 연환산,,2026_11012_corp-candidate-name-match-v2,2026-09-29T12:02:34+09:00
377190,디앤디플랫폼리츠,KOSPI,01475609,디앤디플랫폼리츠,OPENDART_OFFICIAL_DOWNLOAD,MATCH,동일 종목코드 후보 중 KRX 종목명과 회사명 완전일치,1,NAME_EXACT,READY,OK,2026 반기보고서,2026,11012,반기보고서,CFS,KRW,14771401227.0,10440766623.0,2634882127.0,1057013567628.0,705551776446.0,351461791182.0,14632403199.0,9467930150.0,3070105770.0,0.95,10.28,-14.18,70.68,200.75,1.5,흑자지속,195364000000.0,88400000.0,2026-09-28,59.61,3975.81,37.07,0.56,READY,KRX 시가총액·상장주식수 / OpenDART 반기보고서 / 누적순이익 × 2 연환산,,2026_11012_corp-candidate-name-match-v2,2026-09-29T12:02:35+09:00
395400,SK리츠,KOSPI,01535150,SK리츠,OPENDART_OFFICIAL_DOWNLOAD,MATCH,동일 종목코드 후보 중 KRX 종목명과 회사명 완전일치,1,NAME_EXACT,READY,OK,2025 사업보고서,2025,11011,사업보고서,CFS,KRW,70358094799.0,64534748213.0,33550467838.0,5433913123855.0,3413129922270.0,2020783201585.0,56695897419.0,50321093490.0,20302578012.0,24.1,28.25,65.25,91.72,168.9,1.66,흑자지속,1574322152600.0,301017620.0,2026-09-30,111.46,6713.17,46.92,0.78,READY,KRX 시가총액·상장주식수 / OpenDART 사업보고서 / 연환산 없음,,2026_11012_corp-candidate-name-match-v2,2026-10-01T11:36:10+09:00
402340,SK스퀘어,KOSPI,01596425,SK스퀘어,OPENDART_OFFICIAL_DOWNLOAD,MATCH,동일 종목코드 후보 중 KRX 종목명과 회사명 완전일치,1,NAME_EXACT,READY,OK,2026 반기보고서,2026,11012,반기보고서,CFS,KRW,628898000000.0,27513723000000.0,27049771000000.0,58651006000000.0,3639241000000.0,55011765000000.0,701640000000.0,3054263000000.0,3059373000000.0,-10.37,800.83,784.16,4374.91,6.62,98.34,흑자지속,149772768110000.0,131958386.0,2026-08-18,409974.26,416887.22,2.77,2.72,READY,KRX 시가총액·상장주식수 / OpenDART 반기보고서 / 누적순이익 × 2 연환산,,2026_11012_corp-candidate-name-match-v2,2026-08-19T09:01:06+09:00
439960,코스모로보틱스,KOSDAQ,01802928,코스모로보틱스,OPENDART_OFFICIAL_DOWNLOAD,MATCH,동일 종목코드 후보 중 KRX 종목명과 회사명 완전일치,1,NAME_EXACT,READY,OK,2026 반기보고서,2026,11012,반기보고서,CFS,KRW,2510539642.0,-5993970377.0,-10219009247.0,39939837366.0,5064152071.0,34875685295.0,5266598523.0,-2880493248.0,-19409521759.0,-52.33,-108.09,47.35,-238.75,14.52,-58.6,적자지속,511097359500.0,32450626.0,2026-08-18,-629.82,1074.73,,14.65,PARTIAL_LOSS_PER_NA,KRX 시가총액·상장주식수 / OpenDART 반기보고서 / 누적순이익 × 2 연환산,,2026_11012_corp-candidate-name-match-v2,2026-08-19T09:01:06+09:00
443060,HD현대마린솔루션,KOSPI,01194689,HD현대마린솔루션,OPENDART_OFFICIAL_DOWNLOAD,MATCH,동일 종목코드 후보 중 KRX 종목명과 회사명 완전일치,1,NAME_EXACT,READY,OK,2026 반기보고서,2026,11012,반기보고서,CFS,KRW,1155022554975.0,191018863600.0,181145722260.0,1391542878698.0,499426243613.0,892116635085.0,953319397838.0,166016762511.0,116315239822.0,21.16,15.06,55.74,16.54,55.98,40.61,흑자지속,9213276030000.0,44833460.0,2026-09-03,8080.83,19898.46,25.43,10.33,READY,KRX 시가총액·상장주식수 / OpenDART 반기보고서 / 누적순이익 × 2 연환산,,2026_11012_corp-candidate-name-match-v2,2026-09-04T10:21:03+09:00
452260,한화갤러리아,KOSPI,01722437,한화갤러리아,OPENDART_OFFICIAL_DOWNLOAD,MATCH,동일 종목코드 후보 중 KRX 종목명과 회사명 완전일치,1,NAME_EXACT,READY,OK,2026 반기보고서,2026,11012,반기보고서,CFS,KRW,277047379254.0,27481259815.0,4258194930.0,2040758896012.0,1192152311414.0,848606584598.0,256197340994.0,-2909516878.0,-18548590978.0,8.14,1044.53,122.96,9.92,140.48,1.0,흑자전환,527298139200.0,193859610.0,2026-09-22,43.93,4377.43,61.92,0.62,READY,KRX 시가총액·상장주식수 / OpenDART 반기보고서 / 누적순이익 × 2 연환산,,2026_11012_corp-candidate-name-match-v2,2026-09-23T10:51:07+09:00
454910,두산로보틱스,KOSPI,01105153,두산로보틱스,OPENDART_OFFICIAL_DOWNLOAD,MATCH,동일 종목코드 후보 중 KRX 종목명과 회사명 완전일치,1,NAME_EXACT,READY,OK,2026 반기보고서,2026,11012,반기보고서,CFS,KRW,32968817917.0,-26486685833.0,-21957487918.0,441860914944.0,112629049100.0,329231865844.0,9811784040.0,-27756694575.0,-25984192426.0,236.01,4.58,15.5,-80.34,34.21,-13.34,적자지속,4822606512000.0,64819980.0,2026-08-18,-677.49,5079.17,,14.65,PARTIAL_LOSS_PER_NA,KRX 시가총액·상장주식수 / OpenDART 반기보고서 / 누적순이익 × 2 연환산,,2026_11012_corp-candidate-name-match-v2,2026-08-19T09:01:06+09:00
465770,STX그린로지스,KOSPI,01784394,STX그린로지스,OPENDART_OFFICIAL_DOWNLOAD,MATCH,동일 종목코드 후보 중 KRX 종목명과 회사명 완전일치,1,NAME_EXACT,READY,OK,2026 반기보고서,2026,11012,반기보고서,CFS,KRW,30760535196.0,-1479575949.0,11033145909.0,98221088908.0,59978436892.0,38242652016.0,91453568611.0,-5510507638.0,-9122327809.0,-66.36,73.15,220.95,-4.81,156.84,57.7,흑자전환,16493998300.0,7218380.0,2026-09-30,3056.96,5297.95,0.75,0.43,READY,KRX 시가총액·상장주식수 / OpenDART 반기보고서 / 누적순이익 × 2 연환산,,2026_11012_corp-candidate-name-match-v2,2026-10-01T11:36:09+09:00
483650,달바글로벌,KOSPI,01649204,달바글로벌,OPENDART_OFFICIAL_DOWNLOAD,MATCH,동일 종목코드 후보 중 KRX 종목명과 회사명 완전일치,1,NAME_EXACT,READY,OK,2026 반기보고서,2026,11012,반기보고서,CFS,KRW,358102940883.0,92331338605.0,74396723895.0,339944196483.0,88131618034.0,251812578449.0,242132575505.0,59281410233.0,44552274578.0,47.9,55.75,66.99,25.78,35.0,59.09,흑자지속,2748661300000.0,12493915.0,2026-08-18,11909.27,20154.82,18.47,10.92,READY,KRX 시가총액·상장주식수 / OpenDART 반기보고서 / 누적순이익 × 2 연환산,,2026_11012_corp-candidate-name-match-v2,2026-08-19T09:01:07+09:00
486990,노타,KOSDAQ,01810477,노타,OPENDART_OFFICIAL_DOWNLOAD,MATCH,동일 종목코드 후보 중 KRX 종목명과 회사명 완전일치,1,NAME_EXACT,READY,OK,2026 반기보고서,2026,11012,반기보고서,CFS,KRW,7407956768.0,-10388876500.0,-10210961800.0,34085340915.0,15937299007.0,18148041908.0,568400915.0,-8256376699.0,-9574502113.0,1203.3,-25.83,-6.65,-140.24,87.82,-112.53,적자지속,435335950500.0,21392430.0,2026-09-23,-954.63,848.34,,23.99,PARTIAL_LOSS_PER_NA,KRX 시가총액·상장주식수 / OpenDART 반기보고서 / 누적순이익 × 2 연환산,,2026_11012_corp-candidate-name-match-v2,2026-09-24T10:37:26+09:00
489790,한화비전,KOSPI,01867758,한화비전,OPENDART_OFFICIAL_DOWNLOAD,MATCH,동일 종목코드 후보 중 KRX 종목명과 회사명 완전일치,1,NAME_EXACT,READY,OK,2026 반기보고서,2026,11012,반기보고서,CFS,KRW,983666731780.0,87671584013.0,61246901858.0,2245991802268.0,1297680794805.0,948311007463.0,908967712731.0,108209541774.0,-13492423043.0,8.22,-18.98,553.94,8.91,136.84,12.92,흑자지속,2741519577000.0,50488390.0,2026-08-18,2426.18,18782.75,22.38,2.89,READY,KRX 시가총액·상장주식수 / OpenDART 반기보고서 / 누적순이익 × 2 연환산,,2026_11012_corp-candidate-name-match-v2,2026-08-19T09:01:07+09:00
