ticker,name,basis_date,basis_source,official_request_count,official_session_count,target_valid_close_count,required_valid_close_count,elasticity_window_sessions,avg_daily_move_pct,classification,recoverable,used_close_dates_json,last20_return_dates_json,last20_returns_json,official_sessions_without_valid_target_close_count,official_sessions_without_valid_target_close_dates_json,source
000040,KR모터스,2026-09-22,PRODUCTION_MANIFEST_BASIS_DATE,31,30,30,21,20,2.5323,OFFICIAL_KRX_PRICE_ELASTICITY_RECOVERABLE,TRUE,"[""2026-08-25"",""2026-08-26"",""2026-08-27"",""2026-08-28"",""2026-08-31"",""2026-09-01"",""2026-09-02"",""2026-09-03"",""2026-09-04"",""2026-09-07"",""2026-09-08"",""2026-09-09"",""2026-09-10"",""2026-09-11"",""2026-09-14"",""2026-09-15"",""2026-09-16"",""2026-09-17"",""2026-09-18"",""2026-09-21"",""2026-09-22""]","[""2026-08-26"",""2026-08-27"",""2026-08-28"",""2026-08-31"",""2026-09-01"",""2026-09-02"",""2026-09-03"",""2026-09-04"",""2026-09-07"",""2026-09-08"",""2026-09-09"",""2026-09-10"",""2026-09-11"",""2026-09-14"",""2026-09-15"",""2026-09-16"",""2026-09-17"",""2026-09-18"",""2026-09-21"",""2026-09-22""]","[0.0164424514,-0.0029411765,0.0921828909,-0.0168804862,0.0020604396,-0.0198766278,-0.0202797203,-0.0649536046,0.0,-0.1015267176,0.0033984707,-0.0254022015,0.0008688097,-0.0442708333,0.0045413261,-0.0054249548,0.0009090909,-0.0036330609,-0.0492251595,-0.0316395014]",0,[],KRX_OFFICIAL_STK_BYDD_TRD
000100,유한양행,2026-09-22,PRODUCTION_MANIFEST_BASIS_DATE,31,30,30,21,20,1.4151,OFFICIAL_KRX_PRICE_ELASTICITY_RECOVERABLE,TRUE,"[""2026-08-25"",""2026-08-26"",""2026-08-27"",""2026-08-28"",""2026-08-31"",""2026-09-01"",""2026-09-02"",""2026-09-03"",""2026-09-04"",""2026-09-07"",""2026-09-08"",""2026-09-09"",""2026-09-10"",""2026-09-11"",""2026-09-14"",""2026-09-15"",""2026-09-16"",""2026-09-17"",""2026-09-18"",""2026-09-21"",""2026-09-22""]","[""2026-08-26"",""2026-08-27"",""2026-08-28"",""2026-08-31"",""2026-09-01"",""2026-09-02"",""2026-09-03"",""2026-09-04"",""2026-09-07"",""2026-09-08"",""2026-09-09"",""2026-09-10"",""2026-09-11"",""2026-09-14"",""2026-09-15"",""2026-09-16"",""2026-09-17"",""2026-09-18"",""2026-09-21"",""2026-09-22""]","[0.0408163265,-0.0461361015,0.0266021765,-0.0141342756,-0.0119474313,-0.0169286578,0.0012300123,0.0,-0.0085995086,-0.019826518,0.0113780025,-0.01375,0.0063371356,-0.0037783375,0.002528445,-0.025220681,0.0025873221,-0.0206451613,-0.0039525692,-0.0066137566]",0,[],KRX_OFFICIAL_STK_BYDD_TRD
000220,유유제약,2026-09-22,PRODUCTION_MANIFEST_BASIS_DATE,31,30,30,21,20,1.1590,OFFICIAL_KRX_PRICE_ELASTICITY_RECOVERABLE,TRUE,"[""2026-08-25"",""2026-08-26"",""2026-08-27"",""2026-08-28"",""2026-08-31"",""2026-09-01"",""2026-09-02"",""2026-09-03"",""2026-09-04"",""2026-09-07"",""2026-09-08"",""2026-09-09"",""2026-09-10"",""2026-09-11"",""2026-09-14"",""2026-09-15"",""2026-09-16"",""2026-09-17"",""2026-09-18"",""2026-09-21"",""2026-09-22""]","[""2026-08-26"",""2026-08-27"",""2026-08-28"",""2026-08-31"",""2026-09-01"",""2026-09-02"",""2026-09-03"",""2026-09-04"",""2026-09-07"",""2026-09-08"",""2026-09-09"",""2026-09-10"",""2026-09-11"",""2026-09-14"",""2026-09-15"",""2026-09-16"",""2026-09-17"",""2026-09-18"",""2026-09-21"",""2026-09-22""]","[0.0,0.0,0.023872679,-0.0051813472,0.0260416667,-0.0152284264,-0.0193298969,0.0091984231,0.0260416667,-0.0152284264,0.0193298969,-0.0252844501,0.0,-0.0064850843,0.0,-0.0026109661,0.0078534031,-0.0025974026,-0.0169270833,-0.0105960265]",0,[],KRX_OFFICIAL_STK_BYDD_TRD
000225,유유제약1우,2026-09-22,PRODUCTION_MANIFEST_BASIS_DATE,31,30,30,21,20,0.8284,OFFICIAL_KRX_PRICE_ELASTICITY_RECOVERABLE,TRUE,"[""2026-08-25"",""2026-08-26"",""2026-08-27"",""2026-08-28"",""2026-08-31"",""2026-09-01"",""2026-09-02"",""2026-09-03"",""2026-09-04"",""2026-09-07"",""2026-09-08"",""2026-09-09"",""2026-09-10"",""2026-09-11"",""2026-09-14"",""2026-09-15"",""2026-09-16"",""2026-09-17"",""2026-09-18"",""2026-09-21"",""2026-09-22""]","[""2026-08-26"",""2026-08-27"",""2026-08-28"",""2026-08-31"",""2026-09-01"",""2026-09-02"",""2026-09-03"",""2026-09-04"",""2026-09-07"",""2026-09-08"",""2026-09-09"",""2026-09-10"",""2026-09-11"",""2026-09-14"",""2026-09-15"",""2026-09-16"",""2026-09-17"",""2026-09-18"",""2026-09-21"",""2026-09-22""]","[0.0027624309,-0.0041322314,0.0221300138,-0.0040595399,0.0217391304,-0.0013297872,-0.0146471372,-0.0175675676,0.0137551582,-0.0040705563,0.0,-0.0013623978,-0.0013642565,0.0163934426,0.0080645161,-0.0146666667,0.00135318,-0.0027027027,-0.0040650407,-0.0095238095]",0,[],KRX_OFFICIAL_STK_BYDD_TRD
000540,흥국화재,2026-09-22,PRODUCTION_MANIFEST_BASIS_DATE,31,30,30,21,20,2.1338,OFFICIAL_KRX_PRICE_ELASTICITY_RECOVERABLE,TRUE,"[""2026-08-25"",""2026-08-26"",""2026-08-27"",""2026-08-28"",""2026-08-31"",""2026-09-01"",""2026-09-02"",""2026-09-03"",""2026-09-04"",""2026-09-07"",""2026-09-08"",""2026-09-09"",""2026-09-10"",""2026-09-11"",""2026-09-14"",""2026-09-15"",""2026-09-16"",""2026-09-17"",""2026-09-18"",""2026-09-21"",""2026-09-22""]","[""2026-08-26"",""2026-08-27"",""2026-08-28"",""2026-08-31"",""2026-09-01"",""2026-09-02"",""2026-09-03"",""2026-09-04"",""2026-09-07"",""2026-09-08"",""2026-09-09"",""2026-09-10"",""2026-09-11"",""2026-09-14"",""2026-09-15"",""2026-09-16"",""2026-09-17"",""2026-09-18"",""2026-09-21"",""2026-09-22""]","[0.0,-0.0043103448,0.025974026,-0.0070323488,0.0467422096,-0.0230040595,0.0969529086,-0.0669191919,0.0094722598,-0.0080428954,-0.0202702703,0.0220689655,-0.008097166,0.0149659864,-0.0308310992,-0.0082987552,0.0,-0.0209205021,-0.0071225071,-0.0057388809]",0,[],KRX_OFFICIAL_STK_BYDD_TRD
000545,흥국화재우,2026-09-22,PRODUCTION_MANIFEST_BASIS_DATE,31,30,30,21,20,2.0078,OFFICIAL_KRX_PRICE_ELASTICITY_RECOVERABLE,TRUE,"[""2026-08-25"",""2026-08-26"",""2026-08-27"",""2026-08-28"",""2026-08-31"",""2026-09-01"",""2026-09-02"",""2026-09-03"",""2026-09-04"",""2026-09-07"",""2026-09-08"",""2026-09-09"",""2026-09-10"",""2026-09-11"",""2026-09-14"",""2026-09-15"",""2026-09-16"",""2026-09-17"",""2026-09-18"",""2026-09-21"",""2026-09-22""]","[""2026-08-26"",""2026-08-27"",""2026-08-28"",""2026-08-31"",""2026-09-01"",""2026-09-02"",""2026-09-03"",""2026-09-04"",""2026-09-07"",""2026-09-08"",""2026-09-09"",""2026-09-10"",""2026-09-11"",""2026-09-14"",""2026-09-15"",""2026-09-16"",""2026-09-17"",""2026-09-18"",""2026-09-21"",""2026-09-22""]","[-0.0328467153,-0.0037735849,0.009469697,0.0900562852,-0.0103270224,-0.0417391304,0.0598911071,-0.0068493151,-0.0206896552,0.0,0.0052816901,0.0,0.0192644483,0.0,0.0103092784,-0.0272108844,0.0384615385,-0.0033670034,-0.0185810811,-0.0034423408]",0,[],KRX_OFFICIAL_STK_BYDD_TRD
000680,LS네트웍스,2026-09-22,PRODUCTION_MANIFEST_BASIS_DATE,31,30,30,21,20,1.4103,OFFICIAL_KRX_PRICE_ELASTICITY_RECOVERABLE,TRUE,"[""2026-08-25"",""2026-08-26"",""2026-08-27"",""2026-08-28"",""2026-08-31"",""2026-09-01"",""2026-09-02"",""2026-09-03"",""2026-09-04"",""2026-09-07"",""2026-09-08"",""2026-09-09"",""2026-09-10"",""2026-09-11"",""2026-09-14"",""2026-09-15"",""2026-09-16"",""2026-09-17"",""2026-09-18"",""2026-09-21"",""2026-09-22""]","[""2026-08-26"",""2026-08-27"",""2026-08-28"",""2026-08-31"",""2026-09-01"",""2026-09-02"",""2026-09-03"",""2026-09-04"",""2026-09-07"",""2026-09-08"",""2026-09-09"",""2026-09-10"",""2026-09-11"",""2026-09-14"",""2026-09-15"",""2026-09-16"",""2026-09-17"",""2026-09-18"",""2026-09-21"",""2026-09-22""]","[0.0116861436,-0.0082508251,0.003327787,0.0431177446,-0.0333863275,-0.0148026316,0.0150250417,-0.0032894737,-0.0214521452,-0.0084317032,0.0034013605,0.0118644068,0.0050251256,-0.0066666667,-0.0184563758,-0.0170940171,0.0382608696,-0.0100502513,-0.0050761421,-0.0034013605]",0,[],KRX_OFFICIAL_STK_BYDD_TRD
000850,화천기공,2026-09-22,PRODUCTION_MANIFEST_BASIS_DATE,31,30,30,21,20,1.3895,OFFICIAL_KRX_PRICE_ELASTICITY_RECOVERABLE,TRUE,"[""2026-08-25"",""2026-08-26"",""2026-08-27"",""2026-08-28"",""2026-08-31"",""2026-09-01"",""2026-09-02"",""2026-09-03"",""2026-09-04"",""2026-09-07"",""2026-09-08"",""2026-09-09"",""2026-09-10"",""2026-09-11"",""2026-09-14"",""2026-09-15"",""2026-09-16"",""2026-09-17"",""2026-09-18"",""2026-09-21"",""2026-09-22""]","[""2026-08-26"",""2026-08-27"",""2026-08-28"",""2026-08-31"",""2026-09-01"",""2026-09-02"",""2026-09-03"",""2026-09-04"",""2026-09-07"",""2026-09-08"",""2026-09-09"",""2026-09-10"",""2026-09-11"",""2026-09-14"",""2026-09-15"",""2026-09-16"",""2026-09-17"",""2026-09-18"",""2026-09-21"",""2026-09-22""]","[-0.0095628415,-0.0110344828,0.0041841004,0.0111111111,-0.0192307692,0.0,-0.0084033613,0.0070621469,0.0266479663,-0.0150273224,-0.0041608877,0.0222841226,-0.0136239782,0.0,0.0386740331,0.0186170213,0.0026109661,0.0299479167,-0.0189633375,-0.0167525773]",0,[],KRX_OFFICIAL_STK_BYDD_TRD
001060,JW중외제약,2026-09-22,PRODUCTION_MANIFEST_BASIS_DATE,31,30,30,21,20,1.5021,OFFICIAL_KRX_PRICE_ELASTICITY_RECOVERABLE,TRUE,"[""2026-08-25"",""2026-08-26"",""2026-08-27"",""2026-08-28"",""2026-08-31"",""2026-09-01"",""2026-09-02"",""2026-09-03"",""2026-09-04"",""2026-09-07"",""2026-09-08"",""2026-09-09"",""2026-09-10"",""2026-09-11"",""2026-09-14"",""2026-09-15"",""2026-09-16"",""2026-09-17"",""2026-09-18"",""2026-09-21"",""2026-09-22""]","[""2026-08-26"",""2026-08-27"",""2026-08-28"",""2026-08-31"",""2026-09-01"",""2026-09-02"",""2026-09-03"",""2026-09-04"",""2026-09-07"",""2026-09-08"",""2026-09-09"",""2026-09-10"",""2026-09-11"",""2026-09-14"",""2026-09-15"",""2026-09-16"",""2026-09-17"",""2026-09-18"",""2026-09-21"",""2026-09-22""]","[0.0073529412,-0.0145985401,0.0148148148,0.0291970803,0.0283687943,-0.0431034483,-0.0216216216,0.0128913444,-0.0109090909,-0.0018382353,-0.0092081031,-0.0055762082,-0.0056074766,0.0187969925,0.0,0.0129151292,0.0163934426,-0.0035842294,-0.0215827338,-0.0220588235]",0,[],KRX_OFFICIAL_STK_BYDD_TRD
001390,KG케미칼,2026-09-22,PRODUCTION_MANIFEST_BASIS_DATE,31,30,30,21,20,0.9310,OFFICIAL_KRX_PRICE_ELASTICITY_RECOVERABLE,TRUE,"[""2026-08-25"",""2026-08-26"",""2026-08-27"",""2026-08-28"",""2026-08-31"",""2026-09-01"",""2026-09-02"",""2026-09-03"",""2026-09-04"",""2026-09-07"",""2026-09-08"",""2026-09-09"",""2026-09-10"",""2026-09-11"",""2026-09-14"",""2026-09-15"",""2026-09-16"",""2026-09-17"",""2026-09-18"",""2026-09-21"",""2026-09-22""]","[""2026-08-26"",""2026-08-27"",""2026-08-28"",""2026-08-31"",""2026-09-01"",""2026-09-02"",""2026-09-03"",""2026-09-04"",""2026-09-07"",""2026-09-08"",""2026-09-09"",""2026-09-10"",""2026-09-11"",""2026-09-14"",""2026-09-15"",""2026-09-16"",""2026-09-17"",""2026-09-18"",""2026-09-21"",""2026-09-22""]","[0.0033936652,-0.00789177,0.0238636364,-0.0066592675,0.0033519553,-0.0155902004,0.007918552,0.0145903479,-0.0011061947,-0.0088593577,0.0022346369,0.0044593088,-0.0033296337,-0.0200445434,-0.0056818182,-0.0045714286,0.0114810563,-0.0022701476,-0.03185438,-0.0070505288]",0,[],KRX_OFFICIAL_STK_BYDD_TRD
002070,비비안,2026-09-22,PRODUCTION_MANIFEST_BASIS_DATE,31,30,30,21,20,3.9650,OFFICIAL_KRX_PRICE_ELASTICITY_RECOVERABLE,TRUE,"[""2026-08-25"",""2026-08-26"",""2026-08-27"",""2026-08-28"",""2026-08-31"",""2026-09-01"",""2026-09-02"",""2026-09-03"",""2026-09-04"",""2026-09-07"",""2026-09-08"",""2026-09-09"",""2026-09-10"",""2026-09-11"",""2026-09-14"",""2026-09-15"",""2026-09-16"",""2026-09-17"",""2026-09-18"",""2026-09-21"",""2026-09-22""]","[""2026-08-26"",""2026-08-27"",""2026-08-28"",""2026-08-31"",""2026-09-01"",""2026-09-02"",""2026-09-03"",""2026-09-04"",""2026-09-07"",""2026-09-08"",""2026-09-09"",""2026-09-10"",""2026-09-11"",""2026-09-14"",""2026-09-15"",""2026-09-16"",""2026-09-17"",""2026-09-18"",""2026-09-21"",""2026-09-22""]","[0.0583700441,0.0291363163,-0.0182002022,-0.0102986612,0.0020811655,-0.0197300104,-0.0137711864,0.1127819549,0.0077220077,-0.0095785441,0.1121856867,-0.0643478261,0.0,0.0018587361,0.0074211503,-0.1003683241,0.0,-0.1289662231,-0.0599294947,-0.03625]",0,[],KRX_OFFICIAL_STK_BYDD_TRD
002100,경농,2026-09-22,PRODUCTION_MANIFEST_BASIS_DATE,31,30,30,21,20,0.4291,OFFICIAL_KRX_PRICE_ELASTICITY_RECOVERABLE,TRUE,"[""2026-08-25"",""2026-08-26"",""2026-08-27"",""2026-08-28"",""2026-08-31"",""2026-09-01"",""2026-09-02"",""2026-09-03"",""2026-09-04"",""2026-09-07"",""2026-09-08"",""2026-09-09"",""2026-09-10"",""2026-09-11"",""2026-09-14"",""2026-09-15"",""2026-09-16"",""2026-09-17"",""2026-09-18"",""2026-09-21"",""2026-09-22""]","[""2026-08-26"",""2026-08-27"",""2026-08-28"",""2026-08-31"",""2026-09-01"",""2026-09-02"",""2026-09-03"",""2026-09-04"",""2026-09-07"",""2026-09-08"",""2026-09-09"",""2026-09-10"",""2026-09-11"",""2026-09-14"",""2026-09-15"",""2026-09-16"",""2026-09-17"",""2026-09-18"",""2026-09-21"",""2026-09-22""]","[0.0075757576,-0.0042964554,0.003236246,-0.0010752688,-0.0053821313,-0.0021645022,0.0097613883,0.0021482277,0.0,-0.011789925,-0.0021691974,0.002173913,-0.0065075922,0.0,-0.0098253275,-0.0099228225,0.0033407572,-0.0011098779,-0.0022222222,-0.0011135857]",0,[],KRX_OFFICIAL_STK_BYDD_TRD
002140,고려산업,2026-09-22,PRODUCTION_MANIFEST_BASIS_DATE,31,30,30,21,20,1.2898,OFFICIAL_KRX_PRICE_ELASTICITY_RECOVERABLE,TRUE,"[""2026-08-25"",""2026-08-26"",""2026-08-27"",""2026-08-28"",""2026-08-31"",""2026-09-01"",""2026-09-02"",""2026-09-03"",""2026-09-04"",""2026-09-07"",""2026-09-08"",""2026-09-09"",""2026-09-10"",""2026-09-11"",""2026-09-14"",""2026-09-15"",""2026-09-16"",""2026-09-17"",""2026-09-18"",""2026-09-21"",""2026-09-22""]","[""2026-08-26"",""2026-08-27"",""2026-08-28"",""2026-08-31"",""2026-09-01"",""2026-09-02"",""2026-09-03"",""2026-09-04"",""2026-09-07"",""2026-09-08"",""2026-09-09"",""2026-09-10"",""2026-09-11"",""2026-09-14"",""2026-09-15"",""2026-09-16"",""2026-09-17"",""2026-09-18"",""2026-09-21"",""2026-09-22""]","[-0.0168674699,0.0343137255,0.0379146919,-0.00456621,-0.0160550459,-0.034965035,-0.0048309179,0.0,-0.0072815534,-0.0024449878,0.0073529412,0.0072992701,0.0,-0.0169082126,0.0024570025,-0.0073529412,0.0049382716,-0.028992629,-0.0111336032,-0.0122824974]",0,[],KRX_OFFICIAL_STK_BYDD_TRD
002450,삼익악기,2026-09-22,PRODUCTION_MANIFEST_BASIS_DATE,31,30,30,21,20,0.7598,OFFICIAL_KRX_PRICE_ELASTICITY_RECOVERABLE,TRUE,"[""2026-08-25"",""2026-08-26"",""2026-08-27"",""2026-08-28"",""2026-08-31"",""2026-09-01"",""2026-09-02"",""2026-09-03"",""2026-09-04"",""2026-09-07"",""2026-09-08"",""2026-09-09"",""2026-09-10"",""2026-09-11"",""2026-09-14"",""2026-09-15"",""2026-09-16"",""2026-09-17"",""2026-09-18"",""2026-09-21"",""2026-09-22""]","[""2026-08-26"",""2026-08-27"",""2026-08-28"",""2026-08-31"",""2026-09-01"",""2026-09-02"",""2026-09-03"",""2026-09-04"",""2026-09-07"",""2026-09-08"",""2026-09-09"",""2026-09-10"",""2026-09-11"",""2026-09-14"",""2026-09-15"",""2026-09-16"",""2026-09-17"",""2026-09-18"",""2026-09-21"",""2026-09-22""]","[0.0117117117,0.0044523598,0.0132978723,0.0078740157,0.0086805556,-0.017211704,0.0087565674,0.0060763889,0.0069025022,-0.0034275921,-0.0163370593,-0.0061188811,-0.0052770449,-0.0079575597,-0.0124777184,0.0009025271,-0.0009017133,-0.0027075812,-0.0045248869,-0.0063636364]",0,[],KRX_OFFICIAL_STK_BYDD_TRD
002780,진흥기업,2026-09-22,PRODUCTION_MANIFEST_BASIS_DATE,31,30,30,21,20,44.5217,OFFICIAL_KRX_PRICE_ELASTICITY_RECOVERABLE,TRUE,"[""2026-08-25"",""2026-08-26"",""2026-08-27"",""2026-08-28"",""2026-08-31"",""2026-09-01"",""2026-09-02"",""2026-09-03"",""2026-09-04"",""2026-09-07"",""2026-09-08"",""2026-09-09"",""2026-09-10"",""2026-09-11"",""2026-09-14"",""2026-09-15"",""2026-09-16"",""2026-09-17"",""2026-09-18"",""2026-09-21"",""2026-09-22""]","[""2026-08-26"",""2026-08-27"",""2026-08-28"",""2026-08-31"",""2026-09-01"",""2026-09-02"",""2026-09-03"",""2026-09-04"",""2026-09-07"",""2026-09-08"",""2026-09-09"",""2026-09-10"",""2026-09-11"",""2026-09-14"",""2026-09-15"",""2026-09-16"",""2026-09-17"",""2026-09-18"",""2026-09-21"",""2026-09-22""]","[0.0,0.0,0.0,0.0,0.0,0.0,0.0,0.0,8.6803069054,-0.07001321,0.03125,0.0096418733,-0.0177353342,-0.0388888889,-0.0072254335,0.0029112082,0.0130624093,-0.0085959885,-0.0144508671,-0.0102639296]",0,[],KRX_OFFICIAL_STK_BYDD_TRD
002787,진흥기업2우B,2026-09-22,PRODUCTION_MANIFEST_BASIS_DATE,31,30,30,21,20,48.6104,OFFICIAL_KRX_PRICE_ELASTICITY_RECOVERABLE,TRUE,"[""2026-08-25"",""2026-08-26"",""2026-08-27"",""2026-08-28"",""2026-08-31"",""2026-09-01"",""2026-09-02"",""2026-09-03"",""2026-09-04"",""2026-09-07"",""2026-09-08"",""2026-09-09"",""2026-09-10"",""2026-09-11"",""2026-09-14"",""2026-09-15"",""2026-09-16"",""2026-09-17"",""2026-09-18"",""2026-09-21"",""2026-09-22""]","[""2026-08-26"",""2026-08-27"",""2026-08-28"",""2026-08-31"",""2026-09-01"",""2026-09-02"",""2026-09-03"",""2026-09-04"",""2026-09-07"",""2026-09-08"",""2026-09-09"",""2026-09-10"",""2026-09-11"",""2026-09-14"",""2026-09-15"",""2026-09-16"",""2026-09-17"",""2026-09-18"",""2026-09-21"",""2026-09-22""]","[0.0,0.0,0.0,0.0,0.0,0.0,0.0,0.0,8.6718480138,-0.0357142857,0.0740740741,-0.2362068966,0.1196388262,0.0443548387,-0.0193050193,-0.2992125984,0.0005617978,-0.0617630545,-0.1238779174,-0.0355191257]",0,[],KRX_OFFICIAL_STK_BYDD_TRD
003060,에이프로젠바이오로직스,2026-09-22,PRODUCTION_MANIFEST_BASIS_DATE,31,30,30,21,20,2.1602,OFFICIAL_KRX_PRICE_ELASTICITY_RECOVERABLE,TRUE,"[""2026-08-25"",""2026-08-26"",""2026-08-27"",""2026-08-28"",""2026-08-31"",""2026-09-01"",""2026-09-02"",""2026-09-03"",""2026-09-04"",""2026-09-07"",""2026-09-08"",""2026-09-09"",""2026-09-10"",""2026-09-11"",""2026-09-14"",""2026-09-15"",""2026-09-16"",""2026-09-17"",""2026-09-18"",""2026-09-21"",""2026-09-22""]","[""2026-08-26"",""2026-08-27"",""2026-08-28"",""2026-08-31"",""2026-09-01"",""2026-09-02"",""2026-09-03"",""2026-09-04"",""2026-09-07"",""2026-09-08"",""2026-09-09"",""2026-09-10"",""2026-09-11"",""2026-09-14"",""2026-09-15"",""2026-09-16"",""2026-09-17"",""2026-09-18"",""2026-09-21"",""2026-09-22""]","[-0.0533980583,-0.0353846154,-0.0127591707,-0.0306946688,-0.0344444444,0.002301496,-0.0086107922,0.04806022,0.0044198895,-0.0616061606,-0.0287221571,0.0084490042,0.0047875524,-0.0476474092,0.0256410256,0.0006097561,-0.0030469226,-0.0030562347,-0.0177805028,-0.0006242197]",0,[],KRX_OFFICIAL_STK_BYDD_TRD
003570,SNT다이내믹스,2026-09-22,PRODUCTION_MANIFEST_BASIS_DATE,31,30,30,21,20,2.0260,OFFICIAL_KRX_PRICE_ELASTICITY_RECOVERABLE,TRUE,"[""2026-08-25"",""2026-08-26"",""2026-08-27"",""2026-08-28"",""2026-08-31"",""2026-09-01"",""2026-09-02"",""2026-09-03"",""2026-09-04"",""2026-09-07"",""2026-09-08"",""2026-09-09"",""2026-09-10"",""2026-09-11"",""2026-09-14"",""2026-09-15"",""2026-09-16"",""2026-09-17"",""2026-09-18"",""2026-09-21"",""2026-09-22""]","[""2026-08-26"",""2026-08-27"",""2026-08-28"",""2026-08-31"",""2026-09-01"",""2026-09-02"",""2026-09-03"",""2026-09-04"",""2026-09-07"",""2026-09-08"",""2026-09-09"",""2026-09-10"",""2026-09-11"",""2026-09-14"",""2026-09-15"",""2026-09-16"",""2026-09-17"",""2026-09-18"",""2026-09-21"",""2026-09-22""]","[0.0351170569,0.0064620355,-0.0160513644,-0.044045677,-0.0136518771,-0.0259515571,0.0106571936,-0.0087873462,0.0319148936,-0.0154639175,0.0052356021,-0.0121527778,0.0105448155,-0.0173913043,-0.0230088496,-0.0199275362,0.0573012939,-0.0157342657,-0.0248667851,-0.0109289617]",0,[],KRX_OFFICIAL_STK_BYDD_TRD
003670,포스코퓨처엠,2026-09-22,PRODUCTION_MANIFEST_BASIS_DATE,31,30,30,21,20,3.4309,OFFICIAL_KRX_PRICE_ELASTICITY_RECOVERABLE,TRUE,"[""2026-08-25"",""2026-08-26"",""2026-08-27"",""2026-08-28"",""2026-08-31"",""2026-09-01"",""2026-09-02"",""2026-09-03"",""2026-09-04"",""2026-09-07"",""2026-09-08"",""2026-09-09"",""2026-09-10"",""2026-09-11"",""2026-09-14"",""2026-09-15"",""2026-09-16"",""2026-09-17"",""2026-09-18"",""2026-09-21"",""2026-09-22""]","[""2026-08-26"",""2026-08-27"",""2026-08-28"",""2026-08-31"",""2026-09-01"",""2026-09-02"",""2026-09-03"",""2026-09-04"",""2026-09-07"",""2026-09-08"",""2026-09-09"",""2026-09-10"",""2026-09-11"",""2026-09-14"",""2026-09-15"",""2026-09-16"",""2026-09-17"",""2026-09-18"",""2026-09-21"",""2026-09-22""]","[0.005363528,0.0906935388,0.0125,0.0762211487,-0.0458852868,-0.0799790904,0.0443181818,-0.0010881393,-0.0054466231,-0.0109529025,0.0636766334,0.0046850599,-0.0398963731,-0.0345385861,0.0581330352,-0.0058108822,-0.0318809777,0.0093304061,-0.0315388798,0.0342504211]",0,[],KRX_OFFICIAL_STK_BYDD_TRD
003780,진양산업,2026-09-22,PRODUCTION_MANIFEST_BASIS_DATE,31,30,30,21,20,1.6866,OFFICIAL_KRX_PRICE_ELASTICITY_RECOVERABLE,TRUE,"[""2026-08-25"",""2026-08-26"",""2026-08-27"",""2026-08-28"",""2026-08-31"",""2026-09-01"",""2026-09-02"",""2026-09-03"",""2026-09-04"",""2026-09-07"",""2026-09-08"",""2026-09-09"",""2026-09-10"",""2026-09-11"",""2026-09-14"",""2026-09-15"",""2026-09-16"",""2026-09-17"",""2026-09-18"",""2026-09-21"",""2026-09-22""]","[""2026-08-26"",""2026-08-27"",""2026-08-28"",""2026-08-31"",""2026-09-01"",""2026-09-02"",""2026-09-03"",""2026-09-04"",""2026-09-07"",""2026-09-08"",""2026-09-09"",""2026-09-10"",""2026-09-11"",""2026-09-14"",""2026-09-15"",""2026-09-16"",""2026-09-17"",""2026-09-18"",""2026-09-21"",""2026-09-22""]","[-0.0104986877,0.0185676393,0.0169270833,-0.0025608195,0.0051347882,-0.0076628352,-0.0128700129,0.0169491525,-0.0051282051,-0.0038659794,0.0090556274,0.0076923077,0.0012722646,-0.0050825921,0.0,0.030651341,0.1214374226,-0.0298342541,-0.0193621868,-0.012775842]",0,[],KRX_OFFICIAL_STK_BYDD_TRD
003830,대한화섬,2026-09-22,PRODUCTION_MANIFEST_BASIS_DATE,31,30,30,21,20,0.4864,OFFICIAL_KRX_PRICE_ELASTICITY_RECOVERABLE,TRUE,"[""2026-08-25"",""2026-08-26"",""2026-08-27"",""2026-08-28"",""2026-08-31"",""2026-09-01"",""2026-09-02"",""2026-09-03"",""2026-09-04"",""2026-09-07"",""2026-09-08"",""2026-09-09"",""2026-09-10"",""2026-09-11"",""2026-09-14"",""2026-09-15"",""2026-09-16"",""2026-09-17"",""2026-09-18"",""2026-09-21"",""2026-09-22""]","[""2026-08-26"",""2026-08-27"",""2026-08-28"",""2026-08-31"",""2026-09-01"",""2026-09-02"",""2026-09-03"",""2026-09-04"",""2026-09-07"",""2026-09-08"",""2026-09-09"",""2026-09-10"",""2026-09-11"",""2026-09-14"",""2026-09-15"",""2026-09-16"",""2026-09-17"",""2026-09-18"",""2026-09-21"",""2026-09-22""]","[0.0025974026,-0.0025906736,0.0086580087,0.008583691,-0.0110638298,-0.0189328744,-0.0052631579,0.012345679,-0.0026132404,-0.0017467249,-0.0008748906,0.0,0.0,-0.0008756567,0.0,0.0,0.0,-0.014022787,-0.0062222222,-0.0008944544]",0,[],KRX_OFFICIAL_STK_BYDD_TRD
003960,사조대림,2026-09-22,PRODUCTION_MANIFEST_BASIS_DATE,31,30,30,21,20,1.4469,OFFICIAL_KRX_PRICE_ELASTICITY_RECOVERABLE,TRUE,"[""2026-08-25"",""2026-08-26"",""2026-08-27"",""2026-08-28"",""2026-08-31"",""2026-09-01"",""2026-09-02"",""2026-09-03"",""2026-09-04"",""2026-09-07"",""2026-09-08"",""2026-09-09"",""2026-09-10"",""2026-09-11"",""2026-09-14"",""2026-09-15"",""2026-09-16"",""2026-09-17"",""2026-09-18"",""2026-09-21"",""2026-09-22""]","[""2026-08-26"",""2026-08-27"",""2026-08-28"",""2026-08-31"",""2026-09-01"",""2026-09-02"",""2026-09-03"",""2026-09-04"",""2026-09-07"",""2026-09-08"",""2026-09-09"",""2026-09-10"",""2026-09-11"",""2026-09-14"",""2026-09-15"",""2026-09-16"",""2026-09-17"",""2026-09-18"",""2026-09-21"",""2026-09-22""]","[0.0230642504,-0.0209339775,0.0197368421,0.0,-0.0016129032,-0.0080775444,-0.013029316,0.0165016502,-0.0373376623,-0.0151770658,-0.0119863014,0.0086655113,0.0051546392,-0.0102564103,-0.0103626943,-0.0314136126,0.0072072072,-0.0071556351,-0.0342342342,-0.0074626866]",0,[],KRX_OFFICIAL_STK_BYDD_TRD
004255,NPC우,2026-09-22,PRODUCTION_MANIFEST_BASIS_DATE,31,30,30,21,20,0.5800,OFFICIAL_KRX_PRICE_ELASTICITY_RECOVERABLE,TRUE,"[""2026-08-25"",""2026-08-26"",""2026-08-27"",""2026-08-28"",""2026-08-31"",""2026-09-01"",""2026-09-02"",""2026-09-03"",""2026-09-04"",""2026-09-07"",""2026-09-08"",""2026-09-09"",""2026-09-10"",""2026-09-11"",""2026-09-14"",""2026-09-15"",""2026-09-16"",""2026-09-17"",""2026-09-18"",""2026-09-21"",""2026-09-22""]","[""2026-08-26"",""2026-08-27"",""2026-08-28"",""2026-08-31"",""2026-09-01"",""2026-09-02"",""2026-09-03"",""2026-09-04"",""2026-09-07"",""2026-09-08"",""2026-09-09"",""2026-09-10"",""2026-09-11"",""2026-09-14"",""2026-09-15"",""2026-09-16"",""2026-09-17"",""2026-09-18"",""2026-09-21"",""2026-09-22""]","[-0.0005443658,0.0059912854,0.0,-0.0064970222,0.021253406,0.0053361793,0.0005307856,-0.0079575597,0.0085561497,-0.0047720042,-0.0069259457,0.0042918455,-0.000534188,-0.0037413148,-0.0064377682,0.0151187905,-0.0010638298,0.0101171459,-0.0026357406,-0.0036997886]",0,[],KRX_OFFICIAL_STK_BYDD_TRD
004310,현대약품,2026-09-22,PRODUCTION_MANIFEST_BASIS_DATE,31,30,30,21,20,5.7529,OFFICIAL_KRX_PRICE_ELASTICITY_RECOVERABLE,TRUE,"[""2026-08-25"",""2026-08-26"",""2026-08-27"",""2026-08-28"",""2026-08-31"",""2026-09-01"",""2026-09-02"",""2026-09-03"",""2026-09-04"",""2026-09-07"",""2026-09-08"",""2026-09-09"",""2026-09-10"",""2026-09-11"",""2026-09-14"",""2026-09-15"",""2026-09-16"",""2026-09-17"",""2026-09-18"",""2026-09-21"",""2026-09-22""]","[""2026-08-26"",""2026-08-27"",""2026-08-28"",""2026-08-31"",""2026-09-01"",""2026-09-02"",""2026-09-03"",""2026-09-04"",""2026-09-07"",""2026-09-08"",""2026-09-09"",""2026-09-10"",""2026-09-11"",""2026-09-14"",""2026-09-15"",""2026-09-16"",""2026-09-17"",""2026-09-18"",""2026-09-21"",""2026-09-22""]","[0.0218855219,-0.0098846787,0.0249584027,0.0357142857,0.2993730408,-0.0868516285,0.0145310436,0.03515625,0.0591194969,0.2399049881,-0.0134099617,-0.0514563107,0.0051177073,0.017311609,0.013013013,-0.0148221344,0.0531594784,-0.040952381,-0.0794438928,-0.0345199569]",0,[],KRX_OFFICIAL_STK_BYDD_TRD
004560,현대비앤지스틸,2026-09-22,PRODUCTION_MANIFEST_BASIS_DATE,31,30,30,21,20,1.0146,OFFICIAL_KRX_PRICE_ELASTICITY_RECOVERABLE,TRUE,"[""2026-08-25"",""2026-08-26"",""2026-08-27"",""2026-08-28"",""2026-08-31"",""2026-09-01"",""2026-09-02"",""2026-09-03"",""2026-09-04"",""2026-09-07"",""2026-09-08"",""2026-09-09"",""2026-09-10"",""2026-09-11"",""2026-09-14"",""2026-09-15"",""2026-09-16"",""2026-09-17"",""2026-09-18"",""2026-09-21"",""2026-09-22""]","[""2026-08-26"",""2026-08-27"",""2026-08-28"",""2026-08-31"",""2026-09-01"",""2026-09-02"",""2026-09-03"",""2026-09-04"",""2026-09-07"",""2026-09-08"",""2026-09-09"",""2026-09-10"",""2026-09-11"",""2026-09-14"",""2026-09-15"",""2026-09-16"",""2026-09-17"",""2026-09-18"",""2026-09-21"",""2026-09-22""]","[0.005982906,0.0016992353,-0.0008481764,-0.0076400679,-0.005988024,-0.0120481928,0.0095818815,0.0051768766,0.0034334764,0.002566296,0.0085324232,0.0152284264,-0.0016666667,0.0559265442,-0.0158102767,0.0040160643,0.024,-0.00390625,-0.0031372549,-0.0157356412]",0,[],KRX_OFFICIAL_STK_BYDD_TRD
004720,팜젠사이언스,2026-09-22,PRODUCTION_MANIFEST_BASIS_DATE,31,30,30,21,20,0.9990,OFFICIAL_KRX_PRICE_ELASTICITY_RECOVERABLE,TRUE,"[""2026-08-25"",""2026-08-26"",""2026-08-27"",""2026-08-28"",""2026-08-31"",""2026-09-01"",""2026-09-02"",""2026-09-03"",""2026-09-04"",""2026-09-07"",""2026-09-08"",""2026-09-09"",""2026-09-10"",""2026-09-11"",""2026-09-14"",""2026-09-15"",""2026-09-16"",""2026-09-17"",""2026-09-18"",""2026-09-21"",""2026-09-22""]","[""2026-08-26"",""2026-08-27"",""2026-08-28"",""2026-08-31"",""2026-09-01"",""2026-09-02"",""2026-09-03"",""2026-09-04"",""2026-09-07"",""2026-09-08"",""2026-09-09"",""2026-09-10"",""2026-09-11"",""2026-09-14"",""2026-09-15"",""2026-09-16"",""2026-09-17"",""2026-09-18"",""2026-09-21"",""2026-09-22""]","[-0.009202454,-0.0030959752,0.0108695652,-0.0030721966,0.001540832,-0.0276923077,-0.0063291139,-0.0222929936,-0.016286645,-0.0082781457,0.0016694491,0.0116666667,-0.0032948929,0.0016528926,-0.0198019802,-0.0286195286,0.0,-0.0121317158,-0.001754386,-0.0105448155]",0,[],KRX_OFFICIAL_STK_BYDD_TRD
005850,에스엘,2026-09-22,PRODUCTION_MANIFEST_BASIS_DATE,31,30,30,21,20,1.2257,OFFICIAL_KRX_PRICE_ELASTICITY_RECOVERABLE,TRUE,"[""2026-08-25"",""2026-08-26"",""2026-08-27"",""2026-08-28"",""2026-08-31"",""2026-09-01"",""2026-09-02"",""2026-09-03"",""2026-09-04"",""2026-09-07"",""2026-09-08"",""2026-09-09"",""2026-09-10"",""2026-09-11"",""2026-09-14"",""2026-09-15"",""2026-09-16"",""2026-09-17"",""2026-09-18"",""2026-09-21"",""2026-09-22""]","[""2026-08-26"",""2026-08-27"",""2026-08-28"",""2026-08-31"",""2026-09-01"",""2026-09-02"",""2026-09-03"",""2026-09-04"",""2026-09-07"",""2026-09-08"",""2026-09-09"",""2026-09-10"",""2026-09-11"",""2026-09-14"",""2026-09-15"",""2026-09-16"",""2026-09-17"",""2026-09-18"",""2026-09-21"",""2026-09-22""]","[-0.0093457944,-0.0075471698,-0.0038022814,0.0152671756,-0.0056390977,-0.0529300567,0.0139720559,0.0118110236,0.0097276265,-0.021194605,0.0059055118,0.0136986301,0.0077220077,-0.0268199234,-0.0019685039,-0.0078895464,0.0039761431,-0.0099009901,-0.015,-0.0010152284]",0,[],KRX_OFFICIAL_STK_BYDD_TRD
005950,이수화학,2026-09-22,PRODUCTION_MANIFEST_BASIS_DATE,31,30,30,21,20,2.3684,OFFICIAL_KRX_PRICE_ELASTICITY_RECOVERABLE,TRUE,"[""2026-08-25"",""2026-08-26"",""2026-08-27"",""2026-08-28"",""2026-08-31"",""2026-09-01"",""2026-09-02"",""2026-09-03"",""2026-09-04"",""2026-09-07"",""2026-09-08"",""2026-09-09"",""2026-09-10"",""2026-09-11"",""2026-09-14"",""2026-09-15"",""2026-09-16"",""2026-09-17"",""2026-09-18"",""2026-09-21"",""2026-09-22""]","[""2026-08-26"",""2026-08-27"",""2026-08-28"",""2026-08-31"",""2026-09-01"",""2026-09-02"",""2026-09-03"",""2026-09-04"",""2026-09-07"",""2026-09-08"",""2026-09-09"",""2026-09-10"",""2026-09-11"",""2026-09-14"",""2026-09-15"",""2026-09-16"",""2026-09-17"",""2026-09-18"",""2026-09-21"",""2026-09-22""]","[0.0177065767,-0.0157415079,0.0202020202,0.0057755776,0.0344544709,-0.1038858049,-0.0123893805,0.0555555556,-0.0050933786,0.0136518771,0.0193602694,-0.0396366639,-0.0232158212,-0.0272887324,0.0190045249,-0.0195381883,0.0,-0.0244565217,-0.0157845868,-0.0009433962]",0,[],KRX_OFFICIAL_STK_BYDD_TRD
006060,화승인더,2026-09-22,PRODUCTION_MANIFEST_BASIS_DATE,31,30,30,21,20,0.8779,OFFICIAL_KRX_PRICE_ELASTICITY_RECOVERABLE,TRUE,"[""2026-08-25"",""2026-08-26"",""2026-08-27"",""2026-08-28"",""2026-08-31"",""2026-09-01"",""2026-09-02"",""2026-09-03"",""2026-09-04"",""2026-09-07"",""2026-09-08"",""2026-09-09"",""2026-09-10"",""2026-09-11"",""2026-09-14"",""2026-09-15"",""2026-09-16"",""2026-09-17"",""2026-09-18"",""2026-09-21"",""2026-09-22""]","[""2026-08-26"",""2026-08-27"",""2026-08-28"",""2026-08-31"",""2026-09-01"",""2026-09-02"",""2026-09-03"",""2026-09-04"",""2026-09-07"",""2026-09-08"",""2026-09-09"",""2026-09-10"",""2026-09-11"",""2026-09-14"",""2026-09-15"",""2026-09-16"",""2026-09-17"",""2026-09-18"",""2026-09-21"",""2026-09-22""]","[0.0019685039,-0.0039292731,0.0118343195,-0.0155945419,0.0,-0.0198019802,0.0,-0.0080808081,-0.0061099796,-0.0081967213,0.0,-0.0020661157,-0.0041407867,0.0,0.0020790021,0.0020746888,-0.0144927536,-0.0336134454,-0.0326086957,-0.008988764]",0,[],KRX_OFFICIAL_STK_BYDD_TRD
006110,삼아알미늄,2026-09-22,PRODUCTION_MANIFEST_BASIS_DATE,31,30,30,21,20,3.0341,OFFICIAL_KRX_PRICE_ELASTICITY_RECOVERABLE,TRUE,"[""2026-08-25"",""2026-08-26"",""2026-08-27"",""2026-08-28"",""2026-08-31"",""2026-09-01"",""2026-09-02"",""2026-09-03"",""2026-09-04"",""2026-09-07"",""2026-09-08"",""2026-09-09"",""2026-09-10"",""2026-09-11"",""2026-09-14"",""2026-09-15"",""2026-09-16"",""2026-09-17"",""2026-09-18"",""2026-09-21"",""2026-09-22""]","[""2026-08-26"",""2026-08-27"",""2026-08-28"",""2026-08-31"",""2026-09-01"",""2026-09-02"",""2026-09-03"",""2026-09-04"",""2026-09-07"",""2026-09-08"",""2026-09-09"",""2026-09-10"",""2026-09-11"",""2026-09-14"",""2026-09-15"",""2026-09-16"",""2026-09-17"",""2026-09-18"",""2026-09-21"",""2026-09-22""]","[-0.0183639399,0.0952380952,0.0403726708,0.0671641791,-0.0083916084,-0.0366713681,0.0131771596,-0.0072254335,-0.0262008734,-0.0029895366,0.0074962519,-0.0580357143,-0.0552922591,-0.0066889632,-0.0067340067,-0.0169491525,0.0448275862,-0.0148514851,-0.05360134,-0.0265486726]",0,[],KRX_OFFICIAL_STK_BYDD_TRD
006200,한국전자홀딩스,2026-09-22,PRODUCTION_MANIFEST_BASIS_DATE,31,30,30,21,20,1.5338,OFFICIAL_KRX_PRICE_ELASTICITY_RECOVERABLE,TRUE,"[""2026-08-25"",""2026-08-26"",""2026-08-27"",""2026-08-28"",""2026-08-31"",""2026-09-01"",""2026-09-02"",""2026-09-03"",""2026-09-04"",""2026-09-07"",""2026-09-08"",""2026-09-09"",""2026-09-10"",""2026-09-11"",""2026-09-14"",""2026-09-15"",""2026-09-16"",""2026-09-17"",""2026-09-18"",""2026-09-21"",""2026-09-22""]","[""2026-08-26"",""2026-08-27"",""2026-08-28"",""2026-08-31"",""2026-09-01"",""2026-09-02"",""2026-09-03"",""2026-09-04"",""2026-09-07"",""2026-09-08"",""2026-09-09"",""2026-09-10"",""2026-09-11"",""2026-09-14"",""2026-09-15"",""2026-09-16"",""2026-09-17"",""2026-09-18"",""2026-09-21"",""2026-09-22""]","[0.0323951142,0.0005144033,0.0123393316,-0.0111731844,0.0,-0.0143810991,-0.0891089109,0.0228832952,-0.005033557,-0.0011242271,0.002813731,0.0185185185,0.0082644628,-0.0010928962,0.0164113786,0.052744887,-0.0086912065,0.0036101083,-0.0020554985,-0.0036045314]",0,[],KRX_OFFICIAL_STK_BYDD_TRD
006220,제주은행,2026-09-22,PRODUCTION_MANIFEST_BASIS_DATE,31,30,30,21,20,1.1694,OFFICIAL_KRX_PRICE_ELASTICITY_RECOVERABLE,TRUE,"[""2026-08-25"",""2026-08-26"",""2026-08-27"",""2026-08-28"",""2026-08-31"",""2026-09-01"",""2026-09-02"",""2026-09-03"",""2026-09-04"",""2026-09-07"",""2026-09-08"",""2026-09-09"",""2026-09-10"",""2026-09-11"",""2026-09-14"",""2026-09-15"",""2026-09-16"",""2026-09-17"",""2026-09-18"",""2026-09-21"",""2026-09-22""]","[""2026-08-26"",""2026-08-27"",""2026-08-28"",""2026-08-31"",""2026-09-01"",""2026-09-02"",""2026-09-03"",""2026-09-04"",""2026-09-07"",""2026-09-08"",""2026-09-09"",""2026-09-10"",""2026-09-11"",""2026-09-14"",""2026-09-15"",""2026-09-16"",""2026-09-17"",""2026-09-18"",""2026-09-21"",""2026-09-22""]","[0.010384216,0.0143884892,0.0020263425,0.0283114257,-0.0019665683,-0.0128078818,0.00499002,0.0,-0.005958292,-0.003996004,0.0,0.0100300903,0.0278053625,-0.0096618357,-0.0331707317,0.0201816347,-0.0257171118,-0.0121827411,-0.0061664954,-0.0041365047]",0,[],KRX_OFFICIAL_STK_BYDD_TRD
006340,대원전선,2026-09-22,PRODUCTION_MANIFEST_BASIS_DATE,31,30,30,21,20,2.4775,OFFICIAL_KRX_PRICE_ELASTICITY_RECOVERABLE,TRUE,"[""2026-08-25"",""2026-08-26"",""2026-08-27"",""2026-08-28"",""2026-08-31"",""2026-09-01"",""2026-09-02"",""2026-09-03"",""2026-09-04"",""2026-09-07"",""2026-09-08"",""2026-09-09"",""2026-09-10"",""2026-09-11"",""2026-09-14"",""2026-09-15"",""2026-09-16"",""2026-09-17"",""2026-09-18"",""2026-09-21"",""2026-09-22""]","[""2026-08-26"",""2026-08-27"",""2026-08-28"",""2026-08-31"",""2026-09-01"",""2026-09-02"",""2026-09-03"",""2026-09-04"",""2026-09-07"",""2026-09-08"",""2026-09-09"",""2026-09-10"",""2026-09-11"",""2026-09-14"",""2026-09-15"",""2026-09-16"",""2026-09-17"",""2026-09-18"",""2026-09-21"",""2026-09-22""]","[0.0225056264,0.0374174615,-0.0374823197,0.0007347539,-0.0249632893,-0.0414156627,-0.0227808327,0.0393890675,0.0278422274,-0.0180586907,0.0344827586,0.0022222222,-0.0251293422,-0.013646702,-0.0222905457,0.001572327,0.0094191523,0.0800933126,-0.0251979842,0.0088626292]",0,[],KRX_OFFICIAL_STK_BYDD_TRD
006490,프리티,2026-09-22,PRODUCTION_MANIFEST_BASIS_DATE,31,30,30,21,20,10.7068,OFFICIAL_KRX_PRICE_ELASTICITY_RECOVERABLE,TRUE,"[""2026-08-25"",""2026-08-26"",""2026-08-27"",""2026-08-28"",""2026-08-31"",""2026-09-01"",""2026-09-02"",""2026-09-03"",""2026-09-04"",""2026-09-07"",""2026-09-08"",""2026-09-09"",""2026-09-10"",""2026-09-11"",""2026-09-14"",""2026-09-15"",""2026-09-16"",""2026-09-17"",""2026-09-18"",""2026-09-21"",""2026-09-22""]","[""2026-08-26"",""2026-08-27"",""2026-08-28"",""2026-08-31"",""2026-09-01"",""2026-09-02"",""2026-09-03"",""2026-09-04"",""2026-09-07"",""2026-09-08"",""2026-09-09"",""2026-09-10"",""2026-09-11"",""2026-09-14"",""2026-09-15"",""2026-09-16"",""2026-09-17"",""2026-09-18"",""2026-09-21"",""2026-09-22""]","[0.0,0.0,0.0,0.0,0.0,0.0,0.0,0.0,0.0,0.0,0.0,1.0489977728,0.2989130435,0.0836820084,-0.1312741313,-0.0977777778,0.078817734,-0.299086758,-0.0390879479,-0.0637288136]",0,[],KRX_OFFICIAL_STK_BYDD_TRD
007610,선도전기,2026-09-22,PRODUCTION_MANIFEST_BASIS_DATE,31,30,30,21,20,3.4292,OFFICIAL_KRX_PRICE_ELASTICITY_RECOVERABLE,TRUE,"[""2026-08-25"",""2026-08-26"",""2026-08-27"",""2026-08-28"",""2026-08-31"",""2026-09-01"",""2026-09-02"",""2026-09-03"",""2026-09-04"",""2026-09-07"",""2026-09-08"",""2026-09-09"",""2026-09-10"",""2026-09-11"",""2026-09-14"",""2026-09-15"",""2026-09-16"",""2026-09-17"",""2026-09-18"",""2026-09-21"",""2026-09-22""]","[""2026-08-26"",""2026-08-27"",""2026-08-28"",""2026-08-31"",""2026-09-01"",""2026-09-02"",""2026-09-03"",""2026-09-04"",""2026-09-07"",""2026-09-08"",""2026-09-09"",""2026-09-10"",""2026-09-11"",""2026-09-14"",""2026-09-15"",""2026-09-16"",""2026-09-17"",""2026-09-18"",""2026-09-21"",""2026-09-22""]","[-0.00249066,0.0461922597,-0.0381861575,0.0024813896,-0.004950495,-0.0074626866,-0.030075188,0.0180878553,-0.0012690355,0.0114358323,0.0150753769,0.0272277228,-0.0240963855,-0.0308641975,-0.0318471338,0.0013157895,0.0,0.2996057819,-0.0455005056,-0.0476694915]",0,[],KRX_OFFICIAL_STK_BYDD_TRD
007700,F&F홀딩스,2026-09-22,PRODUCTION_MANIFEST_BASIS_DATE,31,30,30,21,20,1.0059,OFFICIAL_KRX_PRICE_ELASTICITY_RECOVERABLE,TRUE,"[""2026-08-25"",""2026-08-26"",""2026-08-27"",""2026-08-28"",""2026-08-31"",""2026-09-01"",""2026-09-02"",""2026-09-03"",""2026-09-04"",""2026-09-07"",""2026-09-08"",""2026-09-09"",""2026-09-10"",""2026-09-11"",""2026-09-14"",""2026-09-15"",""2026-09-16"",""2026-09-17"",""2026-09-18"",""2026-09-21"",""2026-09-22""]","[""2026-08-26"",""2026-08-27"",""2026-08-28"",""2026-08-31"",""2026-09-01"",""2026-09-02"",""2026-09-03"",""2026-09-04"",""2026-09-07"",""2026-09-08"",""2026-09-09"",""2026-09-10"",""2026-09-11"",""2026-09-14"",""2026-09-15"",""2026-09-16"",""2026-09-17"",""2026-09-18"",""2026-09-21"",""2026-09-22""]","[0.0084685956,-0.0202939118,0.035,-0.0089717046,0.0069637883,-0.0145228216,-0.0035087719,-0.0007042254,-0.0070472163,-0.0021291696,-0.0106685633,-0.0007189073,0.0071942446,0.0021428571,-0.017106201,-0.0210297317,0.0118518519,-0.0058565154,-0.0073637703,-0.0096439169]",0,[],KRX_OFFICIAL_STK_BYDD_TRD
008250,이건산업,2026-09-22,PRODUCTION_MANIFEST_BASIS_DATE,31,30,30,21,20,2.2016,OFFICIAL_KRX_PRICE_ELASTICITY_RECOVERABLE,TRUE,"[""2026-08-25"",""2026-08-26"",""2026-08-27"",""2026-08-28"",""2026-08-31"",""2026-09-01"",""2026-09-02"",""2026-09-03"",""2026-09-04"",""2026-09-07"",""2026-09-08"",""2026-09-09"",""2026-09-10"",""2026-09-11"",""2026-09-14"",""2026-09-15"",""2026-09-16"",""2026-09-17"",""2026-09-18"",""2026-09-21"",""2026-09-22""]","[""2026-08-26"",""2026-08-27"",""2026-08-28"",""2026-08-31"",""2026-09-01"",""2026-09-02"",""2026-09-03"",""2026-09-04"",""2026-09-07"",""2026-09-08"",""2026-09-09"",""2026-09-10"",""2026-09-11"",""2026-09-14"",""2026-09-15"",""2026-09-16"",""2026-09-17"",""2026-09-18"",""2026-09-21"",""2026-09-22""]","[-0.1066282421,0.0741935484,-0.0135135135,-0.0106544901,-0.0446153846,-0.0096618357,-0.0113821138,0.0263157895,0.0224358974,-0.0376175549,-0.0016286645,0.0195758564,0.0016,0.0127795527,-0.0078864353,0.0079491256,-0.0015772871,-0.0142180095,-0.0064102564,-0.0096774194]",0,[],KRX_OFFICIAL_STK_BYDD_TRD
009150,삼성전기,2026-09-22,PRODUCTION_MANIFEST_BASIS_DATE,31,30,30,21,20,3.0766,OFFICIAL_KRX_PRICE_ELASTICITY_RECOVERABLE,TRUE,"[""2026-08-25"",""2026-08-26"",""2026-08-27"",""2026-08-28"",""2026-08-31"",""2026-09-01"",""2026-09-02"",""2026-09-03"",""2026-09-04"",""2026-09-07"",""2026-09-08"",""2026-09-09"",""2026-09-10"",""2026-09-11"",""2026-09-14"",""2026-09-15"",""2026-09-16"",""2026-09-17"",""2026-09-18"",""2026-09-21"",""2026-09-22""]","[""2026-08-26"",""2026-08-27"",""2026-08-28"",""2026-08-31"",""2026-09-01"",""2026-09-02"",""2026-09-03"",""2026-09-04"",""2026-09-07"",""2026-09-08"",""2026-09-09"",""2026-09-10"",""2026-09-11"",""2026-09-14"",""2026-09-15"",""2026-09-16"",""2026-09-17"",""2026-09-18"",""2026-09-21"",""2026-09-22""]","[-0.0234948605,0.0413533835,0.0259927798,0.0260380014,-0.0192043896,-0.020979021,-0.0371428571,0.0393175074,0.0378301213,-0.0577716644,0.0248175182,-0.0028490028,0.0,-0.045,-0.0149588631,0.0485952923,-0.036929761,0.0436090226,0.0295389049,0.0398880336]",0,[],KRX_OFFICIAL_STK_BYDD_TRD
009420,한올바이오파마,2026-09-22,PRODUCTION_MANIFEST_BASIS_DATE,31,30,30,21,20,2.3520,OFFICIAL_KRX_PRICE_ELASTICITY_RECOVERABLE,TRUE,"[""2026-08-25"",""2026-08-26"",""2026-08-27"",""2026-08-28"",""2026-08-31"",""2026-09-01"",""2026-09-02"",""2026-09-03"",""2026-09-04"",""2026-09-07"",""2026-09-08"",""2026-09-09"",""2026-09-10"",""2026-09-11"",""2026-09-14"",""2026-09-15"",""2026-09-16"",""2026-09-17"",""2026-09-18"",""2026-09-21"",""2026-09-22""]","[""2026-08-26"",""2026-08-27"",""2026-08-28"",""2026-08-31"",""2026-09-01"",""2026-09-02"",""2026-09-03"",""2026-09-04"",""2026-09-07"",""2026-09-08"",""2026-09-09"",""2026-09-10"",""2026-09-11"",""2026-09-14"",""2026-09-15"",""2026-09-16"",""2026-09-17"",""2026-09-18"",""2026-09-21"",""2026-09-22""]","[0.0428336079,0.0157977883,0.0046656299,-0.0758513932,-0.0770519263,-0.001814882,-0.02,0.0148423006,0.0146252285,-0.0198198198,-0.0018382353,-0.0313075506,-0.0475285171,-0.0159680639,-0.014198783,-0.0174897119,0.0083769634,-0.010384216,-0.017838405,-0.0181623932]",0,[],KRX_OFFICIAL_STK_BYDD_TRD
009835,한화솔루션우,2026-09-22,PRODUCTION_MANIFEST_BASIS_DATE,31,30,30,21,20,1.1549,OFFICIAL_KRX_PRICE_ELASTICITY_RECOVERABLE,TRUE,"[""2026-08-25"",""2026-08-26"",""2026-08-27"",""2026-08-28"",""2026-08-31"",""2026-09-01"",""2026-09-02"",""2026-09-03"",""2026-09-04"",""2026-09-07"",""2026-09-08"",""2026-09-09"",""2026-09-10"",""2026-09-11"",""2026-09-14"",""2026-09-15"",""2026-09-16"",""2026-09-17"",""2026-09-18"",""2026-09-21"",""2026-09-22""]","[""2026-08-26"",""2026-08-27"",""2026-08-28"",""2026-08-31"",""2026-09-01"",""2026-09-02"",""2026-09-03"",""2026-09-04"",""2026-09-07"",""2026-09-08"",""2026-09-09"",""2026-09-10"",""2026-09-11"",""2026-09-14"",""2026-09-15"",""2026-09-16"",""2026-09-17"",""2026-09-18"",""2026-09-21"",""2026-09-22""]","[0.0275071633,-0.0105967652,0.0067643743,-0.0123180291,-0.0022675737,-0.0056818182,-0.0205714286,-0.0029171529,0.001170275,-0.0157802455,0.0267220903,-0.019664546,0.010619469,-0.014594279,-0.0029620853,-0.0071301248,0.0059844405,-0.003569304,-0.0041791045,-0.0299760192]",0,[],KRX_OFFICIAL_STK_BYDD_TRD
010120,LS ELECTRIC,2026-09-22,PRODUCTION_MANIFEST_BASIS_DATE,31,30,30,21,20,3.0343,OFFICIAL_KRX_PRICE_ELASTICITY_RECOVERABLE,TRUE,"[""2026-08-25"",""2026-08-26"",""2026-08-27"",""2026-08-28"",""2026-08-31"",""2026-09-01"",""2026-09-02"",""2026-09-03"",""2026-09-04"",""2026-09-07"",""2026-09-08"",""2026-09-09"",""2026-09-10"",""2026-09-11"",""2026-09-14"",""2026-09-15"",""2026-09-16"",""2026-09-17"",""2026-09-18"",""2026-09-21"",""2026-09-22""]","[""2026-08-26"",""2026-08-27"",""2026-08-28"",""2026-08-31"",""2026-09-01"",""2026-09-02"",""2026-09-03"",""2026-09-04"",""2026-09-07"",""2026-09-08"",""2026-09-09"",""2026-09-10"",""2026-09-11"",""2026-09-14"",""2026-09-15"",""2026-09-16"",""2026-09-17"",""2026-09-18"",""2026-09-21"",""2026-09-22""]","[0.0312180143,0.0893300248,-0.0227790433,-0.0326340326,-0.0144578313,-0.0430317848,-0.0183955033,0.0166579906,0.0599078341,-0.0314009662,0.0548628429,-0.0260047281,-0.0072815534,-0.0254278729,-0.0230807827,0.0241397021,0.0130391174,0.047029703,-0.011820331,0.014354067]",0,[],KRX_OFFICIAL_STK_BYDD_TRD
010640,진양폴리,2026-09-22,PRODUCTION_MANIFEST_BASIS_DATE,31,30,30,21,20,3.8366,OFFICIAL_KRX_PRICE_ELASTICITY_RECOVERABLE,TRUE,"[""2026-08-25"",""2026-08-26"",""2026-08-27"",""2026-08-28"",""2026-08-31"",""2026-09-01"",""2026-09-02"",""2026-09-03"",""2026-09-04"",""2026-09-07"",""2026-09-08"",""2026-09-09"",""2026-09-10"",""2026-09-11"",""2026-09-14"",""2026-09-15"",""2026-09-16"",""2026-09-17"",""2026-09-18"",""2026-09-21"",""2026-09-22""]","[""2026-08-26"",""2026-08-27"",""2026-08-28"",""2026-08-31"",""2026-09-01"",""2026-09-02"",""2026-09-03"",""2026-09-04"",""2026-09-07"",""2026-09-08"",""2026-09-09"",""2026-09-10"",""2026-09-11"",""2026-09-14"",""2026-09-15"",""2026-09-16"",""2026-09-17"",""2026-09-18"",""2026-09-21"",""2026-09-22""]","[0.0173110214,0.0850822462,0.1447987454,0.002283105,-0.0410022779,0.0403800475,-0.0068493151,-0.0252873563,-0.0518867925,-0.0348258706,-0.012371134,0.0005219207,-0.0067814293,-0.0399159664,0.0475929978,0.027154047,0.1133706151,-0.0365296804,-0.0260663507,-0.0072992701]",0,[],KRX_OFFICIAL_STK_BYDD_TRD
011150,CJ씨푸드,2026-09-22,PRODUCTION_MANIFEST_BASIS_DATE,31,30,30,21,20,0.8856,OFFICIAL_KRX_PRICE_ELASTICITY_RECOVERABLE,TRUE,"[""2026-08-25"",""2026-08-26"",""2026-08-27"",""2026-08-28"",""2026-08-31"",""2026-09-01"",""2026-09-02"",""2026-09-03"",""2026-09-04"",""2026-09-07"",""2026-09-08"",""2026-09-09"",""2026-09-10"",""2026-09-11"",""2026-09-14"",""2026-09-15"",""2026-09-16"",""2026-09-17"",""2026-09-18"",""2026-09-21"",""2026-09-22""]","[""2026-08-26"",""2026-08-27"",""2026-08-28"",""2026-08-31"",""2026-09-01"",""2026-09-02"",""2026-09-03"",""2026-09-04"",""2026-09-07"",""2026-09-08"",""2026-09-09"",""2026-09-10"",""2026-09-11"",""2026-09-14"",""2026-09-15"",""2026-09-16"",""2026-09-17"",""2026-09-18"",""2026-09-21"",""2026-09-22""]","[-0.0098280098,0.0074441687,0.0098522167,0.0,0.0,-0.0243902439,0.0025,-0.0054862843,0.0130391174,-0.0103960396,-0.0065032516,0.0146022155,-0.0049627792,-0.0089775561,-0.0161046804,-0.0148337596,0.0015576324,-0.0150336962,-0.0042105263,-0.0073995772]",0,[],KRX_OFFICIAL_STK_BYDD_TRD
011170,롯데케미칼,2026-09-22,PRODUCTION_MANIFEST_BASIS_DATE,31,30,30,21,20,2.9139,OFFICIAL_KRX_PRICE_ELASTICITY_RECOVERABLE,TRUE,"[""2026-08-25"",""2026-08-26"",""2026-08-27"",""2026-08-28"",""2026-08-31"",""2026-09-01"",""2026-09-02"",""2026-09-03"",""2026-09-04"",""2026-09-07"",""2026-09-08"",""2026-09-09"",""2026-09-10"",""2026-09-11"",""2026-09-14"",""2026-09-15"",""2026-09-16"",""2026-09-17"",""2026-09-18"",""2026-09-21"",""2026-09-22""]","[""2026-08-26"",""2026-08-27"",""2026-08-28"",""2026-08-31"",""2026-09-01"",""2026-09-02"",""2026-09-03"",""2026-09-04"",""2026-09-07"",""2026-09-08"",""2026-09-09"",""2026-09-10"",""2026-09-11"",""2026-09-14"",""2026-09-15"",""2026-09-16"",""2026-09-17"",""2026-09-18"",""2026-09-21"",""2026-09-22""]","[0.0382513661,0.0070175439,0.0365853659,-0.0067226891,0.0152284264,-0.045,0.0645724258,-0.0163934426,-0.02,-0.0238095238,0.181184669,-0.0309734513,-0.00304414,-0.0015267176,-0.0152905199,-0.0046583851,-0.031201248,0.0144927536,0.0095238095,-0.0172955975]",0,[],KRX_OFFICIAL_STK_BYDD_TRD
011760,현대코퍼레이션,2026-09-22,PRODUCTION_MANIFEST_BASIS_DATE,31,30,30,21,20,1.1169,OFFICIAL_KRX_PRICE_ELASTICITY_RECOVERABLE,TRUE,"[""2026-08-25"",""2026-08-26"",""2026-08-27"",""2026-08-28"",""2026-08-31"",""2026-09-01"",""2026-09-02"",""2026-09-03"",""2026-09-04"",""2026-09-07"",""2026-09-08"",""2026-09-09"",""2026-09-10"",""2026-09-11"",""2026-09-14"",""2026-09-15"",""2026-09-16"",""2026-09-17"",""2026-09-18"",""2026-09-21"",""2026-09-22""]","[""2026-08-26"",""2026-08-27"",""2026-08-28"",""2026-08-31"",""2026-09-01"",""2026-09-02"",""2026-09-03"",""2026-09-04"",""2026-09-07"",""2026-09-08"",""2026-09-09"",""2026-09-10"",""2026-09-11"",""2026-09-14"",""2026-09-15"",""2026-09-16"",""2026-09-17"",""2026-09-18"",""2026-09-21"",""2026-09-22""]","[0.023255814,-0.0284090909,0.007797271,-0.0077369439,0.0038986355,-0.0077669903,0.011741683,0.0096711799,-0.0057471264,-0.0077071291,0.0058252427,0.0173745174,0.0208728653,0.0074349442,-0.0110701107,-0.0093283582,0.0075329567,-0.0093457944,-0.0132075472,-0.0076481836]",0,[],KRX_OFFICIAL_STK_BYDD_TRD
011930,신성이엔지,2026-09-22,PRODUCTION_MANIFEST_BASIS_DATE,31,30,30,21,20,1.4628,OFFICIAL_KRX_PRICE_ELASTICITY_RECOVERABLE,TRUE,"[""2026-08-25"",""2026-08-26"",""2026-08-27"",""2026-08-28"",""2026-08-31"",""2026-09-01"",""2026-09-02"",""2026-09-03"",""2026-09-04"",""2026-09-07"",""2026-09-08"",""2026-09-09"",""2026-09-10"",""2026-09-11"",""2026-09-14"",""2026-09-15"",""2026-09-16"",""2026-09-17"",""2026-09-18"",""2026-09-21"",""2026-09-22""]","[""2026-08-26"",""2026-08-27"",""2026-08-28"",""2026-08-31"",""2026-09-01"",""2026-09-02"",""2026-09-03"",""2026-09-04"",""2026-09-07"",""2026-09-08"",""2026-09-09"",""2026-09-10"",""2026-09-11"",""2026-09-14"",""2026-09-15"",""2026-09-16"",""2026-09-17"",""2026-09-18"",""2026-09-21"",""2026-09-22""]","[0.0054512417,0.0162650602,0.0023710729,0.0094618569,-0.0128881078,-0.0267062315,-0.0317073171,0.0144836272,0.008069522,-0.0073891626,0.0161290323,0.014041514,-0.0258880193,-0.0191594561,0.0081915564,0.01125,0.0296662546,0.0138055222,-0.007696862,-0.0119331742]",0,[],KRX_OFFICIAL_STK_BYDD_TRD
012320,경동인베스트,2026-09-22,PRODUCTION_MANIFEST_BASIS_DATE,31,30,30,21,20,1.8331,OFFICIAL_KRX_PRICE_ELASTICITY_RECOVERABLE,TRUE,"[""2026-08-25"",""2026-08-26"",""2026-08-27"",""2026-08-28"",""2026-08-31"",""2026-09-01"",""2026-09-02"",""2026-09-03"",""2026-09-04"",""2026-09-07"",""2026-09-08"",""2026-09-09"",""2026-09-10"",""2026-09-11"",""2026-09-14"",""2026-09-15"",""2026-09-16"",""2026-09-17"",""2026-09-18"",""2026-09-21"",""2026-09-22""]","[""2026-08-26"",""2026-08-27"",""2026-08-28"",""2026-08-31"",""2026-09-01"",""2026-09-02"",""2026-09-03"",""2026-09-04"",""2026-09-07"",""2026-09-08"",""2026-09-09"",""2026-09-10"",""2026-09-11"",""2026-09-14"",""2026-09-15"",""2026-09-16"",""2026-09-17"",""2026-09-18"",""2026-09-21"",""2026-09-22""]","[0.0021097046,-0.0094736842,-0.0074388948,0.0246252677,-0.0010449321,-0.0271966527,0.0075268817,0.0117395945,0.0084388186,-0.0146443515,0.0010615711,-0.0180275716,0.0129589633,0.0746268657,-0.0376984127,-0.0175257732,0.0083945435,-0.0426638918,-0.0293478261,-0.0100783875]",0,[],KRX_OFFICIAL_STK_BYDD_TRD
012690,모나리자,2026-09-22,PRODUCTION_MANIFEST_BASIS_DATE,31,30,30,21,20,0.9126,OFFICIAL_KRX_PRICE_ELASTICITY_RECOVERABLE,TRUE,"[""2026-08-25"",""2026-08-26"",""2026-08-27"",""2026-08-28"",""2026-08-31"",""2026-09-01"",""2026-09-02"",""2026-09-03"",""2026-09-04"",""2026-09-07"",""2026-09-08"",""2026-09-09"",""2026-09-10"",""2026-09-11"",""2026-09-14"",""2026-09-15"",""2026-09-16"",""2026-09-17"",""2026-09-18"",""2026-09-21"",""2026-09-22""]","[""2026-08-26"",""2026-08-27"",""2026-08-28"",""2026-08-31"",""2026-09-01"",""2026-09-02"",""2026-09-03"",""2026-09-04"",""2026-09-07"",""2026-09-08"",""2026-09-09"",""2026-09-10"",""2026-09-11"",""2026-09-14"",""2026-09-15"",""2026-09-16"",""2026-09-17"",""2026-09-18"",""2026-09-21"",""2026-09-22""]","[0.0,-0.0047912389,0.030261348,0.0113484646,0.0145214521,-0.0351333767,0.0114632502,0.0026666667,-0.0079787234,-0.0006702413,-0.0053655265,-0.0053944707,-0.0108474576,-0.0054832077,0.0062026189,-0.0047945205,0.0006882312,-0.0034387895,-0.0172532781,-0.0042134831]",0,[],KRX_OFFICIAL_STK_BYDD_TRD
013520,화승코퍼레이션,2026-09-22,PRODUCTION_MANIFEST_BASIS_DATE,31,30,30,21,20,1.3135,OFFICIAL_KRX_PRICE_ELASTICITY_RECOVERABLE,TRUE,"[""2026-08-25"",""2026-08-26"",""2026-08-27"",""2026-08-28"",""2026-08-31"",""2026-09-01"",""2026-09-02"",""2026-09-03"",""2026-09-04"",""2026-09-07"",""2026-09-08"",""2026-09-09"",""2026-09-10"",""2026-09-11"",""2026-09-14"",""2026-09-15"",""2026-09-16"",""2026-09-17"",""2026-09-18"",""2026-09-21"",""2026-09-22""]","[""2026-08-26"",""2026-08-27"",""2026-08-28"",""2026-08-31"",""2026-09-01"",""2026-09-02"",""2026-09-03"",""2026-09-04"",""2026-09-07"",""2026-09-08"",""2026-09-09"",""2026-09-10"",""2026-09-11"",""2026-09-14"",""2026-09-15"",""2026-09-16"",""2026-09-17"",""2026-09-18"",""2026-09-21"",""2026-09-22""]","[0.0197628458,0.0135658915,0.0152963671,0.0131826742,-0.0148698885,-0.0037735849,-0.0189393939,-0.0077220077,0.0097276265,-0.0289017341,0.0099206349,-0.0196463654,0.0180360721,-0.0019685039,0.0019723866,-0.0098425197,0.013916501,-0.0078431373,-0.0256916996,-0.0081135903]",0,[],KRX_OFFICIAL_STK_BYDD_TRD
013580,계룡건설,2026-09-22,PRODUCTION_MANIFEST_BASIS_DATE,31,30,30,21,20,1.1282,OFFICIAL_KRX_PRICE_ELASTICITY_RECOVERABLE,TRUE,"[""2026-08-25"",""2026-08-26"",""2026-08-27"",""2026-08-28"",""2026-08-31"",""2026-09-01"",""2026-09-02"",""2026-09-03"",""2026-09-04"",""2026-09-07"",""2026-09-08"",""2026-09-09"",""2026-09-10"",""2026-09-11"",""2026-09-14"",""2026-09-15"",""2026-09-16"",""2026-09-17"",""2026-09-18"",""2026-09-21"",""2026-09-22""]","[""2026-08-26"",""2026-08-27"",""2026-08-28"",""2026-08-31"",""2026-09-01"",""2026-09-02"",""2026-09-03"",""2026-09-04"",""2026-09-07"",""2026-09-08"",""2026-09-09"",""2026-09-10"",""2026-09-11"",""2026-09-14"",""2026-09-15"",""2026-09-16"",""2026-09-17"",""2026-09-18"",""2026-09-21"",""2026-09-22""]","[0.0134228188,-0.0176600442,0.002247191,-0.033632287,-0.0116009281,-0.0023474178,0.0211764706,0.0138248848,0.0,0.0113636364,0.0,0.0134831461,0.0177383592,-0.0065359477,-0.0021929825,0.0,0.0087912088,0.0239651416,-0.0191489362,-0.0065075922]",0,[],KRX_OFFICIAL_STK_BYDD_TRD
013870,지엠비코리아,2026-09-22,PRODUCTION_MANIFEST_BASIS_DATE,31,30,30,21,20,0.6997,OFFICIAL_KRX_PRICE_ELASTICITY_RECOVERABLE,TRUE,"[""2026-08-25"",""2026-08-26"",""2026-08-27"",""2026-08-28"",""2026-08-31"",""2026-09-01"",""2026-09-02"",""2026-09-03"",""2026-09-04"",""2026-09-07"",""2026-09-08"",""2026-09-09"",""2026-09-10"",""2026-09-11"",""2026-09-14"",""2026-09-15"",""2026-09-16"",""2026-09-17"",""2026-09-18"",""2026-09-21"",""2026-09-22""]","[""2026-08-26"",""2026-08-27"",""2026-08-28"",""2026-08-31"",""2026-09-01"",""2026-09-02"",""2026-09-03"",""2026-09-04"",""2026-09-07"",""2026-09-08"",""2026-09-09"",""2026-09-10"",""2026-09-11"",""2026-09-14"",""2026-09-15"",""2026-09-16"",""2026-09-17"",""2026-09-18"",""2026-09-21"",""2026-09-22""]","[0.0155844156,-0.010230179,0.0051679587,0.0038560411,0.0217669654,-0.0325814536,-0.0051813472,0.0013020833,0.0078023407,-0.0064516129,-0.0038961039,-0.0078226858,0.0026281209,0.003931848,0.0,0.0,0.0039164491,-0.0052015605,-0.0013071895,-0.0013089005]",0,[],KRX_OFFICIAL_STK_BYDD_TRD
014530,극동유화,2026-09-22,PRODUCTION_MANIFEST_BASIS_DATE,31,30,30,21,20,0.8134,OFFICIAL_KRX_PRICE_ELASTICITY_RECOVERABLE,TRUE,"[""2026-08-25"",""2026-08-26"",""2026-08-27"",""2026-08-28"",""2026-08-31"",""2026-09-01"",""2026-09-02"",""2026-09-03"",""2026-09-04"",""2026-09-07"",""2026-09-08"",""2026-09-09"",""2026-09-10"",""2026-09-11"",""2026-09-14"",""2026-09-15"",""2026-09-16"",""2026-09-17"",""2026-09-18"",""2026-09-21"",""2026-09-22""]","[""2026-08-26"",""2026-08-27"",""2026-08-28"",""2026-08-31"",""2026-09-01"",""2026-09-02"",""2026-09-03"",""2026-09-04"",""2026-09-07"",""2026-09-08"",""2026-09-09"",""2026-09-10"",""2026-09-11"",""2026-09-14"",""2026-09-15"",""2026-09-16"",""2026-09-17"",""2026-09-18"",""2026-09-21"",""2026-09-22""]","[-0.0076569678,-0.0077160494,0.0062208398,-0.0030911901,0.0015503876,0.0,0.0,0.0046439628,-0.001540832,0.0030864198,0.0169230769,0.0332829047,0.0,-0.0146412884,0.0178306092,-0.0102189781,0.0,-0.0044247788,-0.0148148148,-0.015037594]",0,[],KRX_OFFICIAL_STK_BYDD_TRD
014710,사조씨푸드,2026-09-22,PRODUCTION_MANIFEST_BASIS_DATE,31,30,30,21,20,1.4685,OFFICIAL_KRX_PRICE_ELASTICITY_RECOVERABLE,TRUE,"[""2026-08-25"",""2026-08-26"",""2026-08-27"",""2026-08-28"",""2026-08-31"",""2026-09-01"",""2026-09-02"",""2026-09-03"",""2026-09-04"",""2026-09-07"",""2026-09-08"",""2026-09-09"",""2026-09-10"",""2026-09-11"",""2026-09-14"",""2026-09-15"",""2026-09-16"",""2026-09-17"",""2026-09-18"",""2026-09-21"",""2026-09-22""]","[""2026-08-26"",""2026-08-27"",""2026-08-28"",""2026-08-31"",""2026-09-01"",""2026-09-02"",""2026-09-03"",""2026-09-04"",""2026-09-07"",""2026-09-08"",""2026-09-09"",""2026-09-10"",""2026-09-11"",""2026-09-14"",""2026-09-15"",""2026-09-16"",""2026-09-17"",""2026-09-18"",""2026-09-21"",""2026-09-22""]","[0.0513347023,0.00390625,0.0311284047,-0.0094339623,-0.0047619048,0.004784689,0.0,-0.0028571429,0.041069723,-0.0348623853,0.0019011407,0.0009487666,0.0009478673,-0.0056818182,-0.0447619048,-0.000997009,0.003992016,-0.0149105368,-0.0030272452,-0.032388664]",0,[],KRX_OFFICIAL_STK_BYDD_TRD
014820,동원시스템즈,2026-09-22,PRODUCTION_MANIFEST_BASIS_DATE,31,30,30,21,20,1.6726,OFFICIAL_KRX_PRICE_ELASTICITY_RECOVERABLE,TRUE,"[""2026-08-25"",""2026-08-26"",""2026-08-27"",""2026-08-28"",""2026-08-31"",""2026-09-01"",""2026-09-02"",""2026-09-03"",""2026-09-04"",""2026-09-07"",""2026-09-08"",""2026-09-09"",""2026-09-10"",""2026-09-11"",""2026-09-14"",""2026-09-15"",""2026-09-16"",""2026-09-17"",""2026-09-18"",""2026-09-21"",""2026-09-22""]","[""2026-08-26"",""2026-08-27"",""2026-08-28"",""2026-08-31"",""2026-09-01"",""2026-09-02"",""2026-09-03"",""2026-09-04"",""2026-09-07"",""2026-09-08"",""2026-09-09"",""2026-09-10"",""2026-09-11"",""2026-09-14"",""2026-09-15"",""2026-09-16"",""2026-09-17"",""2026-09-18"",""2026-09-21"",""2026-09-22""]","[-0.0045558087,-0.0114416476,0.0393518519,0.0334075724,-0.0107758621,-0.0631808279,0.0325581395,-0.0225225225,0.0046082949,-0.0160550459,-0.0116550117,0.0212264151,-0.0115473441,-0.0023364486,-0.0093676815,0.0023640662,0.0141509434,-0.0093023256,-0.0117370892,-0.0023752969]",0,[],KRX_OFFICIAL_STK_BYDD_TRD
015260,에이엔피,2026-09-22,PRODUCTION_MANIFEST_BASIS_DATE,31,30,30,21,20,4.9020,OFFICIAL_KRX_PRICE_ELASTICITY_RECOVERABLE,TRUE,"[""2026-08-25"",""2026-08-26"",""2026-08-27"",""2026-08-28"",""2026-08-31"",""2026-09-01"",""2026-09-02"",""2026-09-03"",""2026-09-04"",""2026-09-07"",""2026-09-08"",""2026-09-09"",""2026-09-10"",""2026-09-11"",""2026-09-14"",""2026-09-15"",""2026-09-16"",""2026-09-17"",""2026-09-18"",""2026-09-21"",""2026-09-22""]","[""2026-08-26"",""2026-08-27"",""2026-08-28"",""2026-08-31"",""2026-09-01"",""2026-09-02"",""2026-09-03"",""2026-09-04"",""2026-09-07"",""2026-09-08"",""2026-09-09"",""2026-09-10"",""2026-09-11"",""2026-09-14"",""2026-09-15"",""2026-09-16"",""2026-09-17"",""2026-09-18"",""2026-09-21"",""2026-09-22""]","[-0.0344827586,-0.0321428571,0.0332103321,0.1392857143,-0.0344827586,-0.0746753247,-0.0210526316,-0.0286738351,0.2988929889,-0.0909090909,-0.053125,0.0,-0.0396039604,-0.0240549828,-0.0035211268,-0.0141342756,0.0,-0.0107526882,-0.0072463768,-0.0401459854]",0,[],KRX_OFFICIAL_STK_BYDD_TRD
017940,E1,2026-09-22,PRODUCTION_MANIFEST_BASIS_DATE,31,30,30,21,20,0.9683,OFFICIAL_KRX_PRICE_ELASTICITY_RECOVERABLE,TRUE,"[""2026-08-25"",""2026-08-26"",""2026-08-27"",""2026-08-28"",""2026-08-31"",""2026-09-01"",""2026-09-02"",""2026-09-03"",""2026-09-04"",""2026-09-07"",""2026-09-08"",""2026-09-09"",""2026-09-10"",""2026-09-11"",""2026-09-14"",""2026-09-15"",""2026-09-16"",""2026-09-17"",""2026-09-18"",""2026-09-21"",""2026-09-22""]","[""2026-08-26"",""2026-08-27"",""2026-08-28"",""2026-08-31"",""2026-09-01"",""2026-09-02"",""2026-09-03"",""2026-09-04"",""2026-09-07"",""2026-09-08"",""2026-09-09"",""2026-09-10"",""2026-09-11"",""2026-09-14"",""2026-09-15"",""2026-09-16"",""2026-09-17"",""2026-09-18"",""2026-09-21"",""2026-09-22""]","[0.0349576271,-0.0040941658,0.0041109969,-0.0061412487,0.0092687951,0.006122449,-0.0020283976,-0.0071138211,-0.0020470829,-0.0020512821,0.0113052415,0.0071138211,0.0030272452,-0.0030181087,-0.0312815338,-0.0208333333,0.0170212766,-0.0073221757,-0.0052687039,-0.0095338983]",0,[],KRX_OFFICIAL_STK_BYDD_TRD
020120,키다리스튜디오,2026-09-22,PRODUCTION_MANIFEST_BASIS_DATE,31,30,30,21,20,6.8334,OFFICIAL_KRX_PRICE_ELASTICITY_RECOVERABLE,TRUE,"[""2026-08-25"",""2026-08-26"",""2026-08-27"",""2026-08-28"",""2026-08-31"",""2026-09-01"",""2026-09-02"",""2026-09-03"",""2026-09-04"",""2026-09-07"",""2026-09-08"",""2026-09-09"",""2026-09-10"",""2026-09-11"",""2026-09-14"",""2026-09-15"",""2026-09-16"",""2026-09-17"",""2026-09-18"",""2026-09-21"",""2026-09-22""]","[""2026-08-26"",""2026-08-27"",""2026-08-28"",""2026-08-31"",""2026-09-01"",""2026-09-02"",""2026-09-03"",""2026-09-04"",""2026-09-07"",""2026-09-08"",""2026-09-09"",""2026-09-10"",""2026-09-11"",""2026-09-14"",""2026-09-15"",""2026-09-16"",""2026-09-17"",""2026-09-18"",""2026-09-21"",""2026-09-22""]","[-0.009009009,0.0545454545,0.0655172414,0.1310679612,0.0500715308,-0.0476839237,-0.1158798283,0.1650485437,-0.0236111111,-0.0611664296,0.2060606061,0.0552763819,-0.0357142857,0.1111111111,-0.0044444444,0.0022321429,0.0300668151,-0.0897297297,-0.0035629454,-0.10488677]",0,[],KRX_OFFICIAL_STK_BYDD_TRD
023810,인팩,2026-09-22,PRODUCTION_MANIFEST_BASIS_DATE,31,30,30,21,20,0.8927,OFFICIAL_KRX_PRICE_ELASTICITY_RECOVERABLE,TRUE,"[""2026-08-25"",""2026-08-26"",""2026-08-27"",""2026-08-28"",""2026-08-31"",""2026-09-01"",""2026-09-02"",""2026-09-03"",""2026-09-04"",""2026-09-07"",""2026-09-08"",""2026-09-09"",""2026-09-10"",""2026-09-11"",""2026-09-14"",""2026-09-15"",""2026-09-16"",""2026-09-17"",""2026-09-18"",""2026-09-21"",""2026-09-22""]","[""2026-08-26"",""2026-08-27"",""2026-08-28"",""2026-08-31"",""2026-09-01"",""2026-09-02"",""2026-09-03"",""2026-09-04"",""2026-09-07"",""2026-09-08"",""2026-09-09"",""2026-09-10"",""2026-09-11"",""2026-09-14"",""2026-09-15"",""2026-09-16"",""2026-09-17"",""2026-09-18"",""2026-09-21"",""2026-09-22""]","[0.0,-0.009596929,0.007751938,-0.0038461538,-0.0057915058,-0.0038834951,0.0175438596,-0.0076628352,-0.0173745174,0.0,0.0196463654,-0.0096339114,0.0,0.0019455253,-0.0155339806,0.0059171598,0.0294117647,-0.0019047619,-0.0133587786,-0.0077369439]",0,[],KRX_OFFICIAL_STK_BYDD_TRD
036580,팜스코,2026-09-22,PRODUCTION_MANIFEST_BASIS_DATE,31,30,30,21,20,1.6149,OFFICIAL_KRX_PRICE_ELASTICITY_RECOVERABLE,TRUE,"[""2026-08-25"",""2026-08-26"",""2026-08-27"",""2026-08-28"",""2026-08-31"",""2026-09-01"",""2026-09-02"",""2026-09-03"",""2026-09-04"",""2026-09-07"",""2026-09-08"",""2026-09-09"",""2026-09-10"",""2026-09-11"",""2026-09-14"",""2026-09-15"",""2026-09-16"",""2026-09-17"",""2026-09-18"",""2026-09-21"",""2026-09-22""]","[""2026-08-26"",""2026-08-27"",""2026-08-28"",""2026-08-31"",""2026-09-01"",""2026-09-02"",""2026-09-03"",""2026-09-04"",""2026-09-07"",""2026-09-08"",""2026-09-09"",""2026-09-10"",""2026-09-11"",""2026-09-14"",""2026-09-15"",""2026-09-16"",""2026-09-17"",""2026-09-18"",""2026-09-21"",""2026-09-22""]","[-0.0227272727,-0.0251937984,0.0079522863,0.0,-0.0039447732,-0.0158415842,0.0563380282,-0.0019047619,0.036259542,-0.0073664825,-0.0241187384,-0.0247148289,0.0136452242,0.0096153846,-0.0152380952,0.0135396518,-0.0190839695,-0.0058365759,-0.0136986301,-0.005952381]",0,[],KRX_OFFICIAL_STK_BYDD_TRD
042660,한화오션,2026-09-22,PRODUCTION_MANIFEST_BASIS_DATE,31,30,30,21,20,1.8118,OFFICIAL_KRX_PRICE_ELASTICITY_RECOVERABLE,TRUE,"[""2026-08-25"",""2026-08-26"",""2026-08-27"",""2026-08-28"",""2026-08-31"",""2026-09-01"",""2026-09-02"",""2026-09-03"",""2026-09-04"",""2026-09-07"",""2026-09-08"",""2026-09-09"",""2026-09-10"",""2026-09-11"",""2026-09-14"",""2026-09-15"",""2026-09-16"",""2026-09-17"",""2026-09-18"",""2026-09-21"",""2026-09-22""]","[""2026-08-26"",""2026-08-27"",""2026-08-28"",""2026-08-31"",""2026-09-01"",""2026-09-02"",""2026-09-03"",""2026-09-04"",""2026-09-07"",""2026-09-08"",""2026-09-09"",""2026-09-10"",""2026-09-11"",""2026-09-14"",""2026-09-15"",""2026-09-16"",""2026-09-17"",""2026-09-18"",""2026-09-21"",""2026-09-22""]","[0.0080831409,0.0263459336,-0.0122767857,-0.0056497175,-0.0011363636,-0.0671217292,0.0548780488,0.0034682081,0.0057603687,-0.0137457045,0.0232288037,-0.0295119183,0.0011695906,0.0035046729,-0.0407450524,-0.0133495146,0.0282902829,-0.0083732057,-0.0132689988,-0.0024449878]",0,[],KRX_OFFICIAL_STK_BYDD_TRD
051600,한전KPS,2026-09-22,PRODUCTION_MANIFEST_BASIS_DATE,31,30,30,21,20,1.7688,OFFICIAL_KRX_PRICE_ELASTICITY_RECOVERABLE,TRUE,"[""2026-08-25"",""2026-08-26"",""2026-08-27"",""2026-08-28"",""2026-08-31"",""2026-09-01"",""2026-09-02"",""2026-09-03"",""2026-09-04"",""2026-09-07"",""2026-09-08"",""2026-09-09"",""2026-09-10"",""2026-09-11"",""2026-09-14"",""2026-09-15"",""2026-09-16"",""2026-09-17"",""2026-09-18"",""2026-09-21"",""2026-09-22""]","[""2026-08-26"",""2026-08-27"",""2026-08-28"",""2026-08-31"",""2026-09-01"",""2026-09-02"",""2026-09-03"",""2026-09-04"",""2026-09-07"",""2026-09-08"",""2026-09-09"",""2026-09-10"",""2026-09-11"",""2026-09-14"",""2026-09-15"",""2026-09-16"",""2026-09-17"",""2026-09-18"",""2026-09-21"",""2026-09-22""]","[0.0291891892,-0.0147058824,0.0031982942,-0.0265674814,-0.0098253275,-0.0220507166,0.0214205186,0.0110375276,0.0338427948,0.0232312566,-0.0092879257,0.01875,0.0081799591,-0.0385395538,0.0042194093,-0.0168067227,0.0170940171,-0.0220588235,-0.0085929108,0.0151679307]",0,[],KRX_OFFICIAL_STK_BYDD_TRD
064400,LG씨엔에스,2026-09-22,PRODUCTION_MANIFEST_BASIS_DATE,31,30,30,21,20,1.7484,OFFICIAL_KRX_PRICE_ELASTICITY_RECOVERABLE,TRUE,"[""2026-08-25"",""2026-08-26"",""2026-08-27"",""2026-08-28"",""2026-08-31"",""2026-09-01"",""2026-09-02"",""2026-09-03"",""2026-09-04"",""2026-09-07"",""2026-09-08"",""2026-09-09"",""2026-09-10"",""2026-09-11"",""2026-09-14"",""2026-09-15"",""2026-09-16"",""2026-09-17"",""2026-09-18"",""2026-09-21"",""2026-09-22""]","[""2026-08-26"",""2026-08-27"",""2026-08-28"",""2026-08-31"",""2026-09-01"",""2026-09-02"",""2026-09-03"",""2026-09-04"",""2026-09-07"",""2026-09-08"",""2026-09-09"",""2026-09-10"",""2026-09-11"",""2026-09-14"",""2026-09-15"",""2026-09-16"",""2026-09-17"",""2026-09-18"",""2026-09-21"",""2026-09-22""]","[0.0150684932,0.004048583,0.0188172043,0.018469657,-0.018134715,-0.0171503958,-0.0268456376,0.0220689655,0.0296896086,-0.0380078637,-0.0177111717,0.0027739251,-0.0055325035,-0.016689847,0.0042432815,-0.0183098592,-0.0086083214,0.02170767,-0.0155807365,0.0302158273]",0,[],KRX_OFFICIAL_STK_BYDD_TRD
064960,SNT모티브,2026-09-22,PRODUCTION_MANIFEST_BASIS_DATE,31,30,30,21,20,1.5129,OFFICIAL_KRX_PRICE_ELASTICITY_RECOVERABLE,TRUE,"[""2026-08-25"",""2026-08-26"",""2026-08-27"",""2026-08-28"",""2026-08-31"",""2026-09-01"",""2026-09-02"",""2026-09-03"",""2026-09-04"",""2026-09-07"",""2026-09-08"",""2026-09-09"",""2026-09-10"",""2026-09-11"",""2026-09-14"",""2026-09-15"",""2026-09-16"",""2026-09-17"",""2026-09-18"",""2026-09-21"",""2026-09-22""]","[""2026-08-26"",""2026-08-27"",""2026-08-28"",""2026-08-31"",""2026-09-01"",""2026-09-02"",""2026-09-03"",""2026-09-04"",""2026-09-07"",""2026-09-08"",""2026-09-09"",""2026-09-10"",""2026-09-11"",""2026-09-14"",""2026-09-15"",""2026-09-16"",""2026-09-17"",""2026-09-18"",""2026-09-21"",""2026-09-22""]","[-0.0075471698,-0.0228136882,0.0058365759,0.0077369439,0.0211132438,-0.0338345865,0.0428015564,-0.0205223881,0.020952381,-0.0279850746,0.0038387716,0.0267686424,0.0,-0.0148975791,-0.0132325142,0.0,0.0038314176,-0.0152671756,-0.0096899225,-0.0039138943]",0,[],KRX_OFFICIAL_STK_BYDD_TRD
067830,세이브존I&C,2026-09-22,PRODUCTION_MANIFEST_BASIS_DATE,31,30,30,21,20,0.7774,OFFICIAL_KRX_PRICE_ELASTICITY_RECOVERABLE,TRUE,"[""2026-08-25"",""2026-08-26"",""2026-08-27"",""2026-08-28"",""2026-08-31"",""2026-09-01"",""2026-09-02"",""2026-09-03"",""2026-09-04"",""2026-09-07"",""2026-09-08"",""2026-09-09"",""2026-09-10"",""2026-09-11"",""2026-09-14"",""2026-09-15"",""2026-09-16"",""2026-09-17"",""2026-09-18"",""2026-09-21"",""2026-09-22""]","[""2026-08-26"",""2026-08-27"",""2026-08-28"",""2026-08-31"",""2026-09-01"",""2026-09-02"",""2026-09-03"",""2026-09-04"",""2026-09-07"",""2026-09-08"",""2026-09-09"",""2026-09-10"",""2026-09-11"",""2026-09-14"",""2026-09-15"",""2026-09-16"",""2026-09-17"",""2026-09-18"",""2026-09-21"",""2026-09-22""]","[0.0040816327,-0.0040650407,0.0040816327,0.006097561,-0.0121212121,-0.0327198364,0.0084566596,0.0062893082,0.0,0.0020833333,-0.0103950104,0.0084033613,0.0,0.0,-0.0083333333,0.0042016807,0.0020920502,-0.0041753653,-0.0335429769,-0.0043383948]",0,[],KRX_OFFICIAL_STK_BYDD_TRD
071950,코아스,2026-09-22,PRODUCTION_MANIFEST_BASIS_DATE,31,30,30,21,20,3.2801,OFFICIAL_KRX_PRICE_ELASTICITY_RECOVERABLE,TRUE,"[""2026-08-25"",""2026-08-26"",""2026-08-27"",""2026-08-28"",""2026-08-31"",""2026-09-01"",""2026-09-02"",""2026-09-03"",""2026-09-04"",""2026-09-07"",""2026-09-08"",""2026-09-09"",""2026-09-10"",""2026-09-11"",""2026-09-14"",""2026-09-15"",""2026-09-16"",""2026-09-17"",""2026-09-18"",""2026-09-21"",""2026-09-22""]","[""2026-08-26"",""2026-08-27"",""2026-08-28"",""2026-08-31"",""2026-09-01"",""2026-09-02"",""2026-09-03"",""2026-09-04"",""2026-09-07"",""2026-09-08"",""2026-09-09"",""2026-09-10"",""2026-09-11"",""2026-09-14"",""2026-09-15"",""2026-09-16"",""2026-09-17"",""2026-09-18"",""2026-09-21"",""2026-09-22""]","[-0.0148698885,0.0062893082,0.0375,0.034939759,0.0500582072,-0.0249445676,0.0443433769,-0.0010887316,0.0076294278,0.069226609,-0.0015174507,-0.0005065856,0.0516979219,-0.116626506,-0.0240043644,0.0899944103,-0.061025641,-0.0136537411,-0.0033222591,-0.0027777778]",0,[],KRX_OFFICIAL_STK_BYDD_TRD
075580,세진중공업,2026-09-22,PRODUCTION_MANIFEST_BASIS_DATE,31,30,30,21,20,1.4515,OFFICIAL_KRX_PRICE_ELASTICITY_RECOVERABLE,TRUE,"[""2026-08-25"",""2026-08-26"",""2026-08-27"",""2026-08-28"",""2026-08-31"",""2026-09-01"",""2026-09-02"",""2026-09-03"",""2026-09-04"",""2026-09-07"",""2026-09-08"",""2026-09-09"",""2026-09-10"",""2026-09-11"",""2026-09-14"",""2026-09-15"",""2026-09-16"",""2026-09-17"",""2026-09-18"",""2026-09-21"",""2026-09-22""]","[""2026-08-26"",""2026-08-27"",""2026-08-28"",""2026-08-31"",""2026-09-01"",""2026-09-02"",""2026-09-03"",""2026-09-04"",""2026-09-07"",""2026-09-08"",""2026-09-09"",""2026-09-10"",""2026-09-11"",""2026-09-14"",""2026-09-15"",""2026-09-16"",""2026-09-17"",""2026-09-18"",""2026-09-21"",""2026-09-22""]","[0.0123222749,0.0028089888,-0.0046685341,-0.0262664165,0.0057803468,-0.0536398467,0.0313765182,0.0088321884,0.0077821012,-0.0048262548,0.0135790495,-0.0066985646,0.0009633911,0.0009624639,-0.0278846154,-0.0108803165,0.039,-0.0028873917,-0.0193050193,-0.0098425197]",0,[],KRX_OFFICIAL_STK_BYDD_TRD
077970,STX엔진,2026-09-22,PRODUCTION_MANIFEST_BASIS_DATE,31,30,30,21,20,2.5454,OFFICIAL_KRX_PRICE_ELASTICITY_RECOVERABLE,TRUE,"[""2026-08-25"",""2026-08-26"",""2026-08-27"",""2026-08-28"",""2026-08-31"",""2026-09-01"",""2026-09-02"",""2026-09-03"",""2026-09-04"",""2026-09-07"",""2026-09-08"",""2026-09-09"",""2026-09-10"",""2026-09-11"",""2026-09-14"",""2026-09-15"",""2026-09-16"",""2026-09-17"",""2026-09-18"",""2026-09-21"",""2026-09-22""]","[""2026-08-26"",""2026-08-27"",""2026-08-28"",""2026-08-31"",""2026-09-01"",""2026-09-02"",""2026-09-03"",""2026-09-04"",""2026-09-07"",""2026-09-08"",""2026-09-09"",""2026-09-10"",""2026-09-11"",""2026-09-14"",""2026-09-15"",""2026-09-16"",""2026-09-17"",""2026-09-18"",""2026-09-21"",""2026-09-22""]","[0.0165289256,0.0650406504,-0.034351145,-0.0118577075,-0.006,-0.0663983903,0.0107758621,0.0042643923,0.0127388535,-0.0167714885,0.0405117271,-0.0040983607,0.0205761317,-0.0302419355,-0.0374220374,-0.0172786177,0.0593406593,-0.0248962656,-0.0191489362,-0.010845987]",0,[],KRX_OFFICIAL_STK_BYDD_TRD
078000,텔코웨어,2026-09-22,PRODUCTION_MANIFEST_BASIS_DATE,31,30,30,21,20,0.6961,OFFICIAL_KRX_PRICE_ELASTICITY_RECOVERABLE,TRUE,"[""2026-08-25"",""2026-08-26"",""2026-08-27"",""2026-08-28"",""2026-08-31"",""2026-09-01"",""2026-09-02"",""2026-09-03"",""2026-09-04"",""2026-09-07"",""2026-09-08"",""2026-09-09"",""2026-09-10"",""2026-09-11"",""2026-09-14"",""2026-09-15"",""2026-09-16"",""2026-09-17"",""2026-09-18"",""2026-09-21"",""2026-09-22""]","[""2026-08-26"",""2026-08-27"",""2026-08-28"",""2026-08-31"",""2026-09-01"",""2026-09-02"",""2026-09-03"",""2026-09-04"",""2026-09-07"",""2026-09-08"",""2026-09-09"",""2026-09-10"",""2026-09-11"",""2026-09-14"",""2026-09-15"",""2026-09-16"",""2026-09-17"",""2026-09-18"",""2026-09-21"",""2026-09-22""]","[0.0037878788,0.001509434,0.0097965335,0.0059701493,0.0007418398,-0.0014825797,-0.005939124,-0.002240478,0.003742515,0.0134228188,-0.0198675497,0.0225225225,-0.0014684288,-0.0073529412,-0.0096296296,0.0014958863,0.0097087379,-0.0022189349,-0.0014825797,-0.0148478099]",0,[],KRX_OFFICIAL_STK_BYDD_TRD
078935,GS우,2026-09-22,PRODUCTION_MANIFEST_BASIS_DATE,31,30,30,21,20,1.2015,OFFICIAL_KRX_PRICE_ELASTICITY_RECOVERABLE,TRUE,"[""2026-08-25"",""2026-08-26"",""2026-08-27"",""2026-08-28"",""2026-08-31"",""2026-09-01"",""2026-09-02"",""2026-09-03"",""2026-09-04"",""2026-09-07"",""2026-09-08"",""2026-09-09"",""2026-09-10"",""2026-09-11"",""2026-09-14"",""2026-09-15"",""2026-09-16"",""2026-09-17"",""2026-09-18"",""2026-09-21"",""2026-09-22""]","[""2026-08-26"",""2026-08-27"",""2026-08-28"",""2026-08-31"",""2026-09-01"",""2026-09-02"",""2026-09-03"",""2026-09-04"",""2026-09-07"",""2026-09-08"",""2026-09-09"",""2026-09-10"",""2026-09-11"",""2026-09-14"",""2026-09-15"",""2026-09-16"",""2026-09-17"",""2026-09-18"",""2026-09-21"",""2026-09-22""]","[0.0296875,-0.0197268589,0.0170278638,-0.00304414,-0.0106870229,-0.049382716,0.0048701299,0.01453958,-0.0015923567,-0.0015948963,-0.0047923323,-0.0192616372,0.0114566285,-0.0048543689,-0.006504065,-0.0065466448,0.0049423394,-0.0147540984,-0.0049916805,-0.0100334448]",0,[],KRX_OFFICIAL_STK_BYDD_TRD
084010,대한제강,2026-09-22,PRODUCTION_MANIFEST_BASIS_DATE,31,30,30,21,20,1.3713,OFFICIAL_KRX_PRICE_ELASTICITY_RECOVERABLE,TRUE,"[""2026-08-25"",""2026-08-26"",""2026-08-27"",""2026-08-28"",""2026-08-31"",""2026-09-01"",""2026-09-02"",""2026-09-03"",""2026-09-04"",""2026-09-07"",""2026-09-08"",""2026-09-09"",""2026-09-10"",""2026-09-11"",""2026-09-14"",""2026-09-15"",""2026-09-16"",""2026-09-17"",""2026-09-18"",""2026-09-21"",""2026-09-22""]","[""2026-08-26"",""2026-08-27"",""2026-08-28"",""2026-08-31"",""2026-09-01"",""2026-09-02"",""2026-09-03"",""2026-09-04"",""2026-09-07"",""2026-09-08"",""2026-09-09"",""2026-09-10"",""2026-09-11"",""2026-09-14"",""2026-09-15"",""2026-09-16"",""2026-09-17"",""2026-09-18"",""2026-09-21"",""2026-09-22""]","[0.001242236,0.0334987593,0.0108043217,0.0142517815,0.0152224824,-0.0092272203,0.0069848661,0.0023121387,-0.0138408304,0.0070175439,0.0104529617,-0.0057471264,0.0161849711,-0.0352673493,0.0035377358,-0.0223266745,0.0132211538,-0.0201660735,-0.0133171913,-0.0196319018]",0,[],KRX_OFFICIAL_STK_BYDD_TRD
086790,하나금융지주,2026-09-22,PRODUCTION_MANIFEST_BASIS_DATE,31,30,30,21,20,1.7391,OFFICIAL_KRX_PRICE_ELASTICITY_RECOVERABLE,TRUE,"[""2026-08-25"",""2026-08-26"",""2026-08-27"",""2026-08-28"",""2026-08-31"",""2026-09-01"",""2026-09-02"",""2026-09-03"",""2026-09-04"",""2026-09-07"",""2026-09-08"",""2026-09-09"",""2026-09-10"",""2026-09-11"",""2026-09-14"",""2026-09-15"",""2026-09-16"",""2026-09-17"",""2026-09-18"",""2026-09-21"",""2026-09-22""]","[""2026-08-26"",""2026-08-27"",""2026-08-28"",""2026-08-31"",""2026-09-01"",""2026-09-02"",""2026-09-03"",""2026-09-04"",""2026-09-07"",""2026-09-08"",""2026-09-09"",""2026-09-10"",""2026-09-11"",""2026-09-14"",""2026-09-15"",""2026-09-16"",""2026-09-17"",""2026-09-18"",""2026-09-21"",""2026-09-22""]","[0.0183486239,0.003003003,0.0179640719,0.0022058824,0.0080704329,-0.0181950509,0.0340993328,-0.0372759857,0.0342516754,-0.0151187905,-0.0204678363,0.0097014925,0.0184774575,0.0217706821,-0.0227272727,-0.0065406977,0.0058522312,-0.032,0.0195341848,0.002210759]",0,[],KRX_OFFICIAL_STK_BYDD_TRD
088260,이리츠코크렙,2026-09-22,PRODUCTION_MANIFEST_BASIS_DATE,31,30,30,21,20,0.7413,OFFICIAL_KRX_PRICE_ELASTICITY_RECOVERABLE,TRUE,"[""2026-08-25"",""2026-08-26"",""2026-08-27"",""2026-08-28"",""2026-08-31"",""2026-09-01"",""2026-09-02"",""2026-09-03"",""2026-09-04"",""2026-09-07"",""2026-09-08"",""2026-09-09"",""2026-09-10"",""2026-09-11"",""2026-09-14"",""2026-09-15"",""2026-09-16"",""2026-09-17"",""2026-09-18"",""2026-09-21"",""2026-09-22""]","[""2026-08-26"",""2026-08-27"",""2026-08-28"",""2026-08-31"",""2026-09-01"",""2026-09-02"",""2026-09-03"",""2026-09-04"",""2026-09-07"",""2026-09-08"",""2026-09-09"",""2026-09-10"",""2026-09-11"",""2026-09-14"",""2026-09-15"",""2026-09-16"",""2026-09-17"",""2026-09-18"",""2026-09-21"",""2026-09-22""]","[-0.0015797788,-0.0158227848,0.0241157556,0.0078492936,-0.0031152648,0.003125,-0.0031152648,0.0015625,-0.0046801872,-0.0078369906,0.0063191153,0.0047095761,0.0,0.0109375,0.0030911901,-0.0046224961,0.0185758514,0.0121580547,-0.012012012,-0.0030395137]",0,[],KRX_OFFICIAL_STK_BYDD_TRD
088350,한화생명,2026-09-22,PRODUCTION_MANIFEST_BASIS_DATE,31,30,30,21,20,2.8749,OFFICIAL_KRX_PRICE_ELASTICITY_RECOVERABLE,TRUE,"[""2026-08-25"",""2026-08-26"",""2026-08-27"",""2026-08-28"",""2026-08-31"",""2026-09-01"",""2026-09-02"",""2026-09-03"",""2026-09-04"",""2026-09-07"",""2026-09-08"",""2026-09-09"",""2026-09-10"",""2026-09-11"",""2026-09-14"",""2026-09-15"",""2026-09-16"",""2026-09-17"",""2026-09-18"",""2026-09-21"",""2026-09-22""]","[""2026-08-26"",""2026-08-27"",""2026-08-28"",""2026-08-31"",""2026-09-01"",""2026-09-02"",""2026-09-03"",""2026-09-04"",""2026-09-07"",""2026-09-08"",""2026-09-09"",""2026-09-10"",""2026-09-11"",""2026-09-14"",""2026-09-15"",""2026-09-16"",""2026-09-17"",""2026-09-18"",""2026-09-21"",""2026-09-22""]","[0.0391061453,-0.017921147,0.0857664234,-0.0302521008,0.0259965338,-0.0253378378,0.0589254766,-0.0605564648,0.0261324042,-0.0067911715,-0.0239316239,0.0472854641,0.0016722408,0.0050083472,-0.0083056478,-0.0217755444,0.029109589,-0.0249584027,-0.0136518771,-0.0224913495]",0,[],KRX_OFFICIAL_STK_BYDD_TRD
090080,평화산업,2026-09-22,PRODUCTION_MANIFEST_BASIS_DATE,31,30,30,21,20,0.8924,OFFICIAL_KRX_PRICE_ELASTICITY_RECOVERABLE,TRUE,"[""2026-08-25"",""2026-08-26"",""2026-08-27"",""2026-08-28"",""2026-08-31"",""2026-09-01"",""2026-09-02"",""2026-09-03"",""2026-09-04"",""2026-09-07"",""2026-09-08"",""2026-09-09"",""2026-09-10"",""2026-09-11"",""2026-09-14"",""2026-09-15"",""2026-09-16"",""2026-09-17"",""2026-09-18"",""2026-09-21"",""2026-09-22""]","[""2026-08-26"",""2026-08-27"",""2026-08-28"",""2026-08-31"",""2026-09-01"",""2026-09-02"",""2026-09-03"",""2026-09-04"",""2026-09-07"",""2026-09-08"",""2026-09-09"",""2026-09-10"",""2026-09-11"",""2026-09-14"",""2026-09-15"",""2026-09-16"",""2026-09-17"",""2026-09-18"",""2026-09-21"",""2026-09-22""]","[-0.0253658537,-0.029029029,0.0020618557,-0.0072016461,0.0196891192,-0.0091463415,-0.0071794872,0.0113636364,0.0051072523,0.0010162602,0.0162436548,0.005994006,-0.002979146,0.0009960159,0.0,-0.0029850746,0.002994012,-0.0139303483,-0.0060544904,-0.0091370558]",0,[],KRX_OFFICIAL_STK_BYDD_TRD
093370,후성,2026-09-22,PRODUCTION_MANIFEST_BASIS_DATE,31,30,30,21,20,2.6979,OFFICIAL_KRX_PRICE_ELASTICITY_RECOVERABLE,TRUE,"[""2026-08-25"",""2026-08-26"",""2026-08-27"",""2026-08-28"",""2026-08-31"",""2026-09-01"",""2026-09-02"",""2026-09-03"",""2026-09-04"",""2026-09-07"",""2026-09-08"",""2026-09-09"",""2026-09-10"",""2026-09-11"",""2026-09-14"",""2026-09-15"",""2026-09-16"",""2026-09-17"",""2026-09-18"",""2026-09-21"",""2026-09-22""]","[""2026-08-26"",""2026-08-27"",""2026-08-28"",""2026-08-31"",""2026-09-01"",""2026-09-02"",""2026-09-03"",""2026-09-04"",""2026-09-07"",""2026-09-08"",""2026-09-09"",""2026-09-10"",""2026-09-11"",""2026-09-14"",""2026-09-15"",""2026-09-16"",""2026-09-17"",""2026-09-18"",""2026-09-21"",""2026-09-22""]","[-0.0024077047,0.0506838294,-0.0413476263,0.0487220447,-0.0327494288,-0.0133858268,-0.0223463687,0.0204081633,0.032,0.0054263566,0.0292983809,-0.0082397004,0.0052870091,0.0601051841,0.0474840539,-0.0169147497,0.0192704749,-0.0087778528,-0.053133515,-0.0215827338]",0,[],KRX_OFFICIAL_STK_BYDD_TRD
095720,웅진씽크빅,2026-09-22,PRODUCTION_MANIFEST_BASIS_DATE,31,30,30,21,20,0.9086,OFFICIAL_KRX_PRICE_ELASTICITY_RECOVERABLE,TRUE,"[""2026-08-25"",""2026-08-26"",""2026-08-27"",""2026-08-28"",""2026-08-31"",""2026-09-01"",""2026-09-02"",""2026-09-03"",""2026-09-04"",""2026-09-07"",""2026-09-08"",""2026-09-09"",""2026-09-10"",""2026-09-11"",""2026-09-14"",""2026-09-15"",""2026-09-16"",""2026-09-17"",""2026-09-18"",""2026-09-21"",""2026-09-22""]","[""2026-08-26"",""2026-08-27"",""2026-08-28"",""2026-08-31"",""2026-09-01"",""2026-09-02"",""2026-09-03"",""2026-09-04"",""2026-09-07"",""2026-09-08"",""2026-09-09"",""2026-09-10"",""2026-09-11"",""2026-09-14"",""2026-09-15"",""2026-09-16"",""2026-09-17"",""2026-09-18"",""2026-09-21"",""2026-09-22""]","[0.0088638195,0.0103833866,0.0063241107,0.0015710919,0.0031372549,-0.0078186083,0.0007880221,-0.0070866142,0.044409199,-0.0007593014,0.0015197568,-0.0068285281,-0.0007639419,0.0,-0.000764526,-0.0359602142,0.0031746032,-0.0102848101,-0.0039968026,-0.0272873194]",0,[],KRX_OFFICIAL_STK_BYDD_TRD
097230,HJ중공업,2026-09-22,PRODUCTION_MANIFEST_BASIS_DATE,31,30,30,21,20,1.3080,OFFICIAL_KRX_PRICE_ELASTICITY_RECOVERABLE,TRUE,"[""2026-08-25"",""2026-08-26"",""2026-08-27"",""2026-08-28"",""2026-08-31"",""2026-09-01"",""2026-09-02"",""2026-09-03"",""2026-09-04"",""2026-09-07"",""2026-09-08"",""2026-09-09"",""2026-09-10"",""2026-09-11"",""2026-09-14"",""2026-09-15"",""2026-09-16"",""2026-09-17"",""2026-09-18"",""2026-09-21"",""2026-09-22""]","[""2026-08-26"",""2026-08-27"",""2026-08-28"",""2026-08-31"",""2026-09-01"",""2026-09-02"",""2026-09-03"",""2026-09-04"",""2026-09-07"",""2026-09-08"",""2026-09-09"",""2026-09-10"",""2026-09-11"",""2026-09-14"",""2026-09-15"",""2026-09-16"",""2026-09-17"",""2026-09-18"",""2026-09-21"",""2026-09-22""]","[0.0029394474,0.0058616647,0.0,-0.0198135198,-0.0190249703,-0.0351515152,0.0094221106,0.0024891101,-0.0161390441,-0.0082018927,0.0082697201,0.0,0.0088328076,-0.01438399,-0.0374365482,-0.0085695452,0.0332446809,-0.0045045045,-0.0174531351,-0.0098684211]",0,[],KRX_OFFICIAL_STK_BYDD_TRD
097520,엠씨넥스,2026-09-22,PRODUCTION_MANIFEST_BASIS_DATE,31,30,30,21,20,1.5550,OFFICIAL_KRX_PRICE_ELASTICITY_RECOVERABLE,TRUE,"[""2026-08-25"",""2026-08-26"",""2026-08-27"",""2026-08-28"",""2026-08-31"",""2026-09-01"",""2026-09-02"",""2026-09-03"",""2026-09-04"",""2026-09-07"",""2026-09-08"",""2026-09-09"",""2026-09-10"",""2026-09-11"",""2026-09-14"",""2026-09-15"",""2026-09-16"",""2026-09-17"",""2026-09-18"",""2026-09-21"",""2026-09-22""]","[""2026-08-26"",""2026-08-27"",""2026-08-28"",""2026-08-31"",""2026-09-01"",""2026-09-02"",""2026-09-03"",""2026-09-04"",""2026-09-07"",""2026-09-08"",""2026-09-09"",""2026-09-10"",""2026-09-11"",""2026-09-14"",""2026-09-15"",""2026-09-16"",""2026-09-17"",""2026-09-18"",""2026-09-21"",""2026-09-22""]","[0.015037594,-0.012345679,0.0075,0.0372208437,-0.0071770335,-0.0785542169,-0.0083682008,0.0042194093,0.0005252101,-0.0094488189,-0.0005299417,0.0212089077,-0.0166147456,0.005279831,-0.0168067227,0.0202991453,-0.0062827225,-0.0089567966,-0.0324295587,-0.0021978022]",0,[],KRX_OFFICIAL_STK_BYDD_TRD
100250,진양홀딩스,2026-09-22,PRODUCTION_MANIFEST_BASIS_DATE,31,30,30,21,20,0.3825,OFFICIAL_KRX_PRICE_ELASTICITY_RECOVERABLE,TRUE,"[""2026-08-25"",""2026-08-26"",""2026-08-27"",""2026-08-28"",""2026-08-31"",""2026-09-01"",""2026-09-02"",""2026-09-03"",""2026-09-04"",""2026-09-07"",""2026-09-08"",""2026-09-09"",""2026-09-10"",""2026-09-11"",""2026-09-14"",""2026-09-15"",""2026-09-16"",""2026-09-17"",""2026-09-18"",""2026-09-21"",""2026-09-22""]","[""2026-08-26"",""2026-08-27"",""2026-08-28"",""2026-08-31"",""2026-09-01"",""2026-09-02"",""2026-09-03"",""2026-09-04"",""2026-09-07"",""2026-09-08"",""2026-09-09"",""2026-09-10"",""2026-09-11"",""2026-09-14"",""2026-09-15"",""2026-09-16"",""2026-09-17"",""2026-09-18"",""2026-09-21"",""2026-09-22""]","[-0.0047095761,-0.0047318612,0.0015847861,0.0015822785,0.0015797788,-0.0015772871,-0.0031595577,0.0063391442,0.0,-0.0031496063,-0.0031595577,-0.0031695721,-0.0031796502,0.0015948963,-0.0095541401,-0.0048231511,0.0064620355,-0.0048154093,-0.0064516129,-0.0048701299]",0,[],KRX_OFFICIAL_STK_BYDD_TRD
102260,동성케미컬,2026-09-22,PRODUCTION_MANIFEST_BASIS_DATE,31,30,30,21,20,1.0731,OFFICIAL_KRX_PRICE_ELASTICITY_RECOVERABLE,TRUE,"[""2026-08-25"",""2026-08-26"",""2026-08-27"",""2026-08-28"",""2026-08-31"",""2026-09-01"",""2026-09-02"",""2026-09-03"",""2026-09-04"",""2026-09-07"",""2026-09-08"",""2026-09-09"",""2026-09-10"",""2026-09-11"",""2026-09-14"",""2026-09-15"",""2026-09-16"",""2026-09-17"",""2026-09-18"",""2026-09-21"",""2026-09-22""]","[""2026-08-26"",""2026-08-27"",""2026-08-28"",""2026-08-31"",""2026-09-01"",""2026-09-02"",""2026-09-03"",""2026-09-04"",""2026-09-07"",""2026-09-08"",""2026-09-09"",""2026-09-10"",""2026-09-11"",""2026-09-14"",""2026-09-15"",""2026-09-16"",""2026-09-17"",""2026-09-18"",""2026-09-21"",""2026-09-22""]","[0.012244898,-0.0067204301,0.0148849797,0.0053333333,0.0013262599,-0.0198675497,0.0135135135,0.0026666667,-0.0132978723,-0.0229110512,0.0234482759,0.0040431267,0.0067114094,-0.0053333333,-0.0134048257,-0.0054347826,0.0095628415,-0.00135318,-0.0311653117,-0.0013986014]",0,[],KRX_OFFICIAL_STK_BYDD_TRD
102460,이연제약,2026-09-22,PRODUCTION_MANIFEST_BASIS_DATE,31,30,30,21,20,0.5491,OFFICIAL_KRX_PRICE_ELASTICITY_RECOVERABLE,TRUE,"[""2026-08-25"",""2026-08-26"",""2026-08-27"",""2026-08-28"",""2026-08-31"",""2026-09-01"",""2026-09-02"",""2026-09-03"",""2026-09-04"",""2026-09-07"",""2026-09-08"",""2026-09-09"",""2026-09-10"",""2026-09-11"",""2026-09-14"",""2026-09-15"",""2026-09-16"",""2026-09-17"",""2026-09-18"",""2026-09-21"",""2026-09-22""]","[""2026-08-26"",""2026-08-27"",""2026-08-28"",""2026-08-31"",""2026-09-01"",""2026-09-02"",""2026-09-03"",""2026-09-04"",""2026-09-07"",""2026-09-08"",""2026-09-09"",""2026-09-10"",""2026-09-11"",""2026-09-14"",""2026-09-15"",""2026-09-16"",""2026-09-17"",""2026-09-18"",""2026-09-21"",""2026-09-22""]","[0.007992008,-0.017839445,0.0070635721,-0.002004008,-0.0010040161,0.0,-0.0040201005,0.0060544904,-0.0030090271,-0.0010060362,0.0080563948,0.007992008,-0.0049554014,-0.0019920319,-0.005988024,0.0110441767,0.0019860973,0.0049554014,-0.0049309665,-0.0079286422]",0,[],KRX_OFFICIAL_STK_BYDD_TRD
120110,코오롱인더,2026-09-22,PRODUCTION_MANIFEST_BASIS_DATE,31,30,30,21,20,2.9685,OFFICIAL_KRX_PRICE_ELASTICITY_RECOVERABLE,TRUE,"[""2026-08-25"",""2026-08-26"",""2026-08-27"",""2026-08-28"",""2026-08-31"",""2026-09-01"",""2026-09-02"",""2026-09-03"",""2026-09-04"",""2026-09-07"",""2026-09-08"",""2026-09-09"",""2026-09-10"",""2026-09-11"",""2026-09-14"",""2026-09-15"",""2026-09-16"",""2026-09-17"",""2026-09-18"",""2026-09-21"",""2026-09-22""]","[""2026-08-26"",""2026-08-27"",""2026-08-28"",""2026-08-31"",""2026-09-01"",""2026-09-02"",""2026-09-03"",""2026-09-04"",""2026-09-07"",""2026-09-08"",""2026-09-09"",""2026-09-10"",""2026-09-11"",""2026-09-14"",""2026-09-15"",""2026-09-16"",""2026-09-17"",""2026-09-18"",""2026-09-21"",""2026-09-22""]","[-0.0471014493,0.0076045627,0.0660377358,0.0530973451,-0.0100840336,-0.0441426146,0.0337477798,-0.0412371134,-0.0107526882,-0.0018115942,0.0326678766,-0.0369068541,0.0474452555,-0.0365853659,-0.0289330922,0.0018621974,0.0390334572,0.0161001789,0.0052816901,-0.0332749562]",0,[],KRX_OFFICIAL_STK_BYDD_TRD
145990,삼양사,2026-09-22,PRODUCTION_MANIFEST_BASIS_DATE,31,30,30,21,20,1.0567,OFFICIAL_KRX_PRICE_ELASTICITY_RECOVERABLE,TRUE,"[""2026-08-25"",""2026-08-26"",""2026-08-27"",""2026-08-28"",""2026-08-31"",""2026-09-01"",""2026-09-02"",""2026-09-03"",""2026-09-04"",""2026-09-07"",""2026-09-08"",""2026-09-09"",""2026-09-10"",""2026-09-11"",""2026-09-14"",""2026-09-15"",""2026-09-16"",""2026-09-17"",""2026-09-18"",""2026-09-21"",""2026-09-22""]","[""2026-08-26"",""2026-08-27"",""2026-08-28"",""2026-08-31"",""2026-09-01"",""2026-09-02"",""2026-09-03"",""2026-09-04"",""2026-09-07"",""2026-09-08"",""2026-09-09"",""2026-09-10"",""2026-09-11"",""2026-09-14"",""2026-09-15"",""2026-09-16"",""2026-09-17"",""2026-09-18"",""2026-09-21"",""2026-09-22""]","[0.0088105727,-0.0163755459,0.0199778024,0.0,0.0163220892,0.0064239829,0.0085106383,-0.0168776371,0.0096566524,0.0170031881,0.0020898642,0.0052137643,-0.0093360996,0.0073298429,-0.0124740125,0.0094736842,-0.0052137643,-0.0104821803,-0.0254237288,-0.0043478261]",0,[],KRX_OFFICIAL_STK_BYDD_TRD
210540,디와이파워,2026-09-22,PRODUCTION_MANIFEST_BASIS_DATE,31,30,30,21,20,0.7054,OFFICIAL_KRX_PRICE_ELASTICITY_RECOVERABLE,TRUE,"[""2026-08-25"",""2026-08-26"",""2026-08-27"",""2026-08-28"",""2026-08-31"",""2026-09-01"",""2026-09-02"",""2026-09-03"",""2026-09-04"",""2026-09-07"",""2026-09-08"",""2026-09-09"",""2026-09-10"",""2026-09-11"",""2026-09-14"",""2026-09-15"",""2026-09-16"",""2026-09-17"",""2026-09-18"",""2026-09-21"",""2026-09-22""]","[""2026-08-26"",""2026-08-27"",""2026-08-28"",""2026-08-31"",""2026-09-01"",""2026-09-02"",""2026-09-03"",""2026-09-04"",""2026-09-07"",""2026-09-08"",""2026-09-09"",""2026-09-10"",""2026-09-11"",""2026-09-14"",""2026-09-15"",""2026-09-16"",""2026-09-17"",""2026-09-18"",""2026-09-21"",""2026-09-22""]","[0.0130434783,-0.0025751073,0.0025817556,-0.0051502146,-0.0051768766,-0.0130095403,0.0158172232,-0.0017301038,0.0043327556,-0.0138050043,0.0043744532,-0.0174216028,0.0,0.0008865248,-0.0053144376,-0.0160284951,0.014479638,-0.0008920607,-0.0026785714,-0.0017905103]",0,[],KRX_OFFICIAL_STK_BYDD_TRD
213500,한솔제지,2026-09-22,PRODUCTION_MANIFEST_BASIS_DATE,31,30,30,21,20,0.5579,OFFICIAL_KRX_PRICE_ELASTICITY_RECOVERABLE,TRUE,"[""2026-08-25"",""2026-08-26"",""2026-08-27"",""2026-08-28"",""2026-08-31"",""2026-09-01"",""2026-09-02"",""2026-09-03"",""2026-09-04"",""2026-09-07"",""2026-09-08"",""2026-09-09"",""2026-09-10"",""2026-09-11"",""2026-09-14"",""2026-09-15"",""2026-09-16"",""2026-09-17"",""2026-09-18"",""2026-09-21"",""2026-09-22""]","[""2026-08-26"",""2026-08-27"",""2026-08-28"",""2026-08-31"",""2026-09-01"",""2026-09-02"",""2026-09-03"",""2026-09-04"",""2026-09-07"",""2026-09-08"",""2026-09-09"",""2026-09-10"",""2026-09-11"",""2026-09-14"",""2026-09-15"",""2026-09-16"",""2026-09-17"",""2026-09-18"",""2026-09-21"",""2026-09-22""]","[0.0,-0.004,0.0093708166,0.0159151194,-0.0104438642,-0.0065963061,-0.0079681275,0.0133868809,-0.0026420079,-0.0026490066,-0.005312085,0.0093457944,0.0,-0.003968254,-0.0079681275,0.0040160643,0.0026666667,-0.0013297872,-0.0013315579,-0.0026666667]",0,[],KRX_OFFICIAL_STK_BYDD_TRD
241590,화승엔터프라이즈,2026-09-22,PRODUCTION_MANIFEST_BASIS_DATE,31,30,30,21,20,0.9583,OFFICIAL_KRX_PRICE_ELASTICITY_RECOVERABLE,TRUE,"[""2026-08-25"",""2026-08-26"",""2026-08-27"",""2026-08-28"",""2026-08-31"",""2026-09-01"",""2026-09-02"",""2026-09-03"",""2026-09-04"",""2026-09-07"",""2026-09-08"",""2026-09-09"",""2026-09-10"",""2026-09-11"",""2026-09-14"",""2026-09-15"",""2026-09-16"",""2026-09-17"",""2026-09-18"",""2026-09-21"",""2026-09-22""]","[""2026-08-26"",""2026-08-27"",""2026-08-28"",""2026-08-31"",""2026-09-01"",""2026-09-02"",""2026-09-03"",""2026-09-04"",""2026-09-07"",""2026-09-08"",""2026-09-09"",""2026-09-10"",""2026-09-11"",""2026-09-14"",""2026-09-15"",""2026-09-16"",""2026-09-17"",""2026-09-18"",""2026-09-21"",""2026-09-22""]","[-0.0066777963,-0.0016806723,0.0218855219,-0.0164744646,0.0033500838,-0.0150250417,-0.0254237288,0.0017391304,-0.0017361111,0.0052173913,-0.0103806228,-0.0017482517,-0.0070052539,-0.0211640212,0.009009009,0.0035714286,-0.0035587189,-0.0053571429,-0.0053859964,-0.0252707581]",0,[],KRX_OFFICIAL_STK_BYDD_TRD
248170,샘표식품,2026-09-22,PRODUCTION_MANIFEST_BASIS_DATE,31,30,30,21,20,3.5118,OFFICIAL_KRX_PRICE_ELASTICITY_RECOVERABLE,TRUE,"[""2026-08-25"",""2026-08-26"",""2026-08-27"",""2026-08-28"",""2026-08-31"",""2026-09-01"",""2026-09-02"",""2026-09-03"",""2026-09-04"",""2026-09-07"",""2026-09-08"",""2026-09-09"",""2026-09-10"",""2026-09-11"",""2026-09-14"",""2026-09-15"",""2026-09-16"",""2026-09-17"",""2026-09-18"",""2026-09-21"",""2026-09-22""]","[""2026-08-26"",""2026-08-27"",""2026-08-28"",""2026-08-31"",""2026-09-01"",""2026-09-02"",""2026-09-03"",""2026-09-04"",""2026-09-07"",""2026-09-08"",""2026-09-09"",""2026-09-10"",""2026-09-11"",""2026-09-14"",""2026-09-15"",""2026-09-16"",""2026-09-17"",""2026-09-18"",""2026-09-21"",""2026-09-22""]","[-0.0021321962,-0.0256410256,0.0285087719,0.0,0.0021321962,-0.0170212766,-0.0043290043,0.0086956522,-0.0107758621,-0.0021786492,0.0131004367,0.2995689655,-0.1475953566,-0.0739299611,-0.0273109244,-0.0107991361,0.0,-0.0131004367,-0.0088495575,-0.0066964286]",0,[],KRX_OFFICIAL_STK_BYDD_TRD
249420,일동제약,2026-09-22,PRODUCTION_MANIFEST_BASIS_DATE,31,30,30,21,20,2.8922,OFFICIAL_KRX_PRICE_ELASTICITY_RECOVERABLE,TRUE,"[""2026-08-25"",""2026-08-26"",""2026-08-27"",""2026-08-28"",""2026-08-31"",""2026-09-01"",""2026-09-02"",""2026-09-03"",""2026-09-04"",""2026-09-07"",""2026-09-08"",""2026-09-09"",""2026-09-10"",""2026-09-11"",""2026-09-14"",""2026-09-15"",""2026-09-16"",""2026-09-17"",""2026-09-18"",""2026-09-21"",""2026-09-22""]","[""2026-08-26"",""2026-08-27"",""2026-08-28"",""2026-08-31"",""2026-09-01"",""2026-09-02"",""2026-09-03"",""2026-09-04"",""2026-09-07"",""2026-09-08"",""2026-09-09"",""2026-09-10"",""2026-09-11"",""2026-09-14"",""2026-09-15"",""2026-09-16"",""2026-09-17"",""2026-09-18"",""2026-09-21"",""2026-09-22""]","[0.0569219958,-0.045212766,0.0334261838,-0.0047169811,-0.0182802979,0.1372413793,-0.0842935112,-0.0046357616,0.000665336,0.0598404255,0.0,-0.026348808,-0.0128865979,-0.02154047,-0.0060040027,-0.0322147651,0.0027739251,-0.0096818811,-0.0125698324,-0.0091937765]",0,[],KRX_OFFICIAL_STK_BYDD_TRD
271560,오리온,2026-09-22,PRODUCTION_MANIFEST_BASIS_DATE,31,30,30,21,20,1.5286,OFFICIAL_KRX_PRICE_ELASTICITY_RECOVERABLE,TRUE,"[""2026-08-25"",""2026-08-26"",""2026-08-27"",""2026-08-28"",""2026-08-31"",""2026-09-01"",""2026-09-02"",""2026-09-03"",""2026-09-04"",""2026-09-07"",""2026-09-08"",""2026-09-09"",""2026-09-10"",""2026-09-11"",""2026-09-14"",""2026-09-15"",""2026-09-16"",""2026-09-17"",""2026-09-18"",""2026-09-21"",""2026-09-22""]","[""2026-08-26"",""2026-08-27"",""2026-08-28"",""2026-08-31"",""2026-09-01"",""2026-09-02"",""2026-09-03"",""2026-09-04"",""2026-09-07"",""2026-09-08"",""2026-09-09"",""2026-09-10"",""2026-09-11"",""2026-09-14"",""2026-09-15"",""2026-09-16"",""2026-09-17"",""2026-09-18"",""2026-09-21"",""2026-09-22""]","[0.0181531176,-0.0217054264,0.0261489699,0.0038610039,-0.0023076923,-0.0169622205,0.0141176471,-0.0232018561,-0.026128266,-0.0154471545,-0.0090834021,0.0008333333,-0.0066611157,-0.0335289187,0.0060711188,-0.0396551724,0.0188509874,-0.0176211454,-0.002690583,-0.0026978417]",0,[],KRX_OFFICIAL_STK_BYDD_TRD
271980,제일약품,2026-09-22,PRODUCTION_MANIFEST_BASIS_DATE,31,30,30,21,20,1.4887,OFFICIAL_KRX_PRICE_ELASTICITY_RECOVERABLE,TRUE,"[""2026-08-25"",""2026-08-26"",""2026-08-27"",""2026-08-28"",""2026-08-31"",""2026-09-01"",""2026-09-02"",""2026-09-03"",""2026-09-04"",""2026-09-07"",""2026-09-08"",""2026-09-09"",""2026-09-10"",""2026-09-11"",""2026-09-14"",""2026-09-15"",""2026-09-16"",""2026-09-17"",""2026-09-18"",""2026-09-21"",""2026-09-22""]","[""2026-08-26"",""2026-08-27"",""2026-08-28"",""2026-08-31"",""2026-09-01"",""2026-09-02"",""2026-09-03"",""2026-09-04"",""2026-09-07"",""2026-09-08"",""2026-09-09"",""2026-09-10"",""2026-09-11"",""2026-09-14"",""2026-09-15"",""2026-09-16"",""2026-09-17"",""2026-09-18"",""2026-09-21"",""2026-09-22""]","[-0.0138067061,0.001,0.008991009,0.0574257426,0.0683520599,-0.0455740578,-0.0101010101,-0.0241187384,-0.0019011407,-0.0123809524,-0.0028929605,-0.0174081238,-0.0059055118,-0.0079207921,0.003992016,-0.0049701789,0.000999001,-0.005988024,-0.0020080321,-0.0020120724]",0,[],KRX_OFFICIAL_STK_BYDD_TRD
272210,한화시스템,2026-09-22,PRODUCTION_MANIFEST_BASIS_DATE,31,30,30,21,20,3.5098,OFFICIAL_KRX_PRICE_ELASTICITY_RECOVERABLE,TRUE,"[""2026-08-25"",""2026-08-26"",""2026-08-27"",""2026-08-28"",""2026-08-31"",""2026-09-01"",""2026-09-02"",""2026-09-03"",""2026-09-04"",""2026-09-07"",""2026-09-08"",""2026-09-09"",""2026-09-10"",""2026-09-11"",""2026-09-14"",""2026-09-15"",""2026-09-16"",""2026-09-17"",""2026-09-18"",""2026-09-21"",""2026-09-22""]","[""2026-08-26"",""2026-08-27"",""2026-08-28"",""2026-08-31"",""2026-09-01"",""2026-09-02"",""2026-09-03"",""2026-09-04"",""2026-09-07"",""2026-09-08"",""2026-09-09"",""2026-09-10"",""2026-09-11"",""2026-09-14"",""2026-09-15"",""2026-09-16"",""2026-09-17"",""2026-09-18"",""2026-09-21"",""2026-09-22""]","[0.0096286107,0.0613079019,-0.026957638,-0.0343007916,-0.0355191257,-0.052407932,0.0164424514,0.0117647059,0.0261627907,-0.0127478754,0.0200860832,0.0182841069,-0.020718232,0.0578279267,-0.0706666667,-0.0129124821,0.1264534884,0.0322580645,-0.04375,0.0117647059]",0,[],KRX_OFFICIAL_STK_BYDD_TRD
298040,효성중공업,2026-09-22,PRODUCTION_MANIFEST_BASIS_DATE,31,30,30,21,20,3.1094,OFFICIAL_KRX_PRICE_ELASTICITY_RECOVERABLE,TRUE,"[""2026-08-25"",""2026-08-26"",""2026-08-27"",""2026-08-28"",""2026-08-31"",""2026-09-01"",""2026-09-02"",""2026-09-03"",""2026-09-04"",""2026-09-07"",""2026-09-08"",""2026-09-09"",""2026-09-10"",""2026-09-11"",""2026-09-14"",""2026-09-15"",""2026-09-16"",""2026-09-17"",""2026-09-18"",""2026-09-21"",""2026-09-22""]","[""2026-08-26"",""2026-08-27"",""2026-08-28"",""2026-08-31"",""2026-09-01"",""2026-09-02"",""2026-09-03"",""2026-09-04"",""2026-09-07"",""2026-09-08"",""2026-09-09"",""2026-09-10"",""2026-09-11"",""2026-09-14"",""2026-09-15"",""2026-09-16"",""2026-09-17"",""2026-09-18"",""2026-09-21"",""2026-09-22""]","[0.0152450091,0.1008223096,0.0240337772,-0.0602600698,-0.0158623017,-0.0517832647,-0.0144665461,0.0025688073,0.0852855051,-0.0441821248,0.0342272406,-0.0136472194,-0.0127983397,-0.0178696566,-0.04067071,0.0435105987,0.0196008553,0.0188745194,0.0006861063,-0.0054850874]",0,[],KRX_OFFICIAL_STK_BYDD_TRD
298050,HS효성첨단소재,2026-09-22,PRODUCTION_MANIFEST_BASIS_DATE,31,30,30,21,20,1.1539,OFFICIAL_KRX_PRICE_ELASTICITY_RECOVERABLE,TRUE,"[""2026-08-25"",""2026-08-26"",""2026-08-27"",""2026-08-28"",""2026-08-31"",""2026-09-01"",""2026-09-02"",""2026-09-03"",""2026-09-04"",""2026-09-07"",""2026-09-08"",""2026-09-09"",""2026-09-10"",""2026-09-11"",""2026-09-14"",""2026-09-15"",""2026-09-16"",""2026-09-17"",""2026-09-18"",""2026-09-21"",""2026-09-22""]","[""2026-08-26"",""2026-08-27"",""2026-08-28"",""2026-08-31"",""2026-09-01"",""2026-09-02"",""2026-09-03"",""2026-09-04"",""2026-09-07"",""2026-09-08"",""2026-09-09"",""2026-09-10"",""2026-09-11"",""2026-09-14"",""2026-09-15"",""2026-09-16"",""2026-09-17"",""2026-09-18"",""2026-09-21"",""2026-09-22""]","[0.0196311719,0.0,0.0431738623,0.0055928412,-0.0172413793,-0.0141482739,0.0063145809,-0.0142612664,-0.0046296296,-0.0069767442,0.0099531616,-0.0052173913,0.0029137529,-0.0046484602,-0.0192644483,0.0023809524,-0.0029691211,-0.0238237046,-0.0170835876,-0.0105524519]",0,[],KRX_OFFICIAL_STK_BYDD_TRD
326030,SK바이오팜,2026-09-22,PRODUCTION_MANIFEST_BASIS_DATE,31,30,30,21,20,1.7259,OFFICIAL_KRX_PRICE_ELASTICITY_RECOVERABLE,TRUE,"[""2026-08-25"",""2026-08-26"",""2026-08-27"",""2026-08-28"",""2026-08-31"",""2026-09-01"",""2026-09-02"",""2026-09-03"",""2026-09-04"",""2026-09-07"",""2026-09-08"",""2026-09-09"",""2026-09-10"",""2026-09-11"",""2026-09-14"",""2026-09-15"",""2026-09-16"",""2026-09-17"",""2026-09-18"",""2026-09-21"",""2026-09-22""]","[""2026-08-26"",""2026-08-27"",""2026-08-28"",""2026-08-31"",""2026-09-01"",""2026-09-02"",""2026-09-03"",""2026-09-04"",""2026-09-07"",""2026-09-08"",""2026-09-09"",""2026-09-10"",""2026-09-11"",""2026-09-14"",""2026-09-15"",""2026-09-16"",""2026-09-17"",""2026-09-18"",""2026-09-21"",""2026-09-22""]","[0.0853080569,-0.03930131,0.0,-0.0079545455,0.0194730813,-0.0303370787,0.0011587486,0.0023148148,-0.0184757506,-0.0211764706,0.0072115385,-0.0047732697,-0.0479616307,-0.0037783375,-0.012642225,0.0012804097,0.0127877238,-0.0189393939,-0.0012870013,-0.0090206186]",0,[],KRX_OFFICIAL_STK_BYDD_TRD
363280,티와이홀딩스,2026-09-22,PRODUCTION_MANIFEST_BASIS_DATE,31,30,30,21,20,0.8551,OFFICIAL_KRX_PRICE_ELASTICITY_RECOVERABLE,TRUE,"[""2026-08-25"",""2026-08-26"",""2026-08-27"",""2026-08-28"",""2026-08-31"",""2026-09-01"",""2026-09-02"",""2026-09-03"",""2026-09-04"",""2026-09-07"",""2026-09-08"",""2026-09-09"",""2026-09-10"",""2026-09-11"",""2026-09-14"",""2026-09-15"",""2026-09-16"",""2026-09-17"",""2026-09-18"",""2026-09-21"",""2026-09-22""]","[""2026-08-26"",""2026-08-27"",""2026-08-28"",""2026-08-31"",""2026-09-01"",""2026-09-02"",""2026-09-03"",""2026-09-04"",""2026-09-07"",""2026-09-08"",""2026-09-09"",""2026-09-10"",""2026-09-11"",""2026-09-14"",""2026-09-15"",""2026-09-16"",""2026-09-17"",""2026-09-18"",""2026-09-21"",""2026-09-22""]","[0.0155682408,0.0030659172,0.0,0.0010188487,0.0015267176,-0.0005081301,0.0045754957,0.012145749,0.0125,0.0320987654,0.019138756,0.0,0.0,-0.0046948357,-0.0094339623,0.0142857143,-0.0164319249,-0.0143198091,-0.0024213075,-0.0072815534]",0,[],KRX_OFFICIAL_STK_BYDD_TRD
400760,NH올원리츠,2026-09-22,PRODUCTION_MANIFEST_BASIS_DATE,31,30,30,21,20,0.5920,OFFICIAL_KRX_PRICE_ELASTICITY_RECOVERABLE,TRUE,"[""2026-08-25"",""2026-08-26"",""2026-08-27"",""2026-08-28"",""2026-08-31"",""2026-09-01"",""2026-09-02"",""2026-09-03"",""2026-09-04"",""2026-09-07"",""2026-09-08"",""2026-09-09"",""2026-09-10"",""2026-09-11"",""2026-09-14"",""2026-09-15"",""2026-09-16"",""2026-09-17"",""2026-09-18"",""2026-09-21"",""2026-09-22""]","[""2026-08-26"",""2026-08-27"",""2026-08-28"",""2026-08-31"",""2026-09-01"",""2026-09-02"",""2026-09-03"",""2026-09-04"",""2026-09-07"",""2026-09-08"",""2026-09-09"",""2026-09-10"",""2026-09-11"",""2026-09-14"",""2026-09-15"",""2026-09-16"",""2026-09-17"",""2026-09-18"",""2026-09-21"",""2026-09-22""]","[0.0052083333,0.0,-0.0051813472,0.0,-0.0034722222,-0.012195122,-0.0211640212,0.0072072072,0.0017889088,-0.0035714286,0.0089605735,0.0,0.0,0.0017761989,-0.0088652482,0.0125223614,0.0070671378,-0.0052631579,-0.0035273369,-0.010619469]",0,[],KRX_OFFICIAL_STK_BYDD_TRD
439260,대한조선,2026-09-22,PRODUCTION_MANIFEST_BASIS_DATE,31,30,30,21,20,1.5944,OFFICIAL_KRX_PRICE_ELASTICITY_RECOVERABLE,TRUE,"[""2026-08-25"",""2026-08-26"",""2026-08-27"",""2026-08-28"",""2026-08-31"",""2026-09-01"",""2026-09-02"",""2026-09-03"",""2026-09-04"",""2026-09-07"",""2026-09-08"",""2026-09-09"",""2026-09-10"",""2026-09-11"",""2026-09-14"",""2026-09-15"",""2026-09-16"",""2026-09-17"",""2026-09-18"",""2026-09-21"",""2026-09-22""]","[""2026-08-26"",""2026-08-27"",""2026-08-28"",""2026-08-31"",""2026-09-01"",""2026-09-02"",""2026-09-03"",""2026-09-04"",""2026-09-07"",""2026-09-08"",""2026-09-09"",""2026-09-10"",""2026-09-11"",""2026-09-14"",""2026-09-15"",""2026-09-16"",""2026-09-17"",""2026-09-18"",""2026-09-21"",""2026-09-22""]","[0.0020263425,-0.0020222447,-0.0070921986,-0.0306122449,-0.0052631579,-0.0582010582,0.0471910112,0.0075107296,0.0202342918,-0.0135699374,0.019047619,-0.015576324,-0.0021097046,-0.0052854123,-0.0223166844,-0.0086956522,0.0317982456,-0.004250797,-0.0096051227,-0.0064655172]",0,[],KRX_OFFICIAL_STK_BYDD_TRD
446070,유니드비티플러스,2026-09-22,PRODUCTION_MANIFEST_BASIS_DATE,31,30,30,21,20,1.3656,OFFICIAL_KRX_PRICE_ELASTICITY_RECOVERABLE,TRUE,"[""2026-08-25"",""2026-08-26"",""2026-08-27"",""2026-08-28"",""2026-08-31"",""2026-09-01"",""2026-09-02"",""2026-09-03"",""2026-09-04"",""2026-09-07"",""2026-09-08"",""2026-09-09"",""2026-09-10"",""2026-09-11"",""2026-09-14"",""2026-09-15"",""2026-09-16"",""2026-09-17"",""2026-09-18"",""2026-09-21"",""2026-09-22""]","[""2026-08-26"",""2026-08-27"",""2026-08-28"",""2026-08-31"",""2026-09-01"",""2026-09-02"",""2026-09-03"",""2026-09-04"",""2026-09-07"",""2026-09-08"",""2026-09-09"",""2026-09-10"",""2026-09-11"",""2026-09-14"",""2026-09-15"",""2026-09-16"",""2026-09-17"",""2026-09-18"",""2026-09-21"",""2026-09-22""]","[0.0416666667,0.0503225806,-0.0221130221,-0.0075376884,-0.0012658228,0.0076045627,-0.0050314465,-0.0037926675,-0.038071066,-0.0026385224,-0.0092592593,0.0040053405,0.0438829787,-0.0114649682,-0.0025773196,0.0090439276,-0.0025608195,-0.001283697,-0.001285347,-0.0077220077]",0,[],KRX_OFFICIAL_STK_BYDD_TRD
448730,삼성FN리츠,2026-09-22,PRODUCTION_MANIFEST_BASIS_DATE,31,30,30,21,20,1.4929,OFFICIAL_KRX_PRICE_ELASTICITY_RECOVERABLE,TRUE,"[""2026-08-25"",""2026-08-26"",""2026-08-27"",""2026-08-28"",""2026-08-31"",""2026-09-01"",""2026-09-02"",""2026-09-03"",""2026-09-04"",""2026-09-07"",""2026-09-08"",""2026-09-09"",""2026-09-10"",""2026-09-11"",""2026-09-14"",""2026-09-15"",""2026-09-16"",""2026-09-17"",""2026-09-18"",""2026-09-21"",""2026-09-22""]","[""2026-08-26"",""2026-08-27"",""2026-08-28"",""2026-08-31"",""2026-09-01"",""2026-09-02"",""2026-09-03"",""2026-09-04"",""2026-09-07"",""2026-09-08"",""2026-09-09"",""2026-09-10"",""2026-09-11"",""2026-09-14"",""2026-09-15"",""2026-09-16"",""2026-09-17"",""2026-09-18"",""2026-09-21"",""2026-09-22""]","[0.0260223048,-0.0054347826,0.0054644809,-0.0036231884,0.0054545455,-0.0307414105,-0.0373134328,0.015503876,0.0019083969,0.0076190476,-0.0132325142,0.0038314176,0.0076335878,0.009469697,-0.0056285178,0.0056603774,0.0056285178,-0.0037313433,-0.063670412,-0.041]",0,[],KRX_OFFICIAL_STK_BYDD_TRD
480370,씨케이솔루션,2026-09-22,PRODUCTION_MANIFEST_BASIS_DATE,31,30,30,21,20,4.6593,OFFICIAL_KRX_PRICE_ELASTICITY_RECOVERABLE,TRUE,"[""2026-08-25"",""2026-08-26"",""2026-08-27"",""2026-08-28"",""2026-08-31"",""2026-09-01"",""2026-09-02"",""2026-09-03"",""2026-09-04"",""2026-09-07"",""2026-09-08"",""2026-09-09"",""2026-09-10"",""2026-09-11"",""2026-09-14"",""2026-09-15"",""2026-09-16"",""2026-09-17"",""2026-09-18"",""2026-09-21"",""2026-09-22""]","[""2026-08-26"",""2026-08-27"",""2026-08-28"",""2026-08-31"",""2026-09-01"",""2026-09-02"",""2026-09-03"",""2026-09-04"",""2026-09-07"",""2026-09-08"",""2026-09-09"",""2026-09-10"",""2026-09-11"",""2026-09-14"",""2026-09-15"",""2026-09-16"",""2026-09-17"",""2026-09-18"",""2026-09-21"",""2026-09-22""]","[0.0110456554,0.0109249818,0.0360230548,0.0187760779,-0.0204778157,-0.0104529617,0.0,0.0281690141,0.0945205479,-0.0062578223,0.0195214106,-0.0037059914,0.1047737136,0.0965207632,-0.0987717503,-0.0403180011,0.2307692308,-0.03125,-0.0595533499,-0.0100263852]",0,[],KRX_OFFICIAL_STK_BYDD_TRD
