ticker,name,market,financial_sector,raw_source_mode,missing_component_count,blocker_reason,blocker_category,source_group,single_blocker_ticker,recovery_status,audit_note
002420,우양피앤엘,KOSPI,false,DIRECT,1,최근 분기 실적 가속·둔화:ANNUAL_OP_DENOM_NONPOSITIVE,POLICY_SEMANTIC_BLOCKER,V880_SCORING_CONTRACT,TRUE,POLICY_SEMANTIC_DEFER,전년도 연간 영업이익 분모가 비양수이며 승인 계약상 의미 blocker
002450,삼익악기,KOSPI,false,DIRECT,1,EV/EBITDA:EV_EBITDA_INPUT:OK:NO_EXACT_CANDIDATE,SOURCE_DATA_GAP,EXACT_DA_SOURCE,TRUE,ACTIONABLE_SINGLE_BLOCKER_REAUDIT,"승인 exact D&A 원천 부족; debt_status=OK, da_status=NO_EXACT_CANDIDATE"
003230,삼양식품,KOSPI,false,DIRECT,1,EV/EBITDA:EV_EBITDA_INPUT:OK:NO_EXACT_CANDIDATE,SOURCE_DATA_GAP,EXACT_DA_SOURCE,TRUE,ACTIONABLE_SINGLE_BLOCKER_REAUDIT,"승인 exact D&A 원천 부족; debt_status=OK, da_status=NO_EXACT_CANDIDATE"
003530,한화투자증권,KOSPI,true,DIRECT,1,하루평균 절대등락률:MISSING_ELASTICITY,SOURCE_DATA_GAP,PRICE_ELASTICITY_20D,TRUE,ACTIONABLE_SINGLE_BLOCKER_REAUDIT,20거래일 가격탄력 source 보강 필요
004170,신세계,KOSPI,false,DIRECT,1,EV/EBITDA:EV_EBITDA_INPUT:OK:NO_EXACT_CANDIDATE,SOURCE_DATA_GAP,EXACT_DA_SOURCE,TRUE,ACTIONABLE_SINGLE_BLOCKER_REAUDIT,"승인 exact D&A 원천 부족; debt_status=OK, da_status=NO_EXACT_CANDIDATE"
004800,효성,KOSPI,true,DIRECT,1,하루평균 절대등락률:MISSING_ELASTICITY,SOURCE_DATA_GAP,PRICE_ELASTICITY_20D,TRUE,ACTIONABLE_SINGLE_BLOCKER_REAUDIT,20거래일 가격탄력 source 보강 필요
004910,조광페인트,KOSPI,false,DIRECT,1,EV/EBITDA:EV_EBITDA_INPUT:OK:NO_EXACT_CANDIDATE,SOURCE_DATA_GAP,EXACT_DA_SOURCE,TRUE,ACTIONABLE_SINGLE_BLOCKER_REAUDIT,"승인 exact D&A 원천 부족; debt_status=OK, da_status=NO_EXACT_CANDIDATE"
005930,삼성전자,KOSPI,false,DIRECT,1,EV/EBITDA:EV_EBITDA_INPUT:OK:NO_EXACT_CANDIDATE,SOURCE_DATA_GAP,EXACT_DA_SOURCE,TRUE,ACTIONABLE_SINGLE_BLOCKER_REAUDIT,"승인 exact D&A 원천 부족; debt_status=OK, da_status=NO_EXACT_CANDIDATE"
006260,LS,KOSPI,true,DIRECT,1,하루평균 절대등락률:MISSING_ELASTICITY,SOURCE_DATA_GAP,PRICE_ELASTICITY_20D,TRUE,ACTIONABLE_SINGLE_BLOCKER_REAUDIT,20거래일 가격탄력 source 보강 필요
006800,미래에셋증권,KOSPI,true,DIRECT,1,하루평균 절대등락률:MISSING_ELASTICITY,SOURCE_DATA_GAP,PRICE_ELASTICITY_20D,TRUE,ACTIONABLE_SINGLE_BLOCKER_REAUDIT,20거래일 가격탄력 source 보강 필요
008060,대덕,KOSPI,true,DIRECT,1,하루평균 절대등락률:MISSING_ELASTICITY,SOURCE_DATA_GAP,PRICE_ELASTICITY_20D,TRUE,ACTIONABLE_SINGLE_BLOCKER_REAUDIT,20거래일 가격탄력 source 보강 필요
009420,한올바이오파마,KOSPI,false,DIRECT,1,EV/EBITDA:EV_EBITDA_INPUT:OK:NO_EXACT_CANDIDATE,SOURCE_DATA_GAP,EXACT_DA_SOURCE,TRUE,ACTIONABLE_SINGLE_BLOCKER_REAUDIT,"승인 exact D&A 원천 부족; debt_status=OK, da_status=NO_EXACT_CANDIDATE"
010060,OCI홀딩스,KOSPI,true,DIRECT,1,하루평균 절대등락률:MISSING_ELASTICITY,SOURCE_DATA_GAP,PRICE_ELASTICITY_20D,TRUE,ACTIONABLE_SINGLE_BLOCKER_REAUDIT,20거래일 가격탄력 source 보강 필요
010130,고려아연,KOSPI,false,DIRECT,1,EV/EBITDA:EV_EBITDA_INPUT:OK:NO_EXACT_CANDIDATE,SOURCE_DATA_GAP,EXACT_DA_SOURCE,TRUE,ACTIONABLE_SINGLE_BLOCKER_REAUDIT,"승인 exact D&A 원천 부족; debt_status=OK, da_status=NO_EXACT_CANDIDATE"
012450,한화에어로스페이스,KOSPI,false,DIRECT,1,EV/EBITDA:EV_EBITDA_INPUT:OK:NO_EXACT_CANDIDATE,SOURCE_DATA_GAP,EXACT_DA_SOURCE,TRUE,EXHAUSTED_V8103_APPROVED_OFFICIAL_PATHS,"승인 exact D&A 원천 부족; debt_status=OK, da_status=NO_EXACT_CANDIDATE"
018260,삼성에스디에스,KOSPI,false,DIRECT,1,EV/EBITDA:EV_EBITDA_INPUT:EMPTY_AS_ZERO:NO_EXACT_CANDIDATE,SOURCE_DATA_GAP,EXACT_DA_SOURCE,TRUE,ACTIONABLE_SINGLE_BLOCKER_REAUDIT,"승인 exact D&A 원천 부족; debt_status=EMPTY_AS_ZERO, da_status=NO_EXACT_CANDIDATE"
022100,포스코DX,KOSPI,false,DIRECT,1,EV/EBITDA:EV_EBITDA_INPUT:OK:NO_EXACT_CANDIDATE,SOURCE_DATA_GAP,EXACT_DA_SOURCE,TRUE,EXHAUSTED_V8103_APPROVED_OFFICIAL_PATHS,"승인 exact D&A 원천 부족; debt_status=OK, da_status=NO_EXACT_CANDIDATE"
027410,BGF,KOSPI,true,DIRECT,1,하루평균 절대등락률:MISSING_ELASTICITY,SOURCE_DATA_GAP,PRICE_ELASTICITY_20D,TRUE,ACTIONABLE_SINGLE_BLOCKER_REAUDIT,20거래일 가격탄력 source 보강 필요
028050,삼성E&A,KOSPI,false,DIRECT,1,EV/EBITDA:EV_EBITDA_INPUT:OK:NO_EXACT_CANDIDATE,SOURCE_DATA_GAP,EXACT_DA_SOURCE,TRUE,ACTIONABLE_SINGLE_BLOCKER_REAUDIT,"승인 exact D&A 원천 부족; debt_status=OK, da_status=NO_EXACT_CANDIDATE"
029780,삼성카드,KOSPI,true,DIRECT,1,수급·공시부담:SUPPLY_LIMITED_NO_POSITIVE_EVIDENCE,SOURCE_EVIDENCE_GAP,PRODUCTION_ANALYSIS_SUPPLY,TRUE,ACTIONABLE_SINGLE_BLOCKER_REAUDIT,공시·수급 없음 판정을 확정할 만큼 source completeness가 부족함
034020,두산에너빌리티,KOSPI,false,DIRECT,1,EV/EBITDA:EV_EBITDA_INPUT:OK:NO_EXACT_CANDIDATE,SOURCE_DATA_GAP,EXACT_DA_SOURCE,TRUE,ACTIONABLE_SINGLE_BLOCKER_REAUDIT,"승인 exact D&A 원천 부족; debt_status=OK, da_status=NO_EXACT_CANDIDATE"
034730,SK,KOSPI,true,DIRECT,1,하루평균 절대등락률:MISSING_ELASTICITY,SOURCE_DATA_GAP,PRICE_ELASTICITY_20D,TRUE,ACTIONABLE_SINGLE_BLOCKER_REAUDIT,20거래일 가격탄력 source 보강 필요
047050,포스코인터내셔널,KOSPI,false,DIRECT,1,EV/EBITDA:EV_EBITDA_INPUT:OK:NO_EXACT_CANDIDATE,SOURCE_DATA_GAP,EXACT_DA_SOURCE,TRUE,ACTIONABLE_SINGLE_BLOCKER_REAUDIT,"승인 exact D&A 원천 부족; debt_status=OK, da_status=NO_EXACT_CANDIDATE"
058730,다스코,KOSPI,false,DIRECT,1,최근 분기 실적 가속·둔화:ANNUAL_OP_DENOM_NONPOSITIVE,POLICY_SEMANTIC_BLOCKER,V880_SCORING_CONTRACT,TRUE,POLICY_SEMANTIC_DEFER,전년도 연간 영업이익 분모가 비양수이며 승인 계약상 의미 blocker
058860,KTis,KOSPI,false,DIRECT,1,EV/EBITDA:EV_EBITDA_INPUT:EMPTY_AS_ZERO:NO_EXACT_CANDIDATE,SOURCE_DATA_GAP,EXACT_DA_SOURCE,TRUE,ACTIONABLE_SINGLE_BLOCKER_REAUDIT,"승인 exact D&A 원천 부족; debt_status=EMPTY_AS_ZERO, da_status=NO_EXACT_CANDIDATE"
069620,대웅제약,KOSPI,false,DIRECT,1,EV/EBITDA:EV_EBITDA_INPUT:OK:NO_EXACT_CANDIDATE,SOURCE_DATA_GAP,EXACT_DA_SOURCE,TRUE,ACTIONABLE_SINGLE_BLOCKER_REAUDIT,"승인 exact D&A 원천 부족; debt_status=OK, da_status=NO_EXACT_CANDIDATE"
267270,HD건설기계,KOSPI,false,DIRECT,1,EV/EBITDA:EV_EBITDA_INPUT:EMPTY_AS_ZERO:NO_EXACT_CANDIDATE,SOURCE_DATA_GAP,EXACT_DA_SOURCE,TRUE,ACTIONABLE_SINGLE_BLOCKER_REAUDIT,"승인 exact D&A 원천 부족; debt_status=EMPTY_AS_ZERO, da_status=NO_EXACT_CANDIDATE"
373220,LG에너지솔루션,KOSPI,false,DIRECT,1,EV/EBITDA:EV_EBITDA_INPUT:OK:NO_EXACT_CANDIDATE,SOURCE_DATA_GAP,EXACT_DA_SOURCE,TRUE,ACTIONABLE_SINGLE_BLOCKER_REAUDIT,"승인 exact D&A 원천 부족; debt_status=OK, da_status=NO_EXACT_CANDIDATE"
456040,OCI,KOSPI,false,DIRECT,1,EV/EBITDA:EV_EBITDA_INPUT:OK:NO_EXACT_CANDIDATE,SOURCE_DATA_GAP,EXACT_DA_SOURCE,TRUE,ACTIONABLE_SINGLE_BLOCKER_REAUDIT,"승인 exact D&A 원천 부족; debt_status=OK, da_status=NO_EXACT_CANDIDATE"
475560,더본코리아,KOSPI,false,DIRECT,1,EV/EBITDA:EV_EBITDA_INPUT:OK:NO_EXACT_CANDIDATE,SOURCE_DATA_GAP,EXACT_DA_SOURCE,TRUE,ACTIONABLE_SINGLE_BLOCKER_REAUDIT,"승인 exact D&A 원천 부족; debt_status=OK, da_status=NO_EXACT_CANDIDATE"
000650,천일고속,KOSPI,false,DIRECT,2,수급·공시부담:SUPPLY_LIMITED_NO_POSITIVE_EVIDENCE,SOURCE_EVIDENCE_GAP,PRODUCTION_ANALYSIS_SUPPLY,FALSE,MULTI_BLOCKER_SOURCE_LANE,공시·수급 없음 판정을 확정할 만큼 source completeness가 부족함
000650,천일고속,KOSPI,false,DIRECT,2,최근 분기 실적 가속·둔화:ANNUAL_OP_DENOM_NONPOSITIVE,POLICY_SEMANTIC_BLOCKER,V880_SCORING_CONTRACT,FALSE,POLICY_SEMANTIC_DEFER,전년도 연간 영업이익 분모가 비양수이며 승인 계약상 의미 blocker
001440,대한전선,KOSPI,false,DIRECT,2,EV/EBITDA:EV_EBITDA_INPUT:OK:NO_EXACT_CANDIDATE,SOURCE_DATA_GAP,EXACT_DA_SOURCE,FALSE,MULTI_BLOCKER_SOURCE_LANE,"승인 exact D&A 원천 부족; debt_status=OK, da_status=NO_EXACT_CANDIDATE"
001440,대한전선,KOSPI,false,DIRECT,2,수급·공시부담:SUPPLY_LIMITED_NO_POSITIVE_EVIDENCE,SOURCE_EVIDENCE_GAP,PRODUCTION_ANALYSIS_SUPPLY,FALSE,MULTI_BLOCKER_SOURCE_LANE,공시·수급 없음 판정을 확정할 만큼 source completeness가 부족함
002020,코오롱,KOSPI,true,DIRECT,2,최근 분기 실적 가속·둔화:ANNUAL_OP_DENOM_NONPOSITIVE,POLICY_SEMANTIC_BLOCKER,V880_SCORING_CONTRACT,FALSE,POLICY_SEMANTIC_DEFER,전년도 연간 영업이익 분모가 비양수이며 승인 계약상 의미 blocker
002020,코오롱,KOSPI,true,DIRECT,2,하루평균 절대등락률:MISSING_ELASTICITY,SOURCE_DATA_GAP,PRICE_ELASTICITY_20D,FALSE,MULTI_BLOCKER_SOURCE_LANE,20거래일 가격탄력 source 보강 필요
003280,흥아해운,KOSPI,false,DIRECT,2,EV/EBITDA:EV_EBITDA_INPUT:EMPTY_AS_ZERO:NO_EXACT_CANDIDATE,SOURCE_DATA_GAP,EXACT_DA_SOURCE,FALSE,MULTI_BLOCKER_SOURCE_LANE,"승인 exact D&A 원천 부족; debt_status=EMPTY_AS_ZERO, da_status=NO_EXACT_CANDIDATE"
003280,흥아해운,KOSPI,false,DIRECT,2,수급·공시부담:SUPPLY_LIMITED_NO_POSITIVE_EVIDENCE,SOURCE_EVIDENCE_GAP,PRODUCTION_ANALYSIS_SUPPLY,FALSE,MULTI_BLOCKER_SOURCE_LANE,공시·수급 없음 판정을 확정할 만큼 source completeness가 부족함
006110,삼아알미늄,KOSPI,false,DIRECT,2,영업현금흐름:MISSING_OCF_MARGIN_INPUT,SOURCE_DATA_GAP,OCF_AND_REVENUE_SOURCE,FALSE,MULTI_BLOCKER_SOURCE_LANE,영업현금흐름 또는 연간 매출 입력 보강 필요
006110,삼아알미늄,KOSPI,false,DIRECT,2,하루평균 절대등락률:MISSING_ELASTICITY,SOURCE_DATA_GAP,PRICE_ELASTICITY_20D,FALSE,MULTI_BLOCKER_SOURCE_LANE,20거래일 가격탄력 source 보강 필요
009200,무림페이퍼,KOSPI,false,DIRECT,2,EV/EBITDA:EV_EBITDA_INPUT:OK:NO_EXACT_CANDIDATE,SOURCE_DATA_GAP,EXACT_DA_SOURCE,FALSE,MULTI_BLOCKER_SOURCE_LANE,"승인 exact D&A 원천 부족; debt_status=OK, da_status=NO_EXACT_CANDIDATE"
009200,무림페이퍼,KOSPI,false,DIRECT,2,수급·공시부담:SUPPLY_LIMITED_NO_POSITIVE_EVIDENCE,SOURCE_EVIDENCE_GAP,PRODUCTION_ANALYSIS_SUPPLY,FALSE,MULTI_BLOCKER_SOURCE_LANE,공시·수급 없음 판정을 확정할 만큼 source completeness가 부족함
012280,영화금속,KOSPI,false,DIRECT,2,과열·급락 위험:MISSING_RISK_INPUT,SOURCE_DATA_GAP,PRODUCTION_PRICE_METRICS,FALSE,MULTI_BLOCKER_SOURCE_LANE,가격·스윙·ATR·거래활동 metric 보강 필요
012280,영화금속,KOSPI,false,DIRECT,2,기간 저가·고가 대비 현재위치:MISSING_POSITION,SOURCE_DATA_GAP,PRODUCTION_PRICE_METRICS,FALSE,MULTI_BLOCKER_SOURCE_LANE,가격·스윙·ATR·거래활동 metric 보강 필요
042700,한미반도체,KOSPI,false,DIRECT,2,영업현금흐름:MISSING_OCF_MARGIN_INPUT,SOURCE_DATA_GAP,OCF_AND_REVENUE_SOURCE,FALSE,MULTI_BLOCKER_SOURCE_LANE,영업현금흐름 또는 연간 매출 입력 보강 필요
042700,한미반도체,KOSPI,false,DIRECT,2,하루평균 절대등락률:MISSING_ELASTICITY,SOURCE_DATA_GAP,PRICE_ELASTICITY_20D,FALSE,MULTI_BLOCKER_SOURCE_LANE,20거래일 가격탄력 source 보강 필요
066570,LG전자,KOSPI,false,DIRECT,2,EV/EBITDA:EV_EBITDA_INPUT:OK:NO_EXACT_CANDIDATE,SOURCE_DATA_GAP,EXACT_DA_SOURCE,FALSE,MULTI_BLOCKER_SOURCE_LANE,"승인 exact D&A 원천 부족; debt_status=OK, da_status=NO_EXACT_CANDIDATE"
066570,LG전자,KOSPI,false,DIRECT,2,수급·공시부담:SUPPLY_LIMITED_NO_POSITIVE_EVIDENCE,SOURCE_EVIDENCE_GAP,PRODUCTION_ANALYSIS_SUPPLY,FALSE,MULTI_BLOCKER_SOURCE_LANE,공시·수급 없음 판정을 확정할 만큼 source completeness가 부족함
071840,롯데하이마트,KOSPI,false,DIRECT,2,EV/EBITDA:EV_EBITDA_INPUT:OK:NO_EXACT_CANDIDATE,SOURCE_DATA_GAP,EXACT_DA_SOURCE,FALSE,MULTI_BLOCKER_SOURCE_LANE,"승인 exact D&A 원천 부족; debt_status=OK, da_status=NO_EXACT_CANDIDATE"
071840,롯데하이마트,KOSPI,false,DIRECT,2,수급·공시부담:SUPPLY_LIMITED_NO_POSITIVE_EVIDENCE,SOURCE_EVIDENCE_GAP,PRODUCTION_ANALYSIS_SUPPLY,FALSE,MULTI_BLOCKER_SOURCE_LANE,공시·수급 없음 판정을 확정할 만큼 source completeness가 부족함
081000,일진다이아,KOSPI,false,DIRECT,2,EV/EBITDA:EV_EBITDA_INPUT:OK:NO_EXACT_CANDIDATE,SOURCE_DATA_GAP,EXACT_DA_SOURCE,FALSE,MULTI_BLOCKER_SOURCE_LANE,"승인 exact D&A 원천 부족; debt_status=OK, da_status=NO_EXACT_CANDIDATE"
081000,일진다이아,KOSPI,false,DIRECT,2,수급·공시부담:SUPPLY_LIMITED_NO_POSITIVE_EVIDENCE,SOURCE_EVIDENCE_GAP,PRODUCTION_ANALYSIS_SUPPLY,FALSE,MULTI_BLOCKER_SOURCE_LANE,공시·수급 없음 판정을 확정할 만큼 source completeness가 부족함
086280,현대글로비스,KOSPI,false,DIRECT,2,EV/EBITDA:EV_EBITDA_INPUT:OK:NO_EXACT_CANDIDATE,SOURCE_DATA_GAP,EXACT_DA_SOURCE,FALSE,MULTI_BLOCKER_SOURCE_LANE,"승인 exact D&A 원천 부족; debt_status=OK, da_status=NO_EXACT_CANDIDATE"
086280,현대글로비스,KOSPI,false,DIRECT,2,수급·공시부담:SUPPLY_LIMITED_NO_POSITIVE_EVIDENCE,SOURCE_EVIDENCE_GAP,PRODUCTION_ANALYSIS_SUPPLY,FALSE,MULTI_BLOCKER_SOURCE_LANE,공시·수급 없음 판정을 확정할 만큼 source completeness가 부족함
180640,한진칼,KOSPI,true,DIRECT,2,PER:MISSING_PER,SOURCE_DATA_GAP,FINANCIAL_VALUATION_CACHE,FALSE,MULTI_BLOCKER_SOURCE_LANE,밸류에이션 또는 관련 이익·ROE 입력 보강 필요
180640,한진칼,KOSPI,true,DIRECT,2,하루평균 절대등락률:MISSING_ELASTICITY,SOURCE_DATA_GAP,PRICE_ELASTICITY_20D,FALSE,MULTI_BLOCKER_SOURCE_LANE,20거래일 가격탄력 source 보강 필요
000270,기아,KOSPI,false,DIRECT,3,EV/EBITDA:EV_EBITDA_INPUT:OK:NO_EXACT_CANDIDATE,SOURCE_DATA_GAP,EXACT_DA_SOURCE,FALSE,MULTI_BLOCKER_SOURCE_LANE,"승인 exact D&A 원천 부족; debt_status=OK, da_status=NO_EXACT_CANDIDATE"
000270,기아,KOSPI,false,DIRECT,3,영업현금흐름:MISSING_OCF_MARGIN_INPUT,SOURCE_DATA_GAP,OCF_AND_REVENUE_SOURCE,FALSE,MULTI_BLOCKER_SOURCE_LANE,영업현금흐름 또는 연간 매출 입력 보강 필요
000270,기아,KOSPI,false,DIRECT,3,하루평균 절대등락률:MISSING_ELASTICITY,SOURCE_DATA_GAP,PRICE_ELASTICITY_20D,FALSE,MULTI_BLOCKER_SOURCE_LANE,20거래일 가격탄력 source 보강 필요
000660,SK하이닉스,KOSPI,false,DIRECT,3,EV/EBITDA:EV_EBITDA_INPUT:OK:NO_EXACT_CANDIDATE,SOURCE_DATA_GAP,EXACT_DA_SOURCE,FALSE,MULTI_BLOCKER_SOURCE_LANE,"승인 exact D&A 원천 부족; debt_status=OK, da_status=NO_EXACT_CANDIDATE"
000660,SK하이닉스,KOSPI,false,DIRECT,3,영업현금흐름:MISSING_OCF_MARGIN_INPUT,SOURCE_DATA_GAP,OCF_AND_REVENUE_SOURCE,FALSE,MULTI_BLOCKER_SOURCE_LANE,영업현금흐름 또는 연간 매출 입력 보강 필요
000660,SK하이닉스,KOSPI,false,DIRECT,3,하루평균 절대등락률:MISSING_ELASTICITY,SOURCE_DATA_GAP,PRICE_ELASTICITY_20D,FALSE,MULTI_BLOCKER_SOURCE_LANE,20거래일 가격탄력 source 보강 필요
001020,페이퍼코리아,KOSPI,false,DIRECT,3,EV/EBITDA:EV_EBITDA_INPUT:OK:NO_EXACT_CANDIDATE,SOURCE_DATA_GAP,EXACT_DA_SOURCE,FALSE,MULTI_BLOCKER_SOURCE_LANE,"승인 exact D&A 원천 부족; debt_status=OK, da_status=NO_EXACT_CANDIDATE"
001020,페이퍼코리아,KOSPI,false,DIRECT,3,과열·급락 위험:MISSING_RISK_INPUT,SOURCE_DATA_GAP,PRODUCTION_PRICE_METRICS,FALSE,EXHAUSTED_V8104_OFFICIAL_KRX_OHLC_INCOMPLETE,가격·스윙·ATR·거래활동 metric 보강 필요
001020,페이퍼코리아,KOSPI,false,DIRECT,3,수급·공시부담:SUPPLY_LIMITED_NO_POSITIVE_EVIDENCE,SOURCE_EVIDENCE_GAP,PRODUCTION_ANALYSIS_SUPPLY,FALSE,MULTI_BLOCKER_SOURCE_LANE,공시·수급 없음 판정을 확정할 만큼 source completeness가 부족함
001260,남광토건,KOSPI,false,DIRECT,3,EV/EBITDA:EV_EBITDA_INPUT:OK:NO_EXACT_CANDIDATE,SOURCE_DATA_GAP,EXACT_DA_SOURCE,FALSE,MULTI_BLOCKER_SOURCE_LANE,"승인 exact D&A 원천 부족; debt_status=OK, da_status=NO_EXACT_CANDIDATE"
001260,남광토건,KOSPI,false,DIRECT,3,영업현금흐름:MISSING_OCF_MARGIN_INPUT,SOURCE_DATA_GAP,OCF_AND_REVENUE_SOURCE,FALSE,MULTI_BLOCKER_SOURCE_LANE,영업현금흐름 또는 연간 매출 입력 보강 필요
001260,남광토건,KOSPI,false,DIRECT,3,하루평균 절대등락률:MISSING_ELASTICITY,SOURCE_DATA_GAP,PRICE_ELASTICITY_20D,FALSE,MULTI_BLOCKER_SOURCE_LANE,20거래일 가격탄력 source 보강 필요
004490,세방전지,KOSPI,false,DIRECT,3,EV/EBITDA:EV_EBITDA_INPUT:OK:NO_EXACT_CANDIDATE,SOURCE_DATA_GAP,EXACT_DA_SOURCE,FALSE,MULTI_BLOCKER_SOURCE_LANE,"승인 exact D&A 원천 부족; debt_status=OK, da_status=NO_EXACT_CANDIDATE"
004490,세방전지,KOSPI,false,DIRECT,3,영업현금흐름:MISSING_OCF_MARGIN_INPUT,SOURCE_DATA_GAP,OCF_AND_REVENUE_SOURCE,FALSE,MULTI_BLOCKER_SOURCE_LANE,영업현금흐름 또는 연간 매출 입력 보강 필요
004490,세방전지,KOSPI,false,DIRECT,3,하루평균 절대등락률:MISSING_ELASTICITY,SOURCE_DATA_GAP,PRICE_ELASTICITY_20D,FALSE,MULTI_BLOCKER_SOURCE_LANE,20거래일 가격탄력 source 보강 필요
006400,삼성SDI,KOSPI,false,DIRECT,3,EV/EBITDA:EV_EBITDA_INPUT:OK:NO_EXACT_CANDIDATE,SOURCE_DATA_GAP,EXACT_DA_SOURCE,FALSE,MULTI_BLOCKER_SOURCE_LANE,"승인 exact D&A 원천 부족; debt_status=OK, da_status=NO_EXACT_CANDIDATE"
006400,삼성SDI,KOSPI,false,DIRECT,3,영업현금흐름:MISSING_OCF_MARGIN_INPUT,SOURCE_DATA_GAP,OCF_AND_REVENUE_SOURCE,FALSE,MULTI_BLOCKER_SOURCE_LANE,영업현금흐름 또는 연간 매출 입력 보강 필요
006400,삼성SDI,KOSPI,false,DIRECT,3,하루평균 절대등락률:MISSING_ELASTICITY,SOURCE_DATA_GAP,PRICE_ELASTICITY_20D,FALSE,MULTI_BLOCKER_SOURCE_LANE,20거래일 가격탄력 source 보강 필요
007660,이수페타시스,KOSPI,false,DIRECT,3,EV/EBITDA:EV_EBITDA_INPUT:EMPTY_AS_ZERO:NO_EXACT_CANDIDATE,SOURCE_DATA_GAP,EXACT_DA_SOURCE,FALSE,MULTI_BLOCKER_SOURCE_LANE,"승인 exact D&A 원천 부족; debt_status=EMPTY_AS_ZERO, da_status=NO_EXACT_CANDIDATE"
007660,이수페타시스,KOSPI,false,DIRECT,3,영업현금흐름:MISSING_OCF_MARGIN_INPUT,SOURCE_DATA_GAP,OCF_AND_REVENUE_SOURCE,FALSE,MULTI_BLOCKER_SOURCE_LANE,영업현금흐름 또는 연간 매출 입력 보강 필요
007660,이수페타시스,KOSPI,false,DIRECT,3,하루평균 절대등락률:MISSING_ELASTICITY,SOURCE_DATA_GAP,PRICE_ELASTICITY_20D,FALSE,MULTI_BLOCKER_SOURCE_LANE,20거래일 가격탄력 source 보강 필요
007810,코리아써키트,KOSPI,false,DIRECT,3,영업현금흐름:MISSING_OCF_MARGIN_INPUT,SOURCE_DATA_GAP,OCF_AND_REVENUE_SOURCE,FALSE,MULTI_BLOCKER_SOURCE_LANE,영업현금흐름 또는 연간 매출 입력 보강 필요
007810,코리아써키트,KOSPI,false,DIRECT,3,최근 분기 실적 가속·둔화:ANNUAL_OP_DENOM_NONPOSITIVE,POLICY_SEMANTIC_BLOCKER,V880_SCORING_CONTRACT,FALSE,POLICY_SEMANTIC_DEFER,전년도 연간 영업이익 분모가 비양수이며 승인 계약상 의미 blocker
007810,코리아써키트,KOSPI,false,DIRECT,3,하루평균 절대등락률:MISSING_ELASTICITY,SOURCE_DATA_GAP,PRICE_ELASTICITY_20D,FALSE,MULTI_BLOCKER_SOURCE_LANE,20거래일 가격탄력 source 보강 필요
008490,서흥,KOSPI,false,DIRECT,3,EV/EBITDA:EV_EBITDA_INPUT:OK:NO_EXACT_CANDIDATE,SOURCE_DATA_GAP,EXACT_DA_SOURCE,FALSE,MULTI_BLOCKER_SOURCE_LANE,"승인 exact D&A 원천 부족; debt_status=OK, da_status=NO_EXACT_CANDIDATE"
008490,서흥,KOSPI,false,DIRECT,3,영업현금흐름:MISSING_OCF_MARGIN_INPUT,SOURCE_DATA_GAP,OCF_AND_REVENUE_SOURCE,FALSE,MULTI_BLOCKER_SOURCE_LANE,영업현금흐름 또는 연간 매출 입력 보강 필요
008490,서흥,KOSPI,false,DIRECT,3,하루평균 절대등락률:MISSING_ELASTICITY,SOURCE_DATA_GAP,PRICE_ELASTICITY_20D,FALSE,MULTI_BLOCKER_SOURCE_LANE,20거래일 가격탄력 source 보강 필요
010960,삼호개발,KOSPI,false,DIRECT,3,EV/EBITDA:EV_EBITDA_INPUT:OK:NO_EXACT_CANDIDATE,SOURCE_DATA_GAP,EXACT_DA_SOURCE,FALSE,MULTI_BLOCKER_SOURCE_LANE,"승인 exact D&A 원천 부족; debt_status=OK, da_status=NO_EXACT_CANDIDATE"
010960,삼호개발,KOSPI,false,DIRECT,3,영업현금흐름:MISSING_OCF_MARGIN_INPUT,SOURCE_DATA_GAP,OCF_AND_REVENUE_SOURCE,FALSE,MULTI_BLOCKER_SOURCE_LANE,영업현금흐름 또는 연간 매출 입력 보강 필요
010960,삼호개발,KOSPI,false,DIRECT,3,하루평균 절대등락률:MISSING_ELASTICITY,SOURCE_DATA_GAP,PRICE_ELASTICITY_20D,FALSE,MULTI_BLOCKER_SOURCE_LANE,20거래일 가격탄력 source 보강 필요
011070,LG이노텍,KOSPI,false,DIRECT,3,EV/EBITDA:EV_EBITDA_INPUT:OK:NO_EXACT_CANDIDATE,SOURCE_DATA_GAP,EXACT_DA_SOURCE,FALSE,MULTI_BLOCKER_SOURCE_LANE,"승인 exact D&A 원천 부족; debt_status=OK, da_status=NO_EXACT_CANDIDATE"
011070,LG이노텍,KOSPI,false,DIRECT,3,영업현금흐름:MISSING_OCF_MARGIN_INPUT,SOURCE_DATA_GAP,OCF_AND_REVENUE_SOURCE,FALSE,MULTI_BLOCKER_SOURCE_LANE,영업현금흐름 또는 연간 매출 입력 보강 필요
011070,LG이노텍,KOSPI,false,DIRECT,3,하루평균 절대등락률:MISSING_ELASTICITY,SOURCE_DATA_GAP,PRICE_ELASTICITY_20D,FALSE,MULTI_BLOCKER_SOURCE_LANE,20거래일 가격탄력 source 보강 필요
012160,영흥,KOSPI,false,DIRECT,3,EV/EBITDA:EV_EBITDA_INPUT:OK:NO_EXACT_CANDIDATE,SOURCE_DATA_GAP,EXACT_DA_SOURCE,FALSE,MULTI_BLOCKER_SOURCE_LANE,"승인 exact D&A 원천 부족; debt_status=OK, da_status=NO_EXACT_CANDIDATE"
012160,영흥,KOSPI,false,DIRECT,3,과열·급락 위험:MISSING_RISK_INPUT,SOURCE_DATA_GAP,PRODUCTION_PRICE_METRICS,FALSE,MULTI_BLOCKER_SOURCE_LANE,가격·스윙·ATR·거래활동 metric 보강 필요
012160,영흥,KOSPI,false,DIRECT,3,기간 저가·고가 대비 현재위치:MISSING_POSITION,SOURCE_DATA_GAP,PRODUCTION_PRICE_METRICS,FALSE,MULTI_BLOCKER_SOURCE_LANE,가격·스윙·ATR·거래활동 metric 보강 필요
014160,대영포장,KOSPI,false,DIRECT,3,EV/EBITDA:EV_EBITDA_INPUT:OK:NO_EXACT_CANDIDATE,SOURCE_DATA_GAP,EXACT_DA_SOURCE,FALSE,MULTI_BLOCKER_SOURCE_LANE,"승인 exact D&A 원천 부족; debt_status=OK, da_status=NO_EXACT_CANDIDATE"
014160,대영포장,KOSPI,false,DIRECT,3,과열·급락 위험:MISSING_RISK_INPUT,SOURCE_DATA_GAP,PRODUCTION_PRICE_METRICS,FALSE,MULTI_BLOCKER_SOURCE_LANE,가격·스윙·ATR·거래활동 metric 보강 필요
014160,대영포장,KOSPI,false,DIRECT,3,기간 저가·고가 대비 현재위치:MISSING_POSITION,SOURCE_DATA_GAP,PRODUCTION_PRICE_METRICS,FALSE,MULTI_BLOCKER_SOURCE_LANE,가격·스윙·ATR·거래활동 metric 보강 필요
014910,성문전자,KOSPI,false,DIRECT,3,EV/EBITDA:EV_EBITDA_INPUT:OK:NO_EXACT_CANDIDATE,SOURCE_DATA_GAP,EXACT_DA_SOURCE,FALSE,MULTI_BLOCKER_SOURCE_LANE,"승인 exact D&A 원천 부족; debt_status=OK, da_status=NO_EXACT_CANDIDATE"
014910,성문전자,KOSPI,false,DIRECT,3,영업현금흐름:MISSING_OCF_MARGIN_INPUT,SOURCE_DATA_GAP,OCF_AND_REVENUE_SOURCE,FALSE,MULTI_BLOCKER_SOURCE_LANE,영업현금흐름 또는 연간 매출 입력 보강 필요
014910,성문전자,KOSPI,false,DIRECT,3,하루평균 절대등락률:MISSING_ELASTICITY,SOURCE_DATA_GAP,PRICE_ELASTICITY_20D,FALSE,MULTI_BLOCKER_SOURCE_LANE,20거래일 가격탄력 source 보강 필요
016580,환인제약,KOSPI,false,DIRECT,3,수급·공시부담:SUPPLY_LIMITED_NO_POSITIVE_EVIDENCE,SOURCE_EVIDENCE_GAP,PRODUCTION_ANALYSIS_SUPPLY,FALSE,MULTI_BLOCKER_SOURCE_LANE,공시·수급 없음 판정을 확정할 만큼 source completeness가 부족함
016580,환인제약,KOSPI,false,DIRECT,3,영업현금흐름:MISSING_OCF_MARGIN_INPUT,SOURCE_DATA_GAP,OCF_AND_REVENUE_SOURCE,FALSE,MULTI_BLOCKER_SOURCE_LANE,영업현금흐름 또는 연간 매출 입력 보강 필요
016580,환인제약,KOSPI,false,DIRECT,3,하루평균 절대등락률:MISSING_ELASTICITY,SOURCE_DATA_GAP,PRICE_ELASTICITY_20D,FALSE,MULTI_BLOCKER_SOURCE_LANE,20거래일 가격탄력 source 보강 필요
023150,MH에탄올,KOSPI,false,DIRECT,3,수급·공시부담:SUPPLY_LIMITED_NO_POSITIVE_EVIDENCE,SOURCE_EVIDENCE_GAP,PRODUCTION_ANALYSIS_SUPPLY,FALSE,MULTI_BLOCKER_SOURCE_LANE,공시·수급 없음 판정을 확정할 만큼 source completeness가 부족함
023150,MH에탄올,KOSPI,false,DIRECT,3,영업현금흐름:MISSING_OCF_MARGIN_INPUT,SOURCE_DATA_GAP,OCF_AND_REVENUE_SOURCE,FALSE,MULTI_BLOCKER_SOURCE_LANE,영업현금흐름 또는 연간 매출 입력 보강 필요
023150,MH에탄올,KOSPI,false,DIRECT,3,하루평균 절대등락률:MISSING_ELASTICITY,SOURCE_DATA_GAP,PRICE_ELASTICITY_20D,FALSE,MULTI_BLOCKER_SOURCE_LANE,20거래일 가격탄력 source 보강 필요
025860,남해화학,KOSPI,false,DIRECT,3,수급·공시부담:SUPPLY_LIMITED_NO_POSITIVE_EVIDENCE,SOURCE_EVIDENCE_GAP,PRODUCTION_ANALYSIS_SUPPLY,FALSE,MULTI_BLOCKER_SOURCE_LANE,공시·수급 없음 판정을 확정할 만큼 source completeness가 부족함
025860,남해화학,KOSPI,false,DIRECT,3,영업현금흐름:MISSING_OCF_MARGIN_INPUT,SOURCE_DATA_GAP,OCF_AND_REVENUE_SOURCE,FALSE,MULTI_BLOCKER_SOURCE_LANE,영업현금흐름 또는 연간 매출 입력 보강 필요
025860,남해화학,KOSPI,false,DIRECT,3,하루평균 절대등락률:MISSING_ELASTICITY,SOURCE_DATA_GAP,PRICE_ELASTICITY_20D,FALSE,MULTI_BLOCKER_SOURCE_LANE,20거래일 가격탄력 source 보강 필요
044380,주연테크,KOSPI,false,DIRECT,3,EV/EBITDA:EV_EBITDA_INPUT:OK:NO_EXACT_CANDIDATE,SOURCE_DATA_GAP,EXACT_DA_SOURCE,FALSE,MULTI_BLOCKER_SOURCE_LANE,"승인 exact D&A 원천 부족; debt_status=OK, da_status=NO_EXACT_CANDIDATE"
044380,주연테크,KOSPI,false,DIRECT,3,과열·급락 위험:MISSING_RISK_INPUT,SOURCE_DATA_GAP,PRODUCTION_PRICE_METRICS,FALSE,MULTI_BLOCKER_SOURCE_LANE,가격·스윙·ATR·거래활동 metric 보강 필요
044380,주연테크,KOSPI,false,DIRECT,3,기간 저가·고가 대비 현재위치:MISSING_POSITION,SOURCE_DATA_GAP,PRODUCTION_PRICE_METRICS,FALSE,MULTI_BLOCKER_SOURCE_LANE,가격·스윙·ATR·거래활동 metric 보강 필요
051600,한전KPS,KOSPI,false,DIRECT,3,수급·공시부담:SUPPLY_LIMITED_NO_POSITIVE_EVIDENCE,SOURCE_EVIDENCE_GAP,PRODUCTION_ANALYSIS_SUPPLY,FALSE,MULTI_BLOCKER_SOURCE_LANE,공시·수급 없음 판정을 확정할 만큼 source completeness가 부족함
051600,한전KPS,KOSPI,false,DIRECT,3,영업현금흐름:MISSING_OCF_MARGIN_INPUT,SOURCE_DATA_GAP,OCF_AND_REVENUE_SOURCE,FALSE,MULTI_BLOCKER_SOURCE_LANE,영업현금흐름 또는 연간 매출 입력 보강 필요
051600,한전KPS,KOSPI,false,DIRECT,3,하루평균 절대등락률:MISSING_ELASTICITY,SOURCE_DATA_GAP,PRICE_ELASTICITY_20D,FALSE,MULTI_BLOCKER_SOURCE_LANE,20거래일 가격탄력 source 보강 필요
073240,금호타이어,KOSPI,false,DIRECT,3,EV/EBITDA:EV_EBITDA_INPUT:OK:NO_EXACT_CANDIDATE,SOURCE_DATA_GAP,EXACT_DA_SOURCE,FALSE,MULTI_BLOCKER_SOURCE_LANE,"승인 exact D&A 원천 부족; debt_status=OK, da_status=NO_EXACT_CANDIDATE"
073240,금호타이어,KOSPI,false,DIRECT,3,영업현금흐름:MISSING_OCF_MARGIN_INPUT,SOURCE_DATA_GAP,OCF_AND_REVENUE_SOURCE,FALSE,MULTI_BLOCKER_SOURCE_LANE,영업현금흐름 또는 연간 매출 입력 보강 필요
073240,금호타이어,KOSPI,false,DIRECT,3,하루평균 절대등락률:MISSING_ELASTICITY,SOURCE_DATA_GAP,PRICE_ELASTICITY_20D,FALSE,MULTI_BLOCKER_SOURCE_LANE,20거래일 가격탄력 source 보강 필요
079900,전진건설로봇,KOSPI,false,DIRECT,3,EV/EBITDA:EV_EBITDA_INPUT:EMPTY_AS_ZERO:NO_EXACT_CANDIDATE,SOURCE_DATA_GAP,EXACT_DA_SOURCE,FALSE,MULTI_BLOCKER_SOURCE_LANE,"승인 exact D&A 원천 부족; debt_status=EMPTY_AS_ZERO, da_status=NO_EXACT_CANDIDATE"
079900,전진건설로봇,KOSPI,false,DIRECT,3,영업현금흐름:MISSING_OCF_MARGIN_INPUT,SOURCE_DATA_GAP,OCF_AND_REVENUE_SOURCE,FALSE,MULTI_BLOCKER_SOURCE_LANE,영업현금흐름 또는 연간 매출 입력 보강 필요
079900,전진건설로봇,KOSPI,false,DIRECT,3,하루평균 절대등락률:MISSING_ELASTICITY,SOURCE_DATA_GAP,PRICE_ELASTICITY_20D,FALSE,MULTI_BLOCKER_SOURCE_LANE,20거래일 가격탄력 source 보강 필요
100090,SK오션플랜트,KOSPI,false,DIRECT,3,EV/EBITDA:EV_EBITDA_INPUT:OK:NO_EXACT_CANDIDATE,SOURCE_DATA_GAP,EXACT_DA_SOURCE,FALSE,MULTI_BLOCKER_SOURCE_LANE,"승인 exact D&A 원천 부족; debt_status=OK, da_status=NO_EXACT_CANDIDATE"
100090,SK오션플랜트,KOSPI,false,DIRECT,3,영업현금흐름:MISSING_OCF_MARGIN_INPUT,SOURCE_DATA_GAP,OCF_AND_REVENUE_SOURCE,FALSE,MULTI_BLOCKER_SOURCE_LANE,영업현금흐름 또는 연간 매출 입력 보강 필요
100090,SK오션플랜트,KOSPI,false,DIRECT,3,하루평균 절대등락률:MISSING_ELASTICITY,SOURCE_DATA_GAP,PRICE_ELASTICITY_20D,FALSE,MULTI_BLOCKER_SOURCE_LANE,20거래일 가격탄력 source 보강 필요
100840,SNT에너지,KOSPI,false,DIRECT,3,EV/EBITDA:EV_EBITDA_INPUT:OK:NO_EXACT_CANDIDATE,SOURCE_DATA_GAP,EXACT_DA_SOURCE,FALSE,MULTI_BLOCKER_SOURCE_LANE,"승인 exact D&A 원천 부족; debt_status=OK, da_status=NO_EXACT_CANDIDATE"
100840,SNT에너지,KOSPI,false,DIRECT,3,영업현금흐름:MISSING_OCF_MARGIN_INPUT,SOURCE_DATA_GAP,OCF_AND_REVENUE_SOURCE,FALSE,MULTI_BLOCKER_SOURCE_LANE,영업현금흐름 또는 연간 매출 입력 보강 필요
100840,SNT에너지,KOSPI,false,DIRECT,3,하루평균 절대등락률:MISSING_ELASTICITY,SOURCE_DATA_GAP,PRICE_ELASTICITY_20D,FALSE,MULTI_BLOCKER_SOURCE_LANE,20거래일 가격탄력 source 보강 필요
195870,해성디에스,KOSPI,false,DIRECT,3,EV/EBITDA:EV_EBITDA_INPUT:EMPTY_AS_ZERO:NO_EXACT_CANDIDATE,SOURCE_DATA_GAP,EXACT_DA_SOURCE,FALSE,MULTI_BLOCKER_SOURCE_LANE,"승인 exact D&A 원천 부족; debt_status=EMPTY_AS_ZERO, da_status=NO_EXACT_CANDIDATE"
195870,해성디에스,KOSPI,false,DIRECT,3,영업현금흐름:MISSING_OCF_MARGIN_INPUT,SOURCE_DATA_GAP,OCF_AND_REVENUE_SOURCE,FALSE,MULTI_BLOCKER_SOURCE_LANE,영업현금흐름 또는 연간 매출 입력 보강 필요
195870,해성디에스,KOSPI,false,DIRECT,3,하루평균 절대등락률:MISSING_ELASTICITY,SOURCE_DATA_GAP,PRICE_ELASTICITY_20D,FALSE,MULTI_BLOCKER_SOURCE_LANE,20거래일 가격탄력 source 보강 필요
298040,효성중공업,KOSPI,false,DIRECT,3,EV/EBITDA:EV_EBITDA_INPUT:OK:NO_EXACT_CANDIDATE,SOURCE_DATA_GAP,EXACT_DA_SOURCE,FALSE,MULTI_BLOCKER_SOURCE_LANE,"승인 exact D&A 원천 부족; debt_status=OK, da_status=NO_EXACT_CANDIDATE"
298040,효성중공업,KOSPI,false,DIRECT,3,영업현금흐름:MISSING_OCF_MARGIN_INPUT,SOURCE_DATA_GAP,OCF_AND_REVENUE_SOURCE,FALSE,MULTI_BLOCKER_SOURCE_LANE,영업현금흐름 또는 연간 매출 입력 보강 필요
298040,효성중공업,KOSPI,false,DIRECT,3,하루평균 절대등락률:MISSING_ELASTICITY,SOURCE_DATA_GAP,PRICE_ELASTICITY_20D,FALSE,MULTI_BLOCKER_SOURCE_LANE,20거래일 가격탄력 source 보강 필요
322000,HD현대에너지솔루션,KOSPI,false,DIRECT,3,EV/EBITDA:EV_EBITDA_INPUT:OK:NO_EXACT_CANDIDATE,SOURCE_DATA_GAP,EXACT_DA_SOURCE,FALSE,MULTI_BLOCKER_SOURCE_LANE,"승인 exact D&A 원천 부족; debt_status=OK, da_status=NO_EXACT_CANDIDATE"
322000,HD현대에너지솔루션,KOSPI,false,DIRECT,3,영업현금흐름:MISSING_OCF_MARGIN_INPUT,SOURCE_DATA_GAP,OCF_AND_REVENUE_SOURCE,FALSE,MULTI_BLOCKER_SOURCE_LANE,영업현금흐름 또는 연간 매출 입력 보강 필요
322000,HD현대에너지솔루션,KOSPI,false,DIRECT,3,하루평균 절대등락률:MISSING_ELASTICITY,SOURCE_DATA_GAP,PRICE_ELASTICITY_20D,FALSE,MULTI_BLOCKER_SOURCE_LANE,20거래일 가격탄력 source 보강 필요
353200,대덕전자,KOSPI,false,DIRECT,3,EV/EBITDA:EV_EBITDA_INPUT:OK:NO_EXACT_CANDIDATE,SOURCE_DATA_GAP,EXACT_DA_SOURCE,FALSE,MULTI_BLOCKER_SOURCE_LANE,"승인 exact D&A 원천 부족; debt_status=OK, da_status=NO_EXACT_CANDIDATE"
353200,대덕전자,KOSPI,false,DIRECT,3,영업현금흐름:MISSING_OCF_MARGIN_INPUT,SOURCE_DATA_GAP,OCF_AND_REVENUE_SOURCE,FALSE,MULTI_BLOCKER_SOURCE_LANE,영업현금흐름 또는 연간 매출 입력 보강 필요
353200,대덕전자,KOSPI,false,DIRECT,3,하루평균 절대등락률:MISSING_ELASTICITY,SOURCE_DATA_GAP,PRICE_ELASTICITY_20D,FALSE,MULTI_BLOCKER_SOURCE_LANE,20거래일 가격탄력 source 보강 필요
443060,HD현대마린솔루션,KOSPI,false,DIRECT,3,EV/EBITDA:EV_EBITDA_INPUT:EMPTY_AS_ZERO:NO_EXACT_CANDIDATE,SOURCE_DATA_GAP,EXACT_DA_SOURCE,FALSE,MULTI_BLOCKER_SOURCE_LANE,"승인 exact D&A 원천 부족; debt_status=EMPTY_AS_ZERO, da_status=NO_EXACT_CANDIDATE"
443060,HD현대마린솔루션,KOSPI,false,DIRECT,3,영업현금흐름:MISSING_OCF_MARGIN_INPUT,SOURCE_DATA_GAP,OCF_AND_REVENUE_SOURCE,FALSE,MULTI_BLOCKER_SOURCE_LANE,영업현금흐름 또는 연간 매출 입력 보강 필요
443060,HD현대마린솔루션,KOSPI,false,DIRECT,3,하루평균 절대등락률:MISSING_ELASTICITY,SOURCE_DATA_GAP,PRICE_ELASTICITY_20D,FALSE,MULTI_BLOCKER_SOURCE_LANE,20거래일 가격탄력 source 보강 필요
000150,두산,KOSPI,false,DIRECT,4,EV/EBITDA:EV_EBITDA_INPUT:OK:NO_EXACT_CANDIDATE,SOURCE_DATA_GAP,EXACT_DA_SOURCE,FALSE,MULTI_BLOCKER_SOURCE_LANE,"승인 exact D&A 원천 부족; debt_status=OK, da_status=NO_EXACT_CANDIDATE"
000150,두산,KOSPI,false,DIRECT,4,수급·공시부담:SUPPLY_LIMITED_NO_POSITIVE_EVIDENCE,SOURCE_EVIDENCE_GAP,PRODUCTION_ANALYSIS_SUPPLY,FALSE,MULTI_BLOCKER_SOURCE_LANE,공시·수급 없음 판정을 확정할 만큼 source completeness가 부족함
000150,두산,KOSPI,false,DIRECT,4,영업현금흐름:MISSING_OCF_MARGIN_INPUT,SOURCE_DATA_GAP,OCF_AND_REVENUE_SOURCE,FALSE,MULTI_BLOCKER_SOURCE_LANE,영업현금흐름 또는 연간 매출 입력 보강 필요
000150,두산,KOSPI,false,DIRECT,4,하루평균 절대등락률:MISSING_ELASTICITY,SOURCE_DATA_GAP,PRICE_ELASTICITY_20D,FALSE,MULTI_BLOCKER_SOURCE_LANE,20거래일 가격탄력 source 보강 필요
000500,가온전선,KOSPI,false,DIRECT,4,EV/EBITDA:EV_EBITDA_INPUT:OK:NO_EXACT_CANDIDATE,SOURCE_DATA_GAP,EXACT_DA_SOURCE,FALSE,MULTI_BLOCKER_SOURCE_LANE,"승인 exact D&A 원천 부족; debt_status=OK, da_status=NO_EXACT_CANDIDATE"
000500,가온전선,KOSPI,false,DIRECT,4,과열·급락 위험:MISSING_RISK_INPUT,SOURCE_DATA_GAP,PRODUCTION_PRICE_METRICS,FALSE,MULTI_BLOCKER_SOURCE_LANE,가격·스윙·ATR·거래활동 metric 보강 필요
000500,가온전선,KOSPI,false,DIRECT,4,영업현금흐름:MISSING_OCF_MARGIN_INPUT,SOURCE_DATA_GAP,OCF_AND_REVENUE_SOURCE,FALSE,MULTI_BLOCKER_SOURCE_LANE,영업현금흐름 또는 연간 매출 입력 보강 필요
000500,가온전선,KOSPI,false,DIRECT,4,하루평균 절대등락률:MISSING_ELASTICITY,SOURCE_DATA_GAP,PRICE_ELASTICITY_20D,FALSE,MULTI_BLOCKER_SOURCE_LANE,20거래일 가격탄력 source 보강 필요
000720,현대건설,KOSPI,false,DIRECT,4,EV/EBITDA:EV_EBITDA_INPUT:OK:NO_EXACT_CANDIDATE,SOURCE_DATA_GAP,EXACT_DA_SOURCE,FALSE,MULTI_BLOCKER_SOURCE_LANE,"승인 exact D&A 원천 부족; debt_status=OK, da_status=NO_EXACT_CANDIDATE"
000720,현대건설,KOSPI,false,DIRECT,4,영업현금흐름:MISSING_OCF_MARGIN_INPUT,SOURCE_DATA_GAP,OCF_AND_REVENUE_SOURCE,FALSE,MULTI_BLOCKER_SOURCE_LANE,영업현금흐름 또는 연간 매출 입력 보강 필요
000720,현대건설,KOSPI,false,DIRECT,4,최근 분기 실적 가속·둔화:ANNUAL_OP_DENOM_NONPOSITIVE,POLICY_SEMANTIC_BLOCKER,V880_SCORING_CONTRACT,FALSE,POLICY_SEMANTIC_DEFER,전년도 연간 영업이익 분모가 비양수이며 승인 계약상 의미 blocker
000720,현대건설,KOSPI,false,DIRECT,4,하루평균 절대등락률:MISSING_ELASTICITY,SOURCE_DATA_GAP,PRICE_ELASTICITY_20D,FALSE,MULTI_BLOCKER_SOURCE_LANE,20거래일 가격탄력 source 보강 필요
003000,부광약품,KOSPI,false,DIRECT,4,EV/EBITDA:EV_EBITDA_INPUT:EMPTY_AS_ZERO:NO_EXACT_CANDIDATE,SOURCE_DATA_GAP,EXACT_DA_SOURCE,FALSE,MULTI_BLOCKER_SOURCE_LANE,"승인 exact D&A 원천 부족; debt_status=EMPTY_AS_ZERO, da_status=NO_EXACT_CANDIDATE"
003000,부광약품,KOSPI,false,DIRECT,4,수급·공시부담:SUPPLY_LIMITED_NO_POSITIVE_EVIDENCE,SOURCE_EVIDENCE_GAP,PRODUCTION_ANALYSIS_SUPPLY,FALSE,MULTI_BLOCKER_SOURCE_LANE,공시·수급 없음 판정을 확정할 만큼 source completeness가 부족함
003000,부광약품,KOSPI,false,DIRECT,4,영업현금흐름:MISSING_OCF_MARGIN_INPUT,SOURCE_DATA_GAP,OCF_AND_REVENUE_SOURCE,FALSE,MULTI_BLOCKER_SOURCE_LANE,영업현금흐름 또는 연간 매출 입력 보강 필요
003000,부광약품,KOSPI,false,DIRECT,4,하루평균 절대등락률:MISSING_ELASTICITY,SOURCE_DATA_GAP,PRICE_ELASTICITY_20D,FALSE,MULTI_BLOCKER_SOURCE_LANE,20거래일 가격탄력 source 보강 필요
004000,롯데정밀화학,KOSPI,false,DIRECT,4,EV/EBITDA:EV_EBITDA_INPUT:OK:NO_EXACT_CANDIDATE,SOURCE_DATA_GAP,EXACT_DA_SOURCE,FALSE,MULTI_BLOCKER_SOURCE_LANE,"승인 exact D&A 원천 부족; debt_status=OK, da_status=NO_EXACT_CANDIDATE"
004000,롯데정밀화학,KOSPI,false,DIRECT,4,수급·공시부담:SUPPLY_LIMITED_NO_POSITIVE_EVIDENCE,SOURCE_EVIDENCE_GAP,PRODUCTION_ANALYSIS_SUPPLY,FALSE,MULTI_BLOCKER_SOURCE_LANE,공시·수급 없음 판정을 확정할 만큼 source completeness가 부족함
004000,롯데정밀화학,KOSPI,false,DIRECT,4,영업현금흐름:MISSING_OCF_MARGIN_INPUT,SOURCE_DATA_GAP,OCF_AND_REVENUE_SOURCE,FALSE,MULTI_BLOCKER_SOURCE_LANE,영업현금흐름 또는 연간 매출 입력 보강 필요
004000,롯데정밀화학,KOSPI,false,DIRECT,4,하루평균 절대등락률:MISSING_ELASTICITY,SOURCE_DATA_GAP,PRICE_ELASTICITY_20D,FALSE,MULTI_BLOCKER_SOURCE_LANE,20거래일 가격탄력 source 보강 필요
004870,티웨이홀딩스,KOSPI,false,DIRECT,4,EV/EBITDA:EV_EBITDA_INPUT:OK:NO_EXACT_CANDIDATE,SOURCE_DATA_GAP,EXACT_DA_SOURCE,FALSE,MULTI_BLOCKER_SOURCE_LANE,"승인 exact D&A 원천 부족; debt_status=OK, da_status=NO_EXACT_CANDIDATE"
004870,티웨이홀딩스,KOSPI,false,DIRECT,4,과열·급락 위험:MISSING_RISK_INPUT,SOURCE_DATA_GAP,PRODUCTION_PRICE_METRICS,FALSE,MULTI_BLOCKER_SOURCE_LANE,가격·스윙·ATR·거래활동 metric 보강 필요
004870,티웨이홀딩스,KOSPI,false,DIRECT,4,기간 저가·고가 대비 현재위치:MISSING_POSITION,SOURCE_DATA_GAP,PRODUCTION_PRICE_METRICS,FALSE,MULTI_BLOCKER_SOURCE_LANE,가격·스윙·ATR·거래활동 metric 보강 필요
004870,티웨이홀딩스,KOSPI,false,DIRECT,4,최근 분기 실적 가속·둔화:ANNUAL_OP_DENOM_NONPOSITIVE,POLICY_SEMANTIC_BLOCKER,V880_SCORING_CONTRACT,FALSE,POLICY_SEMANTIC_DEFER,전년도 연간 영업이익 분모가 비양수이며 승인 계약상 의미 blocker
006380,카프로,KOSPI,false,DIRECT,4,EV/EBITDA:EV_EBITDA_INPUT:OK:NO_EXACT_CANDIDATE,SOURCE_DATA_GAP,EXACT_DA_SOURCE,FALSE,MULTI_BLOCKER_SOURCE_LANE,"승인 exact D&A 원천 부족; debt_status=OK, da_status=NO_EXACT_CANDIDATE"
006380,카프로,KOSPI,false,DIRECT,4,과열·급락 위험:MISSING_RISK_INPUT,SOURCE_DATA_GAP,PRODUCTION_PRICE_METRICS,FALSE,MULTI_BLOCKER_SOURCE_LANE,가격·스윙·ATR·거래활동 metric 보강 필요
006380,카프로,KOSPI,false,DIRECT,4,기간 저가·고가 대비 현재위치:MISSING_POSITION,SOURCE_DATA_GAP,PRODUCTION_PRICE_METRICS,FALSE,MULTI_BLOCKER_SOURCE_LANE,가격·스윙·ATR·거래활동 metric 보강 필요
006380,카프로,KOSPI,false,DIRECT,4,최근 분기 실적 가속·둔화:ANNUAL_OP_DENOM_NONPOSITIVE,POLICY_SEMANTIC_BLOCKER,V880_SCORING_CONTRACT,FALSE,POLICY_SEMANTIC_DEFER,전년도 연간 영업이익 분모가 비양수이며 승인 계약상 의미 blocker
009830,한화솔루션,KOSPI,false,DIRECT,4,EV/EBITDA:EV_EBITDA_INPUT:OK:NO_EXACT_CANDIDATE,SOURCE_DATA_GAP,EXACT_DA_SOURCE,FALSE,MULTI_BLOCKER_SOURCE_LANE,"승인 exact D&A 원천 부족; debt_status=OK, da_status=NO_EXACT_CANDIDATE"
009830,한화솔루션,KOSPI,false,DIRECT,4,영업현금흐름:MISSING_OCF_MARGIN_INPUT,SOURCE_DATA_GAP,OCF_AND_REVENUE_SOURCE,FALSE,MULTI_BLOCKER_SOURCE_LANE,영업현금흐름 또는 연간 매출 입력 보강 필요
009830,한화솔루션,KOSPI,false,DIRECT,4,최근 분기 실적 가속·둔화:ANNUAL_OP_DENOM_NONPOSITIVE,POLICY_SEMANTIC_BLOCKER,V880_SCORING_CONTRACT,FALSE,POLICY_SEMANTIC_DEFER,전년도 연간 영업이익 분모가 비양수이며 승인 계약상 의미 blocker
009830,한화솔루션,KOSPI,false,DIRECT,4,하루평균 절대등락률:MISSING_ELASTICITY,SOURCE_DATA_GAP,PRICE_ELASTICITY_20D,FALSE,MULTI_BLOCKER_SOURCE_LANE,20거래일 가격탄력 source 보강 필요
011170,롯데케미칼,KOSPI,false,DIRECT,4,EV/EBITDA:EV_EBITDA_INPUT:OK:NO_EXACT_CANDIDATE,SOURCE_DATA_GAP,EXACT_DA_SOURCE,FALSE,MULTI_BLOCKER_SOURCE_LANE,"승인 exact D&A 원천 부족; debt_status=OK, da_status=NO_EXACT_CANDIDATE"
011170,롯데케미칼,KOSPI,false,DIRECT,4,수급·공시부담:SUPPLY_LIMITED_NO_POSITIVE_EVIDENCE,SOURCE_EVIDENCE_GAP,PRODUCTION_ANALYSIS_SUPPLY,FALSE,MULTI_BLOCKER_SOURCE_LANE,공시·수급 없음 판정을 확정할 만큼 source completeness가 부족함
011170,롯데케미칼,KOSPI,false,DIRECT,4,영업현금흐름:MISSING_OCF_MARGIN_INPUT,SOURCE_DATA_GAP,OCF_AND_REVENUE_SOURCE,FALSE,MULTI_BLOCKER_SOURCE_LANE,영업현금흐름 또는 연간 매출 입력 보강 필요
011170,롯데케미칼,KOSPI,false,DIRECT,4,하루평균 절대등락률:MISSING_ELASTICITY,SOURCE_DATA_GAP,PRICE_ELASTICITY_20D,FALSE,MULTI_BLOCKER_SOURCE_LANE,20거래일 가격탄력 source 보강 필요
018500,동원모빌리티,KOSPI,false,UNAVAILABLE,4,EV/EBITDA:EV_EBITDA_INPUT:OK:NO_EXACT_CANDIDATE,SOURCE_DATA_GAP,EXACT_DA_SOURCE,FALSE,MULTI_BLOCKER_SOURCE_LANE,"승인 exact D&A 원천 부족; debt_status=OK, da_status=NO_EXACT_CANDIDATE"
018500,동원모빌리티,KOSPI,false,UNAVAILABLE,4,영업현금흐름:MISSING_OCF_MARGIN_INPUT,SOURCE_DATA_GAP,OCF_AND_REVENUE_SOURCE,FALSE,MULTI_BLOCKER_SOURCE_LANE,영업현금흐름 또는 연간 매출 입력 보강 필요
018500,동원모빌리티,KOSPI,false,UNAVAILABLE,4,최근 분기 실적 가속·둔화:MISSING_ACCEL_INPUT,SOURCE_DATA_GAP,INVESTMENT_SCORE_SOURCE_CACHE,FALSE,MULTI_BLOCKER_SOURCE_LANE,연간/분기 재무 raw source 보강 필요
018500,동원모빌리티,KOSPI,false,UNAVAILABLE,4,하루평균 절대등락률:MISSING_ELASTICITY,SOURCE_DATA_GAP,PRICE_ELASTICITY_20D,FALSE,MULTI_BLOCKER_SOURCE_LANE,20거래일 가격탄력 source 보강 필요
023800,인지컨트롤스,KOSPI,false,DIRECT,4,EV/EBITDA:EV_EBITDA_INPUT:OK:NO_EXACT_CANDIDATE,SOURCE_DATA_GAP,EXACT_DA_SOURCE,FALSE,MULTI_BLOCKER_SOURCE_LANE,"승인 exact D&A 원천 부족; debt_status=OK, da_status=NO_EXACT_CANDIDATE"
023800,인지컨트롤스,KOSPI,false,DIRECT,4,수급·공시부담:SUPPLY_LIMITED_NO_POSITIVE_EVIDENCE,SOURCE_EVIDENCE_GAP,PRODUCTION_ANALYSIS_SUPPLY,FALSE,MULTI_BLOCKER_SOURCE_LANE,공시·수급 없음 판정을 확정할 만큼 source completeness가 부족함
023800,인지컨트롤스,KOSPI,false,DIRECT,4,영업현금흐름:MISSING_OCF_MARGIN_INPUT,SOURCE_DATA_GAP,OCF_AND_REVENUE_SOURCE,FALSE,MULTI_BLOCKER_SOURCE_LANE,영업현금흐름 또는 연간 매출 입력 보강 필요
023800,인지컨트롤스,KOSPI,false,DIRECT,4,하루평균 절대등락률:MISSING_ELASTICITY,SOURCE_DATA_GAP,PRICE_ELASTICITY_20D,FALSE,MULTI_BLOCKER_SOURCE_LANE,20거래일 가격탄력 source 보강 필요
025820,이구산업,KOSPI,false,DIRECT,4,EV/EBITDA:EV_EBITDA_INPUT:OK:NO_EXACT_CANDIDATE,SOURCE_DATA_GAP,EXACT_DA_SOURCE,FALSE,MULTI_BLOCKER_SOURCE_LANE,"승인 exact D&A 원천 부족; debt_status=OK, da_status=NO_EXACT_CANDIDATE"
025820,이구산업,KOSPI,false,DIRECT,4,수급·공시부담:SUPPLY_LIMITED_NO_POSITIVE_EVIDENCE,SOURCE_EVIDENCE_GAP,PRODUCTION_ANALYSIS_SUPPLY,FALSE,MULTI_BLOCKER_SOURCE_LANE,공시·수급 없음 판정을 확정할 만큼 source completeness가 부족함
025820,이구산업,KOSPI,false,DIRECT,4,영업현금흐름:MISSING_OCF_MARGIN_INPUT,SOURCE_DATA_GAP,OCF_AND_REVENUE_SOURCE,FALSE,MULTI_BLOCKER_SOURCE_LANE,영업현금흐름 또는 연간 매출 입력 보강 필요
025820,이구산업,KOSPI,false,DIRECT,4,하루평균 절대등락률:MISSING_ELASTICITY,SOURCE_DATA_GAP,PRICE_ELASTICITY_20D,FALSE,MULTI_BLOCKER_SOURCE_LANE,20거래일 가격탄력 source 보강 필요
032830,삼성생명,KOSPI,true,UNAVAILABLE,4,매출 성장과 안정성:MISSING_REVENUE_GROWTH_INPUT,SOURCE_DATA_GAP,INVESTMENT_SCORE_SOURCE_CACHE,FALSE,MULTI_BLOCKER_SOURCE_LANE,연간/분기 재무 raw source 보강 필요
032830,삼성생명,KOSPI,true,UNAVAILABLE,4,최근 3년 매출 성장률:MISSING_3Y_REVENUE,SOURCE_DATA_GAP,INVESTMENT_SCORE_SOURCE_CACHE,FALSE,MULTI_BLOCKER_SOURCE_LANE,연간/분기 재무 raw source 보강 필요
032830,삼성생명,KOSPI,true,UNAVAILABLE,4,최근 분기 실적 가속·둔화:MISSING_ACCEL_INPUT,SOURCE_DATA_GAP,INVESTMENT_SCORE_SOURCE_CACHE,FALSE,MULTI_BLOCKER_SOURCE_LANE,연간/분기 재무 raw source 보강 필요
032830,삼성생명,KOSPI,true,UNAVAILABLE,4,하루평균 절대등락률:MISSING_ELASTICITY,SOURCE_DATA_GAP,PRICE_ELASTICITY_20D,FALSE,MULTI_BLOCKER_SOURCE_LANE,20거래일 가격탄력 source 보강 필요
033240,자화전자,KOSPI,false,DIRECT,4,EV/EBITDA:EV_EBITDA_INPUT:OK:NO_EXACT_CANDIDATE,SOURCE_DATA_GAP,EXACT_DA_SOURCE,FALSE,MULTI_BLOCKER_SOURCE_LANE,"승인 exact D&A 원천 부족; debt_status=OK, da_status=NO_EXACT_CANDIDATE"
033240,자화전자,KOSPI,false,DIRECT,4,수급·공시부담:SUPPLY_LIMITED_NO_POSITIVE_EVIDENCE,SOURCE_EVIDENCE_GAP,PRODUCTION_ANALYSIS_SUPPLY,FALSE,MULTI_BLOCKER_SOURCE_LANE,공시·수급 없음 판정을 확정할 만큼 source completeness가 부족함
033240,자화전자,KOSPI,false,DIRECT,4,영업현금흐름:MISSING_OCF_MARGIN_INPUT,SOURCE_DATA_GAP,OCF_AND_REVENUE_SOURCE,FALSE,MULTI_BLOCKER_SOURCE_LANE,영업현금흐름 또는 연간 매출 입력 보강 필요
033240,자화전자,KOSPI,false,DIRECT,4,하루평균 절대등락률:MISSING_ELASTICITY,SOURCE_DATA_GAP,PRICE_ELASTICITY_20D,FALSE,MULTI_BLOCKER_SOURCE_LANE,20거래일 가격탄력 source 보강 필요
069730,DSR제강,KOSPI,false,DIRECT,4,EV/EBITDA:EV_EBITDA_INPUT:OK:NO_EXACT_CANDIDATE,SOURCE_DATA_GAP,EXACT_DA_SOURCE,FALSE,MULTI_BLOCKER_SOURCE_LANE,"승인 exact D&A 원천 부족; debt_status=OK, da_status=NO_EXACT_CANDIDATE"
069730,DSR제강,KOSPI,false,DIRECT,4,수급·공시부담:SUPPLY_LIMITED_NO_POSITIVE_EVIDENCE,SOURCE_EVIDENCE_GAP,PRODUCTION_ANALYSIS_SUPPLY,FALSE,MULTI_BLOCKER_SOURCE_LANE,공시·수급 없음 판정을 확정할 만큼 source completeness가 부족함
069730,DSR제강,KOSPI,false,DIRECT,4,영업현금흐름:MISSING_OCF_MARGIN_INPUT,SOURCE_DATA_GAP,OCF_AND_REVENUE_SOURCE,FALSE,MULTI_BLOCKER_SOURCE_LANE,영업현금흐름 또는 연간 매출 입력 보강 필요
069730,DSR제강,KOSPI,false,DIRECT,4,하루평균 절대등락률:MISSING_ELASTICITY,SOURCE_DATA_GAP,PRICE_ELASTICITY_20D,FALSE,MULTI_BLOCKER_SOURCE_LANE,20거래일 가격탄력 source 보강 필요
071090,하이스틸,KOSPI,false,DIRECT,4,EV/EBITDA:EV_EBITDA_INPUT:OK:NO_EXACT_CANDIDATE,SOURCE_DATA_GAP,EXACT_DA_SOURCE,FALSE,MULTI_BLOCKER_SOURCE_LANE,"승인 exact D&A 원천 부족; debt_status=OK, da_status=NO_EXACT_CANDIDATE"
071090,하이스틸,KOSPI,false,DIRECT,4,수급·공시부담:SUPPLY_LIMITED_NO_POSITIVE_EVIDENCE,SOURCE_EVIDENCE_GAP,PRODUCTION_ANALYSIS_SUPPLY,FALSE,MULTI_BLOCKER_SOURCE_LANE,공시·수급 없음 판정을 확정할 만큼 source completeness가 부족함
071090,하이스틸,KOSPI,false,DIRECT,4,영업현금흐름:MISSING_OCF_MARGIN_INPUT,SOURCE_DATA_GAP,OCF_AND_REVENUE_SOURCE,FALSE,MULTI_BLOCKER_SOURCE_LANE,영업현금흐름 또는 연간 매출 입력 보강 필요
071090,하이스틸,KOSPI,false,DIRECT,4,하루평균 절대등락률:MISSING_ELASTICITY,SOURCE_DATA_GAP,PRICE_ELASTICITY_20D,FALSE,MULTI_BLOCKER_SOURCE_LANE,20거래일 가격탄력 source 보강 필요
078000,텔코웨어,KOSPI,false,DIRECT,4,EV/EBITDA:EV_EBITDA_INPUT:EMPTY_AS_ZERO:NO_EXACT_CANDIDATE,SOURCE_DATA_GAP,EXACT_DA_SOURCE,FALSE,MULTI_BLOCKER_SOURCE_LANE,"승인 exact D&A 원천 부족; debt_status=EMPTY_AS_ZERO, da_status=NO_EXACT_CANDIDATE"
078000,텔코웨어,KOSPI,false,DIRECT,4,수급·공시부담:SUPPLY_LIMITED_NO_POSITIVE_EVIDENCE,SOURCE_EVIDENCE_GAP,PRODUCTION_ANALYSIS_SUPPLY,FALSE,MULTI_BLOCKER_SOURCE_LANE,공시·수급 없음 판정을 확정할 만큼 source completeness가 부족함
078000,텔코웨어,KOSPI,false,DIRECT,4,영업현금흐름:MISSING_OCF_MARGIN_INPUT,SOURCE_DATA_GAP,OCF_AND_REVENUE_SOURCE,FALSE,MULTI_BLOCKER_SOURCE_LANE,영업현금흐름 또는 연간 매출 입력 보강 필요
078000,텔코웨어,KOSPI,false,DIRECT,4,하루평균 절대등락률:MISSING_ELASTICITY,SOURCE_DATA_GAP,PRICE_ELASTICITY_20D,FALSE,MULTI_BLOCKER_SOURCE_LANE,20거래일 가격탄력 source 보강 필요
249420,일동제약,KOSPI,false,DIRECT,4,EV/EBITDA:EV_EBITDA_INPUT:EMPTY_AS_ZERO:NO_EXACT_CANDIDATE,SOURCE_DATA_GAP,EXACT_DA_SOURCE,FALSE,MULTI_BLOCKER_SOURCE_LANE,"승인 exact D&A 원천 부족; debt_status=EMPTY_AS_ZERO, da_status=NO_EXACT_CANDIDATE"
249420,일동제약,KOSPI,false,DIRECT,4,수급·공시부담:SUPPLY_LIMITED_NO_POSITIVE_EVIDENCE,SOURCE_EVIDENCE_GAP,PRODUCTION_ANALYSIS_SUPPLY,FALSE,MULTI_BLOCKER_SOURCE_LANE,공시·수급 없음 판정을 확정할 만큼 source completeness가 부족함
249420,일동제약,KOSPI,false,DIRECT,4,영업현금흐름:MISSING_OCF_MARGIN_INPUT,SOURCE_DATA_GAP,OCF_AND_REVENUE_SOURCE,FALSE,MULTI_BLOCKER_SOURCE_LANE,영업현금흐름 또는 연간 매출 입력 보강 필요
249420,일동제약,KOSPI,false,DIRECT,4,하루평균 절대등락률:MISSING_ELASTICITY,SOURCE_DATA_GAP,PRICE_ELASTICITY_20D,FALSE,MULTI_BLOCKER_SOURCE_LANE,20거래일 가격탄력 source 보강 필요
307950,현대오토에버,KOSPI,false,DIRECT,4,EV/EBITDA:EV_EBITDA_INPUT:EMPTY_AS_ZERO:NO_EXACT_CANDIDATE,SOURCE_DATA_GAP,EXACT_DA_SOURCE,FALSE,MULTI_BLOCKER_SOURCE_LANE,"승인 exact D&A 원천 부족; debt_status=EMPTY_AS_ZERO, da_status=NO_EXACT_CANDIDATE"
307950,현대오토에버,KOSPI,false,DIRECT,4,수급·공시부담:SUPPLY_LIMITED_NO_POSITIVE_EVIDENCE,SOURCE_EVIDENCE_GAP,PRODUCTION_ANALYSIS_SUPPLY,FALSE,MULTI_BLOCKER_SOURCE_LANE,공시·수급 없음 판정을 확정할 만큼 source completeness가 부족함
307950,현대오토에버,KOSPI,false,DIRECT,4,영업현금흐름:MISSING_OCF_MARGIN_INPUT,SOURCE_DATA_GAP,OCF_AND_REVENUE_SOURCE,FALSE,MULTI_BLOCKER_SOURCE_LANE,영업현금흐름 또는 연간 매출 입력 보강 필요
307950,현대오토에버,KOSPI,false,DIRECT,4,하루평균 절대등락률:MISSING_ELASTICITY,SOURCE_DATA_GAP,PRICE_ELASTICITY_20D,FALSE,MULTI_BLOCKER_SOURCE_LANE,20거래일 가격탄력 source 보강 필요
336370,솔루스첨단소재,KOSPI,false,DIRECT,4,EV/EBITDA:EV_EBITDA_INPUT:OK:NO_EXACT_CANDIDATE,SOURCE_DATA_GAP,EXACT_DA_SOURCE,FALSE,MULTI_BLOCKER_SOURCE_LANE,"승인 exact D&A 원천 부족; debt_status=OK, da_status=NO_EXACT_CANDIDATE"
336370,솔루스첨단소재,KOSPI,false,DIRECT,4,영업현금흐름:MISSING_OCF_MARGIN_INPUT,SOURCE_DATA_GAP,OCF_AND_REVENUE_SOURCE,FALSE,MULTI_BLOCKER_SOURCE_LANE,영업현금흐름 또는 연간 매출 입력 보강 필요
336370,솔루스첨단소재,KOSPI,false,DIRECT,4,최근 분기 실적 가속·둔화:ANNUAL_OP_DENOM_NONPOSITIVE,POLICY_SEMANTIC_BLOCKER,V880_SCORING_CONTRACT,FALSE,POLICY_SEMANTIC_DEFER,전년도 연간 영업이익 분모가 비양수이며 승인 계약상 의미 blocker
336370,솔루스첨단소재,KOSPI,false,DIRECT,4,하루평균 절대등락률:MISSING_ELASTICITY,SOURCE_DATA_GAP,PRICE_ELASTICITY_20D,FALSE,MULTI_BLOCKER_SOURCE_LANE,20거래일 가격탄력 source 보강 필요
439260,대한조선,KOSPI,false,UNAVAILABLE,4,EV/EBITDA:EV_EBITDA_INPUT:EMPTY_AS_ZERO:NO_EXACT_CANDIDATE,SOURCE_DATA_GAP,EXACT_DA_SOURCE,FALSE,MULTI_BLOCKER_SOURCE_LANE,"승인 exact D&A 원천 부족; debt_status=EMPTY_AS_ZERO, da_status=NO_EXACT_CANDIDATE"
439260,대한조선,KOSPI,false,UNAVAILABLE,4,영업현금흐름:MISSING_OCF_MARGIN_INPUT,SOURCE_DATA_GAP,OCF_AND_REVENUE_SOURCE,FALSE,MULTI_BLOCKER_SOURCE_LANE,영업현금흐름 또는 연간 매출 입력 보강 필요
439260,대한조선,KOSPI,false,UNAVAILABLE,4,최근 분기 실적 가속·둔화:MISSING_ACCEL_INPUT,SOURCE_DATA_GAP,INVESTMENT_SCORE_SOURCE_CACHE,FALSE,MULTI_BLOCKER_SOURCE_LANE,연간/분기 재무 raw source 보강 필요
439260,대한조선,KOSPI,false,UNAVAILABLE,4,하루평균 절대등락률:MISSING_ELASTICITY,SOURCE_DATA_GAP,PRICE_ELASTICITY_20D,FALSE,MULTI_BLOCKER_SOURCE_LANE,20거래일 가격탄력 source 보강 필요
000890,보해양조,KOSPI,false,DIRECT,5,EV/EBITDA:EV_EBITDA_INPUT:OK:NO_EXACT_CANDIDATE,SOURCE_DATA_GAP,EXACT_DA_SOURCE,FALSE,MULTI_BLOCKER_SOURCE_LANE,"승인 exact D&A 원천 부족; debt_status=OK, da_status=NO_EXACT_CANDIDATE"
000890,보해양조,KOSPI,false,DIRECT,5,과열·급락 위험:MISSING_RISK_INPUT,SOURCE_DATA_GAP,PRODUCTION_PRICE_METRICS,FALSE,MULTI_BLOCKER_SOURCE_LANE,가격·스윙·ATR·거래활동 metric 보강 필요
000890,보해양조,KOSPI,false,DIRECT,5,수급·공시부담:SUPPLY_LIMITED_NO_POSITIVE_EVIDENCE,SOURCE_EVIDENCE_GAP,PRODUCTION_ANALYSIS_SUPPLY,FALSE,MULTI_BLOCKER_SOURCE_LANE,공시·수급 없음 판정을 확정할 만큼 source completeness가 부족함
000890,보해양조,KOSPI,false,DIRECT,5,영업현금흐름:MISSING_OCF_MARGIN_INPUT,SOURCE_DATA_GAP,OCF_AND_REVENUE_SOURCE,FALSE,MULTI_BLOCKER_SOURCE_LANE,영업현금흐름 또는 연간 매출 입력 보강 필요
000890,보해양조,KOSPI,false,DIRECT,5,하루평균 절대등락률:MISSING_ELASTICITY,SOURCE_DATA_GAP,PRICE_ELASTICITY_20D,FALSE,MULTI_BLOCKER_SOURCE_LANE,20거래일 가격탄력 source 보강 필요
002210,동성제약,KOSPI,false,DIRECT,5,EV/EBITDA:EV_EBITDA_INPUT:EMPTY_AS_ZERO:NO_EXACT_CANDIDATE,SOURCE_DATA_GAP,EXACT_DA_SOURCE,FALSE,MULTI_BLOCKER_SOURCE_LANE,"승인 exact D&A 원천 부족; debt_status=EMPTY_AS_ZERO, da_status=NO_EXACT_CANDIDATE"
002210,동성제약,KOSPI,false,DIRECT,5,과열·급락 위험:MISSING_RISK_INPUT,SOURCE_DATA_GAP,PRODUCTION_PRICE_METRICS,FALSE,MULTI_BLOCKER_SOURCE_LANE,가격·스윙·ATR·거래활동 metric 보강 필요
002210,동성제약,KOSPI,false,DIRECT,5,기간 저가·고가 대비 현재위치:MISSING_POSITION,SOURCE_DATA_GAP,PRODUCTION_PRICE_METRICS,FALSE,MULTI_BLOCKER_SOURCE_LANE,가격·스윙·ATR·거래활동 metric 보강 필요
002210,동성제약,KOSPI,false,DIRECT,5,수급·공시부담:SUPPLY_LIMITED_NO_POSITIVE_EVIDENCE,SOURCE_EVIDENCE_GAP,PRODUCTION_ANALYSIS_SUPPLY,FALSE,MULTI_BLOCKER_SOURCE_LANE,공시·수급 없음 판정을 확정할 만큼 source completeness가 부족함
002210,동성제약,KOSPI,false,DIRECT,5,최근 분기 실적 가속·둔화:ANNUAL_OP_DENOM_NONPOSITIVE,POLICY_SEMANTIC_BLOCKER,V880_SCORING_CONTRACT,FALSE,POLICY_SEMANTIC_DEFER,전년도 연간 영업이익 분모가 비양수이며 승인 계약상 의미 blocker
002360,SH에너지화학,KOSPI,false,DIRECT,5,EV/EBITDA:EV_EBITDA_INPUT:OK:NO_EXACT_CANDIDATE,SOURCE_DATA_GAP,EXACT_DA_SOURCE,FALSE,MULTI_BLOCKER_SOURCE_LANE,"승인 exact D&A 원천 부족; debt_status=OK, da_status=NO_EXACT_CANDIDATE"
002360,SH에너지화학,KOSPI,false,DIRECT,5,과열·급락 위험:MISSING_RISK_INPUT,SOURCE_DATA_GAP,PRODUCTION_PRICE_METRICS,FALSE,MULTI_BLOCKER_SOURCE_LANE,가격·스윙·ATR·거래활동 metric 보강 필요
002360,SH에너지화학,KOSPI,false,DIRECT,5,기간 저가·고가 대비 현재위치:MISSING_POSITION,SOURCE_DATA_GAP,PRODUCTION_PRICE_METRICS,FALSE,MULTI_BLOCKER_SOURCE_LANE,가격·스윙·ATR·거래활동 metric 보강 필요
002360,SH에너지화학,KOSPI,false,DIRECT,5,영업현금흐름:MISSING_OCF_MARGIN_INPUT,SOURCE_DATA_GAP,OCF_AND_REVENUE_SOURCE,FALSE,MULTI_BLOCKER_SOURCE_LANE,영업현금흐름 또는 연간 매출 입력 보강 필요
002360,SH에너지화학,KOSPI,false,DIRECT,5,하루평균 절대등락률:MISSING_ELASTICITY,SOURCE_DATA_GAP,PRICE_ELASTICITY_20D,FALSE,MULTI_BLOCKER_SOURCE_LANE,20거래일 가격탄력 source 보강 필요
002990,금호건설,KOSPI,false,DIRECT,5,EV/EBITDA:EV_EBITDA_INPUT:OK:NO_EXACT_CANDIDATE,SOURCE_DATA_GAP,EXACT_DA_SOURCE,FALSE,MULTI_BLOCKER_SOURCE_LANE,"승인 exact D&A 원천 부족; debt_status=OK, da_status=NO_EXACT_CANDIDATE"
002990,금호건설,KOSPI,false,DIRECT,5,과열·급락 위험:MISSING_RISK_INPUT,SOURCE_DATA_GAP,PRODUCTION_PRICE_METRICS,FALSE,MULTI_BLOCKER_SOURCE_LANE,가격·스윙·ATR·거래활동 metric 보강 필요
002990,금호건설,KOSPI,false,DIRECT,5,기간 저가·고가 대비 현재위치:MISSING_POSITION,SOURCE_DATA_GAP,PRODUCTION_PRICE_METRICS,FALSE,MULTI_BLOCKER_SOURCE_LANE,가격·스윙·ATR·거래활동 metric 보강 필요
002990,금호건설,KOSPI,false,DIRECT,5,수급·공시부담:SUPPLY_LIMITED_NO_POSITIVE_EVIDENCE,SOURCE_EVIDENCE_GAP,PRODUCTION_ANALYSIS_SUPPLY,FALSE,MULTI_BLOCKER_SOURCE_LANE,공시·수급 없음 판정을 확정할 만큼 source completeness가 부족함
002990,금호건설,KOSPI,false,DIRECT,5,최근 분기 실적 가속·둔화:ANNUAL_OP_DENOM_NONPOSITIVE,POLICY_SEMANTIC_BLOCKER,V880_SCORING_CONTRACT,FALSE,POLICY_SEMANTIC_DEFER,전년도 연간 영업이익 분모가 비양수이며 승인 계약상 의미 blocker
014990,인디에프,KOSPI,false,DIRECT,5,과열·급락 위험:MISSING_RISK_INPUT,SOURCE_DATA_GAP,PRODUCTION_PRICE_METRICS,FALSE,MULTI_BLOCKER_SOURCE_LANE,가격·스윙·ATR·거래활동 metric 보강 필요
014990,인디에프,KOSPI,false,DIRECT,5,기간 저가·고가 대비 현재위치:MISSING_POSITION,SOURCE_DATA_GAP,PRODUCTION_PRICE_METRICS,FALSE,MULTI_BLOCKER_SOURCE_LANE,가격·스윙·ATR·거래활동 metric 보강 필요
014990,인디에프,KOSPI,false,DIRECT,5,영업현금흐름:MISSING_OCF_MARGIN_INPUT,SOURCE_DATA_GAP,OCF_AND_REVENUE_SOURCE,FALSE,MULTI_BLOCKER_SOURCE_LANE,영업현금흐름 또는 연간 매출 입력 보강 필요
014990,인디에프,KOSPI,false,DIRECT,5,최근 분기 실적 가속·둔화:ANNUAL_OP_DENOM_NONPOSITIVE,POLICY_SEMANTIC_BLOCKER,V880_SCORING_CONTRACT,FALSE,POLICY_SEMANTIC_DEFER,전년도 연간 영업이익 분모가 비양수이며 승인 계약상 의미 blocker
014990,인디에프,KOSPI,false,DIRECT,5,하루평균 절대등락률:MISSING_ELASTICITY,SOURCE_DATA_GAP,PRICE_ELASTICITY_20D,FALSE,MULTI_BLOCKER_SOURCE_LANE,20거래일 가격탄력 source 보강 필요
001510,SK증권,KOSPI,true,UNAVAILABLE,6,과열·급락 위험:MISSING_RISK_INPUT,SOURCE_DATA_GAP,PRODUCTION_PRICE_METRICS,FALSE,MULTI_BLOCKER_SOURCE_LANE,가격·스윙·ATR·거래활동 metric 보강 필요
001510,SK증권,KOSPI,true,UNAVAILABLE,6,매출 성장과 안정성:MISSING_REVENUE_GROWTH_INPUT,SOURCE_DATA_GAP,INVESTMENT_SCORE_SOURCE_CACHE,FALSE,MULTI_BLOCKER_SOURCE_LANE,연간/분기 재무 raw source 보강 필요
001510,SK증권,KOSPI,true,UNAVAILABLE,6,수급·공시부담:SUPPLY_LIMITED_NO_POSITIVE_EVIDENCE,SOURCE_EVIDENCE_GAP,PRODUCTION_ANALYSIS_SUPPLY,FALSE,MULTI_BLOCKER_SOURCE_LANE,공시·수급 없음 판정을 확정할 만큼 source completeness가 부족함
001510,SK증권,KOSPI,true,UNAVAILABLE,6,최근 3년 매출 성장률:MISSING_3Y_REVENUE,SOURCE_DATA_GAP,INVESTMENT_SCORE_SOURCE_CACHE,FALSE,MULTI_BLOCKER_SOURCE_LANE,연간/분기 재무 raw source 보강 필요
001510,SK증권,KOSPI,true,UNAVAILABLE,6,최근 분기 실적 가속·둔화:MISSING_ACCEL_INPUT,SOURCE_DATA_GAP,INVESTMENT_SCORE_SOURCE_CACHE,FALSE,MULTI_BLOCKER_SOURCE_LANE,연간/분기 재무 raw source 보강 필요
001510,SK증권,KOSPI,true,UNAVAILABLE,6,하루평균 절대등락률:MISSING_ELASTICITY,SOURCE_DATA_GAP,PRICE_ELASTICITY_20D,FALSE,MULTI_BLOCKER_SOURCE_LANE,20거래일 가격탄력 source 보강 필요
019680,대교,KOSPI,false,DIRECT,6,EV/EBITDA:EV_EBITDA_INPUT:OK:NO_EXACT_CANDIDATE,SOURCE_DATA_GAP,EXACT_DA_SOURCE,FALSE,MULTI_BLOCKER_SOURCE_LANE,"승인 exact D&A 원천 부족; debt_status=OK, da_status=NO_EXACT_CANDIDATE"
019680,대교,KOSPI,false,DIRECT,6,과열·급락 위험:MISSING_RISK_INPUT,SOURCE_DATA_GAP,PRODUCTION_PRICE_METRICS,FALSE,MULTI_BLOCKER_SOURCE_LANE,가격·스윙·ATR·거래활동 metric 보강 필요
019680,대교,KOSPI,false,DIRECT,6,기간 저가·고가 대비 현재위치:MISSING_POSITION,SOURCE_DATA_GAP,PRODUCTION_PRICE_METRICS,FALSE,MULTI_BLOCKER_SOURCE_LANE,가격·스윙·ATR·거래활동 metric 보강 필요
019680,대교,KOSPI,false,DIRECT,6,영업현금흐름:MISSING_OCF_MARGIN_INPUT,SOURCE_DATA_GAP,OCF_AND_REVENUE_SOURCE,FALSE,MULTI_BLOCKER_SOURCE_LANE,영업현금흐름 또는 연간 매출 입력 보강 필요
019680,대교,KOSPI,false,DIRECT,6,최근 분기 실적 가속·둔화:ANNUAL_OP_DENOM_NONPOSITIVE,POLICY_SEMANTIC_BLOCKER,V880_SCORING_CONTRACT,FALSE,POLICY_SEMANTIC_DEFER,전년도 연간 영업이익 분모가 비양수이며 승인 계약상 의미 blocker
019680,대교,KOSPI,false,DIRECT,6,하루평균 절대등락률:MISSING_ELASTICITY,SOURCE_DATA_GAP,PRICE_ELASTICITY_20D,FALSE,MULTI_BLOCKER_SOURCE_LANE,20거래일 가격탄력 source 보강 필요
489790,한화비전,KOSPI,false,UNAVAILABLE,6,EV/EBITDA:EV_EBITDA_INPUT:OK:NO_EXACT_CANDIDATE,SOURCE_DATA_GAP,EXACT_DA_SOURCE,FALSE,MULTI_BLOCKER_SOURCE_LANE,"승인 exact D&A 원천 부족; debt_status=OK, da_status=NO_EXACT_CANDIDATE"
489790,한화비전,KOSPI,false,UNAVAILABLE,6,매출 성장과 안정성:MISSING_REVENUE_GROWTH_INPUT,SOURCE_DATA_GAP,INVESTMENT_SCORE_SOURCE_CACHE,FALSE,MULTI_BLOCKER_SOURCE_LANE,연간/분기 재무 raw source 보강 필요
489790,한화비전,KOSPI,false,UNAVAILABLE,6,영업현금흐름:MISSING_OCF_MARGIN_INPUT,SOURCE_DATA_GAP,OCF_AND_REVENUE_SOURCE,FALSE,MULTI_BLOCKER_SOURCE_LANE,영업현금흐름 또는 연간 매출 입력 보강 필요
489790,한화비전,KOSPI,false,UNAVAILABLE,6,최근 3년 매출 성장률:MISSING_3Y_REVENUE,SOURCE_DATA_GAP,INVESTMENT_SCORE_SOURCE_CACHE,FALSE,MULTI_BLOCKER_SOURCE_LANE,연간/분기 재무 raw source 보강 필요
489790,한화비전,KOSPI,false,UNAVAILABLE,6,최근 3년 영업이익 성장률:MISSING_3Y_OP,SOURCE_DATA_GAP,INVESTMENT_SCORE_SOURCE_CACHE,FALSE,MULTI_BLOCKER_SOURCE_LANE,연간/분기 재무 raw source 보강 필요
489790,한화비전,KOSPI,false,UNAVAILABLE,6,하루평균 절대등락률:MISSING_ELASTICITY,SOURCE_DATA_GAP,PRICE_ELASTICITY_20D,FALSE,MULTI_BLOCKER_SOURCE_LANE,20거래일 가격탄력 source 보강 필요
003555,LG우,KOSPI,true,PREFERRED_COMMON:003550,10,PBR:MISSING_PBR_OR_ROE,SOURCE_DATA_GAP,FINANCIAL_VALUATION_CACHE,FALSE,MULTI_BLOCKER_SOURCE_LANE,밸류에이션 또는 관련 이익·ROE 입력 보강 필요
003555,LG우,KOSPI,true,PREFERRED_COMMON:003550,10,PER:MISSING_PER,SOURCE_DATA_GAP,FINANCIAL_VALUATION_CACHE,FALSE,MULTI_BLOCKER_SOURCE_LANE,밸류에이션 또는 관련 이익·ROE 입력 보강 필요
003555,LG우,KOSPI,true,PREFERRED_COMMON:003550,10,ROE:MISSING_ROE,SOURCE_DATA_GAP,FINANCIAL_VALUATION_CACHE,FALSE,MULTI_BLOCKER_SOURCE_LANE,재무·수익성 cache 입력 보강 필요
003555,LG우,KOSPI,true,PREFERRED_COMMON:003550,10,매출 성장과 안정성:MISSING_REVENUE_GROWTH_INPUT,SOURCE_DATA_GAP,INVESTMENT_SCORE_SOURCE_CACHE,FALSE,MULTI_BLOCKER_SOURCE_LANE,연간/분기 재무 raw source 보강 필요
003555,LG우,KOSPI,true,PREFERRED_COMMON:003550,10,수급·공시부담:SUPPLY_LIMITED_NO_POSITIVE_EVIDENCE,SOURCE_EVIDENCE_GAP,PRODUCTION_ANALYSIS_SUPPLY,FALSE,MULTI_BLOCKER_SOURCE_LANE,공시·수급 없음 판정을 확정할 만큼 source completeness가 부족함
003555,LG우,KOSPI,true,PREFERRED_COMMON:003550,10,순이익 흐름:MISSING_EARNINGS_TREND,SOURCE_DATA_GAP,FINANCIAL_VALUATION_CACHE,FALSE,MULTI_BLOCKER_SOURCE_LANE,재무·수익성 cache 입력 보강 필요
003555,LG우,KOSPI,true,PREFERRED_COMMON:003550,10,영업이익 성장과 흑자 여부:MISSING_OP_PROFIT,SOURCE_DATA_GAP,FINANCIAL_VALUATION_CACHE,FALSE,MULTI_BLOCKER_SOURCE_LANE,재무·수익성 cache 입력 보강 필요
003555,LG우,KOSPI,true,PREFERRED_COMMON:003550,10,영업이익률:MISSING_MARGIN,SOURCE_DATA_GAP,FINANCIAL_VALUATION_CACHE,FALSE,MULTI_BLOCKER_SOURCE_LANE,재무·수익성 cache 입력 보강 필요
003555,LG우,KOSPI,true,PREFERRED_COMMON:003550,10,하루평균 절대등락률:MISSING_ELASTICITY,SOURCE_DATA_GAP,PRICE_ELASTICITY_20D,FALSE,MULTI_BLOCKER_SOURCE_LANE,20거래일 가격탄력 source 보강 필요
003555,LG우,KOSPI,true,PREFERRED_COMMON:003550,10,흑자 지속성과 이익 안정성:MISSING_EARNINGS_TREND,SOURCE_DATA_GAP,FINANCIAL_VALUATION_CACHE,FALSE,MULTI_BLOCKER_SOURCE_LANE,재무·수익성 cache 입력 보강 필요
006805,미래에셋증권우,KOSPI,true,PREFERRED_COMMON:006800,10,PBR:MISSING_PBR_OR_ROE,SOURCE_DATA_GAP,FINANCIAL_VALUATION_CACHE,FALSE,MULTI_BLOCKER_SOURCE_LANE,밸류에이션 또는 관련 이익·ROE 입력 보강 필요
006805,미래에셋증권우,KOSPI,true,PREFERRED_COMMON:006800,10,PER:MISSING_PER,SOURCE_DATA_GAP,FINANCIAL_VALUATION_CACHE,FALSE,MULTI_BLOCKER_SOURCE_LANE,밸류에이션 또는 관련 이익·ROE 입력 보강 필요
006805,미래에셋증권우,KOSPI,true,PREFERRED_COMMON:006800,10,ROE:MISSING_ROE,SOURCE_DATA_GAP,FINANCIAL_VALUATION_CACHE,FALSE,MULTI_BLOCKER_SOURCE_LANE,재무·수익성 cache 입력 보강 필요
006805,미래에셋증권우,KOSPI,true,PREFERRED_COMMON:006800,10,매출 성장과 안정성:MISSING_REVENUE_GROWTH_INPUT,SOURCE_DATA_GAP,INVESTMENT_SCORE_SOURCE_CACHE,FALSE,MULTI_BLOCKER_SOURCE_LANE,연간/분기 재무 raw source 보강 필요
006805,미래에셋증권우,KOSPI,true,PREFERRED_COMMON:006800,10,수급·공시부담:SUPPLY_LIMITED_NO_POSITIVE_EVIDENCE,SOURCE_EVIDENCE_GAP,PRODUCTION_ANALYSIS_SUPPLY,FALSE,MULTI_BLOCKER_SOURCE_LANE,공시·수급 없음 판정을 확정할 만큼 source completeness가 부족함
006805,미래에셋증권우,KOSPI,true,PREFERRED_COMMON:006800,10,순이익 흐름:MISSING_EARNINGS_TREND,SOURCE_DATA_GAP,FINANCIAL_VALUATION_CACHE,FALSE,MULTI_BLOCKER_SOURCE_LANE,재무·수익성 cache 입력 보강 필요
006805,미래에셋증권우,KOSPI,true,PREFERRED_COMMON:006800,10,영업이익 성장과 흑자 여부:MISSING_OP_PROFIT,SOURCE_DATA_GAP,FINANCIAL_VALUATION_CACHE,FALSE,MULTI_BLOCKER_SOURCE_LANE,재무·수익성 cache 입력 보강 필요
006805,미래에셋증권우,KOSPI,true,PREFERRED_COMMON:006800,10,영업이익률:MISSING_MARGIN,SOURCE_DATA_GAP,FINANCIAL_VALUATION_CACHE,FALSE,MULTI_BLOCKER_SOURCE_LANE,재무·수익성 cache 입력 보강 필요
006805,미래에셋증권우,KOSPI,true,PREFERRED_COMMON:006800,10,하루평균 절대등락률:MISSING_ELASTICITY,SOURCE_DATA_GAP,PRICE_ELASTICITY_20D,FALSE,MULTI_BLOCKER_SOURCE_LANE,20거래일 가격탄력 source 보강 필요
006805,미래에셋증권우,KOSPI,true,PREFERRED_COMMON:006800,10,흑자 지속성과 이익 안정성:MISSING_EARNINGS_TREND,SOURCE_DATA_GAP,FINANCIAL_VALUATION_CACHE,FALSE,MULTI_BLOCKER_SOURCE_LANE,재무·수익성 cache 입력 보강 필요
002025,코오롱우,KOSPI,true,PREFERRED_COMMON:002020,11,PBR:MISSING_PBR_OR_ROE,SOURCE_DATA_GAP,FINANCIAL_VALUATION_CACHE,FALSE,MULTI_BLOCKER_SOURCE_LANE,밸류에이션 또는 관련 이익·ROE 입력 보강 필요
002025,코오롱우,KOSPI,true,PREFERRED_COMMON:002020,11,PER:MISSING_PER,SOURCE_DATA_GAP,FINANCIAL_VALUATION_CACHE,FALSE,MULTI_BLOCKER_SOURCE_LANE,밸류에이션 또는 관련 이익·ROE 입력 보강 필요
002025,코오롱우,KOSPI,true,PREFERRED_COMMON:002020,11,ROE:MISSING_ROE,SOURCE_DATA_GAP,FINANCIAL_VALUATION_CACHE,FALSE,MULTI_BLOCKER_SOURCE_LANE,재무·수익성 cache 입력 보강 필요
002025,코오롱우,KOSPI,true,PREFERRED_COMMON:002020,11,매출 성장과 안정성:MISSING_REVENUE_GROWTH_INPUT,SOURCE_DATA_GAP,INVESTMENT_SCORE_SOURCE_CACHE,FALSE,MULTI_BLOCKER_SOURCE_LANE,연간/분기 재무 raw source 보강 필요
002025,코오롱우,KOSPI,true,PREFERRED_COMMON:002020,11,수급·공시부담:SUPPLY_LIMITED_NO_POSITIVE_EVIDENCE,SOURCE_EVIDENCE_GAP,PRODUCTION_ANALYSIS_SUPPLY,FALSE,MULTI_BLOCKER_SOURCE_LANE,공시·수급 없음 판정을 확정할 만큼 source completeness가 부족함
002025,코오롱우,KOSPI,true,PREFERRED_COMMON:002020,11,순이익 흐름:MISSING_EARNINGS_TREND,SOURCE_DATA_GAP,FINANCIAL_VALUATION_CACHE,FALSE,MULTI_BLOCKER_SOURCE_LANE,재무·수익성 cache 입력 보강 필요
002025,코오롱우,KOSPI,true,PREFERRED_COMMON:002020,11,영업이익 성장과 흑자 여부:MISSING_OP_PROFIT,SOURCE_DATA_GAP,FINANCIAL_VALUATION_CACHE,FALSE,MULTI_BLOCKER_SOURCE_LANE,재무·수익성 cache 입력 보강 필요
002025,코오롱우,KOSPI,true,PREFERRED_COMMON:002020,11,영업이익률:MISSING_MARGIN,SOURCE_DATA_GAP,FINANCIAL_VALUATION_CACHE,FALSE,MULTI_BLOCKER_SOURCE_LANE,재무·수익성 cache 입력 보강 필요
002025,코오롱우,KOSPI,true,PREFERRED_COMMON:002020,11,최근 분기 실적 가속·둔화:ANNUAL_OP_DENOM_NONPOSITIVE,POLICY_SEMANTIC_BLOCKER,V880_SCORING_CONTRACT,FALSE,POLICY_SEMANTIC_DEFER,전년도 연간 영업이익 분모가 비양수이며 승인 계약상 의미 blocker
002025,코오롱우,KOSPI,true,PREFERRED_COMMON:002020,11,하루평균 절대등락률:MISSING_ELASTICITY,SOURCE_DATA_GAP,PRICE_ELASTICITY_20D,FALSE,MULTI_BLOCKER_SOURCE_LANE,20거래일 가격탄력 source 보강 필요
002025,코오롱우,KOSPI,true,PREFERRED_COMMON:002020,11,흑자 지속성과 이익 안정성:MISSING_EARNINGS_TREND,SOURCE_DATA_GAP,FINANCIAL_VALUATION_CACHE,FALSE,MULTI_BLOCKER_SOURCE_LANE,재무·수익성 cache 입력 보강 필요
000320,노루홀딩스,KOSPI,true,UNAVAILABLE,12,PBR:MISSING_PBR_OR_ROE,SOURCE_DATA_GAP,FINANCIAL_VALUATION_CACHE,FALSE,MULTI_BLOCKER_SOURCE_LANE,밸류에이션 또는 관련 이익·ROE 입력 보강 필요
000320,노루홀딩스,KOSPI,true,UNAVAILABLE,12,PER:MISSING_PER,SOURCE_DATA_GAP,FINANCIAL_VALUATION_CACHE,FALSE,MULTI_BLOCKER_SOURCE_LANE,밸류에이션 또는 관련 이익·ROE 입력 보강 필요
000320,노루홀딩스,KOSPI,true,UNAVAILABLE,12,ROE:MISSING_ROE,SOURCE_DATA_GAP,FINANCIAL_VALUATION_CACHE,FALSE,MULTI_BLOCKER_SOURCE_LANE,재무·수익성 cache 입력 보강 필요
000320,노루홀딩스,KOSPI,true,UNAVAILABLE,12,매출 성장과 안정성:MISSING_REVENUE_GROWTH_INPUT,SOURCE_DATA_GAP,INVESTMENT_SCORE_SOURCE_CACHE,FALSE,MULTI_BLOCKER_SOURCE_LANE,연간/분기 재무 raw source 보강 필요
000320,노루홀딩스,KOSPI,true,UNAVAILABLE,12,순이익 흐름:MISSING_EARNINGS_TREND,SOURCE_DATA_GAP,FINANCIAL_VALUATION_CACHE,FALSE,MULTI_BLOCKER_SOURCE_LANE,재무·수익성 cache 입력 보강 필요
000320,노루홀딩스,KOSPI,true,UNAVAILABLE,12,영업이익 성장과 흑자 여부:MISSING_OP_PROFIT,SOURCE_DATA_GAP,FINANCIAL_VALUATION_CACHE,FALSE,MULTI_BLOCKER_SOURCE_LANE,재무·수익성 cache 입력 보강 필요
000320,노루홀딩스,KOSPI,true,UNAVAILABLE,12,영업이익률:MISSING_MARGIN,SOURCE_DATA_GAP,FINANCIAL_VALUATION_CACHE,FALSE,MULTI_BLOCKER_SOURCE_LANE,재무·수익성 cache 입력 보강 필요
000320,노루홀딩스,KOSPI,true,UNAVAILABLE,12,최근 3년 매출 성장률:MISSING_3Y_REVENUE,SOURCE_DATA_GAP,INVESTMENT_SCORE_SOURCE_CACHE,FALSE,MULTI_BLOCKER_SOURCE_LANE,연간/분기 재무 raw source 보강 필요
000320,노루홀딩스,KOSPI,true,UNAVAILABLE,12,최근 3년 영업이익 성장률:MISSING_3Y_OP,SOURCE_DATA_GAP,INVESTMENT_SCORE_SOURCE_CACHE,FALSE,MULTI_BLOCKER_SOURCE_LANE,연간/분기 재무 raw source 보강 필요
000320,노루홀딩스,KOSPI,true,UNAVAILABLE,12,최근 분기 실적 가속·둔화:MISSING_ACCEL_INPUT,SOURCE_DATA_GAP,INVESTMENT_SCORE_SOURCE_CACHE,FALSE,MULTI_BLOCKER_SOURCE_LANE,연간/분기 재무 raw source 보강 필요
000320,노루홀딩스,KOSPI,true,UNAVAILABLE,12,하루평균 절대등락률:MISSING_ELASTICITY,SOURCE_DATA_GAP,PRICE_ELASTICITY_20D,FALSE,MULTI_BLOCKER_SOURCE_LANE,20거래일 가격탄력 source 보강 필요
000320,노루홀딩스,KOSPI,true,UNAVAILABLE,12,흑자 지속성과 이익 안정성:MISSING_EARNINGS_TREND,SOURCE_DATA_GAP,FINANCIAL_VALUATION_CACHE,FALSE,MULTI_BLOCKER_SOURCE_LANE,재무·수익성 cache 입력 보강 필요
001200,유진투자증권,KOSPI,true,UNAVAILABLE,12,PBR:MISSING_PBR_OR_ROE,SOURCE_DATA_GAP,FINANCIAL_VALUATION_CACHE,FALSE,MULTI_BLOCKER_SOURCE_LANE,밸류에이션 또는 관련 이익·ROE 입력 보강 필요
001200,유진투자증권,KOSPI,true,UNAVAILABLE,12,PER:MISSING_PER,SOURCE_DATA_GAP,FINANCIAL_VALUATION_CACHE,FALSE,MULTI_BLOCKER_SOURCE_LANE,밸류에이션 또는 관련 이익·ROE 입력 보강 필요
001200,유진투자증권,KOSPI,true,UNAVAILABLE,12,ROE:MISSING_ROE,SOURCE_DATA_GAP,FINANCIAL_VALUATION_CACHE,FALSE,MULTI_BLOCKER_SOURCE_LANE,재무·수익성 cache 입력 보강 필요
001200,유진투자증권,KOSPI,true,UNAVAILABLE,12,매출 성장과 안정성:MISSING_REVENUE_GROWTH_INPUT,SOURCE_DATA_GAP,INVESTMENT_SCORE_SOURCE_CACHE,FALSE,MULTI_BLOCKER_SOURCE_LANE,연간/분기 재무 raw source 보강 필요
001200,유진투자증권,KOSPI,true,UNAVAILABLE,12,순이익 흐름:MISSING_EARNINGS_TREND,SOURCE_DATA_GAP,FINANCIAL_VALUATION_CACHE,FALSE,MULTI_BLOCKER_SOURCE_LANE,재무·수익성 cache 입력 보강 필요
001200,유진투자증권,KOSPI,true,UNAVAILABLE,12,영업이익 성장과 흑자 여부:MISSING_OP_PROFIT,SOURCE_DATA_GAP,FINANCIAL_VALUATION_CACHE,FALSE,MULTI_BLOCKER_SOURCE_LANE,재무·수익성 cache 입력 보강 필요
001200,유진투자증권,KOSPI,true,UNAVAILABLE,12,영업이익률:MISSING_MARGIN,SOURCE_DATA_GAP,FINANCIAL_VALUATION_CACHE,FALSE,MULTI_BLOCKER_SOURCE_LANE,재무·수익성 cache 입력 보강 필요
001200,유진투자증권,KOSPI,true,UNAVAILABLE,12,최근 3년 매출 성장률:MISSING_3Y_REVENUE,SOURCE_DATA_GAP,INVESTMENT_SCORE_SOURCE_CACHE,FALSE,MULTI_BLOCKER_SOURCE_LANE,연간/분기 재무 raw source 보강 필요
001200,유진투자증권,KOSPI,true,UNAVAILABLE,12,최근 3년 영업이익 성장률:MISSING_3Y_OP,SOURCE_DATA_GAP,INVESTMENT_SCORE_SOURCE_CACHE,FALSE,MULTI_BLOCKER_SOURCE_LANE,연간/분기 재무 raw source 보강 필요
001200,유진투자증권,KOSPI,true,UNAVAILABLE,12,최근 분기 실적 가속·둔화:MISSING_ACCEL_INPUT,SOURCE_DATA_GAP,INVESTMENT_SCORE_SOURCE_CACHE,FALSE,MULTI_BLOCKER_SOURCE_LANE,연간/분기 재무 raw source 보강 필요
001200,유진투자증권,KOSPI,true,UNAVAILABLE,12,하루평균 절대등락률:MISSING_ELASTICITY,SOURCE_DATA_GAP,PRICE_ELASTICITY_20D,FALSE,MULTI_BLOCKER_SOURCE_LANE,20거래일 가격탄력 source 보강 필요
001200,유진투자증권,KOSPI,true,UNAVAILABLE,12,흑자 지속성과 이익 안정성:MISSING_EARNINGS_TREND,SOURCE_DATA_GAP,FINANCIAL_VALUATION_CACHE,FALSE,MULTI_BLOCKER_SOURCE_LANE,재무·수익성 cache 입력 보강 필요
003470,유안타증권,KOSPI,true,UNAVAILABLE,12,PBR:MISSING_PBR_OR_ROE,SOURCE_DATA_GAP,FINANCIAL_VALUATION_CACHE,FALSE,MULTI_BLOCKER_SOURCE_LANE,밸류에이션 또는 관련 이익·ROE 입력 보강 필요
003470,유안타증권,KOSPI,true,UNAVAILABLE,12,PER:MISSING_PER,SOURCE_DATA_GAP,FINANCIAL_VALUATION_CACHE,FALSE,MULTI_BLOCKER_SOURCE_LANE,밸류에이션 또는 관련 이익·ROE 입력 보강 필요
003470,유안타증권,KOSPI,true,UNAVAILABLE,12,ROE:MISSING_ROE,SOURCE_DATA_GAP,FINANCIAL_VALUATION_CACHE,FALSE,MULTI_BLOCKER_SOURCE_LANE,재무·수익성 cache 입력 보강 필요
003470,유안타증권,KOSPI,true,UNAVAILABLE,12,매출 성장과 안정성:MISSING_REVENUE_GROWTH_INPUT,SOURCE_DATA_GAP,INVESTMENT_SCORE_SOURCE_CACHE,FALSE,MULTI_BLOCKER_SOURCE_LANE,연간/분기 재무 raw source 보강 필요
003470,유안타증권,KOSPI,true,UNAVAILABLE,12,순이익 흐름:MISSING_EARNINGS_TREND,SOURCE_DATA_GAP,FINANCIAL_VALUATION_CACHE,FALSE,MULTI_BLOCKER_SOURCE_LANE,재무·수익성 cache 입력 보강 필요
003470,유안타증권,KOSPI,true,UNAVAILABLE,12,영업이익 성장과 흑자 여부:MISSING_OP_PROFIT,SOURCE_DATA_GAP,FINANCIAL_VALUATION_CACHE,FALSE,MULTI_BLOCKER_SOURCE_LANE,재무·수익성 cache 입력 보강 필요
003470,유안타증권,KOSPI,true,UNAVAILABLE,12,영업이익률:MISSING_MARGIN,SOURCE_DATA_GAP,FINANCIAL_VALUATION_CACHE,FALSE,MULTI_BLOCKER_SOURCE_LANE,재무·수익성 cache 입력 보강 필요
003470,유안타증권,KOSPI,true,UNAVAILABLE,12,최근 3년 매출 성장률:MISSING_3Y_REVENUE,SOURCE_DATA_GAP,INVESTMENT_SCORE_SOURCE_CACHE,FALSE,MULTI_BLOCKER_SOURCE_LANE,연간/분기 재무 raw source 보강 필요
003470,유안타증권,KOSPI,true,UNAVAILABLE,12,최근 3년 영업이익 성장률:MISSING_3Y_OP,SOURCE_DATA_GAP,INVESTMENT_SCORE_SOURCE_CACHE,FALSE,MULTI_BLOCKER_SOURCE_LANE,연간/분기 재무 raw source 보강 필요
003470,유안타증권,KOSPI,true,UNAVAILABLE,12,최근 분기 실적 가속·둔화:MISSING_ACCEL_INPUT,SOURCE_DATA_GAP,INVESTMENT_SCORE_SOURCE_CACHE,FALSE,MULTI_BLOCKER_SOURCE_LANE,연간/분기 재무 raw source 보강 필요
003470,유안타증권,KOSPI,true,UNAVAILABLE,12,하루평균 절대등락률:MISSING_ELASTICITY,SOURCE_DATA_GAP,PRICE_ELASTICITY_20D,FALSE,MULTI_BLOCKER_SOURCE_LANE,20거래일 가격탄력 source 보강 필요
003470,유안타증권,KOSPI,true,UNAVAILABLE,12,흑자 지속성과 이익 안정성:MISSING_EARNINGS_TREND,SOURCE_DATA_GAP,FINANCIAL_VALUATION_CACHE,FALSE,MULTI_BLOCKER_SOURCE_LANE,재무·수익성 cache 입력 보강 필요
006840,AK홀딩스,KOSPI,true,UNAVAILABLE,12,PBR:MISSING_PBR_OR_ROE,SOURCE_DATA_GAP,FINANCIAL_VALUATION_CACHE,FALSE,MULTI_BLOCKER_SOURCE_LANE,밸류에이션 또는 관련 이익·ROE 입력 보강 필요
006840,AK홀딩스,KOSPI,true,UNAVAILABLE,12,PER:MISSING_PER,SOURCE_DATA_GAP,FINANCIAL_VALUATION_CACHE,FALSE,MULTI_BLOCKER_SOURCE_LANE,밸류에이션 또는 관련 이익·ROE 입력 보강 필요
006840,AK홀딩스,KOSPI,true,UNAVAILABLE,12,ROE:MISSING_ROE,SOURCE_DATA_GAP,FINANCIAL_VALUATION_CACHE,FALSE,MULTI_BLOCKER_SOURCE_LANE,재무·수익성 cache 입력 보강 필요
006840,AK홀딩스,KOSPI,true,UNAVAILABLE,12,매출 성장과 안정성:MISSING_REVENUE_GROWTH_INPUT,SOURCE_DATA_GAP,INVESTMENT_SCORE_SOURCE_CACHE,FALSE,MULTI_BLOCKER_SOURCE_LANE,연간/분기 재무 raw source 보강 필요
006840,AK홀딩스,KOSPI,true,UNAVAILABLE,12,순이익 흐름:MISSING_EARNINGS_TREND,SOURCE_DATA_GAP,FINANCIAL_VALUATION_CACHE,FALSE,MULTI_BLOCKER_SOURCE_LANE,재무·수익성 cache 입력 보강 필요
006840,AK홀딩스,KOSPI,true,UNAVAILABLE,12,영업이익 성장과 흑자 여부:MISSING_OP_PROFIT,SOURCE_DATA_GAP,FINANCIAL_VALUATION_CACHE,FALSE,MULTI_BLOCKER_SOURCE_LANE,재무·수익성 cache 입력 보강 필요
006840,AK홀딩스,KOSPI,true,UNAVAILABLE,12,영업이익률:MISSING_MARGIN,SOURCE_DATA_GAP,FINANCIAL_VALUATION_CACHE,FALSE,MULTI_BLOCKER_SOURCE_LANE,재무·수익성 cache 입력 보강 필요
006840,AK홀딩스,KOSPI,true,UNAVAILABLE,12,최근 3년 매출 성장률:MISSING_3Y_REVENUE,SOURCE_DATA_GAP,INVESTMENT_SCORE_SOURCE_CACHE,FALSE,MULTI_BLOCKER_SOURCE_LANE,연간/분기 재무 raw source 보강 필요
006840,AK홀딩스,KOSPI,true,UNAVAILABLE,12,최근 3년 영업이익 성장률:MISSING_3Y_OP,SOURCE_DATA_GAP,INVESTMENT_SCORE_SOURCE_CACHE,FALSE,MULTI_BLOCKER_SOURCE_LANE,연간/분기 재무 raw source 보강 필요
006840,AK홀딩스,KOSPI,true,UNAVAILABLE,12,최근 분기 실적 가속·둔화:MISSING_ACCEL_INPUT,SOURCE_DATA_GAP,INVESTMENT_SCORE_SOURCE_CACHE,FALSE,MULTI_BLOCKER_SOURCE_LANE,연간/분기 재무 raw source 보강 필요
006840,AK홀딩스,KOSPI,true,UNAVAILABLE,12,하루평균 절대등락률:MISSING_ELASTICITY,SOURCE_DATA_GAP,PRICE_ELASTICITY_20D,FALSE,MULTI_BLOCKER_SOURCE_LANE,20거래일 가격탄력 source 보강 필요
006840,AK홀딩스,KOSPI,true,UNAVAILABLE,12,흑자 지속성과 이익 안정성:MISSING_EARNINGS_TREND,SOURCE_DATA_GAP,FINANCIAL_VALUATION_CACHE,FALSE,MULTI_BLOCKER_SOURCE_LANE,재무·수익성 cache 입력 보강 필요
026890,스틱인베스트먼트,KOSPI,true,UNAVAILABLE,12,PBR:MISSING_PBR_OR_ROE,SOURCE_DATA_GAP,FINANCIAL_VALUATION_CACHE,FALSE,MULTI_BLOCKER_SOURCE_LANE,밸류에이션 또는 관련 이익·ROE 입력 보강 필요
026890,스틱인베스트먼트,KOSPI,true,UNAVAILABLE,12,PER:MISSING_PER,SOURCE_DATA_GAP,FINANCIAL_VALUATION_CACHE,FALSE,MULTI_BLOCKER_SOURCE_LANE,밸류에이션 또는 관련 이익·ROE 입력 보강 필요
026890,스틱인베스트먼트,KOSPI,true,UNAVAILABLE,12,ROE:MISSING_ROE,SOURCE_DATA_GAP,FINANCIAL_VALUATION_CACHE,FALSE,MULTI_BLOCKER_SOURCE_LANE,재무·수익성 cache 입력 보강 필요
026890,스틱인베스트먼트,KOSPI,true,UNAVAILABLE,12,매출 성장과 안정성:MISSING_REVENUE_GROWTH_INPUT,SOURCE_DATA_GAP,INVESTMENT_SCORE_SOURCE_CACHE,FALSE,MULTI_BLOCKER_SOURCE_LANE,연간/분기 재무 raw source 보강 필요
026890,스틱인베스트먼트,KOSPI,true,UNAVAILABLE,12,순이익 흐름:MISSING_EARNINGS_TREND,SOURCE_DATA_GAP,FINANCIAL_VALUATION_CACHE,FALSE,MULTI_BLOCKER_SOURCE_LANE,재무·수익성 cache 입력 보강 필요
026890,스틱인베스트먼트,KOSPI,true,UNAVAILABLE,12,영업이익 성장과 흑자 여부:MISSING_OP_PROFIT,SOURCE_DATA_GAP,FINANCIAL_VALUATION_CACHE,FALSE,MULTI_BLOCKER_SOURCE_LANE,재무·수익성 cache 입력 보강 필요
026890,스틱인베스트먼트,KOSPI,true,UNAVAILABLE,12,영업이익률:MISSING_MARGIN,SOURCE_DATA_GAP,FINANCIAL_VALUATION_CACHE,FALSE,MULTI_BLOCKER_SOURCE_LANE,재무·수익성 cache 입력 보강 필요
026890,스틱인베스트먼트,KOSPI,true,UNAVAILABLE,12,최근 3년 매출 성장률:MISSING_3Y_REVENUE,SOURCE_DATA_GAP,INVESTMENT_SCORE_SOURCE_CACHE,FALSE,MULTI_BLOCKER_SOURCE_LANE,연간/분기 재무 raw source 보강 필요
026890,스틱인베스트먼트,KOSPI,true,UNAVAILABLE,12,최근 3년 영업이익 성장률:MISSING_3Y_OP,SOURCE_DATA_GAP,INVESTMENT_SCORE_SOURCE_CACHE,FALSE,MULTI_BLOCKER_SOURCE_LANE,연간/분기 재무 raw source 보강 필요
026890,스틱인베스트먼트,KOSPI,true,UNAVAILABLE,12,최근 분기 실적 가속·둔화:MISSING_ACCEL_INPUT,SOURCE_DATA_GAP,INVESTMENT_SCORE_SOURCE_CACHE,FALSE,MULTI_BLOCKER_SOURCE_LANE,연간/분기 재무 raw source 보강 필요
026890,스틱인베스트먼트,KOSPI,true,UNAVAILABLE,12,하루평균 절대등락률:MISSING_ELASTICITY,SOURCE_DATA_GAP,PRICE_ELASTICITY_20D,FALSE,MULTI_BLOCKER_SOURCE_LANE,20거래일 가격탄력 source 보강 필요
026890,스틱인베스트먼트,KOSPI,true,UNAVAILABLE,12,흑자 지속성과 이익 안정성:MISSING_EARNINGS_TREND,SOURCE_DATA_GAP,FINANCIAL_VALUATION_CACHE,FALSE,MULTI_BLOCKER_SOURCE_LANE,재무·수익성 cache 입력 보강 필요
107590,미원홀딩스,KOSPI,true,UNAVAILABLE,12,PBR:MISSING_PBR_OR_ROE,SOURCE_DATA_GAP,FINANCIAL_VALUATION_CACHE,FALSE,MULTI_BLOCKER_SOURCE_LANE,밸류에이션 또는 관련 이익·ROE 입력 보강 필요
107590,미원홀딩스,KOSPI,true,UNAVAILABLE,12,PER:MISSING_PER,SOURCE_DATA_GAP,FINANCIAL_VALUATION_CACHE,FALSE,MULTI_BLOCKER_SOURCE_LANE,밸류에이션 또는 관련 이익·ROE 입력 보강 필요
107590,미원홀딩스,KOSPI,true,UNAVAILABLE,12,ROE:MISSING_ROE,SOURCE_DATA_GAP,FINANCIAL_VALUATION_CACHE,FALSE,MULTI_BLOCKER_SOURCE_LANE,재무·수익성 cache 입력 보강 필요
107590,미원홀딩스,KOSPI,true,UNAVAILABLE,12,매출 성장과 안정성:MISSING_REVENUE_GROWTH_INPUT,SOURCE_DATA_GAP,INVESTMENT_SCORE_SOURCE_CACHE,FALSE,MULTI_BLOCKER_SOURCE_LANE,연간/분기 재무 raw source 보강 필요
107590,미원홀딩스,KOSPI,true,UNAVAILABLE,12,순이익 흐름:MISSING_EARNINGS_TREND,SOURCE_DATA_GAP,FINANCIAL_VALUATION_CACHE,FALSE,MULTI_BLOCKER_SOURCE_LANE,재무·수익성 cache 입력 보강 필요
107590,미원홀딩스,KOSPI,true,UNAVAILABLE,12,영업이익 성장과 흑자 여부:MISSING_OP_PROFIT,SOURCE_DATA_GAP,FINANCIAL_VALUATION_CACHE,FALSE,MULTI_BLOCKER_SOURCE_LANE,재무·수익성 cache 입력 보강 필요
107590,미원홀딩스,KOSPI,true,UNAVAILABLE,12,영업이익률:MISSING_MARGIN,SOURCE_DATA_GAP,FINANCIAL_VALUATION_CACHE,FALSE,MULTI_BLOCKER_SOURCE_LANE,재무·수익성 cache 입력 보강 필요
107590,미원홀딩스,KOSPI,true,UNAVAILABLE,12,최근 3년 매출 성장률:MISSING_3Y_REVENUE,SOURCE_DATA_GAP,INVESTMENT_SCORE_SOURCE_CACHE,FALSE,MULTI_BLOCKER_SOURCE_LANE,연간/분기 재무 raw source 보강 필요
107590,미원홀딩스,KOSPI,true,UNAVAILABLE,12,최근 3년 영업이익 성장률:MISSING_3Y_OP,SOURCE_DATA_GAP,INVESTMENT_SCORE_SOURCE_CACHE,FALSE,MULTI_BLOCKER_SOURCE_LANE,연간/분기 재무 raw source 보강 필요
107590,미원홀딩스,KOSPI,true,UNAVAILABLE,12,최근 분기 실적 가속·둔화:MISSING_ACCEL_INPUT,SOURCE_DATA_GAP,INVESTMENT_SCORE_SOURCE_CACHE,FALSE,MULTI_BLOCKER_SOURCE_LANE,연간/분기 재무 raw source 보강 필요
107590,미원홀딩스,KOSPI,true,UNAVAILABLE,12,하루평균 절대등락률:MISSING_ELASTICITY,SOURCE_DATA_GAP,PRICE_ELASTICITY_20D,FALSE,MULTI_BLOCKER_SOURCE_LANE,20거래일 가격탄력 source 보강 필요
107590,미원홀딩스,KOSPI,true,UNAVAILABLE,12,흑자 지속성과 이익 안정성:MISSING_EARNINGS_TREND,SOURCE_DATA_GAP,FINANCIAL_VALUATION_CACHE,FALSE,MULTI_BLOCKER_SOURCE_LANE,재무·수익성 cache 입력 보강 필요
000140,하이트진로홀딩스,KOSPI,true,UNAVAILABLE,13,PBR:MISSING_PBR_OR_ROE,SOURCE_DATA_GAP,FINANCIAL_VALUATION_CACHE,FALSE,MULTI_BLOCKER_SOURCE_LANE,밸류에이션 또는 관련 이익·ROE 입력 보강 필요
000140,하이트진로홀딩스,KOSPI,true,UNAVAILABLE,13,PER:MISSING_PER,SOURCE_DATA_GAP,FINANCIAL_VALUATION_CACHE,FALSE,MULTI_BLOCKER_SOURCE_LANE,밸류에이션 또는 관련 이익·ROE 입력 보강 필요
000140,하이트진로홀딩스,KOSPI,true,UNAVAILABLE,13,ROE:MISSING_ROE,SOURCE_DATA_GAP,FINANCIAL_VALUATION_CACHE,FALSE,MULTI_BLOCKER_SOURCE_LANE,재무·수익성 cache 입력 보강 필요
000140,하이트진로홀딩스,KOSPI,true,UNAVAILABLE,13,매출 성장과 안정성:MISSING_REVENUE_GROWTH_INPUT,SOURCE_DATA_GAP,INVESTMENT_SCORE_SOURCE_CACHE,FALSE,MULTI_BLOCKER_SOURCE_LANE,연간/분기 재무 raw source 보강 필요
000140,하이트진로홀딩스,KOSPI,true,UNAVAILABLE,13,수급·공시부담:SUPPLY_LIMITED_NO_POSITIVE_EVIDENCE,SOURCE_EVIDENCE_GAP,PRODUCTION_ANALYSIS_SUPPLY,FALSE,MULTI_BLOCKER_SOURCE_LANE,공시·수급 없음 판정을 확정할 만큼 source completeness가 부족함
000140,하이트진로홀딩스,KOSPI,true,UNAVAILABLE,13,순이익 흐름:MISSING_EARNINGS_TREND,SOURCE_DATA_GAP,FINANCIAL_VALUATION_CACHE,FALSE,MULTI_BLOCKER_SOURCE_LANE,재무·수익성 cache 입력 보강 필요
000140,하이트진로홀딩스,KOSPI,true,UNAVAILABLE,13,영업이익 성장과 흑자 여부:MISSING_OP_PROFIT,SOURCE_DATA_GAP,FINANCIAL_VALUATION_CACHE,FALSE,MULTI_BLOCKER_SOURCE_LANE,재무·수익성 cache 입력 보강 필요
000140,하이트진로홀딩스,KOSPI,true,UNAVAILABLE,13,영업이익률:MISSING_MARGIN,SOURCE_DATA_GAP,FINANCIAL_VALUATION_CACHE,FALSE,MULTI_BLOCKER_SOURCE_LANE,재무·수익성 cache 입력 보강 필요
000140,하이트진로홀딩스,KOSPI,true,UNAVAILABLE,13,최근 3년 매출 성장률:MISSING_3Y_REVENUE,SOURCE_DATA_GAP,INVESTMENT_SCORE_SOURCE_CACHE,FALSE,MULTI_BLOCKER_SOURCE_LANE,연간/분기 재무 raw source 보강 필요
000140,하이트진로홀딩스,KOSPI,true,UNAVAILABLE,13,최근 3년 영업이익 성장률:MISSING_3Y_OP,SOURCE_DATA_GAP,INVESTMENT_SCORE_SOURCE_CACHE,FALSE,MULTI_BLOCKER_SOURCE_LANE,연간/분기 재무 raw source 보강 필요
000140,하이트진로홀딩스,KOSPI,true,UNAVAILABLE,13,최근 분기 실적 가속·둔화:MISSING_ACCEL_INPUT,SOURCE_DATA_GAP,INVESTMENT_SCORE_SOURCE_CACHE,FALSE,MULTI_BLOCKER_SOURCE_LANE,연간/분기 재무 raw source 보강 필요
000140,하이트진로홀딩스,KOSPI,true,UNAVAILABLE,13,하루평균 절대등락률:MISSING_ELASTICITY,SOURCE_DATA_GAP,PRICE_ELASTICITY_20D,FALSE,MULTI_BLOCKER_SOURCE_LANE,20거래일 가격탄력 source 보강 필요
000140,하이트진로홀딩스,KOSPI,true,UNAVAILABLE,13,흑자 지속성과 이익 안정성:MISSING_EARNINGS_TREND,SOURCE_DATA_GAP,FINANCIAL_VALUATION_CACHE,FALSE,MULTI_BLOCKER_SOURCE_LANE,재무·수익성 cache 입력 보강 필요
003460,유화증권,KOSPI,true,UNAVAILABLE,13,PBR:MISSING_PBR_OR_ROE,SOURCE_DATA_GAP,FINANCIAL_VALUATION_CACHE,FALSE,MULTI_BLOCKER_SOURCE_LANE,밸류에이션 또는 관련 이익·ROE 입력 보강 필요
003460,유화증권,KOSPI,true,UNAVAILABLE,13,PER:MISSING_PER,SOURCE_DATA_GAP,FINANCIAL_VALUATION_CACHE,FALSE,MULTI_BLOCKER_SOURCE_LANE,밸류에이션 또는 관련 이익·ROE 입력 보강 필요
003460,유화증권,KOSPI,true,UNAVAILABLE,13,ROE:MISSING_ROE,SOURCE_DATA_GAP,FINANCIAL_VALUATION_CACHE,FALSE,MULTI_BLOCKER_SOURCE_LANE,재무·수익성 cache 입력 보강 필요
003460,유화증권,KOSPI,true,UNAVAILABLE,13,매출 성장과 안정성:MISSING_REVENUE_GROWTH_INPUT,SOURCE_DATA_GAP,INVESTMENT_SCORE_SOURCE_CACHE,FALSE,MULTI_BLOCKER_SOURCE_LANE,연간/분기 재무 raw source 보강 필요
003460,유화증권,KOSPI,true,UNAVAILABLE,13,수급·공시부담:SUPPLY_LIMITED_NO_POSITIVE_EVIDENCE,SOURCE_EVIDENCE_GAP,PRODUCTION_ANALYSIS_SUPPLY,FALSE,MULTI_BLOCKER_SOURCE_LANE,공시·수급 없음 판정을 확정할 만큼 source completeness가 부족함
003460,유화증권,KOSPI,true,UNAVAILABLE,13,순이익 흐름:MISSING_EARNINGS_TREND,SOURCE_DATA_GAP,FINANCIAL_VALUATION_CACHE,FALSE,MULTI_BLOCKER_SOURCE_LANE,재무·수익성 cache 입력 보강 필요
003460,유화증권,KOSPI,true,UNAVAILABLE,13,영업이익 성장과 흑자 여부:MISSING_OP_PROFIT,SOURCE_DATA_GAP,FINANCIAL_VALUATION_CACHE,FALSE,MULTI_BLOCKER_SOURCE_LANE,재무·수익성 cache 입력 보강 필요
003460,유화증권,KOSPI,true,UNAVAILABLE,13,영업이익률:MISSING_MARGIN,SOURCE_DATA_GAP,FINANCIAL_VALUATION_CACHE,FALSE,MULTI_BLOCKER_SOURCE_LANE,재무·수익성 cache 입력 보강 필요
003460,유화증권,KOSPI,true,UNAVAILABLE,13,최근 3년 매출 성장률:MISSING_3Y_REVENUE,SOURCE_DATA_GAP,INVESTMENT_SCORE_SOURCE_CACHE,FALSE,MULTI_BLOCKER_SOURCE_LANE,연간/분기 재무 raw source 보강 필요
003460,유화증권,KOSPI,true,UNAVAILABLE,13,최근 3년 영업이익 성장률:MISSING_3Y_OP,SOURCE_DATA_GAP,INVESTMENT_SCORE_SOURCE_CACHE,FALSE,MULTI_BLOCKER_SOURCE_LANE,연간/분기 재무 raw source 보강 필요
003460,유화증권,KOSPI,true,UNAVAILABLE,13,최근 분기 실적 가속·둔화:MISSING_ACCEL_INPUT,SOURCE_DATA_GAP,INVESTMENT_SCORE_SOURCE_CACHE,FALSE,MULTI_BLOCKER_SOURCE_LANE,연간/분기 재무 raw source 보강 필요
003460,유화증권,KOSPI,true,UNAVAILABLE,13,하루평균 절대등락률:MISSING_ELASTICITY,SOURCE_DATA_GAP,PRICE_ELASTICITY_20D,FALSE,MULTI_BLOCKER_SOURCE_LANE,20거래일 가격탄력 source 보강 필요
003460,유화증권,KOSPI,true,UNAVAILABLE,13,흑자 지속성과 이익 안정성:MISSING_EARNINGS_TREND,SOURCE_DATA_GAP,FINANCIAL_VALUATION_CACHE,FALSE,MULTI_BLOCKER_SOURCE_LANE,재무·수익성 cache 입력 보강 필요
003475,유안타증권우,KOSPI,true,UNAVAILABLE,13,PBR:MISSING_PBR_OR_ROE,SOURCE_DATA_GAP,FINANCIAL_VALUATION_CACHE,FALSE,MULTI_BLOCKER_SOURCE_LANE,밸류에이션 또는 관련 이익·ROE 입력 보강 필요
003475,유안타증권우,KOSPI,true,UNAVAILABLE,13,PER:MISSING_PER,SOURCE_DATA_GAP,FINANCIAL_VALUATION_CACHE,FALSE,MULTI_BLOCKER_SOURCE_LANE,밸류에이션 또는 관련 이익·ROE 입력 보강 필요
003475,유안타증권우,KOSPI,true,UNAVAILABLE,13,ROE:MISSING_ROE,SOURCE_DATA_GAP,FINANCIAL_VALUATION_CACHE,FALSE,MULTI_BLOCKER_SOURCE_LANE,재무·수익성 cache 입력 보강 필요
003475,유안타증권우,KOSPI,true,UNAVAILABLE,13,매출 성장과 안정성:MISSING_REVENUE_GROWTH_INPUT,SOURCE_DATA_GAP,INVESTMENT_SCORE_SOURCE_CACHE,FALSE,MULTI_BLOCKER_SOURCE_LANE,연간/분기 재무 raw source 보강 필요
003475,유안타증권우,KOSPI,true,UNAVAILABLE,13,수급·공시부담:SUPPLY_LIMITED_NO_POSITIVE_EVIDENCE,SOURCE_EVIDENCE_GAP,PRODUCTION_ANALYSIS_SUPPLY,FALSE,MULTI_BLOCKER_SOURCE_LANE,공시·수급 없음 판정을 확정할 만큼 source completeness가 부족함
003475,유안타증권우,KOSPI,true,UNAVAILABLE,13,순이익 흐름:MISSING_EARNINGS_TREND,SOURCE_DATA_GAP,FINANCIAL_VALUATION_CACHE,FALSE,MULTI_BLOCKER_SOURCE_LANE,재무·수익성 cache 입력 보강 필요
003475,유안타증권우,KOSPI,true,UNAVAILABLE,13,영업이익 성장과 흑자 여부:MISSING_OP_PROFIT,SOURCE_DATA_GAP,FINANCIAL_VALUATION_CACHE,FALSE,MULTI_BLOCKER_SOURCE_LANE,재무·수익성 cache 입력 보강 필요
003475,유안타증권우,KOSPI,true,UNAVAILABLE,13,영업이익률:MISSING_MARGIN,SOURCE_DATA_GAP,FINANCIAL_VALUATION_CACHE,FALSE,MULTI_BLOCKER_SOURCE_LANE,재무·수익성 cache 입력 보강 필요
003475,유안타증권우,KOSPI,true,UNAVAILABLE,13,최근 3년 매출 성장률:MISSING_3Y_REVENUE,SOURCE_DATA_GAP,INVESTMENT_SCORE_SOURCE_CACHE,FALSE,MULTI_BLOCKER_SOURCE_LANE,연간/분기 재무 raw source 보강 필요
003475,유안타증권우,KOSPI,true,UNAVAILABLE,13,최근 3년 영업이익 성장률:MISSING_3Y_OP,SOURCE_DATA_GAP,INVESTMENT_SCORE_SOURCE_CACHE,FALSE,MULTI_BLOCKER_SOURCE_LANE,연간/분기 재무 raw source 보강 필요
003475,유안타증권우,KOSPI,true,UNAVAILABLE,13,최근 분기 실적 가속·둔화:MISSING_ACCEL_INPUT,SOURCE_DATA_GAP,INVESTMENT_SCORE_SOURCE_CACHE,FALSE,MULTI_BLOCKER_SOURCE_LANE,연간/분기 재무 raw source 보강 필요
003475,유안타증권우,KOSPI,true,UNAVAILABLE,13,하루평균 절대등락률:MISSING_ELASTICITY,SOURCE_DATA_GAP,PRICE_ELASTICITY_20D,FALSE,MULTI_BLOCKER_SOURCE_LANE,20거래일 가격탄력 source 보강 필요
003475,유안타증권우,KOSPI,true,UNAVAILABLE,13,흑자 지속성과 이익 안정성:MISSING_EARNINGS_TREND,SOURCE_DATA_GAP,FINANCIAL_VALUATION_CACHE,FALSE,MULTI_BLOCKER_SOURCE_LANE,재무·수익성 cache 입력 보강 필요
005945,NH투자증권우,KOSPI,true,UNAVAILABLE,13,PBR:MISSING_PBR_OR_ROE,SOURCE_DATA_GAP,FINANCIAL_VALUATION_CACHE,FALSE,MULTI_BLOCKER_SOURCE_LANE,밸류에이션 또는 관련 이익·ROE 입력 보강 필요
005945,NH투자증권우,KOSPI,true,UNAVAILABLE,13,PER:MISSING_PER,SOURCE_DATA_GAP,FINANCIAL_VALUATION_CACHE,FALSE,MULTI_BLOCKER_SOURCE_LANE,밸류에이션 또는 관련 이익·ROE 입력 보강 필요
005945,NH투자증권우,KOSPI,true,UNAVAILABLE,13,ROE:MISSING_ROE,SOURCE_DATA_GAP,FINANCIAL_VALUATION_CACHE,FALSE,MULTI_BLOCKER_SOURCE_LANE,재무·수익성 cache 입력 보강 필요
005945,NH투자증권우,KOSPI,true,UNAVAILABLE,13,매출 성장과 안정성:MISSING_REVENUE_GROWTH_INPUT,SOURCE_DATA_GAP,INVESTMENT_SCORE_SOURCE_CACHE,FALSE,MULTI_BLOCKER_SOURCE_LANE,연간/분기 재무 raw source 보강 필요
005945,NH투자증권우,KOSPI,true,UNAVAILABLE,13,수급·공시부담:SUPPLY_LIMITED_NO_POSITIVE_EVIDENCE,SOURCE_EVIDENCE_GAP,PRODUCTION_ANALYSIS_SUPPLY,FALSE,MULTI_BLOCKER_SOURCE_LANE,공시·수급 없음 판정을 확정할 만큼 source completeness가 부족함
005945,NH투자증권우,KOSPI,true,UNAVAILABLE,13,순이익 흐름:MISSING_EARNINGS_TREND,SOURCE_DATA_GAP,FINANCIAL_VALUATION_CACHE,FALSE,MULTI_BLOCKER_SOURCE_LANE,재무·수익성 cache 입력 보강 필요
005945,NH투자증권우,KOSPI,true,UNAVAILABLE,13,영업이익 성장과 흑자 여부:MISSING_OP_PROFIT,SOURCE_DATA_GAP,FINANCIAL_VALUATION_CACHE,FALSE,MULTI_BLOCKER_SOURCE_LANE,재무·수익성 cache 입력 보강 필요
005945,NH투자증권우,KOSPI,true,UNAVAILABLE,13,영업이익률:MISSING_MARGIN,SOURCE_DATA_GAP,FINANCIAL_VALUATION_CACHE,FALSE,MULTI_BLOCKER_SOURCE_LANE,재무·수익성 cache 입력 보강 필요
005945,NH투자증권우,KOSPI,true,UNAVAILABLE,13,최근 3년 매출 성장률:MISSING_3Y_REVENUE,SOURCE_DATA_GAP,INVESTMENT_SCORE_SOURCE_CACHE,FALSE,MULTI_BLOCKER_SOURCE_LANE,연간/분기 재무 raw source 보강 필요
005945,NH투자증권우,KOSPI,true,UNAVAILABLE,13,최근 3년 영업이익 성장률:MISSING_3Y_OP,SOURCE_DATA_GAP,INVESTMENT_SCORE_SOURCE_CACHE,FALSE,MULTI_BLOCKER_SOURCE_LANE,연간/분기 재무 raw source 보강 필요
005945,NH투자증권우,KOSPI,true,UNAVAILABLE,13,최근 분기 실적 가속·둔화:MISSING_ACCEL_INPUT,SOURCE_DATA_GAP,INVESTMENT_SCORE_SOURCE_CACHE,FALSE,MULTI_BLOCKER_SOURCE_LANE,연간/분기 재무 raw source 보강 필요
005945,NH투자증권우,KOSPI,true,UNAVAILABLE,13,하루평균 절대등락률:MISSING_ELASTICITY,SOURCE_DATA_GAP,PRICE_ELASTICITY_20D,FALSE,MULTI_BLOCKER_SOURCE_LANE,20거래일 가격탄력 source 보강 필요
005945,NH투자증권우,KOSPI,true,UNAVAILABLE,13,흑자 지속성과 이익 안정성:MISSING_EARNINGS_TREND,SOURCE_DATA_GAP,FINANCIAL_VALUATION_CACHE,FALSE,MULTI_BLOCKER_SOURCE_LANE,재무·수익성 cache 입력 보강 필요
007860,서연,KOSPI,true,UNAVAILABLE,13,PBR:MISSING_PBR_OR_ROE,SOURCE_DATA_GAP,FINANCIAL_VALUATION_CACHE,FALSE,MULTI_BLOCKER_SOURCE_LANE,밸류에이션 또는 관련 이익·ROE 입력 보강 필요
007860,서연,KOSPI,true,UNAVAILABLE,13,PER:MISSING_PER,SOURCE_DATA_GAP,FINANCIAL_VALUATION_CACHE,FALSE,MULTI_BLOCKER_SOURCE_LANE,밸류에이션 또는 관련 이익·ROE 입력 보강 필요
007860,서연,KOSPI,true,UNAVAILABLE,13,ROE:MISSING_ROE,SOURCE_DATA_GAP,FINANCIAL_VALUATION_CACHE,FALSE,MULTI_BLOCKER_SOURCE_LANE,재무·수익성 cache 입력 보강 필요
007860,서연,KOSPI,true,UNAVAILABLE,13,매출 성장과 안정성:MISSING_REVENUE_GROWTH_INPUT,SOURCE_DATA_GAP,INVESTMENT_SCORE_SOURCE_CACHE,FALSE,MULTI_BLOCKER_SOURCE_LANE,연간/분기 재무 raw source 보강 필요
007860,서연,KOSPI,true,UNAVAILABLE,13,수급·공시부담:SUPPLY_LIMITED_NO_POSITIVE_EVIDENCE,SOURCE_EVIDENCE_GAP,PRODUCTION_ANALYSIS_SUPPLY,FALSE,MULTI_BLOCKER_SOURCE_LANE,공시·수급 없음 판정을 확정할 만큼 source completeness가 부족함
007860,서연,KOSPI,true,UNAVAILABLE,13,순이익 흐름:MISSING_EARNINGS_TREND,SOURCE_DATA_GAP,FINANCIAL_VALUATION_CACHE,FALSE,MULTI_BLOCKER_SOURCE_LANE,재무·수익성 cache 입력 보강 필요
007860,서연,KOSPI,true,UNAVAILABLE,13,영업이익 성장과 흑자 여부:MISSING_OP_PROFIT,SOURCE_DATA_GAP,FINANCIAL_VALUATION_CACHE,FALSE,MULTI_BLOCKER_SOURCE_LANE,재무·수익성 cache 입력 보강 필요
007860,서연,KOSPI,true,UNAVAILABLE,13,영업이익률:MISSING_MARGIN,SOURCE_DATA_GAP,FINANCIAL_VALUATION_CACHE,FALSE,MULTI_BLOCKER_SOURCE_LANE,재무·수익성 cache 입력 보강 필요
007860,서연,KOSPI,true,UNAVAILABLE,13,최근 3년 매출 성장률:MISSING_3Y_REVENUE,SOURCE_DATA_GAP,INVESTMENT_SCORE_SOURCE_CACHE,FALSE,MULTI_BLOCKER_SOURCE_LANE,연간/분기 재무 raw source 보강 필요
007860,서연,KOSPI,true,UNAVAILABLE,13,최근 3년 영업이익 성장률:MISSING_3Y_OP,SOURCE_DATA_GAP,INVESTMENT_SCORE_SOURCE_CACHE,FALSE,MULTI_BLOCKER_SOURCE_LANE,연간/분기 재무 raw source 보강 필요
007860,서연,KOSPI,true,UNAVAILABLE,13,최근 분기 실적 가속·둔화:MISSING_ACCEL_INPUT,SOURCE_DATA_GAP,INVESTMENT_SCORE_SOURCE_CACHE,FALSE,MULTI_BLOCKER_SOURCE_LANE,연간/분기 재무 raw source 보강 필요
007860,서연,KOSPI,true,UNAVAILABLE,13,하루평균 절대등락률:MISSING_ELASTICITY,SOURCE_DATA_GAP,PRICE_ELASTICITY_20D,FALSE,MULTI_BLOCKER_SOURCE_LANE,20거래일 가격탄력 source 보강 필요
007860,서연,KOSPI,true,UNAVAILABLE,13,흑자 지속성과 이익 안정성:MISSING_EARNINGS_TREND,SOURCE_DATA_GAP,FINANCIAL_VALUATION_CACHE,FALSE,MULTI_BLOCKER_SOURCE_LANE,재무·수익성 cache 입력 보강 필요
071055,한국금융지주우,KOSPI,true,UNAVAILABLE,13,PBR:MISSING_PBR_OR_ROE,SOURCE_DATA_GAP,FINANCIAL_VALUATION_CACHE,FALSE,MULTI_BLOCKER_SOURCE_LANE,밸류에이션 또는 관련 이익·ROE 입력 보강 필요
071055,한국금융지주우,KOSPI,true,UNAVAILABLE,13,PER:MISSING_PER,SOURCE_DATA_GAP,FINANCIAL_VALUATION_CACHE,FALSE,MULTI_BLOCKER_SOURCE_LANE,밸류에이션 또는 관련 이익·ROE 입력 보강 필요
071055,한국금융지주우,KOSPI,true,UNAVAILABLE,13,ROE:MISSING_ROE,SOURCE_DATA_GAP,FINANCIAL_VALUATION_CACHE,FALSE,MULTI_BLOCKER_SOURCE_LANE,재무·수익성 cache 입력 보강 필요
071055,한국금융지주우,KOSPI,true,UNAVAILABLE,13,매출 성장과 안정성:MISSING_REVENUE_GROWTH_INPUT,SOURCE_DATA_GAP,INVESTMENT_SCORE_SOURCE_CACHE,FALSE,MULTI_BLOCKER_SOURCE_LANE,연간/분기 재무 raw source 보강 필요
071055,한국금융지주우,KOSPI,true,UNAVAILABLE,13,수급·공시부담:SUPPLY_LIMITED_NO_POSITIVE_EVIDENCE,SOURCE_EVIDENCE_GAP,PRODUCTION_ANALYSIS_SUPPLY,FALSE,MULTI_BLOCKER_SOURCE_LANE,공시·수급 없음 판정을 확정할 만큼 source completeness가 부족함
071055,한국금융지주우,KOSPI,true,UNAVAILABLE,13,순이익 흐름:MISSING_EARNINGS_TREND,SOURCE_DATA_GAP,FINANCIAL_VALUATION_CACHE,FALSE,MULTI_BLOCKER_SOURCE_LANE,재무·수익성 cache 입력 보강 필요
071055,한국금융지주우,KOSPI,true,UNAVAILABLE,13,영업이익 성장과 흑자 여부:MISSING_OP_PROFIT,SOURCE_DATA_GAP,FINANCIAL_VALUATION_CACHE,FALSE,MULTI_BLOCKER_SOURCE_LANE,재무·수익성 cache 입력 보강 필요
071055,한국금융지주우,KOSPI,true,UNAVAILABLE,13,영업이익률:MISSING_MARGIN,SOURCE_DATA_GAP,FINANCIAL_VALUATION_CACHE,FALSE,MULTI_BLOCKER_SOURCE_LANE,재무·수익성 cache 입력 보강 필요
071055,한국금융지주우,KOSPI,true,UNAVAILABLE,13,최근 3년 매출 성장률:MISSING_3Y_REVENUE,SOURCE_DATA_GAP,INVESTMENT_SCORE_SOURCE_CACHE,FALSE,MULTI_BLOCKER_SOURCE_LANE,연간/분기 재무 raw source 보강 필요
071055,한국금융지주우,KOSPI,true,UNAVAILABLE,13,최근 3년 영업이익 성장률:MISSING_3Y_OP,SOURCE_DATA_GAP,INVESTMENT_SCORE_SOURCE_CACHE,FALSE,MULTI_BLOCKER_SOURCE_LANE,연간/분기 재무 raw source 보강 필요
071055,한국금융지주우,KOSPI,true,UNAVAILABLE,13,최근 분기 실적 가속·둔화:MISSING_ACCEL_INPUT,SOURCE_DATA_GAP,INVESTMENT_SCORE_SOURCE_CACHE,FALSE,MULTI_BLOCKER_SOURCE_LANE,연간/분기 재무 raw source 보강 필요
071055,한국금융지주우,KOSPI,true,UNAVAILABLE,13,하루평균 절대등락률:MISSING_ELASTICITY,SOURCE_DATA_GAP,PRICE_ELASTICITY_20D,FALSE,MULTI_BLOCKER_SOURCE_LANE,20거래일 가격탄력 source 보강 필요
071055,한국금융지주우,KOSPI,true,UNAVAILABLE,13,흑자 지속성과 이익 안정성:MISSING_EARNINGS_TREND,SOURCE_DATA_GAP,FINANCIAL_VALUATION_CACHE,FALSE,MULTI_BLOCKER_SOURCE_LANE,재무·수익성 cache 입력 보강 필요
123890,한국자산신탁,KOSPI,true,UNAVAILABLE,13,PBR:MISSING_PBR_OR_ROE,SOURCE_DATA_GAP,FINANCIAL_VALUATION_CACHE,FALSE,MULTI_BLOCKER_SOURCE_LANE,밸류에이션 또는 관련 이익·ROE 입력 보강 필요
123890,한국자산신탁,KOSPI,true,UNAVAILABLE,13,PER:MISSING_PER,SOURCE_DATA_GAP,FINANCIAL_VALUATION_CACHE,FALSE,MULTI_BLOCKER_SOURCE_LANE,밸류에이션 또는 관련 이익·ROE 입력 보강 필요
123890,한국자산신탁,KOSPI,true,UNAVAILABLE,13,ROE:MISSING_ROE,SOURCE_DATA_GAP,FINANCIAL_VALUATION_CACHE,FALSE,MULTI_BLOCKER_SOURCE_LANE,재무·수익성 cache 입력 보강 필요
123890,한국자산신탁,KOSPI,true,UNAVAILABLE,13,매출 성장과 안정성:MISSING_REVENUE_GROWTH_INPUT,SOURCE_DATA_GAP,INVESTMENT_SCORE_SOURCE_CACHE,FALSE,MULTI_BLOCKER_SOURCE_LANE,연간/분기 재무 raw source 보강 필요
123890,한국자산신탁,KOSPI,true,UNAVAILABLE,13,수급·공시부담:SUPPLY_LIMITED_NO_POSITIVE_EVIDENCE,SOURCE_EVIDENCE_GAP,PRODUCTION_ANALYSIS_SUPPLY,FALSE,MULTI_BLOCKER_SOURCE_LANE,공시·수급 없음 판정을 확정할 만큼 source completeness가 부족함
123890,한국자산신탁,KOSPI,true,UNAVAILABLE,13,순이익 흐름:MISSING_EARNINGS_TREND,SOURCE_DATA_GAP,FINANCIAL_VALUATION_CACHE,FALSE,MULTI_BLOCKER_SOURCE_LANE,재무·수익성 cache 입력 보강 필요
123890,한국자산신탁,KOSPI,true,UNAVAILABLE,13,영업이익 성장과 흑자 여부:MISSING_OP_PROFIT,SOURCE_DATA_GAP,FINANCIAL_VALUATION_CACHE,FALSE,MULTI_BLOCKER_SOURCE_LANE,재무·수익성 cache 입력 보강 필요
123890,한국자산신탁,KOSPI,true,UNAVAILABLE,13,영업이익률:MISSING_MARGIN,SOURCE_DATA_GAP,FINANCIAL_VALUATION_CACHE,FALSE,MULTI_BLOCKER_SOURCE_LANE,재무·수익성 cache 입력 보강 필요
123890,한국자산신탁,KOSPI,true,UNAVAILABLE,13,최근 3년 매출 성장률:MISSING_3Y_REVENUE,SOURCE_DATA_GAP,INVESTMENT_SCORE_SOURCE_CACHE,FALSE,MULTI_BLOCKER_SOURCE_LANE,연간/분기 재무 raw source 보강 필요
123890,한국자산신탁,KOSPI,true,UNAVAILABLE,13,최근 3년 영업이익 성장률:MISSING_3Y_OP,SOURCE_DATA_GAP,INVESTMENT_SCORE_SOURCE_CACHE,FALSE,MULTI_BLOCKER_SOURCE_LANE,연간/분기 재무 raw source 보강 필요
123890,한국자산신탁,KOSPI,true,UNAVAILABLE,13,최근 분기 실적 가속·둔화:MISSING_ACCEL_INPUT,SOURCE_DATA_GAP,INVESTMENT_SCORE_SOURCE_CACHE,FALSE,MULTI_BLOCKER_SOURCE_LANE,연간/분기 재무 raw source 보강 필요
123890,한국자산신탁,KOSPI,true,UNAVAILABLE,13,하루평균 절대등락률:MISSING_ELASTICITY,SOURCE_DATA_GAP,PRICE_ELASTICITY_20D,FALSE,MULTI_BLOCKER_SOURCE_LANE,20거래일 가격탄력 source 보강 필요
123890,한국자산신탁,KOSPI,true,UNAVAILABLE,13,흑자 지속성과 이익 안정성:MISSING_EARNINGS_TREND,SOURCE_DATA_GAP,FINANCIAL_VALUATION_CACHE,FALSE,MULTI_BLOCKER_SOURCE_LANE,재무·수익성 cache 입력 보강 필요
009155,삼성전기우,KOSPI,false,PREFERRED_COMMON:009150,15,EV/EBITDA:EV_EBITDA_INPUT:OK:NO_EXACT_CANDIDATE,SOURCE_DATA_GAP,EXACT_DA_SOURCE,FALSE,MULTI_BLOCKER_SOURCE_LANE,"승인 exact D&A 원천 부족; debt_status=OK, da_status=NO_EXACT_CANDIDATE"
009155,삼성전기우,KOSPI,false,PREFERRED_COMMON:009150,15,PBR:MISSING_PBR_OR_ROE,SOURCE_DATA_GAP,FINANCIAL_VALUATION_CACHE,FALSE,MULTI_BLOCKER_SOURCE_LANE,밸류에이션 또는 관련 이익·ROE 입력 보강 필요
009155,삼성전기우,KOSPI,false,PREFERRED_COMMON:009150,15,PER:MISSING_PER,SOURCE_DATA_GAP,FINANCIAL_VALUATION_CACHE,FALSE,MULTI_BLOCKER_SOURCE_LANE,밸류에이션 또는 관련 이익·ROE 입력 보강 필요
009155,삼성전기우,KOSPI,false,PREFERRED_COMMON:009150,15,PSR 또는 대체 가치지표:MISSING_PSR_INPUT,SOURCE_DATA_GAP,FINANCIAL_AND_RAW_SOURCE,FALSE,MULTI_BLOCKER_SOURCE_LANE,시가총액 또는 연간 매출 입력 보강 필요
009155,삼성전기우,KOSPI,false,PREFERRED_COMMON:009150,15,ROE:MISSING_ROE,SOURCE_DATA_GAP,FINANCIAL_VALUATION_CACHE,FALSE,MULTI_BLOCKER_SOURCE_LANE,재무·수익성 cache 입력 보강 필요
009155,삼성전기우,KOSPI,false,PREFERRED_COMMON:009150,15,매출 성장과 안정성:MISSING_REVENUE_GROWTH_INPUT,SOURCE_DATA_GAP,INVESTMENT_SCORE_SOURCE_CACHE,FALSE,MULTI_BLOCKER_SOURCE_LANE,연간/분기 재무 raw source 보강 필요
009155,삼성전기우,KOSPI,false,PREFERRED_COMMON:009150,15,부채비율:MISSING_DEBT_RATIO,SOURCE_DATA_GAP,FINANCIAL_VALUATION_CACHE,FALSE,MULTI_BLOCKER_SOURCE_LANE,재무·수익성 cache 입력 보강 필요
009155,삼성전기우,KOSPI,false,PREFERRED_COMMON:009150,15,수급·공시부담:SUPPLY_LIMITED_NO_POSITIVE_EVIDENCE,SOURCE_EVIDENCE_GAP,PRODUCTION_ANALYSIS_SUPPLY,FALSE,MULTI_BLOCKER_SOURCE_LANE,공시·수급 없음 판정을 확정할 만큼 source completeness가 부족함
009155,삼성전기우,KOSPI,false,PREFERRED_COMMON:009150,15,순이익 흐름:MISSING_EARNINGS_TREND,SOURCE_DATA_GAP,FINANCIAL_VALUATION_CACHE,FALSE,MULTI_BLOCKER_SOURCE_LANE,재무·수익성 cache 입력 보강 필요
009155,삼성전기우,KOSPI,false,PREFERRED_COMMON:009150,15,순현금·기업가치 상태:NETCASH_INPUT:OK,SOURCE_DATA_GAP,NETCASH_INPUT,FALSE,MULTI_BLOCKER_SOURCE_LANE,시가총액·현금·승인 core debt 원천 보강 필요
009155,삼성전기우,KOSPI,false,PREFERRED_COMMON:009150,15,영업이익 성장과 흑자 여부:MISSING_OP_PROFIT,SOURCE_DATA_GAP,FINANCIAL_VALUATION_CACHE,FALSE,MULTI_BLOCKER_SOURCE_LANE,재무·수익성 cache 입력 보강 필요
009155,삼성전기우,KOSPI,false,PREFERRED_COMMON:009150,15,영업이익률:MISSING_MARGIN,SOURCE_DATA_GAP,FINANCIAL_VALUATION_CACHE,FALSE,MULTI_BLOCKER_SOURCE_LANE,재무·수익성 cache 입력 보강 필요
009155,삼성전기우,KOSPI,false,PREFERRED_COMMON:009150,15,영업현금흐름:MISSING_OCF_MARGIN_INPUT,SOURCE_DATA_GAP,OCF_AND_REVENUE_SOURCE,FALSE,MULTI_BLOCKER_SOURCE_LANE,영업현금흐름 또는 연간 매출 입력 보강 필요
009155,삼성전기우,KOSPI,false,PREFERRED_COMMON:009150,15,하루평균 절대등락률:MISSING_ELASTICITY,SOURCE_DATA_GAP,PRICE_ELASTICITY_20D,FALSE,MULTI_BLOCKER_SOURCE_LANE,20거래일 가격탄력 source 보강 필요
009155,삼성전기우,KOSPI,false,PREFERRED_COMMON:009150,15,흑자 지속성과 이익 안정성:MISSING_EARNINGS_TREND,SOURCE_DATA_GAP,FINANCIAL_VALUATION_CACHE,FALSE,MULTI_BLOCKER_SOURCE_LANE,재무·수익성 cache 입력 보강 필요
010955,S-Oil우,KOSPI,false,PREFERRED_COMMON:010950,15,EV/EBITDA:EV_EBITDA_INPUT:OK:NO_EXACT_CANDIDATE,SOURCE_DATA_GAP,EXACT_DA_SOURCE,FALSE,MULTI_BLOCKER_SOURCE_LANE,"승인 exact D&A 원천 부족; debt_status=OK, da_status=NO_EXACT_CANDIDATE"
010955,S-Oil우,KOSPI,false,PREFERRED_COMMON:010950,15,PBR:MISSING_PBR_OR_ROE,SOURCE_DATA_GAP,FINANCIAL_VALUATION_CACHE,FALSE,MULTI_BLOCKER_SOURCE_LANE,밸류에이션 또는 관련 이익·ROE 입력 보강 필요
010955,S-Oil우,KOSPI,false,PREFERRED_COMMON:010950,15,PER:MISSING_PER,SOURCE_DATA_GAP,FINANCIAL_VALUATION_CACHE,FALSE,MULTI_BLOCKER_SOURCE_LANE,밸류에이션 또는 관련 이익·ROE 입력 보강 필요
010955,S-Oil우,KOSPI,false,PREFERRED_COMMON:010950,15,PSR 또는 대체 가치지표:MISSING_PSR_INPUT,SOURCE_DATA_GAP,FINANCIAL_AND_RAW_SOURCE,FALSE,MULTI_BLOCKER_SOURCE_LANE,시가총액 또는 연간 매출 입력 보강 필요
010955,S-Oil우,KOSPI,false,PREFERRED_COMMON:010950,15,ROE:MISSING_ROE,SOURCE_DATA_GAP,FINANCIAL_VALUATION_CACHE,FALSE,MULTI_BLOCKER_SOURCE_LANE,재무·수익성 cache 입력 보강 필요
010955,S-Oil우,KOSPI,false,PREFERRED_COMMON:010950,15,매출 성장과 안정성:MISSING_REVENUE_GROWTH_INPUT,SOURCE_DATA_GAP,INVESTMENT_SCORE_SOURCE_CACHE,FALSE,MULTI_BLOCKER_SOURCE_LANE,연간/분기 재무 raw source 보강 필요
010955,S-Oil우,KOSPI,false,PREFERRED_COMMON:010950,15,부채비율:MISSING_DEBT_RATIO,SOURCE_DATA_GAP,FINANCIAL_VALUATION_CACHE,FALSE,MULTI_BLOCKER_SOURCE_LANE,재무·수익성 cache 입력 보강 필요
010955,S-Oil우,KOSPI,false,PREFERRED_COMMON:010950,15,수급·공시부담:SUPPLY_LIMITED_NO_POSITIVE_EVIDENCE,SOURCE_EVIDENCE_GAP,PRODUCTION_ANALYSIS_SUPPLY,FALSE,MULTI_BLOCKER_SOURCE_LANE,공시·수급 없음 판정을 확정할 만큼 source completeness가 부족함
010955,S-Oil우,KOSPI,false,PREFERRED_COMMON:010950,15,순이익 흐름:MISSING_EARNINGS_TREND,SOURCE_DATA_GAP,FINANCIAL_VALUATION_CACHE,FALSE,MULTI_BLOCKER_SOURCE_LANE,재무·수익성 cache 입력 보강 필요
010955,S-Oil우,KOSPI,false,PREFERRED_COMMON:010950,15,순현금·기업가치 상태:NETCASH_INPUT:OK,SOURCE_DATA_GAP,NETCASH_INPUT,FALSE,MULTI_BLOCKER_SOURCE_LANE,시가총액·현금·승인 core debt 원천 보강 필요
010955,S-Oil우,KOSPI,false,PREFERRED_COMMON:010950,15,영업이익 성장과 흑자 여부:MISSING_OP_PROFIT,SOURCE_DATA_GAP,FINANCIAL_VALUATION_CACHE,FALSE,MULTI_BLOCKER_SOURCE_LANE,재무·수익성 cache 입력 보강 필요
010955,S-Oil우,KOSPI,false,PREFERRED_COMMON:010950,15,영업이익률:MISSING_MARGIN,SOURCE_DATA_GAP,FINANCIAL_VALUATION_CACHE,FALSE,MULTI_BLOCKER_SOURCE_LANE,재무·수익성 cache 입력 보강 필요
010955,S-Oil우,KOSPI,false,PREFERRED_COMMON:010950,15,영업현금흐름:MISSING_OCF_MARGIN_INPUT,SOURCE_DATA_GAP,OCF_AND_REVENUE_SOURCE,FALSE,MULTI_BLOCKER_SOURCE_LANE,영업현금흐름 또는 연간 매출 입력 보강 필요
010955,S-Oil우,KOSPI,false,PREFERRED_COMMON:010950,15,하루평균 절대등락률:MISSING_ELASTICITY,SOURCE_DATA_GAP,PRICE_ELASTICITY_20D,FALSE,MULTI_BLOCKER_SOURCE_LANE,20거래일 가격탄력 source 보강 필요
010955,S-Oil우,KOSPI,false,PREFERRED_COMMON:010950,15,흑자 지속성과 이익 안정성:MISSING_EARNINGS_TREND,SOURCE_DATA_GAP,FINANCIAL_VALUATION_CACHE,FALSE,MULTI_BLOCKER_SOURCE_LANE,재무·수익성 cache 입력 보강 필요
011785,금호석유화학우,KOSPI,false,PREFERRED_COMMON:011780,15,EV/EBITDA:EV_EBITDA_INPUT:OK:NO_EXACT_CANDIDATE,SOURCE_DATA_GAP,EXACT_DA_SOURCE,FALSE,MULTI_BLOCKER_SOURCE_LANE,"승인 exact D&A 원천 부족; debt_status=OK, da_status=NO_EXACT_CANDIDATE"
011785,금호석유화학우,KOSPI,false,PREFERRED_COMMON:011780,15,PBR:MISSING_PBR_OR_ROE,SOURCE_DATA_GAP,FINANCIAL_VALUATION_CACHE,FALSE,MULTI_BLOCKER_SOURCE_LANE,밸류에이션 또는 관련 이익·ROE 입력 보강 필요
011785,금호석유화학우,KOSPI,false,PREFERRED_COMMON:011780,15,PER:MISSING_PER,SOURCE_DATA_GAP,FINANCIAL_VALUATION_CACHE,FALSE,MULTI_BLOCKER_SOURCE_LANE,밸류에이션 또는 관련 이익·ROE 입력 보강 필요
011785,금호석유화학우,KOSPI,false,PREFERRED_COMMON:011780,15,PSR 또는 대체 가치지표:MISSING_PSR_INPUT,SOURCE_DATA_GAP,FINANCIAL_AND_RAW_SOURCE,FALSE,MULTI_BLOCKER_SOURCE_LANE,시가총액 또는 연간 매출 입력 보강 필요
011785,금호석유화학우,KOSPI,false,PREFERRED_COMMON:011780,15,ROE:MISSING_ROE,SOURCE_DATA_GAP,FINANCIAL_VALUATION_CACHE,FALSE,MULTI_BLOCKER_SOURCE_LANE,재무·수익성 cache 입력 보강 필요
011785,금호석유화학우,KOSPI,false,PREFERRED_COMMON:011780,15,매출 성장과 안정성:MISSING_REVENUE_GROWTH_INPUT,SOURCE_DATA_GAP,INVESTMENT_SCORE_SOURCE_CACHE,FALSE,MULTI_BLOCKER_SOURCE_LANE,연간/분기 재무 raw source 보강 필요
011785,금호석유화학우,KOSPI,false,PREFERRED_COMMON:011780,15,부채비율:MISSING_DEBT_RATIO,SOURCE_DATA_GAP,FINANCIAL_VALUATION_CACHE,FALSE,MULTI_BLOCKER_SOURCE_LANE,재무·수익성 cache 입력 보강 필요
011785,금호석유화학우,KOSPI,false,PREFERRED_COMMON:011780,15,수급·공시부담:SUPPLY_LIMITED_NO_POSITIVE_EVIDENCE,SOURCE_EVIDENCE_GAP,PRODUCTION_ANALYSIS_SUPPLY,FALSE,MULTI_BLOCKER_SOURCE_LANE,공시·수급 없음 판정을 확정할 만큼 source completeness가 부족함
011785,금호석유화학우,KOSPI,false,PREFERRED_COMMON:011780,15,순이익 흐름:MISSING_EARNINGS_TREND,SOURCE_DATA_GAP,FINANCIAL_VALUATION_CACHE,FALSE,MULTI_BLOCKER_SOURCE_LANE,재무·수익성 cache 입력 보강 필요
011785,금호석유화학우,KOSPI,false,PREFERRED_COMMON:011780,15,순현금·기업가치 상태:NETCASH_INPUT:OK,SOURCE_DATA_GAP,NETCASH_INPUT,FALSE,MULTI_BLOCKER_SOURCE_LANE,시가총액·현금·승인 core debt 원천 보강 필요
011785,금호석유화학우,KOSPI,false,PREFERRED_COMMON:011780,15,영업이익 성장과 흑자 여부:MISSING_OP_PROFIT,SOURCE_DATA_GAP,FINANCIAL_VALUATION_CACHE,FALSE,MULTI_BLOCKER_SOURCE_LANE,재무·수익성 cache 입력 보강 필요
011785,금호석유화학우,KOSPI,false,PREFERRED_COMMON:011780,15,영업이익률:MISSING_MARGIN,SOURCE_DATA_GAP,FINANCIAL_VALUATION_CACHE,FALSE,MULTI_BLOCKER_SOURCE_LANE,재무·수익성 cache 입력 보강 필요
011785,금호석유화학우,KOSPI,false,PREFERRED_COMMON:011780,15,영업현금흐름:MISSING_OCF_MARGIN_INPUT,SOURCE_DATA_GAP,OCF_AND_REVENUE_SOURCE,FALSE,MULTI_BLOCKER_SOURCE_LANE,영업현금흐름 또는 연간 매출 입력 보강 필요
011785,금호석유화학우,KOSPI,false,PREFERRED_COMMON:011780,15,하루평균 절대등락률:MISSING_ELASTICITY,SOURCE_DATA_GAP,PRICE_ELASTICITY_20D,FALSE,MULTI_BLOCKER_SOURCE_LANE,20거래일 가격탄력 source 보강 필요
011785,금호석유화학우,KOSPI,false,PREFERRED_COMMON:011780,15,흑자 지속성과 이익 안정성:MISSING_EARNINGS_TREND,SOURCE_DATA_GAP,FINANCIAL_VALUATION_CACHE,FALSE,MULTI_BLOCKER_SOURCE_LANE,재무·수익성 cache 입력 보강 필요
002380,KCC,KOSPI,false,UNAVAILABLE,16,EV/EBITDA:EV_EBITDA_INPUT:NO_EXACT_CANDIDATE:NO_EXACT_CANDIDATE,SOURCE_DATA_GAP,EXACT_DA_SOURCE,FALSE,MULTI_BLOCKER_SOURCE_LANE,"승인 exact D&A 원천 부족; debt_status=NO_EXACT_CANDIDATE, da_status=NO_EXACT_CANDIDATE"
002380,KCC,KOSPI,false,UNAVAILABLE,16,PBR:MISSING_PBR_OR_ROE,SOURCE_DATA_GAP,FINANCIAL_VALUATION_CACHE,FALSE,MULTI_BLOCKER_SOURCE_LANE,밸류에이션 또는 관련 이익·ROE 입력 보강 필요
002380,KCC,KOSPI,false,UNAVAILABLE,16,PER:MISSING_PER,SOURCE_DATA_GAP,FINANCIAL_VALUATION_CACHE,FALSE,MULTI_BLOCKER_SOURCE_LANE,밸류에이션 또는 관련 이익·ROE 입력 보강 필요
002380,KCC,KOSPI,false,UNAVAILABLE,16,PSR 또는 대체 가치지표:MISSING_PSR_INPUT,SOURCE_DATA_GAP,FINANCIAL_AND_RAW_SOURCE,FALSE,MULTI_BLOCKER_SOURCE_LANE,시가총액 또는 연간 매출 입력 보강 필요
002380,KCC,KOSPI,false,UNAVAILABLE,16,ROE:MISSING_ROE,SOURCE_DATA_GAP,FINANCIAL_VALUATION_CACHE,FALSE,MULTI_BLOCKER_SOURCE_LANE,재무·수익성 cache 입력 보강 필요
002380,KCC,KOSPI,false,UNAVAILABLE,16,매출 성장과 안정성:MISSING_REVENUE_GROWTH_INPUT,SOURCE_DATA_GAP,INVESTMENT_SCORE_SOURCE_CACHE,FALSE,MULTI_BLOCKER_SOURCE_LANE,연간/분기 재무 raw source 보강 필요
002380,KCC,KOSPI,false,UNAVAILABLE,16,부채비율:MISSING_DEBT_RATIO,SOURCE_DATA_GAP,FINANCIAL_VALUATION_CACHE,FALSE,MULTI_BLOCKER_SOURCE_LANE,재무·수익성 cache 입력 보강 필요
002380,KCC,KOSPI,false,UNAVAILABLE,16,순이익 흐름:MISSING_EARNINGS_TREND,SOURCE_DATA_GAP,FINANCIAL_VALUATION_CACHE,FALSE,MULTI_BLOCKER_SOURCE_LANE,재무·수익성 cache 입력 보강 필요
002380,KCC,KOSPI,false,UNAVAILABLE,16,순현금·기업가치 상태:NETCASH_INPUT:NO_EXACT_CANDIDATE,SOURCE_DATA_GAP,NETCASH_INPUT,FALSE,MULTI_BLOCKER_SOURCE_LANE,시가총액·현금·승인 core debt 원천 보강 필요
002380,KCC,KOSPI,false,UNAVAILABLE,16,영업이익 성장과 흑자 여부:MISSING_OP_PROFIT,SOURCE_DATA_GAP,FINANCIAL_VALUATION_CACHE,FALSE,MULTI_BLOCKER_SOURCE_LANE,재무·수익성 cache 입력 보강 필요
002380,KCC,KOSPI,false,UNAVAILABLE,16,영업이익률:MISSING_MARGIN,SOURCE_DATA_GAP,FINANCIAL_VALUATION_CACHE,FALSE,MULTI_BLOCKER_SOURCE_LANE,재무·수익성 cache 입력 보강 필요
002380,KCC,KOSPI,false,UNAVAILABLE,16,영업현금흐름:MISSING_OCF_MARGIN_INPUT,SOURCE_DATA_GAP,OCF_AND_REVENUE_SOURCE,FALSE,MULTI_BLOCKER_SOURCE_LANE,영업현금흐름 또는 연간 매출 입력 보강 필요
002380,KCC,KOSPI,false,UNAVAILABLE,16,최근 3년 매출 성장률:MISSING_3Y_REVENUE,SOURCE_DATA_GAP,INVESTMENT_SCORE_SOURCE_CACHE,FALSE,MULTI_BLOCKER_SOURCE_LANE,연간/분기 재무 raw source 보강 필요
002380,KCC,KOSPI,false,UNAVAILABLE,16,최근 3년 영업이익 성장률:MISSING_3Y_OP,SOURCE_DATA_GAP,INVESTMENT_SCORE_SOURCE_CACHE,FALSE,MULTI_BLOCKER_SOURCE_LANE,연간/분기 재무 raw source 보강 필요
002380,KCC,KOSPI,false,UNAVAILABLE,16,최근 분기 실적 가속·둔화:MISSING_ACCEL_INPUT,SOURCE_DATA_GAP,INVESTMENT_SCORE_SOURCE_CACHE,FALSE,MULTI_BLOCKER_SOURCE_LANE,연간/분기 재무 raw source 보강 필요
002380,KCC,KOSPI,false,UNAVAILABLE,16,흑자 지속성과 이익 안정성:MISSING_EARNINGS_TREND,SOURCE_DATA_GAP,FINANCIAL_VALUATION_CACHE,FALSE,MULTI_BLOCKER_SOURCE_LANE,재무·수익성 cache 입력 보강 필요
007815,코리아써우,KOSPI,false,PREFERRED_COMMON:007810,16,EV/EBITDA:EV_EBITDA_INPUT:OK:OK,SOURCE_DATA_GAP,EV_EBITDA_OTHER_INPUT,FALSE,MULTI_BLOCKER_SOURCE_LANE,D&A/debt exact 상태 통과 후 다른 EV/EBITDA 입력 점검 필요
007815,코리아써우,KOSPI,false,PREFERRED_COMMON:007810,16,PBR:MISSING_PBR_OR_ROE,SOURCE_DATA_GAP,FINANCIAL_VALUATION_CACHE,FALSE,MULTI_BLOCKER_SOURCE_LANE,밸류에이션 또는 관련 이익·ROE 입력 보강 필요
007815,코리아써우,KOSPI,false,PREFERRED_COMMON:007810,16,PER:MISSING_PER,SOURCE_DATA_GAP,FINANCIAL_VALUATION_CACHE,FALSE,MULTI_BLOCKER_SOURCE_LANE,밸류에이션 또는 관련 이익·ROE 입력 보강 필요
007815,코리아써우,KOSPI,false,PREFERRED_COMMON:007810,16,PSR 또는 대체 가치지표:MISSING_PSR_INPUT,SOURCE_DATA_GAP,FINANCIAL_AND_RAW_SOURCE,FALSE,MULTI_BLOCKER_SOURCE_LANE,시가총액 또는 연간 매출 입력 보강 필요
007815,코리아써우,KOSPI,false,PREFERRED_COMMON:007810,16,ROE:MISSING_ROE,SOURCE_DATA_GAP,FINANCIAL_VALUATION_CACHE,FALSE,MULTI_BLOCKER_SOURCE_LANE,재무·수익성 cache 입력 보강 필요
007815,코리아써우,KOSPI,false,PREFERRED_COMMON:007810,16,매출 성장과 안정성:MISSING_REVENUE_GROWTH_INPUT,SOURCE_DATA_GAP,INVESTMENT_SCORE_SOURCE_CACHE,FALSE,MULTI_BLOCKER_SOURCE_LANE,연간/분기 재무 raw source 보강 필요
007815,코리아써우,KOSPI,false,PREFERRED_COMMON:007810,16,부채비율:MISSING_DEBT_RATIO,SOURCE_DATA_GAP,FINANCIAL_VALUATION_CACHE,FALSE,MULTI_BLOCKER_SOURCE_LANE,재무·수익성 cache 입력 보강 필요
007815,코리아써우,KOSPI,false,PREFERRED_COMMON:007810,16,수급·공시부담:SUPPLY_LIMITED_NO_POSITIVE_EVIDENCE,SOURCE_EVIDENCE_GAP,PRODUCTION_ANALYSIS_SUPPLY,FALSE,MULTI_BLOCKER_SOURCE_LANE,공시·수급 없음 판정을 확정할 만큼 source completeness가 부족함
007815,코리아써우,KOSPI,false,PREFERRED_COMMON:007810,16,순이익 흐름:MISSING_EARNINGS_TREND,SOURCE_DATA_GAP,FINANCIAL_VALUATION_CACHE,FALSE,MULTI_BLOCKER_SOURCE_LANE,재무·수익성 cache 입력 보강 필요
007815,코리아써우,KOSPI,false,PREFERRED_COMMON:007810,16,순현금·기업가치 상태:NETCASH_INPUT:OK,SOURCE_DATA_GAP,NETCASH_INPUT,FALSE,MULTI_BLOCKER_SOURCE_LANE,시가총액·현금·승인 core debt 원천 보강 필요
007815,코리아써우,KOSPI,false,PREFERRED_COMMON:007810,16,영업이익 성장과 흑자 여부:MISSING_OP_PROFIT,SOURCE_DATA_GAP,FINANCIAL_VALUATION_CACHE,FALSE,MULTI_BLOCKER_SOURCE_LANE,재무·수익성 cache 입력 보강 필요
007815,코리아써우,KOSPI,false,PREFERRED_COMMON:007810,16,영업이익률:MISSING_MARGIN,SOURCE_DATA_GAP,FINANCIAL_VALUATION_CACHE,FALSE,MULTI_BLOCKER_SOURCE_LANE,재무·수익성 cache 입력 보강 필요
007815,코리아써우,KOSPI,false,PREFERRED_COMMON:007810,16,영업현금흐름:MISSING_OCF_MARGIN_INPUT,SOURCE_DATA_GAP,OCF_AND_REVENUE_SOURCE,FALSE,MULTI_BLOCKER_SOURCE_LANE,영업현금흐름 또는 연간 매출 입력 보강 필요
007815,코리아써우,KOSPI,false,PREFERRED_COMMON:007810,16,최근 분기 실적 가속·둔화:ANNUAL_OP_DENOM_NONPOSITIVE,POLICY_SEMANTIC_BLOCKER,V880_SCORING_CONTRACT,FALSE,POLICY_SEMANTIC_DEFER,전년도 연간 영업이익 분모가 비양수이며 승인 계약상 의미 blocker
007815,코리아써우,KOSPI,false,PREFERRED_COMMON:007810,16,하루평균 절대등락률:MISSING_ELASTICITY,SOURCE_DATA_GAP,PRICE_ELASTICITY_20D,FALSE,MULTI_BLOCKER_SOURCE_LANE,20거래일 가격탄력 source 보강 필요
007815,코리아써우,KOSPI,false,PREFERRED_COMMON:007810,16,흑자 지속성과 이익 안정성:MISSING_EARNINGS_TREND,SOURCE_DATA_GAP,FINANCIAL_VALUATION_CACHE,FALSE,MULTI_BLOCKER_SOURCE_LANE,재무·수익성 cache 입력 보강 필요
000480,CR홀딩스,KOSPI,false,UNAVAILABLE,17,EV/EBITDA:EV_EBITDA_INPUT:NO_EXACT_CANDIDATE:NO_EXACT_CANDIDATE,SOURCE_DATA_GAP,EXACT_DA_SOURCE,FALSE,MULTI_BLOCKER_SOURCE_LANE,"승인 exact D&A 원천 부족; debt_status=NO_EXACT_CANDIDATE, da_status=NO_EXACT_CANDIDATE"
000480,CR홀딩스,KOSPI,false,UNAVAILABLE,17,PBR:MISSING_PBR_OR_ROE,SOURCE_DATA_GAP,FINANCIAL_VALUATION_CACHE,FALSE,MULTI_BLOCKER_SOURCE_LANE,밸류에이션 또는 관련 이익·ROE 입력 보강 필요
000480,CR홀딩스,KOSPI,false,UNAVAILABLE,17,PER:MISSING_PER,SOURCE_DATA_GAP,FINANCIAL_VALUATION_CACHE,FALSE,MULTI_BLOCKER_SOURCE_LANE,밸류에이션 또는 관련 이익·ROE 입력 보강 필요
000480,CR홀딩스,KOSPI,false,UNAVAILABLE,17,PSR 또는 대체 가치지표:MISSING_PSR_INPUT,SOURCE_DATA_GAP,FINANCIAL_AND_RAW_SOURCE,FALSE,MULTI_BLOCKER_SOURCE_LANE,시가총액 또는 연간 매출 입력 보강 필요
000480,CR홀딩스,KOSPI,false,UNAVAILABLE,17,ROE:MISSING_ROE,SOURCE_DATA_GAP,FINANCIAL_VALUATION_CACHE,FALSE,MULTI_BLOCKER_SOURCE_LANE,재무·수익성 cache 입력 보강 필요
000480,CR홀딩스,KOSPI,false,UNAVAILABLE,17,매출 성장과 안정성:MISSING_REVENUE_GROWTH_INPUT,SOURCE_DATA_GAP,INVESTMENT_SCORE_SOURCE_CACHE,FALSE,MULTI_BLOCKER_SOURCE_LANE,연간/분기 재무 raw source 보강 필요
000480,CR홀딩스,KOSPI,false,UNAVAILABLE,17,부채비율:MISSING_DEBT_RATIO,SOURCE_DATA_GAP,FINANCIAL_VALUATION_CACHE,FALSE,MULTI_BLOCKER_SOURCE_LANE,재무·수익성 cache 입력 보강 필요
000480,CR홀딩스,KOSPI,false,UNAVAILABLE,17,순이익 흐름:MISSING_EARNINGS_TREND,SOURCE_DATA_GAP,FINANCIAL_VALUATION_CACHE,FALSE,MULTI_BLOCKER_SOURCE_LANE,재무·수익성 cache 입력 보강 필요
000480,CR홀딩스,KOSPI,false,UNAVAILABLE,17,순현금·기업가치 상태:NETCASH_INPUT:NO_EXACT_CANDIDATE,SOURCE_DATA_GAP,NETCASH_INPUT,FALSE,MULTI_BLOCKER_SOURCE_LANE,시가총액·현금·승인 core debt 원천 보강 필요
000480,CR홀딩스,KOSPI,false,UNAVAILABLE,17,영업이익 성장과 흑자 여부:MISSING_OP_PROFIT,SOURCE_DATA_GAP,FINANCIAL_VALUATION_CACHE,FALSE,MULTI_BLOCKER_SOURCE_LANE,재무·수익성 cache 입력 보강 필요
000480,CR홀딩스,KOSPI,false,UNAVAILABLE,17,영업이익률:MISSING_MARGIN,SOURCE_DATA_GAP,FINANCIAL_VALUATION_CACHE,FALSE,MULTI_BLOCKER_SOURCE_LANE,재무·수익성 cache 입력 보강 필요
000480,CR홀딩스,KOSPI,false,UNAVAILABLE,17,영업현금흐름:MISSING_OCF_MARGIN_INPUT,SOURCE_DATA_GAP,OCF_AND_REVENUE_SOURCE,FALSE,MULTI_BLOCKER_SOURCE_LANE,영업현금흐름 또는 연간 매출 입력 보강 필요
000480,CR홀딩스,KOSPI,false,UNAVAILABLE,17,최근 3년 매출 성장률:MISSING_3Y_REVENUE,SOURCE_DATA_GAP,INVESTMENT_SCORE_SOURCE_CACHE,FALSE,MULTI_BLOCKER_SOURCE_LANE,연간/분기 재무 raw source 보강 필요
000480,CR홀딩스,KOSPI,false,UNAVAILABLE,17,최근 3년 영업이익 성장률:MISSING_3Y_OP,SOURCE_DATA_GAP,INVESTMENT_SCORE_SOURCE_CACHE,FALSE,MULTI_BLOCKER_SOURCE_LANE,연간/분기 재무 raw source 보강 필요
000480,CR홀딩스,KOSPI,false,UNAVAILABLE,17,최근 분기 실적 가속·둔화:MISSING_ACCEL_INPUT,SOURCE_DATA_GAP,INVESTMENT_SCORE_SOURCE_CACHE,FALSE,MULTI_BLOCKER_SOURCE_LANE,연간/분기 재무 raw source 보강 필요
000480,CR홀딩스,KOSPI,false,UNAVAILABLE,17,하루평균 절대등락률:MISSING_ELASTICITY,SOURCE_DATA_GAP,PRICE_ELASTICITY_20D,FALSE,MULTI_BLOCKER_SOURCE_LANE,20거래일 가격탄력 source 보강 필요
000480,CR홀딩스,KOSPI,false,UNAVAILABLE,17,흑자 지속성과 이익 안정성:MISSING_EARNINGS_TREND,SOURCE_DATA_GAP,FINANCIAL_VALUATION_CACHE,FALSE,MULTI_BLOCKER_SOURCE_LANE,재무·수익성 cache 입력 보강 필요
001080,만호제강,KOSPI,false,UNAVAILABLE,17,EV/EBITDA:EV_EBITDA_INPUT:NO_EXACT_CANDIDATE:NO_EXACT_CANDIDATE,SOURCE_DATA_GAP,EXACT_DA_SOURCE,FALSE,MULTI_BLOCKER_SOURCE_LANE,"승인 exact D&A 원천 부족; debt_status=NO_EXACT_CANDIDATE, da_status=NO_EXACT_CANDIDATE"
001080,만호제강,KOSPI,false,UNAVAILABLE,17,PBR:MISSING_PBR_OR_ROE,SOURCE_DATA_GAP,FINANCIAL_VALUATION_CACHE,FALSE,MULTI_BLOCKER_SOURCE_LANE,밸류에이션 또는 관련 이익·ROE 입력 보강 필요
001080,만호제강,KOSPI,false,UNAVAILABLE,17,PER:MISSING_PER,SOURCE_DATA_GAP,FINANCIAL_VALUATION_CACHE,FALSE,MULTI_BLOCKER_SOURCE_LANE,밸류에이션 또는 관련 이익·ROE 입력 보강 필요
001080,만호제강,KOSPI,false,UNAVAILABLE,17,PSR 또는 대체 가치지표:MISSING_PSR_INPUT,SOURCE_DATA_GAP,FINANCIAL_AND_RAW_SOURCE,FALSE,MULTI_BLOCKER_SOURCE_LANE,시가총액 또는 연간 매출 입력 보강 필요
001080,만호제강,KOSPI,false,UNAVAILABLE,17,ROE:MISSING_ROE,SOURCE_DATA_GAP,FINANCIAL_VALUATION_CACHE,FALSE,MULTI_BLOCKER_SOURCE_LANE,재무·수익성 cache 입력 보강 필요
001080,만호제강,KOSPI,false,UNAVAILABLE,17,매출 성장과 안정성:MISSING_REVENUE_GROWTH_INPUT,SOURCE_DATA_GAP,INVESTMENT_SCORE_SOURCE_CACHE,FALSE,MULTI_BLOCKER_SOURCE_LANE,연간/분기 재무 raw source 보강 필요
001080,만호제강,KOSPI,false,UNAVAILABLE,17,부채비율:MISSING_DEBT_RATIO,SOURCE_DATA_GAP,FINANCIAL_VALUATION_CACHE,FALSE,MULTI_BLOCKER_SOURCE_LANE,재무·수익성 cache 입력 보강 필요
001080,만호제강,KOSPI,false,UNAVAILABLE,17,순이익 흐름:MISSING_EARNINGS_TREND,SOURCE_DATA_GAP,FINANCIAL_VALUATION_CACHE,FALSE,MULTI_BLOCKER_SOURCE_LANE,재무·수익성 cache 입력 보강 필요
001080,만호제강,KOSPI,false,UNAVAILABLE,17,순현금·기업가치 상태:NETCASH_INPUT:NO_EXACT_CANDIDATE,SOURCE_DATA_GAP,NETCASH_INPUT,FALSE,MULTI_BLOCKER_SOURCE_LANE,시가총액·현금·승인 core debt 원천 보강 필요
001080,만호제강,KOSPI,false,UNAVAILABLE,17,영업이익 성장과 흑자 여부:MISSING_OP_PROFIT,SOURCE_DATA_GAP,FINANCIAL_VALUATION_CACHE,FALSE,MULTI_BLOCKER_SOURCE_LANE,재무·수익성 cache 입력 보강 필요
001080,만호제강,KOSPI,false,UNAVAILABLE,17,영업이익률:MISSING_MARGIN,SOURCE_DATA_GAP,FINANCIAL_VALUATION_CACHE,FALSE,MULTI_BLOCKER_SOURCE_LANE,재무·수익성 cache 입력 보강 필요
001080,만호제강,KOSPI,false,UNAVAILABLE,17,영업현금흐름:MISSING_OCF_MARGIN_INPUT,SOURCE_DATA_GAP,OCF_AND_REVENUE_SOURCE,FALSE,MULTI_BLOCKER_SOURCE_LANE,영업현금흐름 또는 연간 매출 입력 보강 필요
001080,만호제강,KOSPI,false,UNAVAILABLE,17,최근 3년 매출 성장률:MISSING_3Y_REVENUE,SOURCE_DATA_GAP,INVESTMENT_SCORE_SOURCE_CACHE,FALSE,MULTI_BLOCKER_SOURCE_LANE,연간/분기 재무 raw source 보강 필요
001080,만호제강,KOSPI,false,UNAVAILABLE,17,최근 3년 영업이익 성장률:MISSING_3Y_OP,SOURCE_DATA_GAP,INVESTMENT_SCORE_SOURCE_CACHE,FALSE,MULTI_BLOCKER_SOURCE_LANE,연간/분기 재무 raw source 보강 필요
001080,만호제강,KOSPI,false,UNAVAILABLE,17,최근 분기 실적 가속·둔화:MISSING_ACCEL_INPUT,SOURCE_DATA_GAP,INVESTMENT_SCORE_SOURCE_CACHE,FALSE,MULTI_BLOCKER_SOURCE_LANE,연간/분기 재무 raw source 보강 필요
001080,만호제강,KOSPI,false,UNAVAILABLE,17,하루평균 절대등락률:MISSING_ELASTICITY,SOURCE_DATA_GAP,PRICE_ELASTICITY_20D,FALSE,MULTI_BLOCKER_SOURCE_LANE,20거래일 가격탄력 source 보강 필요
001080,만호제강,KOSPI,false,UNAVAILABLE,17,흑자 지속성과 이익 안정성:MISSING_EARNINGS_TREND,SOURCE_DATA_GAP,FINANCIAL_VALUATION_CACHE,FALSE,MULTI_BLOCKER_SOURCE_LANE,재무·수익성 cache 입력 보강 필요
001390,KG케미칼,KOSPI,false,UNAVAILABLE,17,EV/EBITDA:EV_EBITDA_INPUT:NO_EXACT_CANDIDATE:NO_EXACT_CANDIDATE,SOURCE_DATA_GAP,EXACT_DA_SOURCE,FALSE,MULTI_BLOCKER_SOURCE_LANE,"승인 exact D&A 원천 부족; debt_status=NO_EXACT_CANDIDATE, da_status=NO_EXACT_CANDIDATE"
001390,KG케미칼,KOSPI,false,UNAVAILABLE,17,PBR:MISSING_PBR_OR_ROE,SOURCE_DATA_GAP,FINANCIAL_VALUATION_CACHE,FALSE,MULTI_BLOCKER_SOURCE_LANE,밸류에이션 또는 관련 이익·ROE 입력 보강 필요
001390,KG케미칼,KOSPI,false,UNAVAILABLE,17,PER:MISSING_PER,SOURCE_DATA_GAP,FINANCIAL_VALUATION_CACHE,FALSE,MULTI_BLOCKER_SOURCE_LANE,밸류에이션 또는 관련 이익·ROE 입력 보강 필요
001390,KG케미칼,KOSPI,false,UNAVAILABLE,17,PSR 또는 대체 가치지표:MISSING_PSR_INPUT,SOURCE_DATA_GAP,FINANCIAL_AND_RAW_SOURCE,FALSE,MULTI_BLOCKER_SOURCE_LANE,시가총액 또는 연간 매출 입력 보강 필요
001390,KG케미칼,KOSPI,false,UNAVAILABLE,17,ROE:MISSING_ROE,SOURCE_DATA_GAP,FINANCIAL_VALUATION_CACHE,FALSE,MULTI_BLOCKER_SOURCE_LANE,재무·수익성 cache 입력 보강 필요
001390,KG케미칼,KOSPI,false,UNAVAILABLE,17,매출 성장과 안정성:MISSING_REVENUE_GROWTH_INPUT,SOURCE_DATA_GAP,INVESTMENT_SCORE_SOURCE_CACHE,FALSE,MULTI_BLOCKER_SOURCE_LANE,연간/분기 재무 raw source 보강 필요
001390,KG케미칼,KOSPI,false,UNAVAILABLE,17,부채비율:MISSING_DEBT_RATIO,SOURCE_DATA_GAP,FINANCIAL_VALUATION_CACHE,FALSE,MULTI_BLOCKER_SOURCE_LANE,재무·수익성 cache 입력 보강 필요
001390,KG케미칼,KOSPI,false,UNAVAILABLE,17,순이익 흐름:MISSING_EARNINGS_TREND,SOURCE_DATA_GAP,FINANCIAL_VALUATION_CACHE,FALSE,MULTI_BLOCKER_SOURCE_LANE,재무·수익성 cache 입력 보강 필요
001390,KG케미칼,KOSPI,false,UNAVAILABLE,17,순현금·기업가치 상태:NETCASH_INPUT:NO_EXACT_CANDIDATE,SOURCE_DATA_GAP,NETCASH_INPUT,FALSE,MULTI_BLOCKER_SOURCE_LANE,시가총액·현금·승인 core debt 원천 보강 필요
001390,KG케미칼,KOSPI,false,UNAVAILABLE,17,영업이익 성장과 흑자 여부:MISSING_OP_PROFIT,SOURCE_DATA_GAP,FINANCIAL_VALUATION_CACHE,FALSE,MULTI_BLOCKER_SOURCE_LANE,재무·수익성 cache 입력 보강 필요
001390,KG케미칼,KOSPI,false,UNAVAILABLE,17,영업이익률:MISSING_MARGIN,SOURCE_DATA_GAP,FINANCIAL_VALUATION_CACHE,FALSE,MULTI_BLOCKER_SOURCE_LANE,재무·수익성 cache 입력 보강 필요
001390,KG케미칼,KOSPI,false,UNAVAILABLE,17,영업현금흐름:MISSING_OCF_MARGIN_INPUT,SOURCE_DATA_GAP,OCF_AND_REVENUE_SOURCE,FALSE,MULTI_BLOCKER_SOURCE_LANE,영업현금흐름 또는 연간 매출 입력 보강 필요
001390,KG케미칼,KOSPI,false,UNAVAILABLE,17,최근 3년 매출 성장률:MISSING_3Y_REVENUE,SOURCE_DATA_GAP,INVESTMENT_SCORE_SOURCE_CACHE,FALSE,MULTI_BLOCKER_SOURCE_LANE,연간/분기 재무 raw source 보강 필요
001390,KG케미칼,KOSPI,false,UNAVAILABLE,17,최근 3년 영업이익 성장률:MISSING_3Y_OP,SOURCE_DATA_GAP,INVESTMENT_SCORE_SOURCE_CACHE,FALSE,MULTI_BLOCKER_SOURCE_LANE,연간/분기 재무 raw source 보강 필요
001390,KG케미칼,KOSPI,false,UNAVAILABLE,17,최근 분기 실적 가속·둔화:MISSING_ACCEL_INPUT,SOURCE_DATA_GAP,INVESTMENT_SCORE_SOURCE_CACHE,FALSE,MULTI_BLOCKER_SOURCE_LANE,연간/분기 재무 raw source 보강 필요
001390,KG케미칼,KOSPI,false,UNAVAILABLE,17,하루평균 절대등락률:MISSING_ELASTICITY,SOURCE_DATA_GAP,PRICE_ELASTICITY_20D,FALSE,MULTI_BLOCKER_SOURCE_LANE,20거래일 가격탄력 source 보강 필요
001390,KG케미칼,KOSPI,false,UNAVAILABLE,17,흑자 지속성과 이익 안정성:MISSING_EARNINGS_TREND,SOURCE_DATA_GAP,FINANCIAL_VALUATION_CACHE,FALSE,MULTI_BLOCKER_SOURCE_LANE,재무·수익성 cache 입력 보강 필요
001460,BYC,KOSPI,false,UNAVAILABLE,17,EV/EBITDA:EV_EBITDA_INPUT:NO_EXACT_CANDIDATE:NO_EXACT_CANDIDATE,SOURCE_DATA_GAP,EXACT_DA_SOURCE,FALSE,MULTI_BLOCKER_SOURCE_LANE,"승인 exact D&A 원천 부족; debt_status=NO_EXACT_CANDIDATE, da_status=NO_EXACT_CANDIDATE"
001460,BYC,KOSPI,false,UNAVAILABLE,17,PBR:MISSING_PBR_OR_ROE,SOURCE_DATA_GAP,FINANCIAL_VALUATION_CACHE,FALSE,MULTI_BLOCKER_SOURCE_LANE,밸류에이션 또는 관련 이익·ROE 입력 보강 필요
001460,BYC,KOSPI,false,UNAVAILABLE,17,PER:MISSING_PER,SOURCE_DATA_GAP,FINANCIAL_VALUATION_CACHE,FALSE,MULTI_BLOCKER_SOURCE_LANE,밸류에이션 또는 관련 이익·ROE 입력 보강 필요
001460,BYC,KOSPI,false,UNAVAILABLE,17,PSR 또는 대체 가치지표:MISSING_PSR_INPUT,SOURCE_DATA_GAP,FINANCIAL_AND_RAW_SOURCE,FALSE,MULTI_BLOCKER_SOURCE_LANE,시가총액 또는 연간 매출 입력 보강 필요
001460,BYC,KOSPI,false,UNAVAILABLE,17,ROE:MISSING_ROE,SOURCE_DATA_GAP,FINANCIAL_VALUATION_CACHE,FALSE,MULTI_BLOCKER_SOURCE_LANE,재무·수익성 cache 입력 보강 필요
001460,BYC,KOSPI,false,UNAVAILABLE,17,매출 성장과 안정성:MISSING_REVENUE_GROWTH_INPUT,SOURCE_DATA_GAP,INVESTMENT_SCORE_SOURCE_CACHE,FALSE,MULTI_BLOCKER_SOURCE_LANE,연간/분기 재무 raw source 보강 필요
001460,BYC,KOSPI,false,UNAVAILABLE,17,부채비율:MISSING_DEBT_RATIO,SOURCE_DATA_GAP,FINANCIAL_VALUATION_CACHE,FALSE,MULTI_BLOCKER_SOURCE_LANE,재무·수익성 cache 입력 보강 필요
001460,BYC,KOSPI,false,UNAVAILABLE,17,순이익 흐름:MISSING_EARNINGS_TREND,SOURCE_DATA_GAP,FINANCIAL_VALUATION_CACHE,FALSE,MULTI_BLOCKER_SOURCE_LANE,재무·수익성 cache 입력 보강 필요
001460,BYC,KOSPI,false,UNAVAILABLE,17,순현금·기업가치 상태:NETCASH_INPUT:NO_EXACT_CANDIDATE,SOURCE_DATA_GAP,NETCASH_INPUT,FALSE,MULTI_BLOCKER_SOURCE_LANE,시가총액·현금·승인 core debt 원천 보강 필요
001460,BYC,KOSPI,false,UNAVAILABLE,17,영업이익 성장과 흑자 여부:MISSING_OP_PROFIT,SOURCE_DATA_GAP,FINANCIAL_VALUATION_CACHE,FALSE,MULTI_BLOCKER_SOURCE_LANE,재무·수익성 cache 입력 보강 필요
001460,BYC,KOSPI,false,UNAVAILABLE,17,영업이익률:MISSING_MARGIN,SOURCE_DATA_GAP,FINANCIAL_VALUATION_CACHE,FALSE,MULTI_BLOCKER_SOURCE_LANE,재무·수익성 cache 입력 보강 필요
001460,BYC,KOSPI,false,UNAVAILABLE,17,영업현금흐름:MISSING_OCF_MARGIN_INPUT,SOURCE_DATA_GAP,OCF_AND_REVENUE_SOURCE,FALSE,MULTI_BLOCKER_SOURCE_LANE,영업현금흐름 또는 연간 매출 입력 보강 필요
001460,BYC,KOSPI,false,UNAVAILABLE,17,최근 3년 매출 성장률:MISSING_3Y_REVENUE,SOURCE_DATA_GAP,INVESTMENT_SCORE_SOURCE_CACHE,FALSE,MULTI_BLOCKER_SOURCE_LANE,연간/분기 재무 raw source 보강 필요
001460,BYC,KOSPI,false,UNAVAILABLE,17,최근 3년 영업이익 성장률:MISSING_3Y_OP,SOURCE_DATA_GAP,INVESTMENT_SCORE_SOURCE_CACHE,FALSE,MULTI_BLOCKER_SOURCE_LANE,연간/분기 재무 raw source 보강 필요
001460,BYC,KOSPI,false,UNAVAILABLE,17,최근 분기 실적 가속·둔화:MISSING_ACCEL_INPUT,SOURCE_DATA_GAP,INVESTMENT_SCORE_SOURCE_CACHE,FALSE,MULTI_BLOCKER_SOURCE_LANE,연간/분기 재무 raw source 보강 필요
001460,BYC,KOSPI,false,UNAVAILABLE,17,하루평균 절대등락률:MISSING_ELASTICITY,SOURCE_DATA_GAP,PRICE_ELASTICITY_20D,FALSE,MULTI_BLOCKER_SOURCE_LANE,20거래일 가격탄력 source 보강 필요
001460,BYC,KOSPI,false,UNAVAILABLE,17,흑자 지속성과 이익 안정성:MISSING_EARNINGS_TREND,SOURCE_DATA_GAP,FINANCIAL_VALUATION_CACHE,FALSE,MULTI_BLOCKER_SOURCE_LANE,재무·수익성 cache 입력 보강 필요
002150,도화엔지니어링,KOSPI,false,UNAVAILABLE,17,EV/EBITDA:EV_EBITDA_INPUT:NO_EXACT_CANDIDATE:NO_EXACT_CANDIDATE,SOURCE_DATA_GAP,EXACT_DA_SOURCE,FALSE,MULTI_BLOCKER_SOURCE_LANE,"승인 exact D&A 원천 부족; debt_status=NO_EXACT_CANDIDATE, da_status=NO_EXACT_CANDIDATE"
002150,도화엔지니어링,KOSPI,false,UNAVAILABLE,17,PBR:MISSING_PBR_OR_ROE,SOURCE_DATA_GAP,FINANCIAL_VALUATION_CACHE,FALSE,MULTI_BLOCKER_SOURCE_LANE,밸류에이션 또는 관련 이익·ROE 입력 보강 필요
002150,도화엔지니어링,KOSPI,false,UNAVAILABLE,17,PER:MISSING_PER,SOURCE_DATA_GAP,FINANCIAL_VALUATION_CACHE,FALSE,MULTI_BLOCKER_SOURCE_LANE,밸류에이션 또는 관련 이익·ROE 입력 보강 필요
002150,도화엔지니어링,KOSPI,false,UNAVAILABLE,17,PSR 또는 대체 가치지표:MISSING_PSR_INPUT,SOURCE_DATA_GAP,FINANCIAL_AND_RAW_SOURCE,FALSE,MULTI_BLOCKER_SOURCE_LANE,시가총액 또는 연간 매출 입력 보강 필요
002150,도화엔지니어링,KOSPI,false,UNAVAILABLE,17,ROE:MISSING_ROE,SOURCE_DATA_GAP,FINANCIAL_VALUATION_CACHE,FALSE,MULTI_BLOCKER_SOURCE_LANE,재무·수익성 cache 입력 보강 필요
002150,도화엔지니어링,KOSPI,false,UNAVAILABLE,17,매출 성장과 안정성:MISSING_REVENUE_GROWTH_INPUT,SOURCE_DATA_GAP,INVESTMENT_SCORE_SOURCE_CACHE,FALSE,MULTI_BLOCKER_SOURCE_LANE,연간/분기 재무 raw source 보강 필요
002150,도화엔지니어링,KOSPI,false,UNAVAILABLE,17,부채비율:MISSING_DEBT_RATIO,SOURCE_DATA_GAP,FINANCIAL_VALUATION_CACHE,FALSE,MULTI_BLOCKER_SOURCE_LANE,재무·수익성 cache 입력 보강 필요
002150,도화엔지니어링,KOSPI,false,UNAVAILABLE,17,순이익 흐름:MISSING_EARNINGS_TREND,SOURCE_DATA_GAP,FINANCIAL_VALUATION_CACHE,FALSE,MULTI_BLOCKER_SOURCE_LANE,재무·수익성 cache 입력 보강 필요
002150,도화엔지니어링,KOSPI,false,UNAVAILABLE,17,순현금·기업가치 상태:NETCASH_INPUT:NO_EXACT_CANDIDATE,SOURCE_DATA_GAP,NETCASH_INPUT,FALSE,MULTI_BLOCKER_SOURCE_LANE,시가총액·현금·승인 core debt 원천 보강 필요
002150,도화엔지니어링,KOSPI,false,UNAVAILABLE,17,영업이익 성장과 흑자 여부:MISSING_OP_PROFIT,SOURCE_DATA_GAP,FINANCIAL_VALUATION_CACHE,FALSE,MULTI_BLOCKER_SOURCE_LANE,재무·수익성 cache 입력 보강 필요
002150,도화엔지니어링,KOSPI,false,UNAVAILABLE,17,영업이익률:MISSING_MARGIN,SOURCE_DATA_GAP,FINANCIAL_VALUATION_CACHE,FALSE,MULTI_BLOCKER_SOURCE_LANE,재무·수익성 cache 입력 보강 필요
002150,도화엔지니어링,KOSPI,false,UNAVAILABLE,17,영업현금흐름:MISSING_OCF_MARGIN_INPUT,SOURCE_DATA_GAP,OCF_AND_REVENUE_SOURCE,FALSE,MULTI_BLOCKER_SOURCE_LANE,영업현금흐름 또는 연간 매출 입력 보강 필요
002150,도화엔지니어링,KOSPI,false,UNAVAILABLE,17,최근 3년 매출 성장률:MISSING_3Y_REVENUE,SOURCE_DATA_GAP,INVESTMENT_SCORE_SOURCE_CACHE,FALSE,MULTI_BLOCKER_SOURCE_LANE,연간/분기 재무 raw source 보강 필요
002150,도화엔지니어링,KOSPI,false,UNAVAILABLE,17,최근 3년 영업이익 성장률:MISSING_3Y_OP,SOURCE_DATA_GAP,INVESTMENT_SCORE_SOURCE_CACHE,FALSE,MULTI_BLOCKER_SOURCE_LANE,연간/분기 재무 raw source 보강 필요
002150,도화엔지니어링,KOSPI,false,UNAVAILABLE,17,최근 분기 실적 가속·둔화:MISSING_ACCEL_INPUT,SOURCE_DATA_GAP,INVESTMENT_SCORE_SOURCE_CACHE,FALSE,MULTI_BLOCKER_SOURCE_LANE,연간/분기 재무 raw source 보강 필요
002150,도화엔지니어링,KOSPI,false,UNAVAILABLE,17,하루평균 절대등락률:MISSING_ELASTICITY,SOURCE_DATA_GAP,PRICE_ELASTICITY_20D,FALSE,MULTI_BLOCKER_SOURCE_LANE,20거래일 가격탄력 source 보강 필요
002150,도화엔지니어링,KOSPI,false,UNAVAILABLE,17,흑자 지속성과 이익 안정성:MISSING_EARNINGS_TREND,SOURCE_DATA_GAP,FINANCIAL_VALUATION_CACHE,FALSE,MULTI_BLOCKER_SOURCE_LANE,재무·수익성 cache 입력 보강 필요
002350,넥센타이어,KOSPI,false,UNAVAILABLE,17,EV/EBITDA:EV_EBITDA_INPUT:NO_EXACT_CANDIDATE:NO_EXACT_CANDIDATE,SOURCE_DATA_GAP,EXACT_DA_SOURCE,FALSE,MULTI_BLOCKER_SOURCE_LANE,"승인 exact D&A 원천 부족; debt_status=NO_EXACT_CANDIDATE, da_status=NO_EXACT_CANDIDATE"
002350,넥센타이어,KOSPI,false,UNAVAILABLE,17,PBR:MISSING_PBR_OR_ROE,SOURCE_DATA_GAP,FINANCIAL_VALUATION_CACHE,FALSE,MULTI_BLOCKER_SOURCE_LANE,밸류에이션 또는 관련 이익·ROE 입력 보강 필요
002350,넥센타이어,KOSPI,false,UNAVAILABLE,17,PER:MISSING_PER,SOURCE_DATA_GAP,FINANCIAL_VALUATION_CACHE,FALSE,MULTI_BLOCKER_SOURCE_LANE,밸류에이션 또는 관련 이익·ROE 입력 보강 필요
002350,넥센타이어,KOSPI,false,UNAVAILABLE,17,PSR 또는 대체 가치지표:MISSING_PSR_INPUT,SOURCE_DATA_GAP,FINANCIAL_AND_RAW_SOURCE,FALSE,MULTI_BLOCKER_SOURCE_LANE,시가총액 또는 연간 매출 입력 보강 필요
002350,넥센타이어,KOSPI,false,UNAVAILABLE,17,ROE:MISSING_ROE,SOURCE_DATA_GAP,FINANCIAL_VALUATION_CACHE,FALSE,MULTI_BLOCKER_SOURCE_LANE,재무·수익성 cache 입력 보강 필요
002350,넥센타이어,KOSPI,false,UNAVAILABLE,17,매출 성장과 안정성:MISSING_REVENUE_GROWTH_INPUT,SOURCE_DATA_GAP,INVESTMENT_SCORE_SOURCE_CACHE,FALSE,MULTI_BLOCKER_SOURCE_LANE,연간/분기 재무 raw source 보강 필요
002350,넥센타이어,KOSPI,false,UNAVAILABLE,17,부채비율:MISSING_DEBT_RATIO,SOURCE_DATA_GAP,FINANCIAL_VALUATION_CACHE,FALSE,MULTI_BLOCKER_SOURCE_LANE,재무·수익성 cache 입력 보강 필요
002350,넥센타이어,KOSPI,false,UNAVAILABLE,17,순이익 흐름:MISSING_EARNINGS_TREND,SOURCE_DATA_GAP,FINANCIAL_VALUATION_CACHE,FALSE,MULTI_BLOCKER_SOURCE_LANE,재무·수익성 cache 입력 보강 필요
002350,넥센타이어,KOSPI,false,UNAVAILABLE,17,순현금·기업가치 상태:NETCASH_INPUT:NO_EXACT_CANDIDATE,SOURCE_DATA_GAP,NETCASH_INPUT,FALSE,MULTI_BLOCKER_SOURCE_LANE,시가총액·현금·승인 core debt 원천 보강 필요
002350,넥센타이어,KOSPI,false,UNAVAILABLE,17,영업이익 성장과 흑자 여부:MISSING_OP_PROFIT,SOURCE_DATA_GAP,FINANCIAL_VALUATION_CACHE,FALSE,MULTI_BLOCKER_SOURCE_LANE,재무·수익성 cache 입력 보강 필요
002350,넥센타이어,KOSPI,false,UNAVAILABLE,17,영업이익률:MISSING_MARGIN,SOURCE_DATA_GAP,FINANCIAL_VALUATION_CACHE,FALSE,MULTI_BLOCKER_SOURCE_LANE,재무·수익성 cache 입력 보강 필요
002350,넥센타이어,KOSPI,false,UNAVAILABLE,17,영업현금흐름:MISSING_OCF_MARGIN_INPUT,SOURCE_DATA_GAP,OCF_AND_REVENUE_SOURCE,FALSE,MULTI_BLOCKER_SOURCE_LANE,영업현금흐름 또는 연간 매출 입력 보강 필요
002350,넥센타이어,KOSPI,false,UNAVAILABLE,17,최근 3년 매출 성장률:MISSING_3Y_REVENUE,SOURCE_DATA_GAP,INVESTMENT_SCORE_SOURCE_CACHE,FALSE,MULTI_BLOCKER_SOURCE_LANE,연간/분기 재무 raw source 보강 필요
002350,넥센타이어,KOSPI,false,UNAVAILABLE,17,최근 3년 영업이익 성장률:MISSING_3Y_OP,SOURCE_DATA_GAP,INVESTMENT_SCORE_SOURCE_CACHE,FALSE,MULTI_BLOCKER_SOURCE_LANE,연간/분기 재무 raw source 보강 필요
002350,넥센타이어,KOSPI,false,UNAVAILABLE,17,최근 분기 실적 가속·둔화:MISSING_ACCEL_INPUT,SOURCE_DATA_GAP,INVESTMENT_SCORE_SOURCE_CACHE,FALSE,MULTI_BLOCKER_SOURCE_LANE,연간/분기 재무 raw source 보강 필요
002350,넥센타이어,KOSPI,false,UNAVAILABLE,17,하루평균 절대등락률:MISSING_ELASTICITY,SOURCE_DATA_GAP,PRICE_ELASTICITY_20D,FALSE,MULTI_BLOCKER_SOURCE_LANE,20거래일 가격탄력 source 보강 필요
002350,넥센타이어,KOSPI,false,UNAVAILABLE,17,흑자 지속성과 이익 안정성:MISSING_EARNINGS_TREND,SOURCE_DATA_GAP,FINANCIAL_VALUATION_CACHE,FALSE,MULTI_BLOCKER_SOURCE_LANE,재무·수익성 cache 입력 보강 필요
002900,TYM,KOSPI,false,UNAVAILABLE,17,EV/EBITDA:EV_EBITDA_INPUT:NO_EXACT_CANDIDATE:NO_EXACT_CANDIDATE,SOURCE_DATA_GAP,EXACT_DA_SOURCE,FALSE,MULTI_BLOCKER_SOURCE_LANE,"승인 exact D&A 원천 부족; debt_status=NO_EXACT_CANDIDATE, da_status=NO_EXACT_CANDIDATE"
002900,TYM,KOSPI,false,UNAVAILABLE,17,PBR:MISSING_PBR_OR_ROE,SOURCE_DATA_GAP,FINANCIAL_VALUATION_CACHE,FALSE,MULTI_BLOCKER_SOURCE_LANE,밸류에이션 또는 관련 이익·ROE 입력 보강 필요
002900,TYM,KOSPI,false,UNAVAILABLE,17,PER:MISSING_PER,SOURCE_DATA_GAP,FINANCIAL_VALUATION_CACHE,FALSE,MULTI_BLOCKER_SOURCE_LANE,밸류에이션 또는 관련 이익·ROE 입력 보강 필요
002900,TYM,KOSPI,false,UNAVAILABLE,17,PSR 또는 대체 가치지표:MISSING_PSR_INPUT,SOURCE_DATA_GAP,FINANCIAL_AND_RAW_SOURCE,FALSE,MULTI_BLOCKER_SOURCE_LANE,시가총액 또는 연간 매출 입력 보강 필요
002900,TYM,KOSPI,false,UNAVAILABLE,17,ROE:MISSING_ROE,SOURCE_DATA_GAP,FINANCIAL_VALUATION_CACHE,FALSE,MULTI_BLOCKER_SOURCE_LANE,재무·수익성 cache 입력 보강 필요
002900,TYM,KOSPI,false,UNAVAILABLE,17,매출 성장과 안정성:MISSING_REVENUE_GROWTH_INPUT,SOURCE_DATA_GAP,INVESTMENT_SCORE_SOURCE_CACHE,FALSE,MULTI_BLOCKER_SOURCE_LANE,연간/분기 재무 raw source 보강 필요
002900,TYM,KOSPI,false,UNAVAILABLE,17,부채비율:MISSING_DEBT_RATIO,SOURCE_DATA_GAP,FINANCIAL_VALUATION_CACHE,FALSE,MULTI_BLOCKER_SOURCE_LANE,재무·수익성 cache 입력 보강 필요
002900,TYM,KOSPI,false,UNAVAILABLE,17,순이익 흐름:MISSING_EARNINGS_TREND,SOURCE_DATA_GAP,FINANCIAL_VALUATION_CACHE,FALSE,MULTI_BLOCKER_SOURCE_LANE,재무·수익성 cache 입력 보강 필요
002900,TYM,KOSPI,false,UNAVAILABLE,17,순현금·기업가치 상태:NETCASH_INPUT:NO_EXACT_CANDIDATE,SOURCE_DATA_GAP,NETCASH_INPUT,FALSE,MULTI_BLOCKER_SOURCE_LANE,시가총액·현금·승인 core debt 원천 보강 필요
002900,TYM,KOSPI,false,UNAVAILABLE,17,영업이익 성장과 흑자 여부:MISSING_OP_PROFIT,SOURCE_DATA_GAP,FINANCIAL_VALUATION_CACHE,FALSE,MULTI_BLOCKER_SOURCE_LANE,재무·수익성 cache 입력 보강 필요
002900,TYM,KOSPI,false,UNAVAILABLE,17,영업이익률:MISSING_MARGIN,SOURCE_DATA_GAP,FINANCIAL_VALUATION_CACHE,FALSE,MULTI_BLOCKER_SOURCE_LANE,재무·수익성 cache 입력 보강 필요
002900,TYM,KOSPI,false,UNAVAILABLE,17,영업현금흐름:MISSING_OCF_MARGIN_INPUT,SOURCE_DATA_GAP,OCF_AND_REVENUE_SOURCE,FALSE,MULTI_BLOCKER_SOURCE_LANE,영업현금흐름 또는 연간 매출 입력 보강 필요
002900,TYM,KOSPI,false,UNAVAILABLE,17,최근 3년 매출 성장률:MISSING_3Y_REVENUE,SOURCE_DATA_GAP,INVESTMENT_SCORE_SOURCE_CACHE,FALSE,MULTI_BLOCKER_SOURCE_LANE,연간/분기 재무 raw source 보강 필요
002900,TYM,KOSPI,false,UNAVAILABLE,17,최근 3년 영업이익 성장률:MISSING_3Y_OP,SOURCE_DATA_GAP,INVESTMENT_SCORE_SOURCE_CACHE,FALSE,MULTI_BLOCKER_SOURCE_LANE,연간/분기 재무 raw source 보강 필요
002900,TYM,KOSPI,false,UNAVAILABLE,17,최근 분기 실적 가속·둔화:MISSING_ACCEL_INPUT,SOURCE_DATA_GAP,INVESTMENT_SCORE_SOURCE_CACHE,FALSE,MULTI_BLOCKER_SOURCE_LANE,연간/분기 재무 raw source 보강 필요
002900,TYM,KOSPI,false,UNAVAILABLE,17,하루평균 절대등락률:MISSING_ELASTICITY,SOURCE_DATA_GAP,PRICE_ELASTICITY_20D,FALSE,MULTI_BLOCKER_SOURCE_LANE,20거래일 가격탄력 source 보강 필요
002900,TYM,KOSPI,false,UNAVAILABLE,17,흑자 지속성과 이익 안정성:MISSING_EARNINGS_TREND,SOURCE_DATA_GAP,FINANCIAL_VALUATION_CACHE,FALSE,MULTI_BLOCKER_SOURCE_LANE,재무·수익성 cache 입력 보강 필요
003620,KG모빌리티,KOSPI,false,UNAVAILABLE,17,EV/EBITDA:EV_EBITDA_INPUT:NO_EXACT_CANDIDATE:NO_EXACT_CANDIDATE,SOURCE_DATA_GAP,EXACT_DA_SOURCE,FALSE,MULTI_BLOCKER_SOURCE_LANE,"승인 exact D&A 원천 부족; debt_status=NO_EXACT_CANDIDATE, da_status=NO_EXACT_CANDIDATE"
003620,KG모빌리티,KOSPI,false,UNAVAILABLE,17,PBR:MISSING_PBR_OR_ROE,SOURCE_DATA_GAP,FINANCIAL_VALUATION_CACHE,FALSE,MULTI_BLOCKER_SOURCE_LANE,밸류에이션 또는 관련 이익·ROE 입력 보강 필요
003620,KG모빌리티,KOSPI,false,UNAVAILABLE,17,PER:MISSING_PER,SOURCE_DATA_GAP,FINANCIAL_VALUATION_CACHE,FALSE,MULTI_BLOCKER_SOURCE_LANE,밸류에이션 또는 관련 이익·ROE 입력 보강 필요
003620,KG모빌리티,KOSPI,false,UNAVAILABLE,17,PSR 또는 대체 가치지표:MISSING_PSR_INPUT,SOURCE_DATA_GAP,FINANCIAL_AND_RAW_SOURCE,FALSE,MULTI_BLOCKER_SOURCE_LANE,시가총액 또는 연간 매출 입력 보강 필요
003620,KG모빌리티,KOSPI,false,UNAVAILABLE,17,ROE:MISSING_ROE,SOURCE_DATA_GAP,FINANCIAL_VALUATION_CACHE,FALSE,MULTI_BLOCKER_SOURCE_LANE,재무·수익성 cache 입력 보강 필요
003620,KG모빌리티,KOSPI,false,UNAVAILABLE,17,매출 성장과 안정성:MISSING_REVENUE_GROWTH_INPUT,SOURCE_DATA_GAP,INVESTMENT_SCORE_SOURCE_CACHE,FALSE,MULTI_BLOCKER_SOURCE_LANE,연간/분기 재무 raw source 보강 필요
003620,KG모빌리티,KOSPI,false,UNAVAILABLE,17,부채비율:MISSING_DEBT_RATIO,SOURCE_DATA_GAP,FINANCIAL_VALUATION_CACHE,FALSE,MULTI_BLOCKER_SOURCE_LANE,재무·수익성 cache 입력 보강 필요
003620,KG모빌리티,KOSPI,false,UNAVAILABLE,17,순이익 흐름:MISSING_EARNINGS_TREND,SOURCE_DATA_GAP,FINANCIAL_VALUATION_CACHE,FALSE,MULTI_BLOCKER_SOURCE_LANE,재무·수익성 cache 입력 보강 필요
003620,KG모빌리티,KOSPI,false,UNAVAILABLE,17,순현금·기업가치 상태:NETCASH_INPUT:NO_EXACT_CANDIDATE,SOURCE_DATA_GAP,NETCASH_INPUT,FALSE,MULTI_BLOCKER_SOURCE_LANE,시가총액·현금·승인 core debt 원천 보강 필요
003620,KG모빌리티,KOSPI,false,UNAVAILABLE,17,영업이익 성장과 흑자 여부:MISSING_OP_PROFIT,SOURCE_DATA_GAP,FINANCIAL_VALUATION_CACHE,FALSE,MULTI_BLOCKER_SOURCE_LANE,재무·수익성 cache 입력 보강 필요
003620,KG모빌리티,KOSPI,false,UNAVAILABLE,17,영업이익률:MISSING_MARGIN,SOURCE_DATA_GAP,FINANCIAL_VALUATION_CACHE,FALSE,MULTI_BLOCKER_SOURCE_LANE,재무·수익성 cache 입력 보강 필요
003620,KG모빌리티,KOSPI,false,UNAVAILABLE,17,영업현금흐름:MISSING_OCF_MARGIN_INPUT,SOURCE_DATA_GAP,OCF_AND_REVENUE_SOURCE,FALSE,MULTI_BLOCKER_SOURCE_LANE,영업현금흐름 또는 연간 매출 입력 보강 필요
003620,KG모빌리티,KOSPI,false,UNAVAILABLE,17,최근 3년 매출 성장률:MISSING_3Y_REVENUE,SOURCE_DATA_GAP,INVESTMENT_SCORE_SOURCE_CACHE,FALSE,MULTI_BLOCKER_SOURCE_LANE,연간/분기 재무 raw source 보강 필요
003620,KG모빌리티,KOSPI,false,UNAVAILABLE,17,최근 3년 영업이익 성장률:MISSING_3Y_OP,SOURCE_DATA_GAP,INVESTMENT_SCORE_SOURCE_CACHE,FALSE,MULTI_BLOCKER_SOURCE_LANE,연간/분기 재무 raw source 보강 필요
003620,KG모빌리티,KOSPI,false,UNAVAILABLE,17,최근 분기 실적 가속·둔화:MISSING_ACCEL_INPUT,SOURCE_DATA_GAP,INVESTMENT_SCORE_SOURCE_CACHE,FALSE,MULTI_BLOCKER_SOURCE_LANE,연간/분기 재무 raw source 보강 필요
003620,KG모빌리티,KOSPI,false,UNAVAILABLE,17,하루평균 절대등락률:MISSING_ELASTICITY,SOURCE_DATA_GAP,PRICE_ELASTICITY_20D,FALSE,MULTI_BLOCKER_SOURCE_LANE,20거래일 가격탄력 source 보강 필요
003620,KG모빌리티,KOSPI,false,UNAVAILABLE,17,흑자 지속성과 이익 안정성:MISSING_EARNINGS_TREND,SOURCE_DATA_GAP,FINANCIAL_VALUATION_CACHE,FALSE,MULTI_BLOCKER_SOURCE_LANE,재무·수익성 cache 입력 보강 필요
004250,NPC,KOSPI,false,UNAVAILABLE,17,EV/EBITDA:EV_EBITDA_INPUT:NO_EXACT_CANDIDATE:NO_EXACT_CANDIDATE,SOURCE_DATA_GAP,EXACT_DA_SOURCE,FALSE,MULTI_BLOCKER_SOURCE_LANE,"승인 exact D&A 원천 부족; debt_status=NO_EXACT_CANDIDATE, da_status=NO_EXACT_CANDIDATE"
004250,NPC,KOSPI,false,UNAVAILABLE,17,PBR:MISSING_PBR_OR_ROE,SOURCE_DATA_GAP,FINANCIAL_VALUATION_CACHE,FALSE,MULTI_BLOCKER_SOURCE_LANE,밸류에이션 또는 관련 이익·ROE 입력 보강 필요
004250,NPC,KOSPI,false,UNAVAILABLE,17,PER:MISSING_PER,SOURCE_DATA_GAP,FINANCIAL_VALUATION_CACHE,FALSE,MULTI_BLOCKER_SOURCE_LANE,밸류에이션 또는 관련 이익·ROE 입력 보강 필요
004250,NPC,KOSPI,false,UNAVAILABLE,17,PSR 또는 대체 가치지표:MISSING_PSR_INPUT,SOURCE_DATA_GAP,FINANCIAL_AND_RAW_SOURCE,FALSE,MULTI_BLOCKER_SOURCE_LANE,시가총액 또는 연간 매출 입력 보강 필요
004250,NPC,KOSPI,false,UNAVAILABLE,17,ROE:MISSING_ROE,SOURCE_DATA_GAP,FINANCIAL_VALUATION_CACHE,FALSE,MULTI_BLOCKER_SOURCE_LANE,재무·수익성 cache 입력 보강 필요
004250,NPC,KOSPI,false,UNAVAILABLE,17,매출 성장과 안정성:MISSING_REVENUE_GROWTH_INPUT,SOURCE_DATA_GAP,INVESTMENT_SCORE_SOURCE_CACHE,FALSE,MULTI_BLOCKER_SOURCE_LANE,연간/분기 재무 raw source 보강 필요
004250,NPC,KOSPI,false,UNAVAILABLE,17,부채비율:MISSING_DEBT_RATIO,SOURCE_DATA_GAP,FINANCIAL_VALUATION_CACHE,FALSE,MULTI_BLOCKER_SOURCE_LANE,재무·수익성 cache 입력 보강 필요
004250,NPC,KOSPI,false,UNAVAILABLE,17,순이익 흐름:MISSING_EARNINGS_TREND,SOURCE_DATA_GAP,FINANCIAL_VALUATION_CACHE,FALSE,MULTI_BLOCKER_SOURCE_LANE,재무·수익성 cache 입력 보강 필요
004250,NPC,KOSPI,false,UNAVAILABLE,17,순현금·기업가치 상태:NETCASH_INPUT:NO_EXACT_CANDIDATE,SOURCE_DATA_GAP,NETCASH_INPUT,FALSE,MULTI_BLOCKER_SOURCE_LANE,시가총액·현금·승인 core debt 원천 보강 필요
004250,NPC,KOSPI,false,UNAVAILABLE,17,영업이익 성장과 흑자 여부:MISSING_OP_PROFIT,SOURCE_DATA_GAP,FINANCIAL_VALUATION_CACHE,FALSE,MULTI_BLOCKER_SOURCE_LANE,재무·수익성 cache 입력 보강 필요
004250,NPC,KOSPI,false,UNAVAILABLE,17,영업이익률:MISSING_MARGIN,SOURCE_DATA_GAP,FINANCIAL_VALUATION_CACHE,FALSE,MULTI_BLOCKER_SOURCE_LANE,재무·수익성 cache 입력 보강 필요
004250,NPC,KOSPI,false,UNAVAILABLE,17,영업현금흐름:MISSING_OCF_MARGIN_INPUT,SOURCE_DATA_GAP,OCF_AND_REVENUE_SOURCE,FALSE,MULTI_BLOCKER_SOURCE_LANE,영업현금흐름 또는 연간 매출 입력 보강 필요
004250,NPC,KOSPI,false,UNAVAILABLE,17,최근 3년 매출 성장률:MISSING_3Y_REVENUE,SOURCE_DATA_GAP,INVESTMENT_SCORE_SOURCE_CACHE,FALSE,MULTI_BLOCKER_SOURCE_LANE,연간/분기 재무 raw source 보강 필요
004250,NPC,KOSPI,false,UNAVAILABLE,17,최근 3년 영업이익 성장률:MISSING_3Y_OP,SOURCE_DATA_GAP,INVESTMENT_SCORE_SOURCE_CACHE,FALSE,MULTI_BLOCKER_SOURCE_LANE,연간/분기 재무 raw source 보강 필요
004250,NPC,KOSPI,false,UNAVAILABLE,17,최근 분기 실적 가속·둔화:MISSING_ACCEL_INPUT,SOURCE_DATA_GAP,INVESTMENT_SCORE_SOURCE_CACHE,FALSE,MULTI_BLOCKER_SOURCE_LANE,연간/분기 재무 raw source 보강 필요
004250,NPC,KOSPI,false,UNAVAILABLE,17,하루평균 절대등락률:MISSING_ELASTICITY,SOURCE_DATA_GAP,PRICE_ELASTICITY_20D,FALSE,MULTI_BLOCKER_SOURCE_LANE,20거래일 가격탄력 source 보강 필요
004250,NPC,KOSPI,false,UNAVAILABLE,17,흑자 지속성과 이익 안정성:MISSING_EARNINGS_TREND,SOURCE_DATA_GAP,FINANCIAL_VALUATION_CACHE,FALSE,MULTI_BLOCKER_SOURCE_LANE,재무·수익성 cache 입력 보강 필요
004690,삼천리,KOSPI,false,UNAVAILABLE,17,EV/EBITDA:EV_EBITDA_INPUT:NO_EXACT_CANDIDATE:NO_EXACT_CANDIDATE,SOURCE_DATA_GAP,EXACT_DA_SOURCE,FALSE,MULTI_BLOCKER_SOURCE_LANE,"승인 exact D&A 원천 부족; debt_status=NO_EXACT_CANDIDATE, da_status=NO_EXACT_CANDIDATE"
004690,삼천리,KOSPI,false,UNAVAILABLE,17,PBR:MISSING_PBR_OR_ROE,SOURCE_DATA_GAP,FINANCIAL_VALUATION_CACHE,FALSE,MULTI_BLOCKER_SOURCE_LANE,밸류에이션 또는 관련 이익·ROE 입력 보강 필요
004690,삼천리,KOSPI,false,UNAVAILABLE,17,PER:MISSING_PER,SOURCE_DATA_GAP,FINANCIAL_VALUATION_CACHE,FALSE,MULTI_BLOCKER_SOURCE_LANE,밸류에이션 또는 관련 이익·ROE 입력 보강 필요
004690,삼천리,KOSPI,false,UNAVAILABLE,17,PSR 또는 대체 가치지표:MISSING_PSR_INPUT,SOURCE_DATA_GAP,FINANCIAL_AND_RAW_SOURCE,FALSE,MULTI_BLOCKER_SOURCE_LANE,시가총액 또는 연간 매출 입력 보강 필요
004690,삼천리,KOSPI,false,UNAVAILABLE,17,ROE:MISSING_ROE,SOURCE_DATA_GAP,FINANCIAL_VALUATION_CACHE,FALSE,MULTI_BLOCKER_SOURCE_LANE,재무·수익성 cache 입력 보강 필요
004690,삼천리,KOSPI,false,UNAVAILABLE,17,매출 성장과 안정성:MISSING_REVENUE_GROWTH_INPUT,SOURCE_DATA_GAP,INVESTMENT_SCORE_SOURCE_CACHE,FALSE,MULTI_BLOCKER_SOURCE_LANE,연간/분기 재무 raw source 보강 필요
004690,삼천리,KOSPI,false,UNAVAILABLE,17,부채비율:MISSING_DEBT_RATIO,SOURCE_DATA_GAP,FINANCIAL_VALUATION_CACHE,FALSE,MULTI_BLOCKER_SOURCE_LANE,재무·수익성 cache 입력 보강 필요
004690,삼천리,KOSPI,false,UNAVAILABLE,17,순이익 흐름:MISSING_EARNINGS_TREND,SOURCE_DATA_GAP,FINANCIAL_VALUATION_CACHE,FALSE,MULTI_BLOCKER_SOURCE_LANE,재무·수익성 cache 입력 보강 필요
004690,삼천리,KOSPI,false,UNAVAILABLE,17,순현금·기업가치 상태:NETCASH_INPUT:NO_EXACT_CANDIDATE,SOURCE_DATA_GAP,NETCASH_INPUT,FALSE,MULTI_BLOCKER_SOURCE_LANE,시가총액·현금·승인 core debt 원천 보강 필요
004690,삼천리,KOSPI,false,UNAVAILABLE,17,영업이익 성장과 흑자 여부:MISSING_OP_PROFIT,SOURCE_DATA_GAP,FINANCIAL_VALUATION_CACHE,FALSE,MULTI_BLOCKER_SOURCE_LANE,재무·수익성 cache 입력 보강 필요
004690,삼천리,KOSPI,false,UNAVAILABLE,17,영업이익률:MISSING_MARGIN,SOURCE_DATA_GAP,FINANCIAL_VALUATION_CACHE,FALSE,MULTI_BLOCKER_SOURCE_LANE,재무·수익성 cache 입력 보강 필요
004690,삼천리,KOSPI,false,UNAVAILABLE,17,영업현금흐름:MISSING_OCF_MARGIN_INPUT,SOURCE_DATA_GAP,OCF_AND_REVENUE_SOURCE,FALSE,MULTI_BLOCKER_SOURCE_LANE,영업현금흐름 또는 연간 매출 입력 보강 필요
004690,삼천리,KOSPI,false,UNAVAILABLE,17,최근 3년 매출 성장률:MISSING_3Y_REVENUE,SOURCE_DATA_GAP,INVESTMENT_SCORE_SOURCE_CACHE,FALSE,MULTI_BLOCKER_SOURCE_LANE,연간/분기 재무 raw source 보강 필요
004690,삼천리,KOSPI,false,UNAVAILABLE,17,최근 3년 영업이익 성장률:MISSING_3Y_OP,SOURCE_DATA_GAP,INVESTMENT_SCORE_SOURCE_CACHE,FALSE,MULTI_BLOCKER_SOURCE_LANE,연간/분기 재무 raw source 보강 필요
004690,삼천리,KOSPI,false,UNAVAILABLE,17,최근 분기 실적 가속·둔화:MISSING_ACCEL_INPUT,SOURCE_DATA_GAP,INVESTMENT_SCORE_SOURCE_CACHE,FALSE,MULTI_BLOCKER_SOURCE_LANE,연간/분기 재무 raw source 보강 필요
004690,삼천리,KOSPI,false,UNAVAILABLE,17,하루평균 절대등락률:MISSING_ELASTICITY,SOURCE_DATA_GAP,PRICE_ELASTICITY_20D,FALSE,MULTI_BLOCKER_SOURCE_LANE,20거래일 가격탄력 source 보강 필요
004690,삼천리,KOSPI,false,UNAVAILABLE,17,흑자 지속성과 이익 안정성:MISSING_EARNINGS_TREND,SOURCE_DATA_GAP,FINANCIAL_VALUATION_CACHE,FALSE,MULTI_BLOCKER_SOURCE_LANE,재무·수익성 cache 입력 보강 필요
004830,덕성,KOSPI,false,UNAVAILABLE,17,EV/EBITDA:EV_EBITDA_INPUT:NO_EXACT_CANDIDATE:NO_EXACT_CANDIDATE,SOURCE_DATA_GAP,EXACT_DA_SOURCE,FALSE,MULTI_BLOCKER_SOURCE_LANE,"승인 exact D&A 원천 부족; debt_status=NO_EXACT_CANDIDATE, da_status=NO_EXACT_CANDIDATE"
004830,덕성,KOSPI,false,UNAVAILABLE,17,PBR:MISSING_PBR_OR_ROE,SOURCE_DATA_GAP,FINANCIAL_VALUATION_CACHE,FALSE,MULTI_BLOCKER_SOURCE_LANE,밸류에이션 또는 관련 이익·ROE 입력 보강 필요
004830,덕성,KOSPI,false,UNAVAILABLE,17,PER:MISSING_PER,SOURCE_DATA_GAP,FINANCIAL_VALUATION_CACHE,FALSE,MULTI_BLOCKER_SOURCE_LANE,밸류에이션 또는 관련 이익·ROE 입력 보강 필요
004830,덕성,KOSPI,false,UNAVAILABLE,17,PSR 또는 대체 가치지표:MISSING_PSR_INPUT,SOURCE_DATA_GAP,FINANCIAL_AND_RAW_SOURCE,FALSE,MULTI_BLOCKER_SOURCE_LANE,시가총액 또는 연간 매출 입력 보강 필요
004830,덕성,KOSPI,false,UNAVAILABLE,17,ROE:MISSING_ROE,SOURCE_DATA_GAP,FINANCIAL_VALUATION_CACHE,FALSE,MULTI_BLOCKER_SOURCE_LANE,재무·수익성 cache 입력 보강 필요
004830,덕성,KOSPI,false,UNAVAILABLE,17,매출 성장과 안정성:MISSING_REVENUE_GROWTH_INPUT,SOURCE_DATA_GAP,INVESTMENT_SCORE_SOURCE_CACHE,FALSE,MULTI_BLOCKER_SOURCE_LANE,연간/분기 재무 raw source 보강 필요
004830,덕성,KOSPI,false,UNAVAILABLE,17,부채비율:MISSING_DEBT_RATIO,SOURCE_DATA_GAP,FINANCIAL_VALUATION_CACHE,FALSE,MULTI_BLOCKER_SOURCE_LANE,재무·수익성 cache 입력 보강 필요
004830,덕성,KOSPI,false,UNAVAILABLE,17,순이익 흐름:MISSING_EARNINGS_TREND,SOURCE_DATA_GAP,FINANCIAL_VALUATION_CACHE,FALSE,MULTI_BLOCKER_SOURCE_LANE,재무·수익성 cache 입력 보강 필요
004830,덕성,KOSPI,false,UNAVAILABLE,17,순현금·기업가치 상태:NETCASH_INPUT:NO_EXACT_CANDIDATE,SOURCE_DATA_GAP,NETCASH_INPUT,FALSE,MULTI_BLOCKER_SOURCE_LANE,시가총액·현금·승인 core debt 원천 보강 필요
004830,덕성,KOSPI,false,UNAVAILABLE,17,영업이익 성장과 흑자 여부:MISSING_OP_PROFIT,SOURCE_DATA_GAP,FINANCIAL_VALUATION_CACHE,FALSE,MULTI_BLOCKER_SOURCE_LANE,재무·수익성 cache 입력 보강 필요
004830,덕성,KOSPI,false,UNAVAILABLE,17,영업이익률:MISSING_MARGIN,SOURCE_DATA_GAP,FINANCIAL_VALUATION_CACHE,FALSE,MULTI_BLOCKER_SOURCE_LANE,재무·수익성 cache 입력 보강 필요
004830,덕성,KOSPI,false,UNAVAILABLE,17,영업현금흐름:MISSING_OCF_MARGIN_INPUT,SOURCE_DATA_GAP,OCF_AND_REVENUE_SOURCE,FALSE,MULTI_BLOCKER_SOURCE_LANE,영업현금흐름 또는 연간 매출 입력 보강 필요
004830,덕성,KOSPI,false,UNAVAILABLE,17,최근 3년 매출 성장률:MISSING_3Y_REVENUE,SOURCE_DATA_GAP,INVESTMENT_SCORE_SOURCE_CACHE,FALSE,MULTI_BLOCKER_SOURCE_LANE,연간/분기 재무 raw source 보강 필요
004830,덕성,KOSPI,false,UNAVAILABLE,17,최근 3년 영업이익 성장률:MISSING_3Y_OP,SOURCE_DATA_GAP,INVESTMENT_SCORE_SOURCE_CACHE,FALSE,MULTI_BLOCKER_SOURCE_LANE,연간/분기 재무 raw source 보강 필요
004830,덕성,KOSPI,false,UNAVAILABLE,17,최근 분기 실적 가속·둔화:MISSING_ACCEL_INPUT,SOURCE_DATA_GAP,INVESTMENT_SCORE_SOURCE_CACHE,FALSE,MULTI_BLOCKER_SOURCE_LANE,연간/분기 재무 raw source 보강 필요
004830,덕성,KOSPI,false,UNAVAILABLE,17,하루평균 절대등락률:MISSING_ELASTICITY,SOURCE_DATA_GAP,PRICE_ELASTICITY_20D,FALSE,MULTI_BLOCKER_SOURCE_LANE,20거래일 가격탄력 source 보강 필요
004830,덕성,KOSPI,false,UNAVAILABLE,17,흑자 지속성과 이익 안정성:MISSING_EARNINGS_TREND,SOURCE_DATA_GAP,FINANCIAL_VALUATION_CACHE,FALSE,MULTI_BLOCKER_SOURCE_LANE,재무·수익성 cache 입력 보강 필요
005380,현대차,KOSPI,false,UNAVAILABLE,17,EV/EBITDA:EV_EBITDA_INPUT:NO_EXACT_CANDIDATE:NO_EXACT_CANDIDATE,SOURCE_DATA_GAP,EXACT_DA_SOURCE,FALSE,MULTI_BLOCKER_SOURCE_LANE,"승인 exact D&A 원천 부족; debt_status=NO_EXACT_CANDIDATE, da_status=NO_EXACT_CANDIDATE"
005380,현대차,KOSPI,false,UNAVAILABLE,17,PBR:MISSING_PBR_OR_ROE,SOURCE_DATA_GAP,FINANCIAL_VALUATION_CACHE,FALSE,MULTI_BLOCKER_SOURCE_LANE,밸류에이션 또는 관련 이익·ROE 입력 보강 필요
005380,현대차,KOSPI,false,UNAVAILABLE,17,PER:MISSING_PER,SOURCE_DATA_GAP,FINANCIAL_VALUATION_CACHE,FALSE,MULTI_BLOCKER_SOURCE_LANE,밸류에이션 또는 관련 이익·ROE 입력 보강 필요
005380,현대차,KOSPI,false,UNAVAILABLE,17,PSR 또는 대체 가치지표:MISSING_PSR_INPUT,SOURCE_DATA_GAP,FINANCIAL_AND_RAW_SOURCE,FALSE,MULTI_BLOCKER_SOURCE_LANE,시가총액 또는 연간 매출 입력 보강 필요
005380,현대차,KOSPI,false,UNAVAILABLE,17,ROE:MISSING_ROE,SOURCE_DATA_GAP,FINANCIAL_VALUATION_CACHE,FALSE,MULTI_BLOCKER_SOURCE_LANE,재무·수익성 cache 입력 보강 필요
005380,현대차,KOSPI,false,UNAVAILABLE,17,매출 성장과 안정성:MISSING_REVENUE_GROWTH_INPUT,SOURCE_DATA_GAP,INVESTMENT_SCORE_SOURCE_CACHE,FALSE,MULTI_BLOCKER_SOURCE_LANE,연간/분기 재무 raw source 보강 필요
005380,현대차,KOSPI,false,UNAVAILABLE,17,부채비율:MISSING_DEBT_RATIO,SOURCE_DATA_GAP,FINANCIAL_VALUATION_CACHE,FALSE,MULTI_BLOCKER_SOURCE_LANE,재무·수익성 cache 입력 보강 필요
005380,현대차,KOSPI,false,UNAVAILABLE,17,순이익 흐름:MISSING_EARNINGS_TREND,SOURCE_DATA_GAP,FINANCIAL_VALUATION_CACHE,FALSE,MULTI_BLOCKER_SOURCE_LANE,재무·수익성 cache 입력 보강 필요
005380,현대차,KOSPI,false,UNAVAILABLE,17,순현금·기업가치 상태:NETCASH_INPUT:NO_EXACT_CANDIDATE,SOURCE_DATA_GAP,NETCASH_INPUT,FALSE,MULTI_BLOCKER_SOURCE_LANE,시가총액·현금·승인 core debt 원천 보강 필요
005380,현대차,KOSPI,false,UNAVAILABLE,17,영업이익 성장과 흑자 여부:MISSING_OP_PROFIT,SOURCE_DATA_GAP,FINANCIAL_VALUATION_CACHE,FALSE,MULTI_BLOCKER_SOURCE_LANE,재무·수익성 cache 입력 보강 필요
005380,현대차,KOSPI,false,UNAVAILABLE,17,영업이익률:MISSING_MARGIN,SOURCE_DATA_GAP,FINANCIAL_VALUATION_CACHE,FALSE,MULTI_BLOCKER_SOURCE_LANE,재무·수익성 cache 입력 보강 필요
005380,현대차,KOSPI,false,UNAVAILABLE,17,영업현금흐름:MISSING_OCF_MARGIN_INPUT,SOURCE_DATA_GAP,OCF_AND_REVENUE_SOURCE,FALSE,MULTI_BLOCKER_SOURCE_LANE,영업현금흐름 또는 연간 매출 입력 보강 필요
005380,현대차,KOSPI,false,UNAVAILABLE,17,최근 3년 매출 성장률:MISSING_3Y_REVENUE,SOURCE_DATA_GAP,INVESTMENT_SCORE_SOURCE_CACHE,FALSE,MULTI_BLOCKER_SOURCE_LANE,연간/분기 재무 raw source 보강 필요
005380,현대차,KOSPI,false,UNAVAILABLE,17,최근 3년 영업이익 성장률:MISSING_3Y_OP,SOURCE_DATA_GAP,INVESTMENT_SCORE_SOURCE_CACHE,FALSE,MULTI_BLOCKER_SOURCE_LANE,연간/분기 재무 raw source 보강 필요
005380,현대차,KOSPI,false,UNAVAILABLE,17,최근 분기 실적 가속·둔화:MISSING_ACCEL_INPUT,SOURCE_DATA_GAP,INVESTMENT_SCORE_SOURCE_CACHE,FALSE,MULTI_BLOCKER_SOURCE_LANE,연간/분기 재무 raw source 보강 필요
005380,현대차,KOSPI,false,UNAVAILABLE,17,하루평균 절대등락률:MISSING_ELASTICITY,SOURCE_DATA_GAP,PRICE_ELASTICITY_20D,FALSE,MULTI_BLOCKER_SOURCE_LANE,20거래일 가격탄력 source 보강 필요
005380,현대차,KOSPI,false,UNAVAILABLE,17,흑자 지속성과 이익 안정성:MISSING_EARNINGS_TREND,SOURCE_DATA_GAP,FINANCIAL_VALUATION_CACHE,FALSE,MULTI_BLOCKER_SOURCE_LANE,재무·수익성 cache 입력 보강 필요
005385,현대차우,KOSPI,false,UNAVAILABLE,17,EV/EBITDA:EV_EBITDA_INPUT:NO_EXACT_CANDIDATE:NO_EXACT_CANDIDATE,SOURCE_DATA_GAP,EXACT_DA_SOURCE,FALSE,MULTI_BLOCKER_SOURCE_LANE,"승인 exact D&A 원천 부족; debt_status=NO_EXACT_CANDIDATE, da_status=NO_EXACT_CANDIDATE"
005385,현대차우,KOSPI,false,UNAVAILABLE,17,PBR:MISSING_PBR_OR_ROE,SOURCE_DATA_GAP,FINANCIAL_VALUATION_CACHE,FALSE,MULTI_BLOCKER_SOURCE_LANE,밸류에이션 또는 관련 이익·ROE 입력 보강 필요
005385,현대차우,KOSPI,false,UNAVAILABLE,17,PER:MISSING_PER,SOURCE_DATA_GAP,FINANCIAL_VALUATION_CACHE,FALSE,MULTI_BLOCKER_SOURCE_LANE,밸류에이션 또는 관련 이익·ROE 입력 보강 필요
005385,현대차우,KOSPI,false,UNAVAILABLE,17,PSR 또는 대체 가치지표:MISSING_PSR_INPUT,SOURCE_DATA_GAP,FINANCIAL_AND_RAW_SOURCE,FALSE,MULTI_BLOCKER_SOURCE_LANE,시가총액 또는 연간 매출 입력 보강 필요
005385,현대차우,KOSPI,false,UNAVAILABLE,17,ROE:MISSING_ROE,SOURCE_DATA_GAP,FINANCIAL_VALUATION_CACHE,FALSE,MULTI_BLOCKER_SOURCE_LANE,재무·수익성 cache 입력 보강 필요
005385,현대차우,KOSPI,false,UNAVAILABLE,17,매출 성장과 안정성:MISSING_REVENUE_GROWTH_INPUT,SOURCE_DATA_GAP,INVESTMENT_SCORE_SOURCE_CACHE,FALSE,MULTI_BLOCKER_SOURCE_LANE,연간/분기 재무 raw source 보강 필요
005385,현대차우,KOSPI,false,UNAVAILABLE,17,부채비율:MISSING_DEBT_RATIO,SOURCE_DATA_GAP,FINANCIAL_VALUATION_CACHE,FALSE,MULTI_BLOCKER_SOURCE_LANE,재무·수익성 cache 입력 보강 필요
005385,현대차우,KOSPI,false,UNAVAILABLE,17,수급·공시부담:SUPPLY_LIMITED_NO_POSITIVE_EVIDENCE,SOURCE_EVIDENCE_GAP,PRODUCTION_ANALYSIS_SUPPLY,FALSE,MULTI_BLOCKER_SOURCE_LANE,공시·수급 없음 판정을 확정할 만큼 source completeness가 부족함
005385,현대차우,KOSPI,false,UNAVAILABLE,17,순이익 흐름:MISSING_EARNINGS_TREND,SOURCE_DATA_GAP,FINANCIAL_VALUATION_CACHE,FALSE,MULTI_BLOCKER_SOURCE_LANE,재무·수익성 cache 입력 보강 필요
005385,현대차우,KOSPI,false,UNAVAILABLE,17,순현금·기업가치 상태:NETCASH_INPUT:NO_EXACT_CANDIDATE,SOURCE_DATA_GAP,NETCASH_INPUT,FALSE,MULTI_BLOCKER_SOURCE_LANE,시가총액·현금·승인 core debt 원천 보강 필요
005385,현대차우,KOSPI,false,UNAVAILABLE,17,영업이익 성장과 흑자 여부:MISSING_OP_PROFIT,SOURCE_DATA_GAP,FINANCIAL_VALUATION_CACHE,FALSE,MULTI_BLOCKER_SOURCE_LANE,재무·수익성 cache 입력 보강 필요
005385,현대차우,KOSPI,false,UNAVAILABLE,17,영업이익률:MISSING_MARGIN,SOURCE_DATA_GAP,FINANCIAL_VALUATION_CACHE,FALSE,MULTI_BLOCKER_SOURCE_LANE,재무·수익성 cache 입력 보강 필요
005385,현대차우,KOSPI,false,UNAVAILABLE,17,영업현금흐름:MISSING_OCF_MARGIN_INPUT,SOURCE_DATA_GAP,OCF_AND_REVENUE_SOURCE,FALSE,MULTI_BLOCKER_SOURCE_LANE,영업현금흐름 또는 연간 매출 입력 보강 필요
005385,현대차우,KOSPI,false,UNAVAILABLE,17,최근 3년 매출 성장률:MISSING_3Y_REVENUE,SOURCE_DATA_GAP,INVESTMENT_SCORE_SOURCE_CACHE,FALSE,MULTI_BLOCKER_SOURCE_LANE,연간/분기 재무 raw source 보강 필요
005385,현대차우,KOSPI,false,UNAVAILABLE,17,최근 3년 영업이익 성장률:MISSING_3Y_OP,SOURCE_DATA_GAP,INVESTMENT_SCORE_SOURCE_CACHE,FALSE,MULTI_BLOCKER_SOURCE_LANE,연간/분기 재무 raw source 보강 필요
005385,현대차우,KOSPI,false,UNAVAILABLE,17,최근 분기 실적 가속·둔화:MISSING_ACCEL_INPUT,SOURCE_DATA_GAP,INVESTMENT_SCORE_SOURCE_CACHE,FALSE,MULTI_BLOCKER_SOURCE_LANE,연간/분기 재무 raw source 보강 필요
005385,현대차우,KOSPI,false,UNAVAILABLE,17,흑자 지속성과 이익 안정성:MISSING_EARNINGS_TREND,SOURCE_DATA_GAP,FINANCIAL_VALUATION_CACHE,FALSE,MULTI_BLOCKER_SOURCE_LANE,재무·수익성 cache 입력 보강 필요
005387,현대차2우B,KOSPI,false,UNAVAILABLE,17,EV/EBITDA:EV_EBITDA_INPUT:NO_EXACT_CANDIDATE:NO_EXACT_CANDIDATE,SOURCE_DATA_GAP,EXACT_DA_SOURCE,FALSE,MULTI_BLOCKER_SOURCE_LANE,"승인 exact D&A 원천 부족; debt_status=NO_EXACT_CANDIDATE, da_status=NO_EXACT_CANDIDATE"
005387,현대차2우B,KOSPI,false,UNAVAILABLE,17,PBR:MISSING_PBR_OR_ROE,SOURCE_DATA_GAP,FINANCIAL_VALUATION_CACHE,FALSE,MULTI_BLOCKER_SOURCE_LANE,밸류에이션 또는 관련 이익·ROE 입력 보강 필요
005387,현대차2우B,KOSPI,false,UNAVAILABLE,17,PER:MISSING_PER,SOURCE_DATA_GAP,FINANCIAL_VALUATION_CACHE,FALSE,MULTI_BLOCKER_SOURCE_LANE,밸류에이션 또는 관련 이익·ROE 입력 보강 필요
005387,현대차2우B,KOSPI,false,UNAVAILABLE,17,PSR 또는 대체 가치지표:MISSING_PSR_INPUT,SOURCE_DATA_GAP,FINANCIAL_AND_RAW_SOURCE,FALSE,MULTI_BLOCKER_SOURCE_LANE,시가총액 또는 연간 매출 입력 보강 필요
005387,현대차2우B,KOSPI,false,UNAVAILABLE,17,ROE:MISSING_ROE,SOURCE_DATA_GAP,FINANCIAL_VALUATION_CACHE,FALSE,MULTI_BLOCKER_SOURCE_LANE,재무·수익성 cache 입력 보강 필요
005387,현대차2우B,KOSPI,false,UNAVAILABLE,17,매출 성장과 안정성:MISSING_REVENUE_GROWTH_INPUT,SOURCE_DATA_GAP,INVESTMENT_SCORE_SOURCE_CACHE,FALSE,MULTI_BLOCKER_SOURCE_LANE,연간/분기 재무 raw source 보강 필요
005387,현대차2우B,KOSPI,false,UNAVAILABLE,17,부채비율:MISSING_DEBT_RATIO,SOURCE_DATA_GAP,FINANCIAL_VALUATION_CACHE,FALSE,MULTI_BLOCKER_SOURCE_LANE,재무·수익성 cache 입력 보강 필요
005387,현대차2우B,KOSPI,false,UNAVAILABLE,17,수급·공시부담:SUPPLY_LIMITED_NO_POSITIVE_EVIDENCE,SOURCE_EVIDENCE_GAP,PRODUCTION_ANALYSIS_SUPPLY,FALSE,MULTI_BLOCKER_SOURCE_LANE,공시·수급 없음 판정을 확정할 만큼 source completeness가 부족함
005387,현대차2우B,KOSPI,false,UNAVAILABLE,17,순이익 흐름:MISSING_EARNINGS_TREND,SOURCE_DATA_GAP,FINANCIAL_VALUATION_CACHE,FALSE,MULTI_BLOCKER_SOURCE_LANE,재무·수익성 cache 입력 보강 필요
005387,현대차2우B,KOSPI,false,UNAVAILABLE,17,순현금·기업가치 상태:NETCASH_INPUT:NO_EXACT_CANDIDATE,SOURCE_DATA_GAP,NETCASH_INPUT,FALSE,MULTI_BLOCKER_SOURCE_LANE,시가총액·현금·승인 core debt 원천 보강 필요
005387,현대차2우B,KOSPI,false,UNAVAILABLE,17,영업이익 성장과 흑자 여부:MISSING_OP_PROFIT,SOURCE_DATA_GAP,FINANCIAL_VALUATION_CACHE,FALSE,MULTI_BLOCKER_SOURCE_LANE,재무·수익성 cache 입력 보강 필요
005387,현대차2우B,KOSPI,false,UNAVAILABLE,17,영업이익률:MISSING_MARGIN,SOURCE_DATA_GAP,FINANCIAL_VALUATION_CACHE,FALSE,MULTI_BLOCKER_SOURCE_LANE,재무·수익성 cache 입력 보강 필요
005387,현대차2우B,KOSPI,false,UNAVAILABLE,17,영업현금흐름:MISSING_OCF_MARGIN_INPUT,SOURCE_DATA_GAP,OCF_AND_REVENUE_SOURCE,FALSE,MULTI_BLOCKER_SOURCE_LANE,영업현금흐름 또는 연간 매출 입력 보강 필요
005387,현대차2우B,KOSPI,false,UNAVAILABLE,17,최근 3년 매출 성장률:MISSING_3Y_REVENUE,SOURCE_DATA_GAP,INVESTMENT_SCORE_SOURCE_CACHE,FALSE,MULTI_BLOCKER_SOURCE_LANE,연간/분기 재무 raw source 보강 필요
005387,현대차2우B,KOSPI,false,UNAVAILABLE,17,최근 3년 영업이익 성장률:MISSING_3Y_OP,SOURCE_DATA_GAP,INVESTMENT_SCORE_SOURCE_CACHE,FALSE,MULTI_BLOCKER_SOURCE_LANE,연간/분기 재무 raw source 보강 필요
005387,현대차2우B,KOSPI,false,UNAVAILABLE,17,최근 분기 실적 가속·둔화:MISSING_ACCEL_INPUT,SOURCE_DATA_GAP,INVESTMENT_SCORE_SOURCE_CACHE,FALSE,MULTI_BLOCKER_SOURCE_LANE,연간/분기 재무 raw source 보강 필요
005387,현대차2우B,KOSPI,false,UNAVAILABLE,17,흑자 지속성과 이익 안정성:MISSING_EARNINGS_TREND,SOURCE_DATA_GAP,FINANCIAL_VALUATION_CACHE,FALSE,MULTI_BLOCKER_SOURCE_LANE,재무·수익성 cache 입력 보강 필요
005389,현대차3우B,KOSPI,false,UNAVAILABLE,17,EV/EBITDA:EV_EBITDA_INPUT:NO_EXACT_CANDIDATE:NO_EXACT_CANDIDATE,SOURCE_DATA_GAP,EXACT_DA_SOURCE,FALSE,MULTI_BLOCKER_SOURCE_LANE,"승인 exact D&A 원천 부족; debt_status=NO_EXACT_CANDIDATE, da_status=NO_EXACT_CANDIDATE"
005389,현대차3우B,KOSPI,false,UNAVAILABLE,17,PBR:MISSING_PBR_OR_ROE,SOURCE_DATA_GAP,FINANCIAL_VALUATION_CACHE,FALSE,MULTI_BLOCKER_SOURCE_LANE,밸류에이션 또는 관련 이익·ROE 입력 보강 필요
005389,현대차3우B,KOSPI,false,UNAVAILABLE,17,PER:MISSING_PER,SOURCE_DATA_GAP,FINANCIAL_VALUATION_CACHE,FALSE,MULTI_BLOCKER_SOURCE_LANE,밸류에이션 또는 관련 이익·ROE 입력 보강 필요
005389,현대차3우B,KOSPI,false,UNAVAILABLE,17,PSR 또는 대체 가치지표:MISSING_PSR_INPUT,SOURCE_DATA_GAP,FINANCIAL_AND_RAW_SOURCE,FALSE,MULTI_BLOCKER_SOURCE_LANE,시가총액 또는 연간 매출 입력 보강 필요
005389,현대차3우B,KOSPI,false,UNAVAILABLE,17,ROE:MISSING_ROE,SOURCE_DATA_GAP,FINANCIAL_VALUATION_CACHE,FALSE,MULTI_BLOCKER_SOURCE_LANE,재무·수익성 cache 입력 보강 필요
005389,현대차3우B,KOSPI,false,UNAVAILABLE,17,매출 성장과 안정성:MISSING_REVENUE_GROWTH_INPUT,SOURCE_DATA_GAP,INVESTMENT_SCORE_SOURCE_CACHE,FALSE,MULTI_BLOCKER_SOURCE_LANE,연간/분기 재무 raw source 보강 필요
005389,현대차3우B,KOSPI,false,UNAVAILABLE,17,부채비율:MISSING_DEBT_RATIO,SOURCE_DATA_GAP,FINANCIAL_VALUATION_CACHE,FALSE,MULTI_BLOCKER_SOURCE_LANE,재무·수익성 cache 입력 보강 필요
005389,현대차3우B,KOSPI,false,UNAVAILABLE,17,수급·공시부담:SUPPLY_LIMITED_NO_POSITIVE_EVIDENCE,SOURCE_EVIDENCE_GAP,PRODUCTION_ANALYSIS_SUPPLY,FALSE,MULTI_BLOCKER_SOURCE_LANE,공시·수급 없음 판정을 확정할 만큼 source completeness가 부족함
005389,현대차3우B,KOSPI,false,UNAVAILABLE,17,순이익 흐름:MISSING_EARNINGS_TREND,SOURCE_DATA_GAP,FINANCIAL_VALUATION_CACHE,FALSE,MULTI_BLOCKER_SOURCE_LANE,재무·수익성 cache 입력 보강 필요
005389,현대차3우B,KOSPI,false,UNAVAILABLE,17,순현금·기업가치 상태:NETCASH_INPUT:NO_EXACT_CANDIDATE,SOURCE_DATA_GAP,NETCASH_INPUT,FALSE,MULTI_BLOCKER_SOURCE_LANE,시가총액·현금·승인 core debt 원천 보강 필요
005389,현대차3우B,KOSPI,false,UNAVAILABLE,17,영업이익 성장과 흑자 여부:MISSING_OP_PROFIT,SOURCE_DATA_GAP,FINANCIAL_VALUATION_CACHE,FALSE,MULTI_BLOCKER_SOURCE_LANE,재무·수익성 cache 입력 보강 필요
005389,현대차3우B,KOSPI,false,UNAVAILABLE,17,영업이익률:MISSING_MARGIN,SOURCE_DATA_GAP,FINANCIAL_VALUATION_CACHE,FALSE,MULTI_BLOCKER_SOURCE_LANE,재무·수익성 cache 입력 보강 필요
005389,현대차3우B,KOSPI,false,UNAVAILABLE,17,영업현금흐름:MISSING_OCF_MARGIN_INPUT,SOURCE_DATA_GAP,OCF_AND_REVENUE_SOURCE,FALSE,MULTI_BLOCKER_SOURCE_LANE,영업현금흐름 또는 연간 매출 입력 보강 필요
005389,현대차3우B,KOSPI,false,UNAVAILABLE,17,최근 3년 매출 성장률:MISSING_3Y_REVENUE,SOURCE_DATA_GAP,INVESTMENT_SCORE_SOURCE_CACHE,FALSE,MULTI_BLOCKER_SOURCE_LANE,연간/분기 재무 raw source 보강 필요
005389,현대차3우B,KOSPI,false,UNAVAILABLE,17,최근 3년 영업이익 성장률:MISSING_3Y_OP,SOURCE_DATA_GAP,INVESTMENT_SCORE_SOURCE_CACHE,FALSE,MULTI_BLOCKER_SOURCE_LANE,연간/분기 재무 raw source 보강 필요
005389,현대차3우B,KOSPI,false,UNAVAILABLE,17,최근 분기 실적 가속·둔화:MISSING_ACCEL_INPUT,SOURCE_DATA_GAP,INVESTMENT_SCORE_SOURCE_CACHE,FALSE,MULTI_BLOCKER_SOURCE_LANE,연간/분기 재무 raw source 보강 필요
005389,현대차3우B,KOSPI,false,UNAVAILABLE,17,흑자 지속성과 이익 안정성:MISSING_EARNINGS_TREND,SOURCE_DATA_GAP,FINANCIAL_VALUATION_CACHE,FALSE,MULTI_BLOCKER_SOURCE_LANE,재무·수익성 cache 입력 보강 필요
005870,휴니드,KOSPI,false,UNAVAILABLE,17,EV/EBITDA:EV_EBITDA_INPUT:NO_EXACT_CANDIDATE:NO_EXACT_CANDIDATE,SOURCE_DATA_GAP,EXACT_DA_SOURCE,FALSE,MULTI_BLOCKER_SOURCE_LANE,"승인 exact D&A 원천 부족; debt_status=NO_EXACT_CANDIDATE, da_status=NO_EXACT_CANDIDATE"
005870,휴니드,KOSPI,false,UNAVAILABLE,17,PBR:MISSING_PBR_OR_ROE,SOURCE_DATA_GAP,FINANCIAL_VALUATION_CACHE,FALSE,MULTI_BLOCKER_SOURCE_LANE,밸류에이션 또는 관련 이익·ROE 입력 보강 필요
005870,휴니드,KOSPI,false,UNAVAILABLE,17,PER:MISSING_PER,SOURCE_DATA_GAP,FINANCIAL_VALUATION_CACHE,FALSE,MULTI_BLOCKER_SOURCE_LANE,밸류에이션 또는 관련 이익·ROE 입력 보강 필요
005870,휴니드,KOSPI,false,UNAVAILABLE,17,PSR 또는 대체 가치지표:MISSING_PSR_INPUT,SOURCE_DATA_GAP,FINANCIAL_AND_RAW_SOURCE,FALSE,MULTI_BLOCKER_SOURCE_LANE,시가총액 또는 연간 매출 입력 보강 필요
005870,휴니드,KOSPI,false,UNAVAILABLE,17,ROE:MISSING_ROE,SOURCE_DATA_GAP,FINANCIAL_VALUATION_CACHE,FALSE,MULTI_BLOCKER_SOURCE_LANE,재무·수익성 cache 입력 보강 필요
005870,휴니드,KOSPI,false,UNAVAILABLE,17,매출 성장과 안정성:MISSING_REVENUE_GROWTH_INPUT,SOURCE_DATA_GAP,INVESTMENT_SCORE_SOURCE_CACHE,FALSE,MULTI_BLOCKER_SOURCE_LANE,연간/분기 재무 raw source 보강 필요
005870,휴니드,KOSPI,false,UNAVAILABLE,17,부채비율:MISSING_DEBT_RATIO,SOURCE_DATA_GAP,FINANCIAL_VALUATION_CACHE,FALSE,MULTI_BLOCKER_SOURCE_LANE,재무·수익성 cache 입력 보강 필요
005870,휴니드,KOSPI,false,UNAVAILABLE,17,순이익 흐름:MISSING_EARNINGS_TREND,SOURCE_DATA_GAP,FINANCIAL_VALUATION_CACHE,FALSE,MULTI_BLOCKER_SOURCE_LANE,재무·수익성 cache 입력 보강 필요
005870,휴니드,KOSPI,false,UNAVAILABLE,17,순현금·기업가치 상태:NETCASH_INPUT:NO_EXACT_CANDIDATE,SOURCE_DATA_GAP,NETCASH_INPUT,FALSE,MULTI_BLOCKER_SOURCE_LANE,시가총액·현금·승인 core debt 원천 보강 필요
005870,휴니드,KOSPI,false,UNAVAILABLE,17,영업이익 성장과 흑자 여부:MISSING_OP_PROFIT,SOURCE_DATA_GAP,FINANCIAL_VALUATION_CACHE,FALSE,MULTI_BLOCKER_SOURCE_LANE,재무·수익성 cache 입력 보강 필요
005870,휴니드,KOSPI,false,UNAVAILABLE,17,영업이익률:MISSING_MARGIN,SOURCE_DATA_GAP,FINANCIAL_VALUATION_CACHE,FALSE,MULTI_BLOCKER_SOURCE_LANE,재무·수익성 cache 입력 보강 필요
005870,휴니드,KOSPI,false,UNAVAILABLE,17,영업현금흐름:MISSING_OCF_MARGIN_INPUT,SOURCE_DATA_GAP,OCF_AND_REVENUE_SOURCE,FALSE,MULTI_BLOCKER_SOURCE_LANE,영업현금흐름 또는 연간 매출 입력 보강 필요
005870,휴니드,KOSPI,false,UNAVAILABLE,17,최근 3년 매출 성장률:MISSING_3Y_REVENUE,SOURCE_DATA_GAP,INVESTMENT_SCORE_SOURCE_CACHE,FALSE,MULTI_BLOCKER_SOURCE_LANE,연간/분기 재무 raw source 보강 필요
005870,휴니드,KOSPI,false,UNAVAILABLE,17,최근 3년 영업이익 성장률:MISSING_3Y_OP,SOURCE_DATA_GAP,INVESTMENT_SCORE_SOURCE_CACHE,FALSE,MULTI_BLOCKER_SOURCE_LANE,연간/분기 재무 raw source 보강 필요
005870,휴니드,KOSPI,false,UNAVAILABLE,17,최근 분기 실적 가속·둔화:MISSING_ACCEL_INPUT,SOURCE_DATA_GAP,INVESTMENT_SCORE_SOURCE_CACHE,FALSE,MULTI_BLOCKER_SOURCE_LANE,연간/분기 재무 raw source 보강 필요
005870,휴니드,KOSPI,false,UNAVAILABLE,17,하루평균 절대등락률:MISSING_ELASTICITY,SOURCE_DATA_GAP,PRICE_ELASTICITY_20D,FALSE,MULTI_BLOCKER_SOURCE_LANE,20거래일 가격탄력 source 보강 필요
005870,휴니드,KOSPI,false,UNAVAILABLE,17,흑자 지속성과 이익 안정성:MISSING_EARNINGS_TREND,SOURCE_DATA_GAP,FINANCIAL_VALUATION_CACHE,FALSE,MULTI_BLOCKER_SOURCE_LANE,재무·수익성 cache 입력 보강 필요
006280,녹십자,KOSPI,false,UNAVAILABLE,17,EV/EBITDA:EV_EBITDA_INPUT:NO_EXACT_CANDIDATE:NO_EXACT_CANDIDATE,SOURCE_DATA_GAP,EXACT_DA_SOURCE,FALSE,MULTI_BLOCKER_SOURCE_LANE,"승인 exact D&A 원천 부족; debt_status=NO_EXACT_CANDIDATE, da_status=NO_EXACT_CANDIDATE"
006280,녹십자,KOSPI,false,UNAVAILABLE,17,PBR:MISSING_PBR_OR_ROE,SOURCE_DATA_GAP,FINANCIAL_VALUATION_CACHE,FALSE,MULTI_BLOCKER_SOURCE_LANE,밸류에이션 또는 관련 이익·ROE 입력 보강 필요
006280,녹십자,KOSPI,false,UNAVAILABLE,17,PER:MISSING_PER,SOURCE_DATA_GAP,FINANCIAL_VALUATION_CACHE,FALSE,MULTI_BLOCKER_SOURCE_LANE,밸류에이션 또는 관련 이익·ROE 입력 보강 필요
006280,녹십자,KOSPI,false,UNAVAILABLE,17,PSR 또는 대체 가치지표:MISSING_PSR_INPUT,SOURCE_DATA_GAP,FINANCIAL_AND_RAW_SOURCE,FALSE,MULTI_BLOCKER_SOURCE_LANE,시가총액 또는 연간 매출 입력 보강 필요
006280,녹십자,KOSPI,false,UNAVAILABLE,17,ROE:MISSING_ROE,SOURCE_DATA_GAP,FINANCIAL_VALUATION_CACHE,FALSE,MULTI_BLOCKER_SOURCE_LANE,재무·수익성 cache 입력 보강 필요
006280,녹십자,KOSPI,false,UNAVAILABLE,17,매출 성장과 안정성:MISSING_REVENUE_GROWTH_INPUT,SOURCE_DATA_GAP,INVESTMENT_SCORE_SOURCE_CACHE,FALSE,MULTI_BLOCKER_SOURCE_LANE,연간/분기 재무 raw source 보강 필요
006280,녹십자,KOSPI,false,UNAVAILABLE,17,부채비율:MISSING_DEBT_RATIO,SOURCE_DATA_GAP,FINANCIAL_VALUATION_CACHE,FALSE,MULTI_BLOCKER_SOURCE_LANE,재무·수익성 cache 입력 보강 필요
006280,녹십자,KOSPI,false,UNAVAILABLE,17,순이익 흐름:MISSING_EARNINGS_TREND,SOURCE_DATA_GAP,FINANCIAL_VALUATION_CACHE,FALSE,MULTI_BLOCKER_SOURCE_LANE,재무·수익성 cache 입력 보강 필요
006280,녹십자,KOSPI,false,UNAVAILABLE,17,순현금·기업가치 상태:NETCASH_INPUT:NO_EXACT_CANDIDATE,SOURCE_DATA_GAP,NETCASH_INPUT,FALSE,MULTI_BLOCKER_SOURCE_LANE,시가총액·현금·승인 core debt 원천 보강 필요
006280,녹십자,KOSPI,false,UNAVAILABLE,17,영업이익 성장과 흑자 여부:MISSING_OP_PROFIT,SOURCE_DATA_GAP,FINANCIAL_VALUATION_CACHE,FALSE,MULTI_BLOCKER_SOURCE_LANE,재무·수익성 cache 입력 보강 필요
006280,녹십자,KOSPI,false,UNAVAILABLE,17,영업이익률:MISSING_MARGIN,SOURCE_DATA_GAP,FINANCIAL_VALUATION_CACHE,FALSE,MULTI_BLOCKER_SOURCE_LANE,재무·수익성 cache 입력 보강 필요
006280,녹십자,KOSPI,false,UNAVAILABLE,17,영업현금흐름:MISSING_OCF_MARGIN_INPUT,SOURCE_DATA_GAP,OCF_AND_REVENUE_SOURCE,FALSE,MULTI_BLOCKER_SOURCE_LANE,영업현금흐름 또는 연간 매출 입력 보강 필요
006280,녹십자,KOSPI,false,UNAVAILABLE,17,최근 3년 매출 성장률:MISSING_3Y_REVENUE,SOURCE_DATA_GAP,INVESTMENT_SCORE_SOURCE_CACHE,FALSE,MULTI_BLOCKER_SOURCE_LANE,연간/분기 재무 raw source 보강 필요
006280,녹십자,KOSPI,false,UNAVAILABLE,17,최근 3년 영업이익 성장률:MISSING_3Y_OP,SOURCE_DATA_GAP,INVESTMENT_SCORE_SOURCE_CACHE,FALSE,MULTI_BLOCKER_SOURCE_LANE,연간/분기 재무 raw source 보강 필요
006280,녹십자,KOSPI,false,UNAVAILABLE,17,최근 분기 실적 가속·둔화:MISSING_ACCEL_INPUT,SOURCE_DATA_GAP,INVESTMENT_SCORE_SOURCE_CACHE,FALSE,MULTI_BLOCKER_SOURCE_LANE,연간/분기 재무 raw source 보강 필요
006280,녹십자,KOSPI,false,UNAVAILABLE,17,하루평균 절대등락률:MISSING_ELASTICITY,SOURCE_DATA_GAP,PRICE_ELASTICITY_20D,FALSE,MULTI_BLOCKER_SOURCE_LANE,20거래일 가격탄력 source 보강 필요
006280,녹십자,KOSPI,false,UNAVAILABLE,17,흑자 지속성과 이익 안정성:MISSING_EARNINGS_TREND,SOURCE_DATA_GAP,FINANCIAL_VALUATION_CACHE,FALSE,MULTI_BLOCKER_SOURCE_LANE,재무·수익성 cache 입력 보강 필요
006340,대원전선,KOSPI,false,UNAVAILABLE,17,EV/EBITDA:EV_EBITDA_INPUT:NO_EXACT_CANDIDATE:NO_EXACT_CANDIDATE,SOURCE_DATA_GAP,EXACT_DA_SOURCE,FALSE,MULTI_BLOCKER_SOURCE_LANE,"승인 exact D&A 원천 부족; debt_status=NO_EXACT_CANDIDATE, da_status=NO_EXACT_CANDIDATE"
006340,대원전선,KOSPI,false,UNAVAILABLE,17,PBR:MISSING_PBR_OR_ROE,SOURCE_DATA_GAP,FINANCIAL_VALUATION_CACHE,FALSE,MULTI_BLOCKER_SOURCE_LANE,밸류에이션 또는 관련 이익·ROE 입력 보강 필요
006340,대원전선,KOSPI,false,UNAVAILABLE,17,PER:MISSING_PER,SOURCE_DATA_GAP,FINANCIAL_VALUATION_CACHE,FALSE,MULTI_BLOCKER_SOURCE_LANE,밸류에이션 또는 관련 이익·ROE 입력 보강 필요
006340,대원전선,KOSPI,false,UNAVAILABLE,17,PSR 또는 대체 가치지표:MISSING_PSR_INPUT,SOURCE_DATA_GAP,FINANCIAL_AND_RAW_SOURCE,FALSE,MULTI_BLOCKER_SOURCE_LANE,시가총액 또는 연간 매출 입력 보강 필요
006340,대원전선,KOSPI,false,UNAVAILABLE,17,ROE:MISSING_ROE,SOURCE_DATA_GAP,FINANCIAL_VALUATION_CACHE,FALSE,MULTI_BLOCKER_SOURCE_LANE,재무·수익성 cache 입력 보강 필요
006340,대원전선,KOSPI,false,UNAVAILABLE,17,매출 성장과 안정성:MISSING_REVENUE_GROWTH_INPUT,SOURCE_DATA_GAP,INVESTMENT_SCORE_SOURCE_CACHE,FALSE,MULTI_BLOCKER_SOURCE_LANE,연간/분기 재무 raw source 보강 필요
006340,대원전선,KOSPI,false,UNAVAILABLE,17,부채비율:MISSING_DEBT_RATIO,SOURCE_DATA_GAP,FINANCIAL_VALUATION_CACHE,FALSE,MULTI_BLOCKER_SOURCE_LANE,재무·수익성 cache 입력 보강 필요
006340,대원전선,KOSPI,false,UNAVAILABLE,17,순이익 흐름:MISSING_EARNINGS_TREND,SOURCE_DATA_GAP,FINANCIAL_VALUATION_CACHE,FALSE,MULTI_BLOCKER_SOURCE_LANE,재무·수익성 cache 입력 보강 필요
006340,대원전선,KOSPI,false,UNAVAILABLE,17,순현금·기업가치 상태:NETCASH_INPUT:NO_EXACT_CANDIDATE,SOURCE_DATA_GAP,NETCASH_INPUT,FALSE,MULTI_BLOCKER_SOURCE_LANE,시가총액·현금·승인 core debt 원천 보강 필요
006340,대원전선,KOSPI,false,UNAVAILABLE,17,영업이익 성장과 흑자 여부:MISSING_OP_PROFIT,SOURCE_DATA_GAP,FINANCIAL_VALUATION_CACHE,FALSE,MULTI_BLOCKER_SOURCE_LANE,재무·수익성 cache 입력 보강 필요
006340,대원전선,KOSPI,false,UNAVAILABLE,17,영업이익률:MISSING_MARGIN,SOURCE_DATA_GAP,FINANCIAL_VALUATION_CACHE,FALSE,MULTI_BLOCKER_SOURCE_LANE,재무·수익성 cache 입력 보강 필요
006340,대원전선,KOSPI,false,UNAVAILABLE,17,영업현금흐름:MISSING_OCF_MARGIN_INPUT,SOURCE_DATA_GAP,OCF_AND_REVENUE_SOURCE,FALSE,MULTI_BLOCKER_SOURCE_LANE,영업현금흐름 또는 연간 매출 입력 보강 필요
006340,대원전선,KOSPI,false,UNAVAILABLE,17,최근 3년 매출 성장률:MISSING_3Y_REVENUE,SOURCE_DATA_GAP,INVESTMENT_SCORE_SOURCE_CACHE,FALSE,MULTI_BLOCKER_SOURCE_LANE,연간/분기 재무 raw source 보강 필요
006340,대원전선,KOSPI,false,UNAVAILABLE,17,최근 3년 영업이익 성장률:MISSING_3Y_OP,SOURCE_DATA_GAP,INVESTMENT_SCORE_SOURCE_CACHE,FALSE,MULTI_BLOCKER_SOURCE_LANE,연간/분기 재무 raw source 보강 필요
006340,대원전선,KOSPI,false,UNAVAILABLE,17,최근 분기 실적 가속·둔화:MISSING_ACCEL_INPUT,SOURCE_DATA_GAP,INVESTMENT_SCORE_SOURCE_CACHE,FALSE,MULTI_BLOCKER_SOURCE_LANE,연간/분기 재무 raw source 보강 필요
006340,대원전선,KOSPI,false,UNAVAILABLE,17,하루평균 절대등락률:MISSING_ELASTICITY,SOURCE_DATA_GAP,PRICE_ELASTICITY_20D,FALSE,MULTI_BLOCKER_SOURCE_LANE,20거래일 가격탄력 source 보강 필요
006340,대원전선,KOSPI,false,UNAVAILABLE,17,흑자 지속성과 이익 안정성:MISSING_EARNINGS_TREND,SOURCE_DATA_GAP,FINANCIAL_VALUATION_CACHE,FALSE,MULTI_BLOCKER_SOURCE_LANE,재무·수익성 cache 입력 보강 필요
006570,대림통상,KOSPI,false,UNAVAILABLE,17,EV/EBITDA:EV_EBITDA_INPUT:NO_EXACT_CANDIDATE:NO_EXACT_CANDIDATE,SOURCE_DATA_GAP,EXACT_DA_SOURCE,FALSE,MULTI_BLOCKER_SOURCE_LANE,"승인 exact D&A 원천 부족; debt_status=NO_EXACT_CANDIDATE, da_status=NO_EXACT_CANDIDATE"
006570,대림통상,KOSPI,false,UNAVAILABLE,17,PBR:MISSING_PBR_OR_ROE,SOURCE_DATA_GAP,FINANCIAL_VALUATION_CACHE,FALSE,MULTI_BLOCKER_SOURCE_LANE,밸류에이션 또는 관련 이익·ROE 입력 보강 필요
006570,대림통상,KOSPI,false,UNAVAILABLE,17,PER:MISSING_PER,SOURCE_DATA_GAP,FINANCIAL_VALUATION_CACHE,FALSE,MULTI_BLOCKER_SOURCE_LANE,밸류에이션 또는 관련 이익·ROE 입력 보강 필요
006570,대림통상,KOSPI,false,UNAVAILABLE,17,PSR 또는 대체 가치지표:MISSING_PSR_INPUT,SOURCE_DATA_GAP,FINANCIAL_AND_RAW_SOURCE,FALSE,MULTI_BLOCKER_SOURCE_LANE,시가총액 또는 연간 매출 입력 보강 필요
006570,대림통상,KOSPI,false,UNAVAILABLE,17,ROE:MISSING_ROE,SOURCE_DATA_GAP,FINANCIAL_VALUATION_CACHE,FALSE,MULTI_BLOCKER_SOURCE_LANE,재무·수익성 cache 입력 보강 필요
006570,대림통상,KOSPI,false,UNAVAILABLE,17,매출 성장과 안정성:MISSING_REVENUE_GROWTH_INPUT,SOURCE_DATA_GAP,INVESTMENT_SCORE_SOURCE_CACHE,FALSE,MULTI_BLOCKER_SOURCE_LANE,연간/분기 재무 raw source 보강 필요
006570,대림통상,KOSPI,false,UNAVAILABLE,17,부채비율:MISSING_DEBT_RATIO,SOURCE_DATA_GAP,FINANCIAL_VALUATION_CACHE,FALSE,MULTI_BLOCKER_SOURCE_LANE,재무·수익성 cache 입력 보강 필요
006570,대림통상,KOSPI,false,UNAVAILABLE,17,순이익 흐름:MISSING_EARNINGS_TREND,SOURCE_DATA_GAP,FINANCIAL_VALUATION_CACHE,FALSE,MULTI_BLOCKER_SOURCE_LANE,재무·수익성 cache 입력 보강 필요
006570,대림통상,KOSPI,false,UNAVAILABLE,17,순현금·기업가치 상태:NETCASH_INPUT:NO_EXACT_CANDIDATE,SOURCE_DATA_GAP,NETCASH_INPUT,FALSE,MULTI_BLOCKER_SOURCE_LANE,시가총액·현금·승인 core debt 원천 보강 필요
006570,대림통상,KOSPI,false,UNAVAILABLE,17,영업이익 성장과 흑자 여부:MISSING_OP_PROFIT,SOURCE_DATA_GAP,FINANCIAL_VALUATION_CACHE,FALSE,MULTI_BLOCKER_SOURCE_LANE,재무·수익성 cache 입력 보강 필요
006570,대림통상,KOSPI,false,UNAVAILABLE,17,영업이익률:MISSING_MARGIN,SOURCE_DATA_GAP,FINANCIAL_VALUATION_CACHE,FALSE,MULTI_BLOCKER_SOURCE_LANE,재무·수익성 cache 입력 보강 필요
006570,대림통상,KOSPI,false,UNAVAILABLE,17,영업현금흐름:MISSING_OCF_MARGIN_INPUT,SOURCE_DATA_GAP,OCF_AND_REVENUE_SOURCE,FALSE,MULTI_BLOCKER_SOURCE_LANE,영업현금흐름 또는 연간 매출 입력 보강 필요
006570,대림통상,KOSPI,false,UNAVAILABLE,17,최근 3년 매출 성장률:MISSING_3Y_REVENUE,SOURCE_DATA_GAP,INVESTMENT_SCORE_SOURCE_CACHE,FALSE,MULTI_BLOCKER_SOURCE_LANE,연간/분기 재무 raw source 보강 필요
006570,대림통상,KOSPI,false,UNAVAILABLE,17,최근 3년 영업이익 성장률:MISSING_3Y_OP,SOURCE_DATA_GAP,INVESTMENT_SCORE_SOURCE_CACHE,FALSE,MULTI_BLOCKER_SOURCE_LANE,연간/분기 재무 raw source 보강 필요
006570,대림통상,KOSPI,false,UNAVAILABLE,17,최근 분기 실적 가속·둔화:MISSING_ACCEL_INPUT,SOURCE_DATA_GAP,INVESTMENT_SCORE_SOURCE_CACHE,FALSE,MULTI_BLOCKER_SOURCE_LANE,연간/분기 재무 raw source 보강 필요
006570,대림통상,KOSPI,false,UNAVAILABLE,17,하루평균 절대등락률:MISSING_ELASTICITY,SOURCE_DATA_GAP,PRICE_ELASTICITY_20D,FALSE,MULTI_BLOCKER_SOURCE_LANE,20거래일 가격탄력 source 보강 필요
006570,대림통상,KOSPI,false,UNAVAILABLE,17,흑자 지속성과 이익 안정성:MISSING_EARNINGS_TREND,SOURCE_DATA_GAP,FINANCIAL_VALUATION_CACHE,FALSE,MULTI_BLOCKER_SOURCE_LANE,재무·수익성 cache 입력 보강 필요
008350,남선알미늄,KOSPI,false,UNAVAILABLE,17,EV/EBITDA:EV_EBITDA_INPUT:NO_EXACT_CANDIDATE:NO_EXACT_CANDIDATE,SOURCE_DATA_GAP,EXACT_DA_SOURCE,FALSE,MULTI_BLOCKER_SOURCE_LANE,"승인 exact D&A 원천 부족; debt_status=NO_EXACT_CANDIDATE, da_status=NO_EXACT_CANDIDATE"
008350,남선알미늄,KOSPI,false,UNAVAILABLE,17,PBR:MISSING_PBR_OR_ROE,SOURCE_DATA_GAP,FINANCIAL_VALUATION_CACHE,FALSE,MULTI_BLOCKER_SOURCE_LANE,밸류에이션 또는 관련 이익·ROE 입력 보강 필요
008350,남선알미늄,KOSPI,false,UNAVAILABLE,17,PER:MISSING_PER,SOURCE_DATA_GAP,FINANCIAL_VALUATION_CACHE,FALSE,MULTI_BLOCKER_SOURCE_LANE,밸류에이션 또는 관련 이익·ROE 입력 보강 필요
008350,남선알미늄,KOSPI,false,UNAVAILABLE,17,PSR 또는 대체 가치지표:MISSING_PSR_INPUT,SOURCE_DATA_GAP,FINANCIAL_AND_RAW_SOURCE,FALSE,MULTI_BLOCKER_SOURCE_LANE,시가총액 또는 연간 매출 입력 보강 필요
008350,남선알미늄,KOSPI,false,UNAVAILABLE,17,ROE:MISSING_ROE,SOURCE_DATA_GAP,FINANCIAL_VALUATION_CACHE,FALSE,MULTI_BLOCKER_SOURCE_LANE,재무·수익성 cache 입력 보강 필요
008350,남선알미늄,KOSPI,false,UNAVAILABLE,17,매출 성장과 안정성:MISSING_REVENUE_GROWTH_INPUT,SOURCE_DATA_GAP,INVESTMENT_SCORE_SOURCE_CACHE,FALSE,MULTI_BLOCKER_SOURCE_LANE,연간/분기 재무 raw source 보강 필요
008350,남선알미늄,KOSPI,false,UNAVAILABLE,17,부채비율:MISSING_DEBT_RATIO,SOURCE_DATA_GAP,FINANCIAL_VALUATION_CACHE,FALSE,MULTI_BLOCKER_SOURCE_LANE,재무·수익성 cache 입력 보강 필요
008350,남선알미늄,KOSPI,false,UNAVAILABLE,17,순이익 흐름:MISSING_EARNINGS_TREND,SOURCE_DATA_GAP,FINANCIAL_VALUATION_CACHE,FALSE,MULTI_BLOCKER_SOURCE_LANE,재무·수익성 cache 입력 보강 필요
008350,남선알미늄,KOSPI,false,UNAVAILABLE,17,순현금·기업가치 상태:NETCASH_INPUT:NO_EXACT_CANDIDATE,SOURCE_DATA_GAP,NETCASH_INPUT,FALSE,MULTI_BLOCKER_SOURCE_LANE,시가총액·현금·승인 core debt 원천 보강 필요
008350,남선알미늄,KOSPI,false,UNAVAILABLE,17,영업이익 성장과 흑자 여부:MISSING_OP_PROFIT,SOURCE_DATA_GAP,FINANCIAL_VALUATION_CACHE,FALSE,MULTI_BLOCKER_SOURCE_LANE,재무·수익성 cache 입력 보강 필요
008350,남선알미늄,KOSPI,false,UNAVAILABLE,17,영업이익률:MISSING_MARGIN,SOURCE_DATA_GAP,FINANCIAL_VALUATION_CACHE,FALSE,MULTI_BLOCKER_SOURCE_LANE,재무·수익성 cache 입력 보강 필요
008350,남선알미늄,KOSPI,false,UNAVAILABLE,17,영업현금흐름:MISSING_OCF_MARGIN_INPUT,SOURCE_DATA_GAP,OCF_AND_REVENUE_SOURCE,FALSE,MULTI_BLOCKER_SOURCE_LANE,영업현금흐름 또는 연간 매출 입력 보강 필요
008350,남선알미늄,KOSPI,false,UNAVAILABLE,17,최근 3년 매출 성장률:MISSING_3Y_REVENUE,SOURCE_DATA_GAP,INVESTMENT_SCORE_SOURCE_CACHE,FALSE,MULTI_BLOCKER_SOURCE_LANE,연간/분기 재무 raw source 보강 필요
008350,남선알미늄,KOSPI,false,UNAVAILABLE,17,최근 3년 영업이익 성장률:MISSING_3Y_OP,SOURCE_DATA_GAP,INVESTMENT_SCORE_SOURCE_CACHE,FALSE,MULTI_BLOCKER_SOURCE_LANE,연간/분기 재무 raw source 보강 필요
008350,남선알미늄,KOSPI,false,UNAVAILABLE,17,최근 분기 실적 가속·둔화:MISSING_ACCEL_INPUT,SOURCE_DATA_GAP,INVESTMENT_SCORE_SOURCE_CACHE,FALSE,MULTI_BLOCKER_SOURCE_LANE,연간/분기 재무 raw source 보강 필요
008350,남선알미늄,KOSPI,false,UNAVAILABLE,17,하루평균 절대등락률:MISSING_ELASTICITY,SOURCE_DATA_GAP,PRICE_ELASTICITY_20D,FALSE,MULTI_BLOCKER_SOURCE_LANE,20거래일 가격탄력 source 보강 필요
008350,남선알미늄,KOSPI,false,UNAVAILABLE,17,흑자 지속성과 이익 안정성:MISSING_EARNINGS_TREND,SOURCE_DATA_GAP,FINANCIAL_VALUATION_CACHE,FALSE,MULTI_BLOCKER_SOURCE_LANE,재무·수익성 cache 입력 보강 필요
008730,율촌화학,KOSPI,false,UNAVAILABLE,17,EV/EBITDA:EV_EBITDA_INPUT:NO_EXACT_CANDIDATE:NO_EXACT_CANDIDATE,SOURCE_DATA_GAP,EXACT_DA_SOURCE,FALSE,MULTI_BLOCKER_SOURCE_LANE,"승인 exact D&A 원천 부족; debt_status=NO_EXACT_CANDIDATE, da_status=NO_EXACT_CANDIDATE"
008730,율촌화학,KOSPI,false,UNAVAILABLE,17,PBR:MISSING_PBR_OR_ROE,SOURCE_DATA_GAP,FINANCIAL_VALUATION_CACHE,FALSE,MULTI_BLOCKER_SOURCE_LANE,밸류에이션 또는 관련 이익·ROE 입력 보강 필요
008730,율촌화학,KOSPI,false,UNAVAILABLE,17,PER:MISSING_PER,SOURCE_DATA_GAP,FINANCIAL_VALUATION_CACHE,FALSE,MULTI_BLOCKER_SOURCE_LANE,밸류에이션 또는 관련 이익·ROE 입력 보강 필요
008730,율촌화학,KOSPI,false,UNAVAILABLE,17,PSR 또는 대체 가치지표:MISSING_PSR_INPUT,SOURCE_DATA_GAP,FINANCIAL_AND_RAW_SOURCE,FALSE,MULTI_BLOCKER_SOURCE_LANE,시가총액 또는 연간 매출 입력 보강 필요
008730,율촌화학,KOSPI,false,UNAVAILABLE,17,ROE:MISSING_ROE,SOURCE_DATA_GAP,FINANCIAL_VALUATION_CACHE,FALSE,MULTI_BLOCKER_SOURCE_LANE,재무·수익성 cache 입력 보강 필요
008730,율촌화학,KOSPI,false,UNAVAILABLE,17,매출 성장과 안정성:MISSING_REVENUE_GROWTH_INPUT,SOURCE_DATA_GAP,INVESTMENT_SCORE_SOURCE_CACHE,FALSE,MULTI_BLOCKER_SOURCE_LANE,연간/분기 재무 raw source 보강 필요
008730,율촌화학,KOSPI,false,UNAVAILABLE,17,부채비율:MISSING_DEBT_RATIO,SOURCE_DATA_GAP,FINANCIAL_VALUATION_CACHE,FALSE,MULTI_BLOCKER_SOURCE_LANE,재무·수익성 cache 입력 보강 필요
008730,율촌화학,KOSPI,false,UNAVAILABLE,17,순이익 흐름:MISSING_EARNINGS_TREND,SOURCE_DATA_GAP,FINANCIAL_VALUATION_CACHE,FALSE,MULTI_BLOCKER_SOURCE_LANE,재무·수익성 cache 입력 보강 필요
008730,율촌화학,KOSPI,false,UNAVAILABLE,17,순현금·기업가치 상태:NETCASH_INPUT:NO_EXACT_CANDIDATE,SOURCE_DATA_GAP,NETCASH_INPUT,FALSE,MULTI_BLOCKER_SOURCE_LANE,시가총액·현금·승인 core debt 원천 보강 필요
008730,율촌화학,KOSPI,false,UNAVAILABLE,17,영업이익 성장과 흑자 여부:MISSING_OP_PROFIT,SOURCE_DATA_GAP,FINANCIAL_VALUATION_CACHE,FALSE,MULTI_BLOCKER_SOURCE_LANE,재무·수익성 cache 입력 보강 필요
008730,율촌화학,KOSPI,false,UNAVAILABLE,17,영업이익률:MISSING_MARGIN,SOURCE_DATA_GAP,FINANCIAL_VALUATION_CACHE,FALSE,MULTI_BLOCKER_SOURCE_LANE,재무·수익성 cache 입력 보강 필요
008730,율촌화학,KOSPI,false,UNAVAILABLE,17,영업현금흐름:MISSING_OCF_MARGIN_INPUT,SOURCE_DATA_GAP,OCF_AND_REVENUE_SOURCE,FALSE,MULTI_BLOCKER_SOURCE_LANE,영업현금흐름 또는 연간 매출 입력 보강 필요
008730,율촌화학,KOSPI,false,UNAVAILABLE,17,최근 3년 매출 성장률:MISSING_3Y_REVENUE,SOURCE_DATA_GAP,INVESTMENT_SCORE_SOURCE_CACHE,FALSE,MULTI_BLOCKER_SOURCE_LANE,연간/분기 재무 raw source 보강 필요
008730,율촌화학,KOSPI,false,UNAVAILABLE,17,최근 3년 영업이익 성장률:MISSING_3Y_OP,SOURCE_DATA_GAP,INVESTMENT_SCORE_SOURCE_CACHE,FALSE,MULTI_BLOCKER_SOURCE_LANE,연간/분기 재무 raw source 보강 필요
008730,율촌화학,KOSPI,false,UNAVAILABLE,17,최근 분기 실적 가속·둔화:MISSING_ACCEL_INPUT,SOURCE_DATA_GAP,INVESTMENT_SCORE_SOURCE_CACHE,FALSE,MULTI_BLOCKER_SOURCE_LANE,연간/분기 재무 raw source 보강 필요
008730,율촌화학,KOSPI,false,UNAVAILABLE,17,하루평균 절대등락률:MISSING_ELASTICITY,SOURCE_DATA_GAP,PRICE_ELASTICITY_20D,FALSE,MULTI_BLOCKER_SOURCE_LANE,20거래일 가격탄력 source 보강 필요
008730,율촌화학,KOSPI,false,UNAVAILABLE,17,흑자 지속성과 이익 안정성:MISSING_EARNINGS_TREND,SOURCE_DATA_GAP,FINANCIAL_VALUATION_CACHE,FALSE,MULTI_BLOCKER_SOURCE_LANE,재무·수익성 cache 입력 보강 필요
011210,현대위아,KOSPI,false,UNAVAILABLE,17,EV/EBITDA:EV_EBITDA_INPUT:NO_EXACT_CANDIDATE:NO_EXACT_CANDIDATE,SOURCE_DATA_GAP,EXACT_DA_SOURCE,FALSE,MULTI_BLOCKER_SOURCE_LANE,"승인 exact D&A 원천 부족; debt_status=NO_EXACT_CANDIDATE, da_status=NO_EXACT_CANDIDATE"
011210,현대위아,KOSPI,false,UNAVAILABLE,17,PBR:MISSING_PBR_OR_ROE,SOURCE_DATA_GAP,FINANCIAL_VALUATION_CACHE,FALSE,MULTI_BLOCKER_SOURCE_LANE,밸류에이션 또는 관련 이익·ROE 입력 보강 필요
011210,현대위아,KOSPI,false,UNAVAILABLE,17,PER:MISSING_PER,SOURCE_DATA_GAP,FINANCIAL_VALUATION_CACHE,FALSE,MULTI_BLOCKER_SOURCE_LANE,밸류에이션 또는 관련 이익·ROE 입력 보강 필요
011210,현대위아,KOSPI,false,UNAVAILABLE,17,PSR 또는 대체 가치지표:MISSING_PSR_INPUT,SOURCE_DATA_GAP,FINANCIAL_AND_RAW_SOURCE,FALSE,MULTI_BLOCKER_SOURCE_LANE,시가총액 또는 연간 매출 입력 보강 필요
011210,현대위아,KOSPI,false,UNAVAILABLE,17,ROE:MISSING_ROE,SOURCE_DATA_GAP,FINANCIAL_VALUATION_CACHE,FALSE,MULTI_BLOCKER_SOURCE_LANE,재무·수익성 cache 입력 보강 필요
011210,현대위아,KOSPI,false,UNAVAILABLE,17,매출 성장과 안정성:MISSING_REVENUE_GROWTH_INPUT,SOURCE_DATA_GAP,INVESTMENT_SCORE_SOURCE_CACHE,FALSE,MULTI_BLOCKER_SOURCE_LANE,연간/분기 재무 raw source 보강 필요
011210,현대위아,KOSPI,false,UNAVAILABLE,17,부채비율:MISSING_DEBT_RATIO,SOURCE_DATA_GAP,FINANCIAL_VALUATION_CACHE,FALSE,MULTI_BLOCKER_SOURCE_LANE,재무·수익성 cache 입력 보강 필요
011210,현대위아,KOSPI,false,UNAVAILABLE,17,순이익 흐름:MISSING_EARNINGS_TREND,SOURCE_DATA_GAP,FINANCIAL_VALUATION_CACHE,FALSE,MULTI_BLOCKER_SOURCE_LANE,재무·수익성 cache 입력 보강 필요
011210,현대위아,KOSPI,false,UNAVAILABLE,17,순현금·기업가치 상태:NETCASH_INPUT:NO_EXACT_CANDIDATE,SOURCE_DATA_GAP,NETCASH_INPUT,FALSE,MULTI_BLOCKER_SOURCE_LANE,시가총액·현금·승인 core debt 원천 보강 필요
011210,현대위아,KOSPI,false,UNAVAILABLE,17,영업이익 성장과 흑자 여부:MISSING_OP_PROFIT,SOURCE_DATA_GAP,FINANCIAL_VALUATION_CACHE,FALSE,MULTI_BLOCKER_SOURCE_LANE,재무·수익성 cache 입력 보강 필요
011210,현대위아,KOSPI,false,UNAVAILABLE,17,영업이익률:MISSING_MARGIN,SOURCE_DATA_GAP,FINANCIAL_VALUATION_CACHE,FALSE,MULTI_BLOCKER_SOURCE_LANE,재무·수익성 cache 입력 보강 필요
011210,현대위아,KOSPI,false,UNAVAILABLE,17,영업현금흐름:MISSING_OCF_MARGIN_INPUT,SOURCE_DATA_GAP,OCF_AND_REVENUE_SOURCE,FALSE,MULTI_BLOCKER_SOURCE_LANE,영업현금흐름 또는 연간 매출 입력 보강 필요
011210,현대위아,KOSPI,false,UNAVAILABLE,17,최근 3년 매출 성장률:MISSING_3Y_REVENUE,SOURCE_DATA_GAP,INVESTMENT_SCORE_SOURCE_CACHE,FALSE,MULTI_BLOCKER_SOURCE_LANE,연간/분기 재무 raw source 보강 필요
011210,현대위아,KOSPI,false,UNAVAILABLE,17,최근 3년 영업이익 성장률:MISSING_3Y_OP,SOURCE_DATA_GAP,INVESTMENT_SCORE_SOURCE_CACHE,FALSE,MULTI_BLOCKER_SOURCE_LANE,연간/분기 재무 raw source 보강 필요
011210,현대위아,KOSPI,false,UNAVAILABLE,17,최근 분기 실적 가속·둔화:MISSING_ACCEL_INPUT,SOURCE_DATA_GAP,INVESTMENT_SCORE_SOURCE_CACHE,FALSE,MULTI_BLOCKER_SOURCE_LANE,연간/분기 재무 raw source 보강 필요
011210,현대위아,KOSPI,false,UNAVAILABLE,17,하루평균 절대등락률:MISSING_ELASTICITY,SOURCE_DATA_GAP,PRICE_ELASTICITY_20D,FALSE,MULTI_BLOCKER_SOURCE_LANE,20거래일 가격탄력 source 보강 필요
011210,현대위아,KOSPI,false,UNAVAILABLE,17,흑자 지속성과 이익 안정성:MISSING_EARNINGS_TREND,SOURCE_DATA_GAP,FINANCIAL_VALUATION_CACHE,FALSE,MULTI_BLOCKER_SOURCE_LANE,재무·수익성 cache 입력 보강 필요
011280,태림포장,KOSPI,false,UNAVAILABLE,17,EV/EBITDA:EV_EBITDA_INPUT:NO_EXACT_CANDIDATE:NO_EXACT_CANDIDATE,SOURCE_DATA_GAP,EXACT_DA_SOURCE,FALSE,MULTI_BLOCKER_SOURCE_LANE,"승인 exact D&A 원천 부족; debt_status=NO_EXACT_CANDIDATE, da_status=NO_EXACT_CANDIDATE"
011280,태림포장,KOSPI,false,UNAVAILABLE,17,PBR:MISSING_PBR_OR_ROE,SOURCE_DATA_GAP,FINANCIAL_VALUATION_CACHE,FALSE,MULTI_BLOCKER_SOURCE_LANE,밸류에이션 또는 관련 이익·ROE 입력 보강 필요
011280,태림포장,KOSPI,false,UNAVAILABLE,17,PER:MISSING_PER,SOURCE_DATA_GAP,FINANCIAL_VALUATION_CACHE,FALSE,MULTI_BLOCKER_SOURCE_LANE,밸류에이션 또는 관련 이익·ROE 입력 보강 필요
011280,태림포장,KOSPI,false,UNAVAILABLE,17,PSR 또는 대체 가치지표:MISSING_PSR_INPUT,SOURCE_DATA_GAP,FINANCIAL_AND_RAW_SOURCE,FALSE,MULTI_BLOCKER_SOURCE_LANE,시가총액 또는 연간 매출 입력 보강 필요
011280,태림포장,KOSPI,false,UNAVAILABLE,17,ROE:MISSING_ROE,SOURCE_DATA_GAP,FINANCIAL_VALUATION_CACHE,FALSE,MULTI_BLOCKER_SOURCE_LANE,재무·수익성 cache 입력 보강 필요
011280,태림포장,KOSPI,false,UNAVAILABLE,17,매출 성장과 안정성:MISSING_REVENUE_GROWTH_INPUT,SOURCE_DATA_GAP,INVESTMENT_SCORE_SOURCE_CACHE,FALSE,MULTI_BLOCKER_SOURCE_LANE,연간/분기 재무 raw source 보강 필요
011280,태림포장,KOSPI,false,UNAVAILABLE,17,부채비율:MISSING_DEBT_RATIO,SOURCE_DATA_GAP,FINANCIAL_VALUATION_CACHE,FALSE,MULTI_BLOCKER_SOURCE_LANE,재무·수익성 cache 입력 보강 필요
011280,태림포장,KOSPI,false,UNAVAILABLE,17,순이익 흐름:MISSING_EARNINGS_TREND,SOURCE_DATA_GAP,FINANCIAL_VALUATION_CACHE,FALSE,MULTI_BLOCKER_SOURCE_LANE,재무·수익성 cache 입력 보강 필요
011280,태림포장,KOSPI,false,UNAVAILABLE,17,순현금·기업가치 상태:NETCASH_INPUT:NO_EXACT_CANDIDATE,SOURCE_DATA_GAP,NETCASH_INPUT,FALSE,MULTI_BLOCKER_SOURCE_LANE,시가총액·현금·승인 core debt 원천 보강 필요
011280,태림포장,KOSPI,false,UNAVAILABLE,17,영업이익 성장과 흑자 여부:MISSING_OP_PROFIT,SOURCE_DATA_GAP,FINANCIAL_VALUATION_CACHE,FALSE,MULTI_BLOCKER_SOURCE_LANE,재무·수익성 cache 입력 보강 필요
011280,태림포장,KOSPI,false,UNAVAILABLE,17,영업이익률:MISSING_MARGIN,SOURCE_DATA_GAP,FINANCIAL_VALUATION_CACHE,FALSE,MULTI_BLOCKER_SOURCE_LANE,재무·수익성 cache 입력 보강 필요
011280,태림포장,KOSPI,false,UNAVAILABLE,17,영업현금흐름:MISSING_OCF_MARGIN_INPUT,SOURCE_DATA_GAP,OCF_AND_REVENUE_SOURCE,FALSE,MULTI_BLOCKER_SOURCE_LANE,영업현금흐름 또는 연간 매출 입력 보강 필요
011280,태림포장,KOSPI,false,UNAVAILABLE,17,최근 3년 매출 성장률:MISSING_3Y_REVENUE,SOURCE_DATA_GAP,INVESTMENT_SCORE_SOURCE_CACHE,FALSE,MULTI_BLOCKER_SOURCE_LANE,연간/분기 재무 raw source 보강 필요
011280,태림포장,KOSPI,false,UNAVAILABLE,17,최근 3년 영업이익 성장률:MISSING_3Y_OP,SOURCE_DATA_GAP,INVESTMENT_SCORE_SOURCE_CACHE,FALSE,MULTI_BLOCKER_SOURCE_LANE,연간/분기 재무 raw source 보강 필요
011280,태림포장,KOSPI,false,UNAVAILABLE,17,최근 분기 실적 가속·둔화:MISSING_ACCEL_INPUT,SOURCE_DATA_GAP,INVESTMENT_SCORE_SOURCE_CACHE,FALSE,MULTI_BLOCKER_SOURCE_LANE,연간/분기 재무 raw source 보강 필요
011280,태림포장,KOSPI,false,UNAVAILABLE,17,하루평균 절대등락률:MISSING_ELASTICITY,SOURCE_DATA_GAP,PRICE_ELASTICITY_20D,FALSE,MULTI_BLOCKER_SOURCE_LANE,20거래일 가격탄력 source 보강 필요
011280,태림포장,KOSPI,false,UNAVAILABLE,17,흑자 지속성과 이익 안정성:MISSING_EARNINGS_TREND,SOURCE_DATA_GAP,FINANCIAL_VALUATION_CACHE,FALSE,MULTI_BLOCKER_SOURCE_LANE,재무·수익성 cache 입력 보강 필요
014280,금강공업,KOSPI,false,UNAVAILABLE,17,EV/EBITDA:EV_EBITDA_INPUT:NO_EXACT_CANDIDATE:NO_EXACT_CANDIDATE,SOURCE_DATA_GAP,EXACT_DA_SOURCE,FALSE,MULTI_BLOCKER_SOURCE_LANE,"승인 exact D&A 원천 부족; debt_status=NO_EXACT_CANDIDATE, da_status=NO_EXACT_CANDIDATE"
014280,금강공업,KOSPI,false,UNAVAILABLE,17,PBR:MISSING_PBR_OR_ROE,SOURCE_DATA_GAP,FINANCIAL_VALUATION_CACHE,FALSE,MULTI_BLOCKER_SOURCE_LANE,밸류에이션 또는 관련 이익·ROE 입력 보강 필요
014280,금강공업,KOSPI,false,UNAVAILABLE,17,PER:MISSING_PER,SOURCE_DATA_GAP,FINANCIAL_VALUATION_CACHE,FALSE,MULTI_BLOCKER_SOURCE_LANE,밸류에이션 또는 관련 이익·ROE 입력 보강 필요
014280,금강공업,KOSPI,false,UNAVAILABLE,17,PSR 또는 대체 가치지표:MISSING_PSR_INPUT,SOURCE_DATA_GAP,FINANCIAL_AND_RAW_SOURCE,FALSE,MULTI_BLOCKER_SOURCE_LANE,시가총액 또는 연간 매출 입력 보강 필요
014280,금강공업,KOSPI,false,UNAVAILABLE,17,ROE:MISSING_ROE,SOURCE_DATA_GAP,FINANCIAL_VALUATION_CACHE,FALSE,MULTI_BLOCKER_SOURCE_LANE,재무·수익성 cache 입력 보강 필요
014280,금강공업,KOSPI,false,UNAVAILABLE,17,매출 성장과 안정성:MISSING_REVENUE_GROWTH_INPUT,SOURCE_DATA_GAP,INVESTMENT_SCORE_SOURCE_CACHE,FALSE,MULTI_BLOCKER_SOURCE_LANE,연간/분기 재무 raw source 보강 필요
014280,금강공업,KOSPI,false,UNAVAILABLE,17,부채비율:MISSING_DEBT_RATIO,SOURCE_DATA_GAP,FINANCIAL_VALUATION_CACHE,FALSE,MULTI_BLOCKER_SOURCE_LANE,재무·수익성 cache 입력 보강 필요
014280,금강공업,KOSPI,false,UNAVAILABLE,17,순이익 흐름:MISSING_EARNINGS_TREND,SOURCE_DATA_GAP,FINANCIAL_VALUATION_CACHE,FALSE,MULTI_BLOCKER_SOURCE_LANE,재무·수익성 cache 입력 보강 필요
014280,금강공업,KOSPI,false,UNAVAILABLE,17,순현금·기업가치 상태:NETCASH_INPUT:NO_EXACT_CANDIDATE,SOURCE_DATA_GAP,NETCASH_INPUT,FALSE,MULTI_BLOCKER_SOURCE_LANE,시가총액·현금·승인 core debt 원천 보강 필요
014280,금강공업,KOSPI,false,UNAVAILABLE,17,영업이익 성장과 흑자 여부:MISSING_OP_PROFIT,SOURCE_DATA_GAP,FINANCIAL_VALUATION_CACHE,FALSE,MULTI_BLOCKER_SOURCE_LANE,재무·수익성 cache 입력 보강 필요
014280,금강공업,KOSPI,false,UNAVAILABLE,17,영업이익률:MISSING_MARGIN,SOURCE_DATA_GAP,FINANCIAL_VALUATION_CACHE,FALSE,MULTI_BLOCKER_SOURCE_LANE,재무·수익성 cache 입력 보강 필요
014280,금강공업,KOSPI,false,UNAVAILABLE,17,영업현금흐름:MISSING_OCF_MARGIN_INPUT,SOURCE_DATA_GAP,OCF_AND_REVENUE_SOURCE,FALSE,MULTI_BLOCKER_SOURCE_LANE,영업현금흐름 또는 연간 매출 입력 보강 필요
014280,금강공업,KOSPI,false,UNAVAILABLE,17,최근 3년 매출 성장률:MISSING_3Y_REVENUE,SOURCE_DATA_GAP,INVESTMENT_SCORE_SOURCE_CACHE,FALSE,MULTI_BLOCKER_SOURCE_LANE,연간/분기 재무 raw source 보강 필요
014280,금강공업,KOSPI,false,UNAVAILABLE,17,최근 3년 영업이익 성장률:MISSING_3Y_OP,SOURCE_DATA_GAP,INVESTMENT_SCORE_SOURCE_CACHE,FALSE,MULTI_BLOCKER_SOURCE_LANE,연간/분기 재무 raw source 보강 필요
014280,금강공업,KOSPI,false,UNAVAILABLE,17,최근 분기 실적 가속·둔화:MISSING_ACCEL_INPUT,SOURCE_DATA_GAP,INVESTMENT_SCORE_SOURCE_CACHE,FALSE,MULTI_BLOCKER_SOURCE_LANE,연간/분기 재무 raw source 보강 필요
014280,금강공업,KOSPI,false,UNAVAILABLE,17,하루평균 절대등락률:MISSING_ELASTICITY,SOURCE_DATA_GAP,PRICE_ELASTICITY_20D,FALSE,MULTI_BLOCKER_SOURCE_LANE,20거래일 가격탄력 source 보강 필요
014280,금강공업,KOSPI,false,UNAVAILABLE,17,흑자 지속성과 이익 안정성:MISSING_EARNINGS_TREND,SOURCE_DATA_GAP,FINANCIAL_VALUATION_CACHE,FALSE,MULTI_BLOCKER_SOURCE_LANE,재무·수익성 cache 입력 보강 필요
014830,유니드,KOSPI,false,UNAVAILABLE,17,EV/EBITDA:EV_EBITDA_INPUT:NO_EXACT_CANDIDATE:NO_EXACT_CANDIDATE,SOURCE_DATA_GAP,EXACT_DA_SOURCE,FALSE,MULTI_BLOCKER_SOURCE_LANE,"승인 exact D&A 원천 부족; debt_status=NO_EXACT_CANDIDATE, da_status=NO_EXACT_CANDIDATE"
014830,유니드,KOSPI,false,UNAVAILABLE,17,PBR:MISSING_PBR_OR_ROE,SOURCE_DATA_GAP,FINANCIAL_VALUATION_CACHE,FALSE,MULTI_BLOCKER_SOURCE_LANE,밸류에이션 또는 관련 이익·ROE 입력 보강 필요
014830,유니드,KOSPI,false,UNAVAILABLE,17,PER:MISSING_PER,SOURCE_DATA_GAP,FINANCIAL_VALUATION_CACHE,FALSE,MULTI_BLOCKER_SOURCE_LANE,밸류에이션 또는 관련 이익·ROE 입력 보강 필요
014830,유니드,KOSPI,false,UNAVAILABLE,17,PSR 또는 대체 가치지표:MISSING_PSR_INPUT,SOURCE_DATA_GAP,FINANCIAL_AND_RAW_SOURCE,FALSE,MULTI_BLOCKER_SOURCE_LANE,시가총액 또는 연간 매출 입력 보강 필요
014830,유니드,KOSPI,false,UNAVAILABLE,17,ROE:MISSING_ROE,SOURCE_DATA_GAP,FINANCIAL_VALUATION_CACHE,FALSE,MULTI_BLOCKER_SOURCE_LANE,재무·수익성 cache 입력 보강 필요
014830,유니드,KOSPI,false,UNAVAILABLE,17,매출 성장과 안정성:MISSING_REVENUE_GROWTH_INPUT,SOURCE_DATA_GAP,INVESTMENT_SCORE_SOURCE_CACHE,FALSE,MULTI_BLOCKER_SOURCE_LANE,연간/분기 재무 raw source 보강 필요
014830,유니드,KOSPI,false,UNAVAILABLE,17,부채비율:MISSING_DEBT_RATIO,SOURCE_DATA_GAP,FINANCIAL_VALUATION_CACHE,FALSE,MULTI_BLOCKER_SOURCE_LANE,재무·수익성 cache 입력 보강 필요
014830,유니드,KOSPI,false,UNAVAILABLE,17,순이익 흐름:MISSING_EARNINGS_TREND,SOURCE_DATA_GAP,FINANCIAL_VALUATION_CACHE,FALSE,MULTI_BLOCKER_SOURCE_LANE,재무·수익성 cache 입력 보강 필요
014830,유니드,KOSPI,false,UNAVAILABLE,17,순현금·기업가치 상태:NETCASH_INPUT:NO_EXACT_CANDIDATE,SOURCE_DATA_GAP,NETCASH_INPUT,FALSE,MULTI_BLOCKER_SOURCE_LANE,시가총액·현금·승인 core debt 원천 보강 필요
014830,유니드,KOSPI,false,UNAVAILABLE,17,영업이익 성장과 흑자 여부:MISSING_OP_PROFIT,SOURCE_DATA_GAP,FINANCIAL_VALUATION_CACHE,FALSE,MULTI_BLOCKER_SOURCE_LANE,재무·수익성 cache 입력 보강 필요
014830,유니드,KOSPI,false,UNAVAILABLE,17,영업이익률:MISSING_MARGIN,SOURCE_DATA_GAP,FINANCIAL_VALUATION_CACHE,FALSE,MULTI_BLOCKER_SOURCE_LANE,재무·수익성 cache 입력 보강 필요
014830,유니드,KOSPI,false,UNAVAILABLE,17,영업현금흐름:MISSING_OCF_MARGIN_INPUT,SOURCE_DATA_GAP,OCF_AND_REVENUE_SOURCE,FALSE,MULTI_BLOCKER_SOURCE_LANE,영업현금흐름 또는 연간 매출 입력 보강 필요
014830,유니드,KOSPI,false,UNAVAILABLE,17,최근 3년 매출 성장률:MISSING_3Y_REVENUE,SOURCE_DATA_GAP,INVESTMENT_SCORE_SOURCE_CACHE,FALSE,MULTI_BLOCKER_SOURCE_LANE,연간/분기 재무 raw source 보강 필요
014830,유니드,KOSPI,false,UNAVAILABLE,17,최근 3년 영업이익 성장률:MISSING_3Y_OP,SOURCE_DATA_GAP,INVESTMENT_SCORE_SOURCE_CACHE,FALSE,MULTI_BLOCKER_SOURCE_LANE,연간/분기 재무 raw source 보강 필요
014830,유니드,KOSPI,false,UNAVAILABLE,17,최근 분기 실적 가속·둔화:MISSING_ACCEL_INPUT,SOURCE_DATA_GAP,INVESTMENT_SCORE_SOURCE_CACHE,FALSE,MULTI_BLOCKER_SOURCE_LANE,연간/분기 재무 raw source 보강 필요
014830,유니드,KOSPI,false,UNAVAILABLE,17,하루평균 절대등락률:MISSING_ELASTICITY,SOURCE_DATA_GAP,PRICE_ELASTICITY_20D,FALSE,MULTI_BLOCKER_SOURCE_LANE,20거래일 가격탄력 source 보강 필요
014830,유니드,KOSPI,false,UNAVAILABLE,17,흑자 지속성과 이익 안정성:MISSING_EARNINGS_TREND,SOURCE_DATA_GAP,FINANCIAL_VALUATION_CACHE,FALSE,MULTI_BLOCKER_SOURCE_LANE,재무·수익성 cache 입력 보강 필요
016740,두올,KOSPI,false,UNAVAILABLE,17,EV/EBITDA:EV_EBITDA_INPUT:NO_EXACT_CANDIDATE:NO_EXACT_CANDIDATE,SOURCE_DATA_GAP,EXACT_DA_SOURCE,FALSE,MULTI_BLOCKER_SOURCE_LANE,"승인 exact D&A 원천 부족; debt_status=NO_EXACT_CANDIDATE, da_status=NO_EXACT_CANDIDATE"
016740,두올,KOSPI,false,UNAVAILABLE,17,PBR:MISSING_PBR_OR_ROE,SOURCE_DATA_GAP,FINANCIAL_VALUATION_CACHE,FALSE,MULTI_BLOCKER_SOURCE_LANE,밸류에이션 또는 관련 이익·ROE 입력 보강 필요
016740,두올,KOSPI,false,UNAVAILABLE,17,PER:MISSING_PER,SOURCE_DATA_GAP,FINANCIAL_VALUATION_CACHE,FALSE,MULTI_BLOCKER_SOURCE_LANE,밸류에이션 또는 관련 이익·ROE 입력 보강 필요
016740,두올,KOSPI,false,UNAVAILABLE,17,PSR 또는 대체 가치지표:MISSING_PSR_INPUT,SOURCE_DATA_GAP,FINANCIAL_AND_RAW_SOURCE,FALSE,MULTI_BLOCKER_SOURCE_LANE,시가총액 또는 연간 매출 입력 보강 필요
016740,두올,KOSPI,false,UNAVAILABLE,17,ROE:MISSING_ROE,SOURCE_DATA_GAP,FINANCIAL_VALUATION_CACHE,FALSE,MULTI_BLOCKER_SOURCE_LANE,재무·수익성 cache 입력 보강 필요
016740,두올,KOSPI,false,UNAVAILABLE,17,매출 성장과 안정성:MISSING_REVENUE_GROWTH_INPUT,SOURCE_DATA_GAP,INVESTMENT_SCORE_SOURCE_CACHE,FALSE,MULTI_BLOCKER_SOURCE_LANE,연간/분기 재무 raw source 보강 필요
016740,두올,KOSPI,false,UNAVAILABLE,17,부채비율:MISSING_DEBT_RATIO,SOURCE_DATA_GAP,FINANCIAL_VALUATION_CACHE,FALSE,MULTI_BLOCKER_SOURCE_LANE,재무·수익성 cache 입력 보강 필요
016740,두올,KOSPI,false,UNAVAILABLE,17,순이익 흐름:MISSING_EARNINGS_TREND,SOURCE_DATA_GAP,FINANCIAL_VALUATION_CACHE,FALSE,MULTI_BLOCKER_SOURCE_LANE,재무·수익성 cache 입력 보강 필요
016740,두올,KOSPI,false,UNAVAILABLE,17,순현금·기업가치 상태:NETCASH_INPUT:NO_EXACT_CANDIDATE,SOURCE_DATA_GAP,NETCASH_INPUT,FALSE,MULTI_BLOCKER_SOURCE_LANE,시가총액·현금·승인 core debt 원천 보강 필요
016740,두올,KOSPI,false,UNAVAILABLE,17,영업이익 성장과 흑자 여부:MISSING_OP_PROFIT,SOURCE_DATA_GAP,FINANCIAL_VALUATION_CACHE,FALSE,MULTI_BLOCKER_SOURCE_LANE,재무·수익성 cache 입력 보강 필요
016740,두올,KOSPI,false,UNAVAILABLE,17,영업이익률:MISSING_MARGIN,SOURCE_DATA_GAP,FINANCIAL_VALUATION_CACHE,FALSE,MULTI_BLOCKER_SOURCE_LANE,재무·수익성 cache 입력 보강 필요
016740,두올,KOSPI,false,UNAVAILABLE,17,영업현금흐름:MISSING_OCF_MARGIN_INPUT,SOURCE_DATA_GAP,OCF_AND_REVENUE_SOURCE,FALSE,MULTI_BLOCKER_SOURCE_LANE,영업현금흐름 또는 연간 매출 입력 보강 필요
016740,두올,KOSPI,false,UNAVAILABLE,17,최근 3년 매출 성장률:MISSING_3Y_REVENUE,SOURCE_DATA_GAP,INVESTMENT_SCORE_SOURCE_CACHE,FALSE,MULTI_BLOCKER_SOURCE_LANE,연간/분기 재무 raw source 보강 필요
016740,두올,KOSPI,false,UNAVAILABLE,17,최근 3년 영업이익 성장률:MISSING_3Y_OP,SOURCE_DATA_GAP,INVESTMENT_SCORE_SOURCE_CACHE,FALSE,MULTI_BLOCKER_SOURCE_LANE,연간/분기 재무 raw source 보강 필요
016740,두올,KOSPI,false,UNAVAILABLE,17,최근 분기 실적 가속·둔화:MISSING_ACCEL_INPUT,SOURCE_DATA_GAP,INVESTMENT_SCORE_SOURCE_CACHE,FALSE,MULTI_BLOCKER_SOURCE_LANE,연간/분기 재무 raw source 보강 필요
016740,두올,KOSPI,false,UNAVAILABLE,17,하루평균 절대등락률:MISSING_ELASTICITY,SOURCE_DATA_GAP,PRICE_ELASTICITY_20D,FALSE,MULTI_BLOCKER_SOURCE_LANE,20거래일 가격탄력 source 보강 필요
016740,두올,KOSPI,false,UNAVAILABLE,17,흑자 지속성과 이익 안정성:MISSING_EARNINGS_TREND,SOURCE_DATA_GAP,FINANCIAL_VALUATION_CACHE,FALSE,MULTI_BLOCKER_SOURCE_LANE,재무·수익성 cache 입력 보강 필요
017370,우신시스템,KOSPI,false,UNAVAILABLE,17,EV/EBITDA:EV_EBITDA_INPUT:NO_EXACT_CANDIDATE:NO_EXACT_CANDIDATE,SOURCE_DATA_GAP,EXACT_DA_SOURCE,FALSE,MULTI_BLOCKER_SOURCE_LANE,"승인 exact D&A 원천 부족; debt_status=NO_EXACT_CANDIDATE, da_status=NO_EXACT_CANDIDATE"
017370,우신시스템,KOSPI,false,UNAVAILABLE,17,PBR:MISSING_PBR_OR_ROE,SOURCE_DATA_GAP,FINANCIAL_VALUATION_CACHE,FALSE,MULTI_BLOCKER_SOURCE_LANE,밸류에이션 또는 관련 이익·ROE 입력 보강 필요
017370,우신시스템,KOSPI,false,UNAVAILABLE,17,PER:MISSING_PER,SOURCE_DATA_GAP,FINANCIAL_VALUATION_CACHE,FALSE,MULTI_BLOCKER_SOURCE_LANE,밸류에이션 또는 관련 이익·ROE 입력 보강 필요
017370,우신시스템,KOSPI,false,UNAVAILABLE,17,PSR 또는 대체 가치지표:MISSING_PSR_INPUT,SOURCE_DATA_GAP,FINANCIAL_AND_RAW_SOURCE,FALSE,MULTI_BLOCKER_SOURCE_LANE,시가총액 또는 연간 매출 입력 보강 필요
017370,우신시스템,KOSPI,false,UNAVAILABLE,17,ROE:MISSING_ROE,SOURCE_DATA_GAP,FINANCIAL_VALUATION_CACHE,FALSE,MULTI_BLOCKER_SOURCE_LANE,재무·수익성 cache 입력 보강 필요
017370,우신시스템,KOSPI,false,UNAVAILABLE,17,매출 성장과 안정성:MISSING_REVENUE_GROWTH_INPUT,SOURCE_DATA_GAP,INVESTMENT_SCORE_SOURCE_CACHE,FALSE,MULTI_BLOCKER_SOURCE_LANE,연간/분기 재무 raw source 보강 필요
017370,우신시스템,KOSPI,false,UNAVAILABLE,17,부채비율:MISSING_DEBT_RATIO,SOURCE_DATA_GAP,FINANCIAL_VALUATION_CACHE,FALSE,MULTI_BLOCKER_SOURCE_LANE,재무·수익성 cache 입력 보강 필요
017370,우신시스템,KOSPI,false,UNAVAILABLE,17,순이익 흐름:MISSING_EARNINGS_TREND,SOURCE_DATA_GAP,FINANCIAL_VALUATION_CACHE,FALSE,MULTI_BLOCKER_SOURCE_LANE,재무·수익성 cache 입력 보강 필요
017370,우신시스템,KOSPI,false,UNAVAILABLE,17,순현금·기업가치 상태:NETCASH_INPUT:NO_EXACT_CANDIDATE,SOURCE_DATA_GAP,NETCASH_INPUT,FALSE,MULTI_BLOCKER_SOURCE_LANE,시가총액·현금·승인 core debt 원천 보강 필요
017370,우신시스템,KOSPI,false,UNAVAILABLE,17,영업이익 성장과 흑자 여부:MISSING_OP_PROFIT,SOURCE_DATA_GAP,FINANCIAL_VALUATION_CACHE,FALSE,MULTI_BLOCKER_SOURCE_LANE,재무·수익성 cache 입력 보강 필요
017370,우신시스템,KOSPI,false,UNAVAILABLE,17,영업이익률:MISSING_MARGIN,SOURCE_DATA_GAP,FINANCIAL_VALUATION_CACHE,FALSE,MULTI_BLOCKER_SOURCE_LANE,재무·수익성 cache 입력 보강 필요
017370,우신시스템,KOSPI,false,UNAVAILABLE,17,영업현금흐름:MISSING_OCF_MARGIN_INPUT,SOURCE_DATA_GAP,OCF_AND_REVENUE_SOURCE,FALSE,MULTI_BLOCKER_SOURCE_LANE,영업현금흐름 또는 연간 매출 입력 보강 필요
017370,우신시스템,KOSPI,false,UNAVAILABLE,17,최근 3년 매출 성장률:MISSING_3Y_REVENUE,SOURCE_DATA_GAP,INVESTMENT_SCORE_SOURCE_CACHE,FALSE,MULTI_BLOCKER_SOURCE_LANE,연간/분기 재무 raw source 보강 필요
017370,우신시스템,KOSPI,false,UNAVAILABLE,17,최근 3년 영업이익 성장률:MISSING_3Y_OP,SOURCE_DATA_GAP,INVESTMENT_SCORE_SOURCE_CACHE,FALSE,MULTI_BLOCKER_SOURCE_LANE,연간/분기 재무 raw source 보강 필요
017370,우신시스템,KOSPI,false,UNAVAILABLE,17,최근 분기 실적 가속·둔화:MISSING_ACCEL_INPUT,SOURCE_DATA_GAP,INVESTMENT_SCORE_SOURCE_CACHE,FALSE,MULTI_BLOCKER_SOURCE_LANE,연간/분기 재무 raw source 보강 필요
017370,우신시스템,KOSPI,false,UNAVAILABLE,17,하루평균 절대등락률:MISSING_ELASTICITY,SOURCE_DATA_GAP,PRICE_ELASTICITY_20D,FALSE,MULTI_BLOCKER_SOURCE_LANE,20거래일 가격탄력 source 보강 필요
017370,우신시스템,KOSPI,false,UNAVAILABLE,17,흑자 지속성과 이익 안정성:MISSING_EARNINGS_TREND,SOURCE_DATA_GAP,FINANCIAL_VALUATION_CACHE,FALSE,MULTI_BLOCKER_SOURCE_LANE,재무·수익성 cache 입력 보강 필요
017810,풀무원,KOSPI,false,UNAVAILABLE,17,EV/EBITDA:EV_EBITDA_INPUT:NO_EXACT_CANDIDATE:NO_EXACT_CANDIDATE,SOURCE_DATA_GAP,EXACT_DA_SOURCE,FALSE,MULTI_BLOCKER_SOURCE_LANE,"승인 exact D&A 원천 부족; debt_status=NO_EXACT_CANDIDATE, da_status=NO_EXACT_CANDIDATE"
017810,풀무원,KOSPI,false,UNAVAILABLE,17,PBR:MISSING_PBR_OR_ROE,SOURCE_DATA_GAP,FINANCIAL_VALUATION_CACHE,FALSE,MULTI_BLOCKER_SOURCE_LANE,밸류에이션 또는 관련 이익·ROE 입력 보강 필요
017810,풀무원,KOSPI,false,UNAVAILABLE,17,PER:MISSING_PER,SOURCE_DATA_GAP,FINANCIAL_VALUATION_CACHE,FALSE,MULTI_BLOCKER_SOURCE_LANE,밸류에이션 또는 관련 이익·ROE 입력 보강 필요
017810,풀무원,KOSPI,false,UNAVAILABLE,17,PSR 또는 대체 가치지표:MISSING_PSR_INPUT,SOURCE_DATA_GAP,FINANCIAL_AND_RAW_SOURCE,FALSE,MULTI_BLOCKER_SOURCE_LANE,시가총액 또는 연간 매출 입력 보강 필요
017810,풀무원,KOSPI,false,UNAVAILABLE,17,ROE:MISSING_ROE,SOURCE_DATA_GAP,FINANCIAL_VALUATION_CACHE,FALSE,MULTI_BLOCKER_SOURCE_LANE,재무·수익성 cache 입력 보강 필요
017810,풀무원,KOSPI,false,UNAVAILABLE,17,매출 성장과 안정성:MISSING_REVENUE_GROWTH_INPUT,SOURCE_DATA_GAP,INVESTMENT_SCORE_SOURCE_CACHE,FALSE,MULTI_BLOCKER_SOURCE_LANE,연간/분기 재무 raw source 보강 필요
017810,풀무원,KOSPI,false,UNAVAILABLE,17,부채비율:MISSING_DEBT_RATIO,SOURCE_DATA_GAP,FINANCIAL_VALUATION_CACHE,FALSE,MULTI_BLOCKER_SOURCE_LANE,재무·수익성 cache 입력 보강 필요
017810,풀무원,KOSPI,false,UNAVAILABLE,17,순이익 흐름:MISSING_EARNINGS_TREND,SOURCE_DATA_GAP,FINANCIAL_VALUATION_CACHE,FALSE,MULTI_BLOCKER_SOURCE_LANE,재무·수익성 cache 입력 보강 필요
017810,풀무원,KOSPI,false,UNAVAILABLE,17,순현금·기업가치 상태:NETCASH_INPUT:NO_EXACT_CANDIDATE,SOURCE_DATA_GAP,NETCASH_INPUT,FALSE,MULTI_BLOCKER_SOURCE_LANE,시가총액·현금·승인 core debt 원천 보강 필요
017810,풀무원,KOSPI,false,UNAVAILABLE,17,영업이익 성장과 흑자 여부:MISSING_OP_PROFIT,SOURCE_DATA_GAP,FINANCIAL_VALUATION_CACHE,FALSE,MULTI_BLOCKER_SOURCE_LANE,재무·수익성 cache 입력 보강 필요
017810,풀무원,KOSPI,false,UNAVAILABLE,17,영업이익률:MISSING_MARGIN,SOURCE_DATA_GAP,FINANCIAL_VALUATION_CACHE,FALSE,MULTI_BLOCKER_SOURCE_LANE,재무·수익성 cache 입력 보강 필요
017810,풀무원,KOSPI,false,UNAVAILABLE,17,영업현금흐름:MISSING_OCF_MARGIN_INPUT,SOURCE_DATA_GAP,OCF_AND_REVENUE_SOURCE,FALSE,MULTI_BLOCKER_SOURCE_LANE,영업현금흐름 또는 연간 매출 입력 보강 필요
017810,풀무원,KOSPI,false,UNAVAILABLE,17,최근 3년 매출 성장률:MISSING_3Y_REVENUE,SOURCE_DATA_GAP,INVESTMENT_SCORE_SOURCE_CACHE,FALSE,MULTI_BLOCKER_SOURCE_LANE,연간/분기 재무 raw source 보강 필요
017810,풀무원,KOSPI,false,UNAVAILABLE,17,최근 3년 영업이익 성장률:MISSING_3Y_OP,SOURCE_DATA_GAP,INVESTMENT_SCORE_SOURCE_CACHE,FALSE,MULTI_BLOCKER_SOURCE_LANE,연간/분기 재무 raw source 보강 필요
017810,풀무원,KOSPI,false,UNAVAILABLE,17,최근 분기 실적 가속·둔화:MISSING_ACCEL_INPUT,SOURCE_DATA_GAP,INVESTMENT_SCORE_SOURCE_CACHE,FALSE,MULTI_BLOCKER_SOURCE_LANE,연간/분기 재무 raw source 보강 필요
017810,풀무원,KOSPI,false,UNAVAILABLE,17,하루평균 절대등락률:MISSING_ELASTICITY,SOURCE_DATA_GAP,PRICE_ELASTICITY_20D,FALSE,MULTI_BLOCKER_SOURCE_LANE,20거래일 가격탄력 source 보강 필요
017810,풀무원,KOSPI,false,UNAVAILABLE,17,흑자 지속성과 이익 안정성:MISSING_EARNINGS_TREND,SOURCE_DATA_GAP,FINANCIAL_VALUATION_CACHE,FALSE,MULTI_BLOCKER_SOURCE_LANE,재무·수익성 cache 입력 보강 필요
018880,한온시스템,KOSPI,false,UNAVAILABLE,17,EV/EBITDA:EV_EBITDA_INPUT:NO_EXACT_CANDIDATE:NO_EXACT_CANDIDATE,SOURCE_DATA_GAP,EXACT_DA_SOURCE,FALSE,MULTI_BLOCKER_SOURCE_LANE,"승인 exact D&A 원천 부족; debt_status=NO_EXACT_CANDIDATE, da_status=NO_EXACT_CANDIDATE"
018880,한온시스템,KOSPI,false,UNAVAILABLE,17,PBR:MISSING_PBR_OR_ROE,SOURCE_DATA_GAP,FINANCIAL_VALUATION_CACHE,FALSE,MULTI_BLOCKER_SOURCE_LANE,밸류에이션 또는 관련 이익·ROE 입력 보강 필요
018880,한온시스템,KOSPI,false,UNAVAILABLE,17,PER:MISSING_PER,SOURCE_DATA_GAP,FINANCIAL_VALUATION_CACHE,FALSE,MULTI_BLOCKER_SOURCE_LANE,밸류에이션 또는 관련 이익·ROE 입력 보강 필요
018880,한온시스템,KOSPI,false,UNAVAILABLE,17,PSR 또는 대체 가치지표:MISSING_PSR_INPUT,SOURCE_DATA_GAP,FINANCIAL_AND_RAW_SOURCE,FALSE,MULTI_BLOCKER_SOURCE_LANE,시가총액 또는 연간 매출 입력 보강 필요
018880,한온시스템,KOSPI,false,UNAVAILABLE,17,ROE:MISSING_ROE,SOURCE_DATA_GAP,FINANCIAL_VALUATION_CACHE,FALSE,MULTI_BLOCKER_SOURCE_LANE,재무·수익성 cache 입력 보강 필요
018880,한온시스템,KOSPI,false,UNAVAILABLE,17,매출 성장과 안정성:MISSING_REVENUE_GROWTH_INPUT,SOURCE_DATA_GAP,INVESTMENT_SCORE_SOURCE_CACHE,FALSE,MULTI_BLOCKER_SOURCE_LANE,연간/분기 재무 raw source 보강 필요
018880,한온시스템,KOSPI,false,UNAVAILABLE,17,부채비율:MISSING_DEBT_RATIO,SOURCE_DATA_GAP,FINANCIAL_VALUATION_CACHE,FALSE,MULTI_BLOCKER_SOURCE_LANE,재무·수익성 cache 입력 보강 필요
018880,한온시스템,KOSPI,false,UNAVAILABLE,17,순이익 흐름:MISSING_EARNINGS_TREND,SOURCE_DATA_GAP,FINANCIAL_VALUATION_CACHE,FALSE,MULTI_BLOCKER_SOURCE_LANE,재무·수익성 cache 입력 보강 필요
018880,한온시스템,KOSPI,false,UNAVAILABLE,17,순현금·기업가치 상태:NETCASH_INPUT:NO_EXACT_CANDIDATE,SOURCE_DATA_GAP,NETCASH_INPUT,FALSE,MULTI_BLOCKER_SOURCE_LANE,시가총액·현금·승인 core debt 원천 보강 필요
018880,한온시스템,KOSPI,false,UNAVAILABLE,17,영업이익 성장과 흑자 여부:MISSING_OP_PROFIT,SOURCE_DATA_GAP,FINANCIAL_VALUATION_CACHE,FALSE,MULTI_BLOCKER_SOURCE_LANE,재무·수익성 cache 입력 보강 필요
018880,한온시스템,KOSPI,false,UNAVAILABLE,17,영업이익률:MISSING_MARGIN,SOURCE_DATA_GAP,FINANCIAL_VALUATION_CACHE,FALSE,MULTI_BLOCKER_SOURCE_LANE,재무·수익성 cache 입력 보강 필요
018880,한온시스템,KOSPI,false,UNAVAILABLE,17,영업현금흐름:MISSING_OCF_MARGIN_INPUT,SOURCE_DATA_GAP,OCF_AND_REVENUE_SOURCE,FALSE,MULTI_BLOCKER_SOURCE_LANE,영업현금흐름 또는 연간 매출 입력 보강 필요
018880,한온시스템,KOSPI,false,UNAVAILABLE,17,최근 3년 매출 성장률:MISSING_3Y_REVENUE,SOURCE_DATA_GAP,INVESTMENT_SCORE_SOURCE_CACHE,FALSE,MULTI_BLOCKER_SOURCE_LANE,연간/분기 재무 raw source 보강 필요
018880,한온시스템,KOSPI,false,UNAVAILABLE,17,최근 3년 영업이익 성장률:MISSING_3Y_OP,SOURCE_DATA_GAP,INVESTMENT_SCORE_SOURCE_CACHE,FALSE,MULTI_BLOCKER_SOURCE_LANE,연간/분기 재무 raw source 보강 필요
018880,한온시스템,KOSPI,false,UNAVAILABLE,17,최근 분기 실적 가속·둔화:MISSING_ACCEL_INPUT,SOURCE_DATA_GAP,INVESTMENT_SCORE_SOURCE_CACHE,FALSE,MULTI_BLOCKER_SOURCE_LANE,연간/분기 재무 raw source 보강 필요
018880,한온시스템,KOSPI,false,UNAVAILABLE,17,하루평균 절대등락률:MISSING_ELASTICITY,SOURCE_DATA_GAP,PRICE_ELASTICITY_20D,FALSE,MULTI_BLOCKER_SOURCE_LANE,20거래일 가격탄력 source 보강 필요
018880,한온시스템,KOSPI,false,UNAVAILABLE,17,흑자 지속성과 이익 안정성:MISSING_EARNINGS_TREND,SOURCE_DATA_GAP,FINANCIAL_VALUATION_CACHE,FALSE,MULTI_BLOCKER_SOURCE_LANE,재무·수익성 cache 입력 보강 필요
028260,삼성물산,KOSPI,false,UNAVAILABLE,17,EV/EBITDA:EV_EBITDA_INPUT:NO_EXACT_CANDIDATE:NO_EXACT_CANDIDATE,SOURCE_DATA_GAP,EXACT_DA_SOURCE,FALSE,MULTI_BLOCKER_SOURCE_LANE,"승인 exact D&A 원천 부족; debt_status=NO_EXACT_CANDIDATE, da_status=NO_EXACT_CANDIDATE"
028260,삼성물산,KOSPI,false,UNAVAILABLE,17,PBR:MISSING_PBR_OR_ROE,SOURCE_DATA_GAP,FINANCIAL_VALUATION_CACHE,FALSE,MULTI_BLOCKER_SOURCE_LANE,밸류에이션 또는 관련 이익·ROE 입력 보강 필요
028260,삼성물산,KOSPI,false,UNAVAILABLE,17,PER:MISSING_PER,SOURCE_DATA_GAP,FINANCIAL_VALUATION_CACHE,FALSE,MULTI_BLOCKER_SOURCE_LANE,밸류에이션 또는 관련 이익·ROE 입력 보강 필요
028260,삼성물산,KOSPI,false,UNAVAILABLE,17,PSR 또는 대체 가치지표:MISSING_PSR_INPUT,SOURCE_DATA_GAP,FINANCIAL_AND_RAW_SOURCE,FALSE,MULTI_BLOCKER_SOURCE_LANE,시가총액 또는 연간 매출 입력 보강 필요
028260,삼성물산,KOSPI,false,UNAVAILABLE,17,ROE:MISSING_ROE,SOURCE_DATA_GAP,FINANCIAL_VALUATION_CACHE,FALSE,MULTI_BLOCKER_SOURCE_LANE,재무·수익성 cache 입력 보강 필요
028260,삼성물산,KOSPI,false,UNAVAILABLE,17,매출 성장과 안정성:MISSING_REVENUE_GROWTH_INPUT,SOURCE_DATA_GAP,INVESTMENT_SCORE_SOURCE_CACHE,FALSE,MULTI_BLOCKER_SOURCE_LANE,연간/분기 재무 raw source 보강 필요
028260,삼성물산,KOSPI,false,UNAVAILABLE,17,부채비율:MISSING_DEBT_RATIO,SOURCE_DATA_GAP,FINANCIAL_VALUATION_CACHE,FALSE,MULTI_BLOCKER_SOURCE_LANE,재무·수익성 cache 입력 보강 필요
028260,삼성물산,KOSPI,false,UNAVAILABLE,17,순이익 흐름:MISSING_EARNINGS_TREND,SOURCE_DATA_GAP,FINANCIAL_VALUATION_CACHE,FALSE,MULTI_BLOCKER_SOURCE_LANE,재무·수익성 cache 입력 보강 필요
028260,삼성물산,KOSPI,false,UNAVAILABLE,17,순현금·기업가치 상태:NETCASH_INPUT:NO_EXACT_CANDIDATE,SOURCE_DATA_GAP,NETCASH_INPUT,FALSE,MULTI_BLOCKER_SOURCE_LANE,시가총액·현금·승인 core debt 원천 보강 필요
028260,삼성물산,KOSPI,false,UNAVAILABLE,17,영업이익 성장과 흑자 여부:MISSING_OP_PROFIT,SOURCE_DATA_GAP,FINANCIAL_VALUATION_CACHE,FALSE,MULTI_BLOCKER_SOURCE_LANE,재무·수익성 cache 입력 보강 필요
028260,삼성물산,KOSPI,false,UNAVAILABLE,17,영업이익률:MISSING_MARGIN,SOURCE_DATA_GAP,FINANCIAL_VALUATION_CACHE,FALSE,MULTI_BLOCKER_SOURCE_LANE,재무·수익성 cache 입력 보강 필요
028260,삼성물산,KOSPI,false,UNAVAILABLE,17,영업현금흐름:MISSING_OCF_MARGIN_INPUT,SOURCE_DATA_GAP,OCF_AND_REVENUE_SOURCE,FALSE,MULTI_BLOCKER_SOURCE_LANE,영업현금흐름 또는 연간 매출 입력 보강 필요
028260,삼성물산,KOSPI,false,UNAVAILABLE,17,최근 3년 매출 성장률:MISSING_3Y_REVENUE,SOURCE_DATA_GAP,INVESTMENT_SCORE_SOURCE_CACHE,FALSE,MULTI_BLOCKER_SOURCE_LANE,연간/분기 재무 raw source 보강 필요
028260,삼성물산,KOSPI,false,UNAVAILABLE,17,최근 3년 영업이익 성장률:MISSING_3Y_OP,SOURCE_DATA_GAP,INVESTMENT_SCORE_SOURCE_CACHE,FALSE,MULTI_BLOCKER_SOURCE_LANE,연간/분기 재무 raw source 보강 필요
028260,삼성물산,KOSPI,false,UNAVAILABLE,17,최근 분기 실적 가속·둔화:MISSING_ACCEL_INPUT,SOURCE_DATA_GAP,INVESTMENT_SCORE_SOURCE_CACHE,FALSE,MULTI_BLOCKER_SOURCE_LANE,연간/분기 재무 raw source 보강 필요
028260,삼성물산,KOSPI,false,UNAVAILABLE,17,하루평균 절대등락률:MISSING_ELASTICITY,SOURCE_DATA_GAP,PRICE_ELASTICITY_20D,FALSE,MULTI_BLOCKER_SOURCE_LANE,20거래일 가격탄력 source 보강 필요
028260,삼성물산,KOSPI,false,UNAVAILABLE,17,흑자 지속성과 이익 안정성:MISSING_EARNINGS_TREND,SOURCE_DATA_GAP,FINANCIAL_VALUATION_CACHE,FALSE,MULTI_BLOCKER_SOURCE_LANE,재무·수익성 cache 입력 보강 필요
029460,케이씨,KOSPI,false,UNAVAILABLE,17,EV/EBITDA:EV_EBITDA_INPUT:NO_EXACT_CANDIDATE:NO_EXACT_CANDIDATE,SOURCE_DATA_GAP,EXACT_DA_SOURCE,FALSE,MULTI_BLOCKER_SOURCE_LANE,"승인 exact D&A 원천 부족; debt_status=NO_EXACT_CANDIDATE, da_status=NO_EXACT_CANDIDATE"
029460,케이씨,KOSPI,false,UNAVAILABLE,17,PBR:MISSING_PBR_OR_ROE,SOURCE_DATA_GAP,FINANCIAL_VALUATION_CACHE,FALSE,MULTI_BLOCKER_SOURCE_LANE,밸류에이션 또는 관련 이익·ROE 입력 보강 필요
029460,케이씨,KOSPI,false,UNAVAILABLE,17,PER:MISSING_PER,SOURCE_DATA_GAP,FINANCIAL_VALUATION_CACHE,FALSE,MULTI_BLOCKER_SOURCE_LANE,밸류에이션 또는 관련 이익·ROE 입력 보강 필요
029460,케이씨,KOSPI,false,UNAVAILABLE,17,PSR 또는 대체 가치지표:MISSING_PSR_INPUT,SOURCE_DATA_GAP,FINANCIAL_AND_RAW_SOURCE,FALSE,MULTI_BLOCKER_SOURCE_LANE,시가총액 또는 연간 매출 입력 보강 필요
029460,케이씨,KOSPI,false,UNAVAILABLE,17,ROE:MISSING_ROE,SOURCE_DATA_GAP,FINANCIAL_VALUATION_CACHE,FALSE,MULTI_BLOCKER_SOURCE_LANE,재무·수익성 cache 입력 보강 필요
029460,케이씨,KOSPI,false,UNAVAILABLE,17,매출 성장과 안정성:MISSING_REVENUE_GROWTH_INPUT,SOURCE_DATA_GAP,INVESTMENT_SCORE_SOURCE_CACHE,FALSE,MULTI_BLOCKER_SOURCE_LANE,연간/분기 재무 raw source 보강 필요
029460,케이씨,KOSPI,false,UNAVAILABLE,17,부채비율:MISSING_DEBT_RATIO,SOURCE_DATA_GAP,FINANCIAL_VALUATION_CACHE,FALSE,MULTI_BLOCKER_SOURCE_LANE,재무·수익성 cache 입력 보강 필요
029460,케이씨,KOSPI,false,UNAVAILABLE,17,순이익 흐름:MISSING_EARNINGS_TREND,SOURCE_DATA_GAP,FINANCIAL_VALUATION_CACHE,FALSE,MULTI_BLOCKER_SOURCE_LANE,재무·수익성 cache 입력 보강 필요
029460,케이씨,KOSPI,false,UNAVAILABLE,17,순현금·기업가치 상태:NETCASH_INPUT:NO_EXACT_CANDIDATE,SOURCE_DATA_GAP,NETCASH_INPUT,FALSE,MULTI_BLOCKER_SOURCE_LANE,시가총액·현금·승인 core debt 원천 보강 필요
029460,케이씨,KOSPI,false,UNAVAILABLE,17,영업이익 성장과 흑자 여부:MISSING_OP_PROFIT,SOURCE_DATA_GAP,FINANCIAL_VALUATION_CACHE,FALSE,MULTI_BLOCKER_SOURCE_LANE,재무·수익성 cache 입력 보강 필요
029460,케이씨,KOSPI,false,UNAVAILABLE,17,영업이익률:MISSING_MARGIN,SOURCE_DATA_GAP,FINANCIAL_VALUATION_CACHE,FALSE,MULTI_BLOCKER_SOURCE_LANE,재무·수익성 cache 입력 보강 필요
029460,케이씨,KOSPI,false,UNAVAILABLE,17,영업현금흐름:MISSING_OCF_MARGIN_INPUT,SOURCE_DATA_GAP,OCF_AND_REVENUE_SOURCE,FALSE,MULTI_BLOCKER_SOURCE_LANE,영업현금흐름 또는 연간 매출 입력 보강 필요
029460,케이씨,KOSPI,false,UNAVAILABLE,17,최근 3년 매출 성장률:MISSING_3Y_REVENUE,SOURCE_DATA_GAP,INVESTMENT_SCORE_SOURCE_CACHE,FALSE,MULTI_BLOCKER_SOURCE_LANE,연간/분기 재무 raw source 보강 필요
029460,케이씨,KOSPI,false,UNAVAILABLE,17,최근 3년 영업이익 성장률:MISSING_3Y_OP,SOURCE_DATA_GAP,INVESTMENT_SCORE_SOURCE_CACHE,FALSE,MULTI_BLOCKER_SOURCE_LANE,연간/분기 재무 raw source 보강 필요
029460,케이씨,KOSPI,false,UNAVAILABLE,17,최근 분기 실적 가속·둔화:MISSING_ACCEL_INPUT,SOURCE_DATA_GAP,INVESTMENT_SCORE_SOURCE_CACHE,FALSE,MULTI_BLOCKER_SOURCE_LANE,연간/분기 재무 raw source 보강 필요
029460,케이씨,KOSPI,false,UNAVAILABLE,17,하루평균 절대등락률:MISSING_ELASTICITY,SOURCE_DATA_GAP,PRICE_ELASTICITY_20D,FALSE,MULTI_BLOCKER_SOURCE_LANE,20거래일 가격탄력 source 보강 필요
029460,케이씨,KOSPI,false,UNAVAILABLE,17,흑자 지속성과 이익 안정성:MISSING_EARNINGS_TREND,SOURCE_DATA_GAP,FINANCIAL_VALUATION_CACHE,FALSE,MULTI_BLOCKER_SOURCE_LANE,재무·수익성 cache 입력 보강 필요
032350,롯데관광개발,KOSPI,false,UNAVAILABLE,17,EV/EBITDA:EV_EBITDA_INPUT:NO_EXACT_CANDIDATE:NO_EXACT_CANDIDATE,SOURCE_DATA_GAP,EXACT_DA_SOURCE,FALSE,MULTI_BLOCKER_SOURCE_LANE,"승인 exact D&A 원천 부족; debt_status=NO_EXACT_CANDIDATE, da_status=NO_EXACT_CANDIDATE"
032350,롯데관광개발,KOSPI,false,UNAVAILABLE,17,PBR:MISSING_PBR_OR_ROE,SOURCE_DATA_GAP,FINANCIAL_VALUATION_CACHE,FALSE,MULTI_BLOCKER_SOURCE_LANE,밸류에이션 또는 관련 이익·ROE 입력 보강 필요
032350,롯데관광개발,KOSPI,false,UNAVAILABLE,17,PER:MISSING_PER,SOURCE_DATA_GAP,FINANCIAL_VALUATION_CACHE,FALSE,MULTI_BLOCKER_SOURCE_LANE,밸류에이션 또는 관련 이익·ROE 입력 보강 필요
032350,롯데관광개발,KOSPI,false,UNAVAILABLE,17,PSR 또는 대체 가치지표:MISSING_PSR_INPUT,SOURCE_DATA_GAP,FINANCIAL_AND_RAW_SOURCE,FALSE,MULTI_BLOCKER_SOURCE_LANE,시가총액 또는 연간 매출 입력 보강 필요
032350,롯데관광개발,KOSPI,false,UNAVAILABLE,17,ROE:MISSING_ROE,SOURCE_DATA_GAP,FINANCIAL_VALUATION_CACHE,FALSE,MULTI_BLOCKER_SOURCE_LANE,재무·수익성 cache 입력 보강 필요
032350,롯데관광개발,KOSPI,false,UNAVAILABLE,17,매출 성장과 안정성:MISSING_REVENUE_GROWTH_INPUT,SOURCE_DATA_GAP,INVESTMENT_SCORE_SOURCE_CACHE,FALSE,MULTI_BLOCKER_SOURCE_LANE,연간/분기 재무 raw source 보강 필요
032350,롯데관광개발,KOSPI,false,UNAVAILABLE,17,부채비율:MISSING_DEBT_RATIO,SOURCE_DATA_GAP,FINANCIAL_VALUATION_CACHE,FALSE,MULTI_BLOCKER_SOURCE_LANE,재무·수익성 cache 입력 보강 필요
032350,롯데관광개발,KOSPI,false,UNAVAILABLE,17,순이익 흐름:MISSING_EARNINGS_TREND,SOURCE_DATA_GAP,FINANCIAL_VALUATION_CACHE,FALSE,MULTI_BLOCKER_SOURCE_LANE,재무·수익성 cache 입력 보강 필요
032350,롯데관광개발,KOSPI,false,UNAVAILABLE,17,순현금·기업가치 상태:NETCASH_INPUT:NO_EXACT_CANDIDATE,SOURCE_DATA_GAP,NETCASH_INPUT,FALSE,MULTI_BLOCKER_SOURCE_LANE,시가총액·현금·승인 core debt 원천 보강 필요
032350,롯데관광개발,KOSPI,false,UNAVAILABLE,17,영업이익 성장과 흑자 여부:MISSING_OP_PROFIT,SOURCE_DATA_GAP,FINANCIAL_VALUATION_CACHE,FALSE,MULTI_BLOCKER_SOURCE_LANE,재무·수익성 cache 입력 보강 필요
032350,롯데관광개발,KOSPI,false,UNAVAILABLE,17,영업이익률:MISSING_MARGIN,SOURCE_DATA_GAP,FINANCIAL_VALUATION_CACHE,FALSE,MULTI_BLOCKER_SOURCE_LANE,재무·수익성 cache 입력 보강 필요
032350,롯데관광개발,KOSPI,false,UNAVAILABLE,17,영업현금흐름:MISSING_OCF_MARGIN_INPUT,SOURCE_DATA_GAP,OCF_AND_REVENUE_SOURCE,FALSE,MULTI_BLOCKER_SOURCE_LANE,영업현금흐름 또는 연간 매출 입력 보강 필요
032350,롯데관광개발,KOSPI,false,UNAVAILABLE,17,최근 3년 매출 성장률:MISSING_3Y_REVENUE,SOURCE_DATA_GAP,INVESTMENT_SCORE_SOURCE_CACHE,FALSE,MULTI_BLOCKER_SOURCE_LANE,연간/분기 재무 raw source 보강 필요
032350,롯데관광개발,KOSPI,false,UNAVAILABLE,17,최근 3년 영업이익 성장률:MISSING_3Y_OP,SOURCE_DATA_GAP,INVESTMENT_SCORE_SOURCE_CACHE,FALSE,MULTI_BLOCKER_SOURCE_LANE,연간/분기 재무 raw source 보강 필요
032350,롯데관광개발,KOSPI,false,UNAVAILABLE,17,최근 분기 실적 가속·둔화:MISSING_ACCEL_INPUT,SOURCE_DATA_GAP,INVESTMENT_SCORE_SOURCE_CACHE,FALSE,MULTI_BLOCKER_SOURCE_LANE,연간/분기 재무 raw source 보강 필요
032350,롯데관광개발,KOSPI,false,UNAVAILABLE,17,하루평균 절대등락률:MISSING_ELASTICITY,SOURCE_DATA_GAP,PRICE_ELASTICITY_20D,FALSE,MULTI_BLOCKER_SOURCE_LANE,20거래일 가격탄력 source 보강 필요
032350,롯데관광개발,KOSPI,false,UNAVAILABLE,17,흑자 지속성과 이익 안정성:MISSING_EARNINGS_TREND,SOURCE_DATA_GAP,FINANCIAL_VALUATION_CACHE,FALSE,MULTI_BLOCKER_SOURCE_LANE,재무·수익성 cache 입력 보강 필요
034220,LG디스플레이,KOSPI,false,UNAVAILABLE,17,EV/EBITDA:EV_EBITDA_INPUT:NO_EXACT_CANDIDATE:NO_EXACT_CANDIDATE,SOURCE_DATA_GAP,EXACT_DA_SOURCE,FALSE,MULTI_BLOCKER_SOURCE_LANE,"승인 exact D&A 원천 부족; debt_status=NO_EXACT_CANDIDATE, da_status=NO_EXACT_CANDIDATE"
034220,LG디스플레이,KOSPI,false,UNAVAILABLE,17,PBR:MISSING_PBR_OR_ROE,SOURCE_DATA_GAP,FINANCIAL_VALUATION_CACHE,FALSE,MULTI_BLOCKER_SOURCE_LANE,밸류에이션 또는 관련 이익·ROE 입력 보강 필요
034220,LG디스플레이,KOSPI,false,UNAVAILABLE,17,PER:MISSING_PER,SOURCE_DATA_GAP,FINANCIAL_VALUATION_CACHE,FALSE,MULTI_BLOCKER_SOURCE_LANE,밸류에이션 또는 관련 이익·ROE 입력 보강 필요
034220,LG디스플레이,KOSPI,false,UNAVAILABLE,17,PSR 또는 대체 가치지표:MISSING_PSR_INPUT,SOURCE_DATA_GAP,FINANCIAL_AND_RAW_SOURCE,FALSE,MULTI_BLOCKER_SOURCE_LANE,시가총액 또는 연간 매출 입력 보강 필요
034220,LG디스플레이,KOSPI,false,UNAVAILABLE,17,ROE:MISSING_ROE,SOURCE_DATA_GAP,FINANCIAL_VALUATION_CACHE,FALSE,MULTI_BLOCKER_SOURCE_LANE,재무·수익성 cache 입력 보강 필요
034220,LG디스플레이,KOSPI,false,UNAVAILABLE,17,매출 성장과 안정성:MISSING_REVENUE_GROWTH_INPUT,SOURCE_DATA_GAP,INVESTMENT_SCORE_SOURCE_CACHE,FALSE,MULTI_BLOCKER_SOURCE_LANE,연간/분기 재무 raw source 보강 필요
034220,LG디스플레이,KOSPI,false,UNAVAILABLE,17,부채비율:MISSING_DEBT_RATIO,SOURCE_DATA_GAP,FINANCIAL_VALUATION_CACHE,FALSE,MULTI_BLOCKER_SOURCE_LANE,재무·수익성 cache 입력 보강 필요
034220,LG디스플레이,KOSPI,false,UNAVAILABLE,17,순이익 흐름:MISSING_EARNINGS_TREND,SOURCE_DATA_GAP,FINANCIAL_VALUATION_CACHE,FALSE,MULTI_BLOCKER_SOURCE_LANE,재무·수익성 cache 입력 보강 필요
034220,LG디스플레이,KOSPI,false,UNAVAILABLE,17,순현금·기업가치 상태:NETCASH_INPUT:NO_EXACT_CANDIDATE,SOURCE_DATA_GAP,NETCASH_INPUT,FALSE,MULTI_BLOCKER_SOURCE_LANE,시가총액·현금·승인 core debt 원천 보강 필요
034220,LG디스플레이,KOSPI,false,UNAVAILABLE,17,영업이익 성장과 흑자 여부:MISSING_OP_PROFIT,SOURCE_DATA_GAP,FINANCIAL_VALUATION_CACHE,FALSE,MULTI_BLOCKER_SOURCE_LANE,재무·수익성 cache 입력 보강 필요
034220,LG디스플레이,KOSPI,false,UNAVAILABLE,17,영업이익률:MISSING_MARGIN,SOURCE_DATA_GAP,FINANCIAL_VALUATION_CACHE,FALSE,MULTI_BLOCKER_SOURCE_LANE,재무·수익성 cache 입력 보강 필요
034220,LG디스플레이,KOSPI,false,UNAVAILABLE,17,영업현금흐름:MISSING_OCF_MARGIN_INPUT,SOURCE_DATA_GAP,OCF_AND_REVENUE_SOURCE,FALSE,MULTI_BLOCKER_SOURCE_LANE,영업현금흐름 또는 연간 매출 입력 보강 필요
034220,LG디스플레이,KOSPI,false,UNAVAILABLE,17,최근 3년 매출 성장률:MISSING_3Y_REVENUE,SOURCE_DATA_GAP,INVESTMENT_SCORE_SOURCE_CACHE,FALSE,MULTI_BLOCKER_SOURCE_LANE,연간/분기 재무 raw source 보강 필요
034220,LG디스플레이,KOSPI,false,UNAVAILABLE,17,최근 3년 영업이익 성장률:MISSING_3Y_OP,SOURCE_DATA_GAP,INVESTMENT_SCORE_SOURCE_CACHE,FALSE,MULTI_BLOCKER_SOURCE_LANE,연간/분기 재무 raw source 보강 필요
034220,LG디스플레이,KOSPI,false,UNAVAILABLE,17,최근 분기 실적 가속·둔화:MISSING_ACCEL_INPUT,SOURCE_DATA_GAP,INVESTMENT_SCORE_SOURCE_CACHE,FALSE,MULTI_BLOCKER_SOURCE_LANE,연간/분기 재무 raw source 보강 필요
034220,LG디스플레이,KOSPI,false,UNAVAILABLE,17,하루평균 절대등락률:MISSING_ELASTICITY,SOURCE_DATA_GAP,PRICE_ELASTICITY_20D,FALSE,MULTI_BLOCKER_SOURCE_LANE,20거래일 가격탄력 source 보강 필요
034220,LG디스플레이,KOSPI,false,UNAVAILABLE,17,흑자 지속성과 이익 안정성:MISSING_EARNINGS_TREND,SOURCE_DATA_GAP,FINANCIAL_VALUATION_CACHE,FALSE,MULTI_BLOCKER_SOURCE_LANE,재무·수익성 cache 입력 보강 필요
097955,CJ제일제당 우,KOSPI,false,UNAVAILABLE,17,EV/EBITDA:EV_EBITDA_INPUT:NO_EXACT_CANDIDATE:NO_EXACT_CANDIDATE,SOURCE_DATA_GAP,EXACT_DA_SOURCE,FALSE,MULTI_BLOCKER_SOURCE_LANE,"승인 exact D&A 원천 부족; debt_status=NO_EXACT_CANDIDATE, da_status=NO_EXACT_CANDIDATE"
097955,CJ제일제당 우,KOSPI,false,UNAVAILABLE,17,PBR:MISSING_PBR_OR_ROE,SOURCE_DATA_GAP,FINANCIAL_VALUATION_CACHE,FALSE,MULTI_BLOCKER_SOURCE_LANE,밸류에이션 또는 관련 이익·ROE 입력 보강 필요
097955,CJ제일제당 우,KOSPI,false,UNAVAILABLE,17,PER:MISSING_PER,SOURCE_DATA_GAP,FINANCIAL_VALUATION_CACHE,FALSE,MULTI_BLOCKER_SOURCE_LANE,밸류에이션 또는 관련 이익·ROE 입력 보강 필요
097955,CJ제일제당 우,KOSPI,false,UNAVAILABLE,17,PSR 또는 대체 가치지표:MISSING_PSR_INPUT,SOURCE_DATA_GAP,FINANCIAL_AND_RAW_SOURCE,FALSE,MULTI_BLOCKER_SOURCE_LANE,시가총액 또는 연간 매출 입력 보강 필요
097955,CJ제일제당 우,KOSPI,false,UNAVAILABLE,17,ROE:MISSING_ROE,SOURCE_DATA_GAP,FINANCIAL_VALUATION_CACHE,FALSE,MULTI_BLOCKER_SOURCE_LANE,재무·수익성 cache 입력 보강 필요
097955,CJ제일제당 우,KOSPI,false,UNAVAILABLE,17,매출 성장과 안정성:MISSING_REVENUE_GROWTH_INPUT,SOURCE_DATA_GAP,INVESTMENT_SCORE_SOURCE_CACHE,FALSE,MULTI_BLOCKER_SOURCE_LANE,연간/분기 재무 raw source 보강 필요
097955,CJ제일제당 우,KOSPI,false,UNAVAILABLE,17,부채비율:MISSING_DEBT_RATIO,SOURCE_DATA_GAP,FINANCIAL_VALUATION_CACHE,FALSE,MULTI_BLOCKER_SOURCE_LANE,재무·수익성 cache 입력 보강 필요
097955,CJ제일제당 우,KOSPI,false,UNAVAILABLE,17,수급·공시부담:SUPPLY_LIMITED_NO_POSITIVE_EVIDENCE,SOURCE_EVIDENCE_GAP,PRODUCTION_ANALYSIS_SUPPLY,FALSE,MULTI_BLOCKER_SOURCE_LANE,공시·수급 없음 판정을 확정할 만큼 source completeness가 부족함
097955,CJ제일제당 우,KOSPI,false,UNAVAILABLE,17,순이익 흐름:MISSING_EARNINGS_TREND,SOURCE_DATA_GAP,FINANCIAL_VALUATION_CACHE,FALSE,MULTI_BLOCKER_SOURCE_LANE,재무·수익성 cache 입력 보강 필요
097955,CJ제일제당 우,KOSPI,false,UNAVAILABLE,17,순현금·기업가치 상태:NETCASH_INPUT:NO_EXACT_CANDIDATE,SOURCE_DATA_GAP,NETCASH_INPUT,FALSE,MULTI_BLOCKER_SOURCE_LANE,시가총액·현금·승인 core debt 원천 보강 필요
097955,CJ제일제당 우,KOSPI,false,UNAVAILABLE,17,영업이익 성장과 흑자 여부:MISSING_OP_PROFIT,SOURCE_DATA_GAP,FINANCIAL_VALUATION_CACHE,FALSE,MULTI_BLOCKER_SOURCE_LANE,재무·수익성 cache 입력 보강 필요
097955,CJ제일제당 우,KOSPI,false,UNAVAILABLE,17,영업이익률:MISSING_MARGIN,SOURCE_DATA_GAP,FINANCIAL_VALUATION_CACHE,FALSE,MULTI_BLOCKER_SOURCE_LANE,재무·수익성 cache 입력 보강 필요
097955,CJ제일제당 우,KOSPI,false,UNAVAILABLE,17,영업현금흐름:MISSING_OCF_MARGIN_INPUT,SOURCE_DATA_GAP,OCF_AND_REVENUE_SOURCE,FALSE,MULTI_BLOCKER_SOURCE_LANE,영업현금흐름 또는 연간 매출 입력 보강 필요
097955,CJ제일제당 우,KOSPI,false,UNAVAILABLE,17,최근 3년 매출 성장률:MISSING_3Y_REVENUE,SOURCE_DATA_GAP,INVESTMENT_SCORE_SOURCE_CACHE,FALSE,MULTI_BLOCKER_SOURCE_LANE,연간/분기 재무 raw source 보강 필요
097955,CJ제일제당 우,KOSPI,false,UNAVAILABLE,17,최근 3년 영업이익 성장률:MISSING_3Y_OP,SOURCE_DATA_GAP,INVESTMENT_SCORE_SOURCE_CACHE,FALSE,MULTI_BLOCKER_SOURCE_LANE,연간/분기 재무 raw source 보강 필요
097955,CJ제일제당 우,KOSPI,false,UNAVAILABLE,17,최근 분기 실적 가속·둔화:MISSING_ACCEL_INPUT,SOURCE_DATA_GAP,INVESTMENT_SCORE_SOURCE_CACHE,FALSE,MULTI_BLOCKER_SOURCE_LANE,연간/분기 재무 raw source 보강 필요
097955,CJ제일제당 우,KOSPI,false,UNAVAILABLE,17,흑자 지속성과 이익 안정성:MISSING_EARNINGS_TREND,SOURCE_DATA_GAP,FINANCIAL_VALUATION_CACHE,FALSE,MULTI_BLOCKER_SOURCE_LANE,재무·수익성 cache 입력 보강 필요
108320,LX세미콘,KOSPI,false,UNAVAILABLE,17,EV/EBITDA:EV_EBITDA_INPUT:NO_EXACT_CANDIDATE:NO_EXACT_CANDIDATE,SOURCE_DATA_GAP,EXACT_DA_SOURCE,FALSE,MULTI_BLOCKER_SOURCE_LANE,"승인 exact D&A 원천 부족; debt_status=NO_EXACT_CANDIDATE, da_status=NO_EXACT_CANDIDATE"
108320,LX세미콘,KOSPI,false,UNAVAILABLE,17,PBR:MISSING_PBR_OR_ROE,SOURCE_DATA_GAP,FINANCIAL_VALUATION_CACHE,FALSE,MULTI_BLOCKER_SOURCE_LANE,밸류에이션 또는 관련 이익·ROE 입력 보강 필요
108320,LX세미콘,KOSPI,false,UNAVAILABLE,17,PER:MISSING_PER,SOURCE_DATA_GAP,FINANCIAL_VALUATION_CACHE,FALSE,MULTI_BLOCKER_SOURCE_LANE,밸류에이션 또는 관련 이익·ROE 입력 보강 필요
108320,LX세미콘,KOSPI,false,UNAVAILABLE,17,PSR 또는 대체 가치지표:MISSING_PSR_INPUT,SOURCE_DATA_GAP,FINANCIAL_AND_RAW_SOURCE,FALSE,MULTI_BLOCKER_SOURCE_LANE,시가총액 또는 연간 매출 입력 보강 필요
108320,LX세미콘,KOSPI,false,UNAVAILABLE,17,ROE:MISSING_ROE,SOURCE_DATA_GAP,FINANCIAL_VALUATION_CACHE,FALSE,MULTI_BLOCKER_SOURCE_LANE,재무·수익성 cache 입력 보강 필요
108320,LX세미콘,KOSPI,false,UNAVAILABLE,17,매출 성장과 안정성:MISSING_REVENUE_GROWTH_INPUT,SOURCE_DATA_GAP,INVESTMENT_SCORE_SOURCE_CACHE,FALSE,MULTI_BLOCKER_SOURCE_LANE,연간/분기 재무 raw source 보강 필요
108320,LX세미콘,KOSPI,false,UNAVAILABLE,17,부채비율:MISSING_DEBT_RATIO,SOURCE_DATA_GAP,FINANCIAL_VALUATION_CACHE,FALSE,MULTI_BLOCKER_SOURCE_LANE,재무·수익성 cache 입력 보강 필요
108320,LX세미콘,KOSPI,false,UNAVAILABLE,17,순이익 흐름:MISSING_EARNINGS_TREND,SOURCE_DATA_GAP,FINANCIAL_VALUATION_CACHE,FALSE,MULTI_BLOCKER_SOURCE_LANE,재무·수익성 cache 입력 보강 필요
108320,LX세미콘,KOSPI,false,UNAVAILABLE,17,순현금·기업가치 상태:NETCASH_INPUT:NO_EXACT_CANDIDATE,SOURCE_DATA_GAP,NETCASH_INPUT,FALSE,MULTI_BLOCKER_SOURCE_LANE,시가총액·현금·승인 core debt 원천 보강 필요
108320,LX세미콘,KOSPI,false,UNAVAILABLE,17,영업이익 성장과 흑자 여부:MISSING_OP_PROFIT,SOURCE_DATA_GAP,FINANCIAL_VALUATION_CACHE,FALSE,MULTI_BLOCKER_SOURCE_LANE,재무·수익성 cache 입력 보강 필요
108320,LX세미콘,KOSPI,false,UNAVAILABLE,17,영업이익률:MISSING_MARGIN,SOURCE_DATA_GAP,FINANCIAL_VALUATION_CACHE,FALSE,MULTI_BLOCKER_SOURCE_LANE,재무·수익성 cache 입력 보강 필요
108320,LX세미콘,KOSPI,false,UNAVAILABLE,17,영업현금흐름:MISSING_OCF_MARGIN_INPUT,SOURCE_DATA_GAP,OCF_AND_REVENUE_SOURCE,FALSE,MULTI_BLOCKER_SOURCE_LANE,영업현금흐름 또는 연간 매출 입력 보강 필요
108320,LX세미콘,KOSPI,false,UNAVAILABLE,17,최근 3년 매출 성장률:MISSING_3Y_REVENUE,SOURCE_DATA_GAP,INVESTMENT_SCORE_SOURCE_CACHE,FALSE,MULTI_BLOCKER_SOURCE_LANE,연간/분기 재무 raw source 보강 필요
108320,LX세미콘,KOSPI,false,UNAVAILABLE,17,최근 3년 영업이익 성장률:MISSING_3Y_OP,SOURCE_DATA_GAP,INVESTMENT_SCORE_SOURCE_CACHE,FALSE,MULTI_BLOCKER_SOURCE_LANE,연간/분기 재무 raw source 보강 필요
108320,LX세미콘,KOSPI,false,UNAVAILABLE,17,최근 분기 실적 가속·둔화:MISSING_ACCEL_INPUT,SOURCE_DATA_GAP,INVESTMENT_SCORE_SOURCE_CACHE,FALSE,MULTI_BLOCKER_SOURCE_LANE,연간/분기 재무 raw source 보강 필요
108320,LX세미콘,KOSPI,false,UNAVAILABLE,17,하루평균 절대등락률:MISSING_ELASTICITY,SOURCE_DATA_GAP,PRICE_ELASTICITY_20D,FALSE,MULTI_BLOCKER_SOURCE_LANE,20거래일 가격탄력 source 보강 필요
108320,LX세미콘,KOSPI,false,UNAVAILABLE,17,흑자 지속성과 이익 안정성:MISSING_EARNINGS_TREND,SOURCE_DATA_GAP,FINANCIAL_VALUATION_CACHE,FALSE,MULTI_BLOCKER_SOURCE_LANE,재무·수익성 cache 입력 보강 필요
128820,대성산업,KOSPI,false,UNAVAILABLE,17,EV/EBITDA:EV_EBITDA_INPUT:NO_EXACT_CANDIDATE:NO_EXACT_CANDIDATE,SOURCE_DATA_GAP,EXACT_DA_SOURCE,FALSE,MULTI_BLOCKER_SOURCE_LANE,"승인 exact D&A 원천 부족; debt_status=NO_EXACT_CANDIDATE, da_status=NO_EXACT_CANDIDATE"
128820,대성산업,KOSPI,false,UNAVAILABLE,17,PBR:MISSING_PBR_OR_ROE,SOURCE_DATA_GAP,FINANCIAL_VALUATION_CACHE,FALSE,MULTI_BLOCKER_SOURCE_LANE,밸류에이션 또는 관련 이익·ROE 입력 보강 필요
128820,대성산업,KOSPI,false,UNAVAILABLE,17,PER:MISSING_PER,SOURCE_DATA_GAP,FINANCIAL_VALUATION_CACHE,FALSE,MULTI_BLOCKER_SOURCE_LANE,밸류에이션 또는 관련 이익·ROE 입력 보강 필요
128820,대성산업,KOSPI,false,UNAVAILABLE,17,PSR 또는 대체 가치지표:MISSING_PSR_INPUT,SOURCE_DATA_GAP,FINANCIAL_AND_RAW_SOURCE,FALSE,MULTI_BLOCKER_SOURCE_LANE,시가총액 또는 연간 매출 입력 보강 필요
128820,대성산업,KOSPI,false,UNAVAILABLE,17,ROE:MISSING_ROE,SOURCE_DATA_GAP,FINANCIAL_VALUATION_CACHE,FALSE,MULTI_BLOCKER_SOURCE_LANE,재무·수익성 cache 입력 보강 필요
128820,대성산업,KOSPI,false,UNAVAILABLE,17,매출 성장과 안정성:MISSING_REVENUE_GROWTH_INPUT,SOURCE_DATA_GAP,INVESTMENT_SCORE_SOURCE_CACHE,FALSE,MULTI_BLOCKER_SOURCE_LANE,연간/분기 재무 raw source 보강 필요
128820,대성산업,KOSPI,false,UNAVAILABLE,17,부채비율:MISSING_DEBT_RATIO,SOURCE_DATA_GAP,FINANCIAL_VALUATION_CACHE,FALSE,MULTI_BLOCKER_SOURCE_LANE,재무·수익성 cache 입력 보강 필요
128820,대성산업,KOSPI,false,UNAVAILABLE,17,순이익 흐름:MISSING_EARNINGS_TREND,SOURCE_DATA_GAP,FINANCIAL_VALUATION_CACHE,FALSE,MULTI_BLOCKER_SOURCE_LANE,재무·수익성 cache 입력 보강 필요
128820,대성산업,KOSPI,false,UNAVAILABLE,17,순현금·기업가치 상태:NETCASH_INPUT:NO_EXACT_CANDIDATE,SOURCE_DATA_GAP,NETCASH_INPUT,FALSE,MULTI_BLOCKER_SOURCE_LANE,시가총액·현금·승인 core debt 원천 보강 필요
128820,대성산업,KOSPI,false,UNAVAILABLE,17,영업이익 성장과 흑자 여부:MISSING_OP_PROFIT,SOURCE_DATA_GAP,FINANCIAL_VALUATION_CACHE,FALSE,MULTI_BLOCKER_SOURCE_LANE,재무·수익성 cache 입력 보강 필요
128820,대성산업,KOSPI,false,UNAVAILABLE,17,영업이익률:MISSING_MARGIN,SOURCE_DATA_GAP,FINANCIAL_VALUATION_CACHE,FALSE,MULTI_BLOCKER_SOURCE_LANE,재무·수익성 cache 입력 보강 필요
128820,대성산업,KOSPI,false,UNAVAILABLE,17,영업현금흐름:MISSING_OCF_MARGIN_INPUT,SOURCE_DATA_GAP,OCF_AND_REVENUE_SOURCE,FALSE,MULTI_BLOCKER_SOURCE_LANE,영업현금흐름 또는 연간 매출 입력 보강 필요
128820,대성산업,KOSPI,false,UNAVAILABLE,17,최근 3년 매출 성장률:MISSING_3Y_REVENUE,SOURCE_DATA_GAP,INVESTMENT_SCORE_SOURCE_CACHE,FALSE,MULTI_BLOCKER_SOURCE_LANE,연간/분기 재무 raw source 보강 필요
128820,대성산업,KOSPI,false,UNAVAILABLE,17,최근 3년 영업이익 성장률:MISSING_3Y_OP,SOURCE_DATA_GAP,INVESTMENT_SCORE_SOURCE_CACHE,FALSE,MULTI_BLOCKER_SOURCE_LANE,연간/분기 재무 raw source 보강 필요
128820,대성산업,KOSPI,false,UNAVAILABLE,17,최근 분기 실적 가속·둔화:MISSING_ACCEL_INPUT,SOURCE_DATA_GAP,INVESTMENT_SCORE_SOURCE_CACHE,FALSE,MULTI_BLOCKER_SOURCE_LANE,연간/분기 재무 raw source 보강 필요
128820,대성산업,KOSPI,false,UNAVAILABLE,17,하루평균 절대등락률:MISSING_ELASTICITY,SOURCE_DATA_GAP,PRICE_ELASTICITY_20D,FALSE,MULTI_BLOCKER_SOURCE_LANE,20거래일 가격탄력 source 보강 필요
128820,대성산업,KOSPI,false,UNAVAILABLE,17,흑자 지속성과 이익 안정성:MISSING_EARNINGS_TREND,SOURCE_DATA_GAP,FINANCIAL_VALUATION_CACHE,FALSE,MULTI_BLOCKER_SOURCE_LANE,재무·수익성 cache 입력 보강 필요
161390,한국타이어앤테크놀로지,KOSPI,false,UNAVAILABLE,17,EV/EBITDA:EV_EBITDA_INPUT:NO_EXACT_CANDIDATE:NO_EXACT_CANDIDATE,SOURCE_DATA_GAP,EXACT_DA_SOURCE,FALSE,MULTI_BLOCKER_SOURCE_LANE,"승인 exact D&A 원천 부족; debt_status=NO_EXACT_CANDIDATE, da_status=NO_EXACT_CANDIDATE"
161390,한국타이어앤테크놀로지,KOSPI,false,UNAVAILABLE,17,PBR:MISSING_PBR_OR_ROE,SOURCE_DATA_GAP,FINANCIAL_VALUATION_CACHE,FALSE,MULTI_BLOCKER_SOURCE_LANE,밸류에이션 또는 관련 이익·ROE 입력 보강 필요
161390,한국타이어앤테크놀로지,KOSPI,false,UNAVAILABLE,17,PER:MISSING_PER,SOURCE_DATA_GAP,FINANCIAL_VALUATION_CACHE,FALSE,MULTI_BLOCKER_SOURCE_LANE,밸류에이션 또는 관련 이익·ROE 입력 보강 필요
161390,한국타이어앤테크놀로지,KOSPI,false,UNAVAILABLE,17,PSR 또는 대체 가치지표:MISSING_PSR_INPUT,SOURCE_DATA_GAP,FINANCIAL_AND_RAW_SOURCE,FALSE,MULTI_BLOCKER_SOURCE_LANE,시가총액 또는 연간 매출 입력 보강 필요
161390,한국타이어앤테크놀로지,KOSPI,false,UNAVAILABLE,17,ROE:MISSING_ROE,SOURCE_DATA_GAP,FINANCIAL_VALUATION_CACHE,FALSE,MULTI_BLOCKER_SOURCE_LANE,재무·수익성 cache 입력 보강 필요
161390,한국타이어앤테크놀로지,KOSPI,false,UNAVAILABLE,17,매출 성장과 안정성:MISSING_REVENUE_GROWTH_INPUT,SOURCE_DATA_GAP,INVESTMENT_SCORE_SOURCE_CACHE,FALSE,MULTI_BLOCKER_SOURCE_LANE,연간/분기 재무 raw source 보강 필요
161390,한국타이어앤테크놀로지,KOSPI,false,UNAVAILABLE,17,부채비율:MISSING_DEBT_RATIO,SOURCE_DATA_GAP,FINANCIAL_VALUATION_CACHE,FALSE,MULTI_BLOCKER_SOURCE_LANE,재무·수익성 cache 입력 보강 필요
161390,한국타이어앤테크놀로지,KOSPI,false,UNAVAILABLE,17,순이익 흐름:MISSING_EARNINGS_TREND,SOURCE_DATA_GAP,FINANCIAL_VALUATION_CACHE,FALSE,MULTI_BLOCKER_SOURCE_LANE,재무·수익성 cache 입력 보강 필요
161390,한국타이어앤테크놀로지,KOSPI,false,UNAVAILABLE,17,순현금·기업가치 상태:NETCASH_INPUT:NO_EXACT_CANDIDATE,SOURCE_DATA_GAP,NETCASH_INPUT,FALSE,MULTI_BLOCKER_SOURCE_LANE,시가총액·현금·승인 core debt 원천 보강 필요
161390,한국타이어앤테크놀로지,KOSPI,false,UNAVAILABLE,17,영업이익 성장과 흑자 여부:MISSING_OP_PROFIT,SOURCE_DATA_GAP,FINANCIAL_VALUATION_CACHE,FALSE,MULTI_BLOCKER_SOURCE_LANE,재무·수익성 cache 입력 보강 필요
161390,한국타이어앤테크놀로지,KOSPI,false,UNAVAILABLE,17,영업이익률:MISSING_MARGIN,SOURCE_DATA_GAP,FINANCIAL_VALUATION_CACHE,FALSE,MULTI_BLOCKER_SOURCE_LANE,재무·수익성 cache 입력 보강 필요
161390,한국타이어앤테크놀로지,KOSPI,false,UNAVAILABLE,17,영업현금흐름:MISSING_OCF_MARGIN_INPUT,SOURCE_DATA_GAP,OCF_AND_REVENUE_SOURCE,FALSE,MULTI_BLOCKER_SOURCE_LANE,영업현금흐름 또는 연간 매출 입력 보강 필요
161390,한국타이어앤테크놀로지,KOSPI,false,UNAVAILABLE,17,최근 3년 매출 성장률:MISSING_3Y_REVENUE,SOURCE_DATA_GAP,INVESTMENT_SCORE_SOURCE_CACHE,FALSE,MULTI_BLOCKER_SOURCE_LANE,연간/분기 재무 raw source 보강 필요
161390,한국타이어앤테크놀로지,KOSPI,false,UNAVAILABLE,17,최근 3년 영업이익 성장률:MISSING_3Y_OP,SOURCE_DATA_GAP,INVESTMENT_SCORE_SOURCE_CACHE,FALSE,MULTI_BLOCKER_SOURCE_LANE,연간/분기 재무 raw source 보강 필요
161390,한국타이어앤테크놀로지,KOSPI,false,UNAVAILABLE,17,최근 분기 실적 가속·둔화:MISSING_ACCEL_INPUT,SOURCE_DATA_GAP,INVESTMENT_SCORE_SOURCE_CACHE,FALSE,MULTI_BLOCKER_SOURCE_LANE,연간/분기 재무 raw source 보강 필요
161390,한국타이어앤테크놀로지,KOSPI,false,UNAVAILABLE,17,하루평균 절대등락률:MISSING_ELASTICITY,SOURCE_DATA_GAP,PRICE_ELASTICITY_20D,FALSE,MULTI_BLOCKER_SOURCE_LANE,20거래일 가격탄력 source 보강 필요
161390,한국타이어앤테크놀로지,KOSPI,false,UNAVAILABLE,17,흑자 지속성과 이익 안정성:MISSING_EARNINGS_TREND,SOURCE_DATA_GAP,FINANCIAL_VALUATION_CACHE,FALSE,MULTI_BLOCKER_SOURCE_LANE,재무·수익성 cache 입력 보강 필요
185750,종근당,KOSPI,false,UNAVAILABLE,17,EV/EBITDA:EV_EBITDA_INPUT:NO_EXACT_CANDIDATE:NO_EXACT_CANDIDATE,SOURCE_DATA_GAP,EXACT_DA_SOURCE,FALSE,MULTI_BLOCKER_SOURCE_LANE,"승인 exact D&A 원천 부족; debt_status=NO_EXACT_CANDIDATE, da_status=NO_EXACT_CANDIDATE"
185750,종근당,KOSPI,false,UNAVAILABLE,17,PBR:MISSING_PBR_OR_ROE,SOURCE_DATA_GAP,FINANCIAL_VALUATION_CACHE,FALSE,MULTI_BLOCKER_SOURCE_LANE,밸류에이션 또는 관련 이익·ROE 입력 보강 필요
185750,종근당,KOSPI,false,UNAVAILABLE,17,PER:MISSING_PER,SOURCE_DATA_GAP,FINANCIAL_VALUATION_CACHE,FALSE,MULTI_BLOCKER_SOURCE_LANE,밸류에이션 또는 관련 이익·ROE 입력 보강 필요
185750,종근당,KOSPI,false,UNAVAILABLE,17,PSR 또는 대체 가치지표:MISSING_PSR_INPUT,SOURCE_DATA_GAP,FINANCIAL_AND_RAW_SOURCE,FALSE,MULTI_BLOCKER_SOURCE_LANE,시가총액 또는 연간 매출 입력 보강 필요
185750,종근당,KOSPI,false,UNAVAILABLE,17,ROE:MISSING_ROE,SOURCE_DATA_GAP,FINANCIAL_VALUATION_CACHE,FALSE,MULTI_BLOCKER_SOURCE_LANE,재무·수익성 cache 입력 보강 필요
185750,종근당,KOSPI,false,UNAVAILABLE,17,매출 성장과 안정성:MISSING_REVENUE_GROWTH_INPUT,SOURCE_DATA_GAP,INVESTMENT_SCORE_SOURCE_CACHE,FALSE,MULTI_BLOCKER_SOURCE_LANE,연간/분기 재무 raw source 보강 필요
185750,종근당,KOSPI,false,UNAVAILABLE,17,부채비율:MISSING_DEBT_RATIO,SOURCE_DATA_GAP,FINANCIAL_VALUATION_CACHE,FALSE,MULTI_BLOCKER_SOURCE_LANE,재무·수익성 cache 입력 보강 필요
185750,종근당,KOSPI,false,UNAVAILABLE,17,순이익 흐름:MISSING_EARNINGS_TREND,SOURCE_DATA_GAP,FINANCIAL_VALUATION_CACHE,FALSE,MULTI_BLOCKER_SOURCE_LANE,재무·수익성 cache 입력 보강 필요
185750,종근당,KOSPI,false,UNAVAILABLE,17,순현금·기업가치 상태:NETCASH_INPUT:NO_EXACT_CANDIDATE,SOURCE_DATA_GAP,NETCASH_INPUT,FALSE,MULTI_BLOCKER_SOURCE_LANE,시가총액·현금·승인 core debt 원천 보강 필요
185750,종근당,KOSPI,false,UNAVAILABLE,17,영업이익 성장과 흑자 여부:MISSING_OP_PROFIT,SOURCE_DATA_GAP,FINANCIAL_VALUATION_CACHE,FALSE,MULTI_BLOCKER_SOURCE_LANE,재무·수익성 cache 입력 보강 필요
185750,종근당,KOSPI,false,UNAVAILABLE,17,영업이익률:MISSING_MARGIN,SOURCE_DATA_GAP,FINANCIAL_VALUATION_CACHE,FALSE,MULTI_BLOCKER_SOURCE_LANE,재무·수익성 cache 입력 보강 필요
185750,종근당,KOSPI,false,UNAVAILABLE,17,영업현금흐름:MISSING_OCF_MARGIN_INPUT,SOURCE_DATA_GAP,OCF_AND_REVENUE_SOURCE,FALSE,MULTI_BLOCKER_SOURCE_LANE,영업현금흐름 또는 연간 매출 입력 보강 필요
185750,종근당,KOSPI,false,UNAVAILABLE,17,최근 3년 매출 성장률:MISSING_3Y_REVENUE,SOURCE_DATA_GAP,INVESTMENT_SCORE_SOURCE_CACHE,FALSE,MULTI_BLOCKER_SOURCE_LANE,연간/분기 재무 raw source 보강 필요
185750,종근당,KOSPI,false,UNAVAILABLE,17,최근 3년 영업이익 성장률:MISSING_3Y_OP,SOURCE_DATA_GAP,INVESTMENT_SCORE_SOURCE_CACHE,FALSE,MULTI_BLOCKER_SOURCE_LANE,연간/분기 재무 raw source 보강 필요
185750,종근당,KOSPI,false,UNAVAILABLE,17,최근 분기 실적 가속·둔화:MISSING_ACCEL_INPUT,SOURCE_DATA_GAP,INVESTMENT_SCORE_SOURCE_CACHE,FALSE,MULTI_BLOCKER_SOURCE_LANE,연간/분기 재무 raw source 보강 필요
185750,종근당,KOSPI,false,UNAVAILABLE,17,하루평균 절대등락률:MISSING_ELASTICITY,SOURCE_DATA_GAP,PRICE_ELASTICITY_20D,FALSE,MULTI_BLOCKER_SOURCE_LANE,20거래일 가격탄력 source 보강 필요
185750,종근당,KOSPI,false,UNAVAILABLE,17,흑자 지속성과 이익 안정성:MISSING_EARNINGS_TREND,SOURCE_DATA_GAP,FINANCIAL_VALUATION_CACHE,FALSE,MULTI_BLOCKER_SOURCE_LANE,재무·수익성 cache 입력 보강 필요
210980,SK디앤디,KOSPI,false,UNAVAILABLE,17,EV/EBITDA:EV_EBITDA_INPUT:NO_EXACT_CANDIDATE:NO_EXACT_CANDIDATE,SOURCE_DATA_GAP,EXACT_DA_SOURCE,FALSE,MULTI_BLOCKER_SOURCE_LANE,"승인 exact D&A 원천 부족; debt_status=NO_EXACT_CANDIDATE, da_status=NO_EXACT_CANDIDATE"
210980,SK디앤디,KOSPI,false,UNAVAILABLE,17,PBR:MISSING_PBR_OR_ROE,SOURCE_DATA_GAP,FINANCIAL_VALUATION_CACHE,FALSE,MULTI_BLOCKER_SOURCE_LANE,밸류에이션 또는 관련 이익·ROE 입력 보강 필요
210980,SK디앤디,KOSPI,false,UNAVAILABLE,17,PER:MISSING_PER,SOURCE_DATA_GAP,FINANCIAL_VALUATION_CACHE,FALSE,MULTI_BLOCKER_SOURCE_LANE,밸류에이션 또는 관련 이익·ROE 입력 보강 필요
210980,SK디앤디,KOSPI,false,UNAVAILABLE,17,PSR 또는 대체 가치지표:MISSING_PSR_INPUT,SOURCE_DATA_GAP,FINANCIAL_AND_RAW_SOURCE,FALSE,MULTI_BLOCKER_SOURCE_LANE,시가총액 또는 연간 매출 입력 보강 필요
210980,SK디앤디,KOSPI,false,UNAVAILABLE,17,ROE:MISSING_ROE,SOURCE_DATA_GAP,FINANCIAL_VALUATION_CACHE,FALSE,MULTI_BLOCKER_SOURCE_LANE,재무·수익성 cache 입력 보강 필요
210980,SK디앤디,KOSPI,false,UNAVAILABLE,17,매출 성장과 안정성:MISSING_REVENUE_GROWTH_INPUT,SOURCE_DATA_GAP,INVESTMENT_SCORE_SOURCE_CACHE,FALSE,MULTI_BLOCKER_SOURCE_LANE,연간/분기 재무 raw source 보강 필요
210980,SK디앤디,KOSPI,false,UNAVAILABLE,17,부채비율:MISSING_DEBT_RATIO,SOURCE_DATA_GAP,FINANCIAL_VALUATION_CACHE,FALSE,MULTI_BLOCKER_SOURCE_LANE,재무·수익성 cache 입력 보강 필요
210980,SK디앤디,KOSPI,false,UNAVAILABLE,17,순이익 흐름:MISSING_EARNINGS_TREND,SOURCE_DATA_GAP,FINANCIAL_VALUATION_CACHE,FALSE,MULTI_BLOCKER_SOURCE_LANE,재무·수익성 cache 입력 보강 필요
210980,SK디앤디,KOSPI,false,UNAVAILABLE,17,순현금·기업가치 상태:NETCASH_INPUT:NO_EXACT_CANDIDATE,SOURCE_DATA_GAP,NETCASH_INPUT,FALSE,MULTI_BLOCKER_SOURCE_LANE,시가총액·현금·승인 core debt 원천 보강 필요
210980,SK디앤디,KOSPI,false,UNAVAILABLE,17,영업이익 성장과 흑자 여부:MISSING_OP_PROFIT,SOURCE_DATA_GAP,FINANCIAL_VALUATION_CACHE,FALSE,MULTI_BLOCKER_SOURCE_LANE,재무·수익성 cache 입력 보강 필요
210980,SK디앤디,KOSPI,false,UNAVAILABLE,17,영업이익률:MISSING_MARGIN,SOURCE_DATA_GAP,FINANCIAL_VALUATION_CACHE,FALSE,MULTI_BLOCKER_SOURCE_LANE,재무·수익성 cache 입력 보강 필요
210980,SK디앤디,KOSPI,false,UNAVAILABLE,17,영업현금흐름:MISSING_OCF_MARGIN_INPUT,SOURCE_DATA_GAP,OCF_AND_REVENUE_SOURCE,FALSE,MULTI_BLOCKER_SOURCE_LANE,영업현금흐름 또는 연간 매출 입력 보강 필요
210980,SK디앤디,KOSPI,false,UNAVAILABLE,17,최근 3년 매출 성장률:MISSING_3Y_REVENUE,SOURCE_DATA_GAP,INVESTMENT_SCORE_SOURCE_CACHE,FALSE,MULTI_BLOCKER_SOURCE_LANE,연간/분기 재무 raw source 보강 필요
210980,SK디앤디,KOSPI,false,UNAVAILABLE,17,최근 3년 영업이익 성장률:MISSING_3Y_OP,SOURCE_DATA_GAP,INVESTMENT_SCORE_SOURCE_CACHE,FALSE,MULTI_BLOCKER_SOURCE_LANE,연간/분기 재무 raw source 보강 필요
210980,SK디앤디,KOSPI,false,UNAVAILABLE,17,최근 분기 실적 가속·둔화:MISSING_ACCEL_INPUT,SOURCE_DATA_GAP,INVESTMENT_SCORE_SOURCE_CACHE,FALSE,MULTI_BLOCKER_SOURCE_LANE,연간/분기 재무 raw source 보강 필요
210980,SK디앤디,KOSPI,false,UNAVAILABLE,17,하루평균 절대등락률:MISSING_ELASTICITY,SOURCE_DATA_GAP,PRICE_ELASTICITY_20D,FALSE,MULTI_BLOCKER_SOURCE_LANE,20거래일 가격탄력 source 보강 필요
210980,SK디앤디,KOSPI,false,UNAVAILABLE,17,흑자 지속성과 이익 안정성:MISSING_EARNINGS_TREND,SOURCE_DATA_GAP,FINANCIAL_VALUATION_CACHE,FALSE,MULTI_BLOCKER_SOURCE_LANE,재무·수익성 cache 입력 보강 필요
248170,샘표식품,KOSPI,false,UNAVAILABLE,17,EV/EBITDA:EV_EBITDA_INPUT:NO_EXACT_CANDIDATE:NO_EXACT_CANDIDATE,SOURCE_DATA_GAP,EXACT_DA_SOURCE,FALSE,MULTI_BLOCKER_SOURCE_LANE,"승인 exact D&A 원천 부족; debt_status=NO_EXACT_CANDIDATE, da_status=NO_EXACT_CANDIDATE"
248170,샘표식품,KOSPI,false,UNAVAILABLE,17,PBR:MISSING_PBR_OR_ROE,SOURCE_DATA_GAP,FINANCIAL_VALUATION_CACHE,FALSE,MULTI_BLOCKER_SOURCE_LANE,밸류에이션 또는 관련 이익·ROE 입력 보강 필요
248170,샘표식품,KOSPI,false,UNAVAILABLE,17,PER:MISSING_PER,SOURCE_DATA_GAP,FINANCIAL_VALUATION_CACHE,FALSE,MULTI_BLOCKER_SOURCE_LANE,밸류에이션 또는 관련 이익·ROE 입력 보강 필요
248170,샘표식품,KOSPI,false,UNAVAILABLE,17,PSR 또는 대체 가치지표:MISSING_PSR_INPUT,SOURCE_DATA_GAP,FINANCIAL_AND_RAW_SOURCE,FALSE,MULTI_BLOCKER_SOURCE_LANE,시가총액 또는 연간 매출 입력 보강 필요
248170,샘표식품,KOSPI,false,UNAVAILABLE,17,ROE:MISSING_ROE,SOURCE_DATA_GAP,FINANCIAL_VALUATION_CACHE,FALSE,MULTI_BLOCKER_SOURCE_LANE,재무·수익성 cache 입력 보강 필요
248170,샘표식품,KOSPI,false,UNAVAILABLE,17,매출 성장과 안정성:MISSING_REVENUE_GROWTH_INPUT,SOURCE_DATA_GAP,INVESTMENT_SCORE_SOURCE_CACHE,FALSE,MULTI_BLOCKER_SOURCE_LANE,연간/분기 재무 raw source 보강 필요
248170,샘표식품,KOSPI,false,UNAVAILABLE,17,부채비율:MISSING_DEBT_RATIO,SOURCE_DATA_GAP,FINANCIAL_VALUATION_CACHE,FALSE,MULTI_BLOCKER_SOURCE_LANE,재무·수익성 cache 입력 보강 필요
248170,샘표식품,KOSPI,false,UNAVAILABLE,17,순이익 흐름:MISSING_EARNINGS_TREND,SOURCE_DATA_GAP,FINANCIAL_VALUATION_CACHE,FALSE,MULTI_BLOCKER_SOURCE_LANE,재무·수익성 cache 입력 보강 필요
248170,샘표식품,KOSPI,false,UNAVAILABLE,17,순현금·기업가치 상태:NETCASH_INPUT:NO_EXACT_CANDIDATE,SOURCE_DATA_GAP,NETCASH_INPUT,FALSE,MULTI_BLOCKER_SOURCE_LANE,시가총액·현금·승인 core debt 원천 보강 필요
248170,샘표식품,KOSPI,false,UNAVAILABLE,17,영업이익 성장과 흑자 여부:MISSING_OP_PROFIT,SOURCE_DATA_GAP,FINANCIAL_VALUATION_CACHE,FALSE,MULTI_BLOCKER_SOURCE_LANE,재무·수익성 cache 입력 보강 필요
248170,샘표식품,KOSPI,false,UNAVAILABLE,17,영업이익률:MISSING_MARGIN,SOURCE_DATA_GAP,FINANCIAL_VALUATION_CACHE,FALSE,MULTI_BLOCKER_SOURCE_LANE,재무·수익성 cache 입력 보강 필요
248170,샘표식품,KOSPI,false,UNAVAILABLE,17,영업현금흐름:MISSING_OCF_MARGIN_INPUT,SOURCE_DATA_GAP,OCF_AND_REVENUE_SOURCE,FALSE,MULTI_BLOCKER_SOURCE_LANE,영업현금흐름 또는 연간 매출 입력 보강 필요
248170,샘표식품,KOSPI,false,UNAVAILABLE,17,최근 3년 매출 성장률:MISSING_3Y_REVENUE,SOURCE_DATA_GAP,INVESTMENT_SCORE_SOURCE_CACHE,FALSE,MULTI_BLOCKER_SOURCE_LANE,연간/분기 재무 raw source 보강 필요
248170,샘표식품,KOSPI,false,UNAVAILABLE,17,최근 3년 영업이익 성장률:MISSING_3Y_OP,SOURCE_DATA_GAP,INVESTMENT_SCORE_SOURCE_CACHE,FALSE,MULTI_BLOCKER_SOURCE_LANE,연간/분기 재무 raw source 보강 필요
248170,샘표식품,KOSPI,false,UNAVAILABLE,17,최근 분기 실적 가속·둔화:MISSING_ACCEL_INPUT,SOURCE_DATA_GAP,INVESTMENT_SCORE_SOURCE_CACHE,FALSE,MULTI_BLOCKER_SOURCE_LANE,연간/분기 재무 raw source 보강 필요
248170,샘표식품,KOSPI,false,UNAVAILABLE,17,하루평균 절대등락률:MISSING_ELASTICITY,SOURCE_DATA_GAP,PRICE_ELASTICITY_20D,FALSE,MULTI_BLOCKER_SOURCE_LANE,20거래일 가격탄력 source 보강 필요
248170,샘표식품,KOSPI,false,UNAVAILABLE,17,흑자 지속성과 이익 안정성:MISSING_EARNINGS_TREND,SOURCE_DATA_GAP,FINANCIAL_VALUATION_CACHE,FALSE,MULTI_BLOCKER_SOURCE_LANE,재무·수익성 cache 입력 보강 필요
298020,효성티앤씨,KOSPI,false,UNAVAILABLE,17,EV/EBITDA:EV_EBITDA_INPUT:NO_EXACT_CANDIDATE:NO_EXACT_CANDIDATE,SOURCE_DATA_GAP,EXACT_DA_SOURCE,FALSE,MULTI_BLOCKER_SOURCE_LANE,"승인 exact D&A 원천 부족; debt_status=NO_EXACT_CANDIDATE, da_status=NO_EXACT_CANDIDATE"
298020,효성티앤씨,KOSPI,false,UNAVAILABLE,17,PBR:MISSING_PBR_OR_ROE,SOURCE_DATA_GAP,FINANCIAL_VALUATION_CACHE,FALSE,MULTI_BLOCKER_SOURCE_LANE,밸류에이션 또는 관련 이익·ROE 입력 보강 필요
298020,효성티앤씨,KOSPI,false,UNAVAILABLE,17,PER:MISSING_PER,SOURCE_DATA_GAP,FINANCIAL_VALUATION_CACHE,FALSE,MULTI_BLOCKER_SOURCE_LANE,밸류에이션 또는 관련 이익·ROE 입력 보강 필요
298020,효성티앤씨,KOSPI,false,UNAVAILABLE,17,PSR 또는 대체 가치지표:MISSING_PSR_INPUT,SOURCE_DATA_GAP,FINANCIAL_AND_RAW_SOURCE,FALSE,MULTI_BLOCKER_SOURCE_LANE,시가총액 또는 연간 매출 입력 보강 필요
298020,효성티앤씨,KOSPI,false,UNAVAILABLE,17,ROE:MISSING_ROE,SOURCE_DATA_GAP,FINANCIAL_VALUATION_CACHE,FALSE,MULTI_BLOCKER_SOURCE_LANE,재무·수익성 cache 입력 보강 필요
298020,효성티앤씨,KOSPI,false,UNAVAILABLE,17,매출 성장과 안정성:MISSING_REVENUE_GROWTH_INPUT,SOURCE_DATA_GAP,INVESTMENT_SCORE_SOURCE_CACHE,FALSE,MULTI_BLOCKER_SOURCE_LANE,연간/분기 재무 raw source 보강 필요
298020,효성티앤씨,KOSPI,false,UNAVAILABLE,17,부채비율:MISSING_DEBT_RATIO,SOURCE_DATA_GAP,FINANCIAL_VALUATION_CACHE,FALSE,MULTI_BLOCKER_SOURCE_LANE,재무·수익성 cache 입력 보강 필요
298020,효성티앤씨,KOSPI,false,UNAVAILABLE,17,순이익 흐름:MISSING_EARNINGS_TREND,SOURCE_DATA_GAP,FINANCIAL_VALUATION_CACHE,FALSE,MULTI_BLOCKER_SOURCE_LANE,재무·수익성 cache 입력 보강 필요
298020,효성티앤씨,KOSPI,false,UNAVAILABLE,17,순현금·기업가치 상태:NETCASH_INPUT:NO_EXACT_CANDIDATE,SOURCE_DATA_GAP,NETCASH_INPUT,FALSE,MULTI_BLOCKER_SOURCE_LANE,시가총액·현금·승인 core debt 원천 보강 필요
298020,효성티앤씨,KOSPI,false,UNAVAILABLE,17,영업이익 성장과 흑자 여부:MISSING_OP_PROFIT,SOURCE_DATA_GAP,FINANCIAL_VALUATION_CACHE,FALSE,MULTI_BLOCKER_SOURCE_LANE,재무·수익성 cache 입력 보강 필요
298020,효성티앤씨,KOSPI,false,UNAVAILABLE,17,영업이익률:MISSING_MARGIN,SOURCE_DATA_GAP,FINANCIAL_VALUATION_CACHE,FALSE,MULTI_BLOCKER_SOURCE_LANE,재무·수익성 cache 입력 보강 필요
298020,효성티앤씨,KOSPI,false,UNAVAILABLE,17,영업현금흐름:MISSING_OCF_MARGIN_INPUT,SOURCE_DATA_GAP,OCF_AND_REVENUE_SOURCE,FALSE,MULTI_BLOCKER_SOURCE_LANE,영업현금흐름 또는 연간 매출 입력 보강 필요
298020,효성티앤씨,KOSPI,false,UNAVAILABLE,17,최근 3년 매출 성장률:MISSING_3Y_REVENUE,SOURCE_DATA_GAP,INVESTMENT_SCORE_SOURCE_CACHE,FALSE,MULTI_BLOCKER_SOURCE_LANE,연간/분기 재무 raw source 보강 필요
298020,효성티앤씨,KOSPI,false,UNAVAILABLE,17,최근 3년 영업이익 성장률:MISSING_3Y_OP,SOURCE_DATA_GAP,INVESTMENT_SCORE_SOURCE_CACHE,FALSE,MULTI_BLOCKER_SOURCE_LANE,연간/분기 재무 raw source 보강 필요
298020,효성티앤씨,KOSPI,false,UNAVAILABLE,17,최근 분기 실적 가속·둔화:MISSING_ACCEL_INPUT,SOURCE_DATA_GAP,INVESTMENT_SCORE_SOURCE_CACHE,FALSE,MULTI_BLOCKER_SOURCE_LANE,연간/분기 재무 raw source 보강 필요
298020,효성티앤씨,KOSPI,false,UNAVAILABLE,17,하루평균 절대등락률:MISSING_ELASTICITY,SOURCE_DATA_GAP,PRICE_ELASTICITY_20D,FALSE,MULTI_BLOCKER_SOURCE_LANE,20거래일 가격탄력 source 보강 필요
298020,효성티앤씨,KOSPI,false,UNAVAILABLE,17,흑자 지속성과 이익 안정성:MISSING_EARNINGS_TREND,SOURCE_DATA_GAP,FINANCIAL_VALUATION_CACHE,FALSE,MULTI_BLOCKER_SOURCE_LANE,재무·수익성 cache 입력 보강 필요
326030,SK바이오팜,KOSPI,false,UNAVAILABLE,17,EV/EBITDA:EV_EBITDA_INPUT:NO_EXACT_CANDIDATE:NO_EXACT_CANDIDATE,SOURCE_DATA_GAP,EXACT_DA_SOURCE,FALSE,MULTI_BLOCKER_SOURCE_LANE,"승인 exact D&A 원천 부족; debt_status=NO_EXACT_CANDIDATE, da_status=NO_EXACT_CANDIDATE"
326030,SK바이오팜,KOSPI,false,UNAVAILABLE,17,PBR:MISSING_PBR_OR_ROE,SOURCE_DATA_GAP,FINANCIAL_VALUATION_CACHE,FALSE,MULTI_BLOCKER_SOURCE_LANE,밸류에이션 또는 관련 이익·ROE 입력 보강 필요
326030,SK바이오팜,KOSPI,false,UNAVAILABLE,17,PER:MISSING_PER,SOURCE_DATA_GAP,FINANCIAL_VALUATION_CACHE,FALSE,MULTI_BLOCKER_SOURCE_LANE,밸류에이션 또는 관련 이익·ROE 입력 보강 필요
326030,SK바이오팜,KOSPI,false,UNAVAILABLE,17,PSR 또는 대체 가치지표:MISSING_PSR_INPUT,SOURCE_DATA_GAP,FINANCIAL_AND_RAW_SOURCE,FALSE,MULTI_BLOCKER_SOURCE_LANE,시가총액 또는 연간 매출 입력 보강 필요
326030,SK바이오팜,KOSPI,false,UNAVAILABLE,17,ROE:MISSING_ROE,SOURCE_DATA_GAP,FINANCIAL_VALUATION_CACHE,FALSE,MULTI_BLOCKER_SOURCE_LANE,재무·수익성 cache 입력 보강 필요
326030,SK바이오팜,KOSPI,false,UNAVAILABLE,17,매출 성장과 안정성:MISSING_REVENUE_GROWTH_INPUT,SOURCE_DATA_GAP,INVESTMENT_SCORE_SOURCE_CACHE,FALSE,MULTI_BLOCKER_SOURCE_LANE,연간/분기 재무 raw source 보강 필요
326030,SK바이오팜,KOSPI,false,UNAVAILABLE,17,부채비율:MISSING_DEBT_RATIO,SOURCE_DATA_GAP,FINANCIAL_VALUATION_CACHE,FALSE,MULTI_BLOCKER_SOURCE_LANE,재무·수익성 cache 입력 보강 필요
326030,SK바이오팜,KOSPI,false,UNAVAILABLE,17,순이익 흐름:MISSING_EARNINGS_TREND,SOURCE_DATA_GAP,FINANCIAL_VALUATION_CACHE,FALSE,MULTI_BLOCKER_SOURCE_LANE,재무·수익성 cache 입력 보강 필요
326030,SK바이오팜,KOSPI,false,UNAVAILABLE,17,순현금·기업가치 상태:NETCASH_INPUT:NO_EXACT_CANDIDATE,SOURCE_DATA_GAP,NETCASH_INPUT,FALSE,MULTI_BLOCKER_SOURCE_LANE,시가총액·현금·승인 core debt 원천 보강 필요
326030,SK바이오팜,KOSPI,false,UNAVAILABLE,17,영업이익 성장과 흑자 여부:MISSING_OP_PROFIT,SOURCE_DATA_GAP,FINANCIAL_VALUATION_CACHE,FALSE,MULTI_BLOCKER_SOURCE_LANE,재무·수익성 cache 입력 보강 필요
326030,SK바이오팜,KOSPI,false,UNAVAILABLE,17,영업이익률:MISSING_MARGIN,SOURCE_DATA_GAP,FINANCIAL_VALUATION_CACHE,FALSE,MULTI_BLOCKER_SOURCE_LANE,재무·수익성 cache 입력 보강 필요
326030,SK바이오팜,KOSPI,false,UNAVAILABLE,17,영업현금흐름:MISSING_OCF_MARGIN_INPUT,SOURCE_DATA_GAP,OCF_AND_REVENUE_SOURCE,FALSE,MULTI_BLOCKER_SOURCE_LANE,영업현금흐름 또는 연간 매출 입력 보강 필요
326030,SK바이오팜,KOSPI,false,UNAVAILABLE,17,최근 3년 매출 성장률:MISSING_3Y_REVENUE,SOURCE_DATA_GAP,INVESTMENT_SCORE_SOURCE_CACHE,FALSE,MULTI_BLOCKER_SOURCE_LANE,연간/분기 재무 raw source 보강 필요
326030,SK바이오팜,KOSPI,false,UNAVAILABLE,17,최근 3년 영업이익 성장률:MISSING_3Y_OP,SOURCE_DATA_GAP,INVESTMENT_SCORE_SOURCE_CACHE,FALSE,MULTI_BLOCKER_SOURCE_LANE,연간/분기 재무 raw source 보강 필요
326030,SK바이오팜,KOSPI,false,UNAVAILABLE,17,최근 분기 실적 가속·둔화:MISSING_ACCEL_INPUT,SOURCE_DATA_GAP,INVESTMENT_SCORE_SOURCE_CACHE,FALSE,MULTI_BLOCKER_SOURCE_LANE,연간/분기 재무 raw source 보강 필요
326030,SK바이오팜,KOSPI,false,UNAVAILABLE,17,하루평균 절대등락률:MISSING_ELASTICITY,SOURCE_DATA_GAP,PRICE_ELASTICITY_20D,FALSE,MULTI_BLOCKER_SOURCE_LANE,20거래일 가격탄력 source 보강 필요
326030,SK바이오팜,KOSPI,false,UNAVAILABLE,17,흑자 지속성과 이익 안정성:MISSING_EARNINGS_TREND,SOURCE_DATA_GAP,FINANCIAL_VALUATION_CACHE,FALSE,MULTI_BLOCKER_SOURCE_LANE,재무·수익성 cache 입력 보강 필요
452260,한화갤러리아,KOSPI,false,UNAVAILABLE,17,EV/EBITDA:EV_EBITDA_INPUT:NO_EXACT_CANDIDATE:NO_EXACT_CANDIDATE,SOURCE_DATA_GAP,EXACT_DA_SOURCE,FALSE,MULTI_BLOCKER_SOURCE_LANE,"승인 exact D&A 원천 부족; debt_status=NO_EXACT_CANDIDATE, da_status=NO_EXACT_CANDIDATE"
452260,한화갤러리아,KOSPI,false,UNAVAILABLE,17,PBR:MISSING_PBR_OR_ROE,SOURCE_DATA_GAP,FINANCIAL_VALUATION_CACHE,FALSE,MULTI_BLOCKER_SOURCE_LANE,밸류에이션 또는 관련 이익·ROE 입력 보강 필요
452260,한화갤러리아,KOSPI,false,UNAVAILABLE,17,PER:MISSING_PER,SOURCE_DATA_GAP,FINANCIAL_VALUATION_CACHE,FALSE,MULTI_BLOCKER_SOURCE_LANE,밸류에이션 또는 관련 이익·ROE 입력 보강 필요
452260,한화갤러리아,KOSPI,false,UNAVAILABLE,17,PSR 또는 대체 가치지표:MISSING_PSR_INPUT,SOURCE_DATA_GAP,FINANCIAL_AND_RAW_SOURCE,FALSE,MULTI_BLOCKER_SOURCE_LANE,시가총액 또는 연간 매출 입력 보강 필요
452260,한화갤러리아,KOSPI,false,UNAVAILABLE,17,ROE:MISSING_ROE,SOURCE_DATA_GAP,FINANCIAL_VALUATION_CACHE,FALSE,MULTI_BLOCKER_SOURCE_LANE,재무·수익성 cache 입력 보강 필요
452260,한화갤러리아,KOSPI,false,UNAVAILABLE,17,매출 성장과 안정성:MISSING_REVENUE_GROWTH_INPUT,SOURCE_DATA_GAP,INVESTMENT_SCORE_SOURCE_CACHE,FALSE,MULTI_BLOCKER_SOURCE_LANE,연간/분기 재무 raw source 보강 필요
452260,한화갤러리아,KOSPI,false,UNAVAILABLE,17,부채비율:MISSING_DEBT_RATIO,SOURCE_DATA_GAP,FINANCIAL_VALUATION_CACHE,FALSE,MULTI_BLOCKER_SOURCE_LANE,재무·수익성 cache 입력 보강 필요
452260,한화갤러리아,KOSPI,false,UNAVAILABLE,17,순이익 흐름:MISSING_EARNINGS_TREND,SOURCE_DATA_GAP,FINANCIAL_VALUATION_CACHE,FALSE,MULTI_BLOCKER_SOURCE_LANE,재무·수익성 cache 입력 보강 필요
452260,한화갤러리아,KOSPI,false,UNAVAILABLE,17,순현금·기업가치 상태:NETCASH_INPUT:NO_EXACT_CANDIDATE,SOURCE_DATA_GAP,NETCASH_INPUT,FALSE,MULTI_BLOCKER_SOURCE_LANE,시가총액·현금·승인 core debt 원천 보강 필요
452260,한화갤러리아,KOSPI,false,UNAVAILABLE,17,영업이익 성장과 흑자 여부:MISSING_OP_PROFIT,SOURCE_DATA_GAP,FINANCIAL_VALUATION_CACHE,FALSE,MULTI_BLOCKER_SOURCE_LANE,재무·수익성 cache 입력 보강 필요
452260,한화갤러리아,KOSPI,false,UNAVAILABLE,17,영업이익률:MISSING_MARGIN,SOURCE_DATA_GAP,FINANCIAL_VALUATION_CACHE,FALSE,MULTI_BLOCKER_SOURCE_LANE,재무·수익성 cache 입력 보강 필요
452260,한화갤러리아,KOSPI,false,UNAVAILABLE,17,영업현금흐름:MISSING_OCF_MARGIN_INPUT,SOURCE_DATA_GAP,OCF_AND_REVENUE_SOURCE,FALSE,MULTI_BLOCKER_SOURCE_LANE,영업현금흐름 또는 연간 매출 입력 보강 필요
452260,한화갤러리아,KOSPI,false,UNAVAILABLE,17,최근 3년 매출 성장률:MISSING_3Y_REVENUE,SOURCE_DATA_GAP,INVESTMENT_SCORE_SOURCE_CACHE,FALSE,MULTI_BLOCKER_SOURCE_LANE,연간/분기 재무 raw source 보강 필요
452260,한화갤러리아,KOSPI,false,UNAVAILABLE,17,최근 3년 영업이익 성장률:MISSING_3Y_OP,SOURCE_DATA_GAP,INVESTMENT_SCORE_SOURCE_CACHE,FALSE,MULTI_BLOCKER_SOURCE_LANE,연간/분기 재무 raw source 보강 필요
452260,한화갤러리아,KOSPI,false,UNAVAILABLE,17,최근 분기 실적 가속·둔화:MISSING_ACCEL_INPUT,SOURCE_DATA_GAP,INVESTMENT_SCORE_SOURCE_CACHE,FALSE,MULTI_BLOCKER_SOURCE_LANE,연간/분기 재무 raw source 보강 필요
452260,한화갤러리아,KOSPI,false,UNAVAILABLE,17,하루평균 절대등락률:MISSING_ELASTICITY,SOURCE_DATA_GAP,PRICE_ELASTICITY_20D,FALSE,MULTI_BLOCKER_SOURCE_LANE,20거래일 가격탄력 source 보강 필요
452260,한화갤러리아,KOSPI,false,UNAVAILABLE,17,흑자 지속성과 이익 안정성:MISSING_EARNINGS_TREND,SOURCE_DATA_GAP,FINANCIAL_VALUATION_CACHE,FALSE,MULTI_BLOCKER_SOURCE_LANE,재무·수익성 cache 입력 보강 필요
900140,엘브이엠씨홀딩스,KOSPI,false,UNAVAILABLE,17,EV/EBITDA:EV_EBITDA_INPUT:NO_EXACT_CANDIDATE:NO_EXACT_CANDIDATE,SOURCE_DATA_GAP,EXACT_DA_SOURCE,FALSE,MULTI_BLOCKER_SOURCE_LANE,"승인 exact D&A 원천 부족; debt_status=NO_EXACT_CANDIDATE, da_status=NO_EXACT_CANDIDATE"
900140,엘브이엠씨홀딩스,KOSPI,false,UNAVAILABLE,17,PBR:MISSING_PBR_OR_ROE,SOURCE_DATA_GAP,FINANCIAL_VALUATION_CACHE,FALSE,MULTI_BLOCKER_SOURCE_LANE,밸류에이션 또는 관련 이익·ROE 입력 보강 필요
900140,엘브이엠씨홀딩스,KOSPI,false,UNAVAILABLE,17,PER:MISSING_PER,SOURCE_DATA_GAP,FINANCIAL_VALUATION_CACHE,FALSE,MULTI_BLOCKER_SOURCE_LANE,밸류에이션 또는 관련 이익·ROE 입력 보강 필요
900140,엘브이엠씨홀딩스,KOSPI,false,UNAVAILABLE,17,PSR 또는 대체 가치지표:MISSING_PSR_INPUT,SOURCE_DATA_GAP,FINANCIAL_AND_RAW_SOURCE,FALSE,MULTI_BLOCKER_SOURCE_LANE,시가총액 또는 연간 매출 입력 보강 필요
900140,엘브이엠씨홀딩스,KOSPI,false,UNAVAILABLE,17,ROE:MISSING_ROE,SOURCE_DATA_GAP,FINANCIAL_VALUATION_CACHE,FALSE,MULTI_BLOCKER_SOURCE_LANE,재무·수익성 cache 입력 보강 필요
900140,엘브이엠씨홀딩스,KOSPI,false,UNAVAILABLE,17,매출 성장과 안정성:MISSING_REVENUE_GROWTH_INPUT,SOURCE_DATA_GAP,INVESTMENT_SCORE_SOURCE_CACHE,FALSE,MULTI_BLOCKER_SOURCE_LANE,연간/분기 재무 raw source 보강 필요
900140,엘브이엠씨홀딩스,KOSPI,false,UNAVAILABLE,17,부채비율:MISSING_DEBT_RATIO,SOURCE_DATA_GAP,FINANCIAL_VALUATION_CACHE,FALSE,MULTI_BLOCKER_SOURCE_LANE,재무·수익성 cache 입력 보강 필요
900140,엘브이엠씨홀딩스,KOSPI,false,UNAVAILABLE,17,순이익 흐름:MISSING_EARNINGS_TREND,SOURCE_DATA_GAP,FINANCIAL_VALUATION_CACHE,FALSE,MULTI_BLOCKER_SOURCE_LANE,재무·수익성 cache 입력 보강 필요
900140,엘브이엠씨홀딩스,KOSPI,false,UNAVAILABLE,17,순현금·기업가치 상태:NETCASH_INPUT:NO_EXACT_CANDIDATE,SOURCE_DATA_GAP,NETCASH_INPUT,FALSE,MULTI_BLOCKER_SOURCE_LANE,시가총액·현금·승인 core debt 원천 보강 필요
900140,엘브이엠씨홀딩스,KOSPI,false,UNAVAILABLE,17,영업이익 성장과 흑자 여부:MISSING_OP_PROFIT,SOURCE_DATA_GAP,FINANCIAL_VALUATION_CACHE,FALSE,MULTI_BLOCKER_SOURCE_LANE,재무·수익성 cache 입력 보강 필요
900140,엘브이엠씨홀딩스,KOSPI,false,UNAVAILABLE,17,영업이익률:MISSING_MARGIN,SOURCE_DATA_GAP,FINANCIAL_VALUATION_CACHE,FALSE,MULTI_BLOCKER_SOURCE_LANE,재무·수익성 cache 입력 보강 필요
900140,엘브이엠씨홀딩스,KOSPI,false,UNAVAILABLE,17,영업현금흐름:MISSING_OCF_MARGIN_INPUT,SOURCE_DATA_GAP,OCF_AND_REVENUE_SOURCE,FALSE,MULTI_BLOCKER_SOURCE_LANE,영업현금흐름 또는 연간 매출 입력 보강 필요
900140,엘브이엠씨홀딩스,KOSPI,false,UNAVAILABLE,17,최근 3년 매출 성장률:MISSING_3Y_REVENUE,SOURCE_DATA_GAP,INVESTMENT_SCORE_SOURCE_CACHE,FALSE,MULTI_BLOCKER_SOURCE_LANE,연간/분기 재무 raw source 보강 필요
900140,엘브이엠씨홀딩스,KOSPI,false,UNAVAILABLE,17,최근 3년 영업이익 성장률:MISSING_3Y_OP,SOURCE_DATA_GAP,INVESTMENT_SCORE_SOURCE_CACHE,FALSE,MULTI_BLOCKER_SOURCE_LANE,연간/분기 재무 raw source 보강 필요
900140,엘브이엠씨홀딩스,KOSPI,false,UNAVAILABLE,17,최근 분기 실적 가속·둔화:MISSING_ACCEL_INPUT,SOURCE_DATA_GAP,INVESTMENT_SCORE_SOURCE_CACHE,FALSE,MULTI_BLOCKER_SOURCE_LANE,연간/분기 재무 raw source 보강 필요
900140,엘브이엠씨홀딩스,KOSPI,false,UNAVAILABLE,17,하루평균 절대등락률:MISSING_ELASTICITY,SOURCE_DATA_GAP,PRICE_ELASTICITY_20D,FALSE,MULTI_BLOCKER_SOURCE_LANE,20거래일 가격탄력 source 보강 필요
900140,엘브이엠씨홀딩스,KOSPI,false,UNAVAILABLE,17,흑자 지속성과 이익 안정성:MISSING_EARNINGS_TREND,SOURCE_DATA_GAP,FINANCIAL_VALUATION_CACHE,FALSE,MULTI_BLOCKER_SOURCE_LANE,재무·수익성 cache 입력 보강 필요
950210,프레스티지바이오파마,KOSPI,false,UNAVAILABLE,17,EV/EBITDA:EV_EBITDA_INPUT:NO_EXACT_CANDIDATE:NO_EXACT_CANDIDATE,SOURCE_DATA_GAP,EXACT_DA_SOURCE,FALSE,MULTI_BLOCKER_SOURCE_LANE,"승인 exact D&A 원천 부족; debt_status=NO_EXACT_CANDIDATE, da_status=NO_EXACT_CANDIDATE"
950210,프레스티지바이오파마,KOSPI,false,UNAVAILABLE,17,PBR:MISSING_PBR_OR_ROE,SOURCE_DATA_GAP,FINANCIAL_VALUATION_CACHE,FALSE,MULTI_BLOCKER_SOURCE_LANE,밸류에이션 또는 관련 이익·ROE 입력 보강 필요
950210,프레스티지바이오파마,KOSPI,false,UNAVAILABLE,17,PER:MISSING_PER,SOURCE_DATA_GAP,FINANCIAL_VALUATION_CACHE,FALSE,MULTI_BLOCKER_SOURCE_LANE,밸류에이션 또는 관련 이익·ROE 입력 보강 필요
950210,프레스티지바이오파마,KOSPI,false,UNAVAILABLE,17,PSR 또는 대체 가치지표:MISSING_PSR_INPUT,SOURCE_DATA_GAP,FINANCIAL_AND_RAW_SOURCE,FALSE,MULTI_BLOCKER_SOURCE_LANE,시가총액 또는 연간 매출 입력 보강 필요
950210,프레스티지바이오파마,KOSPI,false,UNAVAILABLE,17,ROE:MISSING_ROE,SOURCE_DATA_GAP,FINANCIAL_VALUATION_CACHE,FALSE,MULTI_BLOCKER_SOURCE_LANE,재무·수익성 cache 입력 보강 필요
950210,프레스티지바이오파마,KOSPI,false,UNAVAILABLE,17,매출 성장과 안정성:MISSING_REVENUE_GROWTH_INPUT,SOURCE_DATA_GAP,INVESTMENT_SCORE_SOURCE_CACHE,FALSE,MULTI_BLOCKER_SOURCE_LANE,연간/분기 재무 raw source 보강 필요
950210,프레스티지바이오파마,KOSPI,false,UNAVAILABLE,17,부채비율:MISSING_DEBT_RATIO,SOURCE_DATA_GAP,FINANCIAL_VALUATION_CACHE,FALSE,MULTI_BLOCKER_SOURCE_LANE,재무·수익성 cache 입력 보강 필요
950210,프레스티지바이오파마,KOSPI,false,UNAVAILABLE,17,순이익 흐름:MISSING_EARNINGS_TREND,SOURCE_DATA_GAP,FINANCIAL_VALUATION_CACHE,FALSE,MULTI_BLOCKER_SOURCE_LANE,재무·수익성 cache 입력 보강 필요
950210,프레스티지바이오파마,KOSPI,false,UNAVAILABLE,17,순현금·기업가치 상태:NETCASH_INPUT:NO_EXACT_CANDIDATE,SOURCE_DATA_GAP,NETCASH_INPUT,FALSE,MULTI_BLOCKER_SOURCE_LANE,시가총액·현금·승인 core debt 원천 보강 필요
950210,프레스티지바이오파마,KOSPI,false,UNAVAILABLE,17,영업이익 성장과 흑자 여부:MISSING_OP_PROFIT,SOURCE_DATA_GAP,FINANCIAL_VALUATION_CACHE,FALSE,MULTI_BLOCKER_SOURCE_LANE,재무·수익성 cache 입력 보강 필요
950210,프레스티지바이오파마,KOSPI,false,UNAVAILABLE,17,영업이익률:MISSING_MARGIN,SOURCE_DATA_GAP,FINANCIAL_VALUATION_CACHE,FALSE,MULTI_BLOCKER_SOURCE_LANE,재무·수익성 cache 입력 보강 필요
950210,프레스티지바이오파마,KOSPI,false,UNAVAILABLE,17,영업현금흐름:MISSING_OCF_MARGIN_INPUT,SOURCE_DATA_GAP,OCF_AND_REVENUE_SOURCE,FALSE,MULTI_BLOCKER_SOURCE_LANE,영업현금흐름 또는 연간 매출 입력 보강 필요
950210,프레스티지바이오파마,KOSPI,false,UNAVAILABLE,17,최근 3년 매출 성장률:MISSING_3Y_REVENUE,SOURCE_DATA_GAP,INVESTMENT_SCORE_SOURCE_CACHE,FALSE,MULTI_BLOCKER_SOURCE_LANE,연간/분기 재무 raw source 보강 필요
950210,프레스티지바이오파마,KOSPI,false,UNAVAILABLE,17,최근 3년 영업이익 성장률:MISSING_3Y_OP,SOURCE_DATA_GAP,INVESTMENT_SCORE_SOURCE_CACHE,FALSE,MULTI_BLOCKER_SOURCE_LANE,연간/분기 재무 raw source 보강 필요
950210,프레스티지바이오파마,KOSPI,false,UNAVAILABLE,17,최근 분기 실적 가속·둔화:MISSING_ACCEL_INPUT,SOURCE_DATA_GAP,INVESTMENT_SCORE_SOURCE_CACHE,FALSE,MULTI_BLOCKER_SOURCE_LANE,연간/분기 재무 raw source 보강 필요
950210,프레스티지바이오파마,KOSPI,false,UNAVAILABLE,17,하루평균 절대등락률:MISSING_ELASTICITY,SOURCE_DATA_GAP,PRICE_ELASTICITY_20D,FALSE,MULTI_BLOCKER_SOURCE_LANE,20거래일 가격탄력 source 보강 필요
950210,프레스티지바이오파마,KOSPI,false,UNAVAILABLE,17,흑자 지속성과 이익 안정성:MISSING_EARNINGS_TREND,SOURCE_DATA_GAP,FINANCIAL_VALUATION_CACHE,FALSE,MULTI_BLOCKER_SOURCE_LANE,재무·수익성 cache 입력 보강 필요
001780,알루코,KOSPI,false,UNAVAILABLE,18,EV/EBITDA:EV_EBITDA_INPUT:NO_EXACT_CANDIDATE:NO_EXACT_CANDIDATE,SOURCE_DATA_GAP,EXACT_DA_SOURCE,FALSE,MULTI_BLOCKER_SOURCE_LANE,"승인 exact D&A 원천 부족; debt_status=NO_EXACT_CANDIDATE, da_status=NO_EXACT_CANDIDATE"
001780,알루코,KOSPI,false,UNAVAILABLE,18,PBR:MISSING_PBR_OR_ROE,SOURCE_DATA_GAP,FINANCIAL_VALUATION_CACHE,FALSE,MULTI_BLOCKER_SOURCE_LANE,밸류에이션 또는 관련 이익·ROE 입력 보강 필요
001780,알루코,KOSPI,false,UNAVAILABLE,18,PER:MISSING_PER,SOURCE_DATA_GAP,FINANCIAL_VALUATION_CACHE,FALSE,MULTI_BLOCKER_SOURCE_LANE,밸류에이션 또는 관련 이익·ROE 입력 보강 필요
001780,알루코,KOSPI,false,UNAVAILABLE,18,PSR 또는 대체 가치지표:MISSING_PSR_INPUT,SOURCE_DATA_GAP,FINANCIAL_AND_RAW_SOURCE,FALSE,MULTI_BLOCKER_SOURCE_LANE,시가총액 또는 연간 매출 입력 보강 필요
001780,알루코,KOSPI,false,UNAVAILABLE,18,ROE:MISSING_ROE,SOURCE_DATA_GAP,FINANCIAL_VALUATION_CACHE,FALSE,MULTI_BLOCKER_SOURCE_LANE,재무·수익성 cache 입력 보강 필요
001780,알루코,KOSPI,false,UNAVAILABLE,18,매출 성장과 안정성:MISSING_REVENUE_GROWTH_INPUT,SOURCE_DATA_GAP,INVESTMENT_SCORE_SOURCE_CACHE,FALSE,MULTI_BLOCKER_SOURCE_LANE,연간/분기 재무 raw source 보강 필요
001780,알루코,KOSPI,false,UNAVAILABLE,18,부채비율:MISSING_DEBT_RATIO,SOURCE_DATA_GAP,FINANCIAL_VALUATION_CACHE,FALSE,MULTI_BLOCKER_SOURCE_LANE,재무·수익성 cache 입력 보강 필요
001780,알루코,KOSPI,false,UNAVAILABLE,18,수급·공시부담:SUPPLY_LIMITED_NO_POSITIVE_EVIDENCE,SOURCE_EVIDENCE_GAP,PRODUCTION_ANALYSIS_SUPPLY,FALSE,MULTI_BLOCKER_SOURCE_LANE,공시·수급 없음 판정을 확정할 만큼 source completeness가 부족함
001780,알루코,KOSPI,false,UNAVAILABLE,18,순이익 흐름:MISSING_EARNINGS_TREND,SOURCE_DATA_GAP,FINANCIAL_VALUATION_CACHE,FALSE,MULTI_BLOCKER_SOURCE_LANE,재무·수익성 cache 입력 보강 필요
001780,알루코,KOSPI,false,UNAVAILABLE,18,순현금·기업가치 상태:NETCASH_INPUT:NO_EXACT_CANDIDATE,SOURCE_DATA_GAP,NETCASH_INPUT,FALSE,MULTI_BLOCKER_SOURCE_LANE,시가총액·현금·승인 core debt 원천 보강 필요
001780,알루코,KOSPI,false,UNAVAILABLE,18,영업이익 성장과 흑자 여부:MISSING_OP_PROFIT,SOURCE_DATA_GAP,FINANCIAL_VALUATION_CACHE,FALSE,MULTI_BLOCKER_SOURCE_LANE,재무·수익성 cache 입력 보강 필요
001780,알루코,KOSPI,false,UNAVAILABLE,18,영업이익률:MISSING_MARGIN,SOURCE_DATA_GAP,FINANCIAL_VALUATION_CACHE,FALSE,MULTI_BLOCKER_SOURCE_LANE,재무·수익성 cache 입력 보강 필요
001780,알루코,KOSPI,false,UNAVAILABLE,18,영업현금흐름:MISSING_OCF_MARGIN_INPUT,SOURCE_DATA_GAP,OCF_AND_REVENUE_SOURCE,FALSE,MULTI_BLOCKER_SOURCE_LANE,영업현금흐름 또는 연간 매출 입력 보강 필요
001780,알루코,KOSPI,false,UNAVAILABLE,18,최근 3년 매출 성장률:MISSING_3Y_REVENUE,SOURCE_DATA_GAP,INVESTMENT_SCORE_SOURCE_CACHE,FALSE,MULTI_BLOCKER_SOURCE_LANE,연간/분기 재무 raw source 보강 필요
001780,알루코,KOSPI,false,UNAVAILABLE,18,최근 3년 영업이익 성장률:MISSING_3Y_OP,SOURCE_DATA_GAP,INVESTMENT_SCORE_SOURCE_CACHE,FALSE,MULTI_BLOCKER_SOURCE_LANE,연간/분기 재무 raw source 보강 필요
001780,알루코,KOSPI,false,UNAVAILABLE,18,최근 분기 실적 가속·둔화:MISSING_ACCEL_INPUT,SOURCE_DATA_GAP,INVESTMENT_SCORE_SOURCE_CACHE,FALSE,MULTI_BLOCKER_SOURCE_LANE,연간/분기 재무 raw source 보강 필요
001780,알루코,KOSPI,false,UNAVAILABLE,18,하루평균 절대등락률:MISSING_ELASTICITY,SOURCE_DATA_GAP,PRICE_ELASTICITY_20D,FALSE,MULTI_BLOCKER_SOURCE_LANE,20거래일 가격탄력 source 보강 필요
001780,알루코,KOSPI,false,UNAVAILABLE,18,흑자 지속성과 이익 안정성:MISSING_EARNINGS_TREND,SOURCE_DATA_GAP,FINANCIAL_VALUATION_CACHE,FALSE,MULTI_BLOCKER_SOURCE_LANE,재무·수익성 cache 입력 보강 필요
002030,아세아,KOSPI,false,UNAVAILABLE,18,EV/EBITDA:EV_EBITDA_INPUT:NO_EXACT_CANDIDATE:NO_EXACT_CANDIDATE,SOURCE_DATA_GAP,EXACT_DA_SOURCE,FALSE,MULTI_BLOCKER_SOURCE_LANE,"승인 exact D&A 원천 부족; debt_status=NO_EXACT_CANDIDATE, da_status=NO_EXACT_CANDIDATE"
002030,아세아,KOSPI,false,UNAVAILABLE,18,PBR:MISSING_PBR_OR_ROE,SOURCE_DATA_GAP,FINANCIAL_VALUATION_CACHE,FALSE,MULTI_BLOCKER_SOURCE_LANE,밸류에이션 또는 관련 이익·ROE 입력 보강 필요
002030,아세아,KOSPI,false,UNAVAILABLE,18,PER:MISSING_PER,SOURCE_DATA_GAP,FINANCIAL_VALUATION_CACHE,FALSE,MULTI_BLOCKER_SOURCE_LANE,밸류에이션 또는 관련 이익·ROE 입력 보강 필요
002030,아세아,KOSPI,false,UNAVAILABLE,18,PSR 또는 대체 가치지표:MISSING_PSR_INPUT,SOURCE_DATA_GAP,FINANCIAL_AND_RAW_SOURCE,FALSE,MULTI_BLOCKER_SOURCE_LANE,시가총액 또는 연간 매출 입력 보강 필요
002030,아세아,KOSPI,false,UNAVAILABLE,18,ROE:MISSING_ROE,SOURCE_DATA_GAP,FINANCIAL_VALUATION_CACHE,FALSE,MULTI_BLOCKER_SOURCE_LANE,재무·수익성 cache 입력 보강 필요
002030,아세아,KOSPI,false,UNAVAILABLE,18,매출 성장과 안정성:MISSING_REVENUE_GROWTH_INPUT,SOURCE_DATA_GAP,INVESTMENT_SCORE_SOURCE_CACHE,FALSE,MULTI_BLOCKER_SOURCE_LANE,연간/분기 재무 raw source 보강 필요
002030,아세아,KOSPI,false,UNAVAILABLE,18,부채비율:MISSING_DEBT_RATIO,SOURCE_DATA_GAP,FINANCIAL_VALUATION_CACHE,FALSE,MULTI_BLOCKER_SOURCE_LANE,재무·수익성 cache 입력 보강 필요
002030,아세아,KOSPI,false,UNAVAILABLE,18,수급·공시부담:SUPPLY_LIMITED_NO_POSITIVE_EVIDENCE,SOURCE_EVIDENCE_GAP,PRODUCTION_ANALYSIS_SUPPLY,FALSE,MULTI_BLOCKER_SOURCE_LANE,공시·수급 없음 판정을 확정할 만큼 source completeness가 부족함
002030,아세아,KOSPI,false,UNAVAILABLE,18,순이익 흐름:MISSING_EARNINGS_TREND,SOURCE_DATA_GAP,FINANCIAL_VALUATION_CACHE,FALSE,MULTI_BLOCKER_SOURCE_LANE,재무·수익성 cache 입력 보강 필요
002030,아세아,KOSPI,false,UNAVAILABLE,18,순현금·기업가치 상태:NETCASH_INPUT:NO_EXACT_CANDIDATE,SOURCE_DATA_GAP,NETCASH_INPUT,FALSE,MULTI_BLOCKER_SOURCE_LANE,시가총액·현금·승인 core debt 원천 보강 필요
002030,아세아,KOSPI,false,UNAVAILABLE,18,영업이익 성장과 흑자 여부:MISSING_OP_PROFIT,SOURCE_DATA_GAP,FINANCIAL_VALUATION_CACHE,FALSE,MULTI_BLOCKER_SOURCE_LANE,재무·수익성 cache 입력 보강 필요
002030,아세아,KOSPI,false,UNAVAILABLE,18,영업이익률:MISSING_MARGIN,SOURCE_DATA_GAP,FINANCIAL_VALUATION_CACHE,FALSE,MULTI_BLOCKER_SOURCE_LANE,재무·수익성 cache 입력 보강 필요
002030,아세아,KOSPI,false,UNAVAILABLE,18,영업현금흐름:MISSING_OCF_MARGIN_INPUT,SOURCE_DATA_GAP,OCF_AND_REVENUE_SOURCE,FALSE,MULTI_BLOCKER_SOURCE_LANE,영업현금흐름 또는 연간 매출 입력 보강 필요
002030,아세아,KOSPI,false,UNAVAILABLE,18,최근 3년 매출 성장률:MISSING_3Y_REVENUE,SOURCE_DATA_GAP,INVESTMENT_SCORE_SOURCE_CACHE,FALSE,MULTI_BLOCKER_SOURCE_LANE,연간/분기 재무 raw source 보강 필요
002030,아세아,KOSPI,false,UNAVAILABLE,18,최근 3년 영업이익 성장률:MISSING_3Y_OP,SOURCE_DATA_GAP,INVESTMENT_SCORE_SOURCE_CACHE,FALSE,MULTI_BLOCKER_SOURCE_LANE,연간/분기 재무 raw source 보강 필요
002030,아세아,KOSPI,false,UNAVAILABLE,18,최근 분기 실적 가속·둔화:MISSING_ACCEL_INPUT,SOURCE_DATA_GAP,INVESTMENT_SCORE_SOURCE_CACHE,FALSE,MULTI_BLOCKER_SOURCE_LANE,연간/분기 재무 raw source 보강 필요
002030,아세아,KOSPI,false,UNAVAILABLE,18,하루평균 절대등락률:MISSING_ELASTICITY,SOURCE_DATA_GAP,PRICE_ELASTICITY_20D,FALSE,MULTI_BLOCKER_SOURCE_LANE,20거래일 가격탄력 source 보강 필요
002030,아세아,KOSPI,false,UNAVAILABLE,18,흑자 지속성과 이익 안정성:MISSING_EARNINGS_TREND,SOURCE_DATA_GAP,FINANCIAL_VALUATION_CACHE,FALSE,MULTI_BLOCKER_SOURCE_LANE,재무·수익성 cache 입력 보강 필요
002700,신일전자,KOSPI,false,UNAVAILABLE,18,EV/EBITDA:EV_EBITDA_INPUT:NO_EXACT_CANDIDATE:NO_EXACT_CANDIDATE,SOURCE_DATA_GAP,EXACT_DA_SOURCE,FALSE,MULTI_BLOCKER_SOURCE_LANE,"승인 exact D&A 원천 부족; debt_status=NO_EXACT_CANDIDATE, da_status=NO_EXACT_CANDIDATE"
002700,신일전자,KOSPI,false,UNAVAILABLE,18,PBR:MISSING_PBR_OR_ROE,SOURCE_DATA_GAP,FINANCIAL_VALUATION_CACHE,FALSE,MULTI_BLOCKER_SOURCE_LANE,밸류에이션 또는 관련 이익·ROE 입력 보강 필요
002700,신일전자,KOSPI,false,UNAVAILABLE,18,PER:MISSING_PER,SOURCE_DATA_GAP,FINANCIAL_VALUATION_CACHE,FALSE,MULTI_BLOCKER_SOURCE_LANE,밸류에이션 또는 관련 이익·ROE 입력 보강 필요
002700,신일전자,KOSPI,false,UNAVAILABLE,18,PSR 또는 대체 가치지표:MISSING_PSR_INPUT,SOURCE_DATA_GAP,FINANCIAL_AND_RAW_SOURCE,FALSE,MULTI_BLOCKER_SOURCE_LANE,시가총액 또는 연간 매출 입력 보강 필요
002700,신일전자,KOSPI,false,UNAVAILABLE,18,ROE:MISSING_ROE,SOURCE_DATA_GAP,FINANCIAL_VALUATION_CACHE,FALSE,MULTI_BLOCKER_SOURCE_LANE,재무·수익성 cache 입력 보강 필요
002700,신일전자,KOSPI,false,UNAVAILABLE,18,매출 성장과 안정성:MISSING_REVENUE_GROWTH_INPUT,SOURCE_DATA_GAP,INVESTMENT_SCORE_SOURCE_CACHE,FALSE,MULTI_BLOCKER_SOURCE_LANE,연간/분기 재무 raw source 보강 필요
002700,신일전자,KOSPI,false,UNAVAILABLE,18,부채비율:MISSING_DEBT_RATIO,SOURCE_DATA_GAP,FINANCIAL_VALUATION_CACHE,FALSE,MULTI_BLOCKER_SOURCE_LANE,재무·수익성 cache 입력 보강 필요
002700,신일전자,KOSPI,false,UNAVAILABLE,18,수급·공시부담:SUPPLY_LIMITED_NO_POSITIVE_EVIDENCE,SOURCE_EVIDENCE_GAP,PRODUCTION_ANALYSIS_SUPPLY,FALSE,MULTI_BLOCKER_SOURCE_LANE,공시·수급 없음 판정을 확정할 만큼 source completeness가 부족함
002700,신일전자,KOSPI,false,UNAVAILABLE,18,순이익 흐름:MISSING_EARNINGS_TREND,SOURCE_DATA_GAP,FINANCIAL_VALUATION_CACHE,FALSE,MULTI_BLOCKER_SOURCE_LANE,재무·수익성 cache 입력 보강 필요
002700,신일전자,KOSPI,false,UNAVAILABLE,18,순현금·기업가치 상태:NETCASH_INPUT:NO_EXACT_CANDIDATE,SOURCE_DATA_GAP,NETCASH_INPUT,FALSE,MULTI_BLOCKER_SOURCE_LANE,시가총액·현금·승인 core debt 원천 보강 필요
002700,신일전자,KOSPI,false,UNAVAILABLE,18,영업이익 성장과 흑자 여부:MISSING_OP_PROFIT,SOURCE_DATA_GAP,FINANCIAL_VALUATION_CACHE,FALSE,MULTI_BLOCKER_SOURCE_LANE,재무·수익성 cache 입력 보강 필요
002700,신일전자,KOSPI,false,UNAVAILABLE,18,영업이익률:MISSING_MARGIN,SOURCE_DATA_GAP,FINANCIAL_VALUATION_CACHE,FALSE,MULTI_BLOCKER_SOURCE_LANE,재무·수익성 cache 입력 보강 필요
002700,신일전자,KOSPI,false,UNAVAILABLE,18,영업현금흐름:MISSING_OCF_MARGIN_INPUT,SOURCE_DATA_GAP,OCF_AND_REVENUE_SOURCE,FALSE,MULTI_BLOCKER_SOURCE_LANE,영업현금흐름 또는 연간 매출 입력 보강 필요
002700,신일전자,KOSPI,false,UNAVAILABLE,18,최근 3년 매출 성장률:MISSING_3Y_REVENUE,SOURCE_DATA_GAP,INVESTMENT_SCORE_SOURCE_CACHE,FALSE,MULTI_BLOCKER_SOURCE_LANE,연간/분기 재무 raw source 보강 필요
002700,신일전자,KOSPI,false,UNAVAILABLE,18,최근 3년 영업이익 성장률:MISSING_3Y_OP,SOURCE_DATA_GAP,INVESTMENT_SCORE_SOURCE_CACHE,FALSE,MULTI_BLOCKER_SOURCE_LANE,연간/분기 재무 raw source 보강 필요
002700,신일전자,KOSPI,false,UNAVAILABLE,18,최근 분기 실적 가속·둔화:MISSING_ACCEL_INPUT,SOURCE_DATA_GAP,INVESTMENT_SCORE_SOURCE_CACHE,FALSE,MULTI_BLOCKER_SOURCE_LANE,연간/분기 재무 raw source 보강 필요
002700,신일전자,KOSPI,false,UNAVAILABLE,18,하루평균 절대등락률:MISSING_ELASTICITY,SOURCE_DATA_GAP,PRICE_ELASTICITY_20D,FALSE,MULTI_BLOCKER_SOURCE_LANE,20거래일 가격탄력 source 보강 필요
002700,신일전자,KOSPI,false,UNAVAILABLE,18,흑자 지속성과 이익 안정성:MISSING_EARNINGS_TREND,SOURCE_DATA_GAP,FINANCIAL_VALUATION_CACHE,FALSE,MULTI_BLOCKER_SOURCE_LANE,재무·수익성 cache 입력 보강 필요
003075,코오롱글로벌우,KOSPI,false,UNAVAILABLE,18,EV/EBITDA:EV_EBITDA_INPUT:NO_EXACT_CANDIDATE:NO_EXACT_CANDIDATE,SOURCE_DATA_GAP,EXACT_DA_SOURCE,FALSE,MULTI_BLOCKER_SOURCE_LANE,"승인 exact D&A 원천 부족; debt_status=NO_EXACT_CANDIDATE, da_status=NO_EXACT_CANDIDATE"
003075,코오롱글로벌우,KOSPI,false,UNAVAILABLE,18,PBR:MISSING_PBR_OR_ROE,SOURCE_DATA_GAP,FINANCIAL_VALUATION_CACHE,FALSE,MULTI_BLOCKER_SOURCE_LANE,밸류에이션 또는 관련 이익·ROE 입력 보강 필요
003075,코오롱글로벌우,KOSPI,false,UNAVAILABLE,18,PER:MISSING_PER,SOURCE_DATA_GAP,FINANCIAL_VALUATION_CACHE,FALSE,MULTI_BLOCKER_SOURCE_LANE,밸류에이션 또는 관련 이익·ROE 입력 보강 필요
003075,코오롱글로벌우,KOSPI,false,UNAVAILABLE,18,PSR 또는 대체 가치지표:MISSING_PSR_INPUT,SOURCE_DATA_GAP,FINANCIAL_AND_RAW_SOURCE,FALSE,MULTI_BLOCKER_SOURCE_LANE,시가총액 또는 연간 매출 입력 보강 필요
003075,코오롱글로벌우,KOSPI,false,UNAVAILABLE,18,ROE:MISSING_ROE,SOURCE_DATA_GAP,FINANCIAL_VALUATION_CACHE,FALSE,MULTI_BLOCKER_SOURCE_LANE,재무·수익성 cache 입력 보강 필요
003075,코오롱글로벌우,KOSPI,false,UNAVAILABLE,18,매출 성장과 안정성:MISSING_REVENUE_GROWTH_INPUT,SOURCE_DATA_GAP,INVESTMENT_SCORE_SOURCE_CACHE,FALSE,MULTI_BLOCKER_SOURCE_LANE,연간/분기 재무 raw source 보강 필요
003075,코오롱글로벌우,KOSPI,false,UNAVAILABLE,18,부채비율:MISSING_DEBT_RATIO,SOURCE_DATA_GAP,FINANCIAL_VALUATION_CACHE,FALSE,MULTI_BLOCKER_SOURCE_LANE,재무·수익성 cache 입력 보강 필요
003075,코오롱글로벌우,KOSPI,false,UNAVAILABLE,18,수급·공시부담:SUPPLY_LIMITED_NO_POSITIVE_EVIDENCE,SOURCE_EVIDENCE_GAP,PRODUCTION_ANALYSIS_SUPPLY,FALSE,MULTI_BLOCKER_SOURCE_LANE,공시·수급 없음 판정을 확정할 만큼 source completeness가 부족함
003075,코오롱글로벌우,KOSPI,false,UNAVAILABLE,18,순이익 흐름:MISSING_EARNINGS_TREND,SOURCE_DATA_GAP,FINANCIAL_VALUATION_CACHE,FALSE,MULTI_BLOCKER_SOURCE_LANE,재무·수익성 cache 입력 보강 필요
003075,코오롱글로벌우,KOSPI,false,UNAVAILABLE,18,순현금·기업가치 상태:NETCASH_INPUT:NO_EXACT_CANDIDATE,SOURCE_DATA_GAP,NETCASH_INPUT,FALSE,MULTI_BLOCKER_SOURCE_LANE,시가총액·현금·승인 core debt 원천 보강 필요
003075,코오롱글로벌우,KOSPI,false,UNAVAILABLE,18,영업이익 성장과 흑자 여부:MISSING_OP_PROFIT,SOURCE_DATA_GAP,FINANCIAL_VALUATION_CACHE,FALSE,MULTI_BLOCKER_SOURCE_LANE,재무·수익성 cache 입력 보강 필요
003075,코오롱글로벌우,KOSPI,false,UNAVAILABLE,18,영업이익률:MISSING_MARGIN,SOURCE_DATA_GAP,FINANCIAL_VALUATION_CACHE,FALSE,MULTI_BLOCKER_SOURCE_LANE,재무·수익성 cache 입력 보강 필요
003075,코오롱글로벌우,KOSPI,false,UNAVAILABLE,18,영업현금흐름:MISSING_OCF_MARGIN_INPUT,SOURCE_DATA_GAP,OCF_AND_REVENUE_SOURCE,FALSE,MULTI_BLOCKER_SOURCE_LANE,영업현금흐름 또는 연간 매출 입력 보강 필요
003075,코오롱글로벌우,KOSPI,false,UNAVAILABLE,18,최근 3년 매출 성장률:MISSING_3Y_REVENUE,SOURCE_DATA_GAP,INVESTMENT_SCORE_SOURCE_CACHE,FALSE,MULTI_BLOCKER_SOURCE_LANE,연간/분기 재무 raw source 보강 필요
003075,코오롱글로벌우,KOSPI,false,UNAVAILABLE,18,최근 3년 영업이익 성장률:MISSING_3Y_OP,SOURCE_DATA_GAP,INVESTMENT_SCORE_SOURCE_CACHE,FALSE,MULTI_BLOCKER_SOURCE_LANE,연간/분기 재무 raw source 보강 필요
003075,코오롱글로벌우,KOSPI,false,UNAVAILABLE,18,최근 분기 실적 가속·둔화:MISSING_ACCEL_INPUT,SOURCE_DATA_GAP,INVESTMENT_SCORE_SOURCE_CACHE,FALSE,MULTI_BLOCKER_SOURCE_LANE,연간/분기 재무 raw source 보강 필요
003075,코오롱글로벌우,KOSPI,false,UNAVAILABLE,18,하루평균 절대등락률:MISSING_ELASTICITY,SOURCE_DATA_GAP,PRICE_ELASTICITY_20D,FALSE,MULTI_BLOCKER_SOURCE_LANE,20거래일 가격탄력 source 보강 필요
003075,코오롱글로벌우,KOSPI,false,UNAVAILABLE,18,흑자 지속성과 이익 안정성:MISSING_EARNINGS_TREND,SOURCE_DATA_GAP,FINANCIAL_VALUATION_CACHE,FALSE,MULTI_BLOCKER_SOURCE_LANE,재무·수익성 cache 입력 보강 필요
003090,대웅,KOSPI,false,UNAVAILABLE,18,EV/EBITDA:EV_EBITDA_INPUT:NO_EXACT_CANDIDATE:NO_EXACT_CANDIDATE,SOURCE_DATA_GAP,EXACT_DA_SOURCE,FALSE,MULTI_BLOCKER_SOURCE_LANE,"승인 exact D&A 원천 부족; debt_status=NO_EXACT_CANDIDATE, da_status=NO_EXACT_CANDIDATE"
003090,대웅,KOSPI,false,UNAVAILABLE,18,PBR:MISSING_PBR_OR_ROE,SOURCE_DATA_GAP,FINANCIAL_VALUATION_CACHE,FALSE,MULTI_BLOCKER_SOURCE_LANE,밸류에이션 또는 관련 이익·ROE 입력 보강 필요
003090,대웅,KOSPI,false,UNAVAILABLE,18,PER:MISSING_PER,SOURCE_DATA_GAP,FINANCIAL_VALUATION_CACHE,FALSE,MULTI_BLOCKER_SOURCE_LANE,밸류에이션 또는 관련 이익·ROE 입력 보강 필요
003090,대웅,KOSPI,false,UNAVAILABLE,18,PSR 또는 대체 가치지표:MISSING_PSR_INPUT,SOURCE_DATA_GAP,FINANCIAL_AND_RAW_SOURCE,FALSE,MULTI_BLOCKER_SOURCE_LANE,시가총액 또는 연간 매출 입력 보강 필요
003090,대웅,KOSPI,false,UNAVAILABLE,18,ROE:MISSING_ROE,SOURCE_DATA_GAP,FINANCIAL_VALUATION_CACHE,FALSE,MULTI_BLOCKER_SOURCE_LANE,재무·수익성 cache 입력 보강 필요
003090,대웅,KOSPI,false,UNAVAILABLE,18,매출 성장과 안정성:MISSING_REVENUE_GROWTH_INPUT,SOURCE_DATA_GAP,INVESTMENT_SCORE_SOURCE_CACHE,FALSE,MULTI_BLOCKER_SOURCE_LANE,연간/분기 재무 raw source 보강 필요
003090,대웅,KOSPI,false,UNAVAILABLE,18,부채비율:MISSING_DEBT_RATIO,SOURCE_DATA_GAP,FINANCIAL_VALUATION_CACHE,FALSE,MULTI_BLOCKER_SOURCE_LANE,재무·수익성 cache 입력 보강 필요
003090,대웅,KOSPI,false,UNAVAILABLE,18,수급·공시부담:SUPPLY_LIMITED_NO_POSITIVE_EVIDENCE,SOURCE_EVIDENCE_GAP,PRODUCTION_ANALYSIS_SUPPLY,FALSE,MULTI_BLOCKER_SOURCE_LANE,공시·수급 없음 판정을 확정할 만큼 source completeness가 부족함
003090,대웅,KOSPI,false,UNAVAILABLE,18,순이익 흐름:MISSING_EARNINGS_TREND,SOURCE_DATA_GAP,FINANCIAL_VALUATION_CACHE,FALSE,MULTI_BLOCKER_SOURCE_LANE,재무·수익성 cache 입력 보강 필요
003090,대웅,KOSPI,false,UNAVAILABLE,18,순현금·기업가치 상태:NETCASH_INPUT:NO_EXACT_CANDIDATE,SOURCE_DATA_GAP,NETCASH_INPUT,FALSE,MULTI_BLOCKER_SOURCE_LANE,시가총액·현금·승인 core debt 원천 보강 필요
003090,대웅,KOSPI,false,UNAVAILABLE,18,영업이익 성장과 흑자 여부:MISSING_OP_PROFIT,SOURCE_DATA_GAP,FINANCIAL_VALUATION_CACHE,FALSE,MULTI_BLOCKER_SOURCE_LANE,재무·수익성 cache 입력 보강 필요
003090,대웅,KOSPI,false,UNAVAILABLE,18,영업이익률:MISSING_MARGIN,SOURCE_DATA_GAP,FINANCIAL_VALUATION_CACHE,FALSE,MULTI_BLOCKER_SOURCE_LANE,재무·수익성 cache 입력 보강 필요
003090,대웅,KOSPI,false,UNAVAILABLE,18,영업현금흐름:MISSING_OCF_MARGIN_INPUT,SOURCE_DATA_GAP,OCF_AND_REVENUE_SOURCE,FALSE,MULTI_BLOCKER_SOURCE_LANE,영업현금흐름 또는 연간 매출 입력 보강 필요
003090,대웅,KOSPI,false,UNAVAILABLE,18,최근 3년 매출 성장률:MISSING_3Y_REVENUE,SOURCE_DATA_GAP,INVESTMENT_SCORE_SOURCE_CACHE,FALSE,MULTI_BLOCKER_SOURCE_LANE,연간/분기 재무 raw source 보강 필요
003090,대웅,KOSPI,false,UNAVAILABLE,18,최근 3년 영업이익 성장률:MISSING_3Y_OP,SOURCE_DATA_GAP,INVESTMENT_SCORE_SOURCE_CACHE,FALSE,MULTI_BLOCKER_SOURCE_LANE,연간/분기 재무 raw source 보강 필요
003090,대웅,KOSPI,false,UNAVAILABLE,18,최근 분기 실적 가속·둔화:MISSING_ACCEL_INPUT,SOURCE_DATA_GAP,INVESTMENT_SCORE_SOURCE_CACHE,FALSE,MULTI_BLOCKER_SOURCE_LANE,연간/분기 재무 raw source 보강 필요
003090,대웅,KOSPI,false,UNAVAILABLE,18,하루평균 절대등락률:MISSING_ELASTICITY,SOURCE_DATA_GAP,PRICE_ELASTICITY_20D,FALSE,MULTI_BLOCKER_SOURCE_LANE,20거래일 가격탄력 source 보강 필요
003090,대웅,KOSPI,false,UNAVAILABLE,18,흑자 지속성과 이익 안정성:MISSING_EARNINGS_TREND,SOURCE_DATA_GAP,FINANCIAL_VALUATION_CACHE,FALSE,MULTI_BLOCKER_SOURCE_LANE,재무·수익성 cache 입력 보강 필요
003520,영진약품,KOSPI,false,UNAVAILABLE,18,EV/EBITDA:EV_EBITDA_INPUT:NO_EXACT_CANDIDATE:NO_EXACT_CANDIDATE,SOURCE_DATA_GAP,EXACT_DA_SOURCE,FALSE,MULTI_BLOCKER_SOURCE_LANE,"승인 exact D&A 원천 부족; debt_status=NO_EXACT_CANDIDATE, da_status=NO_EXACT_CANDIDATE"
003520,영진약품,KOSPI,false,UNAVAILABLE,18,PBR:MISSING_PBR_OR_ROE,SOURCE_DATA_GAP,FINANCIAL_VALUATION_CACHE,FALSE,MULTI_BLOCKER_SOURCE_LANE,밸류에이션 또는 관련 이익·ROE 입력 보강 필요
003520,영진약품,KOSPI,false,UNAVAILABLE,18,PER:MISSING_PER,SOURCE_DATA_GAP,FINANCIAL_VALUATION_CACHE,FALSE,MULTI_BLOCKER_SOURCE_LANE,밸류에이션 또는 관련 이익·ROE 입력 보강 필요
003520,영진약품,KOSPI,false,UNAVAILABLE,18,PSR 또는 대체 가치지표:MISSING_PSR_INPUT,SOURCE_DATA_GAP,FINANCIAL_AND_RAW_SOURCE,FALSE,MULTI_BLOCKER_SOURCE_LANE,시가총액 또는 연간 매출 입력 보강 필요
003520,영진약품,KOSPI,false,UNAVAILABLE,18,ROE:MISSING_ROE,SOURCE_DATA_GAP,FINANCIAL_VALUATION_CACHE,FALSE,MULTI_BLOCKER_SOURCE_LANE,재무·수익성 cache 입력 보강 필요
003520,영진약품,KOSPI,false,UNAVAILABLE,18,매출 성장과 안정성:MISSING_REVENUE_GROWTH_INPUT,SOURCE_DATA_GAP,INVESTMENT_SCORE_SOURCE_CACHE,FALSE,MULTI_BLOCKER_SOURCE_LANE,연간/분기 재무 raw source 보강 필요
003520,영진약품,KOSPI,false,UNAVAILABLE,18,부채비율:MISSING_DEBT_RATIO,SOURCE_DATA_GAP,FINANCIAL_VALUATION_CACHE,FALSE,MULTI_BLOCKER_SOURCE_LANE,재무·수익성 cache 입력 보강 필요
003520,영진약품,KOSPI,false,UNAVAILABLE,18,수급·공시부담:SUPPLY_LIMITED_NO_POSITIVE_EVIDENCE,SOURCE_EVIDENCE_GAP,PRODUCTION_ANALYSIS_SUPPLY,FALSE,MULTI_BLOCKER_SOURCE_LANE,공시·수급 없음 판정을 확정할 만큼 source completeness가 부족함
003520,영진약품,KOSPI,false,UNAVAILABLE,18,순이익 흐름:MISSING_EARNINGS_TREND,SOURCE_DATA_GAP,FINANCIAL_VALUATION_CACHE,FALSE,MULTI_BLOCKER_SOURCE_LANE,재무·수익성 cache 입력 보강 필요
003520,영진약품,KOSPI,false,UNAVAILABLE,18,순현금·기업가치 상태:NETCASH_INPUT:NO_EXACT_CANDIDATE,SOURCE_DATA_GAP,NETCASH_INPUT,FALSE,MULTI_BLOCKER_SOURCE_LANE,시가총액·현금·승인 core debt 원천 보강 필요
003520,영진약품,KOSPI,false,UNAVAILABLE,18,영업이익 성장과 흑자 여부:MISSING_OP_PROFIT,SOURCE_DATA_GAP,FINANCIAL_VALUATION_CACHE,FALSE,MULTI_BLOCKER_SOURCE_LANE,재무·수익성 cache 입력 보강 필요
003520,영진약품,KOSPI,false,UNAVAILABLE,18,영업이익률:MISSING_MARGIN,SOURCE_DATA_GAP,FINANCIAL_VALUATION_CACHE,FALSE,MULTI_BLOCKER_SOURCE_LANE,재무·수익성 cache 입력 보강 필요
003520,영진약품,KOSPI,false,UNAVAILABLE,18,영업현금흐름:MISSING_OCF_MARGIN_INPUT,SOURCE_DATA_GAP,OCF_AND_REVENUE_SOURCE,FALSE,MULTI_BLOCKER_SOURCE_LANE,영업현금흐름 또는 연간 매출 입력 보강 필요
003520,영진약품,KOSPI,false,UNAVAILABLE,18,최근 3년 매출 성장률:MISSING_3Y_REVENUE,SOURCE_DATA_GAP,INVESTMENT_SCORE_SOURCE_CACHE,FALSE,MULTI_BLOCKER_SOURCE_LANE,연간/분기 재무 raw source 보강 필요
003520,영진약품,KOSPI,false,UNAVAILABLE,18,최근 3년 영업이익 성장률:MISSING_3Y_OP,SOURCE_DATA_GAP,INVESTMENT_SCORE_SOURCE_CACHE,FALSE,MULTI_BLOCKER_SOURCE_LANE,연간/분기 재무 raw source 보강 필요
003520,영진약품,KOSPI,false,UNAVAILABLE,18,최근 분기 실적 가속·둔화:MISSING_ACCEL_INPUT,SOURCE_DATA_GAP,INVESTMENT_SCORE_SOURCE_CACHE,FALSE,MULTI_BLOCKER_SOURCE_LANE,연간/분기 재무 raw source 보강 필요
003520,영진약품,KOSPI,false,UNAVAILABLE,18,하루평균 절대등락률:MISSING_ELASTICITY,SOURCE_DATA_GAP,PRICE_ELASTICITY_20D,FALSE,MULTI_BLOCKER_SOURCE_LANE,20거래일 가격탄력 source 보강 필요
003520,영진약품,KOSPI,false,UNAVAILABLE,18,흑자 지속성과 이익 안정성:MISSING_EARNINGS_TREND,SOURCE_DATA_GAP,FINANCIAL_VALUATION_CACHE,FALSE,MULTI_BLOCKER_SOURCE_LANE,재무·수익성 cache 입력 보강 필요
004060,SG세계물산,KOSPI,false,UNAVAILABLE,18,EV/EBITDA:EV_EBITDA_INPUT:NO_EXACT_CANDIDATE:NO_EXACT_CANDIDATE,SOURCE_DATA_GAP,EXACT_DA_SOURCE,FALSE,MULTI_BLOCKER_SOURCE_LANE,"승인 exact D&A 원천 부족; debt_status=NO_EXACT_CANDIDATE, da_status=NO_EXACT_CANDIDATE"
004060,SG세계물산,KOSPI,false,UNAVAILABLE,18,PBR:MISSING_PBR_OR_ROE,SOURCE_DATA_GAP,FINANCIAL_VALUATION_CACHE,FALSE,MULTI_BLOCKER_SOURCE_LANE,밸류에이션 또는 관련 이익·ROE 입력 보강 필요
004060,SG세계물산,KOSPI,false,UNAVAILABLE,18,PER:MISSING_PER,SOURCE_DATA_GAP,FINANCIAL_VALUATION_CACHE,FALSE,MULTI_BLOCKER_SOURCE_LANE,밸류에이션 또는 관련 이익·ROE 입력 보강 필요
004060,SG세계물산,KOSPI,false,UNAVAILABLE,18,PSR 또는 대체 가치지표:MISSING_PSR_INPUT,SOURCE_DATA_GAP,FINANCIAL_AND_RAW_SOURCE,FALSE,MULTI_BLOCKER_SOURCE_LANE,시가총액 또는 연간 매출 입력 보강 필요
004060,SG세계물산,KOSPI,false,UNAVAILABLE,18,ROE:MISSING_ROE,SOURCE_DATA_GAP,FINANCIAL_VALUATION_CACHE,FALSE,MULTI_BLOCKER_SOURCE_LANE,재무·수익성 cache 입력 보강 필요
004060,SG세계물산,KOSPI,false,UNAVAILABLE,18,과열·급락 위험:MISSING_RISK_INPUT,SOURCE_DATA_GAP,PRODUCTION_PRICE_METRICS,FALSE,MULTI_BLOCKER_SOURCE_LANE,가격·스윙·ATR·거래활동 metric 보강 필요
004060,SG세계물산,KOSPI,false,UNAVAILABLE,18,매출 성장과 안정성:MISSING_REVENUE_GROWTH_INPUT,SOURCE_DATA_GAP,INVESTMENT_SCORE_SOURCE_CACHE,FALSE,MULTI_BLOCKER_SOURCE_LANE,연간/분기 재무 raw source 보강 필요
004060,SG세계물산,KOSPI,false,UNAVAILABLE,18,부채비율:MISSING_DEBT_RATIO,SOURCE_DATA_GAP,FINANCIAL_VALUATION_CACHE,FALSE,MULTI_BLOCKER_SOURCE_LANE,재무·수익성 cache 입력 보강 필요
004060,SG세계물산,KOSPI,false,UNAVAILABLE,18,순이익 흐름:MISSING_EARNINGS_TREND,SOURCE_DATA_GAP,FINANCIAL_VALUATION_CACHE,FALSE,MULTI_BLOCKER_SOURCE_LANE,재무·수익성 cache 입력 보강 필요
004060,SG세계물산,KOSPI,false,UNAVAILABLE,18,순현금·기업가치 상태:NETCASH_INPUT:NO_EXACT_CANDIDATE,SOURCE_DATA_GAP,NETCASH_INPUT,FALSE,MULTI_BLOCKER_SOURCE_LANE,시가총액·현금·승인 core debt 원천 보강 필요
004060,SG세계물산,KOSPI,false,UNAVAILABLE,18,영업이익 성장과 흑자 여부:MISSING_OP_PROFIT,SOURCE_DATA_GAP,FINANCIAL_VALUATION_CACHE,FALSE,MULTI_BLOCKER_SOURCE_LANE,재무·수익성 cache 입력 보강 필요
004060,SG세계물산,KOSPI,false,UNAVAILABLE,18,영업이익률:MISSING_MARGIN,SOURCE_DATA_GAP,FINANCIAL_VALUATION_CACHE,FALSE,MULTI_BLOCKER_SOURCE_LANE,재무·수익성 cache 입력 보강 필요
004060,SG세계물산,KOSPI,false,UNAVAILABLE,18,영업현금흐름:MISSING_OCF_MARGIN_INPUT,SOURCE_DATA_GAP,OCF_AND_REVENUE_SOURCE,FALSE,MULTI_BLOCKER_SOURCE_LANE,영업현금흐름 또는 연간 매출 입력 보강 필요
004060,SG세계물산,KOSPI,false,UNAVAILABLE,18,최근 3년 매출 성장률:MISSING_3Y_REVENUE,SOURCE_DATA_GAP,INVESTMENT_SCORE_SOURCE_CACHE,FALSE,MULTI_BLOCKER_SOURCE_LANE,연간/분기 재무 raw source 보강 필요
004060,SG세계물산,KOSPI,false,UNAVAILABLE,18,최근 3년 영업이익 성장률:MISSING_3Y_OP,SOURCE_DATA_GAP,INVESTMENT_SCORE_SOURCE_CACHE,FALSE,MULTI_BLOCKER_SOURCE_LANE,연간/분기 재무 raw source 보강 필요
004060,SG세계물산,KOSPI,false,UNAVAILABLE,18,최근 분기 실적 가속·둔화:MISSING_ACCEL_INPUT,SOURCE_DATA_GAP,INVESTMENT_SCORE_SOURCE_CACHE,FALSE,MULTI_BLOCKER_SOURCE_LANE,연간/분기 재무 raw source 보강 필요
004060,SG세계물산,KOSPI,false,UNAVAILABLE,18,하루평균 절대등락률:MISSING_ELASTICITY,SOURCE_DATA_GAP,PRICE_ELASTICITY_20D,FALSE,MULTI_BLOCKER_SOURCE_LANE,20거래일 가격탄력 source 보강 필요
004060,SG세계물산,KOSPI,false,UNAVAILABLE,18,흑자 지속성과 이익 안정성:MISSING_EARNINGS_TREND,SOURCE_DATA_GAP,FINANCIAL_VALUATION_CACHE,FALSE,MULTI_BLOCKER_SOURCE_LANE,재무·수익성 cache 입력 보강 필요
004090,한국석유,KOSPI,false,UNAVAILABLE,18,EV/EBITDA:EV_EBITDA_INPUT:NO_EXACT_CANDIDATE:NO_EXACT_CANDIDATE,SOURCE_DATA_GAP,EXACT_DA_SOURCE,FALSE,MULTI_BLOCKER_SOURCE_LANE,"승인 exact D&A 원천 부족; debt_status=NO_EXACT_CANDIDATE, da_status=NO_EXACT_CANDIDATE"
004090,한국석유,KOSPI,false,UNAVAILABLE,18,PBR:MISSING_PBR_OR_ROE,SOURCE_DATA_GAP,FINANCIAL_VALUATION_CACHE,FALSE,MULTI_BLOCKER_SOURCE_LANE,밸류에이션 또는 관련 이익·ROE 입력 보강 필요
004090,한국석유,KOSPI,false,UNAVAILABLE,18,PER:MISSING_PER,SOURCE_DATA_GAP,FINANCIAL_VALUATION_CACHE,FALSE,MULTI_BLOCKER_SOURCE_LANE,밸류에이션 또는 관련 이익·ROE 입력 보강 필요
004090,한국석유,KOSPI,false,UNAVAILABLE,18,PSR 또는 대체 가치지표:MISSING_PSR_INPUT,SOURCE_DATA_GAP,FINANCIAL_AND_RAW_SOURCE,FALSE,MULTI_BLOCKER_SOURCE_LANE,시가총액 또는 연간 매출 입력 보강 필요
004090,한국석유,KOSPI,false,UNAVAILABLE,18,ROE:MISSING_ROE,SOURCE_DATA_GAP,FINANCIAL_VALUATION_CACHE,FALSE,MULTI_BLOCKER_SOURCE_LANE,재무·수익성 cache 입력 보강 필요
004090,한국석유,KOSPI,false,UNAVAILABLE,18,매출 성장과 안정성:MISSING_REVENUE_GROWTH_INPUT,SOURCE_DATA_GAP,INVESTMENT_SCORE_SOURCE_CACHE,FALSE,MULTI_BLOCKER_SOURCE_LANE,연간/분기 재무 raw source 보강 필요
004090,한국석유,KOSPI,false,UNAVAILABLE,18,부채비율:MISSING_DEBT_RATIO,SOURCE_DATA_GAP,FINANCIAL_VALUATION_CACHE,FALSE,MULTI_BLOCKER_SOURCE_LANE,재무·수익성 cache 입력 보강 필요
004090,한국석유,KOSPI,false,UNAVAILABLE,18,수급·공시부담:SUPPLY_LIMITED_NO_POSITIVE_EVIDENCE,SOURCE_EVIDENCE_GAP,PRODUCTION_ANALYSIS_SUPPLY,FALSE,MULTI_BLOCKER_SOURCE_LANE,공시·수급 없음 판정을 확정할 만큼 source completeness가 부족함
004090,한국석유,KOSPI,false,UNAVAILABLE,18,순이익 흐름:MISSING_EARNINGS_TREND,SOURCE_DATA_GAP,FINANCIAL_VALUATION_CACHE,FALSE,MULTI_BLOCKER_SOURCE_LANE,재무·수익성 cache 입력 보강 필요
004090,한국석유,KOSPI,false,UNAVAILABLE,18,순현금·기업가치 상태:NETCASH_INPUT:NO_EXACT_CANDIDATE,SOURCE_DATA_GAP,NETCASH_INPUT,FALSE,MULTI_BLOCKER_SOURCE_LANE,시가총액·현금·승인 core debt 원천 보강 필요
004090,한국석유,KOSPI,false,UNAVAILABLE,18,영업이익 성장과 흑자 여부:MISSING_OP_PROFIT,SOURCE_DATA_GAP,FINANCIAL_VALUATION_CACHE,FALSE,MULTI_BLOCKER_SOURCE_LANE,재무·수익성 cache 입력 보강 필요
004090,한국석유,KOSPI,false,UNAVAILABLE,18,영업이익률:MISSING_MARGIN,SOURCE_DATA_GAP,FINANCIAL_VALUATION_CACHE,FALSE,MULTI_BLOCKER_SOURCE_LANE,재무·수익성 cache 입력 보강 필요
004090,한국석유,KOSPI,false,UNAVAILABLE,18,영업현금흐름:MISSING_OCF_MARGIN_INPUT,SOURCE_DATA_GAP,OCF_AND_REVENUE_SOURCE,FALSE,MULTI_BLOCKER_SOURCE_LANE,영업현금흐름 또는 연간 매출 입력 보강 필요
004090,한국석유,KOSPI,false,UNAVAILABLE,18,최근 3년 매출 성장률:MISSING_3Y_REVENUE,SOURCE_DATA_GAP,INVESTMENT_SCORE_SOURCE_CACHE,FALSE,MULTI_BLOCKER_SOURCE_LANE,연간/분기 재무 raw source 보강 필요
004090,한국석유,KOSPI,false,UNAVAILABLE,18,최근 3년 영업이익 성장률:MISSING_3Y_OP,SOURCE_DATA_GAP,INVESTMENT_SCORE_SOURCE_CACHE,FALSE,MULTI_BLOCKER_SOURCE_LANE,연간/분기 재무 raw source 보강 필요
004090,한국석유,KOSPI,false,UNAVAILABLE,18,최근 분기 실적 가속·둔화:MISSING_ACCEL_INPUT,SOURCE_DATA_GAP,INVESTMENT_SCORE_SOURCE_CACHE,FALSE,MULTI_BLOCKER_SOURCE_LANE,연간/분기 재무 raw source 보강 필요
004090,한국석유,KOSPI,false,UNAVAILABLE,18,하루평균 절대등락률:MISSING_ELASTICITY,SOURCE_DATA_GAP,PRICE_ELASTICITY_20D,FALSE,MULTI_BLOCKER_SOURCE_LANE,20거래일 가격탄력 source 보강 필요
004090,한국석유,KOSPI,false,UNAVAILABLE,18,흑자 지속성과 이익 안정성:MISSING_EARNINGS_TREND,SOURCE_DATA_GAP,FINANCIAL_VALUATION_CACHE,FALSE,MULTI_BLOCKER_SOURCE_LANE,재무·수익성 cache 입력 보강 필요
004255,NPC우,KOSPI,false,UNAVAILABLE,18,EV/EBITDA:EV_EBITDA_INPUT:NO_EXACT_CANDIDATE:NO_EXACT_CANDIDATE,SOURCE_DATA_GAP,EXACT_DA_SOURCE,FALSE,MULTI_BLOCKER_SOURCE_LANE,"승인 exact D&A 원천 부족; debt_status=NO_EXACT_CANDIDATE, da_status=NO_EXACT_CANDIDATE"
004255,NPC우,KOSPI,false,UNAVAILABLE,18,PBR:MISSING_PBR_OR_ROE,SOURCE_DATA_GAP,FINANCIAL_VALUATION_CACHE,FALSE,MULTI_BLOCKER_SOURCE_LANE,밸류에이션 또는 관련 이익·ROE 입력 보강 필요
004255,NPC우,KOSPI,false,UNAVAILABLE,18,PER:MISSING_PER,SOURCE_DATA_GAP,FINANCIAL_VALUATION_CACHE,FALSE,MULTI_BLOCKER_SOURCE_LANE,밸류에이션 또는 관련 이익·ROE 입력 보강 필요
004255,NPC우,KOSPI,false,UNAVAILABLE,18,PSR 또는 대체 가치지표:MISSING_PSR_INPUT,SOURCE_DATA_GAP,FINANCIAL_AND_RAW_SOURCE,FALSE,MULTI_BLOCKER_SOURCE_LANE,시가총액 또는 연간 매출 입력 보강 필요
004255,NPC우,KOSPI,false,UNAVAILABLE,18,ROE:MISSING_ROE,SOURCE_DATA_GAP,FINANCIAL_VALUATION_CACHE,FALSE,MULTI_BLOCKER_SOURCE_LANE,재무·수익성 cache 입력 보강 필요
004255,NPC우,KOSPI,false,UNAVAILABLE,18,매출 성장과 안정성:MISSING_REVENUE_GROWTH_INPUT,SOURCE_DATA_GAP,INVESTMENT_SCORE_SOURCE_CACHE,FALSE,MULTI_BLOCKER_SOURCE_LANE,연간/분기 재무 raw source 보강 필요
004255,NPC우,KOSPI,false,UNAVAILABLE,18,부채비율:MISSING_DEBT_RATIO,SOURCE_DATA_GAP,FINANCIAL_VALUATION_CACHE,FALSE,MULTI_BLOCKER_SOURCE_LANE,재무·수익성 cache 입력 보강 필요
004255,NPC우,KOSPI,false,UNAVAILABLE,18,수급·공시부담:SUPPLY_LIMITED_NO_POSITIVE_EVIDENCE,SOURCE_EVIDENCE_GAP,PRODUCTION_ANALYSIS_SUPPLY,FALSE,MULTI_BLOCKER_SOURCE_LANE,공시·수급 없음 판정을 확정할 만큼 source completeness가 부족함
004255,NPC우,KOSPI,false,UNAVAILABLE,18,순이익 흐름:MISSING_EARNINGS_TREND,SOURCE_DATA_GAP,FINANCIAL_VALUATION_CACHE,FALSE,MULTI_BLOCKER_SOURCE_LANE,재무·수익성 cache 입력 보강 필요
004255,NPC우,KOSPI,false,UNAVAILABLE,18,순현금·기업가치 상태:NETCASH_INPUT:NO_EXACT_CANDIDATE,SOURCE_DATA_GAP,NETCASH_INPUT,FALSE,MULTI_BLOCKER_SOURCE_LANE,시가총액·현금·승인 core debt 원천 보강 필요
004255,NPC우,KOSPI,false,UNAVAILABLE,18,영업이익 성장과 흑자 여부:MISSING_OP_PROFIT,SOURCE_DATA_GAP,FINANCIAL_VALUATION_CACHE,FALSE,MULTI_BLOCKER_SOURCE_LANE,재무·수익성 cache 입력 보강 필요
004255,NPC우,KOSPI,false,UNAVAILABLE,18,영업이익률:MISSING_MARGIN,SOURCE_DATA_GAP,FINANCIAL_VALUATION_CACHE,FALSE,MULTI_BLOCKER_SOURCE_LANE,재무·수익성 cache 입력 보강 필요
004255,NPC우,KOSPI,false,UNAVAILABLE,18,영업현금흐름:MISSING_OCF_MARGIN_INPUT,SOURCE_DATA_GAP,OCF_AND_REVENUE_SOURCE,FALSE,MULTI_BLOCKER_SOURCE_LANE,영업현금흐름 또는 연간 매출 입력 보강 필요
004255,NPC우,KOSPI,false,UNAVAILABLE,18,최근 3년 매출 성장률:MISSING_3Y_REVENUE,SOURCE_DATA_GAP,INVESTMENT_SCORE_SOURCE_CACHE,FALSE,MULTI_BLOCKER_SOURCE_LANE,연간/분기 재무 raw source 보강 필요
004255,NPC우,KOSPI,false,UNAVAILABLE,18,최근 3년 영업이익 성장률:MISSING_3Y_OP,SOURCE_DATA_GAP,INVESTMENT_SCORE_SOURCE_CACHE,FALSE,MULTI_BLOCKER_SOURCE_LANE,연간/분기 재무 raw source 보강 필요
004255,NPC우,KOSPI,false,UNAVAILABLE,18,최근 분기 실적 가속·둔화:MISSING_ACCEL_INPUT,SOURCE_DATA_GAP,INVESTMENT_SCORE_SOURCE_CACHE,FALSE,MULTI_BLOCKER_SOURCE_LANE,연간/분기 재무 raw source 보강 필요
004255,NPC우,KOSPI,false,UNAVAILABLE,18,하루평균 절대등락률:MISSING_ELASTICITY,SOURCE_DATA_GAP,PRICE_ELASTICITY_20D,FALSE,MULTI_BLOCKER_SOURCE_LANE,20거래일 가격탄력 source 보강 필요
004255,NPC우,KOSPI,false,UNAVAILABLE,18,흑자 지속성과 이익 안정성:MISSING_EARNINGS_TREND,SOURCE_DATA_GAP,FINANCIAL_VALUATION_CACHE,FALSE,MULTI_BLOCKER_SOURCE_LANE,재무·수익성 cache 입력 보강 필요
005180,빙그레,KOSPI,false,UNAVAILABLE,18,EV/EBITDA:EV_EBITDA_INPUT:NO_EXACT_CANDIDATE:NO_EXACT_CANDIDATE,SOURCE_DATA_GAP,EXACT_DA_SOURCE,FALSE,MULTI_BLOCKER_SOURCE_LANE,"승인 exact D&A 원천 부족; debt_status=NO_EXACT_CANDIDATE, da_status=NO_EXACT_CANDIDATE"
005180,빙그레,KOSPI,false,UNAVAILABLE,18,PBR:MISSING_PBR_OR_ROE,SOURCE_DATA_GAP,FINANCIAL_VALUATION_CACHE,FALSE,MULTI_BLOCKER_SOURCE_LANE,밸류에이션 또는 관련 이익·ROE 입력 보강 필요
005180,빙그레,KOSPI,false,UNAVAILABLE,18,PER:MISSING_PER,SOURCE_DATA_GAP,FINANCIAL_VALUATION_CACHE,FALSE,MULTI_BLOCKER_SOURCE_LANE,밸류에이션 또는 관련 이익·ROE 입력 보강 필요
005180,빙그레,KOSPI,false,UNAVAILABLE,18,PSR 또는 대체 가치지표:MISSING_PSR_INPUT,SOURCE_DATA_GAP,FINANCIAL_AND_RAW_SOURCE,FALSE,MULTI_BLOCKER_SOURCE_LANE,시가총액 또는 연간 매출 입력 보강 필요
005180,빙그레,KOSPI,false,UNAVAILABLE,18,ROE:MISSING_ROE,SOURCE_DATA_GAP,FINANCIAL_VALUATION_CACHE,FALSE,MULTI_BLOCKER_SOURCE_LANE,재무·수익성 cache 입력 보강 필요
005180,빙그레,KOSPI,false,UNAVAILABLE,18,매출 성장과 안정성:MISSING_REVENUE_GROWTH_INPUT,SOURCE_DATA_GAP,INVESTMENT_SCORE_SOURCE_CACHE,FALSE,MULTI_BLOCKER_SOURCE_LANE,연간/분기 재무 raw source 보강 필요
005180,빙그레,KOSPI,false,UNAVAILABLE,18,부채비율:MISSING_DEBT_RATIO,SOURCE_DATA_GAP,FINANCIAL_VALUATION_CACHE,FALSE,MULTI_BLOCKER_SOURCE_LANE,재무·수익성 cache 입력 보강 필요
005180,빙그레,KOSPI,false,UNAVAILABLE,18,수급·공시부담:SUPPLY_LIMITED_NO_POSITIVE_EVIDENCE,SOURCE_EVIDENCE_GAP,PRODUCTION_ANALYSIS_SUPPLY,FALSE,MULTI_BLOCKER_SOURCE_LANE,공시·수급 없음 판정을 확정할 만큼 source completeness가 부족함
005180,빙그레,KOSPI,false,UNAVAILABLE,18,순이익 흐름:MISSING_EARNINGS_TREND,SOURCE_DATA_GAP,FINANCIAL_VALUATION_CACHE,FALSE,MULTI_BLOCKER_SOURCE_LANE,재무·수익성 cache 입력 보강 필요
005180,빙그레,KOSPI,false,UNAVAILABLE,18,순현금·기업가치 상태:NETCASH_INPUT:NO_EXACT_CANDIDATE,SOURCE_DATA_GAP,NETCASH_INPUT,FALSE,MULTI_BLOCKER_SOURCE_LANE,시가총액·현금·승인 core debt 원천 보강 필요
005180,빙그레,KOSPI,false,UNAVAILABLE,18,영업이익 성장과 흑자 여부:MISSING_OP_PROFIT,SOURCE_DATA_GAP,FINANCIAL_VALUATION_CACHE,FALSE,MULTI_BLOCKER_SOURCE_LANE,재무·수익성 cache 입력 보강 필요
005180,빙그레,KOSPI,false,UNAVAILABLE,18,영업이익률:MISSING_MARGIN,SOURCE_DATA_GAP,FINANCIAL_VALUATION_CACHE,FALSE,MULTI_BLOCKER_SOURCE_LANE,재무·수익성 cache 입력 보강 필요
005180,빙그레,KOSPI,false,UNAVAILABLE,18,영업현금흐름:MISSING_OCF_MARGIN_INPUT,SOURCE_DATA_GAP,OCF_AND_REVENUE_SOURCE,FALSE,MULTI_BLOCKER_SOURCE_LANE,영업현금흐름 또는 연간 매출 입력 보강 필요
005180,빙그레,KOSPI,false,UNAVAILABLE,18,최근 3년 매출 성장률:MISSING_3Y_REVENUE,SOURCE_DATA_GAP,INVESTMENT_SCORE_SOURCE_CACHE,FALSE,MULTI_BLOCKER_SOURCE_LANE,연간/분기 재무 raw source 보강 필요
005180,빙그레,KOSPI,false,UNAVAILABLE,18,최근 3년 영업이익 성장률:MISSING_3Y_OP,SOURCE_DATA_GAP,INVESTMENT_SCORE_SOURCE_CACHE,FALSE,MULTI_BLOCKER_SOURCE_LANE,연간/분기 재무 raw source 보강 필요
005180,빙그레,KOSPI,false,UNAVAILABLE,18,최근 분기 실적 가속·둔화:MISSING_ACCEL_INPUT,SOURCE_DATA_GAP,INVESTMENT_SCORE_SOURCE_CACHE,FALSE,MULTI_BLOCKER_SOURCE_LANE,연간/분기 재무 raw source 보강 필요
005180,빙그레,KOSPI,false,UNAVAILABLE,18,하루평균 절대등락률:MISSING_ELASTICITY,SOURCE_DATA_GAP,PRICE_ELASTICITY_20D,FALSE,MULTI_BLOCKER_SOURCE_LANE,20거래일 가격탄력 source 보강 필요
005180,빙그레,KOSPI,false,UNAVAILABLE,18,흑자 지속성과 이익 안정성:MISSING_EARNINGS_TREND,SOURCE_DATA_GAP,FINANCIAL_VALUATION_CACHE,FALSE,MULTI_BLOCKER_SOURCE_LANE,재무·수익성 cache 입력 보강 필요
005250,녹십자홀딩스,KOSPI,false,UNAVAILABLE,18,EV/EBITDA:EV_EBITDA_INPUT:NO_EXACT_CANDIDATE:NO_EXACT_CANDIDATE,SOURCE_DATA_GAP,EXACT_DA_SOURCE,FALSE,MULTI_BLOCKER_SOURCE_LANE,"승인 exact D&A 원천 부족; debt_status=NO_EXACT_CANDIDATE, da_status=NO_EXACT_CANDIDATE"
005250,녹십자홀딩스,KOSPI,false,UNAVAILABLE,18,PBR:MISSING_PBR_OR_ROE,SOURCE_DATA_GAP,FINANCIAL_VALUATION_CACHE,FALSE,MULTI_BLOCKER_SOURCE_LANE,밸류에이션 또는 관련 이익·ROE 입력 보강 필요
005250,녹십자홀딩스,KOSPI,false,UNAVAILABLE,18,PER:MISSING_PER,SOURCE_DATA_GAP,FINANCIAL_VALUATION_CACHE,FALSE,MULTI_BLOCKER_SOURCE_LANE,밸류에이션 또는 관련 이익·ROE 입력 보강 필요
005250,녹십자홀딩스,KOSPI,false,UNAVAILABLE,18,PSR 또는 대체 가치지표:MISSING_PSR_INPUT,SOURCE_DATA_GAP,FINANCIAL_AND_RAW_SOURCE,FALSE,MULTI_BLOCKER_SOURCE_LANE,시가총액 또는 연간 매출 입력 보강 필요
005250,녹십자홀딩스,KOSPI,false,UNAVAILABLE,18,ROE:MISSING_ROE,SOURCE_DATA_GAP,FINANCIAL_VALUATION_CACHE,FALSE,MULTI_BLOCKER_SOURCE_LANE,재무·수익성 cache 입력 보강 필요
005250,녹십자홀딩스,KOSPI,false,UNAVAILABLE,18,매출 성장과 안정성:MISSING_REVENUE_GROWTH_INPUT,SOURCE_DATA_GAP,INVESTMENT_SCORE_SOURCE_CACHE,FALSE,MULTI_BLOCKER_SOURCE_LANE,연간/분기 재무 raw source 보강 필요
005250,녹십자홀딩스,KOSPI,false,UNAVAILABLE,18,부채비율:MISSING_DEBT_RATIO,SOURCE_DATA_GAP,FINANCIAL_VALUATION_CACHE,FALSE,MULTI_BLOCKER_SOURCE_LANE,재무·수익성 cache 입력 보강 필요
005250,녹십자홀딩스,KOSPI,false,UNAVAILABLE,18,수급·공시부담:SUPPLY_LIMITED_NO_POSITIVE_EVIDENCE,SOURCE_EVIDENCE_GAP,PRODUCTION_ANALYSIS_SUPPLY,FALSE,MULTI_BLOCKER_SOURCE_LANE,공시·수급 없음 판정을 확정할 만큼 source completeness가 부족함
005250,녹십자홀딩스,KOSPI,false,UNAVAILABLE,18,순이익 흐름:MISSING_EARNINGS_TREND,SOURCE_DATA_GAP,FINANCIAL_VALUATION_CACHE,FALSE,MULTI_BLOCKER_SOURCE_LANE,재무·수익성 cache 입력 보강 필요
005250,녹십자홀딩스,KOSPI,false,UNAVAILABLE,18,순현금·기업가치 상태:NETCASH_INPUT:NO_EXACT_CANDIDATE,SOURCE_DATA_GAP,NETCASH_INPUT,FALSE,MULTI_BLOCKER_SOURCE_LANE,시가총액·현금·승인 core debt 원천 보강 필요
005250,녹십자홀딩스,KOSPI,false,UNAVAILABLE,18,영업이익 성장과 흑자 여부:MISSING_OP_PROFIT,SOURCE_DATA_GAP,FINANCIAL_VALUATION_CACHE,FALSE,MULTI_BLOCKER_SOURCE_LANE,재무·수익성 cache 입력 보강 필요
005250,녹십자홀딩스,KOSPI,false,UNAVAILABLE,18,영업이익률:MISSING_MARGIN,SOURCE_DATA_GAP,FINANCIAL_VALUATION_CACHE,FALSE,MULTI_BLOCKER_SOURCE_LANE,재무·수익성 cache 입력 보강 필요
005250,녹십자홀딩스,KOSPI,false,UNAVAILABLE,18,영업현금흐름:MISSING_OCF_MARGIN_INPUT,SOURCE_DATA_GAP,OCF_AND_REVENUE_SOURCE,FALSE,MULTI_BLOCKER_SOURCE_LANE,영업현금흐름 또는 연간 매출 입력 보강 필요
005250,녹십자홀딩스,KOSPI,false,UNAVAILABLE,18,최근 3년 매출 성장률:MISSING_3Y_REVENUE,SOURCE_DATA_GAP,INVESTMENT_SCORE_SOURCE_CACHE,FALSE,MULTI_BLOCKER_SOURCE_LANE,연간/분기 재무 raw source 보강 필요
005250,녹십자홀딩스,KOSPI,false,UNAVAILABLE,18,최근 3년 영업이익 성장률:MISSING_3Y_OP,SOURCE_DATA_GAP,INVESTMENT_SCORE_SOURCE_CACHE,FALSE,MULTI_BLOCKER_SOURCE_LANE,연간/분기 재무 raw source 보강 필요
005250,녹십자홀딩스,KOSPI,false,UNAVAILABLE,18,최근 분기 실적 가속·둔화:MISSING_ACCEL_INPUT,SOURCE_DATA_GAP,INVESTMENT_SCORE_SOURCE_CACHE,FALSE,MULTI_BLOCKER_SOURCE_LANE,연간/분기 재무 raw source 보강 필요
005250,녹십자홀딩스,KOSPI,false,UNAVAILABLE,18,하루평균 절대등락률:MISSING_ELASTICITY,SOURCE_DATA_GAP,PRICE_ELASTICITY_20D,FALSE,MULTI_BLOCKER_SOURCE_LANE,20거래일 가격탄력 source 보강 필요
005250,녹십자홀딩스,KOSPI,false,UNAVAILABLE,18,흑자 지속성과 이익 안정성:MISSING_EARNINGS_TREND,SOURCE_DATA_GAP,FINANCIAL_VALUATION_CACHE,FALSE,MULTI_BLOCKER_SOURCE_LANE,재무·수익성 cache 입력 보강 필요
006880,신송홀딩스,KOSPI,false,UNAVAILABLE,18,EV/EBITDA:EV_EBITDA_INPUT:NO_EXACT_CANDIDATE:NO_EXACT_CANDIDATE,SOURCE_DATA_GAP,EXACT_DA_SOURCE,FALSE,MULTI_BLOCKER_SOURCE_LANE,"승인 exact D&A 원천 부족; debt_status=NO_EXACT_CANDIDATE, da_status=NO_EXACT_CANDIDATE"
006880,신송홀딩스,KOSPI,false,UNAVAILABLE,18,PBR:MISSING_PBR_OR_ROE,SOURCE_DATA_GAP,FINANCIAL_VALUATION_CACHE,FALSE,MULTI_BLOCKER_SOURCE_LANE,밸류에이션 또는 관련 이익·ROE 입력 보강 필요
006880,신송홀딩스,KOSPI,false,UNAVAILABLE,18,PER:MISSING_PER,SOURCE_DATA_GAP,FINANCIAL_VALUATION_CACHE,FALSE,MULTI_BLOCKER_SOURCE_LANE,밸류에이션 또는 관련 이익·ROE 입력 보강 필요
006880,신송홀딩스,KOSPI,false,UNAVAILABLE,18,PSR 또는 대체 가치지표:MISSING_PSR_INPUT,SOURCE_DATA_GAP,FINANCIAL_AND_RAW_SOURCE,FALSE,MULTI_BLOCKER_SOURCE_LANE,시가총액 또는 연간 매출 입력 보강 필요
006880,신송홀딩스,KOSPI,false,UNAVAILABLE,18,ROE:MISSING_ROE,SOURCE_DATA_GAP,FINANCIAL_VALUATION_CACHE,FALSE,MULTI_BLOCKER_SOURCE_LANE,재무·수익성 cache 입력 보강 필요
006880,신송홀딩스,KOSPI,false,UNAVAILABLE,18,매출 성장과 안정성:MISSING_REVENUE_GROWTH_INPUT,SOURCE_DATA_GAP,INVESTMENT_SCORE_SOURCE_CACHE,FALSE,MULTI_BLOCKER_SOURCE_LANE,연간/분기 재무 raw source 보강 필요
006880,신송홀딩스,KOSPI,false,UNAVAILABLE,18,부채비율:MISSING_DEBT_RATIO,SOURCE_DATA_GAP,FINANCIAL_VALUATION_CACHE,FALSE,MULTI_BLOCKER_SOURCE_LANE,재무·수익성 cache 입력 보강 필요
006880,신송홀딩스,KOSPI,false,UNAVAILABLE,18,수급·공시부담:SUPPLY_LIMITED_NO_POSITIVE_EVIDENCE,SOURCE_EVIDENCE_GAP,PRODUCTION_ANALYSIS_SUPPLY,FALSE,MULTI_BLOCKER_SOURCE_LANE,공시·수급 없음 판정을 확정할 만큼 source completeness가 부족함
006880,신송홀딩스,KOSPI,false,UNAVAILABLE,18,순이익 흐름:MISSING_EARNINGS_TREND,SOURCE_DATA_GAP,FINANCIAL_VALUATION_CACHE,FALSE,MULTI_BLOCKER_SOURCE_LANE,재무·수익성 cache 입력 보강 필요
006880,신송홀딩스,KOSPI,false,UNAVAILABLE,18,순현금·기업가치 상태:NETCASH_INPUT:NO_EXACT_CANDIDATE,SOURCE_DATA_GAP,NETCASH_INPUT,FALSE,MULTI_BLOCKER_SOURCE_LANE,시가총액·현금·승인 core debt 원천 보강 필요
006880,신송홀딩스,KOSPI,false,UNAVAILABLE,18,영업이익 성장과 흑자 여부:MISSING_OP_PROFIT,SOURCE_DATA_GAP,FINANCIAL_VALUATION_CACHE,FALSE,MULTI_BLOCKER_SOURCE_LANE,재무·수익성 cache 입력 보강 필요
006880,신송홀딩스,KOSPI,false,UNAVAILABLE,18,영업이익률:MISSING_MARGIN,SOURCE_DATA_GAP,FINANCIAL_VALUATION_CACHE,FALSE,MULTI_BLOCKER_SOURCE_LANE,재무·수익성 cache 입력 보강 필요
006880,신송홀딩스,KOSPI,false,UNAVAILABLE,18,영업현금흐름:MISSING_OCF_MARGIN_INPUT,SOURCE_DATA_GAP,OCF_AND_REVENUE_SOURCE,FALSE,MULTI_BLOCKER_SOURCE_LANE,영업현금흐름 또는 연간 매출 입력 보강 필요
006880,신송홀딩스,KOSPI,false,UNAVAILABLE,18,최근 3년 매출 성장률:MISSING_3Y_REVENUE,SOURCE_DATA_GAP,INVESTMENT_SCORE_SOURCE_CACHE,FALSE,MULTI_BLOCKER_SOURCE_LANE,연간/분기 재무 raw source 보강 필요
006880,신송홀딩스,KOSPI,false,UNAVAILABLE,18,최근 3년 영업이익 성장률:MISSING_3Y_OP,SOURCE_DATA_GAP,INVESTMENT_SCORE_SOURCE_CACHE,FALSE,MULTI_BLOCKER_SOURCE_LANE,연간/분기 재무 raw source 보강 필요
006880,신송홀딩스,KOSPI,false,UNAVAILABLE,18,최근 분기 실적 가속·둔화:MISSING_ACCEL_INPUT,SOURCE_DATA_GAP,INVESTMENT_SCORE_SOURCE_CACHE,FALSE,MULTI_BLOCKER_SOURCE_LANE,연간/분기 재무 raw source 보강 필요
006880,신송홀딩스,KOSPI,false,UNAVAILABLE,18,하루평균 절대등락률:MISSING_ELASTICITY,SOURCE_DATA_GAP,PRICE_ELASTICITY_20D,FALSE,MULTI_BLOCKER_SOURCE_LANE,20거래일 가격탄력 source 보강 필요
006880,신송홀딩스,KOSPI,false,UNAVAILABLE,18,흑자 지속성과 이익 안정성:MISSING_EARNINGS_TREND,SOURCE_DATA_GAP,FINANCIAL_VALUATION_CACHE,FALSE,MULTI_BLOCKER_SOURCE_LANE,재무·수익성 cache 입력 보강 필요
006890,태경케미컬,KOSPI,false,UNAVAILABLE,18,EV/EBITDA:EV_EBITDA_INPUT:NO_EXACT_CANDIDATE:NO_EXACT_CANDIDATE,SOURCE_DATA_GAP,EXACT_DA_SOURCE,FALSE,MULTI_BLOCKER_SOURCE_LANE,"승인 exact D&A 원천 부족; debt_status=NO_EXACT_CANDIDATE, da_status=NO_EXACT_CANDIDATE"
006890,태경케미컬,KOSPI,false,UNAVAILABLE,18,PBR:MISSING_PBR_OR_ROE,SOURCE_DATA_GAP,FINANCIAL_VALUATION_CACHE,FALSE,MULTI_BLOCKER_SOURCE_LANE,밸류에이션 또는 관련 이익·ROE 입력 보강 필요
006890,태경케미컬,KOSPI,false,UNAVAILABLE,18,PER:MISSING_PER,SOURCE_DATA_GAP,FINANCIAL_VALUATION_CACHE,FALSE,MULTI_BLOCKER_SOURCE_LANE,밸류에이션 또는 관련 이익·ROE 입력 보강 필요
006890,태경케미컬,KOSPI,false,UNAVAILABLE,18,PSR 또는 대체 가치지표:MISSING_PSR_INPUT,SOURCE_DATA_GAP,FINANCIAL_AND_RAW_SOURCE,FALSE,MULTI_BLOCKER_SOURCE_LANE,시가총액 또는 연간 매출 입력 보강 필요
006890,태경케미컬,KOSPI,false,UNAVAILABLE,18,ROE:MISSING_ROE,SOURCE_DATA_GAP,FINANCIAL_VALUATION_CACHE,FALSE,MULTI_BLOCKER_SOURCE_LANE,재무·수익성 cache 입력 보강 필요
006890,태경케미컬,KOSPI,false,UNAVAILABLE,18,매출 성장과 안정성:MISSING_REVENUE_GROWTH_INPUT,SOURCE_DATA_GAP,INVESTMENT_SCORE_SOURCE_CACHE,FALSE,MULTI_BLOCKER_SOURCE_LANE,연간/분기 재무 raw source 보강 필요
006890,태경케미컬,KOSPI,false,UNAVAILABLE,18,부채비율:MISSING_DEBT_RATIO,SOURCE_DATA_GAP,FINANCIAL_VALUATION_CACHE,FALSE,MULTI_BLOCKER_SOURCE_LANE,재무·수익성 cache 입력 보강 필요
006890,태경케미컬,KOSPI,false,UNAVAILABLE,18,수급·공시부담:SUPPLY_LIMITED_NO_POSITIVE_EVIDENCE,SOURCE_EVIDENCE_GAP,PRODUCTION_ANALYSIS_SUPPLY,FALSE,MULTI_BLOCKER_SOURCE_LANE,공시·수급 없음 판정을 확정할 만큼 source completeness가 부족함
006890,태경케미컬,KOSPI,false,UNAVAILABLE,18,순이익 흐름:MISSING_EARNINGS_TREND,SOURCE_DATA_GAP,FINANCIAL_VALUATION_CACHE,FALSE,MULTI_BLOCKER_SOURCE_LANE,재무·수익성 cache 입력 보강 필요
006890,태경케미컬,KOSPI,false,UNAVAILABLE,18,순현금·기업가치 상태:NETCASH_INPUT:NO_EXACT_CANDIDATE,SOURCE_DATA_GAP,NETCASH_INPUT,FALSE,MULTI_BLOCKER_SOURCE_LANE,시가총액·현금·승인 core debt 원천 보강 필요
006890,태경케미컬,KOSPI,false,UNAVAILABLE,18,영업이익 성장과 흑자 여부:MISSING_OP_PROFIT,SOURCE_DATA_GAP,FINANCIAL_VALUATION_CACHE,FALSE,MULTI_BLOCKER_SOURCE_LANE,재무·수익성 cache 입력 보강 필요
006890,태경케미컬,KOSPI,false,UNAVAILABLE,18,영업이익률:MISSING_MARGIN,SOURCE_DATA_GAP,FINANCIAL_VALUATION_CACHE,FALSE,MULTI_BLOCKER_SOURCE_LANE,재무·수익성 cache 입력 보강 필요
006890,태경케미컬,KOSPI,false,UNAVAILABLE,18,영업현금흐름:MISSING_OCF_MARGIN_INPUT,SOURCE_DATA_GAP,OCF_AND_REVENUE_SOURCE,FALSE,MULTI_BLOCKER_SOURCE_LANE,영업현금흐름 또는 연간 매출 입력 보강 필요
006890,태경케미컬,KOSPI,false,UNAVAILABLE,18,최근 3년 매출 성장률:MISSING_3Y_REVENUE,SOURCE_DATA_GAP,INVESTMENT_SCORE_SOURCE_CACHE,FALSE,MULTI_BLOCKER_SOURCE_LANE,연간/분기 재무 raw source 보강 필요
006890,태경케미컬,KOSPI,false,UNAVAILABLE,18,최근 3년 영업이익 성장률:MISSING_3Y_OP,SOURCE_DATA_GAP,INVESTMENT_SCORE_SOURCE_CACHE,FALSE,MULTI_BLOCKER_SOURCE_LANE,연간/분기 재무 raw source 보강 필요
006890,태경케미컬,KOSPI,false,UNAVAILABLE,18,최근 분기 실적 가속·둔화:MISSING_ACCEL_INPUT,SOURCE_DATA_GAP,INVESTMENT_SCORE_SOURCE_CACHE,FALSE,MULTI_BLOCKER_SOURCE_LANE,연간/분기 재무 raw source 보강 필요
006890,태경케미컬,KOSPI,false,UNAVAILABLE,18,하루평균 절대등락률:MISSING_ELASTICITY,SOURCE_DATA_GAP,PRICE_ELASTICITY_20D,FALSE,MULTI_BLOCKER_SOURCE_LANE,20거래일 가격탄력 source 보강 필요
006890,태경케미컬,KOSPI,false,UNAVAILABLE,18,흑자 지속성과 이익 안정성:MISSING_EARNINGS_TREND,SOURCE_DATA_GAP,FINANCIAL_VALUATION_CACHE,FALSE,MULTI_BLOCKER_SOURCE_LANE,재무·수익성 cache 입력 보강 필요
007310,오뚜기,KOSPI,false,UNAVAILABLE,18,EV/EBITDA:EV_EBITDA_INPUT:NO_EXACT_CANDIDATE:NO_EXACT_CANDIDATE,SOURCE_DATA_GAP,EXACT_DA_SOURCE,FALSE,MULTI_BLOCKER_SOURCE_LANE,"승인 exact D&A 원천 부족; debt_status=NO_EXACT_CANDIDATE, da_status=NO_EXACT_CANDIDATE"
007310,오뚜기,KOSPI,false,UNAVAILABLE,18,PBR:MISSING_PBR_OR_ROE,SOURCE_DATA_GAP,FINANCIAL_VALUATION_CACHE,FALSE,MULTI_BLOCKER_SOURCE_LANE,밸류에이션 또는 관련 이익·ROE 입력 보강 필요
007310,오뚜기,KOSPI,false,UNAVAILABLE,18,PER:MISSING_PER,SOURCE_DATA_GAP,FINANCIAL_VALUATION_CACHE,FALSE,MULTI_BLOCKER_SOURCE_LANE,밸류에이션 또는 관련 이익·ROE 입력 보강 필요
007310,오뚜기,KOSPI,false,UNAVAILABLE,18,PSR 또는 대체 가치지표:MISSING_PSR_INPUT,SOURCE_DATA_GAP,FINANCIAL_AND_RAW_SOURCE,FALSE,MULTI_BLOCKER_SOURCE_LANE,시가총액 또는 연간 매출 입력 보강 필요
007310,오뚜기,KOSPI,false,UNAVAILABLE,18,ROE:MISSING_ROE,SOURCE_DATA_GAP,FINANCIAL_VALUATION_CACHE,FALSE,MULTI_BLOCKER_SOURCE_LANE,재무·수익성 cache 입력 보강 필요
007310,오뚜기,KOSPI,false,UNAVAILABLE,18,매출 성장과 안정성:MISSING_REVENUE_GROWTH_INPUT,SOURCE_DATA_GAP,INVESTMENT_SCORE_SOURCE_CACHE,FALSE,MULTI_BLOCKER_SOURCE_LANE,연간/분기 재무 raw source 보강 필요
007310,오뚜기,KOSPI,false,UNAVAILABLE,18,부채비율:MISSING_DEBT_RATIO,SOURCE_DATA_GAP,FINANCIAL_VALUATION_CACHE,FALSE,MULTI_BLOCKER_SOURCE_LANE,재무·수익성 cache 입력 보강 필요
007310,오뚜기,KOSPI,false,UNAVAILABLE,18,수급·공시부담:SUPPLY_LIMITED_NO_POSITIVE_EVIDENCE,SOURCE_EVIDENCE_GAP,PRODUCTION_ANALYSIS_SUPPLY,FALSE,MULTI_BLOCKER_SOURCE_LANE,공시·수급 없음 판정을 확정할 만큼 source completeness가 부족함
007310,오뚜기,KOSPI,false,UNAVAILABLE,18,순이익 흐름:MISSING_EARNINGS_TREND,SOURCE_DATA_GAP,FINANCIAL_VALUATION_CACHE,FALSE,MULTI_BLOCKER_SOURCE_LANE,재무·수익성 cache 입력 보강 필요
007310,오뚜기,KOSPI,false,UNAVAILABLE,18,순현금·기업가치 상태:NETCASH_INPUT:NO_EXACT_CANDIDATE,SOURCE_DATA_GAP,NETCASH_INPUT,FALSE,MULTI_BLOCKER_SOURCE_LANE,시가총액·현금·승인 core debt 원천 보강 필요
007310,오뚜기,KOSPI,false,UNAVAILABLE,18,영업이익 성장과 흑자 여부:MISSING_OP_PROFIT,SOURCE_DATA_GAP,FINANCIAL_VALUATION_CACHE,FALSE,MULTI_BLOCKER_SOURCE_LANE,재무·수익성 cache 입력 보강 필요
007310,오뚜기,KOSPI,false,UNAVAILABLE,18,영업이익률:MISSING_MARGIN,SOURCE_DATA_GAP,FINANCIAL_VALUATION_CACHE,FALSE,MULTI_BLOCKER_SOURCE_LANE,재무·수익성 cache 입력 보강 필요
007310,오뚜기,KOSPI,false,UNAVAILABLE,18,영업현금흐름:MISSING_OCF_MARGIN_INPUT,SOURCE_DATA_GAP,OCF_AND_REVENUE_SOURCE,FALSE,MULTI_BLOCKER_SOURCE_LANE,영업현금흐름 또는 연간 매출 입력 보강 필요
007310,오뚜기,KOSPI,false,UNAVAILABLE,18,최근 3년 매출 성장률:MISSING_3Y_REVENUE,SOURCE_DATA_GAP,INVESTMENT_SCORE_SOURCE_CACHE,FALSE,MULTI_BLOCKER_SOURCE_LANE,연간/분기 재무 raw source 보강 필요
007310,오뚜기,KOSPI,false,UNAVAILABLE,18,최근 3년 영업이익 성장률:MISSING_3Y_OP,SOURCE_DATA_GAP,INVESTMENT_SCORE_SOURCE_CACHE,FALSE,MULTI_BLOCKER_SOURCE_LANE,연간/분기 재무 raw source 보강 필요
007310,오뚜기,KOSPI,false,UNAVAILABLE,18,최근 분기 실적 가속·둔화:MISSING_ACCEL_INPUT,SOURCE_DATA_GAP,INVESTMENT_SCORE_SOURCE_CACHE,FALSE,MULTI_BLOCKER_SOURCE_LANE,연간/분기 재무 raw source 보강 필요
007310,오뚜기,KOSPI,false,UNAVAILABLE,18,하루평균 절대등락률:MISSING_ELASTICITY,SOURCE_DATA_GAP,PRICE_ELASTICITY_20D,FALSE,MULTI_BLOCKER_SOURCE_LANE,20거래일 가격탄력 source 보강 필요
007310,오뚜기,KOSPI,false,UNAVAILABLE,18,흑자 지속성과 이익 안정성:MISSING_EARNINGS_TREND,SOURCE_DATA_GAP,FINANCIAL_VALUATION_CACHE,FALSE,MULTI_BLOCKER_SOURCE_LANE,재무·수익성 cache 입력 보강 필요
007570,일양약품,KOSPI,false,UNAVAILABLE,18,EV/EBITDA:EV_EBITDA_INPUT:NO_EXACT_CANDIDATE:NO_EXACT_CANDIDATE,SOURCE_DATA_GAP,EXACT_DA_SOURCE,FALSE,MULTI_BLOCKER_SOURCE_LANE,"승인 exact D&A 원천 부족; debt_status=NO_EXACT_CANDIDATE, da_status=NO_EXACT_CANDIDATE"
007570,일양약품,KOSPI,false,UNAVAILABLE,18,PBR:MISSING_PBR_OR_ROE,SOURCE_DATA_GAP,FINANCIAL_VALUATION_CACHE,FALSE,MULTI_BLOCKER_SOURCE_LANE,밸류에이션 또는 관련 이익·ROE 입력 보강 필요
007570,일양약품,KOSPI,false,UNAVAILABLE,18,PER:MISSING_PER,SOURCE_DATA_GAP,FINANCIAL_VALUATION_CACHE,FALSE,MULTI_BLOCKER_SOURCE_LANE,밸류에이션 또는 관련 이익·ROE 입력 보강 필요
007570,일양약품,KOSPI,false,UNAVAILABLE,18,PSR 또는 대체 가치지표:MISSING_PSR_INPUT,SOURCE_DATA_GAP,FINANCIAL_AND_RAW_SOURCE,FALSE,MULTI_BLOCKER_SOURCE_LANE,시가총액 또는 연간 매출 입력 보강 필요
007570,일양약품,KOSPI,false,UNAVAILABLE,18,ROE:MISSING_ROE,SOURCE_DATA_GAP,FINANCIAL_VALUATION_CACHE,FALSE,MULTI_BLOCKER_SOURCE_LANE,재무·수익성 cache 입력 보강 필요
007570,일양약품,KOSPI,false,UNAVAILABLE,18,과열·급락 위험:MISSING_RISK_INPUT,SOURCE_DATA_GAP,PRODUCTION_PRICE_METRICS,FALSE,MULTI_BLOCKER_SOURCE_LANE,가격·스윙·ATR·거래활동 metric 보강 필요
007570,일양약품,KOSPI,false,UNAVAILABLE,18,매출 성장과 안정성:MISSING_REVENUE_GROWTH_INPUT,SOURCE_DATA_GAP,INVESTMENT_SCORE_SOURCE_CACHE,FALSE,MULTI_BLOCKER_SOURCE_LANE,연간/분기 재무 raw source 보강 필요
007570,일양약품,KOSPI,false,UNAVAILABLE,18,부채비율:MISSING_DEBT_RATIO,SOURCE_DATA_GAP,FINANCIAL_VALUATION_CACHE,FALSE,MULTI_BLOCKER_SOURCE_LANE,재무·수익성 cache 입력 보강 필요
007570,일양약품,KOSPI,false,UNAVAILABLE,18,순이익 흐름:MISSING_EARNINGS_TREND,SOURCE_DATA_GAP,FINANCIAL_VALUATION_CACHE,FALSE,MULTI_BLOCKER_SOURCE_LANE,재무·수익성 cache 입력 보강 필요
007570,일양약품,KOSPI,false,UNAVAILABLE,18,순현금·기업가치 상태:NETCASH_INPUT:NO_EXACT_CANDIDATE,SOURCE_DATA_GAP,NETCASH_INPUT,FALSE,MULTI_BLOCKER_SOURCE_LANE,시가총액·현금·승인 core debt 원천 보강 필요
007570,일양약품,KOSPI,false,UNAVAILABLE,18,영업이익 성장과 흑자 여부:MISSING_OP_PROFIT,SOURCE_DATA_GAP,FINANCIAL_VALUATION_CACHE,FALSE,MULTI_BLOCKER_SOURCE_LANE,재무·수익성 cache 입력 보강 필요
007570,일양약품,KOSPI,false,UNAVAILABLE,18,영업이익률:MISSING_MARGIN,SOURCE_DATA_GAP,FINANCIAL_VALUATION_CACHE,FALSE,MULTI_BLOCKER_SOURCE_LANE,재무·수익성 cache 입력 보강 필요
007570,일양약품,KOSPI,false,UNAVAILABLE,18,영업현금흐름:MISSING_OCF_MARGIN_INPUT,SOURCE_DATA_GAP,OCF_AND_REVENUE_SOURCE,FALSE,MULTI_BLOCKER_SOURCE_LANE,영업현금흐름 또는 연간 매출 입력 보강 필요
007570,일양약품,KOSPI,false,UNAVAILABLE,18,최근 3년 매출 성장률:MISSING_3Y_REVENUE,SOURCE_DATA_GAP,INVESTMENT_SCORE_SOURCE_CACHE,FALSE,MULTI_BLOCKER_SOURCE_LANE,연간/분기 재무 raw source 보강 필요
007570,일양약품,KOSPI,false,UNAVAILABLE,18,최근 3년 영업이익 성장률:MISSING_3Y_OP,SOURCE_DATA_GAP,INVESTMENT_SCORE_SOURCE_CACHE,FALSE,MULTI_BLOCKER_SOURCE_LANE,연간/분기 재무 raw source 보강 필요
007570,일양약품,KOSPI,false,UNAVAILABLE,18,최근 분기 실적 가속·둔화:MISSING_ACCEL_INPUT,SOURCE_DATA_GAP,INVESTMENT_SCORE_SOURCE_CACHE,FALSE,MULTI_BLOCKER_SOURCE_LANE,연간/분기 재무 raw source 보강 필요
007570,일양약품,KOSPI,false,UNAVAILABLE,18,하루평균 절대등락률:MISSING_ELASTICITY,SOURCE_DATA_GAP,PRICE_ELASTICITY_20D,FALSE,MULTI_BLOCKER_SOURCE_LANE,20거래일 가격탄력 source 보강 필요
007570,일양약품,KOSPI,false,UNAVAILABLE,18,흑자 지속성과 이익 안정성:MISSING_EARNINGS_TREND,SOURCE_DATA_GAP,FINANCIAL_VALUATION_CACHE,FALSE,MULTI_BLOCKER_SOURCE_LANE,재무·수익성 cache 입력 보강 필요
009900,명신산업,KOSPI,false,UNAVAILABLE,18,EV/EBITDA:EV_EBITDA_INPUT:NO_EXACT_CANDIDATE:NO_EXACT_CANDIDATE,SOURCE_DATA_GAP,EXACT_DA_SOURCE,FALSE,MULTI_BLOCKER_SOURCE_LANE,"승인 exact D&A 원천 부족; debt_status=NO_EXACT_CANDIDATE, da_status=NO_EXACT_CANDIDATE"
009900,명신산업,KOSPI,false,UNAVAILABLE,18,PBR:MISSING_PBR_OR_ROE,SOURCE_DATA_GAP,FINANCIAL_VALUATION_CACHE,FALSE,MULTI_BLOCKER_SOURCE_LANE,밸류에이션 또는 관련 이익·ROE 입력 보강 필요
009900,명신산업,KOSPI,false,UNAVAILABLE,18,PER:MISSING_PER,SOURCE_DATA_GAP,FINANCIAL_VALUATION_CACHE,FALSE,MULTI_BLOCKER_SOURCE_LANE,밸류에이션 또는 관련 이익·ROE 입력 보강 필요
009900,명신산업,KOSPI,false,UNAVAILABLE,18,PSR 또는 대체 가치지표:MISSING_PSR_INPUT,SOURCE_DATA_GAP,FINANCIAL_AND_RAW_SOURCE,FALSE,MULTI_BLOCKER_SOURCE_LANE,시가총액 또는 연간 매출 입력 보강 필요
009900,명신산업,KOSPI,false,UNAVAILABLE,18,ROE:MISSING_ROE,SOURCE_DATA_GAP,FINANCIAL_VALUATION_CACHE,FALSE,MULTI_BLOCKER_SOURCE_LANE,재무·수익성 cache 입력 보강 필요
009900,명신산업,KOSPI,false,UNAVAILABLE,18,매출 성장과 안정성:MISSING_REVENUE_GROWTH_INPUT,SOURCE_DATA_GAP,INVESTMENT_SCORE_SOURCE_CACHE,FALSE,MULTI_BLOCKER_SOURCE_LANE,연간/분기 재무 raw source 보강 필요
009900,명신산업,KOSPI,false,UNAVAILABLE,18,부채비율:MISSING_DEBT_RATIO,SOURCE_DATA_GAP,FINANCIAL_VALUATION_CACHE,FALSE,MULTI_BLOCKER_SOURCE_LANE,재무·수익성 cache 입력 보강 필요
009900,명신산업,KOSPI,false,UNAVAILABLE,18,수급·공시부담:SUPPLY_LIMITED_NO_POSITIVE_EVIDENCE,SOURCE_EVIDENCE_GAP,PRODUCTION_ANALYSIS_SUPPLY,FALSE,MULTI_BLOCKER_SOURCE_LANE,공시·수급 없음 판정을 확정할 만큼 source completeness가 부족함
009900,명신산업,KOSPI,false,UNAVAILABLE,18,순이익 흐름:MISSING_EARNINGS_TREND,SOURCE_DATA_GAP,FINANCIAL_VALUATION_CACHE,FALSE,MULTI_BLOCKER_SOURCE_LANE,재무·수익성 cache 입력 보강 필요
009900,명신산업,KOSPI,false,UNAVAILABLE,18,순현금·기업가치 상태:NETCASH_INPUT:NO_EXACT_CANDIDATE,SOURCE_DATA_GAP,NETCASH_INPUT,FALSE,MULTI_BLOCKER_SOURCE_LANE,시가총액·현금·승인 core debt 원천 보강 필요
009900,명신산업,KOSPI,false,UNAVAILABLE,18,영업이익 성장과 흑자 여부:MISSING_OP_PROFIT,SOURCE_DATA_GAP,FINANCIAL_VALUATION_CACHE,FALSE,MULTI_BLOCKER_SOURCE_LANE,재무·수익성 cache 입력 보강 필요
009900,명신산업,KOSPI,false,UNAVAILABLE,18,영업이익률:MISSING_MARGIN,SOURCE_DATA_GAP,FINANCIAL_VALUATION_CACHE,FALSE,MULTI_BLOCKER_SOURCE_LANE,재무·수익성 cache 입력 보강 필요
009900,명신산업,KOSPI,false,UNAVAILABLE,18,영업현금흐름:MISSING_OCF_MARGIN_INPUT,SOURCE_DATA_GAP,OCF_AND_REVENUE_SOURCE,FALSE,MULTI_BLOCKER_SOURCE_LANE,영업현금흐름 또는 연간 매출 입력 보강 필요
009900,명신산업,KOSPI,false,UNAVAILABLE,18,최근 3년 매출 성장률:MISSING_3Y_REVENUE,SOURCE_DATA_GAP,INVESTMENT_SCORE_SOURCE_CACHE,FALSE,MULTI_BLOCKER_SOURCE_LANE,연간/분기 재무 raw source 보강 필요
009900,명신산업,KOSPI,false,UNAVAILABLE,18,최근 3년 영업이익 성장률:MISSING_3Y_OP,SOURCE_DATA_GAP,INVESTMENT_SCORE_SOURCE_CACHE,FALSE,MULTI_BLOCKER_SOURCE_LANE,연간/분기 재무 raw source 보강 필요
009900,명신산업,KOSPI,false,UNAVAILABLE,18,최근 분기 실적 가속·둔화:MISSING_ACCEL_INPUT,SOURCE_DATA_GAP,INVESTMENT_SCORE_SOURCE_CACHE,FALSE,MULTI_BLOCKER_SOURCE_LANE,연간/분기 재무 raw source 보강 필요
009900,명신산업,KOSPI,false,UNAVAILABLE,18,하루평균 절대등락률:MISSING_ELASTICITY,SOURCE_DATA_GAP,PRICE_ELASTICITY_20D,FALSE,MULTI_BLOCKER_SOURCE_LANE,20거래일 가격탄력 source 보강 필요
009900,명신산업,KOSPI,false,UNAVAILABLE,18,흑자 지속성과 이익 안정성:MISSING_EARNINGS_TREND,SOURCE_DATA_GAP,FINANCIAL_VALUATION_CACHE,FALSE,MULTI_BLOCKER_SOURCE_LANE,재무·수익성 cache 입력 보강 필요
010100,한국무브넥스,KOSPI,false,UNAVAILABLE,18,EV/EBITDA:EV_EBITDA_INPUT:NO_EXACT_CANDIDATE:NO_EXACT_CANDIDATE,SOURCE_DATA_GAP,EXACT_DA_SOURCE,FALSE,MULTI_BLOCKER_SOURCE_LANE,"승인 exact D&A 원천 부족; debt_status=NO_EXACT_CANDIDATE, da_status=NO_EXACT_CANDIDATE"
010100,한국무브넥스,KOSPI,false,UNAVAILABLE,18,PBR:MISSING_PBR_OR_ROE,SOURCE_DATA_GAP,FINANCIAL_VALUATION_CACHE,FALSE,MULTI_BLOCKER_SOURCE_LANE,밸류에이션 또는 관련 이익·ROE 입력 보강 필요
010100,한국무브넥스,KOSPI,false,UNAVAILABLE,18,PER:MISSING_PER,SOURCE_DATA_GAP,FINANCIAL_VALUATION_CACHE,FALSE,MULTI_BLOCKER_SOURCE_LANE,밸류에이션 또는 관련 이익·ROE 입력 보강 필요
010100,한국무브넥스,KOSPI,false,UNAVAILABLE,18,PSR 또는 대체 가치지표:MISSING_PSR_INPUT,SOURCE_DATA_GAP,FINANCIAL_AND_RAW_SOURCE,FALSE,MULTI_BLOCKER_SOURCE_LANE,시가총액 또는 연간 매출 입력 보강 필요
010100,한국무브넥스,KOSPI,false,UNAVAILABLE,18,ROE:MISSING_ROE,SOURCE_DATA_GAP,FINANCIAL_VALUATION_CACHE,FALSE,MULTI_BLOCKER_SOURCE_LANE,재무·수익성 cache 입력 보강 필요
010100,한국무브넥스,KOSPI,false,UNAVAILABLE,18,매출 성장과 안정성:MISSING_REVENUE_GROWTH_INPUT,SOURCE_DATA_GAP,INVESTMENT_SCORE_SOURCE_CACHE,FALSE,MULTI_BLOCKER_SOURCE_LANE,연간/분기 재무 raw source 보강 필요
010100,한국무브넥스,KOSPI,false,UNAVAILABLE,18,부채비율:MISSING_DEBT_RATIO,SOURCE_DATA_GAP,FINANCIAL_VALUATION_CACHE,FALSE,MULTI_BLOCKER_SOURCE_LANE,재무·수익성 cache 입력 보강 필요
010100,한국무브넥스,KOSPI,false,UNAVAILABLE,18,수급·공시부담:SUPPLY_LIMITED_NO_POSITIVE_EVIDENCE,SOURCE_EVIDENCE_GAP,PRODUCTION_ANALYSIS_SUPPLY,FALSE,MULTI_BLOCKER_SOURCE_LANE,공시·수급 없음 판정을 확정할 만큼 source completeness가 부족함
010100,한국무브넥스,KOSPI,false,UNAVAILABLE,18,순이익 흐름:MISSING_EARNINGS_TREND,SOURCE_DATA_GAP,FINANCIAL_VALUATION_CACHE,FALSE,MULTI_BLOCKER_SOURCE_LANE,재무·수익성 cache 입력 보강 필요
010100,한국무브넥스,KOSPI,false,UNAVAILABLE,18,순현금·기업가치 상태:NETCASH_INPUT:NO_EXACT_CANDIDATE,SOURCE_DATA_GAP,NETCASH_INPUT,FALSE,MULTI_BLOCKER_SOURCE_LANE,시가총액·현금·승인 core debt 원천 보강 필요
010100,한국무브넥스,KOSPI,false,UNAVAILABLE,18,영업이익 성장과 흑자 여부:MISSING_OP_PROFIT,SOURCE_DATA_GAP,FINANCIAL_VALUATION_CACHE,FALSE,MULTI_BLOCKER_SOURCE_LANE,재무·수익성 cache 입력 보강 필요
010100,한국무브넥스,KOSPI,false,UNAVAILABLE,18,영업이익률:MISSING_MARGIN,SOURCE_DATA_GAP,FINANCIAL_VALUATION_CACHE,FALSE,MULTI_BLOCKER_SOURCE_LANE,재무·수익성 cache 입력 보강 필요
010100,한국무브넥스,KOSPI,false,UNAVAILABLE,18,영업현금흐름:MISSING_OCF_MARGIN_INPUT,SOURCE_DATA_GAP,OCF_AND_REVENUE_SOURCE,FALSE,MULTI_BLOCKER_SOURCE_LANE,영업현금흐름 또는 연간 매출 입력 보강 필요
010100,한국무브넥스,KOSPI,false,UNAVAILABLE,18,최근 3년 매출 성장률:MISSING_3Y_REVENUE,SOURCE_DATA_GAP,INVESTMENT_SCORE_SOURCE_CACHE,FALSE,MULTI_BLOCKER_SOURCE_LANE,연간/분기 재무 raw source 보강 필요
010100,한국무브넥스,KOSPI,false,UNAVAILABLE,18,최근 3년 영업이익 성장률:MISSING_3Y_OP,SOURCE_DATA_GAP,INVESTMENT_SCORE_SOURCE_CACHE,FALSE,MULTI_BLOCKER_SOURCE_LANE,연간/분기 재무 raw source 보강 필요
010100,한국무브넥스,KOSPI,false,UNAVAILABLE,18,최근 분기 실적 가속·둔화:MISSING_ACCEL_INPUT,SOURCE_DATA_GAP,INVESTMENT_SCORE_SOURCE_CACHE,FALSE,MULTI_BLOCKER_SOURCE_LANE,연간/분기 재무 raw source 보강 필요
010100,한국무브넥스,KOSPI,false,UNAVAILABLE,18,하루평균 절대등락률:MISSING_ELASTICITY,SOURCE_DATA_GAP,PRICE_ELASTICITY_20D,FALSE,MULTI_BLOCKER_SOURCE_LANE,20거래일 가격탄력 source 보강 필요
010100,한국무브넥스,KOSPI,false,UNAVAILABLE,18,흑자 지속성과 이익 안정성:MISSING_EARNINGS_TREND,SOURCE_DATA_GAP,FINANCIAL_VALUATION_CACHE,FALSE,MULTI_BLOCKER_SOURCE_LANE,재무·수익성 cache 입력 보강 필요
010120,LS ELECTRIC,KOSPI,false,UNAVAILABLE,18,EV/EBITDA:EV_EBITDA_INPUT:NO_EXACT_CANDIDATE:NO_EXACT_CANDIDATE,SOURCE_DATA_GAP,EXACT_DA_SOURCE,FALSE,MULTI_BLOCKER_SOURCE_LANE,"승인 exact D&A 원천 부족; debt_status=NO_EXACT_CANDIDATE, da_status=NO_EXACT_CANDIDATE"
010120,LS ELECTRIC,KOSPI,false,UNAVAILABLE,18,PBR:MISSING_PBR_OR_ROE,SOURCE_DATA_GAP,FINANCIAL_VALUATION_CACHE,FALSE,MULTI_BLOCKER_SOURCE_LANE,밸류에이션 또는 관련 이익·ROE 입력 보강 필요
010120,LS ELECTRIC,KOSPI,false,UNAVAILABLE,18,PER:MISSING_PER,SOURCE_DATA_GAP,FINANCIAL_VALUATION_CACHE,FALSE,MULTI_BLOCKER_SOURCE_LANE,밸류에이션 또는 관련 이익·ROE 입력 보강 필요
010120,LS ELECTRIC,KOSPI,false,UNAVAILABLE,18,PSR 또는 대체 가치지표:MISSING_PSR_INPUT,SOURCE_DATA_GAP,FINANCIAL_AND_RAW_SOURCE,FALSE,MULTI_BLOCKER_SOURCE_LANE,시가총액 또는 연간 매출 입력 보강 필요
010120,LS ELECTRIC,KOSPI,false,UNAVAILABLE,18,ROE:MISSING_ROE,SOURCE_DATA_GAP,FINANCIAL_VALUATION_CACHE,FALSE,MULTI_BLOCKER_SOURCE_LANE,재무·수익성 cache 입력 보강 필요
010120,LS ELECTRIC,KOSPI,false,UNAVAILABLE,18,과열·급락 위험:MISSING_RISK_INPUT,SOURCE_DATA_GAP,PRODUCTION_PRICE_METRICS,FALSE,MULTI_BLOCKER_SOURCE_LANE,가격·스윙·ATR·거래활동 metric 보강 필요
010120,LS ELECTRIC,KOSPI,false,UNAVAILABLE,18,매출 성장과 안정성:MISSING_REVENUE_GROWTH_INPUT,SOURCE_DATA_GAP,INVESTMENT_SCORE_SOURCE_CACHE,FALSE,MULTI_BLOCKER_SOURCE_LANE,연간/분기 재무 raw source 보강 필요
010120,LS ELECTRIC,KOSPI,false,UNAVAILABLE,18,부채비율:MISSING_DEBT_RATIO,SOURCE_DATA_GAP,FINANCIAL_VALUATION_CACHE,FALSE,MULTI_BLOCKER_SOURCE_LANE,재무·수익성 cache 입력 보강 필요
010120,LS ELECTRIC,KOSPI,false,UNAVAILABLE,18,순이익 흐름:MISSING_EARNINGS_TREND,SOURCE_DATA_GAP,FINANCIAL_VALUATION_CACHE,FALSE,MULTI_BLOCKER_SOURCE_LANE,재무·수익성 cache 입력 보강 필요
010120,LS ELECTRIC,KOSPI,false,UNAVAILABLE,18,순현금·기업가치 상태:NETCASH_INPUT:NO_EXACT_CANDIDATE,SOURCE_DATA_GAP,NETCASH_INPUT,FALSE,MULTI_BLOCKER_SOURCE_LANE,시가총액·현금·승인 core debt 원천 보강 필요
010120,LS ELECTRIC,KOSPI,false,UNAVAILABLE,18,영업이익 성장과 흑자 여부:MISSING_OP_PROFIT,SOURCE_DATA_GAP,FINANCIAL_VALUATION_CACHE,FALSE,MULTI_BLOCKER_SOURCE_LANE,재무·수익성 cache 입력 보강 필요
010120,LS ELECTRIC,KOSPI,false,UNAVAILABLE,18,영업이익률:MISSING_MARGIN,SOURCE_DATA_GAP,FINANCIAL_VALUATION_CACHE,FALSE,MULTI_BLOCKER_SOURCE_LANE,재무·수익성 cache 입력 보강 필요
010120,LS ELECTRIC,KOSPI,false,UNAVAILABLE,18,영업현금흐름:MISSING_OCF_MARGIN_INPUT,SOURCE_DATA_GAP,OCF_AND_REVENUE_SOURCE,FALSE,MULTI_BLOCKER_SOURCE_LANE,영업현금흐름 또는 연간 매출 입력 보강 필요
010120,LS ELECTRIC,KOSPI,false,UNAVAILABLE,18,최근 3년 매출 성장률:MISSING_3Y_REVENUE,SOURCE_DATA_GAP,INVESTMENT_SCORE_SOURCE_CACHE,FALSE,MULTI_BLOCKER_SOURCE_LANE,연간/분기 재무 raw source 보강 필요
010120,LS ELECTRIC,KOSPI,false,UNAVAILABLE,18,최근 3년 영업이익 성장률:MISSING_3Y_OP,SOURCE_DATA_GAP,INVESTMENT_SCORE_SOURCE_CACHE,FALSE,MULTI_BLOCKER_SOURCE_LANE,연간/분기 재무 raw source 보강 필요
010120,LS ELECTRIC,KOSPI,false,UNAVAILABLE,18,최근 분기 실적 가속·둔화:MISSING_ACCEL_INPUT,SOURCE_DATA_GAP,INVESTMENT_SCORE_SOURCE_CACHE,FALSE,MULTI_BLOCKER_SOURCE_LANE,연간/분기 재무 raw source 보강 필요
010120,LS ELECTRIC,KOSPI,false,UNAVAILABLE,18,하루평균 절대등락률:MISSING_ELASTICITY,SOURCE_DATA_GAP,PRICE_ELASTICITY_20D,FALSE,MULTI_BLOCKER_SOURCE_LANE,20거래일 가격탄력 source 보강 필요
010120,LS ELECTRIC,KOSPI,false,UNAVAILABLE,18,흑자 지속성과 이익 안정성:MISSING_EARNINGS_TREND,SOURCE_DATA_GAP,FINANCIAL_VALUATION_CACHE,FALSE,MULTI_BLOCKER_SOURCE_LANE,재무·수익성 cache 입력 보강 필요
010690,화신,KOSPI,false,UNAVAILABLE,18,EV/EBITDA:EV_EBITDA_INPUT:NO_EXACT_CANDIDATE:NO_EXACT_CANDIDATE,SOURCE_DATA_GAP,EXACT_DA_SOURCE,FALSE,MULTI_BLOCKER_SOURCE_LANE,"승인 exact D&A 원천 부족; debt_status=NO_EXACT_CANDIDATE, da_status=NO_EXACT_CANDIDATE"
010690,화신,KOSPI,false,UNAVAILABLE,18,PBR:MISSING_PBR_OR_ROE,SOURCE_DATA_GAP,FINANCIAL_VALUATION_CACHE,FALSE,MULTI_BLOCKER_SOURCE_LANE,밸류에이션 또는 관련 이익·ROE 입력 보강 필요
010690,화신,KOSPI,false,UNAVAILABLE,18,PER:MISSING_PER,SOURCE_DATA_GAP,FINANCIAL_VALUATION_CACHE,FALSE,MULTI_BLOCKER_SOURCE_LANE,밸류에이션 또는 관련 이익·ROE 입력 보강 필요
010690,화신,KOSPI,false,UNAVAILABLE,18,PSR 또는 대체 가치지표:MISSING_PSR_INPUT,SOURCE_DATA_GAP,FINANCIAL_AND_RAW_SOURCE,FALSE,MULTI_BLOCKER_SOURCE_LANE,시가총액 또는 연간 매출 입력 보강 필요
010690,화신,KOSPI,false,UNAVAILABLE,18,ROE:MISSING_ROE,SOURCE_DATA_GAP,FINANCIAL_VALUATION_CACHE,FALSE,MULTI_BLOCKER_SOURCE_LANE,재무·수익성 cache 입력 보강 필요
010690,화신,KOSPI,false,UNAVAILABLE,18,매출 성장과 안정성:MISSING_REVENUE_GROWTH_INPUT,SOURCE_DATA_GAP,INVESTMENT_SCORE_SOURCE_CACHE,FALSE,MULTI_BLOCKER_SOURCE_LANE,연간/분기 재무 raw source 보강 필요
010690,화신,KOSPI,false,UNAVAILABLE,18,부채비율:MISSING_DEBT_RATIO,SOURCE_DATA_GAP,FINANCIAL_VALUATION_CACHE,FALSE,MULTI_BLOCKER_SOURCE_LANE,재무·수익성 cache 입력 보강 필요
010690,화신,KOSPI,false,UNAVAILABLE,18,수급·공시부담:SUPPLY_LIMITED_NO_POSITIVE_EVIDENCE,SOURCE_EVIDENCE_GAP,PRODUCTION_ANALYSIS_SUPPLY,FALSE,MULTI_BLOCKER_SOURCE_LANE,공시·수급 없음 판정을 확정할 만큼 source completeness가 부족함
010690,화신,KOSPI,false,UNAVAILABLE,18,순이익 흐름:MISSING_EARNINGS_TREND,SOURCE_DATA_GAP,FINANCIAL_VALUATION_CACHE,FALSE,MULTI_BLOCKER_SOURCE_LANE,재무·수익성 cache 입력 보강 필요
010690,화신,KOSPI,false,UNAVAILABLE,18,순현금·기업가치 상태:NETCASH_INPUT:NO_EXACT_CANDIDATE,SOURCE_DATA_GAP,NETCASH_INPUT,FALSE,MULTI_BLOCKER_SOURCE_LANE,시가총액·현금·승인 core debt 원천 보강 필요
010690,화신,KOSPI,false,UNAVAILABLE,18,영업이익 성장과 흑자 여부:MISSING_OP_PROFIT,SOURCE_DATA_GAP,FINANCIAL_VALUATION_CACHE,FALSE,MULTI_BLOCKER_SOURCE_LANE,재무·수익성 cache 입력 보강 필요
010690,화신,KOSPI,false,UNAVAILABLE,18,영업이익률:MISSING_MARGIN,SOURCE_DATA_GAP,FINANCIAL_VALUATION_CACHE,FALSE,MULTI_BLOCKER_SOURCE_LANE,재무·수익성 cache 입력 보강 필요
010690,화신,KOSPI,false,UNAVAILABLE,18,영업현금흐름:MISSING_OCF_MARGIN_INPUT,SOURCE_DATA_GAP,OCF_AND_REVENUE_SOURCE,FALSE,MULTI_BLOCKER_SOURCE_LANE,영업현금흐름 또는 연간 매출 입력 보강 필요
010690,화신,KOSPI,false,UNAVAILABLE,18,최근 3년 매출 성장률:MISSING_3Y_REVENUE,SOURCE_DATA_GAP,INVESTMENT_SCORE_SOURCE_CACHE,FALSE,MULTI_BLOCKER_SOURCE_LANE,연간/분기 재무 raw source 보강 필요
010690,화신,KOSPI,false,UNAVAILABLE,18,최근 3년 영업이익 성장률:MISSING_3Y_OP,SOURCE_DATA_GAP,INVESTMENT_SCORE_SOURCE_CACHE,FALSE,MULTI_BLOCKER_SOURCE_LANE,연간/분기 재무 raw source 보강 필요
010690,화신,KOSPI,false,UNAVAILABLE,18,최근 분기 실적 가속·둔화:MISSING_ACCEL_INPUT,SOURCE_DATA_GAP,INVESTMENT_SCORE_SOURCE_CACHE,FALSE,MULTI_BLOCKER_SOURCE_LANE,연간/분기 재무 raw source 보강 필요
010690,화신,KOSPI,false,UNAVAILABLE,18,하루평균 절대등락률:MISSING_ELASTICITY,SOURCE_DATA_GAP,PRICE_ELASTICITY_20D,FALSE,MULTI_BLOCKER_SOURCE_LANE,20거래일 가격탄력 source 보강 필요
010690,화신,KOSPI,false,UNAVAILABLE,18,흑자 지속성과 이익 안정성:MISSING_EARNINGS_TREND,SOURCE_DATA_GAP,FINANCIAL_VALUATION_CACHE,FALSE,MULTI_BLOCKER_SOURCE_LANE,재무·수익성 cache 입력 보강 필요
011150,CJ씨푸드,KOSPI,false,UNAVAILABLE,18,EV/EBITDA:EV_EBITDA_INPUT:NO_EXACT_CANDIDATE:NO_EXACT_CANDIDATE,SOURCE_DATA_GAP,EXACT_DA_SOURCE,FALSE,MULTI_BLOCKER_SOURCE_LANE,"승인 exact D&A 원천 부족; debt_status=NO_EXACT_CANDIDATE, da_status=NO_EXACT_CANDIDATE"
011150,CJ씨푸드,KOSPI,false,UNAVAILABLE,18,PBR:MISSING_PBR_OR_ROE,SOURCE_DATA_GAP,FINANCIAL_VALUATION_CACHE,FALSE,MULTI_BLOCKER_SOURCE_LANE,밸류에이션 또는 관련 이익·ROE 입력 보강 필요
011150,CJ씨푸드,KOSPI,false,UNAVAILABLE,18,PER:MISSING_PER,SOURCE_DATA_GAP,FINANCIAL_VALUATION_CACHE,FALSE,MULTI_BLOCKER_SOURCE_LANE,밸류에이션 또는 관련 이익·ROE 입력 보강 필요
011150,CJ씨푸드,KOSPI,false,UNAVAILABLE,18,PSR 또는 대체 가치지표:MISSING_PSR_INPUT,SOURCE_DATA_GAP,FINANCIAL_AND_RAW_SOURCE,FALSE,MULTI_BLOCKER_SOURCE_LANE,시가총액 또는 연간 매출 입력 보강 필요
011150,CJ씨푸드,KOSPI,false,UNAVAILABLE,18,ROE:MISSING_ROE,SOURCE_DATA_GAP,FINANCIAL_VALUATION_CACHE,FALSE,MULTI_BLOCKER_SOURCE_LANE,재무·수익성 cache 입력 보강 필요
011150,CJ씨푸드,KOSPI,false,UNAVAILABLE,18,매출 성장과 안정성:MISSING_REVENUE_GROWTH_INPUT,SOURCE_DATA_GAP,INVESTMENT_SCORE_SOURCE_CACHE,FALSE,MULTI_BLOCKER_SOURCE_LANE,연간/분기 재무 raw source 보강 필요
011150,CJ씨푸드,KOSPI,false,UNAVAILABLE,18,부채비율:MISSING_DEBT_RATIO,SOURCE_DATA_GAP,FINANCIAL_VALUATION_CACHE,FALSE,MULTI_BLOCKER_SOURCE_LANE,재무·수익성 cache 입력 보강 필요
011150,CJ씨푸드,KOSPI,false,UNAVAILABLE,18,수급·공시부담:SUPPLY_LIMITED_NO_POSITIVE_EVIDENCE,SOURCE_EVIDENCE_GAP,PRODUCTION_ANALYSIS_SUPPLY,FALSE,MULTI_BLOCKER_SOURCE_LANE,공시·수급 없음 판정을 확정할 만큼 source completeness가 부족함
011150,CJ씨푸드,KOSPI,false,UNAVAILABLE,18,순이익 흐름:MISSING_EARNINGS_TREND,SOURCE_DATA_GAP,FINANCIAL_VALUATION_CACHE,FALSE,MULTI_BLOCKER_SOURCE_LANE,재무·수익성 cache 입력 보강 필요
011150,CJ씨푸드,KOSPI,false,UNAVAILABLE,18,순현금·기업가치 상태:NETCASH_INPUT:NO_EXACT_CANDIDATE,SOURCE_DATA_GAP,NETCASH_INPUT,FALSE,MULTI_BLOCKER_SOURCE_LANE,시가총액·현금·승인 core debt 원천 보강 필요
011150,CJ씨푸드,KOSPI,false,UNAVAILABLE,18,영업이익 성장과 흑자 여부:MISSING_OP_PROFIT,SOURCE_DATA_GAP,FINANCIAL_VALUATION_CACHE,FALSE,MULTI_BLOCKER_SOURCE_LANE,재무·수익성 cache 입력 보강 필요
011150,CJ씨푸드,KOSPI,false,UNAVAILABLE,18,영업이익률:MISSING_MARGIN,SOURCE_DATA_GAP,FINANCIAL_VALUATION_CACHE,FALSE,MULTI_BLOCKER_SOURCE_LANE,재무·수익성 cache 입력 보강 필요
011150,CJ씨푸드,KOSPI,false,UNAVAILABLE,18,영업현금흐름:MISSING_OCF_MARGIN_INPUT,SOURCE_DATA_GAP,OCF_AND_REVENUE_SOURCE,FALSE,MULTI_BLOCKER_SOURCE_LANE,영업현금흐름 또는 연간 매출 입력 보강 필요
011150,CJ씨푸드,KOSPI,false,UNAVAILABLE,18,최근 3년 매출 성장률:MISSING_3Y_REVENUE,SOURCE_DATA_GAP,INVESTMENT_SCORE_SOURCE_CACHE,FALSE,MULTI_BLOCKER_SOURCE_LANE,연간/분기 재무 raw source 보강 필요
011150,CJ씨푸드,KOSPI,false,UNAVAILABLE,18,최근 3년 영업이익 성장률:MISSING_3Y_OP,SOURCE_DATA_GAP,INVESTMENT_SCORE_SOURCE_CACHE,FALSE,MULTI_BLOCKER_SOURCE_LANE,연간/분기 재무 raw source 보강 필요
011150,CJ씨푸드,KOSPI,false,UNAVAILABLE,18,최근 분기 실적 가속·둔화:MISSING_ACCEL_INPUT,SOURCE_DATA_GAP,INVESTMENT_SCORE_SOURCE_CACHE,FALSE,MULTI_BLOCKER_SOURCE_LANE,연간/분기 재무 raw source 보강 필요
011150,CJ씨푸드,KOSPI,false,UNAVAILABLE,18,하루평균 절대등락률:MISSING_ELASTICITY,SOURCE_DATA_GAP,PRICE_ELASTICITY_20D,FALSE,MULTI_BLOCKER_SOURCE_LANE,20거래일 가격탄력 source 보강 필요
011150,CJ씨푸드,KOSPI,false,UNAVAILABLE,18,흑자 지속성과 이익 안정성:MISSING_EARNINGS_TREND,SOURCE_DATA_GAP,FINANCIAL_VALUATION_CACHE,FALSE,MULTI_BLOCKER_SOURCE_LANE,재무·수익성 cache 입력 보강 필요
013580,계룡건설,KOSPI,false,UNAVAILABLE,18,EV/EBITDA:EV_EBITDA_INPUT:NO_EXACT_CANDIDATE:NO_EXACT_CANDIDATE,SOURCE_DATA_GAP,EXACT_DA_SOURCE,FALSE,MULTI_BLOCKER_SOURCE_LANE,"승인 exact D&A 원천 부족; debt_status=NO_EXACT_CANDIDATE, da_status=NO_EXACT_CANDIDATE"
013580,계룡건설,KOSPI,false,UNAVAILABLE,18,PBR:MISSING_PBR_OR_ROE,SOURCE_DATA_GAP,FINANCIAL_VALUATION_CACHE,FALSE,MULTI_BLOCKER_SOURCE_LANE,밸류에이션 또는 관련 이익·ROE 입력 보강 필요
013580,계룡건설,KOSPI,false,UNAVAILABLE,18,PER:MISSING_PER,SOURCE_DATA_GAP,FINANCIAL_VALUATION_CACHE,FALSE,MULTI_BLOCKER_SOURCE_LANE,밸류에이션 또는 관련 이익·ROE 입력 보강 필요
013580,계룡건설,KOSPI,false,UNAVAILABLE,18,PSR 또는 대체 가치지표:MISSING_PSR_INPUT,SOURCE_DATA_GAP,FINANCIAL_AND_RAW_SOURCE,FALSE,MULTI_BLOCKER_SOURCE_LANE,시가총액 또는 연간 매출 입력 보강 필요
013580,계룡건설,KOSPI,false,UNAVAILABLE,18,ROE:MISSING_ROE,SOURCE_DATA_GAP,FINANCIAL_VALUATION_CACHE,FALSE,MULTI_BLOCKER_SOURCE_LANE,재무·수익성 cache 입력 보강 필요
013580,계룡건설,KOSPI,false,UNAVAILABLE,18,매출 성장과 안정성:MISSING_REVENUE_GROWTH_INPUT,SOURCE_DATA_GAP,INVESTMENT_SCORE_SOURCE_CACHE,FALSE,MULTI_BLOCKER_SOURCE_LANE,연간/분기 재무 raw source 보강 필요
013580,계룡건설,KOSPI,false,UNAVAILABLE,18,부채비율:MISSING_DEBT_RATIO,SOURCE_DATA_GAP,FINANCIAL_VALUATION_CACHE,FALSE,MULTI_BLOCKER_SOURCE_LANE,재무·수익성 cache 입력 보강 필요
013580,계룡건설,KOSPI,false,UNAVAILABLE,18,수급·공시부담:SUPPLY_LIMITED_NO_POSITIVE_EVIDENCE,SOURCE_EVIDENCE_GAP,PRODUCTION_ANALYSIS_SUPPLY,FALSE,MULTI_BLOCKER_SOURCE_LANE,공시·수급 없음 판정을 확정할 만큼 source completeness가 부족함
013580,계룡건설,KOSPI,false,UNAVAILABLE,18,순이익 흐름:MISSING_EARNINGS_TREND,SOURCE_DATA_GAP,FINANCIAL_VALUATION_CACHE,FALSE,MULTI_BLOCKER_SOURCE_LANE,재무·수익성 cache 입력 보강 필요
013580,계룡건설,KOSPI,false,UNAVAILABLE,18,순현금·기업가치 상태:NETCASH_INPUT:NO_EXACT_CANDIDATE,SOURCE_DATA_GAP,NETCASH_INPUT,FALSE,MULTI_BLOCKER_SOURCE_LANE,시가총액·현금·승인 core debt 원천 보강 필요
013580,계룡건설,KOSPI,false,UNAVAILABLE,18,영업이익 성장과 흑자 여부:MISSING_OP_PROFIT,SOURCE_DATA_GAP,FINANCIAL_VALUATION_CACHE,FALSE,MULTI_BLOCKER_SOURCE_LANE,재무·수익성 cache 입력 보강 필요
013580,계룡건설,KOSPI,false,UNAVAILABLE,18,영업이익률:MISSING_MARGIN,SOURCE_DATA_GAP,FINANCIAL_VALUATION_CACHE,FALSE,MULTI_BLOCKER_SOURCE_LANE,재무·수익성 cache 입력 보강 필요
013580,계룡건설,KOSPI,false,UNAVAILABLE,18,영업현금흐름:MISSING_OCF_MARGIN_INPUT,SOURCE_DATA_GAP,OCF_AND_REVENUE_SOURCE,FALSE,MULTI_BLOCKER_SOURCE_LANE,영업현금흐름 또는 연간 매출 입력 보강 필요
013580,계룡건설,KOSPI,false,UNAVAILABLE,18,최근 3년 매출 성장률:MISSING_3Y_REVENUE,SOURCE_DATA_GAP,INVESTMENT_SCORE_SOURCE_CACHE,FALSE,MULTI_BLOCKER_SOURCE_LANE,연간/분기 재무 raw source 보강 필요
013580,계룡건설,KOSPI,false,UNAVAILABLE,18,최근 3년 영업이익 성장률:MISSING_3Y_OP,SOURCE_DATA_GAP,INVESTMENT_SCORE_SOURCE_CACHE,FALSE,MULTI_BLOCKER_SOURCE_LANE,연간/분기 재무 raw source 보강 필요
013580,계룡건설,KOSPI,false,UNAVAILABLE,18,최근 분기 실적 가속·둔화:MISSING_ACCEL_INPUT,SOURCE_DATA_GAP,INVESTMENT_SCORE_SOURCE_CACHE,FALSE,MULTI_BLOCKER_SOURCE_LANE,연간/분기 재무 raw source 보강 필요
013580,계룡건설,KOSPI,false,UNAVAILABLE,18,하루평균 절대등락률:MISSING_ELASTICITY,SOURCE_DATA_GAP,PRICE_ELASTICITY_20D,FALSE,MULTI_BLOCKER_SOURCE_LANE,20거래일 가격탄력 source 보강 필요
013580,계룡건설,KOSPI,false,UNAVAILABLE,18,흑자 지속성과 이익 안정성:MISSING_EARNINGS_TREND,SOURCE_DATA_GAP,FINANCIAL_VALUATION_CACHE,FALSE,MULTI_BLOCKER_SOURCE_LANE,재무·수익성 cache 입력 보강 필요
014820,동원시스템즈,KOSPI,false,UNAVAILABLE,18,EV/EBITDA:EV_EBITDA_INPUT:NO_EXACT_CANDIDATE:NO_EXACT_CANDIDATE,SOURCE_DATA_GAP,EXACT_DA_SOURCE,FALSE,MULTI_BLOCKER_SOURCE_LANE,"승인 exact D&A 원천 부족; debt_status=NO_EXACT_CANDIDATE, da_status=NO_EXACT_CANDIDATE"
014820,동원시스템즈,KOSPI,false,UNAVAILABLE,18,PBR:MISSING_PBR_OR_ROE,SOURCE_DATA_GAP,FINANCIAL_VALUATION_CACHE,FALSE,MULTI_BLOCKER_SOURCE_LANE,밸류에이션 또는 관련 이익·ROE 입력 보강 필요
014820,동원시스템즈,KOSPI,false,UNAVAILABLE,18,PER:MISSING_PER,SOURCE_DATA_GAP,FINANCIAL_VALUATION_CACHE,FALSE,MULTI_BLOCKER_SOURCE_LANE,밸류에이션 또는 관련 이익·ROE 입력 보강 필요
014820,동원시스템즈,KOSPI,false,UNAVAILABLE,18,PSR 또는 대체 가치지표:MISSING_PSR_INPUT,SOURCE_DATA_GAP,FINANCIAL_AND_RAW_SOURCE,FALSE,MULTI_BLOCKER_SOURCE_LANE,시가총액 또는 연간 매출 입력 보강 필요
014820,동원시스템즈,KOSPI,false,UNAVAILABLE,18,ROE:MISSING_ROE,SOURCE_DATA_GAP,FINANCIAL_VALUATION_CACHE,FALSE,MULTI_BLOCKER_SOURCE_LANE,재무·수익성 cache 입력 보강 필요
014820,동원시스템즈,KOSPI,false,UNAVAILABLE,18,매출 성장과 안정성:MISSING_REVENUE_GROWTH_INPUT,SOURCE_DATA_GAP,INVESTMENT_SCORE_SOURCE_CACHE,FALSE,MULTI_BLOCKER_SOURCE_LANE,연간/분기 재무 raw source 보강 필요
014820,동원시스템즈,KOSPI,false,UNAVAILABLE,18,부채비율:MISSING_DEBT_RATIO,SOURCE_DATA_GAP,FINANCIAL_VALUATION_CACHE,FALSE,MULTI_BLOCKER_SOURCE_LANE,재무·수익성 cache 입력 보강 필요
014820,동원시스템즈,KOSPI,false,UNAVAILABLE,18,수급·공시부담:SUPPLY_LIMITED_NO_POSITIVE_EVIDENCE,SOURCE_EVIDENCE_GAP,PRODUCTION_ANALYSIS_SUPPLY,FALSE,MULTI_BLOCKER_SOURCE_LANE,공시·수급 없음 판정을 확정할 만큼 source completeness가 부족함
014820,동원시스템즈,KOSPI,false,UNAVAILABLE,18,순이익 흐름:MISSING_EARNINGS_TREND,SOURCE_DATA_GAP,FINANCIAL_VALUATION_CACHE,FALSE,MULTI_BLOCKER_SOURCE_LANE,재무·수익성 cache 입력 보강 필요
014820,동원시스템즈,KOSPI,false,UNAVAILABLE,18,순현금·기업가치 상태:NETCASH_INPUT:NO_EXACT_CANDIDATE,SOURCE_DATA_GAP,NETCASH_INPUT,FALSE,MULTI_BLOCKER_SOURCE_LANE,시가총액·현금·승인 core debt 원천 보강 필요
014820,동원시스템즈,KOSPI,false,UNAVAILABLE,18,영업이익 성장과 흑자 여부:MISSING_OP_PROFIT,SOURCE_DATA_GAP,FINANCIAL_VALUATION_CACHE,FALSE,MULTI_BLOCKER_SOURCE_LANE,재무·수익성 cache 입력 보강 필요
014820,동원시스템즈,KOSPI,false,UNAVAILABLE,18,영업이익률:MISSING_MARGIN,SOURCE_DATA_GAP,FINANCIAL_VALUATION_CACHE,FALSE,MULTI_BLOCKER_SOURCE_LANE,재무·수익성 cache 입력 보강 필요
014820,동원시스템즈,KOSPI,false,UNAVAILABLE,18,영업현금흐름:MISSING_OCF_MARGIN_INPUT,SOURCE_DATA_GAP,OCF_AND_REVENUE_SOURCE,FALSE,MULTI_BLOCKER_SOURCE_LANE,영업현금흐름 또는 연간 매출 입력 보강 필요
014820,동원시스템즈,KOSPI,false,UNAVAILABLE,18,최근 3년 매출 성장률:MISSING_3Y_REVENUE,SOURCE_DATA_GAP,INVESTMENT_SCORE_SOURCE_CACHE,FALSE,MULTI_BLOCKER_SOURCE_LANE,연간/분기 재무 raw source 보강 필요
014820,동원시스템즈,KOSPI,false,UNAVAILABLE,18,최근 3년 영업이익 성장률:MISSING_3Y_OP,SOURCE_DATA_GAP,INVESTMENT_SCORE_SOURCE_CACHE,FALSE,MULTI_BLOCKER_SOURCE_LANE,연간/분기 재무 raw source 보강 필요
014820,동원시스템즈,KOSPI,false,UNAVAILABLE,18,최근 분기 실적 가속·둔화:MISSING_ACCEL_INPUT,SOURCE_DATA_GAP,INVESTMENT_SCORE_SOURCE_CACHE,FALSE,MULTI_BLOCKER_SOURCE_LANE,연간/분기 재무 raw source 보강 필요
014820,동원시스템즈,KOSPI,false,UNAVAILABLE,18,하루평균 절대등락률:MISSING_ELASTICITY,SOURCE_DATA_GAP,PRICE_ELASTICITY_20D,FALSE,MULTI_BLOCKER_SOURCE_LANE,20거래일 가격탄력 source 보강 필요
014820,동원시스템즈,KOSPI,false,UNAVAILABLE,18,흑자 지속성과 이익 안정성:MISSING_EARNINGS_TREND,SOURCE_DATA_GAP,FINANCIAL_VALUATION_CACHE,FALSE,MULTI_BLOCKER_SOURCE_LANE,재무·수익성 cache 입력 보강 필요
019685,대교우B,KOSPI,false,PREFERRED_COMMON:019680,18,EV/EBITDA:EV_EBITDA_INPUT:OK:NO_EXACT_CANDIDATE,SOURCE_DATA_GAP,EXACT_DA_SOURCE,FALSE,MULTI_BLOCKER_SOURCE_LANE,"승인 exact D&A 원천 부족; debt_status=OK, da_status=NO_EXACT_CANDIDATE"
019685,대교우B,KOSPI,false,PREFERRED_COMMON:019680,18,PBR:MISSING_PBR_OR_ROE,SOURCE_DATA_GAP,FINANCIAL_VALUATION_CACHE,FALSE,MULTI_BLOCKER_SOURCE_LANE,밸류에이션 또는 관련 이익·ROE 입력 보강 필요
019685,대교우B,KOSPI,false,PREFERRED_COMMON:019680,18,PER:MISSING_PER,SOURCE_DATA_GAP,FINANCIAL_VALUATION_CACHE,FALSE,MULTI_BLOCKER_SOURCE_LANE,밸류에이션 또는 관련 이익·ROE 입력 보강 필요
019685,대교우B,KOSPI,false,PREFERRED_COMMON:019680,18,PSR 또는 대체 가치지표:MISSING_PSR_INPUT,SOURCE_DATA_GAP,FINANCIAL_AND_RAW_SOURCE,FALSE,MULTI_BLOCKER_SOURCE_LANE,시가총액 또는 연간 매출 입력 보강 필요
019685,대교우B,KOSPI,false,PREFERRED_COMMON:019680,18,ROE:MISSING_ROE,SOURCE_DATA_GAP,FINANCIAL_VALUATION_CACHE,FALSE,MULTI_BLOCKER_SOURCE_LANE,재무·수익성 cache 입력 보강 필요
019685,대교우B,KOSPI,false,PREFERRED_COMMON:019680,18,과열·급락 위험:MISSING_RISK_INPUT,SOURCE_DATA_GAP,PRODUCTION_PRICE_METRICS,FALSE,MULTI_BLOCKER_SOURCE_LANE,가격·스윙·ATR·거래활동 metric 보강 필요
019685,대교우B,KOSPI,false,PREFERRED_COMMON:019680,18,기간 저가·고가 대비 현재위치:MISSING_POSITION,SOURCE_DATA_GAP,PRODUCTION_PRICE_METRICS,FALSE,MULTI_BLOCKER_SOURCE_LANE,가격·스윙·ATR·거래활동 metric 보강 필요
019685,대교우B,KOSPI,false,PREFERRED_COMMON:019680,18,매출 성장과 안정성:MISSING_REVENUE_GROWTH_INPUT,SOURCE_DATA_GAP,INVESTMENT_SCORE_SOURCE_CACHE,FALSE,MULTI_BLOCKER_SOURCE_LANE,연간/분기 재무 raw source 보강 필요
019685,대교우B,KOSPI,false,PREFERRED_COMMON:019680,18,부채비율:MISSING_DEBT_RATIO,SOURCE_DATA_GAP,FINANCIAL_VALUATION_CACHE,FALSE,MULTI_BLOCKER_SOURCE_LANE,재무·수익성 cache 입력 보강 필요
019685,대교우B,KOSPI,false,PREFERRED_COMMON:019680,18,수급·공시부담:SUPPLY_LIMITED_NO_POSITIVE_EVIDENCE,SOURCE_EVIDENCE_GAP,PRODUCTION_ANALYSIS_SUPPLY,FALSE,MULTI_BLOCKER_SOURCE_LANE,공시·수급 없음 판정을 확정할 만큼 source completeness가 부족함
019685,대교우B,KOSPI,false,PREFERRED_COMMON:019680,18,순이익 흐름:MISSING_EARNINGS_TREND,SOURCE_DATA_GAP,FINANCIAL_VALUATION_CACHE,FALSE,MULTI_BLOCKER_SOURCE_LANE,재무·수익성 cache 입력 보강 필요
019685,대교우B,KOSPI,false,PREFERRED_COMMON:019680,18,순현금·기업가치 상태:NETCASH_INPUT:OK,SOURCE_DATA_GAP,NETCASH_INPUT,FALSE,MULTI_BLOCKER_SOURCE_LANE,시가총액·현금·승인 core debt 원천 보강 필요
019685,대교우B,KOSPI,false,PREFERRED_COMMON:019680,18,영업이익 성장과 흑자 여부:MISSING_OP_PROFIT,SOURCE_DATA_GAP,FINANCIAL_VALUATION_CACHE,FALSE,MULTI_BLOCKER_SOURCE_LANE,재무·수익성 cache 입력 보강 필요
019685,대교우B,KOSPI,false,PREFERRED_COMMON:019680,18,영업이익률:MISSING_MARGIN,SOURCE_DATA_GAP,FINANCIAL_VALUATION_CACHE,FALSE,MULTI_BLOCKER_SOURCE_LANE,재무·수익성 cache 입력 보강 필요
019685,대교우B,KOSPI,false,PREFERRED_COMMON:019680,18,영업현금흐름:MISSING_OCF_MARGIN_INPUT,SOURCE_DATA_GAP,OCF_AND_REVENUE_SOURCE,FALSE,MULTI_BLOCKER_SOURCE_LANE,영업현금흐름 또는 연간 매출 입력 보강 필요
019685,대교우B,KOSPI,false,PREFERRED_COMMON:019680,18,최근 분기 실적 가속·둔화:ANNUAL_OP_DENOM_NONPOSITIVE,POLICY_SEMANTIC_BLOCKER,V880_SCORING_CONTRACT,FALSE,POLICY_SEMANTIC_DEFER,전년도 연간 영업이익 분모가 비양수이며 승인 계약상 의미 blocker
019685,대교우B,KOSPI,false,PREFERRED_COMMON:019680,18,하루평균 절대등락률:MISSING_ELASTICITY,SOURCE_DATA_GAP,PRICE_ELASTICITY_20D,FALSE,MULTI_BLOCKER_SOURCE_LANE,20거래일 가격탄력 source 보강 필요
019685,대교우B,KOSPI,false,PREFERRED_COMMON:019680,18,흑자 지속성과 이익 안정성:MISSING_EARNINGS_TREND,SOURCE_DATA_GAP,FINANCIAL_VALUATION_CACHE,FALSE,MULTI_BLOCKER_SOURCE_LANE,재무·수익성 cache 입력 보강 필요
023000,삼원강재,KOSPI,false,UNAVAILABLE,18,EV/EBITDA:EV_EBITDA_INPUT:NO_EXACT_CANDIDATE:NO_EXACT_CANDIDATE,SOURCE_DATA_GAP,EXACT_DA_SOURCE,FALSE,MULTI_BLOCKER_SOURCE_LANE,"승인 exact D&A 원천 부족; debt_status=NO_EXACT_CANDIDATE, da_status=NO_EXACT_CANDIDATE"
023000,삼원강재,KOSPI,false,UNAVAILABLE,18,PBR:MISSING_PBR_OR_ROE,SOURCE_DATA_GAP,FINANCIAL_VALUATION_CACHE,FALSE,MULTI_BLOCKER_SOURCE_LANE,밸류에이션 또는 관련 이익·ROE 입력 보강 필요
023000,삼원강재,KOSPI,false,UNAVAILABLE,18,PER:MISSING_PER,SOURCE_DATA_GAP,FINANCIAL_VALUATION_CACHE,FALSE,MULTI_BLOCKER_SOURCE_LANE,밸류에이션 또는 관련 이익·ROE 입력 보강 필요
023000,삼원강재,KOSPI,false,UNAVAILABLE,18,PSR 또는 대체 가치지표:MISSING_PSR_INPUT,SOURCE_DATA_GAP,FINANCIAL_AND_RAW_SOURCE,FALSE,MULTI_BLOCKER_SOURCE_LANE,시가총액 또는 연간 매출 입력 보강 필요
023000,삼원강재,KOSPI,false,UNAVAILABLE,18,ROE:MISSING_ROE,SOURCE_DATA_GAP,FINANCIAL_VALUATION_CACHE,FALSE,MULTI_BLOCKER_SOURCE_LANE,재무·수익성 cache 입력 보강 필요
023000,삼원강재,KOSPI,false,UNAVAILABLE,18,매출 성장과 안정성:MISSING_REVENUE_GROWTH_INPUT,SOURCE_DATA_GAP,INVESTMENT_SCORE_SOURCE_CACHE,FALSE,MULTI_BLOCKER_SOURCE_LANE,연간/분기 재무 raw source 보강 필요
023000,삼원강재,KOSPI,false,UNAVAILABLE,18,부채비율:MISSING_DEBT_RATIO,SOURCE_DATA_GAP,FINANCIAL_VALUATION_CACHE,FALSE,MULTI_BLOCKER_SOURCE_LANE,재무·수익성 cache 입력 보강 필요
023000,삼원강재,KOSPI,false,UNAVAILABLE,18,수급·공시부담:SUPPLY_LIMITED_NO_POSITIVE_EVIDENCE,SOURCE_EVIDENCE_GAP,PRODUCTION_ANALYSIS_SUPPLY,FALSE,MULTI_BLOCKER_SOURCE_LANE,공시·수급 없음 판정을 확정할 만큼 source completeness가 부족함
023000,삼원강재,KOSPI,false,UNAVAILABLE,18,순이익 흐름:MISSING_EARNINGS_TREND,SOURCE_DATA_GAP,FINANCIAL_VALUATION_CACHE,FALSE,MULTI_BLOCKER_SOURCE_LANE,재무·수익성 cache 입력 보강 필요
023000,삼원강재,KOSPI,false,UNAVAILABLE,18,순현금·기업가치 상태:NETCASH_INPUT:NO_EXACT_CANDIDATE,SOURCE_DATA_GAP,NETCASH_INPUT,FALSE,MULTI_BLOCKER_SOURCE_LANE,시가총액·현금·승인 core debt 원천 보강 필요
023000,삼원강재,KOSPI,false,UNAVAILABLE,18,영업이익 성장과 흑자 여부:MISSING_OP_PROFIT,SOURCE_DATA_GAP,FINANCIAL_VALUATION_CACHE,FALSE,MULTI_BLOCKER_SOURCE_LANE,재무·수익성 cache 입력 보강 필요
023000,삼원강재,KOSPI,false,UNAVAILABLE,18,영업이익률:MISSING_MARGIN,SOURCE_DATA_GAP,FINANCIAL_VALUATION_CACHE,FALSE,MULTI_BLOCKER_SOURCE_LANE,재무·수익성 cache 입력 보강 필요
023000,삼원강재,KOSPI,false,UNAVAILABLE,18,영업현금흐름:MISSING_OCF_MARGIN_INPUT,SOURCE_DATA_GAP,OCF_AND_REVENUE_SOURCE,FALSE,MULTI_BLOCKER_SOURCE_LANE,영업현금흐름 또는 연간 매출 입력 보강 필요
023000,삼원강재,KOSPI,false,UNAVAILABLE,18,최근 3년 매출 성장률:MISSING_3Y_REVENUE,SOURCE_DATA_GAP,INVESTMENT_SCORE_SOURCE_CACHE,FALSE,MULTI_BLOCKER_SOURCE_LANE,연간/분기 재무 raw source 보강 필요
023000,삼원강재,KOSPI,false,UNAVAILABLE,18,최근 3년 영업이익 성장률:MISSING_3Y_OP,SOURCE_DATA_GAP,INVESTMENT_SCORE_SOURCE_CACHE,FALSE,MULTI_BLOCKER_SOURCE_LANE,연간/분기 재무 raw source 보강 필요
023000,삼원강재,KOSPI,false,UNAVAILABLE,18,최근 분기 실적 가속·둔화:MISSING_ACCEL_INPUT,SOURCE_DATA_GAP,INVESTMENT_SCORE_SOURCE_CACHE,FALSE,MULTI_BLOCKER_SOURCE_LANE,연간/분기 재무 raw source 보강 필요
023000,삼원강재,KOSPI,false,UNAVAILABLE,18,하루평균 절대등락률:MISSING_ELASTICITY,SOURCE_DATA_GAP,PRICE_ELASTICITY_20D,FALSE,MULTI_BLOCKER_SOURCE_LANE,20거래일 가격탄력 source 보강 필요
023000,삼원강재,KOSPI,false,UNAVAILABLE,18,흑자 지속성과 이익 안정성:MISSING_EARNINGS_TREND,SOURCE_DATA_GAP,FINANCIAL_VALUATION_CACHE,FALSE,MULTI_BLOCKER_SOURCE_LANE,재무·수익성 cache 입력 보강 필요
033530,SJG세종,KOSPI,false,UNAVAILABLE,18,EV/EBITDA:EV_EBITDA_INPUT:NO_EXACT_CANDIDATE:NO_EXACT_CANDIDATE,SOURCE_DATA_GAP,EXACT_DA_SOURCE,FALSE,MULTI_BLOCKER_SOURCE_LANE,"승인 exact D&A 원천 부족; debt_status=NO_EXACT_CANDIDATE, da_status=NO_EXACT_CANDIDATE"
033530,SJG세종,KOSPI,false,UNAVAILABLE,18,PBR:MISSING_PBR_OR_ROE,SOURCE_DATA_GAP,FINANCIAL_VALUATION_CACHE,FALSE,MULTI_BLOCKER_SOURCE_LANE,밸류에이션 또는 관련 이익·ROE 입력 보강 필요
033530,SJG세종,KOSPI,false,UNAVAILABLE,18,PER:MISSING_PER,SOURCE_DATA_GAP,FINANCIAL_VALUATION_CACHE,FALSE,MULTI_BLOCKER_SOURCE_LANE,밸류에이션 또는 관련 이익·ROE 입력 보강 필요
033530,SJG세종,KOSPI,false,UNAVAILABLE,18,PSR 또는 대체 가치지표:MISSING_PSR_INPUT,SOURCE_DATA_GAP,FINANCIAL_AND_RAW_SOURCE,FALSE,MULTI_BLOCKER_SOURCE_LANE,시가총액 또는 연간 매출 입력 보강 필요
033530,SJG세종,KOSPI,false,UNAVAILABLE,18,ROE:MISSING_ROE,SOURCE_DATA_GAP,FINANCIAL_VALUATION_CACHE,FALSE,MULTI_BLOCKER_SOURCE_LANE,재무·수익성 cache 입력 보강 필요
033530,SJG세종,KOSPI,false,UNAVAILABLE,18,매출 성장과 안정성:MISSING_REVENUE_GROWTH_INPUT,SOURCE_DATA_GAP,INVESTMENT_SCORE_SOURCE_CACHE,FALSE,MULTI_BLOCKER_SOURCE_LANE,연간/분기 재무 raw source 보강 필요
033530,SJG세종,KOSPI,false,UNAVAILABLE,18,부채비율:MISSING_DEBT_RATIO,SOURCE_DATA_GAP,FINANCIAL_VALUATION_CACHE,FALSE,MULTI_BLOCKER_SOURCE_LANE,재무·수익성 cache 입력 보강 필요
033530,SJG세종,KOSPI,false,UNAVAILABLE,18,수급·공시부담:SUPPLY_LIMITED_NO_POSITIVE_EVIDENCE,SOURCE_EVIDENCE_GAP,PRODUCTION_ANALYSIS_SUPPLY,FALSE,MULTI_BLOCKER_SOURCE_LANE,공시·수급 없음 판정을 확정할 만큼 source completeness가 부족함
033530,SJG세종,KOSPI,false,UNAVAILABLE,18,순이익 흐름:MISSING_EARNINGS_TREND,SOURCE_DATA_GAP,FINANCIAL_VALUATION_CACHE,FALSE,MULTI_BLOCKER_SOURCE_LANE,재무·수익성 cache 입력 보강 필요
033530,SJG세종,KOSPI,false,UNAVAILABLE,18,순현금·기업가치 상태:NETCASH_INPUT:NO_EXACT_CANDIDATE,SOURCE_DATA_GAP,NETCASH_INPUT,FALSE,MULTI_BLOCKER_SOURCE_LANE,시가총액·현금·승인 core debt 원천 보강 필요
033530,SJG세종,KOSPI,false,UNAVAILABLE,18,영업이익 성장과 흑자 여부:MISSING_OP_PROFIT,SOURCE_DATA_GAP,FINANCIAL_VALUATION_CACHE,FALSE,MULTI_BLOCKER_SOURCE_LANE,재무·수익성 cache 입력 보강 필요
033530,SJG세종,KOSPI,false,UNAVAILABLE,18,영업이익률:MISSING_MARGIN,SOURCE_DATA_GAP,FINANCIAL_VALUATION_CACHE,FALSE,MULTI_BLOCKER_SOURCE_LANE,재무·수익성 cache 입력 보강 필요
033530,SJG세종,KOSPI,false,UNAVAILABLE,18,영업현금흐름:MISSING_OCF_MARGIN_INPUT,SOURCE_DATA_GAP,OCF_AND_REVENUE_SOURCE,FALSE,MULTI_BLOCKER_SOURCE_LANE,영업현금흐름 또는 연간 매출 입력 보강 필요
033530,SJG세종,KOSPI,false,UNAVAILABLE,18,최근 3년 매출 성장률:MISSING_3Y_REVENUE,SOURCE_DATA_GAP,INVESTMENT_SCORE_SOURCE_CACHE,FALSE,MULTI_BLOCKER_SOURCE_LANE,연간/분기 재무 raw source 보강 필요
033530,SJG세종,KOSPI,false,UNAVAILABLE,18,최근 3년 영업이익 성장률:MISSING_3Y_OP,SOURCE_DATA_GAP,INVESTMENT_SCORE_SOURCE_CACHE,FALSE,MULTI_BLOCKER_SOURCE_LANE,연간/분기 재무 raw source 보강 필요
033530,SJG세종,KOSPI,false,UNAVAILABLE,18,최근 분기 실적 가속·둔화:MISSING_ACCEL_INPUT,SOURCE_DATA_GAP,INVESTMENT_SCORE_SOURCE_CACHE,FALSE,MULTI_BLOCKER_SOURCE_LANE,연간/분기 재무 raw source 보강 필요
033530,SJG세종,KOSPI,false,UNAVAILABLE,18,하루평균 절대등락률:MISSING_ELASTICITY,SOURCE_DATA_GAP,PRICE_ELASTICITY_20D,FALSE,MULTI_BLOCKER_SOURCE_LANE,20거래일 가격탄력 source 보강 필요
033530,SJG세종,KOSPI,false,UNAVAILABLE,18,흑자 지속성과 이익 안정성:MISSING_EARNINGS_TREND,SOURCE_DATA_GAP,FINANCIAL_VALUATION_CACHE,FALSE,MULTI_BLOCKER_SOURCE_LANE,재무·수익성 cache 입력 보강 필요
058850,KTcs,KOSPI,false,UNAVAILABLE,18,EV/EBITDA:EV_EBITDA_INPUT:NO_EXACT_CANDIDATE:NO_EXACT_CANDIDATE,SOURCE_DATA_GAP,EXACT_DA_SOURCE,FALSE,MULTI_BLOCKER_SOURCE_LANE,"승인 exact D&A 원천 부족; debt_status=NO_EXACT_CANDIDATE, da_status=NO_EXACT_CANDIDATE"
058850,KTcs,KOSPI,false,UNAVAILABLE,18,PBR:MISSING_PBR_OR_ROE,SOURCE_DATA_GAP,FINANCIAL_VALUATION_CACHE,FALSE,MULTI_BLOCKER_SOURCE_LANE,밸류에이션 또는 관련 이익·ROE 입력 보강 필요
058850,KTcs,KOSPI,false,UNAVAILABLE,18,PER:MISSING_PER,SOURCE_DATA_GAP,FINANCIAL_VALUATION_CACHE,FALSE,MULTI_BLOCKER_SOURCE_LANE,밸류에이션 또는 관련 이익·ROE 입력 보강 필요
058850,KTcs,KOSPI,false,UNAVAILABLE,18,PSR 또는 대체 가치지표:MISSING_PSR_INPUT,SOURCE_DATA_GAP,FINANCIAL_AND_RAW_SOURCE,FALSE,MULTI_BLOCKER_SOURCE_LANE,시가총액 또는 연간 매출 입력 보강 필요
058850,KTcs,KOSPI,false,UNAVAILABLE,18,ROE:MISSING_ROE,SOURCE_DATA_GAP,FINANCIAL_VALUATION_CACHE,FALSE,MULTI_BLOCKER_SOURCE_LANE,재무·수익성 cache 입력 보강 필요
058850,KTcs,KOSPI,false,UNAVAILABLE,18,매출 성장과 안정성:MISSING_REVENUE_GROWTH_INPUT,SOURCE_DATA_GAP,INVESTMENT_SCORE_SOURCE_CACHE,FALSE,MULTI_BLOCKER_SOURCE_LANE,연간/분기 재무 raw source 보강 필요
058850,KTcs,KOSPI,false,UNAVAILABLE,18,부채비율:MISSING_DEBT_RATIO,SOURCE_DATA_GAP,FINANCIAL_VALUATION_CACHE,FALSE,MULTI_BLOCKER_SOURCE_LANE,재무·수익성 cache 입력 보강 필요
058850,KTcs,KOSPI,false,UNAVAILABLE,18,수급·공시부담:SUPPLY_LIMITED_NO_POSITIVE_EVIDENCE,SOURCE_EVIDENCE_GAP,PRODUCTION_ANALYSIS_SUPPLY,FALSE,MULTI_BLOCKER_SOURCE_LANE,공시·수급 없음 판정을 확정할 만큼 source completeness가 부족함
058850,KTcs,KOSPI,false,UNAVAILABLE,18,순이익 흐름:MISSING_EARNINGS_TREND,SOURCE_DATA_GAP,FINANCIAL_VALUATION_CACHE,FALSE,MULTI_BLOCKER_SOURCE_LANE,재무·수익성 cache 입력 보강 필요
058850,KTcs,KOSPI,false,UNAVAILABLE,18,순현금·기업가치 상태:NETCASH_INPUT:NO_EXACT_CANDIDATE,SOURCE_DATA_GAP,NETCASH_INPUT,FALSE,MULTI_BLOCKER_SOURCE_LANE,시가총액·현금·승인 core debt 원천 보강 필요
058850,KTcs,KOSPI,false,UNAVAILABLE,18,영업이익 성장과 흑자 여부:MISSING_OP_PROFIT,SOURCE_DATA_GAP,FINANCIAL_VALUATION_CACHE,FALSE,MULTI_BLOCKER_SOURCE_LANE,재무·수익성 cache 입력 보강 필요
058850,KTcs,KOSPI,false,UNAVAILABLE,18,영업이익률:MISSING_MARGIN,SOURCE_DATA_GAP,FINANCIAL_VALUATION_CACHE,FALSE,MULTI_BLOCKER_SOURCE_LANE,재무·수익성 cache 입력 보강 필요
058850,KTcs,KOSPI,false,UNAVAILABLE,18,영업현금흐름:MISSING_OCF_MARGIN_INPUT,SOURCE_DATA_GAP,OCF_AND_REVENUE_SOURCE,FALSE,MULTI_BLOCKER_SOURCE_LANE,영업현금흐름 또는 연간 매출 입력 보강 필요
058850,KTcs,KOSPI,false,UNAVAILABLE,18,최근 3년 매출 성장률:MISSING_3Y_REVENUE,SOURCE_DATA_GAP,INVESTMENT_SCORE_SOURCE_CACHE,FALSE,MULTI_BLOCKER_SOURCE_LANE,연간/분기 재무 raw source 보강 필요
058850,KTcs,KOSPI,false,UNAVAILABLE,18,최근 3년 영업이익 성장률:MISSING_3Y_OP,SOURCE_DATA_GAP,INVESTMENT_SCORE_SOURCE_CACHE,FALSE,MULTI_BLOCKER_SOURCE_LANE,연간/분기 재무 raw source 보강 필요
058850,KTcs,KOSPI,false,UNAVAILABLE,18,최근 분기 실적 가속·둔화:MISSING_ACCEL_INPUT,SOURCE_DATA_GAP,INVESTMENT_SCORE_SOURCE_CACHE,FALSE,MULTI_BLOCKER_SOURCE_LANE,연간/분기 재무 raw source 보강 필요
058850,KTcs,KOSPI,false,UNAVAILABLE,18,하루평균 절대등락률:MISSING_ELASTICITY,SOURCE_DATA_GAP,PRICE_ELASTICITY_20D,FALSE,MULTI_BLOCKER_SOURCE_LANE,20거래일 가격탄력 source 보강 필요
058850,KTcs,KOSPI,false,UNAVAILABLE,18,흑자 지속성과 이익 안정성:MISSING_EARNINGS_TREND,SOURCE_DATA_GAP,FINANCIAL_VALUATION_CACHE,FALSE,MULTI_BLOCKER_SOURCE_LANE,재무·수익성 cache 입력 보강 필요
069260,TKG휴켐스,KOSPI,false,UNAVAILABLE,18,EV/EBITDA:EV_EBITDA_INPUT:NO_EXACT_CANDIDATE:NO_EXACT_CANDIDATE,SOURCE_DATA_GAP,EXACT_DA_SOURCE,FALSE,MULTI_BLOCKER_SOURCE_LANE,"승인 exact D&A 원천 부족; debt_status=NO_EXACT_CANDIDATE, da_status=NO_EXACT_CANDIDATE"
069260,TKG휴켐스,KOSPI,false,UNAVAILABLE,18,PBR:MISSING_PBR_OR_ROE,SOURCE_DATA_GAP,FINANCIAL_VALUATION_CACHE,FALSE,MULTI_BLOCKER_SOURCE_LANE,밸류에이션 또는 관련 이익·ROE 입력 보강 필요
069260,TKG휴켐스,KOSPI,false,UNAVAILABLE,18,PER:MISSING_PER,SOURCE_DATA_GAP,FINANCIAL_VALUATION_CACHE,FALSE,MULTI_BLOCKER_SOURCE_LANE,밸류에이션 또는 관련 이익·ROE 입력 보강 필요
069260,TKG휴켐스,KOSPI,false,UNAVAILABLE,18,PSR 또는 대체 가치지표:MISSING_PSR_INPUT,SOURCE_DATA_GAP,FINANCIAL_AND_RAW_SOURCE,FALSE,MULTI_BLOCKER_SOURCE_LANE,시가총액 또는 연간 매출 입력 보강 필요
069260,TKG휴켐스,KOSPI,false,UNAVAILABLE,18,ROE:MISSING_ROE,SOURCE_DATA_GAP,FINANCIAL_VALUATION_CACHE,FALSE,MULTI_BLOCKER_SOURCE_LANE,재무·수익성 cache 입력 보강 필요
069260,TKG휴켐스,KOSPI,false,UNAVAILABLE,18,매출 성장과 안정성:MISSING_REVENUE_GROWTH_INPUT,SOURCE_DATA_GAP,INVESTMENT_SCORE_SOURCE_CACHE,FALSE,MULTI_BLOCKER_SOURCE_LANE,연간/분기 재무 raw source 보강 필요
069260,TKG휴켐스,KOSPI,false,UNAVAILABLE,18,부채비율:MISSING_DEBT_RATIO,SOURCE_DATA_GAP,FINANCIAL_VALUATION_CACHE,FALSE,MULTI_BLOCKER_SOURCE_LANE,재무·수익성 cache 입력 보강 필요
069260,TKG휴켐스,KOSPI,false,UNAVAILABLE,18,수급·공시부담:SUPPLY_LIMITED_NO_POSITIVE_EVIDENCE,SOURCE_EVIDENCE_GAP,PRODUCTION_ANALYSIS_SUPPLY,FALSE,MULTI_BLOCKER_SOURCE_LANE,공시·수급 없음 판정을 확정할 만큼 source completeness가 부족함
069260,TKG휴켐스,KOSPI,false,UNAVAILABLE,18,순이익 흐름:MISSING_EARNINGS_TREND,SOURCE_DATA_GAP,FINANCIAL_VALUATION_CACHE,FALSE,MULTI_BLOCKER_SOURCE_LANE,재무·수익성 cache 입력 보강 필요
069260,TKG휴켐스,KOSPI,false,UNAVAILABLE,18,순현금·기업가치 상태:NETCASH_INPUT:NO_EXACT_CANDIDATE,SOURCE_DATA_GAP,NETCASH_INPUT,FALSE,MULTI_BLOCKER_SOURCE_LANE,시가총액·현금·승인 core debt 원천 보강 필요
069260,TKG휴켐스,KOSPI,false,UNAVAILABLE,18,영업이익 성장과 흑자 여부:MISSING_OP_PROFIT,SOURCE_DATA_GAP,FINANCIAL_VALUATION_CACHE,FALSE,MULTI_BLOCKER_SOURCE_LANE,재무·수익성 cache 입력 보강 필요
069260,TKG휴켐스,KOSPI,false,UNAVAILABLE,18,영업이익률:MISSING_MARGIN,SOURCE_DATA_GAP,FINANCIAL_VALUATION_CACHE,FALSE,MULTI_BLOCKER_SOURCE_LANE,재무·수익성 cache 입력 보강 필요
069260,TKG휴켐스,KOSPI,false,UNAVAILABLE,18,영업현금흐름:MISSING_OCF_MARGIN_INPUT,SOURCE_DATA_GAP,OCF_AND_REVENUE_SOURCE,FALSE,MULTI_BLOCKER_SOURCE_LANE,영업현금흐름 또는 연간 매출 입력 보강 필요
069260,TKG휴켐스,KOSPI,false,UNAVAILABLE,18,최근 3년 매출 성장률:MISSING_3Y_REVENUE,SOURCE_DATA_GAP,INVESTMENT_SCORE_SOURCE_CACHE,FALSE,MULTI_BLOCKER_SOURCE_LANE,연간/분기 재무 raw source 보강 필요
069260,TKG휴켐스,KOSPI,false,UNAVAILABLE,18,최근 3년 영업이익 성장률:MISSING_3Y_OP,SOURCE_DATA_GAP,INVESTMENT_SCORE_SOURCE_CACHE,FALSE,MULTI_BLOCKER_SOURCE_LANE,연간/분기 재무 raw source 보강 필요
069260,TKG휴켐스,KOSPI,false,UNAVAILABLE,18,최근 분기 실적 가속·둔화:MISSING_ACCEL_INPUT,SOURCE_DATA_GAP,INVESTMENT_SCORE_SOURCE_CACHE,FALSE,MULTI_BLOCKER_SOURCE_LANE,연간/분기 재무 raw source 보강 필요
069260,TKG휴켐스,KOSPI,false,UNAVAILABLE,18,하루평균 절대등락률:MISSING_ELASTICITY,SOURCE_DATA_GAP,PRICE_ELASTICITY_20D,FALSE,MULTI_BLOCKER_SOURCE_LANE,20거래일 가격탄력 source 보강 필요
069260,TKG휴켐스,KOSPI,false,UNAVAILABLE,18,흑자 지속성과 이익 안정성:MISSING_EARNINGS_TREND,SOURCE_DATA_GAP,FINANCIAL_VALUATION_CACHE,FALSE,MULTI_BLOCKER_SOURCE_LANE,재무·수익성 cache 입력 보강 필요
079430,현대리바트,KOSPI,false,UNAVAILABLE,18,EV/EBITDA:EV_EBITDA_INPUT:NO_EXACT_CANDIDATE:NO_EXACT_CANDIDATE,SOURCE_DATA_GAP,EXACT_DA_SOURCE,FALSE,MULTI_BLOCKER_SOURCE_LANE,"승인 exact D&A 원천 부족; debt_status=NO_EXACT_CANDIDATE, da_status=NO_EXACT_CANDIDATE"
079430,현대리바트,KOSPI,false,UNAVAILABLE,18,PBR:MISSING_PBR_OR_ROE,SOURCE_DATA_GAP,FINANCIAL_VALUATION_CACHE,FALSE,MULTI_BLOCKER_SOURCE_LANE,밸류에이션 또는 관련 이익·ROE 입력 보강 필요
079430,현대리바트,KOSPI,false,UNAVAILABLE,18,PER:MISSING_PER,SOURCE_DATA_GAP,FINANCIAL_VALUATION_CACHE,FALSE,MULTI_BLOCKER_SOURCE_LANE,밸류에이션 또는 관련 이익·ROE 입력 보강 필요
079430,현대리바트,KOSPI,false,UNAVAILABLE,18,PSR 또는 대체 가치지표:MISSING_PSR_INPUT,SOURCE_DATA_GAP,FINANCIAL_AND_RAW_SOURCE,FALSE,MULTI_BLOCKER_SOURCE_LANE,시가총액 또는 연간 매출 입력 보강 필요
079430,현대리바트,KOSPI,false,UNAVAILABLE,18,ROE:MISSING_ROE,SOURCE_DATA_GAP,FINANCIAL_VALUATION_CACHE,FALSE,MULTI_BLOCKER_SOURCE_LANE,재무·수익성 cache 입력 보강 필요
079430,현대리바트,KOSPI,false,UNAVAILABLE,18,매출 성장과 안정성:MISSING_REVENUE_GROWTH_INPUT,SOURCE_DATA_GAP,INVESTMENT_SCORE_SOURCE_CACHE,FALSE,MULTI_BLOCKER_SOURCE_LANE,연간/분기 재무 raw source 보강 필요
079430,현대리바트,KOSPI,false,UNAVAILABLE,18,부채비율:MISSING_DEBT_RATIO,SOURCE_DATA_GAP,FINANCIAL_VALUATION_CACHE,FALSE,MULTI_BLOCKER_SOURCE_LANE,재무·수익성 cache 입력 보강 필요
079430,현대리바트,KOSPI,false,UNAVAILABLE,18,수급·공시부담:SUPPLY_LIMITED_NO_POSITIVE_EVIDENCE,SOURCE_EVIDENCE_GAP,PRODUCTION_ANALYSIS_SUPPLY,FALSE,MULTI_BLOCKER_SOURCE_LANE,공시·수급 없음 판정을 확정할 만큼 source completeness가 부족함
079430,현대리바트,KOSPI,false,UNAVAILABLE,18,순이익 흐름:MISSING_EARNINGS_TREND,SOURCE_DATA_GAP,FINANCIAL_VALUATION_CACHE,FALSE,MULTI_BLOCKER_SOURCE_LANE,재무·수익성 cache 입력 보강 필요
079430,현대리바트,KOSPI,false,UNAVAILABLE,18,순현금·기업가치 상태:NETCASH_INPUT:NO_EXACT_CANDIDATE,SOURCE_DATA_GAP,NETCASH_INPUT,FALSE,MULTI_BLOCKER_SOURCE_LANE,시가총액·현금·승인 core debt 원천 보강 필요
079430,현대리바트,KOSPI,false,UNAVAILABLE,18,영업이익 성장과 흑자 여부:MISSING_OP_PROFIT,SOURCE_DATA_GAP,FINANCIAL_VALUATION_CACHE,FALSE,MULTI_BLOCKER_SOURCE_LANE,재무·수익성 cache 입력 보강 필요
079430,현대리바트,KOSPI,false,UNAVAILABLE,18,영업이익률:MISSING_MARGIN,SOURCE_DATA_GAP,FINANCIAL_VALUATION_CACHE,FALSE,MULTI_BLOCKER_SOURCE_LANE,재무·수익성 cache 입력 보강 필요
079430,현대리바트,KOSPI,false,UNAVAILABLE,18,영업현금흐름:MISSING_OCF_MARGIN_INPUT,SOURCE_DATA_GAP,OCF_AND_REVENUE_SOURCE,FALSE,MULTI_BLOCKER_SOURCE_LANE,영업현금흐름 또는 연간 매출 입력 보강 필요
079430,현대리바트,KOSPI,false,UNAVAILABLE,18,최근 3년 매출 성장률:MISSING_3Y_REVENUE,SOURCE_DATA_GAP,INVESTMENT_SCORE_SOURCE_CACHE,FALSE,MULTI_BLOCKER_SOURCE_LANE,연간/분기 재무 raw source 보강 필요
079430,현대리바트,KOSPI,false,UNAVAILABLE,18,최근 3년 영업이익 성장률:MISSING_3Y_OP,SOURCE_DATA_GAP,INVESTMENT_SCORE_SOURCE_CACHE,FALSE,MULTI_BLOCKER_SOURCE_LANE,연간/분기 재무 raw source 보강 필요
079430,현대리바트,KOSPI,false,UNAVAILABLE,18,최근 분기 실적 가속·둔화:MISSING_ACCEL_INPUT,SOURCE_DATA_GAP,INVESTMENT_SCORE_SOURCE_CACHE,FALSE,MULTI_BLOCKER_SOURCE_LANE,연간/분기 재무 raw source 보강 필요
079430,현대리바트,KOSPI,false,UNAVAILABLE,18,하루평균 절대등락률:MISSING_ELASTICITY,SOURCE_DATA_GAP,PRICE_ELASTICITY_20D,FALSE,MULTI_BLOCKER_SOURCE_LANE,20거래일 가격탄력 source 보강 필요
079430,현대리바트,KOSPI,false,UNAVAILABLE,18,흑자 지속성과 이익 안정성:MISSING_EARNINGS_TREND,SOURCE_DATA_GAP,FINANCIAL_VALUATION_CACHE,FALSE,MULTI_BLOCKER_SOURCE_LANE,재무·수익성 cache 입력 보강 필요
084670,동양고속,KOSPI,false,UNAVAILABLE,18,EV/EBITDA:EV_EBITDA_INPUT:NO_EXACT_CANDIDATE:NO_EXACT_CANDIDATE,SOURCE_DATA_GAP,EXACT_DA_SOURCE,FALSE,MULTI_BLOCKER_SOURCE_LANE,"승인 exact D&A 원천 부족; debt_status=NO_EXACT_CANDIDATE, da_status=NO_EXACT_CANDIDATE"
084670,동양고속,KOSPI,false,UNAVAILABLE,18,PBR:MISSING_PBR_OR_ROE,SOURCE_DATA_GAP,FINANCIAL_VALUATION_CACHE,FALSE,MULTI_BLOCKER_SOURCE_LANE,밸류에이션 또는 관련 이익·ROE 입력 보강 필요
084670,동양고속,KOSPI,false,UNAVAILABLE,18,PER:MISSING_PER,SOURCE_DATA_GAP,FINANCIAL_VALUATION_CACHE,FALSE,MULTI_BLOCKER_SOURCE_LANE,밸류에이션 또는 관련 이익·ROE 입력 보강 필요
084670,동양고속,KOSPI,false,UNAVAILABLE,18,PSR 또는 대체 가치지표:MISSING_PSR_INPUT,SOURCE_DATA_GAP,FINANCIAL_AND_RAW_SOURCE,FALSE,MULTI_BLOCKER_SOURCE_LANE,시가총액 또는 연간 매출 입력 보강 필요
084670,동양고속,KOSPI,false,UNAVAILABLE,18,ROE:MISSING_ROE,SOURCE_DATA_GAP,FINANCIAL_VALUATION_CACHE,FALSE,MULTI_BLOCKER_SOURCE_LANE,재무·수익성 cache 입력 보강 필요
084670,동양고속,KOSPI,false,UNAVAILABLE,18,매출 성장과 안정성:MISSING_REVENUE_GROWTH_INPUT,SOURCE_DATA_GAP,INVESTMENT_SCORE_SOURCE_CACHE,FALSE,MULTI_BLOCKER_SOURCE_LANE,연간/분기 재무 raw source 보강 필요
084670,동양고속,KOSPI,false,UNAVAILABLE,18,부채비율:MISSING_DEBT_RATIO,SOURCE_DATA_GAP,FINANCIAL_VALUATION_CACHE,FALSE,MULTI_BLOCKER_SOURCE_LANE,재무·수익성 cache 입력 보강 필요
084670,동양고속,KOSPI,false,UNAVAILABLE,18,수급·공시부담:SUPPLY_LIMITED_NO_POSITIVE_EVIDENCE,SOURCE_EVIDENCE_GAP,PRODUCTION_ANALYSIS_SUPPLY,FALSE,MULTI_BLOCKER_SOURCE_LANE,공시·수급 없음 판정을 확정할 만큼 source completeness가 부족함
084670,동양고속,KOSPI,false,UNAVAILABLE,18,순이익 흐름:MISSING_EARNINGS_TREND,SOURCE_DATA_GAP,FINANCIAL_VALUATION_CACHE,FALSE,MULTI_BLOCKER_SOURCE_LANE,재무·수익성 cache 입력 보강 필요
084670,동양고속,KOSPI,false,UNAVAILABLE,18,순현금·기업가치 상태:NETCASH_INPUT:NO_EXACT_CANDIDATE,SOURCE_DATA_GAP,NETCASH_INPUT,FALSE,MULTI_BLOCKER_SOURCE_LANE,시가총액·현금·승인 core debt 원천 보강 필요
084670,동양고속,KOSPI,false,UNAVAILABLE,18,영업이익 성장과 흑자 여부:MISSING_OP_PROFIT,SOURCE_DATA_GAP,FINANCIAL_VALUATION_CACHE,FALSE,MULTI_BLOCKER_SOURCE_LANE,재무·수익성 cache 입력 보강 필요
084670,동양고속,KOSPI,false,UNAVAILABLE,18,영업이익률:MISSING_MARGIN,SOURCE_DATA_GAP,FINANCIAL_VALUATION_CACHE,FALSE,MULTI_BLOCKER_SOURCE_LANE,재무·수익성 cache 입력 보강 필요
084670,동양고속,KOSPI,false,UNAVAILABLE,18,영업현금흐름:MISSING_OCF_MARGIN_INPUT,SOURCE_DATA_GAP,OCF_AND_REVENUE_SOURCE,FALSE,MULTI_BLOCKER_SOURCE_LANE,영업현금흐름 또는 연간 매출 입력 보강 필요
084670,동양고속,KOSPI,false,UNAVAILABLE,18,최근 3년 매출 성장률:MISSING_3Y_REVENUE,SOURCE_DATA_GAP,INVESTMENT_SCORE_SOURCE_CACHE,FALSE,MULTI_BLOCKER_SOURCE_LANE,연간/분기 재무 raw source 보강 필요
084670,동양고속,KOSPI,false,UNAVAILABLE,18,최근 3년 영업이익 성장률:MISSING_3Y_OP,SOURCE_DATA_GAP,INVESTMENT_SCORE_SOURCE_CACHE,FALSE,MULTI_BLOCKER_SOURCE_LANE,연간/분기 재무 raw source 보강 필요
084670,동양고속,KOSPI,false,UNAVAILABLE,18,최근 분기 실적 가속·둔화:MISSING_ACCEL_INPUT,SOURCE_DATA_GAP,INVESTMENT_SCORE_SOURCE_CACHE,FALSE,MULTI_BLOCKER_SOURCE_LANE,연간/분기 재무 raw source 보강 필요
084670,동양고속,KOSPI,false,UNAVAILABLE,18,하루평균 절대등락률:MISSING_ELASTICITY,SOURCE_DATA_GAP,PRICE_ELASTICITY_20D,FALSE,MULTI_BLOCKER_SOURCE_LANE,20거래일 가격탄력 source 보강 필요
084670,동양고속,KOSPI,false,UNAVAILABLE,18,흑자 지속성과 이익 안정성:MISSING_EARNINGS_TREND,SOURCE_DATA_GAP,FINANCIAL_VALUATION_CACHE,FALSE,MULTI_BLOCKER_SOURCE_LANE,재무·수익성 cache 입력 보강 필요
102460,이연제약,KOSPI,false,UNAVAILABLE,18,EV/EBITDA:EV_EBITDA_INPUT:NO_EXACT_CANDIDATE:NO_EXACT_CANDIDATE,SOURCE_DATA_GAP,EXACT_DA_SOURCE,FALSE,MULTI_BLOCKER_SOURCE_LANE,"승인 exact D&A 원천 부족; debt_status=NO_EXACT_CANDIDATE, da_status=NO_EXACT_CANDIDATE"
102460,이연제약,KOSPI,false,UNAVAILABLE,18,PBR:MISSING_PBR_OR_ROE,SOURCE_DATA_GAP,FINANCIAL_VALUATION_CACHE,FALSE,MULTI_BLOCKER_SOURCE_LANE,밸류에이션 또는 관련 이익·ROE 입력 보강 필요
102460,이연제약,KOSPI,false,UNAVAILABLE,18,PER:MISSING_PER,SOURCE_DATA_GAP,FINANCIAL_VALUATION_CACHE,FALSE,MULTI_BLOCKER_SOURCE_LANE,밸류에이션 또는 관련 이익·ROE 입력 보강 필요
102460,이연제약,KOSPI,false,UNAVAILABLE,18,PSR 또는 대체 가치지표:MISSING_PSR_INPUT,SOURCE_DATA_GAP,FINANCIAL_AND_RAW_SOURCE,FALSE,MULTI_BLOCKER_SOURCE_LANE,시가총액 또는 연간 매출 입력 보강 필요
102460,이연제약,KOSPI,false,UNAVAILABLE,18,ROE:MISSING_ROE,SOURCE_DATA_GAP,FINANCIAL_VALUATION_CACHE,FALSE,MULTI_BLOCKER_SOURCE_LANE,재무·수익성 cache 입력 보강 필요
102460,이연제약,KOSPI,false,UNAVAILABLE,18,매출 성장과 안정성:MISSING_REVENUE_GROWTH_INPUT,SOURCE_DATA_GAP,INVESTMENT_SCORE_SOURCE_CACHE,FALSE,MULTI_BLOCKER_SOURCE_LANE,연간/분기 재무 raw source 보강 필요
102460,이연제약,KOSPI,false,UNAVAILABLE,18,부채비율:MISSING_DEBT_RATIO,SOURCE_DATA_GAP,FINANCIAL_VALUATION_CACHE,FALSE,MULTI_BLOCKER_SOURCE_LANE,재무·수익성 cache 입력 보강 필요
102460,이연제약,KOSPI,false,UNAVAILABLE,18,수급·공시부담:SUPPLY_LIMITED_NO_POSITIVE_EVIDENCE,SOURCE_EVIDENCE_GAP,PRODUCTION_ANALYSIS_SUPPLY,FALSE,MULTI_BLOCKER_SOURCE_LANE,공시·수급 없음 판정을 확정할 만큼 source completeness가 부족함
102460,이연제약,KOSPI,false,UNAVAILABLE,18,순이익 흐름:MISSING_EARNINGS_TREND,SOURCE_DATA_GAP,FINANCIAL_VALUATION_CACHE,FALSE,MULTI_BLOCKER_SOURCE_LANE,재무·수익성 cache 입력 보강 필요
102460,이연제약,KOSPI,false,UNAVAILABLE,18,순현금·기업가치 상태:NETCASH_INPUT:NO_EXACT_CANDIDATE,SOURCE_DATA_GAP,NETCASH_INPUT,FALSE,MULTI_BLOCKER_SOURCE_LANE,시가총액·현금·승인 core debt 원천 보강 필요
102460,이연제약,KOSPI,false,UNAVAILABLE,18,영업이익 성장과 흑자 여부:MISSING_OP_PROFIT,SOURCE_DATA_GAP,FINANCIAL_VALUATION_CACHE,FALSE,MULTI_BLOCKER_SOURCE_LANE,재무·수익성 cache 입력 보강 필요
102460,이연제약,KOSPI,false,UNAVAILABLE,18,영업이익률:MISSING_MARGIN,SOURCE_DATA_GAP,FINANCIAL_VALUATION_CACHE,FALSE,MULTI_BLOCKER_SOURCE_LANE,재무·수익성 cache 입력 보강 필요
102460,이연제약,KOSPI,false,UNAVAILABLE,18,영업현금흐름:MISSING_OCF_MARGIN_INPUT,SOURCE_DATA_GAP,OCF_AND_REVENUE_SOURCE,FALSE,MULTI_BLOCKER_SOURCE_LANE,영업현금흐름 또는 연간 매출 입력 보강 필요
102460,이연제약,KOSPI,false,UNAVAILABLE,18,최근 3년 매출 성장률:MISSING_3Y_REVENUE,SOURCE_DATA_GAP,INVESTMENT_SCORE_SOURCE_CACHE,FALSE,MULTI_BLOCKER_SOURCE_LANE,연간/분기 재무 raw source 보강 필요
102460,이연제약,KOSPI,false,UNAVAILABLE,18,최근 3년 영업이익 성장률:MISSING_3Y_OP,SOURCE_DATA_GAP,INVESTMENT_SCORE_SOURCE_CACHE,FALSE,MULTI_BLOCKER_SOURCE_LANE,연간/분기 재무 raw source 보강 필요
102460,이연제약,KOSPI,false,UNAVAILABLE,18,최근 분기 실적 가속·둔화:MISSING_ACCEL_INPUT,SOURCE_DATA_GAP,INVESTMENT_SCORE_SOURCE_CACHE,FALSE,MULTI_BLOCKER_SOURCE_LANE,연간/분기 재무 raw source 보강 필요
102460,이연제약,KOSPI,false,UNAVAILABLE,18,하루평균 절대등락률:MISSING_ELASTICITY,SOURCE_DATA_GAP,PRICE_ELASTICITY_20D,FALSE,MULTI_BLOCKER_SOURCE_LANE,20거래일 가격탄력 source 보강 필요
102460,이연제약,KOSPI,false,UNAVAILABLE,18,흑자 지속성과 이익 안정성:MISSING_EARNINGS_TREND,SOURCE_DATA_GAP,FINANCIAL_VALUATION_CACHE,FALSE,MULTI_BLOCKER_SOURCE_LANE,재무·수익성 cache 입력 보강 필요
108670,LX하우시스,KOSPI,false,UNAVAILABLE,18,EV/EBITDA:EV_EBITDA_INPUT:NO_EXACT_CANDIDATE:NO_EXACT_CANDIDATE,SOURCE_DATA_GAP,EXACT_DA_SOURCE,FALSE,MULTI_BLOCKER_SOURCE_LANE,"승인 exact D&A 원천 부족; debt_status=NO_EXACT_CANDIDATE, da_status=NO_EXACT_CANDIDATE"
108670,LX하우시스,KOSPI,false,UNAVAILABLE,18,PBR:MISSING_PBR_OR_ROE,SOURCE_DATA_GAP,FINANCIAL_VALUATION_CACHE,FALSE,MULTI_BLOCKER_SOURCE_LANE,밸류에이션 또는 관련 이익·ROE 입력 보강 필요
108670,LX하우시스,KOSPI,false,UNAVAILABLE,18,PER:MISSING_PER,SOURCE_DATA_GAP,FINANCIAL_VALUATION_CACHE,FALSE,MULTI_BLOCKER_SOURCE_LANE,밸류에이션 또는 관련 이익·ROE 입력 보강 필요
108670,LX하우시스,KOSPI,false,UNAVAILABLE,18,PSR 또는 대체 가치지표:MISSING_PSR_INPUT,SOURCE_DATA_GAP,FINANCIAL_AND_RAW_SOURCE,FALSE,MULTI_BLOCKER_SOURCE_LANE,시가총액 또는 연간 매출 입력 보강 필요
108670,LX하우시스,KOSPI,false,UNAVAILABLE,18,ROE:MISSING_ROE,SOURCE_DATA_GAP,FINANCIAL_VALUATION_CACHE,FALSE,MULTI_BLOCKER_SOURCE_LANE,재무·수익성 cache 입력 보강 필요
108670,LX하우시스,KOSPI,false,UNAVAILABLE,18,매출 성장과 안정성:MISSING_REVENUE_GROWTH_INPUT,SOURCE_DATA_GAP,INVESTMENT_SCORE_SOURCE_CACHE,FALSE,MULTI_BLOCKER_SOURCE_LANE,연간/분기 재무 raw source 보강 필요
108670,LX하우시스,KOSPI,false,UNAVAILABLE,18,부채비율:MISSING_DEBT_RATIO,SOURCE_DATA_GAP,FINANCIAL_VALUATION_CACHE,FALSE,MULTI_BLOCKER_SOURCE_LANE,재무·수익성 cache 입력 보강 필요
108670,LX하우시스,KOSPI,false,UNAVAILABLE,18,수급·공시부담:SUPPLY_LIMITED_NO_POSITIVE_EVIDENCE,SOURCE_EVIDENCE_GAP,PRODUCTION_ANALYSIS_SUPPLY,FALSE,MULTI_BLOCKER_SOURCE_LANE,공시·수급 없음 판정을 확정할 만큼 source completeness가 부족함
108670,LX하우시스,KOSPI,false,UNAVAILABLE,18,순이익 흐름:MISSING_EARNINGS_TREND,SOURCE_DATA_GAP,FINANCIAL_VALUATION_CACHE,FALSE,MULTI_BLOCKER_SOURCE_LANE,재무·수익성 cache 입력 보강 필요
108670,LX하우시스,KOSPI,false,UNAVAILABLE,18,순현금·기업가치 상태:NETCASH_INPUT:NO_EXACT_CANDIDATE,SOURCE_DATA_GAP,NETCASH_INPUT,FALSE,MULTI_BLOCKER_SOURCE_LANE,시가총액·현금·승인 core debt 원천 보강 필요
108670,LX하우시스,KOSPI,false,UNAVAILABLE,18,영업이익 성장과 흑자 여부:MISSING_OP_PROFIT,SOURCE_DATA_GAP,FINANCIAL_VALUATION_CACHE,FALSE,MULTI_BLOCKER_SOURCE_LANE,재무·수익성 cache 입력 보강 필요
108670,LX하우시스,KOSPI,false,UNAVAILABLE,18,영업이익률:MISSING_MARGIN,SOURCE_DATA_GAP,FINANCIAL_VALUATION_CACHE,FALSE,MULTI_BLOCKER_SOURCE_LANE,재무·수익성 cache 입력 보강 필요
108670,LX하우시스,KOSPI,false,UNAVAILABLE,18,영업현금흐름:MISSING_OCF_MARGIN_INPUT,SOURCE_DATA_GAP,OCF_AND_REVENUE_SOURCE,FALSE,MULTI_BLOCKER_SOURCE_LANE,영업현금흐름 또는 연간 매출 입력 보강 필요
108670,LX하우시스,KOSPI,false,UNAVAILABLE,18,최근 3년 매출 성장률:MISSING_3Y_REVENUE,SOURCE_DATA_GAP,INVESTMENT_SCORE_SOURCE_CACHE,FALSE,MULTI_BLOCKER_SOURCE_LANE,연간/분기 재무 raw source 보강 필요
108670,LX하우시스,KOSPI,false,UNAVAILABLE,18,최근 3년 영업이익 성장률:MISSING_3Y_OP,SOURCE_DATA_GAP,INVESTMENT_SCORE_SOURCE_CACHE,FALSE,MULTI_BLOCKER_SOURCE_LANE,연간/분기 재무 raw source 보강 필요
108670,LX하우시스,KOSPI,false,UNAVAILABLE,18,최근 분기 실적 가속·둔화:MISSING_ACCEL_INPUT,SOURCE_DATA_GAP,INVESTMENT_SCORE_SOURCE_CACHE,FALSE,MULTI_BLOCKER_SOURCE_LANE,연간/분기 재무 raw source 보강 필요
108670,LX하우시스,KOSPI,false,UNAVAILABLE,18,하루평균 절대등락률:MISSING_ELASTICITY,SOURCE_DATA_GAP,PRICE_ELASTICITY_20D,FALSE,MULTI_BLOCKER_SOURCE_LANE,20거래일 가격탄력 source 보강 필요
108670,LX하우시스,KOSPI,false,UNAVAILABLE,18,흑자 지속성과 이익 안정성:MISSING_EARNINGS_TREND,SOURCE_DATA_GAP,FINANCIAL_VALUATION_CACHE,FALSE,MULTI_BLOCKER_SOURCE_LANE,재무·수익성 cache 입력 보강 필요
108675,LX하우시스우,KOSPI,false,UNAVAILABLE,18,EV/EBITDA:EV_EBITDA_INPUT:NO_EXACT_CANDIDATE:NO_EXACT_CANDIDATE,SOURCE_DATA_GAP,EXACT_DA_SOURCE,FALSE,MULTI_BLOCKER_SOURCE_LANE,"승인 exact D&A 원천 부족; debt_status=NO_EXACT_CANDIDATE, da_status=NO_EXACT_CANDIDATE"
108675,LX하우시스우,KOSPI,false,UNAVAILABLE,18,PBR:MISSING_PBR_OR_ROE,SOURCE_DATA_GAP,FINANCIAL_VALUATION_CACHE,FALSE,MULTI_BLOCKER_SOURCE_LANE,밸류에이션 또는 관련 이익·ROE 입력 보강 필요
108675,LX하우시스우,KOSPI,false,UNAVAILABLE,18,PER:MISSING_PER,SOURCE_DATA_GAP,FINANCIAL_VALUATION_CACHE,FALSE,MULTI_BLOCKER_SOURCE_LANE,밸류에이션 또는 관련 이익·ROE 입력 보강 필요
108675,LX하우시스우,KOSPI,false,UNAVAILABLE,18,PSR 또는 대체 가치지표:MISSING_PSR_INPUT,SOURCE_DATA_GAP,FINANCIAL_AND_RAW_SOURCE,FALSE,MULTI_BLOCKER_SOURCE_LANE,시가총액 또는 연간 매출 입력 보강 필요
108675,LX하우시스우,KOSPI,false,UNAVAILABLE,18,ROE:MISSING_ROE,SOURCE_DATA_GAP,FINANCIAL_VALUATION_CACHE,FALSE,MULTI_BLOCKER_SOURCE_LANE,재무·수익성 cache 입력 보강 필요
108675,LX하우시스우,KOSPI,false,UNAVAILABLE,18,매출 성장과 안정성:MISSING_REVENUE_GROWTH_INPUT,SOURCE_DATA_GAP,INVESTMENT_SCORE_SOURCE_CACHE,FALSE,MULTI_BLOCKER_SOURCE_LANE,연간/분기 재무 raw source 보강 필요
108675,LX하우시스우,KOSPI,false,UNAVAILABLE,18,부채비율:MISSING_DEBT_RATIO,SOURCE_DATA_GAP,FINANCIAL_VALUATION_CACHE,FALSE,MULTI_BLOCKER_SOURCE_LANE,재무·수익성 cache 입력 보강 필요
108675,LX하우시스우,KOSPI,false,UNAVAILABLE,18,수급·공시부담:SUPPLY_LIMITED_NO_POSITIVE_EVIDENCE,SOURCE_EVIDENCE_GAP,PRODUCTION_ANALYSIS_SUPPLY,FALSE,MULTI_BLOCKER_SOURCE_LANE,공시·수급 없음 판정을 확정할 만큼 source completeness가 부족함
108675,LX하우시스우,KOSPI,false,UNAVAILABLE,18,순이익 흐름:MISSING_EARNINGS_TREND,SOURCE_DATA_GAP,FINANCIAL_VALUATION_CACHE,FALSE,MULTI_BLOCKER_SOURCE_LANE,재무·수익성 cache 입력 보강 필요
108675,LX하우시스우,KOSPI,false,UNAVAILABLE,18,순현금·기업가치 상태:NETCASH_INPUT:NO_EXACT_CANDIDATE,SOURCE_DATA_GAP,NETCASH_INPUT,FALSE,MULTI_BLOCKER_SOURCE_LANE,시가총액·현금·승인 core debt 원천 보강 필요
108675,LX하우시스우,KOSPI,false,UNAVAILABLE,18,영업이익 성장과 흑자 여부:MISSING_OP_PROFIT,SOURCE_DATA_GAP,FINANCIAL_VALUATION_CACHE,FALSE,MULTI_BLOCKER_SOURCE_LANE,재무·수익성 cache 입력 보강 필요
108675,LX하우시스우,KOSPI,false,UNAVAILABLE,18,영업이익률:MISSING_MARGIN,SOURCE_DATA_GAP,FINANCIAL_VALUATION_CACHE,FALSE,MULTI_BLOCKER_SOURCE_LANE,재무·수익성 cache 입력 보강 필요
108675,LX하우시스우,KOSPI,false,UNAVAILABLE,18,영업현금흐름:MISSING_OCF_MARGIN_INPUT,SOURCE_DATA_GAP,OCF_AND_REVENUE_SOURCE,FALSE,MULTI_BLOCKER_SOURCE_LANE,영업현금흐름 또는 연간 매출 입력 보강 필요
108675,LX하우시스우,KOSPI,false,UNAVAILABLE,18,최근 3년 매출 성장률:MISSING_3Y_REVENUE,SOURCE_DATA_GAP,INVESTMENT_SCORE_SOURCE_CACHE,FALSE,MULTI_BLOCKER_SOURCE_LANE,연간/분기 재무 raw source 보강 필요
108675,LX하우시스우,KOSPI,false,UNAVAILABLE,18,최근 3년 영업이익 성장률:MISSING_3Y_OP,SOURCE_DATA_GAP,INVESTMENT_SCORE_SOURCE_CACHE,FALSE,MULTI_BLOCKER_SOURCE_LANE,연간/분기 재무 raw source 보강 필요
108675,LX하우시스우,KOSPI,false,UNAVAILABLE,18,최근 분기 실적 가속·둔화:MISSING_ACCEL_INPUT,SOURCE_DATA_GAP,INVESTMENT_SCORE_SOURCE_CACHE,FALSE,MULTI_BLOCKER_SOURCE_LANE,연간/분기 재무 raw source 보강 필요
108675,LX하우시스우,KOSPI,false,UNAVAILABLE,18,하루평균 절대등락률:MISSING_ELASTICITY,SOURCE_DATA_GAP,PRICE_ELASTICITY_20D,FALSE,MULTI_BLOCKER_SOURCE_LANE,20거래일 가격탄력 source 보강 필요
108675,LX하우시스우,KOSPI,false,UNAVAILABLE,18,흑자 지속성과 이익 안정성:MISSING_EARNINGS_TREND,SOURCE_DATA_GAP,FINANCIAL_VALUATION_CACHE,FALSE,MULTI_BLOCKER_SOURCE_LANE,재무·수익성 cache 입력 보강 필요
118000,메타케어,KOSPI,false,UNAVAILABLE,18,EV/EBITDA:EV_EBITDA_INPUT:NO_EXACT_CANDIDATE:NO_EXACT_CANDIDATE,SOURCE_DATA_GAP,EXACT_DA_SOURCE,FALSE,MULTI_BLOCKER_SOURCE_LANE,"승인 exact D&A 원천 부족; debt_status=NO_EXACT_CANDIDATE, da_status=NO_EXACT_CANDIDATE"
118000,메타케어,KOSPI,false,UNAVAILABLE,18,PBR:MISSING_PBR_OR_ROE,SOURCE_DATA_GAP,FINANCIAL_VALUATION_CACHE,FALSE,MULTI_BLOCKER_SOURCE_LANE,밸류에이션 또는 관련 이익·ROE 입력 보강 필요
118000,메타케어,KOSPI,false,UNAVAILABLE,18,PER:MISSING_PER,SOURCE_DATA_GAP,FINANCIAL_VALUATION_CACHE,FALSE,MULTI_BLOCKER_SOURCE_LANE,밸류에이션 또는 관련 이익·ROE 입력 보강 필요
118000,메타케어,KOSPI,false,UNAVAILABLE,18,PSR 또는 대체 가치지표:MISSING_PSR_INPUT,SOURCE_DATA_GAP,FINANCIAL_AND_RAW_SOURCE,FALSE,MULTI_BLOCKER_SOURCE_LANE,시가총액 또는 연간 매출 입력 보강 필요
118000,메타케어,KOSPI,false,UNAVAILABLE,18,ROE:MISSING_ROE,SOURCE_DATA_GAP,FINANCIAL_VALUATION_CACHE,FALSE,MULTI_BLOCKER_SOURCE_LANE,재무·수익성 cache 입력 보강 필요
118000,메타케어,KOSPI,false,UNAVAILABLE,18,과열·급락 위험:MISSING_RISK_INPUT,SOURCE_DATA_GAP,PRODUCTION_PRICE_METRICS,FALSE,MULTI_BLOCKER_SOURCE_LANE,가격·스윙·ATR·거래활동 metric 보강 필요
118000,메타케어,KOSPI,false,UNAVAILABLE,18,매출 성장과 안정성:MISSING_REVENUE_GROWTH_INPUT,SOURCE_DATA_GAP,INVESTMENT_SCORE_SOURCE_CACHE,FALSE,MULTI_BLOCKER_SOURCE_LANE,연간/분기 재무 raw source 보강 필요
118000,메타케어,KOSPI,false,UNAVAILABLE,18,부채비율:MISSING_DEBT_RATIO,SOURCE_DATA_GAP,FINANCIAL_VALUATION_CACHE,FALSE,MULTI_BLOCKER_SOURCE_LANE,재무·수익성 cache 입력 보강 필요
118000,메타케어,KOSPI,false,UNAVAILABLE,18,순이익 흐름:MISSING_EARNINGS_TREND,SOURCE_DATA_GAP,FINANCIAL_VALUATION_CACHE,FALSE,MULTI_BLOCKER_SOURCE_LANE,재무·수익성 cache 입력 보강 필요
118000,메타케어,KOSPI,false,UNAVAILABLE,18,순현금·기업가치 상태:NETCASH_INPUT:NO_EXACT_CANDIDATE,SOURCE_DATA_GAP,NETCASH_INPUT,FALSE,MULTI_BLOCKER_SOURCE_LANE,시가총액·현금·승인 core debt 원천 보강 필요
118000,메타케어,KOSPI,false,UNAVAILABLE,18,영업이익 성장과 흑자 여부:MISSING_OP_PROFIT,SOURCE_DATA_GAP,FINANCIAL_VALUATION_CACHE,FALSE,MULTI_BLOCKER_SOURCE_LANE,재무·수익성 cache 입력 보강 필요
118000,메타케어,KOSPI,false,UNAVAILABLE,18,영업이익률:MISSING_MARGIN,SOURCE_DATA_GAP,FINANCIAL_VALUATION_CACHE,FALSE,MULTI_BLOCKER_SOURCE_LANE,재무·수익성 cache 입력 보강 필요
118000,메타케어,KOSPI,false,UNAVAILABLE,18,영업현금흐름:MISSING_OCF_MARGIN_INPUT,SOURCE_DATA_GAP,OCF_AND_REVENUE_SOURCE,FALSE,MULTI_BLOCKER_SOURCE_LANE,영업현금흐름 또는 연간 매출 입력 보강 필요
118000,메타케어,KOSPI,false,UNAVAILABLE,18,최근 3년 매출 성장률:MISSING_3Y_REVENUE,SOURCE_DATA_GAP,INVESTMENT_SCORE_SOURCE_CACHE,FALSE,MULTI_BLOCKER_SOURCE_LANE,연간/분기 재무 raw source 보강 필요
118000,메타케어,KOSPI,false,UNAVAILABLE,18,최근 3년 영업이익 성장률:MISSING_3Y_OP,SOURCE_DATA_GAP,INVESTMENT_SCORE_SOURCE_CACHE,FALSE,MULTI_BLOCKER_SOURCE_LANE,연간/분기 재무 raw source 보강 필요
118000,메타케어,KOSPI,false,UNAVAILABLE,18,최근 분기 실적 가속·둔화:MISSING_ACCEL_INPUT,SOURCE_DATA_GAP,INVESTMENT_SCORE_SOURCE_CACHE,FALSE,MULTI_BLOCKER_SOURCE_LANE,연간/분기 재무 raw source 보강 필요
118000,메타케어,KOSPI,false,UNAVAILABLE,18,하루평균 절대등락률:MISSING_ELASTICITY,SOURCE_DATA_GAP,PRICE_ELASTICITY_20D,FALSE,MULTI_BLOCKER_SOURCE_LANE,20거래일 가격탄력 source 보강 필요
118000,메타케어,KOSPI,false,UNAVAILABLE,18,흑자 지속성과 이익 안정성:MISSING_EARNINGS_TREND,SOURCE_DATA_GAP,FINANCIAL_VALUATION_CACHE,FALSE,MULTI_BLOCKER_SOURCE_LANE,재무·수익성 cache 입력 보강 필요
123700,SJM,KOSPI,false,UNAVAILABLE,18,EV/EBITDA:EV_EBITDA_INPUT:NO_EXACT_CANDIDATE:NO_EXACT_CANDIDATE,SOURCE_DATA_GAP,EXACT_DA_SOURCE,FALSE,MULTI_BLOCKER_SOURCE_LANE,"승인 exact D&A 원천 부족; debt_status=NO_EXACT_CANDIDATE, da_status=NO_EXACT_CANDIDATE"
123700,SJM,KOSPI,false,UNAVAILABLE,18,PBR:MISSING_PBR_OR_ROE,SOURCE_DATA_GAP,FINANCIAL_VALUATION_CACHE,FALSE,MULTI_BLOCKER_SOURCE_LANE,밸류에이션 또는 관련 이익·ROE 입력 보강 필요
123700,SJM,KOSPI,false,UNAVAILABLE,18,PER:MISSING_PER,SOURCE_DATA_GAP,FINANCIAL_VALUATION_CACHE,FALSE,MULTI_BLOCKER_SOURCE_LANE,밸류에이션 또는 관련 이익·ROE 입력 보강 필요
123700,SJM,KOSPI,false,UNAVAILABLE,18,PSR 또는 대체 가치지표:MISSING_PSR_INPUT,SOURCE_DATA_GAP,FINANCIAL_AND_RAW_SOURCE,FALSE,MULTI_BLOCKER_SOURCE_LANE,시가총액 또는 연간 매출 입력 보강 필요
123700,SJM,KOSPI,false,UNAVAILABLE,18,ROE:MISSING_ROE,SOURCE_DATA_GAP,FINANCIAL_VALUATION_CACHE,FALSE,MULTI_BLOCKER_SOURCE_LANE,재무·수익성 cache 입력 보강 필요
123700,SJM,KOSPI,false,UNAVAILABLE,18,매출 성장과 안정성:MISSING_REVENUE_GROWTH_INPUT,SOURCE_DATA_GAP,INVESTMENT_SCORE_SOURCE_CACHE,FALSE,MULTI_BLOCKER_SOURCE_LANE,연간/분기 재무 raw source 보강 필요
123700,SJM,KOSPI,false,UNAVAILABLE,18,부채비율:MISSING_DEBT_RATIO,SOURCE_DATA_GAP,FINANCIAL_VALUATION_CACHE,FALSE,MULTI_BLOCKER_SOURCE_LANE,재무·수익성 cache 입력 보강 필요
123700,SJM,KOSPI,false,UNAVAILABLE,18,수급·공시부담:SUPPLY_LIMITED_NO_POSITIVE_EVIDENCE,SOURCE_EVIDENCE_GAP,PRODUCTION_ANALYSIS_SUPPLY,FALSE,MULTI_BLOCKER_SOURCE_LANE,공시·수급 없음 판정을 확정할 만큼 source completeness가 부족함
123700,SJM,KOSPI,false,UNAVAILABLE,18,순이익 흐름:MISSING_EARNINGS_TREND,SOURCE_DATA_GAP,FINANCIAL_VALUATION_CACHE,FALSE,MULTI_BLOCKER_SOURCE_LANE,재무·수익성 cache 입력 보강 필요
123700,SJM,KOSPI,false,UNAVAILABLE,18,순현금·기업가치 상태:NETCASH_INPUT:NO_EXACT_CANDIDATE,SOURCE_DATA_GAP,NETCASH_INPUT,FALSE,MULTI_BLOCKER_SOURCE_LANE,시가총액·현금·승인 core debt 원천 보강 필요
123700,SJM,KOSPI,false,UNAVAILABLE,18,영업이익 성장과 흑자 여부:MISSING_OP_PROFIT,SOURCE_DATA_GAP,FINANCIAL_VALUATION_CACHE,FALSE,MULTI_BLOCKER_SOURCE_LANE,재무·수익성 cache 입력 보강 필요
123700,SJM,KOSPI,false,UNAVAILABLE,18,영업이익률:MISSING_MARGIN,SOURCE_DATA_GAP,FINANCIAL_VALUATION_CACHE,FALSE,MULTI_BLOCKER_SOURCE_LANE,재무·수익성 cache 입력 보강 필요
123700,SJM,KOSPI,false,UNAVAILABLE,18,영업현금흐름:MISSING_OCF_MARGIN_INPUT,SOURCE_DATA_GAP,OCF_AND_REVENUE_SOURCE,FALSE,MULTI_BLOCKER_SOURCE_LANE,영업현금흐름 또는 연간 매출 입력 보강 필요
123700,SJM,KOSPI,false,UNAVAILABLE,18,최근 3년 매출 성장률:MISSING_3Y_REVENUE,SOURCE_DATA_GAP,INVESTMENT_SCORE_SOURCE_CACHE,FALSE,MULTI_BLOCKER_SOURCE_LANE,연간/분기 재무 raw source 보강 필요
123700,SJM,KOSPI,false,UNAVAILABLE,18,최근 3년 영업이익 성장률:MISSING_3Y_OP,SOURCE_DATA_GAP,INVESTMENT_SCORE_SOURCE_CACHE,FALSE,MULTI_BLOCKER_SOURCE_LANE,연간/분기 재무 raw source 보강 필요
123700,SJM,KOSPI,false,UNAVAILABLE,18,최근 분기 실적 가속·둔화:MISSING_ACCEL_INPUT,SOURCE_DATA_GAP,INVESTMENT_SCORE_SOURCE_CACHE,FALSE,MULTI_BLOCKER_SOURCE_LANE,연간/분기 재무 raw source 보강 필요
123700,SJM,KOSPI,false,UNAVAILABLE,18,하루평균 절대등락률:MISSING_ELASTICITY,SOURCE_DATA_GAP,PRICE_ELASTICITY_20D,FALSE,MULTI_BLOCKER_SOURCE_LANE,20거래일 가격탄력 source 보강 필요
123700,SJM,KOSPI,false,UNAVAILABLE,18,흑자 지속성과 이익 안정성:MISSING_EARNINGS_TREND,SOURCE_DATA_GAP,FINANCIAL_VALUATION_CACHE,FALSE,MULTI_BLOCKER_SOURCE_LANE,재무·수익성 cache 입력 보강 필요
200880,서연이화,KOSPI,false,UNAVAILABLE,18,EV/EBITDA:EV_EBITDA_INPUT:NO_EXACT_CANDIDATE:NO_EXACT_CANDIDATE,SOURCE_DATA_GAP,EXACT_DA_SOURCE,FALSE,MULTI_BLOCKER_SOURCE_LANE,"승인 exact D&A 원천 부족; debt_status=NO_EXACT_CANDIDATE, da_status=NO_EXACT_CANDIDATE"
200880,서연이화,KOSPI,false,UNAVAILABLE,18,PBR:MISSING_PBR_OR_ROE,SOURCE_DATA_GAP,FINANCIAL_VALUATION_CACHE,FALSE,MULTI_BLOCKER_SOURCE_LANE,밸류에이션 또는 관련 이익·ROE 입력 보강 필요
200880,서연이화,KOSPI,false,UNAVAILABLE,18,PER:MISSING_PER,SOURCE_DATA_GAP,FINANCIAL_VALUATION_CACHE,FALSE,MULTI_BLOCKER_SOURCE_LANE,밸류에이션 또는 관련 이익·ROE 입력 보강 필요
200880,서연이화,KOSPI,false,UNAVAILABLE,18,PSR 또는 대체 가치지표:MISSING_PSR_INPUT,SOURCE_DATA_GAP,FINANCIAL_AND_RAW_SOURCE,FALSE,MULTI_BLOCKER_SOURCE_LANE,시가총액 또는 연간 매출 입력 보강 필요
200880,서연이화,KOSPI,false,UNAVAILABLE,18,ROE:MISSING_ROE,SOURCE_DATA_GAP,FINANCIAL_VALUATION_CACHE,FALSE,MULTI_BLOCKER_SOURCE_LANE,재무·수익성 cache 입력 보강 필요
200880,서연이화,KOSPI,false,UNAVAILABLE,18,매출 성장과 안정성:MISSING_REVENUE_GROWTH_INPUT,SOURCE_DATA_GAP,INVESTMENT_SCORE_SOURCE_CACHE,FALSE,MULTI_BLOCKER_SOURCE_LANE,연간/분기 재무 raw source 보강 필요
200880,서연이화,KOSPI,false,UNAVAILABLE,18,부채비율:MISSING_DEBT_RATIO,SOURCE_DATA_GAP,FINANCIAL_VALUATION_CACHE,FALSE,MULTI_BLOCKER_SOURCE_LANE,재무·수익성 cache 입력 보강 필요
200880,서연이화,KOSPI,false,UNAVAILABLE,18,수급·공시부담:SUPPLY_LIMITED_NO_POSITIVE_EVIDENCE,SOURCE_EVIDENCE_GAP,PRODUCTION_ANALYSIS_SUPPLY,FALSE,MULTI_BLOCKER_SOURCE_LANE,공시·수급 없음 판정을 확정할 만큼 source completeness가 부족함
200880,서연이화,KOSPI,false,UNAVAILABLE,18,순이익 흐름:MISSING_EARNINGS_TREND,SOURCE_DATA_GAP,FINANCIAL_VALUATION_CACHE,FALSE,MULTI_BLOCKER_SOURCE_LANE,재무·수익성 cache 입력 보강 필요
200880,서연이화,KOSPI,false,UNAVAILABLE,18,순현금·기업가치 상태:NETCASH_INPUT:NO_EXACT_CANDIDATE,SOURCE_DATA_GAP,NETCASH_INPUT,FALSE,MULTI_BLOCKER_SOURCE_LANE,시가총액·현금·승인 core debt 원천 보강 필요
200880,서연이화,KOSPI,false,UNAVAILABLE,18,영업이익 성장과 흑자 여부:MISSING_OP_PROFIT,SOURCE_DATA_GAP,FINANCIAL_VALUATION_CACHE,FALSE,MULTI_BLOCKER_SOURCE_LANE,재무·수익성 cache 입력 보강 필요
200880,서연이화,KOSPI,false,UNAVAILABLE,18,영업이익률:MISSING_MARGIN,SOURCE_DATA_GAP,FINANCIAL_VALUATION_CACHE,FALSE,MULTI_BLOCKER_SOURCE_LANE,재무·수익성 cache 입력 보강 필요
200880,서연이화,KOSPI,false,UNAVAILABLE,18,영업현금흐름:MISSING_OCF_MARGIN_INPUT,SOURCE_DATA_GAP,OCF_AND_REVENUE_SOURCE,FALSE,MULTI_BLOCKER_SOURCE_LANE,영업현금흐름 또는 연간 매출 입력 보강 필요
200880,서연이화,KOSPI,false,UNAVAILABLE,18,최근 3년 매출 성장률:MISSING_3Y_REVENUE,SOURCE_DATA_GAP,INVESTMENT_SCORE_SOURCE_CACHE,FALSE,MULTI_BLOCKER_SOURCE_LANE,연간/분기 재무 raw source 보강 필요
200880,서연이화,KOSPI,false,UNAVAILABLE,18,최근 3년 영업이익 성장률:MISSING_3Y_OP,SOURCE_DATA_GAP,INVESTMENT_SCORE_SOURCE_CACHE,FALSE,MULTI_BLOCKER_SOURCE_LANE,연간/분기 재무 raw source 보강 필요
200880,서연이화,KOSPI,false,UNAVAILABLE,18,최근 분기 실적 가속·둔화:MISSING_ACCEL_INPUT,SOURCE_DATA_GAP,INVESTMENT_SCORE_SOURCE_CACHE,FALSE,MULTI_BLOCKER_SOURCE_LANE,연간/분기 재무 raw source 보강 필요
200880,서연이화,KOSPI,false,UNAVAILABLE,18,하루평균 절대등락률:MISSING_ELASTICITY,SOURCE_DATA_GAP,PRICE_ELASTICITY_20D,FALSE,MULTI_BLOCKER_SOURCE_LANE,20거래일 가격탄력 source 보강 필요
200880,서연이화,KOSPI,false,UNAVAILABLE,18,흑자 지속성과 이익 안정성:MISSING_EARNINGS_TREND,SOURCE_DATA_GAP,FINANCIAL_VALUATION_CACHE,FALSE,MULTI_BLOCKER_SOURCE_LANE,재무·수익성 cache 입력 보강 필요
267290,경동도시가스,KOSPI,false,UNAVAILABLE,18,EV/EBITDA:EV_EBITDA_INPUT:NO_EXACT_CANDIDATE:NO_EXACT_CANDIDATE,SOURCE_DATA_GAP,EXACT_DA_SOURCE,FALSE,MULTI_BLOCKER_SOURCE_LANE,"승인 exact D&A 원천 부족; debt_status=NO_EXACT_CANDIDATE, da_status=NO_EXACT_CANDIDATE"
267290,경동도시가스,KOSPI,false,UNAVAILABLE,18,PBR:MISSING_PBR_OR_ROE,SOURCE_DATA_GAP,FINANCIAL_VALUATION_CACHE,FALSE,MULTI_BLOCKER_SOURCE_LANE,밸류에이션 또는 관련 이익·ROE 입력 보강 필요
267290,경동도시가스,KOSPI,false,UNAVAILABLE,18,PER:MISSING_PER,SOURCE_DATA_GAP,FINANCIAL_VALUATION_CACHE,FALSE,MULTI_BLOCKER_SOURCE_LANE,밸류에이션 또는 관련 이익·ROE 입력 보강 필요
267290,경동도시가스,KOSPI,false,UNAVAILABLE,18,PSR 또는 대체 가치지표:MISSING_PSR_INPUT,SOURCE_DATA_GAP,FINANCIAL_AND_RAW_SOURCE,FALSE,MULTI_BLOCKER_SOURCE_LANE,시가총액 또는 연간 매출 입력 보강 필요
267290,경동도시가스,KOSPI,false,UNAVAILABLE,18,ROE:MISSING_ROE,SOURCE_DATA_GAP,FINANCIAL_VALUATION_CACHE,FALSE,MULTI_BLOCKER_SOURCE_LANE,재무·수익성 cache 입력 보강 필요
267290,경동도시가스,KOSPI,false,UNAVAILABLE,18,매출 성장과 안정성:MISSING_REVENUE_GROWTH_INPUT,SOURCE_DATA_GAP,INVESTMENT_SCORE_SOURCE_CACHE,FALSE,MULTI_BLOCKER_SOURCE_LANE,연간/분기 재무 raw source 보강 필요
267290,경동도시가스,KOSPI,false,UNAVAILABLE,18,부채비율:MISSING_DEBT_RATIO,SOURCE_DATA_GAP,FINANCIAL_VALUATION_CACHE,FALSE,MULTI_BLOCKER_SOURCE_LANE,재무·수익성 cache 입력 보강 필요
267290,경동도시가스,KOSPI,false,UNAVAILABLE,18,수급·공시부담:SUPPLY_LIMITED_NO_POSITIVE_EVIDENCE,SOURCE_EVIDENCE_GAP,PRODUCTION_ANALYSIS_SUPPLY,FALSE,MULTI_BLOCKER_SOURCE_LANE,공시·수급 없음 판정을 확정할 만큼 source completeness가 부족함
267290,경동도시가스,KOSPI,false,UNAVAILABLE,18,순이익 흐름:MISSING_EARNINGS_TREND,SOURCE_DATA_GAP,FINANCIAL_VALUATION_CACHE,FALSE,MULTI_BLOCKER_SOURCE_LANE,재무·수익성 cache 입력 보강 필요
267290,경동도시가스,KOSPI,false,UNAVAILABLE,18,순현금·기업가치 상태:NETCASH_INPUT:NO_EXACT_CANDIDATE,SOURCE_DATA_GAP,NETCASH_INPUT,FALSE,MULTI_BLOCKER_SOURCE_LANE,시가총액·현금·승인 core debt 원천 보강 필요
267290,경동도시가스,KOSPI,false,UNAVAILABLE,18,영업이익 성장과 흑자 여부:MISSING_OP_PROFIT,SOURCE_DATA_GAP,FINANCIAL_VALUATION_CACHE,FALSE,MULTI_BLOCKER_SOURCE_LANE,재무·수익성 cache 입력 보강 필요
267290,경동도시가스,KOSPI,false,UNAVAILABLE,18,영업이익률:MISSING_MARGIN,SOURCE_DATA_GAP,FINANCIAL_VALUATION_CACHE,FALSE,MULTI_BLOCKER_SOURCE_LANE,재무·수익성 cache 입력 보강 필요
267290,경동도시가스,KOSPI,false,UNAVAILABLE,18,영업현금흐름:MISSING_OCF_MARGIN_INPUT,SOURCE_DATA_GAP,OCF_AND_REVENUE_SOURCE,FALSE,MULTI_BLOCKER_SOURCE_LANE,영업현금흐름 또는 연간 매출 입력 보강 필요
267290,경동도시가스,KOSPI,false,UNAVAILABLE,18,최근 3년 매출 성장률:MISSING_3Y_REVENUE,SOURCE_DATA_GAP,INVESTMENT_SCORE_SOURCE_CACHE,FALSE,MULTI_BLOCKER_SOURCE_LANE,연간/분기 재무 raw source 보강 필요
267290,경동도시가스,KOSPI,false,UNAVAILABLE,18,최근 3년 영업이익 성장률:MISSING_3Y_OP,SOURCE_DATA_GAP,INVESTMENT_SCORE_SOURCE_CACHE,FALSE,MULTI_BLOCKER_SOURCE_LANE,연간/분기 재무 raw source 보강 필요
267290,경동도시가스,KOSPI,false,UNAVAILABLE,18,최근 분기 실적 가속·둔화:MISSING_ACCEL_INPUT,SOURCE_DATA_GAP,INVESTMENT_SCORE_SOURCE_CACHE,FALSE,MULTI_BLOCKER_SOURCE_LANE,연간/분기 재무 raw source 보강 필요
267290,경동도시가스,KOSPI,false,UNAVAILABLE,18,하루평균 절대등락률:MISSING_ELASTICITY,SOURCE_DATA_GAP,PRICE_ELASTICITY_20D,FALSE,MULTI_BLOCKER_SOURCE_LANE,20거래일 가격탄력 source 보강 필요
267290,경동도시가스,KOSPI,false,UNAVAILABLE,18,흑자 지속성과 이익 안정성:MISSING_EARNINGS_TREND,SOURCE_DATA_GAP,FINANCIAL_VALUATION_CACHE,FALSE,MULTI_BLOCKER_SOURCE_LANE,재무·수익성 cache 입력 보강 필요
002780,진흥기업,KOSPI,false,UNAVAILABLE,19,EV/EBITDA:EV_EBITDA_INPUT:NO_EXACT_CANDIDATE:NO_EXACT_CANDIDATE,SOURCE_DATA_GAP,EXACT_DA_SOURCE,FALSE,MULTI_BLOCKER_SOURCE_LANE,"승인 exact D&A 원천 부족; debt_status=NO_EXACT_CANDIDATE, da_status=NO_EXACT_CANDIDATE"
002780,진흥기업,KOSPI,false,UNAVAILABLE,19,PBR:MISSING_PBR_OR_ROE,SOURCE_DATA_GAP,FINANCIAL_VALUATION_CACHE,FALSE,MULTI_BLOCKER_SOURCE_LANE,밸류에이션 또는 관련 이익·ROE 입력 보강 필요
002780,진흥기업,KOSPI,false,UNAVAILABLE,19,PER:MISSING_PER,SOURCE_DATA_GAP,FINANCIAL_VALUATION_CACHE,FALSE,MULTI_BLOCKER_SOURCE_LANE,밸류에이션 또는 관련 이익·ROE 입력 보강 필요
002780,진흥기업,KOSPI,false,UNAVAILABLE,19,PSR 또는 대체 가치지표:MISSING_PSR_INPUT,SOURCE_DATA_GAP,FINANCIAL_AND_RAW_SOURCE,FALSE,MULTI_BLOCKER_SOURCE_LANE,시가총액 또는 연간 매출 입력 보강 필요
002780,진흥기업,KOSPI,false,UNAVAILABLE,19,ROE:MISSING_ROE,SOURCE_DATA_GAP,FINANCIAL_VALUATION_CACHE,FALSE,MULTI_BLOCKER_SOURCE_LANE,재무·수익성 cache 입력 보강 필요
002780,진흥기업,KOSPI,false,UNAVAILABLE,19,과열·급락 위험:MISSING_RISK_INPUT,SOURCE_DATA_GAP,PRODUCTION_PRICE_METRICS,FALSE,MULTI_BLOCKER_SOURCE_LANE,가격·스윙·ATR·거래활동 metric 보강 필요
002780,진흥기업,KOSPI,false,UNAVAILABLE,19,기간 저가·고가 대비 현재위치:MISSING_POSITION,SOURCE_DATA_GAP,PRODUCTION_PRICE_METRICS,FALSE,MULTI_BLOCKER_SOURCE_LANE,가격·스윙·ATR·거래활동 metric 보강 필요
002780,진흥기업,KOSPI,false,UNAVAILABLE,19,매출 성장과 안정성:MISSING_REVENUE_GROWTH_INPUT,SOURCE_DATA_GAP,INVESTMENT_SCORE_SOURCE_CACHE,FALSE,MULTI_BLOCKER_SOURCE_LANE,연간/분기 재무 raw source 보강 필요
002780,진흥기업,KOSPI,false,UNAVAILABLE,19,부채비율:MISSING_DEBT_RATIO,SOURCE_DATA_GAP,FINANCIAL_VALUATION_CACHE,FALSE,MULTI_BLOCKER_SOURCE_LANE,재무·수익성 cache 입력 보강 필요
002780,진흥기업,KOSPI,false,UNAVAILABLE,19,순이익 흐름:MISSING_EARNINGS_TREND,SOURCE_DATA_GAP,FINANCIAL_VALUATION_CACHE,FALSE,MULTI_BLOCKER_SOURCE_LANE,재무·수익성 cache 입력 보강 필요
002780,진흥기업,KOSPI,false,UNAVAILABLE,19,순현금·기업가치 상태:NETCASH_INPUT:NO_EXACT_CANDIDATE,SOURCE_DATA_GAP,NETCASH_INPUT,FALSE,MULTI_BLOCKER_SOURCE_LANE,시가총액·현금·승인 core debt 원천 보강 필요
002780,진흥기업,KOSPI,false,UNAVAILABLE,19,영업이익 성장과 흑자 여부:MISSING_OP_PROFIT,SOURCE_DATA_GAP,FINANCIAL_VALUATION_CACHE,FALSE,MULTI_BLOCKER_SOURCE_LANE,재무·수익성 cache 입력 보강 필요
002780,진흥기업,KOSPI,false,UNAVAILABLE,19,영업이익률:MISSING_MARGIN,SOURCE_DATA_GAP,FINANCIAL_VALUATION_CACHE,FALSE,MULTI_BLOCKER_SOURCE_LANE,재무·수익성 cache 입력 보강 필요
002780,진흥기업,KOSPI,false,UNAVAILABLE,19,영업현금흐름:MISSING_OCF_MARGIN_INPUT,SOURCE_DATA_GAP,OCF_AND_REVENUE_SOURCE,FALSE,MULTI_BLOCKER_SOURCE_LANE,영업현금흐름 또는 연간 매출 입력 보강 필요
002780,진흥기업,KOSPI,false,UNAVAILABLE,19,최근 3년 매출 성장률:MISSING_3Y_REVENUE,SOURCE_DATA_GAP,INVESTMENT_SCORE_SOURCE_CACHE,FALSE,MULTI_BLOCKER_SOURCE_LANE,연간/분기 재무 raw source 보강 필요
002780,진흥기업,KOSPI,false,UNAVAILABLE,19,최근 3년 영업이익 성장률:MISSING_3Y_OP,SOURCE_DATA_GAP,INVESTMENT_SCORE_SOURCE_CACHE,FALSE,MULTI_BLOCKER_SOURCE_LANE,연간/분기 재무 raw source 보강 필요
002780,진흥기업,KOSPI,false,UNAVAILABLE,19,최근 분기 실적 가속·둔화:MISSING_ACCEL_INPUT,SOURCE_DATA_GAP,INVESTMENT_SCORE_SOURCE_CACHE,FALSE,MULTI_BLOCKER_SOURCE_LANE,연간/분기 재무 raw source 보강 필요
002780,진흥기업,KOSPI,false,UNAVAILABLE,19,하루평균 절대등락률:MISSING_ELASTICITY,SOURCE_DATA_GAP,PRICE_ELASTICITY_20D,FALSE,MULTI_BLOCKER_SOURCE_LANE,20거래일 가격탄력 source 보강 필요
002780,진흥기업,KOSPI,false,UNAVAILABLE,19,흑자 지속성과 이익 안정성:MISSING_EARNINGS_TREND,SOURCE_DATA_GAP,FINANCIAL_VALUATION_CACHE,FALSE,MULTI_BLOCKER_SOURCE_LANE,재무·수익성 cache 입력 보강 필요
004545,깨끗한나라우,KOSPI,false,UNAVAILABLE,19,EV/EBITDA:EV_EBITDA_INPUT:NO_EXACT_CANDIDATE:NO_EXACT_CANDIDATE,SOURCE_DATA_GAP,EXACT_DA_SOURCE,FALSE,MULTI_BLOCKER_SOURCE_LANE,"승인 exact D&A 원천 부족; debt_status=NO_EXACT_CANDIDATE, da_status=NO_EXACT_CANDIDATE"
004545,깨끗한나라우,KOSPI,false,UNAVAILABLE,19,PBR:MISSING_PBR_OR_ROE,SOURCE_DATA_GAP,FINANCIAL_VALUATION_CACHE,FALSE,MULTI_BLOCKER_SOURCE_LANE,밸류에이션 또는 관련 이익·ROE 입력 보강 필요
004545,깨끗한나라우,KOSPI,false,UNAVAILABLE,19,PER:MISSING_PER,SOURCE_DATA_GAP,FINANCIAL_VALUATION_CACHE,FALSE,MULTI_BLOCKER_SOURCE_LANE,밸류에이션 또는 관련 이익·ROE 입력 보강 필요
004545,깨끗한나라우,KOSPI,false,UNAVAILABLE,19,PSR 또는 대체 가치지표:MISSING_PSR_INPUT,SOURCE_DATA_GAP,FINANCIAL_AND_RAW_SOURCE,FALSE,MULTI_BLOCKER_SOURCE_LANE,시가총액 또는 연간 매출 입력 보강 필요
004545,깨끗한나라우,KOSPI,false,UNAVAILABLE,19,ROE:MISSING_ROE,SOURCE_DATA_GAP,FINANCIAL_VALUATION_CACHE,FALSE,MULTI_BLOCKER_SOURCE_LANE,재무·수익성 cache 입력 보강 필요
004545,깨끗한나라우,KOSPI,false,UNAVAILABLE,19,과열·급락 위험:MISSING_RISK_INPUT,SOURCE_DATA_GAP,PRODUCTION_PRICE_METRICS,FALSE,MULTI_BLOCKER_SOURCE_LANE,가격·스윙·ATR·거래활동 metric 보강 필요
004545,깨끗한나라우,KOSPI,false,UNAVAILABLE,19,기간 저가·고가 대비 현재위치:MISSING_POSITION,SOURCE_DATA_GAP,PRODUCTION_PRICE_METRICS,FALSE,MULTI_BLOCKER_SOURCE_LANE,가격·스윙·ATR·거래활동 metric 보강 필요
004545,깨끗한나라우,KOSPI,false,UNAVAILABLE,19,매출 성장과 안정성:MISSING_REVENUE_GROWTH_INPUT,SOURCE_DATA_GAP,INVESTMENT_SCORE_SOURCE_CACHE,FALSE,MULTI_BLOCKER_SOURCE_LANE,연간/분기 재무 raw source 보강 필요
004545,깨끗한나라우,KOSPI,false,UNAVAILABLE,19,부채비율:MISSING_DEBT_RATIO,SOURCE_DATA_GAP,FINANCIAL_VALUATION_CACHE,FALSE,MULTI_BLOCKER_SOURCE_LANE,재무·수익성 cache 입력 보강 필요
004545,깨끗한나라우,KOSPI,false,UNAVAILABLE,19,수급·공시부담:SUPPLY_LIMITED_NO_POSITIVE_EVIDENCE,SOURCE_EVIDENCE_GAP,PRODUCTION_ANALYSIS_SUPPLY,FALSE,MULTI_BLOCKER_SOURCE_LANE,공시·수급 없음 판정을 확정할 만큼 source completeness가 부족함
004545,깨끗한나라우,KOSPI,false,UNAVAILABLE,19,순이익 흐름:MISSING_EARNINGS_TREND,SOURCE_DATA_GAP,FINANCIAL_VALUATION_CACHE,FALSE,MULTI_BLOCKER_SOURCE_LANE,재무·수익성 cache 입력 보강 필요
004545,깨끗한나라우,KOSPI,false,UNAVAILABLE,19,순현금·기업가치 상태:NETCASH_INPUT:NO_EXACT_CANDIDATE,SOURCE_DATA_GAP,NETCASH_INPUT,FALSE,MULTI_BLOCKER_SOURCE_LANE,시가총액·현금·승인 core debt 원천 보강 필요
004545,깨끗한나라우,KOSPI,false,UNAVAILABLE,19,영업이익 성장과 흑자 여부:MISSING_OP_PROFIT,SOURCE_DATA_GAP,FINANCIAL_VALUATION_CACHE,FALSE,MULTI_BLOCKER_SOURCE_LANE,재무·수익성 cache 입력 보강 필요
004545,깨끗한나라우,KOSPI,false,UNAVAILABLE,19,영업이익률:MISSING_MARGIN,SOURCE_DATA_GAP,FINANCIAL_VALUATION_CACHE,FALSE,MULTI_BLOCKER_SOURCE_LANE,재무·수익성 cache 입력 보강 필요
004545,깨끗한나라우,KOSPI,false,UNAVAILABLE,19,영업현금흐름:MISSING_OCF_MARGIN_INPUT,SOURCE_DATA_GAP,OCF_AND_REVENUE_SOURCE,FALSE,MULTI_BLOCKER_SOURCE_LANE,영업현금흐름 또는 연간 매출 입력 보강 필요
004545,깨끗한나라우,KOSPI,false,UNAVAILABLE,19,최근 3년 매출 성장률:MISSING_3Y_REVENUE,SOURCE_DATA_GAP,INVESTMENT_SCORE_SOURCE_CACHE,FALSE,MULTI_BLOCKER_SOURCE_LANE,연간/분기 재무 raw source 보강 필요
004545,깨끗한나라우,KOSPI,false,UNAVAILABLE,19,최근 3년 영업이익 성장률:MISSING_3Y_OP,SOURCE_DATA_GAP,INVESTMENT_SCORE_SOURCE_CACHE,FALSE,MULTI_BLOCKER_SOURCE_LANE,연간/분기 재무 raw source 보강 필요
004545,깨끗한나라우,KOSPI,false,UNAVAILABLE,19,최근 분기 실적 가속·둔화:MISSING_ACCEL_INPUT,SOURCE_DATA_GAP,INVESTMENT_SCORE_SOURCE_CACHE,FALSE,MULTI_BLOCKER_SOURCE_LANE,연간/분기 재무 raw source 보강 필요
004545,깨끗한나라우,KOSPI,false,UNAVAILABLE,19,흑자 지속성과 이익 안정성:MISSING_EARNINGS_TREND,SOURCE_DATA_GAP,FINANCIAL_VALUATION_CACHE,FALSE,MULTI_BLOCKER_SOURCE_LANE,재무·수익성 cache 입력 보강 필요
006345,대원전선우,KOSPI,false,UNAVAILABLE,19,EV/EBITDA:EV_EBITDA_INPUT:NO_EXACT_CANDIDATE:NO_EXACT_CANDIDATE,SOURCE_DATA_GAP,EXACT_DA_SOURCE,FALSE,MULTI_BLOCKER_SOURCE_LANE,"승인 exact D&A 원천 부족; debt_status=NO_EXACT_CANDIDATE, da_status=NO_EXACT_CANDIDATE"
006345,대원전선우,KOSPI,false,UNAVAILABLE,19,PBR:MISSING_PBR_OR_ROE,SOURCE_DATA_GAP,FINANCIAL_VALUATION_CACHE,FALSE,MULTI_BLOCKER_SOURCE_LANE,밸류에이션 또는 관련 이익·ROE 입력 보강 필요
006345,대원전선우,KOSPI,false,UNAVAILABLE,19,PER:MISSING_PER,SOURCE_DATA_GAP,FINANCIAL_VALUATION_CACHE,FALSE,MULTI_BLOCKER_SOURCE_LANE,밸류에이션 또는 관련 이익·ROE 입력 보강 필요
006345,대원전선우,KOSPI,false,UNAVAILABLE,19,PSR 또는 대체 가치지표:MISSING_PSR_INPUT,SOURCE_DATA_GAP,FINANCIAL_AND_RAW_SOURCE,FALSE,MULTI_BLOCKER_SOURCE_LANE,시가총액 또는 연간 매출 입력 보강 필요
006345,대원전선우,KOSPI,false,UNAVAILABLE,19,ROE:MISSING_ROE,SOURCE_DATA_GAP,FINANCIAL_VALUATION_CACHE,FALSE,MULTI_BLOCKER_SOURCE_LANE,재무·수익성 cache 입력 보강 필요
006345,대원전선우,KOSPI,false,UNAVAILABLE,19,과열·급락 위험:MISSING_RISK_INPUT,SOURCE_DATA_GAP,PRODUCTION_PRICE_METRICS,FALSE,MULTI_BLOCKER_SOURCE_LANE,가격·스윙·ATR·거래활동 metric 보강 필요
006345,대원전선우,KOSPI,false,UNAVAILABLE,19,매출 성장과 안정성:MISSING_REVENUE_GROWTH_INPUT,SOURCE_DATA_GAP,INVESTMENT_SCORE_SOURCE_CACHE,FALSE,MULTI_BLOCKER_SOURCE_LANE,연간/분기 재무 raw source 보강 필요
006345,대원전선우,KOSPI,false,UNAVAILABLE,19,부채비율:MISSING_DEBT_RATIO,SOURCE_DATA_GAP,FINANCIAL_VALUATION_CACHE,FALSE,MULTI_BLOCKER_SOURCE_LANE,재무·수익성 cache 입력 보강 필요
006345,대원전선우,KOSPI,false,UNAVAILABLE,19,수급·공시부담:SUPPLY_LIMITED_NO_POSITIVE_EVIDENCE,SOURCE_EVIDENCE_GAP,PRODUCTION_ANALYSIS_SUPPLY,FALSE,MULTI_BLOCKER_SOURCE_LANE,공시·수급 없음 판정을 확정할 만큼 source completeness가 부족함
006345,대원전선우,KOSPI,false,UNAVAILABLE,19,순이익 흐름:MISSING_EARNINGS_TREND,SOURCE_DATA_GAP,FINANCIAL_VALUATION_CACHE,FALSE,MULTI_BLOCKER_SOURCE_LANE,재무·수익성 cache 입력 보강 필요
006345,대원전선우,KOSPI,false,UNAVAILABLE,19,순현금·기업가치 상태:NETCASH_INPUT:NO_EXACT_CANDIDATE,SOURCE_DATA_GAP,NETCASH_INPUT,FALSE,MULTI_BLOCKER_SOURCE_LANE,시가총액·현금·승인 core debt 원천 보강 필요
006345,대원전선우,KOSPI,false,UNAVAILABLE,19,영업이익 성장과 흑자 여부:MISSING_OP_PROFIT,SOURCE_DATA_GAP,FINANCIAL_VALUATION_CACHE,FALSE,MULTI_BLOCKER_SOURCE_LANE,재무·수익성 cache 입력 보강 필요
006345,대원전선우,KOSPI,false,UNAVAILABLE,19,영업이익률:MISSING_MARGIN,SOURCE_DATA_GAP,FINANCIAL_VALUATION_CACHE,FALSE,MULTI_BLOCKER_SOURCE_LANE,재무·수익성 cache 입력 보강 필요
006345,대원전선우,KOSPI,false,UNAVAILABLE,19,영업현금흐름:MISSING_OCF_MARGIN_INPUT,SOURCE_DATA_GAP,OCF_AND_REVENUE_SOURCE,FALSE,MULTI_BLOCKER_SOURCE_LANE,영업현금흐름 또는 연간 매출 입력 보강 필요
006345,대원전선우,KOSPI,false,UNAVAILABLE,19,최근 3년 매출 성장률:MISSING_3Y_REVENUE,SOURCE_DATA_GAP,INVESTMENT_SCORE_SOURCE_CACHE,FALSE,MULTI_BLOCKER_SOURCE_LANE,연간/분기 재무 raw source 보강 필요
006345,대원전선우,KOSPI,false,UNAVAILABLE,19,최근 3년 영업이익 성장률:MISSING_3Y_OP,SOURCE_DATA_GAP,INVESTMENT_SCORE_SOURCE_CACHE,FALSE,MULTI_BLOCKER_SOURCE_LANE,연간/분기 재무 raw source 보강 필요
006345,대원전선우,KOSPI,false,UNAVAILABLE,19,최근 분기 실적 가속·둔화:MISSING_ACCEL_INPUT,SOURCE_DATA_GAP,INVESTMENT_SCORE_SOURCE_CACHE,FALSE,MULTI_BLOCKER_SOURCE_LANE,연간/분기 재무 raw source 보강 필요
006345,대원전선우,KOSPI,false,UNAVAILABLE,19,하루평균 절대등락률:MISSING_ELASTICITY,SOURCE_DATA_GAP,PRICE_ELASTICITY_20D,FALSE,MULTI_BLOCKER_SOURCE_LANE,20거래일 가격탄력 source 보강 필요
006345,대원전선우,KOSPI,false,UNAVAILABLE,19,흑자 지속성과 이익 안정성:MISSING_EARNINGS_TREND,SOURCE_DATA_GAP,FINANCIAL_VALUATION_CACHE,FALSE,MULTI_BLOCKER_SOURCE_LANE,재무·수익성 cache 입력 보강 필요
007575,일양약품우,KOSPI,false,UNAVAILABLE,19,EV/EBITDA:EV_EBITDA_INPUT:NO_EXACT_CANDIDATE:NO_EXACT_CANDIDATE,SOURCE_DATA_GAP,EXACT_DA_SOURCE,FALSE,MULTI_BLOCKER_SOURCE_LANE,"승인 exact D&A 원천 부족; debt_status=NO_EXACT_CANDIDATE, da_status=NO_EXACT_CANDIDATE"
007575,일양약품우,KOSPI,false,UNAVAILABLE,19,PBR:MISSING_PBR_OR_ROE,SOURCE_DATA_GAP,FINANCIAL_VALUATION_CACHE,FALSE,MULTI_BLOCKER_SOURCE_LANE,밸류에이션 또는 관련 이익·ROE 입력 보강 필요
007575,일양약품우,KOSPI,false,UNAVAILABLE,19,PER:MISSING_PER,SOURCE_DATA_GAP,FINANCIAL_VALUATION_CACHE,FALSE,MULTI_BLOCKER_SOURCE_LANE,밸류에이션 또는 관련 이익·ROE 입력 보강 필요
007575,일양약품우,KOSPI,false,UNAVAILABLE,19,PSR 또는 대체 가치지표:MISSING_PSR_INPUT,SOURCE_DATA_GAP,FINANCIAL_AND_RAW_SOURCE,FALSE,MULTI_BLOCKER_SOURCE_LANE,시가총액 또는 연간 매출 입력 보강 필요
007575,일양약품우,KOSPI,false,UNAVAILABLE,19,ROE:MISSING_ROE,SOURCE_DATA_GAP,FINANCIAL_VALUATION_CACHE,FALSE,MULTI_BLOCKER_SOURCE_LANE,재무·수익성 cache 입력 보강 필요
007575,일양약품우,KOSPI,false,UNAVAILABLE,19,과열·급락 위험:MISSING_RISK_INPUT,SOURCE_DATA_GAP,PRODUCTION_PRICE_METRICS,FALSE,MULTI_BLOCKER_SOURCE_LANE,가격·스윙·ATR·거래활동 metric 보강 필요
007575,일양약품우,KOSPI,false,UNAVAILABLE,19,매출 성장과 안정성:MISSING_REVENUE_GROWTH_INPUT,SOURCE_DATA_GAP,INVESTMENT_SCORE_SOURCE_CACHE,FALSE,MULTI_BLOCKER_SOURCE_LANE,연간/분기 재무 raw source 보강 필요
007575,일양약품우,KOSPI,false,UNAVAILABLE,19,부채비율:MISSING_DEBT_RATIO,SOURCE_DATA_GAP,FINANCIAL_VALUATION_CACHE,FALSE,MULTI_BLOCKER_SOURCE_LANE,재무·수익성 cache 입력 보강 필요
007575,일양약품우,KOSPI,false,UNAVAILABLE,19,수급·공시부담:SUPPLY_LIMITED_NO_POSITIVE_EVIDENCE,SOURCE_EVIDENCE_GAP,PRODUCTION_ANALYSIS_SUPPLY,FALSE,MULTI_BLOCKER_SOURCE_LANE,공시·수급 없음 판정을 확정할 만큼 source completeness가 부족함
007575,일양약품우,KOSPI,false,UNAVAILABLE,19,순이익 흐름:MISSING_EARNINGS_TREND,SOURCE_DATA_GAP,FINANCIAL_VALUATION_CACHE,FALSE,MULTI_BLOCKER_SOURCE_LANE,재무·수익성 cache 입력 보강 필요
007575,일양약품우,KOSPI,false,UNAVAILABLE,19,순현금·기업가치 상태:NETCASH_INPUT:NO_EXACT_CANDIDATE,SOURCE_DATA_GAP,NETCASH_INPUT,FALSE,MULTI_BLOCKER_SOURCE_LANE,시가총액·현금·승인 core debt 원천 보강 필요
007575,일양약품우,KOSPI,false,UNAVAILABLE,19,영업이익 성장과 흑자 여부:MISSING_OP_PROFIT,SOURCE_DATA_GAP,FINANCIAL_VALUATION_CACHE,FALSE,MULTI_BLOCKER_SOURCE_LANE,재무·수익성 cache 입력 보강 필요
007575,일양약품우,KOSPI,false,UNAVAILABLE,19,영업이익률:MISSING_MARGIN,SOURCE_DATA_GAP,FINANCIAL_VALUATION_CACHE,FALSE,MULTI_BLOCKER_SOURCE_LANE,재무·수익성 cache 입력 보강 필요
007575,일양약품우,KOSPI,false,UNAVAILABLE,19,영업현금흐름:MISSING_OCF_MARGIN_INPUT,SOURCE_DATA_GAP,OCF_AND_REVENUE_SOURCE,FALSE,MULTI_BLOCKER_SOURCE_LANE,영업현금흐름 또는 연간 매출 입력 보강 필요
007575,일양약품우,KOSPI,false,UNAVAILABLE,19,최근 3년 매출 성장률:MISSING_3Y_REVENUE,SOURCE_DATA_GAP,INVESTMENT_SCORE_SOURCE_CACHE,FALSE,MULTI_BLOCKER_SOURCE_LANE,연간/분기 재무 raw source 보강 필요
007575,일양약품우,KOSPI,false,UNAVAILABLE,19,최근 3년 영업이익 성장률:MISSING_3Y_OP,SOURCE_DATA_GAP,INVESTMENT_SCORE_SOURCE_CACHE,FALSE,MULTI_BLOCKER_SOURCE_LANE,연간/분기 재무 raw source 보강 필요
007575,일양약품우,KOSPI,false,UNAVAILABLE,19,최근 분기 실적 가속·둔화:MISSING_ACCEL_INPUT,SOURCE_DATA_GAP,INVESTMENT_SCORE_SOURCE_CACHE,FALSE,MULTI_BLOCKER_SOURCE_LANE,연간/분기 재무 raw source 보강 필요
007575,일양약품우,KOSPI,false,UNAVAILABLE,19,하루평균 절대등락률:MISSING_ELASTICITY,SOURCE_DATA_GAP,PRICE_ELASTICITY_20D,FALSE,MULTI_BLOCKER_SOURCE_LANE,20거래일 가격탄력 source 보강 필요
007575,일양약품우,KOSPI,false,UNAVAILABLE,19,흑자 지속성과 이익 안정성:MISSING_EARNINGS_TREND,SOURCE_DATA_GAP,FINANCIAL_VALUATION_CACHE,FALSE,MULTI_BLOCKER_SOURCE_LANE,재무·수익성 cache 입력 보강 필요
007610,선도전기,KOSPI,false,UNAVAILABLE,19,EV/EBITDA:EV_EBITDA_INPUT:NO_EXACT_CANDIDATE:NO_EXACT_CANDIDATE,SOURCE_DATA_GAP,EXACT_DA_SOURCE,FALSE,MULTI_BLOCKER_SOURCE_LANE,"승인 exact D&A 원천 부족; debt_status=NO_EXACT_CANDIDATE, da_status=NO_EXACT_CANDIDATE"
007610,선도전기,KOSPI,false,UNAVAILABLE,19,PBR:MISSING_PBR_OR_ROE,SOURCE_DATA_GAP,FINANCIAL_VALUATION_CACHE,FALSE,MULTI_BLOCKER_SOURCE_LANE,밸류에이션 또는 관련 이익·ROE 입력 보강 필요
007610,선도전기,KOSPI,false,UNAVAILABLE,19,PER:MISSING_PER,SOURCE_DATA_GAP,FINANCIAL_VALUATION_CACHE,FALSE,MULTI_BLOCKER_SOURCE_LANE,밸류에이션 또는 관련 이익·ROE 입력 보강 필요
007610,선도전기,KOSPI,false,UNAVAILABLE,19,PSR 또는 대체 가치지표:MISSING_PSR_INPUT,SOURCE_DATA_GAP,FINANCIAL_AND_RAW_SOURCE,FALSE,MULTI_BLOCKER_SOURCE_LANE,시가총액 또는 연간 매출 입력 보강 필요
007610,선도전기,KOSPI,false,UNAVAILABLE,19,ROE:MISSING_ROE,SOURCE_DATA_GAP,FINANCIAL_VALUATION_CACHE,FALSE,MULTI_BLOCKER_SOURCE_LANE,재무·수익성 cache 입력 보강 필요
007610,선도전기,KOSPI,false,UNAVAILABLE,19,과열·급락 위험:MISSING_RISK_INPUT,SOURCE_DATA_GAP,PRODUCTION_PRICE_METRICS,FALSE,MULTI_BLOCKER_SOURCE_LANE,가격·스윙·ATR·거래활동 metric 보강 필요
007610,선도전기,KOSPI,false,UNAVAILABLE,19,매출 성장과 안정성:MISSING_REVENUE_GROWTH_INPUT,SOURCE_DATA_GAP,INVESTMENT_SCORE_SOURCE_CACHE,FALSE,MULTI_BLOCKER_SOURCE_LANE,연간/분기 재무 raw source 보강 필요
007610,선도전기,KOSPI,false,UNAVAILABLE,19,부채비율:MISSING_DEBT_RATIO,SOURCE_DATA_GAP,FINANCIAL_VALUATION_CACHE,FALSE,MULTI_BLOCKER_SOURCE_LANE,재무·수익성 cache 입력 보강 필요
007610,선도전기,KOSPI,false,UNAVAILABLE,19,수급·공시부담:SUPPLY_LIMITED_NO_POSITIVE_EVIDENCE,SOURCE_EVIDENCE_GAP,PRODUCTION_ANALYSIS_SUPPLY,FALSE,MULTI_BLOCKER_SOURCE_LANE,공시·수급 없음 판정을 확정할 만큼 source completeness가 부족함
007610,선도전기,KOSPI,false,UNAVAILABLE,19,순이익 흐름:MISSING_EARNINGS_TREND,SOURCE_DATA_GAP,FINANCIAL_VALUATION_CACHE,FALSE,MULTI_BLOCKER_SOURCE_LANE,재무·수익성 cache 입력 보강 필요
007610,선도전기,KOSPI,false,UNAVAILABLE,19,순현금·기업가치 상태:NETCASH_INPUT:NO_EXACT_CANDIDATE,SOURCE_DATA_GAP,NETCASH_INPUT,FALSE,MULTI_BLOCKER_SOURCE_LANE,시가총액·현금·승인 core debt 원천 보강 필요
007610,선도전기,KOSPI,false,UNAVAILABLE,19,영업이익 성장과 흑자 여부:MISSING_OP_PROFIT,SOURCE_DATA_GAP,FINANCIAL_VALUATION_CACHE,FALSE,MULTI_BLOCKER_SOURCE_LANE,재무·수익성 cache 입력 보강 필요
007610,선도전기,KOSPI,false,UNAVAILABLE,19,영업이익률:MISSING_MARGIN,SOURCE_DATA_GAP,FINANCIAL_VALUATION_CACHE,FALSE,MULTI_BLOCKER_SOURCE_LANE,재무·수익성 cache 입력 보강 필요
007610,선도전기,KOSPI,false,UNAVAILABLE,19,영업현금흐름:MISSING_OCF_MARGIN_INPUT,SOURCE_DATA_GAP,OCF_AND_REVENUE_SOURCE,FALSE,MULTI_BLOCKER_SOURCE_LANE,영업현금흐름 또는 연간 매출 입력 보강 필요
007610,선도전기,KOSPI,false,UNAVAILABLE,19,최근 3년 매출 성장률:MISSING_3Y_REVENUE,SOURCE_DATA_GAP,INVESTMENT_SCORE_SOURCE_CACHE,FALSE,MULTI_BLOCKER_SOURCE_LANE,연간/분기 재무 raw source 보강 필요
007610,선도전기,KOSPI,false,UNAVAILABLE,19,최근 3년 영업이익 성장률:MISSING_3Y_OP,SOURCE_DATA_GAP,INVESTMENT_SCORE_SOURCE_CACHE,FALSE,MULTI_BLOCKER_SOURCE_LANE,연간/분기 재무 raw source 보강 필요
007610,선도전기,KOSPI,false,UNAVAILABLE,19,최근 분기 실적 가속·둔화:MISSING_ACCEL_INPUT,SOURCE_DATA_GAP,INVESTMENT_SCORE_SOURCE_CACHE,FALSE,MULTI_BLOCKER_SOURCE_LANE,연간/분기 재무 raw source 보강 필요
007610,선도전기,KOSPI,false,UNAVAILABLE,19,하루평균 절대등락률:MISSING_ELASTICITY,SOURCE_DATA_GAP,PRICE_ELASTICITY_20D,FALSE,MULTI_BLOCKER_SOURCE_LANE,20거래일 가격탄력 source 보강 필요
007610,선도전기,KOSPI,false,UNAVAILABLE,19,흑자 지속성과 이익 안정성:MISSING_EARNINGS_TREND,SOURCE_DATA_GAP,FINANCIAL_VALUATION_CACHE,FALSE,MULTI_BLOCKER_SOURCE_LANE,재무·수익성 cache 입력 보강 필요
001067,JW중외제약2우B,KOSPI,false,UNAVAILABLE,20,EV/EBITDA:EV_EBITDA_INPUT:NO_EXACT_CANDIDATE:NO_EXACT_CANDIDATE,SOURCE_DATA_GAP,EXACT_DA_SOURCE,FALSE,MULTI_BLOCKER_SOURCE_LANE,"승인 exact D&A 원천 부족; debt_status=NO_EXACT_CANDIDATE, da_status=NO_EXACT_CANDIDATE"
001067,JW중외제약2우B,KOSPI,false,UNAVAILABLE,20,PBR:MISSING_PBR_OR_ROE,SOURCE_DATA_GAP,FINANCIAL_VALUATION_CACHE,FALSE,MULTI_BLOCKER_SOURCE_LANE,밸류에이션 또는 관련 이익·ROE 입력 보강 필요
001067,JW중외제약2우B,KOSPI,false,UNAVAILABLE,20,PER:MISSING_PER,SOURCE_DATA_GAP,FINANCIAL_VALUATION_CACHE,FALSE,MULTI_BLOCKER_SOURCE_LANE,밸류에이션 또는 관련 이익·ROE 입력 보강 필요
001067,JW중외제약2우B,KOSPI,false,UNAVAILABLE,20,PSR 또는 대체 가치지표:MISSING_PSR_INPUT,SOURCE_DATA_GAP,FINANCIAL_AND_RAW_SOURCE,FALSE,MULTI_BLOCKER_SOURCE_LANE,시가총액 또는 연간 매출 입력 보강 필요
001067,JW중외제약2우B,KOSPI,false,UNAVAILABLE,20,ROE:MISSING_ROE,SOURCE_DATA_GAP,FINANCIAL_VALUATION_CACHE,FALSE,MULTI_BLOCKER_SOURCE_LANE,재무·수익성 cache 입력 보강 필요
001067,JW중외제약2우B,KOSPI,false,UNAVAILABLE,20,과열·급락 위험:MISSING_RISK_INPUT,SOURCE_DATA_GAP,PRODUCTION_PRICE_METRICS,FALSE,MULTI_BLOCKER_SOURCE_LANE,가격·스윙·ATR·거래활동 metric 보강 필요
001067,JW중외제약2우B,KOSPI,false,UNAVAILABLE,20,기간 저가·고가 대비 현재위치:MISSING_POSITION,SOURCE_DATA_GAP,PRODUCTION_PRICE_METRICS,FALSE,MULTI_BLOCKER_SOURCE_LANE,가격·스윙·ATR·거래활동 metric 보강 필요
001067,JW중외제약2우B,KOSPI,false,UNAVAILABLE,20,매출 성장과 안정성:MISSING_REVENUE_GROWTH_INPUT,SOURCE_DATA_GAP,INVESTMENT_SCORE_SOURCE_CACHE,FALSE,MULTI_BLOCKER_SOURCE_LANE,연간/분기 재무 raw source 보강 필요
001067,JW중외제약2우B,KOSPI,false,UNAVAILABLE,20,부채비율:MISSING_DEBT_RATIO,SOURCE_DATA_GAP,FINANCIAL_VALUATION_CACHE,FALSE,MULTI_BLOCKER_SOURCE_LANE,재무·수익성 cache 입력 보강 필요
001067,JW중외제약2우B,KOSPI,false,UNAVAILABLE,20,수급·공시부담:SUPPLY_LIMITED_NO_POSITIVE_EVIDENCE,SOURCE_EVIDENCE_GAP,PRODUCTION_ANALYSIS_SUPPLY,FALSE,MULTI_BLOCKER_SOURCE_LANE,공시·수급 없음 판정을 확정할 만큼 source completeness가 부족함
001067,JW중외제약2우B,KOSPI,false,UNAVAILABLE,20,순이익 흐름:MISSING_EARNINGS_TREND,SOURCE_DATA_GAP,FINANCIAL_VALUATION_CACHE,FALSE,MULTI_BLOCKER_SOURCE_LANE,재무·수익성 cache 입력 보강 필요
001067,JW중외제약2우B,KOSPI,false,UNAVAILABLE,20,순현금·기업가치 상태:NETCASH_INPUT:NO_EXACT_CANDIDATE,SOURCE_DATA_GAP,NETCASH_INPUT,FALSE,MULTI_BLOCKER_SOURCE_LANE,시가총액·현금·승인 core debt 원천 보강 필요
001067,JW중외제약2우B,KOSPI,false,UNAVAILABLE,20,영업이익 성장과 흑자 여부:MISSING_OP_PROFIT,SOURCE_DATA_GAP,FINANCIAL_VALUATION_CACHE,FALSE,MULTI_BLOCKER_SOURCE_LANE,재무·수익성 cache 입력 보강 필요
001067,JW중외제약2우B,KOSPI,false,UNAVAILABLE,20,영업이익률:MISSING_MARGIN,SOURCE_DATA_GAP,FINANCIAL_VALUATION_CACHE,FALSE,MULTI_BLOCKER_SOURCE_LANE,재무·수익성 cache 입력 보강 필요
001067,JW중외제약2우B,KOSPI,false,UNAVAILABLE,20,영업현금흐름:MISSING_OCF_MARGIN_INPUT,SOURCE_DATA_GAP,OCF_AND_REVENUE_SOURCE,FALSE,MULTI_BLOCKER_SOURCE_LANE,영업현금흐름 또는 연간 매출 입력 보강 필요
001067,JW중외제약2우B,KOSPI,false,UNAVAILABLE,20,최근 3년 매출 성장률:MISSING_3Y_REVENUE,SOURCE_DATA_GAP,INVESTMENT_SCORE_SOURCE_CACHE,FALSE,MULTI_BLOCKER_SOURCE_LANE,연간/분기 재무 raw source 보강 필요
001067,JW중외제약2우B,KOSPI,false,UNAVAILABLE,20,최근 3년 영업이익 성장률:MISSING_3Y_OP,SOURCE_DATA_GAP,INVESTMENT_SCORE_SOURCE_CACHE,FALSE,MULTI_BLOCKER_SOURCE_LANE,연간/분기 재무 raw source 보강 필요
001067,JW중외제약2우B,KOSPI,false,UNAVAILABLE,20,최근 분기 실적 가속·둔화:MISSING_ACCEL_INPUT,SOURCE_DATA_GAP,INVESTMENT_SCORE_SOURCE_CACHE,FALSE,MULTI_BLOCKER_SOURCE_LANE,연간/분기 재무 raw source 보강 필요
001067,JW중외제약2우B,KOSPI,false,UNAVAILABLE,20,하루평균 절대등락률:MISSING_ELASTICITY,SOURCE_DATA_GAP,PRICE_ELASTICITY_20D,FALSE,MULTI_BLOCKER_SOURCE_LANE,20거래일 가격탄력 source 보강 필요
001067,JW중외제약2우B,KOSPI,false,UNAVAILABLE,20,흑자 지속성과 이익 안정성:MISSING_EARNINGS_TREND,SOURCE_DATA_GAP,FINANCIAL_VALUATION_CACHE,FALSE,MULTI_BLOCKER_SOURCE_LANE,재무·수익성 cache 입력 보강 필요
001525,동양우,KOSPI,false,UNAVAILABLE,20,EV/EBITDA:EV_EBITDA_INPUT:NO_EXACT_CANDIDATE:NO_EXACT_CANDIDATE,SOURCE_DATA_GAP,EXACT_DA_SOURCE,FALSE,MULTI_BLOCKER_SOURCE_LANE,"승인 exact D&A 원천 부족; debt_status=NO_EXACT_CANDIDATE, da_status=NO_EXACT_CANDIDATE"
001525,동양우,KOSPI,false,UNAVAILABLE,20,PBR:MISSING_PBR_OR_ROE,SOURCE_DATA_GAP,FINANCIAL_VALUATION_CACHE,FALSE,MULTI_BLOCKER_SOURCE_LANE,밸류에이션 또는 관련 이익·ROE 입력 보강 필요
001525,동양우,KOSPI,false,UNAVAILABLE,20,PER:MISSING_PER,SOURCE_DATA_GAP,FINANCIAL_VALUATION_CACHE,FALSE,MULTI_BLOCKER_SOURCE_LANE,밸류에이션 또는 관련 이익·ROE 입력 보강 필요
001525,동양우,KOSPI,false,UNAVAILABLE,20,PSR 또는 대체 가치지표:MISSING_PSR_INPUT,SOURCE_DATA_GAP,FINANCIAL_AND_RAW_SOURCE,FALSE,MULTI_BLOCKER_SOURCE_LANE,시가총액 또는 연간 매출 입력 보강 필요
001525,동양우,KOSPI,false,UNAVAILABLE,20,ROE:MISSING_ROE,SOURCE_DATA_GAP,FINANCIAL_VALUATION_CACHE,FALSE,MULTI_BLOCKER_SOURCE_LANE,재무·수익성 cache 입력 보강 필요
001525,동양우,KOSPI,false,UNAVAILABLE,20,과열·급락 위험:MISSING_RISK_INPUT,SOURCE_DATA_GAP,PRODUCTION_PRICE_METRICS,FALSE,MULTI_BLOCKER_SOURCE_LANE,가격·스윙·ATR·거래활동 metric 보강 필요
001525,동양우,KOSPI,false,UNAVAILABLE,20,기간 저가·고가 대비 현재위치:MISSING_POSITION,SOURCE_DATA_GAP,PRODUCTION_PRICE_METRICS,FALSE,MULTI_BLOCKER_SOURCE_LANE,가격·스윙·ATR·거래활동 metric 보강 필요
001525,동양우,KOSPI,false,UNAVAILABLE,20,매출 성장과 안정성:MISSING_REVENUE_GROWTH_INPUT,SOURCE_DATA_GAP,INVESTMENT_SCORE_SOURCE_CACHE,FALSE,MULTI_BLOCKER_SOURCE_LANE,연간/분기 재무 raw source 보강 필요
001525,동양우,KOSPI,false,UNAVAILABLE,20,부채비율:MISSING_DEBT_RATIO,SOURCE_DATA_GAP,FINANCIAL_VALUATION_CACHE,FALSE,MULTI_BLOCKER_SOURCE_LANE,재무·수익성 cache 입력 보강 필요
001525,동양우,KOSPI,false,UNAVAILABLE,20,수급·공시부담:SUPPLY_LIMITED_NO_POSITIVE_EVIDENCE,SOURCE_EVIDENCE_GAP,PRODUCTION_ANALYSIS_SUPPLY,FALSE,MULTI_BLOCKER_SOURCE_LANE,공시·수급 없음 판정을 확정할 만큼 source completeness가 부족함
001525,동양우,KOSPI,false,UNAVAILABLE,20,순이익 흐름:MISSING_EARNINGS_TREND,SOURCE_DATA_GAP,FINANCIAL_VALUATION_CACHE,FALSE,MULTI_BLOCKER_SOURCE_LANE,재무·수익성 cache 입력 보강 필요
001525,동양우,KOSPI,false,UNAVAILABLE,20,순현금·기업가치 상태:NETCASH_INPUT:NO_EXACT_CANDIDATE,SOURCE_DATA_GAP,NETCASH_INPUT,FALSE,MULTI_BLOCKER_SOURCE_LANE,시가총액·현금·승인 core debt 원천 보강 필요
001525,동양우,KOSPI,false,UNAVAILABLE,20,영업이익 성장과 흑자 여부:MISSING_OP_PROFIT,SOURCE_DATA_GAP,FINANCIAL_VALUATION_CACHE,FALSE,MULTI_BLOCKER_SOURCE_LANE,재무·수익성 cache 입력 보강 필요
001525,동양우,KOSPI,false,UNAVAILABLE,20,영업이익률:MISSING_MARGIN,SOURCE_DATA_GAP,FINANCIAL_VALUATION_CACHE,FALSE,MULTI_BLOCKER_SOURCE_LANE,재무·수익성 cache 입력 보강 필요
001525,동양우,KOSPI,false,UNAVAILABLE,20,영업현금흐름:MISSING_OCF_MARGIN_INPUT,SOURCE_DATA_GAP,OCF_AND_REVENUE_SOURCE,FALSE,MULTI_BLOCKER_SOURCE_LANE,영업현금흐름 또는 연간 매출 입력 보강 필요
001525,동양우,KOSPI,false,UNAVAILABLE,20,최근 3년 매출 성장률:MISSING_3Y_REVENUE,SOURCE_DATA_GAP,INVESTMENT_SCORE_SOURCE_CACHE,FALSE,MULTI_BLOCKER_SOURCE_LANE,연간/분기 재무 raw source 보강 필요
001525,동양우,KOSPI,false,UNAVAILABLE,20,최근 3년 영업이익 성장률:MISSING_3Y_OP,SOURCE_DATA_GAP,INVESTMENT_SCORE_SOURCE_CACHE,FALSE,MULTI_BLOCKER_SOURCE_LANE,연간/분기 재무 raw source 보강 필요
001525,동양우,KOSPI,false,UNAVAILABLE,20,최근 분기 실적 가속·둔화:MISSING_ACCEL_INPUT,SOURCE_DATA_GAP,INVESTMENT_SCORE_SOURCE_CACHE,FALSE,MULTI_BLOCKER_SOURCE_LANE,연간/분기 재무 raw source 보강 필요
001525,동양우,KOSPI,false,UNAVAILABLE,20,하루평균 절대등락률:MISSING_ELASTICITY,SOURCE_DATA_GAP,PRICE_ELASTICITY_20D,FALSE,MULTI_BLOCKER_SOURCE_LANE,20거래일 가격탄력 source 보강 필요
001525,동양우,KOSPI,false,UNAVAILABLE,20,흑자 지속성과 이익 안정성:MISSING_EARNINGS_TREND,SOURCE_DATA_GAP,FINANCIAL_VALUATION_CACHE,FALSE,MULTI_BLOCKER_SOURCE_LANE,재무·수익성 cache 입력 보강 필요
004415,서울식품우,KOSPI,false,UNAVAILABLE,20,EV/EBITDA:EV_EBITDA_INPUT:NO_EXACT_CANDIDATE:NO_EXACT_CANDIDATE,SOURCE_DATA_GAP,EXACT_DA_SOURCE,FALSE,MULTI_BLOCKER_SOURCE_LANE,"승인 exact D&A 원천 부족; debt_status=NO_EXACT_CANDIDATE, da_status=NO_EXACT_CANDIDATE"
004415,서울식품우,KOSPI,false,UNAVAILABLE,20,PBR:MISSING_PBR_OR_ROE,SOURCE_DATA_GAP,FINANCIAL_VALUATION_CACHE,FALSE,MULTI_BLOCKER_SOURCE_LANE,밸류에이션 또는 관련 이익·ROE 입력 보강 필요
004415,서울식품우,KOSPI,false,UNAVAILABLE,20,PER:MISSING_PER,SOURCE_DATA_GAP,FINANCIAL_VALUATION_CACHE,FALSE,MULTI_BLOCKER_SOURCE_LANE,밸류에이션 또는 관련 이익·ROE 입력 보강 필요
004415,서울식품우,KOSPI,false,UNAVAILABLE,20,PSR 또는 대체 가치지표:MISSING_PSR_INPUT,SOURCE_DATA_GAP,FINANCIAL_AND_RAW_SOURCE,FALSE,MULTI_BLOCKER_SOURCE_LANE,시가총액 또는 연간 매출 입력 보강 필요
004415,서울식품우,KOSPI,false,UNAVAILABLE,20,ROE:MISSING_ROE,SOURCE_DATA_GAP,FINANCIAL_VALUATION_CACHE,FALSE,MULTI_BLOCKER_SOURCE_LANE,재무·수익성 cache 입력 보강 필요
004415,서울식품우,KOSPI,false,UNAVAILABLE,20,과열·급락 위험:MISSING_RISK_INPUT,SOURCE_DATA_GAP,PRODUCTION_PRICE_METRICS,FALSE,MULTI_BLOCKER_SOURCE_LANE,가격·스윙·ATR·거래활동 metric 보강 필요
004415,서울식품우,KOSPI,false,UNAVAILABLE,20,기간 저가·고가 대비 현재위치:MISSING_POSITION,SOURCE_DATA_GAP,PRODUCTION_PRICE_METRICS,FALSE,MULTI_BLOCKER_SOURCE_LANE,가격·스윙·ATR·거래활동 metric 보강 필요
004415,서울식품우,KOSPI,false,UNAVAILABLE,20,매출 성장과 안정성:MISSING_REVENUE_GROWTH_INPUT,SOURCE_DATA_GAP,INVESTMENT_SCORE_SOURCE_CACHE,FALSE,MULTI_BLOCKER_SOURCE_LANE,연간/분기 재무 raw source 보강 필요
004415,서울식품우,KOSPI,false,UNAVAILABLE,20,부채비율:MISSING_DEBT_RATIO,SOURCE_DATA_GAP,FINANCIAL_VALUATION_CACHE,FALSE,MULTI_BLOCKER_SOURCE_LANE,재무·수익성 cache 입력 보강 필요
004415,서울식품우,KOSPI,false,UNAVAILABLE,20,수급·공시부담:SUPPLY_LIMITED_NO_POSITIVE_EVIDENCE,SOURCE_EVIDENCE_GAP,PRODUCTION_ANALYSIS_SUPPLY,FALSE,MULTI_BLOCKER_SOURCE_LANE,공시·수급 없음 판정을 확정할 만큼 source completeness가 부족함
004415,서울식품우,KOSPI,false,UNAVAILABLE,20,순이익 흐름:MISSING_EARNINGS_TREND,SOURCE_DATA_GAP,FINANCIAL_VALUATION_CACHE,FALSE,MULTI_BLOCKER_SOURCE_LANE,재무·수익성 cache 입력 보강 필요
004415,서울식품우,KOSPI,false,UNAVAILABLE,20,순현금·기업가치 상태:NETCASH_INPUT:NO_EXACT_CANDIDATE,SOURCE_DATA_GAP,NETCASH_INPUT,FALSE,MULTI_BLOCKER_SOURCE_LANE,시가총액·현금·승인 core debt 원천 보강 필요
004415,서울식품우,KOSPI,false,UNAVAILABLE,20,영업이익 성장과 흑자 여부:MISSING_OP_PROFIT,SOURCE_DATA_GAP,FINANCIAL_VALUATION_CACHE,FALSE,MULTI_BLOCKER_SOURCE_LANE,재무·수익성 cache 입력 보강 필요
004415,서울식품우,KOSPI,false,UNAVAILABLE,20,영업이익률:MISSING_MARGIN,SOURCE_DATA_GAP,FINANCIAL_VALUATION_CACHE,FALSE,MULTI_BLOCKER_SOURCE_LANE,재무·수익성 cache 입력 보강 필요
004415,서울식품우,KOSPI,false,UNAVAILABLE,20,영업현금흐름:MISSING_OCF_MARGIN_INPUT,SOURCE_DATA_GAP,OCF_AND_REVENUE_SOURCE,FALSE,MULTI_BLOCKER_SOURCE_LANE,영업현금흐름 또는 연간 매출 입력 보강 필요
004415,서울식품우,KOSPI,false,UNAVAILABLE,20,최근 3년 매출 성장률:MISSING_3Y_REVENUE,SOURCE_DATA_GAP,INVESTMENT_SCORE_SOURCE_CACHE,FALSE,MULTI_BLOCKER_SOURCE_LANE,연간/분기 재무 raw source 보강 필요
004415,서울식품우,KOSPI,false,UNAVAILABLE,20,최근 3년 영업이익 성장률:MISSING_3Y_OP,SOURCE_DATA_GAP,INVESTMENT_SCORE_SOURCE_CACHE,FALSE,MULTI_BLOCKER_SOURCE_LANE,연간/분기 재무 raw source 보강 필요
004415,서울식품우,KOSPI,false,UNAVAILABLE,20,최근 분기 실적 가속·둔화:MISSING_ACCEL_INPUT,SOURCE_DATA_GAP,INVESTMENT_SCORE_SOURCE_CACHE,FALSE,MULTI_BLOCKER_SOURCE_LANE,연간/분기 재무 raw source 보강 필요
004415,서울식품우,KOSPI,false,UNAVAILABLE,20,하루평균 절대등락률:MISSING_ELASTICITY,SOURCE_DATA_GAP,PRICE_ELASTICITY_20D,FALSE,MULTI_BLOCKER_SOURCE_LANE,20거래일 가격탄력 source 보강 필요
004415,서울식품우,KOSPI,false,UNAVAILABLE,20,흑자 지속성과 이익 안정성:MISSING_EARNINGS_TREND,SOURCE_DATA_GAP,FINANCIAL_VALUATION_CACHE,FALSE,MULTI_BLOCKER_SOURCE_LANE,재무·수익성 cache 입력 보강 필요
011155,CJ씨푸드1우,KOSPI,false,UNAVAILABLE,20,EV/EBITDA:EV_EBITDA_INPUT:NO_EXACT_CANDIDATE:NO_EXACT_CANDIDATE,SOURCE_DATA_GAP,EXACT_DA_SOURCE,FALSE,MULTI_BLOCKER_SOURCE_LANE,"승인 exact D&A 원천 부족; debt_status=NO_EXACT_CANDIDATE, da_status=NO_EXACT_CANDIDATE"
011155,CJ씨푸드1우,KOSPI,false,UNAVAILABLE,20,PBR:MISSING_PBR_OR_ROE,SOURCE_DATA_GAP,FINANCIAL_VALUATION_CACHE,FALSE,MULTI_BLOCKER_SOURCE_LANE,밸류에이션 또는 관련 이익·ROE 입력 보강 필요
011155,CJ씨푸드1우,KOSPI,false,UNAVAILABLE,20,PER:MISSING_PER,SOURCE_DATA_GAP,FINANCIAL_VALUATION_CACHE,FALSE,MULTI_BLOCKER_SOURCE_LANE,밸류에이션 또는 관련 이익·ROE 입력 보강 필요
011155,CJ씨푸드1우,KOSPI,false,UNAVAILABLE,20,PSR 또는 대체 가치지표:MISSING_PSR_INPUT,SOURCE_DATA_GAP,FINANCIAL_AND_RAW_SOURCE,FALSE,MULTI_BLOCKER_SOURCE_LANE,시가총액 또는 연간 매출 입력 보강 필요
011155,CJ씨푸드1우,KOSPI,false,UNAVAILABLE,20,ROE:MISSING_ROE,SOURCE_DATA_GAP,FINANCIAL_VALUATION_CACHE,FALSE,MULTI_BLOCKER_SOURCE_LANE,재무·수익성 cache 입력 보강 필요
011155,CJ씨푸드1우,KOSPI,false,UNAVAILABLE,20,과열·급락 위험:MISSING_RISK_INPUT,SOURCE_DATA_GAP,PRODUCTION_PRICE_METRICS,FALSE,MULTI_BLOCKER_SOURCE_LANE,가격·스윙·ATR·거래활동 metric 보강 필요
011155,CJ씨푸드1우,KOSPI,false,UNAVAILABLE,20,기간 저가·고가 대비 현재위치:MISSING_POSITION,SOURCE_DATA_GAP,PRODUCTION_PRICE_METRICS,FALSE,MULTI_BLOCKER_SOURCE_LANE,가격·스윙·ATR·거래활동 metric 보강 필요
011155,CJ씨푸드1우,KOSPI,false,UNAVAILABLE,20,매출 성장과 안정성:MISSING_REVENUE_GROWTH_INPUT,SOURCE_DATA_GAP,INVESTMENT_SCORE_SOURCE_CACHE,FALSE,MULTI_BLOCKER_SOURCE_LANE,연간/분기 재무 raw source 보강 필요
011155,CJ씨푸드1우,KOSPI,false,UNAVAILABLE,20,부채비율:MISSING_DEBT_RATIO,SOURCE_DATA_GAP,FINANCIAL_VALUATION_CACHE,FALSE,MULTI_BLOCKER_SOURCE_LANE,재무·수익성 cache 입력 보강 필요
011155,CJ씨푸드1우,KOSPI,false,UNAVAILABLE,20,수급·공시부담:SUPPLY_LIMITED_NO_POSITIVE_EVIDENCE,SOURCE_EVIDENCE_GAP,PRODUCTION_ANALYSIS_SUPPLY,FALSE,MULTI_BLOCKER_SOURCE_LANE,공시·수급 없음 판정을 확정할 만큼 source completeness가 부족함
011155,CJ씨푸드1우,KOSPI,false,UNAVAILABLE,20,순이익 흐름:MISSING_EARNINGS_TREND,SOURCE_DATA_GAP,FINANCIAL_VALUATION_CACHE,FALSE,MULTI_BLOCKER_SOURCE_LANE,재무·수익성 cache 입력 보강 필요
011155,CJ씨푸드1우,KOSPI,false,UNAVAILABLE,20,순현금·기업가치 상태:NETCASH_INPUT:NO_EXACT_CANDIDATE,SOURCE_DATA_GAP,NETCASH_INPUT,FALSE,MULTI_BLOCKER_SOURCE_LANE,시가총액·현금·승인 core debt 원천 보강 필요
011155,CJ씨푸드1우,KOSPI,false,UNAVAILABLE,20,영업이익 성장과 흑자 여부:MISSING_OP_PROFIT,SOURCE_DATA_GAP,FINANCIAL_VALUATION_CACHE,FALSE,MULTI_BLOCKER_SOURCE_LANE,재무·수익성 cache 입력 보강 필요
011155,CJ씨푸드1우,KOSPI,false,UNAVAILABLE,20,영업이익률:MISSING_MARGIN,SOURCE_DATA_GAP,FINANCIAL_VALUATION_CACHE,FALSE,MULTI_BLOCKER_SOURCE_LANE,재무·수익성 cache 입력 보강 필요
011155,CJ씨푸드1우,KOSPI,false,UNAVAILABLE,20,영업현금흐름:MISSING_OCF_MARGIN_INPUT,SOURCE_DATA_GAP,OCF_AND_REVENUE_SOURCE,FALSE,MULTI_BLOCKER_SOURCE_LANE,영업현금흐름 또는 연간 매출 입력 보강 필요
011155,CJ씨푸드1우,KOSPI,false,UNAVAILABLE,20,최근 3년 매출 성장률:MISSING_3Y_REVENUE,SOURCE_DATA_GAP,INVESTMENT_SCORE_SOURCE_CACHE,FALSE,MULTI_BLOCKER_SOURCE_LANE,연간/분기 재무 raw source 보강 필요
011155,CJ씨푸드1우,KOSPI,false,UNAVAILABLE,20,최근 3년 영업이익 성장률:MISSING_3Y_OP,SOURCE_DATA_GAP,INVESTMENT_SCORE_SOURCE_CACHE,FALSE,MULTI_BLOCKER_SOURCE_LANE,연간/분기 재무 raw source 보강 필요
011155,CJ씨푸드1우,KOSPI,false,UNAVAILABLE,20,최근 분기 실적 가속·둔화:MISSING_ACCEL_INPUT,SOURCE_DATA_GAP,INVESTMENT_SCORE_SOURCE_CACHE,FALSE,MULTI_BLOCKER_SOURCE_LANE,연간/분기 재무 raw source 보강 필요
011155,CJ씨푸드1우,KOSPI,false,UNAVAILABLE,20,하루평균 절대등락률:MISSING_ELASTICITY,SOURCE_DATA_GAP,PRICE_ELASTICITY_20D,FALSE,MULTI_BLOCKER_SOURCE_LANE,20거래일 가격탄력 source 보강 필요
011155,CJ씨푸드1우,KOSPI,false,UNAVAILABLE,20,흑자 지속성과 이익 안정성:MISSING_EARNINGS_TREND,SOURCE_DATA_GAP,FINANCIAL_VALUATION_CACHE,FALSE,MULTI_BLOCKER_SOURCE_LANE,재무·수익성 cache 입력 보강 필요
015260,에이엔피,KOSPI,false,UNAVAILABLE,20,EV/EBITDA:EV_EBITDA_INPUT:NO_EXACT_CANDIDATE:NO_EXACT_CANDIDATE,SOURCE_DATA_GAP,EXACT_DA_SOURCE,FALSE,MULTI_BLOCKER_SOURCE_LANE,"승인 exact D&A 원천 부족; debt_status=NO_EXACT_CANDIDATE, da_status=NO_EXACT_CANDIDATE"
015260,에이엔피,KOSPI,false,UNAVAILABLE,20,PBR:MISSING_PBR_OR_ROE,SOURCE_DATA_GAP,FINANCIAL_VALUATION_CACHE,FALSE,MULTI_BLOCKER_SOURCE_LANE,밸류에이션 또는 관련 이익·ROE 입력 보강 필요
015260,에이엔피,KOSPI,false,UNAVAILABLE,20,PER:MISSING_PER,SOURCE_DATA_GAP,FINANCIAL_VALUATION_CACHE,FALSE,MULTI_BLOCKER_SOURCE_LANE,밸류에이션 또는 관련 이익·ROE 입력 보강 필요
015260,에이엔피,KOSPI,false,UNAVAILABLE,20,PSR 또는 대체 가치지표:MISSING_PSR_INPUT,SOURCE_DATA_GAP,FINANCIAL_AND_RAW_SOURCE,FALSE,MULTI_BLOCKER_SOURCE_LANE,시가총액 또는 연간 매출 입력 보강 필요
015260,에이엔피,KOSPI,false,UNAVAILABLE,20,ROE:MISSING_ROE,SOURCE_DATA_GAP,FINANCIAL_VALUATION_CACHE,FALSE,MULTI_BLOCKER_SOURCE_LANE,재무·수익성 cache 입력 보강 필요
015260,에이엔피,KOSPI,false,UNAVAILABLE,20,과열·급락 위험:MISSING_RISK_INPUT,SOURCE_DATA_GAP,PRODUCTION_PRICE_METRICS,FALSE,MULTI_BLOCKER_SOURCE_LANE,가격·스윙·ATR·거래활동 metric 보강 필요
015260,에이엔피,KOSPI,false,UNAVAILABLE,20,기간 저가·고가 대비 현재위치:MISSING_POSITION,SOURCE_DATA_GAP,PRODUCTION_PRICE_METRICS,FALSE,MULTI_BLOCKER_SOURCE_LANE,가격·스윙·ATR·거래활동 metric 보강 필요
015260,에이엔피,KOSPI,false,UNAVAILABLE,20,매출 성장과 안정성:MISSING_REVENUE_GROWTH_INPUT,SOURCE_DATA_GAP,INVESTMENT_SCORE_SOURCE_CACHE,FALSE,MULTI_BLOCKER_SOURCE_LANE,연간/분기 재무 raw source 보강 필요
015260,에이엔피,KOSPI,false,UNAVAILABLE,20,부채비율:MISSING_DEBT_RATIO,SOURCE_DATA_GAP,FINANCIAL_VALUATION_CACHE,FALSE,MULTI_BLOCKER_SOURCE_LANE,재무·수익성 cache 입력 보강 필요
015260,에이엔피,KOSPI,false,UNAVAILABLE,20,수급·공시부담:SUPPLY_LIMITED_NO_POSITIVE_EVIDENCE,SOURCE_EVIDENCE_GAP,PRODUCTION_ANALYSIS_SUPPLY,FALSE,MULTI_BLOCKER_SOURCE_LANE,공시·수급 없음 판정을 확정할 만큼 source completeness가 부족함
015260,에이엔피,KOSPI,false,UNAVAILABLE,20,순이익 흐름:MISSING_EARNINGS_TREND,SOURCE_DATA_GAP,FINANCIAL_VALUATION_CACHE,FALSE,MULTI_BLOCKER_SOURCE_LANE,재무·수익성 cache 입력 보강 필요
015260,에이엔피,KOSPI,false,UNAVAILABLE,20,순현금·기업가치 상태:NETCASH_INPUT:NO_EXACT_CANDIDATE,SOURCE_DATA_GAP,NETCASH_INPUT,FALSE,MULTI_BLOCKER_SOURCE_LANE,시가총액·현금·승인 core debt 원천 보강 필요
015260,에이엔피,KOSPI,false,UNAVAILABLE,20,영업이익 성장과 흑자 여부:MISSING_OP_PROFIT,SOURCE_DATA_GAP,FINANCIAL_VALUATION_CACHE,FALSE,MULTI_BLOCKER_SOURCE_LANE,재무·수익성 cache 입력 보강 필요
015260,에이엔피,KOSPI,false,UNAVAILABLE,20,영업이익률:MISSING_MARGIN,SOURCE_DATA_GAP,FINANCIAL_VALUATION_CACHE,FALSE,MULTI_BLOCKER_SOURCE_LANE,재무·수익성 cache 입력 보강 필요
015260,에이엔피,KOSPI,false,UNAVAILABLE,20,영업현금흐름:MISSING_OCF_MARGIN_INPUT,SOURCE_DATA_GAP,OCF_AND_REVENUE_SOURCE,FALSE,MULTI_BLOCKER_SOURCE_LANE,영업현금흐름 또는 연간 매출 입력 보강 필요
015260,에이엔피,KOSPI,false,UNAVAILABLE,20,최근 3년 매출 성장률:MISSING_3Y_REVENUE,SOURCE_DATA_GAP,INVESTMENT_SCORE_SOURCE_CACHE,FALSE,MULTI_BLOCKER_SOURCE_LANE,연간/분기 재무 raw source 보강 필요
015260,에이엔피,KOSPI,false,UNAVAILABLE,20,최근 3년 영업이익 성장률:MISSING_3Y_OP,SOURCE_DATA_GAP,INVESTMENT_SCORE_SOURCE_CACHE,FALSE,MULTI_BLOCKER_SOURCE_LANE,연간/분기 재무 raw source 보강 필요
015260,에이엔피,KOSPI,false,UNAVAILABLE,20,최근 분기 실적 가속·둔화:MISSING_ACCEL_INPUT,SOURCE_DATA_GAP,INVESTMENT_SCORE_SOURCE_CACHE,FALSE,MULTI_BLOCKER_SOURCE_LANE,연간/분기 재무 raw source 보강 필요
015260,에이엔피,KOSPI,false,UNAVAILABLE,20,하루평균 절대등락률:MISSING_ELASTICITY,SOURCE_DATA_GAP,PRICE_ELASTICITY_20D,FALSE,MULTI_BLOCKER_SOURCE_LANE,20거래일 가격탄력 source 보강 필요
015260,에이엔피,KOSPI,false,UNAVAILABLE,20,흑자 지속성과 이익 안정성:MISSING_EARNINGS_TREND,SOURCE_DATA_GAP,FINANCIAL_VALUATION_CACHE,FALSE,MULTI_BLOCKER_SOURCE_LANE,재무·수익성 cache 입력 보강 필요
465770,STX그린로지스,KOSPI,false,UNAVAILABLE,20,EV/EBITDA:EV_EBITDA_INPUT:NO_EXACT_CANDIDATE:NO_EXACT_CANDIDATE,SOURCE_DATA_GAP,EXACT_DA_SOURCE,FALSE,MULTI_BLOCKER_SOURCE_LANE,"승인 exact D&A 원천 부족; debt_status=NO_EXACT_CANDIDATE, da_status=NO_EXACT_CANDIDATE"
465770,STX그린로지스,KOSPI,false,UNAVAILABLE,20,PBR:MISSING_PBR_OR_ROE,SOURCE_DATA_GAP,FINANCIAL_VALUATION_CACHE,FALSE,MULTI_BLOCKER_SOURCE_LANE,밸류에이션 또는 관련 이익·ROE 입력 보강 필요
465770,STX그린로지스,KOSPI,false,UNAVAILABLE,20,PER:MISSING_PER,SOURCE_DATA_GAP,FINANCIAL_VALUATION_CACHE,FALSE,MULTI_BLOCKER_SOURCE_LANE,밸류에이션 또는 관련 이익·ROE 입력 보강 필요
465770,STX그린로지스,KOSPI,false,UNAVAILABLE,20,PSR 또는 대체 가치지표:MISSING_PSR_INPUT,SOURCE_DATA_GAP,FINANCIAL_AND_RAW_SOURCE,FALSE,MULTI_BLOCKER_SOURCE_LANE,시가총액 또는 연간 매출 입력 보강 필요
465770,STX그린로지스,KOSPI,false,UNAVAILABLE,20,ROE:MISSING_ROE,SOURCE_DATA_GAP,FINANCIAL_VALUATION_CACHE,FALSE,MULTI_BLOCKER_SOURCE_LANE,재무·수익성 cache 입력 보강 필요
465770,STX그린로지스,KOSPI,false,UNAVAILABLE,20,과열·급락 위험:MISSING_RISK_INPUT,SOURCE_DATA_GAP,PRODUCTION_PRICE_METRICS,FALSE,MULTI_BLOCKER_SOURCE_LANE,가격·스윙·ATR·거래활동 metric 보강 필요
465770,STX그린로지스,KOSPI,false,UNAVAILABLE,20,기간 저가·고가 대비 현재위치:MISSING_POSITION,SOURCE_DATA_GAP,PRODUCTION_PRICE_METRICS,FALSE,MULTI_BLOCKER_SOURCE_LANE,가격·스윙·ATR·거래활동 metric 보강 필요
465770,STX그린로지스,KOSPI,false,UNAVAILABLE,20,매출 성장과 안정성:MISSING_REVENUE_GROWTH_INPUT,SOURCE_DATA_GAP,INVESTMENT_SCORE_SOURCE_CACHE,FALSE,MULTI_BLOCKER_SOURCE_LANE,연간/분기 재무 raw source 보강 필요
465770,STX그린로지스,KOSPI,false,UNAVAILABLE,20,부채비율:MISSING_DEBT_RATIO,SOURCE_DATA_GAP,FINANCIAL_VALUATION_CACHE,FALSE,MULTI_BLOCKER_SOURCE_LANE,재무·수익성 cache 입력 보강 필요
465770,STX그린로지스,KOSPI,false,UNAVAILABLE,20,수급·공시부담:SUPPLY_LIMITED_NO_POSITIVE_EVIDENCE,SOURCE_EVIDENCE_GAP,PRODUCTION_ANALYSIS_SUPPLY,FALSE,MULTI_BLOCKER_SOURCE_LANE,공시·수급 없음 판정을 확정할 만큼 source completeness가 부족함
465770,STX그린로지스,KOSPI,false,UNAVAILABLE,20,순이익 흐름:MISSING_EARNINGS_TREND,SOURCE_DATA_GAP,FINANCIAL_VALUATION_CACHE,FALSE,MULTI_BLOCKER_SOURCE_LANE,재무·수익성 cache 입력 보강 필요
465770,STX그린로지스,KOSPI,false,UNAVAILABLE,20,순현금·기업가치 상태:NETCASH_INPUT:NO_EXACT_CANDIDATE,SOURCE_DATA_GAP,NETCASH_INPUT,FALSE,MULTI_BLOCKER_SOURCE_LANE,시가총액·현금·승인 core debt 원천 보강 필요
465770,STX그린로지스,KOSPI,false,UNAVAILABLE,20,영업이익 성장과 흑자 여부:MISSING_OP_PROFIT,SOURCE_DATA_GAP,FINANCIAL_VALUATION_CACHE,FALSE,MULTI_BLOCKER_SOURCE_LANE,재무·수익성 cache 입력 보강 필요
465770,STX그린로지스,KOSPI,false,UNAVAILABLE,20,영업이익률:MISSING_MARGIN,SOURCE_DATA_GAP,FINANCIAL_VALUATION_CACHE,FALSE,MULTI_BLOCKER_SOURCE_LANE,재무·수익성 cache 입력 보강 필요
465770,STX그린로지스,KOSPI,false,UNAVAILABLE,20,영업현금흐름:MISSING_OCF_MARGIN_INPUT,SOURCE_DATA_GAP,OCF_AND_REVENUE_SOURCE,FALSE,MULTI_BLOCKER_SOURCE_LANE,영업현금흐름 또는 연간 매출 입력 보강 필요
465770,STX그린로지스,KOSPI,false,UNAVAILABLE,20,최근 3년 매출 성장률:MISSING_3Y_REVENUE,SOURCE_DATA_GAP,INVESTMENT_SCORE_SOURCE_CACHE,FALSE,MULTI_BLOCKER_SOURCE_LANE,연간/분기 재무 raw source 보강 필요
465770,STX그린로지스,KOSPI,false,UNAVAILABLE,20,최근 3년 영업이익 성장률:MISSING_3Y_OP,SOURCE_DATA_GAP,INVESTMENT_SCORE_SOURCE_CACHE,FALSE,MULTI_BLOCKER_SOURCE_LANE,연간/분기 재무 raw source 보강 필요
465770,STX그린로지스,KOSPI,false,UNAVAILABLE,20,최근 분기 실적 가속·둔화:MISSING_ACCEL_INPUT,SOURCE_DATA_GAP,INVESTMENT_SCORE_SOURCE_CACHE,FALSE,MULTI_BLOCKER_SOURCE_LANE,연간/분기 재무 raw source 보강 필요
465770,STX그린로지스,KOSPI,false,UNAVAILABLE,20,하루평균 절대등락률:MISSING_ELASTICITY,SOURCE_DATA_GAP,PRICE_ELASTICITY_20D,FALSE,MULTI_BLOCKER_SOURCE_LANE,20거래일 가격탄력 source 보강 필요
465770,STX그린로지스,KOSPI,false,UNAVAILABLE,20,흑자 지속성과 이익 안정성:MISSING_EARNINGS_TREND,SOURCE_DATA_GAP,FINANCIAL_VALUATION_CACHE,FALSE,MULTI_BLOCKER_SOURCE_LANE,재무·수익성 cache 입력 보강 필요
