ticker,name,market,corp_code,corp_name,source_contract_version,score_policy_version,source_cache_status,source_cache_reason,financial_basis_at_source,preferred_fs_div,annual_source_year,annual_fs_div,annual_revenue_y0,annual_revenue_y1,annual_revenue_y2,annual_operating_profit_y0,annual_operating_profit_y1,annual_operating_profit_y2,annual_net_income_y0,annual_net_income_y1,annual_net_income_y2,three_year_source_status,quarter_source_status,quarter_current_year,q2_revenue_current,q2_revenue_previous,q2_operating_profit_current,q2_operating_profit_previous,q2_net_income_current,q2_net_income_previous,q2_revenue_yoy_pct,q2_operating_profit_yoy_pct,q2_net_income_yoy_pct,quarter_acceleration_classification,quarter_acceleration_policy_status,deep_source_year,deep_fs_div,deep_source_status,cash_and_cash_equivalents,core_debt_candidates_json,lease_liability_candidates_json,other_financial_liability_candidates_json,depreciation_amortization_candidates_json,net_cash_value,net_cash_policy_status,ev_ebitda_value,ev_ebitda_source_status,investment_score_100,investment_score_status,score_threshold_policy_status,fetched_at_kst
007390,네이처셀,KOSDAQ,00117276,네이처셀,2026-09-16-v8.11.7-five-financial-cis-interest-revenue-contract,2026-07-01-v6.0-score-policy,READY_RAW_SOURCE,,2026 반기보고서,CFS,2025,CFS,20734613571.0,32333908156.0,19350887029.0,-3646243657.0,597518893.0,-10272984987.0,-2838308819.0,1226158108.0,-11680328640.0,READY,READY_Q2_SOURCE,2026,6195914449.0,6404076401.0,-701540409.0,-286822536.0,-637062631.0,-667777259.0,-3.25,-144.59,4.6,,NOT_DEFINED_NO_CLASSIFICATION,2025,CFS,OK,16767416009.0,"[{""account_id"":""-표준계정코드 미사용-"",""account_nm"":""단기차입금"",""amount"":5000000000.0}]","[{""account_id"":""ifrs-full_CurrentLeaseLiabilities"",""account_nm"":""유동 리스부채"",""amount"":975711777.0},{""account_id"":""ifrs-full_NoncurrentLeaseLiabilities"",""account_nm"":""비유동 리스부채"",""amount"":1827274527.0}]","[{""account_id"":""ifrs-full_OtherCurrentFinancialLiabilities"",""account_nm"":""기타유동금융부채"",""amount"":66637779.0},{""account_id"":""ifrs-full_OtherNoncurrentFinancialLiabilities"",""account_nm"":""기타비유동금융부채"",""amount"":160000000.0}]",[],,RAW_CASH_AND_DEBT_CAPTURED_POLICY_REQUIRED,,SOURCE_LIMITED_DA_NOT_VALIDATED,,SOURCE_ONLY_SCORE_NOT_GENERATED,NOT_DEFINED,2026-09-22T22:35:40+09:00
023160,태광,KOSDAQ,00153375,태광,2026-09-16-v8.11.7-five-financial-cis-interest-revenue-contract,2026-07-01-v6.0-score-policy,READY_RAW_SOURCE,,2026 반기보고서,CFS,2025,CFS,296965688227.0,266809991545.0,312067468098.0,38734846446.0,39872964654.0,57724095747.0,65514427414.0,46120905147.0,58128426139.0,READY,READY_Q2_SOURCE,2026,83745574424.0,72315648639.0,7211824467.0,7656783941.0,68945537376.0,13382480386.0,15.81,-5.81,415.19,,NOT_DEFINED_NO_CLASSIFICATION,2025,CFS,OK,35596044294.0,[],"[{""account_id"":""ifrs-full_CurrentLeaseLiabilities"",""account_nm"":""유동 리스부채"",""amount"":1352696624.0},{""account_id"":""ifrs-full_NoncurrentLeaseLiabilities"",""account_nm"":""비유동 리스부채"",""amount"":1903691678.0}]","[{""account_id"":""ifrs-full_OtherCurrentFinancialLiabilities"",""account_nm"":""기타유동금융부채"",""amount"":5678543264.0},{""account_id"":""ifrs-full_OtherNoncurrentFinancialLiabilities"",""account_nm"":""기타비유동금융부채"",""amount"":61800000.0}]",[],,RAW_CASH_AND_DEBT_CAPTURED_POLICY_REQUIRED,,SOURCE_LIMITED_DA_NOT_VALIDATED,,SOURCE_ONLY_SCORE_NOT_GENERATED,NOT_DEFINED,2026-09-22T22:35:40+09:00
025980,아난티,KOSDAQ,00161781,아난티,2026-09-16-v8.11.7-five-financial-cis-interest-revenue-contract,2026-07-01-v6.0-score-policy,READY_RAW_SOURCE,,2026 반기보고서,CFS,2025,CFS,258070776397.0,285159195284.0,897296641579.0,8316490610.0,800283769.0,267047733935.0,-38044863875.0,-32369258163.0,210408476713.0,READY,READY_Q2_SOURCE,2026,55123302632.0,61851976514.0,-5364779875.0,-2504768491.0,-9198407317.0,-29473808814.0,-10.88,-114.18,68.79,,NOT_DEFINED_NO_CLASSIFICATION,2025,CFS,OK,100300596867.0,"[{""account_id"":""-표준계정코드 미사용-"",""account_nm"":""유동성장기부채"",""amount"":47269394794.0},{""account_id"":""ifrs-full_ShorttermBorrowings"",""account_nm"":""단기차입금 및 사채"",""amount"":115500000000.0},{""account_id"":""ifrs-full_LongtermBorrowings"",""account_nm"":""장기차입금"",""amount"":495891642685.0}]","[{""account_id"":""ifrs-full_NoncurrentLeaseLiabilities"",""account_nm"":""리스부채"",""amount"":254141112.0}]",[],[],,RAW_CASH_AND_DEBT_CAPTURED_POLICY_REQUIRED,,SOURCE_LIMITED_DA_NOT_VALIDATED,,SOURCE_ONLY_SCORE_NOT_GENERATED,NOT_DEFINED,2026-09-22T22:35:40+09:00
036930,주성엔지니어링,KOSDAQ,00252135,주성엔지니어링,2026-09-16-v8.11.7-five-financial-cis-interest-revenue-contract,2026-07-01-v6.0-score-policy,READY_RAW_SOURCE,,2026 반기보고서,CFS,2025,CFS,310692584812.0,409393371588.0,284745246660.0,31257811742.0,97196211588.0,28937462812.0,35693416702.0,106814110967.0,34000802285.0,READY,READY_Q2_SOURCE,2026,59881817078.0,78792213478.0,1423232226.0,6575447323.0,5500994210.0,5039630588.0,-24.0,-78.36,9.15,,NOT_DEFINED_NO_CLASSIFICATION,2025,CFS,OK,164383610031.0,"[{""account_id"":""ifrs-full_LongtermBorrowings"",""account_nm"":""비유동차입금(사채 포함)의 비유동성 부분"",""amount"":45000000000.0}]","[{""account_id"":""ifrs-full_CurrentLeaseLiabilities"",""account_nm"":""유동 리스부채"",""amount"":632280845.0},{""account_id"":""ifrs-full_NoncurrentLeaseLiabilities"",""account_nm"":""비유동 리스부채"",""amount"":4217248190.0}]","[{""account_id"":""ifrs-full_OtherCurrentFinancialLiabilities"",""account_nm"":""기타유동금융부채"",""amount"":5317808549.0},{""account_id"":""ifrs-full_OtherNoncurrentFinancialLiabilities"",""account_nm"":""기타비유동금융부채"",""amount"":100024607196.0}]","[{""account_id"":""ifrs-full_AdjustmentsForAmortisationExpense"",""account_nm"":""무형자산상각비에 대한 조정"",""amount"":1374697247.0},{""account_id"":""ifrs-full_AdjustmentsForDepreciationExpense"",""account_nm"":""감가상각비에 대한 조정"",""amount"":16840951744.0}]",,RAW_CASH_AND_DEBT_CAPTURED_POLICY_REQUIRED,,SOURCE_LIMITED_DA_NOT_VALIDATED,,SOURCE_ONLY_SCORE_NOT_GENERATED,NOT_DEFINED,2026-09-22T22:35:40+09:00
041510,에스엠,KOSDAQ,00260930,에스엠,2026-09-16-v8.11.7-five-financial-cis-interest-revenue-contract,2026-07-01-v6.0-score-policy,READY_RAW_SOURCE,,2026 반기보고서,CFS,2025,CFS,1174934814159.0,989725343114.0,961069716545.0,183033876467.0,87296655446.0,113463014394.0,359364113602.0,818849820.0,82683480181.0,READY,READY_Q2_SOURCE,2026,349640523616.0,302914439760.0,52856215191.0,47610585554.0,29162775105.0,30878185080.0,15.43,11.02,-5.56,,NOT_DEFINED_NO_CLASSIFICATION,2025,CFS,OK,364611980599.0,"[{""account_id"":""ifrs-full_CurrentLoansReceivedAndCurrentPortionOfNoncurrentLoansReceived"",""account_nm"":""단기차입금"",""amount"":5166699000.0},{""account_id"":""ifrs-full_NoncurrentPortionOfNoncurrentLoansReceived"",""account_nm"":""장기차입금"",""amount"":0.0}]","[{""account_id"":""ifrs-full_CurrentLeaseLiabilities"",""account_nm"":""유동리스부채"",""amount"":21143768532.0},{""account_id"":""ifrs-full_NoncurrentLeaseLiabilities"",""account_nm"":""비유동리스부채"",""amount"":63087971820.0}]","[{""account_id"":""ifrs-full_OtherCurrentFinancialLiabilities"",""account_nm"":""기타금융부채"",""amount"":5981505344.0}]",[],,RAW_CASH_AND_DEBT_CAPTURED_POLICY_REQUIRED,,SOURCE_LIMITED_DA_NOT_VALIDATED,,SOURCE_ONLY_SCORE_NOT_GENERATED,NOT_DEFINED,2026-09-22T22:35:40+09:00
048410,현대바이오,KOSDAQ,00313649,현대바이오,2026-09-16-v8.11.7-five-financial-cis-interest-revenue-contract,2026-07-01-v6.0-score-policy,READY_RAW_SOURCE,,2026 반기보고서,CFS,2025,CFS,3517369223.0,15050025356.0,9481384632.0,-18160910580.0,833791636.0,-9785148630.0,-22128347687.0,-6929528506.0,-14499357710.0,READY,READY_Q2_SOURCE,2026,520398888.0,332908407.0,-5535636078.0,-4818579603.0,-11559025747.0,-4253004912.0,56.32,-14.88,-171.78,,NOT_DEFINED_NO_CLASSIFICATION,2025,CFS,OK,22337858879.0,"[{""account_id"":""ifrs-full_ShorttermBorrowings"",""account_nm"":""단기차입금"",""amount"":0.0}]",[],"[{""account_id"":""ifrs-full_TradeAndOtherCurrentPayables"",""account_nm"":""매입채무 및 기타금융부채"",""amount"":2254757871.0},{""account_id"":""ifrs-full_OtherNoncurrentFinancialLiabilities"",""account_nm"":""기타금융부채"",""amount"":85441899.0}]",[],,RAW_CASH_AND_DEBT_CAPTURED_POLICY_REQUIRED,,SOURCE_LIMITED_DA_NOT_VALIDATED,,SOURCE_ONLY_SCORE_NOT_GENERATED,NOT_DEFINED,2026-09-22T22:35:40+09:00
058470,리노공업,KOSDAQ,00369657,리노공업,2026-09-16-v8.11.7-five-financial-cis-interest-revenue-contract,2026-07-01-v6.0-score-policy,READY_RAW_SOURCE,,2026 반기보고서,OFS,2025,OFS,372534084608.0,278186189427.0,255573034656.0,176997188289.0,124201343872.0,114378400291.0,151960670406.0,113279046428.0,110923015440.0,READY,READY_Q2_SOURCE,2026,143187426964.0,112522064123.0,73513742404.0,53444357551.0,65922968641.0,41110227661.0,27.25,37.55,60.36,,NOT_DEFINED_NO_CLASSIFICATION,2025,OFS,OK,85202812409.0,[],"[{""account_id"":""ifrs-full_CurrentLeaseLiabilities"",""account_nm"":""리스부채"",""amount"":66744453.0},{""account_id"":""ifrs-full_NoncurrentLeaseLiabilities"",""account_nm"":""리스부채"",""amount"":46631569.0}]",[],[],,RAW_CASH_AND_DEBT_CAPTURED_POLICY_REQUIRED,,SOURCE_LIMITED_DA_NOT_VALIDATED,,SOURCE_ONLY_SCORE_NOT_GENERATED,NOT_DEFINED,2026-09-22T22:35:40+09:00
058610,에스피지,KOSDAQ,00220686,에스피지,2026-09-16-v8.11.7-five-financial-cis-interest-revenue-contract,2026-07-01-v6.0-score-policy,READY_RAW_SOURCE,,2026 반기보고서,CFS,2025,CFS,341670161923.0,388476767485.0,393785730793.0,17939051891.0,12335226942.0,15969877847.0,9133325305.0,13113747075.0,10995238460.0,READY,READY_Q2_SOURCE,2026,88770106736.0,80467181959.0,3996957638.0,3920254141.0,2435275070.0,2408250934.0,10.32,1.96,1.12,,NOT_DEFINED_NO_CLASSIFICATION,2025,CFS,OK,42023986997.0,"[{""account_id"":""ifrs-full_CurrentPortionOfLongtermBorrowings"",""account_nm"":""유동성장기차입금"",""amount"":10000000000.0},{""account_id"":""ifrs-full_ShorttermBorrowings"",""account_nm"":""단기차입금"",""amount"":54058574990.0},{""account_id"":""ifrs-full_LongtermBorrowings"",""account_nm"":""장기차입금"",""amount"":0.0}]","[{""account_id"":""ifrs-full_CurrentLeaseLiabilities"",""account_nm"":""리스부채"",""amount"":1580741585.0},{""account_id"":""ifrs-full_NoncurrentLeaseLiabilities"",""account_nm"":""리스부채"",""amount"":1487107451.0}]",[],"[{""account_id"":""ifrs-full_AdjustmentsForAmortisationExpense"",""account_nm"":""무형자산상각비"",""amount"":21688499.0},{""account_id"":""ifrs-full_AdjustmentsForDepreciationExpense"",""account_nm"":""감가상각비"",""amount"":7367153696.0}]",,RAW_CASH_AND_DEBT_CAPTURED_POLICY_REQUIRED,,SOURCE_LIMITED_DA_NOT_VALIDATED,,SOURCE_ONLY_SCORE_NOT_GENERATED,NOT_DEFINED,2026-09-22T22:35:40+09:00
060370,LS마린솔루션,KOSDAQ,00225742,LS마린솔루션,2026-09-16-v8.11.7-five-financial-cis-interest-revenue-contract,2026-07-01-v6.0-score-policy,READY_RAW_SOURCE,,2026 반기보고서,CFS,2025,CFS,244205074557.0,130279123723.0,70779250390.0,7009301321.0,12392667090.0,13086945968.0,8356327494.0,13203271844.0,11617864038.0,READY,READY_Q2_SOURCE,2026,95440343611.0,66986959531.0,6121569377.0,3416376038.0,6975962359.0,1446729881.0,42.48,79.18,382.19,,NOT_DEFINED_NO_CLASSIFICATION,2025,CFS,OK,73563614656.0,[],"[{""account_id"":""ifrs-full_CurrentLeaseLiabilities"",""account_nm"":""리스부채"",""amount"":702590502.0},{""account_id"":""ifrs-full_NoncurrentLeaseLiabilities"",""account_nm"":""리스부채"",""amount"":1089144693.0}]",[],[],,RAW_CASH_AND_DEBT_CAPTURED_POLICY_REQUIRED,,SOURCE_LIMITED_DA_NOT_VALIDATED,,SOURCE_ONLY_SCORE_NOT_GENERATED,NOT_DEFINED,2026-09-22T22:35:40+09:00
078340,컴투스,KOSDAQ,00476498,컴투스,2026-09-16-v8.11.7-five-financial-cis-interest-revenue-contract,2026-07-01-v6.0-score-policy,READY_RAW_SOURCE,,2026 반기보고서,CFS,2025,CFS,696423825349.0,693943029291.0,739638721494.0,2633918673.0,6128463563.0,-33190425674.0,9363716654.0,-151979459619.0,42091849090.0,READY,READY_Q2_SOURCE,2026,157019618370.0,184819101683.0,7159846249.0,1375090454.0,-3507399962.0,2393348073.0,-15.04,420.68,-246.55,,NOT_DEFINED_NO_CLASSIFICATION,2025,CFS,OK,108935942067.0,"[{""account_id"":""ifrs-full_CurrentPortionOfLongtermBorrowings"",""account_nm"":""유동성장기차입금"",""amount"":71971429474.0},{""account_id"":""ifrs-full_ShorttermBorrowings"",""account_nm"":""단기차입금"",""amount"":202088628300.0},{""account_id"":""ifrs-full_NoncurrentPortionOfNoncurrentBondsIssued"",""account_nm"":""사채"",""amount"":0.0},{""account_id"":""ifrs-full_NoncurrentPortionOfNoncurrentLoansReceived"",""account_nm"":""장기차입금"",""amount"":700000000.0}]",[],[],"[{""account_id"":""ifrs-full_AdjustmentsForAmortisationExpense"",""account_nm"":""무형자산상각비"",""amount"":6621687162.0},{""account_id"":""ifrs-full_AdjustmentsForDepreciationExpense"",""account_nm"":""감가상각비"",""amount"":12476268154.0}]",,RAW_CASH_AND_DEBT_CAPTURED_POLICY_REQUIRED,,SOURCE_LIMITED_DA_NOT_VALIDATED,,SOURCE_ONLY_SCORE_NOT_GENERATED,NOT_DEFINED,2026-09-22T22:35:40+09:00
078600,대주전자재료,KOSDAQ,00177816,대주전자재료,2026-09-16-v8.11.7-five-financial-cis-interest-revenue-contract,2026-07-01-v6.0-score-policy,READY_RAW_SOURCE,,2026 반기보고서,CFS,2025,CFS,254613180231.0,219316249770.0,184988881822.0,20686125141.0,29353571296.0,6208941102.0,20899443380.0,36394010154.0,628120911.0,READY,READY_Q2_SOURCE,2026,100581579532.0,63419925122.0,6783880796.0,5348572754.0,4258311878.0,4329529508.0,58.6,26.84,-1.64,,NOT_DEFINED_NO_CLASSIFICATION,2025,CFS,OK,87095348554.0,"[{""account_id"":""ifrs-full_OtherCurrentBorrowingsAndCurrentPortionOfOtherNoncurrentBorrowings"",""account_nm"":""단기차입금"",""amount"":175574260916.0},{""account_id"":""ifrs-full_NoncurrentPortionOfOtherNoncurrentBorrowings"",""account_nm"":""장기차입금"",""amount"":48799520657.0}]",[],"[{""account_id"":""ifrs-full_OtherCurrentFinancialLiabilities"",""account_nm"":""기타유동금융부채"",""amount"":1176172287.0},{""account_id"":""ifrs-full_OtherNoncurrentFinancialLiabilities"",""account_nm"":""기타비유동금융부채"",""amount"":1516172693.0}]",[],,RAW_CASH_AND_DEBT_CAPTURED_POLICY_REQUIRED,,SOURCE_LIMITED_DA_NOT_VALIDATED,,SOURCE_ONLY_SCORE_NOT_GENERATED,NOT_DEFINED,2026-09-22T22:35:40+09:00
086450,동국제약,KOSDAQ,00114808,동국제약,2026-09-16-v8.11.7-five-financial-cis-interest-revenue-contract,2026-07-01-v6.0-score-policy,READY_RAW_SOURCE,,2026 반기보고서,CFS,2025,CFS,926883701823.0,812166073057.0,730993597323.0,96553506173.0,80419595222.0,66873304070.0,73932783976.0,62336110046.0,48871386212.0,READY,READY_Q2_SOURCE,2026,258896783870.0,233460830713.0,26093798270.0,22141217108.0,17241734196.0,18058134181.0,10.9,17.85,-4.52,,NOT_DEFINED_NO_CLASSIFICATION,2025,CFS,OK,56178706285.0,"[{""account_id"":""-표준계정코드 미사용-"",""account_nm"":""차입금"",""amount"":55385429504.0},{""account_id"":""-표준계정코드 미사용-"",""account_nm"":""차입금"",""amount"":20854185438.0}]",[],"[{""account_id"":""ifrs-full_OtherNoncurrentFinancialLiabilities"",""account_nm"":""기타금융부채"",""amount"":1018862471.0}]",[],,RAW_CASH_AND_DEBT_CAPTURED_POLICY_REQUIRED,,SOURCE_LIMITED_DA_NOT_VALIDATED,,SOURCE_ONLY_SCORE_NOT_GENERATED,NOT_DEFINED,2026-09-22T22:35:40+09:00
100790,미래에셋벤처투자,KOSDAQ,00340096,미래에셋벤처투자,2026-09-16-v8.11.7-five-financial-cis-interest-revenue-contract,2026-07-01-v6.0-score-policy,READY_RAW_SOURCE,,2026 반기보고서,CFS,2025,CFS,239848243971.0,233872469347.0,217046631995.0,35116207413.0,15704108860.0,31925038386.0,30930410145.0,8557020639.0,24538562942.0,READY,READY_Q2_SOURCE,2026,86096545310.0,85874675799.0,22352587043.0,4445598041.0,16370905613.0,5938984414.0,0.26,402.8,175.65,,NOT_DEFINED_NO_CLASSIFICATION,2025,CFS,OK,72457624551.0,[],[],[],"[{""account_id"":""ifrs-full_AdjustmentsForAmortisationExpense"",""account_nm"":""무형자산상각비"",""amount"":null},{""account_id"":""ifrs-full_AdjustmentsForDepreciationExpense"",""account_nm"":""감가상각비"",""amount"":-949463917.0}]",,RAW_CASH_AND_DEBT_CAPTURED_POLICY_REQUIRED,,SOURCE_LIMITED_DA_NOT_VALIDATED,,SOURCE_ONLY_SCORE_NOT_GENERATED,NOT_DEFINED,2026-09-22T22:35:40+09:00
101490,에스앤에스텍,KOSDAQ,00411048,에스앤에스텍,2026-09-16-v8.11.7-five-financial-cis-interest-revenue-contract,2026-07-01-v6.0-score-policy,READY_RAW_SOURCE,,2026 반기보고서,CFS,2025,CFS,243733252593.0,176013891367.0,150320408224.0,50389752346.0,29478688017.0,25039402690.0,58092807910.0,30313647619.0,25854851119.0,READY,READY_Q2_SOURCE,2026,66414654618.0,60713968228.0,13595004251.0,13293171706.0,12743146266.0,10090029110.0,9.39,2.27,26.29,,NOT_DEFINED_NO_CLASSIFICATION,2025,CFS,OK,80010035302.0,"[{""account_id"":""ifrs-full_ShorttermBorrowings"",""account_nm"":""단기차입부채"",""amount"":18026543118.0}]","[{""account_id"":""ifrs-full_CurrentLeaseLiabilities"",""account_nm"":""단기리스부채"",""amount"":333905820.0},{""account_id"":""ifrs-full_NoncurrentLeaseLiabilities"",""account_nm"":""장기리스부채"",""amount"":305605499.0}]","[{""account_id"":""ifrs-full_OtherCurrentFinancialLiabilities"",""account_nm"":""기타유동금융부채"",""amount"":11934000.0}]","[{""account_id"":""dart_AdjustmentsForDepreciationInvestmentProperty"",""account_nm"":""투자부동산상각비"",""amount"":null},{""account_id"":""ifrs-full_AdjustmentsForAmortisationExpense"",""account_nm"":""무형자산상각비"",""amount"":478738931.0},{""account_id"":""ifrs-full_AdjustmentsForDepreciationExpense"",""account_nm"":""감가상각비"",""amount"":14368450488.0}]",,RAW_CASH_AND_DEBT_CAPTURED_POLICY_REQUIRED,,SOURCE_LIMITED_DA_NOT_VALIDATED,,SOURCE_ONLY_SCORE_NOT_GENERATED,NOT_DEFINED,2026-09-22T22:35:40+09:00
122870,와이지엔터테인먼트,KOSDAQ,00613318,와이지엔터테인먼트,2026-09-16-v8.11.7-five-financial-cis-interest-revenue-contract,2026-07-01-v6.0-score-policy,READY_RAW_SOURCE,,2026 반기보고서,CFS,2025,CFS,545404261988.0,364948984163.0,569195078742.0,71341515441.0,-20558087283.0,86932081062.0,53744637813.0,20029618338.0,76984258248.0,READY,READY_Q2_SOURCE,2026,127759713220.0,100410739470.0,10968333710.0,8359636043.0,7544528636.0,11219863973.0,27.24,31.21,-32.76,,NOT_DEFINED_NO_CLASSIFICATION,2025,CFS,OK,168219905571.0,"[{""account_id"":""ifrs-full_NoncurrentPortionOfNoncurrentLoansReceived"",""account_nm"":""장기차입부채"",""amount"":6139477421.0}]","[{""account_id"":""ifrs-full_CurrentLeaseLiabilities"",""account_nm"":""단기리스부채"",""amount"":4805218340.0},{""account_id"":""ifrs-full_NoncurrentLeaseLiabilities"",""account_nm"":""장기리스부채"",""amount"":1011880330.0}]","[{""account_id"":""ifrs-full_TradeAndOtherCurrentPayables"",""account_nm"":""매입채무및기타금융부채"",""amount"":117487177402.0},{""account_id"":""ifrs-full_OtherNoncurrentFinancialLiabilities"",""account_nm"":""기타비유동금융부채"",""amount"":6396402498.0}]",[],,RAW_CASH_AND_DEBT_CAPTURED_POLICY_REQUIRED,,SOURCE_LIMITED_DA_NOT_VALIDATED,,SOURCE_ONLY_SCORE_NOT_GENERATED,NOT_DEFINED,2026-09-22T22:35:40+09:00
166090,하나머티리얼즈,KOSDAQ,00660750,하나머티리얼즈,2026-09-16-v8.11.7-five-financial-cis-interest-revenue-contract,2026-07-01-v6.0-score-policy,READY_RAW_SOURCE,,2026 반기보고서,CFS,2025,CFS,273481969679.0,251646191336.0,233576716299.0,50081056398.0,43411736320.0,41282810386.0,38375641020.0,31756594796.0,34193789438.0,READY,READY_Q2_SOURCE,2026,90087346644.0,64090378835.0,26015940780.0,8499384039.0,19753577008.0,5444333708.0,40.56,206.09,262.83,,NOT_DEFINED_NO_CLASSIFICATION,2025,CFS,OK,39497059469.0,"[{""account_id"":""ifrs-full_CurrentPortionOfLongtermBorrowings"",""account_nm"":""비유동차입금(사채 포함)의 유동성 대체 부분"",""amount"":23701800000.0},{""account_id"":""ifrs-full_ShorttermBorrowings"",""account_nm"":""유동 차입금(사채 포함)"",""amount"":47000000000.0},{""account_id"":""ifrs-full_LongtermBorrowings"",""account_nm"":""비유동차입금(사채 포함)의 비유동성 부분"",""amount"":64287100000.0}]","[{""account_id"":""ifrs-full_CurrentLeaseLiabilities"",""account_nm"":""유동 리스부채"",""amount"":596487796.0},{""account_id"":""ifrs-full_NoncurrentLeaseLiabilities"",""account_nm"":""비유동 리스부채"",""amount"":790325410.0}]","[{""account_id"":""ifrs-full_OtherCurrentFinancialLiabilities"",""account_nm"":""기타유동금융부채"",""amount"":29863925579.0},{""account_id"":""ifrs-full_OtherNoncurrentFinancialLiabilities"",""account_nm"":""기타비유동금융부채"",""amount"":8361553766.0}]",[],,RAW_CASH_AND_DEBT_CAPTURED_POLICY_REQUIRED,,SOURCE_LIMITED_DA_NOT_VALIDATED,,SOURCE_ONLY_SCORE_NOT_GENERATED,NOT_DEFINED,2026-09-22T22:35:40+09:00
214450,파마리서치,KOSDAQ,00970453,파마리서치,2026-09-16-v8.11.7-five-financial-cis-interest-revenue-contract,2026-07-01-v6.0-score-policy,READY_RAW_SOURCE,,2026 반기보고서,CFS,2025,CFS,536289118812.0,350115068641.0,261010910564.0,214395758571.0,126050757121.0,92257786628.0,168255434874.0,88943035620.0,77264652455.0,READY,READY_Q2_SOURCE,2026,178704799285.0,140607447466.0,66469662181.0,55877690378.0,56228701360.0,42044835186.0,27.09,18.96,33.74,,NOT_DEFINED_NO_CLASSIFICATION,2025,CFS,OK,175663243434.0,"[{""account_id"":""-표준계정코드 미사용-"",""account_nm"":""단기차입금"",""amount"":0.0},{""account_id"":""ifrs-full_NoncurrentPortionOfNoncurrentLoansReceived"",""account_nm"":""장기차입금"",""amount"":434318200.0}]","[{""account_id"":""ifrs-full_CurrentLeaseLiabilities"",""account_nm"":""유동리스부채"",""amount"":1624628700.0},{""account_id"":""ifrs-full_NoncurrentLeaseLiabilities"",""account_nm"":""비유동리스부채"",""amount"":425546126.0}]",[],[],,RAW_CASH_AND_DEBT_CAPTURED_POLICY_REQUIRED,,SOURCE_LIMITED_DA_NOT_VALIDATED,,SOURCE_ONLY_SCORE_NOT_GENERATED,NOT_DEFINED,2026-09-22T22:35:40+09:00
263750,펄어비스,KOSDAQ,01152470,펄어비스,2026-09-16-v8.11.7-five-financial-cis-interest-revenue-contract,2026-07-01-v6.0-score-policy,READY_RAW_SOURCE,,2026 반기보고서,CFS,2025,CFS,365564943738.0,342384719856.0,333484523009.0,-14807541404.0,-12292682628.0,-16350059645.0,-8414919237.0,60343569967.0,15206477531.0,READY,READY_Q2_SOURCE,2026,192610521758.0,79561794975.0,67625499269.0,-11778547886.0,99542325760.0,-22700189087.0,142.09,674.14,538.51,,NOT_DEFINED_NO_CLASSIFICATION,2025,CFS,OK,133874628885.0,"[{""account_id"":""dart_CurrentPortionOfBonds"",""account_nm"":""유동성사채"",""amount"":0.0},{""account_id"":""ifrs-full_CurrentPortionOfLongtermBorrowings"",""account_nm"":""유동성장기차입부채"",""amount"":0.0},{""account_id"":""ifrs-full_ShorttermBorrowings"",""account_nm"":""단기차입부채"",""amount"":0.0},{""account_id"":""ifrs-full_LongtermBorrowings"",""account_nm"":""장기차입부채"",""amount"":56200000000.0},{""account_id"":""ifrs-full_NoncurrentPortionOfNoncurrentBondsIssued"",""account_nm"":""사채"",""amount"":0.0}]","[{""account_id"":""ifrs-full_CurrentLeaseLiabilities"",""account_nm"":""유동성리스부채"",""amount"":5204730750.0},{""account_id"":""ifrs-full_NoncurrentLeaseLiabilities"",""account_nm"":""비유동리스부채"",""amount"":13323877549.0}]",[],"[{""account_id"":""dart_AdjustmentsForDepreciationInvestmentProperty"",""account_nm"":""투자부동산상각비"",""amount"":51633400.0},{""account_id"":""ifrs-full_AdjustmentsForAmortisationExpense"",""account_nm"":""무형자산상각비"",""amount"":9559765899.0},{""account_id"":""ifrs-full_AdjustmentsForDepreciationExpense"",""account_nm"":""감가상각비"",""amount"":14530856379.0}]",,RAW_CASH_AND_DEBT_CAPTURED_POLICY_REQUIRED,,SOURCE_LIMITED_DA_NOT_VALIDATED,,SOURCE_ONLY_SCORE_NOT_GENERATED,NOT_DEFINED,2026-09-22T22:35:40+09:00
317330,덕산테코피아,KOSDAQ,01021666,덕산테코피아,2026-09-16-v8.11.7-five-financial-cis-interest-revenue-contract,2026-07-01-v6.0-score-policy,READY_RAW_SOURCE,,2026 반기보고서,CFS,2025,CFS,112078954483.0,99694431512.0,94076712274.0,-43026410473.0,-30219465064.0,-6225474421.0,-105550462258.0,-72579149118.0,-19273669673.0,READY,READY_Q2_SOURCE,2026,42181814089.0,28966831580.0,-10561938963.0,-8714319572.0,-18128395904.0,-7807731839.0,45.62,-21.2,-132.19,,NOT_DEFINED_NO_CLASSIFICATION,2025,CFS,OK,40032618067.0,"[{""account_id"":""ifrs-full_NoncurrentPortionOfNoncurrentLoansReceived"",""account_nm"":""비유동 금융기관 차입금(사채 제외)의 비유동성 대체 부분"",""amount"":73198840000.0}]",[],[],[],,RAW_CASH_AND_DEBT_CAPTURED_POLICY_REQUIRED,,SOURCE_LIMITED_DA_NOT_VALIDATED,,SOURCE_ONLY_SCORE_NOT_GENERATED,NOT_DEFINED,2026-09-22T22:35:40+09:00
417200,LS머트리얼즈,KOSDAQ,01528141,LS머트리얼즈,2026-09-16-v8.11.7-five-financial-cis-interest-revenue-contract,2026-07-01-v6.0-score-policy,READY_RAW_SOURCE,,2026 반기보고서,CFS,2025,CFS,153582399002.0,142075605799.0,136884683735.0,-141609582.0,6197093266.0,13568106930.0,-1007100491.0,5690646441.0,12224407560.0,READY,READY_Q2_SOURCE,2026,51297766953.0,39193324516.0,532787047.0,38121396.0,-286651686.0,-190552063.0,30.88,1297.61,-50.43,,NOT_DEFINED_NO_CLASSIFICATION,2025,CFS,OK,57427106565.0,"[{""account_id"":""ifrs-full_CurrentPortionOfLongtermBorrowings"",""account_nm"":""유동성장기차입금"",""amount"":0.0},{""account_id"":""ifrs-full_ShorttermBorrowings"",""account_nm"":""단기차입금"",""amount"":12052000000.0},{""account_id"":""ifrs-full_LongtermBorrowings"",""account_nm"":""장기차입금"",""amount"":35000000000.0}]","[{""account_id"":""ifrs-full_CurrentLeaseLiabilities"",""account_nm"":""유동 리스부채"",""amount"":1737596537.0},{""account_id"":""ifrs-full_NoncurrentLeaseLiabilities"",""account_nm"":""비유동 리스부채"",""amount"":664779013.0}]",[],[],,RAW_CASH_AND_DEBT_CAPTURED_POLICY_REQUIRED,,SOURCE_LIMITED_DA_NOT_VALIDATED,,SOURCE_ONLY_SCORE_NOT_GENERATED,NOT_DEFINED,2026-09-22T22:35:40+09:00
439960,코스모로보틱스,KOSDAQ,01802928,코스모로보틱스,2026-09-16-v8.11.7-five-financial-cis-interest-revenue-contract,2026-07-01-v6.0-score-policy,LIMITED_RAW_SOURCE,"3Y_ANNUAL_LIMITED,QUARTER_LIMITED,DEEP_ANNUAL_LIMITED",2026 반기보고서,CFS,2025,,,,,,,,,,,LIMITED,LIMITED,2026,,,,,,,,,,,NOT_DEFINED_NO_CLASSIFICATION,2025,,LIMITED,,[],[],[],[],,SOURCE_LIMITED_POLICY_REQUIRED,,SOURCE_LIMITED_DA_NOT_VALIDATED,,SOURCE_ONLY_SCORE_NOT_GENERATED,NOT_DEFINED,2026-09-22T22:35:40+09:00
476060,온코닉테라퓨틱스,KOSDAQ,01632912,온코닉테라퓨틱스,2026-09-16-v8.11.7-five-financial-cis-interest-revenue-contract,2026-07-01-v6.0-score-policy,LIMITED_RAW_SOURCE,"3Y_ANNUAL_LIMITED,QUARTER_LIMITED",2026 반기보고서,OFS,2025,OFS,,,,12619100519.0,-4797790778.0,2230939387.0,15783991467.0,-8092612266.0,1682463191.0,LIMITED,LIMITED,2026,,,2789195796.0,1112888260.0,3768045438.0,-155739772.0,,150.63,2519.45,,NOT_DEFINED_NO_CLASSIFICATION,2025,OFS,OK,47045956297.0,[],"[{""account_id"":""ifrs-full_CurrentLeaseLiabilities"",""account_nm"":""유동 리스부채"",""amount"":81271156.0},{""account_id"":""ifrs-full_NoncurrentLeaseLiabilities"",""account_nm"":""비유동 리스부채"",""amount"":44530090.0}]","[{""account_id"":""ifrs-full_OtherCurrentFinancialLiabilities"",""account_nm"":""기타유동금융부채"",""amount"":0.0}]",[],,RAW_CASH_AND_DEBT_CAPTURED_POLICY_REQUIRED,,SOURCE_LIMITED_DA_NOT_VALIDATED,,SOURCE_ONLY_SCORE_NOT_GENERATED,NOT_DEFINED,2026-09-22T22:35:40+09:00
000020,동화약품,KOSPI,00119195,동화약품,2026-09-16-v8.11.7-five-financial-cis-interest-revenue-contract,2026-07-01-v6.0-score-policy,READY_RAW_SOURCE,,2026 반기보고서,CFS,2025,CFS,496394309778.0,464874735245.0,361108562008.0,256752681.0,13411192945.0,18775880121.0,3842369985.0,2146096510.0,28237045586.0,READY,READY_Q2_SOURCE,2026,136932529614.0,125024623356.0,10289858450.0,614122813.0,6460857057.0,6133884669.0,9.52,1575.54,5.33,,NOT_DEFINED_NO_CLASSIFICATION,2025,CFS,OK,13305439070.0,"[{""account_id"":""ifrs-full_ShorttermBorrowings"",""account_nm"":""단기차입금"",""amount"":87875480771.0},{""account_id"":""ifrs-full_LongtermBorrowings"",""account_nm"":""장기차입금"",""amount"":14349000000.0}]",[],"[{""account_id"":""ifrs-full_OtherCurrentFinancialLiabilities"",""account_nm"":""기타유동금융부채"",""amount"":4789194542.0},{""account_id"":""ifrs-full_OtherNoncurrentFinancialLiabilities"",""account_nm"":""기타비유동금융부채"",""amount"":2042613300.0}]","[{""account_id"":""ifrs-full_AdjustmentsForAmortisationExpense"",""account_nm"":""무형자산상각비"",""amount"":3788133823.0},{""account_id"":""ifrs-full_AdjustmentsForDepreciationExpense"",""account_nm"":""감가상각비"",""amount"":18177215851.0}]",,RAW_CASH_AND_DEBT_CAPTURED_POLICY_REQUIRED,,SOURCE_LIMITED_DA_NOT_VALIDATED,,SOURCE_ONLY_SCORE_NOT_GENERATED,NOT_DEFINED,2026-09-22T22:35:40+09:00
000050,경방,KOSPI,00101628,경방,2026-09-16-v8.11.7-five-financial-cis-interest-revenue-contract,2026-07-01-v6.0-score-policy,READY_RAW_SOURCE,,2026 반기보고서,CFS,2025,CFS,412475877463.0,397276756397.0,393518958996.0,45993453219.0,33449462550.0,15968826403.0,47379145951.0,23594327570.0,-13452219151.0,READY,READY_Q2_SOURCE,2026,117107557435.0,95102613530.0,11166155600.0,5491798195.0,-2197989994.0,9029356590.0,23.14,103.32,-124.34,,NOT_DEFINED_NO_CLASSIFICATION,2025,CFS,OK,65355314503.0,"[{""account_id"":""ifrs-full_CurrentPortionOfLongtermBorrowings"",""account_nm"":""유동성장기부채"",""amount"":null},{""account_id"":""ifrs-full_ShorttermBorrowings"",""account_nm"":""단기차입금"",""amount"":186681508326.0},{""account_id"":""ifrs-full_LongtermBorrowings"",""account_nm"":""장기차입금"",""amount"":15000000000.0}]",[],[],"[{""account_id"":""dart_AmortisationExpenseSellingGeneralAdministrativeExpenses"",""account_nm"":""무형자산상각비"",""amount"":22447569.0},{""account_id"":""dart_DepreciationExpenseSellingGeneralAdministrativeExpenses"",""account_nm"":""감가상각비"",""amount"":7803605019.0},{""account_id"":""ifrs-full_AdjustmentsForAmortisationExpense"",""account_nm"":""무형자산상각비"",""amount"":162997195.0},{""account_id"":""ifrs-full_AdjustmentsForDepreciationExpense"",""account_nm"":""감가상각비"",""amount"":32490830377.0}]",,RAW_CASH_AND_DEBT_CAPTURED_POLICY_REQUIRED,,SOURCE_LIMITED_DA_NOT_VALIDATED,,SOURCE_ONLY_SCORE_NOT_GENERATED,NOT_DEFINED,2026-09-22T22:35:40+09:00
000080,하이트진로,KOSPI,00150244,하이트진로,2026-09-16-v8.11.7-five-financial-cis-interest-revenue-contract,2026-07-01-v6.0-score-policy,READY_RAW_SOURCE,,2026 반기보고서,CFS,2025,CFS,2498566821284.0,2599183408023.0,2520181551629.0,172338670998.0,208141871425.0,123919983380.0,41117248572.0,95735005249.0,35511119931.0,READY,READY_Q2_SOURCE,2026,618592498752.0,646554290798.0,64937902201.0,64459394712.0,40549320741.0,32918400885.0,-4.32,0.74,23.18,,NOT_DEFINED_NO_CLASSIFICATION,2025,CFS,OK,243639082453.0,"[{""account_id"":""ifrs-full_CurrentBorrowingsAndCurrentPortionOfNoncurrentBorrowings"",""account_nm"":""차입금(유동)"",""amount"":640280576247.0},{""account_id"":""ifrs-full_LongtermBorrowings"",""account_nm"":""차입금(비유동)"",""amount"":316404470400.0}]","[{""account_id"":""ifrs-full_CurrentLeaseLiabilities"",""account_nm"":""리스부채(유동)"",""amount"":18422561967.0},{""account_id"":""ifrs-full_NoncurrentLeaseLiabilities"",""account_nm"":""리스부채(비유동)"",""amount"":76332136906.0}]","[{""account_id"":""ifrs-full_OtherCurrentFinancialLiabilities"",""account_nm"":""기타금융부채(유동)"",""amount"":189237164880.0},{""account_id"":""ifrs-full_OtherNoncurrentFinancialLiabilities"",""account_nm"":""기타금융부채(비유동)"",""amount"":113120590658.0}]","[{""account_id"":""dart_AdjustmentsForDepreciationInvestmentProperty"",""account_nm"":""감가상각비(투자부동산)"",""amount"":1787039807.0},{""account_id"":""dart_AdjustmentsForDepreciationRightofuseAssets"",""account_nm"":""감가상각비(사용권자산)"",""amount"":15833211953.0},{""account_id"":""ifrs-full_AdjustmentsForAmortisationExpense"",""account_nm"":""무형자산상각비"",""amount"":8235825335.0},{""account_id"":""ifrs-full_AdjustmentsForDepreciationExpense"",""account_nm"":""감가상각비(유형자산)"",""amount"":121585234212.0}]",,RAW_CASH_AND_DEBT_CAPTURED_POLICY_REQUIRED,,SOURCE_LIMITED_DA_NOT_VALIDATED,,SOURCE_ONLY_SCORE_NOT_GENERATED,NOT_DEFINED,2026-09-22T22:35:40+09:00
000150,두산,KOSPI,00117212,두산,2026-09-16-v8.11.7-five-financial-cis-interest-revenue-contract,2026-07-01-v6.0-score-policy,READY_RAW_SOURCE,,2026 반기보고서,CFS,2025,CFS,19784138000000.0,18132874000000.0,19130130000000.0,1062715000000.0,1003759000000.0,1436262000000.0,249511000000.0,302227000000.0,272074000000.0,READY,READY_Q2_SOURCE,2026,5557234000000.0,5346439000000.0,489902000000.0,357778000000.0,535612000000.0,233170000000.0,3.94,36.93,129.71,,NOT_DEFINED_NO_CLASSIFICATION,2025,CFS,OK,4927903000000.0,"[{""account_id"":""ifrs-full_ShorttermBorrowings"",""account_nm"":""단기차입금"",""amount"":3985915000000.0},{""account_id"":""ifrs-full_NoncurrentPortionOfNoncurrentBondsIssued"",""account_nm"":""사채"",""amount"":642579000000.0},{""account_id"":""ifrs-full_NoncurrentPortionOfNoncurrentLoansReceived"",""account_nm"":""장기차입금"",""amount"":3006459000000.0}]","[{""account_id"":""ifrs-full_CurrentLeaseLiabilities"",""account_nm"":""유동리스부채"",""amount"":177564000000.0},{""account_id"":""ifrs-full_NoncurrentLeaseLiabilities"",""account_nm"":""비유동리스부채"",""amount"":660305000000.0}]",[],[],,RAW_CASH_AND_DEBT_CAPTURED_POLICY_REQUIRED,,SOURCE_LIMITED_DA_NOT_VALIDATED,,SOURCE_ONLY_SCORE_NOT_GENERATED,NOT_DEFINED,2026-09-22T22:35:40+09:00
000270,기아,KOSPI,00106641,기아,2026-09-16-v8.11.7-five-financial-cis-interest-revenue-contract,2026-07-01-v6.0-score-policy,READY_RAW_SOURCE,,2026 반기보고서,CFS,2025,CFS,114140919000000.0,107448752000000.0,99808420000000.0,9078148000000.0,12667139000000.0,11607873000000.0,7554174000000.0,9775005000000.0,8777817000000.0,READY,READY_Q2_SOURCE,2026,33037055000000.0,29349635000000.0,2628559000000.0,2764766000000.0,2327742000000.0,2268222000000.0,12.56,-4.93,2.62,,NOT_DEFINED_NO_CLASSIFICATION,2025,CFS,OK,13998106000000.0,"[{""account_id"":""dart_CurrentPortionOfBonds"",""account_nm"":""유동성장기부채"",""amount"":1153667000000.0},{""account_id"":""ifrs-full_ShorttermBorrowings"",""account_nm"":""단기차입금"",""amount"":211292000000.0},{""account_id"":""ifrs-full_NoncurrentPortionOfNoncurrentBondsIssued"",""account_nm"":""사채"",""amount"":978970000000.0},{""account_id"":""ifrs-full_NoncurrentPortionOfNoncurrentLoansReceived"",""account_nm"":""장기차입금"",""amount"":0.0}]",[],[],[],,RAW_CASH_AND_DEBT_CAPTURED_POLICY_REQUIRED,,SOURCE_LIMITED_DA_NOT_VALIDATED,,SOURCE_ONLY_SCORE_NOT_GENERATED,NOT_DEFINED,2026-09-22T22:35:40+09:00
000320,노루홀딩스,KOSPI,00113508,노루홀딩스,2026-09-16-v8.11.7-five-financial-cis-interest-revenue-contract,2026-07-01-v6.0-score-policy,READY_RAW_SOURCE,,2026 반기보고서,CFS,2025,CFS,1239267844107.0,1247877697168.0,1214475965811.0,64507992759.0,72554697963.0,67823625279.0,58541894001.0,82067736372.0,51679439985.0,READY,READY_Q2_SOURCE,2026,356230184776.0,348834561219.0,30822069821.0,23624948361.0,27086770436.0,14039373184.0,2.12,30.46,92.93,,NOT_DEFINED_NO_CLASSIFICATION,2025,CFS,OK,189993326515.0,"[{""account_id"":""ifrs-full_CurrentBorrowingsAndCurrentPortionOfNoncurrentBorrowings"",""account_nm"":""유동성차입금"",""amount"":104502509330.0},{""account_id"":""ifrs-full_LongtermBorrowings"",""account_nm"":""장기차입금"",""amount"":36425000000.0}]","[{""account_id"":""ifrs-full_CurrentLeaseLiabilities"",""account_nm"":""유동 리스부채"",""amount"":2847300881.0},{""account_id"":""ifrs-full_NoncurrentLeaseLiabilities"",""account_nm"":""비유동 리스부채"",""amount"":3881275839.0}]",[],[],,RAW_CASH_AND_DEBT_CAPTURED_POLICY_REQUIRED,,SOURCE_LIMITED_DA_NOT_VALIDATED,,SOURCE_ONLY_SCORE_NOT_GENERATED,NOT_DEFINED,2026-09-22T22:35:40+09:00
000490,대동,KOSPI,00109286,대동,2026-09-16-v8.11.7-five-financial-cis-interest-revenue-contract,2026-07-01-v6.0-score-policy,READY_RAW_SOURCE,,2026 반기보고서,CFS,2025,CFS,1484722098136.0,1415582422216.0,1433390777280.0,31224606429.0,18456574878.0,65403445106.0,-29871783649.0,-45134481978.0,11919509695.0,READY,READY_Q2_SOURCE,2026,467080858518.0,414557236419.0,41232575817.0,25099712218.0,21418694527.0,6827628928.0,12.67,64.28,213.71,,NOT_DEFINED_NO_CLASSIFICATION,2025,CFS,OK,59970187645.0,"[{""account_id"":""ifrs-full_ShorttermBorrowings"",""account_nm"":""단기차입금및사채"",""amount"":722744389454.0},{""account_id"":""ifrs-full_LongtermBorrowings"",""account_nm"":""장기차입금 및 사채"",""amount"":230492126704.0}]","[{""account_id"":""ifrs-full_CurrentLeaseLiabilities"",""account_nm"":""유동성 리스부채"",""amount"":7232045868.0},{""account_id"":""ifrs-full_NoncurrentLeaseLiabilities"",""account_nm"":""비유동 리스부채"",""amount"":65779770936.0}]","[{""account_id"":""ifrs-full_OtherCurrentFinancialLiabilities"",""account_nm"":""기타유동금융부채"",""amount"":180394329309.0},{""account_id"":""ifrs-full_OtherNoncurrentFinancialLiabilities"",""account_nm"":""기타비유동금융부채"",""amount"":13440564840.0}]",[],,RAW_CASH_AND_DEBT_CAPTURED_POLICY_REQUIRED,,SOURCE_LIMITED_DA_NOT_VALIDATED,,SOURCE_ONLY_SCORE_NOT_GENERATED,NOT_DEFINED,2026-09-22T22:35:40+09:00
000500,가온전선,KOSPI,00104768,가온전선,2026-09-16-v8.11.7-five-financial-cis-interest-revenue-contract,2026-07-01-v6.0-score-policy,READY_RAW_SOURCE,,2026 반기보고서,CFS,2025,CFS,2545698074000.0,1727103680000.0,1498606544000.0,79191591000.0,45011778000.0,43720039000.0,51396625000.0,25355195000.0,17898342000.0,READY,READY_Q2_SOURCE,2026,869390198000.0,643289510000.0,36131796000.0,23232978000.0,22859159000.0,14315178000.0,35.15,55.52,59.68,,NOT_DEFINED_NO_CLASSIFICATION,2025,CFS,OK,197448756000.0,"[{""account_id"":""-표준계정코드 미사용-"",""account_nm"":""단기차입금"",""amount"":358286350000.0},{""account_id"":""ifrs-full_NoncurrentPortionOfNoncurrentBondsIssued"",""account_nm"":""회사채"",""amount"":89795929000.0},{""account_id"":""ifrs-full_NoncurrentPortionOfOtherNoncurrentBorrowings"",""account_nm"":""장기차입금"",""amount"":4273817000.0}]","[{""account_id"":""ifrs-full_CurrentLeaseLiabilities"",""account_nm"":""유동성리스부채"",""amount"":3728922000.0},{""account_id"":""ifrs-full_NoncurrentLeaseLiabilities"",""account_nm"":""비유동 리스부채"",""amount"":3284456000.0}]",[],"[{""account_id"":""ifrs-full_AdjustmentsForDepreciationAndAmortisationExpense"",""account_nm"":""감가상각비(유,무형자산 및 투자부동산)"",""amount"":22855386000.0}]",,RAW_CASH_AND_DEBT_CAPTURED_POLICY_REQUIRED,,SOURCE_LIMITED_DA_NOT_VALIDATED,,SOURCE_ONLY_SCORE_NOT_GENERATED,NOT_DEFINED,2026-09-22T22:35:40+09:00
000540,흥국화재,KOSPI,00103176,흥국화재,2026-09-16-v8.11.7-five-financial-cis-interest-revenue-contract,2026-07-01-v6.0-score-policy,LIMITED_RAW_SOURCE,"3Y_ANNUAL_LIMITED,QUARTER_LIMITED",2026 반기보고서,OFS,2025,OFS,,,,187504000000.0,148779000000.0,381025000000.0,151689000000.0,106722000000.0,295540000000.0,LIMITED,LIMITED,2026,,,35505000000.0,19314000000.0,26831000000.0,12763000000.0,,83.83,110.22,,NOT_DEFINED_NO_CLASSIFICATION,2025,OFS,OK,,"[{""account_id"":""ifrs-full_BondsIssued"",""account_nm"":""사채"",""amount"":264356000000.0}]","[{""account_id"":""ifrs-full_LeaseLiabilities"",""account_nm"":""리스부채"",""amount"":12912000000.0}]","[{""account_id"":""ifrs-full_OtherFinancialLiabilities"",""account_nm"":""기타금융부채"",""amount"":123448000000.0}]","[{""account_id"":""ifrs-full_AdjustmentsForDepreciationAndAmortisationExpense"",""account_nm"":""감가상각비"",""amount"":29335000000.0}]",,RAW_CASH_AND_DEBT_CAPTURED_POLICY_REQUIRED,,SOURCE_LIMITED_DA_NOT_VALIDATED,,SOURCE_ONLY_SCORE_NOT_GENERATED,NOT_DEFINED,2026-09-22T22:35:40+09:00
000660,SK하이닉스,KOSPI,00164779,SK하이닉스,2026-09-16-v8.11.7-five-financial-cis-interest-revenue-contract,2026-07-01-v6.0-score-policy,READY_RAW_SOURCE,,2026 반기보고서,CFS,2025,CFS,97146675000000.0,66192960000000.0,32765719000000.0,47206319000000.0,23467319000000.0,-7730313000000.0,42947902000000.0,19796902000000.0,-9137547000000.0,READY,READY_Q2_SOURCE,2026,79318746000000.0,22231952000000.0,60542608000000.0,9212851000000.0,93922593000000.0,6996216000000.0,256.78,557.15,1242.48,,NOT_DEFINED_NO_CLASSIFICATION,2025,CFS,OK,14923766000000.0,"[{""account_id"":""ifrs-full_CurrentBorrowingsAndCurrentPortionOfNoncurrentBorrowings"",""account_nm"":""차입금"",""amount"":8161757000000.0},{""account_id"":""ifrs-full_LongtermBorrowings"",""account_nm"":""차입금"",""amount"":14086148000000.0}]","[{""account_id"":""ifrs-full_CurrentLeaseLiabilities"",""account_nm"":""리스부채"",""amount"":547296000000.0},{""account_id"":""ifrs-full_NoncurrentLeaseLiabilities"",""account_nm"":""리스부채"",""amount"":1962647000000.0}]","[{""account_id"":""ifrs-full_OtherCurrentFinancialLiabilities"",""account_nm"":""기타금융부채"",""amount"":4913879000000.0},{""account_id"":""ifrs-full_OtherNoncurrentFinancialLiabilities"",""account_nm"":""기타금융부채"",""amount"":2487000000.0}]",[],,RAW_CASH_AND_DEBT_CAPTURED_POLICY_REQUIRED,,SOURCE_LIMITED_DA_NOT_VALIDATED,,SOURCE_ONLY_SCORE_NOT_GENERATED,NOT_DEFINED,2026-09-22T22:35:40+09:00
000720,현대건설,KOSPI,00164478,현대건설,2026-09-16-v8.11.7-five-financial-cis-interest-revenue-contract,2026-07-01-v6.0-score-policy,READY_RAW_SOURCE,,2026 반기보고서,CFS,2025,CFS,31062912000000.0,32670268000000.0,29651357000000.0,653006000000.0,-1263420000000.0,785430000000.0,559068000000.0,-766221000000.0,654281000000.0,READY,READY_Q2_SOURCE,2026,6842303000000.0,7720720000000.0,261826000000.0,217001000000.0,156988000000.0,158584000000.0,-11.38,20.66,-1.01,,NOT_DEFINED_NO_CLASSIFICATION,2025,CFS,OK,4812659000000.0,"[{""account_id"":""ifrs-full_CurrentPortionOfLongtermBorrowings"",""account_nm"":""유동성장기부채"",""amount"":929377000000.0},{""account_id"":""ifrs-full_ShorttermBorrowings"",""account_nm"":""단기차입금"",""amount"":1194728000000.0},{""account_id"":""ifrs-full_NoncurrentPortionOfNoncurrentBondsIssued"",""account_nm"":""비유동성 사채"",""amount"":1147227000000.0},{""account_id"":""ifrs-full_NoncurrentPortionOfNoncurrentLoansReceived"",""account_nm"":""장기차입금"",""amount"":579678000000.0}]","[{""account_id"":""ifrs-full_CurrentLeaseLiabilities"",""account_nm"":""유동 리스부채"",""amount"":84515000000.0},{""account_id"":""ifrs-full_NoncurrentLeaseLiabilities"",""account_nm"":""리스부채"",""amount"":21394000000.0}]","[{""account_id"":""ifrs-full_OtherCurrentFinancialLiabilities"",""account_nm"":""기타금융부채(유동)"",""amount"":47759000000.0},{""account_id"":""ifrs-full_OtherNoncurrentFinancialLiabilities"",""account_nm"":""기타금융부채(비유동)"",""amount"":76956000000.0}]",[],,RAW_CASH_AND_DEBT_CAPTURED_POLICY_REQUIRED,,SOURCE_LIMITED_DA_NOT_VALIDATED,,SOURCE_ONLY_SCORE_NOT_GENERATED,NOT_DEFINED,2026-09-22T22:35:40+09:00
000760,이화산업,KOSPI,00145686,이화산업,2026-09-16-v8.11.7-five-financial-cis-interest-revenue-contract,2026-07-01-v6.0-score-policy,READY_RAW_SOURCE,,2026 반기보고서,CFS,2025,CFS,46255096115.0,49487533689.0,47187842383.0,-164063862.0,772077303.0,-1813616540.0,-2135259806.0,-270822831.0,-2102669509.0,READY,READY_Q2_SOURCE,2026,13430974226.0,12472974308.0,1134180526.0,874423960.0,877338413.0,584235650.0,7.68,29.71,50.17,,NOT_DEFINED_NO_CLASSIFICATION,2025,CFS,OK,11780636047.0,"[{""account_id"":""ifrs-full_ShorttermBorrowings"",""account_nm"":""차입금"",""amount"":19900000000.0}]",[],[],[],,RAW_CASH_AND_DEBT_CAPTURED_POLICY_REQUIRED,,SOURCE_LIMITED_DA_NOT_VALIDATED,,SOURCE_ONLY_SCORE_NOT_GENERATED,NOT_DEFINED,2026-09-22T22:35:40+09:00
000810,삼성화재,KOSPI,00139214,삼성화재해상보험,2026-09-16-v8.11.7-five-financial-cis-interest-revenue-contract,2026-07-01-v6.0-score-policy,READY_RAW_SOURCE,,2026 반기보고서,CFS,2025,CFS,2371311653539.0,2251532693274.0,2104556761339.0,2659143002144.0,2649596688033.0,2357283417485.0,2020287132255.0,2076797712983.0,1821614343047.0,READY,READY_Q2_SOURCE,2026,635696766041.0,586332568428.0,885332758419.0,811464956337.0,738734580357.0,638378878364.0,8.42,9.1,15.72,,NOT_DEFINED_NO_CLASSIFICATION,2025,CFS,OK,,[],"[{""account_id"":""ifrs-full_LeaseLiabilities"",""account_nm"":""리스부채"",""amount"":119882564562.0}]",[],[],,RAW_CASH_AND_DEBT_CAPTURED_POLICY_REQUIRED,,SOURCE_LIMITED_DA_NOT_VALIDATED,,SOURCE_ONLY_SCORE_NOT_GENERATED,NOT_DEFINED,2026-09-22T22:35:40+09:00
000860,강남제비스코,KOSPI,00100939,강남제비스코,2026-09-16-v8.11.7-five-financial-cis-interest-revenue-contract,2026-07-01-v6.0-score-policy,READY_RAW_SOURCE,,2026 반기보고서,CFS,2025,CFS,598552862276.0,643137092555.0,638789180998.0,8294746283.0,20529999372.0,23167970906.0,926008538.0,18123152497.0,21726050379.0,READY,READY_Q2_SOURCE,2026,178519987199.0,161608711288.0,12368816919.0,6451094522.0,6891422536.0,5316595084.0,10.46,91.73,29.62,,NOT_DEFINED_NO_CLASSIFICATION,2025,CFS,OK,50059481877.0,"[{""account_id"":""ifrs-full_CurrentPortionOfLongtermBorrowings"",""account_nm"":""유동성장기부채"",""amount"":52075000000.0},{""account_id"":""ifrs-full_ShorttermBorrowings"",""account_nm"":""단기차입금"",""amount"":48716251393.0},{""account_id"":""ifrs-full_LongtermBorrowings"",""account_nm"":""장기차입금"",""amount"":13506250000.0}]","[{""account_id"":""ifrs-full_CurrentLeaseLiabilities"",""account_nm"":""유동리스부채"",""amount"":1097887260.0},{""account_id"":""ifrs-full_NoncurrentLeaseLiabilities"",""account_nm"":""비유동리스부채"",""amount"":965130108.0}]","[{""account_id"":""ifrs-full_OtherCurrentFinancialLiabilities"",""account_nm"":""기타유동금융부채"",""amount"":19104845386.0},{""account_id"":""ifrs-full_OtherNoncurrentFinancialLiabilities"",""account_nm"":""기타비유동금융부채"",""amount"":809297086.0}]",[],,RAW_CASH_AND_DEBT_CAPTURED_POLICY_REQUIRED,,SOURCE_LIMITED_DA_NOT_VALIDATED,,SOURCE_ONLY_SCORE_NOT_GENERATED,NOT_DEFINED,2026-09-22T22:35:40+09:00
000880,한화,KOSPI,00160588,한화,2026-09-16-v8.11.7-five-financial-cis-interest-revenue-contract,2026-07-01-v6.0-score-policy,READY_RAW_SOURCE,,2026 반기보고서,CFS,2025,CFS,74785440000000.0,55646829000000.0,53134813000000.0,4146883000000.0,2416109000000.0,2411920000000.0,1991600000000.0,1690434000000.0,1635515000000.0,READY,READY_Q2_SOURCE,2026,28637845000000.0,19242236000000.0,2408503000000.0,1334841000000.0,1821109000000.0,268714000000.0,48.83,80.43,577.71,,NOT_DEFINED_NO_CLASSIFICATION,2025,CFS,OK,14684582000000.0,"[{""account_id"":""ifrs-full_CurrentBorrowingsAndCurrentPortionOfNoncurrentBorrowings"",""account_nm"":""차입금및사채"",""amount"":36745455000000.0},{""account_id"":""ifrs-full_LongtermBorrowings"",""account_nm"":""차입금및사채"",""amount"":23423305000000.0}]",[],"[{""account_id"":""ifrs-full_OtherCurrentFinancialLiabilities"",""account_nm"":""기타금융부채"",""amount"":5195938000000.0},{""account_id"":""ifrs-full_OtherNoncurrentFinancialLiabilities"",""account_nm"":""기타금융부채"",""amount"":5309150000000.0}]",[],,RAW_CASH_AND_DEBT_CAPTURED_POLICY_REQUIRED,,SOURCE_LIMITED_DA_NOT_VALIDATED,,SOURCE_ONLY_SCORE_NOT_GENERATED,NOT_DEFINED,2026-09-22T22:35:40+09:00
000990,DB하이텍,KOSPI,00160843,DB하이텍,2026-09-16-v8.11.7-five-financial-cis-interest-revenue-contract,2026-07-01-v6.0-score-policy,READY_RAW_SOURCE,,2026 반기보고서,CFS,2025,CFS,1397233307039.0,1131167709804.0,1154223638940.0,277294561174.0,190838683363.0,265437456373.0,252582440798.0,229385888355.0,264149250979.0,READY,READY_Q2_SOURCE,2026,399420599268.0,337406491433.0,108423715257.0,73842437551.0,115607440156.0,59996804136.0,18.38,46.83,92.69,,NOT_DEFINED_NO_CLASSIFICATION,2025,CFS,OK,323054472680.0,"[{""account_id"":""ifrs-full_CurrentPortionOfLongtermBorrowings"",""account_nm"":""유동성장기차입금"",""amount"":21636275167.0},{""account_id"":""ifrs-full_ShorttermBorrowings"",""account_nm"":""단기차입금"",""amount"":231678525383.0},{""account_id"":""ifrs-full_LongtermBorrowings"",""account_nm"":""장기차입금"",""amount"":102572732928.0}]",[],"[{""account_id"":""ifrs-full_OtherCurrentFinancialLiabilities"",""account_nm"":""기타금융부채"",""amount"":7080653516.0},{""account_id"":""ifrs-full_OtherNoncurrentFinancialLiabilities"",""account_nm"":""장기기타금융부채"",""amount"":21119527820.0}]",[],,RAW_CASH_AND_DEBT_CAPTURED_POLICY_REQUIRED,,SOURCE_LIMITED_DA_NOT_VALIDATED,,SOURCE_ONLY_SCORE_NOT_GENERATED,NOT_DEFINED,2026-09-22T22:35:40+09:00
001020,페이퍼코리아,KOSPI,00134723,페이퍼코리아,2026-09-16-v8.11.7-five-financial-cis-interest-revenue-contract,2026-07-01-v6.0-score-policy,READY_RAW_SOURCE,,2026 반기보고서,CFS,2025,CFS,266668528958.0,290184364896.0,362071696060.0,-5279064383.0,2037606335.0,31156677378.0,-19327198235.0,-9682981858.0,15232336453.0,READY,READY_Q2_SOURCE,2026,80315912562.0,66428370047.0,5452909017.0,-2373738210.0,2612119986.0,-3803124720.0,20.91,329.72,168.68,,NOT_DEFINED_NO_CLASSIFICATION,2025,CFS,OK,90222697135.0,"[{""account_id"":""ifrs-full_CurrentPortionOfLongtermBorrowings"",""account_nm"":""유동성장기부채"",""amount"":73613641057.0},{""account_id"":""ifrs-full_ShorttermBorrowings"",""account_nm"":""단기차입금"",""amount"":38530694504.0},{""account_id"":""ifrs-full_LongtermBorrowings"",""account_nm"":""장기차입금"",""amount"":46019812593.0}]","[{""account_id"":""ifrs-full_CurrentLeaseLiabilities"",""account_nm"":""유동성리스부채"",""amount"":1045616186.0},{""account_id"":""ifrs-full_NoncurrentLeaseLiabilities"",""account_nm"":""리스부채"",""amount"":1190330115.0}]","[{""account_id"":""ifrs-full_OtherCurrentFinancialLiabilities"",""account_nm"":""기타금융부채"",""amount"":69613202.0},{""account_id"":""ifrs-full_OtherNoncurrentFinancialLiabilities"",""account_nm"":""기타금융부채"",""amount"":222790581.0}]",[],,RAW_CASH_AND_DEBT_CAPTURED_POLICY_REQUIRED,,SOURCE_LIMITED_DA_NOT_VALIDATED,,SOURCE_ONLY_SCORE_NOT_GENERATED,NOT_DEFINED,2026-09-22T22:35:40+09:00
001130,대한제분,KOSPI,00113243,대한제분,2026-09-16-v8.11.7-five-financial-cis-interest-revenue-contract,2026-07-01-v6.0-score-policy,READY_RAW_SOURCE,,2026 반기보고서,CFS,2025,CFS,1375199649054.0,1374735359151.0,1441458547512.0,62256836691.0,72306706525.0,54859482247.0,-25137525435.0,48829120223.0,81242498761.0,READY,READY_Q2_SOURCE,2026,351123357973.0,336317642034.0,7028056063.0,14996756959.0,12224109468.0,23420485035.0,4.4,-53.14,-47.81,,NOT_DEFINED_NO_CLASSIFICATION,2025,CFS,OK,84668408717.0,"[{""account_id"":""ifrs-full_CurrentPortionOfLongtermBorrowings"",""account_nm"":""유동성장기부채"",""amount"":8896000000.0},{""account_id"":""ifrs-full_ShorttermBorrowings"",""account_nm"":""단기차입금"",""amount"":230022036732.0},{""account_id"":""ifrs-full_LongtermBorrowings"",""account_nm"":""장기차입금"",""amount"":12700000000.0}]",[],"[{""account_id"":""ifrs-full_OtherCurrentFinancialLiabilities"",""account_nm"":""기타유동금융부채"",""amount"":18276454760.0},{""account_id"":""ifrs-full_OtherNoncurrentFinancialLiabilities"",""account_nm"":""기타비유동금융부채"",""amount"":25547515536.0}]",[],,RAW_CASH_AND_DEBT_CAPTURED_POLICY_REQUIRED,,SOURCE_LIMITED_DA_NOT_VALIDATED,,SOURCE_ONLY_SCORE_NOT_GENERATED,NOT_DEFINED,2026-09-22T22:35:40+09:00
001210,금호전기,KOSPI,00106395,금호전기,2026-09-16-v8.11.7-five-financial-cis-interest-revenue-contract,2026-07-01-v6.0-score-policy,READY_RAW_SOURCE,,2026 반기보고서,CFS,2025,CFS,44337718233.0,53171559352.0,53372993650.0,-1183567764.0,-4957267533.0,-8228668329.0,-3935952090.0,-13843864042.0,-18342317139.0,READY,READY_Q2_SOURCE,2026,7881579809.0,9764589381.0,-1027629396.0,-963471155.0,-787109701.0,-1457018592.0,-19.28,-6.66,45.98,,NOT_DEFINED_NO_CLASSIFICATION,2025,CFS,OK,3815574106.0,"[{""account_id"":""dart_CurrentPortionOfBonds"",""account_nm"":""유동성사채"",""amount"":2997370655.0},{""account_id"":""ifrs-full_ShorttermBorrowings"",""account_nm"":""유동 차입금(사채 포함)"",""amount"":1712950931.0}]","[{""account_id"":""ifrs-full_CurrentLeaseLiabilities"",""account_nm"":""유동 리스부채"",""amount"":1588723990.0},{""account_id"":""ifrs-full_NoncurrentLeaseLiabilities"",""account_nm"":""비유동 리스부채"",""amount"":233820044.0}]","[{""account_id"":""ifrs-full_OtherCurrentFinancialLiabilities"",""account_nm"":""기타유동금융부채"",""amount"":3167253705.0}]",[],,RAW_CASH_AND_DEBT_CAPTURED_POLICY_REQUIRED,,SOURCE_LIMITED_DA_NOT_VALIDATED,,SOURCE_ONLY_SCORE_NOT_GENERATED,NOT_DEFINED,2026-09-22T22:35:40+09:00
001270,부국증권,KOSPI,00123772,부국증권,2026-09-16-v8.11.7-five-financial-cis-interest-revenue-contract,2026-07-01-v6.0-score-policy,READY_RAW_SOURCE,,2026 반기보고서,CFS,2025,CFS,965463610904.0,779174975982.0,815040553001.0,56777193314.0,36674404410.0,69108709126.0,45640937410.0,30952554750.0,57306543254.0,READY,READY_Q2_SOURCE,2026,583134951809.0,262754984431.0,24450365179.0,20472777051.0,24392309200.0,17829030934.0,121.93,19.43,36.81,,NOT_DEFINED_NO_CLASSIFICATION,2025,CFS,OK,,[],[],[],[],,RAW_CASH_AND_DEBT_CAPTURED_POLICY_REQUIRED,,SOURCE_LIMITED_DA_NOT_VALIDATED,,SOURCE_ONLY_SCORE_NOT_GENERATED,NOT_DEFINED,2026-09-22T22:35:40+09:00
001420,태원물산,KOSPI,00154055,태원물산,2026-09-16-v8.11.7-five-financial-cis-interest-revenue-contract,2026-07-01-v6.0-score-policy,READY_RAW_SOURCE,,2026 반기보고서,OFS,2025,OFS,14864855000.0,11570639556.0,9212314418.0,-978465756.0,-894285012.0,-810959814.0,-2339743319.0,17468736717.0,-82457842.0,READY,READY_Q2_SOURCE,2026,5335505218.0,3991068467.0,-159613429.0,-156196219.0,138651200.0,93328491.0,33.69,-2.19,48.56,,NOT_DEFINED_NO_CLASSIFICATION,2025,OFS,OK,1545856989.0,"[{""account_id"":""ifrs-full_ShorttermBorrowings"",""account_nm"":""유동 차입금(사채 포함)"",""amount"":0.0}]",[],[],"[{""account_id"":""ifrs-full_AdjustmentsForDepreciationExpense"",""account_nm"":""감가상각비에 대한 조정"",""amount"":216950728.0}]",,RAW_CASH_AND_DEBT_CAPTURED_POLICY_REQUIRED,,SOURCE_LIMITED_DA_NOT_VALIDATED,,SOURCE_ONLY_SCORE_NOT_GENERATED,NOT_DEFINED,2026-09-22T22:35:40+09:00
001430,세아베스틸지주,KOSPI,00106669,세아베스틸지주,2026-09-16-v8.11.7-five-financial-cis-interest-revenue-contract,2026-07-01-v6.0-score-policy,READY_RAW_SOURCE,,2026 반기보고서,CFS,2025,CFS,3651585276954.0,3636063257694.0,4083481175925.0,98411992401.0,52332166350.0,196690160681.0,56136309970.0,20273054942.0,125991352125.0,READY,READY_Q2_SOURCE,2026,1135709521548.0,964508023158.0,59839774820.0,44495774299.0,35167437387.0,18183692026.0,17.75,34.48,93.4,,NOT_DEFINED_NO_CLASSIFICATION,2025,CFS,OK,232872225511.0,"[{""account_id"":""ifrs-full_NoncurrentPortionOfNoncurrentBondsIssued"",""account_nm"":""비유동 사채"",""amount"":443702077149.0},{""account_id"":""ifrs-full_NoncurrentPortionOfNoncurrentLoansReceived"",""account_nm"":""비유동 차입금"",""amount"":408241340019.0}]",[],"[{""account_id"":""ifrs-full_OtherCurrentFinancialLiabilities"",""account_nm"":""기타유동금융부채"",""amount"":11047038227.0},{""account_id"":""ifrs-full_OtherNoncurrentFinancialLiabilities"",""account_nm"":""기타금융부채"",""amount"":22971744888.0}]","[{""account_id"":""ifrs-full_AdjustmentsForAmortisationExpense"",""account_nm"":""무형자산상각비에 대한 조정"",""amount"":8095049294.0},{""account_id"":""ifrs-full_AdjustmentsForDepreciationExpense"",""account_nm"":""감가상각비에 대한 조정"",""amount"":118221487073.0}]",,RAW_CASH_AND_DEBT_CAPTURED_POLICY_REQUIRED,,SOURCE_LIMITED_DA_NOT_VALIDATED,,SOURCE_ONLY_SCORE_NOT_GENERATED,NOT_DEFINED,2026-09-22T22:35:40+09:00
001440,대한전선,KOSPI,00113207,대한전선,2026-09-16-v8.11.7-five-financial-cis-interest-revenue-contract,2026-07-01-v6.0-score-policy,READY_RAW_SOURCE,,2026 반기보고서,CFS,2025,CFS,3636018215712.0,3291299374607.0,2843980012193.0,128613046536.0,115169757365.0,79823888170.0,89877397889.0,74190401876.0,71872998256.0,READY,READY_Q2_SOURCE,2026,1198666607432.0,916356132633.0,60842441960.0,28563173202.0,-88179245071.0,-23037078192.0,30.81,113.01,-282.77,,NOT_DEFINED_NO_CLASSIFICATION,2025,CFS,OK,438856642626.0,"[{""account_id"":""ifrs-full_CurrentPortionOfLongtermBorrowings"",""account_nm"":""비유동차입금(사채 포함)의 유동성 대체 부분"",""amount"":210000000000.0},{""account_id"":""ifrs-full_NoncurrentPortionOfNoncurrentLoansReceived"",""account_nm"":""비유동성 금융기관 차입금(사채 제외)"",""amount"":154535194001.0}]",[],"[{""account_id"":""ifrs-full_OtherCurrentFinancialLiabilities"",""account_nm"":""기타유동금융부채"",""amount"":227309103483.0},{""account_id"":""ifrs-full_OtherNoncurrentFinancialLiabilities"",""account_nm"":""기타비유동금융부채"",""amount"":6781981976.0}]",[],,RAW_CASH_AND_DEBT_CAPTURED_POLICY_REQUIRED,,SOURCE_LIMITED_DA_NOT_VALIDATED,,SOURCE_ONLY_SCORE_NOT_GENERATED,NOT_DEFINED,2026-09-22T22:35:40+09:00
001460,BYC,KOSPI,00122579,BYC,2026-09-16-v8.11.7-five-financial-cis-interest-revenue-contract,2026-07-01-v6.0-score-policy,READY_RAW_SOURCE,,2026 반기보고서,CFS,2025,CFS,163166613171.0,165207568941.0,168401523886.0,26573558468.0,23832906913.0,27498394275.0,19590575123.0,18404839494.0,23666593032.0,READY,READY_Q2_SOURCE,2026,43426502657.0,39494650463.0,2992635673.0,2780619216.0,3698689539.0,1661125684.0,9.96,7.62,122.66,,NOT_DEFINED_NO_CLASSIFICATION,2025,CFS,OK,16590273221.0,"[{""account_id"":""ifrs-full_CurrentPortionOfLongtermBorrowings"",""account_nm"":""유동성장기부채"",""amount"":20000000000.0},{""account_id"":""ifrs-full_ShorttermBorrowings"",""account_nm"":""단기차입금"",""amount"":36377395072.0},{""account_id"":""ifrs-full_LongtermBorrowings"",""account_nm"":""장기차입금"",""amount"":38642000000.0}]",[],"[{""account_id"":""ifrs-full_OtherCurrentFinancialLiabilities"",""account_nm"":""유동기타금융부채"",""amount"":1995140707.0},{""account_id"":""ifrs-full_OtherNoncurrentFinancialLiabilities"",""account_nm"":""비유동기타금융부채"",""amount"":1366027455.0}]",[],,RAW_CASH_AND_DEBT_CAPTURED_POLICY_REQUIRED,,SOURCE_LIMITED_DA_NOT_VALIDATED,,SOURCE_ONLY_SCORE_NOT_GENERATED,NOT_DEFINED,2026-09-22T22:35:40+09:00
001630,종근당홀딩스,KOSPI,00149354,종근당홀딩스,2026-09-16-v8.11.7-five-financial-cis-interest-revenue-contract,2026-07-01-v6.0-score-policy,READY_RAW_SOURCE,,2026 반기보고서,CFS,2025,CFS,959011774439.0,957752613068.0,879780769949.0,58281283833.0,35486435048.0,17005266704.0,54317390160.0,40294018711.0,40575422161.0,READY,READY_Q2_SOURCE,2026,251168577995.0,242183624575.0,6638759409.0,16513978202.0,17640985044.0,11350292438.0,3.71,-59.8,55.42,,NOT_DEFINED_NO_CLASSIFICATION,2025,CFS,OK,80333473727.0,"[{""account_id"":""ifrs-full_CurrentBorrowingsAndCurrentPortionOfNoncurrentBorrowings"",""account_nm"":""유동차입금"",""amount"":480255337190.0},{""account_id"":""ifrs-full_LongtermBorrowings"",""account_nm"":""비유동차입금"",""amount"":55802403558.0}]","[{""account_id"":""ifrs-full_CurrentLeaseLiabilities"",""account_nm"":""유동 리스부채"",""amount"":2041167773.0},{""account_id"":""ifrs-full_NoncurrentLeaseLiabilities"",""account_nm"":""비유동리스부채"",""amount"":2710721400.0}]",[],[],,RAW_CASH_AND_DEBT_CAPTURED_POLICY_REQUIRED,,SOURCE_LIMITED_DA_NOT_VALIDATED,,SOURCE_ONLY_SCORE_NOT_GENERATED,NOT_DEFINED,2026-09-22T22:35:40+09:00
001680,대상,KOSPI,00121941,대상,2026-09-16-v8.11.7-five-financial-cis-interest-revenue-contract,2026-07-01-v6.0-score-policy,READY_RAW_SOURCE,,2026 반기보고서,CFS,2025,CFS,4401305371276.0,4255134757567.0,4107493943805.0,169282317428.0,176941145485.0,123716647215.0,-303088987280.0,96688841815.0,68563901324.0,READY,READY_Q2_SOURCE,2026,1165775349440.0,1076032912852.0,46450513747.0,40802324548.0,19596078819.0,18209099645.0,8.34,13.84,7.62,,NOT_DEFINED_NO_CLASSIFICATION,2025,CFS,OK,595682138976.0,"[{""account_id"":""dart_CurrentPortionOfBonds"",""account_nm"":""유동성사채"",""amount"":219982811174.0},{""account_id"":""ifrs-full_CurrentPortionOfLongtermBorrowings"",""account_nm"":""유동성장기차입금"",""amount"":72415138922.0},{""account_id"":""ifrs-full_ShorttermBorrowings"",""account_nm"":""단기차입금"",""amount"":369419425431.0},{""account_id"":""ifrs-full_BondsIssued"",""account_nm"":""사채"",""amount"":469150563107.0},{""account_id"":""ifrs-full_NoncurrentPortionOfNoncurrentLoansReceived"",""account_nm"":""장기차입금"",""amount"":185693797609.0}]",[],"[{""account_id"":""ifrs-full_OtherCurrentFinancialLiabilities"",""account_nm"":""기타유동금융부채"",""amount"":72818916570.0},{""account_id"":""ifrs-full_OtherNoncurrentFinancialLiabilities"",""account_nm"":""기타비유동금융부채"",""amount"":64788817271.0}]",[],,RAW_CASH_AND_DEBT_CAPTURED_POLICY_REQUIRED,,SOURCE_LIMITED_DA_NOT_VALIDATED,,SOURCE_ONLY_SCORE_NOT_GENERATED,NOT_DEFINED,2026-09-22T22:35:40+09:00
001770,SHD,KOSPI,00137809,SHD,2026-09-16-v8.11.7-five-financial-cis-interest-revenue-contract,2026-07-01-v6.0-score-policy,READY_RAW_SOURCE,,2026 반기보고서,OFS,2025,OFS,100397778375.0,106604794578.0,106293829767.0,2737690568.0,-4025616576.0,672776337.0,1968600075.0,2927969957.0,110299965.0,READY,READY_Q2_SOURCE,2026,28675905553.0,26842628737.0,-579960214.0,653088462.0,-458121514.0,98703944.0,6.83,-188.8,-564.14,,NOT_DEFINED_NO_CLASSIFICATION,2025,OFS,OK,2267203459.0,"[{""account_id"":""ifrs-full_CurrentPortionOfLongtermBorrowings"",""account_nm"":""비유동차입금(사채 포함)의 유동성 대체 부분"",""amount"":2000000000.0},{""account_id"":""ifrs-full_ShorttermBorrowings"",""account_nm"":""유동 차입금(사채 포함)"",""amount"":8000000000.0}]",[],"[{""account_id"":""ifrs-full_OtherCurrentFinancialLiabilities"",""account_nm"":""기타유동금융부채"",""amount"":1307291456.0}]",[],,RAW_CASH_AND_DEBT_CAPTURED_POLICY_REQUIRED,,SOURCE_LIMITED_DA_NOT_VALIDATED,,SOURCE_ONLY_SCORE_NOT_GENERATED,NOT_DEFINED,2026-09-22T22:35:40+09:00
001790,대한제당,KOSPI,00113234,대한제당,2026-09-16-v8.11.7-five-financial-cis-interest-revenue-contract,2026-07-01-v6.0-score-policy,READY_RAW_SOURCE,,2026 반기보고서,CFS,2025,CFS,1356276028000.0,1373829105000.0,1332349884000.0,56555932000.0,36996731000.0,47216910000.0,-60301904000.0,20522372000.0,32504635000.0,READY,READY_Q2_SOURCE,2026,336628472000.0,351935252000.0,13379268000.0,14690370000.0,12432993000.0,6372369000.0,-4.35,-8.92,95.11,,NOT_DEFINED_NO_CLASSIFICATION,2025,CFS,OK,118673590000.0,"[{""account_id"":""ifrs-full_CurrentBorrowingsAndCurrentPortionOfNoncurrentBorrowings"",""account_nm"":""차입금및사채"",""amount"":136807647000.0},{""account_id"":""ifrs-full_LongtermBorrowings"",""account_nm"":""장기차입금및사채"",""amount"":265535960000.0}]",[],"[{""account_id"":""ifrs-full_OtherCurrentFinancialLiabilities"",""account_nm"":""기타유동금융부채"",""amount"":4716193000.0},{""account_id"":""ifrs-full_OtherNoncurrentFinancialLiabilities"",""account_nm"":""기타비유동금융부채"",""amount"":1180172000.0}]",[],,RAW_CASH_AND_DEBT_CAPTURED_POLICY_REQUIRED,,SOURCE_LIMITED_DA_NOT_VALIDATED,,SOURCE_ONLY_SCORE_NOT_GENERATED,NOT_DEFINED,2026-09-22T22:35:40+09:00
001800,오리온홀딩스,KOSPI,00117577,오리온홀딩스,2026-09-16-v8.11.7-five-financial-cis-interest-revenue-contract,2026-07-01-v6.0-score-policy,READY_RAW_SOURCE,,2026 반기보고서,CFS,2025,CFS,3393126199452.0,3195245858433.0,2953806265859.0,487728621983.0,506240029274.0,405463095002.0,337777860270.0,479528618409.0,290412989562.0,READY,READY_Q2_SOURCE,2026,960503126780.0,795509604155.0,127719389280.0,99279933172.0,77345510755.0,57735453610.0,20.74,28.65,33.97,,NOT_DEFINED_NO_CLASSIFICATION,2025,CFS,OK,353427526408.0,[],"[{""account_id"":""ifrs-full_CurrentLeaseLiabilities"",""account_nm"":""유동 리스부채"",""amount"":12340005481.0},{""account_id"":""ifrs-full_NoncurrentLeaseLiabilities"",""account_nm"":""비유동 리스부채"",""amount"":22354135030.0}]","[{""account_id"":""ifrs-full_OtherCurrentFinancialLiabilities"",""account_nm"":""기타유동금융부채"",""amount"":208514902386.0},{""account_id"":""ifrs-full_OtherNoncurrentFinancialLiabilities"",""account_nm"":""기타비유동금융부채"",""amount"":1427408744.0}]","[{""account_id"":""dart_AdjustmentsForDepreciationInvestmentProperty"",""account_nm"":""투자부동산감가상각비 조정"",""amount"":368852167.0},{""account_id"":""dart_AdjustmentsForDepreciationRightofuseAssets"",""account_nm"":""사용권자산감가상각비 조정"",""amount"":14363151709.0},{""account_id"":""ifrs-full_AdjustmentsForAmortisationExpense"",""account_nm"":""무형자산상각비에 대한 조정"",""amount"":101384073388.0},{""account_id"":""ifrs-full_AdjustmentsForDepreciationExpense"",""account_nm"":""감가상각비에 대한 조정"",""amount"":148974205686.0}]",,RAW_CASH_AND_DEBT_CAPTURED_POLICY_REQUIRED,,SOURCE_LIMITED_DA_NOT_VALIDATED,,SOURCE_ONLY_SCORE_NOT_GENERATED,NOT_DEFINED,2026-09-22T22:35:40+09:00
001820,삼화콘덴서,KOSPI,00129350,삼화콘덴서공업,2026-09-16-v8.11.7-five-financial-cis-interest-revenue-contract,2026-07-01-v6.0-score-policy,READY_RAW_SOURCE,,2026 반기보고서,CFS,2025,CFS,294491998379.0,295412198601.0,280768545013.0,12866483343.0,17842307493.0,23693227777.0,12608427475.0,22039010684.0,20925722895.0,READY,READY_Q2_SOURCE,2026,82846780037.0,78772584384.0,8637921253.0,5568378908.0,8319746743.0,2841210964.0,5.17,55.12,192.82,,NOT_DEFINED_NO_CLASSIFICATION,2025,CFS,OK,42197627507.0,"[{""account_id"":""ifrs-full_ShorttermBorrowings"",""account_nm"":""단기차입금"",""amount"":0.0}]","[{""account_id"":""ifrs-full_CurrentLeaseLiabilities"",""account_nm"":""유동 리스부채"",""amount"":794457118.0},{""account_id"":""ifrs-full_NoncurrentLeaseLiabilities"",""account_nm"":""비유동 리스부채"",""amount"":2523110636.0}]",[],[],,RAW_CASH_AND_DEBT_CAPTURED_POLICY_REQUIRED,,SOURCE_LIMITED_DA_NOT_VALIDATED,,SOURCE_ONLY_SCORE_NOT_GENERATED,NOT_DEFINED,2026-09-22T22:35:40+09:00
002200,한국수출포장,KOSPI,00158112,한국수출포장공업,2026-09-16-v8.11.7-five-financial-cis-interest-revenue-contract,2026-07-01-v6.0-score-policy,READY_RAW_SOURCE,,2026 반기보고서,CFS,2025,CFS,289599658247.0,301761200613.0,312304377084.0,-6557378537.0,-585859876.0,22880520713.0,-3880413695.0,3395100263.0,19041696095.0,READY,READY_Q2_SOURCE,2026,77202976112.0,74713939519.0,-9728582443.0,465217457.0,889700080.0,1326447972.0,3.33,-2191.19,-32.93,,NOT_DEFINED_NO_CLASSIFICATION,2025,CFS,OK,15845853678.0,"[{""account_id"":""ifrs-full_CurrentLoansReceivedAndCurrentPortionOfNoncurrentLoansReceived"",""account_nm"":""단기차입금"",""amount"":491573938.0}]","[{""account_id"":""ifrs-full_CurrentLeaseLiabilities"",""account_nm"":""유동 리스부채"",""amount"":142138419.0},{""account_id"":""ifrs-full_NoncurrentLeaseLiabilities"",""account_nm"":""비유동 리스부채"",""amount"":318899884.0}]",[],[],,RAW_CASH_AND_DEBT_CAPTURED_POLICY_REQUIRED,,SOURCE_LIMITED_DA_NOT_VALIDATED,,SOURCE_ONLY_SCORE_NOT_GENERATED,NOT_DEFINED,2026-09-22T22:35:40+09:00
002220,한일철강,KOSPI,00163196,한일철강,2026-09-16-v8.11.7-five-financial-cis-interest-revenue-contract,2026-07-01-v6.0-score-policy,READY_RAW_SOURCE,,2026 반기보고서,CFS,2025,CFS,196404368831.0,205842246124.0,216255460140.0,3179080617.0,666960944.0,4859777657.0,-435711348.0,-4610118113.0,430267265.0,READY,READY_Q2_SOURCE,2026,61757186192.0,50110081938.0,2856034840.0,1540416892.0,1709279860.0,1840586135.0,23.24,85.41,-7.13,,NOT_DEFINED_NO_CLASSIFICATION,2025,CFS,OK,5890600462.0,"[{""account_id"":""ifrs-full_CurrentBorrowingsAndCurrentPortionOfNoncurrentBorrowings"",""account_nm"":""유동 차입금 및 비유동차입금(사채 포함)의 유동성 대체 부분 합계"",""amount"":111910030600.0},{""account_id"":""ifrs-full_LongtermBorrowings"",""account_nm"":""비유동차입금(사채 포함)의 비유동성 부분"",""amount"":0.0}]","[{""account_id"":""ifrs-full_CurrentLeaseLiabilities"",""account_nm"":""유동 리스부채"",""amount"":354420562.0},{""account_id"":""ifrs-full_NoncurrentLeaseLiabilities"",""account_nm"":""비유동 리스부채"",""amount"":182048509.0}]","[{""account_id"":""ifrs-full_OtherCurrentFinancialLiabilities"",""account_nm"":""기타유동금융부채"",""amount"":1990000000.0},{""account_id"":""ifrs-full_OtherNoncurrentFinancialLiabilities"",""account_nm"":""기타비유동금융부채"",""amount"":1505897200.0}]",[],,RAW_CASH_AND_DEBT_CAPTURED_POLICY_REQUIRED,,SOURCE_LIMITED_DA_NOT_VALIDATED,,SOURCE_ONLY_SCORE_NOT_GENERATED,NOT_DEFINED,2026-09-22T22:35:40+09:00
002350,넥센타이어,KOSPI,00173874,넥센타이어,2026-09-16-v8.11.7-five-financial-cis-interest-revenue-contract,2026-07-01-v6.0-score-policy,READY_RAW_SOURCE,,2026 반기보고서,CFS,2025,CFS,3189610448781.0,2847925036412.0,2701720151279.0,170297371324.0,172136969776.0,186991098059.0,151173987164.0,126718873995.0,103115550054.0,READY,READY_Q2_SOURCE,2026,891293882267.0,804669445680.0,34334021876.0,42631661052.0,216140461.0,19219995819.0,10.77,-19.46,-98.88,,NOT_DEFINED_NO_CLASSIFICATION,2025,CFS,OK,159639383872.0,"[{""account_id"":""ifrs-full_ShorttermBorrowings"",""account_nm"":""유동차입금"",""amount"":561691516181.0},{""account_id"":""ifrs-full_LongtermBorrowings"",""account_nm"":""차입금"",""amount"":1032006245105.0}]","[{""account_id"":""ifrs-full_CurrentLeaseLiabilities"",""account_nm"":""유동 리스부채"",""amount"":11165002910.0},{""account_id"":""ifrs-full_NoncurrentLeaseLiabilities"",""account_nm"":""비유동 리스부채"",""amount"":8653118906.0}]","[{""account_id"":""ifrs-full_OtherCurrentFinancialLiabilities"",""account_nm"":""기타유동금융부채"",""amount"":4092080076.0},{""account_id"":""ifrs-full_OtherNoncurrentFinancialLiabilities"",""account_nm"":""기타비유동금융부채"",""amount"":0.0}]",[],,RAW_CASH_AND_DEBT_CAPTURED_POLICY_REQUIRED,,SOURCE_LIMITED_DA_NOT_VALIDATED,,SOURCE_ONLY_SCORE_NOT_GENERATED,NOT_DEFINED,2026-09-22T22:35:40+09:00
002450,삼익악기,KOSPI,00127857,삼익악기,2026-09-16-v8.11.7-five-financial-cis-interest-revenue-contract,2026-07-01-v6.0-score-policy,READY_RAW_SOURCE,,2026 반기보고서,CFS,2025,CFS,224438993364.0,230380204827.0,247929198845.0,2281982590.0,5934200402.0,6465355387.0,17274756148.0,3121071310.0,3388984566.0,READY,READY_Q2_SOURCE,2026,53941601817.0,48537901931.0,2907715564.0,-2374637039.0,30929836348.0,15120646671.0,11.13,222.45,104.55,,NOT_DEFINED_NO_CLASSIFICATION,2025,CFS,OK,103848466680.0,"[{""account_id"":""ifrs-full_CurrentPortionOfLongtermBorrowings"",""account_nm"":""유동성장기부채"",""amount"":80046516488.0},{""account_id"":""ifrs-full_ShorttermBorrowings"",""account_nm"":""단기차입금"",""amount"":71724007411.0},{""account_id"":""ifrs-full_LongtermBorrowings"",""account_nm"":""장기차입금"",""amount"":1464728759.0}]","[{""account_id"":""ifrs-full_CurrentLeaseLiabilities"",""account_nm"":""리스부채"",""amount"":842851242.0},{""account_id"":""ifrs-full_NoncurrentLeaseLiabilities"",""account_nm"":""장기리스부채"",""amount"":1302774392.0}]","[{""account_id"":""-표준계정코드 미사용-"",""account_nm"":""미지급금및기타금융부채"",""amount"":13097786020.0},{""account_id"":""ifrs-full_OtherNoncurrentFinancialLiabilities"",""account_nm"":""기타비유동금융부채"",""amount"":1628672324.0}]",[],,RAW_CASH_AND_DEBT_CAPTURED_POLICY_REQUIRED,,SOURCE_LIMITED_DA_NOT_VALIDATED,,SOURCE_ONLY_SCORE_NOT_GENERATED,NOT_DEFINED,2026-09-22T22:35:40+09:00
002700,신일전자,KOSPI,00173698,신일전자,2026-09-16-v8.11.7-five-financial-cis-interest-revenue-contract,2026-07-01-v6.0-score-policy,READY_RAW_SOURCE,,2026 반기보고서,OFS,2025,OFS,193989833588.0,178314873865.0,184299576203.0,5237045994.0,4032944384.0,2010103394.0,4206905611.0,1434794585.0,1056841415.0,READY,READY_Q2_SOURCE,2026,71885680268.0,62143588994.0,6976105128.0,3483527549.0,5242596246.0,3680785625.0,15.68,100.26,42.43,,NOT_DEFINED_NO_CLASSIFICATION,2025,OFS,OK,20369581861.0,"[{""account_id"":""ifrs-full_ShorttermBorrowings"",""account_nm"":""차입금"",""amount"":26351309005.0},{""account_id"":""dart_LongTermBorrowingsGross"",""account_nm"":""장기차입금"",""amount"":1750000000.0}]","[{""account_id"":""ifrs-full_CurrentLeaseLiabilities"",""account_nm"":""리스부채"",""amount"":411374689.0},{""account_id"":""ifrs-full_NoncurrentLeaseLiabilities"",""account_nm"":""리스부채"",""amount"":136029829.0}]",[],[],,RAW_CASH_AND_DEBT_CAPTURED_POLICY_REQUIRED,,SOURCE_LIMITED_DA_NOT_VALIDATED,,SOURCE_ONLY_SCORE_NOT_GENERATED,NOT_DEFINED,2026-09-22T22:35:40+09:00
002710,TCC스틸,KOSPI,00117300,TCC스틸,2026-09-16-v8.11.7-five-financial-cis-interest-revenue-contract,2026-07-01-v6.0-score-policy,READY_RAW_SOURCE,,2026 반기보고서,CFS,2025,CFS,611513908644.0,582074815373.0,624418627125.0,-10909334249.0,12272472364.0,11250766391.0,-7600798426.0,20222969062.0,-8293017782.0,READY,READY_Q2_SOURCE,2026,182686709688.0,155416669306.0,1170027179.0,-3369562211.0,-6051561934.0,2291108206.0,17.55,134.72,-364.13,,NOT_DEFINED_NO_CLASSIFICATION,2025,CFS,OK,26368903246.0,"[{""account_id"":""ifrs-full_CurrentBorrowingsAndCurrentPortionOfNoncurrentBorrowings"",""account_nm"":""유동 차입금 및 비유동차입금(사채 포함)의 유동성 대체 부분"",""amount"":129025018786.0},{""account_id"":""ifrs-full_LongtermBorrowings"",""account_nm"":""비유동차입금(사채 포함)의 비유동성 부분"",""amount"":102201657384.0}]","[{""account_id"":""ifrs-full_CurrentLeaseLiabilities"",""account_nm"":""유동 리스부채"",""amount"":860801163.0},{""account_id"":""ifrs-full_NoncurrentLeaseLiabilities"",""account_nm"":""비유동 리스부채"",""amount"":403085610.0}]","[{""account_id"":""ifrs-full_OtherCurrentFinancialLiabilities"",""account_nm"":""기타유동금융부채"",""amount"":401742030.0},{""account_id"":""ifrs-full_OtherNoncurrentFinancialLiabilities"",""account_nm"":""기타비유동금융부채"",""amount"":621663540.0}]","[{""account_id"":""dart_AdjustmentsForDepreciationInvestmentProperty"",""account_nm"":""투자부동산감가상각비 조정"",""amount"":553461067.0},{""account_id"":""ifrs-full_AdjustmentsForAmortisationExpense"",""account_nm"":""무형자산상각비에 대한 조정"",""amount"":57381717.0},{""account_id"":""ifrs-full_AdjustmentsForDepreciationExpense"",""account_nm"":""감가상각비에 대한 조정"",""amount"":15589317756.0}]",,RAW_CASH_AND_DEBT_CAPTURED_POLICY_REQUIRED,,SOURCE_LIMITED_DA_NOT_VALIDATED,,SOURCE_ONLY_SCORE_NOT_GENERATED,NOT_DEFINED,2026-09-22T22:35:40+09:00
002990,금호건설,KOSPI,00106313,금호건설,2026-09-16-v8.11.7-five-financial-cis-interest-revenue-contract,2026-07-01-v6.0-score-policy,READY_RAW_SOURCE,,2026 반기보고서,CFS,2025,CFS,2018488470870.0,1914191087195.0,2217626015573.0,47084246190.0,-181828149572.0,21804193710.0,62380067861.0,-228542567313.0,746269594.0,READY,READY_Q2_SOURCE,2026,511651231360.0,531191571548.0,16540377107.0,16183002717.0,13582221568.0,10446958199.0,-3.68,2.21,30.01,,NOT_DEFINED_NO_CLASSIFICATION,2025,CFS,OK,160714255435.0,"[{""account_id"":""ifrs-full_NoncurrentPortionOfNoncurrentBondsIssued"",""account_nm"":""사채"",""amount"":0.0},{""account_id"":""ifrs-full_NoncurrentPortionOfNoncurrentLoansReceived"",""account_nm"":""장기차입금"",""amount"":32873923311.0}]","[{""account_id"":""ifrs-full_CurrentLeaseLiabilities"",""account_nm"":""유동성리스부채"",""amount"":7223673964.0},{""account_id"":""ifrs-full_NoncurrentLeaseLiabilities"",""account_nm"":""리스부채"",""amount"":10540870258.0}]",[],[],,RAW_CASH_AND_DEBT_CAPTURED_POLICY_REQUIRED,,SOURCE_LIMITED_DA_NOT_VALIDATED,,SOURCE_ONLY_SCORE_NOT_GENERATED,NOT_DEFINED,2026-09-22T22:35:40+09:00
003030,세아제강지주,KOSPI,00124197,세아제강지주,2026-09-16-v8.11.7-five-financial-cis-interest-revenue-contract,2026-07-01-v6.0-score-policy,READY_RAW_SOURCE,,2026 반기보고서,CFS,2025,CFS,3759574982771.0,3675086864147.0,3913342472741.0,205826153302.0,211611279793.0,590946429587.0,97853853614.0,117043515792.0,409652266510.0,READY,READY_Q2_SOURCE,2026,1166898744311.0,1020890959670.0,-50795879556.0,85038673561.0,-74622910591.0,45499433501.0,14.3,-159.73,-264.01,,NOT_DEFINED_NO_CLASSIFICATION,2025,CFS,OK,657858846224.0,"[{""account_id"":""ifrs-full_CurrentBorrowingsAndCurrentPortionOfNoncurrentBorrowings"",""account_nm"":""차입부채"",""amount"":756141875269.0},{""account_id"":""ifrs-full_LongtermBorrowings"",""account_nm"":""비유동차입부채"",""amount"":1777921026680.0}]",[],"[{""account_id"":""ifrs-full_OtherNoncurrentFinancialLiabilities"",""account_nm"":""비유동금융부채"",""amount"":0.0}]",[],,RAW_CASH_AND_DEBT_CAPTURED_POLICY_REQUIRED,,SOURCE_LIMITED_DA_NOT_VALIDATED,,SOURCE_ONLY_SCORE_NOT_GENERATED,NOT_DEFINED,2026-09-22T22:35:40+09:00
003060,에이프로젠바이오로직스,KOSPI,00101044,에이프로젠바이오로직스,2026-09-16-v8.11.7-five-financial-cis-interest-revenue-contract,2026-07-01-v6.0-score-policy,READY_RAW_SOURCE,,2026 반기보고서,CFS,2025,CFS,73226140158.0,67378141310.0,87363627712.0,-60354664385.0,-52823131512.0,-57477960970.0,-168296872201.0,-104979607721.0,-115330071228.0,READY,READY_Q2_SOURCE,2026,23078438870.0,14896234814.0,-17459164920.0,-17951428693.0,-9668448313.0,-66887829188.0,54.93,2.74,85.55,,NOT_DEFINED_NO_CLASSIFICATION,2025,CFS,OK,24392535694.0,"[{""account_id"":""ifrs-full_ShorttermBorrowings"",""account_nm"":""차입금 및 사채"",""amount"":122283316196.0},{""account_id"":""ifrs-full_NoncurrentPortionOfNoncurrentLoansReceived"",""account_nm"":""장기차입금"",""amount"":40000000000.0}]",[],"[{""account_id"":""ifrs-full_OtherCurrentFinancialLiabilities"",""account_nm"":""기타유동금융부채"",""amount"":2508656049.0},{""account_id"":""ifrs-full_OtherNoncurrentFinancialLiabilities"",""account_nm"":""기타비유동금융부채"",""amount"":18674776882.0}]",[],,RAW_CASH_AND_DEBT_CAPTURED_POLICY_REQUIRED,,SOURCE_LIMITED_DA_NOT_VALIDATED,,SOURCE_ONLY_SCORE_NOT_GENERATED,NOT_DEFINED,2026-09-22T22:35:40+09:00
003160,디아이,KOSPI,00118275,디아이,2026-09-16-v8.11.7-five-financial-cis-interest-revenue-contract,2026-07-01-v6.0-score-policy,READY_RAW_SOURCE,,2026 반기보고서,CFS,2025,CFS,432293560547.0,213957402579.0,214541934868.0,36508298757.0,3081395875.0,6139629128.0,13517288709.0,2771028466.0,1960664847.0,READY,READY_Q2_SOURCE,2026,168631873359.0,119269899032.0,39589999867.0,12249705307.0,31839433080.0,8841828300.0,41.39,223.19,260.1,,NOT_DEFINED_NO_CLASSIFICATION,2025,CFS,OK,107118966351.0,"[{""account_id"":""ifrs-full_NoncurrentPortionOfNoncurrentBondsIssued"",""account_nm"":""비유동 사채의 비유동성 부분"",""amount"":22531817291.0},{""account_id"":""ifrs-full_NoncurrentPortionOfNoncurrentLoansReceived"",""account_nm"":""장기차입금"",""amount"":30654250400.0}]",[],"[{""account_id"":""ifrs-full_OtherCurrentFinancialLiabilities"",""account_nm"":""기타유동금융부채"",""amount"":2167207291.0},{""account_id"":""ifrs-full_OtherNoncurrentFinancialLiabilities"",""account_nm"":""기타비유동금융부채"",""amount"":2072526927.0}]",[],,RAW_CASH_AND_DEBT_CAPTURED_POLICY_REQUIRED,,SOURCE_LIMITED_DA_NOT_VALIDATED,,SOURCE_ONLY_SCORE_NOT_GENERATED,NOT_DEFINED,2026-09-22T22:35:40+09:00
003220,대원제약,KOSPI,00111999,대원제약,2026-09-16-v8.11.7-five-financial-cis-interest-revenue-contract,2026-07-01-v6.0-score-policy,READY_RAW_SOURCE,,2026 반기보고서,CFS,2025,CFS,605434719615.0,598162352613.0,526952045065.0,3483326321.0,28220453539.0,32232798510.0,-4012533918.0,9044729468.0,23463261382.0,READY,READY_Q2_SOURCE,2026,152831677188.0,143855801445.0,-8919930.0,-1408435107.0,3777595598.0,-3502318359.0,6.24,99.37,207.86,,NOT_DEFINED_NO_CLASSIFICATION,2025,CFS,OK,47196486757.0,"[{""account_id"":""ifrs-full_ShorttermBorrowings"",""account_nm"":""유동 차입금(사채 포함)"",""amount"":115216154828.0},{""account_id"":""ifrs-full_LongtermBorrowings"",""account_nm"":""비유동차입금(사채 포함)의 비유동성 부분"",""amount"":82869761565.0}]","[{""account_id"":""ifrs-full_CurrentLeaseLiabilities"",""account_nm"":""유동 리스부채"",""amount"":1863649515.0},{""account_id"":""ifrs-full_NoncurrentLeaseLiabilities"",""account_nm"":""비유동 리스부채"",""amount"":2084725749.0}]",[],[],,RAW_CASH_AND_DEBT_CAPTURED_POLICY_REQUIRED,,SOURCE_LIMITED_DA_NOT_VALIDATED,,SOURCE_ONLY_SCORE_NOT_GENERATED,NOT_DEFINED,2026-09-22T22:35:40+09:00
003230,삼양식품,KOSPI,00126955,삼양식품,2026-09-16-v8.11.7-five-financial-cis-interest-revenue-contract,2026-07-01-v6.0-score-policy,READY_RAW_SOURCE,,2026 반기보고서,CFS,2025,CFS,2351785163786.0,1728015003746.0,1192914607980.0,524188406060.0,344569150443.0,147514090779.0,388673674725.0,271255665463.0,126591199633.0,READY,READY_Q2_SOURCE,2026,770308613235.0,553077609232.0,176180637399.0,120087954818.0,137538620427.0,84074794328.0,39.28,46.71,63.59,,NOT_DEFINED_NO_CLASSIFICATION,2025,CFS,OK,332840576772.0,"[{""account_id"":""ifrs-full_CurrentPortionOfLongtermBorrowings"",""account_nm"":""유동성장기부채"",""amount"":50044472849.0},{""account_id"":""ifrs-full_ShorttermBorrowings"",""account_nm"":""단기차입금"",""amount"":92341086958.0},{""account_id"":""ifrs-full_LongtermBorrowings"",""account_nm"":""장기차입금"",""amount"":296883771998.0}]","[{""account_id"":""ifrs-full_CurrentLeaseLiabilities"",""account_nm"":""유동성리스부채"",""amount"":20256209280.0},{""account_id"":""ifrs-full_NoncurrentLeaseLiabilities"",""account_nm"":""비유동 리스부채"",""amount"":43123674006.0}]","[{""account_id"":""ifrs-full_OtherCurrentFinancialLiabilities"",""account_nm"":""기타유동금융부채"",""amount"":131224432893.0},{""account_id"":""ifrs-full_OtherNoncurrentFinancialLiabilities"",""account_nm"":""기타비유동금융부채"",""amount"":175607985.0}]",[],,RAW_CASH_AND_DEBT_CAPTURED_POLICY_REQUIRED,,SOURCE_LIMITED_DA_NOT_VALIDATED,,SOURCE_ONLY_SCORE_NOT_GENERATED,NOT_DEFINED,2026-09-22T22:35:40+09:00
003350,한국화장품제조,KOSPI,00160621,한국화장품제조,2026-09-16-v8.11.7-five-financial-cis-interest-revenue-contract,2026-07-01-v6.0-score-policy,READY_RAW_SOURCE,,2026 반기보고서,OFS,2025,OFS,184628302893.0,167469221700.0,109337763369.0,32883912931.0,26545200453.0,9024560440.0,27372880025.0,23136186920.0,7281366199.0,READY,READY_Q2_SOURCE,2026,71182564335.0,53773985225.0,13952906541.0,10824711844.0,10837864318.0,8476674484.0,32.37,28.9,27.86,,NOT_DEFINED_NO_CLASSIFICATION,2025,OFS,OK,54023886737.0,"[{""account_id"":""ifrs-full_CurrentPortionOfLongtermBorrowings"",""account_nm"":""유동성장기차입부채"",""amount"":0.0},{""account_id"":""ifrs-full_ShorttermBorrowings"",""account_nm"":""단기차입부채"",""amount"":5000000000.0}]",[],[],[],,RAW_CASH_AND_DEBT_CAPTURED_POLICY_REQUIRED,,SOURCE_LIMITED_DA_NOT_VALIDATED,,SOURCE_ONLY_SCORE_NOT_GENERATED,NOT_DEFINED,2026-09-22T22:35:40+09:00
003470,유안타증권,KOSPI,00117601,유안타증권,2026-09-16-v8.11.7-five-financial-cis-interest-revenue-contract,2026-07-01-v6.0-score-policy,READY_RAW_SOURCE,,2026 반기보고서,CFS,2025,CFS,3461272611000.0,2712726528000.0,2855003316000.0,99379167000.0,94753156000.0,129124926000.0,95631538000.0,73049835000.0,64427517000.0,READY,READY_Q2_SOURCE,2026,1795225716000.0,773649878000.0,86473093000.0,26841432000.0,61860690000.0,23490642000.0,132.05,222.16,163.34,,NOT_DEFINED_NO_CLASSIFICATION,2025,CFS,OK,812775997000.0,"[{""account_id"":""ifrs-full_OtherBorrowings"",""account_nm"":""차입금"",""amount"":3010200022000.0}]",[],[],"[{""account_id"":""dart_AmortisationExpenseSellingGeneralAdministrativeExpenses"",""account_nm"":""무형자산상각비"",""amount"":6717442000.0},{""account_id"":""dart_DepreciationExpenseSellingGeneralAdministrativeExpenses"",""account_nm"":""감가상각비"",""amount"":27912141000.0},{""account_id"":""ifrs-full_AdjustmentsForDepreciationAndAmortisationExpense"",""account_nm"":""감가상각비와 상각비의 조정"",""amount"":34629583000.0},{""account_id"":""ifrs-full_AdjustmentsForAmortisationExpense"",""account_nm"":""무형자산상각비"",""amount"":6717442000.0},{""account_id"":""ifrs-full_AdjustmentsForDepreciationExpense"",""account_nm"":""감가상각비"",""amount"":27912141000.0}]",,RAW_CASH_AND_DEBT_CAPTURED_POLICY_REQUIRED,,SOURCE_LIMITED_DA_NOT_VALIDATED,,SOURCE_ONLY_SCORE_NOT_GENERATED,NOT_DEFINED,2026-09-22T22:35:40+09:00
003480,한진중공업홀딩스,KOSPI,00163673,한진중공업홀딩스,2026-09-16-v8.11.7-five-financial-cis-interest-revenue-contract,2026-07-01-v6.0-score-policy,LIMITED_RAW_SOURCE,QUARTER_LIMITED,2026 반기보고서,CFS,2025,CFS,1201730000000.0,1164853000000.0,1242608000000.0,73254000000.0,45875000000.0,39375000000.0,62562000000.0,60846000000.0,7903000000.0,READY,LIMITED,2026,,,3081000000.0,823000000.0,408000000.0,-683000000.0,,274.36,159.74,,NOT_DEFINED_NO_CLASSIFICATION,2025,CFS,OK,131145000000.0,"[{""account_id"":""-표준계정코드 미사용-"",""account_nm"":""단기차입금"",""amount"":135400000000.0},{""account_id"":""-표준계정코드 미사용-"",""account_nm"":""유동성장기부채"",""amount"":60205000000.0},{""account_id"":""-표준계정코드 미사용-"",""account_nm"":""장기차입금"",""amount"":377689000000.0},{""account_id"":""ifrs-full_NoncurrentPortionOfNoncurrentBondsIssued"",""account_nm"":""사채"",""amount"":39500000000.0}]","[{""account_id"":""ifrs-full_CurrentLeaseLiabilities"",""account_nm"":""유동성리스부채"",""amount"":2798000000.0},{""account_id"":""ifrs-full_NoncurrentLeaseLiabilities"",""account_nm"":""비유동성리스부채"",""amount"":13063000000.0}]",[],[],,RAW_CASH_AND_DEBT_CAPTURED_POLICY_REQUIRED,,SOURCE_LIMITED_DA_NOT_VALIDATED,,SOURCE_ONLY_SCORE_NOT_GENERATED,NOT_DEFINED,2026-09-22T22:35:40+09:00
003490,대한항공,KOSPI,00113526,대한항공,2026-09-16-v8.11.7-five-financial-cis-interest-revenue-contract,2026-07-01-v6.0-score-policy,READY_RAW_SOURCE,,2026 반기보고서,CFS,2025,CFS,25225542379502.0,17870718495804.0,16111796106147.0,1113589428051.0,2110200077994.0,1790089190805.0,647272880287.0,1381858075058.0,1129105735756.0,READY,READY_Q2_SOURCE,2026,7230055624254.0,6210705839436.0,-207110889990.0,370083817468.0,-600094131193.0,557275604992.0,16.41,-155.96,-207.68,,NOT_DEFINED_NO_CLASSIFICATION,2025,CFS,OK,1869988073408.0,"[{""account_id"":""-표준계정코드 미사용-"",""account_nm"":""단기차입금"",""amount"":2027009390000.0},{""account_id"":""ifrs-full_CurrentPortionOfLongtermBorrowings"",""account_nm"":""유동성장기부채"",""amount"":1437525929701.0},{""account_id"":""ifrs-full_NoncurrentPortionOfNoncurrentBondsIssued"",""account_nm"":""사채"",""amount"":2623259302544.0},{""account_id"":""ifrs-full_NoncurrentPortionOfOtherNoncurrentBorrowings"",""account_nm"":""장기차입금"",""amount"":3277465790737.0}]","[{""account_id"":""ifrs-full_CurrentLeaseLiabilities"",""account_nm"":""유동성리스부채"",""amount"":2190549115697.0},{""account_id"":""ifrs-full_NoncurrentLeaseLiabilities"",""account_nm"":""리스부채"",""amount"":10847009942214.0}]","[{""account_id"":""ifrs-full_OtherCurrentFinancialLiabilities"",""account_nm"":""기타유동금융부채"",""amount"":10370259402.0},{""account_id"":""ifrs-full_OtherNoncurrentFinancialLiabilities"",""account_nm"":""기타금융부채"",""amount"":63628127881.0}]","[{""account_id"":""ifrs-full_AdjustmentsForAmortisationExpense"",""account_nm"":""무형자산상각비"",""amount"":117424139669.0},{""account_id"":""ifrs-full_AdjustmentsForDepreciationExpense"",""account_nm"":""감가상각비"",""amount"":2737739724778.0}]",,RAW_CASH_AND_DEBT_CAPTURED_POLICY_REQUIRED,,SOURCE_LIMITED_DA_NOT_VALIDATED,,SOURCE_ONLY_SCORE_NOT_GENERATED,NOT_DEFINED,2026-09-22T22:35:40+09:00
003540,대신증권,KOSPI,00110893,대신증권,2026-09-16-v8.11.7-five-financial-cis-interest-revenue-contract,2026-07-01-v6.0-score-policy,READY_RAW_SOURCE,,2026 반기보고서,CFS,2025,CFS,5063889973000.0,4093862748000.0,3854590575000.0,301402464000.0,83593035000.0,161317426000.0,186726503000.0,144182139000.0,135831720000.0,READY,READY_Q2_SOURCE,2026,2550413757000.0,1322101606000.0,359932819000.0,135735197000.0,257807571000.0,75216468000.0,92.91,165.17,242.75,,NOT_DEFINED_NO_CLASSIFICATION,2025,CFS,OK,,"[{""account_id"":""ifrs-full_BondsIssued"",""account_nm"":""사채"",""amount"":6087979133000.0}]",[],[],"[{""account_id"":""ifrs-full_DepreciationAndAmortisationExpense"",""account_nm"":""감가상각비 및 상각비"",""amount"":50867931000.0},{""account_id"":""ifrs-full_AdjustmentsForDepreciationAndAmortisationExpense"",""account_nm"":""감가상각비 및 상각비"",""amount"":50867931000.0}]",,RAW_CASH_AND_DEBT_CAPTURED_POLICY_REQUIRED,,SOURCE_LIMITED_DA_NOT_VALIDATED,,SOURCE_ONLY_SCORE_NOT_GENERATED,NOT_DEFINED,2026-09-22T22:35:40+09:00
003550,LG,KOSPI,00120021,LG,2026-09-16-v8.11.7-five-financial-cis-interest-revenue-contract,2026-07-01-v6.0-score-policy,READY_RAW_SOURCE,,2026 반기보고서,CFS,2025,CFS,7252547000000.0,7175505000000.0,7445336000000.0,912174000000.0,966842000000.0,1589013000000.0,1000121000000.0,790478000000.0,1414258000000.0,READY,READY_Q2_SOURCE,2026,2139622000000.0,1797748000000.0,532978000000.0,276889000000.0,533838000000.0,244174000000.0,19.02,92.49,118.63,,NOT_DEFINED_NO_CLASSIFICATION,2025,CFS,OK,1511450000000.0,"[{""account_id"":""ifrs-full_CurrentPortionOfLongtermBorrowings"",""account_nm"":""유동성장기차입금"",""amount"":229948000000.0},{""account_id"":""ifrs-full_ShorttermBorrowings"",""account_nm"":""단기차입금"",""amount"":0.0},{""account_id"":""ifrs-full_LongtermBorrowings"",""account_nm"":""장기차입금"",""amount"":159829000000.0}]","[{""account_id"":""ifrs-full_CurrentLeaseLiabilities"",""account_nm"":""유동성 리스부채"",""amount"":103017000000.0},{""account_id"":""ifrs-full_NoncurrentLeaseLiabilities"",""account_nm"":""리스부채"",""amount"":292718000000.0}]",[],"[{""account_id"":""ifrs-full_AdjustmentsForAmortisationExpense"",""account_nm"":""무형자산상각비"",""amount"":26756000000.0},{""account_id"":""ifrs-full_AdjustmentsForDepreciationExpense"",""account_nm"":""감가상각비"",""amount"":204435000000.0}]",,RAW_CASH_AND_DEBT_CAPTURED_POLICY_REQUIRED,,SOURCE_LIMITED_DA_NOT_VALIDATED,,SOURCE_ONLY_SCORE_NOT_GENERATED,NOT_DEFINED,2026-09-22T22:35:40+09:00
003570,SNT다이내믹스,KOSPI,00134477,SNT다이내믹스,2026-09-16-v8.11.7-five-financial-cis-interest-revenue-contract,2026-07-01-v6.0-score-policy,READY_RAW_SOURCE,,2026 반기보고서,CFS,2025,CFS,712021619474.0,614453293151.0,485954273334.0,85457001419.0,110508614595.0,41595970398.0,61574936460.0,96131825495.0,49529807111.0,READY,READY_Q2_SOURCE,2026,196312938239.0,186530952841.0,17187511330.0,29586124273.0,13114150085.0,28013018809.0,5.24,-41.91,-53.19,,NOT_DEFINED_NO_CLASSIFICATION,2025,CFS,OK,45214394675.0,[],[],[],[],,RAW_CASH_AND_DEBT_CAPTURED_POLICY_REQUIRED,,SOURCE_LIMITED_DA_NOT_VALIDATED,,SOURCE_ONLY_SCORE_NOT_GENERATED,NOT_DEFINED,2026-09-22T22:35:40+09:00
003620,KG모빌리티,KOSPI,00138242,KG모빌리티,2026-09-16-v8.11.7-five-financial-cis-interest-revenue-contract,2026-07-01-v6.0-score-policy,READY_RAW_SOURCE,,2026 반기보고서,CFS,2025,CFS,4303636808271.0,3905069387798.0,3736368968570.0,36155571131.0,1432909587.0,12547597407.0,46571489864.0,33844431596.0,8924265072.0,READY,READY_Q2_SOURCE,2026,1233964507107.0,986435230412.0,5222308099.0,8013267735.0,14897226264.0,-7704242793.0,25.09,-34.83,293.36,,NOT_DEFINED_NO_CLASSIFICATION,2025,CFS,OK,72593708491.0,"[{""account_id"":""ifrs-full_CurrentLoansReceivedAndCurrentPortionOfNoncurrentLoansReceived"",""account_nm"":""단기차입금"",""amount"":300203278319.0},{""account_id"":""dart_LongTermBorrowingsGross"",""account_nm"":""장기차입금"",""amount"":140000000000.0}]","[{""account_id"":""ifrs-full_CurrentLeaseLiabilities"",""account_nm"":""유동성리스부채"",""amount"":4668197184.0},{""account_id"":""ifrs-full_NoncurrentLeaseLiabilities"",""account_nm"":""리스부채"",""amount"":7826577497.0}]","[{""account_id"":""ifrs-full_OtherNoncurrentFinancialLiabilities"",""account_nm"":""기타장기부채"",""amount"":13058717664.0}]",[],,RAW_CASH_AND_DEBT_CAPTURED_POLICY_REQUIRED,,SOURCE_LIMITED_DA_NOT_VALIDATED,,SOURCE_ONLY_SCORE_NOT_GENERATED,NOT_DEFINED,2026-09-22T22:35:40+09:00
003670,포스코퓨처엠,KOSPI,00155276,포스코퓨처엠,2026-09-16-v8.11.7-five-financial-cis-interest-revenue-contract,2026-07-01-v6.0-score-policy,READY_RAW_SOURCE,,2026 반기보고서,CFS,2025,CFS,2938698184392.0,3699944235821.0,4759871486264.0,32827283494.0,721245866.0,35882185999.0,36521891144.0,-231338259262.0,4435219953.0,READY,READY_Q2_SOURCE,2026,679457103191.0,660936939289.0,26688763004.0,773324990.0,24654775346.0,-35547312063.0,2.8,3351.17,169.36,,NOT_DEFINED_NO_CLASSIFICATION,2025,CFS,OK,319841457995.0,"[{""account_id"":""ifrs-full_CurrentLoansReceivedAndCurrentPortionOfNoncurrentLoansReceived"",""account_nm"":""단기차입금"",""amount"":127463250125.0},{""account_id"":""ifrs-full_CurrentPortionOfLongtermBorrowings"",""account_nm"":""유동성장기차입금 및 사채"",""amount"":881083322710.0},{""account_id"":""ifrs-full_LongtermBorrowings"",""account_nm"":""비유동차입금(사채 포함)의 비유동성 부분"",""amount"":2858435600681.0}]","[{""account_id"":""ifrs-full_CurrentLeaseLiabilities"",""account_nm"":""유동 리스부채"",""amount"":19946389111.0},{""account_id"":""ifrs-full_NoncurrentLeaseLiabilities"",""account_nm"":""비유동 리스부채"",""amount"":64552693463.0}]","[{""account_id"":""ifrs-full_OtherCurrentFinancialLiabilities"",""account_nm"":""기타유동금융부채"",""amount"":450750683727.0},{""account_id"":""ifrs-full_OtherNoncurrentFinancialLiabilities"",""account_nm"":""기타비유동금융부채"",""amount"":10864120439.0}]",[],,RAW_CASH_AND_DEBT_CAPTURED_POLICY_REQUIRED,,SOURCE_LIMITED_DA_NOT_VALIDATED,,SOURCE_ONLY_SCORE_NOT_GENERATED,NOT_DEFINED,2026-09-22T22:35:40+09:00
003850,보령,KOSPI,00123143,보령,2026-09-16-v8.11.7-five-financial-cis-interest-revenue-contract,2026-07-01-v6.0-score-policy,READY_RAW_SOURCE,,2026 반기보고서,CFS,2025,CFS,1017427357548.0,1017106670442.0,859625585767.0,65066733505.0,70472227261.0,68267020613.0,64302934599.0,69635720165.0,40213138264.0,READY,READY_Q2_SOURCE,2026,279622584597.0,251518343105.0,23798692282.0,25366419828.0,24054889962.0,8864322176.0,11.17,-6.18,171.37,,NOT_DEFINED_NO_CLASSIFICATION,2025,CFS,OK,227612718634.0,"[{""account_id"":""ifrs-full_NoncurrentPortionOfNoncurrentBondsIssued"",""account_nm"":""사채(비유동)"",""amount"":199543414150.0},{""account_id"":""ifrs-full_NoncurrentPortionOfNoncurrentLoansReceived"",""account_nm"":""장기차입부채"",""amount"":45124999984.0}]","[{""account_id"":""ifrs-full_CurrentLeaseLiabilities"",""account_nm"":""리스부채(유동)"",""amount"":4429987534.0},{""account_id"":""ifrs-full_NoncurrentLeaseLiabilities"",""account_nm"":""리스부채(비유동)"",""amount"":14434698061.0}]","[{""account_id"":""ifrs-full_OtherNoncurrentFinancialLiabilities"",""account_nm"":""기타금융부채(비유동)"",""amount"":83732648.0}]",[],,RAW_CASH_AND_DEBT_CAPTURED_POLICY_REQUIRED,,SOURCE_LIMITED_DA_NOT_VALIDATED,,SOURCE_ONLY_SCORE_NOT_GENERATED,NOT_DEFINED,2026-09-22T22:35:40+09:00
004000,롯데정밀화학,KOSPI,00157681,롯데정밀화학,2026-09-16-v8.11.7-five-financial-cis-interest-revenue-contract,2026-07-01-v6.0-score-policy,READY_RAW_SOURCE,,2026 반기보고서,CFS,2025,CFS,1752682647758.0,1670545189888.0,1768621115725.0,74361152818.0,50372565787.0,154778355081.0,106092942018.0,36380501672.0,182031600493.0,READY,READY_Q2_SOURCE,2026,586274822122.0,424673817977.0,61908017606.0,8711987833.0,94165203674.0,15524391249.0,38.05,610.61,506.56,,NOT_DEFINED_NO_CLASSIFICATION,2025,CFS,OK,172038879703.0,"[{""account_id"":""ifrs-full_ShorttermBorrowings"",""account_nm"":""단기차입금"",""amount"":842860000.0}]",[],"[{""account_id"":""ifrs-full_OtherCurrentFinancialLiabilities"",""account_nm"":""기타유동금융부채"",""amount"":91725206785.0},{""account_id"":""ifrs-full_OtherNoncurrentFinancialLiabilities"",""account_nm"":""기타비유동금융부채"",""amount"":45301437028.0}]",[],,RAW_CASH_AND_DEBT_CAPTURED_POLICY_REQUIRED,,SOURCE_LIMITED_DA_NOT_VALIDATED,,SOURCE_ONLY_SCORE_NOT_GENERATED,NOT_DEFINED,2026-09-22T22:35:40+09:00
004090,한국석유,KOSPI,00157991,한국석유공업,2026-09-16-v8.11.7-five-financial-cis-interest-revenue-contract,2026-07-01-v6.0-score-policy,READY_RAW_SOURCE,,2026 반기보고서,CFS,2025,CFS,696926234873.0,726195804425.0,682274380401.0,11844186456.0,18774769252.0,18003041913.0,5072886019.0,12890793820.0,14756719369.0,READY,READY_Q2_SOURCE,2026,231630791282.0,192310404308.0,13790541369.0,3527560431.0,12035890833.0,4195800888.0,20.45,290.94,186.86,,NOT_DEFINED_NO_CLASSIFICATION,2025,CFS,OK,9636333344.0,"[{""account_id"":""ifrs-full_CurrentBorrowingsAndCurrentPortionOfNoncurrentBorrowings"",""account_nm"":""단기차입금 등"",""amount"":93633704656.0},{""account_id"":""ifrs-full_LongtermBorrowings"",""account_nm"":""장기차입금 등"",""amount"":43199368850.0}]","[{""account_id"":""ifrs-full_CurrentLeaseLiabilities"",""account_nm"":""유동 리스부채"",""amount"":546677340.0},{""account_id"":""ifrs-full_NoncurrentLeaseLiabilities"",""account_nm"":""비유동 리스부채"",""amount"":433387603.0}]","[{""account_id"":""ifrs-full_OtherCurrentFinancialLiabilities"",""account_nm"":""기타유동금융부채"",""amount"":320758025.0},{""account_id"":""ifrs-full_OtherNoncurrentFinancialLiabilities"",""account_nm"":""기타비유동금융부채"",""amount"":3099551609.0}]",[],,RAW_CASH_AND_DEBT_CAPTURED_POLICY_REQUIRED,,SOURCE_LIMITED_DA_NOT_VALIDATED,,SOURCE_ONLY_SCORE_NOT_GENERATED,NOT_DEFINED,2026-09-22T22:35:40+09:00
004170,신세계,KOSPI,00136378,신세계,2026-09-16-v8.11.7-five-financial-cis-interest-revenue-contract,2026-07-01-v6.0-score-policy,READY_RAW_SOURCE,,2026 반기보고서,CFS,2025,CFS,6929498818333.0,6570412728809.0,6357088542148.0,479961762138.0,477024306786.0,639780613579.0,64603501354.0,186608863964.0,311968012608.0,READY,READY_Q2_SOURCE,2026,1780382086514.0,1693824109664.0,167133000915.0,75339516369.0,106987192920.0,8315133956.0,5.11,121.84,1186.66,,NOT_DEFINED_NO_CLASSIFICATION,2025,CFS,OK,845128179533.0,"[{""account_id"":""ifrs-full_CurrentBorrowingsAndCurrentPortionOfNoncurrentBorrowings"",""account_nm"":""단기차입금"",""amount"":2154639015848.0},{""account_id"":""ifrs-full_LongtermBorrowings"",""account_nm"":""장기차입금"",""amount"":2404267280398.0}]","[{""account_id"":""ifrs-full_CurrentLeaseLiabilities"",""account_nm"":""리스부채"",""amount"":80287438945.0},{""account_id"":""ifrs-full_NoncurrentLeaseLiabilities"",""account_nm"":""리스부채"",""amount"":695704574608.0}]","[{""account_id"":""ifrs-full_OtherCurrentFinancialLiabilities"",""account_nm"":""기타금융부채"",""amount"":202720715582.0},{""account_id"":""ifrs-full_OtherNoncurrentFinancialLiabilities"",""account_nm"":""기타금융부채"",""amount"":107761504987.0}]",[],,RAW_CASH_AND_DEBT_CAPTURED_POLICY_REQUIRED,,SOURCE_LIMITED_DA_NOT_VALIDATED,,SOURCE_ONLY_SCORE_NOT_GENERATED,NOT_DEFINED,2026-09-22T22:35:40+09:00
004310,현대약품,KOSPI,00164706,현대약품,2026-09-16-v8.11.7-five-financial-cis-interest-revenue-contract,2026-07-01-v6.0-score-policy,READY_RAW_SOURCE,,2026 반기보고서,OFS,2025,OFS,191790079025.0,175735499255.0,180762658997.0,4160910933.0,180885917.0,6926929270.0,2516256242.0,-574887516.0,6121759554.0,READY,READY_Q2_SOURCE,2026,55585357882.0,48413959779.0,976252404.0,1077665605.0,1211880916.0,956456846.0,14.81,-9.41,26.71,,NOT_DEFINED_NO_CLASSIFICATION,2025,OFS,OK,2503747120.0,"[{""account_id"":""ifrs-full_ShorttermBorrowings"",""account_nm"":""단기차입금"",""amount"":43875000000.0},{""account_id"":""dart_LongTermBorrowingsGross"",""account_nm"":""장기차입금"",""amount"":5659500000.0}]","[{""account_id"":""ifrs-full_CurrentLeaseLiabilities"",""account_nm"":""유동리스부채"",""amount"":263332762.0},{""account_id"":""ifrs-full_NoncurrentLeaseLiabilities"",""account_nm"":""비유동리스부채"",""amount"":132681682.0}]","[{""account_id"":""ifrs-full_OtherCurrentFinancialLiabilities"",""account_nm"":""기타금융부채"",""amount"":2742888922.0},{""account_id"":""ifrs-full_OtherNoncurrentFinancialLiabilities"",""account_nm"":""기타금융부채"",""amount"":345000000.0}]","[{""account_id"":""ifrs-full_AdjustmentsForAmortisationExpense"",""account_nm"":""무형자산상각비"",""amount"":767496321.0},{""account_id"":""ifrs-full_AdjustmentsForDepreciationExpense"",""account_nm"":""유형·투자부동산 감가상각비"",""amount"":3133603441.0}]",,RAW_CASH_AND_DEBT_CAPTURED_POLICY_REQUIRED,,SOURCE_LIMITED_DA_NOT_VALIDATED,,SOURCE_ONLY_SCORE_NOT_GENERATED,NOT_DEFINED,2026-09-22T22:35:40+09:00
004370,농심,KOSPI,00108241,농심,2026-09-16-v8.11.7-five-financial-cis-interest-revenue-contract,2026-07-01-v6.0-score-policy,READY_RAW_SOURCE,,2026 반기보고서,CFS,2025,CFS,3514315500097.0,3438730857998.0,3410559367259.0,183933032197.0,163073931930.0,212064743455.0,170054449646.0,157630314203.0,171469224876.0,READY,READY_Q2_SOURCE,2026,956063105295.0,867725185755.0,59252095212.0,40152228653.0,54665696236.0,36412680438.0,10.18,47.57,50.13,,NOT_DEFINED_NO_CLASSIFICATION,2025,CFS,OK,253539960716.0,"[{""account_id"":""ifrs-full_ShorttermBorrowings"",""account_nm"":""단기차입금"",""amount"":27652497602.0},{""account_id"":""dart_LongTermBorrowingsGross"",""account_nm"":""장기차입금"",""amount"":14446152688.0}]","[{""account_id"":""ifrs-full_CurrentLeaseLiabilities"",""account_nm"":""리스부채"",""amount"":9718194757.0},{""account_id"":""ifrs-full_NoncurrentLeaseLiabilities"",""account_nm"":""리스부채"",""amount"":13294946716.0}]",[],[],,RAW_CASH_AND_DEBT_CAPTURED_POLICY_REQUIRED,,SOURCE_LIMITED_DA_NOT_VALIDATED,,SOURCE_ONLY_SCORE_NOT_GENERATED,NOT_DEFINED,2026-09-22T22:35:40+09:00
004440,삼일씨엔에스,KOSPI,00109806,삼일씨엔에스,2026-09-16-v8.11.7-five-financial-cis-interest-revenue-contract,2026-07-01-v6.0-score-policy,READY_RAW_SOURCE,,2026 반기보고서,OFS,2025,OFS,223128675519.0,221295516428.0,216447816121.0,4995949054.0,-1674561213.0,5170081404.0,1494100183.0,-2013922758.0,2087170237.0,READY,READY_Q2_SOURCE,2026,79595802515.0,58012355907.0,2470959925.0,2330601223.0,1781582967.0,1224591355.0,37.2,6.02,45.48,,NOT_DEFINED_NO_CLASSIFICATION,2025,OFS,OK,95697683414.0,"[{""account_id"":""ifrs-full_CurrentPortionOfLongtermBorrowings"",""account_nm"":""유동성장기차입금"",""amount"":null},{""account_id"":""ifrs-full_ShorttermBorrowings"",""account_nm"":""단기차입금"",""amount"":127800000000.0}]","[{""account_id"":""ifrs-full_CurrentLeaseLiabilities"",""account_nm"":""리스부채"",""amount"":223941032.0},{""account_id"":""ifrs-full_NoncurrentLeaseLiabilities"",""account_nm"":""리스부채"",""amount"":295353789.0}]",[],[],,RAW_CASH_AND_DEBT_CAPTURED_POLICY_REQUIRED,,SOURCE_LIMITED_DA_NOT_VALIDATED,,SOURCE_ONLY_SCORE_NOT_GENERATED,NOT_DEFINED,2026-09-22T22:35:40+09:00
004490,세방전지,KOSPI,00133858,세방전지,2026-09-16-v8.11.7-five-financial-cis-interest-revenue-contract,2026-07-01-v6.0-score-policy,READY_RAW_SOURCE,,2026 반기보고서,CFS,2025,CFS,2142068327877.0,2059542800914.0,1684815345750.0,153763577366.0,179667570936.0,129915669248.0,141430242693.0,172321249541.0,118398646064.0,READY,READY_Q2_SOURCE,2026,530187002754.0,551614819656.0,35322669574.0,36193829322.0,36266527867.0,23443724934.0,-3.88,-2.41,54.7,,NOT_DEFINED_NO_CLASSIFICATION,2025,CFS,OK,227178088991.0,"[{""account_id"":""ifrs-full_CurrentPortionOfLongtermBorrowings"",""account_nm"":""비유동차입금(사채 포함)의 유동성 대체 부분"",""amount"":70000000000.0},{""account_id"":""ifrs-full_ShorttermBorrowings"",""account_nm"":""유동 차입금(사채 포함)"",""amount"":148228623014.0},{""account_id"":""ifrs-full_LongtermBorrowings"",""account_nm"":""비유동차입금(사채 포함)의 비유동성 부분"",""amount"":33000000000.0}]","[{""account_id"":""ifrs-full_CurrentLeaseLiabilities"",""account_nm"":""유동 리스부채"",""amount"":5179348955.0},{""account_id"":""ifrs-full_NoncurrentLeaseLiabilities"",""account_nm"":""비유동 리스부채"",""amount"":13866814581.0}]",[],[],,RAW_CASH_AND_DEBT_CAPTURED_POLICY_REQUIRED,,SOURCE_LIMITED_DA_NOT_VALIDATED,,SOURCE_ONLY_SCORE_NOT_GENERATED,NOT_DEFINED,2026-09-22T22:35:40+09:00
004710,한솔테크닉스,KOSPI,00157399,한솔테크닉스,2026-09-16-v8.11.7-five-financial-cis-interest-revenue-contract,2026-07-01-v6.0-score-policy,READY_RAW_SOURCE,,2026 반기보고서,CFS,2025,CFS,1252424760923.0,1199483140800.0,1302679102712.0,20415690200.0,33354584118.0,48937418076.0,554181787.0,23176851498.0,38973271863.0,READY,READY_Q2_SOURCE,2026,335110968126.0,293573552867.0,14233351620.0,12790594545.0,10675506827.0,8497196338.0,14.15,11.28,25.64,,NOT_DEFINED_NO_CLASSIFICATION,2025,CFS,OK,48597796996.0,"[{""account_id"":""ifrs-full_ShorttermBorrowings"",""account_nm"":""단기차입금"",""amount"":78887530593.0},{""account_id"":""ifrs-full_NoncurrentPortionOfNoncurrentLoansReceived"",""account_nm"":""비유동 금융기관 차입금(사채 제외)의 비유동성 대체 부분"",""amount"":8000000000.0},{""account_id"":""ifrs-full_NoncurrentPortionOfNoncurrentNotesAndDebenturesIssued"",""account_nm"":""사채"",""amount"":74232005650.0}]",[],"[{""account_id"":""ifrs-full_OtherCurrentFinancialLiabilities"",""account_nm"":""기타유동금융부채"",""amount"":5040363319.0},{""account_id"":""ifrs-full_OtherNoncurrentFinancialLiabilities"",""account_nm"":""기타비유동금융부채"",""amount"":77544223817.0}]",[],,RAW_CASH_AND_DEBT_CAPTURED_POLICY_REQUIRED,,SOURCE_LIMITED_DA_NOT_VALIDATED,,SOURCE_ONLY_SCORE_NOT_GENERATED,NOT_DEFINED,2026-09-22T22:35:40+09:00
004770,써니전자,KOSPI,00138057,써니전자,2026-09-16-v8.11.7-five-financial-cis-interest-revenue-contract,2026-07-01-v6.0-score-policy,READY_RAW_SOURCE,,2026 반기보고서,OFS,2025,OFS,12360625475.0,12809512519.0,12759842344.0,2200952273.0,2576381536.0,901749708.0,3627600280.0,4397579372.0,3864294306.0,READY,READY_Q2_SOURCE,2026,3545337177.0,3207827520.0,244575827.0,539060502.0,333626451.0,604850356.0,10.52,-54.63,-44.84,,NOT_DEFINED_NO_CLASSIFICATION,2025,OFS,OK,3150303558.0,[],"[{""account_id"":""ifrs-full_CurrentLeaseLiabilities"",""account_nm"":""유동 리스부채"",""amount"":131215846.0},{""account_id"":""ifrs-full_NoncurrentLeaseLiabilities"",""account_nm"":""비유동 리스부채"",""amount"":123438786.0}]",[],[],,RAW_CASH_AND_DEBT_CAPTURED_POLICY_REQUIRED,,SOURCE_LIMITED_DA_NOT_VALIDATED,,SOURCE_ONLY_SCORE_NOT_GENERATED,NOT_DEFINED,2026-09-22T22:35:40+09:00
004990,롯데지주,KOSPI,00120562,롯데지주,2026-09-16-v8.11.7-five-financial-cis-interest-revenue-contract,2026-07-01-v6.0-score-policy,READY_RAW_SOURCE,,2026 반기보고서,CFS,2025,CFS,15539626589471.0,15756975627179.0,15159775895639.0,239439333968.0,340468760521.0,493689284141.0,-595003287583.0,-946077909988.0,163660188554.0,READY,READY_Q2_SOURCE,2026,4093073648313.0,4043186553890.0,128978572270.0,142199157410.0,64351963336.0,-68541091392.0,1.23,-9.3,193.89,,NOT_DEFINED_NO_CLASSIFICATION,2025,CFS,OK,1391291862106.0,"[{""account_id"":""ifrs-full_CurrentBorrowingsAndCurrentPortionOfNoncurrentBorrowings"",""account_nm"":""단기차입금및사채"",""amount"":3773429305995.0},{""account_id"":""ifrs-full_LongtermBorrowings"",""account_nm"":""장기차입금및사채"",""amount"":4939982254445.0}]",[],"[{""account_id"":""ifrs-full_OtherCurrentFinancialLiabilities"",""account_nm"":""기타유동금융부채"",""amount"":762573173909.0},{""account_id"":""ifrs-full_OtherNoncurrentFinancialLiabilities"",""account_nm"":""기타비유동금융부채"",""amount"":732155806161.0}]",[],,RAW_CASH_AND_DEBT_CAPTURED_POLICY_REQUIRED,,SOURCE_LIMITED_DA_NOT_VALIDATED,,SOURCE_ONLY_SCORE_NOT_GENERATED,NOT_DEFINED,2026-09-22T22:35:40+09:00
005090,SGC에너지,KOSPI,00125150,SGC에너지,2026-09-16-v8.11.7-five-financial-cis-interest-revenue-contract,2026-07-01-v6.0-score-policy,READY_RAW_SOURCE,,2026 반기보고서,CFS,2025,CFS,2460687771156.0,2354993052127.0,3024051635225.0,95820325177.0,189611637907.0,106822963776.0,-94809582864.0,35894883016.0,17169648910.0,READY,READY_Q2_SOURCE,2026,576959944058.0,618460152234.0,44880845872.0,34011337486.0,7694153016.0,-5175848142.0,-6.71,31.96,248.65,,NOT_DEFINED_NO_CLASSIFICATION,2025,CFS,OK,223655673502.0,"[{""account_id"":""ifrs-full_ShorttermBorrowings"",""account_nm"":""단기차입금및사채"",""amount"":1318871651363.0}]","[{""account_id"":""ifrs-full_CurrentLeaseLiabilities"",""account_nm"":""유동 리스부채"",""amount"":7740092665.0},{""account_id"":""ifrs-full_NoncurrentLeaseLiabilities"",""account_nm"":""비유동 리스부채"",""amount"":54101479168.0}]","[{""account_id"":""ifrs-full_OtherCurrentFinancialLiabilities"",""account_nm"":""기타금융부채"",""amount"":8954891447.0},{""account_id"":""ifrs-full_OtherNoncurrentFinancialLiabilities"",""account_nm"":""기타비유동금융부채"",""amount"":3623112550.0}]",[],,RAW_CASH_AND_DEBT_CAPTURED_POLICY_REQUIRED,,SOURCE_LIMITED_DA_NOT_VALIDATED,,SOURCE_ONLY_SCORE_NOT_GENERATED,NOT_DEFINED,2026-09-22T22:35:40+09:00
005300,롯데칠성,KOSPI,00120571,롯데칠성음료,2026-09-16-v8.11.7-five-financial-cis-interest-revenue-contract,2026-07-01-v6.0-score-policy,READY_RAW_SOURCE,,2026 반기보고서,CFS,2025,CFS,3971143829134.0,4024503304484.0,3224680481809.0,167159917902.0,184926837143.0,210669752581.0,51198353335.0,60012909167.0,166513593085.0,READY,READY_Q2_SOURCE,2026,1112889927256.0,1087294314227.0,55845209059.0,62356488363.0,28202210045.0,27733578828.0,2.35,-10.44,1.69,,NOT_DEFINED_NO_CLASSIFICATION,2025,CFS,OK,213358325740.0,"[{""account_id"":""ifrs-full_CurrentBorrowingsAndCurrentPortionOfNoncurrentBorrowings"",""account_nm"":""유동 차입금 및 비유동차입금(사채 포함)의 유동성 대체 부분"",""amount"":602149934918.0},{""account_id"":""ifrs-full_LongtermBorrowings"",""account_nm"":""비유동차입금(사채 포함)의 비유동성 부분"",""amount"":985090413511.0}]","[{""account_id"":""ifrs-full_CurrentLeaseLiabilities"",""account_nm"":""유동 리스부채"",""amount"":33559923357.0},{""account_id"":""ifrs-full_NoncurrentLeaseLiabilities"",""account_nm"":""비유동 리스부채"",""amount"":96500769373.0}]","[{""account_id"":""ifrs-full_OtherCurrentFinancialLiabilities"",""account_nm"":""기타유동금융부채"",""amount"":15833520955.0},{""account_id"":""ifrs-full_OtherNoncurrentFinancialLiabilities"",""account_nm"":""기타비유동금융부채"",""amount"":72089454576.0}]",[],,RAW_CASH_AND_DEBT_CAPTURED_POLICY_REQUIRED,,SOURCE_LIMITED_DA_NOT_VALIDATED,,SOURCE_ONLY_SCORE_NOT_GENERATED,NOT_DEFINED,2026-09-22T22:35:40+09:00
005320,온타이드,KOSPI,00168331,온타이드,2026-09-16-v8.11.7-five-financial-cis-interest-revenue-contract,2026-07-01-v6.0-score-policy,READY_RAW_SOURCE,,2026 반기보고서,CFS,2025,CFS,231493980175.0,265915113091.0,224438686442.0,-1856204617.0,-4346365196.0,-3581191913.0,-10711001706.0,-3794212373.0,-8505715135.0,READY,READY_Q2_SOURCE,2026,69995749027.0,57802092483.0,6555879993.0,-4417254725.0,4666002198.0,-5706384797.0,21.1,248.42,181.77,,NOT_DEFINED_NO_CLASSIFICATION,2025,CFS,OK,17989211755.0,"[{""account_id"":""ifrs-full_ShorttermBorrowings"",""account_nm"":""단기차입금"",""amount"":18389775889.0},{""account_id"":""dart_LongTermBorrowingsGross"",""account_nm"":""장기차입금"",""amount"":3750000000.0}]","[{""account_id"":""ifrs-full_CurrentLeaseLiabilities"",""account_nm"":""단기리스부채"",""amount"":656638880.0},{""account_id"":""ifrs-full_NoncurrentLeaseLiabilities"",""account_nm"":""장기리스부채"",""amount"":201868409.0}]",[],[],,RAW_CASH_AND_DEBT_CAPTURED_POLICY_REQUIRED,,SOURCE_LIMITED_DA_NOT_VALIDATED,,SOURCE_ONLY_SCORE_NOT_GENERATED,NOT_DEFINED,2026-09-22T22:35:40+09:00
005440,현대지에프홀딩스,KOSPI,00105280,현대지에프홀딩스,2026-09-16-v8.11.7-five-financial-cis-interest-revenue-contract,2026-07-01-v6.0-score-policy,READY_RAW_SOURCE,,2026 반기보고서,CFS,2025,CFS,8091605017000.0,7409277127000.0,2629493454000.0,274073694000.0,198099994000.0,-11033826000.0,518661888000.0,791959780000.0,1100908213000.0,READY,READY_Q2_SOURCE,2026,2055729243000.0,1998795057000.0,85336942000.0,74480766000.0,132150045000.0,103266238000.0,2.85,14.58,27.97,,NOT_DEFINED_NO_CLASSIFICATION,2025,CFS,OK,257146334000.0,"[{""account_id"":""ifrs-full_CurrentBorrowingsAndCurrentPortionOfNoncurrentBorrowings"",""account_nm"":""단기차입금및유동성장기부채"",""amount"":539081146000.0},{""account_id"":""ifrs-full_LongtermBorrowings"",""account_nm"":""장기차입금및사채"",""amount"":219549409000.0}]","[{""account_id"":""ifrs-full_CurrentLeaseLiabilities"",""account_nm"":""유동 리스부채"",""amount"":49489918000.0},{""account_id"":""ifrs-full_NoncurrentLeaseLiabilities"",""account_nm"":""비유동 리스부채"",""amount"":134336774000.0}]","[{""account_id"":""ifrs-full_OtherCurrentFinancialLiabilities"",""account_nm"":""기타유동금융부채"",""amount"":19518944000.0},{""account_id"":""ifrs-full_OtherNoncurrentFinancialLiabilities"",""account_nm"":""기타비유동금융부채"",""amount"":7603527000.0}]",[],,RAW_CASH_AND_DEBT_CAPTURED_POLICY_REQUIRED,,SOURCE_LIMITED_DA_NOT_VALIDATED,,SOURCE_ONLY_SCORE_NOT_GENERATED,NOT_DEFINED,2026-09-22T22:35:40+09:00
005490,POSCO홀딩스,KOSPI,00155319,POSCO홀딩스,2026-09-16-v8.11.7-five-financial-cis-interest-revenue-contract,2026-07-01-v6.0-score-policy,READY_RAW_SOURCE,,2026 반기보고서,CFS,2025,CFS,69094886192787.0,72688143160111.0,77127197108585.0,1827063210829.0,2173573272904.0,3531422506439.0,504403472266.0,947580322052.0,1845849532200.0,READY,READY_Q2_SOURCE,2026,19258684353345.0,17555587387894.0,819013515966.0,607172109226.0,761314069991.0,83846022696.0,9.7,34.89,807.99,,NOT_DEFINED_NO_CLASSIFICATION,2025,CFS,OK,7049800440769.0,"[{""account_id"":""ifrs-full_CurrentBorrowingsAndCurrentPortionOfNoncurrentBorrowings"",""account_nm"":""차입금"",""amount"":12117421879741.0},{""account_id"":""ifrs-full_LongtermBorrowings"",""account_nm"":""장기차입금"",""amount"":16374578210992.0}]",[],"[{""account_id"":""ifrs-full_OtherCurrentFinancialLiabilities"",""account_nm"":""기타금융부채"",""amount"":66622983882.0},{""account_id"":""ifrs-full_OtherNoncurrentFinancialLiabilities"",""account_nm"":""기타금융부채"",""amount"":91068295762.0}]","[{""account_id"":""ifrs-full_AdjustmentsForAmortisationExpense"",""account_nm"":""무형자산상각비"",""amount"":465934606199.0},{""account_id"":""ifrs-full_AdjustmentsForDepreciationExpense"",""account_nm"":""감가상각비"",""amount"":3693287446560.0}]",,RAW_CASH_AND_DEBT_CAPTURED_POLICY_REQUIRED,,SOURCE_LIMITED_DA_NOT_VALIDATED,,SOURCE_ONLY_SCORE_NOT_GENERATED,NOT_DEFINED,2026-09-22T22:35:40+09:00
005830,DB손해보험,KOSPI,00159102,DB손해보험,2026-09-16-v8.11.7-five-financial-cis-interest-revenue-contract,2026-07-01-v6.0-score-policy,READY_RAW_SOURCE,,2026 반기보고서,CFS,2025,CFS,2183195000000.0,2005785000000.0,1759891000000.0,2383950000000.0,2424926000000.0,2234995000000.0,1790581000000.0,1853217000000.0,1742379000000.0,READY,READY_Q2_SOURCE,2026,585943000000.0,543271878419.0,1173879000000.0,798485734232.0,876864000000.0,652306108734.0,7.85,47.01,34.43,,NOT_DEFINED_NO_CLASSIFICATION,2025,CFS,OK,1713419000000.0,[],"[{""account_id"":""ifrs-full_LeaseLiabilities"",""account_nm"":""리스부채"",""amount"":59599000000.0}]","[{""account_id"":""ifrs-full_OtherFinancialLiabilities"",""account_nm"":""기타금융부채"",""amount"":1916764000000.0}]",[],,RAW_CASH_AND_DEBT_CAPTURED_POLICY_REQUIRED,,SOURCE_LIMITED_DA_NOT_VALIDATED,,SOURCE_ONLY_SCORE_NOT_GENERATED,NOT_DEFINED,2026-09-22T22:35:40+09:00
005930,삼성전자,KOSPI,00126380,삼성전자,2026-09-16-v8.11.7-five-financial-cis-interest-revenue-contract,2026-07-01-v6.0-score-policy,READY_RAW_SOURCE,,2026 반기보고서,CFS,2025,CFS,333605938000000.0,300870903000000.0,258935494000000.0,43601051000000.0,32725961000000.0,6566976000000.0,45206805000000.0,34451351000000.0,15487100000000.0,READY,READY_Q2_SOURCE,2026,171499470000000.0,74566317000000.0,89492412000000.0,4676057000000.0,71624461000000.0,5116435000000.0,130.0,1813.84,1299.89,,NOT_DEFINED_NO_CLASSIFICATION,2025,CFS,OK,57856378000000.0,"[{""account_id"":""-표준계정코드 미사용-"",""account_nm"":""단기차입금"",""amount"":17574980000000.0},{""account_id"":""ifrs-full_CurrentPortionOfLongtermBorrowings"",""account_nm"":""유동성장기부채"",""amount"":1177508000000.0},{""account_id"":""ifrs-full_NoncurrentPortionOfNoncurrentBondsIssued"",""account_nm"":""사채"",""amount"":7134000000.0},{""account_id"":""ifrs-full_NoncurrentPortionOfNoncurrentLoansReceived"",""account_nm"":""장기차입금"",""amount"":6479517000000.0}]",[],[],[],,RAW_CASH_AND_DEBT_CAPTURED_POLICY_REQUIRED,,SOURCE_LIMITED_DA_NOT_VALIDATED,,SOURCE_ONLY_SCORE_NOT_GENERATED,NOT_DEFINED,2026-09-22T22:35:40+09:00
006060,화승인더,KOSPI,00166227,화승인더스트리,2026-09-16-v8.11.7-five-financial-cis-interest-revenue-contract,2026-07-01-v6.0-score-policy,READY_RAW_SOURCE,,2026 반기보고서,CFS,2025,CFS,1781041307923.0,1867733844525.0,1466551191174.0,76579804544.0,118225154489.0,24745436322.0,9696359403.0,46909086708.0,-32499380085.0,READY,READY_Q2_SOURCE,2026,458189180476.0,443450881100.0,21685893608.0,19459641046.0,8127876613.0,-8027434057.0,3.32,11.44,201.25,,NOT_DEFINED_NO_CLASSIFICATION,2025,CFS,OK,166406515289.0,"[{""account_id"":""ifrs-full_NoncurrentPortionOfNoncurrentLoansReceived"",""account_nm"":""비유동성 금융기관 차입금(사채 제외)"",""amount"":15348464207.0}]","[{""account_id"":""ifrs-full_CurrentLeaseLiabilities"",""account_nm"":""리스부채(유동)"",""amount"":6193952993.0},{""account_id"":""ifrs-full_NoncurrentLeaseLiabilities"",""account_nm"":""리스부채(비유동)"",""amount"":41479123779.0}]",[],[],,RAW_CASH_AND_DEBT_CAPTURED_POLICY_REQUIRED,,SOURCE_LIMITED_DA_NOT_VALIDATED,,SOURCE_ONLY_SCORE_NOT_GENERATED,NOT_DEFINED,2026-09-22T22:35:40+09:00
006220,제주은행,KOSPI,00148832,제주은행,2026-09-16-v8.11.7-five-financial-cis-interest-revenue-contract,2026-07-01-v6.0-score-policy,LIMITED_RAW_SOURCE,"3Y_ANNUAL_LIMITED,QUARTER_LIMITED",2026 반기보고서,CFS,2025,CFS,,,,9934000000.0,11422000000.0,2623000000.0,13930000000.0,10416000000.0,5101000000.0,LIMITED,LIMITED,2026,,,4997000000.0,2166000000.0,4762000000.0,5150000000.0,,130.7,-7.53,,NOT_DEFINED_NO_CLASSIFICATION,2025,CFS,OK,,"[{""account_id"":""ifrs-full_BondsIssued"",""account_nm"":""사채"",""amount"":379779000000.0}]",[],[],"[{""account_id"":""-표준계정코드 미사용-"",""account_nm"":""무형자산상각비"",""amount"":17651000000.0},{""account_id"":""-표준계정코드 미사용-"",""account_nm"":""감가상각비"",""amount"":8050000000.0}]",,RAW_CASH_AND_DEBT_CAPTURED_POLICY_REQUIRED,,SOURCE_LIMITED_DA_NOT_VALIDATED,,SOURCE_ONLY_SCORE_NOT_GENERATED,NOT_DEFINED,2026-09-22T22:35:40+09:00
006260,LS,KOSPI,00105952,LS,2026-09-16-v8.11.7-five-financial-cis-interest-revenue-contract,2026-07-01-v6.0-score-policy,READY_RAW_SOURCE,,2026 반기보고서,CFS,2025,CFS,31870031000000.0,27544663000000.0,24480743000000.0,1052554000000.0,1072943000000.0,899674000000.0,485145000000.0,391515000000.0,570596000000.0,READY,READY_Q2_SOURCE,2026,11023562000000.0,7854425000000.0,595567000000.0,235640000000.0,296680000000.0,163359000000.0,40.35,152.74,81.61,,NOT_DEFINED_NO_CLASSIFICATION,2025,CFS,OK,2086611000000.0,"[{""account_id"":""-표준계정코드 미사용-"",""account_nm"":""단기차입금"",""amount"":5804770000000.0},{""account_id"":""ifrs-full_LongtermBorrowings"",""account_nm"":""장기차입금 및 사채"",""amount"":2796384000000.0}]","[{""account_id"":""ifrs-full_CurrentLeaseLiabilities"",""account_nm"":""유동성리스부채"",""amount"":52956000000.0},{""account_id"":""ifrs-full_NoncurrentLeaseLiabilities"",""account_nm"":""리스부채"",""amount"":95797000000.0}]","[{""account_id"":""ifrs-full_OtherCurrentFinancialLiabilities"",""account_nm"":""기타유동금융부채"",""amount"":0.0},{""account_id"":""ifrs-full_OtherNoncurrentFinancialLiabilities"",""account_nm"":""기타비유동금융부채"",""amount"":0.0}]",[],,RAW_CASH_AND_DEBT_CAPTURED_POLICY_REQUIRED,,SOURCE_LIMITED_DA_NOT_VALIDATED,,SOURCE_ONLY_SCORE_NOT_GENERATED,NOT_DEFINED,2026-09-22T22:35:40+09:00
006360,GS건설,KOSPI,00120030,GS건설,2026-09-16-v8.11.7-five-financial-cis-interest-revenue-contract,2026-07-01-v6.0-score-policy,READY_RAW_SOURCE,,2026 반기보고서,CFS,2025,CFS,12450347000000.0,12863811000000.0,13436685000000.0,437809000000.0,285954000000.0,-387945000000.0,93423000000.0,263924000000.0,-419501000000.0,READY,READY_Q2_SOURCE,2026,2779364000000.0,3196053298560.0,91355000000.0,162060901459.0,14370000000.0,-87060721066.0,-13.04,-43.63,116.51,,NOT_DEFINED_NO_CLASSIFICATION,2025,CFS,OK,3015810000000.0,[],[],[],[],,RAW_CASH_AND_DEBT_CAPTURED_POLICY_REQUIRED,,SOURCE_LIMITED_DA_NOT_VALIDATED,,SOURCE_ONLY_SCORE_NOT_GENERATED,NOT_DEFINED,2026-09-22T22:35:40+09:00
006370,대구백화점,KOSPI,00108977,대구백화점,2026-09-16-v8.11.7-five-financial-cis-interest-revenue-contract,2026-07-01-v6.0-score-policy,LIMITED_RAW_SOURCE,"3Y_ANNUAL_LIMITED,QUARTER_LIMITED",2026 반기보고서,CFS,2025,CFS,,,,-14972843698.0,-14996437410.0,-15147326554.0,-32485571925.0,-31258448492.0,-29666182421.0,LIMITED,LIMITED,2026,,,-3890970093.0,-2497827979.0,-8574250802.0,-6978015017.0,,-55.77,-22.88,,NOT_DEFINED_NO_CLASSIFICATION,2025,CFS,OK,2968741197.0,"[{""account_id"":""ifrs-full_CurrentPortionOfLongtermBorrowings"",""account_nm"":""유동성장기차입금"",""amount"":99863748175.0},{""account_id"":""ifrs-full_ShorttermBorrowings"",""account_nm"":""단기차입금"",""amount"":146260000000.0},{""account_id"":""dart_LongTermBorrowingsGross"",""account_nm"":""장기차입금"",""amount"":7243986667.0}]","[{""account_id"":""ifrs-full_CurrentLeaseLiabilities"",""account_nm"":""리스부채(유동)"",""amount"":486369128.0},{""account_id"":""ifrs-full_NoncurrentLeaseLiabilities"",""account_nm"":""리스부채(비유동)"",""amount"":362405084.0}]","[{""account_id"":""ifrs-full_OtherCurrentFinancialLiabilities"",""account_nm"":""단기기타금융부채"",""amount"":12788993668.0},{""account_id"":""ifrs-full_OtherNoncurrentFinancialLiabilities"",""account_nm"":""장기기타금융부채"",""amount"":8986052514.0}]",[],,RAW_CASH_AND_DEBT_CAPTURED_POLICY_REQUIRED,,SOURCE_LIMITED_DA_NOT_VALIDATED,,SOURCE_ONLY_SCORE_NOT_GENERATED,NOT_DEFINED,2026-09-22T22:35:40+09:00
006400,삼성SDI,KOSPI,00126362,삼성SDI,2026-09-16-v8.11.7-five-financial-cis-interest-revenue-contract,2026-07-01-v6.0-score-policy,READY_RAW_SOURCE,,2026 반기보고서,CFS,2025,CFS,13266730679499.0,16592248884388.0,21436788407451.0,-1722360788760.0,363304463263.0,1545488713572.0,-584875358534.0,575512415979.0,2066046562201.0,READY,READY_Q2_SOURCE,2026,3768808123247.0,3179406065745.0,203774585157.0,-397836794835.0,471625761952.0,-166735071101.0,18.54,151.22,382.86,,NOT_DEFINED_NO_CLASSIFICATION,2025,CFS,OK,1803994237947.0,"[{""account_id"":""ifrs-full_CurrentBorrowingsAndCurrentPortionOfNoncurrentBorrowings"",""account_nm"":""단기차입금"",""amount"":5390568184387.0},{""account_id"":""ifrs-full_LongtermBorrowings"",""account_nm"":""장기차입금"",""amount"":5493341323030.0}]",[],[],[],,RAW_CASH_AND_DEBT_CAPTURED_POLICY_REQUIRED,,SOURCE_LIMITED_DA_NOT_VALIDATED,,SOURCE_ONLY_SCORE_NOT_GENERATED,NOT_DEFINED,2026-09-22T22:35:40+09:00
006490,프리티,KOSPI,00122825,프리티,2026-09-16-v8.11.7-five-financial-cis-interest-revenue-contract,2026-07-01-v6.0-score-policy,READY_RAW_SOURCE,,2026 반기보고서,CFS,2025,CFS,105558023911.0,100534212723.0,99811312707.0,4078599684.0,-3786266549.0,446804037.0,-41682609189.0,2863841827.0,-30303127067.0,READY,READY_Q2_SOURCE,2026,24779587300.0,28638948402.0,-1312124929.0,621453857.0,-5798646425.0,-6012956728.0,-13.48,-311.14,3.56,,NOT_DEFINED_NO_CLASSIFICATION,2025,CFS,OK,1219720785.0,"[{""account_id"":""ifrs-full_ShorttermBorrowings"",""account_nm"":""단기차입금"",""amount"":12393963000.0}]",[],[],[],,RAW_CASH_AND_DEBT_CAPTURED_POLICY_REQUIRED,,SOURCE_LIMITED_DA_NOT_VALIDATED,,SOURCE_ONLY_SCORE_NOT_GENERATED,NOT_DEFINED,2026-09-22T22:35:40+09:00
006800,미래에셋증권,KOSPI,00111722,미래에셋증권,2026-09-16-v8.11.7-five-financial-cis-interest-revenue-contract,2026-07-01-v6.0-score-policy,READY_RAW_SOURCE,,2026 반기보고서,CFS,2025,CFS,29283028000000.0,22242327000000.0,20359464000000.0,1915104000000.0,1188076000000.0,521037000000.0,1582916000000.0,925470000000.0,333238000000.0,READY,READY_Q2_SOURCE,2026,21631395000000.0,7694877000000.0,2489873000000.0,500444000000.0,1905216000000.0,405857000000.0,181.11,397.53,369.43,,NOT_DEFINED_NO_CLASSIFICATION,2025,CFS,OK,1698057000000.0,[],[],[],[],,RAW_CASH_AND_DEBT_CAPTURED_POLICY_REQUIRED,,SOURCE_LIMITED_DA_NOT_VALIDATED,,SOURCE_ONLY_SCORE_NOT_GENERATED,NOT_DEFINED,2026-09-22T22:35:40+09:00
006840,AK홀딩스,KOSPI,00125080,AK홀딩스,2026-09-16-v8.11.7-five-financial-cis-interest-revenue-contract,2026-07-01-v6.0-score-policy,READY_RAW_SOURCE,,2026 반기보고서,CFS,2025,CFS,3235721337340.0,3810134357114.0,4479660141625.0,-147853720731.0,51103013034.0,279123890558.0,-174665824989.0,-16585694879.0,130395492971.0,READY,READY_Q2_SOURCE,2026,1025544139112.0,931918585016.0,-930987518.0,-27356554249.0,-4822807671.0,-21861794945.0,10.05,96.6,77.94,,NOT_DEFINED_NO_CLASSIFICATION,2025,CFS,OK,424599991099.0,"[{""account_id"":""ifrs-full_CurrentBorrowingsAndCurrentPortionOfNoncurrentBorrowings"",""account_nm"":""유동차입금"",""amount"":1700314381923.0},{""account_id"":""ifrs-full_LongtermBorrowings"",""account_nm"":""장기차입금"",""amount"":440516635335.0}]","[{""account_id"":""ifrs-full_CurrentLeaseLiabilities"",""account_nm"":""유동 리스부채"",""amount"":234066271090.0},{""account_id"":""ifrs-full_NoncurrentLeaseLiabilities"",""account_nm"":""비유동 리스부채"",""amount"":922831371668.0}]","[{""account_id"":""ifrs-full_OtherCurrentFinancialLiabilities"",""account_nm"":""기타유동지급채무"",""amount"":310691176433.0},{""account_id"":""ifrs-full_OtherNoncurrentFinancialLiabilities"",""account_nm"":""기타장기지급채무"",""amount"":82590149874.0}]",[],,RAW_CASH_AND_DEBT_CAPTURED_POLICY_REQUIRED,,SOURCE_LIMITED_DA_NOT_VALIDATED,,SOURCE_ONLY_SCORE_NOT_GENERATED,NOT_DEFINED,2026-09-22T22:35:40+09:00
006880,신송홀딩스,KOSPI,00136402,신송홀딩스,2026-09-16-v8.11.7-five-financial-cis-interest-revenue-contract,2026-07-01-v6.0-score-policy,READY_RAW_SOURCE,,2026 반기보고서,CFS,2025,CFS,187759398480.0,164580506815.0,193419654722.0,10311259918.0,8401885993.0,8381489448.0,3539082936.0,5495211137.0,8831541142.0,READY,READY_Q2_SOURCE,2026,46178626063.0,42980598302.0,1515952557.0,772754544.0,109152241.0,-1739127435.0,7.44,96.18,106.28,,NOT_DEFINED_NO_CLASSIFICATION,2025,CFS,OK,5128392579.0,"[{""account_id"":""ifrs-full_ShorttermBorrowings"",""account_nm"":""단기및유동성장기차입금"",""amount"":83591962650.0},{""account_id"":""dart_LongTermBorrowingsGross"",""account_nm"":""장기차입금"",""amount"":41400000000.0}]","[{""account_id"":""ifrs-full_CurrentLeaseLiabilities"",""account_nm"":""유동리스부채"",""amount"":428630921.0},{""account_id"":""ifrs-full_NoncurrentLeaseLiabilities"",""account_nm"":""비유동 리스부채"",""amount"":1325548268.0}]","[{""account_id"":""ifrs-full_OtherCurrentFinancialLiabilities"",""account_nm"":""기타금융부채"",""amount"":12424987016.0},{""account_id"":""ifrs-full_OtherNoncurrentFinancialLiabilities"",""account_nm"":""기타금융부채"",""amount"":4932655156.0}]",[],,RAW_CASH_AND_DEBT_CAPTURED_POLICY_REQUIRED,,SOURCE_LIMITED_DA_NOT_VALIDATED,,SOURCE_ONLY_SCORE_NOT_GENERATED,NOT_DEFINED,2026-09-22T22:35:40+09:00
007070,GS리테일,KOSPI,00140177,GS리테일,2026-09-16-v8.11.7-five-financial-cis-interest-revenue-contract,2026-07-01-v6.0-score-policy,READY_RAW_SOURCE,,2026 반기보고서,CFS,2025,CFS,11957421688837.0,11579429708038.0,11080326094672.0,292119604403.0,256126253194.0,314455845115.0,50239032621.0,9791708542.0,22147526377.0,READY,READY_Q2_SOURCE,2026,3175142890362.0,2973822850490.0,109407193186.0,86246034871.0,64648505322.0,14223118059.0,6.77,26.85,354.53,,NOT_DEFINED_NO_CLASSIFICATION,2025,CFS,OK,294440001357.0,"[{""account_id"":""ifrs-full_CurrentBorrowingsAndCurrentPortionOfNoncurrentBorrowings"",""account_nm"":""차입금및사채"",""amount"":320732309034.0},{""account_id"":""ifrs-full_LongtermBorrowings"",""account_nm"":""장기차입금및사채"",""amount"":299436415590.0}]","[{""account_id"":""ifrs-full_CurrentLeaseLiabilities"",""account_nm"":""유동성리스부채"",""amount"":476609301968.0},{""account_id"":""ifrs-full_NoncurrentLeaseLiabilities"",""account_nm"":""비유동리스부채"",""amount"":1512817451090.0}]","[{""account_id"":""ifrs-full_OtherCurrentFinancialLiabilities"",""account_nm"":""기타유동금융부채"",""amount"":28312287463.0},{""account_id"":""ifrs-full_OtherNoncurrentFinancialLiabilities"",""account_nm"":""기타비유동금융부채"",""amount"":81182296813.0}]",[],,RAW_CASH_AND_DEBT_CAPTURED_POLICY_REQUIRED,,SOURCE_LIMITED_DA_NOT_VALIDATED,,SOURCE_ONLY_SCORE_NOT_GENERATED,NOT_DEFINED,2026-09-22T22:35:40+09:00
007120,미래아이앤지,KOSPI,00104786,미래아이앤지,2026-09-16-v8.11.7-five-financial-cis-interest-revenue-contract,2026-07-01-v6.0-score-policy,READY_RAW_SOURCE,,2026 반기보고서,OFS,2025,OFS,14128766686.0,11702648807.0,13025586982.0,3798690087.0,2013077715.0,3232556343.0,-2599733229.0,-8038192716.0,-9297695357.0,READY,READY_Q2_SOURCE,2026,2548001692.0,3623753047.0,127094440.0,1218212350.0,-2435641953.0,-783992776.0,-29.69,-89.57,-210.67,,NOT_DEFINED_NO_CLASSIFICATION,2025,OFS,OK,9812699755.0,[],"[{""account_id"":""ifrs-full_CurrentLeaseLiabilities"",""account_nm"":""유동성리스부채"",""amount"":2410812253.0},{""account_id"":""ifrs-full_NoncurrentLeaseLiabilities"",""account_nm"":""비유동성리스부채"",""amount"":14303266073.0}]","[{""account_id"":""ifrs-full_OtherCurrentFinancialLiabilities"",""account_nm"":""기타유동금융부채"",""amount"":1608000000.0},{""account_id"":""ifrs-full_OtherNoncurrentFinancialLiabilities"",""account_nm"":""기타비유동금융부채"",""amount"":null}]",[],,RAW_CASH_AND_DEBT_CAPTURED_POLICY_REQUIRED,,SOURCE_LIMITED_DA_NOT_VALIDATED,,SOURCE_ONLY_SCORE_NOT_GENERATED,NOT_DEFINED,2026-09-22T22:35:40+09:00
007310,오뚜기,KOSPI,00141529,오뚜기,2026-09-16-v8.11.7-five-financial-cis-interest-revenue-contract,2026-07-01-v6.0-score-policy,READY_RAW_SOURCE,,2026 반기보고서,CFS,2025,CFS,3674545422005.0,3539120882890.0,3454548477401.0,177251297728.0,222014509063.0,254893843560.0,72135661488.0,137599993733.0,161681368673.0,READY,READY_Q2_SOURCE,2026,943801725696.0,902001635019.0,45258374728.0,45104724632.0,33205179085.0,34126808581.0,4.63,0.34,-2.7,,NOT_DEFINED_NO_CLASSIFICATION,2025,CFS,OK,412685029869.0,"[{""account_id"":""ifrs-full_CurrentPortionOfLongtermBorrowings"",""account_nm"":""유동성장기차입금"",""amount"":94016930021.0},{""account_id"":""ifrs-full_ShorttermBorrowings"",""account_nm"":""단기차입금"",""amount"":509239504017.0},{""account_id"":""ifrs-full_LongtermBorrowings"",""account_nm"":""장기차입금"",""amount"":186473980697.0}]","[{""account_id"":""ifrs-full_CurrentLeaseLiabilities"",""account_nm"":""유동성리스부채"",""amount"":22828035783.0},{""account_id"":""ifrs-full_NoncurrentLeaseLiabilities"",""account_nm"":""리스부채"",""amount"":48541569578.0}]",[],[],,RAW_CASH_AND_DEBT_CAPTURED_POLICY_REQUIRED,,SOURCE_LIMITED_DA_NOT_VALIDATED,,SOURCE_ONLY_SCORE_NOT_GENERATED,NOT_DEFINED,2026-09-22T22:35:40+09:00
007340,DN오토모티브,KOSPI,00116949,DN오토모티브,2026-09-16-v8.11.7-five-financial-cis-interest-revenue-contract,2026-07-01-v6.0-score-policy,READY_RAW_SOURCE,,2026 반기보고서,CFS,2025,CFS,3675704255000.0,3434542268000.0,3269243065000.0,527907609000.0,522916807000.0,490389696000.0,324985358000.0,318229010000.0,283445371000.0,READY,READY_Q2_SOURCE,2026,1249319637000.0,909635342000.0,205436080000.0,121590097000.0,157872007000.0,53461011000.0,37.34,68.96,195.3,,NOT_DEFINED_NO_CLASSIFICATION,2025,CFS,OK,387784364000.0,"[{""account_id"":""-표준계정코드 미사용-"",""account_nm"":""단기차입금"",""amount"":641674039000.0},{""account_id"":""ifrs-full_NoncurrentPortionOfNoncurrentBondsIssued"",""account_nm"":""사채"",""amount"":null},{""account_id"":""ifrs-full_NoncurrentPortionOfNoncurrentLoansReceived"",""account_nm"":""장기차입금"",""amount"":155557979000.0}]","[{""account_id"":""ifrs-full_CurrentLeaseLiabilities"",""account_nm"":""유동리스부채"",""amount"":5499851000.0},{""account_id"":""ifrs-full_NoncurrentLeaseLiabilities"",""account_nm"":""비유동리스부채"",""amount"":10914379000.0}]",[],[],,RAW_CASH_AND_DEBT_CAPTURED_POLICY_REQUIRED,,SOURCE_LIMITED_DA_NOT_VALIDATED,,SOURCE_ONLY_SCORE_NOT_GENERATED,NOT_DEFINED,2026-09-22T22:35:40+09:00
007540,샘표,KOSPI,00130091,샘표,2026-09-16-v8.11.7-five-financial-cis-interest-revenue-contract,2026-07-01-v6.0-score-policy,READY_RAW_SOURCE,,2026 반기보고서,CFS,2025,CFS,408963972960.0,404955848041.0,383926496950.0,24142975241.0,5875234279.0,8130901397.0,18805730606.0,10732118074.0,10634772183.0,READY,READY_Q2_SOURCE,2026,100345032295.0,99243286262.0,4401133674.0,7411861321.0,1568660750.0,6850088402.0,1.11,-40.62,-77.1,,NOT_DEFINED_NO_CLASSIFICATION,2025,CFS,OK,27845389072.0,"[{""account_id"":""ifrs-full_CurrentPortionOfLongtermBorrowings"",""account_nm"":""유동성장기부채"",""amount"":0.0},{""account_id"":""ifrs-full_ShorttermBorrowings"",""account_nm"":""유동 차입금(사채 포함)"",""amount"":47975500000.0}]","[{""account_id"":""ifrs-full_CurrentLeaseLiabilities"",""account_nm"":""유동 리스부채"",""amount"":2625015839.0},{""account_id"":""ifrs-full_NoncurrentLeaseLiabilities"",""account_nm"":""비유동 리스부채"",""amount"":4704625099.0}]",[],[],,RAW_CASH_AND_DEBT_CAPTURED_POLICY_REQUIRED,,SOURCE_LIMITED_DA_NOT_VALIDATED,,SOURCE_ONLY_SCORE_NOT_GENERATED,NOT_DEFINED,2026-09-22T22:35:40+09:00
007660,이수페타시스,KOSPI,00107613,이수페타시스,2026-09-16-v8.11.7-five-financial-cis-interest-revenue-contract,2026-07-01-v6.0-score-policy,READY_RAW_SOURCE,,2026 반기보고서,CFS,2025,CFS,1088025119176.0,836866961285.0,675332755709.0,204724531402.0,101878836049.0,62169058401.0,160482561697.0,74034111779.0,47723051484.0,READY,READY_Q2_SOURCE,2026,379888407878.0,241419469661.0,77063854985.0,42070313737.0,59708810343.0,31366224051.0,57.36,83.18,90.36,,NOT_DEFINED_NO_CLASSIFICATION,2025,CFS,OK,162780032068.0,[],[],[],[],,RAW_CASH_AND_DEBT_CAPTURED_POLICY_REQUIRED,,SOURCE_LIMITED_DA_NOT_VALIDATED,,SOURCE_ONLY_SCORE_NOT_GENERATED,NOT_DEFINED,2026-09-22T22:35:40+09:00
007690,국도화학,KOSPI,00104388,국도화학,2026-09-16-v8.11.7-five-financial-cis-interest-revenue-contract,2026-07-01-v6.0-score-policy,READY_RAW_SOURCE,,2026 반기보고서,CFS,2025,CFS,1395556194366.0,1305775130486.0,1311776360252.0,53170435543.0,25333558032.0,19152808086.0,21898775802.0,8940950262.0,7489803560.0,READY,READY_Q2_SOURCE,2026,534253619365.0,348703926209.0,47954010281.0,16838847488.0,43892831825.0,8570669848.0,53.21,184.78,412.13,,NOT_DEFINED_NO_CLASSIFICATION,2025,CFS,OK,107608630978.0,"[{""account_id"":""dart_CurrentPortionOfBonds"",""account_nm"":""유동성사채"",""amount"":0.0},{""account_id"":""ifrs-full_CurrentLoansReceivedAndCurrentPortionOfNoncurrentLoansReceived"",""account_nm"":""유동성장기부채"",""amount"":41632550000.0},{""account_id"":""ifrs-full_ShorttermBorrowings"",""account_nm"":""단기차입금"",""amount"":308393153657.0},{""account_id"":""ifrs-full_LoansReceived"",""account_nm"":""장기차입금"",""amount"":122552195152.0},{""account_id"":""ifrs-full_NoncurrentPortionOfNoncurrentBondsIssued"",""account_nm"":""사채"",""amount"":94462059872.0}]","[{""account_id"":""ifrs-full_CurrentLeaseLiabilities"",""account_nm"":""리스부채"",""amount"":1847215149.0},{""account_id"":""ifrs-full_NoncurrentLeaseLiabilities"",""account_nm"":""리스부채"",""amount"":7275145152.0}]",[],"[{""account_id"":""dart_AdjustmentsForDepreciationInvestmentProperty"",""account_nm"":""투자부동산상각비"",""amount"":30648315.0},{""account_id"":""dart_AdjustmentsForDepreciationRightofuseAssets"",""account_nm"":""사용권자산상각비"",""amount"":2455328902.0},{""account_id"":""ifrs-full_AdjustmentsForAmortisationExpense"",""account_nm"":""무형자산상각비"",""amount"":3877095577.0},{""account_id"":""ifrs-full_AdjustmentsForDepreciationExpense"",""account_nm"":""유형자산감가상각비"",""amount"":47195555304.0}]",,RAW_CASH_AND_DEBT_CAPTURED_POLICY_REQUIRED,,SOURCE_LIMITED_DA_NOT_VALIDATED,,SOURCE_ONLY_SCORE_NOT_GENERATED,NOT_DEFINED,2026-09-22T22:35:40+09:00
007810,코리아써키트,KOSPI,00152686,코리아써키트,2026-09-16-v8.11.7-five-financial-cis-interest-revenue-contract,2026-07-01-v6.0-score-policy,READY_RAW_SOURCE,,2026 반기보고서,CFS,2025,CFS,1509725133078.0,1406956573662.0,1332234444242.0,53816253084.0,-33153617896.0,-32101224771.0,53794771145.0,-129014306648.0,-28266358679.0,READY,READY_Q2_SOURCE,2026,407179666176.0,331347811712.0,19290297926.0,6155917919.0,17621761471.0,4079196754.0,22.89,213.36,331.99,,NOT_DEFINED_NO_CLASSIFICATION,2025,CFS,OK,73492427020.0,"[{""account_id"":""ifrs-full_CurrentPortionOfLongtermBorrowings"",""account_nm"":""유동성장기차입금"",""amount"":70204787901.0},{""account_id"":""ifrs-full_ShorttermBorrowings"",""account_nm"":""단기차입금"",""amount"":87111070999.0},{""account_id"":""dart_LongTermBorrowingsGross"",""account_nm"":""장기차입금"",""amount"":153230904241.0}]",[],"[{""account_id"":""ifrs-full_OtherCurrentFinancialLiabilities"",""account_nm"":""기타유동금융부채"",""amount"":21167191317.0},{""account_id"":""ifrs-full_OtherNoncurrentFinancialLiabilities"",""account_nm"":""기타비유동금융부채"",""amount"":969125922.0}]","[{""account_id"":""-표준계정코드 미사용-"",""account_nm"":""투자부동산감가상각비"",""amount"":42486903.0},{""account_id"":""ifrs-full_AdjustmentsForAmortisationExpense"",""account_nm"":""무형자산상각비"",""amount"":32565458.0},{""account_id"":""ifrs-full_AdjustmentsForDepreciationExpense"",""account_nm"":""감가상각비"",""amount"":65225764953.0}]",,RAW_CASH_AND_DEBT_CAPTURED_POLICY_REQUIRED,,SOURCE_LIMITED_DA_NOT_VALIDATED,,SOURCE_ONLY_SCORE_NOT_GENERATED,NOT_DEFINED,2026-09-22T22:35:40+09:00
008250,이건산업,KOSPI,00145446,이건산업,2026-09-16-v8.11.7-five-financial-cis-interest-revenue-contract,2026-07-01-v6.0-score-policy,READY_RAW_SOURCE,,2026 반기보고서,CFS,2025,CFS,297310475768.0,326972782768.0,311559747602.0,-3828505984.0,13791182675.0,9115784917.0,-14178708027.0,-1926394198.0,-5593469801.0,READY,READY_Q2_SOURCE,2026,64634993806.0,75598356865.0,1411405982.0,1450496890.0,-7711441.0,-759811347.0,-14.5,-2.7,98.99,,NOT_DEFINED_NO_CLASSIFICATION,2025,CFS,OK,13281009384.0,"[{""account_id"":""ifrs-full_CurrentPortionOfLongtermBorrowings"",""account_nm"":""유동성장기차입금"",""amount"":5478279133.0},{""account_id"":""ifrs-full_ShorttermBorrowings"",""account_nm"":""단기차입금"",""amount"":91313525607.0},{""account_id"":""ifrs-full_LongtermBorrowings"",""account_nm"":""장기차입금"",""amount"":35700894062.0}]","[{""account_id"":""ifrs-full_CurrentLeaseLiabilities"",""account_nm"":""유동리스부채"",""amount"":3039722939.0},{""account_id"":""ifrs-full_NoncurrentLeaseLiabilities"",""account_nm"":""비유동리스부채"",""amount"":233870853.0}]","[{""account_id"":""ifrs-full_OtherCurrentFinancialLiabilities"",""account_nm"":""기타금융부채"",""amount"":383537680.0},{""account_id"":""ifrs-full_OtherNoncurrentFinancialLiabilities"",""account_nm"":""기타금융부채"",""amount"":0.0}]",[],,RAW_CASH_AND_DEBT_CAPTURED_POLICY_REQUIRED,,SOURCE_LIMITED_DA_NOT_VALIDATED,,SOURCE_ONLY_SCORE_NOT_GENERATED,NOT_DEFINED,2026-09-22T22:35:40+09:00
008930,한미사이언스,KOSPI,00161426,한미사이언스,2026-09-16-v8.11.7-five-financial-cis-interest-revenue-contract,2026-07-01-v6.0-score-policy,READY_RAW_SOURCE,,2026 반기보고서,CFS,2025,CFS,1356957532846.0,1283432295647.0,1247906379068.0,138727168534.0,98867912225.0,124468680998.0,117709205494.0,56693106363.0,115119858471.0,READY,READY_Q2_SOURCE,2026,367856377182.0,338268934102.0,59138229385.0,34612153908.0,43666529867.0,28324627476.0,8.75,70.86,54.16,,NOT_DEFINED_NO_CLASSIFICATION,2025,CFS,OK,127389343692.0,"[{""account_id"":""ifrs-full_CurrentPortionOfLongtermBorrowings"",""account_nm"":""유동성장기차입금"",""amount"":13717272000.0},{""account_id"":""ifrs-full_ShorttermBorrowings"",""account_nm"":""단기차입금"",""amount"":199600000000.0},{""account_id"":""ifrs-full_LongtermBorrowings"",""account_nm"":""장기차입금"",""amount"":0.0}]",[],"[{""account_id"":""ifrs-full_OtherCurrentFinancialLiabilities"",""account_nm"":""기타금융부채"",""amount"":23998401309.0},{""account_id"":""ifrs-full_OtherNoncurrentFinancialLiabilities"",""account_nm"":""기타금융부채"",""amount"":17743702372.0}]","[{""account_id"":""ifrs-full_AdjustmentsForAmortisationExpense"",""account_nm"":""무형자산상각비"",""amount"":4296986577.0},{""account_id"":""ifrs-full_AdjustmentsForDepreciationExpense"",""account_nm"":""감가상각비"",""amount"":5184035388.0}]",,RAW_CASH_AND_DEBT_CAPTURED_POLICY_REQUIRED,,SOURCE_LIMITED_DA_NOT_VALIDATED,,SOURCE_ONLY_SCORE_NOT_GENERATED,NOT_DEFINED,2026-09-22T22:35:40+09:00
009150,삼성전기,KOSPI,00126371,삼성전기,2026-09-16-v8.11.7-five-financial-cis-interest-revenue-contract,2026-07-01-v6.0-score-policy,READY_RAW_SOURCE,,2026 반기보고서,CFS,2025,CFS,11314459238100.0,10294102976435.0,8892411942806.0,913331178557.0,735005856995.0,660544454780.0,730989517218.0,703215637082.0,450482125173.0,READY,READY_Q2_SOURCE,2026,3457204820043.0,2784629132129.0,440369112658.0,213008153549.0,328300761914.0,137235897375.0,24.15,106.74,139.22,,NOT_DEFINED_NO_CLASSIFICATION,2025,CFS,OK,2701205916236.0,"[{""account_id"":""ifrs-full_CurrentPortionOfLongtermBorrowings"",""account_nm"":""유동성장기차입금"",""amount"":0.0},{""account_id"":""ifrs-full_ShorttermBorrowings"",""account_nm"":""단기차입금"",""amount"":2003354614634.0},{""account_id"":""ifrs-full_LongtermBorrowings"",""account_nm"":""장기차입금"",""amount"":188444338601.0}]","[{""account_id"":""ifrs-full_CurrentLeaseLiabilities"",""account_nm"":""유동성리스부채"",""amount"":24700071387.0},{""account_id"":""ifrs-full_NoncurrentLeaseLiabilities"",""account_nm"":""장기리스부채"",""amount"":60691854670.0}]",[],[],,RAW_CASH_AND_DEBT_CAPTURED_POLICY_REQUIRED,,SOURCE_LIMITED_DA_NOT_VALIDATED,,SOURCE_ONLY_SCORE_NOT_GENERATED,NOT_DEFINED,2026-09-22T22:35:40+09:00
009420,한올바이오파마,KOSPI,00162586,한올바이오파마,2026-09-16-v8.11.7-five-financial-cis-interest-revenue-contract,2026-07-01-v6.0-score-policy,READY_RAW_SOURCE,,2026 반기보고서,CFS,2025,CFS,155184524107.0,138943698757.0,134909837622.0,-915814382.0,230474890.0,2211359603.0,-5559162634.0,-1804843479.0,3508607559.0,READY,READY_Q2_SOURCE,2026,44275731477.0,40681535264.0,5597740049.0,1145818081.0,-19228508521.0,598772436.0,8.83,388.54,-3311.32,,NOT_DEFINED_NO_CLASSIFICATION,2025,CFS,OK,24743015950.0,"[{""account_id"":""ifrs-full_CurrentBorrowingsAndCurrentPortionOfNoncurrentBorrowings"",""account_nm"":""단기차입금"",""amount"":15739600000.0},{""account_id"":""ifrs-full_LongtermBorrowings"",""account_nm"":""장기차입금"",""amount"":15000000000.0}]","[{""account_id"":""ifrs-full_CurrentLeaseLiabilities"",""account_nm"":""리스부채"",""amount"":590959292.0},{""account_id"":""ifrs-full_NoncurrentLeaseLiabilities"",""account_nm"":""리스부채"",""amount"":586329337.0}]",[],[],,RAW_CASH_AND_DEBT_CAPTURED_POLICY_REQUIRED,,SOURCE_LIMITED_DA_NOT_VALIDATED,,SOURCE_ONLY_SCORE_NOT_GENERATED,NOT_DEFINED,2026-09-22T22:35:40+09:00
009540,HD한국조선해양,KOSPI,00164830,HD한국조선해양,2026-09-16-v8.11.7-five-financial-cis-interest-revenue-contract,2026-07-01-v6.0-score-policy,READY_RAW_SOURCE,,2026 반기보고서,CFS,2025,CFS,29933215227000.0,25538577356000.0,21296205574000.0,3904489578000.0,1434090492000.0,282260719000.0,2928395265000.0,1454580111000.0,144930284000.0,READY,READY_Q2_SOURCE,2026,8927046477000.0,7428417053000.0,1645146382000.0,953641034000.0,1594153772000.0,447073045000.0,20.17,72.51,256.58,,NOT_DEFINED_NO_CLASSIFICATION,2025,CFS,OK,3742015549000.0,[],"[{""account_id"":""ifrs-full_CurrentLeaseLiabilities"",""account_nm"":""유동리스부채"",""amount"":55018444000.0},{""account_id"":""ifrs-full_NoncurrentLeaseLiabilities"",""account_nm"":""비유동리스부채"",""amount"":398797408000.0}]","[{""account_id"":""ifrs-full_OtherCurrentFinancialLiabilities"",""account_nm"":""단기금융부채"",""amount"":252311444000.0},{""account_id"":""ifrs-full_OtherNoncurrentFinancialLiabilities"",""account_nm"":""장기금융부채"",""amount"":805610588000.0}]",[],,RAW_CASH_AND_DEBT_CAPTURED_POLICY_REQUIRED,,SOURCE_LIMITED_DA_NOT_VALIDATED,,SOURCE_ONLY_SCORE_NOT_GENERATED,NOT_DEFINED,2026-09-22T22:35:40+09:00
009770,삼정펄프,KOSPI,00128227,삼정펄프,2026-09-16-v8.11.7-five-financial-cis-interest-revenue-contract,2026-07-01-v6.0-score-policy,READY_RAW_SOURCE,,2026 반기보고서,OFS,2025,OFS,148565929898.0,163884080446.0,178308058944.0,-1440493506.0,4868322824.0,6460065856.0,31390588901.0,37954518636.0,13102387768.0,READY,READY_Q2_SOURCE,2026,29636958119.0,38888680894.0,-10366921.0,1000256290.0,13542267620.0,6591430429.0,-23.79,-101.04,105.45,,NOT_DEFINED_NO_CLASSIFICATION,2025,OFS,OK,23393591996.0,"[{""account_id"":""ifrs-full_ShorttermBorrowings"",""account_nm"":""유동 차입금(사채 포함)"",""amount"":108211778.0}]","[{""account_id"":""ifrs-full_CurrentLeaseLiabilities"",""account_nm"":""유동 리스부채"",""amount"":235861574.0},{""account_id"":""ifrs-full_NoncurrentLeaseLiabilities"",""account_nm"":""비유동 리스부채"",""amount"":212574181.0}]",[],[],,RAW_CASH_AND_DEBT_CAPTURED_POLICY_REQUIRED,,SOURCE_LIMITED_DA_NOT_VALIDATED,,SOURCE_ONLY_SCORE_NOT_GENERATED,NOT_DEFINED,2026-09-22T22:35:40+09:00
010130,고려아연,KOSPI,00102858,고려아연,2026-09-16-v8.11.7-five-financial-cis-interest-revenue-contract,2026-07-01-v6.0-score-policy,READY_RAW_SOURCE,,2026 반기보고서,CFS,2025,CFS,16587850779912.0,12052918410249.0,9704521343024.0,1231926775791.0,723472208523.0,659935424598.0,770249337092.0,304669203777.0,438487953148.0,READY,READY_Q2_SOURCE,2026,6372601096848.0,3825380317089.0,587113409059.0,258885283093.0,351538803057.0,329737872467.0,66.59,126.79,6.61,,NOT_DEFINED_NO_CLASSIFICATION,2025,CFS,OK,3451069963536.0,"[{""account_id"":""dart_CurrentPortionOfBonds"",""account_nm"":""단기사채"",""amount"":0.0},{""account_id"":""ifrs-full_CurrentBorrowingsAndCurrentPortionOfNoncurrentBorrowings"",""account_nm"":""유동 차입금 및 비유동차입금(사채 포함)의 유동성 대체 부분"",""amount"":81366407516.0},{""account_id"":""ifrs-full_ShorttermBorrowings"",""account_nm"":""단기차입금"",""amount"":3047321676609.0},{""account_id"":""ifrs-full_LongtermBorrowings"",""account_nm"":""장기차입금"",""amount"":1072780752000.0},{""account_id"":""ifrs-full_NoncurrentPortionOfNoncurrentBondsIssued"",""account_nm"":""사채"",""amount"":1596165187951.0}]",[],"[{""account_id"":""ifrs-full_OtherCurrentFinancialLiabilities"",""account_nm"":""기타유동금융부채"",""amount"":49302249954.0},{""account_id"":""ifrs-full_OtherFinancialLiabilities"",""account_nm"":""기타금융부채"",""amount"":28234479287.0}]",[],,RAW_CASH_AND_DEBT_CAPTURED_POLICY_REQUIRED,,SOURCE_LIMITED_DA_NOT_VALIDATED,,SOURCE_ONLY_SCORE_NOT_GENERATED,NOT_DEFINED,2026-09-22T22:35:40+09:00
010140,삼성중공업,KOSPI,00126478,삼성중공업,2026-09-16-v8.11.7-five-financial-cis-interest-revenue-contract,2026-07-01-v6.0-score-policy,READY_RAW_SOURCE,,2026 반기보고서,CFS,2025,CFS,10650010702818.0,9903077919464.0,8009429912108.0,862210880029.0,502698683088.0,233344768042.0,535753735212.0,53877228765.0,-155556375770.0,READY,READY_Q2_SOURCE,2026,3230712014985.0,2682977392293.0,325023819520.0,204816240484.0,222841080849.0,212337932037.0,20.42,58.69,4.95,,NOT_DEFINED_NO_CLASSIFICATION,2025,CFS,OK,772614649370.0,"[{""account_id"":""ifrs-full_CurrentPortionOfLongtermBorrowings"",""account_nm"":""유동장기부채"",""amount"":277372886437.0},{""account_id"":""ifrs-full_ShorttermBorrowings"",""account_nm"":""단기차입금"",""amount"":1454489650793.0},{""account_id"":""ifrs-full_NoncurrentPortionOfNoncurrentBondsIssued"",""account_nm"":""사채"",""amount"":299189219198.0},{""account_id"":""ifrs-full_NoncurrentPortionOfNoncurrentLoansReceived"",""account_nm"":""장기차입금"",""amount"":16740499976.0}]","[{""account_id"":""ifrs-full_CurrentLeaseLiabilities"",""account_nm"":""유동리스부채"",""amount"":64167773729.0},{""account_id"":""ifrs-full_NoncurrentLeaseLiabilities"",""account_nm"":""비유동리스부채"",""amount"":194567720099.0}]","[{""account_id"":""ifrs-full_OtherCurrentFinancialLiabilities"",""account_nm"":""기타유동금융부채"",""amount"":0.0},{""account_id"":""ifrs-full_OtherNoncurrentFinancialLiabilities"",""account_nm"":""기타비유동금융부채"",""amount"":81941272594.0}]",[],,RAW_CASH_AND_DEBT_CAPTURED_POLICY_REQUIRED,,SOURCE_LIMITED_DA_NOT_VALIDATED,,SOURCE_ONLY_SCORE_NOT_GENERATED,NOT_DEFINED,2026-09-22T22:35:40+09:00
010580,에스엠벡셀,KOSPI,00147860,에스엠벡셀,2026-09-16-v8.11.7-five-financial-cis-interest-revenue-contract,2026-07-01-v6.0-score-policy,READY_RAW_SOURCE,,2026 반기보고서,OFS,2025,OFS,150271118361.0,172548105255.0,202720700696.0,1573953345.0,5216545654.0,9471454353.0,1650688607.0,1115369744.0,687377262.0,READY,READY_Q2_SOURCE,2026,36149595947.0,39312706247.0,764903417.0,1291715583.0,-948212879.0,1158336175.0,-8.05,-40.78,-181.86,,NOT_DEFINED_NO_CLASSIFICATION,2025,OFS,OK,12233224937.0,"[{""account_id"":""ifrs-full_ShorttermBorrowings"",""account_nm"":""단기차입금 및 유동성장기차입금"",""amount"":4100000000.0}]","[{""account_id"":""ifrs-full_CurrentLeaseLiabilities"",""account_nm"":""유동 리스부채"",""amount"":160444803.0},{""account_id"":""ifrs-full_NoncurrentLeaseLiabilities"",""account_nm"":""비유동 리스부채"",""amount"":67685511.0}]",[],[],,RAW_CASH_AND_DEBT_CAPTURED_POLICY_REQUIRED,,SOURCE_LIMITED_DA_NOT_VALIDATED,,SOURCE_ONLY_SCORE_NOT_GENERATED,NOT_DEFINED,2026-09-22T22:35:40+09:00
010660,화천기계,KOSPI,00166500,화천기계,2026-09-16-v8.11.7-five-financial-cis-interest-revenue-contract,2026-07-01-v6.0-score-policy,READY_RAW_SOURCE,,2026 반기보고서,OFS,2025,OFS,214513614009.0,232386971461.0,161884346555.0,227700030.0,2033399231.0,-3037689781.0,2764227397.0,5917261784.0,768091545.0,READY,READY_Q2_SOURCE,2026,56893945305.0,67016122832.0,905157757.0,2083945086.0,2381181535.0,1532629656.0,-15.1,-56.57,55.37,,NOT_DEFINED_NO_CLASSIFICATION,2025,OFS,OK,8245183794.0,"[{""account_id"":""dart_LongTermBorrowingsGross"",""account_nm"":""장기차입금"",""amount"":3000000000.0}]","[{""account_id"":""ifrs-full_CurrentLeaseLiabilities"",""account_nm"":""유동성리스부채"",""amount"":112674290.0},{""account_id"":""ifrs-full_NoncurrentLeaseLiabilities"",""account_nm"":""리스부채"",""amount"":48159620.0}]","[{""account_id"":""ifrs-full_OtherCurrentFinancialLiabilities"",""account_nm"":""기타유동금융부채"",""amount"":7409201442.0}]",[],,RAW_CASH_AND_DEBT_CAPTURED_POLICY_REQUIRED,,SOURCE_LIMITED_DA_NOT_VALIDATED,,SOURCE_ONLY_SCORE_NOT_GENERATED,NOT_DEFINED,2026-09-22T22:35:40+09:00
010690,화신,KOSPI,00166315,화신,2026-09-16-v8.11.7-five-financial-cis-interest-revenue-contract,2026-07-01-v6.0-score-policy,READY_RAW_SOURCE,,2026 반기보고서,CFS,2025,CFS,1962483716837.0,1712315816922.0,1802759833241.0,102447956813.0,65310768287.0,83728814908.0,66688373511.0,53561268072.0,77268483097.0,READY,READY_Q2_SOURCE,2026,498388345913.0,490801719994.0,5800421999.0,26483320433.0,7030664462.0,239363760.0,1.55,-78.1,2837.23,,NOT_DEFINED_NO_CLASSIFICATION,2025,CFS,OK,237778735234.0,"[{""account_id"":""ifrs-full_ShorttermBorrowings"",""account_nm"":""단기차입금"",""amount"":359367023122.0},{""account_id"":""ifrs-full_NoncurrentPortionOfNoncurrentBondsIssued"",""account_nm"":""사채"",""amount"":66000000000.0},{""account_id"":""ifrs-full_NoncurrentPortionOfNoncurrentLoansReceived"",""account_nm"":""장기차입금"",""amount"":242078320699.0}]","[{""account_id"":""ifrs-full_CurrentLeaseLiabilities"",""account_nm"":""유동성리츠부채"",""amount"":2521700120.0},{""account_id"":""ifrs-full_NoncurrentLeaseLiabilities"",""account_nm"":""비유동성리스부채"",""amount"":9623079800.0}]","[{""account_id"":""ifrs-full_OtherCurrentFinancialLiabilities"",""account_nm"":""기타금융부채"",""amount"":611136323.0}]",[],,RAW_CASH_AND_DEBT_CAPTURED_POLICY_REQUIRED,,SOURCE_LIMITED_DA_NOT_VALIDATED,,SOURCE_ONLY_SCORE_NOT_GENERATED,NOT_DEFINED,2026-09-22T22:35:40+09:00
010820,퍼스텍,KOSPI,00148522,퍼스텍,2026-09-16-v8.11.7-five-financial-cis-interest-revenue-contract,2026-07-01-v6.0-score-policy,READY_RAW_SOURCE,,2026 반기보고서,OFS,2025,OFS,294842426804.0,207273257566.0,173103350935.0,10663228873.0,4348353305.0,2508074315.0,14726828528.0,10919360117.0,4620136432.0,READY,READY_Q2_SOURCE,2026,92241612171.0,61861083042.0,3412773071.0,1517066609.0,2685184327.0,2373268928.0,49.11,124.96,13.14,,NOT_DEFINED_NO_CLASSIFICATION,2025,OFS,OK,49999625426.0,"[{""account_id"":""ifrs-full_LongtermBorrowings"",""account_nm"":""장기차입금"",""amount"":0.0}]","[{""account_id"":""ifrs-full_CurrentLeaseLiabilities"",""account_nm"":""리스부채"",""amount"":244374719.0},{""account_id"":""ifrs-full_NoncurrentLeaseLiabilities"",""account_nm"":""리스부채"",""amount"":307327031.0}]",[],[],,RAW_CASH_AND_DEBT_CAPTURED_POLICY_REQUIRED,,SOURCE_LIMITED_DA_NOT_VALIDATED,,SOURCE_ONLY_SCORE_NOT_GENERATED,NOT_DEFINED,2026-09-22T22:35:40+09:00
011070,LG이노텍,KOSPI,00105961,LG이노텍,2026-09-16-v8.11.7-five-financial-cis-interest-revenue-contract,2026-07-01-v6.0-score-policy,READY_RAW_SOURCE,,2026 반기보고서,CFS,2025,CFS,21896603000000.0,21200755000000.0,20605290000000.0,665007000000.0,706043000000.0,830824000000.0,341262000000.0,449274000000.0,565201000000.0,READY,READY_Q2_SOURCE,2026,5527242000000.0,3934575000000.0,245753000000.0,11391000000.0,169667000000.0,-8677000000.0,40.48,2057.43,2055.36,,NOT_DEFINED_NO_CLASSIFICATION,2025,CFS,OK,1406403000000.0,"[{""account_id"":""ifrs-full_CurrentBorrowingsAndCurrentPortionOfNoncurrentBorrowings"",""account_nm"":""차입금"",""amount"":722253000000.0},{""account_id"":""ifrs-full_LongtermBorrowings"",""account_nm"":""차입금"",""amount"":1540157000000.0}]","[{""account_id"":""ifrs-full_CurrentLeaseLiabilities"",""account_nm"":""리스부채"",""amount"":11080000000.0},{""account_id"":""ifrs-full_NoncurrentLeaseLiabilities"",""account_nm"":""리스부채"",""amount"":8720000000.0}]","[{""account_id"":""ifrs-full_OtherNoncurrentFinancialLiabilities"",""account_nm"":""기타금융부채"",""amount"":31138000000.0}]",[],,RAW_CASH_AND_DEBT_CAPTURED_POLICY_REQUIRED,,SOURCE_LIMITED_DA_NOT_VALIDATED,,SOURCE_ONLY_SCORE_NOT_GENERATED,NOT_DEFINED,2026-09-22T22:35:40+09:00
011170,롯데케미칼,KOSPI,00165413,롯데케미칼,2026-09-16-v8.11.7-five-financial-cis-interest-revenue-contract,2026-07-01-v6.0-score-policy,READY_RAW_SOURCE,,2026 반기보고서,CFS,2025,CFS,18483005314922.0,19894809600093.0,19564417813545.0,-943115729953.0,-914535316186.0,-391637431583.0,-2476176326250.0,-1825555752135.0,-39243085252.0,READY,READY_Q2_SOURCE,2026,5686369979631.0,4085243338587.0,110138582640.0,-250486420551.0,194490759400.0,-471255514787.0,39.19,143.97,141.27,,NOT_DEFINED_NO_CLASSIFICATION,2025,CFS,OK,1870312010924.0,"[{""account_id"":""ifrs-full_ShorttermBorrowings"",""account_nm"":""차입금및사채"",""amount"":4442331827433.0},{""account_id"":""ifrs-full_LongtermBorrowings"",""account_nm"":""차입금및사채"",""amount"":4957055835186.0}]","[{""account_id"":""ifrs-full_CurrentLeaseLiabilities"",""account_nm"":""유동성리스부채"",""amount"":54377937796.0},{""account_id"":""ifrs-full_NoncurrentLeaseLiabilities"",""account_nm"":""리스부채"",""amount"":160690555902.0}]","[{""account_id"":""ifrs-full_OtherCurrentFinancialLiabilities"",""account_nm"":""기타금융부채"",""amount"":932815916199.0},{""account_id"":""ifrs-full_OtherNoncurrentFinancialLiabilities"",""account_nm"":""기타금융부채"",""amount"":11960861157.0}]",[],,RAW_CASH_AND_DEBT_CAPTURED_POLICY_REQUIRED,,SOURCE_LIMITED_DA_NOT_VALIDATED,,SOURCE_ONLY_SCORE_NOT_GENERATED,NOT_DEFINED,2026-09-22T22:35:40+09:00
011200,HMM,KOSPI,00164645,HMM,2026-09-16-v8.11.7-five-financial-cis-interest-revenue-contract,2026-07-01-v6.0-score-policy,READY_RAW_SOURCE,,2026 반기보고서,CFS,2025,CFS,10891443000000.0,11700224000000.0,8400969000000.0,1461202000000.0,3512847000000.0,584770000000.0,1878732000000.0,3782129000000.0,968692000000.0,READY,READY_Q2_SOURCE,2026,3401966000000.0,2622747000000.0,354118000000.0,233175000000.0,411399000000.0,471321000000.0,29.71,51.87,-12.71,,NOT_DEFINED_NO_CLASSIFICATION,2025,CFS,OK,1760767000000.0,"[{""account_id"":""ifrs-full_CurrentBorrowingsAndCurrentPortionOfNoncurrentBorrowings"",""account_nm"":""유동성장기부채"",""amount"":125279000000.0},{""account_id"":""ifrs-full_NoncurrentPortionOfNoncurrentBondsIssued"",""account_nm"":""사채"",""amount"":0.0},{""account_id"":""ifrs-full_NoncurrentPortionOfNoncurrentLoansReceived"",""account_nm"":""장기차입금"",""amount"":126027000000.0}]","[{""account_id"":""ifrs-full_CurrentLeaseLiabilities"",""account_nm"":""유동성리스부채"",""amount"":963659000000.0},{""account_id"":""ifrs-full_NoncurrentLeaseLiabilities"",""account_nm"":""리스부채"",""amount"":3971853000000.0}]","[{""account_id"":""ifrs-full_OtherNoncurrentFinancialLiabilities"",""account_nm"":""기타비유동금융부채"",""amount"":25291000000.0}]",[],,RAW_CASH_AND_DEBT_CAPTURED_POLICY_REQUIRED,,SOURCE_LIMITED_DA_NOT_VALIDATED,,SOURCE_ONLY_SCORE_NOT_GENERATED,NOT_DEFINED,2026-09-22T22:35:40+09:00
011210,현대위아,KOSPI,00106623,현대위아,2026-09-16-v8.11.7-five-financial-cis-interest-revenue-contract,2026-07-01-v6.0-score-policy,READY_RAW_SOURCE,,2026 반기보고서,CFS,2025,CFS,8481561000000.0,8180886000000.0,8165581000000.0,204413000000.0,218810000000.0,232802000000.0,116932000000.0,129472000000.0,52548000000.0,READY,READY_Q2_SOURCE,2026,2353743000000.0,2178558000000.0,50386000000.0,56331000000.0,50579000000.0,17318000000.0,8.04,-10.55,192.06,,NOT_DEFINED_NO_CLASSIFICATION,2025,CFS,OK,1116473000000.0,"[{""account_id"":""ifrs-full_CurrentPortionOfLongtermBorrowings"",""account_nm"":""유동성장기부채"",""amount"":408258000000.0},{""account_id"":""ifrs-full_ShorttermBorrowings"",""account_nm"":""단기차입금"",""amount"":71245000000.0},{""account_id"":""ifrs-full_NoncurrentPortionOfNoncurrentBondsIssued"",""account_nm"":""사채"",""amount"":349043000000.0},{""account_id"":""ifrs-full_NoncurrentPortionOfNoncurrentLoansReceived"",""account_nm"":""장기차입금"",""amount"":380599000000.0}]","[{""account_id"":""ifrs-full_CurrentLeaseLiabilities"",""account_nm"":""유동 리스부채"",""amount"":3477000000.0},{""account_id"":""ifrs-full_NoncurrentLeaseLiabilities"",""account_nm"":""비유동 리스부채"",""amount"":10044000000.0}]","[{""account_id"":""ifrs-full_OtherCurrentFinancialLiabilities"",""account_nm"":""기타유동금융부채"",""amount"":21000000.0}]",[],,RAW_CASH_AND_DEBT_CAPTURED_POLICY_REQUIRED,,SOURCE_LIMITED_DA_NOT_VALIDATED,,SOURCE_ONLY_SCORE_NOT_GENERATED,NOT_DEFINED,2026-09-22T22:35:40+09:00
011280,태림포장,KOSPI,00153524,태림포장,2026-09-16-v8.11.7-five-financial-cis-interest-revenue-contract,2026-07-01-v6.0-score-policy,READY_RAW_SOURCE,,2026 반기보고서,CFS,2025,CFS,753896340000.0,715375066000.0,719597767000.0,-4981829000.0,-16590677000.0,22183904000.0,-9187452000.0,-20491587000.0,10269631000.0,READY,READY_Q2_SOURCE,2026,212333009000.0,188103435000.0,4469541000.0,4255907000.0,5061984000.0,1120201000.0,12.88,5.02,351.88,,NOT_DEFINED_NO_CLASSIFICATION,2025,CFS,OK,853217000.0,"[{""account_id"":""ifrs-full_CurrentPortionOfLongtermBorrowings"",""account_nm"":""유동성차입금"",""amount"":57752114000.0},{""account_id"":""ifrs-full_ShorttermBorrowings"",""account_nm"":""단기차입금"",""amount"":190883812000.0},{""account_id"":""dart_LongTermBorrowingsGross"",""account_nm"":""차입금"",""amount"":45946900000.0}]",[],"[{""account_id"":""ifrs-full_OtherCurrentFinancialLiabilities"",""account_nm"":""기타유동금융부채"",""amount"":2300231000.0},{""account_id"":""ifrs-full_OtherNoncurrentFinancialLiabilities"",""account_nm"":""기타비유동금융부채"",""amount"":1759682000.0}]","[{""account_id"":""-표준계정코드 미사용-"",""account_nm"":""투자부동산감가상각비"",""amount"":919010000.0},{""account_id"":""ifrs-full_AdjustmentsForAmortisationExpense"",""account_nm"":""무형자산상각비"",""amount"":2324272000.0},{""account_id"":""ifrs-full_AdjustmentsForDepreciationExpense"",""account_nm"":""감가상각비"",""amount"":30555155000.0}]",,RAW_CASH_AND_DEBT_CAPTURED_POLICY_REQUIRED,,SOURCE_LIMITED_DA_NOT_VALIDATED,,SOURCE_ONLY_SCORE_NOT_GENERATED,NOT_DEFINED,2026-09-22T22:35:40+09:00
011300,우성머티리얼스,KOSPI,00132868,우성머티리얼스,2026-09-16-v8.11.7-five-financial-cis-interest-revenue-contract,2026-07-01-v6.0-score-policy,READY_RAW_SOURCE,,2026 반기보고서,CFS,2025,CFS,24693017011.0,25486891894.0,33789509695.0,-2334614325.0,-10058669422.0,-9330409816.0,-7668669827.0,-32356567816.0,-42898920811.0,READY,READY_Q2_SOURCE,2026,2980228366.0,4824871787.0,-475309002.0,418763253.0,-1539713766.0,-1880119030.0,-38.23,-213.5,18.11,,NOT_DEFINED_NO_CLASSIFICATION,2025,CFS,OK,1402422986.0,[],"[{""account_id"":""ifrs-full_CurrentLeaseLiabilities"",""account_nm"":""유동 리스부채"",""amount"":132555253.0},{""account_id"":""ifrs-full_NoncurrentLeaseLiabilities"",""account_nm"":""비유동 리스부채"",""amount"":79591058.0}]","[{""account_id"":""ifrs-full_OtherCurrentFinancialLiabilities"",""account_nm"":""기타유동금융부채"",""amount"":2574594268.0}]","[{""account_id"":""ifrs-full_AdjustmentsForDepreciationExpense"",""account_nm"":""감가상각비에 대한 조정"",""amount"":454013697.0}]",,RAW_CASH_AND_DEBT_CAPTURED_POLICY_REQUIRED,,SOURCE_LIMITED_DA_NOT_VALIDATED,,SOURCE_ONLY_SCORE_NOT_GENERATED,NOT_DEFINED,2026-09-22T22:35:40+09:00
011330,유니켐,KOSPI,00137207,유니켐,2026-09-16-v8.11.7-five-financial-cis-interest-revenue-contract,2026-07-01-v6.0-score-policy,READY_RAW_SOURCE,,2026 반기보고서,CFS,2025,CFS,106243075628.0,68216069343.0,108288136804.0,-573400537.0,-6268370624.0,4743669656.0,-6555433408.0,-10229441710.0,-6253840152.0,READY,READY_Q2_SOURCE,2026,30962526364.0,30869360652.0,-2926476696.0,462171237.0,-3678693290.0,189267116.0,0.3,-733.2,-2043.65,,NOT_DEFINED_NO_CLASSIFICATION,2025,CFS,OK,1351577685.0,"[{""account_id"":""dart_CurrentPortionOfBonds"",""account_nm"":""유동성사채"",""amount"":1577758723.0},{""account_id"":""-표준계정코드 미사용-"",""account_nm"":""단기차입금"",""amount"":35720566137.0}]","[{""account_id"":""ifrs-full_CurrentLeaseLiabilities"",""account_nm"":""유동 리스부채"",""amount"":301572443.0},{""account_id"":""-표준계정코드 미사용-"",""account_nm"":""리스부채"",""amount"":265438631.0}]","[{""account_id"":""ifrs-full_OtherCurrentFinancialLiabilities"",""account_nm"":""기타유동금융부채"",""amount"":8205150350.0},{""account_id"":""ifrs-full_OtherNoncurrentFinancialLiabilities"",""account_nm"":""기타비유동금융부채"",""amount"":null}]","[{""account_id"":""-표준계정코드 미사용-"",""account_nm"":""투자부동산 감가상각비"",""amount"":null},{""account_id"":""ifrs-full_AdjustmentsForAmortisationExpense"",""account_nm"":""무형자산상각비에 대한 조정"",""amount"":19874546.0},{""account_id"":""ifrs-full_AdjustmentsForDepreciationExpense"",""account_nm"":""감가상각비에 대한 조정"",""amount"":5250985963.0}]",,RAW_CASH_AND_DEBT_CAPTURED_POLICY_REQUIRED,,SOURCE_LIMITED_DA_NOT_VALIDATED,,SOURCE_ONLY_SCORE_NOT_GENERATED,NOT_DEFINED,2026-09-22T22:35:40+09:00
012200,계양전기,KOSPI,00102618,계양전기,2026-09-16-v8.11.7-five-financial-cis-interest-revenue-contract,2026-07-01-v6.0-score-policy,READY_RAW_SOURCE,,2026 반기보고서,CFS,2025,CFS,389798757593.0,369125242685.0,381634129995.0,-27100264773.0,-15260824259.0,-3894777764.0,-36868256421.0,-61223109319.0,-1264724490.0,READY,READY_Q2_SOURCE,2026,97434303730.0,102181636363.0,-5111010615.0,-8518397525.0,-6110028999.0,-8568148544.0,-4.65,40.0,28.69,,NOT_DEFINED_NO_CLASSIFICATION,2025,CFS,OK,8078330696.0,"[{""account_id"":""-표준계정코드 미사용-"",""account_nm"":""단기차입금"",""amount"":82490440000.0},{""account_id"":""dart_LongTermTradeAndOtherNonCurrentPayables"",""account_nm"":""장기차입금"",""amount"":15000000000.0}]","[{""account_id"":""-표준계정코드 미사용-"",""account_nm"":""유동리스부채"",""amount"":1542320712.0},{""account_id"":""-표준계정코드 미사용-"",""account_nm"":""비유동리스부채"",""amount"":647283619.0}]",[],"[{""account_id"":""ifrs-full_AdjustmentsForAmortisationExpense"",""account_nm"":""무형자산상각비"",""amount"":61350603.0},{""account_id"":""ifrs-full_AdjustmentsForDepreciationExpense"",""account_nm"":""감가상각비"",""amount"":1915660597.0}]",,RAW_CASH_AND_DEBT_CAPTURED_POLICY_REQUIRED,,SOURCE_LIMITED_DA_NOT_VALIDATED,,SOURCE_ONLY_SCORE_NOT_GENERATED,NOT_DEFINED,2026-09-22T22:35:40+09:00
012330,현대모비스,KOSPI,00164788,현대모비스,2026-09-16-v8.11.7-five-financial-cis-interest-revenue-contract,2026-07-01-v6.0-score-policy,READY_RAW_SOURCE,,2026 반기보고서,CFS,2025,CFS,61118127000000.0,57236995000000.0,59254361000000.0,3357456000000.0,3073456000000.0,2295284000000.0,3664736000000.0,4060161000000.0,3423309000000.0,READY,READY_Q2_SOURCE,2026,16324696000000.0,15936241000000.0,975158000000.0,870000000000.0,1060230000000.0,934408000000.0,2.44,12.09,13.47,,NOT_DEFINED_NO_CLASSIFICATION,2025,CFS,OK,4922378000000.0,"[{""account_id"":""ifrs-full_CurrentBorrowingsAndCurrentPortionOfNoncurrentBorrowings"",""account_nm"":""유동 차입금 및 비유동차입금(사채 포함)의 유동성 대체 부분 합계"",""amount"":1127064000000.0},{""account_id"":""ifrs-full_LongtermBorrowings"",""account_nm"":""비유동차입금(사채 포함)의 비유동성 부분"",""amount"":1818510000000.0}]","[{""account_id"":""ifrs-full_CurrentLeaseLiabilities"",""account_nm"":""유동성리스부채"",""amount"":179614000000.0},{""account_id"":""ifrs-full_NoncurrentLeaseLiabilities"",""account_nm"":""비유동성리스부채"",""amount"":542895000000.0}]",[],[],,RAW_CASH_AND_DEBT_CAPTURED_POLICY_REQUIRED,,SOURCE_LIMITED_DA_NOT_VALIDATED,,SOURCE_ONLY_SCORE_NOT_GENERATED,NOT_DEFINED,2026-09-22T22:35:40+09:00
012450,한화에어로스페이스,KOSPI,00126566,한화에어로스페이스,2026-09-16-v8.11.7-five-financial-cis-interest-revenue-contract,2026-07-01-v6.0-score-policy,READY_RAW_SOURCE,,2026 반기보고서,CFS,2025,CFS,26702901249000.0,11240121484000.0,7889686805000.0,3089320181000.0,1731878825000.0,594306104000.0,2201983086000.0,2539873461000.0,976918346000.0,READY,READY_Q2_SOURCE,2026,9292863597000.0,6310959074000.0,1365484214000.0,864517384000.0,1080545380000.0,286431742000.0,47.25,57.95,277.24,,NOT_DEFINED_NO_CLASSIFICATION,2025,CFS,OK,7713355500000.0,"[{""account_id"":""ifrs-full_ShorttermBorrowings"",""account_nm"":""차입금및사채"",""amount"":6982167457000.0},{""account_id"":""ifrs-full_LongtermBorrowings"",""account_nm"":""차입금및사채"",""amount"":5412718897000.0}]","[{""account_id"":""ifrs-full_CurrentLeaseLiabilities"",""account_nm"":""리스부채"",""amount"":83443405000.0},{""account_id"":""ifrs-full_NoncurrentLeaseLiabilities"",""account_nm"":""리스부채"",""amount"":347044604000.0}]","[{""account_id"":""ifrs-full_OtherCurrentFinancialLiabilities"",""account_nm"":""기타유동금융부채"",""amount"":27631516000.0},{""account_id"":""ifrs-full_OtherNoncurrentFinancialLiabilities"",""account_nm"":""기타비유동금융부채"",""amount"":69002711000.0}]",[],,RAW_CASH_AND_DEBT_CAPTURED_POLICY_REQUIRED,,SOURCE_LIMITED_DA_NOT_VALIDATED,,SOURCE_ONLY_SCORE_NOT_GENERATED,NOT_DEFINED,2026-09-22T22:35:40+09:00
013890,지누스,KOSPI,00150633,지누스,2026-09-16-v8.11.7-five-financial-cis-interest-revenue-contract,2026-07-01-v6.0-score-policy,READY_RAW_SOURCE,,2026 반기보고서,CFS,2025,CFS,913180017856.0,920399251687.0,952282926124.0,25479423487.0,-5445946393.0,18342039200.0,-18505683599.0,-6798402948.0,5297181824.0,READY,READY_Q2_SOURCE,2026,147542224524.0,229465627387.0,-26700835147.0,29114479506.0,-22055421063.0,7567134613.0,-35.7,-191.71,-391.46,,NOT_DEFINED_NO_CLASSIFICATION,2025,CFS,OK,127478732931.0,"[{""account_id"":""ifrs-full_CurrentBorrowingsAndCurrentPortionOfNoncurrentBorrowings"",""account_nm"":""차입금"",""amount"":162636876817.0},{""account_id"":""dart_LongTermBorrowingsGross"",""account_nm"":""차입금"",""amount"":15052162168.0}]",[],"[{""account_id"":""ifrs-full_OtherCurrentFinancialLiabilities"",""account_nm"":""기타유동금융부채"",""amount"":81490748711.0},{""account_id"":""ifrs-full_OtherNoncurrentFinancialLiabilities"",""account_nm"":""기타비유동금융부채"",""amount"":83544273201.0}]",[],,RAW_CASH_AND_DEBT_CAPTURED_POLICY_REQUIRED,,SOURCE_LIMITED_DA_NOT_VALIDATED,,SOURCE_ONLY_SCORE_NOT_GENERATED,NOT_DEFINED,2026-09-22T22:35:40+09:00
014830,유니드,KOSPI,00159786,유니드,2026-09-16-v8.11.7-five-financial-cis-interest-revenue-contract,2026-07-01-v6.0-score-policy,READY_RAW_SOURCE,,2026 반기보고서,CFS,2025,CFS,1338757918765.0,1111631182007.0,1133715006136.0,87908807724.0,95444584358.0,32068843108.0,65259133113.0,76234953850.0,16264874026.0,READY,READY_Q2_SOURCE,2026,399849385224.0,340940040543.0,24243282160.0,32823667934.0,43059042208.0,23777024722.0,17.28,-26.14,81.1,,NOT_DEFINED_NO_CLASSIFICATION,2025,CFS,OK,68933686326.0,"[{""account_id"":""dart_CurrentPortionOfExchangeableBond"",""account_nm"":""사채"",""amount"":15105816267.0},{""account_id"":""dart_ExchangeableBondsNet"",""account_nm"":""사채"",""amount"":null},{""account_id"":""ifrs-full_NoncurrentPortionOfNoncurrentLoansReceived"",""account_nm"":""비유동차입금"",""amount"":107986821318.0}]","[{""account_id"":""ifrs-full_CurrentLeaseLiabilities"",""account_nm"":""리스부채"",""amount"":1869092005.0},{""account_id"":""ifrs-full_NoncurrentLeaseLiabilities"",""account_nm"":""리스부채"",""amount"":4460762161.0}]",[],[],,RAW_CASH_AND_DEBT_CAPTURED_POLICY_REQUIRED,,SOURCE_LIMITED_DA_NOT_VALIDATED,,SOURCE_ONLY_SCORE_NOT_GENERATED,NOT_DEFINED,2026-09-22T22:35:40+09:00
014990,인디에프,KOSPI,00106881,인디에프,2026-09-16-v8.11.7-five-financial-cis-interest-revenue-contract,2026-07-01-v6.0-score-policy,READY_RAW_SOURCE,,2026 반기보고서,CFS,2025,CFS,104591440092.0,114737877861.0,126499790341.0,1191459864.0,-827177694.0,-2698436493.0,-107255720.0,-1362691726.0,-1654134615.0,READY,READY_Q2_SOURCE,2026,28297082376.0,27344805634.0,2283365577.0,1798592496.0,1508940746.0,1371059414.0,3.48,26.95,10.06,,NOT_DEFINED_NO_CLASSIFICATION,2025,CFS,OK,3963730179.0,"[{""account_id"":""ifrs-full_BondsIssued"",""account_nm"":""사채"",""amount"":0.0},{""account_id"":""ifrs-full_ShorttermBorrowings"",""account_nm"":""단기차입금"",""amount"":18600000000.0},{""account_id"":""dart_LongTermBorrowingsGross"",""account_nm"":""장기차입금"",""amount"":0.0}]","[{""account_id"":""ifrs-full_CurrentLeaseLiabilities"",""account_nm"":""유동 리스부채"",""amount"":5108837205.0},{""account_id"":""ifrs-full_NoncurrentLeaseLiabilities"",""account_nm"":""비유동리스부채"",""amount"":6302095080.0}]","[{""account_id"":""ifrs-full_OtherCurrentFinancialLiabilities"",""account_nm"":""기타유동금융부채"",""amount"":3395571125.0},{""account_id"":""ifrs-full_OtherNoncurrentFinancialLiabilities"",""account_nm"":""기타비유동금융부채"",""amount"":993086339.0}]","[{""account_id"":""ifrs-full_AdjustmentsForAmortisationExpense"",""account_nm"":""무형자산상각비"",""amount"":279677702.0},{""account_id"":""ifrs-full_AdjustmentsForDepreciationExpense"",""account_nm"":""감가상각비"",""amount"":7201577747.0}]",,RAW_CASH_AND_DEBT_CAPTURED_POLICY_REQUIRED,,SOURCE_LIMITED_DA_NOT_VALIDATED,,SOURCE_ONLY_SCORE_NOT_GENERATED,NOT_DEFINED,2026-09-22T22:35:40+09:00
015360,INVENI,KOSPI,00105101,INVENI,2026-09-16-v8.11.7-five-financial-cis-interest-revenue-contract,2026-07-01-v6.0-score-policy,READY_RAW_SOURCE,,2026 반기보고서,CFS,2025,CFS,1327599497000.0,1160352396000.0,1142129455000.0,111715072000.0,24270272000.0,13184350000.0,86715394000.0,28572120000.0,34053372000.0,READY,READY_Q2_SOURCE,2026,193743998000.0,247067221000.0,11238999000.0,50085460000.0,8851763000.0,51151609000.0,-21.58,-77.56,-82.7,,NOT_DEFINED_NO_CLASSIFICATION,2025,CFS,OK,34367188000.0,"[{""account_id"":""dart_CurrentPortionOfBonds"",""account_nm"":""유동성사채"",""amount"":29995261000.0},{""account_id"":""ifrs-full_CurrentPortionOfLongtermBorrowings"",""account_nm"":""유동성장기차입금"",""amount"":1223560000.0},{""account_id"":""ifrs-full_ShorttermBorrowings"",""account_nm"":""단기차입금"",""amount"":0.0},{""account_id"":""dart_BondsIssuedNominalValue"",""account_nm"":""사채"",""amount"":273165845000.0},{""account_id"":""dart_LongTermBorrowingsGross"",""account_nm"":""장기차입금"",""amount"":3847340000.0}]","[{""account_id"":""dart_CurentPortionOfFinanceLeaseLiabilities"",""account_nm"":""유동성금융리스부채"",""amount"":3474573000.0},{""account_id"":""dart_NonCurrentFinanceLeaseLiabilities"",""account_nm"":""비유동금융리스부채"",""amount"":29587211000.0}]","[{""account_id"":""ifrs-full_OtherCurrentFinancialLiabilities"",""account_nm"":""기타유동금융부채"",""amount"":10000000.0}]",[],,RAW_CASH_AND_DEBT_CAPTURED_POLICY_REQUIRED,,SOURCE_LIMITED_DA_NOT_VALIDATED,,SOURCE_ONLY_SCORE_NOT_GENERATED,NOT_DEFINED,2026-09-22T22:35:40+09:00
015590,DKME,KOSPI,00108746,DKME,2026-09-16-v8.11.7-five-financial-cis-interest-revenue-contract,2026-07-01-v6.0-score-policy,READY_RAW_SOURCE,,2026 반기보고서,CFS,2025,CFS,133411972702.0,136623566311.0,137250775712.0,10025825849.0,9474538202.0,12731268893.0,-2877621783.0,2341094260.0,12617432696.0,READY,READY_Q2_SOURCE,2026,16476411270.0,35639784386.0,-5483457530.0,5842369757.0,-5810109449.0,-3585945169.0,-53.77,-193.86,-62.02,,NOT_DEFINED_NO_CLASSIFICATION,2025,CFS,OK,21207223881.0,"[{""account_id"":""-표준계정코드 미사용-"",""account_nm"":""단기차입금"",""amount"":19100000000.0},{""account_id"":""ifrs-full_NoncurrentPortionOfNoncurrentLoansReceived"",""account_nm"":""장기차입금"",""amount"":16400000000.0}]","[{""account_id"":""ifrs-full_CurrentLeaseLiabilities"",""account_nm"":""유동리스부채"",""amount"":421246252.0},{""account_id"":""ifrs-full_NoncurrentLeaseLiabilities"",""account_nm"":""비유동리스부채"",""amount"":126736247.0}]",[],[],,RAW_CASH_AND_DEBT_CAPTURED_POLICY_REQUIRED,,SOURCE_LIMITED_DA_NOT_VALIDATED,,SOURCE_ONLY_SCORE_NOT_GENERATED,NOT_DEFINED,2026-09-22T22:35:40+09:00
016590,신대양제지,KOSPI,00135777,신대양제지,2026-09-16-v8.11.7-five-financial-cis-interest-revenue-contract,2026-07-01-v6.0-score-policy,READY_RAW_SOURCE,,2026 반기보고서,CFS,2025,CFS,639529019559.0,658502364521.0,645359891647.0,22240505362.0,29284139868.0,58513877508.0,22272440036.0,33264061430.0,51251648060.0,READY,READY_Q2_SOURCE,2026,174536333479.0,160601164604.0,14766524154.0,10299220575.0,14530743952.0,6203736844.0,8.68,43.38,134.23,,NOT_DEFINED_NO_CLASSIFICATION,2025,CFS,OK,180367360474.0,"[{""account_id"":""ifrs-full_CurrentLoansReceivedAndCurrentPortionOfNoncurrentLoansReceived"",""account_nm"":""단기차입금"",""amount"":67260994566.0},{""account_id"":""ifrs-full_NoncurrentPortionOfNoncurrentLoansReceived"",""account_nm"":""장기차입금"",""amount"":13583333322.0}]","[{""account_id"":""ifrs-full_CurrentLeaseLiabilities"",""account_nm"":""유동성리스부채"",""amount"":1864591121.0},{""account_id"":""ifrs-full_NoncurrentLeaseLiabilities"",""account_nm"":""리스부채"",""amount"":2497274369.0}]","[{""account_id"":""ifrs-full_OtherCurrentFinancialLiabilities"",""account_nm"":""기타유동금융부채"",""amount"":304000000.0},{""account_id"":""ifrs-full_OtherNoncurrentFinancialLiabilities"",""account_nm"":""기타비유동금융부채"",""amount"":3195000000.0}]",[],,RAW_CASH_AND_DEBT_CAPTURED_POLICY_REQUIRED,,SOURCE_LIMITED_DA_NOT_VALIDATED,,SOURCE_ONLY_SCORE_NOT_GENERATED,NOT_DEFINED,2026-09-22T22:35:40+09:00
016800,퍼시스,KOSPI,00161709,퍼시스,2026-09-16-v8.11.7-five-financial-cis-interest-revenue-contract,2026-07-01-v6.0-score-policy,READY_RAW_SOURCE,,2026 반기보고서,CFS,2025,CFS,358199545192.0,385705375506.0,362905625021.0,5737130312.0,21476407888.0,35235683418.0,35580171231.0,47720515516.0,66895995467.0,READY,READY_Q2_SOURCE,2026,87598314290.0,82344044430.0,-5417281162.0,243140237.0,31702740015.0,9037154512.0,6.38,-2328.05,250.8,,NOT_DEFINED_NO_CLASSIFICATION,2025,CFS,OK,100807222034.0,"[{""account_id"":""ifrs-full_ShorttermBorrowings"",""account_nm"":""단기차입금"",""amount"":78867557.0}]",[],[],[],,RAW_CASH_AND_DEBT_CAPTURED_POLICY_REQUIRED,,SOURCE_LIMITED_DA_NOT_VALIDATED,,SOURCE_ONLY_SCORE_NOT_GENERATED,NOT_DEFINED,2026-09-22T22:35:40+09:00
018260,삼성에스디에스,KOSPI,00126186,삼성에스디에스,2026-09-16-v8.11.7-five-financial-cis-interest-revenue-contract,2026-07-01-v6.0-score-policy,READY_RAW_SOURCE,,2026 반기보고서,CFS,2025,CFS,13929868497711.0,13828232033800.0,13276844204872.0,957102744609.0,911096907001.0,808230946594.0,782669219514.0,789501325293.0,701325761022.0,READY,READY_Q2_SOURCE,2026,3717774123283.0,3511984578644.0,231805459849.0,230161317475.0,184053071524.0,176014235475.0,5.86,0.71,4.57,,NOT_DEFINED_NO_CLASSIFICATION,2025,CFS,OK,1558981444019.0,[],"[{""account_id"":""ifrs-full_CurrentLeaseLiabilities"",""account_nm"":""유동성리스부채"",""amount"":262156156587.0},{""account_id"":""ifrs-full_NoncurrentLeaseLiabilities"",""account_nm"":""리스부채"",""amount"":554935551019.0}]",[],[],,RAW_CASH_AND_DEBT_CAPTURED_POLICY_REQUIRED,,SOURCE_LIMITED_DA_NOT_VALIDATED,,SOURCE_ONLY_SCORE_NOT_GENERATED,NOT_DEFINED,2026-09-22T22:35:40+09:00
019680,대교,KOSPI,00108913,대교,2026-09-16-v8.11.7-five-financial-cis-interest-revenue-contract,2026-07-01-v6.0-score-policy,READY_RAW_SOURCE,,2026 반기보고서,CFS,2025,CFS,650004579114.0,663501743801.0,656216984016.0,-3399512029.0,-1562689521.0,-27827895913.0,-37197347787.0,4036525923.0,-96293719398.0,READY,READY_Q2_SOURCE,2026,158618635463.0,162531876140.0,-3721661379.0,44654989.0,-1192365114.0,-2786674878.0,-2.41,-8434.26,57.21,,NOT_DEFINED_NO_CLASSIFICATION,2025,CFS,OK,46045810222.0,"[{""account_id"":""ifrs-full_NoncurrentPortionOfNoncurrentLoansReceived"",""account_nm"":""비유동성 금융기관 차입금(사채 제외)"",""amount"":18441092.0}]","[{""account_id"":""ifrs-full_CurrentLeaseLiabilities"",""account_nm"":""리스부채"",""amount"":27741783084.0},{""account_id"":""ifrs-full_NoncurrentLeaseLiabilities"",""account_nm"":""리스부채"",""amount"":65450000991.0}]",[],[],,RAW_CASH_AND_DEBT_CAPTURED_POLICY_REQUIRED,,SOURCE_LIMITED_DA_NOT_VALIDATED,,SOURCE_ONLY_SCORE_NOT_GENERATED,NOT_DEFINED,2026-09-22T22:35:40+09:00
020120,키다리스튜디오,KOSPI,00140131,키다리스튜디오,2026-09-16-v8.11.7-five-financial-cis-interest-revenue-contract,2026-07-01-v6.0-score-policy,READY_RAW_SOURCE,,2026 반기보고서,CFS,2025,CFS,217475159813.0,205213284499.0,171042237147.0,12382726336.0,2189001069.0,-5744856252.0,6521952860.0,-7219357053.0,-35643071568.0,READY,READY_Q2_SOURCE,2026,64427044210.0,51766722277.0,5515919165.0,1881366039.0,2025425785.0,523463118.0,24.46,193.19,286.93,,NOT_DEFINED_NO_CLASSIFICATION,2025,CFS,OK,40409258079.0,"[{""account_id"":""ifrs-full_CurrentPortionOfLongtermBorrowings"",""account_nm"":""유동성장기차입금"",""amount"":0.0},{""account_id"":""ifrs-full_ShorttermBorrowings"",""account_nm"":""단기차입금"",""amount"":16900000000.0}]",[],"[{""account_id"":""ifrs-full_OtherCurrentFinancialLiabilities"",""account_nm"":""기타금융부채"",""amount"":60456125225.0},{""account_id"":""ifrs-full_OtherNoncurrentFinancialLiabilities"",""account_nm"":""기타금융부채"",""amount"":15636115541.0}]",[],,RAW_CASH_AND_DEBT_CAPTURED_POLICY_REQUIRED,,SOURCE_LIMITED_DA_NOT_VALIDATED,,SOURCE_ONLY_SCORE_NOT_GENERATED,NOT_DEFINED,2026-09-22T22:35:40+09:00
020150,롯데에너지머티리얼즈,KOSPI,00113997,롯데에너지머티리얼즈,2026-09-16-v8.11.7-five-financial-cis-interest-revenue-contract,2026-07-01-v6.0-score-policy,READY_RAW_SOURCE,,2026 반기보고서,CFS,2025,CFS,677530806593.0,902252020191.0,809006057001.0,-145226366142.0,-64444649841.0,11805382266.0,-167150052089.0,28798407933.0,-45120189148.0,READY,READY_Q2_SOURCE,2026,194197979593.0,204945979311.0,-16896328507.0,-31103338140.0,-18781791974.0,-51366582409.0,-5.24,45.68,63.44,,NOT_DEFINED_NO_CLASSIFICATION,2025,CFS,OK,105057534562.0,"[{""account_id"":""-표준계정코드 미사용-"",""account_nm"":""단기차입금"",""amount"":18502707855.0},{""account_id"":""-표준계정코드 미사용-"",""account_nm"":""유동성장기부채"",""amount"":100000000000.0},{""account_id"":""ifrs-full_NoncurrentPortionOfNoncurrentLoansReceived"",""account_nm"":""장기차입금"",""amount"":62854026889.0}]",[],"[{""account_id"":""ifrs-full_OtherCurrentFinancialLiabilities"",""account_nm"":""기타유동금융부채"",""amount"":6297007117.0},{""account_id"":""ifrs-full_OtherNoncurrentFinancialLiabilities"",""account_nm"":""기타비유동금융부채"",""amount"":10850527058.0}]",[],,RAW_CASH_AND_DEBT_CAPTURED_POLICY_REQUIRED,,SOURCE_LIMITED_DA_NOT_VALIDATED,,SOURCE_ONLY_SCORE_NOT_GENERATED,NOT_DEFINED,2026-09-22T22:35:40+09:00
021240,코웨이,KOSPI,00170558,코웨이,2026-09-16-v8.11.7-five-financial-cis-interest-revenue-contract,2026-07-01-v6.0-score-policy,READY_RAW_SOURCE,,2026 반기보고서,CFS,2025,CFS,4963566073111.0,4310141694596.0,3966519721923.0,878651769382.0,795373861343.0,731255078054.0,617510076654.0,565452186637.0,471011104871.0,READY,READY_Q2_SOURCE,2026,1442206990724.0,1258874709586.0,253206002831.0,242721142680.0,178271259619.0,155506917280.0,14.56,4.32,14.64,,NOT_DEFINED_NO_CLASSIFICATION,2025,CFS,OK,182190550994.0,"[{""account_id"":""-표준계정코드 미사용-"",""account_nm"":""단기차입금"",""amount"":910394928000.0},{""account_id"":""ifrs-full_NoncurrentPortionOfNoncurrentBondsIssued"",""account_nm"":""사채"",""amount"":878526850054.0},{""account_id"":""ifrs-full_NoncurrentPortionOfNoncurrentLoansReceived"",""account_nm"":""장기차입금"",""amount"":26430840555.0}]","[{""account_id"":""ifrs-full_CurrentLeaseLiabilities"",""account_nm"":""리스부채"",""amount"":43282818277.0},{""account_id"":""ifrs-full_NoncurrentLeaseLiabilities"",""account_nm"":""리스부채"",""amount"":70033747963.0}]","[{""account_id"":""ifrs-full_OtherCurrentFinancialLiabilities"",""account_nm"":""기타단기금융부채"",""amount"":369903389952.0},{""account_id"":""ifrs-full_OtherNoncurrentFinancialLiabilities"",""account_nm"":""기타장기금융부채"",""amount"":8795399992.0}]",[],,RAW_CASH_AND_DEBT_CAPTURED_POLICY_REQUIRED,,SOURCE_LIMITED_DA_NOT_VALIDATED,,SOURCE_ONLY_SCORE_NOT_GENERATED,NOT_DEFINED,2026-09-22T22:35:40+09:00
022100,포스코DX,KOSPI,00155212,포스코DX,2026-09-16-v8.11.7-five-financial-cis-interest-revenue-contract,2026-07-01-v6.0-score-policy,READY_RAW_SOURCE,,2026 반기보고서,CFS,2025,CFS,1075175363044.0,1473290670631.0,1485875620930.0,60388586087.0,108991969223.0,110563784581.0,52623905401.0,88599060003.0,92128228460.0,READY,READY_Q2_SOURCE,2026,232580814051.0,272857095032.0,9860765255.0,17081846937.0,11816384583.0,14440771191.0,-14.76,-42.27,-18.17,,NOT_DEFINED_NO_CLASSIFICATION,2025,CFS,OK,246949912811.0,"[{""account_id"":""ifrs-full_NoncurrentPortionOfNoncurrentLoansReceived"",""account_nm"":""장기차입금"",""amount"":76603000.0}]",[],"[{""account_id"":""ifrs-full_OtherCurrentFinancialLiabilities"",""account_nm"":""기타유동금융부채"",""amount"":29262255020.0},{""account_id"":""ifrs-full_OtherNoncurrentFinancialLiabilities"",""account_nm"":""기타비유동금융부채"",""amount"":1089676518.0}]",[],,RAW_CASH_AND_DEBT_CAPTURED_POLICY_REQUIRED,,SOURCE_LIMITED_DA_NOT_VALIDATED,,SOURCE_ONLY_SCORE_NOT_GENERATED,NOT_DEFINED,2026-09-22T22:35:40+09:00
023530,롯데쇼핑,KOSPI,00120526,롯데쇼핑,2026-09-16-v8.11.7-five-financial-cis-interest-revenue-contract,2026-07-01-v6.0-score-policy,READY_RAW_SOURCE,,2026 반기보고서,CFS,2025,CFS,13738354725833.0,13986578270060.0,14555863880290.0,547037221095.0,473113964780.0,508404731640.0,73555557525.0,-994075271502.0,169180436381.0,READY,READY_Q2_SOURCE,2026,3485027676575.0,3349696312762.0,89908892335.0,40639191033.0,14617059196.0,-10321824905.0,4.04,121.24,241.61,,NOT_DEFINED_NO_CLASSIFICATION,2025,CFS,OK,571525104252.0,"[{""account_id"":""ifrs-full_CurrentBorrowingsAndCurrentPortionOfNoncurrentBorrowings"",""account_nm"":""차입금및사채"",""amount"":4582526798263.0},{""account_id"":""ifrs-full_LongtermBorrowings"",""account_nm"":""차입금및사채"",""amount"":5251213635717.0}]","[{""account_id"":""ifrs-full_CurrentLeaseLiabilities"",""account_nm"":""리스부채"",""amount"":739779085867.0},{""account_id"":""ifrs-full_NoncurrentLeaseLiabilities"",""account_nm"":""리스부채"",""amount"":3227977337507.0}]","[{""account_id"":""ifrs-full_OtherCurrentFinancialLiabilities"",""account_nm"":""기타금융부채"",""amount"":424338949643.0},{""account_id"":""ifrs-full_OtherNoncurrentFinancialLiabilities"",""account_nm"":""기타금융부채"",""amount"":92941508702.0}]",[],,RAW_CASH_AND_DEBT_CAPTURED_POLICY_REQUIRED,,SOURCE_LIMITED_DA_NOT_VALIDATED,,SOURCE_ONLY_SCORE_NOT_GENERATED,NOT_DEFINED,2026-09-22T22:35:40+09:00
024090,디씨엠,KOSPI,00177199,디씨엠,2026-09-16-v8.11.7-five-financial-cis-interest-revenue-contract,2026-07-01-v6.0-score-policy,READY_RAW_SOURCE,,2026 반기보고서,OFS,2025,OFS,227052934104.0,240913433640.0,218258669539.0,9560895743.0,16966759117.0,9056180535.0,11795552603.0,18868207772.0,-10302105359.0,READY,READY_Q2_SOURCE,2026,50175411206.0,57922432451.0,3257475183.0,1955613186.0,3276116342.0,1631676958.0,-13.37,66.57,100.78,,NOT_DEFINED_NO_CLASSIFICATION,2025,OFS,OK,52525361105.0,"[{""account_id"":""ifrs-full_CurrentLoansReceivedAndCurrentPortionOfNoncurrentLoansReceived"",""account_nm"":""차입금"",""amount"":5000000000.0}]",[],[],[],,RAW_CASH_AND_DEBT_CAPTURED_POLICY_REQUIRED,,SOURCE_LIMITED_DA_NOT_VALIDATED,,SOURCE_ONLY_SCORE_NOT_GENERATED,NOT_DEFINED,2026-09-22T22:35:40+09:00
024110,기업은행,KOSPI,00149646,기업은행,2026-09-16-v8.11.7-five-financial-cis-interest-revenue-contract,2026-07-01-v6.0-score-policy,LIMITED_RAW_SOURCE,"3Y_ANNUAL_LIMITED,QUARTER_LIMITED",2026 반기보고서,CFS,2025,CFS,,,,3655589000000.0,3594087000000.0,3432281000000.0,2718868000000.0,2654338000000.0,2675188000000.0,LIMITED,LIMITED,2026,,,915102000000.0,927445000000.0,689506000000.0,694401000000.0,,-1.33,-0.7,,NOT_DEFINED_NO_CLASSIFICATION,2025,CFS,OK,,"[{""account_id"":""ifrs-full_BondsIssued"",""account_nm"":""사채"",""amount"":203390126000000.0}]",[],[],[],,RAW_CASH_AND_DEBT_CAPTURED_POLICY_REQUIRED,,SOURCE_LIMITED_DA_NOT_VALIDATED,,SOURCE_ONLY_SCORE_NOT_GENERATED,NOT_DEFINED,2026-09-22T22:35:40+09:00
025620,차AI헬스케어,KOSPI,00136776,차AI헬스케어,2026-09-16-v8.11.7-five-financial-cis-interest-revenue-contract,2026-07-01-v6.0-score-policy,READY_RAW_SOURCE,,2026 반기보고서,CFS,2025,CFS,7305082169.0,15675289582.0,16089005897.0,-7455920893.0,-5446113042.0,-9388110332.0,1366855292.0,-9493432484.0,-6797532438.0,READY,READY_Q2_SOURCE,2026,2908602223.0,1965029305.0,-1134111226.0,-1418474984.0,10401453951.0,1343946089.0,48.02,20.05,673.95,,NOT_DEFINED_NO_CLASSIFICATION,2025,CFS,OK,39571426611.0,"[{""account_id"":""-표준계정코드 미사용-"",""account_nm"":""단기차입금"",""amount"":2274883600.0}]","[{""account_id"":""ifrs-full_CurrentLeaseLiabilities"",""account_nm"":""유동성리스부채"",""amount"":775283731.0},{""account_id"":""ifrs-full_NoncurrentLeaseLiabilities"",""account_nm"":""리스부채"",""amount"":667640227.0}]",[],[],,RAW_CASH_AND_DEBT_CAPTURED_POLICY_REQUIRED,,SOURCE_LIMITED_DA_NOT_VALIDATED,,SOURCE_ONLY_SCORE_NOT_GENERATED,NOT_DEFINED,2026-09-22T22:35:40+09:00
026890,스틱인베스트먼트,KOSPI,00117498,스틱인베스트먼트,2026-09-16-v8.11.7-five-financial-cis-interest-revenue-contract,2026-07-01-v6.0-score-policy,READY_RAW_SOURCE,,2026 반기보고서,CFS,2025,CFS,91217510708.0,79465712795.0,93760178861.0,17184071250.0,13418332276.0,33098199451.0,14855602741.0,9331317902.0,27594774707.0,READY,READY_Q2_SOURCE,2026,20298531270.0,26845683407.0,3056316856.0,4677625157.0,1710080961.0,3378703088.0,-24.39,-34.66,-49.39,,NOT_DEFINED_NO_CLASSIFICATION,2025,CFS,OK,37655763608.0,"[{""account_id"":""dart_LongTermBorrowingsGross"",""account_nm"":""장기차입금"",""amount"":30000000000.0},{""account_id"":""ifrs-full_Borrowings"",""account_nm"":""단기차입금"",""amount"":8999838.0}]","[{""account_id"":""ifrs-full_CurrentLeaseLiabilities"",""account_nm"":""유동리스부채"",""amount"":1330478544.0},{""account_id"":""ifrs-full_LeaseLiabilities"",""account_nm"":""비유동리스부채"",""amount"":1017040039.0}]",[],[],,RAW_CASH_AND_DEBT_CAPTURED_POLICY_REQUIRED,,SOURCE_LIMITED_DA_NOT_VALIDATED,,SOURCE_ONLY_SCORE_NOT_GENERATED,NOT_DEFINED,2026-09-22T22:35:40+09:00
027740,마니커,KOSPI,00204208,마니커,2026-09-16-v8.11.7-five-financial-cis-interest-revenue-contract,2026-07-01-v6.0-score-policy,READY_RAW_SOURCE,,2026 반기보고서,CFS,2025,CFS,368890857923.0,332788209759.0,339611584985.0,2010730651.0,-9051499918.0,2214546910.0,-317490159.0,-10708064322.0,-1770258825.0,READY,READY_Q2_SOURCE,2026,106724696442.0,87071720862.0,-16022772.0,2054893693.0,-759152061.0,1398704926.0,22.57,-100.78,-154.28,,NOT_DEFINED_NO_CLASSIFICATION,2025,CFS,OK,6258317762.0,"[{""account_id"":""ifrs-full_CurrentPortionOfLongtermBorrowings"",""account_nm"":""유동성장기차입금"",""amount"":163160000.0},{""account_id"":""ifrs-full_ShorttermBorrowings"",""account_nm"":""단기차입금"",""amount"":48660000000.0},{""account_id"":""dart_LongTermBorrowingsGross"",""account_nm"":""장기차입금"",""amount"":1459760000.0}]",[],"[{""account_id"":""ifrs-full_OtherCurrentFinancialLiabilities"",""account_nm"":""단기기타금융부채"",""amount"":1817377046.0},{""account_id"":""ifrs-full_OtherNoncurrentFinancialLiabilities"",""account_nm"":""장기기타금융부채"",""amount"":1128067141.0}]",[],,RAW_CASH_AND_DEBT_CAPTURED_POLICY_REQUIRED,,SOURCE_LIMITED_DA_NOT_VALIDATED,,SOURCE_ONLY_SCORE_NOT_GENERATED,NOT_DEFINED,2026-09-22T22:35:40+09:00
028050,삼성E&A,KOSPI,00126308,삼성E&A,2026-09-16-v8.11.7-five-financial-cis-interest-revenue-contract,2026-07-01-v6.0-score-policy,READY_RAW_SOURCE,,2026 반기보고서,CFS,2025,CFS,9028769083650.0,9966551344477.0,10624917993595.0,792078846892.0,971611686017.0,993128866188.0,648307939623.0,638672451980.0,695607943011.0,READY,READY_Q2_SOURCE,2026,2609330842772.0,2178022750175.0,273087546436.0,180856635847.0,182508182038.0,141716656088.0,19.8,51.0,28.78,,NOT_DEFINED_NO_CLASSIFICATION,2025,CFS,OK,861796626374.0,"[{""account_id"":""ifrs-full_ShorttermBorrowings"",""account_nm"":""단기차입금"",""amount"":0.0}]",[],[],[],,RAW_CASH_AND_DEBT_CAPTURED_POLICY_REQUIRED,,SOURCE_LIMITED_DA_NOT_VALIDATED,,SOURCE_ONLY_SCORE_NOT_GENERATED,NOT_DEFINED,2026-09-22T22:35:40+09:00
028260,삼성물산,KOSPI,00149655,삼성물산,2026-09-16-v8.11.7-five-financial-cis-interest-revenue-contract,2026-07-01-v6.0-score-policy,READY_RAW_SOURCE,,2026 반기보고서,CFS,2025,CFS,40742240967149.0,42103238027336.0,41895681215734.0,3292747495925.0,2983396694918.0,2870173816853.0,3906652564846.0,2772012091811.0,2719106116709.0,READY,READY_Q2_SOURCE,2026,11995055624406.0,10022075966797.0,1031736010472.0,752614345055.0,915543902093.0,526524285930.0,19.69,37.09,73.88,,NOT_DEFINED_NO_CLASSIFICATION,2025,CFS,OK,3458217651048.0,"[{""account_id"":""-표준계정코드 미사용-"",""account_nm"":""단기차입금"",""amount"":981336899188.0},{""account_id"":""ifrs-full_CurrentPortionOfLongtermBorrowings"",""account_nm"":""유동성장기채무"",""amount"":798958770893.0},{""account_id"":""ifrs-full_LongtermBorrowings"",""account_nm"":""사채 및 장기차입금"",""amount"":1611322967337.0}]",[],[],[],,RAW_CASH_AND_DEBT_CAPTURED_POLICY_REQUIRED,,SOURCE_LIMITED_DA_NOT_VALIDATED,,SOURCE_ONLY_SCORE_NOT_GENERATED,NOT_DEFINED,2026-09-22T22:35:40+09:00
028670,팬오션,KOSPI,00122737,팬오션,2026-09-16-v8.11.7-five-financial-cis-interest-revenue-contract,2026-07-01-v6.0-score-policy,READY_RAW_SOURCE,,2026 반기보고서,CFS,2025,CFS,5432888000000.0,5161218000000.0,4360982000000.0,491948000000.0,471180000000.0,385854000000.0,301407000000.0,268143000000.0,245041000000.0,READY,READY_Q2_SOURCE,2026,1913665000000.0,1293649000000.0,193695000000.0,123034000000.0,137448000000.0,122785000000.0,47.93,57.43,11.94,,NOT_DEFINED_NO_CLASSIFICATION,2025,CFS,OK,839667000000.0,"[{""account_id"":""ifrs-full_CurrentBorrowingsAndCurrentPortionOfNoncurrentBorrowings"",""account_nm"":""차입금 등"",""amount"":628842000000.0},{""account_id"":""ifrs-full_LongtermBorrowings"",""account_nm"":""차입금 등"",""amount"":3590412000000.0}]","[{""account_id"":""ifrs-full_CurrentLeaseLiabilities"",""account_nm"":""리스부채"",""amount"":117068000000.0},{""account_id"":""ifrs-full_NoncurrentLeaseLiabilities"",""account_nm"":""리스부채"",""amount"":149956000000.0}]",[],[],,RAW_CASH_AND_DEBT_CAPTURED_POLICY_REQUIRED,,SOURCE_LIMITED_DA_NOT_VALIDATED,,SOURCE_ONLY_SCORE_NOT_GENERATED,NOT_DEFINED,2026-09-22T22:35:40+09:00
029780,삼성카드,KOSPI,00126292,삼성카드,2026-09-16-v8.11.7-five-financial-cis-interest-revenue-contract,2026-07-01-v6.0-score-policy,READY_RAW_SOURCE,,2026 반기보고서,CFS,2025,CFS,2028939000000.0,1943450000000.0,1923807000000.0,853695000000.0,885421000000.0,810007000000.0,645923000000.0,664593000000.0,609439000000.0,READY,READY_Q2_SOURCE,2026,533895000000.0,719112138946.0,208636000000.0,200490097873.0,154203000000.0,151199669018.0,-25.76,4.06,1.99,,NOT_DEFINED_NO_CLASSIFICATION,2025,CFS,OK,,"[{""account_id"":""ifrs-full_BondsIssued"",""account_nm"":""사채"",""amount"":18053189000000.0},{""account_id"":""ifrs-full_OtherBorrowings"",""account_nm"":""차입금"",""amount"":2603300000000.0}]","[{""account_id"":""ifrs-full_LeaseLiabilities"",""account_nm"":""리스부채"",""amount"":16184000000.0}]","[{""account_id"":""ifrs-full_OtherFinancialLiabilities"",""account_nm"":""기타금융부채"",""amount"":1839112000000.0}]","[{""account_id"":""dart_AdjustmentsForDepreciationLeasedAssets"",""account_nm"":""운용리스자산 감가상각비"",""amount"":98770000000.0},{""account_id"":""dart_AdjustmentsForDepreciationRightofuseAssets"",""account_nm"":""사용권자산감가상각비"",""amount"":28008000000.0},{""account_id"":""ifrs-full_AdjustmentsForAmortisationExpense"",""account_nm"":""무형자산상각비"",""amount"":29401000000.0},{""account_id"":""ifrs-full_AdjustmentsForDepreciationExpense"",""account_nm"":""감가상각비"",""amount"":10245000000.0}]",,RAW_CASH_AND_DEBT_CAPTURED_POLICY_REQUIRED,,SOURCE_LIMITED_DA_NOT_VALIDATED,,SOURCE_ONLY_SCORE_NOT_GENERATED,NOT_DEFINED,2026-09-22T22:35:40+09:00
030000,제일기획,KOSPI,00148276,제일기획,2026-09-16-v8.11.7-five-financial-cis-interest-revenue-contract,2026-07-01-v6.0-score-policy,READY_RAW_SOURCE,,2026 반기보고서,CFS,2025,CFS,4546894943227.0,4344256680956.0,4138274796031.0,336889964137.0,320720587990.0,307522766415.0,208612517893.0,208342984365.0,190121613120.0,READY,READY_Q2_SOURCE,2026,1074518428890.0,1118834219151.0,92693736594.0,92117590305.0,63536831989.0,51245020633.0,-3.96,0.63,23.99,,NOT_DEFINED_NO_CLASSIFICATION,2025,CFS,OK,622369326472.0,"[{""account_id"":""ifrs-full_CurrentLoansReceivedAndCurrentPortionOfNoncurrentLoansReceived"",""account_nm"":""단기차입금"",""amount"":4043255307.0},{""account_id"":""dart_LongTermBorrowingsGross"",""account_nm"":""장기차입금"",""amount"":2869800000.0}]","[{""account_id"":""ifrs-full_CurrentLeaseLiabilities"",""account_nm"":""리스부채"",""amount"":58987041880.0},{""account_id"":""ifrs-full_NoncurrentLeaseLiabilities"",""account_nm"":""장기리스부채"",""amount"":223707601143.0}]","[{""account_id"":""ifrs-full_OtherCurrentFinancialLiabilities"",""account_nm"":""기타유동금융부채"",""amount"":18558297217.0},{""account_id"":""ifrs-full_OtherNoncurrentFinancialLiabilities"",""account_nm"":""기타비유동금융부채"",""amount"":8186423313.0}]",[],,RAW_CASH_AND_DEBT_CAPTURED_POLICY_REQUIRED,,SOURCE_LIMITED_DA_NOT_VALIDATED,,SOURCE_ONLY_SCORE_NOT_GENERATED,NOT_DEFINED,2026-09-22T22:35:40+09:00
030190,NICE평가정보,KOSPI,00158325,NICE평가정보,2026-09-16-v8.11.7-five-financial-cis-interest-revenue-contract,2026-07-01-v6.0-score-policy,READY_RAW_SOURCE,,2026 반기보고서,CFS,2025,CFS,602147035954.0,535031889316.0,485713636119.0,104389438156.0,86788428829.0,65329237352.0,78075295916.0,76030945393.0,56046652275.0,READY,READY_Q2_SOURCE,2026,163184691899.0,151339188668.0,32869855408.0,27572907291.0,25834210650.0,22483017925.0,7.83,19.21,14.91,,NOT_DEFINED_NO_CLASSIFICATION,2025,CFS,OK,105403380574.0,"[{""account_id"":""ifrs-full_CurrentBorrowingsAndCurrentPortionOfNoncurrentBorrowings"",""account_nm"":""단기차입금"",""amount"":14322000000.0},{""account_id"":""ifrs-full_LongtermBorrowings"",""account_nm"":""장기차입금"",""amount"":0.0}]",[],"[{""account_id"":""ifrs-full_OtherCurrentFinancialLiabilities"",""account_nm"":""기타유동금융부채"",""amount"":9000715402.0},{""account_id"":""ifrs-full_OtherNoncurrentFinancialLiabilities"",""account_nm"":""기타비유동금융부채"",""amount"":20458556307.0}]","[{""account_id"":""ifrs-full_DepreciationExpense"",""account_nm"":""감가상각비"",""amount"":30718916327.0},{""account_id"":""ifrs-full_AdjustmentsForAmortisationExpense"",""account_nm"":""무형자산상각비"",""amount"":13428611326.0},{""account_id"":""ifrs-full_AdjustmentsForDepreciationExpense"",""account_nm"":""감가상각비"",""amount"":17290305001.0}]",,RAW_CASH_AND_DEBT_CAPTURED_POLICY_REQUIRED,,SOURCE_LIMITED_DA_NOT_VALIDATED,,SOURCE_ONLY_SCORE_NOT_GENERATED,NOT_DEFINED,2026-09-22T22:35:40+09:00
030210,다올투자증권,KOSPI,00156859,다올투자증권,2026-09-16-v8.11.7-five-financial-cis-interest-revenue-contract,2026-07-01-v6.0-score-policy,READY_RAW_SOURCE,,2026 반기보고서,CFS,2025,CFS,1714450686727.0,1442566582864.0,1508370888138.0,33723214189.0,-74930396986.0,-62004542741.0,43856633210.0,-45454462330.0,-11367972142.0,READY,READY_Q2_SOURCE,2026,1060502872596.0,503183579666.0,17114292406.0,19571650400.0,17113433550.0,22368850243.0,110.76,-12.56,-23.49,,NOT_DEFINED_NO_CLASSIFICATION,2025,CFS,OK,526137736388.0,[],[],"[{""account_id"":""ifrs-full_OtherFinancialLiabilities"",""account_nm"":""VIII. 기타금융부채"",""amount"":675885841722.0}]","[{""account_id"":""ifrs-full_AdjustmentsForAmortisationExpense"",""account_nm"":""무형자산상각비"",""amount"":4330311780.0},{""account_id"":""ifrs-full_AdjustmentsForDepreciationExpense"",""account_nm"":""감가상각비"",""amount"":12700360550.0}]",,RAW_CASH_AND_DEBT_CAPTURED_POLICY_REQUIRED,,SOURCE_LIMITED_DA_NOT_VALIDATED,,SOURCE_ONLY_SCORE_NOT_GENERATED,NOT_DEFINED,2026-09-22T22:35:40+09:00
030720,동원수산,KOSPI,00118044,동원수산,2026-09-16-v8.11.7-five-financial-cis-interest-revenue-contract,2026-07-01-v6.0-score-policy,READY_RAW_SOURCE,,2026 반기보고서,CFS,2025,CFS,172592224421.0,183650399305.0,141944902184.0,8826336971.0,5324047839.0,-19400162561.0,7745692706.0,5208294274.0,-17676748226.0,READY,READY_Q2_SOURCE,2026,50044246244.0,52274546693.0,4499521757.0,3905136588.0,4261564731.0,2790653890.0,-4.27,15.22,52.71,,NOT_DEFINED_NO_CLASSIFICATION,2025,CFS,OK,21154873685.0,"[{""account_id"":""ifrs-full_ShorttermBorrowings"",""account_nm"":""단기차입금 및 유동성장기부채"",""amount"":39022501455.0}]",[],"[{""account_id"":""ifrs-full_OtherCurrentFinancialLiabilities"",""account_nm"":""기타금융부채"",""amount"":142547935.0},{""account_id"":""ifrs-full_OtherNoncurrentFinancialLiabilities"",""account_nm"":""기타비유동금융부채"",""amount"":42797109.0}]","[{""account_id"":""ifrs-full_AdjustmentsForDepreciationExpense"",""account_nm"":""감가상각비"",""amount"":1313213094.0}]",,RAW_CASH_AND_DEBT_CAPTURED_POLICY_REQUIRED,,SOURCE_LIMITED_DA_NOT_VALIDATED,,SOURCE_ONLY_SCORE_NOT_GENERATED,NOT_DEFINED,2026-09-22T22:35:40+09:00
031210,서울보증보험,KOSPI,00112998,서울보증보험,2026-09-16-v8.11.7-five-financial-cis-interest-revenue-contract,2026-07-01-v6.0-score-policy,LIMITED_RAW_SOURCE,"3Y_ANNUAL_LIMITED,QUARTER_LIMITED",2026 반기보고서,CFS,2025,CFS,,,,375701743924.0,279662786859.0,524100300406.0,268410960714.0,213274020304.0,417932917044.0,LIMITED,LIMITED,2026,,,87020827395.0,84545726521.0,65997537186.0,65422814278.0,,2.93,0.88,,NOT_DEFINED_NO_CLASSIFICATION,2025,CFS,OK,,[],"[{""account_id"":""ifrs-full_LeaseLiabilities"",""account_nm"":""리스부채"",""amount"":61266594836.0}]","[{""account_id"":""ifrs-full_OtherFinancialLiabilities"",""account_nm"":""기타금융부채"",""amount"":91663432332.0}]",[],,RAW_CASH_AND_DEBT_CAPTURED_POLICY_REQUIRED,,SOURCE_LIMITED_DA_NOT_VALIDATED,,SOURCE_ONLY_SCORE_NOT_GENERATED,NOT_DEFINED,2026-09-22T22:35:40+09:00
031820,아이티센씨티에스,KOSPI,00186559,아이티센씨티에스,2026-09-16-v8.11.7-five-financial-cis-interest-revenue-contract,2026-07-01-v6.0-score-policy,READY_RAW_SOURCE,,2026 반기보고서,CFS,2025,CFS,1095214299936.0,995320658847.0,892572862927.0,23550459117.0,21009952017.0,15528861337.0,92603413633.0,24641782583.0,3315283911.0,READY,READY_Q2_SOURCE,2026,260610992967.0,258707356135.0,6817519899.0,803218794.0,11517425961.0,627243376.0,0.74,748.77,1736.2,,NOT_DEFINED_NO_CLASSIFICATION,2025,CFS,OK,167051102942.0,"[{""account_id"":""ifrs-full_CurrentBorrowingsAndCurrentPortionOfNoncurrentBorrowings"",""account_nm"":""유동 차입금 및 비유동차입금(사채 포함)의 유동성 대체 부분"",""amount"":70349996000.0},{""account_id"":""ifrs-full_LongtermBorrowings"",""account_nm"":""비유동차입금(사채 포함)의 비유동성 부분"",""amount"":16075999000.0}]",[],"[{""account_id"":""ifrs-full_OtherCurrentFinancialLiabilities"",""account_nm"":""기타유동금융부채"",""amount"":5738071129.0},{""account_id"":""ifrs-full_OtherNoncurrentFinancialLiabilities"",""account_nm"":""기타비유동금융부채"",""amount"":38532798330.0}]",[],,RAW_CASH_AND_DEBT_CAPTURED_POLICY_REQUIRED,,SOURCE_LIMITED_DA_NOT_VALIDATED,,SOURCE_ONLY_SCORE_NOT_GENERATED,NOT_DEFINED,2026-09-22T22:35:40+09:00
032830,삼성생명,KOSPI,00126256,삼성생명,2026-09-16-v8.11.7-five-financial-cis-interest-revenue-contract,2026-07-01-v6.0-score-policy,LIMITED_RAW_SOURCE,"3Y_ANNUAL_LIMITED,QUARTER_LIMITED",2026 반기보고서,CFS,2025,CFS,,,,2580469000000.0,2499751000000.0,2398377000000.0,2451515000000.0,2260255000000.0,2033709000000.0,LIMITED,LIMITED,2026,,,622617000000.0,915407000000.0,727366000000.0,793580000000.0,,-31.98,-8.34,,NOT_DEFINED_NO_CLASSIFICATION,2025,CFS,OK,4537833000000.0,[],"[{""account_id"":""ifrs-full_LeaseLiabilities"",""account_nm"":""리스부채"",""amount"":338447000000.0}]",[],[],,RAW_CASH_AND_DEBT_CAPTURED_POLICY_REQUIRED,,SOURCE_LIMITED_DA_NOT_VALIDATED,,SOURCE_ONLY_SCORE_NOT_GENERATED,NOT_DEFINED,2026-09-22T22:35:40+09:00
033240,자화전자,KOSPI,00146861,자화전자,2026-09-16-v8.11.7-five-financial-cis-interest-revenue-contract,2026-07-01-v6.0-score-policy,READY_RAW_SOURCE,,2026 반기보고서,CFS,2025,CFS,848919780257.0,681144518352.0,503330314586.0,41997195908.0,44961233047.0,-16355712201.0,47130948352.0,16619185505.0,-24425683991.0,READY,READY_Q2_SOURCE,2026,235193567600.0,167831236097.0,22449691435.0,-9199987751.0,17462465572.0,-16128158497.0,40.14,344.02,208.27,,NOT_DEFINED_NO_CLASSIFICATION,2025,CFS,OK,43013480803.0,"[{""account_id"":""ifrs-full_CurrentBorrowingsAndCurrentPortionOfNoncurrentBorrowings"",""account_nm"":""유동성차입금"",""amount"":170810319903.0},{""account_id"":""ifrs-full_LongtermBorrowings"",""account_nm"":""장기차입금"",""amount"":2729000000.0}]",[],[],[],,RAW_CASH_AND_DEBT_CAPTURED_POLICY_REQUIRED,,SOURCE_LIMITED_DA_NOT_VALIDATED,,SOURCE_ONLY_SCORE_NOT_GENERATED,NOT_DEFINED,2026-09-22T22:35:40+09:00
034020,두산에너빌리티,KOSPI,00159616,두산에너빌리티,2026-09-16-v8.11.7-five-financial-cis-interest-revenue-contract,2026-07-01-v6.0-score-policy,READY_RAW_SOURCE,,2026 반기보고서,CFS,2025,CFS,17057876000000.0,16233055000000.0,17589888000000.0,762712000000.0,1017600000000.0,1467318000000.0,205163000000.0,394689000000.0,517522000000.0,READY,READY_Q2_SOURCE,2026,4724808000000.0,4569021000000.0,314260000000.0,271106000000.0,226368000000.0,197809000000.0,3.41,15.92,14.44,,NOT_DEFINED_NO_CLASSIFICATION,2025,CFS,OK,3080997000000.0,"[{""account_id"":""ifrs-full_CurrentPortionOfLongtermBorrowings"",""account_nm"":""유동성장기부채"",""amount"":1029847000000.0},{""account_id"":""ifrs-full_ShorttermBorrowings"",""account_nm"":""단기차입금"",""amount"":1883572000000.0},{""account_id"":""ifrs-full_NoncurrentPortionOfNoncurrentBondsIssued"",""account_nm"":""사채"",""amount"":499127000000.0},{""account_id"":""ifrs-full_NoncurrentPortionOfNoncurrentLoansReceived"",""account_nm"":""장기차입금"",""amount"":2336139000000.0}]","[{""account_id"":""-표준계정코드 미사용-"",""account_nm"":""유동 리스부채"",""amount"":100745000000.0},{""account_id"":""-표준계정코드 미사용-"",""account_nm"":""판매후리스부채"",""amount"":16282000000.0},{""account_id"":""-표준계정코드 미사용-"",""account_nm"":""비유동판매후리스부채"",""amount"":47293000000.0},{""account_id"":""-표준계정코드 미사용-"",""account_nm"":""비유동 리스부채"",""amount"":261127000000.0}]",[],[],,RAW_CASH_AND_DEBT_CAPTURED_POLICY_REQUIRED,,SOURCE_LIMITED_DA_NOT_VALIDATED,,SOURCE_ONLY_SCORE_NOT_GENERATED,NOT_DEFINED,2026-09-22T22:35:40+09:00
034230,파라다이스,KOSPI,00171265,파라다이스,2026-09-16-v8.11.7-five-financial-cis-interest-revenue-contract,2026-07-01-v6.0-score-policy,READY_RAW_SOURCE,,2026 반기보고서,CFS,2025,CFS,1149867026461.0,1072108965111.0,994199113643.0,155816230766.0,136055145217.0,145770072264.0,144781456677.0,110693395334.0,80184040634.0,READY,READY_Q2_SOURCE,2026,318088896490.0,284461115698.0,35550352992.0,42851813099.0,21023431101.0,32352075906.0,11.82,-17.04,-35.02,,NOT_DEFINED_NO_CLASSIFICATION,2025,CFS,OK,341761126505.0,"[{""account_id"":""ifrs-full_CurrentPortionOfLongtermBorrowings"",""account_nm"":""유동성장기부채"",""amount"":230090401517.0},{""account_id"":""ifrs-full_ShorttermBorrowings"",""account_nm"":""단기차입금"",""amount"":137240950000.0},{""account_id"":""dart_BondsIssuedNominalValue"",""account_nm"":""사채"",""amount"":99747437091.0},{""account_id"":""ifrs-full_NoncurrentPortionOfNoncurrentLoansReceived"",""account_nm"":""장기차입금"",""amount"":535251141063.0}]","[{""account_id"":""ifrs-full_CurrentLeaseLiabilities"",""account_nm"":""유동 리스부채"",""amount"":32252532888.0},{""account_id"":""ifrs-full_NoncurrentLeaseLiabilities"",""account_nm"":""비유동 리스부채"",""amount"":161473631568.0}]",[],[],,RAW_CASH_AND_DEBT_CAPTURED_POLICY_REQUIRED,,SOURCE_LIMITED_DA_NOT_VALIDATED,,SOURCE_ONLY_SCORE_NOT_GENERATED,NOT_DEFINED,2026-09-22T22:35:40+09:00
034730,SK,KOSPI,00181712,SK,2026-09-16-v8.11.7-five-financial-cis-interest-revenue-contract,2026-07-01-v6.0-score-policy,READY_RAW_SOURCE,,2026 반기보고서,CFS,2025,CFS,122703338000000.0,123399669000000.0,127435043000000.0,1818476000000.0,2396002000000.0,4788536000000.0,3555246000000.0,528810000000.0,-406387000000.0,READY,READY_Q2_SOURCE,2026,42203629000000.0,30141963000000.0,4841247000000.0,199554000000.0,19108555000000.0,976811000000.0,40.02,2326.03,1856.22,,NOT_DEFINED_NO_CLASSIFICATION,2025,CFS,OK,25214132000000.0,"[{""account_id"":""-표준계정코드 미사용-"",""account_nm"":""단기차입금"",""amount"":11714166000000.0},{""account_id"":""ifrs-full_CurrentPortionOfLongtermBorrowings"",""account_nm"":""유동성장기부채"",""amount"":14940580000000.0},{""account_id"":""ifrs-full_LongtermBorrowings"",""account_nm"":""사채및장기차입금"",""amount"":45546013000000.0}]",[],[],[],,RAW_CASH_AND_DEBT_CAPTURED_POLICY_REQUIRED,,SOURCE_LIMITED_DA_NOT_VALIDATED,,SOURCE_ONLY_SCORE_NOT_GENERATED,NOT_DEFINED,2026-09-22T22:35:40+09:00
034830,한국토지신탁,KOSPI,00233653,한국토지신탁,2026-09-16-v8.11.7-five-financial-cis-interest-revenue-contract,2026-07-01-v6.0-score-policy,READY_RAW_SOURCE,,2026 반기보고서,CFS,2025,CFS,184359776341.0,236337804592.0,270086082704.0,-20879502584.0,33943466106.0,31235368989.0,19428046138.0,-18860386903.0,-7659608662.0,READY,READY_Q2_SOURCE,2026,55219853664.0,39944959710.0,4404196641.0,4023070678.0,19151147699.0,890046989.0,38.24,9.47,2051.7,,NOT_DEFINED_NO_CLASSIFICATION,2025,CFS,OK,109962091811.0,"[{""account_id"":""ifrs-full_BondsIssued"",""account_nm"":""사채"",""amount"":249397595706.0}]","[{""account_id"":""ifrs-full_LeaseLiabilities"",""account_nm"":""리스부채"",""amount"":69471378310.0}]","[{""account_id"":""ifrs-full_OtherFinancialLiabilities"",""account_nm"":""기타금융부채"",""amount"":23169301000.0}]","[{""account_id"":""ifrs-full_AdjustmentsForAmortisationExpense"",""account_nm"":""무형자산상각비에 대한 조정"",""amount"":0.0},{""account_id"":""ifrs-full_AdjustmentsForDepreciationExpense"",""account_nm"":""감가상각비에 대한 조정"",""amount"":10279188970.0}]",,RAW_CASH_AND_DEBT_CAPTURED_POLICY_REQUIRED,,SOURCE_LIMITED_DA_NOT_VALIDATED,,SOURCE_ONLY_SCORE_NOT_GENERATED,NOT_DEFINED,2026-09-22T22:35:40+09:00
035420,NAVER,KOSPI,00266961,NAVER,2026-09-16-v8.11.7-five-financial-cis-interest-revenue-contract,2026-07-01-v6.0-score-policy,READY_RAW_SOURCE,,2026 반기보고서,CFS,2025,CFS,12035007218975.0,10737719264647.0,9670643576585.0,2208138388720.0,1979263438827.0,1488820269608.0,1818746310015.0,1931976372953.0,985017762493.0,READY,READY_Q2_SOURCE,2026,3388755080295.0,2915085056213.0,520309210901.0,521553747074.0,704272534295.0,497358303760.0,16.25,-0.24,41.6,,NOT_DEFINED_NO_CLASSIFICATION,2025,CFS,OK,5984018799741.0,"[{""account_id"":""ifrs-full_ShorttermBorrowings"",""account_nm"":""단기차입금"",""amount"":132159574017.0},{""account_id"":""ifrs-full_NoncurrentPortionOfNoncurrentBondsIssued"",""account_nm"":""사채"",""amount"":382248922805.0},{""account_id"":""ifrs-full_NoncurrentPortionOfNoncurrentLoansReceived"",""account_nm"":""장기차입금"",""amount"":874112668001.0}]","[{""account_id"":""ifrs-full_CurrentLeaseLiabilities"",""account_nm"":""리스부채"",""amount"":233036237572.0},{""account_id"":""ifrs-full_NoncurrentLeaseLiabilities"",""account_nm"":""리스부채"",""amount"":954765033419.0}]",[],[],,RAW_CASH_AND_DEBT_CAPTURED_POLICY_REQUIRED,,SOURCE_LIMITED_DA_NOT_VALIDATED,,SOURCE_ONLY_SCORE_NOT_GENERATED,NOT_DEFINED,2026-09-22T22:35:40+09:00
036580,팜스코,KOSPI,00260408,팜스코,2026-09-16-v8.11.7-five-financial-cis-interest-revenue-contract,2026-07-01-v6.0-score-policy,READY_RAW_SOURCE,,2026 반기보고서,CFS,2025,CFS,1554134933701.0,1574634584892.0,1854547688808.0,80207115334.0,53939257120.0,31480472700.0,41799360104.0,-70193028121.0,-33998532120.0,READY,READY_Q2_SOURCE,2026,433735332761.0,382791148658.0,20265044069.0,16967760495.0,-3912455615.0,43342859738.0,13.31,19.43,-109.03,,NOT_DEFINED_NO_CLASSIFICATION,2025,CFS,OK,61453527390.0,"[{""account_id"":""ifrs-full_CurrentBorrowingsAndCurrentPortionOfNoncurrentBorrowings"",""account_nm"":""단기차입부채"",""amount"":660965849590.0},{""account_id"":""ifrs-full_LongtermBorrowings"",""account_nm"":""장기차입부채"",""amount"":10922464000.0}]","[{""account_id"":""ifrs-full_CurrentLeaseLiabilities"",""account_nm"":""유동리스부채"",""amount"":2616599147.0},{""account_id"":""ifrs-full_NoncurrentLeaseLiabilities"",""account_nm"":""비유동리스부채"",""amount"":5330668992.0}]","[{""account_id"":""ifrs-full_OtherCurrentFinancialLiabilities"",""account_nm"":""기타금융부채"",""amount"":381722426.0},{""account_id"":""ifrs-full_OtherNoncurrentFinancialLiabilities"",""account_nm"":""기타비유동금융부채"",""amount"":null}]",[],,RAW_CASH_AND_DEBT_CAPTURED_POLICY_REQUIRED,,SOURCE_LIMITED_DA_NOT_VALIDATED,,SOURCE_ONLY_SCORE_NOT_GENERATED,NOT_DEFINED,2026-09-22T22:35:40+09:00
037270,YG PLUS,KOSPI,00249247,YG PLUS,2026-09-16-v8.11.7-five-financial-cis-interest-revenue-contract,2026-07-01-v6.0-score-policy,READY_RAW_SOURCE,,2026 반기보고서,CFS,2025,CFS,236047405109.0,184902894051.0,223637117243.0,32334952815.0,-732390107.0,21247899838.0,23616507038.0,1996641109.0,22274990552.0,READY,READY_Q2_SOURCE,2026,62117127350.0,48323423630.0,4759710482.0,4190869645.0,2749235093.0,4539141860.0,28.54,13.57,-39.43,,NOT_DEFINED_NO_CLASSIFICATION,2025,CFS,OK,16875512718.0,[],"[{""account_id"":""ifrs-full_CurrentLeaseLiabilities"",""account_nm"":""단기리스부채"",""amount"":3505242825.0},{""account_id"":""ifrs-full_NoncurrentLeaseLiabilities"",""account_nm"":""장기리스부채"",""amount"":938616703.0}]","[{""account_id"":""ifrs-full_TradeAndOtherCurrentPayables"",""account_nm"":""매입채무 및 기타금융부채"",""amount"":52840806402.0},{""account_id"":""ifrs-full_OtherNoncurrentFinancialLiabilities"",""account_nm"":""기타비유동금융부채"",""amount"":6900794086.0}]",[],,RAW_CASH_AND_DEBT_CAPTURED_POLICY_REQUIRED,,SOURCE_LIMITED_DA_NOT_VALIDATED,,SOURCE_ONLY_SCORE_NOT_GENERATED,NOT_DEFINED,2026-09-22T22:35:40+09:00
039130,하나투어,KOSPI,00269940,하나투어,2026-09-16-v8.11.7-five-financial-cis-interest-revenue-contract,2026-07-01-v6.0-score-policy,READY_RAW_SOURCE,,2026 반기보고서,CFS,2025,CFS,586902971424.0,616606993658.0,411611609463.0,57626875763.0,50919001973.0,34047986427.0,48091672930.0,99079352536.0,59056762065.0,READY,READY_Q2_SOURCE,2026,115435401983.0,119937210957.0,5440143063.0,9650066328.0,6947813451.0,11146623336.0,-3.75,-43.63,-37.67,,NOT_DEFINED_NO_CLASSIFICATION,2025,CFS,OK,81675283020.0,"[{""account_id"":""ifrs-full_CurrentPortionOfLongtermBorrowings"",""account_nm"":""유동성장기부채"",""amount"":630411810.0},{""account_id"":""ifrs-full_ShorttermBorrowings"",""account_nm"":""단기차입금"",""amount"":436800000.0},{""account_id"":""ifrs-full_NoncurrentPortionOfNoncurrentLoansReceived"",""account_nm"":""장기차입금"",""amount"":1403368264.0}]","[{""account_id"":""ifrs-full_CurrentLeaseLiabilities"",""account_nm"":""리스부채"",""amount"":17116311244.0},{""account_id"":""ifrs-full_NoncurrentLeaseLiabilities"",""account_nm"":""리스부채"",""amount"":89968761558.0}]","[{""account_id"":""ifrs-full_OtherCurrentFinancialLiabilities"",""account_nm"":""기타금융부채"",""amount"":2566798291.0},{""account_id"":""ifrs-full_OtherNoncurrentFinancialLiabilities"",""account_nm"":""기타금융부채"",""amount"":110510000.0}]",[],,RAW_CASH_AND_DEBT_CAPTURED_POLICY_REQUIRED,,SOURCE_LIMITED_DA_NOT_VALIDATED,,SOURCE_ONLY_SCORE_NOT_GENERATED,NOT_DEFINED,2026-09-22T22:35:40+09:00
039490,키움증권,KOSPI,00296290,키움증권,2026-09-16-v8.11.7-five-financial-cis-interest-revenue-contract,2026-07-01-v6.0-score-policy,READY_RAW_SOURCE,,2026 반기보고서,CFS,2025,CFS,17121703940748.0,11280306577010.0,9544799999478.0,1488239956012.0,1098240303737.0,564659042175.0,1114974212697.0,834883309831.0,440737008036.0,READY,READY_Q2_SOURCE,2026,16073176292070.0,4505662862144.0,788949832477.0,408296706768.0,680567064109.0,310133146638.0,256.73,93.23,119.44,,NOT_DEFINED_NO_CLASSIFICATION,2025,CFS,OK,,[],"[{""account_id"":""ifrs-full_LeaseLiabilities"",""account_nm"":""리스부채"",""amount"":49175112585.0}]",[],"[{""account_id"":""dart_AdjustmentsForDepreciationRightofuseAssets"",""account_nm"":""사용권자산상각비"",""amount"":19258280162.0},{""account_id"":""ifrs-full_AdjustmentsForDepreciationAndAmortisationExpense"",""account_nm"":""감가상각비 및 무형자산상각비"",""amount"":45070093463.0}]",,RAW_CASH_AND_DEBT_CAPTURED_POLICY_REQUIRED,,SOURCE_LIMITED_DA_NOT_VALIDATED,,SOURCE_ONLY_SCORE_NOT_GENERATED,NOT_DEFINED,2026-09-22T22:35:40+09:00
042660,한화오션,KOSPI,00111704,한화오션,2026-09-16-v8.11.7-five-financial-cis-interest-revenue-contract,2026-07-01-v6.0-score-policy,READY_RAW_SOURCE,,2026 반기보고서,CFS,2025,CFS,12783512278323.0,10776004933627.0,7408312265643.0,1167590137928.0,237876379317.0,-196498300366.0,1245921538208.0,528212898147.0,160043854483.0,READY,READY_Q2_SOURCE,2026,5443171479056.0,3294113466275.0,736113640397.0,371703649349.0,692589092583.0,148476121325.0,65.24,98.04,366.46,,NOT_DEFINED_NO_CLASSIFICATION,2025,CFS,OK,778471159631.0,"[{""account_id"":""ifrs-full_CurrentBorrowingsAndCurrentPortionOfNoncurrentBorrowings"",""account_nm"":""차입금 및 사채"",""amount"":3300054551450.0},{""account_id"":""ifrs-full_LongtermBorrowings"",""account_nm"":""장기차입금 및 사채"",""amount"":2346290396312.0}]","[{""account_id"":""ifrs-full_CurrentLeaseLiabilities"",""account_nm"":""유동성리스부채"",""amount"":37084389054.0},{""account_id"":""ifrs-full_NoncurrentLeaseLiabilities"",""account_nm"":""리스부채"",""amount"":93427168535.0}]",[],[],,RAW_CASH_AND_DEBT_CAPTURED_POLICY_REQUIRED,,SOURCE_LIMITED_DA_NOT_VALIDATED,,SOURCE_ONLY_SCORE_NOT_GENERATED,NOT_DEFINED,2026-09-22T22:35:40+09:00
042700,한미반도체,KOSPI,00161383,한미반도체,2026-09-16-v8.11.7-five-financial-cis-interest-revenue-contract,2026-07-01-v6.0-score-policy,READY_RAW_SOURCE,,2026 반기보고서,CFS,2025,CFS,576684619527.0,558917191547.0,159008528366.0,251390142142.0,255391604854.0,34571410992.0,214007548411.0,152614498001.0,267167515858.0,READY,READY_Q2_SOURCE,2026,251163039356.0,180047311088.0,130346798331.0,86308097687.0,108430749379.0,64687278708.0,39.5,51.02,67.62,,NOT_DEFINED_NO_CLASSIFICATION,2025,CFS,OK,276235377529.0,[],"[{""account_id"":""ifrs-full_CurrentLeaseLiabilities"",""account_nm"":""유동 리스부채"",""amount"":1339920077.0},{""account_id"":""ifrs-full_NoncurrentLeaseLiabilities"",""account_nm"":""비유동 리스부채"",""amount"":1214399871.0}]","[{""account_id"":""ifrs-full_OtherCurrentFinancialLiabilities"",""account_nm"":""기타유동금융부채"",""amount"":13546142809.0},{""account_id"":""ifrs-full_OtherNoncurrentFinancialLiabilities"",""account_nm"":""기타비유동금융부채"",""amount"":486384085.0}]","[{""account_id"":""ifrs-full_AdjustmentsForAmortisationExpense"",""account_nm"":""무형자산상각비에 대한 조정"",""amount"":248146401.0},{""account_id"":""ifrs-full_AdjustmentsForDepreciationExpense"",""account_nm"":""감가상각비에 대한 조정"",""amount"":11306046567.0}]",,RAW_CASH_AND_DEBT_CAPTURED_POLICY_REQUIRED,,SOURCE_LIMITED_DA_NOT_VALIDATED,,SOURCE_ONLY_SCORE_NOT_GENERATED,NOT_DEFINED,2026-09-22T22:35:40+09:00
047040,대우건설,KOSPI,00124540,대우건설,2026-09-16-v8.11.7-five-financial-cis-interest-revenue-contract,2026-07-01-v6.0-score-policy,READY_RAW_SOURCE,,2026 반기보고서,CFS,2025,CFS,8054627137857.0,10503609086034.0,11647800864690.0,-815431279791.0,403125613881.0,662517552616.0,-916079534292.0,242849735359.0,521479149761.0,READY,READY_Q2_SOURCE,2026,2043498816098.0,2273320646524.0,232239458495.0,82191159199.0,167144735240.0,-42910596477.0,-10.11,182.56,489.52,,NOT_DEFINED_NO_CLASSIFICATION,2025,CFS,OK,1828879779729.0,"[{""account_id"":""ifrs-full_CurrentPortionOfLongtermBorrowings"",""account_nm"":""유동성장기차입금 및 사채"",""amount"":585637798176.0},{""account_id"":""ifrs-full_ShorttermBorrowings"",""account_nm"":""단기차입금 및 사채"",""amount"":366055916900.0},{""account_id"":""ifrs-full_LongtermBorrowings"",""account_nm"":""장기차입금 및 사채"",""amount"":2778636202103.0}]","[{""account_id"":""ifrs-full_CurrentLeaseLiabilities"",""account_nm"":""단기리스부채"",""amount"":75564213725.0},{""account_id"":""ifrs-full_NoncurrentLeaseLiabilities"",""account_nm"":""장기리스부채"",""amount"":278278409149.0}]",[],[],,RAW_CASH_AND_DEBT_CAPTURED_POLICY_REQUIRED,,SOURCE_LIMITED_DA_NOT_VALIDATED,,SOURCE_ONLY_SCORE_NOT_GENERATED,NOT_DEFINED,2026-09-22T22:35:40+09:00
047050,포스코인터내셔널,KOSPI,00124504,포스코인터내셔널,2026-09-16-v8.11.7-five-financial-cis-interest-revenue-contract,2026-07-01-v6.0-score-policy,READY_RAW_SOURCE,,2026 반기보고서,CFS,2025,CFS,32373603908000.0,32260990294000.0,33018170751000.0,1165316105000.0,1157835223000.0,1198507959000.0,636802406000.0,503409725000.0,680419303000.0,READY,READY_Q2_SOURCE,2026,9623165241000.0,8144101621000.0,429005844000.0,313699256000.0,247295629000.0,90499820000.0,18.16,36.76,173.26,,NOT_DEFINED_NO_CLASSIFICATION,2025,CFS,OK,1171465925000.0,"[{""account_id"":""ifrs-full_CurrentLoansReceivedAndCurrentPortionOfNoncurrentLoansReceived"",""account_nm"":""단기차입금"",""amount"":2325933168000.0},{""account_id"":""ifrs-full_NoncurrentPortionOfNoncurrentBondsIssued"",""account_nm"":""사채"",""amount"":1781038778000.0},{""account_id"":""ifrs-full_NoncurrentPortionOfNoncurrentLoansReceived"",""account_nm"":""장기차입금"",""amount"":1371168690000.0}]",[],[],[],,RAW_CASH_AND_DEBT_CAPTURED_POLICY_REQUIRED,,SOURCE_LIMITED_DA_NOT_VALIDATED,,SOURCE_ONLY_SCORE_NOT_GENERATED,NOT_DEFINED,2026-09-22T22:35:40+09:00
047400,유니온머티리얼,KOSPI,00369833,유니온머티리얼,2026-09-16-v8.11.7-five-financial-cis-interest-revenue-contract,2026-07-01-v6.0-score-policy,READY_RAW_SOURCE,,2026 반기보고서,CFS,2025,CFS,101937090012.0,108366485493.0,116470234149.0,5429904795.0,-16501073442.0,-4667933911.0,2459943818.0,-46475655498.0,-18050286189.0,READY,READY_Q2_SOURCE,2026,26902677540.0,26527822072.0,713807344.0,718216174.0,322007410.0,-2098432374.0,1.41,-0.61,115.35,,NOT_DEFINED_NO_CLASSIFICATION,2025,CFS,OK,2174373033.0,"[{""account_id"":""ifrs-full_CurrentPortionOfLongtermBorrowings"",""account_nm"":""유동성장기부채"",""amount"":6361831500.0},{""account_id"":""ifrs-full_ShorttermBorrowings"",""account_nm"":""단기차입금"",""amount"":78266364968.0},{""account_id"":""dart_LongTermBorrowingsGross"",""account_nm"":""장기차입금"",""amount"":6056933625.0}]","[{""account_id"":""ifrs-full_CurrentLeaseLiabilities"",""account_nm"":""유동성리스부채"",""amount"":243903991.0},{""account_id"":""ifrs-full_NoncurrentLeaseLiabilities"",""account_nm"":""리스부채"",""amount"":93074630.0}]",[],"[{""account_id"":""ifrs-full_AdjustmentsForAmortisationExpense"",""account_nm"":""무형자산상각비"",""amount"":40792381.0},{""account_id"":""ifrs-full_AdjustmentsForDepreciationExpense"",""account_nm"":""감가상각비"",""amount"":2435076094.0}]",,RAW_CASH_AND_DEBT_CAPTURED_POLICY_REQUIRED,,SOURCE_LIMITED_DA_NOT_VALIDATED,,SOURCE_ONLY_SCORE_NOT_GENERATED,NOT_DEFINED,2026-09-22T22:35:40+09:00
047810,한국항공우주,KOSPI,00309503,한국항공우주,2026-09-16-v8.11.7-five-financial-cis-interest-revenue-contract,2026-07-01-v6.0-score-policy,READY_RAW_SOURCE,,2026 반기보고서,CFS,2025,CFS,3696379351601.0,3633742105840.0,3819344382446.0,269190196660.0,240718310400.0,247510483155.0,187312615904.0,170895410977.0,221401119895.0,READY,READY_Q2_SOURCE,2026,1167893855940.0,828336336027.0,48441878616.0,85215939637.0,37013324690.0,57082376093.0,40.99,-43.15,-35.16,,NOT_DEFINED_NO_CLASSIFICATION,2025,CFS,OK,60938581663.0,"[{""account_id"":""dart_CurrentPortionOfBonds"",""account_nm"":""유동성사채"",""amount"":299927913806.0},{""account_id"":""-표준계정코드 미사용-"",""account_nm"":""단기차입금"",""amount"":492840000000.0},{""account_id"":""ifrs-full_NoncurrentPortionOfNoncurrentBondsIssued"",""account_nm"":""사채"",""amount"":1266374236834.0},{""account_id"":""ifrs-full_NoncurrentPortionOfNoncurrentLoansReceived"",""account_nm"":""장기차입금"",""amount"":63884406725.0}]",[],"[{""account_id"":""ifrs-full_OtherCurrentFinancialLiabilities"",""account_nm"":""기타유동금융부채"",""amount"":397703676535.0},{""account_id"":""ifrs-full_OtherNoncurrentFinancialLiabilities"",""account_nm"":""기타비유동금융부채"",""amount"":156968416945.0}]",[],,RAW_CASH_AND_DEBT_CAPTURED_POLICY_REQUIRED,,SOURCE_LIMITED_DA_NOT_VALIDATED,,SOURCE_ONLY_SCORE_NOT_GENERATED,NOT_DEFINED,2026-09-22T22:35:40+09:00
051630,진양화학,KOSPI,00347734,진양화학,2026-09-16-v8.11.7-five-financial-cis-interest-revenue-contract,2026-07-01-v6.0-score-policy,READY_RAW_SOURCE,,2026 반기보고서,OFS,2025,OFS,18563879502.0,24527435256.0,28281407525.0,-743281876.0,-4139532436.0,-2147215622.0,896491080.0,-4488079287.0,-2170695288.0,READY,READY_Q2_SOURCE,2026,5306840404.0,5419284738.0,-189809779.0,-104469731.0,-245897853.0,182271845.0,-2.07,-81.69,-234.91,,NOT_DEFINED_NO_CLASSIFICATION,2025,OFS,OK,23309062625.0,"[{""account_id"":""ifrs-full_ShorttermBorrowings"",""account_nm"":""단기차입금"",""amount"":0.0},{""account_id"":""dart_LongTermBorrowingsGross"",""account_nm"":""장기차입금"",""amount"":0.0}]","[{""account_id"":""ifrs-full_CurrentLeaseLiabilities"",""account_nm"":""리스부채"",""amount"":14570692.0},{""account_id"":""ifrs-full_NoncurrentLeaseLiabilities"",""account_nm"":""리스부채"",""amount"":88151542.0}]",[],[],,RAW_CASH_AND_DEBT_CAPTURED_POLICY_REQUIRED,,SOURCE_LIMITED_DA_NOT_VALIDATED,,SOURCE_ONLY_SCORE_NOT_GENERATED,NOT_DEFINED,2026-09-22T22:35:40+09:00
051900,LG생활건강,KOSPI,00356370,LG생활건강,2026-09-16-v8.11.7-five-financial-cis-interest-revenue-contract,2026-07-01-v6.0-score-policy,READY_RAW_SOURCE,,2026 반기보고서,CFS,2025,CFS,6355489977342.0,6811918756741.0,6804839370129.0,170688596929.0,459045912180.0,486981224742.0,-85778983809.0,203887730139.0,163524219980.0,READY,READY_Q2_SOURCE,2026,1657417975831.0,1604872243862.0,102782128736.0,54814037403.0,77601645320.0,38563291892.0,3.27,87.51,101.23,,NOT_DEFINED_NO_CLASSIFICATION,2025,CFS,OK,1086333734803.0,"[{""account_id"":""ifrs-full_CurrentPortionOfLongtermBorrowings"",""account_nm"":""유동성장기차입금"",""amount"":0.0},{""account_id"":""ifrs-full_ShorttermBorrowings"",""account_nm"":""단기차입금"",""amount"":55803511595.0},{""account_id"":""ifrs-full_LongtermBorrowings"",""account_nm"":""장기차입금"",""amount"":0.0}]",[],"[{""account_id"":""ifrs-full_OtherCurrentFinancialLiabilities"",""account_nm"":""기타유동금융부채"",""amount"":377768064898.0},{""account_id"":""ifrs-full_OtherNoncurrentFinancialLiabilities"",""account_nm"":""기타비유동금융부채"",""amount"":120239309804.0}]","[{""account_id"":""ifrs-full_AdjustmentsForAmortisationExpense"",""account_nm"":""무형자산상각비"",""amount"":38598440376.0},{""account_id"":""ifrs-full_AdjustmentsForDepreciationExpense"",""account_nm"":""감가상각비"",""amount"":201397274650.0}]",,RAW_CASH_AND_DEBT_CAPTURED_POLICY_REQUIRED,,SOURCE_LIMITED_DA_NOT_VALIDATED,,SOURCE_ONLY_SCORE_NOT_GENERATED,NOT_DEFINED,2026-09-22T22:35:40+09:00
051910,LG화학,KOSPI,00356361,LG화학,2026-09-16-v8.11.7-five-financial-cis-interest-revenue-contract,2026-07-01-v6.0-score-policy,READY_RAW_SOURCE,,2026 반기보고서,CFS,2025,CFS,45932167000000.0,48699754000000.0,55043713000000.0,1180900000000.0,874927000000.0,2497801000000.0,-977063000000.0,515011000000.0,2053425000000.0,READY,READY_Q2_SOURCE,2026,14175901000000.0,11367848000000.0,599588000000.0,467479000000.0,66788000000.0,-111885000000.0,24.7,28.26,159.69,,NOT_DEFINED_NO_CLASSIFICATION,2025,CFS,OK,9899926000000.0,"[{""account_id"":""ifrs-full_CurrentBorrowingsAndCurrentPortionOfNoncurrentBorrowings"",""account_nm"":""차입금"",""amount"":11738137000000.0},{""account_id"":""ifrs-full_LongtermBorrowings"",""account_nm"":""차입금"",""amount"":22073820000000.0}]",[],"[{""account_id"":""ifrs-full_OtherCurrentFinancialLiabilities"",""account_nm"":""기타유동금융부채"",""amount"":679039000000.0},{""account_id"":""ifrs-full_OtherNoncurrentFinancialLiabilities"",""account_nm"":""기타비유동금융부채"",""amount"":2407851000000.0}]",[],,RAW_CASH_AND_DEBT_CAPTURED_POLICY_REQUIRED,,SOURCE_LIMITED_DA_NOT_VALIDATED,,SOURCE_ONLY_SCORE_NOT_GENERATED,NOT_DEFINED,2026-09-22T22:35:40+09:00
052690,한전기술,KOSPI,00159209,한전기술,2026-09-16-v8.11.7-five-financial-cis-interest-revenue-contract,2026-07-01-v6.0-score-policy,READY_RAW_SOURCE,,2026 반기보고서,CFS,2025,CFS,518767621092.0,569493930324.0,554364306474.0,35452646024.0,70937011354.0,37834932192.0,85367742275.0,58512128400.0,32654447903.0,READY,READY_Q2_SOURCE,2026,103284018907.0,102267262792.0,2992588463.0,-4427718119.0,2726990456.0,326182118.0,0.99,167.59,736.03,,NOT_DEFINED_NO_CLASSIFICATION,2025,CFS,OK,27327763423.0,[],[],"[{""account_id"":""ifrs-full_OtherNoncurrentFinancialLiabilities"",""account_nm"":""비유동금융부채"",""amount"":10000000.0}]","[{""account_id"":""ifrs-full_AdjustmentsForAmortisationExpense"",""account_nm"":""무형자산상각비"",""amount"":7134897391.0},{""account_id"":""ifrs-full_AdjustmentsForDepreciationExpense"",""account_nm"":""감가상각비"",""amount"":15874302198.0}]",,RAW_CASH_AND_DEBT_CAPTURED_POLICY_REQUIRED,,SOURCE_LIMITED_DA_NOT_VALIDATED,,SOURCE_ONLY_SCORE_NOT_GENERATED,NOT_DEFINED,2026-09-22T22:35:40+09:00
053690,한미글로벌,KOSPI,00413523,한미글로벌,2026-09-16-v8.11.7-five-financial-cis-interest-revenue-contract,2026-07-01-v6.0-score-policy,READY_RAW_SOURCE,,2026 반기보고서,CFS,2025,CFS,448833661148.0,424771849486.0,412914975164.0,30613575138.0,33916675016.0,29630959031.0,19601449926.0,22876486142.0,16670160431.0,READY,READY_Q2_SOURCE,2026,119662587866.0,108454587904.0,6248267708.0,7393074035.0,5839211553.0,6700878911.0,10.33,-15.48,-12.86,,NOT_DEFINED_NO_CLASSIFICATION,2025,CFS,OK,82887950838.0,"[{""account_id"":""ifrs-full_ShorttermBorrowings"",""account_nm"":""단기차입금"",""amount"":25000000000.0},{""account_id"":""ifrs-full_LongtermBorrowings"",""account_nm"":""장기차입금"",""amount"":56571250000.0}]","[{""account_id"":""ifrs-full_CurrentLeaseLiabilities"",""account_nm"":""유동 리스부채"",""amount"":4342631521.0},{""account_id"":""ifrs-full_NoncurrentLeaseLiabilities"",""account_nm"":""비유동 리스부채"",""amount"":7472158440.0}]","[{""account_id"":""ifrs-full_OtherCurrentFinancialLiabilities"",""account_nm"":""기타유동금융부채"",""amount"":18670604764.0},{""account_id"":""ifrs-full_OtherNoncurrentFinancialLiabilities"",""account_nm"":""기타비유동금융부채"",""amount"":30927377534.0}]",[],,RAW_CASH_AND_DEBT_CAPTURED_POLICY_REQUIRED,,SOURCE_LIMITED_DA_NOT_VALIDATED,,SOURCE_ONLY_SCORE_NOT_GENERATED,NOT_DEFINED,2026-09-22T22:35:40+09:00
055550,신한지주,KOSPI,00382199,신한지주,2026-09-16-v8.11.7-five-financial-cis-interest-revenue-contract,2026-07-01-v6.0-score-policy,LIMITED_RAW_SOURCE,"3Y_ANNUAL_LIMITED,QUARTER_LIMITED",2026 반기보고서,CFS,2025,CFS,,,,7023357000000.0,6458670000000.0,6100850000000.0,5084519000000.0,4558170000000.0,4478000000000.0,LIMITED,LIMITED,2026,,,2476281000000.0,2014257000000.0,1846651000000.0,1577234000000.0,,22.94,17.08,,NOT_DEFINED_NO_CLASSIFICATION,2025,CFS,OK,,"[{""account_id"":""ifrs-full_BondsIssued"",""account_nm"":""사채"",""amount"":92991422000000.0}]",[],[],"[{""account_id"":""ifrs-full_AdjustmentsForDepreciationAndAmortisationExpense"",""account_nm"":""감가상각비 및 기타상각비"",""amount"":1295085000000.0}]",,RAW_CASH_AND_DEBT_CAPTURED_POLICY_REQUIRED,,SOURCE_LIMITED_DA_NOT_VALIDATED,,SOURCE_ONLY_SCORE_NOT_GENERATED,NOT_DEFINED,2026-09-22T22:35:40+09:00
058650,세아홀딩스,KOSPI,00377610,세아홀딩스,2026-09-16-v8.11.7-five-financial-cis-interest-revenue-contract,2026-07-01-v6.0-score-policy,READY_RAW_SOURCE,,2026 반기보고서,CFS,2025,CFS,6611085565727.0,6016826083760.0,6419203603021.0,175467417940.0,99186065812.0,200772104770.0,85883534732.0,34169891736.0,131836418211.0,READY,READY_Q2_SOURCE,2026,2023590668604.0,1696326813189.0,98049502688.0,44594630012.0,66477522672.0,28223405069.0,19.29,119.87,135.54,,NOT_DEFINED_NO_CLASSIFICATION,2025,CFS,OK,337310827327.0,"[{""account_id"":""dart_CurrentPortionOfBonds"",""account_nm"":""유동성사채"",""amount"":236895423199.0},{""account_id"":""ifrs-full_NoncurrentPortionOfNoncurrentBondsIssued"",""account_nm"":""비유동 사채의 비유동성 부분"",""amount"":513510717390.0},{""account_id"":""ifrs-full_NoncurrentPortionOfNoncurrentLoansReceived"",""account_nm"":""비유동성 금융기관 차입금(사채 제외)"",""amount"":572242140019.0}]",[],"[{""account_id"":""ifrs-full_OtherCurrentFinancialLiabilities"",""account_nm"":""기타유동금융부채"",""amount"":21205808944.0},{""account_id"":""ifrs-full_OtherNoncurrentFinancialLiabilities"",""account_nm"":""기타비유동금융부채"",""amount"":35931352446.0}]","[{""account_id"":""dart_AdjustmentsForDepreciationInvestmentProperty"",""account_nm"":""투자부동산감가상각비"",""amount"":1727330226.0},{""account_id"":""dart_AdjustmentsForDepreciationRightofuseAssets"",""account_nm"":""사용권자산감가상각비"",""amount"":6951549434.0},{""account_id"":""ifrs-full_AdjustmentsForAmortisationExpense"",""account_nm"":""무형자산상각비"",""amount"":8832018806.0},{""account_id"":""ifrs-full_AdjustmentsForDepreciationExpense"",""account_nm"":""유형자산감가상각비"",""amount"":139167267897.0}]",,RAW_CASH_AND_DEBT_CAPTURED_POLICY_REQUIRED,,SOURCE_LIMITED_DA_NOT_VALIDATED,,SOURCE_ONLY_SCORE_NOT_GENERATED,NOT_DEFINED,2026-09-22T22:35:40+09:00
062040,산일전기,KOSPI,00366438,산일전기,2026-09-16-v8.11.7-five-financial-cis-interest-revenue-contract,2026-07-01-v6.0-score-policy,READY_RAW_SOURCE,,2026 반기보고서,CFS,2025,CFS,501946220880.0,333996550771.0,214537829766.0,178634181593.0,109231906505.0,46604557786.0,148921775330.0,83676177904.0,39051131678.0,READY,READY_Q2_SOURCE,2026,164178798154.0,128255019954.0,62035136960.0,46190173936.0,54583630066.0,37865600433.0,28.01,34.3,44.15,,NOT_DEFINED_NO_CLASSIFICATION,2025,CFS,OK,108606384509.0,"[{""account_id"":""ifrs-full_CurrentPortionOfLongtermBorrowings"",""account_nm"":""유동성장기차입금"",""amount"":0.0},{""account_id"":""ifrs-full_ShorttermBorrowings"",""account_nm"":""단기차입금"",""amount"":520000000.0},{""account_id"":""ifrs-full_LongtermBorrowings"",""account_nm"":""장기차입금"",""amount"":0.0}]",[],"[{""account_id"":""ifrs-full_OtherCurrentFinancialLiabilities"",""account_nm"":""기타유동금융부채"",""amount"":19736269586.0},{""account_id"":""ifrs-full_OtherNoncurrentFinancialLiabilities"",""account_nm"":""기타비유동금융부채"",""amount"":741366607.0}]",[],,RAW_CASH_AND_DEBT_CAPTURED_POLICY_REQUIRED,,SOURCE_LIMITED_DA_NOT_VALIDATED,,SOURCE_ONLY_SCORE_NOT_GENERATED,NOT_DEFINED,2026-09-22T22:35:40+09:00
064350,현대로템,KOSPI,00302926,현대로템,2026-09-16-v8.11.7-five-financial-cis-interest-revenue-contract,2026-07-01-v6.0-score-policy,READY_RAW_SOURCE,,2026 반기보고서,CFS,2025,CFS,5839031553000.0,4376597857000.0,3587382453000.0,1005640509000.0,456565534000.0,210046594000.0,770492199000.0,405259414000.0,156778978000.0,READY,READY_Q2_SOURCE,2026,1606050504000.0,1417634367000.0,232382857000.0,257586859000.0,186274704000.0,189545376000.0,13.29,-9.78,-1.73,,NOT_DEFINED_NO_CLASSIFICATION,2025,CFS,OK,908414081000.0,"[{""account_id"":""ifrs-full_CurrentPortionOfLongtermBorrowings"",""account_nm"":""유동성장기부채"",""amount"":0.0},{""account_id"":""ifrs-full_ShorttermBorrowings"",""account_nm"":""단기차입금"",""amount"":49136977000.0},{""account_id"":""ifrs-full_NoncurrentPortionOfNoncurrentBondsIssued"",""account_nm"":""사채"",""amount"":49746488000.0},{""account_id"":""ifrs-full_NoncurrentPortionOfNoncurrentSecuredBankLoansReceived"",""account_nm"":""장기차입금"",""amount"":11028600000.0}]","[{""account_id"":""ifrs-full_CurrentLeaseLiabilities"",""account_nm"":""리스부채"",""amount"":6830877000.0},{""account_id"":""ifrs-full_NoncurrentLeaseLiabilities"",""account_nm"":""리스부채"",""amount"":15685736000.0}]",[],[],,RAW_CASH_AND_DEBT_CAPTURED_POLICY_REQUIRED,,SOURCE_LIMITED_DA_NOT_VALIDATED,,SOURCE_ONLY_SCORE_NOT_GENERATED,NOT_DEFINED,2026-09-22T22:35:40+09:00
066570,LG전자,KOSPI,00401731,LG전자,2026-09-16-v8.11.7-five-financial-cis-interest-revenue-contract,2026-07-01-v6.0-score-policy,READY_RAW_SOURCE,,2026 반기보고서,CFS,2025,CFS,89200882000000.0,87728182000000.0,82262664000000.0,2478392000000.0,3419675000000.0,3653294000000.0,1220412000000.0,591365000000.0,1150611000000.0,READY,READY_Q2_SOURCE,2026,23826468000000.0,20735142000000.0,1579082000000.0,639404000000.0,781322000000.0,609643000000.0,14.91,146.96,28.16,,NOT_DEFINED_NO_CLASSIFICATION,2025,CFS,OK,8769841000000.0,"[{""account_id"":""ifrs-full_CurrentBorrowingsAndCurrentPortionOfNoncurrentBorrowings"",""account_nm"":""차입금"",""amount"":2464190000000.0},{""account_id"":""ifrs-full_LongtermBorrowings"",""account_nm"":""차입금"",""amount"":10180049000000.0}]","[{""account_id"":""ifrs-full_CurrentLeaseLiabilities"",""account_nm"":""리스부채"",""amount"":422402000000.0},{""account_id"":""ifrs-full_NoncurrentLeaseLiabilities"",""account_nm"":""리스부채"",""amount"":893694000000.0}]","[{""account_id"":""ifrs-full_OtherCurrentFinancialLiabilities"",""account_nm"":""기타금융부채"",""amount"":9411000000.0},{""account_id"":""ifrs-full_OtherNoncurrentFinancialLiabilities"",""account_nm"":""기타금융부채"",""amount"":54072000000.0}]",[],,RAW_CASH_AND_DEBT_CAPTURED_POLICY_REQUIRED,,SOURCE_LIMITED_DA_NOT_VALIDATED,,SOURCE_ONLY_SCORE_NOT_GENERATED,NOT_DEFINED,2026-09-22T22:35:40+09:00
068270,셀트리온,KOSPI,00413046,셀트리온,2026-09-16-v8.11.7-five-financial-cis-interest-revenue-contract,2026-07-01-v6.0-score-policy,READY_RAW_SOURCE,,2026 반기보고서,CFS,2025,CFS,4162495108881.0,3557303554371.0,2176431531380.0,1168471345595.0,492015534847.0,651481422157.0,1031483789240.0,418883310404.0,539706505110.0,READY,READY_Q2_SOURCE,2026,1393692794953.0,961457364491.0,451791591338.0,242466845608.0,371317208971.0,63299715413.0,44.96,86.33,486.6,,NOT_DEFINED_NO_CLASSIFICATION,2025,CFS,OK,1119206211717.0,[],[],"[{""account_id"":""ifrs-full_OtherCurrentFinancialLiabilities"",""account_nm"":""단기금융부채"",""amount"":3326882179296.0},{""account_id"":""ifrs-full_OtherNoncurrentFinancialLiabilities"",""account_nm"":""장기금융부채"",""amount"":413133836365.0}]",[],,RAW_CASH_AND_DEBT_CAPTURED_POLICY_REQUIRED,,SOURCE_LIMITED_DA_NOT_VALIDATED,,SOURCE_ONLY_SCORE_NOT_GENERATED,NOT_DEFINED,2026-09-22T22:35:40+09:00
070960,모나용평,KOSPI,00365989,모나용평,2026-09-16-v8.11.7-five-financial-cis-interest-revenue-contract,2026-07-01-v6.0-score-policy,READY_RAW_SOURCE,,2026 반기보고서,CFS,2025,CFS,250149769820.0,267782604820.0,211647596115.0,23280078165.0,26975231186.0,21404935088.0,-30637248941.0,7947513800.0,10002844176.0,READY,READY_Q2_SOURCE,2026,34022853450.0,89292048835.0,-8194169138.0,5923850831.0,-9197844248.0,1627270978.0,-61.9,-238.33,-665.23,,NOT_DEFINED_NO_CLASSIFICATION,2025,CFS,OK,25845910268.0,"[{""account_id"":""dart_CurrentPortionOfBonds"",""account_nm"":""유동성사채"",""amount"":0.0},{""account_id"":""-표준계정코드 미사용-"",""account_nm"":""단기차입금"",""amount"":175109194696.0},{""account_id"":""ifrs-full_NoncurrentPortionOfNoncurrentBondsIssued"",""account_nm"":""사채"",""amount"":46457284613.0},{""account_id"":""ifrs-full_NoncurrentPortionOfNoncurrentLoansReceived"",""account_nm"":""장기차입금"",""amount"":39751355775.0}]","[{""account_id"":""dart_CurentPortionOfFinanceLeaseLiabilities"",""account_nm"":""유동성리스부채"",""amount"":1892815855.0},{""account_id"":""ifrs-full_NoncurrentLeaseLiabilities"",""account_nm"":""비유동 리스부채"",""amount"":24927409091.0}]",[],[],,RAW_CASH_AND_DEBT_CAPTURED_POLICY_REQUIRED,,SOURCE_LIMITED_DA_NOT_VALIDATED,,SOURCE_ONLY_SCORE_NOT_GENERATED,NOT_DEFINED,2026-09-22T22:35:40+09:00
071050,한국금융지주,KOSPI,00432102,한국금융지주,2026-09-16-v8.11.7-five-financial-cis-interest-revenue-contract,2026-07-01-v6.0-score-policy,LIMITED_RAW_SOURCE,"3Y_ANNUAL_LIMITED,QUARTER_LIMITED",2026 반기보고서,CFS,2025,CFS,,,,2345329000000.0,1199724000000.0,820405000000.0,2024352000000.0,1045869000000.0,708064000000.0,LIMITED,LIMITED,2026,,,1344173000000.0,585550629897.0,998385000000.0,540312876318.0,,129.56,84.78,,NOT_DEFINED_NO_CLASSIFICATION,2025,CFS,OK,,[],[],"[{""account_id"":""ifrs-full_OtherFinancialLiabilities"",""account_nm"":""기타금융부채"",""amount"":8909903000000.0}]",[],,RAW_CASH_AND_DEBT_CAPTURED_POLICY_REQUIRED,,SOURCE_LIMITED_DA_NOT_VALIDATED,,SOURCE_ONLY_SCORE_NOT_GENERATED,NOT_DEFINED,2026-09-22T22:35:40+09:00
071840,롯데하이마트,KOSPI,00158307,롯데하이마트,2026-09-16-v8.11.7-five-financial-cis-interest-revenue-contract,2026-07-01-v6.0-score-policy,READY_RAW_SOURCE,,2026 반기보고서,OFS,2025,OFS,2300095883091.0,2356656539880.0,2610137030353.0,9639450324.0,1720857840.0,8223020506.0,-2442674088.0,-305369003097.0,-35368734888.0,READY,READY_Q2_SOURCE,2026,591095945181.0,594202678520.0,917831194.0,10491113346.0,-4469675405.0,11117246436.0,-0.52,-91.25,-140.2,,NOT_DEFINED_NO_CLASSIFICATION,2025,OFS,OK,64718058743.0,"[{""account_id"":""ifrs-full_CurrentLoansReceivedAndCurrentPortionOfNoncurrentLoansReceived"",""account_nm"":""차입금"",""amount"":40000000000.0},{""account_id"":""ifrs-full_NoncurrentPortionOfNoncurrentBondsIssued"",""account_nm"":""회사채"",""amount"":212553092627.0},{""account_id"":""ifrs-full_NoncurrentPortionOfNoncurrentLoansReceived"",""account_nm"":""차입금"",""amount"":0.0}]","[{""account_id"":""ifrs-full_CurrentLeaseLiabilities"",""account_nm"":""리스부채"",""amount"":60075029944.0},{""account_id"":""ifrs-full_NoncurrentLeaseLiabilities"",""account_nm"":""리스부채"",""amount"":114819693054.0}]","[{""account_id"":""ifrs-full_OtherCurrentFinancialLiabilities"",""account_nm"":""기타금융부채"",""amount"":3325473212.0},{""account_id"":""ifrs-full_OtherNoncurrentFinancialLiabilities"",""account_nm"":""기타금융부채"",""amount"":3365918351.0}]",[],,RAW_CASH_AND_DEBT_CAPTURED_POLICY_REQUIRED,,SOURCE_LIMITED_DA_NOT_VALIDATED,,SOURCE_ONLY_SCORE_NOT_GENERATED,NOT_DEFINED,2026-09-22T22:35:40+09:00
071950,코아스,KOSPI,00210856,코아스,2026-09-16-v8.11.7-five-financial-cis-interest-revenue-contract,2026-07-01-v6.0-score-policy,READY_RAW_SOURCE,,2026 반기보고서,CFS,2025,CFS,62229199785.0,77951547768.0,73746191894.0,-5680240797.0,-7244717384.0,-3034190053.0,-31443234564.0,-8934786618.0,-6690888544.0,READY,READY_Q2_SOURCE,2026,15801838035.0,10866835041.0,-771043794.0,-2203412573.0,-3127420393.0,-8140835205.0,45.41,65.01,61.58,,NOT_DEFINED_NO_CLASSIFICATION,2025,CFS,OK,179573815.0,"[{""account_id"":""ifrs-full_ShorttermBorrowings"",""account_nm"":""유동 차입금(사채 포함)"",""amount"":21335981424.0}]","[{""account_id"":""ifrs-full_CurrentLeaseLiabilities"",""account_nm"":""유동 리스부채"",""amount"":607706354.0},{""account_id"":""ifrs-full_NoncurrentLeaseLiabilities"",""account_nm"":""비유동 리스부채"",""amount"":679219254.0}]","[{""account_id"":""ifrs-full_OtherCurrentFinancialLiabilities"",""account_nm"":""기타유동금융부채"",""amount"":2530867648.0}]",[],,RAW_CASH_AND_DEBT_CAPTURED_POLICY_REQUIRED,,SOURCE_LIMITED_DA_NOT_VALIDATED,,SOURCE_ONLY_SCORE_NOT_GENERATED,NOT_DEFINED,2026-09-22T22:35:40+09:00
071970,HD현대마린엔진,KOSPI,00406046,HD현대마린엔진,2026-09-16-v8.11.7-five-financial-cis-interest-revenue-contract,2026-07-01-v6.0-score-policy,READY_RAW_SOURCE,,2026 반기보고서,CFS,2025,CFS,402396221904.0,315793988713.0,244368378750.0,75911594792.0,33193655658.0,18379208500.0,165101642055.0,75775091634.0,31641504580.0,READY,READY_Q2_SOURCE,2026,128119406963.0,99233105518.0,31285526005.0,17462405744.0,31873394365.0,16558892529.0,29.11,79.16,92.49,,NOT_DEFINED_NO_CLASSIFICATION,2025,CFS,OK,94276230277.0,[],[],[],[],,RAW_CASH_AND_DEBT_CAPTURED_POLICY_REQUIRED,,SOURCE_LIMITED_DA_NOT_VALIDATED,,SOURCE_ONLY_SCORE_NOT_GENERATED,NOT_DEFINED,2026-09-22T22:35:40+09:00
072130,유엔젤,KOSPI,00416654,유엔젤,2026-09-16-v8.11.7-five-financial-cis-interest-revenue-contract,2026-07-01-v6.0-score-policy,READY_RAW_SOURCE,,2026 반기보고서,CFS,2025,CFS,61566608489.0,53045913656.0,36639038647.0,3419832610.0,788654456.0,-1777259096.0,4365449120.0,3647038763.0,1436086547.0,READY,READY_Q2_SOURCE,2026,15194857968.0,14202567495.0,1233968431.0,834599297.0,1893110837.0,-22230709.0,6.99,47.85,8615.75,,NOT_DEFINED_NO_CLASSIFICATION,2025,CFS,OK,7988459941.0,"[{""account_id"":""ifrs-full_ShorttermBorrowings"",""account_nm"":""단기차입금"",""amount"":3300000000.0}]","[{""account_id"":""ifrs-full_CurrentLeaseLiabilities"",""account_nm"":""유동 리스부채"",""amount"":300775467.0},{""account_id"":""ifrs-full_NoncurrentLeaseLiabilities"",""account_nm"":""비유동 리스부채"",""amount"":369080987.0}]",[],"[{""account_id"":""ifrs-full_AdjustmentsForAmortisationExpense"",""account_nm"":""무형자산상각비"",""amount"":3430062.0},{""account_id"":""ifrs-full_AdjustmentsForDepreciationExpense"",""account_nm"":""감가상각비"",""amount"":1214540385.0}]",,RAW_CASH_AND_DEBT_CAPTURED_POLICY_REQUIRED,,SOURCE_LIMITED_DA_NOT_VALIDATED,,SOURCE_ONLY_SCORE_NOT_GENERATED,NOT_DEFINED,2026-09-22T22:35:40+09:00
073240,금호타이어,KOSPI,00481454,금호타이어,2026-09-16-v8.11.7-five-financial-cis-interest-revenue-contract,2026-07-01-v6.0-score-policy,READY_RAW_SOURCE,,2026 반기보고서,CFS,2025,CFS,4701282075494.0,4532177923979.0,4041412157685.0,575859298284.0,588591711860.0,411010498490.0,376772981397.0,351617959521.0,171848469734.0,READY,READY_Q2_SOURCE,2026,1332767136116.0,1221253035004.0,182237600549.0,175174609519.0,137774059836.0,5543145446.0,9.13,4.03,2385.49,,NOT_DEFINED_NO_CLASSIFICATION,2025,CFS,OK,574762190002.0,"[{""account_id"":""ifrs-full_CurrentPortionOfLongtermBorrowings"",""account_nm"":""유동성장기차입금"",""amount"":114618453470.0},{""account_id"":""ifrs-full_ShorttermBorrowings"",""account_nm"":""단기차입금"",""amount"":995816495352.0},{""account_id"":""dart_BondsIssuedNominalValue"",""account_nm"":""사채"",""amount"":199539696618.0},{""account_id"":""ifrs-full_LongtermBorrowings"",""account_nm"":""장기차입금"",""amount"":437792774788.0}]","[{""account_id"":""ifrs-full_CurrentLeaseLiabilities"",""account_nm"":""유동리스부채"",""amount"":30334241454.0},{""account_id"":""ifrs-full_NoncurrentLeaseLiabilities"",""account_nm"":""비유동리스부채"",""amount"":95303412728.0}]",[],[],,RAW_CASH_AND_DEBT_CAPTURED_POLICY_REQUIRED,,SOURCE_LIMITED_DA_NOT_VALIDATED,,SOURCE_ONLY_SCORE_NOT_GENERATED,NOT_DEFINED,2026-09-22T22:35:40+09:00
075580,세진중공업,KOSPI,00415628,세진중공업,2026-09-16-v8.11.7-five-financial-cis-interest-revenue-contract,2026-07-01-v6.0-score-policy,READY_RAW_SOURCE,,2026 반기보고서,CFS,2025,CFS,402686260726.0,352376572888.0,384796445852.0,73388632210.0,35979489245.0,33554734501.0,59844468153.0,22021454684.0,22730327421.0,READY,READY_Q2_SOURCE,2026,93498436615.0,98171231773.0,20367628829.0,8764460228.0,20623415281.0,4830152436.0,-4.76,132.39,326.97,,NOT_DEFINED_NO_CLASSIFICATION,2025,CFS,OK,55053801986.0,[],"[{""account_id"":""ifrs-full_CurrentLeaseLiabilities"",""account_nm"":""유동리스부채"",""amount"":2710966738.0},{""account_id"":""ifrs-full_NoncurrentLeaseLiabilities"",""account_nm"":""비유동리스부채"",""amount"":4338177751.0}]","[{""account_id"":""ifrs-full_OtherCurrentFinancialLiabilities"",""account_nm"":""단기금융부채"",""amount"":127381000000.0},{""account_id"":""ifrs-full_OtherNoncurrentFinancialLiabilities"",""account_nm"":""장기금융부채"",""amount"":125500000000.0}]",[],,RAW_CASH_AND_DEBT_CAPTURED_POLICY_REQUIRED,,SOURCE_LIMITED_DA_NOT_VALIDATED,,SOURCE_ONLY_SCORE_NOT_GENERATED,NOT_DEFINED,2026-09-22T22:35:40+09:00
079160,CJ CGV,KOSPI,00303873,CJ CGV,2026-09-16-v8.11.7-five-financial-cis-interest-revenue-contract,2026-07-01-v6.0-score-policy,READY_RAW_SOURCE,,2026 반기보고서,CFS,2025,CFS,2275369359771.0,1957884214182.0,1545839243146.0,96217499551.0,75933768898.0,49065796701.0,-143369293871.0,-175469437302.0,-123353396404.0,READY,READY_Q2_SOURCE,2026,593957859690.0,491616609098.0,11469683497.0,1716783656.0,22608767777.0,-38212416618.0,20.82,568.09,159.17,,NOT_DEFINED_NO_CLASSIFICATION,2025,CFS,OK,510729493797.0,"[{""account_id"":""ifrs-full_ShorttermBorrowings"",""account_nm"":""단기차입금"",""amount"":670163751777.0},{""account_id"":""ifrs-full_NoncurrentPortionOfNoncurrentBondsIssued"",""account_nm"":""사채"",""amount"":189513563192.0},{""account_id"":""ifrs-full_NoncurrentPortionOfNoncurrentLoansReceived"",""account_nm"":""장기차입금"",""amount"":110863052622.0}]","[{""account_id"":""ifrs-full_CurrentLeaseLiabilities"",""account_nm"":""유동 리스부채"",""amount"":150357470458.0},{""account_id"":""ifrs-full_NoncurrentLeaseLiabilities"",""account_nm"":""비유동 리스부채"",""amount"":1272291038848.0}]","[{""account_id"":""ifrs-full_OtherCurrentFinancialLiabilities"",""account_nm"":""기타유동금융부채"",""amount"":212328727909.0},{""account_id"":""ifrs-full_OtherNoncurrentFinancialLiabilities"",""account_nm"":""기타비유동금융부채"",""amount"":102548540608.0}]",[],,RAW_CASH_AND_DEBT_CAPTURED_POLICY_REQUIRED,,SOURCE_LIMITED_DA_NOT_VALIDATED,,SOURCE_ONLY_SCORE_NOT_GENERATED,NOT_DEFINED,2026-09-22T22:35:40+09:00
079550,LIG디펜스앤에어로스페이스,KOSPI,00503668,LIG디펜스앤에어로스페이스,2026-09-16-v8.11.7-five-financial-cis-interest-revenue-contract,2026-07-01-v6.0-score-policy,READY_RAW_SOURCE,,2026 반기보고서,CFS,2025,CFS,4306936127418.0,3276339508425.0,2308571092877.0,319442306790.0,223389060873.0,186378438940.0,237479536396.0,212752680270.0,174962143119.0,READY,READY_Q2_SOURCE,2026,1110094315474.0,945351323737.0,105657237903.0,77579428413.0,78178893788.0,100596296019.0,17.43,36.19,-22.28,,NOT_DEFINED_NO_CLASSIFICATION,2025,CFS,OK,125190009682.0,"[{""account_id"":""ifrs-full_ShorttermBorrowings"",""account_nm"":""유동 차입금(사채 포함)"",""amount"":603656788627.0}]",[],"[{""account_id"":""ifrs-full_OtherCurrentFinancialLiabilities"",""account_nm"":""기타유동금융부채"",""amount"":1017706215311.0},{""account_id"":""ifrs-full_OtherNoncurrentFinancialLiabilities"",""account_nm"":""기타비유동금융부채"",""amount"":64585012293.0}]",[],,RAW_CASH_AND_DEBT_CAPTURED_POLICY_REQUIRED,,SOURCE_LIMITED_DA_NOT_VALIDATED,,SOURCE_ONLY_SCORE_NOT_GENERATED,NOT_DEFINED,2026-09-22T22:35:40+09:00
081000,일진다이아,KOSPI,00508274,일진다이아,2026-09-16-v8.11.7-five-financial-cis-interest-revenue-contract,2026-07-01-v6.0-score-policy,READY_RAW_SOURCE,,2026 반기보고서,CFS,2025,CFS,162400019578.0,157050555577.0,154457870494.0,-6785199972.0,-4644208842.0,-4369731314.0,5794653046.0,13631877784.0,10565000347.0,READY,READY_Q2_SOURCE,2026,55016226229.0,37994173898.0,7048141113.0,-1948778907.0,8236200157.0,2580156703.0,44.8,461.67,219.21,,NOT_DEFINED_NO_CLASSIFICATION,2025,CFS,OK,26968408990.0,"[{""account_id"":""ifrs-full_CurrentPortionOfLongtermBorrowings"",""account_nm"":""비유동차입금(사채 포함)의 유동성 대체 부분"",""amount"":645705000.0},{""account_id"":""ifrs-full_ShorttermBorrowings"",""account_nm"":""유동 차입금(사채 포함)"",""amount"":9000000000.0},{""account_id"":""ifrs-full_LongtermBorrowings"",""account_nm"":""장기차입금"",""amount"":0.0}]","[{""account_id"":""ifrs-full_CurrentLeaseLiabilities"",""account_nm"":""유동 리스부채"",""amount"":1055677857.0},{""account_id"":""ifrs-full_NoncurrentLeaseLiabilities"",""account_nm"":""비유동 리스부채"",""amount"":673883451.0}]",[],[],,RAW_CASH_AND_DEBT_CAPTURED_POLICY_REQUIRED,,SOURCE_LIMITED_DA_NOT_VALIDATED,,SOURCE_ONLY_SCORE_NOT_GENERATED,NOT_DEFINED,2026-09-22T22:35:40+09:00
082740,한화엔진,KOSPI,00361008,한화엔진,2026-09-16-v8.11.7-five-financial-cis-interest-revenue-contract,2026-07-01-v6.0-score-policy,READY_RAW_SOURCE,,2026 반기보고서,CFS,2025,CFS,1371057336146.0,1202204707511.0,854384414147.0,130066296100.0,71531721192.0,8728565174.0,173753426631.0,79159548487.0,-426426612.0,READY,READY_Q2_SOURCE,2026,362219898360.0,387700400107.0,37910716266.0,33775391862.0,33199840617.0,21556459726.0,-6.57,12.24,54.01,,NOT_DEFINED_NO_CLASSIFICATION,2025,CFS,OK,276708027934.0,"[{""account_id"":""dart_CurrentPortionOfBonds"",""account_nm"":""유동성사채"",""amount"":43008748436.0},{""account_id"":""ifrs-full_CurrentLoansReceivedAndCurrentPortionOfNoncurrentLoansReceived"",""account_nm"":""단기차입금"",""amount"":null},{""account_id"":""dart_BondsIssuedNominalValue"",""account_nm"":""사채"",""amount"":null},{""account_id"":""ifrs-full_NoncurrentPortionOfNoncurrentLoansReceived"",""account_nm"":""장기차입금"",""amount"":10000000000.0}]",[],[],[],,RAW_CASH_AND_DEBT_CAPTURED_POLICY_REQUIRED,,SOURCE_LIMITED_DA_NOT_VALIDATED,,SOURCE_ONLY_SCORE_NOT_GENERATED,NOT_DEFINED,2026-09-22T22:35:40+09:00
084010,대한제강,KOSPI,00113225,대한제강,2026-09-16-v8.11.7-five-financial-cis-interest-revenue-contract,2026-07-01-v6.0-score-policy,READY_RAW_SOURCE,,2026 반기보고서,CFS,2025,CFS,1247058624052.0,1224534509948.0,1447832026434.0,-2872504765.0,10317146497.0,109934599541.0,13848928089.0,40013924720.0,77048614856.0,READY,READY_Q2_SOURCE,2026,386468479464.0,348879346394.0,16716175676.0,7919721174.0,12468269429.0,10387581611.0,10.77,111.07,20.03,,NOT_DEFINED_NO_CLASSIFICATION,2025,CFS,OK,161316171568.0,"[{""account_id"":""ifrs-full_CurrentPortionOfLongtermBorrowings"",""account_nm"":""유동성 사채 및 장기차입금"",""amount"":2550000000.0},{""account_id"":""ifrs-full_ShorttermBorrowings"",""account_nm"":""단기차입금"",""amount"":20404251597.0},{""account_id"":""ifrs-full_LongtermBorrowings"",""account_nm"":""사채 및 장기차입금"",""amount"":19330000000.0}]",[],"[{""account_id"":""ifrs-full_OtherCurrentFinancialLiabilities"",""account_nm"":""기타금융부채"",""amount"":20600676099.0},{""account_id"":""ifrs-full_OtherNoncurrentFinancialLiabilities"",""account_nm"":""기타금융부채"",""amount"":15794219684.0}]",[],,RAW_CASH_AND_DEBT_CAPTURED_POLICY_REQUIRED,,SOURCE_LIMITED_DA_NOT_VALIDATED,,SOURCE_ONLY_SCORE_NOT_GENERATED,NOT_DEFINED,2026-09-22T22:35:40+09:00
084690,대상홀딩스,KOSPI,00539274,대상홀딩스,2026-09-16-v8.11.7-five-financial-cis-interest-revenue-contract,2026-07-01-v6.0-score-policy,READY_RAW_SOURCE,,2026 반기보고서,CFS,2025,CFS,5628798766399.0,5357890370159.0,5259400430149.0,199828484303.0,184029822016.0,114614891500.0,-293172577001.0,79932666151.0,65516157066.0,READY,READY_Q2_SOURCE,2026,1497729948624.0,1381158830297.0,59422834786.0,49861846020.0,25822411301.0,22700199706.0,8.44,19.17,13.75,,NOT_DEFINED_NO_CLASSIFICATION,2025,CFS,OK,674354076075.0,"[{""account_id"":""-표준계정코드 미사용-"",""account_nm"":""단기차입금"",""amount"":471348478811.0},{""account_id"":""ifrs-full_NoncurrentPortionOfNoncurrentBondsIssued"",""account_nm"":""사채"",""amount"":653863819944.0},{""account_id"":""ifrs-full_NoncurrentPortionOfNoncurrentLoansReceived"",""account_nm"":""장기차입금"",""amount"":300101227609.0}]",[],"[{""account_id"":""ifrs-full_OtherCurrentFinancialLiabilities"",""account_nm"":""기타유동금융부채"",""amount"":104794476668.0},{""account_id"":""ifrs-full_OtherNoncurrentFinancialLiabilities"",""account_nm"":""기타비유동금융부채"",""amount"":95525736709.0}]",[],,RAW_CASH_AND_DEBT_CAPTURED_POLICY_REQUIRED,,SOURCE_LIMITED_DA_NOT_VALIDATED,,SOURCE_ONLY_SCORE_NOT_GENERATED,NOT_DEFINED,2026-09-22T22:35:40+09:00
085310,엔케이,KOSPI,00172228,엔케이,2026-09-16-v8.11.7-five-financial-cis-interest-revenue-contract,2026-07-01-v6.0-score-policy,READY_RAW_SOURCE,,2026 반기보고서,CFS,2025,CFS,130102265815.0,110936560917.0,91535244729.0,-647803589.0,-4824856791.0,-1104109608.0,-3694204031.0,-2244995396.0,59156274919.0,READY,READY_Q2_SOURCE,2026,36792105838.0,28559281454.0,3144228499.0,340238473.0,3552445952.0,-1677035358.0,28.83,824.12,311.83,,NOT_DEFINED_NO_CLASSIFICATION,2025,CFS,OK,48368967532.0,"[{""account_id"":""ifrs-full_ShorttermBorrowings"",""account_nm"":""유동 차입금(사채 포함)"",""amount"":15725500000.0}]","[{""account_id"":""ifrs-full_CurrentLeaseLiabilities"",""account_nm"":""유동 리스부채"",""amount"":691790222.0},{""account_id"":""ifrs-full_NoncurrentLeaseLiabilities"",""account_nm"":""비유동 리스부채"",""amount"":7093778494.0}]",[],[],,RAW_CASH_AND_DEBT_CAPTURED_POLICY_REQUIRED,,SOURCE_LIMITED_DA_NOT_VALIDATED,,SOURCE_ONLY_SCORE_NOT_GENERATED,NOT_DEFINED,2026-09-22T22:35:40+09:00
085620,미래에셋생명,KOSPI,00112332,미래에셋생명,2026-09-16-v8.11.7-five-financial-cis-interest-revenue-contract,2026-07-01-v6.0-score-policy,LIMITED_RAW_SOURCE,"3Y_ANNUAL_LIMITED,QUARTER_LIMITED",2026 반기보고서,CFS,2025,CFS,,,,194511640633.0,122130494168.0,148725698701.0,130776431540.0,136114870311.0,101404714525.0,LIMITED,LIMITED,2026,,,23649548586.0,65038991669.0,17970234609.0,50692164966.0,,-63.64,-64.55,,NOT_DEFINED_NO_CLASSIFICATION,2025,CFS,OK,982152854435.0,"[{""account_id"":""ifrs-full_BondsIssued"",""account_nm"":""사채"",""amount"":598648785162.0}]","[{""account_id"":""ifrs-full_LeaseLiabilities"",""account_nm"":""리스부채"",""amount"":17254092269.0}]",[],[],,RAW_CASH_AND_DEBT_CAPTURED_POLICY_REQUIRED,,SOURCE_LIMITED_DA_NOT_VALIDATED,,SOURCE_ONLY_SCORE_NOT_GENERATED,NOT_DEFINED,2026-09-22T22:35:40+09:00
086280,현대글로비스,KOSPI,00360595,현대글로비스,2026-09-16-v8.11.7-five-financial-cis-interest-revenue-contract,2026-07-01-v6.0-score-policy,READY_RAW_SOURCE,,2026 반기보고서,CFS,2025,CFS,29566409336616.0,28407374301315.0,25683197164064.0,2073007545910.0,1752867442226.0,1554032510087.0,1734697253045.0,1099486986046.0,1070090664293.0,READY,READY_Q2_SOURCE,2026,8705366003397.0,7515967179642.0,495063379908.0,538878486559.0,369211831238.0,503392238547.0,15.82,-8.13,-26.66,,NOT_DEFINED_NO_CLASSIFICATION,2025,CFS,OK,2644639919844.0,"[{""account_id"":""dart_CurrentPortionOfBonds"",""account_nm"":""유동성회사채"",""amount"":null},{""account_id"":""ifrs-full_CurrentLoansReceivedAndCurrentPortionOfNoncurrentLoansReceived"",""account_nm"":""단기차입금"",""amount"":800732226936.0},{""account_id"":""ifrs-full_NoncurrentPortionOfNoncurrentBondsIssued"",""account_nm"":""회사채"",""amount"":409088428096.0},{""account_id"":""ifrs-full_NoncurrentPortionOfNoncurrentLoansReceived"",""account_nm"":""장기차입금"",""amount"":189727500150.0}]",[],"[{""account_id"":""ifrs-full_OtherCurrentFinancialLiabilities"",""account_nm"":""기타유동금융부채"",""amount"":583298447285.0},{""account_id"":""ifrs-full_OtherNoncurrentFinancialLiabilities"",""account_nm"":""기타비유동금융부채"",""amount"":1952659466330.0}]",[],,RAW_CASH_AND_DEBT_CAPTURED_POLICY_REQUIRED,,SOURCE_LIMITED_DA_NOT_VALIDATED,,SOURCE_ONLY_SCORE_NOT_GENERATED,NOT_DEFINED,2026-09-22T22:35:40+09:00
086790,하나금융지주,KOSPI,00547583,하나금융지주,2026-09-16-v8.11.7-five-financial-cis-interest-revenue-contract,2026-07-01-v6.0-score-policy,LIMITED_RAW_SOURCE,"3Y_ANNUAL_LIMITED,QUARTER_LIMITED",2026 반기보고서,CFS,2025,CFS,,,,5350898000000.0,4855182000000.0,4693407000000.0,4036638000000.0,3768529000000.0,3468356000000.0,LIMITED,LIMITED,2026,,,1594384000000.0,1493322000000.0,1206086000000.0,1184800000000.0,,6.77,1.8,,NOT_DEFINED_NO_CLASSIFICATION,2025,CFS,OK,,"[{""account_id"":""ifrs-full_BondsIssued"",""account_nm"":""사채"",""amount"":72812888000000.0}]",[],[],"[{""account_id"":""ifrs-full_AdjustmentsForDepreciationAndAmortisationExpense"",""account_nm"":""감가상각비 및 무형자산상각비"",""amount"":1645594000000.0}]",,RAW_CASH_AND_DEBT_CAPTURED_POLICY_REQUIRED,,SOURCE_LIMITED_DA_NOT_VALIDATED,,SOURCE_ONLY_SCORE_NOT_GENERATED,NOT_DEFINED,2026-09-22T22:35:40+09:00
088350,한화생명,KOSPI,00113058,한화생명,2026-09-16-v8.11.7-five-financial-cis-interest-revenue-contract,2026-07-01-v6.0-score-policy,LIMITED_RAW_SOURCE,"3Y_ANNUAL_LIMITED,QUARTER_LIMITED",2026 반기보고서,CFS,2025,CFS,,,,1147250000000.0,1096965000000.0,1057044000000.0,836319000000.0,866001000000.0,825981000000.0,LIMITED,LIMITED,2026,,,626782000000.0,240703000000.0,522943000000.0,165764000000.0,,160.4,215.47,,NOT_DEFINED_NO_CLASSIFICATION,2025,CFS,OK,3103115000000.0,[],[],"[{""account_id"":""ifrs-full_OtherFinancialLiabilities"",""account_nm"":""기타금융부채"",""amount"":3650073000000.0}]",[],,RAW_CASH_AND_DEBT_CAPTURED_POLICY_REQUIRED,,SOURCE_LIMITED_DA_NOT_VALIDATED,,SOURCE_ONLY_SCORE_NOT_GENERATED,NOT_DEFINED,2026-09-22T22:35:40+09:00
089590,제주항공,KOSPI,00555874,제주항공,2026-09-16-v8.11.7-five-financial-cis-interest-revenue-contract,2026-07-01-v6.0-score-policy,READY_RAW_SOURCE,,2026 반기보고서,CFS,2025,CFS,1579940872409.0,1935791972257.0,1724008542239.0,-111660044639.0,79912336894.0,169792117648.0,-116400560741.0,21739706476.0,134328659855.0,READY,READY_Q2_SOURCE,2026,461809076652.0,332393347660.0,-44963476492.0,-41874267641.0,-49192065496.0,-9858599415.0,38.93,-7.38,-398.98,,NOT_DEFINED_NO_CLASSIFICATION,2025,CFS,OK,208473247615.0,"[{""account_id"":""ifrs-full_CurrentBorrowingsAndCurrentPortionOfNoncurrentBorrowings"",""account_nm"":""차입금"",""amount"":425255832293.0}]","[{""account_id"":""ifrs-full_CurrentLeaseLiabilities"",""account_nm"":""유동성리스부채"",""amount"":188072235109.0},{""account_id"":""ifrs-full_NoncurrentLeaseLiabilities"",""account_nm"":""장기리스부채"",""amount"":538567566428.0}]","[{""account_id"":""ifrs-full_OtherNoncurrentFinancialLiabilities"",""account_nm"":""기타금융부채"",""amount"":85332019.0}]",[],,RAW_CASH_AND_DEBT_CAPTURED_POLICY_REQUIRED,,SOURCE_LIMITED_DA_NOT_VALIDATED,,SOURCE_ONLY_SCORE_NOT_GENERATED,NOT_DEFINED,2026-09-22T22:35:40+09:00
090350,노루페인트,KOSPI,00583442,노루페인트,2026-09-16-v8.11.7-five-financial-cis-interest-revenue-contract,2026-07-01-v6.0-score-policy,READY_RAW_SOURCE,,2026 반기보고서,CFS,2025,CFS,771052153523.0,793847292349.0,780366686993.0,30180700861.0,43664633269.0,42270366554.0,16461366915.0,35165884495.0,27866551190.0,READY,READY_Q2_SOURCE,2026,229927647730.0,224428116881.0,24348212487.0,14087089048.0,18556302424.0,5715344479.0,2.45,72.84,224.68,,NOT_DEFINED_NO_CLASSIFICATION,2025,CFS,OK,111779270286.0,"[{""account_id"":""ifrs-full_CurrentBorrowingsAndCurrentPortionOfNoncurrentBorrowings"",""account_nm"":""차입금 및 사채"",""amount"":48655444400.0},{""account_id"":""ifrs-full_LongtermBorrowings"",""account_nm"":""장기차입금 및 사채"",""amount"":20000000000.0}]","[{""account_id"":""ifrs-full_CurrentLeaseLiabilities"",""account_nm"":""유동리스부채"",""amount"":812981882.0},{""account_id"":""ifrs-full_NoncurrentLeaseLiabilities"",""account_nm"":""비유동리스부채"",""amount"":1198887652.0}]",[],[],,RAW_CASH_AND_DEBT_CAPTURED_POLICY_REQUIRED,,SOURCE_LIMITED_DA_NOT_VALIDATED,,SOURCE_ONLY_SCORE_NOT_GENERATED,NOT_DEFINED,2026-09-22T22:35:40+09:00
090370,메타랩스,KOSPI,00442835,메타랩스,2026-09-16-v8.11.7-five-financial-cis-interest-revenue-contract,2026-07-01-v6.0-score-policy,READY_RAW_SOURCE,,2026 반기보고서,CFS,2025,CFS,81322984405.0,38359458272.0,21598887656.0,-7242779131.0,-3202497656.0,-3860136978.0,-12371397145.0,-748786641.0,-7437666523.0,READY,READY_Q2_SOURCE,2026,27647346835.0,11786923227.0,278705730.0,-5121723491.0,-1213547269.0,-6833344578.0,134.56,105.44,82.24,,NOT_DEFINED_NO_CLASSIFICATION,2025,CFS,OK,4059293191.0,"[{""account_id"":""-표준계정코드 미사용-"",""account_nm"":""유동성장기부채"",""amount"":39660022451.0},{""account_id"":""ifrs-full_ShorttermBorrowings"",""account_nm"":""유동 차입금(사채 포함)"",""amount"":1000000000.0}]","[{""account_id"":""ifrs-full_CurrentLeaseLiabilities"",""account_nm"":""유동 리스부채"",""amount"":743536542.0},{""account_id"":""ifrs-full_NoncurrentLeaseLiabilities"",""account_nm"":""비유동 리스부채"",""amount"":164603991.0}]","[{""account_id"":""ifrs-full_OtherCurrentFinancialLiabilities"",""account_nm"":""기타유동금융부채"",""amount"":7596109415.0},{""account_id"":""ifrs-full_OtherNoncurrentFinancialLiabilities"",""account_nm"":""기타비유동금융부채"",""amount"":1454712856.0}]",[],,RAW_CASH_AND_DEBT_CAPTURED_POLICY_REQUIRED,,SOURCE_LIMITED_DA_NOT_VALIDATED,,SOURCE_ONLY_SCORE_NOT_GENERATED,NOT_DEFINED,2026-09-22T22:35:40+09:00
090460,비에이치,KOSPI,00447609,비에이치,2026-09-16-v8.11.7-five-financial-cis-interest-revenue-contract,2026-07-01-v6.0-score-policy,READY_RAW_SOURCE,,2026 반기보고서,CFS,2025,CFS,1792660286542.0,1754441744291.0,1591992250709.0,53978420775.0,87053422982.0,84792055684.0,40648029171.0,77590055772.0,84855132551.0,READY,READY_Q2_SOURCE,2026,414237053660.0,389731259793.0,7891040604.0,16034672646.0,7612387661.0,3801641970.0,6.29,-50.79,100.24,,NOT_DEFINED_NO_CLASSIFICATION,2025,CFS,OK,287959792602.0,"[{""account_id"":""ifrs-full_CurrentPortionOfLongtermBorrowings"",""account_nm"":""유동성장기차입금"",""amount"":25380875000.0},{""account_id"":""ifrs-full_ShorttermBorrowings"",""account_nm"":""유동 차입금(사채 포함)"",""amount"":144270465224.0},{""account_id"":""ifrs-full_LongtermBorrowings"",""account_nm"":""장기차입금"",""amount"":105047376639.0}]","[{""account_id"":""ifrs-full_CurrentLeaseLiabilities"",""account_nm"":""유동 리스부채"",""amount"":487382429.0},{""account_id"":""ifrs-full_NoncurrentLeaseLiabilities"",""account_nm"":""비유동 리스부채"",""amount"":831052980.0}]","[{""account_id"":""ifrs-full_OtherCurrentFinancialLiabilities"",""account_nm"":""기타유동금융부채"",""amount"":17474639.0},{""account_id"":""ifrs-full_OtherNoncurrentFinancialLiabilities"",""account_nm"":""비유동금융부채"",""amount"":4229054700.0}]",[],,RAW_CASH_AND_DEBT_CAPTURED_POLICY_REQUIRED,,SOURCE_LIMITED_DA_NOT_VALIDATED,,SOURCE_ONLY_SCORE_NOT_GENERATED,NOT_DEFINED,2026-09-22T22:35:40+09:00
091810,트리니티항공,KOSPI,00671376,트리니티항공,2026-09-16-v8.11.7-five-financial-cis-interest-revenue-contract,2026-07-01-v6.0-score-policy,READY_RAW_SOURCE,,2026 반기보고서,CFS,2025,CFS,1798180813715.0,1536779555361.0,1348759428136.0,-265467968425.0,-12271128596.0,139411816543.0,-338259764519.0,-65878206674.0,99132288401.0,READY,READY_Q2_SOURCE,2026,469700730249.0,377868316603.0,-181982906079.0,-78327631859.0,-211381152428.0,-78056080490.0,24.3,-132.34,-170.81,,NOT_DEFINED_NO_CLASSIFICATION,2025,CFS,OK,182911342163.0,[],"[{""account_id"":""ifrs-full_CurrentLeaseLiabilities"",""account_nm"":""유동 리스부채"",""amount"":160052880045.0},{""account_id"":""ifrs-full_NoncurrentLeaseLiabilities"",""account_nm"":""비유동 리스부채"",""amount"":478189012051.0}]","[{""account_id"":""ifrs-full_OtherCurrentFinancialLiabilities"",""account_nm"":""기타유동금융부채"",""amount"":1966948232.0}]",[],,RAW_CASH_AND_DEBT_CAPTURED_POLICY_REQUIRED,,SOURCE_LIMITED_DA_NOT_VALIDATED,,SOURCE_ONLY_SCORE_NOT_GENERATED,NOT_DEFINED,2026-09-22T22:35:40+09:00
092440,기신정기,KOSPI,00106614,기신정기,2026-09-16-v8.11.7-five-financial-cis-interest-revenue-contract,2026-07-01-v6.0-score-policy,LIMITED_RAW_SOURCE,QUARTER_LIMITED,2026 1분기보고서,CFS,2025,CFS,131315525932.0,137860488679.0,144440857401.0,1018157936.0,2498092901.0,6417822420.0,3113404250.0,1715138867.0,4378917213.0,READY,LIMITED,2026,,,,,,,,,,,NOT_DEFINED_NO_CLASSIFICATION,2025,CFS,OK,15593265474.0,[],"[{""account_id"":""ifrs-full_CurrentLeaseLiabilities"",""account_nm"":""유동 리스부채"",""amount"":296486261.0},{""account_id"":""ifrs-full_NoncurrentLeaseLiabilities"",""account_nm"":""비유동 리스부채"",""amount"":642863948.0}]","[{""account_id"":""ifrs-full_OtherCurrentFinancialLiabilities"",""account_nm"":""기타유동금융부채"",""amount"":174320000.0}]",[],,RAW_CASH_AND_DEBT_CAPTURED_POLICY_REQUIRED,,SOURCE_LIMITED_DA_NOT_VALIDATED,,SOURCE_ONLY_SCORE_NOT_GENERATED,NOT_DEFINED,2026-09-22T22:35:40+09:00
095570,AJ네트웍스,KOSPI,00365387,AJ네트웍스,2026-09-16-v8.11.7-five-financial-cis-interest-revenue-contract,2026-07-01-v6.0-score-policy,READY_RAW_SOURCE,,2026 반기보고서,CFS,2025,CFS,1070114469000.0,964641518000.0,936525061000.0,71548375000.0,76256280000.0,78472289000.0,28327120000.0,21600801000.0,16472355000.0,READY,READY_Q2_SOURCE,2026,327848505000.0,253033176471.0,21486266000.0,17205229162.0,28331293000.0,5061115647.0,29.57,24.88,459.78,,NOT_DEFINED_NO_CLASSIFICATION,2025,CFS,OK,156794670000.0,"[{""account_id"":""-표준계정코드 미사용-"",""account_nm"":""단기차입금"",""amount"":78464831000.0},{""account_id"":""ifrs-full_NoncurrentPortionOfNoncurrentBondsIssued"",""account_nm"":""비유동사채"",""amount"":204666967000.0},{""account_id"":""ifrs-full_NoncurrentPortionOfNoncurrentLoansReceived"",""account_nm"":""장기차입금"",""amount"":299033044000.0}]","[{""account_id"":""ifrs-full_CurrentLeaseLiabilities"",""account_nm"":""유동 리스부채"",""amount"":27080013000.0},{""account_id"":""ifrs-full_NoncurrentLeaseLiabilities"",""account_nm"":""비유동 리스부채"",""amount"":43151229000.0}]","[{""account_id"":""ifrs-full_OtherCurrentFinancialLiabilities"",""account_nm"":""기타유동금융부채"",""amount"":45304558000.0},{""account_id"":""ifrs-full_OtherNoncurrentFinancialLiabilities"",""account_nm"":""기타비유동금융부채"",""amount"":4161869000.0}]",[],,RAW_CASH_AND_DEBT_CAPTURED_POLICY_REQUIRED,,SOURCE_LIMITED_DA_NOT_VALIDATED,,SOURCE_ONLY_SCORE_NOT_GENERATED,NOT_DEFINED,2026-09-22T22:35:40+09:00
096770,SK이노베이션,KOSPI,00631518,SK이노베이션,2026-09-16-v8.11.7-five-financial-cis-interest-revenue-contract,2026-07-01-v6.0-score-policy,READY_RAW_SOURCE,,2026 반기보고서,CFS,2025,CFS,80296054243000.0,74269646737000.0,76755738640000.0,448683859000.0,355696515000.0,1880613137000.0,-5436441431000.0,-2372482956000.0,554894277000.0,READY,READY_Q2_SOURCE,2026,29236158792000.0,19306626093000.0,3487296471000.0,-417568625000.0,73463246000.0,-1032175524000.0,51.43,935.14,107.12,,NOT_DEFINED_NO_CLASSIFICATION,2025,CFS,OK,16091551855000.0,"[{""account_id"":""-표준계정코드 미사용-"",""account_nm"":""단기차입금"",""amount"":7201712771000.0},{""account_id"":""ifrs-full_CurrentPortionOfLongtermBorrowings"",""account_nm"":""유동성장기부채"",""amount"":8889661656000.0},{""account_id"":""ifrs-full_LongtermBorrowings"",""account_nm"":""사채및장기차입금"",""amount"":22764517807000.0}]","[{""account_id"":""ifrs-full_CurrentLeaseLiabilities"",""account_nm"":""유동성리스부채"",""amount"":482294111000.0},{""account_id"":""ifrs-full_NoncurrentLeaseLiabilities"",""account_nm"":""리스부채"",""amount"":1843573185000.0}]",[],[],,RAW_CASH_AND_DEBT_CAPTURED_POLICY_REQUIRED,,SOURCE_LIMITED_DA_NOT_VALIDATED,,SOURCE_ONLY_SCORE_NOT_GENERATED,NOT_DEFINED,2026-09-22T22:35:40+09:00
097520,엠씨넥스,KOSPI,00564562,엠씨넥스,2026-09-16-v8.11.7-five-financial-cis-interest-revenue-contract,2026-07-01-v6.0-score-policy,READY_RAW_SOURCE,,2026 반기보고서,CFS,2025,CFS,1279236953303.0,1057058423929.0,932490110758.0,52015262942.0,44384671816.0,18224255538.0,51554637396.0,63604930146.0,27923690827.0,READY,READY_Q2_SOURCE,2026,294668492134.0,326423553542.0,2187694726.0,16170796092.0,792768016.0,13050287771.0,-9.73,-86.47,-93.93,,NOT_DEFINED_NO_CLASSIFICATION,2025,CFS,OK,21760242685.0,"[{""account_id"":""ifrs-full_CurrentPortionOfLongtermBorrowings"",""account_nm"":""비유동차입금(사채 포함)의 유동성 대체 부분"",""amount"":0.0},{""account_id"":""ifrs-full_ShorttermBorrowings"",""account_nm"":""유동 차입금(사채 포함)"",""amount"":31440184200.0},{""account_id"":""ifrs-full_LongtermBorrowings"",""account_nm"":""비유동차입금(사채 포함)의 비유동성 부분"",""amount"":1308000000.0}]",[],"[{""account_id"":""ifrs-full_OtherCurrentFinancialLiabilities"",""account_nm"":""기타유동금융부채"",""amount"":77687071.0},{""account_id"":""ifrs-full_OtherNoncurrentFinancialLiabilities"",""account_nm"":""기타비유동금융부채"",""amount"":2566603717.0}]","[{""account_id"":""dart_AdjustmentsForDepreciationInvestmentProperty"",""account_nm"":""투자부동산감가상각비 조정"",""amount"":444257572.0},{""account_id"":""ifrs-full_AdjustmentsForAmortisationExpense"",""account_nm"":""무형자산상각비에 대한 조정"",""amount"":1874513748.0},{""account_id"":""ifrs-full_AdjustmentsForDepreciationExpense"",""account_nm"":""감가상각비에 대한 조정"",""amount"":46231681426.0}]",,RAW_CASH_AND_DEBT_CAPTURED_POLICY_REQUIRED,,SOURCE_LIMITED_DA_NOT_VALIDATED,,SOURCE_ONLY_SCORE_NOT_GENERATED,NOT_DEFINED,2026-09-22T22:35:40+09:00
097950,CJ제일제당,KOSPI,00635134,CJ제일제당,2026-09-16-v8.11.7-five-financial-cis-interest-revenue-contract,2026-07-01-v6.0-score-policy,READY_RAW_SOURCE,,2026 반기보고서,CFS,2025,CFS,27342589100000.0,27239748024000.0,26822425792000.0,1233604641000.0,1452067669000.0,1369933419000.0,-416955408000.0,345925769000.0,559462096000.0,READY,READY_Q2_SOURCE,2026,7362113166000.0,7237175773000.0,257574531000.0,349101015000.0,-3876905000.0,205195546000.0,1.73,-26.22,-101.89,,NOT_DEFINED_NO_CLASSIFICATION,2025,CFS,OK,1038957402000.0,"[{""account_id"":""ifrs-full_CurrentPortionOfLongtermBorrowings"",""account_nm"":""비유동차입금(사채 포함)의 유동성 대체 부분"",""amount"":2144089489000.0},{""account_id"":""ifrs-full_NoncurrentPortionOfNoncurrentBondsIssued"",""account_nm"":""비유동 사채의 비유동성 부분"",""amount"":3155759559000.0},{""account_id"":""ifrs-full_NoncurrentPortionOfNoncurrentLoansReceived"",""account_nm"":""비유동 금융기관 차입금(사채 제외)의 비유동성 대체 부분"",""amount"":1184054444000.0}]","[{""account_id"":""ifrs-full_CurrentLeaseLiabilities"",""account_nm"":""유동 리스부채"",""amount"":464082842000.0},{""account_id"":""ifrs-full_NoncurrentLeaseLiabilities"",""account_nm"":""비유동 리스부채"",""amount"":1821580946000.0}]","[{""account_id"":""ifrs-full_OtherCurrentFinancialLiabilities"",""account_nm"":""기타유동금융부채"",""amount"":665656984000.0},{""account_id"":""ifrs-full_OtherNoncurrentFinancialLiabilities"",""account_nm"":""기타비유동금융부채"",""amount"":207898418000.0}]",[],,RAW_CASH_AND_DEBT_CAPTURED_POLICY_REQUIRED,,SOURCE_LIMITED_DA_NOT_VALIDATED,,SOURCE_ONLY_SCORE_NOT_GENERATED,NOT_DEFINED,2026-09-22T22:35:40+09:00
100840,SNT에너지,KOSPI,00648721,SNT에너지,2026-09-16-v8.11.7-five-financial-cis-interest-revenue-contract,2026-07-01-v6.0-score-policy,READY_RAW_SOURCE,,2026 반기보고서,CFS,2025,CFS,606119987434.0,294264258276.0,321955650203.0,111313927765.0,22239479490.0,20777120986.0,84373067879.0,34636527846.0,22727501737.0,READY,READY_Q2_SOURCE,2026,108055984076.0,140680573296.0,21269561316.0,27364301022.0,18130221353.0,10968526048.0,-23.19,-22.27,65.29,,NOT_DEFINED_NO_CLASSIFICATION,2025,CFS,OK,89771225887.0,"[{""account_id"":""ifrs-full_CurrentPortionOfLongtermBorrowings"",""account_nm"":""유동성장기차입금"",""amount"":0.0}]",[],[],[],,RAW_CASH_AND_DEBT_CAPTURED_POLICY_REQUIRED,,SOURCE_LIMITED_DA_NOT_VALIDATED,,SOURCE_ONLY_SCORE_NOT_GENERATED,NOT_DEFINED,2026-09-22T22:35:40+09:00
101140,인바이오젠,KOSPI,00652423,인바이오젠,2026-09-16-v8.11.7-five-financial-cis-interest-revenue-contract,2026-07-01-v6.0-score-policy,READY_RAW_SOURCE,,2026 반기보고서,OFS,2025,OFS,6296747709.0,7041061562.0,6240804636.0,-4332844227.0,-6093214907.0,-6151980412.0,-1418662962.0,16122333887.0,11344109632.0,READY,READY_Q2_SOURCE,2026,1509728070.0,1849918422.0,-924447285.0,-1004326140.0,-1475472250.0,1123567128.0,-18.39,7.95,-231.32,,NOT_DEFINED_NO_CLASSIFICATION,2025,OFS,OK,901695844.0,[],"[{""account_id"":""ifrs-full_CurrentLeaseLiabilities"",""account_nm"":""유동 리스부채"",""amount"":241400140.0},{""account_id"":""ifrs-full_NoncurrentLeaseLiabilities"",""account_nm"":""리스부채"",""amount"":426364028.0}]",[],"[{""account_id"":""ifrs-full_AdjustmentsForAmortisationExpense"",""account_nm"":""무형자산상각비에 대한 조정"",""amount"":113190953.0},{""account_id"":""ifrs-full_AdjustmentsForDepreciationExpense"",""account_nm"":""감가상각비에 대한 조정"",""amount"":250303115.0}]",,RAW_CASH_AND_DEBT_CAPTURED_POLICY_REQUIRED,,SOURCE_LIMITED_DA_NOT_VALIDATED,,SOURCE_ONLY_SCORE_NOT_GENERATED,NOT_DEFINED,2026-09-22T22:35:40+09:00
103590,일진전기,KOSPI,00683469,일진전기,2026-09-16-v8.11.7-five-financial-cis-interest-revenue-contract,2026-07-01-v6.0-score-policy,READY_RAW_SOURCE,,2026 반기보고서,CFS,2025,CFS,2044552052000.0,1577247371000.0,1246731647000.0,151226606000.0,79742010000.0,60756521000.0,103889478000.0,46193258000.0,34540067000.0,READY,READY_Q2_SOURCE,2026,637384739000.0,522820363000.0,71962094000.0,37606488000.0,49942083000.0,34809375000.0,21.91,91.36,43.47,,NOT_DEFINED_NO_CLASSIFICATION,2025,CFS,OK,137563249000.0,"[{""account_id"":""ifrs-full_CurrentBorrowingsAndCurrentPortionOfNoncurrentBorrowings"",""account_nm"":""유동 차입금 및 비유동차입금(사채 포함)의 유동성 대체 부분 합계"",""amount"":72349000000.0},{""account_id"":""ifrs-full_LongtermBorrowings"",""account_nm"":""비유동차입금(사채 포함)의 비유동성 부분"",""amount"":18000000000.0}]",[],[],[],,RAW_CASH_AND_DEBT_CAPTURED_POLICY_REQUIRED,,SOURCE_LIMITED_DA_NOT_VALIDATED,,SOURCE_ONLY_SCORE_NOT_GENERATED,NOT_DEFINED,2026-09-22T22:35:40+09:00
105560,KB금융,KOSPI,00688996,KB금융,2026-09-16-v8.11.7-five-financial-cis-interest-revenue-contract,2026-07-01-v6.0-score-policy,READY_RAW_SOURCE,,2026 반기보고서,CFS,2025,CFS,29156100000000.0,30491385000000.0,29142024000000.0,8517711000000.0,8045261000000.0,6385021000000.0,5840715000000.0,5028606000000.0,4526334000000.0,READY,READY_Q2_SOURCE,2026,7352100000000.0,7284633000000.0,2712548000000.0,2132971000000.0,2010508000000.0,1747580000000.0,0.93,27.17,15.05,,NOT_DEFINED_NO_CLASSIFICATION,2025,CFS,OK,,"[{""account_id"":""ifrs-full_BondsIssued"",""account_nm"":""사채"",""amount"":80049270000000.0}]",[],[],"[{""account_id"":""ifrs-full_AdjustmentsForDepreciationAndAmortisationExpense"",""account_nm"":""감가상각비 및 상각비"",""amount"":914686000000.0}]",,RAW_CASH_AND_DEBT_CAPTURED_POLICY_REQUIRED,,SOURCE_LIMITED_DA_NOT_VALIDATED,,SOURCE_ONLY_SCORE_NOT_GENERATED,NOT_DEFINED,2026-09-22T22:35:40+09:00
105630,한세실업,KOSPI,00728638,한세실업,2026-09-16-v8.11.7-five-financial-cis-interest-revenue-contract,2026-07-01-v6.0-score-policy,READY_RAW_SOURCE,,2026 반기보고서,CFS,2025,CFS,1941776924955.0,1797795746533.0,1708756427696.0,83416342796.0,142197707885.0,168225105469.0,57255205232.0,58382382679.0,112035180540.0,READY,READY_Q2_SOURCE,2026,561596038206.0,475031717630.0,36093623014.0,12327881894.0,13141328650.0,21922859120.0,18.22,192.78,-40.06,,NOT_DEFINED_NO_CLASSIFICATION,2025,CFS,OK,311588969552.0,"[{""account_id"":""ifrs-full_CurrentBorrowingsAndCurrentPortionOfNoncurrentBorrowings"",""account_nm"":""차입금"",""amount"":442797506260.0},{""account_id"":""ifrs-full_LongtermBorrowings"",""account_nm"":""장기차입금"",""amount"":125907480828.0}]","[{""account_id"":""ifrs-full_CurrentLeaseLiabilities"",""account_nm"":""리스부채"",""amount"":17822127747.0},{""account_id"":""ifrs-full_NoncurrentLeaseLiabilities"",""account_nm"":""장기리스부채"",""amount"":29546669907.0}]",[],[],,RAW_CASH_AND_DEBT_CAPTURED_POLICY_REQUIRED,,SOURCE_LIMITED_DA_NOT_VALIDATED,,SOURCE_ONLY_SCORE_NOT_GENERATED,NOT_DEFINED,2026-09-22T22:35:40+09:00
107590,미원홀딩스,KOSPI,00706715,미원홀딩스,2026-09-16-v8.11.7-five-financial-cis-interest-revenue-contract,2026-07-01-v6.0-score-policy,READY_RAW_SOURCE,,2026 반기보고서,OFS,2025,OFS,18740988445.0,18491383590.0,16707156701.0,2388642201.0,3277954829.0,1855811131.0,17527276595.0,16079260235.0,3430407159.0,READY,READY_Q2_SOURCE,2026,5654146880.0,4435040170.0,572300767.0,203541392.0,10867257490.0,3084073783.0,27.49,181.17,252.37,,NOT_DEFINED_NO_CLASSIFICATION,2025,OFS,OK,75622174.0,"[{""account_id"":""ifrs-full_CurrentPortionOfLongtermBorrowings"",""account_nm"":""유동성장기차입금"",""amount"":9746811736.0},{""account_id"":""ifrs-full_ShorttermBorrowings"",""account_nm"":""단기차입금"",""amount"":28586072967.0},{""account_id"":""dart_LongTermBorrowingsGross"",""account_nm"":""장기차입금"",""amount"":26125518624.0}]","[{""account_id"":""dart_CurentPortionOfFinanceLeaseLiabilities"",""account_nm"":""유동성리스부채"",""amount"":5913295.0}]","[{""account_id"":""ifrs-full_OtherCurrentFinancialLiabilities"",""account_nm"":""기타의유동부채"",""amount"":105938380.0}]","[{""account_id"":""dart_DepreciationExpenseSellingGeneralAdministrativeExpenses"",""account_nm"":""감가상각비"",""amount"":471468555.0},{""account_id"":""ifrs-full_AdjustmentsForDepreciationExpense"",""account_nm"":""감가상각비"",""amount"":821461303.0}]",,RAW_CASH_AND_DEBT_CAPTURED_POLICY_REQUIRED,,SOURCE_LIMITED_DA_NOT_VALIDATED,,SOURCE_ONLY_SCORE_NOT_GENERATED,NOT_DEFINED,2026-09-22T22:35:40+09:00
112610,씨에스윈드,KOSPI,00670340,씨에스윈드,2026-09-16-v8.11.7-five-financial-cis-interest-revenue-contract,2026-07-01-v6.0-score-policy,READY_RAW_SOURCE,,2026 반기보고서,CFS,2025,CFS,2931648581449.0,3072529196695.0,1520162115494.0,320323178301.0,255481950329.0,104196455252.0,40133098937.0,143668438531.0,18442241960.0,READY,READY_Q2_SOURCE,2026,686396223214.0,650003261036.0,86031237016.0,59265110656.0,61062432230.0,38918944884.0,5.6,45.16,56.9,,NOT_DEFINED_NO_CLASSIFICATION,2025,CFS,OK,478878903508.0,"[{""account_id"":""dart_CurrentPortionOfBonds"",""account_nm"":""사채"",""amount"":0.0},{""account_id"":""ifrs-full_ShorttermBorrowings"",""account_nm"":""단기차입금"",""amount"":242475043746.0},{""account_id"":""ifrs-full_NoncurrentPortionOfNoncurrentLoansReceived"",""account_nm"":""장기차입금"",""amount"":567088496341.0}]","[{""account_id"":""ifrs-full_CurrentLeaseLiabilities"",""account_nm"":""유동리스부채"",""amount"":19403579775.0},{""account_id"":""ifrs-full_NoncurrentLeaseLiabilities"",""account_nm"":""비유동리스부채"",""amount"":215580764524.0}]","[{""account_id"":""ifrs-full_OtherCurrentFinancialLiabilities"",""account_nm"":""기타유동금융부채"",""amount"":140367812.0},{""account_id"":""ifrs-full_OtherNoncurrentFinancialLiabilities"",""account_nm"":""기타비유동금융부채"",""amount"":323845738.0}]",[],,RAW_CASH_AND_DEBT_CAPTURED_POLICY_REQUIRED,,SOURCE_LIMITED_DA_NOT_VALIDATED,,SOURCE_ONLY_SCORE_NOT_GENERATED,NOT_DEFINED,2026-09-22T22:35:40+09:00
114090,GKL,KOSPI,00557508,GKL,2026-09-16-v8.11.7-five-financial-cis-interest-revenue-contract,2026-07-01-v6.0-score-policy,READY_RAW_SOURCE,,2026 반기보고서,CFS,2025,CFS,422947217924.0,396390016167.0,396693647873.0,52644453601.0,38324545939.0,51017881015.0,47072361742.0,33060332413.0,43848395239.0,READY,READY_Q2_SOURCE,2026,120451186017.0,100941840898.0,20834975563.0,15960923114.0,18014742932.0,16958333805.0,19.33,30.54,6.23,,NOT_DEFINED_NO_CLASSIFICATION,2025,CFS,OK,213092869283.0,[],"[{""account_id"":""ifrs-full_CurrentLeaseLiabilities"",""account_nm"":""유동 리스부채"",""amount"":21385749446.0},{""account_id"":""ifrs-full_NoncurrentLeaseLiabilities"",""account_nm"":""비유동 리스부채"",""amount"":30375090489.0}]",[],"[{""account_id"":""dart_AdjustmentsForDepreciationRightofuseAssets"",""account_nm"":""사용권자산감가상각비 조정"",""amount"":23493197490.0},{""account_id"":""ifrs-full_AdjustmentsForAmortisationExpense"",""account_nm"":""무형자산상각비에 대한 조정"",""amount"":281390656.0},{""account_id"":""ifrs-full_AdjustmentsForDepreciationExpense"",""account_nm"":""감가상각비에 대한 조정"",""amount"":8443216207.0}]",,RAW_CASH_AND_DEBT_CAPTURED_POLICY_REQUIRED,,SOURCE_LIMITED_DA_NOT_VALIDATED,,SOURCE_ONLY_SCORE_NOT_GENERATED,NOT_DEFINED,2026-09-22T22:35:40+09:00
117580,대성에너지,KOSPI,00787376,대성에너지,2026-09-16-v8.11.7-five-financial-cis-interest-revenue-contract,2026-07-01-v6.0-score-policy,READY_RAW_SOURCE,,2026 반기보고서,OFS,2025,OFS,1017938768125.0,995129899139.0,999533749249.0,30348573111.0,20476271942.0,20391954237.0,24619870264.0,17261222932.0,14937263678.0,READY,READY_Q2_SOURCE,2026,161046909124.0,170779912329.0,2733815671.0,1187989053.0,3075582201.0,-3250754052.0,-5.7,130.12,194.61,,NOT_DEFINED_NO_CLASSIFICATION,2025,OFS,OK,27274373520.0,"[{""account_id"":""ifrs-full_OtherCurrentBorrowingsAndCurrentPortionOfOtherNoncurrentBorrowings"",""account_nm"":""단기차입금"",""amount"":15000000000.0},{""account_id"":""ifrs-full_NoncurrentPortionOfNoncurrentBondsIssued"",""account_nm"":""사채"",""amount"":59914284866.0},{""account_id"":""ifrs-full_NoncurrentPortionOfOtherNoncurrentBorrowings"",""account_nm"":""장기차입금"",""amount"":175000000.0}]","[{""account_id"":""ifrs-full_CurrentLeaseLiabilities"",""account_nm"":""유동성리스부채"",""amount"":1693796997.0},{""account_id"":""ifrs-full_NoncurrentLeaseLiabilities"",""account_nm"":""리스부채"",""amount"":16592622559.0}]",[],[],,RAW_CASH_AND_DEBT_CAPTURED_POLICY_REQUIRED,,SOURCE_LIMITED_DA_NOT_VALIDATED,,SOURCE_ONLY_SCORE_NOT_GENERATED,NOT_DEFINED,2026-09-22T22:35:40+09:00
123690,한국화장품,KOSPI,00823429,한국화장품,2026-09-16-v8.11.7-five-financial-cis-interest-revenue-contract,2026-07-01-v6.0-score-policy,READY_RAW_SOURCE,,2026 반기보고서,CFS,2025,CFS,85031829899.0,92787843982.0,78712916916.0,527535271.0,3713273746.0,3054862344.0,1146317620.0,4838885610.0,3547260908.0,READY,READY_Q2_SOURCE,2026,21048383236.0,20543751211.0,-316140959.0,-176370197.0,-542069461.0,-124092944.0,2.46,-79.25,-336.83,,NOT_DEFINED_NO_CLASSIFICATION,2025,CFS,OK,15907268934.0,"[{""account_id"":""ifrs-full_ShorttermBorrowings"",""account_nm"":""단기차입금"",""amount"":2600000000.0}]","[{""account_id"":""ifrs-full_CurrentLeaseLiabilities"",""account_nm"":""리스부채"",""amount"":937867220.0},{""account_id"":""ifrs-full_NoncurrentLeaseLiabilities"",""account_nm"":""리스부채"",""amount"":1895679328.0}]","[{""account_id"":""ifrs-full_OtherCurrentFinancialLiabilities"",""account_nm"":""단기기타금융부채"",""amount"":670000000.0}]",[],,RAW_CASH_AND_DEBT_CAPTURED_POLICY_REQUIRED,,SOURCE_LIMITED_DA_NOT_VALIDATED,,SOURCE_ONLY_SCORE_NOT_GENERATED,NOT_DEFINED,2026-09-22T22:35:40+09:00
128820,대성산업,KOSPI,00828789,대성산업,2026-09-16-v8.11.7-five-financial-cis-interest-revenue-contract,2026-07-01-v6.0-score-policy,READY_RAW_SOURCE,,2026 반기보고서,CFS,2025,CFS,1565923441453.0,1476772033939.0,1608088520653.0,10832731125.0,21781127161.0,29449898866.0,-61745964943.0,8412371624.0,-4010450468.0,READY,READY_Q2_SOURCE,2026,365855736192.0,372310167423.0,2857191217.0,-510170518.0,-2584066425.0,-15486091328.0,-1.73,660.05,83.31,,NOT_DEFINED_NO_CLASSIFICATION,2025,CFS,OK,128404950843.0,"[{""account_id"":""ifrs-full_CurrentBorrowingsAndCurrentPortionOfNoncurrentBorrowings"",""account_nm"":""차입금 및 사채(유동)"",""amount"":192872514850.0},{""account_id"":""ifrs-full_LongtermBorrowings"",""account_nm"":""차입금 및 사채(비유동)"",""amount"":541347028912.0}]",[],"[{""account_id"":""ifrs-full_OtherCurrentFinancialLiabilities"",""account_nm"":""기타유동금융부채"",""amount"":8365872134.0},{""account_id"":""ifrs-full_OtherNoncurrentFinancialLiabilities"",""account_nm"":""기타비유동금융부채"",""amount"":23593674146.0}]",[],,RAW_CASH_AND_DEBT_CAPTURED_POLICY_REQUIRED,,SOURCE_LIMITED_DA_NOT_VALIDATED,,SOURCE_ONLY_SCORE_NOT_GENERATED,NOT_DEFINED,2026-09-22T22:35:40+09:00
129260,인터지스,KOSPI,00151368,인터지스,2026-09-16-v8.11.7-five-financial-cis-interest-revenue-contract,2026-07-01-v6.0-score-policy,READY_RAW_SOURCE,,2026 반기보고서,CFS,2025,CFS,708978717129.0,701171841541.0,611639433548.0,19761450740.0,23864084101.0,23029106091.0,10488697660.0,14688310550.0,13971343963.0,READY,READY_Q2_SOURCE,2026,224365533147.0,182809761924.0,7944932005.0,7668532130.0,5475295861.0,5568679790.0,22.73,3.6,-1.68,,NOT_DEFINED_NO_CLASSIFICATION,2025,CFS,OK,26372648813.0,"[{""account_id"":""ifrs-full_CurrentBorrowingsAndCurrentPortionOfNoncurrentBorrowings"",""account_nm"":""차입금 및 사채"",""amount"":56178403074.0},{""account_id"":""ifrs-full_LongtermBorrowings"",""account_nm"":""차입금 및 사채"",""amount"":26488954924.0}]","[{""account_id"":""ifrs-full_CurrentLeaseLiabilities"",""account_nm"":""리스부채"",""amount"":9200442962.0},{""account_id"":""ifrs-full_NoncurrentLeaseLiabilities"",""account_nm"":""리스부채"",""amount"":11908913027.0}]","[{""account_id"":""ifrs-full_OtherCurrentFinancialLiabilities"",""account_nm"":""기타금융부채"",""amount"":0.0}]",[],,RAW_CASH_AND_DEBT_CAPTURED_POLICY_REQUIRED,,SOURCE_LIMITED_DA_NOT_VALIDATED,,SOURCE_ONLY_SCORE_NOT_GENERATED,NOT_DEFINED,2026-09-22T22:35:40+09:00
139130,iM금융지주,KOSPI,00878915,iM금융지주,2026-09-16-v8.11.7-five-financial-cis-interest-revenue-contract,2026-07-01-v6.0-score-policy,LIMITED_RAW_SOURCE,"3Y_ANNUAL_LIMITED,QUARTER_LIMITED",2026 반기보고서,CFS,2025,CFS,,,,583241000000.0,263433000000.0,534255000000.0,457486000000.0,201560000000.0,412181000000.0,LIMITED,LIMITED,2026,,,182738000000.0,198553005839.0,144782000000.0,159280087477.0,,-7.97,-9.1,,NOT_DEFINED_NO_CLASSIFICATION,2025,CFS,OK,,"[{""account_id"":""ifrs-full_BondsIssued"",""account_nm"":""사채"",""amount"":9824584000000.0}]",[],[],"[{""account_id"":""ifrs-full_AdjustmentsForDepreciationAndAmortisationExpense"",""account_nm"":""감가상각비 및 무형자산상각비"",""amount"":128229000000.0}]",,RAW_CASH_AND_DEBT_CAPTURED_POLICY_REQUIRED,,SOURCE_LIMITED_DA_NOT_VALIDATED,,SOURCE_ONLY_SCORE_NOT_GENERATED,NOT_DEFINED,2026-09-22T22:35:40+09:00
145990,삼양사,KOSPI,00896285,삼양사,2026-09-16-v8.11.7-five-financial-cis-interest-revenue-contract,2026-07-01-v6.0-score-policy,READY_RAW_SOURCE,,2026 반기보고서,CFS,2025,CFS,2562499706149.0,2671821461625.0,2651439171359.0,111724649074.0,133523122893.0,113199757649.0,-302363245003.0,136441364604.0,121996688282.0,READY,READY_Q2_SOURCE,2026,705531575519.0,673784138127.0,43080556716.0,38515463299.0,36713288842.0,34919759526.0,4.71,11.85,5.14,,NOT_DEFINED_NO_CLASSIFICATION,2025,CFS,OK,201951426803.0,"[{""account_id"":""-표준계정코드 미사용-"",""account_nm"":""단기차입금"",""amount"":166352174941.0},{""account_id"":""ifrs-full_NoncurrentPortionOfNoncurrentLoansReceived"",""account_nm"":""장기차입금"",""amount"":7510161175.0},{""account_id"":""ifrs-full_NoncurrentPortionOfNoncurrentNotesAndDebenturesIssued"",""account_nm"":""사채"",""amount"":459224331742.0}]",[],"[{""account_id"":""ifrs-full_OtherCurrentFinancialLiabilities"",""account_nm"":""기타유동금융부채"",""amount"":7506449305.0},{""account_id"":""ifrs-full_OtherNoncurrentFinancialLiabilities"",""account_nm"":""기타비유동금융부채"",""amount"":10835788798.0}]",[],,RAW_CASH_AND_DEBT_CAPTURED_POLICY_REQUIRED,,SOURCE_LIMITED_DA_NOT_VALIDATED,,SOURCE_ONLY_SCORE_NOT_GENERATED,NOT_DEFINED,2026-09-22T22:35:40+09:00
175330,JB금융지주,KOSPI,00980122,JB금융지주,2026-09-16-v8.11.7-five-financial-cis-interest-revenue-contract,2026-07-01-v6.0-score-policy,LIMITED_RAW_SOURCE,"3Y_ANNUAL_LIMITED,QUARTER_LIMITED",2026 반기보고서,CFS,2025,CFS,,,,952314000000.0,906079000000.0,799978000000.0,730040000000.0,692991000000.0,603924000000.0,LIMITED,LIMITED,2026,,,305602000000.0,266896000000.0,226452000000.0,213712000000.0,,14.5,5.96,,NOT_DEFINED_NO_CLASSIFICATION,2025,CFS,OK,,"[{""account_id"":""ifrs-full_BondsIssued"",""account_nm"":""사채"",""amount"":14183144000000.0}]",[],[],[],,RAW_CASH_AND_DEBT_CAPTURED_POLICY_REQUIRED,,SOURCE_LIMITED_DA_NOT_VALIDATED,,SOURCE_ONLY_SCORE_NOT_GENERATED,NOT_DEFINED,2026-09-22T22:35:40+09:00
180640,한진칼,KOSPI,00983040,한진칼,2026-09-16-v8.11.7-five-financial-cis-interest-revenue-contract,2026-07-01-v6.0-score-policy,READY_RAW_SOURCE,,2026 반기보고서,CFS,2025,CFS,298362106000.0,292157342000.0,275726818000.0,-7523512000.0,49192742000.0,42843084000.0,159181702000.0,512176366000.0,388329014000.0,READY,READY_Q2_SOURCE,2026,71461541000.0,70664384000.0,16776673000.0,9891118000.0,-85697615000.0,112722365000.0,1.13,69.61,-176.03,,NOT_DEFINED_NO_CLASSIFICATION,2025,CFS,OK,110930322000.0,"[{""account_id"":""ifrs-full_CurrentPortionOfLongtermBorrowings"",""account_nm"":""유동성장기부채"",""amount"":35000000000.0},{""account_id"":""ifrs-full_ShorttermBorrowings"",""account_nm"":""단기차입금"",""amount"":0.0},{""account_id"":""ifrs-full_BondsIssued"",""account_nm"":""사채"",""amount"":279127400000.0},{""account_id"":""ifrs-full_NoncurrentPortionOfNoncurrentLoansReceived"",""account_nm"":""장기차입금"",""amount"":70000000000.0}]","[{""account_id"":""ifrs-full_CurrentLeaseLiabilities"",""account_nm"":""유동성리스부채"",""amount"":1390443000.0},{""account_id"":""ifrs-full_NoncurrentLeaseLiabilities"",""account_nm"":""비유동리스부채"",""amount"":11681168000.0}]","[{""account_id"":""ifrs-full_OtherCurrentFinancialLiabilities"",""account_nm"":""기타유동금융부채"",""amount"":14225951000.0},{""account_id"":""ifrs-full_OtherNoncurrentFinancialLiabilities"",""account_nm"":""기타비유동금융부채"",""amount"":5323416000.0}]","[{""account_id"":""dart_AdjustmentsForDepreciationInvestmentProperty"",""account_nm"":""투자부동산감가상각비"",""amount"":6493683000.0},{""account_id"":""dart_AdjustmentsForDepreciationRightofuseAssets"",""account_nm"":""사용권자산감가상각비"",""amount"":1278282000.0},{""account_id"":""ifrs-full_AdjustmentsForAmortisationExpense"",""account_nm"":""무형자산상각비"",""amount"":1918379000.0},{""account_id"":""ifrs-full_AdjustmentsForDepreciationExpense"",""account_nm"":""유형자산감가상각비"",""amount"":11382604000.0}]",,RAW_CASH_AND_DEBT_CAPTURED_POLICY_REQUIRED,,SOURCE_LIMITED_DA_NOT_VALIDATED,,SOURCE_ONLY_SCORE_NOT_GENERATED,NOT_DEFINED,2026-09-22T22:35:40+09:00
181710,NHN,KOSPI,00983271,NHN,2026-09-16-v8.11.7-five-financial-cis-interest-revenue-contract,2026-07-01-v6.0-score-policy,READY_RAW_SOURCE,,2026 반기보고서,CFS,2025,CFS,2516233825224.0,2456107865377.0,2269614866943.0,132434145572.0,-32619646834.0,55598405513.0,51909280522.0,-192599078282.0,-23094179176.0,READY,READY_Q2_SOURCE,2026,757918045230.0,604887356986.0,57905020197.0,21921852320.0,29074839379.0,11233363653.0,25.3,164.14,158.83,,NOT_DEFINED_NO_CLASSIFICATION,2025,CFS,OK,1563677274768.0,"[{""account_id"":""ifrs-full_CurrentBorrowingsAndCurrentPortionOfNoncurrentBorrowings"",""account_nm"":""유동 차입금 및 비유동차입금(사채 포함)의 유동성 대체 부분"",""amount"":79952101025.0},{""account_id"":""ifrs-full_LongtermBorrowings"",""account_nm"":""비유동차입금(사채 포함)의 비유동성 부분"",""amount"":153350302604.0}]","[{""account_id"":""ifrs-full_CurrentLeaseLiabilities"",""account_nm"":""유동 리스부채"",""amount"":16969272202.0},{""account_id"":""ifrs-full_NoncurrentLeaseLiabilities"",""account_nm"":""비유동 리스부채"",""amount"":37749838179.0}]","[{""account_id"":""ifrs-full_OtherCurrentFinancialLiabilities"",""account_nm"":""기타유동금융부채"",""amount"":3747047524.0}]","[{""account_id"":""dart_AdjustmentsForDepreciationInvestmentProperty"",""account_nm"":""투자부동산감가상각비 조정"",""amount"":99436954.0},{""account_id"":""dart_AdjustmentsForDepreciationRightofuseAssets"",""account_nm"":""사용권자산감가상각비 조정"",""amount"":21915462743.0},{""account_id"":""ifrs-full_AdjustmentsForAmortisationExpense"",""account_nm"":""무형자산상각비에 대한 조정"",""amount"":17493684601.0},{""account_id"":""ifrs-full_AdjustmentsForDepreciationExpense"",""account_nm"":""감가상각비에 대한 조정"",""amount"":63905042964.0}]",,RAW_CASH_AND_DEBT_CAPTURED_POLICY_REQUIRED,,SOURCE_LIMITED_DA_NOT_VALIDATED,,SOURCE_ONLY_SCORE_NOT_GENERATED,NOT_DEFINED,2026-09-22T22:35:40+09:00
185750,종근당,KOSPI,00992871,종근당,2026-09-16-v8.11.7-five-financial-cis-interest-revenue-contract,2026-07-01-v6.0-score-policy,READY_RAW_SOURCE,,2026 반기보고서,CFS,2025,CFS,1692403987134.0,1586430795630.0,1669404438769.0,80567677778.0,99461546115.0,246599279042.0,77826740534.0,111441725001.0,213602186975.0,READY,READY_Q2_SOURCE,2026,478465317186.0,434849104888.0,18611682319.0,23642938344.0,20423787604.0,19426002326.0,10.03,-21.28,5.14,,NOT_DEFINED_NO_CLASSIFICATION,2025,CFS,OK,216235970816.0,"[{""account_id"":""ifrs-full_CurrentBorrowingsAndCurrentPortionOfNoncurrentBorrowings"",""account_nm"":""단기차입금"",""amount"":162832228224.0},{""account_id"":""ifrs-full_LongtermBorrowings"",""account_nm"":""차입금"",""amount"":195195519309.0}]","[{""account_id"":""ifrs-full_CurrentLeaseLiabilities"",""account_nm"":""리스부채"",""amount"":3033446741.0},{""account_id"":""ifrs-full_NoncurrentLeaseLiabilities"",""account_nm"":""리스부채"",""amount"":6696500126.0}]",[],[],,RAW_CASH_AND_DEBT_CAPTURED_POLICY_REQUIRED,,SOURCE_LIMITED_DA_NOT_VALIDATED,,SOURCE_ONLY_SCORE_NOT_GENERATED,NOT_DEFINED,2026-09-22T22:35:40+09:00
192650,드림텍,KOSPI,00415646,드림텍,2026-09-16-v8.11.7-five-financial-cis-interest-revenue-contract,2026-07-01-v6.0-score-policy,READY_RAW_SOURCE,,2026 반기보고서,CFS,2025,CFS,1230621374284.0,1172680840825.0,1030380773539.0,31373220604.0,23554274189.0,34045564038.0,13246702211.0,12740382307.0,26953357544.0,READY,READY_Q2_SOURCE,2026,257336437897.0,291394805606.0,104648418.0,8824592378.0,-4986530516.0,-2386595448.0,-11.69,-98.81,-108.94,,NOT_DEFINED_NO_CLASSIFICATION,2025,CFS,OK,162084041731.0,"[{""account_id"":""dart_CurrentPortionOfBonds"",""account_nm"":""유동성사채"",""amount"":26943961289.0},{""account_id"":""-표준계정코드 미사용-"",""account_nm"":""단기차입금"",""amount"":151973900000.0},{""account_id"":""ifrs-full_NoncurrentPortionOfNoncurrentLoansReceived"",""account_nm"":""장기차입금"",""amount"":27249501373.0}]",[],"[{""account_id"":""ifrs-full_OtherCurrentFinancialLiabilities"",""account_nm"":""기타유동금융부채"",""amount"":23354797512.0},{""account_id"":""ifrs-full_OtherNoncurrentFinancialLiabilities"",""account_nm"":""기타비유동금융부채"",""amount"":9941037215.0}]",[],,RAW_CASH_AND_DEBT_CAPTURED_POLICY_REQUIRED,,SOURCE_LIMITED_DA_NOT_VALIDATED,,SOURCE_ONLY_SCORE_NOT_GENERATED,NOT_DEFINED,2026-09-22T22:35:40+09:00
195870,해성디에스,KOSPI,01032413,해성디에스,2026-09-16-v8.11.7-five-financial-cis-interest-revenue-contract,2026-07-01-v6.0-score-policy,READY_RAW_SOURCE,,2026 반기보고서,CFS,2025,CFS,653396882375.0,602993604010.0,672245278175.0,46491092436.0,56869813937.0,102511938741.0,23820804171.0,58697149418.0,84426426250.0,READY,READY_Q2_SOURCE,2026,211085611184.0,157382615237.0,24866714290.0,8228054891.0,19079524105.0,-438248139.0,34.12,202.22,4453.59,,NOT_DEFINED_NO_CLASSIFICATION,2025,CFS,OK,108305296825.0,[],[],"[{""account_id"":""ifrs-full_OtherCurrentFinancialLiabilities"",""account_nm"":""유동차입금"",""amount"":93292813955.0},{""account_id"":""ifrs-full_OtherNoncurrentFinancialLiabilities"",""account_nm"":""비유동차입금"",""amount"":128807020213.0}]",[],,RAW_CASH_AND_DEBT_CAPTURED_POLICY_REQUIRED,,SOURCE_LIMITED_DA_NOT_VALIDATED,,SOURCE_ONLY_SCORE_NOT_GENERATED,NOT_DEFINED,2026-09-22T22:35:40+09:00
204320,HL만도,KOSPI,01042775,HL만도,2026-09-16-v8.11.7-five-financial-cis-interest-revenue-contract,2026-07-01-v6.0-score-policy,READY_RAW_SOURCE,,2026 반기보고서,CFS,2025,CFS,9454812581023.0,8848181871751.0,8393086800929.0,357120974882.0,358760766831.0,279276996280.0,122802266761.0,158249191839.0,154600073679.0,READY,READY_Q2_SOURCE,2026,2495284875900.0,2400873734426.0,107018119504.0,104101108144.0,58782922202.0,9898018247.0,3.93,2.8,493.89,,NOT_DEFINED_NO_CLASSIFICATION,2025,CFS,OK,799652317531.0,"[{""account_id"":""ifrs-full_NoncurrentPortionOfNoncurrentBondsIssued"",""account_nm"":""사채"",""amount"":598514168796.0},{""account_id"":""ifrs-full_NoncurrentPortionOfNoncurrentLoansReceived"",""account_nm"":""장기차입금"",""amount"":367378376725.0}]","[{""account_id"":""ifrs-full_CurrentLeaseLiabilities"",""account_nm"":""유동성리스부채"",""amount"":29478140953.0},{""account_id"":""ifrs-full_NoncurrentLeaseLiabilities"",""account_nm"":""리스부채"",""amount"":82858990103.0}]",[],[],,RAW_CASH_AND_DEBT_CAPTURED_POLICY_REQUIRED,,SOURCE_LIMITED_DA_NOT_VALIDATED,,SOURCE_ONLY_SCORE_NOT_GENERATED,NOT_DEFINED,2026-09-22T22:35:40+09:00
214320,이노션,KOSPI,00565154,이노션,2026-09-16-v8.11.7-five-financial-cis-interest-revenue-contract,2026-07-01-v6.0-score-policy,READY_RAW_SOURCE,,2026 반기보고서,CFS,2025,CFS,2146040997442.0,2120578469848.0,2092893299026.0,162799995269.0,155663117200.0,150018225572.0,108971717082.0,116121811100.0,116716827655.0,READY,READY_Q2_SOURCE,2026,499051454739.0,519043151754.0,44586457502.0,36415108527.0,36476935433.0,23823935469.0,-3.85,22.44,53.11,,NOT_DEFINED_NO_CLASSIFICATION,2025,CFS,OK,679474268140.0,"[{""account_id"":""ifrs-full_CurrentBorrowingsAndCurrentPortionOfNoncurrentBorrowings"",""account_nm"":""단기차입금"",""amount"":103388270000.0},{""account_id"":""ifrs-full_LongtermBorrowings"",""account_nm"":""장기차입금"",""amount"":34700000.0}]",[],"[{""account_id"":""ifrs-full_OtherCurrentFinancialLiabilities"",""account_nm"":""기타금융부채"",""amount"":36500729246.0},{""account_id"":""ifrs-full_OtherNoncurrentFinancialLiabilities"",""account_nm"":""기타금융부채"",""amount"":148322523827.0}]",[],,RAW_CASH_AND_DEBT_CAPTURED_POLICY_REQUIRED,,SOURCE_LIMITED_DA_NOT_VALIDATED,,SOURCE_ONLY_SCORE_NOT_GENERATED,NOT_DEFINED,2026-09-22T22:35:40+09:00
214420,토니모리,KOSPI,00816544,토니모리,2026-09-16-v8.11.7-five-financial-cis-interest-revenue-contract,2026-07-01-v6.0-score-policy,READY_RAW_SOURCE,,2026 반기보고서,CFS,2025,CFS,220273588910.0,176995852869.0,151091527920.0,14364820223.0,12102080331.0,9616935808.0,11404870523.0,16588488900.0,2987856716.0,READY,READY_Q2_SOURCE,2026,53962074931.0,62484448773.0,2260503896.0,5580897883.0,1930571104.0,2632419392.0,-13.64,-59.5,-26.66,,NOT_DEFINED_NO_CLASSIFICATION,2025,CFS,OK,8891338691.0,"[{""account_id"":""ifrs-full_CurrentPortionOfLongtermBorrowings"",""account_nm"":""유동성장기차입금"",""amount"":15740000000.0},{""account_id"":""ifrs-full_ShorttermBorrowings"",""account_nm"":""단기차입금"",""amount"":36354038156.0},{""account_id"":""dart_LongTermBorrowingsGross"",""account_nm"":""장기차입금"",""amount"":4000000000.0}]",[],"[{""account_id"":""ifrs-full_OtherCurrentFinancialLiabilities"",""account_nm"":""기타유동금융부채"",""amount"":4249848967.0},{""account_id"":""ifrs-full_OtherNoncurrentFinancialLiabilities"",""account_nm"":""기타비유동금융부채"",""amount"":5574463078.0}]",[],,RAW_CASH_AND_DEBT_CAPTURED_POLICY_REQUIRED,,SOURCE_LIMITED_DA_NOT_VALIDATED,,SOURCE_ONLY_SCORE_NOT_GENERATED,NOT_DEFINED,2026-09-22T22:35:40+09:00
217590,티엠씨,KOSPI,00949161,티엠씨,2026-09-16-v8.11.7-five-financial-cis-interest-revenue-contract,2026-07-01-v6.0-score-policy,LIMITED_RAW_SOURCE,QUARTER_LIMITED,2026 반기보고서,CFS,2025,CFS,340884970260.0,362513662525.0,372255408197.0,6428935433.0,14272984866.0,11985333975.0,-585324958.0,9220252017.0,6767388163.0,READY,LIMITED,2026,,,,,,,,,,,NOT_DEFINED_NO_CLASSIFICATION,2025,CFS,OK,10547785625.0,"[{""account_id"":""dart_CurrentPortionOfBonds"",""account_nm"":""유동성사채"",""amount"":0.0},{""account_id"":""ifrs-full_NoncurrentPortionOfNoncurrentBondsIssued"",""account_nm"":""비유동 사채"",""amount"":0.0},{""account_id"":""ifrs-full_NoncurrentPortionOfOtherNoncurrentBorrowings"",""account_nm"":""장기차입금"",""amount"":11869565232.0}]","[{""account_id"":""ifrs-full_CurrentLeaseLiabilities"",""account_nm"":""유동성리스부채"",""amount"":1204009370.0},{""account_id"":""ifrs-full_NoncurrentLeaseLiabilities"",""account_nm"":""비유동 리스부채"",""amount"":2211705745.0}]","[{""account_id"":""ifrs-full_OtherCurrentFinancialLiabilities"",""account_nm"":""기타유동금융부채"",""amount"":257759653.0},{""account_id"":""ifrs-full_OtherNoncurrentFinancialLiabilities"",""account_nm"":""기타금융부채"",""amount"":7578390.0}]",[],,RAW_CASH_AND_DEBT_CAPTURED_POLICY_REQUIRED,,SOURCE_LIMITED_DA_NOT_VALIDATED,,SOURCE_ONLY_SCORE_NOT_GENERATED,NOT_DEFINED,2026-09-22T22:35:40+09:00
227840,현대코퍼레이션홀딩스,KOSPI,01108099,현대코퍼레이션홀딩스,2026-09-16-v8.11.7-five-financial-cis-interest-revenue-contract,2026-07-01-v6.0-score-policy,READY_RAW_SOURCE,,2026 반기보고서,CFS,2025,CFS,250225826000.0,215603854000.0,188346227000.0,21370156000.0,19505313000.0,18730704000.0,36164330000.0,42303206000.0,28821673000.0,READY,READY_Q2_SOURCE,2026,74648397000.0,61183824223.0,7533624000.0,5430249637.0,24322805000.0,7245554913.0,22.01,38.73,235.69,,NOT_DEFINED_NO_CLASSIFICATION,2025,CFS,OK,63455053000.0,"[{""account_id"":""ifrs-full_OtherCurrentBorrowingsAndCurrentPortionOfOtherNoncurrentBorrowings"",""account_nm"":""단기차입금"",""amount"":1464614000.0},{""account_id"":""ifrs-full_NoncurrentPortionOfNoncurrentBondsIssued"",""account_nm"":""비유동 사채의 비유동성 부분"",""amount"":26929859000.0},{""account_id"":""ifrs-full_NoncurrentPortionOfNoncurrentLoansReceived"",""account_nm"":""비유동 금융기관 차입금(사채 제외)의 비유동성 대체 부분"",""amount"":null}]","[{""account_id"":""ifrs-full_CurrentLeaseLiabilities"",""account_nm"":""유동 리스부채"",""amount"":739439000.0},{""account_id"":""ifrs-full_NoncurrentLeaseLiabilities"",""account_nm"":""비유동 리스부채"",""amount"":1394437000.0}]",[],[],,RAW_CASH_AND_DEBT_CAPTURED_POLICY_REQUIRED,,SOURCE_LIMITED_DA_NOT_VALIDATED,,SOURCE_ONLY_SCORE_NOT_GENERATED,NOT_DEFINED,2026-09-22T22:35:40+09:00
241590,화승엔터프라이즈,KOSPI,01128613,화승엔터프라이즈,2026-09-16-v8.11.7-five-financial-cis-interest-revenue-contract,2026-07-01-v6.0-score-policy,READY_RAW_SOURCE,,2026 반기보고서,CFS,2025,CFS,1564379181881.0,1609616611391.0,1213831937248.0,35691758682.0,82566443170.0,12961781973.0,-27121361108.0,34359170263.0,-25283145952.0,READY,READY_Q2_SOURCE,2026,397514062003.0,386980778665.0,7290491769.0,9313066681.0,-1579103870.0,-10180604783.0,2.72,-21.72,84.49,,NOT_DEFINED_NO_CLASSIFICATION,2025,CFS,OK,113513509219.0,"[{""account_id"":""ifrs-full_NoncurrentPortionOfNoncurrentLoansReceived"",""account_nm"":""장기차입금"",""amount"":15348464207.0}]","[{""account_id"":""ifrs-full_CurrentLeaseLiabilities"",""account_nm"":""리스부채(유동)"",""amount"":3754259169.0},{""account_id"":""ifrs-full_NoncurrentLeaseLiabilities"",""account_nm"":""리스부채(비유동)"",""amount"":22970007157.0}]",[],[],,RAW_CASH_AND_DEBT_CAPTURED_POLICY_REQUIRED,,SOURCE_LIMITED_DA_NOT_VALIDATED,,SOURCE_ONLY_SCORE_NOT_GENERATED,NOT_DEFINED,2026-09-22T22:35:40+09:00
244920,에이플러스에셋,KOSPI,00684802,에이플러스에셋,2026-09-16-v8.11.7-five-financial-cis-interest-revenue-contract,2026-07-01-v6.0-score-policy,READY_RAW_SOURCE,,2026 반기보고서,CFS,2025,CFS,682466555853.0,515785555014.0,350872988034.0,29314448307.0,31550650101.0,12552872193.0,24681001455.0,10111438833.0,11677348868.0,READY,READY_Q2_SOURCE,2026,198958559145.0,167423665795.0,10117889624.0,8938964809.0,9059878903.0,5654955203.0,18.84,13.19,60.21,,NOT_DEFINED_NO_CLASSIFICATION,2025,CFS,OK,18069199267.0,"[{""account_id"":""ifrs-full_CurrentPortionOfLongtermBorrowings"",""account_nm"":""유동성장기차입금"",""amount"":3999960000.0},{""account_id"":""ifrs-full_ShorttermBorrowings"",""account_nm"":""단기차입금"",""amount"":22650000000.0},{""account_id"":""ifrs-full_LongtermBorrowings"",""account_nm"":""장기차입금"",""amount"":1666650000.0}]",[],"[{""account_id"":""ifrs-full_OtherCurrentFinancialLiabilities"",""account_nm"":""기타유동금융부채"",""amount"":72862291289.0},{""account_id"":""ifrs-full_OtherNoncurrentFinancialLiabilities"",""account_nm"":""기타비유동금융부채"",""amount"":24147792401.0}]",[],,RAW_CASH_AND_DEBT_CAPTURED_POLICY_REQUIRED,,SOURCE_LIMITED_DA_NOT_VALIDATED,,SOURCE_ONLY_SCORE_NOT_GENERATED,NOT_DEFINED,2026-09-22T22:35:40+09:00
267250,HD현대,KOSPI,01205709,HD현대,2026-09-16-v8.11.7-five-financial-cis-interest-revenue-contract,2026-07-01-v6.0-score-policy,READY_RAW_SOURCE,,2026 반기보고서,CFS,2025,CFS,71259438270000.0,67765626088000.0,61331302785000.0,6099636253000.0,2983162778000.0,2031563587000.0,3675482625000.0,1930179481000.0,785832206000.0,READY,READY_Q2_SOURCE,2026,22409332760000.0,17211008448000.0,4124621020000.0,1138886949000.0,3173128471000.0,487975447000.0,30.2,262.16,550.26,,NOT_DEFINED_NO_CLASSIFICATION,2025,CFS,OK,6367475266000.0,[],"[{""account_id"":""ifrs-full_CurrentLeaseLiabilities"",""account_nm"":""유동 리스부채"",""amount"":467656375000.0},{""account_id"":""ifrs-full_NoncurrentLeaseLiabilities"",""account_nm"":""비유동 리스부채"",""amount"":1596736136000.0}]","[{""account_id"":""ifrs-full_OtherCurrentFinancialLiabilities"",""account_nm"":""단기금융부채"",""amount"":4591856598000.0},{""account_id"":""ifrs-full_OtherNoncurrentFinancialLiabilities"",""account_nm"":""장기금융부채"",""amount"":10175758356000.0}]",[],,RAW_CASH_AND_DEBT_CAPTURED_POLICY_REQUIRED,,SOURCE_LIMITED_DA_NOT_VALIDATED,,SOURCE_ONLY_SCORE_NOT_GENERATED,NOT_DEFINED,2026-09-22T22:35:40+09:00
267260,HD현대일렉트릭,KOSPI,01205851,HD현대일렉트릭,2026-09-16-v8.11.7-five-financial-cis-interest-revenue-contract,2026-07-01-v6.0-score-policy,READY_RAW_SOURCE,,2026 반기보고서,CFS,2025,CFS,4079497658529.0,3322349007529.0,2702799337370.0,995313437790.0,668970713547.0,315218290721.0,731816191305.0,498409535389.0,259455508262.0,READY,READY_Q2_SOURCE,2026,1141812823338.0,906219054679.0,287034500364.0,209142369028.0,206139097292.0,141909212363.0,26.0,37.24,45.26,,NOT_DEFINED_NO_CLASSIFICATION,2025,CFS,OK,950781542257.0,[],"[{""account_id"":""ifrs-full_CurrentLeaseLiabilities"",""account_nm"":""유동리스부채"",""amount"":17159208759.0},{""account_id"":""ifrs-full_NoncurrentLeaseLiabilities"",""account_nm"":""비유동리스부채"",""amount"":55346966947.0}]","[{""account_id"":""ifrs-full_OtherCurrentFinancialLiabilities"",""account_nm"":""단기금융부채"",""amount"":139200492371.0},{""account_id"":""ifrs-full_OtherNoncurrentFinancialLiabilities"",""account_nm"":""장기금융부채"",""amount"":46859273047.0}]",[],,RAW_CASH_AND_DEBT_CAPTURED_POLICY_REQUIRED,,SOURCE_LIMITED_DA_NOT_VALIDATED,,SOURCE_ONLY_SCORE_NOT_GENERATED,NOT_DEFINED,2026-09-22T22:35:40+09:00
267270,HD건설기계,KOSPI,01205842,HD건설기계,2026-09-16-v8.11.7-five-financial-cis-interest-revenue-contract,2026-07-01-v6.0-score-policy,READY_RAW_SOURCE,,2026 반기보고서,CFS,2025,CFS,3776524012000.0,3438062302000.0,3824966876000.0,170883006000.0,190421614000.0,257228437000.0,87034895000.0,85966730000.0,127451683000.0,READY,READY_Q2_SOURCE,2026,2434171286000.0,967707502000.0,248883827000.0,40043556000.0,180694611000.0,620645000.0,151.54,521.53,29014.0,,NOT_DEFINED_NO_CLASSIFICATION,2025,CFS,OK,337873166000.0,[],"[{""account_id"":""ifrs-full_CurrentLeaseLiabilities"",""account_nm"":""유동 리스부채"",""amount"":9789942000.0},{""account_id"":""ifrs-full_NoncurrentLeaseLiabilities"",""account_nm"":""비유동 리스부채"",""amount"":22609942000.0}]","[{""account_id"":""ifrs-full_OtherCurrentFinancialLiabilities"",""account_nm"":""기타유동금융부채"",""amount"":371487431000.0},{""account_id"":""ifrs-full_OtherNoncurrentFinancialLiabilities"",""account_nm"":""기타비유동금융부채"",""amount"":367956126000.0}]",[],,RAW_CASH_AND_DEBT_CAPTURED_POLICY_REQUIRED,,SOURCE_LIMITED_DA_NOT_VALIDATED,,SOURCE_ONLY_SCORE_NOT_GENERATED,NOT_DEFINED,2026-09-22T22:35:40+09:00
268280,미원에스씨,KOSPI,01234297,미원에스씨,2026-09-16-v8.11.7-five-financial-cis-interest-revenue-contract,2026-07-01-v6.0-score-policy,READY_RAW_SOURCE,,2026 반기보고서,CFS,2025,CFS,532122514140.0,509267220489.0,437672918321.0,65482438995.0,58767118333.0,22527162446.0,61302751052.0,54566854188.0,18604640644.0,READY,READY_Q2_SOURCE,2026,162829067103.0,134805610423.0,37109592759.0,19206157974.0,32974900494.0,11900731986.0,20.79,93.22,177.08,,NOT_DEFINED_NO_CLASSIFICATION,2025,CFS,OK,58959811112.0,"[{""account_id"":""ifrs-full_ShorttermBorrowings"",""account_nm"":""단기차입금"",""amount"":34836825379.0}]","[{""account_id"":""dart_CurentPortionOfFinanceLeaseLiabilities"",""account_nm"":""유동성리스부채"",""amount"":704964869.0},{""account_id"":""ifrs-full_NoncurrentLeaseLiabilities"",""account_nm"":""리스부채"",""amount"":0.0}]",[],"[{""account_id"":""dart_AmortisationExpenseSellingGeneralAdministrativeExpenses"",""account_nm"":""무형자산상각비"",""amount"":968619.0},{""account_id"":""dart_DepreciationExpenseSellingGeneralAdministrativeExpenses"",""account_nm"":""감가상각비"",""amount"":1106859938.0},{""account_id"":""ifrs-full_AdjustmentsForAmortisationExpense"",""account_nm"":""무형자산상각비"",""amount"":968619.0},{""account_id"":""ifrs-full_AdjustmentsForDepreciationExpense"",""account_nm"":""감가상각비"",""amount"":25911907495.0}]",,RAW_CASH_AND_DEBT_CAPTURED_POLICY_REQUIRED,,SOURCE_LIMITED_DA_NOT_VALIDATED,,SOURCE_ONLY_SCORE_NOT_GENERATED,NOT_DEFINED,2026-09-22T22:35:40+09:00
272210,한화시스템,KOSPI,00339391,한화시스템,2026-09-16-v8.11.7-five-financial-cis-interest-revenue-contract,2026-07-01-v6.0-score-policy,READY_RAW_SOURCE,,2026 반기보고서,CFS,2025,CFS,3664150568020.0,2803686058274.0,2452494865652.0,119898725355.0,219345297682.0,122575141004.0,209145275418.0,445378843124.0,343083288939.0,READY,READY_Q2_SOURCE,2026,1117551657968.0,768190548880.0,103651886040.0,33451471776.0,52742887355.0,47009425828.0,45.48,209.86,12.2,,NOT_DEFINED_NO_CLASSIFICATION,2025,CFS,OK,325483658125.0,"[{""account_id"":""ifrs-full_CurrentBorrowingsAndCurrentPortionOfNoncurrentBorrowings"",""account_nm"":""유동 차입금 및 사채"",""amount"":401210396207.0},{""account_id"":""ifrs-full_LongtermBorrowings"",""account_nm"":""비유동 차입금 및 사채"",""amount"":1073225846983.0}]",[],"[{""account_id"":""ifrs-full_OtherCurrentFinancialLiabilities"",""account_nm"":""기타유동금융부채"",""amount"":247603195191.0},{""account_id"":""ifrs-full_OtherNoncurrentFinancialLiabilities"",""account_nm"":""기타비유동금융부채"",""amount"":140849539264.0}]",[],,RAW_CASH_AND_DEBT_CAPTURED_POLICY_REQUIRED,,SOURCE_LIMITED_DA_NOT_VALIDATED,,SOURCE_ONLY_SCORE_NOT_GENERATED,NOT_DEFINED,2026-09-22T22:35:40+09:00
272550,삼양패키징,KOSPI,01060814,삼양패키징,2026-09-16-v8.11.7-five-financial-cis-interest-revenue-contract,2026-07-01-v6.0-score-policy,READY_RAW_SOURCE,,2026 반기보고서,CFS,2025,CFS,420217993585.0,448111536488.0,421668811107.0,24646788762.0,33757315714.0,32467578424.0,17657382516.0,20440262011.0,25435266117.0,READY,READY_Q2_SOURCE,2026,131481150709.0,120109842856.0,17046516244.0,13976450991.0,13565674690.0,13121384059.0,9.47,21.97,3.39,,NOT_DEFINED_NO_CLASSIFICATION,2025,CFS,OK,27545486368.0,"[{""account_id"":""ifrs-full_ShorttermBorrowings"",""account_nm"":""단기차입금"",""amount"":20420801918.0},{""account_id"":""ifrs-full_NoncurrentPortionOfNoncurrentBondsIssued"",""account_nm"":""사채"",""amount"":59901713345.0},{""account_id"":""ifrs-full_NoncurrentPortionOfNoncurrentLoansReceived"",""account_nm"":""장기차입금"",""amount"":6250000000.0}]",[],"[{""account_id"":""ifrs-full_OtherCurrentFinancialLiabilities"",""account_nm"":""기타유동금융부채"",""amount"":1009253466.0},{""account_id"":""ifrs-full_OtherNoncurrentFinancialLiabilities"",""account_nm"":""기타비유동금융부채"",""amount"":150884711.0}]",[],,RAW_CASH_AND_DEBT_CAPTURED_POLICY_REQUIRED,,SOURCE_LIMITED_DA_NOT_VALIDATED,,SOURCE_ONLY_SCORE_NOT_GENERATED,NOT_DEFINED,2026-09-22T22:35:40+09:00
278470,에이피알,KOSPI,01190568,에이피알,2026-09-16-v8.11.7-five-financial-cis-interest-revenue-contract,2026-07-01-v6.0-score-policy,READY_RAW_SOURCE,,2026 반기보고서,CFS,2025,CFS,1527344973381.0,722753862301.0,523809364559.0,365520628934.0,122705544449.0,104193724865.0,289654813287.0,107590435967.0,81546050952.0,READY,READY_Q2_SOURCE,2026,767533293305.0,327734894608.0,190553013038.0,84552442450.0,141529504826.0,66309082291.0,134.19,125.37,113.44,,NOT_DEFINED_NO_CLASSIFICATION,2025,CFS,OK,154350192148.0,"[{""account_id"":""ifrs-full_CurrentLoansReceivedAndCurrentPortionOfNoncurrentLoansReceived"",""account_nm"":""단기차입금"",""amount"":0.0}]","[{""account_id"":""ifrs-full_CurrentLeaseLiabilities"",""account_nm"":""유동리스부채"",""amount"":22492488636.0},{""account_id"":""ifrs-full_NoncurrentLeaseLiabilities"",""account_nm"":""비유동리스부채"",""amount"":78219359846.0}]","[{""account_id"":""ifrs-full_OtherCurrentFinancialLiabilities"",""account_nm"":""기타유동금융부채"",""amount"":2355225636.0}]","[{""account_id"":""dart_AdjustmentsForDepreciationRightofuseAssets"",""account_nm"":""사용권자산상각비"",""amount"":21554738702.0},{""account_id"":""ifrs-full_AdjustmentsForAmortisationExpense"",""account_nm"":""무형자산상각비"",""amount"":1152489949.0},{""account_id"":""ifrs-full_AdjustmentsForDepreciationExpense"",""account_nm"":""유형자산감가상각비"",""amount"":7570992353.0}]",,RAW_CASH_AND_DEBT_CAPTURED_POLICY_REQUIRED,,SOURCE_LIMITED_DA_NOT_VALIDATED,,SOURCE_ONLY_SCORE_NOT_GENERATED,NOT_DEFINED,2026-09-22T22:35:40+09:00
279570,케이뱅크,KOSPI,01203312,케이뱅크,2026-09-16-v8.11.7-five-financial-cis-interest-revenue-contract,2026-07-01-v6.0-score-policy,LIMITED_RAW_SOURCE,"3Y_ANNUAL_LIMITED,QUARTER_LIMITED",2026 반기보고서,OFS,2025,OFS,,,,117085000000.0,132967000000.0,16464000000.0,112609000000.0,128053000000.0,12812000000.0,LIMITED,LIMITED,2026,,,26969000000.0,69800000000.0,26869000000.0,68190000000.0,,-61.36,-60.6,,NOT_DEFINED_NO_CLASSIFICATION,2025,OFS,OK,1413504000000.0,[],[],"[{""account_id"":""ifrs-full_OtherFinancialLiabilities"",""account_nm"":""기타금융부채"",""amount"":635356000000.0}]",[],,RAW_CASH_AND_DEBT_CAPTURED_POLICY_REQUIRED,,SOURCE_LIMITED_DA_NOT_VALIDATED,,SOURCE_ONLY_SCORE_NOT_GENERATED,NOT_DEFINED,2026-09-22T22:35:40+09:00
280360,롯데웰푸드,KOSPI,01258507,롯데웰푸드,2026-09-16-v8.11.7-five-financial-cis-interest-revenue-contract,2026-07-01-v6.0-score-policy,READY_RAW_SOURCE,,2026 반기보고서,CFS,2025,CFS,4215952626184.0,4044252365474.0,4066391863111.0,109519157887.0,157101345659.0,177018020646.0,71390131647.0,81980260404.0,67771271606.0,READY,READY_Q2_SOURCE,2026,1155747701063.0,1064280630826.0,64708988697.0,34333734683.0,36082295694.0,15678280816.0,8.59,88.47,130.14,,NOT_DEFINED_NO_CLASSIFICATION,2025,CFS,OK,465769787384.0,"[{""account_id"":""dart_CurrentPortionOfBonds"",""account_nm"":""사채"",""amount"":393403909361.0},{""account_id"":""ifrs-full_CurrentLoansReceivedAndCurrentPortionOfNoncurrentLoansReceived"",""account_nm"":""차입금"",""amount"":59881108302.0},{""account_id"":""ifrs-full_NoncurrentPortionOfNoncurrentBondsIssued"",""account_nm"":""사채"",""amount"":718978882385.0},{""account_id"":""ifrs-full_NoncurrentPortionOfNoncurrentLoansReceived"",""account_nm"":""차입금"",""amount"":294703999974.0}]","[{""account_id"":""ifrs-full_CurrentLeaseLiabilities"",""account_nm"":""리스부채"",""amount"":21264490358.0},{""account_id"":""ifrs-full_NoncurrentLeaseLiabilities"",""account_nm"":""리스부채"",""amount"":39476400479.0}]","[{""account_id"":""ifrs-full_OtherCurrentFinancialLiabilities"",""account_nm"":""기타유동금융부채"",""amount"":148365442471.0},{""account_id"":""ifrs-full_OtherNoncurrentFinancialLiabilities"",""account_nm"":""기타비유동금융부채"",""amount"":2342172228.0}]",[],,RAW_CASH_AND_DEBT_CAPTURED_POLICY_REQUIRED,,SOURCE_LIMITED_DA_NOT_VALIDATED,,SOURCE_ONLY_SCORE_NOT_GENERATED,NOT_DEFINED,2026-09-22T22:35:40+09:00
285130,SK케미칼,KOSPI,01267170,SK케미칼,2026-09-16-v8.11.7-five-financial-cis-interest-revenue-contract,2026-07-01-v6.0-score-policy,READY_RAW_SOURCE,,2026 반기보고서,CFS,2025,CFS,2365164441719.0,1736778902011.0,1748777740387.0,-207363696.0,-45175568334.0,83302487079.0,27297323639.0,-4364733944.0,47837893778.0,READY,READY_Q2_SOURCE,2026,745120400305.0,596865084017.0,32349394489.0,-962758092.0,6806283632.0,8189317303.0,24.84,3460.08,-16.89,,NOT_DEFINED_NO_CLASSIFICATION,2025,CFS,OK,567555999965.0,"[{""account_id"":""ifrs-full_CurrentPortionOfLongtermBorrowings"",""account_nm"":""비유동차입금(사채 포함)의 유동성 대체 부분"",""amount"":151421667262.0},{""account_id"":""ifrs-full_ShorttermBorrowings"",""account_nm"":""유동 차입금(사채 포함)"",""amount"":326461546547.0},{""account_id"":""ifrs-full_NoncurrentPortionOfNoncurrentBondsIssued"",""account_nm"":""비유동 사채의 비유동성 부분"",""amount"":466146317748.0},{""account_id"":""ifrs-full_NoncurrentPortionOfNoncurrentLoansReceived"",""account_nm"":""비유동 금융기관 차입금(사채 제외)의 비유동성 대체 부분"",""amount"":1195636616781.0}]","[{""account_id"":""ifrs-full_CurrentLeaseLiabilities"",""account_nm"":""유동 리스부채"",""amount"":7262293467.0},{""account_id"":""ifrs-full_NoncurrentLeaseLiabilities"",""account_nm"":""비유동 리스부채"",""amount"":15516798870.0}]",[],[],,RAW_CASH_AND_DEBT_CAPTURED_POLICY_REQUIRED,,SOURCE_LIMITED_DA_NOT_VALIDATED,,SOURCE_ONLY_SCORE_NOT_GENERATED,NOT_DEFINED,2026-09-22T22:35:40+09:00
298000,효성화학,KOSPI,01316236,효성화학,2026-09-16-v8.11.7-five-financial-cis-interest-revenue-contract,2026-07-01-v6.0-score-policy,READY_RAW_SOURCE,,2026 반기보고서,CFS,2025,CFS,2340718244068.0,2452219662527.0,2193606369567.0,-160500285509.0,-174809792890.0,-217797153436.0,326028405105.0,-325724192131.0,-346912679351.0,READY,READY_Q2_SOURCE,2026,871289334302.0,574880144531.0,170770733913.0,-1414509547.0,155951871659.0,102361554001.0,51.56,12172.79,52.35,,NOT_DEFINED_NO_CLASSIFICATION,2025,CFS,OK,55114184107.0,"[{""account_id"":""ifrs-full_ShorttermBorrowings"",""account_nm"":""차입금"",""amount"":1234848700390.0},{""account_id"":""ifrs-full_LongtermBorrowings"",""account_nm"":""장기차입금"",""amount"":343597546570.0}]",[],"[{""account_id"":""ifrs-full_OtherCurrentFinancialLiabilities"",""account_nm"":""기타금융부채"",""amount"":12533724608.0},{""account_id"":""ifrs-full_OtherNoncurrentFinancialLiabilities"",""account_nm"":""기타비유동금융부채"",""amount"":16745501182.0}]",[],,RAW_CASH_AND_DEBT_CAPTURED_POLICY_REQUIRED,,SOURCE_LIMITED_DA_NOT_VALIDATED,,SOURCE_ONLY_SCORE_NOT_GENERATED,NOT_DEFINED,2026-09-22T22:35:40+09:00
298040,효성중공업,KOSPI,01316245,효성중공업,2026-09-16-v8.11.7-five-financial-cis-interest-revenue-contract,2026-07-01-v6.0-score-policy,READY_RAW_SOURCE,,2026 반기보고서,CFS,2025,CFS,5968511616609.0,4894979612220.0,4300571503251.0,746968417289.0,362479487133.0,257836947601.0,502837667965.0,222929444192.0,131922316419.0,READY,READY_Q2_SOURCE,2026,1686977905843.0,1525284991620.0,264286393605.0,164261404691.0,171740916332.0,87348730741.0,10.6,60.89,96.62,,NOT_DEFINED_NO_CLASSIFICATION,2025,CFS,OK,216772513676.0,"[{""account_id"":""ifrs-full_CurrentBorrowingsAndCurrentPortionOfNoncurrentBorrowings"",""account_nm"":""차입금"",""amount"":337991108202.0},{""account_id"":""dart_LongTermBorrowingsGross"",""account_nm"":""장기차입금"",""amount"":464450013386.0}]",[],"[{""account_id"":""ifrs-full_OtherCurrentFinancialLiabilities"",""account_nm"":""기타금융부채"",""amount"":160494140505.0},{""account_id"":""ifrs-full_OtherNoncurrentFinancialLiabilities"",""account_nm"":""기타비유동금융부채"",""amount"":172982965799.0}]",[],,RAW_CASH_AND_DEBT_CAPTURED_POLICY_REQUIRED,,SOURCE_LIMITED_DA_NOT_VALIDATED,,SOURCE_ONLY_SCORE_NOT_GENERATED,NOT_DEFINED,2026-09-22T22:35:40+09:00
298050,HS효성첨단소재,KOSPI,01316254,HS효성첨단소재,2026-09-16-v8.11.7-five-financial-cis-interest-revenue-contract,2026-07-01-v6.0-score-policy,READY_RAW_SOURCE,,2026 반기보고서,CFS,2025,CFS,3283044948859.0,3311227813004.0,3202331179495.0,157433130038.0,219722228984.0,174078831457.0,15653332610.0,78182591757.0,56647051949.0,READY,READY_Q2_SOURCE,2026,952698172430.0,843036715836.0,77593421079.0,58740601299.0,45193271407.0,1434824190.0,13.01,32.1,3049.74,,NOT_DEFINED_NO_CLASSIFICATION,2025,CFS,OK,31544586945.0,"[{""account_id"":""ifrs-full_CurrentBorrowingsAndCurrentPortionOfNoncurrentBorrowings"",""account_nm"":""차입금"",""amount"":1958207319003.0},{""account_id"":""ifrs-full_LongtermBorrowings"",""account_nm"":""장기차입금"",""amount"":544071316979.0}]",[],"[{""account_id"":""ifrs-full_OtherCurrentFinancialLiabilities"",""account_nm"":""기타금융부채"",""amount"":8281542446.0},{""account_id"":""ifrs-full_OtherNoncurrentFinancialLiabilities"",""account_nm"":""기타비유동금융부채"",""amount"":10130759627.0}]",[],,RAW_CASH_AND_DEBT_CAPTURED_POLICY_REQUIRED,,SOURCE_LIMITED_DA_NOT_VALIDATED,,SOURCE_ONLY_SCORE_NOT_GENERATED,NOT_DEFINED,2026-09-22T22:35:40+09:00
307950,현대오토에버,KOSPI,00362441,현대오토에버,2026-09-16-v8.11.7-five-financial-cis-interest-revenue-contract,2026-07-01-v6.0-score-policy,READY_RAW_SOURCE,,2026 반기보고서,CFS,2025,CFS,4252067261000.0,3713617277000.0,3065015134000.0,255302187000.0,224434118000.0,181413573000.0,186789322000.0,175182500000.0,140312627000.0,READY,READY_Q2_SOURCE,2026,1250738561000.0,1042052024000.0,90547139000.0,81370112000.0,69590434000.0,59732145000.0,20.03,11.28,16.5,,NOT_DEFINED_NO_CLASSIFICATION,2025,CFS,OK,301124937000.0,"[{""account_id"":""ifrs-full_NoncurrentPortionOfNoncurrentBondsIssued"",""account_nm"":""사채"",""amount"":null}]","[{""account_id"":""ifrs-full_CurrentLeaseLiabilities"",""account_nm"":""리스부채"",""amount"":62142430000.0},{""account_id"":""ifrs-full_NoncurrentLeaseLiabilities"",""account_nm"":""비유동리스부채"",""amount"":136837351000.0}]","[{""account_id"":""ifrs-full_OtherCurrentFinancialLiabilities"",""account_nm"":""기타유동금융부채"",""amount"":342748000.0},{""account_id"":""ifrs-full_OtherNoncurrentFinancialLiabilities"",""account_nm"":""기타비유동금융부채"",""amount"":null}]",[],,RAW_CASH_AND_DEBT_CAPTURED_POLICY_REQUIRED,,SOURCE_LIMITED_DA_NOT_VALIDATED,,SOURCE_ONLY_SCORE_NOT_GENERATED,NOT_DEFINED,2026-09-22T22:35:40+09:00
317400,자이에스앤디,KOSPI,00367844,자이에스앤디,2026-09-16-v8.11.7-five-financial-cis-interest-revenue-contract,2026-07-01-v6.0-score-policy,READY_RAW_SOURCE,,2026 반기보고서,CFS,2025,CFS,1387596056216.0,1578173429989.0,2374632695604.0,12505665943.0,2376244362.0,126591961231.0,37119411185.0,6643969410.0,94998070797.0,READY,READY_Q2_SOURCE,2026,303336739840.0,336953996611.0,9035841112.0,-2718602944.0,9852411008.0,4324063565.0,-9.98,432.37,127.85,,NOT_DEFINED_NO_CLASSIFICATION,2025,CFS,OK,273671091453.0,[],[],"[{""account_id"":""ifrs-full_OtherCurrentFinancialLiabilities"",""account_nm"":""단기금융부채"",""amount"":9604950439.0},{""account_id"":""ifrs-full_OtherNoncurrentFinancialLiabilities"",""account_nm"":""장기금융부채"",""amount"":100424187576.0}]",[],,RAW_CASH_AND_DEBT_CAPTURED_POLICY_REQUIRED,,SOURCE_LIMITED_DA_NOT_VALIDATED,,SOURCE_ONLY_SCORE_NOT_GENERATED,NOT_DEFINED,2026-09-22T22:35:40+09:00
323410,카카오뱅크,KOSPI,01133217,카카오뱅크,2026-09-16-v8.11.7-five-financial-cis-interest-revenue-contract,2026-07-01-v6.0-score-policy,READY_RAW_SOURCE,,2026 반기보고서,OFS,2025,OFS,3086291000000.0,2945621000000.0,2494045000000.0,649371000000.0,606880000000.0,478485000000.0,480280000000.0,440065000000.0,354912000000.0,READY,READY_Q2_SOURCE,2026,828980000000.0,778033000000.0,193977000000.0,170127000000.0,140752000000.0,126257000000.0,6.55,14.02,11.48,,NOT_DEFINED_NO_CLASSIFICATION,2025,OFS,OK,,[],[],[],"[{""account_id"":""ifrs-full_AdjustmentsForAmortisationExpense"",""account_nm"":""무형자산상각비"",""amount"":7921000000.0},{""account_id"":""ifrs-full_AdjustmentsForDepreciationExpense"",""account_nm"":""감가상각비"",""amount"":53836000000.0}]",,RAW_CASH_AND_DEBT_CAPTURED_POLICY_REQUIRED,,SOURCE_LIMITED_DA_NOT_VALIDATED,,SOURCE_ONLY_SCORE_NOT_GENERATED,NOT_DEFINED,2026-09-22T22:35:40+09:00
329180,HD현대중공업,KOSPI,01390344,HD현대중공업,2026-09-16-v8.11.7-five-financial-cis-interest-revenue-contract,2026-07-01-v6.0-score-policy,READY_RAW_SOURCE,,2026 반기보고서,CFS,2025,CFS,17580633257000.0,14486453544000.0,11963925991000.0,2037510103000.0,705223483000.0,178639965000.0,1415484565000.0,621509420000.0,24689214000.0,READY,READY_Q2_SOURCE,2026,6332155045000.0,4147124837000.0,1039937627000.0,471455985000.0,822143128000.0,210911339000.0,52.69,120.58,289.81,,NOT_DEFINED_NO_CLASSIFICATION,2025,CFS,OK,1869917695000.0,[],"[{""account_id"":""ifrs-full_CurrentLeaseLiabilities"",""account_nm"":""유동리스부채"",""amount"":16149936000.0},{""account_id"":""ifrs-full_NoncurrentLeaseLiabilities"",""account_nm"":""비유동리스부채"",""amount"":20593805000.0}]","[{""account_id"":""ifrs-full_OtherCurrentFinancialLiabilities"",""account_nm"":""단기금융부채"",""amount"":156966805000.0},{""account_id"":""ifrs-full_OtherNoncurrentFinancialLiabilities"",""account_nm"":""장기금융부채"",""amount"":488384389000.0}]",[],,RAW_CASH_AND_DEBT_CAPTURED_POLICY_REQUIRED,,SOURCE_LIMITED_DA_NOT_VALIDATED,,SOURCE_ONLY_SCORE_NOT_GENERATED,NOT_DEFINED,2026-09-22T22:35:40+09:00
334890,이지스밸류플러스리츠,KOSPI,01394377,이지스밸류플러스리츠,2026-09-16-v8.11.7-five-financial-cis-interest-revenue-contract,2026-07-01-v6.0-score-policy,LIMITED_RAW_SOURCE,QUARTER_LIMITED,2026 반기보고서,CFS,2025,CFS,21788441864.0,16528379232.0,12054734018.0,16624984118.0,1744995385.0,1561608428.0,12408253638.0,-2143095827.0,-2328585635.0,READY,LIMITED,2026,,,,,,,,,,,NOT_DEFINED_NO_CLASSIFICATION,2025,CFS,OK,8665830826.0,"[{""account_id"":""ifrs-full_CurrentBorrowingsAndCurrentPortionOfNoncurrentBorrowings"",""account_nm"":""차입금 및 사채"",""amount"":193198931095.0},{""account_id"":""ifrs-full_LongtermBorrowings"",""account_nm"":""장기차입금 및 사채"",""amount"":0.0}]",[],"[{""account_id"":""ifrs-full_OtherNoncurrentFinancialLiabilities"",""account_nm"":""기타비유동금융부채"",""amount"":2382659429.0}]",[],,RAW_CASH_AND_DEBT_CAPTURED_POLICY_REQUIRED,,SOURCE_LIMITED_DA_NOT_VALIDATED,,SOURCE_ONLY_SCORE_NOT_GENERATED,NOT_DEFINED,2026-09-22T22:35:40+09:00
336260,두산퓨얼셀,KOSPI,01412725,두산퓨얼셀,2026-09-16-v8.11.7-five-financial-cis-interest-revenue-contract,2026-07-01-v6.0-score-policy,READY_RAW_SOURCE,,2026 반기보고서,CFS,2025,CFS,454794706613.0,411783710408.0,260886184003.0,-105673394536.0,-1729039707.0,1641793974.0,-132804248876.0,-10474726734.0,-8500099581.0,READY,READY_Q2_SOURCE,2026,44258911484.0,128467303931.0,-50913804627.0,-1914347507.0,-55598415364.0,-2578854642.0,-65.55,-2559.59,-2055.93,,NOT_DEFINED_NO_CLASSIFICATION,2025,CFS,OK,64784777076.0,"[{""account_id"":""dart_CurrentPortionOfBonds"",""account_nm"":""유동성사채"",""amount"":147945593585.0},{""account_id"":""ifrs-full_ShorttermBorrowings"",""account_nm"":""단기차입금"",""amount"":76000000000.0},{""account_id"":""ifrs-full_NoncurrentPortionOfNoncurrentBondsIssued"",""account_nm"":""사채"",""amount"":157341510224.0},{""account_id"":""ifrs-full_NoncurrentPortionOfNoncurrentLoansReceived"",""account_nm"":""장기차입금"",""amount"":56666640000.0}]","[{""account_id"":""ifrs-full_CurrentLeaseLiabilities"",""account_nm"":""유동 리스부채"",""amount"":1737544754.0},{""account_id"":""ifrs-full_NoncurrentLeaseLiabilities"",""account_nm"":""비유동 리스부채"",""amount"":4791068453.0}]",[],[],,RAW_CASH_AND_DEBT_CAPTURED_POLICY_REQUIRED,,SOURCE_LIMITED_DA_NOT_VALIDATED,,SOURCE_ONLY_SCORE_NOT_GENERATED,NOT_DEFINED,2026-09-22T22:35:40+09:00
357430,마스턴프리미어리츠,KOSPI,01442966,마스턴프리미어리츠,2026-09-16-v8.11.7-five-financial-cis-interest-revenue-contract,2026-07-01-v6.0-score-policy,LIMITED_RAW_SOURCE,QUARTER_LIMITED,2026 반기보고서,CFS,2025,CFS,4128904816.0,3221899500.0,4344097477.0,2763887761.0,-10913658220.0,1699923445.0,1987729608.0,-12348985380.0,1474073916.0,READY,LIMITED,2026,,,,,,,,,,,NOT_DEFINED_NO_CLASSIFICATION,2025,CFS,OK,4860476058.0,"[{""account_id"":""ifrs-full_ShorttermBorrowings"",""account_nm"":""유동 차입금(사채 포함)"",""amount"":4500000000.0}]",[],[],"[{""account_id"":""ifrs-full_DepreciationExpense"",""account_nm"":""감가상각비"",""amount"":609115287.0},{""account_id"":""ifrs-full_AdjustmentsForDepreciationExpense"",""account_nm"":""감가상각비에 대한 조정"",""amount"":609115287.0}]",,RAW_CASH_AND_DEBT_CAPTURED_POLICY_REQUIRED,,SOURCE_LIMITED_DA_NOT_VALIDATED,,SOURCE_ONLY_SCORE_NOT_GENERATED,NOT_DEFINED,2026-09-22T22:35:40+09:00
363280,티와이홀딩스,KOSPI,01497869,티와이홀딩스,2026-09-16-v8.11.7-five-financial-cis-interest-revenue-contract,2026-07-01-v6.0-score-policy,READY_RAW_SOURCE,,2026 반기보고서,CFS,2025,CFS,79226563940.0,79373438538.0,81363983772.0,-34563786772.0,-80909104822.0,-343756121377.0,-92787066718.0,-118062200023.0,-591828760879.0,READY,READY_Q2_SOURCE,2026,26347288595.0,23305353680.0,5143498451.0,1672178385.0,-2148023841.0,-17355391320.0,13.05,207.59,87.62,,NOT_DEFINED_NO_CLASSIFICATION,2025,CFS,OK,92276054327.0,"[{""account_id"":""ifrs-full_CurrentBorrowingsAndCurrentPortionOfNoncurrentBorrowings"",""account_nm"":""유동차입금및사채"",""amount"":53200000000.0},{""account_id"":""ifrs-full_LongtermBorrowings"",""account_nm"":""비유동차입금및사채"",""amount"":210000000000.0}]",[],"[{""account_id"":""ifrs-full_OtherCurrentFinancialLiabilities"",""account_nm"":""기타유동금융부채"",""amount"":135076855692.0},{""account_id"":""ifrs-full_OtherNoncurrentFinancialLiabilities"",""account_nm"":""기타비유동금융부채"",""amount"":17815014537.0}]",[],,RAW_CASH_AND_DEBT_CAPTURED_POLICY_REQUIRED,,SOURCE_LIMITED_DA_NOT_VALIDATED,,SOURCE_ONLY_SCORE_NOT_GENERATED,NOT_DEFINED,2026-09-22T22:35:40+09:00
365550,ESR켄달스퀘어리츠,KOSPI,01437186,ESR켄달스퀘어리츠,2026-09-16-v8.11.7-five-financial-cis-interest-revenue-contract,2026-07-01-v6.0-score-policy,LIMITED_RAW_SOURCE,QUARTER_LIMITED,2026 반기보고서,CFS,2025,CFS,59557601618.0,58696665274.0,56876297402.0,25859163408.0,28703973058.0,26551539946.0,-3436388048.0,9778739593.0,3600540919.0,READY,LIMITED,2026,,,,,,,,,,,NOT_DEFINED_NO_CLASSIFICATION,2025,CFS,OK,171445697130.0,"[{""account_id"":""ifrs-full_CurrentPortionOfLongtermBorrowings"",""account_nm"":""유동성장기차입금"",""amount"":130270741871.0},{""account_id"":""ifrs-full_ShorttermBorrowings"",""account_nm"":""단기차입금"",""amount"":26499399652.0},{""account_id"":""ifrs-full_LongtermBorrowings"",""account_nm"":""장기차입금"",""amount"":1430191286763.0}]",[],"[{""account_id"":""ifrs-full_TradeAndOtherCurrentPayables"",""account_nm"":""기타금융부채"",""amount"":27310787997.0}]","[{""account_id"":""dart_AdjustmentsForDepreciationInvestmentProperty"",""account_nm"":""투자부동산감가상각비"",""amount"":16743206434.0},{""account_id"":""ifrs-full_AdjustmentsForDepreciationExpense"",""account_nm"":""유형자산 감가상각비"",""amount"":34128832.0}]",,RAW_CASH_AND_DEBT_CAPTURED_POLICY_REQUIRED,,SOURCE_LIMITED_DA_NOT_VALIDATED,,SOURCE_ONLY_SCORE_NOT_GENERATED,NOT_DEFINED,2026-09-22T22:35:40+09:00
373220,LG에너지솔루션,KOSPI,01515323,LG에너지솔루션,2026-09-16-v8.11.7-five-financial-cis-interest-revenue-contract,2026-07-01-v6.0-score-policy,READY_RAW_SOURCE,,2026 반기보고서,CFS,2025,CFS,23671759000000.0,25619585000000.0,33745470000000.0,1346120000000.0,575387000000.0,2163234000000.0,80803000000.0,338602000000.0,1637985000000.0,READY,READY_Q2_SOURCE,2026,7560249000000.0,5565408000000.0,113302000000.0,492159000000.0,-328644000000.0,90605000000.0,35.84,-76.98,-462.72,,NOT_DEFINED_NO_CLASSIFICATION,2025,CFS,OK,3779307000000.0,"[{""account_id"":""ifrs-full_CurrentBorrowingsAndCurrentPortionOfNoncurrentBorrowings"",""account_nm"":""유동성차입금"",""amount"":6686206000000.0},{""account_id"":""ifrs-full_LongtermBorrowings"",""account_nm"":""비유동성차입금"",""amount"":15825890000000.0}]",[],"[{""account_id"":""ifrs-full_OtherCurrentFinancialLiabilities"",""account_nm"":""기타유동금융부채"",""amount"":2641000000.0},{""account_id"":""ifrs-full_OtherNoncurrentFinancialLiabilities"",""account_nm"":""기타비유동금융부채"",""amount"":2407851000000.0}]",[],,RAW_CASH_AND_DEBT_CAPTURED_POLICY_REQUIRED,,SOURCE_LIMITED_DA_NOT_VALIDATED,,SOURCE_ONLY_SCORE_NOT_GENERATED,NOT_DEFINED,2026-09-22T22:35:40+09:00
395400,SK리츠,KOSPI,01535150,SK리츠,2026-09-16-v8.11.7-five-financial-cis-interest-revenue-contract,2026-07-01-v6.0-score-policy,LIMITED_RAW_SOURCE,QUARTER_LIMITED,2025 사업보고서,CFS,2025,CFS,70358094799.0,56695897419.0,71045726524.0,64534748213.0,50321093490.0,63203720514.0,33550467838.0,20302578012.0,31293326227.0,READY,LIMITED,2026,,,,,,,,,,,NOT_DEFINED_NO_CLASSIFICATION,2025,CFS,OK,53672621611.0,"[{""account_id"":""ifrs-full_OtherCurrentBorrowingsAndCurrentPortionOfOtherNoncurrentBorrowings"",""account_nm"":""유동성장기부채"",""amount"":668463766847.0},{""account_id"":""ifrs-full_NoncurrentPortionOfNoncurrentBondsIssued"",""account_nm"":""사채"",""amount"":548405668235.0},{""account_id"":""ifrs-full_NoncurrentPortionOfOtherNoncurrentBorrowings"",""account_nm"":""장기차입금"",""amount"":1463214408564.0}]",[],[],[],,RAW_CASH_AND_DEBT_CAPTURED_POLICY_REQUIRED,,SOURCE_LIMITED_DA_NOT_VALIDATED,,SOURCE_ONLY_SCORE_NOT_GENERATED,NOT_DEFINED,2026-09-22T22:35:40+09:00
402340,SK스퀘어,KOSPI,01596425,SK스퀘어,2026-09-16-v8.11.7-five-financial-cis-interest-revenue-contract,2026-07-01-v6.0-score-policy,READY_RAW_SOURCE,,2026 반기보고서,CFS,2025,CFS,1411521000000.0,1649858000000.0,2008116000000.0,8797421000000.0,3920647000000.0,-2333631000000.0,8818695000000.0,3650515000000.0,-1314834000000.0,READY,READY_Q2_SOURCE,2026,328549000000.0,406594000000.0,19235428000000.0,1401104000000.0,18675023000000.0,1447114000000.0,-19.19,1272.88,1190.5,,NOT_DEFINED_NO_CLASSIFICATION,2025,CFS,OK,1310718000000.0,"[{""account_id"":""ifrs-full_CurrentPortionOfLongtermBorrowings"",""account_nm"":""유동성장기차입금"",""amount"":0.0},{""account_id"":""ifrs-full_ShorttermBorrowings"",""account_nm"":""단기차입금"",""amount"":0.0},{""account_id"":""ifrs-full_LongtermBorrowings"",""account_nm"":""장기차입금"",""amount"":0.0}]","[{""account_id"":""ifrs-full_CurrentLeaseLiabilities"",""account_nm"":""리스부채"",""amount"":26166000000.0},{""account_id"":""ifrs-full_NoncurrentLeaseLiabilities"",""account_nm"":""장기리스부채"",""amount"":86661000000.0}]",[],"[{""account_id"":""ifrs-full_DepreciationAndAmortisationExpense"",""account_nm"":""감가상각비"",""amount"":74572000000.0}]",,RAW_CASH_AND_DEBT_CAPTURED_POLICY_REQUIRED,,SOURCE_LIMITED_DA_NOT_VALIDATED,,SOURCE_ONLY_SCORE_NOT_GENERATED,NOT_DEFINED,2026-09-22T22:35:40+09:00
443060,HD현대마린솔루션,KOSPI,01194689,HD현대마린솔루션,2026-09-16-v8.11.7-five-financial-cis-interest-revenue-contract,2026-07-01-v6.0-score-policy,READY_RAW_SOURCE,,2026 반기보고서,CFS,2025,CFS,1982700659426.0,1745458578779.0,1430463166385.0,350141338776.0,271729951500.0,201472478355.0,269571288127.0,227940276635.0,151116175331.0,READY,READY_Q2_SOURCE,2026,580413871847.0,467721569416.0,97625286579.0,83009935294.0,83007010497.0,52997053677.0,24.09,17.61,56.63,,NOT_DEFINED_NO_CLASSIFICATION,2025,CFS,OK,377924043510.0,[],"[{""account_id"":""ifrs-full_CurrentLeaseLiabilities"",""account_nm"":""유동리스부채"",""amount"":7980599129.0},{""account_id"":""ifrs-full_NoncurrentLeaseLiabilities"",""account_nm"":""비유동리스부채"",""amount"":9931501625.0}]","[{""account_id"":""ifrs-full_OtherCurrentFinancialLiabilities"",""account_nm"":""단기금융부채"",""amount"":0.0}]",[],,RAW_CASH_AND_DEBT_CAPTURED_POLICY_REQUIRED,,SOURCE_LIMITED_DA_NOT_VALIDATED,,SOURCE_ONLY_SCORE_NOT_GENERATED,NOT_DEFINED,2026-09-22T22:35:40+09:00
446070,유니드비티플러스,KOSPI,01702017,유니드비티플러스,2026-09-16-v8.11.7-five-financial-cis-interest-revenue-contract,2026-07-01-v6.0-score-policy,READY_RAW_SOURCE,,2026 반기보고서,OFS,2025,OFS,157531389366.0,194894088152.0,168785613274.0,-9151579966.0,3054336971.0,-4071770040.0,-3961413329.0,6397032832.0,861666713.0,READY,READY_Q2_SOURCE,2026,42965033467.0,41221709871.0,2018798757.0,-572468562.0,3127800530.0,578409700.0,4.23,452.65,440.76,,NOT_DEFINED_NO_CLASSIFICATION,2025,OFS,OK,15851800088.0,"[{""account_id"":""ifrs-full_ShorttermBorrowings"",""account_nm"":""차입금"",""amount"":7113502675.0}]","[{""account_id"":""ifrs-full_CurrentLeaseLiabilities"",""account_nm"":""리스부채"",""amount"":1566819837.0},{""account_id"":""ifrs-full_NoncurrentLeaseLiabilities"",""account_nm"":""리스부채"",""amount"":2863446728.0}]","[{""account_id"":""ifrs-full_OtherCurrentFinancialLiabilities"",""account_nm"":""기타유동금융부채"",""amount"":0.0},{""account_id"":""ifrs-full_OtherNoncurrentFinancialLiabilities"",""account_nm"":""기타비유동금융부채"",""amount"":37500000.0}]",[],,RAW_CASH_AND_DEBT_CAPTURED_POLICY_REQUIRED,,SOURCE_LIMITED_DA_NOT_VALIDATED,,SOURCE_ONLY_SCORE_NOT_GENERATED,NOT_DEFINED,2026-09-22T22:35:40+09:00
450080,에코프로머티,KOSPI,01311408,에코프로머티,2026-09-16-v8.11.7-five-financial-cis-interest-revenue-contract,2026-07-01-v6.0-score-policy,READY_RAW_SOURCE,,2026 반기보고서,CFS,2025,OFS,392506172705.0,299846484651.0,952523315840.0,-65369476119.0,-64719926202.0,8772772409.0,24103738371.0,-42686351369.0,5045159766.0,READY,READY_Q2_SOURCE,2026,178788095607.0,78068573064.0,-10583518567.0,-28789921739.0,-12449410448.0,-33501838342.0,129.01,63.24,62.84,,NOT_DEFINED_NO_CLASSIFICATION,2025,OFS,OK,45037598354.0,"[{""account_id"":""ifrs-full_CurrentBorrowingsAndCurrentPortionOfNoncurrentBorrowings"",""account_nm"":""차입금"",""amount"":296666640000.0},{""account_id"":""ifrs-full_LongtermBorrowings"",""account_nm"":""차입금"",""amount"":219499960000.0}]","[{""account_id"":""ifrs-full_CurrentLeaseLiabilities"",""account_nm"":""리스부채"",""amount"":327198590.0},{""account_id"":""ifrs-full_NoncurrentLeaseLiabilities"",""account_nm"":""리스부채"",""amount"":303934470.0}]","[{""account_id"":""ifrs-full_OtherCurrentFinancialLiabilities"",""account_nm"":""기타금융부채"",""amount"":33184958525.0},{""account_id"":""ifrs-full_OtherNoncurrentFinancialLiabilities"",""account_nm"":""기타금융부채"",""amount"":18941191777.0}]",[],,RAW_CASH_AND_DEBT_CAPTURED_POLICY_REQUIRED,,SOURCE_LIMITED_DA_NOT_VALIDATED,,SOURCE_ONLY_SCORE_NOT_GENERATED,NOT_DEFINED,2026-09-22T22:35:40+09:00
454910,두산로보틱스,KOSPI,01105153,두산로보틱스,2026-09-16-v8.11.7-five-financial-cis-interest-revenue-contract,2026-07-01-v6.0-score-policy,READY_RAW_SOURCE,,2026 반기보고서,CFS,2025,CFS,32978338354.0,46829943837.0,53038372299.0,-59472307590.0,-41202116246.0,-19167549522.0,-55495341539.0,-36560851475.0,-15873538546.0,READY,READY_Q2_SOURCE,2026,17674019166.0,4532272039.0,-14417199907.0,-15650237991.0,-12792294892.0,-16566633373.0,289.96,7.88,22.78,,NOT_DEFINED_NO_CLASSIFICATION,2025,CFS,OK,156738581281.0,[],"[{""account_id"":""ifrs-full_CurrentLeaseLiabilities"",""account_nm"":""유동 리스부채"",""amount"":3044726345.0},{""account_id"":""ifrs-full_NoncurrentLeaseLiabilities"",""account_nm"":""비유동 리스부채"",""amount"":13000669759.0}]","[{""account_id"":""ifrs-full_OtherNoncurrentFinancialLiabilities"",""account_nm"":""기타비유동금융부채"",""amount"":3814966951.0}]",[],,RAW_CASH_AND_DEBT_CAPTURED_POLICY_REQUIRED,,SOURCE_LIMITED_DA_NOT_VALIDATED,,SOURCE_ONLY_SCORE_NOT_GENERATED,NOT_DEFINED,2026-09-22T22:35:40+09:00
462520,조선내화,KOSPI,01770203,조선내화,2026-09-16-v8.11.7-five-financial-cis-interest-revenue-contract,2026-07-01-v6.0-score-policy,READY_RAW_SOURCE,,2026 반기보고서,CFS,2025,CFS,532032570000.0,500640282000.0,279366908000.0,23860164000.0,20019112000.0,31851794000.0,3103297000.0,1287245000.0,24143456000.0,READY,READY_Q2_SOURCE,2026,126215849000.0,136342019000.0,1005183000.0,5588917000.0,-4560412000.0,5061330000.0,-7.43,-82.01,-190.1,,NOT_DEFINED_NO_CLASSIFICATION,2025,CFS,OK,36008857000.0,"[{""account_id"":""ifrs-full_CurrentLoansReceivedAndCurrentPortionOfNoncurrentLoansReceived"",""account_nm"":""단기차입금"",""amount"":196351416000.0}]",[],"[{""account_id"":""ifrs-full_OtherCurrentFinancialLiabilities"",""account_nm"":""기타유동금융부채"",""amount"":625306000.0},{""account_id"":""ifrs-full_OtherNoncurrentFinancialLiabilities"",""account_nm"":""기타비유동금융부채"",""amount"":620789000.0}]",[],,RAW_CASH_AND_DEBT_CAPTURED_POLICY_REQUIRED,,SOURCE_LIMITED_DA_NOT_VALIDATED,,SOURCE_ONLY_SCORE_NOT_GENERATED,NOT_DEFINED,2026-09-22T22:35:40+09:00
462870,시프트업,KOSPI,01384787,시프트업,2026-09-16-v8.11.7-five-financial-cis-interest-revenue-contract,2026-07-01-v6.0-score-policy,READY_RAW_SOURCE,,2026 반기보고서,CFS,2025,CFS,294545937439.0,224084645616.0,168594168364.0,181417657557.0,152676273166.0,111062581629.0,191430447697.0,147973272692.0,106690578319.0,READY,READY_Q2_SOURCE,2026,55723749282.0,112382500954.0,28117514579.0,68215269758.0,41735620721.0,51306448265.0,-50.42,-58.78,-18.65,,NOT_DEFINED_NO_CLASSIFICATION,2025,CFS,OK,110121105321.0,[],"[{""account_id"":""ifrs-full_CurrentLeaseLiabilities"",""account_nm"":""유동리스부채"",""amount"":3935637435.0},{""account_id"":""ifrs-full_NoncurrentLeaseLiabilities"",""account_nm"":""비유동리스부채"",""amount"":59327270576.0}]","[{""account_id"":""ifrs-full_OtherCurrentFinancialLiabilities"",""account_nm"":""기타유동금융부채"",""amount"":56842294190.0}]",[],,RAW_CASH_AND_DEBT_CAPTURED_POLICY_REQUIRED,,SOURCE_LIMITED_DA_NOT_VALIDATED,,SOURCE_ONLY_SCORE_NOT_GENERATED,NOT_DEFINED,2026-09-22T22:35:40+09:00
465770,STX그린로지스,KOSPI,01784394,STX그린로지스,2026-09-16-v8.11.7-five-financial-cis-interest-revenue-contract,2026-07-01-v6.0-score-policy,READY_RAW_SOURCE,,2026 반기보고서,CFS,2025,CFS,191383881379.0,70543551647.0,28310433178.0,-12473063138.0,7157565667.0,1847006212.0,-37739115116.0,25558944983.0,1437256126.0,READY,READY_Q2_SOURCE,2026,14826797224.0,43580244367.0,-104367786.0,-5040568931.0,13148246776.0,-8212368452.0,-65.98,97.93,260.1,,NOT_DEFINED_NO_CLASSIFICATION,2025,CFS,OK,8833373565.0,"[{""account_id"":""ifrs-full_CurrentPortionOfLongtermBorrowings"",""account_nm"":""유동성장기차입금"",""amount"":29018186602.0},{""account_id"":""ifrs-full_ShorttermBorrowings"",""account_nm"":""단기차입금"",""amount"":17775000000.0},{""account_id"":""dart_LongTermBorrowingsGross"",""account_nm"":""장기차입금"",""amount"":25063152150.0}]","[{""account_id"":""ifrs-full_CurrentLeaseLiabilities"",""account_nm"":""리스부채(유동)"",""amount"":13785487135.0},{""account_id"":""ifrs-full_NoncurrentLeaseLiabilities"",""account_nm"":""리스부채(비유동)"",""amount"":4699658924.0}]",[],[],,RAW_CASH_AND_DEBT_CAPTURED_POLICY_REQUIRED,,SOURCE_LIMITED_DA_NOT_VALIDATED,,SOURCE_ONLY_SCORE_NOT_GENERATED,NOT_DEFINED,2026-09-22T22:35:40+09:00
475150,SK이터닉스,KOSPI,01817081,SK이터닉스,2026-09-16-v8.11.7-five-financial-cis-interest-revenue-contract,2026-07-01-v6.0-score-policy,LIMITED_RAW_SOURCE,3Y_ANNUAL_LIMITED,2026 반기보고서,CFS,2025,CFS,385640769900.0,332151737229.0,,52998214327.0,37637399717.0,,30721781368.0,22380995585.0,,LIMITED,READY_Q2_SOURCE,2026,240891560118.0,65324077464.0,4682586131.0,9593792372.0,-2892906060.0,14298600862.0,268.76,-51.19,-120.23,,NOT_DEFINED_NO_CLASSIFICATION,2025,CFS,OK,88494004913.0,"[{""account_id"":""-표준계정코드 미사용-"",""account_nm"":""단기차입금"",""amount"":98570500000.0},{""account_id"":""ifrs-full_NoncurrentPortionOfNoncurrentBondsIssued"",""account_nm"":""사채"",""amount"":0.0},{""account_id"":""ifrs-full_NoncurrentPortionOfNoncurrentLoansReceived"",""account_nm"":""장기차입금"",""amount"":187062198791.0}]",[],"[{""account_id"":""ifrs-full_OtherCurrentFinancialLiabilities"",""account_nm"":""기타유동금융부채"",""amount"":17600000.0},{""account_id"":""ifrs-full_OtherNoncurrentFinancialLiabilities"",""account_nm"":""기타비유동금융부채"",""amount"":32086522022.0}]",[],,RAW_CASH_AND_DEBT_CAPTURED_POLICY_REQUIRED,,SOURCE_LIMITED_DA_NOT_VALIDATED,,SOURCE_ONLY_SCORE_NOT_GENERATED,NOT_DEFINED,2026-09-22T22:35:40+09:00
480370,씨케이솔루션,KOSPI,01210677,씨케이솔루션,2026-09-16-v8.11.7-five-financial-cis-interest-revenue-contract,2026-07-01-v6.0-score-policy,READY_RAW_SOURCE,,2026 반기보고서,CFS,2025,CFS,291009514864.0,295772527163.0,215298444210.0,-36605183434.0,16524305283.0,17666706565.0,-40143995454.0,19812545616.0,15097194930.0,READY,READY_Q2_SOURCE,2026,84959558610.0,58519477691.0,607653311.0,-9409870385.0,-1171134719.0,-11118135474.0,45.18,106.46,89.47,,NOT_DEFINED_NO_CLASSIFICATION,2025,CFS,OK,40608287494.0,[],"[{""account_id"":""ifrs-full_CurrentLeaseLiabilities"",""account_nm"":""유동 리스부채"",""amount"":635889650.0},{""account_id"":""ifrs-full_NoncurrentLeaseLiabilities"",""account_nm"":""비유동 리스부채"",""amount"":337933658.0}]","[{""account_id"":""ifrs-full_OtherCurrentFinancialLiabilities"",""account_nm"":""단기금융부채"",""amount"":25450010000.0},{""account_id"":""ifrs-full_OtherNoncurrentFinancialLiabilities"",""account_nm"":""장기금융부채"",""amount"":1361030000.0}]",[],,RAW_CASH_AND_DEBT_CAPTURED_POLICY_REQUIRED,,SOURCE_LIMITED_DA_NOT_VALIDATED,,SOURCE_ONLY_SCORE_NOT_GENERATED,NOT_DEFINED,2026-09-22T22:35:40+09:00
483650,달바글로벌,KOSPI,01649204,달바글로벌,2026-09-16-v8.11.7-five-financial-cis-interest-revenue-contract,2026-07-01-v6.0-score-policy,READY_RAW_SOURCE,,2026 반기보고서,CFS,2025,CFS,519735447906.0,309062616157.0,200802470160.0,101469415203.0,59844712688.0,32445933395.0,79053534113.0,15408977423.0,13604748485.0,READY,READY_Q2_SOURCE,2026,186860908470.0,128372734047.0,47240874551.0,29230269832.0,38059528099.0,19803061297.0,45.56,61.62,92.19,,NOT_DEFINED_NO_CLASSIFICATION,2025,CFS,OK,100992795264.0,[],"[{""account_id"":""ifrs-full_CurrentLeaseLiabilities"",""account_nm"":""리스부채"",""amount"":917689860.0},{""account_id"":""ifrs-full_NoncurrentLeaseLiabilities"",""account_nm"":""리스부채"",""amount"":2026450439.0}]","[{""account_id"":""ifrs-full_OtherCurrentFinancialLiabilities"",""account_nm"":""기타금융부채"",""amount"":0.0}]",[],,RAW_CASH_AND_DEBT_CAPTURED_POLICY_REQUIRED,,SOURCE_LIMITED_DA_NOT_VALIDATED,,SOURCE_ONLY_SCORE_NOT_GENERATED,NOT_DEFINED,2026-09-22T22:35:40+09:00
489790,한화비전,KOSPI,01867758,한화비전,2026-09-16-v8.11.7-five-financial-cis-interest-revenue-contract,2026-07-01-v6.0-score-policy,LIMITED_RAW_SOURCE,3Y_ANNUAL_LIMITED,2026 반기보고서,CFS,2025,CFS,1790921869125.0,493322362934.0,,162267204336.0,5466174056.0,,42619753835.0,3210792631.0,,LIMITED,READY_Q2_SOURCE,2026,542288924730.0,457161852438.0,65578457512.0,56267894060.0,75294760133.0,-10187994593.0,18.62,16.55,839.05,,NOT_DEFINED_NO_CLASSIFICATION,2025,CFS,OK,248756754664.0,"[{""account_id"":""ifrs-full_CurrentBorrowingsAndCurrentPortionOfNoncurrentBorrowings"",""account_nm"":""차입금및사채"",""amount"":395589145602.0}]","[{""account_id"":""ifrs-full_CurrentLeaseLiabilities"",""account_nm"":""리스부채"",""amount"":12421141307.0},{""account_id"":""ifrs-full_NoncurrentLeaseLiabilities"",""account_nm"":""장기리스부채"",""amount"":13535593333.0}]",[],[],,RAW_CASH_AND_DEBT_CAPTURED_POLICY_REQUIRED,,SOURCE_LIMITED_DA_NOT_VALIDATED,,SOURCE_ONLY_SCORE_NOT_GENERATED,NOT_DEFINED,2026-09-22T22:35:40+09:00
499790,GS피앤엘,KOSPI,01882845,GS피앤엘,2026-09-16-v8.11.7-five-financial-cis-interest-revenue-contract,2026-07-01-v6.0-score-policy,LIMITED_RAW_SOURCE,3Y_ANNUAL_LIMITED,2026 반기보고서,CFS,2025,CFS,481682588524.0,38321549330.0,,78022623652.0,-38200717.0,,29943929968.0,-1137050920.0,,LIMITED,READY_Q2_SOURCE,2026,158960998737.0,112145167893.0,29360307067.0,11563712655.0,19221773187.0,6013604380.0,41.75,153.9,219.64,,NOT_DEFINED_NO_CLASSIFICATION,2025,CFS,OK,5872609865.0,"[{""account_id"":""ifrs-full_CurrentBorrowingsAndCurrentPortionOfNoncurrentBorrowings"",""account_nm"":""차입금 및 사채"",""amount"":17330000000.0},{""account_id"":""ifrs-full_LongtermBorrowings"",""account_nm"":""비유동 차입금 및 사채"",""amount"":309790887813.0}]","[{""account_id"":""ifrs-full_CurrentLeaseLiabilities"",""account_nm"":""리스부채"",""amount"":23629948471.0},{""account_id"":""ifrs-full_NoncurrentLeaseLiabilities"",""account_nm"":""비유동리스부채"",""amount"":290590762936.0}]",[],[],,RAW_CASH_AND_DEBT_CAPTURED_POLICY_REQUIRED,,SOURCE_LIMITED_DA_NOT_VALIDATED,,SOURCE_ONLY_SCORE_NOT_GENERATED,NOT_DEFINED,2026-09-22T22:35:40+09:00
