date,basDt,crdTrFingWhl,crdTrFingScrs,crdTrFingKosdaq,crdTrLndrWhl,crdTrLndrScrs,crdTrLndrKosdaq,sbscCapLn,dpsgScrtMogFing,_source_api,_collected_at_kst
2022-04-28,20220428,22296373320203,11890268749866,10406104570337,61488690550,39375581355,22113109195,0,19737581204425,credit,2026-06-06T08:10:19+09:00
2022-04-29,20220429,22261672785591,11885862953352,10375809832239,58086407932,38180989063,19905418869,0,20050416597554,credit,2026-06-09T05:19:02+09:00
2022-05-02,20220502,22205398872300,11861981400259,10343417472041,58162422640,39535874588,18626548052,0,20076096420765,credit,2026-06-10T05:06:47+09:00
2022-05-03,20220503,22182399085297,11842384891533,10340014193764,59675654735,39912379683,19763275052,0,19943004689712,credit,2026-06-11T04:29:38+09:00
2022-05-04,20220504,22262455647212,11897800060161,10364655587051,61439605507,41621799628,19817805879,0,20015343997043,credit,2026-06-12T03:30:32+09:00
2022-05-06,20220506,22299126486402,11922670333048,10376456153354,62556182950,41738338050,20817844900,0,20039408673317,credit,2026-06-15T00:31:30+09:00
2022-05-09,20220509,22336605523642,11936162755332,10400442768310,62333992547,42018373973,20315618574,0,20112779287516,credit,2026-06-16T05:56:45+09:00
2022-05-10,20220510,22267353195600,11920922168129,10346431027471,62231675809,42252004476,19979671333,0,20113596668457,credit,2026-06-17T05:31:10+09:00
2022-05-11,20220511,22028052999017,11826079291420,10201973707597,56170113359,39444791017,16725322342,0,20069895719660,credit,2026-06-18T03:28:50+09:00
2022-05-12,20220512,21824777892695,11748172408351,10076605484344,50834203117,34912600481,15921602636,0,20045804665756,credit,2026-06-19T04:03:59+09:00
2022-05-13,20220513,21841089776659,11789748830895,10051340945764,53778257942,35937586200,17840671742,0,20096019932514,credit,2026-06-20T19:20:21+09:00
2022-05-16,20220516,21678766909141,11691337142698,9987429766443,50441947009,34385319823,16056627186,0,20209082725917,credit,2026-06-20T19:20:21+09:00
2022-05-17,20220517,21490694245840,11573311506971,9917382738869,55694111358,37375512051,18318599307,0,19957355846681,credit,2026-06-23T19:51:38+09:00
2022-05-18,20220518,21516950583636,11573159756633,9943790827003,54604308092,35654574062,18949734030,0,19912263404712,credit,2026-06-24T19:36:31+09:00
2022-05-19,20220519,21553690867989,11589086783884,9964604084105,58373451141,37123939254,21249511887,0,19901195384646,credit,2026-06-25T16:41:35+09:00
2022-05-20,20220520,21625820475918,11601276838022,10024543637896,58402114814,37107110132,21295004682,0,19905360894206,credit,2026-06-27T18:18:49+09:00
2022-05-23,20220523,21645775879006,11612718157485,10033057721521,54523461864,34121544082,20401917782,0,19984728013586,credit,2026-06-27T18:18:49+09:00
2022-05-24,20220524,21587710190500,11540996031675,10046714158825,58531572418,37083058919,21448513499,0,19886585593455,credit,2026-06-30T09:17:27+09:00
2022-05-25,20220525,21665118427486,11547537265559,10117581161927,58793097622,37045189416,21747908206,0,19938818613175,credit,2026-07-01T17:40:31+09:00
2022-05-26,20220526,21665154134394,11545950786138,10119203348256,56517250398,35240184993,21277065405,0,20044677156566,credit,2026-07-02T09:19:01+09:00
2022-05-27,20220527,21607210417765,11508680055647,10098530362118,58756610723,37567058629,21189552094,0,19910098193562,credit,2026-07-04T10:16:01+09:00
2022-05-30,20220530,21624694836316,11514613197320,10110081638996,59665804664,38979366978,20686437686,0,19898349324228,credit,2026-07-04T10:16:01+09:00
2022-05-31,20220531,21564641806652,11428017371780,10136624434872,60625173839,39871393794,20753780045,0,19924965603741,credit,2026-07-07T09:18:18+09:00
2022-06-02,20220602,21531304131509,11372767666818,10158536464691,62064292945,41290176693,20774116252,0,19882997209110,credit,2026-07-08T09:09:58+09:00
2022-06-03,20220603,21575125004034,11368465380663,10206659623371,67103368123,45192295098,21911073025,0,19865842054159,credit,2026-07-09T10:20:55+09:00
2022-06-07,20220607,21711107428311,11473723560863,10237383867448,65136288420,43619842178,21516446242,0,19922214343200,credit,2026-07-11T10:06:50+09:00
2022-06-08,20220608,21643371149514,11407057003102,10236314146412,65318478199,44164121720,21154356479,0,19942815013147,credit,2026-07-11T10:06:50+09:00
2022-06-09,20220609,21713489846915,11486635003472,10226854843443,63997348069,44443025605,19554322464,0,20066964822241,credit,2026-07-14T10:18:55+09:00
2022-06-10,20220610,21639268187158,11447890801540,10191377385618,64649413507,44752040347,19897373160,0,20035023184837,credit,2026-07-15T09:02:24+09:00
2022-06-13,20220613,21619749245066,11443888765917,10175860479149,66686192715,45827937638,20858255077,0,20152585678365,credit,2026-07-16T09:07:51+09:00
2022-06-14,20220614,21608579895118,11473742538493,10134837356625,63761162143,43527667396,20233494747,0,20217871910882,credit,2026-07-17T09:10:00+09:00
2022-06-15,20220615,21144203547396,11241869186245,9902334361151,56717033661,38587231097,18129802564,0,20260664816382,credit,2026-07-21T09:06:54+09:00
2022-06-16,20220616,20686265189200,11025061842029,9661203347171,52258478858,33826616684,18431862174,0,20123889670358,credit,2026-07-22T13:07:44+09:00
2022-06-17,20220617,20357337282397,10857224063455,9500113218942,50936771427,33707445934,17229325493,0,19995116302101,credit,2026-07-23T09:11:30+09:00
2022-06-20,20220620,20030041259764,10702064813571,9327976446193,53247498546,35208969082,18038529464,0,19862227037893,credit,2026-07-25T10:09:15+09:00
2022-06-21,20220621,19854560059242,10607864775315,9246695283927,53294887229,36241273165,17053614064,0,19803307445086,credit,2026-07-25T10:09:15+09:00
2022-06-22,20220622,19530817787658,10454875151578,9075942636080,50211658090,32872852760,17338805330,0,19790389794115,credit,2026-07-28T09:10:36+09:00
2022-06-23,20220623,19216099359069,10313419928330,8902679430739,53250734497,36538403439,16712331058,0,19704110361089,credit,2026-07-29T09:07:24+09:00
2022-06-24,20220624,18891897964915,10140863887692,8751034077223,48061608288,31699419254,16362189034,0,19717560528896,credit,2026-07-30T09:08:04+09:00
2022-06-27,20220627,18044309889468,9716626256280,8327683633188,42458045278,30013717770,12444327508,0,19589298408899,credit,2026-08-01T10:13:30+09:00
2022-06-28,20220628,17715553194627,9573192175058,8142361019569,49470013807,33644039857,15825973950,0,19344265471172,credit,2026-08-01T10:13:30+09:00
2022-06-29,20220629,17752911056215,9573055963344,8179855092871,52547829335,36113881586,16433947749,0,19331671009562,credit,2026-08-04T09:16:02+09:00
2022-06-30,20220630,17868304033777,9628880120996,8239423912781,53870724393,37665804405,16204919988,0,19385099801170,credit,2026-08-05T09:13:37+09:00
2022-07-01,20220701,17989174984269,9716933978789,8272241005480,52792715625,39639020210,13153695415,0,19471958543516,credit,2026-08-05T09:13:37+09:00
2022-07-04,20220704,17938977527864,9705861170548,8233116357316,50565758937,39023080527,11542678410,0,19495372097873,credit,2026-08-08T09:05:42+09:00
2022-07-05,20220705,17763609668172,9621087501819,8142522166353,50128640589,39789035288,10339605301,0,19456860250362,credit,2026-08-08T09:05:42+09:00
2022-07-06,20220706,17585925957945,9522215505286,8063710452659,47658282287,36494210431,11164071856,0,19387515270108,credit,2026-08-08T09:05:42+09:00
2022-07-07,20220707,17494596201879,9472651512778,8021944689101,56334499334,41154122325,15180377009,0,19315920425828,credit,2026-08-12T08:53:45+09:00
2022-07-08,20220708,17647337895869,9580982692064,8066355203805,54988032907,39025292864,15962740043,0,19374761655594,credit,2026-08-13T17:42:22+09:00
2022-07-11,20220711,17650485953683,9549614236290,8100871717393,58916012225,42452499022,16463513203,0,19264977247239,credit,2026-08-14T16:24:56+09:00
2022-07-12,20220712,17710299350075,9567337107042,8142962243033,59749153165,41680753443,18068399722,0,19239849291325,credit,2026-08-14T16:24:56+09:00
2022-07-13,20220713,17818888245269,9616086267566,8202801977703,59650622833,42634448513,17016174320,0,19295155398376,credit,2026-08-14T16:24:56+09:00
2022-07-14,20220714,17864833144122,9613411404691,8251421739431,57943354061,41973472995,15969881066,0,19349821675303,credit,2026-08-14T16:24:56+09:00
2022-07-15,20220715,17849439386753,9586448893454,8262990493299,62825691296,44238517431,18587173865,0,19352574085644,credit,2026-08-21T08:35:32+09:00
2022-07-18,20220718,17919284919288,9608792755296,8310492163992,65037397784,46188502537,18848895247,0,19359533743655,credit,2026-08-21T08:35:32+09:00
2022-07-19,20220719,18005319873973,9626556251275,8378763622698,62122202791,44477043911,17645158880,0,19642568210008,credit,2026-08-21T08:35:32+09:00
2022-07-20,20220720,18011795375782,9593520668825,8418274706957,62906729320,46033618076,16873111244,0,19611998991030,credit,2026-08-26T08:34:43+09:00
2022-07-21,20220721,18146993966133,9653611464438,8493382501695,64850564591,46712142710,18138421881,0,19389143322232,credit,2026-08-27T18:31:17+09:00
2022-07-22,20220722,18242032465921,9684155303879,8557877162042,65858461398,47262686842,18595774556,0,19441571005162,credit,2026-08-29T13:19:53+09:00
2022-07-25,20220725,18272101206302,9665623518327,8606477687975,67129363328,48091204721,19038158607,0,19506987407453,credit,2026-08-29T13:19:53+09:00
2022-07-26,20220726,18368907679139,9720847906693,8648059772446,68562306869,49250401537,19311905332,0,19507123857051,credit,2026-08-29T13:19:53+09:00
2022-07-27,20220727,18381462963018,9704297044647,8677165918371,72808923550,53793468173,19015455377,0,19572720024570,credit,2026-08-29T13:19:53+09:00
2022-07-28,20220728,18462659276917,9747928312702,8714730964215,73299419432,54037932580,19261486852,0,19581332035255,credit,2026-08-29T13:19:53+09:00
2022-07-28,20220728,18462659276917,9747928312702,8714730964215,73299419432,54037932580,19261486852,0,19581332035255,credit,2026-09-03T10:06:27+09:00
2022-07-29,20220729,18561877828770,9817129253271,8744748575499,70029346975,51696010316,18333336659,0,19613455349452,credit,2026-08-29T13:19:53+09:00
2022-07-29,20220729,18561877828770,9817129253271,8744748575499,70029346975,51696010316,18333336659,0,19613455349452,credit,2026-09-03T10:06:27+09:00
2022-08-01,20220801,18629993247360,9852749501991,8777243745369,75599589987,57181594902,18417995085,0,19689766985139,credit,2026-08-29T13:19:53+09:00
2022-08-01,20220801,18629993247360,9852749501991,8777243745369,75599589987,57181594902,18417995085,0,19689766985139,credit,2026-09-03T10:06:27+09:00
2022-08-02,20220802,18643116382871,9844415885142,8798700497729,78474448991,59786273753,18688175238,0,19641049090088,credit,2026-08-29T13:19:53+09:00
2022-08-02,20220802,18643116382871,9844415885142,8798700497729,78474448991,59786273753,18688175238,0,19641049090088,credit,2026-09-03T10:06:27+09:00
2022-08-03,20220803,18717412341542,9880984937400,8836427404142,80385096702,60421099058,19963997644,0,19582041297051,credit,2026-08-29T13:19:53+09:00
2022-08-03,20220803,18717412341542,9880984937400,8836427404142,80385096702,60421099058,19963997644,0,19582041297051,credit,2026-09-03T10:06:27+09:00
2022-08-04,20220804,18839028501157,9928956186199,8910072314958,77972730256,58154884186,19817846070,0,19631583448574,credit,2026-08-29T13:19:53+09:00
2022-08-04,20220804,18839028501157,9928956186199,8910072314958,77972730256,58154884186,19817846070,0,19631583448574,credit,2026-09-03T10:06:27+09:00
2022-08-05,20220805,18836376080250,9907623053974,8928753026276,79673773126,58625618001,21048155125,0,19631412679103,credit,2026-08-29T13:19:53+09:00
2022-08-05,20220805,18836376080250,9907623053974,8928753026276,79673773126,58625618001,21048155125,0,19631412679103,credit,2026-09-03T10:06:27+09:00
2022-08-08,20220808,18946270427220,9963151357360,8983119069860,79948916454,59330818877,20618097577,0,19668720306257,credit,2026-08-29T13:19:53+09:00
2022-08-08,20220808,18946270427220,9963151357360,8983119069860,79948916454,59330818877,20618097577,0,19668720306257,credit,2026-09-03T10:06:27+09:00
2022-08-09,20220809,18967828914466,9938398309308,9029430605158,79737048110,58792489044,20944559066,0,19650110772652,credit,2026-08-29T13:19:53+09:00
2022-08-09,20220809,18967828914466,9938398309308,9029430605158,79737048110,58792489044,20944559066,0,19650110772652,credit,2026-09-03T10:06:27+09:00
2022-08-10,20220810,19093064000152,9985970656848,9107093343304,80421196503,58971988299,21449208204,0,19723837356618,credit,2026-08-29T13:19:53+09:00
2022-08-10,20220810,19093064000152,9985970656848,9107093343304,80421196503,58971988299,21449208204,0,19723837356618,credit,2026-09-03T10:06:27+09:00
2022-08-11,20220811,19210996621537,10037078734724,9173917886813,83318412474,61557814761,21760597713,0,19748611294317,credit,2026-08-29T13:19:53+09:00
2022-08-11,20220811,19210996621537,10037078734724,9173917886813,83318412474,61557814761,21760597713,0,19748611294317,credit,2026-09-03T10:06:27+09:00
2022-08-12,20220812,19326656511550,10090989547933,9235666963617,81405222938,60195527118,21209695820,0,19759770835033,credit,2026-08-29T13:19:53+09:00
2022-08-12,20220812,19326656511550,10090989547933,9235666963617,81405222938,60195527118,21209695820,0,19759770835033,credit,2026-09-03T10:06:27+09:00
2022-08-16,20220816,19306625725114,10079843788941,9226781936173,80259672415,59877344097,20382328318,0,19718728514929,credit,2026-08-29T13:19:53+09:00
2022-08-16,20220816,19306625725114,10079843788941,9226781936173,80259672415,59877344097,20382328318,0,19718728514929,credit,2026-09-03T10:06:27+09:00
2022-08-17,20220817,19376372578198,10108247747025,9268124831173,80511061864,60145367027,20365694837,0,19735227822245,credit,2026-08-29T13:19:53+09:00
2022-08-17,20220817,19376372578198,10108247747025,9268124831173,80511061864,60145367027,20365694837,0,19735227822245,credit,2026-09-03T10:06:27+09:00
2022-08-18,20220818,19415177194783,10119499614958,9295677579825,82058388793,60979129964,21079258829,0,19735388041997,credit,2026-08-29T13:19:53+09:00
2022-08-18,20220818,19415177194783,10119499614958,9295677579825,82058388793,60979129964,21079258829,0,19735388041997,credit,2026-09-03T10:06:27+09:00
2022-08-19,20220819,19458847501052,10128782261356,9330065239696,79093249960,57941320331,21151929629,0,19871569107427,credit,2026-08-29T13:19:53+09:00
2022-08-19,20220819,19458847501052,10128782261356,9330065239696,79093249960,57941320331,21151929629,0,19871569107427,credit,2026-09-03T10:06:27+09:00
2022-08-22,20220822,19544967604297,10185282084159,9359685520138,81436249803,60161353996,21274895807,0,19879503184002,credit,2026-08-29T13:19:53+09:00
2022-08-22,20220822,19544967604297,10185282084159,9359685520138,81436249803,60161353996,21274895807,0,19879503184002,credit,2026-09-03T10:06:27+09:00
2022-08-23,20220823,19531315218380,10168836630278,9362478588102,79399365593,59149346036,20250019557,0,19907353043216,credit,2026-08-29T13:19:53+09:00
2022-08-23,20220823,19531315218380,10168836630278,9362478588102,79399365593,59149346036,20250019557,0,19907353043216,credit,2026-09-03T10:06:27+09:00
2022-08-24,20220824,19418526752429,10119872242589,9298654509840,76713509516,58176643101,18536866415,0,19948964645673,credit,2026-08-29T13:19:53+09:00
2022-08-24,20220824,19418526752429,10119872242589,9298654509840,76713509516,58176643101,18536866415,0,19948964645673,credit,2026-09-03T10:06:27+09:00
2022-08-25,20220825,19305035596485,10088105066385,9216930530100,74866255765,56803888501,18062367264,0,19964975434505,credit,2026-08-29T13:19:53+09:00
2022-08-25,20220825,19305035596485,10088105066385,9216930530100,74866255765,56803888501,18062367264,0,19964975434505,credit,2026-09-03T10:06:27+09:00
2022-08-26,20220826,19300068971610,10103300894370,9196768077240,79580000658,61680774823,17899225835,0,20015015368794,credit,2026-08-29T13:19:53+09:00
2022-08-26,20220826,19300068971610,10103300894370,9196768077240,79580000658,61680774823,17899225835,0,20015015368794,credit,2026-09-03T10:06:27+09:00
2022-08-29,20220829,19338099829011,10146125797406,9191974031605,77415685603,59620162571,17795523032,0,19995157063094,credit,2026-08-29T13:19:53+09:00
2022-08-29,20220829,19338099829011,10146125797406,9191974031605,77415685603,59620162571,17795523032,0,19995157063094,credit,2026-09-03T10:06:27+09:00
2022-08-30,20220830,19397498224438,10156322742172,9241175482266,79224819578,61909768371,17315051207,0,20051970826096,credit,2026-08-29T13:19:53+09:00
2022-08-30,20220830,19397498224438,10156322742172,9241175482266,79224819578,61909768371,17315051207,0,20051970826096,credit,2026-09-03T10:06:27+09:00
2022-08-31,20220831,19346494716242,10175386086347,9171108629895,75213244856,58826354614,16386890242,0,20138867365628,credit,2026-08-29T13:19:53+09:00
2022-08-31,20220831,19346494716242,10175386086347,9171108629895,75213244856,58826354614,16386890242,0,20138867365628,credit,2026-09-03T10:06:27+09:00
2022-09-01,20220901,19387811575853,10229924798377,9157886777476,76633178237,59068878235,17564300002,0,20089614359626,credit,2026-08-29T13:19:53+09:00
2022-09-01,20220901,19387811575853,10229924798377,9157886777476,76633178237,59068878235,17564300002,0,20089614359626,credit,2026-09-03T10:06:27+09:00
2022-09-02,20220902,19428052351541,10236616893255,9191435458286,80365332580,61921317309,18444015271,0,20070756968724,credit,2026-08-29T13:19:53+09:00
2022-09-02,20220902,19428052351541,10236616893255,9191435458286,80365332580,61921317309,18444015271,0,20070756968724,credit,2026-09-03T10:06:27+09:00
2022-09-05,20220905,19504650140488,10319172984543,9185477155945,77083249248,58998668151,18084581097,0,20181085763485,credit,2026-08-29T13:19:53+09:00
2022-09-05,20220905,19504650140488,10319172984543,9185477155945,77083249248,58998668151,18084581097,0,20181085763485,credit,2026-09-03T10:06:27+09:00
2022-09-06,20220906,19458228597799,10314065248681,9144163349118,77517095758,59617798856,17899296902,0,20187707604471,credit,2026-08-29T13:19:53+09:00
2022-09-06,20220906,19458228597799,10314065248681,9144163349118,77517095758,59617798856,17899296902,0,20187707604471,credit,2026-09-03T10:06:27+09:00
2022-09-07,20220907,19294761022394,10226910078163,9067850944231,78450618229,61004260679,17446357550,0,20146424900610,credit,2026-08-29T13:19:53+09:00
2022-09-07,20220907,19294761022394,10226910078163,9067850944231,78450618229,61004260679,17446357550,0,20146424900610,credit,2026-09-03T10:06:27+09:00
2022-09-08,20220908,19262269136295,10230223955301,9032045180994,80079089907,62671304030,17407785877,0,20153749546499,credit,2026-08-29T13:19:53+09:00
2022-09-08,20220908,19262269136295,10230223955301,9032045180994,80079089907,62671304030,17407785877,0,20153749546499,credit,2026-09-03T10:06:27+09:00
2022-09-13,20220913,19272864336327,10259068633330,9013795702997,77043754733,59659843714,17383911019,0,20242928989494,credit,2026-08-29T13:19:53+09:00
2022-09-13,20220913,19272864336327,10259068633330,9013795702997,77043754733,59659843714,17383911019,0,20242928989494,credit,2026-09-03T10:06:27+09:00
2022-09-14,20220914,19202948114146,10223909957367,8979038156779,76433925707,58567788753,17866136954,0,20238821563141,credit,2026-08-29T13:19:53+09:00
2022-09-14,20220914,19202948114146,10223909957367,8979038156779,76433925707,58567788753,17866136954,0,20238821563141,credit,2026-09-03T10:06:27+09:00
2022-09-15,20220915,19077041909061,10109760807133,8967281101928,76736227141,58707195857,18029031284,0,20139466135834,credit,2026-08-29T13:19:53+09:00
2022-09-15,20220915,19077041909061,10109760807133,8967281101928,76736227141,58707195857,18029031284,0,20139466135834,credit,2026-09-03T10:06:27+09:00
2022-09-16,20220916,19188604315938,10163560774482,9025043541456,75113284419,57033535120,18079749299,0,20195413799405,credit,2026-08-29T13:19:53+09:00
2022-09-16,20220916,19188604315938,10163560774482,9025043541456,75113284419,57033535120,18079749299,0,20195413799405,credit,2026-09-03T10:06:27+09:00
2022-09-19,20220919,19295045569813,10220471741948,9074573827865,78312977398,59138422937,19174554461,0,20255839409787,credit,2026-08-29T13:19:53+09:00
2022-09-19,20220919,19295045569813,10220471741948,9074573827865,78312977398,59138422937,19174554461,0,20255839409787,credit,2026-09-03T10:06:27+09:00
2022-09-20,20220920,19258952318237,10200022366254,9058929951983,73747675030,54469464282,19278210748,0,20293212911264,credit,2026-08-29T13:19:53+09:00
2022-09-20,20220920,19258952318237,10200022366254,9058929951983,73747675030,54469464282,19278210748,0,20293212911264,credit,2026-09-03T10:06:27+09:00
2022-09-21,20220921,19046770067386,10099575183531,8947194883855,70982996085,52729365971,18253630114,0,20312325072278,credit,2026-08-29T13:19:53+09:00
2022-09-21,20220921,19046770067386,10099575183531,8947194883855,70982996085,52729365971,18253630114,0,20312325072278,credit,2026-09-03T10:06:27+09:00
2022-09-22,20220922,18913447942333,10032823504069,8880624438264,74189525297,55441769473,18747755824,0,20231116746813,credit,2026-08-29T13:19:53+09:00
2022-09-22,20220922,18913447942333,10032823504069,8880624438264,74189525297,55441769473,18747755824,0,20231116746813,credit,2026-09-03T10:06:27+09:00
2022-09-23,20220923,18892818435941,10027870388971,8864948046970,70413034559,52276901202,18136133357,0,20245245354297,credit,2026-08-29T13:19:53+09:00
2022-09-23,20220923,18892818435941,10027870388971,8864948046970,70413034559,52276901202,18136133357,0,20245245354297,credit,2026-09-03T10:06:27+09:00
2022-09-26,20220926,18776731326263,9988301691393,8788429634870,70574144971,52882291417,17691853554,0,20230042552478,credit,2026-08-29T13:19:53+09:00
2022-09-26,20220926,18776731326263,9988301691393,8788429634870,70574144971,52882291417,17691853554,0,20230042552478,credit,2026-09-03T10:06:27+09:00
2022-09-27,20220927,18592848021544,9898061583179,8694786438365,62600403954,47298213831,15302190123,0,20286579449599,credit,2026-08-29T13:19:53+09:00
2022-09-27,20220927,18592848021544,9898061583179,8694786438365,62600403954,47298213831,15302190123,0,20286579449599,credit,2026-09-03T10:06:27+09:00
2022-09-28,20220928,17909551640509,9562388625972,8347163014537,51708533758,38696622216,13011911542,0,20206651043522,credit,2026-08-29T13:19:53+09:00
2022-09-28,20220928,17909551640509,9562388625972,8347163014537,51708533758,38696622216,13011911542,0,20206651043522,credit,2026-09-03T10:06:27+09:00
2022-09-29,20220929,17461183602791,9364631070203,8096552532588,52861813009,39505588726,13356224283,0,19995816458155,credit,2026-08-29T13:19:53+09:00
2022-09-29,20220929,17461183602791,9364631070203,8096552532588,52861813009,39505588726,13356224283,0,19995816458155,credit,2026-09-03T10:06:27+09:00
2022-09-30,20220930,17164768278707,9217312088029,7947456190678,46716639625,34786175403,11930464222,0,20011326285014,credit,2026-08-29T13:19:53+09:00
2022-09-30,20220930,17164768278707,9217312088029,7947456190678,46716639625,34786175403,11930464222,0,20011326285014,credit,2026-09-03T10:06:27+09:00
2022-10-04,20221004,16848300258670,9058777300456,7789522958214,49454514019,36321112174,13133401845,0,19872736497152,credit,2026-08-29T13:19:53+09:00
2022-10-04,20221004,16848300258670,9058777300456,7789522958214,49454514019,36321112174,13133401845,0,19872736497152,credit,2026-09-03T10:06:27+09:00
2022-10-05,20221005,16613700802341,8931635625184,7682065177157,49354494184,36581816998,12772677186,0,19802563274393,credit,2026-08-29T13:19:53+09:00
2022-10-05,20221005,16613700802341,8931635625184,7682065177157,49354494184,36581816998,12772677186,0,19802563274393,credit,2026-09-03T10:06:27+09:00
2022-10-13,20221013,16437449110539,8813814437680,7623634672859,58666248709,45591391576,13074857133,0,19772057425486,credit,2026-08-29T13:19:53+09:00
2022-10-13,20221013,16437449110539,8813814437680,7623634672859,58666248709,45591391576,13074857133,0,19772057425486,credit,2026-09-03T10:06:27+09:00
2022-10-14,20221014,16270374257645,8728822357106,7541551900539,62027307862,48098961515,13928346347,0,19644928284421,credit,2026-08-29T13:19:53+09:00
2022-10-14,20221014,16270374257645,8728822357106,7541551900539,62027307862,48098961515,13928346347,0,19644928284421,credit,2026-09-03T10:06:27+09:00
2022-10-17,20221017,16044694326804,8621074004340,7423620322464,59545080914,45493966288,14051114626,0,19640655518226,credit,2026-08-29T13:19:53+09:00
2022-10-17,20221017,16044694326804,8621074004340,7423620322464,59545080914,45493966288,14051114626,0,19640655518226,credit,2026-09-03T10:06:27+09:00
2022-10-18,20221018,15962164723325,8576073980862,7386090742463,63726773773,46931446532,16795327241,0,19560466127565,credit,2026-08-29T13:19:53+09:00
2022-10-18,20221018,15962164723325,8576073980862,7386090742463,63726773773,46931446532,16795327241,0,19560466127565,credit,2026-09-03T10:06:27+09:00
2022-10-19,20221019,16022453737983,8606582644050,7415871093933,67394166541,49113507842,18280658699,0,19540689727166,credit,2026-08-29T13:19:53+09:00
2022-10-19,20221019,16022453737983,8606582644050,7415871093933,67394166541,49113507842,18280658699,0,19540689727166,credit,2026-09-03T10:06:27+09:00
2022-10-20,20221020,16117418222221,8628378076918,7489040145303,67851813572,49968359560,17883454012,0,19553220177102,credit,2026-08-29T13:19:53+09:00
2022-10-20,20221020,16117418222221,8628378076918,7489040145303,67851813572,49968359560,17883454012,0,19553220177102,credit,2026-09-03T10:06:27+09:00
2022-10-21,20221021,16171616245771,8654490823838,7517125421933,70293853928,51226436221,19067417707,0,19588690447833,credit,2026-08-29T13:19:53+09:00
2022-10-21,20221021,16171616245771,8654490823838,7517125421933,70293853928,51226436221,19067417707,0,19588690447833,credit,2026-09-03T10:06:27+09:00
2022-10-24,20221024,16257659111055,8706307725625,7551351385430,67442645465,49637066153,17805579312,0,19638045004955,credit,2026-08-29T13:19:53+09:00
2022-10-24,20221024,16257659111055,8706307725625,7551351385430,67442645465,49637066153,17805579312,0,19638045004955,credit,2026-09-03T10:06:27+09:00
2022-10-25,20221025,16225053436066,8688015359960,7537038076106,68792528298,50561486782,18231041516,0,19622122725419,credit,2026-08-29T13:19:53+09:00
2022-10-25,20221025,16225053436066,8688015359960,7537038076106,68792528298,50561486782,18231041516,0,19622122725419,credit,2026-09-03T10:06:27+09:00
2022-10-26,20221026,16142800007029,8661569153166,7481230853863,70659828327,51171951104,19487877223,0,19559681653835,credit,2026-08-29T13:19:53+09:00
2022-10-26,20221026,16142800007029,8661569153166,7481230853863,70659828327,51171951104,19487877223,0,19559681653835,credit,2026-09-03T10:06:27+09:00
2022-10-27,20221027,16155634918596,8657577831914,7498057086682,72910471452,52755708098,20154763354,0,19590417207090,credit,2026-08-29T13:19:53+09:00
2022-10-27,20221027,16155634918596,8657577831914,7498057086682,72910471452,52755708098,20154763354,0,19590417207090,credit,2026-09-03T10:06:27+09:00
2022-10-28,20221028,16156230309955,8640753790143,7515476519812,76090176226,56160297183,19929879043,0,19559265885977,credit,2026-08-29T13:19:53+09:00
2022-10-28,20221028,16156230309955,8640753790143,7515476519812,76090176226,56160297183,19929879043,0,19559265885977,credit,2026-09-03T10:06:27+09:00
2022-10-31,20221031,16075685548217,8570354193474,7505331354743,79082576434,58843512621,20239063813,0,19535621787569,credit,2026-08-29T13:19:53+09:00
2022-10-31,20221031,16075685548217,8570354193474,7505331354743,79082576434,58843512621,20239063813,0,19535621787569,credit,2026-09-03T10:06:27+09:00
2022-11-01,20221101,16104147142420,8585938278197,7518208864223,77102728195,56756009927,20346718268,0,19583183168495,credit,2026-08-29T13:19:53+09:00
2022-11-01,20221101,16104147142420,8585938278197,7518208864223,77102728195,56756009927,20346718268,0,19583183168495,credit,2026-09-03T10:06:27+09:00
2022-11-02,20221102,16111596156483,8594966423074,7516629733409,77692942650,57169863696,20523078954,0,19535692528486,credit,2026-08-29T13:19:53+09:00
2022-11-02,20221102,16111596156483,8594966423074,7516629733409,77692942650,57169863696,20523078954,0,19535692528486,credit,2026-09-03T10:06:27+09:00
2022-11-03,20221103,16115113782658,8618105908192,7497007874466,80378178840,59535133916,20843044924,0,19460521832138,credit,2026-08-29T13:19:53+09:00
2022-11-03,20221103,16115113782658,8618105908192,7497007874466,80378178840,59535133916,20843044924,0,19460521832138,credit,2026-09-03T10:06:27+09:00
2022-11-04,20221104,16158220159837,8622470816412,7535749343425,79681310342,58224137252,21457173090,0,19532638104122,credit,2026-08-29T13:19:53+09:00
2022-11-04,20221104,16158220159837,8622470816412,7535749343425,79681310342,58224137252,21457173090,0,19532638104122,credit,2026-09-03T10:06:27+09:00
2022-11-07,20221107,16290081365965,8727633929659,7562447436306,78491339417,57252974615,21238364802,0,19562719372722,credit,2026-08-29T13:19:53+09:00
2022-11-07,20221107,16290081365965,8727633929659,7562447436306,78491339417,57252974615,21238364802,0,19562719372722,credit,2026-09-03T10:06:27+09:00
2022-11-08,20221108,16334254064892,8720638440720,7613615624172,78387692155,58736711612,19650980543,0,19564888223958,credit,2026-08-29T13:19:53+09:00
2022-11-08,20221108,16334254064892,8720638440720,7613615624172,78387692155,58736711612,19650980543,0,19564888223958,credit,2026-09-03T10:06:27+09:00
2022-11-09,20221109,16353345488941,8728105275476,7625240213465,80827718494,61461893095,19365825399,0,19582627074739,credit,2026-08-29T13:19:53+09:00
2022-11-09,20221109,16353345488941,8728105275476,7625240213465,80827718494,61461893095,19365825399,0,19582627074739,credit,2026-09-03T10:06:27+09:00
2022-11-10,20221110,16308810708889,8671595284630,7637215424259,81446012633,62246915499,19199097134,0,19510615086562,credit,2026-08-29T13:19:53+09:00
2022-11-10,20221110,16308810708889,8671595284630,7637215424259,81446012633,62246915499,19199097134,0,19510615086562,credit,2026-09-03T10:06:27+09:00
2022-11-11,20221111,16341818706634,8637646441361,7704172265273,83875097941,64157852152,19717245789,0,19498076296770,credit,2026-08-29T13:19:53+09:00
2022-11-11,20221111,16341818706634,8637646441361,7704172265273,83875097941,64157852152,19717245789,0,19498076296770,credit,2026-09-03T10:06:27+09:00
2022-11-14,20221114,16484209163717,8696303648493,7787905515224,83610188290,63695938388,19914249902,0,19573106183661,credit,2026-08-29T13:19:53+09:00
2022-11-14,20221114,16484209163717,8696303648493,7787905515224,83610188290,63695938388,19914249902,0,19573106183661,credit,2026-09-03T10:06:27+09:00
2022-11-15,20221115,16420768198636,8646213848718,7774554349918,84153784486,63941947941,20211836545,0,19504799627704,credit,2026-08-29T13:19:53+09:00
2022-11-15,20221115,16420768198636,8646213848718,7774554349918,84153784486,63941947941,20211836545,0,19504799627704,credit,2026-09-03T10:06:27+09:00
2022-11-16,20221116,16577275297122,8713266885672,7864008411450,85336293488,64484498109,20851795379,0,19504579314894,credit,2026-08-29T13:19:53+09:00
2022-11-16,20221116,16577275297122,8713266885672,7864008411450,85336293488,64484498109,20851795379,0,19504579314894,credit,2026-09-03T10:06:27+09:00
2022-11-17,20221117,16704597186763,8838737957111,7865859229652,85224683145,63313669284,21911013861,0,19525600920803,credit,2026-08-29T13:19:53+09:00
2022-11-17,20221117,16704597186763,8838737957111,7865859229652,85224683145,63313669284,21911013861,0,19525600920803,credit,2026-09-03T10:06:27+09:00
2022-11-18,20221118,16879352734517,8935194989721,7944157744796,85280446962,62941706970,22338739992,0,19485460341217,credit,2026-08-29T13:19:53+09:00
2022-11-18,20221118,16879352734517,8935194989721,7944157744796,85280446962,62941706970,22338739992,0,19485460341217,credit,2026-09-03T10:06:27+09:00
2022-11-21,20221121,17011185382612,9010570968765,8000614413847,85288664584,62514334704,22774329880,0,19525434838909,credit,2026-08-29T13:19:53+09:00
2022-11-21,20221121,17011185382612,9010570968765,8000614413847,85288664584,62514334704,22774329880,0,19525434838909,credit,2026-09-03T10:06:27+09:00
2022-11-22,20221122,17008772099143,8995049349396,8013722749747,84858585984,62629071372,22229514612,0,19491632166648,credit,2026-08-29T13:19:53+09:00
2022-11-22,20221122,17008772099143,8995049349396,8013722749747,84858585984,62629071372,22229514612,0,19491632166648,credit,2026-09-03T10:06:27+09:00
2022-11-23,20221123,17007737957601,8989091345803,8018646611798,84444258600,62478125060,21966133540,0,19496011869108,credit,2026-08-29T13:19:53+09:00
2022-11-23,20221123,17007737957601,8989091345803,8018646611798,84444258600,62478125060,21966133540,0,19496011869108,credit,2026-09-03T10:06:27+09:00
2022-11-24,20221124,17024872325673,9009072676260,8015799649413,82626480523,61736995044,20889485479,0,19505685863185,credit,2026-08-29T13:19:53+09:00
2022-11-24,20221124,17024872325673,9009072676260,8015799649413,82626480523,61736995044,20889485479,0,19505685863185,credit,2026-09-03T10:06:27+09:00
2022-11-25,20221125,17023765651044,9030135342097,7993630308947,83467344811,62604813784,20862531027,0,19526709768196,credit,2026-08-29T13:19:53+09:00
2022-11-25,20221125,17023765651044,9030135342097,7993630308947,83467344811,62604813784,20862531027,0,19526709768196,credit,2026-09-03T10:06:27+09:00
2022-11-28,20221128,17044249717978,9047162901949,7997086816029,84489772260,63001560989,21488211271,0,19497093951368,credit,2026-08-29T13:19:53+09:00
2022-11-28,20221128,17044249717978,9047162901949,7997086816029,84489772260,63001560989,21488211271,0,19497093951368,credit,2026-09-03T10:06:27+09:00
2022-11-29,20221129,17085869777201,9057000591167,8028869186034,83842397511,62281105789,21561291722,0,19521157527321,credit,2026-08-29T13:19:53+09:00
2022-11-29,20221129,17085869777201,9057000591167,8028869186034,83842397511,62281105789,21561291722,0,19521157527321,credit,2026-09-03T10:06:27+09:00
2022-11-30,20221130,17134051015286,9093792352364,8040258662922,81927393671,61010924516,20916469155,0,19611285647173,credit,2026-08-29T13:19:53+09:00
2022-11-30,20221130,17134051015286,9093792352364,8040258662922,81927393671,61010924516,20916469155,0,19611285647173,credit,2026-09-03T10:06:27+09:00
2022-12-01,20221201,17095973480840,9057198773286,8038774707554,82516145906,61999356400,20516789506,0,19503365941771,credit,2026-08-29T13:19:53+09:00
2022-12-01,20221201,17095973480840,9057198773286,8038774707554,82516145906,61999356400,20516789506,0,19503365941771,credit,2026-09-03T10:06:27+09:00
2022-12-02,20221202,17114273386166,9039165524641,8075107861525,86848616864,66154488640,20694128224,0,19433642274963,credit,2026-08-29T13:19:53+09:00
2022-12-02,20221202,17114273386166,9039165524641,8075107861525,86848616864,66154488640,20694128224,0,19433642274963,credit,2026-09-03T10:06:27+09:00
2022-12-05,20221205,17137010692994,9062707837507,8074302855487,82763326551,61603543705,21159782846,0,19433503589743,credit,2026-08-29T13:19:53+09:00
2022-12-05,20221205,17137010692994,9062707837507,8074302855487,82763326551,61603543705,21159782846,0,19433503589743,credit,2026-09-03T10:06:27+09:00
2022-12-06,20221206,17298471782446,9173792738649,8124679043797,80276295297,59832719736,20443575561,0,19512522279130,credit,2026-08-29T13:19:53+09:00
2022-12-06,20221206,17298471782446,9173792738649,8124679043797,80276295297,59832719736,20443575561,0,19512522279130,credit,2026-09-03T10:06:27+09:00
2022-12-07,20221207,17346494814156,9231438776912,8115056037244,79134532382,58555012592,20579519790,0,19469710095259,credit,2026-08-29T13:19:53+09:00
2022-12-07,20221207,17346494814156,9231438776912,8115056037244,79134532382,58555012592,20579519790,0,19469710095259,credit,2026-09-03T10:06:27+09:00
2022-12-08,20221208,17362742392239,9244127236195,8118615156044,77479844901,57551080726,19928764175,0,19456774705382,credit,2026-08-29T13:19:53+09:00
2022-12-08,20221208,17362742392239,9244127236195,8118615156044,77479844901,57551080726,19928764175,0,19456774705382,credit,2026-09-03T10:06:27+09:00
2022-12-09,20221209,17335295585202,9238147432747,8097148152455,78363895441,57582777384,20781118057,0,19433464945043,credit,2026-08-29T13:19:53+09:00
2022-12-09,20221209,17335295585202,9238147432747,8097148152455,78363895441,57582777384,20781118057,0,19433464945043,credit,2026-09-03T10:06:27+09:00
2022-12-12,20221212,17313236724847,9245175187401,8068061537446,76716099735,57201900018,19514199717,0,19392107935902,credit,2026-08-29T13:19:53+09:00
2022-12-12,20221212,17313236724847,9245175187401,8068061537446,76716099735,57201900018,19514199717,0,19392107935902,credit,2026-09-03T10:06:27+09:00
2022-12-13,20221213,17177453869276,9140402096046,8037051773230,73008000361,52687048582,20320951779,0,19336576813483,credit,2026-08-29T13:19:53+09:00
2022-12-13,20221213,17177453869276,9140402096046,8037051773230,73008000361,52687048582,20320951779,0,19336576813483,credit,2026-09-03T10:06:27+09:00
2022-12-14,20221214,17186985207660,9151121149688,8035864057972,71487792305,51622509030,19865283275,0,19344457690171,credit,2026-08-29T13:19:53+09:00
2022-12-14,20221214,17186985207660,9151121149688,8035864057972,71487792305,51622509030,19865283275,0,19344457690171,credit,2026-09-03T10:06:27+09:00
2022-12-15,20221215,17190257897430,9161363223981,8028894673449,70537222020,51066924442,19470297578,0,19366001077386,credit,2026-08-29T13:19:53+09:00
2022-12-15,20221215,17190257897430,9161363223981,8028894673449,70537222020,51066924442,19470297578,0,19366001077386,credit,2026-09-03T10:06:27+09:00
2022-12-16,20221216,17145630672431,9131520220564,8014110451867,72802493245,53309006049,19493487196,0,19267989753974,credit,2026-08-29T13:19:53+09:00
2022-12-16,20221216,17145630672431,9131520220564,8014110451867,72802493245,53309006049,19493487196,0,19267989753974,credit,2026-09-03T10:06:27+09:00
2022-12-19,20221219,17235130612509,9193896778145,8041233834364,71611176730,52696142907,18915033823,0,19306979905521,credit,2026-08-29T13:19:53+09:00
2022-12-19,20221219,17235130612509,9193896778145,8041233834364,71611176730,52696142907,18915033823,0,19306979905521,credit,2026-09-03T10:06:27+09:00
2022-12-20,20221220,17200640315563,9164214536823,8036425778740,72756944599,53879359218,18877585381,0,19316492505728,credit,2026-08-29T13:19:53+09:00
2022-12-20,20221220,17200640315563,9164214536823,8036425778740,72756944599,53879359218,18877585381,0,19316492505728,credit,2026-09-03T10:06:27+09:00
2022-12-21,20221221,17210218085504,9169467197429,8040750888075,71554013660,51530245776,20023767884,0,19253012465594,credit,2026-08-29T13:19:53+09:00
2022-12-21,20221221,17210218085504,9169467197429,8040750888075,71554013660,51530245776,20023767884,0,19253012465594,credit,2026-09-03T10:06:27+09:00
2022-12-22,20221222,17131497167474,9122316355434,8009180812040,69934858698,51807640939,18127217759,0,19288584114636,credit,2026-08-29T13:19:53+09:00
2022-12-22,20221222,17131497167474,9122316355434,8009180812040,69934858698,51807640939,18127217759,0,19288584114636,credit,2026-09-03T10:06:27+09:00
2022-12-23,20221223,17075345298926,9106801990671,7968543308255,71023904541,52435411297,18588493244,0,19264917404564,credit,2026-08-29T13:19:53+09:00
2022-12-23,20221223,17075345298926,9106801990671,7968543308255,71023904541,52435411297,18588493244,0,19264917404564,credit,2026-09-03T10:06:27+09:00
2022-12-26,20221226,16965980591649,9026291660361,7939688931288,71946003196,52420429873,19525573323,0,19192870621221,credit,2026-08-29T13:19:53+09:00
2022-12-26,20221226,16965980591649,9026291660361,7939688931288,71946003196,52420429873,19525573323,0,19192870621221,credit,2026-09-03T10:06:27+09:00
2022-12-27,20221227,16875776664607,8962157119864,7913619544743,63688807310,46633488364,17055318946,0,19208616782852,credit,2026-08-29T13:19:53+09:00
2022-12-27,20221227,16875776664607,8962157119864,7913619544743,63688807310,46633488364,17055318946,0,19208616782852,credit,2026-09-03T10:06:27+09:00
2022-12-28,20221228,16707096869285,8876504418325,7830592450960,65493898362,46809990274,18683908088,0,19014031348302,credit,2026-08-29T13:19:53+09:00
2022-12-28,20221228,16707096869285,8876504418325,7830592450960,65493898362,46809990274,18683908088,0,19014031348302,credit,2026-09-03T10:06:27+09:00
2022-12-29,20221229,16528597795582,8763314773094,7765283022488,67334913506,48875603755,18459309751,0,18869259367403,credit,2026-08-29T13:19:53+09:00
2022-12-29,20221229,16528597795582,8763314773094,7765283022488,67334913506,48875603755,18459309751,0,18869259367403,credit,2026-09-03T10:06:27+09:00
2022-12-30,20221230,16518647535843,8757708701375,7760938834468,67334913506,48875603755,18459309751,0,18868972190240,credit,2026-08-29T13:19:53+09:00
2022-12-30,20221230,16518647535843,8757708701375,7760938834468,67334913506,48875603755,18459309751,0,18868972190240,credit,2026-09-03T10:06:27+09:00
2023-01-02,20230102,16531124096922,8774253162618,7756870934304,64821408628,46774775126,18046633502,0,18841501637803,credit,2026-08-29T13:19:53+09:00
2023-01-02,20230102,16531124096922,8774253162618,7756870934304,64821408628,46774775126,18046633502,0,18841501637803,credit,2026-09-03T10:06:27+09:00
2023-01-03,20230103,16363192916816,8703527947320,7659664969496,61022708257,42650472861,18372235396,0,18751080737700,credit,2026-08-29T13:19:53+09:00
2023-01-03,20230103,16363192916816,8703527947320,7659664969496,61022708257,42650472861,18372235396,0,18751080737700,credit,2026-09-03T10:06:27+09:00
2023-01-04,20230104,16120144571619,8584731298527,7535413273092,60683542523,40058930615,20624611908,0,18680101344659,credit,2026-08-29T13:19:53+09:00
2023-01-04,20230104,16120144571619,8584731298527,7535413273092,60683542523,40058930615,20624611908,0,18680101344659,credit,2026-09-03T10:06:27+09:00
2023-01-05,20230105,15930721275829,8495596729758,7435124546071,60882899021,38762142394,22120756627,0,18636237560298,credit,2026-08-29T13:19:53+09:00
2023-01-05,20230105,15930721275829,8495596729758,7435124546071,60882899021,38762142394,22120756627,0,18636237560298,credit,2026-09-03T10:06:27+09:00
2023-01-06,20230106,15888251251282,8445968955082,7442282296200,63587046851,40361530950,23225515901,0,18615053710937,credit,2026-08-29T13:19:53+09:00
2023-01-06,20230106,15888251251282,8445968955082,7442282296200,63587046851,40361530950,23225515901,0,18615053710937,credit,2026-09-03T10:06:27+09:00
2023-01-09,20230109,15944622934612,8447157955577,7497464979035,67282928486,43967305037,23315623449,0,18660955176134,credit,2026-08-29T13:19:53+09:00
2023-01-09,20230109,15944622934612,8447157955577,7497464979035,67282928486,43967305037,23315623449,0,18660955176134,credit,2026-09-03T10:06:27+09:00
2023-01-10,20230110,15911221047391,8407498498440,7503722548951,71216503918,46812137646,24404366272,0,18635664896177,credit,2026-08-29T13:19:53+09:00
2023-01-10,20230110,15911221047391,8407498498440,7503722548951,71216503918,46812137646,24404366272,0,18635664896177,credit,2026-09-03T10:06:27+09:00
2023-01-11,20230111,15810248597040,8273091833585,7537156763455,75216203884,50275668513,24940535371,0,18576403380777,credit,2026-08-29T13:19:53+09:00
2023-01-11,20230111,15810248597040,8273091833585,7537156763455,75216203884,50275668513,24940535371,0,18576403380777,credit,2026-09-03T10:06:27+09:00
2023-01-12,20230112,15898255334063,8279230601327,7619024732736,78059906161,52393772717,25666133444,0,18620312397583,credit,2026-08-29T13:19:53+09:00
2023-01-12,20230112,15898255334063,8279230601327,7619024732736,78059906161,52393772717,25666133444,0,18620312397583,credit,2026-09-03T10:06:27+09:00
2023-01-13,20230113,15892806380797,8277407079071,7615399301726,79854913114,53774190900,26080722214,0,18588129050772,credit,2026-08-29T13:19:53+09:00
2023-01-13,20230113,15892806380797,8277407079071,7615399301726,79854913114,53774190900,26080722214,0,18588129050772,credit,2026-09-03T10:06:27+09:00
2023-01-16,20230116,15982012237546,8317573485631,7664438751915,78909006874,52856419539,26052587335,0,18656201163816,credit,2026-08-29T13:19:53+09:00
2023-01-16,20230116,15982012237546,8317573485631,7664438751915,78909006874,52856419539,26052587335,0,18656201163816,credit,2026-09-03T10:06:27+09:00
2023-01-17,20230117,15988999434031,8283035201389,7705964232642,80944455511,54811936599,26132518912,0,18642180858430,credit,2026-08-29T13:19:53+09:00
2023-01-17,20230117,15988999434031,8283035201389,7705964232642,80944455511,54811936599,26132518912,0,18642180858430,credit,2026-09-03T10:06:27+09:00
2023-01-18,20230118,16018217622183,8279019031140,7739198591043,82752580657,56775603726,25976976931,0,18648508053424,credit,2026-08-29T13:19:53+09:00
2023-01-18,20230118,16018217622183,8279019031140,7739198591043,82752580657,56775603726,25976976931,0,18648508053424,credit,2026-09-03T10:06:27+09:00
2023-01-19,20230119,16089326973239,8304533228699,7784793744540,81166232457,55247843631,25918388826,0,18701214975945,credit,2026-08-29T13:19:53+09:00
2023-01-19,20230119,16089326973239,8304533228699,7784793744540,81166232457,55247843631,25918388826,0,18701214975945,credit,2026-09-03T10:06:27+09:00
2023-01-20,20230120,16138275443441,8331672219193,7806603224248,80885742169,55201300051,25684442118,0,18707507080792,credit,2026-08-29T13:19:53+09:00
2023-01-20,20230120,16138275443441,8331672219193,7806603224248,80885742169,55201300051,25684442118,0,18707507080792,credit,2026-09-03T10:06:27+09:00
2023-01-25,20230125,16135544475349,8319966111176,7815578364173,81185761048,54189557984,26996203064,0,18757565990585,credit,2026-08-29T13:19:53+09:00
2023-01-25,20230125,16135544475349,8319966111176,7815578364173,81185761048,54189557984,26996203064,0,18757565990585,credit,2026-09-03T10:06:27+09:00
2023-01-26,20230126,16118703744878,8279852462491,7838851282387,80798178023,54469838764,26328339259,0,18744839709346,credit,2026-08-29T13:19:53+09:00
2023-01-26,20230126,16118703744878,8279852462491,7838851282387,80798178023,54469838764,26328339259,0,18744839709346,credit,2026-09-03T10:06:27+09:00
2023-01-27,20230127,16091337170841,8259842462995,7831494707846,86458462707,58191976993,28266485714,0,18787515200936,credit,2026-08-29T13:19:53+09:00
2023-01-27,20230127,16091337170841,8259842462995,7831494707846,86458462707,58191976993,28266485714,0,18787515200936,credit,2026-09-03T10:06:27+09:00
2023-01-30,20230130,16099786307010,8231160256761,7868626050249,87573286551,59191424793,28381861758,0,18903991787760,credit,2026-08-29T13:19:53+09:00
2023-01-30,20230130,16099786307010,8231160256761,7868626050249,87573286551,59191424793,28381861758,0,18903991787760,credit,2026-09-03T10:06:27+09:00
2023-01-31,20230131,16094408471050,8176538741943,7917869729107,89882691965,60977236884,28905455081,0,18894848717737,credit,2026-08-29T13:19:53+09:00
2023-01-31,20230131,16094408471050,8176538741943,7917869729107,89882691965,60977236884,28905455081,0,18894848717737,credit,2026-09-03T10:06:27+09:00
2023-02-01,20230201,16253586107938,8286862413921,7966723694017,88557470231,58031171226,30526299005,0,18977847325194,credit,2026-08-29T13:19:53+09:00
2023-02-01,20230201,16253586107938,8286862413921,7966723694017,88557470231,58031171226,30526299005,0,18977847325194,credit,2026-09-03T10:06:27+09:00
2023-02-02,20230202,16348403391891,8351784048545,7996619343346,86290313871,56647893593,29642420278,0,19019131967250,credit,2026-08-29T13:19:53+09:00
2023-02-02,20230202,16348403391891,8351784048545,7996619343346,86290313871,56647893593,29642420278,0,19019131967250,credit,2026-09-03T10:06:27+09:00
2023-02-03,20230203,16361368175206,8369012829689,7992355345517,87308622700,57129515919,30179106781,0,18992205854600,credit,2026-08-29T13:19:53+09:00
2023-02-03,20230203,16361368175206,8369012829689,7992355345517,87308622700,57129515919,30179106781,0,18992205854600,credit,2026-09-03T10:06:27+09:00
2023-02-06,20230206,16426136273031,8390875252061,8035261020970,87617307162,57054547018,30562760144,0,18955659847090,credit,2026-08-29T13:19:53+09:00
2023-02-06,20230206,16426136273031,8390875252061,8035261020970,87617307162,57054547018,30562760144,0,18955659847090,credit,2026-09-03T10:06:27+09:00
2023-02-07,20230207,16452740251059,8359178460044,8093561791015,90102988940,58216081087,31886907853,0,19015020190777,credit,2026-08-29T13:19:53+09:00
2023-02-07,20230207,16452740251059,8359178460044,8093561791015,90102988940,58216081087,31886907853,0,19015020190777,credit,2026-09-03T10:06:27+09:00
2023-02-08,20230208,16625378717419,8472580552190,8152798165229,87012976544,55191994477,31820982067,0,19135185866696,credit,2026-08-29T13:19:53+09:00
2023-02-08,20230208,16625378717419,8472580552190,8152798165229,87012976544,55191994477,31820982067,0,19135185866696,credit,2026-09-03T10:06:27+09:00
2023-02-09,20230209,16715547646242,8537951919244,8177595726998,88391831025,54841483852,33550347173,0,19090558493291,credit,2026-08-29T13:19:53+09:00
2023-02-09,20230209,16715547646242,8537951919244,8177595726998,88391831025,54841483852,33550347173,0,19090558493291,credit,2026-09-03T10:06:27+09:00
2023-02-10,20230210,16792153145988,8544225914424,8247927231564,90329435370,56386684161,33942751209,0,19078466136952,credit,2026-08-29T13:19:53+09:00
2023-02-10,20230210,16792153145988,8544225914424,8247927231564,90329435370,56386684161,33942751209,0,19078466136952,credit,2026-09-03T10:06:27+09:00
2023-02-13,20230213,16969041056762,8615561306022,8353479750740,90969773805,54851352308,36118421497,0,19125950811896,credit,2026-08-29T13:19:53+09:00
2023-02-13,20230213,16969041056762,8615561306022,8353479750740,90969773805,54851352308,36118421497,0,19125950811896,credit,2026-09-03T10:06:27+09:00
2023-02-14,20230214,17120952227015,8692633424766,8428318802249,89926417301,53837329081,36089088220,0,19198472279352,credit,2026-08-29T13:19:53+09:00
2023-02-14,20230214,17120952227015,8692633424766,8428318802249,89926417301,53837329081,36089088220,0,19198472279352,credit,2026-09-03T10:06:27+09:00
2023-02-15,20230215,17189101692564,8732042178099,8457059514465,89446419475,51553808170,37892611305,0,19213242800224,credit,2026-08-29T13:19:53+09:00
2023-02-15,20230215,17189101692564,8732042178099,8457059514465,89446419475,51553808170,37892611305,0,19213242800224,credit,2026-09-03T10:06:27+09:00
2023-02-16,20230216,17142333450111,8689456816916,8452876633195,91343552936,52859808810,38483744126,0,19186337018716,credit,2026-08-29T13:19:53+09:00
2023-02-16,20230216,17142333450111,8689456816916,8452876633195,91343552936,52859808810,38483744126,0,19186337018716,credit,2026-09-03T10:06:27+09:00
2023-02-17,20230217,17316884276648,8798838919464,8518045357184,91272496233,52074719458,39197776775,0,19303193986176,credit,2026-08-29T13:19:53+09:00
2023-02-17,20230217,17316884276648,8798838919464,8518045357184,91272496233,52074719458,39197776775,0,19303193986176,credit,2026-09-03T10:06:27+09:00
2023-02-20,20230220,17222067601053,8742770334158,8479297266895,94017949895,53502745724,40515204171,0,19262346101762,credit,2026-08-29T13:19:53+09:00
2023-02-20,20230220,17222067601053,8742770334158,8479297266895,94017949895,53502745724,40515204171,0,19262346101762,credit,2026-09-03T10:06:27+09:00
2023-02-21,20230221,17362177040664,8800511424579,8561665616085,90473861471,51725603660,38748257811,0,19477278942882,credit,2026-08-29T13:19:53+09:00
2023-02-21,20230221,17362177040664,8800511424579,8561665616085,90473861471,51725603660,38748257811,0,19477278942882,credit,2026-09-03T10:06:27+09:00
2023-02-22,20230222,17418152798145,8840471507571,8577681290574,88283645857,50085863984,38197781873,0,19510172720671,credit,2026-08-29T13:19:53+09:00
2023-02-22,20230222,17418152798145,8840471507571,8577681290574,88283645857,50085863984,38197781873,0,19510172720671,credit,2026-09-03T10:06:27+09:00
2023-02-23,20230223,17540080890470,8868322732842,8671758157628,89147171686,50826593589,38320578097,0,19379282667641,credit,2026-08-29T13:19:53+09:00
2023-02-23,20230223,17540080890470,8868322732842,8671758157628,89147171686,50826593589,38320578097,0,19379282667641,credit,2026-09-03T10:06:27+09:00
2023-02-24,20230224,17716153537307,8972045466378,8744108070929,86310367455,48507897129,37802470326,0,19523234471178,credit,2026-08-29T13:19:53+09:00
2023-02-24,20230224,17716153537307,8972045466378,8744108070929,86310367455,48507897129,37802470326,0,19523234471178,credit,2026-09-03T10:06:27+09:00
2023-02-27,20230227,17712291286680,8947939794409,8764351492271,88276777262,51725180884,36551596378,0,19541923034150,credit,2026-08-29T13:19:53+09:00
2023-02-27,20230227,17712291286680,8947939794409,8764351492271,88276777262,51725180884,36551596378,0,19541923034150,credit,2026-09-03T10:06:27+09:00
2023-02-28,20230228,17761243694034,8959081642073,8802162051961,88684011512,50891257494,37792754018,0,19571476368728,credit,2026-08-29T13:19:53+09:00
2023-02-28,20230228,17761243694034,8959081642073,8802162051961,88684011512,50891257494,37792754018,0,19571476368728,credit,2026-09-03T10:06:27+09:00
2023-03-02,20230302,17812456928743,9002552320577,8809904608166,86743213530,47195548462,39547665068,0,19582705488092,credit,2026-08-29T13:19:53+09:00
2023-03-02,20230302,17812456928743,9002552320577,8809904608166,86743213530,47195548462,39547665068,0,19582705488092,credit,2026-09-03T10:06:27+09:00
2023-03-03,20230303,17787710459924,8965707155254,8822003304670,89069410621,47122033652,41947376969,0,19544880920491,credit,2026-08-29T13:19:53+09:00
2023-03-03,20230303,17787710459924,8965707155254,8822003304670,89069410621,47122033652,41947376969,0,19544880920491,credit,2026-09-03T10:06:27+09:00
2023-03-06,20230306,17862774303354,8964255467762,8898518835592,90786376090,50429055325,40357320765,0,19556467141010,credit,2026-08-29T13:19:53+09:00
2023-03-06,20230306,17862774303354,8964255467762,8898518835592,90786376090,50429055325,40357320765,0,19556467141010,credit,2026-09-03T10:06:27+09:00
2023-03-07,20230307,17889929959753,8981893127042,8908036832711,94011153246,50489687568,43521465678,0,19548767379509,credit,2026-08-29T13:19:53+09:00
2023-03-07,20230307,17889929959753,8981893127042,8908036832711,94011153246,50489687568,43521465678,0,19548767379509,credit,2026-09-03T10:06:27+09:00
2023-03-08,20230308,17999914470866,8978231738047,9021682732819,92137163372,50405954675,41731208697,0,19566080964003,credit,2026-08-29T13:19:53+09:00
2023-03-08,20230308,17999914470866,8978231738047,9021682732819,92137163372,50405954675,41731208697,0,19566080964003,credit,2026-09-03T10:06:27+09:00
2023-03-09,20230309,18126052541617,9060892529373,9065160012244,92800107487,51976110738,40823996749,0,19695863534183,credit,2026-08-29T13:19:53+09:00
2023-03-09,20230309,18126052541617,9060892529373,9065160012244,92800107487,51976110738,40823996749,0,19695863534183,credit,2026-09-03T10:06:27+09:00
2023-03-10,20230310,18338676925030,9207575676796,9131101248234,89400101462,49272800782,40127300680,0,19761788312417,credit,2026-08-29T13:19:53+09:00
2023-03-10,20230310,18338676925030,9207575676796,9131101248234,89400101462,49272800782,40127300680,0,19761788312417,credit,2026-09-03T10:06:27+09:00
2023-03-13,20230313,18347660080414,9193778428024,9153881652390,83783911062,44693986989,39089924073,0,19795072689393,credit,2026-08-29T13:19:53+09:00
2023-03-13,20230313,18347660080414,9193778428024,9153881652390,83783911062,44693986989,39089924073,0,19795072689393,credit,2026-09-03T10:06:27+09:00
2023-03-14,20230314,18263406905478,9164644353032,9098762552446,81096618734,43323996114,37772622620,0,19892495540130,credit,2026-08-29T13:19:53+09:00
2023-03-14,20230314,18263406905478,9164644353032,9098762552446,81096618734,43323996114,37772622620,0,19892495540130,credit,2026-09-03T10:06:27+09:00
2023-03-15,20230315,18094700357994,9092063471671,9002636886323,79741809977,42909965488,36831844489,0,19849287609293,credit,2026-08-29T13:19:53+09:00
2023-03-15,20230315,18094700357994,9092063471671,9002636886323,79741809977,42909965488,36831844489,0,19849287609293,credit,2026-09-03T10:06:27+09:00
2023-03-16,20230316,17934571685557,9015526003665,8919045681892,74042324327,38206459731,35835864596,0,19873753047406,credit,2026-08-29T13:19:53+09:00
2023-03-16,20230316,17934571685557,9015526003665,8919045681892,74042324327,38206459731,35835864596,0,19873753047406,credit,2026-09-03T10:06:27+09:00
2023-03-17,20230317,17823975273029,8952401886145,8871573386884,78997993345,40915750212,38082243133,0,19799601857903,credit,2026-08-29T13:19:53+09:00
2023-03-17,20230317,17823975273029,8952401886145,8871573386884,78997993345,40915750212,38082243133,0,19799601857903,credit,2026-09-03T10:06:27+09:00
2023-03-20,20230320,17966347932599,9006267853244,8960080079355,79211255342,41826271698,37384983644,0,19790016077113,credit,2026-08-29T13:19:53+09:00
2023-03-20,20230320,17966347932599,9006267853244,8960080079355,79211255342,41826271698,37384983644,0,19790016077113,credit,2026-09-03T10:06:27+09:00
2023-03-21,20230321,17947306785707,8986430099165,8960876686542,76771869872,39867596094,36904273778,0,19820008830160,credit,2026-08-29T13:19:53+09:00
2023-03-21,20230321,17947306785707,8986430099165,8960876686542,76771869872,39867596094,36904273778,0,19820008830160,credit,2026-09-03T10:06:27+09:00
2023-03-22,20230322,18069026631888,9000306419605,9068720212283,77712978483,38896946852,38816031631,0,19818488317969,credit,2026-08-29T13:19:53+09:00
2023-03-22,20230322,18069026631888,9000306419605,9068720212283,77712978483,38896946852,38816031631,0,19818488317969,credit,2026-09-03T10:06:27+09:00
2023-03-23,20230323,18175106319135,9050676221778,9124430097357,79968707480,39607840697,40360866783,0,19842648684691,credit,2026-08-29T13:19:53+09:00
2023-03-23,20230323,18175106319135,9050676221778,9124430097357,79968707480,39607840697,40360866783,0,19842648684691,credit,2026-09-03T10:06:27+09:00
2023-03-24,20230324,18220351573487,9039890071846,9180461501641,82333444900,40617367064,41716077836,0,19796381554360,credit,2026-08-29T13:19:53+09:00
2023-03-24,20230324,18220351573487,9039890071846,9180461501641,82333444900,40617367064,41716077836,0,19796381554360,credit,2026-09-03T10:06:27+09:00
2023-03-27,20230327,18274078882322,9031788441439,9242290440883,83475278222,39750838217,43724440005,0,19890740010786,credit,2026-08-29T13:19:53+09:00
2023-03-27,20230327,18274078882322,9031788441439,9242290440883,83475278222,39750838217,43724440005,0,19890740010786,credit,2026-09-03T10:06:27+09:00
2023-03-28,20230328,18408545214410,9065457649286,9343087565124,82983759799,38341086624,44642673175,0,19917527348585,credit,2026-08-29T13:19:53+09:00
2023-03-28,20230328,18408545214410,9065457649286,9343087565124,82983759799,38341086624,44642673175,0,19917527348585,credit,2026-09-03T10:06:27+09:00
2023-03-29,20230329,18548983466248,9096746700117,9452236766131,84249875102,38460162477,45789712625,0,19928447737343,credit,2026-08-29T13:19:53+09:00
2023-03-29,20230329,18548983466248,9096746700117,9452236766131,84249875102,38460162477,45789712625,0,19928447737343,credit,2026-09-03T10:06:27+09:00
2023-03-30,20230330,18583772119413,9073017599949,9510754519464,83440732761,38882235558,44558497203,0,19965046419075,credit,2026-08-29T13:19:53+09:00
2023-03-30,20230330,18583772119413,9073017599949,9510754519464,83440732761,38882235558,44558497203,0,19965046419075,credit,2026-09-03T10:06:27+09:00
2023-03-31,20230331,18694062346121,9074206925983,9619855420138,85076459025,39659376470,45417082555,0,20010794898368,credit,2026-08-29T13:19:53+09:00
2023-03-31,20230331,18694062346121,9074206925983,9619855420138,85076459025,39659376470,45417082555,0,20010794898368,credit,2026-09-03T10:06:27+09:00
2023-04-03,20230403,18769081441702,9096849072864,9672232368838,87181658537,39432067418,47749591119,0,20119931114984,credit,2026-08-29T13:19:53+09:00
2023-04-03,20230403,18769081441702,9096849072864,9672232368838,87181658537,39432067418,47749591119,0,20119931114984,credit,2026-09-03T10:06:27+09:00
2023-04-04,20230404,18775465789129,9056425023813,9719040765316,87587734557,39998725318,47589009239,0,20256912749040,credit,2026-08-29T13:19:53+09:00
2023-04-04,20230404,18775465789129,9056425023813,9719040765316,87587734557,39998725318,47589009239,0,20256912749040,credit,2026-09-03T10:06:27+09:00
2023-04-05,20230405,18977993572411,9184193345020,9793800227391,87302431968,39832274306,47470157662,0,20168746988357,credit,2026-08-29T13:19:53+09:00
2023-04-05,20230405,18977993572411,9184193345020,9793800227391,87302431968,39832274306,47470157662,0,20168746988357,credit,2026-09-03T10:06:27+09:00
2023-04-06,20230406,19048679190851,9220316123231,9828363067620,87175354876,40477327019,46698027857,0,20144446790823,credit,2026-08-29T13:19:53+09:00
2023-04-06,20230406,19048679190851,9220316123231,9828363067620,87175354876,40477327019,46698027857,0,20144446790823,credit,2026-09-03T10:06:27+09:00
2023-04-07,20230407,19219392872358,9289426326416,9929966545942,87321770741,40961749719,46360021022,0,20118473560946,credit,2026-08-29T13:19:53+09:00
2023-04-07,20230407,19219392872358,9289426326416,9929966545942,87321770741,40961749719,46360021022,0,20118473560946,credit,2026-09-03T10:06:27+09:00
2023-04-10,20230410,19394553893052,9418106034953,9976447858099,87631257710,40486079204,47145178506,0,20274526598123,credit,2026-08-29T13:19:53+09:00
2023-04-10,20230410,19394553893052,9418106034953,9976447858099,87631257710,40486079204,47145178506,0,20274526598123,credit,2026-09-03T10:06:27+09:00
2023-04-11,20230411,19434605712359,9423459439326,10011146273033,87830693653,42066524637,45764169016,0,20193342032831,credit,2026-08-29T13:19:53+09:00
2023-04-11,20230411,19434605712359,9423459439326,10011146273033,87830693653,42066524637,45764169016,0,20193342032831,credit,2026-09-03T10:06:27+09:00
2023-04-12,20230412,19595143301854,9444699359097,10150443942757,87136515552,43285032937,43851482615,0,20173940682331,credit,2026-08-29T13:19:53+09:00
2023-04-12,20230412,19595143301854,9444699359097,10150443942757,87136515552,43285032937,43851482615,0,20173940682331,credit,2026-09-03T10:06:27+09:00
2023-04-13,20230413,19593347979837,9451068877588,10142279102249,87528009630,44808387595,42719622035,0,20130486192134,credit,2026-08-29T13:19:53+09:00
2023-04-13,20230413,19593347979837,9451068877588,10142279102249,87528009630,44808387595,42719622035,0,20130486192134,credit,2026-09-03T10:06:27+09:00
2023-04-14,20230414,19742505135866,9515458858301,10227046277565,85740364020,43635764260,42104599760,0,20275060849249,credit,2026-08-29T13:19:53+09:00
2023-04-14,20230414,19742505135866,9515458858301,10227046277565,85740364020,43635764260,42104599760,0,20275060849249,credit,2026-09-03T10:06:27+09:00
2023-04-17,20230417,19794144980100,9521195771195,10272949208905,88312477530,43146909269,45165568261,0,20201441321244,credit,2026-08-29T13:19:53+09:00
2023-04-17,20230417,19794144980100,9521195771195,10272949208905,88312477530,43146909269,45165568261,0,20201441321244,credit,2026-09-03T10:06:27+09:00
2023-04-18,20230418,19907009538820,9572937713055,10334071825765,91156986454,45993725477,45163260977,0,20199208295900,credit,2026-08-29T13:19:53+09:00
2023-04-18,20230418,19907009538820,9572937713055,10334071825765,91156986454,45993725477,45163260977,0,20199208295900,credit,2026-09-03T10:06:27+09:00
2023-04-19,20230419,20136929774677,9743371893957,10393557880720,91368667393,46367853286,45000814107,0,20302363595203,credit,2026-08-29T13:19:53+09:00
2023-04-19,20230419,20136929774677,9743371893957,10393557880720,91368667393,46367853286,45000814107,0,20302363595203,credit,2026-09-03T10:06:27+09:00
2023-04-20,20230420,20286314344871,9824549227706,10461765117165,86904150296,44361086161,42543064135,0,20339698866840,credit,2026-08-29T13:19:53+09:00
2023-04-20,20230420,20286314344871,9824549227706,10461765117165,86904150296,44361086161,42543064135,0,20339698866840,credit,2026-09-03T10:06:27+09:00
2023-04-21,20230421,20401766399471,9863224264203,10538542135268,90154470718,45741440180,44413030538,0,20336908865923,credit,2026-08-29T13:19:53+09:00
2023-04-21,20230421,20401766399471,9863224264203,10538542135268,90154470718,45741440180,44413030538,0,20336908865923,credit,2026-09-03T10:06:27+09:00
2023-04-24,20230424,20431901816079,9868829079790,10563072736289,91065188037,45733698686,45331489351,0,20382411218808,credit,2026-08-29T13:19:53+09:00
2023-04-24,20230424,20431901816079,9868829079790,10563072736289,91065188037,45733698686,45331489351,0,20382411218808,credit,2026-09-03T10:06:27+09:00
2023-04-25,20230425,20240820693765,9766371669777,10474449023988,86620909325,42933392333,43687516992,0,20403192997195,credit,2026-08-29T13:19:53+09:00
2023-04-25,20230425,20240820693765,9766371669777,10474449023988,86620909325,42933392333,43687516992,0,20403192997195,credit,2026-09-03T10:06:27+09:00
2023-04-26,20230426,20085662557401,9698325634464,10387336922937,83909435728,44556201759,39353233969,0,20317795034986,credit,2026-08-29T13:19:53+09:00
2023-04-26,20230426,20085662557401,9698325634464,10387336922937,83909435728,44556201759,39353233969,0,20317795034986,credit,2026-09-03T10:06:27+09:00
2023-04-27,20230427,19778649293600,9572930939036,10205718354564,77129584781,40980986062,36148598719,0,20277115232194,credit,2026-08-29T13:19:53+09:00
2023-04-27,20230427,19778649293600,9572930939036,10205718354564,77129584781,40980986062,36148598719,0,20277115232194,credit,2026-09-03T10:06:27+09:00
2023-04-28,20230428,19457778570386,9458493836645,9999284733741,74068492817,39619979966,34448512851,0,21919510185039,credit,2026-08-29T13:19:53+09:00
2023-04-28,20230428,19457778570386,9458493836645,9999284733741,74068492817,39619979966,34448512851,0,21919510185039,credit,2026-09-03T10:06:27+09:00
2023-05-02,20230502,19136391989306,9212009538100,9924382451206,77140740418,39219044598,37921695820,0,21819885563869,credit,2026-08-29T13:19:53+09:00
2023-05-02,20230502,19136391989306,9212009538100,9924382451206,77140740418,39219044598,37921695820,0,21819885563869,credit,2026-09-03T10:06:27+09:00
2023-05-03,20230503,18914913188340,9059729990022,9855183198318,77510033885,38426254338,39083779547,0,21854493175131,credit,2026-08-29T13:19:53+09:00
2023-05-03,20230503,18914913188340,9059729990022,9855183198318,77510033885,38426254338,39083779547,0,21854493175131,credit,2026-09-03T10:06:27+09:00
2023-05-04,20230504,18794322966145,9005845151910,9788477814235,80490105308,40137745554,40352359754,0,21692019279961,credit,2026-08-29T13:19:53+09:00
2023-05-04,20230504,18794322966145,9005845151910,9788477814235,80490105308,40137745554,40352359754,0,21692019279961,credit,2026-09-03T10:06:27+09:00
2023-05-08,20230508,18853336787498,9044908868923,9808427918575,79118484593,40570039148,38548445445,0,21767208295158,credit,2026-08-29T13:19:53+09:00
2023-05-08,20230508,18853336787498,9044908868923,9808427918575,79118484593,40570039148,38548445445,0,21767208295158,credit,2026-09-03T10:06:27+09:00
2023-05-09,20230509,18852581668781,9068690583975,9783891084806,76018757857,39216475267,36802282590,0,21887195328191,credit,2026-08-29T13:19:53+09:00
2023-05-09,20230509,18852581668781,9068690583975,9783891084806,76018757857,39216475267,36802282590,0,21887195328191,credit,2026-09-03T10:06:27+09:00
2023-05-10,20230510,18727391750602,8978403133956,9748988616646,74359002294,38862157493,35496844801,0,21841560263909,credit,2026-08-29T13:19:53+09:00
2023-05-10,20230510,18727391750602,8978403133956,9748988616646,74359002294,38862157493,35496844801,0,21841560263909,credit,2026-09-03T10:06:27+09:00
2023-05-11,20230511,18657429088000,8949369812084,9708059275916,71532234627,39198523510,32333711117,0,21768940750866,credit,2026-08-29T13:19:53+09:00
2023-05-11,20230511,18657429088000,8949369812084,9708059275916,71532234627,39198523510,32333711117,0,21768940750866,credit,2026-09-03T10:06:27+09:00
2023-05-12,20230512,18644875044682,8957924624953,9686950419729,72300226931,39843715027,32456511904,0,21771720357864,credit,2026-08-29T13:19:53+09:00
2023-05-12,20230512,18644875044682,8957924624953,9686950419729,72300226931,39843715027,32456511904,0,21771720357864,credit,2026-09-03T10:06:27+09:00
2023-05-15,20230515,18564019235912,8931012238159,9633006997753,72687583424,41179436755,31508146669,0,21706778055637,credit,2026-08-29T13:19:53+09:00
2023-05-15,20230515,18564019235912,8931012238159,9633006997753,72687583424,41179436755,31508146669,0,21706778055637,credit,2026-09-03T10:06:27+09:00
2023-05-16,20230516,18528968076928,8925937705739,9603030371189,71489113131,39146831276,32342281855,0,21865051665646,credit,2026-08-29T13:19:53+09:00
2023-05-16,20230516,18528968076928,8925937705739,9603030371189,71489113131,39146831276,32342281855,0,21865051665646,credit,2026-09-03T10:06:27+09:00
2023-05-17,20230517,18386122363631,8865172424689,9520949938942,67886079983,38298473311,29587606672,0,21788709496623,credit,2026-08-29T13:19:53+09:00
2023-05-17,20230517,18386122363631,8865172424689,9520949938942,67886079983,38298473311,29587606672,0,21788709496623,credit,2026-09-03T10:06:27+09:00
2023-05-18,20230518,18438460457472,8898400903022,9540059554450,69559200050,39019177728,30540022322,0,21553672955931,credit,2026-08-29T13:19:53+09:00
2023-05-18,20230518,18438460457472,8898400903022,9540059554450,69559200050,39019177728,30540022322,0,21553672955931,credit,2026-09-03T10:06:27+09:00
2023-05-19,20230519,18427168884134,8893582411652,9533586472482,73350715935,40516065726,32834650209,0,21496767441726,credit,2026-08-29T13:19:53+09:00
2023-05-19,20230519,18427168884134,8893582411652,9533586472482,73350715935,40516065726,32834650209,0,21496767441726,credit,2026-09-03T10:06:27+09:00
2023-05-22,20230522,18472419992298,8887716980638,9584703011660,75134938746,42755099784,32379838962,0,21514304648115,credit,2026-08-29T13:19:53+09:00
2023-05-22,20230522,18472419992298,8887716980638,9584703011660,75134938746,42755099784,32379838962,0,21514304648115,credit,2026-09-03T10:06:27+09:00
2023-05-23,20230523,18429102163441,8843883436811,9585218726630,75959015807,43936458799,32022557008,0,21602838119304,credit,2026-08-29T13:19:53+09:00
2023-05-23,20230523,18429102163441,8843883436811,9585218726630,75959015807,43936458799,32022557008,0,21602838119304,credit,2026-09-03T10:06:27+09:00
2023-05-24,20230524,18447741923290,8828771126358,9618970796932,75704390031,44547990143,31156399888,0,21534044279289,credit,2026-08-29T13:19:53+09:00
2023-05-24,20230524,18447741923290,8828771126358,9618970796932,75704390031,44547990143,31156399888,0,21534044279289,credit,2026-09-03T10:06:27+09:00
2023-05-25,20230525,18499953263291,8835677757531,9664275505760,78735752844,46430929024,32304823820,0,21544096974244,credit,2026-08-29T13:19:53+09:00
2023-05-25,20230525,18499953263291,8835677757531,9664275505760,78735752844,46430929024,32304823820,0,21544096974244,credit,2026-09-03T10:06:27+09:00
2023-05-26,20230526,18592380334445,8889734890374,9702645444071,76929333849,45448790779,31480543070,0,21636110195861,credit,2026-08-29T13:19:53+09:00
2023-05-26,20230526,18592380334445,8889734890374,9702645444071,76929333849,45448790779,31480543070,0,21636110195861,credit,2026-09-03T10:06:27+09:00
2023-05-30,20230530,18662327133191,8948975760089,9713351373102,76115858171,45972838395,30143019776,0,21653499044881,credit,2026-08-29T13:19:53+09:00
2023-05-30,20230530,18662327133191,8948975760089,9713351373102,76115858171,45972838395,30143019776,0,21653499044881,credit,2026-09-03T10:06:27+09:00
2023-05-31,20230531,18631508686338,8926545705125,9704962981213,79117103156,49932386905,29184716251,0,21684465621799,credit,2026-08-29T13:19:53+09:00
2023-05-31,20230531,18631508686338,8926545705125,9704962981213,79117103156,49932386905,29184716251,0,21684465621799,credit,2026-09-03T10:06:27+09:00
2023-06-01,20230601,18596083723380,8909943609530,9686140113850,80631402761,51403636597,29227766164,0,21690329555891,credit,2026-08-29T13:19:53+09:00
2023-06-01,20230601,18596083723380,8909943609530,9686140113850,80631402761,51403636597,29227766164,0,21690329555891,credit,2026-09-03T10:06:27+09:00
2023-06-02,20230602,18623838605425,8940872436957,9682966168468,82622960666,52349933945,30273026721,0,21647858423284,credit,2026-08-29T13:19:53+09:00
2023-06-02,20230602,18623838605425,8940872436957,9682966168468,82622960666,52349933945,30273026721,0,21647858423284,credit,2026-09-03T10:06:27+09:00
2023-06-05,20230605,18687222983907,8995557776573,9691665207334,82737854416,52201213241,30536641175,0,21631342164590,credit,2026-08-29T13:19:53+09:00
2023-06-05,20230605,18687222983907,8995557776573,9691665207334,82737854416,52201213241,30536641175,0,21631342164590,credit,2026-09-03T10:06:27+09:00
2023-06-07,20230607,18685132569228,8967656863955,9717475705273,85339400859,55223406498,30115994361,0,21647242498374,credit,2026-08-29T13:19:53+09:00
2023-06-07,20230607,18685132569228,8967656863955,9717475705273,85339400859,55223406498,30115994361,0,21647242498374,credit,2026-09-03T10:06:27+09:00
2023-06-08,20230608,18746826770519,8985363729102,9761463041417,84362783653,55307542527,29055241126,0,21663818700344,credit,2026-08-29T13:19:53+09:00
2023-06-08,20230608,18746826770519,8985363729102,9761463041417,84362783653,55307542527,29055241126,0,21663818700344,credit,2026-09-03T10:06:27+09:00
2023-06-09,20230609,18800481833109,8993372780714,9807109052395,85787772869,55543258183,30244514686,0,21813135156023,credit,2026-08-29T13:19:53+09:00
2023-06-09,20230609,18800481833109,8993372780714,9807109052395,85787772869,55543258183,30244514686,0,21813135156023,credit,2026-09-03T10:06:27+09:00
2023-06-12,20230612,18910465125386,9052530007351,9857935118035,85666991492,55992417741,29674573751,0,21884512140250,credit,2026-08-29T13:19:53+09:00
2023-06-12,20230612,18910465125386,9052530007351,9857935118035,85666991492,55992417741,29674573751,0,21884512140250,credit,2026-09-03T10:06:27+09:00
2023-06-13,20230613,18935573888148,9048314425329,9887259462819,87556375694,57946728886,29609646808,0,21817358646622,credit,2026-08-29T13:19:53+09:00
2023-06-13,20230613,18935573888148,9048314425329,9887259462819,87556375694,57946728886,29609646808,0,21817358646622,credit,2026-09-03T10:06:27+09:00
2023-06-14,20230614,19070425980811,9142444878444,9927981102367,87965166185,57683933705,30281232480,0,21863979310180,credit,2026-08-29T13:19:53+09:00
2023-06-14,20230614,19070425980811,9142444878444,9927981102367,87965166185,57683933705,30281232480,0,21863979310180,credit,2026-09-03T10:06:27+09:00
2023-06-15,20230615,19136966119714,9183295272369,9953670847345,89460587879,58177339354,31283248525,0,21850818765844,credit,2026-08-29T13:19:53+09:00
2023-06-15,20230615,19136966119714,9183295272369,9953670847345,89460587879,58177339354,31283248525,0,21850818765844,credit,2026-09-03T10:06:27+09:00
2023-06-16,20230616,19149532729842,9187876164122,9961656565720,86260174322,57139324196,29120850126,0,21932530023290,credit,2026-08-29T13:19:53+09:00
2023-06-16,20230616,19149532729842,9187876164122,9961656565720,86260174322,57139324196,29120850126,0,21932530023290,credit,2026-09-03T10:06:27+09:00
2023-06-19,20230619,19160377673525,9197012528182,9963365145343,87649928279,57612497525,30037430754,0,21840737137676,credit,2026-08-29T13:19:53+09:00
2023-06-19,20230619,19160377673525,9197012528182,9963365145343,87649928279,57612497525,30037430754,0,21840737137676,credit,2026-09-03T10:06:27+09:00
2023-06-20,20230620,19190636163670,9265020215826,9925615947844,88218749313,58399275066,29819474247,0,21814743492855,credit,2026-08-29T13:19:53+09:00
2023-06-20,20230620,19190636163670,9265020215826,9925615947844,88218749313,58399275066,29819474247,0,21814743492855,credit,2026-09-03T10:06:27+09:00
2023-06-21,20230621,19327415931619,9375279628526,9952136303093,88488479552,59269867600,29218611952,0,22106393720809,credit,2026-08-29T13:19:53+09:00
2023-06-21,20230621,19327415931619,9375279628526,9952136303093,88488479552,59269867600,29218611952,0,22106393720809,credit,2026-09-03T10:06:27+09:00
2023-06-22,20230622,19428951034650,9465880663934,9963070370716,88589864831,59803215313,28786649518,0,22218262084732,credit,2026-08-29T13:19:53+09:00
2023-06-22,20230622,19428951034650,9465880663934,9963070370716,88589864831,59803215313,28786649518,0,22218262084732,credit,2026-09-03T10:06:27+09:00
2023-06-23,20230623,19484993863370,9504295183683,9980698679687,86123955874,57745787564,28378168310,0,22102329462522,credit,2026-08-29T13:19:53+09:00
2023-06-23,20230623,19484993863370,9504295183683,9980698679687,86123955874,57745787564,28378168310,0,22102329462522,credit,2026-09-03T10:06:27+09:00
2023-06-26,20230626,19462913631874,9500828309696,9962085322178,87743141226,59326609725,28416531501,0,22093026042247,credit,2026-08-29T13:19:53+09:00
2023-06-26,20230626,19462913631874,9500828309696,9962085322178,87743141226,59326609725,28416531501,0,22093026042247,credit,2026-09-03T10:06:27+09:00
2023-06-27,20230627,19475562122083,9536265871028,9939296251055,86155905347,57790340484,28365564863,0,22080827184572,credit,2026-08-29T13:19:53+09:00
2023-06-27,20230627,19475562122083,9536265871028,9939296251055,86155905347,57790340484,28365564863,0,22080827184572,credit,2026-09-03T10:06:27+09:00
2023-06-28,20230628,19436254330753,9529393687328,9906860643425,85676145885,57543329940,28132815945,0,22078787704227,credit,2026-08-29T13:19:53+09:00
2023-06-28,20230628,19436254330753,9529393687328,9906860643425,85676145885,57543329940,28132815945,0,22078787704227,credit,2026-09-03T10:06:27+09:00
2023-06-29,20230629,19455179155275,9526752853812,9928426301463,82831010941,55584873666,27246137275,0,22072629362244,credit,2026-08-29T13:19:53+09:00
2023-06-29,20230629,19455179155275,9526752853812,9928426301463,82831010941,55584873666,27246137275,0,22072629362244,credit,2026-09-03T10:06:27+09:00
2023-06-30,20230630,19400231935428,9507950579788,9892281355640,80955158292,54316492909,26638665383,0,21971985777941,credit,2026-08-29T13:19:53+09:00
2023-06-30,20230630,19400231935428,9507950579788,9892281355640,80955158292,54316492909,26638665383,0,21971985777941,credit,2026-09-03T10:06:27+09:00
2023-07-03,20230703,19335781508067,9483961739598,9851819768469,80859252319,54042245967,26817006352,0,21934019368700,credit,2026-08-29T13:19:53+09:00
2023-07-03,20230703,19335781508067,9483961739598,9851819768469,80859252319,54042245967,26817006352,0,21934019368700,credit,2026-09-03T10:06:27+09:00
2023-07-04,20230704,19284002486369,9464822445577,9819180040792,80598797907,54271535270,26327262637,0,21842969946604,credit,2026-08-29T13:19:53+09:00
2023-07-04,20230704,19284002486369,9464822445577,9819180040792,80598797907,54271535270,26327262637,0,21842969946604,credit,2026-09-03T10:06:27+09:00
2023-07-05,20230705,19261451000496,9426130229973,9835320770523,81163585431,55550397199,25613188232,0,21897919985952,credit,2026-08-29T13:19:53+09:00
2023-07-05,20230705,19261451000496,9426130229973,9835320770523,81163585431,55550397199,25613188232,0,21897919985952,credit,2026-09-03T10:06:27+09:00
2023-07-06,20230706,19333391911982,9467250546935,9866141365047,81542801322,56260034704,25282766618,0,22219807086491,credit,2026-08-29T13:19:53+09:00
2023-07-06,20230706,19333391911982,9467250546935,9866141365047,81542801322,56260034704,25282766618,0,22219807086491,credit,2026-09-03T10:06:27+09:00
2023-07-07,20230707,19427985160305,9524184707276,9903800453029,82037122015,56894959935,25142162080,0,22286910336268,credit,2026-08-29T13:19:53+09:00
2023-07-07,20230707,19427985160305,9524184707276,9903800453029,82037122015,56894959935,25142162080,0,22286910336268,credit,2026-09-03T10:06:27+09:00
2023-07-10,20230710,19393297252810,9545991187272,9847306065538,80164603330,55260196838,24904406492,0,21963939663949,credit,2026-08-29T13:19:53+09:00
2023-07-10,20230710,19393297252810,9545991187272,9847306065538,80164603330,55260196838,24904406492,0,21963939663949,credit,2026-09-03T10:06:27+09:00
2023-07-11,20230711,19387078202360,9589045898641,9798032303719,78888303406,54821215091,24067088315,0,22039918012016,credit,2026-08-29T13:19:53+09:00
2023-07-11,20230711,19387078202360,9589045898641,9798032303719,78888303406,54821215091,24067088315,0,22039918012016,credit,2026-09-03T10:06:27+09:00
2023-07-12,20230712,19351336552076,9600543770574,9750792781502,76522975140,52516848338,24006126802,0,22111721547351,credit,2026-08-29T13:19:53+09:00
2023-07-12,20230712,19351336552076,9600543770574,9750792781502,76522975140,52516848338,24006126802,0,22111721547351,credit,2026-09-03T10:06:27+09:00
2023-07-13,20230713,19276994697830,9552957980355,9724036717475,80937933529,55500985184,25436948345,0,21873739672061,credit,2026-08-29T13:19:53+09:00
2023-07-13,20230713,19276994697830,9552957980355,9724036717475,80937933529,55500985184,25436948345,0,21873739672061,credit,2026-09-03T10:06:27+09:00
2023-07-14,20230714,19360056811998,9580641939090,9779414872908,82276938980,56671220170,25605718810,0,21955430662164,credit,2026-08-29T13:19:53+09:00
2023-07-14,20230714,19360056811998,9580641939090,9779414872908,82276938980,56671220170,25605718810,0,21955430662164,credit,2026-09-03T10:06:27+09:00
2023-07-17,20230717,19365741280715,9559973013028,9805768267687,82803823468,56497174869,26306648599,0,22059071018519,credit,2026-08-29T13:19:53+09:00
2023-07-17,20230717,19365741280715,9559973013028,9805768267687,82803823468,56497174869,26306648599,0,22059071018519,credit,2026-09-03T10:06:27+09:00
2023-07-18,20230718,19451634007931,9579024331027,9872609676904,83120885374,57354110315,25766775059,0,22283199528619,credit,2026-08-29T13:19:53+09:00
2023-07-18,20230718,19451634007931,9579024331027,9872609676904,83120885374,57354110315,25766775059,0,22283199528619,credit,2026-09-03T10:06:27+09:00
2023-07-19,20230719,19621415020737,9698846090334,9922568930403,81408856326,56028200930,25380655396,0,22286903107364,credit,2026-08-29T13:19:53+09:00
2023-07-19,20230719,19621415020737,9698846090334,9922568930403,81408856326,56028200930,25380655396,0,22286903107364,credit,2026-09-03T10:06:27+09:00
2023-07-20,20230720,19733250296764,9794294038352,9938956258412,80528954228,55180661830,25348292398,0,22081360333819,credit,2026-08-29T13:19:53+09:00
2023-07-20,20230720,19733250296764,9794294038352,9938956258412,80528954228,55180661830,25348292398,0,22081360333819,credit,2026-09-03T10:06:27+09:00
2023-07-21,20230721,19857521188394,9853081495965,10004439692429,79859481159,54057290154,25802191005,0,22034280358570,credit,2026-08-29T13:19:53+09:00
2023-07-21,20230721,19857521188394,9853081495965,10004439692429,79859481159,54057290154,25802191005,0,22034280358570,credit,2026-09-03T10:06:27+09:00
2023-07-24,20230724,19940893855913,9884672623589,10056221232324,80565022168,54233059661,26331962507,0,22157523932506,credit,2026-08-29T13:19:53+09:00
2023-07-24,20230724,19940893855913,9884672623589,10056221232324,80565022168,54233059661,26331962507,0,22157523932506,credit,2026-09-03T10:06:27+09:00
2023-07-25,20230725,20059695985605,9919760879053,10139935106552,80596505833,53902701911,26693803922,0,22281223990578,credit,2026-08-29T13:19:53+09:00
2023-07-25,20230725,20059695985605,9919760879053,10139935106552,80596505833,53902701911,26693803922,0,22281223990578,credit,2026-09-03T10:06:27+09:00
2023-07-26,20230726,20117884850831,9978580782551,10139304068280,80007313881,53322242826,26685071055,0,22368059015823,credit,2026-08-29T13:19:53+09:00
2023-07-26,20230726,20117884850831,9978580782551,10139304068280,80007313881,53322242826,26685071055,0,22368059015823,credit,2026-09-03T10:06:27+09:00
2023-07-27,20230727,20170516976525,10082565174080,10087951802445,80609172583,54786048624,25823123959,0,22437522251230,credit,2026-08-29T13:19:53+09:00
2023-07-27,20230727,20170516976525,10082565174080,10087951802445,80609172583,54786048624,25823123959,0,22437522251230,credit,2026-09-03T10:06:27+09:00
2023-07-28,20230728,19967343647888,10117924595780,9849419052108,70883983845,47486626451,23397357394,0,22478133370656,credit,2026-08-29T13:19:53+09:00
2023-07-28,20230728,19967343647888,10117924595780,9849419052108,70883983845,47486626451,23397357394,0,22478133370656,credit,2026-09-03T10:06:27+09:00
2023-07-31,20230731,19738338618149,10059279510345,9679059107804,67829266514,46546217802,21283048712,0,22638936980621,credit,2026-08-29T13:19:53+09:00
2023-07-31,20230731,19738338618149,10059279510345,9679059107804,67829266514,46546217802,21283048712,0,22638936980621,credit,2026-09-03T10:06:27+09:00
2023-08-01,20230801,19786503631843,10126380423685,9660123208158,70403485445,47965922959,22437562486,0,22183700862502,credit,2026-08-29T13:19:53+09:00
2023-08-01,20230801,19786503631843,10126380423685,9660123208158,70403485445,47965922959,22437562486,0,22183700862502,credit,2026-09-03T10:06:27+09:00
2023-08-02,20230802,20000060780970,10249202777858,9750858003112,74216882782,51319689701,22897193081,0,22193912950280,credit,2026-08-29T13:19:53+09:00
2023-08-02,20230802,20000060780970,10249202777858,9750858003112,74216882782,51319689701,22897193081,0,22193912950280,credit,2026-09-03T10:06:27+09:00
2023-08-03,20230803,20193258707858,10315893424207,9877365283651,75008925918,52137420051,22871505867,0,22252322378043,credit,2026-08-29T13:19:53+09:00
2023-08-03,20230803,20193258707858,10315893424207,9877365283651,75008925918,52137420051,22871505867,0,22252322378043,credit,2026-09-03T10:06:27+09:00
2023-08-04,20230804,20318812978261,10383133264376,9935679713885,71034564788,48520289430,22514275358,0,22412028795647,credit,2026-08-29T13:19:53+09:00
2023-08-04,20230804,20318812978261,10383133264376,9935679713885,71034564788,48520289430,22514275358,0,22412028795647,credit,2026-09-03T10:06:27+09:00
2023-08-07,20230807,20344812701686,10464015196530,9880797505156,69819198771,47626954589,22192244182,0,22336083735824,credit,2026-08-29T13:19:53+09:00
2023-08-07,20230807,20344812701686,10464015196530,9880797505156,69819198771,47626954589,22192244182,0,22336083735824,credit,2026-09-03T10:06:27+09:00
2023-08-08,20230808,20432261754319,10528278014770,9903983739549,70743317563,48874237185,21869080378,0,22290386349932,credit,2026-08-29T13:19:53+09:00
2023-08-08,20230808,20432261754319,10528278014770,9903983739549,70743317563,48874237185,21869080378,0,22290386349932,credit,2026-09-03T10:06:27+09:00
2023-08-09,20230809,20373295416347,10479512870593,9893782545754,69072965252,47137905286,21935059966,0,22325609852607,credit,2026-08-29T13:19:53+09:00
2023-08-09,20230809,20373295416347,10479512870593,9893782545754,69072965252,47137905286,21935059966,0,22325609852607,credit,2026-09-03T10:06:27+09:00
2023-08-10,20230810,20373837546798,10506458015598,9867379531200,70235411174,48429407195,21806003979,0,22295813591460,credit,2026-08-29T13:19:53+09:00
2023-08-10,20230810,20373837546798,10506458015598,9867379531200,70235411174,48429407195,21806003979,0,22295813591460,credit,2026-09-03T10:06:27+09:00
2023-08-11,20230811,20343690471718,10511246480281,9832443991437,73902954826,51777051818,22125903008,0,22239169000324,credit,2026-08-29T13:19:53+09:00
2023-08-11,20230811,20343690471718,10511246480281,9832443991437,73902954826,51777051818,22125903008,0,22239169000324,credit,2026-09-03T10:06:27+09:00
2023-08-14,20230814,20469696823993,10595047846673,9874648977320,75472837399,53228141842,22244695557,0,22303259927888,credit,2026-08-29T13:19:53+09:00
2023-08-14,20230814,20469696823993,10595047846673,9874648977320,75472837399,53228141842,22244695557,0,22303259927888,credit,2026-09-03T10:06:27+09:00
2023-08-16,20230816,20504084186898,10607898472639,9896185714259,71819641539,50833504034,20986137505,0,22384913186671,credit,2026-08-29T13:19:53+09:00
2023-08-16,20230816,20504084186898,10607898472639,9896185714259,71819641539,50833504034,20986137505,0,22384913186671,credit,2026-09-03T10:06:27+09:00
2023-08-17,20230817,20557263631420,10647239923158,9910023708262,70839559723,50802340792,20037218931,0,22416816943740,credit,2026-08-29T13:19:53+09:00
2023-08-17,20230817,20557263631420,10647239923158,9910023708262,70839559723,50802340792,20037218931,0,22416816943740,credit,2026-09-03T10:06:27+09:00
2023-08-18,20230818,20438891929174,10592414092363,9846477836811,65040250413,46365600770,18674649643,0,22396054653853,credit,2026-08-29T13:19:53+09:00
2023-08-18,20230818,20438891929174,10592414092363,9846477836811,65040250413,46365600770,18674649643,0,22396054653853,credit,2026-09-03T10:06:27+09:00
2023-08-21,20230821,20265086158095,10514828066150,9750258091945,67059240941,46177740701,20881500240,0,22284058370708,credit,2026-08-29T13:19:53+09:00
2023-08-21,20230821,20265086158095,10514828066150,9750258091945,67059240941,46177740701,20881500240,0,22284058370708,credit,2026-09-03T10:06:27+09:00
2023-08-22,20230822,20188360607467,10477856680757,9710503926710,67139786403,46995130438,20144655965,0,22332129649889,credit,2026-08-29T13:19:53+09:00
2023-08-22,20230822,20188360607467,10477856680757,9710503926710,67139786403,46995130438,20144655965,0,22332129649889,credit,2026-09-03T10:06:27+09:00
2023-08-23,20230823,20124629333488,10481408163577,9643221169911,67758337358,46589764078,21168573280,0,22294416096646,credit,2026-08-29T13:19:53+09:00
2023-08-23,20230823,20124629333488,10481408163577,9643221169911,67758337358,46589764078,21168573280,0,22294416096646,credit,2026-09-03T10:06:27+09:00
2023-08-24,20230824,20019711274791,10431940139884,9587771134907,68182369811,46593303947,21589065864,0,22258994102307,credit,2026-08-29T13:19:53+09:00
2023-08-24,20230824,20019711274791,10431940139884,9587771134907,68182369811,46593303947,21589065864,0,22258994102307,credit,2026-09-03T10:06:27+09:00
2023-08-25,20230825,20140438976984,10482501613761,9657937363223,66046482074,45433877559,20612604515,0,22293744974986,credit,2026-08-29T13:19:53+09:00
2023-08-25,20230825,20140438976984,10482501613761,9657937363223,66046482074,45433877559,20612604515,0,22293744974986,credit,2026-09-03T10:06:27+09:00
2023-08-28,20230828,20123961836859,10457937621975,9666024214884,70109967646,48503250155,21606717491,0,22254487720171,credit,2026-08-29T13:19:53+09:00
2023-08-28,20230828,20123961836859,10457937621975,9666024214884,70109967646,48503250155,21606717491,0,22254487720171,credit,2026-09-03T10:06:27+09:00
2023-08-29,20230829,20174252685239,10496902661370,9677350023869,68772659949,47337229248,21435430701,0,22310939492764,credit,2026-08-29T13:19:53+09:00
2023-08-29,20230829,20174252685239,10496902661370,9677350023869,68772659949,47337229248,21435430701,0,22310939492764,credit,2026-09-03T10:06:27+09:00
2023-08-30,20230830,20178181007910,10504635869318,9673545138592,72133768393,49542660106,22591108287,0,22270386655943,credit,2026-08-29T13:19:53+09:00
2023-08-30,20230830,20178181007910,10504635869318,9673545138592,72133768393,49542660106,22591108287,0,22270386655943,credit,2026-09-03T10:06:27+09:00
2023-08-31,20230831,20226086419425,10531635127552,9694451291873,72928411999,50762054814,22166357185,0,22309519463449,credit,2026-08-29T13:19:53+09:00
2023-08-31,20230831,20226086419425,10531635127552,9694451291873,72928411999,50762054814,22166357185,0,22309519463449,credit,2026-09-03T10:06:27+09:00
2023-09-01,20230901,20265424354365,10546306759962,9719117594403,73595328851,51219273717,22376055134,0,22329199096497,credit,2026-08-29T13:19:53+09:00
2023-09-01,20230901,20265424354365,10546306759962,9719117594403,73595328851,51219273717,22376055134,0,22329199096497,credit,2026-09-03T10:06:27+09:00
2023-09-04,20230904,20337755636683,10577139883644,9760615753039,75495942587,53184879770,22311062817,0,22336594269069,credit,2026-08-29T13:19:53+09:00
2023-09-04,20230904,20337755636683,10577139883644,9760615753039,75495942587,53184879770,22311062817,0,22336594269069,credit,2026-09-03T10:06:27+09:00
2023-09-05,20230905,20388406080907,10595125666470,9793280414437,71783788442,49779753135,22004035307,0,22424762180419,credit,2026-08-29T13:19:53+09:00
2023-09-05,20230905,20388406080907,10595125666470,9793280414437,71783788442,49779753135,22004035307,0,22424762180419,credit,2026-09-03T10:06:27+09:00
2023-09-06,20230906,20384682829934,10545990246468,9838692583466,73990535451,51618767060,22371768391,0,22396182503142,credit,2026-08-29T13:19:53+09:00
2023-09-06,20230906,20384682829934,10545990246468,9838692583466,73990535451,51618767060,22371768391,0,22396182503142,credit,2026-09-03T10:06:27+09:00
2023-09-07,20230907,20430874850046,10555262679955,9875612170091,75229787873,52806500557,22423287316,0,22295085026233,credit,2026-08-29T13:19:53+09:00
2023-09-07,20230907,20430874850046,10555262679955,9875612170091,75229787873,52806500557,22423287316,0,22295085026233,credit,2026-09-03T10:06:27+09:00
2023-09-08,20230908,20491168430242,10596658044531,9894510385711,74736235517,51860780368,22875455149,0,22395519911806,credit,2026-08-29T13:19:53+09:00
2023-09-08,20230908,20491168430242,10596658044531,9894510385711,74736235517,51860780368,22875455149,0,22395519911806,credit,2026-09-03T10:06:27+09:00
2023-09-11,20230911,20444508056748,10569201591704,9875306465044,72173984878,50017189835,22156795043,0,22417702790756,credit,2026-08-29T13:19:53+09:00
2023-09-11,20230911,20444508056748,10569201591704,9875306465044,72173984878,50017189835,22156795043,0,22417702790756,credit,2026-09-03T10:06:27+09:00
2023-09-12,20230912,20416155708104,10567248804938,9848906903166,71970909019,49151008828,22819900191,0,22532869063222,credit,2026-08-29T13:19:53+09:00
2023-09-12,20230912,20416155708104,10567248804938,9848906903166,71970909019,49151008828,22819900191,0,22532869063222,credit,2026-09-03T10:06:27+09:00
2023-09-13,20230913,20459389010436,10601211223027,9858177787409,73068111452,49845769113,23222342339,0,22524198410349,credit,2026-08-29T13:19:53+09:00
2023-09-13,20230913,20459389010436,10601211223027,9858177787409,73068111452,49845769113,23222342339,0,22524198410349,credit,2026-09-03T10:06:27+09:00
2023-09-14,20230914,20417607178167,10595419074019,9822188104148,71541921963,48622757265,22919164698,0,22516529163417,credit,2026-08-29T13:19:53+09:00
2023-09-14,20230914,20417607178167,10595419074019,9822188104148,71541921963,48622757265,22919164698,0,22516529163417,credit,2026-09-03T10:06:27+09:00
2023-09-15,20230915,20278567445645,10515872630848,9762694814797,70060308864,47206303164,22854005700,0,22643457214593,credit,2026-08-29T13:19:53+09:00
2023-09-15,20230915,20278567445645,10515872630848,9762694814797,70060308864,47206303164,22854005700,0,22643457214593,credit,2026-09-03T10:06:27+09:00
2023-09-18,20230918,20181167443838,10452781724766,9728385719072,74630012411,51051282985,23578729426,0,22360346358260,credit,2026-08-29T13:19:53+09:00
2023-09-18,20230918,20181167443838,10452781724766,9728385719072,74630012411,51051282985,23578729426,0,22360346358260,credit,2026-09-03T10:06:27+09:00
2023-09-19,20230919,20139073465700,10383534071488,9755539394212,79235368718,57088782634,22146586084,0,22291640478998,credit,2026-08-29T13:19:53+09:00
2023-09-19,20230919,20139073465700,10383534071488,9755539394212,79235368718,57088782634,22146586084,0,22291640478998,credit,2026-09-03T10:06:27+09:00
2023-09-20,20230920,20198868717104,10452108414144,9746760302960,80138936531,58042937044,22095999487,0,22603580405510,credit,2026-08-29T13:19:53+09:00
2023-09-20,20230920,20198868717104,10452108414144,9746760302960,80138936531,58042937044,22095999487,0,22603580405510,credit,2026-09-03T10:06:27+09:00
2023-09-21,20230921,20230780286594,10495866965302,9734913321292,79002119104,56541144008,22460975096,0,22593891290770,credit,2026-08-29T13:19:53+09:00
2023-09-21,20230921,20230780286594,10495866965302,9734913321292,79002119104,56541144008,22460975096,0,22593891290770,credit,2026-09-03T10:06:27+09:00
2023-09-22,20230922,20210010788360,10503263023831,9706747764529,77600056048,55071901837,22528154211,0,23399720666977,credit,2026-08-29T13:19:53+09:00
2023-09-22,20230922,20210010788360,10503263023831,9706747764529,77600056048,55071901837,22528154211,0,23399720666977,credit,2026-09-03T10:06:27+09:00
2023-09-25,20230925,20120189355892,10519975601897,9600213753995,70289889886,49583228939,20706660947,0,23428547305451,credit,2026-08-29T13:19:53+09:00
2023-09-25,20230925,20120189355892,10519975601897,9600213753995,70289889886,49583228939,20706660947,0,23428547305451,credit,2026-09-03T10:06:27+09:00
2023-09-26,20230926,19913980141277,10436170302927,9477809838350,68608499336,48055154337,20553344999,0,22356528435822,credit,2026-08-29T13:19:53+09:00
2023-09-26,20230926,19913980141277,10436170302927,9477809838350,68608499336,48055154337,20553344999,0,22356528435822,credit,2026-09-03T10:06:27+09:00
2023-09-27,20230927,19702877028681,10322852160804,9380024867877,64688564053,44518154673,20170409380,0,22264214657543,credit,2026-08-29T13:19:53+09:00
2023-09-27,20230927,19702877028681,10322852160804,9380024867877,64688564053,44518154673,20170409380,0,22264214657543,credit,2026-09-03T10:06:27+09:00
2023-10-04,20231004,19453398097035,10217395718244,9236002378791,63541160042,43482007987,20059152055,0,22253501804812,credit,2026-08-29T13:19:53+09:00
2023-10-04,20231004,19453398097035,10217395718244,9236002378791,63541160042,43482007987,20059152055,0,22253501804812,credit,2026-09-03T10:06:27+09:00
2023-10-05,20231005,19322027781377,10156353560967,9165674220410,59797600404,40789398258,19008202146,0,22132948746243,credit,2026-08-29T13:19:53+09:00
2023-10-05,20231005,19322027781377,10156353560967,9165674220410,59797600404,40789398258,19008202146,0,22132948746243,credit,2026-09-03T10:06:27+09:00
2023-10-06,20231006,19175026041515,10092430487718,9082595553797,54959908633,38434888528,16525020105,0,22199259083334,credit,2026-08-29T13:19:53+09:00
2023-10-06,20231006,19175026041515,10092430487718,9082595553797,54959908633,38434888528,16525020105,0,22199259083334,credit,2026-09-03T10:06:27+09:00
2023-10-10,20231010,18810617594706,9910343093202,8900274501504,56871196232,38256554969,18614641263,0,22144575400165,credit,2026-08-29T13:19:53+09:00
2023-10-10,20231010,18810617594706,9910343093202,8900274501504,56871196232,38256554969,18614641263,0,22144575400165,credit,2026-09-03T10:06:27+09:00
2023-10-11,20231011,18716588378708,9878016427030,8838571951678,58949597867,39730520726,19219077141,0,22138507357334,credit,2026-08-29T13:19:53+09:00
2023-10-11,20231011,18716588378708,9878016427030,8838571951678,58949597867,39730520726,19219077141,0,22138507357334,credit,2026-09-03T10:06:27+09:00
2023-10-12,20231012,18546146757459,9759553594443,8786593163016,56854098837,39470232213,17383866624,0,22208370544023,credit,2026-08-29T13:19:53+09:00
2023-10-12,20231012,18546146757459,9759553594443,8786593163016,56854098837,39470232213,17383866624,0,22208370544023,credit,2026-09-03T10:06:27+09:00
2023-10-13,20231013,18464128647293,9714862874172,8749265773121,59306515175,42148674303,17157840872,0,21864284137930,credit,2026-08-29T13:19:53+09:00
2023-10-13,20231013,18464128647293,9714862874172,8749265773121,59306515175,42148674303,17157840872,0,21864284137930,credit,2026-09-03T10:06:27+09:00
2023-10-16,20231016,18508093116752,9729068738598,8779024378154,63853688092,44742978694,19110709398,0,21849301584859,credit,2026-08-29T13:19:53+09:00
2023-10-16,20231016,18508093116752,9729068738598,8779024378154,63853688092,44742978694,19110709398,0,21849301584859,credit,2026-09-03T10:06:27+09:00
2023-10-17,20231017,18607893162360,9795972523246,8811920639114,62695834200,43685742027,19010092173,0,21981439009155,credit,2026-08-29T13:19:53+09:00
2023-10-17,20231017,18607893162360,9795972523246,8811920639114,62695834200,43685742027,19010092173,0,21981439009155,credit,2026-09-03T10:06:27+09:00
2023-10-18,20231018,18561836338480,9791627284298,8770209054182,57290167843,40055348160,17234819683,0,21729988586414,credit,2026-08-29T13:19:53+09:00
2023-10-18,20231018,18561836338480,9791627284298,8770209054182,57290167843,40055348160,17234819683,0,21729988586414,credit,2026-09-03T10:06:27+09:00
2023-10-19,20231019,18517531146945,9764796092153,8752735054792,62505813243,43914979368,18590833875,0,21436112966622,credit,2026-08-29T13:19:53+09:00
2023-10-19,20231019,18517531146945,9764796092153,8752735054792,62505813243,43914979368,18590833875,0,21436112966622,credit,2026-09-03T10:06:27+09:00
2023-10-20,20231020,18460509408419,9718004034681,8742505373738,63239102594,44798534771,18440567823,0,21461236916137,credit,2026-08-29T13:19:53+09:00
2023-10-20,20231020,18460509408419,9718004034681,8742505373738,63239102594,44798534771,18440567823,0,21461236916137,credit,2026-09-03T10:06:27+09:00
2023-10-23,20231023,18226805536109,9615347105198,8611458430911,56451947979,39959327981,16492619998,0,21473095079031,credit,2026-08-29T13:19:53+09:00
2023-10-23,20231023,18226805536109,9615347105198,8611458430911,56451947979,39959327981,16492619998,0,21473095079031,credit,2026-09-03T10:06:27+09:00
2023-10-24,20231024,17823434824778,9413233411027,8410201413751,51370908079,36357979771,15012928308,0,21412943585042,credit,2026-08-29T13:19:53+09:00
2023-10-24,20231024,17823434824778,9413233411027,8410201413751,51370908079,36357979771,15012928308,0,21412943585042,credit,2026-09-03T10:06:27+09:00
2023-10-25,20231025,17617063696097,9308824471924,8308239224173,50448284172,35863228136,14585056036,0,21330561189119,credit,2026-08-29T13:19:53+09:00
2023-10-25,20231025,17617063696097,9308824471924,8308239224173,50448284172,35863228136,14585056036,0,21330561189119,credit,2026-09-03T10:06:27+09:00
2023-10-26,20231026,17479129987217,9254713200659,8224416786558,51380412303,35875855003,15504557300,0,21153838527397,credit,2026-08-29T13:19:53+09:00
2023-10-26,20231026,17479129987217,9254713200659,8224416786558,51380412303,35875855003,15504557300,0,21153838527397,credit,2026-09-03T10:06:27+09:00
2023-10-27,20231027,17484300054440,9250731373616,8233568680824,53155385896,37466698822,15688687074,0,21183445065437,credit,2026-08-29T13:19:53+09:00
2023-10-27,20231027,17484300054440,9250731373616,8233568680824,53155385896,37466698822,15688687074,0,21183445065437,credit,2026-09-03T10:06:27+09:00
2023-10-30,20231030,17183886610771,9087995207739,8095891403032,47698942221,34157130989,13541811232,0,21198599132135,credit,2026-08-29T13:19:53+09:00
2023-10-30,20231030,17183886610771,9087995207739,8095891403032,47698942221,34157130989,13541811232,0,21198599132135,credit,2026-09-03T10:06:27+09:00
2023-10-31,20231031,16970414145024,8976975140332,7993439004692,48382140530,33768731983,14613408547,0,21175789593138,credit,2026-08-29T13:19:53+09:00
2023-10-31,20231031,16970414145024,8976975140332,7993439004692,48382140530,33768731983,14613408547,0,21175789593138,credit,2026-09-03T10:06:27+09:00
2023-11-01,20231101,16877675311642,8929140243872,7948535067770,51178492334,36129125701,15049366633,0,21143378305932,credit,2026-08-29T13:19:53+09:00
2023-11-01,20231101,16877675311642,8929140243872,7948535067770,51178492334,36129125701,15049366633,0,21143378305932,credit,2026-09-03T10:06:27+09:00
2023-11-02,20231102,16799902114990,8888665515753,7911236599237,48954823707,35453542402,13501281305,0,21187806382712,credit,2026-08-29T13:19:53+09:00
2023-11-02,20231102,16799902114990,8888665515753,7911236599237,48954823707,35453542402,13501281305,0,21187806382712,credit,2026-09-03T10:06:27+09:00
2023-11-03,20231103,16624781945192,8790985883397,7833796061795,51076420119,37638488972,13437931147,0,21104647210158,credit,2026-08-29T13:19:53+09:00
2023-11-03,20231103,16624781945192,8790985883397,7833796061795,51076420119,37638488972,13437931147,0,21104647210158,credit,2026-09-03T10:06:27+09:00
2023-11-06,20231106,16576691870682,8763558351794,7813133518888,55879266568,40304565515,15574701053,0,21173710523256,credit,2026-08-29T13:19:53+09:00
2023-11-06,20231106,16576691870682,8763558351794,7813133518888,55879266568,40304565515,15574701053,0,21173710523256,credit,2026-09-03T10:06:27+09:00
2023-11-07,20231107,16603948300334,8750454197536,7853494102798,59236829804,43772094777,15464735027,0,21252745672105,credit,2026-08-29T13:19:53+09:00
2023-11-07,20231107,16603948300334,8750454197536,7853494102798,59236829804,43772094777,15464735027,0,21252745672105,credit,2026-09-03T10:06:27+09:00
2023-11-08,20231108,16750662960083,8806005555816,7944657404267,49116111029,35991848920,13124262109,0,21174743578758,credit,2026-08-29T13:19:53+09:00
2023-11-08,20231108,16750662960083,8806005555816,7944657404267,49116111029,35991848920,13124262109,0,21174743578758,credit,2026-09-03T10:06:27+09:00
2023-11-09,20231109,17094532021250,8998629498041,8095902523209,47159806165,34683517886,12476288279,0,21424214861154,credit,2026-08-29T13:19:53+09:00
2023-11-09,20231109,17094532021250,8998629498041,8095902523209,47159806165,34683517886,12476288279,0,21424214861154,credit,2026-09-03T10:06:27+09:00
2023-11-10,20231110,17117318021758,9014289315236,8103028706522,46147528849,33867535305,12279993544,0,21425623266089,credit,2026-08-29T13:19:53+09:00
2023-11-10,20231110,17117318021758,9014289315236,8103028706522,46147528849,33867535305,12279993544,0,21425623266089,credit,2026-09-03T10:06:27+09:00
2023-11-13,20231113,17106929673600,9005892605577,8101037068023,44918448250,33061372109,11857076141,0,21207090253359,credit,2026-08-29T13:19:53+09:00
2023-11-13,20231113,17106929673600,9005892605577,8101037068023,44918448250,33061372109,11857076141,0,21207090253359,credit,2026-09-03T10:06:27+09:00
2023-11-14,20231114,17044270018693,8978346912846,8065923105847,43556087337,32024508660,11531578677,0,21223586330812,credit,2026-08-29T13:19:53+09:00
2023-11-14,20231114,17044270018693,8978346912846,8065923105847,43556087337,32024508660,11531578677,0,21223586330812,credit,2026-09-03T10:06:27+09:00
2023-11-15,20231115,16948521353369,8946333537291,8002187816078,42530287570,31572576367,10957711203,0,21237844797704,credit,2026-08-29T13:19:53+09:00
2023-11-15,20231115,16948521353369,8946333537291,8002187816078,42530287570,31572576367,10957711203,0,21237844797704,credit,2026-09-03T10:06:27+09:00
2023-11-16,20231116,16867920136828,8890639192453,7977280944375,41960599348,31150603006,10809996342,0,21008295291768,credit,2026-08-29T13:19:53+09:00
2023-11-16,20231116,16867920136828,8890639192453,7977280944375,41960599348,31150603006,10809996342,0,21008295291768,credit,2026-09-03T10:06:27+09:00
2023-11-17,20231117,16825264348526,8806403849891,8018860498635,41265406744,30712720329,10552686415,0,21016303899584,credit,2026-08-29T13:19:53+09:00
2023-11-17,20231117,16825264348526,8806403849891,8018860498635,41265406744,30712720329,10552686415,0,21016303899584,credit,2026-09-03T10:06:27+09:00
2023-11-20,20231120,16913181218356,8849620950765,8063560267591,40796672367,30399377271,10397295096,0,21010021597156,credit,2026-08-29T13:19:53+09:00
2023-11-20,20231120,16913181218356,8849620950765,8063560267591,40796672367,30399377271,10397295096,0,21010021597156,credit,2026-09-03T10:06:27+09:00
2023-11-21,20231121,17015909391573,8895575584836,8120333806737,39623338376,29883588566,9739749810,0,21011936531135,credit,2026-08-29T13:19:53+09:00
2023-11-21,20231121,17015909391573,8895575584836,8120333806737,39623338376,29883588566,9739749810,0,21011936531135,credit,2026-09-03T10:06:27+09:00
2023-11-22,20231122,16982501887635,8874898423746,8107603463889,39062396413,29566736503,9495659910,0,20979032858252,credit,2026-08-29T13:19:53+09:00
2023-11-22,20231122,16982501887635,8874898423746,8107603463889,39062396413,29566736503,9495659910,0,20979032858252,credit,2026-09-03T10:06:27+09:00
2023-11-23,20231123,17032883749890,8858681997685,8174201752205,38716987214,29296422833,9420564381,0,21006172157591,credit,2026-08-29T13:19:53+09:00
2023-11-23,20231123,17032883749890,8858681997685,8174201752205,38716987214,29296422833,9420564381,0,21006172157591,credit,2026-09-03T10:06:27+09:00
2023-11-24,20231124,17085930524868,8877667995404,8208262529464,38179445479,28842427066,9337018413,0,21027368629251,credit,2026-08-29T13:19:53+09:00
2023-11-24,20231124,17085930524868,8877667995404,8208262529464,38179445479,28842427066,9337018413,0,21027368629251,credit,2026-09-03T10:06:27+09:00
2023-11-27,20231127,17137229885292,8899106742473,8238123142819,37962347327,28680089804,9282257523,0,21069215934872,credit,2026-08-29T13:19:53+09:00
2023-11-27,20231127,17137229885292,8899106742473,8238123142819,37962347327,28680089804,9282257523,0,21069215934872,credit,2026-09-03T10:06:27+09:00
2023-11-28,20231128,17204508351432,8941956376068,8262551975364,37537089767,28270519354,9266570413,0,21132785156648,credit,2026-08-29T13:19:53+09:00
2023-11-28,20231128,17204508351432,8941956376068,8262551975364,37537089767,28270519354,9266570413,0,21132785156648,credit,2026-09-03T10:06:27+09:00
2023-11-29,20231129,17217895148009,8930778972915,8287116175094,37048931095,28046016640,9002914455,0,21145902449665,credit,2026-08-29T13:19:53+09:00
2023-11-29,20231129,17217895148009,8930778972915,8287116175094,37048931095,28046016640,9002914455,0,21145902449665,credit,2026-09-03T10:06:27+09:00
2023-11-30,20231130,17207523409229,8911388930434,8296134478795,36242949161,27515306716,8727642445,0,21126106283963,credit,2026-08-29T13:19:53+09:00
2023-11-30,20231130,17207523409229,8911388930434,8296134478795,36242949161,27515306716,8727642445,0,21126106283963,credit,2026-09-03T10:06:27+09:00
2023-12-01,20231201,17266143602775,8953049475525,8313094127250,35672167883,27134183777,8537984106,0,21124276042986,credit,2026-08-29T13:19:53+09:00
2023-12-01,20231201,17266143602775,8953049475525,8313094127250,35672167883,27134183777,8537984106,0,21124276042986,credit,2026-09-03T10:06:27+09:00
2023-12-04,20231204,17273794269504,8947114502218,8326679767286,35453695505,27032509813,8421185692,0,21277318529973,credit,2026-08-29T13:19:53+09:00
2023-12-04,20231204,17273794269504,8947114502218,8326679767286,35453695505,27032509813,8421185692,0,21277318529973,credit,2026-09-03T10:06:27+09:00
2023-12-05,20231205,17381163877424,9013997829444,8367166047980,35049837934,26856797234,8193040700,0,21432002065611,credit,2026-08-29T13:19:53+09:00
2023-12-05,20231205,17381163877424,9013997829444,8367166047980,35049837934,26856797234,8193040700,0,21432002065611,credit,2026-09-03T10:06:27+09:00
2023-12-06,20231206,17364221866161,8976904579482,8387317286679,34538353493,26644180310,7894173183,0,21162255176684,credit,2026-08-29T13:19:53+09:00
2023-12-06,20231206,17364221866161,8976904579482,8387317286679,34538353493,26644180310,7894173183,0,21162255176684,credit,2026-09-03T10:06:27+09:00
2023-12-07,20231207,17335839463022,8995016759785,8340822703237,34105305321,26413686105,7691619216,0,21209831308185,credit,2026-08-29T13:19:53+09:00
2023-12-07,20231207,17335839463022,8995016759785,8340822703237,34105305321,26413686105,7691619216,0,21209831308185,credit,2026-09-03T10:06:27+09:00
2023-12-08,20231208,17378402608660,9031601673915,8346800934745,33909282935,26291326935,7617956000,0,21152297498335,credit,2026-08-29T13:19:53+09:00
2023-12-08,20231208,17378402608660,9031601673915,8346800934745,33909282935,26291326935,7617956000,0,21152297498335,credit,2026-09-03T10:06:27+09:00
2023-12-11,20231211,17421573738187,9049167858271,8372405879916,33504568130,26010766930,7493801200,0,21176810289912,credit,2026-08-29T13:19:53+09:00
2023-12-11,20231211,17421573738187,9049167858271,8372405879916,33504568130,26010766930,7493801200,0,21176810289912,credit,2026-09-03T10:06:27+09:00
2023-12-12,20231212,17353955866165,8999819636360,8354136229805,32827917761,25385103895,7442813866,0,21133139613250,credit,2026-08-29T13:19:53+09:00
2023-12-12,20231212,17353955866165,8999819636360,8354136229805,32827917761,25385103895,7442813866,0,21133139613250,credit,2026-09-03T10:06:27+09:00
2023-12-13,20231213,17438578518494,9071530356670,8367048161824,32499223633,25135658381,7363565252,0,21213959229648,credit,2026-08-29T13:19:53+09:00
2023-12-13,20231213,17438578518494,9071530356670,8367048161824,32499223633,25135658381,7363565252,0,21213959229648,credit,2026-09-03T10:06:27+09:00
2023-12-14,20231214,17458223546247,9065184358166,8393039188081,31730320108,24832004916,6898315192,0,21258828565153,credit,2026-08-29T13:19:53+09:00
2023-12-14,20231214,17458223546247,9065184358166,8393039188081,31730320108,24832004916,6898315192,0,21258828565153,credit,2026-09-03T10:06:27+09:00
2023-12-15,20231215,17464650707999,9062810813884,8401839894115,31195345313,24396896740,6798448573,0,21421760606747,credit,2026-08-29T13:19:53+09:00
2023-12-15,20231215,17464650707999,9062810813884,8401839894115,31195345313,24396896740,6798448573,0,21421760606747,credit,2026-09-03T10:06:27+09:00
2023-12-18,20231218,17331075508849,8952651940796,8378423568053,30325788475,23719285652,6606502823,0,21266954381443,credit,2026-08-29T13:19:53+09:00
2023-12-18,20231218,17331075508849,8952651940796,8378423568053,30325788475,23719285652,6606502823,0,21266954381443,credit,2026-09-03T10:06:27+09:00
2023-12-19,20231219,17285258842913,8888516121313,8396742721600,29845664367,23419438437,6426225930,0,21009208271581,credit,2026-08-29T13:19:53+09:00
2023-12-19,20231219,17285258842913,8888516121313,8396742721600,29845664367,23419438437,6426225930,0,21009208271581,credit,2026-09-03T10:06:27+09:00
2023-12-20,20231220,17429355505622,8998887960898,8430467544724,29412826036,23115743957,6297082079,0,21030742961925,credit,2026-08-29T13:19:53+09:00
2023-12-20,20231220,17429355505622,8998887960898,8430467544724,29412826036,23115743957,6297082079,0,21030742961925,credit,2026-09-03T10:06:27+09:00
2023-12-21,20231221,17521730630563,9043745488375,8477985142188,28952579477,22775991770,6176587707,0,20978999515573,credit,2026-08-29T13:19:53+09:00
2023-12-21,20231221,17521730630563,9043745488375,8477985142188,28952579477,22775991770,6176587707,0,20978999515573,credit,2026-09-03T10:06:27+09:00
2023-12-22,20231222,17537874805004,9002578108754,8535296696250,28737476633,22612300618,6125176015,0,20971799713916,credit,2026-08-29T13:19:53+09:00
2023-12-22,20231222,17537874805004,9002578108754,8535296696250,28737476633,22612300618,6125176015,0,20971799713916,credit,2026-09-03T10:06:27+09:00
2023-12-26,20231226,17626497274042,9046743762747,8579753511295,28589543412,22519879232,6069664180,0,21133844523288,credit,2026-08-29T13:19:53+09:00
2023-12-26,20231226,17626497274042,9046743762747,8579753511295,28589543412,22519879232,6069664180,0,21133844523288,credit,2026-09-03T10:06:27+09:00
2023-12-27,20231227,17626141948488,9041966833598,8584175114890,28354338460,22339204973,6015133487,0,21068052292847,credit,2026-08-29T13:19:53+09:00
2023-12-27,20231227,17626141948488,9041966833598,8584175114890,28354338460,22339204973,6015133487,0,21068052292847,credit,2026-09-03T10:06:27+09:00
2023-12-28,20231228,17566961085843,8969894346091,8597066739752,27781279833,21903768583,5877511250,0,21064918140520,credit,2026-08-29T13:19:53+09:00
2023-12-28,20231228,17566961085843,8969894346091,8597066739752,27781279833,21903768583,5877511250,0,21064918140520,credit,2026-09-03T10:06:27+09:00
2023-12-29,20231229,17558434927663,9016558047981,8541876879682,27781279833,21975604533,5805675300,0,21097845478050,credit,2026-08-29T13:19:53+09:00
2023-12-29,20231229,17558434927663,9016558047981,8541876879682,27781279833,21975604533,5805675300,0,21097845478050,credit,2026-09-03T10:06:27+09:00
2024-01-02,20240102,17537052810393,9020034188112,8517018622281,27445792898,21791729048,5654063850,0,21000849547104,credit,2026-08-29T13:19:53+09:00
2024-01-02,20240102,17537052810393,9020034188112,8517018622281,27445792898,21791729048,5654063850,0,21000849547104,credit,2026-09-03T10:06:27+09:00
2024-01-03,20240103,17444859110318,8909729947578,8535129162740,27286222672,21667062516,5619160156,0,20781132881835,credit,2026-08-29T13:19:53+09:00
2024-01-03,20240103,17444859110318,8909729947578,8535129162740,27286222672,21667062516,5619160156,0,20781132881835,credit,2026-09-03T10:06:27+09:00
2024-01-04,20240104,17563676674426,9025415888113,8538260786313,26048774660,20530155618,5518619042,0,20798839303263,credit,2026-08-29T13:19:53+09:00
2024-01-04,20240104,17563676674426,9025415888113,8538260786313,26048774660,20530155618,5518619042,0,20798839303263,credit,2026-09-03T10:06:27+09:00
2024-01-05,20240105,17810006667379,9217407534078,8592599133301,25561930696,20228463519,5333467177,0,20909704327634,credit,2026-08-29T13:19:53+09:00
2024-01-05,20240105,17810006667379,9217407534078,8592599133301,25561930696,20228463519,5333467177,0,20909704327634,credit,2026-09-03T10:06:27+09:00
2024-01-08,20240108,17934888024974,9321932163865,8612955861109,25260484776,19969502749,5290982027,0,20966374942591,credit,2026-08-29T13:19:53+09:00
2024-01-08,20240108,17934888024974,9321932163865,8612955861109,25260484776,19969502749,5290982027,0,20966374942591,credit,2026-09-03T10:06:27+09:00
2024-01-09,20240109,18004830743246,9375560434767,8629270308479,24909439818,19715797491,5193642327,0,20932927375169,credit,2026-08-29T13:19:53+09:00
2024-01-09,20240109,18004830743246,9375560434767,8629270308479,24909439818,19715797491,5193642327,0,20932927375169,credit,2026-09-03T10:06:27+09:00
2024-01-10,20240110,18091620022267,9423920198781,8667699823486,24574261904,19507697002,5066564902,0,20972334457027,credit,2026-08-29T13:19:53+09:00
2024-01-10,20240110,18091620022267,9423920198781,8667699823486,24574261904,19507697002,5066564902,0,20972334457027,credit,2026-09-03T10:06:27+09:00
2024-01-11,20240111,18131910318271,9445734241877,8686176076394,24403777714,19387944930,5015832784,0,20955497878978,credit,2026-08-29T13:19:53+09:00
2024-01-11,20240111,18131910318271,9445734241877,8686176076394,24403777714,19387944930,5015832784,0,20955497878978,credit,2026-09-03T10:06:27+09:00
2024-01-12,20240112,18267949493662,9629334916246,8638614577416,23978792321,19039373670,4939418651,0,20962349152368,credit,2026-08-29T13:19:53+09:00
2024-01-12,20240112,18267949493662,9629334916246,8638614577416,23978792321,19039373670,4939418651,0,20962349152368,credit,2026-09-03T10:06:27+09:00
2024-01-15,20240115,18348085555608,9719650026767,8628435528841,23765672807,18895373554,4870299253,0,21010644258921,credit,2026-08-29T13:19:53+09:00
2024-01-15,20240115,18348085555608,9719650026767,8628435528841,23765672807,18895373554,4870299253,0,21010644258921,credit,2026-09-03T10:06:27+09:00
2024-01-16,20240116,18381435655864,9745067892124,8636367763740,23286653231,18471118417,4815534814,0,20925777327978,credit,2026-08-29T13:19:53+09:00
2024-01-16,20240116,18381435655864,9745067892124,8636367763740,23286653231,18471118417,4815534814,0,20925777327978,credit,2026-09-03T10:06:27+09:00
2024-01-17,20240117,18312193840387,9720228484772,8591965355615,23072024337,18326218022,4745806315,0,20940416386827,credit,2026-08-29T13:19:53+09:00
2024-01-17,20240117,18312193840387,9720228484772,8591965355615,23072024337,18326218022,4745806315,0,20940416386827,credit,2026-09-03T10:06:27+09:00
2024-01-18,20240118,18313827197208,9761123968053,8552703229155,22336459233,17832705363,4503753870,0,21255270548320,credit,2026-08-29T13:19:53+09:00
2024-01-18,20240118,18313827197208,9761123968053,8552703229155,22336459233,17832705363,4503753870,0,21255270548320,credit,2026-09-03T10:06:27+09:00
2024-01-19,20240119,18213056943021,9723063391712,8489993551309,21587640641,17182733236,4404907405,0,21124644354185,credit,2026-08-29T13:19:53+09:00
2024-01-19,20240119,18213056943021,9723063391712,8489993551309,21587640641,17182733236,4404907405,0,21124644354185,credit,2026-09-03T10:06:27+09:00
2024-01-22,20240122,18077715329588,9661683402392,8416031927196,21093719694,16794024894,4299694800,0,20887484394023,credit,2026-08-29T13:19:53+09:00
2024-01-22,20240122,18077715329588,9661683402392,8416031927196,21093719694,16794024894,4299694800,0,20887484394023,credit,2026-09-03T10:06:27+09:00
2024-01-23,20240123,17960100155945,9561392652620,8398707503325,20606296917,16393180914,4213116003,0,20326545994721,credit,2026-08-29T13:19:53+09:00
2024-01-23,20240123,17960100155945,9561392652620,8398707503325,20606296917,16393180914,4213116003,0,20326545994721,credit,2026-09-03T10:06:27+09:00
2024-01-24,20240124,17902835446412,9503905088158,8398930358254,19771377458,15775197883,3996179575,0,20428371596325,credit,2026-08-29T13:19:53+09:00
2024-01-24,20240124,17902835446412,9503905088158,8398930358254,19771377458,15775197883,3996179575,0,20428371596325,credit,2026-09-03T10:06:27+09:00
2024-01-25,20240125,17861814236383,9443373887650,8418440348733,19355485894,15506434360,3849051534,0,20437635018062,credit,2026-08-29T13:19:53+09:00
2024-01-25,20240125,17861814236383,9443373887650,8418440348733,19355485894,15506434360,3849051534,0,20437635018062,credit,2026-09-03T10:06:27+09:00
2024-01-26,20240126,17938095265628,9470307920422,8467787345206,18982965014,15250187153,3732777861,0,20322914201999,credit,2026-08-29T13:19:53+09:00
2024-01-26,20240126,17938095265628,9470307920422,8467787345206,18982965014,15250187153,3732777861,0,20322914201999,credit,2026-09-03T10:06:27+09:00
2024-01-29,20240129,17873778463723,9565053549511,8308724914212,18643645297,15097158714,3546486583,0,20324686540718,credit,2026-08-29T13:19:53+09:00
2024-01-29,20240129,17873778463723,9565053549511,8308724914212,18643645297,15097158714,3546486583,0,20324686540718,credit,2026-09-03T10:06:27+09:00
2024-01-30,20240130,17810901476523,9515642492902,8295258983621,18134562508,14650016075,3484546433,0,20186247354512,credit,2026-08-29T13:19:53+09:00
2024-01-30,20240130,17810901476523,9515642492902,8295258983621,18134562508,14650016075,3484546433,0,20186247354512,credit,2026-09-03T10:06:27+09:00
2024-01-31,20240131,17809047531047,9516584026826,8292463504221,17425302898,14125723691,3299579207,0,20207302271989,credit,2026-08-29T13:19:53+09:00
2024-01-31,20240131,17809047531047,9516584026826,8292463504221,17425302898,14125723691,3299579207,0,20207302271989,credit,2026-09-03T10:06:27+09:00
2024-02-01,20240201,17736318929948,9490531341383,8245787588565,16469253563,13325283200,3143970363,0,20204369150104,credit,2026-08-29T13:19:53+09:00
2024-02-01,20240201,17736318929948,9490531341383,8245787588565,16469253563,13325283200,3143970363,0,20204369150104,credit,2026-09-03T10:06:27+09:00
2024-02-02,20240202,17689969888700,9485200099616,8204769789084,15725479536,12747226570,2978252966,0,20159669125882,credit,2026-08-29T13:19:53+09:00
2024-02-02,20240202,17689969888700,9485200099616,8204769789084,15725479536,12747226570,2978252966,0,20159669125882,credit,2026-09-03T10:06:27+09:00
2024-02-05,20240205,17617351666449,9509309203875,8108042462574,14984238071,12168524740,2815713331,0,20126770575547,credit,2026-08-29T13:19:53+09:00
2024-02-05,20240205,17617351666449,9509309203875,8108042462574,14984238071,12168524740,2815713331,0,20126770575547,credit,2026-09-03T10:06:27+09:00
2024-02-06,20240206,17559426475225,9451409481212,8108016994013,14419198763,11685567713,2733631050,0,20069467234185,credit,2026-08-29T13:19:53+09:00
2024-02-06,20240206,17559426475225,9451409481212,8108016994013,14419198763,11685567713,2733631050,0,20069467234185,credit,2026-09-03T10:06:27+09:00
2024-02-07,20240207,17826104326483,9680465094289,8145639232194,13322544108,10691007874,2631536234,0,20098245210977,credit,2026-08-29T13:19:53+09:00
2024-02-07,20240207,17826104326483,9680465094289,8145639232194,13322544108,10691007874,2631536234,0,20098245210977,credit,2026-09-03T10:06:27+09:00
2024-02-08,20240208,17815316685216,9672012112203,8143304573013,12791069685,10230330881,2560738804,0,20119237188889,credit,2026-08-29T13:19:53+09:00
2024-02-08,20240208,17815316685216,9672012112203,8143304573013,12791069685,10230330881,2560738804,0,20119237188889,credit,2026-09-03T10:06:27+09:00
2024-02-13,20240213,17772174796281,9632045475324,8140129320957,12685940085,10139612281,2546327804,0,20100676934011,credit,2026-08-29T13:19:53+09:00
2024-02-13,20240213,17772174796281,9632045475324,8140129320957,12685940085,10139612281,2546327804,0,20100676934011,credit,2026-09-03T10:06:27+09:00
2024-02-14,20240214,17752336634136,9606067636608,8146268997528,12449629185,10127612581,2322016604,0,20148368599226,credit,2026-08-29T13:19:53+09:00
2024-02-14,20240214,17752336634136,9606067636608,8146268997528,12449629185,10127612581,2322016604,0,20148368599226,credit,2026-09-03T10:06:27+09:00
2024-02-15,20240215,17781037805939,9568701691793,8212336114146,12362096181,10069632381,2292463800,0,20487212203216,credit,2026-08-29T13:19:53+09:00
2024-02-15,20240215,17781037805939,9568701691793,8212336114146,12362096181,10069632381,2292463800,0,20487212203216,credit,2026-09-03T10:06:27+09:00
2024-02-16,20240216,17949055068937,9667838792592,8281216276345,12236751481,9984444381,2252307100,0,20387022060749,credit,2026-08-29T13:19:53+09:00
2024-02-16,20240216,17949055068937,9667838792592,8281216276345,12236751481,9984444381,2252307100,0,20387022060749,credit,2026-09-03T10:06:27+09:00
2024-02-19,20240219,18130149555148,9769667856509,8360481698639,12205014181,9955223081,2249791100,0,20204190006353,credit,2026-08-29T13:19:53+09:00
2024-02-19,20240219,18130149555148,9769667856509,8360481698639,12205014181,9955223081,2249791100,0,20204190006353,credit,2026-09-03T10:06:27+09:00
2024-02-20,20240220,18194737210904,9759903821138,8434833389766,12187343237,9939020737,2248322500,0,20206766017995,credit,2026-08-29T13:19:53+09:00
2024-02-20,20240220,18194737210904,9759903821138,8434833389766,12187343237,9939020737,2248322500,0,20206766017995,credit,2026-09-03T10:06:27+09:00
2024-02-21,20240221,18286013338934,9805726622906,8480286716028,12081608173,9857097473,2224510700,0,20226240444826,credit,2026-08-29T13:19:53+09:00
2024-02-21,20240221,18286013338934,9805726622906,8480286716028,12081608173,9857097473,2224510700,0,20226240444826,credit,2026-09-03T10:06:27+09:00
2024-02-22,20240222,18376631123609,9847675631491,8528955492118,12012386434,9795554864,2216831570,0,20167523069318,credit,2026-08-29T13:19:53+09:00
2024-02-22,20240222,18376631123609,9847675631491,8528955492118,12012386434,9795554864,2216831570,0,20167523069318,credit,2026-09-03T10:06:27+09:00
2024-02-23,20240223,18433885312304,9859338021862,8574547290442,12012135734,9795360464,2216775270,0,20214146943508,credit,2026-08-29T13:19:53+09:00
2024-02-23,20240223,18433885312304,9859338021862,8574547290442,12012135734,9795360464,2216775270,0,20214146943508,credit,2026-09-03T10:06:27+09:00
2024-02-26,20240226,18536989113917,9911447735862,8625541378055,11813211371,9603017501,2210193870,0,20238821996231,credit,2026-08-29T13:19:53+09:00
2024-02-26,20240226,18536989113917,9911447735862,8625541378055,11813211371,9603017501,2210193870,0,20238821996231,credit,2026-09-03T10:06:27+09:00
2024-02-27,20240227,18598943067623,9946358332979,8652584734644,11503487371,9297362351,2206125020,0,20403903816489,credit,2026-08-29T13:19:53+09:00
2024-02-27,20240227,18598943067623,9946358332979,8652584734644,11503487371,9297362351,2206125020,0,20403903816489,credit,2026-09-03T10:06:27+09:00
2024-02-28,20240228,18612730734437,9934043622220,8678687112217,11437985341,9250436151,2187549190,0,20425976772014,credit,2026-08-29T13:19:53+09:00
2024-02-28,20240228,18612730734437,9934043622220,8678687112217,11437985341,9250436151,2187549190,0,20425976772014,credit,2026-09-03T10:06:27+09:00
2024-02-29,20240229,18526204651198,9880181721816,8646022929382,11374095723,9210970254,2163125469,0,20399374190951,credit,2026-08-29T13:19:53+09:00
2024-02-29,20240229,18526204651198,9880181721816,8646022929382,11374095723,9210970254,2163125469,0,20399374190951,credit,2026-09-03T10:06:27+09:00
2024-03-04,20240304,18473874416806,9863322853252,8610551563554,11337115393,9189766374,2147349019,0,20395631770462,credit,2026-08-29T13:19:53+09:00
2024-03-04,20240304,18473874416806,9863322853252,8610551563554,11337115393,9189766374,2147349019,0,20395631770462,credit,2026-09-03T10:06:27+09:00
2024-03-05,20240305,18545794067290,9923483002936,8622311064354,11287287043,9170231124,2117055919,0,20458014105035,credit,2026-08-29T13:19:53+09:00
2024-03-05,20240305,18545794067290,9923483002936,8622311064354,11287287043,9170231124,2117055919,0,20458014105035,credit,2026-09-03T10:06:27+09:00
2024-03-06,20240306,18559405592502,9918967451992,8640438140510,11103887060,8988468641,2115418419,0,20423494472999,credit,2026-08-29T13:19:53+09:00
2024-03-06,20240306,18559405592502,9918967451992,8640438140510,11103887060,8988468641,2115418419,0,20423494472999,credit,2026-09-03T10:06:27+09:00
2024-03-07,20240307,18726027656690,10031301663929,8694725992761,11023171574,8960899981,2062271593,0,20434087867028,credit,2026-08-29T13:19:53+09:00
2024-03-07,20240307,18726027656690,10031301663929,8694725992761,11023171574,8960899981,2062271593,0,20434087867028,credit,2026-09-03T10:06:27+09:00
2024-03-08,20240308,18845106898368,10120650565108,8724456333260,10947344722,8885875529,2061469193,0,20444371165130,credit,2026-08-29T13:19:53+09:00
2024-03-08,20240308,18845106898368,10120650565108,8724456333260,10947344722,8885875529,2061469193,0,20444371165130,credit,2026-09-03T10:06:27+09:00
2024-03-11,20240311,18926750488880,10154790620700,8771959868180,10895030981,8847054078,2047976903,0,20450196841138,credit,2026-08-29T13:19:53+09:00
2024-03-11,20240311,18926750488880,10154790620700,8771959868180,10895030981,8847054078,2047976903,0,20450196841138,credit,2026-09-03T10:06:27+09:00
2024-03-12,20240312,18838650822687,10074296444135,8764354378552,10520878804,8476235901,2044642903,0,20357915210235,credit,2026-08-29T13:19:53+09:00
2024-03-12,20240312,18838650822687,10074296444135,8764354378552,10520878804,8476235901,2044642903,0,20357915210235,credit,2026-09-03T10:06:27+09:00
2024-03-13,20240313,18936460708057,10121469383381,8814991324676,10498259171,8454341568,2043917603,0,20573639974208,credit,2026-08-29T13:19:53+09:00
2024-03-13,20240313,18936460708057,10121469383381,8814991324676,10498259171,8454341568,2043917603,0,20573639974208,credit,2026-09-03T10:06:27+09:00
2024-03-14,20240314,19025319161366,10171337403687,8853981757679,10477575148,8433949345,2043625803,0,20558408803961,credit,2026-08-29T13:19:53+09:00
2024-03-14,20240314,19025319161366,10171337403687,8853981757679,10477575148,8433949345,2043625803,0,20558408803961,credit,2026-09-03T10:06:27+09:00
2024-03-15,20240315,19155441674316,10243711455100,8911730219216,10426384147,8383445144,2042939003,0,20548381271033,credit,2026-08-29T13:19:53+09:00
2024-03-15,20240315,19155441674316,10243711455100,8911730219216,10426384147,8383445144,2042939003,0,20548381271033,credit,2026-09-03T10:06:27+09:00
2024-03-18,20240318,19214440547657,10270573624515,8943866923142,10417726484,8380173281,2037553203,0,20551941930935,credit,2026-08-29T13:19:53+09:00
2024-03-18,20240318,19214440547657,10270573624515,8943866923142,10417726484,8380173281,2037553203,0,20551941930935,credit,2026-09-03T10:06:27+09:00
2024-03-19,20240319,19299581013796,10379816328355,8919764685441,10325773763,8288918960,2036854803,0,20489940762423,credit,2026-08-29T13:19:53+09:00
2024-03-19,20240319,19299581013796,10379816328355,8919764685441,10325773763,8288918960,2036854803,0,20489940762423,credit,2026-09-03T10:06:27+09:00
2024-03-20,20240320,19379676821462,10434940179058,8944736642404,10309117995,8273461292,2035656703,0,20490138393297,credit,2026-08-29T13:19:53+09:00
2024-03-20,20240320,19379676821462,10434940179058,8944736642404,10309117995,8273461292,2035656703,0,20490138393297,credit,2026-09-03T10:06:27+09:00
2024-03-21,20240321,19516178340668,10515793587175,9000384753493,10290172878,8264783825,2025389053,0,20522782470704,credit,2026-08-29T13:19:53+09:00
2024-03-21,20240321,19516178340668,10515793587175,9000384753493,10290172878,8264783825,2025389053,0,20522782470704,credit,2026-09-03T10:06:27+09:00
2024-03-22,20240322,19483688055624,10494591491735,8989096563889,10244874638,8220849635,2024025003,0,20546800123641,credit,2026-08-29T13:19:53+09:00
2024-03-22,20240322,19483688055624,10494591491735,8989096563889,10244874638,8220849635,2024025003,0,20546800123641,credit,2026-09-03T10:06:27+09:00
2024-03-25,20240325,19348399785491,10352055020425,8996344765066,10193156338,8176473035,2016683303,0,20445497059214,credit,2026-08-29T13:19:53+09:00
2024-03-25,20240325,19348399785491,10352055020425,8996344765066,10193156338,8176473035,2016683303,0,20445497059214,credit,2026-09-03T10:06:27+09:00
2024-03-26,20240326,19378607263519,10339876967536,9038730295983,9965565857,7951353654,2014212203,0,20558678769425,credit,2026-08-29T13:19:53+09:00
2024-03-26,20240326,19378607263519,10339876967536,9038730295983,9965565857,7951353654,2014212203,0,20558678769425,credit,2026-09-03T10:06:27+09:00
2024-03-27,20240327,19458438900838,10399671409519,9058767491319,9910913877,7905037274,2005876603,0,20559205172602,credit,2026-08-29T13:19:53+09:00
2024-03-27,20240327,19458438900838,10399671409519,9058767491319,9910913877,7905037274,2005876603,0,20559205172602,credit,2026-09-03T10:06:27+09:00
2024-03-28,20240328,19479917948750,10382037187320,9097880761430,9856576647,7876958244,1979618403,0,20432283123779,credit,2026-08-29T13:19:53+09:00
2024-03-28,20240328,19479917948750,10382037187320,9097880761430,9856576647,7876958244,1979618403,0,20432283123779,credit,2026-09-03T10:06:27+09:00
2024-03-29,20240329,19477200423540,10366688876926,9110511546614,9718302513,7806553971,1911748542,0,20497982737251,credit,2026-08-29T13:19:53+09:00
2024-03-29,20240329,19477200423540,10366688876926,9110511546614,9718302513,7806553971,1911748542,0,20497982737251,credit,2026-09-03T10:06:27+09:00
2024-04-01,20240401,19532216788672,10432135853931,9100080934741,9605825004,7697438762,1908386242,0,20585544313411,credit,2026-08-29T13:19:53+09:00
2024-04-01,20240401,19532216788672,10432135853931,9100080934741,9605825004,7697438762,1908386242,0,20585544313411,credit,2026-09-03T10:06:27+09:00
2024-04-02,20240402,19532701742390,10429392707549,9103309034841,9557414354,7660879012,1896535342,0,20592579163723,credit,2026-08-29T13:19:53+09:00
2024-04-02,20240402,19532701742390,10429392707549,9103309034841,9557414354,7660879012,1896535342,0,20592579163723,credit,2026-09-03T10:06:27+09:00
2024-04-03,20240403,19531879346643,10425938937315,9105940409328,9284161954,7391818812,1892343142,0,20572566732221,credit,2026-08-29T13:19:53+09:00
2024-04-03,20240403,19531879346643,10425938937315,9105940409328,9284161954,7391818812,1892343142,0,20572566732221,credit,2026-09-03T10:06:27+09:00
2024-04-04,20240404,19515241663167,10439906994485,9075334668682,9263742654,7371647312,1892095342,0,20638327731058,credit,2026-08-29T13:19:53+09:00
2024-04-04,20240404,19515241663167,10439906994485,9075334668682,9263742654,7371647312,1892095342,0,20638327731058,credit,2026-09-03T10:06:27+09:00
2024-04-05,20240405,19482640353732,10462240921735,9020399431997,9134158688,7250890046,1883268642,0,20668670281827,credit,2026-08-29T13:19:53+09:00
2024-04-05,20240405,19482640353732,10462240921735,9020399431997,9134158688,7250890046,1883268642,0,20668670281827,credit,2026-09-03T10:06:27+09:00
2024-04-08,20240408,19463494894608,10431155529689,9032339364919,9049419901,7196730059,1852689842,0,20423600116842,credit,2026-08-29T13:19:53+09:00
2024-04-08,20240408,19463494894608,10431155529689,9032339364919,9049419901,7196730059,1852689842,0,20423600116842,credit,2026-09-03T10:06:27+09:00
2024-04-09,20240409,19457129268623,10452945642855,9004183625768,9005820816,7166090974,1839729842,0,20395681961847,credit,2026-08-29T13:19:53+09:00
2024-04-09,20240409,19457129268623,10452945642855,9004183625768,9005820816,7166090974,1839729842,0,20395681961847,credit,2026-09-03T10:06:27+09:00
2024-04-11,20240411,19363964768462,10370916813240,8993047955222,8968825492,7138577550,1830247942,0,20335199035704,credit,2026-08-29T13:19:53+09:00
2024-04-11,20240411,19363964768462,10370916813240,8993047955222,8968825492,7138577550,1830247942,0,20335199035704,credit,2026-09-03T10:06:27+09:00
2024-04-12,20240412,19317417938673,10367051785313,8950366153360,8931341108,7104175916,1827165192,0,20306187707535,credit,2026-08-29T13:19:53+09:00
2024-04-12,20240412,19317417938673,10367051785313,8950366153360,8931341108,7104175916,1827165192,0,20306187707535,credit,2026-09-03T10:06:27+09:00
2024-04-15,20240415,19282629927254,10358305004525,8924324922729,8836151829,7033163737,1802988092,0,19834849132953,credit,2026-08-29T13:19:53+09:00
2024-04-15,20240415,19282629927254,10358305004525,8924324922729,8836151829,7033163737,1802988092,0,19834849132953,credit,2026-09-03T10:06:27+09:00
2024-04-16,20240416,19348466537883,10396984252507,8951482285376,8781976376,7000372684,1781603692,0,19806699550084,credit,2026-08-29T13:19:53+09:00
2024-04-16,20240416,19348466537883,10396984252507,8951482285376,8781976376,7000372684,1781603692,0,19806699550084,credit,2026-09-03T10:06:27+09:00
2024-04-17,20240417,19410241987519,10464352651716,8945889335803,8720148696,6941587504,1778561192,0,19896051224587,credit,2026-08-29T13:19:53+09:00
2024-04-17,20240417,19410241987519,10464352651716,8945889335803,8720148696,6941587504,1778561192,0,19896051224587,credit,2026-09-03T10:06:27+09:00
2024-04-18,20240418,19181557767400,10350406042008,8831151725392,8152564166,6381343954,1771220212,0,19965159647360,credit,2026-08-29T13:19:53+09:00
2024-04-18,20240418,19181557767400,10350406042008,8831151725392,8152564166,6381343954,1771220212,0,19965159647360,credit,2026-09-03T10:06:27+09:00
2024-04-19,20240419,19062448862584,10283942727625,8778506134959,8074754380,6308226668,1766527712,0,19892633780999,credit,2026-08-29T13:19:53+09:00
2024-04-19,20240419,19062448862584,10283942727625,8778506134959,8074754380,6308226668,1766527712,0,19892633780999,credit,2026-09-03T10:06:27+09:00
2024-04-22,20240422,19032581314537,10239253532831,8793327781706,8071567920,6305904708,1765663212,0,19703837776781,credit,2026-08-29T13:19:53+09:00
2024-04-22,20240422,19032581314537,10239253532831,8793327781706,8071567920,6305904708,1765663212,0,19703837776781,credit,2026-09-03T10:06:27+09:00
2024-04-23,20240423,19036067995793,10267509051167,8768558944626,7995445955,6242281643,1753164312,0,19805461412646,credit,2026-08-29T13:19:53+09:00
2024-04-23,20240423,19036067995793,10267509051167,8768558944626,7995445955,6242281643,1753164312,0,19805461412646,credit,2026-09-03T10:06:27+09:00
2024-04-24,20240424,18991231339480,10237662846548,8753568492932,7970489365,6221400023,1749089342,0,19926319817110,credit,2026-08-29T13:19:53+09:00
2024-04-24,20240424,18991231339480,10237662846548,8753568492932,7970489365,6221400023,1749089342,0,19926319817110,credit,2026-09-03T10:06:27+09:00
2024-04-25,20240425,19065329300766,10291737383849,8773591916917,7941428305,6195956963,1745471342,0,19772087632711,credit,2026-08-29T13:19:53+09:00
2024-04-25,20240425,19065329300766,10291737383849,8773591916917,7941428305,6195956963,1745471342,0,19772087632711,credit,2026-09-03T10:06:27+09:00
2024-04-26,20240426,19060983566482,10277110798205,8783872768277,7936179005,6190707663,1745471342,0,20084052593411,credit,2026-08-29T13:19:53+09:00
2024-04-26,20240426,19060983566482,10277110798205,8783872768277,7936179005,6190707663,1745471342,0,20084052593411,credit,2026-09-03T10:06:27+09:00
2024-04-29,20240429,19187591975815,10377359244901,8810232730914,7913525455,6172770613,1740754842,0,20519698693197,credit,2026-08-29T13:19:53+09:00
2024-04-29,20240429,19187591975815,10377359244901,8810232730914,7913525455,6172770613,1740754842,0,20519698693197,credit,2026-09-03T10:06:27+09:00
2024-04-30,20240430,19173006429527,10346807931329,8826198498198,7893258629,6155082587,1738176042,0,19966318197047,credit,2026-08-29T13:19:53+09:00
2024-04-30,20240430,19173006429527,10346807931329,8826198498198,7893258629,6155082587,1738176042,0,19966318197047,credit,2026-09-03T10:06:27+09:00
2024-05-02,20240502,19153451317180,10305448778255,8848002538925,7851805589,6115380497,1736425092,0,19916625088920,credit,2026-08-29T13:19:53+09:00
2024-05-02,20240502,19153451317180,10305448778255,8848002538925,7851805589,6115380497,1736425092,0,19916625088920,credit,2026-09-03T10:06:27+09:00
2024-05-03,20240503,19201027634548,10296307702653,8904719931895,7451626296,5720767404,1730858892,0,19936149961478,credit,2026-08-29T13:19:53+09:00
2024-05-03,20240503,19201027634548,10296307702653,8904719931895,7451626296,5720767404,1730858892,0,19936149961478,credit,2026-09-03T10:06:27+09:00
2024-05-07,20240507,19271387771675,10324551832316,8946835939359,7445764729,5717599337,1728165392,0,19963744933820,credit,2026-08-29T13:19:53+09:00
2024-05-07,20240507,19271387771675,10324551832316,8946835939359,7445764729,5717599337,1728165392,0,19963744933820,credit,2026-09-03T10:06:27+09:00
2024-05-08,20240508,19269959197315,10301210809745,8968748387570,7309934479,5603786587,1706147892,0,19997432703180,credit,2026-08-29T13:19:53+09:00
2024-05-08,20240508,19269959197315,10301210809745,8968748387570,7309934479,5603786587,1706147892,0,19997432703180,credit,2026-09-03T10:06:27+09:00
2024-05-09,20240509,19190416008018,10186599462239,9003816545779,7293604340,5590908637,1702695703,0,19898421581827,credit,2026-08-29T13:19:53+09:00
2024-05-09,20240509,19190416008018,10186599462239,9003816545779,7293604340,5590908637,1702695703,0,19898421581827,credit,2026-09-03T10:06:27+09:00
2024-05-10,20240510,19268462540525,10208120738243,9060341802282,7265441240,5563337937,1702103303,0,19882438715530,credit,2026-08-29T13:19:53+09:00
2024-05-10,20240510,19268462540525,10208120738243,9060341802282,7265441240,5563337937,1702103303,0,19882438715530,credit,2026-09-03T10:06:27+09:00
2024-05-13,20240513,19418258076905,10297237400730,9121020676175,7249878140,5549060637,1700817503,0,19938790791675,credit,2026-08-29T13:19:53+09:00
2024-05-13,20240513,19418258076905,10297237400730,9121020676175,7249878140,5549060637,1700817503,0,19938790791675,credit,2026-09-03T10:06:27+09:00
2024-05-14,20240514,19386789362919,10244983415573,9141805947346,7247690190,5548827637,1698862553,0,19964344053396,credit,2026-08-29T13:19:53+09:00
2024-05-14,20240514,19386789362919,10244983415573,9141805947346,7247690190,5548827637,1698862553,0,19964344053396,credit,2026-09-03T10:06:27+09:00
2024-05-16,20240516,19406292634345,10254137725798,9152154908547,7200477050,5526331037,1674146013,0,20001306666210,credit,2026-08-29T13:19:53+09:00
2024-05-16,20240516,19406292634345,10254137725798,9152154908547,7200477050,5526331037,1674146013,0,20001306666210,credit,2026-09-03T10:06:27+09:00
2024-05-17,20240517,19399888097481,10253140548332,9146747549149,7158603902,5499101537,1659502365,0,19951417185136,credit,2026-08-29T13:19:53+09:00
2024-05-17,20240517,19399888097481,10253140548332,9146747549149,7158603902,5499101537,1659502365,0,19951417185136,credit,2026-09-03T10:06:27+09:00
2024-05-20,20240520,19444928359007,10231286453618,9213641905389,7120933883,5466739137,1654194746,0,19960605218199,credit,2026-08-29T13:19:53+09:00
2024-05-20,20240520,19444928359007,10231286453618,9213641905389,7120933883,5466739137,1654194746,0,19960605218199,credit,2026-09-03T10:06:27+09:00
2024-05-21,20240521,19478175606742,10296187875767,9181987730975,7073810900,5420362904,1653447996,0,20037615510578,credit,2026-08-29T13:19:53+09:00
2024-05-21,20240521,19478175606742,10296187875767,9181987730975,7073810900,5420362904,1653447996,0,20037615510578,credit,2026-09-03T10:06:27+09:00
2024-05-22,20240522,19442795023642,10286984666386,9155810357256,6902258900,5360395204,1541863696,0,19986387396796,credit,2026-08-29T13:19:53+09:00
2024-05-22,20240522,19442795023642,10286984666386,9155810357256,6902258900,5360395204,1541863696,0,19986387396796,credit,2026-09-03T10:06:27+09:00
2024-05-23,20240523,19491760827665,10347704731911,9144056095754,6852562100,5354141504,1498420596,0,20008885770356,credit,2026-08-29T13:19:53+09:00
2024-05-23,20240523,19491760827665,10347704731911,9144056095754,6852562100,5354141504,1498420596,0,20008885770356,credit,2026-09-03T10:06:27+09:00
2024-05-24,20240524,19530731508729,10391391489802,9139340018927,6843942400,5347072504,1496869896,0,20019457160758,credit,2026-08-29T13:19:53+09:00
2024-05-24,20240524,19530731508729,10391391489802,9139340018927,6843942400,5347072504,1496869896,0,20019457160758,credit,2026-09-03T10:06:27+09:00
2024-05-27,20240527,19593535318312,10445804163604,9147731154708,6815446600,5340244054,1475202546,0,20017654094995,credit,2026-08-29T13:19:53+09:00
2024-05-27,20240527,19593535318312,10445804163604,9147731154708,6815446600,5340244054,1475202546,0,20017654094995,credit,2026-09-03T10:06:27+09:00
2024-05-28,20240528,19619806146064,10507426844087,9112379301977,6789690100,5338981754,1450708346,0,20028613631374,credit,2026-08-29T13:19:53+09:00
2024-05-28,20240528,19619806146064,10507426844087,9112379301977,6789690100,5338981754,1450708346,0,20028613631374,credit,2026-09-03T10:06:27+09:00
2024-05-29,20240529,19633248254448,10540901481371,9092346773077,6769673300,5336218954,1433454346,0,19996921003590,credit,2026-08-29T13:19:53+09:00
2024-05-29,20240529,19633248254448,10540901481371,9092346773077,6769673300,5336218954,1433454346,0,19996921003590,credit,2026-09-03T10:06:27+09:00
2024-05-30,20240530,19756774111418,10608234794536,9148539316882,6726739350,5321785954,1404953396,0,20012010619277,credit,2026-08-29T13:19:53+09:00
2024-05-30,20240530,19756774111418,10608234794536,9148539316882,6726739350,5321785954,1404953396,0,20012010619277,credit,2026-09-03T10:06:27+09:00
2024-05-31,20240531,19817479575907,10670226805630,9147252770277,6707981850,5313322854,1394658996,0,20144448607332,credit,2026-08-29T13:19:53+09:00
2024-05-31,20240531,19817479575907,10670226805630,9147252770277,6707981850,5313322854,1394658996,0,20144448607332,credit,2026-09-03T10:06:27+09:00
2024-06-03,20240603,19746554024080,10653323649231,9093230374849,6696856450,5306860554,1389995896,0,20221547658706,credit,2026-08-29T13:19:53+09:00
2024-06-03,20240603,19746554024080,10653323649231,9093230374849,6696856450,5306860554,1389995896,0,20221547658706,credit,2026-09-03T10:06:27+09:00
2024-06-04,20240604,19684772938239,10633754096911,9051018841328,6630975137,5291052441,1339922696,0,20095406291372,credit,2026-08-29T13:19:53+09:00
2024-06-04,20240604,19684772938239,10633754096911,9051018841328,6630975137,5291052441,1339922696,0,20095406291372,credit,2026-09-03T10:06:27+09:00
2024-06-05,20240605,19662938652558,10589748987951,9073189664607,6625105237,5290949141,1334156096,0,20126460368685,credit,2026-08-29T13:19:53+09:00
2024-06-05,20240605,19662938652558,10589748987951,9073189664607,6625105237,5290949141,1334156096,0,20126460368685,credit,2026-09-03T10:06:27+09:00
2024-06-07,20240607,19728918189335,10656916475361,9072001713974,6561916617,5230584741,1331331876,0,20207807986212,credit,2026-08-29T13:19:53+09:00
2024-06-07,20240607,19728918189335,10656916475361,9072001713974,6561916617,5230584741,1331331876,0,20207807986212,credit,2026-09-03T10:06:27+09:00
2024-06-10,20240610,19724265159404,10668504818517,9055760340887,6546600767,5224491941,1322108826,0,20198491246814,credit,2026-08-29T13:19:53+09:00
2024-06-10,20240610,19724265159404,10668504818517,9055760340887,6546600767,5224491941,1322108826,0,20198491246814,credit,2026-09-03T10:06:27+09:00
2024-06-11,20240611,19775049125950,10699328904512,9075720221438,6500936967,5215846041,1285090926,0,20243347922168,credit,2026-08-29T13:19:53+09:00
2024-06-11,20240611,19775049125950,10699328904512,9075720221438,6500936967,5215846041,1285090926,0,20243347922168,credit,2026-09-03T10:06:27+09:00
2024-06-12,20240612,19990033604017,10877841797468,9112191806549,6483157767,5206591541,1276566226,0,20270148318827,credit,2026-08-29T13:19:53+09:00
2024-06-12,20240612,19990033604017,10877841797468,9112191806549,6483157767,5206591541,1276566226,0,20270148318827,credit,2026-09-03T10:06:27+09:00
2024-06-13,20240613,20121668707378,10939476819033,9182191888345,6461345067,5185054941,1276290126,0,20172555820569,credit,2026-08-29T13:19:53+09:00
2024-06-13,20240613,20121668707378,10939476819033,9182191888345,6461345067,5185054941,1276290126,0,20172555820569,credit,2026-09-03T10:06:27+09:00
2024-06-14,20240614,20083101965730,10924036227281,9159065738449,6447606717,5178628541,1268978176,0,20274090709417,credit,2026-08-29T13:19:53+09:00
2024-06-14,20240614,20083101965730,10924036227281,9159065738449,6447606717,5178628541,1268978176,0,20274090709417,credit,2026-09-03T10:06:27+09:00
2024-06-17,20240617,20171795351540,10948667225895,9223128125645,6418076717,5151493641,1266583076,0,20255858538583,credit,2026-08-29T13:19:53+09:00
2024-06-17,20240617,20171795351540,10948667225895,9223128125645,6418076717,5151493641,1266583076,0,20255858538583,credit,2026-09-03T10:06:27+09:00
2024-06-18,20240618,20198363801979,10986348847474,9212014954505,6398375547,5133905141,1264470406,0,20335904893542,credit,2026-08-29T13:19:53+09:00
2024-06-18,20240618,20198363801979,10986348847474,9212014954505,6398375547,5133905141,1264470406,0,20335904893542,credit,2026-09-03T10:06:27+09:00
2024-06-19,20240619,20243090133471,11058552229219,9184537904252,6334253797,5073318391,1260935406,0,20358305455418,credit,2026-08-29T13:19:53+09:00
2024-06-19,20240619,20243090133471,11058552229219,9184537904252,6334253797,5073318391,1260935406,0,20358305455418,credit,2026-09-03T10:06:27+09:00
2024-06-20,20240620,20209740698790,11051668411521,9158072287269,6243881213,4988923807,1254957406,0,20395338551804,credit,2026-08-29T13:19:53+09:00
2024-06-20,20240620,20209740698790,11051668411521,9158072287269,6243881213,4988923807,1254957406,0,20395338551804,credit,2026-09-03T10:06:27+09:00
2024-06-21,20240621,20188100811831,11046555761223,9141545050608,6099281274,4851460268,1247821006,0,20389993252988,credit,2026-08-29T13:19:53+09:00
2024-06-21,20240621,20188100811831,11046555761223,9141545050608,6099281274,4851460268,1247821006,0,20389993252988,credit,2026-09-03T10:06:27+09:00
2024-06-24,20240624,20247734472406,11111780600933,9135953871473,6036616707,4794300401,1242316306,0,20353955181954,credit,2026-08-29T13:19:53+09:00
2024-06-24,20240624,20247734472406,11111780600933,9135953871473,6036616707,4794300401,1242316306,0,20353955181954,credit,2026-09-03T10:06:27+09:00
2024-06-25,20240625,20231297658558,11105080894540,9126216764018,5733909707,4596152301,1137757406,0,20379785519074,credit,2026-08-29T13:19:53+09:00
2024-06-25,20240625,20231297658558,11105080894540,9126216764018,5733909707,4596152301,1137757406,0,20379785519074,credit,2026-09-03T10:06:27+09:00
2024-06-26,20240626,20178992429058,11101733783011,9077258646047,5692871107,4557958601,1134912506,0,20394222817678,credit,2026-08-29T13:19:53+09:00
2024-06-26,20240626,20178992429058,11101733783011,9077258646047,5692871107,4557958601,1134912506,0,20394222817678,credit,2026-09-03T10:06:27+09:00
2024-06-27,20240627,20089120593525,11053685011673,9035435581852,5659933197,4533501901,1126431296,0,20275854492795,credit,2026-08-29T13:19:53+09:00
2024-06-27,20240627,20089120593525,11053685011673,9035435581852,5659933197,4533501901,1126431296,0,20275854492795,credit,2026-09-03T10:06:27+09:00
2024-06-28,20240628,20107741278847,11064074341958,9043666936889,5627203197,4531025801,1096177396,0,20267701978793,credit,2026-08-29T13:19:53+09:00
2024-06-28,20240628,20107741278847,11064074341958,9043666936889,5627203197,4531025801,1096177396,0,20267701978793,credit,2026-09-03T10:06:27+09:00
2024-07-01,20240701,20077585918459,11046290949790,9031294968669,5561514417,4465337021,1096177396,0,20291026978301,credit,2026-08-29T13:19:53+09:00
2024-07-01,20240701,20077585918459,11046290949790,9031294968669,5561514417,4465337021,1096177396,0,20291026978301,credit,2026-09-03T10:06:27+09:00
2024-07-02,20240702,20021931670040,11009493386759,9012438283281,5551879817,4459875521,1092004296,0,20275773812282,credit,2026-08-29T13:19:53+09:00
2024-07-02,20240702,20021931670040,11009493386759,9012438283281,5551879817,4459875521,1092004296,0,20275773812282,credit,2026-09-03T10:06:27+09:00
2024-07-03,20240703,20025886008800,11007690071830,9018195936970,5517448246,4425654550,1091793696,0,20647596513241,credit,2026-08-29T13:19:53+09:00
2024-07-03,20240703,20025886008800,11007690071830,9018195936970,5517448246,4425654550,1091793696,0,20647596513241,credit,2026-09-03T10:06:27+09:00
2024-07-04,20240704,19968252407349,11003019121344,8965233286005,5496123302,4404329606,1091793696,0,20705112068168,credit,2026-08-29T13:19:53+09:00
2024-07-04,20240704,19968252407349,11003019121344,8965233286005,5496123302,4404329606,1091793696,0,20705112068168,credit,2026-09-03T10:06:27+09:00
2024-07-05,20240705,19874382006046,10954158609719,8920223396327,5481718752,4390260556,1091458196,0,20239731365358,credit,2026-08-29T13:19:53+09:00
2024-07-05,20240705,19874382006046,10954158609719,8920223396327,5481718752,4390260556,1091458196,0,20239731365358,credit,2026-09-03T10:06:27+09:00
2024-07-08,20240708,19889991060595,10969404590711,8920586469884,5479272152,4389481456,1089790696,0,20205141487500,credit,2026-08-29T13:19:53+09:00
2024-07-08,20240708,19889991060595,10969404590711,8920586469884,5479272152,4389481456,1089790696,0,20205141487500,credit,2026-09-03T10:06:27+09:00
2024-07-09,20240709,19885491444779,10931735290071,8953756154708,5477888782,4388098086,1089790696,0,20145653763019,credit,2026-08-29T13:19:53+09:00
2024-07-09,20240709,19885491444779,10931735290071,8953756154708,5477888782,4388098086,1089790696,0,20145653763019,credit,2026-09-03T10:06:27+09:00
2024-07-10,20240710,19935210904753,10967543385400,8967667519353,5437488708,4348669312,1088819396,0,20144342738762,credit,2026-08-29T13:19:53+09:00
2024-07-10,20240710,19935210904753,10967543385400,8967667519353,5437488708,4348669312,1088819396,0,20144342738762,credit,2026-09-03T10:06:27+09:00
2024-07-11,20240711,20055687550807,10994785751230,9060901799577,5407501308,4319425212,1088076096,0,20180137070258,credit,2026-08-29T13:19:53+09:00
2024-07-11,20240711,20055687550807,10994785751230,9060901799577,5407501308,4319425212,1088076096,0,20180137070258,credit,2026-09-03T10:06:27+09:00
2024-07-12,20240712,20163857619357,11055121260054,9108736359303,5378598258,4296863612,1081734646,0,20226053441248,credit,2026-08-29T13:19:53+09:00
2024-07-12,20240712,20163857619357,11055121260054,9108736359303,5378598258,4296863612,1081734646,0,20226053441248,credit,2026-09-03T10:06:27+09:00
2024-07-15,20240715,20200025171562,11064219781770,9135805389792,5349411308,4267745562,1081665746,0,20258542288508,credit,2026-08-29T13:19:53+09:00
2024-07-15,20240715,20200025171562,11064219781770,9135805389792,5349411308,4267745562,1081665746,0,20258542288508,credit,2026-09-03T10:06:27+09:00
2024-07-16,20240716,20157093347316,11069392579988,9087700767328,5333133408,4266272162,1066861246,0,20292915911712,credit,2026-08-29T13:19:53+09:00
2024-07-16,20240716,20157093347316,11069392579988,9087700767328,5333133408,4266272162,1066861246,0,20292915911712,credit,2026-09-03T10:06:27+09:00
2024-07-17,20240717,20203109891445,11125226196430,9077883695015,5282179803,4215387457,1066792346,0,20263685831462,credit,2026-08-29T13:19:53+09:00
2024-07-17,20240717,20203109891445,11125226196430,9077883695015,5282179803,4215387457,1066792346,0,20263685831462,credit,2026-09-03T10:06:27+09:00
2024-07-18,20240718,20163965680225,11106117864987,9057847815238,5257066025,4206333979,1050732046,0,20225920095091,credit,2026-08-29T13:19:53+09:00
2024-07-18,20240718,20163965680225,11106117864987,9057847815238,5257066025,4206333979,1050732046,0,20225920095091,credit,2026-09-03T10:06:27+09:00
2024-07-19,20240719,20098282097341,11099074223353,8999207873988,5233905383,4196351137,1037554246,0,20531370318667,credit,2026-08-29T13:19:53+09:00
2024-07-19,20240719,20098282097341,11099074223353,8999207873988,5233905383,4196351137,1037554246,0,20531370318667,credit,2026-09-03T10:06:27+09:00
2024-07-22,20240722,19958316255641,11056947649787,8901368605854,5204281083,4193024837,1011256246,0,20607809959482,credit,2026-08-29T13:19:53+09:00
2024-07-22,20240722,19958316255641,11056947649787,8901368605854,5204281083,4193024837,1011256246,0,20607809959482,credit,2026-09-03T10:06:27+09:00
2024-07-23,20240723,19965331572019,11091282083590,8874049488429,5196291923,4190063637,1006228286,0,20286968803189,credit,2026-08-29T13:19:53+09:00
2024-07-23,20240723,19965331572019,11091282083590,8874049488429,5196291923,4190063637,1006228286,0,20286968803189,credit,2026-09-03T10:06:27+09:00
2024-07-24,20240724,19917334267302,11075625608799,8841708658503,4995892623,4010479437,985413186,0,20316142065638,credit,2026-08-29T13:19:53+09:00
2024-07-24,20240724,19917334267302,11075625608799,8841708658503,4995892623,4010479437,985413186,0,20316142065638,credit,2026-09-03T10:06:27+09:00
2024-07-25,20240725,19804527634803,11022947923520,8781579711283,4950169873,3975881287,974288586,0,20291520335493,credit,2026-08-29T13:19:53+09:00
2024-07-25,20240725,19804527634803,11022947923520,8781579711283,4950169873,3975881287,974288586,0,20291520335493,credit,2026-09-03T10:06:27+09:00
2024-07-26,20240726,19792959944371,11030490056785,8762469887586,4910706553,3936790867,973915686,0,20261902608622,credit,2026-08-29T13:19:53+09:00
2024-07-26,20240726,19792959944371,11030490056785,8762469887586,4910706553,3936790867,973915686,0,20261902608622,credit,2026-09-03T10:06:27+09:00
2024-07-29,20240729,19590527458831,10918837221851,8671690236980,4833077411,3890276525,942800886,0,20294009934369,credit,2026-08-29T13:19:53+09:00
2024-07-29,20240729,19590527458831,10918837221851,8671690236980,4833077411,3890276525,942800886,0,20294009934369,credit,2026-09-03T10:06:27+09:00
2024-07-30,20240730,19457642830753,10846476191399,8611166639354,4800103161,3860068425,940034736,0,20170926558310,credit,2026-08-29T13:19:53+09:00
2024-07-30,20240730,19457642830753,10846476191399,8611166639354,4800103161,3860068425,940034736,0,20170926558310,credit,2026-09-03T10:06:27+09:00
2024-07-31,20240731,19428713189281,10826887817873,8601825371408,4789591195,3850201559,939389636,0,20143262532352,credit,2026-08-29T13:19:53+09:00
2024-07-31,20240731,19428713189281,10826887817873,8601825371408,4789591195,3850201559,939389636,0,20143262532352,credit,2026-09-03T10:06:27+09:00
2024-08-01,20240801,19516040923277,10925073219571,8590967703706,4753631303,3827688617,925942686,0,20310362728977,credit,2026-08-29T13:19:53+09:00
2024-08-01,20240801,19516040923277,10925073219571,8590967703706,4753631303,3827688617,925942686,0,20310362728977,credit,2026-09-03T10:06:27+09:00
2024-08-02,20240802,19422564462202,10870000646355,8552563815847,4729696203,3804859417,924836786,0,20333534975901,credit,2026-08-29T13:19:53+09:00
2024-08-02,20240802,19422564462202,10870000646355,8552563815847,4729696203,3804859417,924836786,0,20333534975901,credit,2026-09-03T10:06:27+09:00
2024-08-05,20240805,19294137392894,10812363137659,8481774255235,4711896678,3787511217,924385461,0,20462468550178,credit,2026-08-29T13:19:53+09:00
2024-08-05,20240805,19294137392894,10812363137659,8481774255235,4711896678,3787511217,924385461,0,20462468550178,credit,2026-09-03T10:06:27+09:00
2024-08-06,20240806,19055440304556,10745268145374,8310172159182,4665455334,3774404773,891050561,0,20624617726737,credit,2026-08-29T13:19:53+09:00
2024-08-06,20240806,19055440304556,10745268145374,8310172159182,4665455334,3774404773,891050561,0,20624617726737,credit,2026-09-03T10:06:27+09:00
2024-08-07,20240807,17719138666631,10116449850281,7602688816350,4291093661,3535450953,755642708,0,20325974927260,credit,2026-08-29T13:19:53+09:00
2024-08-07,20240807,17719138666631,10116449850281,7602688816350,4291093661,3535450953,755642708,0,20325974927260,credit,2026-09-03T10:06:27+09:00
2024-08-08,20240808,17126813264946,9813217609792,7313595655154,4195668594,3447677986,747990608,0,19847356063561,credit,2026-08-29T13:19:53+09:00
2024-08-08,20240808,17126813264946,9813217609792,7313595655154,4195668594,3447677986,747990608,0,19847356063561,credit,2026-09-03T10:06:27+09:00
2024-08-09,20240809,17204040045850,9839165110611,7364874935239,4170832377,3424251829,746580548,0,19798472915099,credit,2026-08-29T13:19:53+09:00
2024-08-09,20240809,17204040045850,9839165110611,7364874935239,4170832377,3424251829,746580548,0,19798472915099,credit,2026-09-03T10:06:27+09:00
2024-08-12,20240812,17366025227160,9943759792635,7422265434525,4140729177,3397936029,742793148,0,19956773412735,credit,2026-08-29T13:19:53+09:00
2024-08-12,20240812,17366025227160,9943759792635,7422265434525,4140729177,3397936029,742793148,0,19956773412735,credit,2026-09-03T10:06:27+09:00
2024-08-13,20240813,17478789916235,10012552632964,7466237283271,4129382010,3394893962,734488048,0,19826377382742,credit,2026-08-29T13:19:53+09:00
2024-08-13,20240813,17478789916235,10012552632964,7466237283271,4129382010,3394893962,734488048,0,19826377382742,credit,2026-09-03T10:06:27+09:00
2024-08-14,20240814,17551170783086,10006838478442,7544332304644,4127253373,3392765325,734488048,0,19778429514825,credit,2026-08-29T13:19:53+09:00
2024-08-14,20240814,17551170783086,10006838478442,7544332304644,4127253373,3392765325,734488048,0,19778429514825,credit,2026-09-03T10:06:27+09:00
2024-08-16,20240816,17613037037072,10051396764962,7561640272110,4122853140,3388365092,734488048,0,19837890998054,credit,2026-08-29T13:19:53+09:00
2024-08-16,20240816,17613037037072,10051396764962,7561640272110,4122853140,3388365092,734488048,0,19837890998054,credit,2026-09-03T10:06:27+09:00
2024-08-19,20240819,17605084550898,10030902836771,7574181714127,4114500776,3382424728,732076048,0,19767531027655,credit,2026-08-29T13:19:53+09:00
2024-08-19,20240819,17605084550898,10030902836771,7574181714127,4114500776,3382424728,732076048,0,19767531027655,credit,2026-09-03T10:06:27+09:00
2024-08-20,20240820,17571015590758,9950017753408,7620997837350,4107555951,3375859728,731696223,0,19705143076966,credit,2026-08-29T13:19:53+09:00
2024-08-20,20240820,17571015590758,9950017753408,7620997837350,4107555951,3375859728,731696223,0,19705143076966,credit,2026-09-03T10:06:27+09:00
2024-08-21,20240821,17654784283354,10010931673510,7643852609844,4097922351,3375664128,722258223,0,19774483583577,credit,2026-08-29T13:19:53+09:00
2024-08-21,20240821,17654784283354,10010931673510,7643852609844,4097922351,3375664128,722258223,0,19774483583577,credit,2026-09-03T10:06:27+09:00
2024-08-22,20240822,17716525597970,10045704295622,7670821302348,4096068451,3373810228,722258223,0,19842771076558,credit,2026-08-29T13:19:53+09:00
2024-08-22,20240822,17716525597970,10045704295622,7670821302348,4096068451,3373810228,722258223,0,19842771076558,credit,2026-09-03T10:06:27+09:00
2024-08-23,20240823,17818127872912,10096515082522,7721612790390,4087623451,3366624928,720998523,0,19875284322212,credit,2026-08-29T13:19:53+09:00
2024-08-23,20240823,17818127872912,10096515082522,7721612790390,4087623451,3366624928,720998523,0,19875284322212,credit,2026-09-03T10:06:27+09:00
2024-08-26,20240826,17804677463731,10084714788435,7719962675296,4077147151,3357806728,719340423,0,19906432844354,credit,2026-08-29T13:19:53+09:00
2024-08-26,20240826,17804677463731,10084714788435,7719962675296,4077147151,3357806728,719340423,0,19906432844354,credit,2026-09-03T10:06:27+09:00
2024-08-27,20240827,17790650317512,10068238368435,7722411949077,4074031151,3357237928,716793223,0,19880946111467,credit,2026-08-29T13:19:53+09:00
2024-08-27,20240827,17790650317512,10068238368435,7722411949077,4074031151,3357237928,716793223,0,19880946111467,credit,2026-09-03T10:06:27+09:00
2024-08-28,20240828,17820941300833,10095306212996,7725635087837,4057352401,3340598378,716754023,0,19886290163687,credit,2026-08-29T13:19:53+09:00
2024-08-28,20240828,17820941300833,10095306212996,7725635087837,4057352401,3340598378,716754023,0,19886290163687,credit,2026-09-03T10:06:27+09:00
2024-08-29,20240829,17844082443686,10126243136748,7717839306938,4037810838,3328392115,709418723,0,19945807554863,credit,2026-08-29T13:19:53+09:00
2024-08-29,20240829,17844082443686,10126243136748,7717839306938,4037810838,3328392115,709418723,0,19945807554863,credit,2026-09-03T10:06:27+09:00
2024-08-30,20240830,17855724238804,10139560270477,7716163968327,3985946568,3279029845,706916723,0,19956078221599,credit,2026-08-29T13:19:53+09:00
2024-08-30,20240830,17855724238804,10139560270477,7716163968327,3985946568,3279029845,706916723,0,19956078221599,credit,2026-09-03T10:06:27+09:00
2024-09-02,20240902,17878472015630,10166367109453,7712104906177,3962163868,3262797645,699366223,0,20067644621860,credit,2026-08-29T13:19:53+09:00
2024-09-02,20240902,17878472015630,10166367109453,7712104906177,3962163868,3262797645,699366223,0,20067644621860,credit,2026-09-03T10:06:27+09:00
2024-09-03,20240903,17828904491388,10134934984860,7693969506528,3962096168,3262729945,699366223,0,19888161369859,credit,2026-08-29T13:19:53+09:00
2024-09-03,20240903,17828904491388,10134934984860,7693969506528,3962096168,3262729945,699366223,0,19888161369859,credit,2026-09-03T10:06:27+09:00
2024-09-04,20240904,17891077723046,10179147692080,7711930030966,3921850718,3261985345,659865373,0,19911536097409,credit,2026-08-29T13:19:53+09:00
2024-09-04,20240904,17891077723046,10179147692080,7711930030966,3921850718,3261985345,659865373,0,19911536097409,credit,2026-09-03T10:06:27+09:00
2024-09-05,20240905,17890519501743,10178757503720,7711761998023,3920578118,3261464045,659114073,0,19980468228715,credit,2026-08-29T13:19:53+09:00
2024-09-05,20240905,17890519501743,10178757503720,7711761998023,3920578118,3261464045,659114073,0,19980468228715,credit,2026-09-03T10:06:27+09:00
2024-09-06,20240906,17675816753191,10116071161229,7559745591962,3876900218,3233891095,643009123,0,19947246001786,credit,2026-08-29T13:19:53+09:00
2024-09-06,20240906,17675816753191,10116071161229,7559745591962,3876900218,3233891095,643009123,0,19947246001786,credit,2026-09-03T10:06:27+09:00
2024-09-09,20240909,17357529006289,9943070482855,7414458523434,3868356818,3225865195,642491623,0,19838230136772,credit,2026-08-29T13:19:53+09:00
2024-09-09,20240909,17357529006289,9943070482855,7414458523434,3868356818,3225865195,642491623,0,19838230136772,credit,2026-09-03T10:06:27+09:00
2024-09-10,20240910,17105991833702,9801651174277,7304340659425,3810065068,3203965845,606099223,0,19752286305763,credit,2026-08-29T13:19:53+09:00
2024-09-10,20240910,17105991833702,9801651174277,7304340659425,3810065068,3203965845,606099223,0,19752286305763,credit,2026-09-03T10:06:27+09:00
2024-09-11,20240911,17016904110025,9782111613624,7234792496401,3796620148,3191225575,605394573,0,19636489152765,credit,2026-08-29T13:19:53+09:00
2024-09-11,20240911,17016904110025,9782111613624,7234792496401,3796620148,3191225575,605394573,0,19636489152765,credit,2026-09-03T10:06:27+09:00
2024-09-12,20240912,17034196754108,9773779234826,7260417519282,3754724248,3156008975,598715273,0,19629872481764,credit,2026-08-29T13:19:53+09:00
2024-09-12,20240912,17034196754108,9773779234826,7260417519282,3754724248,3156008975,598715273,0,19629872481764,credit,2026-09-03T10:06:27+09:00
2024-09-13,20240913,17042079157139,9808991650637,7233087506502,3748028348,3153024875,595003473,0,19566143321510,credit,2026-08-29T13:19:53+09:00
2024-09-13,20240913,17042079157139,9808991650637,7233087506502,3748028348,3153024875,595003473,0,19566143321510,credit,2026-09-03T10:06:27+09:00
2024-09-19,20240919,16992656175013,9770667127770,7221989047243,3683183263,3131598290,551584973,0,19462328898275,credit,2026-08-29T13:19:53+09:00
2024-09-19,20240919,16992656175013,9770667127770,7221989047243,3683183263,3131598290,551584973,0,19462328898275,credit,2026-09-03T10:06:27+09:00
2024-09-20,20240920,17103393065854,9841643484985,7261749580869,3662875163,3112967690,549907473,0,19549606775991,credit,2026-08-29T13:19:53+09:00
2024-09-20,20240920,17103393065854,9841643484985,7261749580869,3662875163,3112967690,549907473,0,19549606775991,credit,2026-09-03T10:06:27+09:00
2024-09-23,20240923,17282466186103,9979018427134,7303447758969,3628917763,3079042190,549875573,0,19573482775019,credit,2026-08-29T13:19:53+09:00
2024-09-23,20240923,17282466186103,9979018427134,7303447758969,3628917763,3079042190,549875573,0,19573482775019,credit,2026-09-03T10:06:27+09:00
2024-09-24,20240924,17330563907892,9997052837828,7333511070064,3621467063,3071619490,549847573,0,19568135315987,credit,2026-08-29T13:19:53+09:00
2024-09-24,20240924,17330563907892,9997052837828,7333511070064,3621467063,3071619490,549847573,0,19568135315987,credit,2026-09-03T10:06:27+09:00
2024-09-25,20240925,17439418714432,10094978372011,7344440342421,3588827663,3048052590,540775073,0,19664880911372,credit,2026-08-29T13:19:53+09:00
2024-09-25,20240925,17439418714432,10094978372011,7344440342421,3588827663,3048052590,540775073,0,19664880911372,credit,2026-09-03T10:06:27+09:00
2024-09-26,20240926,17491413611623,10133852902346,7357560709277,3587432263,3047869790,539562473,0,19647211384085,credit,2026-08-29T13:19:53+09:00
2024-09-26,20240926,17491413611623,10133852902346,7357560709277,3587432263,3047869790,539562473,0,19647211384085,credit,2026-09-03T10:06:27+09:00
2024-09-27,20240927,17550909131944,10183873471390,7367035660554,3587364463,3047801990,539562473,0,19735834693531,credit,2026-08-29T13:19:53+09:00
2024-09-27,20240927,17550909131944,10183873471390,7367035660554,3587364463,3047801990,539562473,0,19735834693531,credit,2026-09-03T10:06:27+09:00
2024-09-30,20240930,17464263497229,10101865326388,7362398170841,3572246663,3047734190,524512473,0,19745371358793,credit,2026-08-29T13:19:53+09:00
2024-09-30,20240930,17464263497229,10101865326388,7362398170841,3572246663,3047734190,524512473,0,19745371358793,credit,2026-09-03T10:06:27+09:00
2024-10-02,20241002,17583189722924,10169342541005,7413847181919,3449065445,2924552972,524512473,0,19764289373563,credit,2026-08-29T13:19:53+09:00
2024-10-02,20241002,17583189722924,10169342541005,7413847181919,3449065445,2924552972,524512473,0,19764289373563,credit,2026-09-03T10:06:27+09:00
2024-10-04,20241004,17703702481236,10279609997504,7424092483732,3435939169,2911426696,524512473,0,19780439372955,credit,2026-08-29T13:19:53+09:00
2024-10-04,20241004,17703702481236,10279609997504,7424092483732,3435939169,2911426696,524512473,0,19780439372955,credit,2026-09-03T10:06:27+09:00
2024-10-07,20241007,17765619512260,10361228667578,7404390844682,3392248546,2868060673,524187873,0,19791305600503,credit,2026-08-29T13:19:53+09:00
2024-10-07,20241007,17765619512260,10361228667578,7404390844682,3392248546,2868060673,524187873,0,19791305600503,credit,2026-09-03T10:06:27+09:00
2024-10-08,20241008,17730717455614,10339242773117,7391474682497,3353907563,2831769990,522137573,0,19835737385828,credit,2026-08-29T13:19:53+09:00
2024-10-08,20241008,17730717455614,10339242773117,7391474682497,3353907563,2831769990,522137573,0,19835737385828,credit,2026-09-03T10:06:27+09:00
2024-10-10,20241010,17787412252587,10370180677769,7417231574818,3306841125,2784703552,522137573,0,19873555363938,credit,2026-08-29T13:19:53+09:00
2024-10-10,20241010,17787412252587,10370180677769,7417231574818,3306841125,2784703552,522137573,0,19873555363938,credit,2026-09-03T10:06:27+09:00
2024-10-11,20241011,17950233106624,10484563423838,7465669682786,3285976020,2766726447,519249573,0,19858597459135,credit,2026-08-29T13:19:53+09:00
2024-10-11,20241011,17950233106624,10484563423838,7465669682786,3285976020,2766726447,519249573,0,19858597459135,credit,2026-09-03T10:06:27+09:00
2024-10-14,20241014,17999735210809,10479643800317,7520091410492,3239459470,2720264347,519195123,0,19910441626930,credit,2026-08-29T13:19:53+09:00
2024-10-14,20241014,17999735210809,10479643800317,7520091410492,3239459470,2720264347,519195123,0,19910441626930,credit,2026-09-03T10:06:27+09:00
2024-10-15,20241015,18019623849738,10507831755155,7511792094583,3180397071,2661201948,519195123,0,19933079390830,credit,2026-08-29T13:19:53+09:00
2024-10-15,20241015,18019623849738,10507831755155,7511792094583,3180397071,2661201948,519195123,0,19933079390830,credit,2026-09-03T10:06:27+09:00
2024-10-16,20241016,18017027283615,10488199727757,7528827555858,3163126651,2643931528,519195123,0,19884623822515,credit,2026-08-29T13:19:53+09:00
2024-10-16,20241016,18017027283615,10488199727757,7528827555858,3163126651,2643931528,519195123,0,19884623822515,credit,2026-09-03T10:06:27+09:00
2024-10-17,20241017,18057296813534,10491692580501,7565604233033,3150890835,2643005012,507885823,0,19930715642975,credit,2026-08-29T13:19:53+09:00
2024-10-17,20241017,18057296813534,10491692580501,7565604233033,3150890835,2643005012,507885823,0,19930715642975,credit,2026-09-03T10:06:27+09:00
2024-10-18,20241018,18162793372177,10576830050524,7585963321653,3131225595,2623359512,507866083,0,19982372931905,credit,2026-08-29T13:19:53+09:00
2024-10-18,20241018,18162793372177,10576830050524,7585963321653,3131225595,2623359512,507866083,0,19982372931905,credit,2026-09-03T10:06:27+09:00
2024-10-21,20241021,18215704839050,10624148102949,7591556736101,3086851170,2578985087,507866083,0,19941259519371,credit,2026-08-29T13:19:53+09:00
2024-10-21,20241021,18215704839050,10624148102949,7591556736101,3086851170,2578985087,507866083,0,19941259519371,credit,2026-09-03T10:06:27+09:00
2024-10-22,20241022,18227523808843,10642171103775,7585352705068,3072775045,2564908962,507866083,0,20030880742943,credit,2026-08-29T13:19:53+09:00
2024-10-22,20241022,18227523808843,10642171103775,7585352705068,3072775045,2564908962,507866083,0,20030880742943,credit,2026-09-03T10:06:27+09:00
2024-10-23,20241023,18152847404852,10586622830608,7566224574244,3050735033,2542868950,507866083,0,19975508909506,credit,2026-08-29T13:19:53+09:00
2024-10-23,20241023,18152847404852,10586622830608,7566224574244,3050735033,2542868950,507866083,0,19975508909506,credit,2026-09-03T10:06:27+09:00
2024-10-24,20241024,18093672224167,10562656036733,7531016187434,3011621202,2503797569,507823633,0,20055853591044,credit,2026-08-29T13:19:53+09:00
2024-10-24,20241024,18093672224167,10562656036733,7531016187434,3011621202,2503797569,507823633,0,20055853591044,credit,2026-09-03T10:06:27+09:00
2024-10-25,20241025,17958134525406,10490204590303,7467929935103,2998978905,2491155272,507823633,0,20010023222046,credit,2026-08-29T13:19:53+09:00
2024-10-25,20241025,17958134525406,10490204590303,7467929935103,2998978905,2491155272,507823633,0,20010023222046,credit,2026-09-03T10:06:27+09:00
2024-10-28,20241028,18000306310833,10530566247280,7469740063553,2992803361,2484979728,507823633,0,19996753775462,credit,2026-08-29T13:19:53+09:00
2024-10-28,20241028,18000306310833,10530566247280,7469740063553,2992803361,2484979728,507823633,0,19996753775462,credit,2026-09-03T10:06:27+09:00
2024-10-29,20241029,17886967313558,10481702043459,7405265270099,2960583644,2473671061,486912583,0,20093975984379,credit,2026-08-29T13:19:53+09:00
2024-10-29,20241029,17886967313558,10481702043459,7405265270099,2960583644,2473671061,486912583,0,20093975984379,credit,2026-09-03T10:06:27+09:00
2024-10-30,20241030,17832613561473,10449267617227,7383345944246,2956599532,2469686949,486912583,0,20063458085221,credit,2026-08-29T13:19:53+09:00
2024-10-30,20241030,17832613561473,10449267617227,7383345944246,2956599532,2469686949,486912583,0,20063458085221,credit,2026-09-03T10:06:27+09:00
2024-10-31,20241031,17886113067216,10478108512123,7408004555093,2942725689,2459902306,482823383,0,20038464857747,credit,2026-08-29T13:19:53+09:00
2024-10-31,20241031,17886113067216,10478108512123,7408004555093,2942725689,2459902306,482823383,0,20038464857747,credit,2026-09-03T10:06:27+09:00
2024-11-01,20241101,17935007758152,10509148045653,7425859712499,2939928229,2457104846,482823383,0,20011629659368,credit,2026-08-29T13:19:53+09:00
2024-11-01,20241101,17935007758152,10509148045653,7425859712499,2939928229,2457104846,482823383,0,20011629659368,credit,2026-09-03T10:06:27+09:00
2024-11-04,20241104,17943777492779,10546982699892,7396794792887,2936028989,2453814606,482214383,0,20100818350130,credit,2026-08-29T13:19:53+09:00
2024-11-04,20241104,17943777492779,10546982699892,7396794792887,2936028989,2453814606,482214383,0,20100818350130,credit,2026-09-03T10:06:27+09:00
2024-11-05,20241105,17881626902300,10497395875118,7384231027182,2928529989,2446315606,482214383,0,20071850419701,credit,2026-08-29T13:19:53+09:00
2024-11-05,20241105,17881626902300,10497395875118,7384231027182,2928529989,2446315606,482214383,0,20071850419701,credit,2026-09-03T10:06:27+09:00
2024-11-06,20241106,17840541057661,10486958899792,7353582157869,2921422438,2443765055,477657383,0,20034466468046,credit,2026-08-29T13:19:53+09:00
2024-11-06,20241106,17840541057661,10486958899792,7353582157869,2921422438,2443765055,477657383,0,20034466468046,credit,2026-09-03T10:06:27+09:00
2024-11-07,20241107,17963496270476,10568985100383,7394511170093,2918200738,2440543355,477657383,0,20090499687530,credit,2026-08-29T13:19:53+09:00
2024-11-07,20241107,17963496270476,10568985100383,7394511170093,2918200738,2440543355,477657383,0,20090499687530,credit,2026-09-03T10:06:27+09:00
2024-11-08,20241108,17971966353289,10548027697589,7423938655700,2911041338,2436583455,474457883,0,20100407323866,credit,2026-08-29T13:19:53+09:00
2024-11-08,20241108,17971966353289,10548027697589,7423938655700,2911041338,2436583455,474457883,0,20100407323866,credit,2026-09-03T10:06:27+09:00
2024-11-11,20241111,17935740909190,10515346725855,7420394183335,2905824038,2431747655,474076383,0,20135259618229,credit,2026-08-29T13:19:53+09:00
2024-11-11,20241111,17935740909190,10515346725855,7420394183335,2905824038,2431747655,474076383,0,20135259618229,credit,2026-09-03T10:06:27+09:00
2024-11-12,20241112,17899936783694,10499533120471,7400403663223,2884058427,2419915644,464142783,0,20143639203516,credit,2026-08-29T13:19:53+09:00
2024-11-12,20241112,17899936783694,10499533120471,7400403663223,2884058427,2419915644,464142783,0,20143639203516,credit,2026-09-03T10:06:27+09:00
2024-11-13,20241113,17871630178227,10502856495687,7368773682540,2813783677,2415627044,398156633,0,20193265702129,credit,2026-08-29T13:19:53+09:00
2024-11-13,20241113,17871630178227,10502856495687,7368773682540,2813783677,2415627044,398156633,0,20193265702129,credit,2026-09-03T10:06:27+09:00
2024-11-14,20241114,17576936489340,10351813253011,7225123236329,2766984317,2368827684,398156633,0,20109553959832,credit,2026-08-29T13:19:53+09:00
2024-11-14,20241114,17576936489340,10351813253011,7225123236329,2766984317,2368827684,398156633,0,20109553959832,credit,2026-09-03T10:06:27+09:00
2024-11-15,20241115,17249731473760,10190440040591,7059291433169,2697973910,2344343477,353630433,0,20022547680105,credit,2026-08-29T13:19:53+09:00
2024-11-15,20241115,17249731473760,10190440040591,7059291433169,2697973910,2344343477,353630433,0,20022547680105,credit,2026-09-03T10:06:27+09:00
2024-11-18,20241118,16946946993306,10021349375844,6925597617462,2672195619,2325524832,346670787,0,19841494030200,credit,2026-08-29T13:19:53+09:00
2024-11-18,20241118,16946946993306,10021349375844,6925597617462,2672195619,2325524832,346670787,0,19841494030200,credit,2026-09-03T10:06:27+09:00
2024-11-19,20241119,16712992709168,9887959975370,6825032733798,2599779537,2255368050,344411487,0,19710865130197,credit,2026-08-29T13:19:53+09:00
2024-11-19,20241119,16712992709168,9887959975370,6825032733798,2599779537,2255368050,344411487,0,19710865130197,credit,2026-09-03T10:06:27+09:00
2024-11-20,20241120,16692177715316,9845130680900,6847047034416,2587429220,2247279433,340149787,0,19632669339634,credit,2026-08-29T13:19:53+09:00
2024-11-20,20241120,16692177715316,9845130680900,6847047034416,2587429220,2247279433,340149787,0,19632669339634,credit,2026-09-03T10:06:27+09:00
2024-11-21,20241121,16692591084692,9823927814786,6868663269906,2584659520,2245356733,339302787,0,19617410128306,credit,2026-08-29T13:19:53+09:00
2024-11-21,20241121,16692591084692,9823927814786,6868663269906,2584659520,2245356733,339302787,0,19617410128306,credit,2026-09-03T10:06:27+09:00
2024-11-22,20241122,16678187892850,9816657673064,6861530219786,2571923556,2233585369,338338187,0,19615776970419,credit,2026-08-29T13:19:53+09:00
2024-11-22,20241122,16678187892850,9816657673064,6861530219786,2571923556,2233585369,338338187,0,19615776970419,credit,2026-09-03T10:06:27+09:00
2024-11-25,20241125,16633643380741,9805588157883,6828055222858,2565652894,2228438907,337213987,0,19694838439456,credit,2026-08-29T13:19:53+09:00
2024-11-25,20241125,16633643380741,9805588157883,6828055222858,2565652894,2228438907,337213987,0,19694838439456,credit,2026-09-03T10:06:27+09:00
2024-11-26,20241126,16495171267028,9715400370505,6779770896523,2551905594,2219929707,331975887,0,19674349489585,credit,2026-08-29T13:19:53+09:00
2024-11-26,20241126,16495171267028,9715400370505,6779770896523,2551905594,2219929707,331975887,0,19674349489585,credit,2026-09-03T10:06:27+09:00
2024-11-27,20241127,16500905346366,9711306137015,6789599209351,2533158994,2201183107,331975887,0,19635691066148,credit,2026-08-29T13:19:53+09:00
2024-11-27,20241127,16500905346366,9711306137015,6789599209351,2533158994,2201183107,331975887,0,19635691066148,credit,2026-09-03T10:06:27+09:00
2024-11-28,20241128,16589270996610,9764254784867,6825016211743,2528876076,2199895189,328980887,0,19631428770620,credit,2026-08-29T13:19:53+09:00
2024-11-28,20241128,16589270996610,9764254784867,6825016211743,2528876076,2199895189,328980887,0,19631428770620,credit,2026-09-03T10:06:27+09:00
2024-11-29,20241129,16587726875072,9743782404283,6843944470789,2528786176,2199836989,328949187,0,19677428563313,credit,2026-08-29T13:19:53+09:00
2024-11-29,20241129,16587726875072,9743782404283,6843944470789,2528786176,2199836989,328949187,0,19677428563313,credit,2026-09-03T10:06:27+09:00
2024-12-02,20241202,16581881401256,9725176648258,6856704752998,2526593376,2197644189,328949187,0,19713704846145,credit,2026-08-29T13:19:53+09:00
2024-12-02,20241202,16581881401256,9725176648258,6856704752998,2526593376,2197644189,328949187,0,19713704846145,credit,2026-09-03T10:06:27+09:00
2024-12-03,20241203,16565842092251,9738376506179,6827465586072,2522925576,2194125789,328799787,0,19799192656487,credit,2026-08-29T13:19:53+09:00
2024-12-03,20241203,16565842092251,9738376506179,6827465586072,2522925576,2194125789,328799787,0,19799192656487,credit,2026-09-03T10:06:27+09:00
2024-12-04,20241204,16385513712041,9625400341354,6760113370687,2466541011,2137741224,328799787,0,19687283382817,credit,2026-08-29T13:19:53+09:00
2024-12-04,20241204,16385513712041,9625400341354,6760113370687,2466541011,2137741224,328799787,0,19687283382817,credit,2026-09-03T10:06:27+09:00
2024-12-05,20241205,16313585951632,9565426200759,6748159750873,2465860894,2137061107,328799787,0,19587338641143,credit,2026-08-29T13:19:53+09:00
2024-12-05,20241205,16313585951632,9565426200759,6748159750873,2465860894,2137061107,328799787,0,19587338641143,credit,2026-09-03T10:06:27+09:00
2024-12-06,20241206,16204590105700,9506188120085,6698401985615,2432269929,2103470142,328799787,0,19659069898186,credit,2026-08-29T13:19:53+09:00
2024-12-06,20241206,16204590105700,9506188120085,6698401985615,2432269929,2103470142,328799787,0,19659069898186,credit,2026-09-03T10:06:27+09:00
2024-12-09,20241209,16040171392523,9423523079324,6616648313199,2425388002,2097026015,328361987,0,19637528070381,credit,2026-08-29T13:19:53+09:00
2024-12-09,20241209,16040171392523,9423523079324,6616648313199,2425388002,2097026015,328361987,0,19637528070381,credit,2026-09-03T10:06:27+09:00
2024-12-10,20241210,15746728442611,9239431820516,6507296622095,2415152508,2086819571,328332937,0,19566938473908,credit,2026-08-29T13:19:53+09:00
2024-12-10,20241210,15746728442611,9239431820516,6507296622095,2415152508,2086819571,328332937,0,19566938473908,credit,2026-09-03T10:06:27+09:00
2024-12-11,20241211,15310679542913,9000394918738,6310284624175,2358852658,2030555771,328296887,0,19453310697855,credit,2026-08-29T13:19:53+09:00
2024-12-11,20241211,15310679542913,9000394918738,6310284624175,2358852658,2030555771,328296887,0,19453310697855,credit,2026-09-03T10:06:27+09:00
2024-12-12,20241212,15163221504286,8921701158717,6241520345569,2348961856,2021007969,327953887,0,19263638641773,credit,2026-08-29T13:19:53+09:00
2024-12-12,20241212,15163221504286,8921701158717,6241520345569,2348961856,2021007969,327953887,0,19263638641773,credit,2026-09-03T10:06:27+09:00
2024-12-13,20241213,15249382235198,8967905008213,6281477226985,2337465446,2009511559,327953887,0,19300896646066,credit,2026-08-29T13:19:53+09:00
2024-12-13,20241213,15249382235198,8967905008213,6281477226985,2337465446,2009511559,327953887,0,19300896646066,credit,2026-09-03T10:06:27+09:00
2024-12-16,20241216,15361608349483,8983725231381,6377883118102,2337292246,2009338359,327953887,0,19354933783638,credit,2026-08-29T13:19:53+09:00
2024-12-16,20241216,15361608349483,8983725231381,6377883118102,2337292246,2009338359,327953887,0,19354933783638,credit,2026-09-03T10:06:27+09:00
2024-12-17,20241217,15480560343551,9041285973369,6439274370182,2337292246,2009338359,327953887,0,19422076267183,credit,2026-08-29T13:19:53+09:00
2024-12-17,20241217,15480560343551,9041285973369,6439274370182,2337292246,2009338359,327953887,0,19422076267183,credit,2026-09-03T10:06:27+09:00
2024-12-18,20241218,15690283145341,9166716398864,6523566746477,2335837983,2007884096,327953887,0,19402793058728,credit,2026-08-29T13:19:53+09:00
2024-12-18,20241218,15690283145341,9166716398864,6523566746477,2335837983,2007884096,327953887,0,19402793058728,credit,2026-09-03T10:06:27+09:00
2024-12-19,20241219,15867032195545,9291728339586,6575303855959,2329577983,2001624096,327953887,0,19470724069202,credit,2026-08-29T13:19:53+09:00
2024-12-19,20241219,15867032195545,9291728339586,6575303855959,2329577983,2001624096,327953887,0,19470724069202,credit,2026-09-03T10:06:27+09:00
2024-12-20,20241220,15818225163409,9227051343341,6591173820068,2329577983,2001624096,327953887,0,19433726565318,credit,2026-08-29T13:19:53+09:00
2024-12-20,20241220,15818225163409,9227051343341,6591173820068,2329577983,2001624096,327953887,0,19433726565318,credit,2026-09-03T10:06:27+09:00
2024-12-23,20241223,15926811321512,9329189182612,6597622138900,2327984908,2000031021,327953887,0,19522055164835,credit,2026-08-29T13:19:53+09:00
2024-12-23,20241223,15926811321512,9329189182612,6597622138900,2327984908,2000031021,327953887,0,19522055164835,credit,2026-09-03T10:06:27+09:00
2024-12-24,20241224,15865397105138,9325924047957,6539473057181,2326403408,1998449521,327953887,0,19590373321789,credit,2026-08-29T13:19:53+09:00
2024-12-24,20241224,15865397105138,9325924047957,6539473057181,2326403408,1998449521,327953887,0,19590373321789,credit,2026-09-03T10:06:27+09:00
2024-12-26,20241226,15732551559334,9228137093025,6504414466309,2325043173,1997089286,327953887,0,19502579276996,credit,2026-08-29T13:19:53+09:00
2024-12-26,20241226,15732551559334,9228137093025,6504414466309,2325043173,1997089286,327953887,0,19502579276996,credit,2026-09-03T10:06:27+09:00
2024-12-27,20241227,15819370125164,9253167403178,6566202721986,2306411631,1978457744,327953887,0,19408420344630,credit,2026-08-29T13:19:53+09:00
2024-12-27,20241227,15819370125164,9253167403178,6566202721986,2306411631,1978457744,327953887,0,19408420344630,credit,2026-09-03T10:06:27+09:00
2024-12-30,20241230,15824314380821,9238235212428,6586079168393,2306248431,1978294544,327953887,0,19443901991226,credit,2026-08-29T13:19:53+09:00
2024-12-30,20241230,15824314380821,9238235212428,6586079168393,2306248431,1978294544,327953887,0,19443901991226,credit,2026-09-03T10:06:27+09:00
2024-12-31,20241231,15817022468942,9233105651814,6583916817128,2306248431,1978294544,327953887,0,19489336329820,credit,2026-08-29T13:19:53+09:00
2024-12-31,20241231,15817022468942,9233105651814,6583916817128,2306248431,1978294544,327953887,0,19489336329820,credit,2026-09-03T10:06:27+09:00
2025-01-02,20250102,15682329030914,9157738546349,6524590484565,2290181331,1977590144,312591187,0,19360516985465,credit,2026-08-29T13:19:53+09:00
2025-01-02,20250102,15682329030914,9157738546349,6524590484565,2290181331,1977590144,312591187,0,19360516985465,credit,2026-09-03T10:06:27+09:00
2025-01-03,20250103,15573949675917,9086402481354,6487547194563,2289049031,1976457844,312591187,0,19228465197411,credit,2026-08-29T13:19:53+09:00
2025-01-03,20250103,15573949675917,9086402481354,6487547194563,2289049031,1976457844,312591187,0,19228465197411,credit,2026-09-03T10:06:27+09:00
2025-01-06,20250106,15702168936688,9158732081848,6543436854840,2286640981,1974150494,312490487,0,19292620849486,credit,2026-08-29T13:19:53+09:00
2025-01-06,20250106,15702168936688,9158732081848,6543436854840,2286640981,1974150494,312490487,0,19292620849486,credit,2026-09-03T10:06:27+09:00
2025-01-07,20250107,15722876814825,9127923424480,6594953390345,2280123675,1970833188,309290487,0,19265303877764,credit,2026-08-29T13:19:53+09:00
2025-01-07,20250107,15722876814825,9127923424480,6594953390345,2280123675,1970833188,309290487,0,19265303877764,credit,2026-09-03T10:06:27+09:00
2025-01-08,20250108,15875646850181,9180614755896,6695032094285,2279621775,1970331288,309290487,0,19277072398468,credit,2026-08-29T13:19:53+09:00
2025-01-08,20250108,15875646850181,9180614755896,6695032094285,2279621775,1970331288,309290487,0,19277072398468,credit,2026-09-03T10:06:27+09:00
2025-01-09,20250109,16023716008246,9246063785194,6777652223052,2263319575,1954029088,309290487,0,19339286064796,credit,2026-08-29T13:19:53+09:00
2025-01-09,20250109,16023716008246,9246063785194,6777652223052,2263319575,1954029088,309290487,0,19339286064796,credit,2026-09-03T10:06:27+09:00
2025-01-10,20250110,16103351594894,9283923793009,6819427801885,2257002609,1947712122,309290487,0,19382301060882,credit,2026-08-29T13:19:53+09:00
2025-01-10,20250110,16103351594894,9283923793009,6819427801885,2257002609,1947712122,309290487,0,19382301060882,credit,2026-09-03T10:06:27+09:00
2025-01-13,20250113,16185153328677,9334350396690,6850802931987,2256119309,1946828822,309290487,0,19347438811185,credit,2026-08-29T13:19:53+09:00
2025-01-13,20250113,16185153328677,9334350396690,6850802931987,2256119309,1946828822,309290487,0,19347438811185,credit,2026-09-03T10:06:27+09:00
2025-01-14,20250114,16319764601478,9416909117847,6902855483631,2256119309,1946828822,309290487,0,19405607400283,credit,2026-08-29T13:19:53+09:00
2025-01-14,20250114,16319764601478,9416909117847,6902855483631,2256119309,1946828822,309290487,0,19405607400283,credit,2026-09-03T10:06:27+09:00
2025-01-15,20250115,16421466013230,9512083672238,6909382340992,2256119309,1946828822,309290487,0,19526334486958,credit,2026-08-29T13:19:53+09:00
2025-01-15,20250115,16421466013230,9512083672238,6909382340992,2256119309,1946828822,309290487,0,19526334486958,credit,2026-09-03T10:06:27+09:00
2025-01-16,20250116,16493331176094,9573336683236,6919994492858,2256013209,1946722722,309290487,0,19503016076623,credit,2026-08-29T13:19:53+09:00
2025-01-16,20250116,16493331176094,9573336683236,6919994492858,2256013209,1946722722,309290487,0,19503016076623,credit,2026-09-03T10:06:27+09:00
2025-01-17,20250117,16505548733084,9574819271696,6930729461388,2255078009,1945787522,309290487,0,19495574566769,credit,2026-08-29T13:19:53+09:00
2025-01-17,20250117,16505548733084,9574819271696,6930729461388,2255078009,1945787522,309290487,0,19495574566769,credit,2026-09-03T10:06:27+09:00
2025-01-20,20250120,16459175844221,9535324866654,6923850977567,2254631509,1945341022,309290487,0,19457807172022,credit,2026-08-29T13:19:53+09:00
2025-01-20,20250120,16459175844221,9535324866654,6923850977567,2254631509,1945341022,309290487,0,19457807172022,credit,2026-09-03T10:06:27+09:00
2025-01-21,20250121,16576883197924,9612610567419,6964272630505,2244903139,1935612652,309290487,0,19532339188660,credit,2026-08-29T13:19:53+09:00
2025-01-21,20250121,16576883197924,9612610567419,6964272630505,2244903139,1935612652,309290487,0,19532339188660,credit,2026-09-03T10:06:27+09:00
2025-01-22,20250122,16680979597473,9671521742594,7009457854879,2233875639,1925882252,307993387,0,20207983046231,credit,2026-08-29T13:19:53+09:00
2025-01-22,20250122,16680979597473,9671521742594,7009457854879,2233875639,1925882252,307993387,0,20207983046231,credit,2026-09-03T10:06:27+09:00
2025-01-23,20250123,16750401811943,9692008201842,7058393610101,2207532239,1899538852,307993387,0,20194325067294,credit,2026-08-29T13:19:53+09:00
2025-01-23,20250123,16750401811943,9692008201842,7058393610101,2207532239,1899538852,307993387,0,20194325067294,credit,2026-09-03T10:06:27+09:00
2025-01-24,20250124,16684448576830,9616470034621,7067978542209,2170433839,1862440452,307993387,0,19594978632336,credit,2026-08-29T13:19:53+09:00
2025-01-24,20250124,16684448576830,9616470034621,7067978542209,2170433839,1862440452,307993387,0,19594978632336,credit,2026-09-03T10:06:27+09:00
2025-01-31,20250131,16839176884499,9749706496247,7089470388252,2159579986,1854734399,304845587,0,19739213909029,credit,2026-08-29T13:19:53+09:00
2025-01-31,20250131,16839176884499,9749706496247,7089470388252,2159579986,1854734399,304845587,0,19739213909029,credit,2026-09-03T10:06:27+09:00
2025-02-03,20250203,16760700326660,9698159216944,7062541109716,2158285186,1853721799,304563387,0,19736475492788,credit,2026-08-29T13:19:53+09:00
2025-02-03,20250203,16760700326660,9698159216944,7062541109716,2158285186,1853721799,304563387,0,19736475492788,credit,2026-09-03T10:06:27+09:00
2025-02-04,20250204,16903481495433,9812658025996,7090823469437,2152583793,1848020406,304563387,0,19750953207093,credit,2026-08-29T13:19:53+09:00
2025-02-04,20250204,16903481495433,9812658025996,7090823469437,2152583793,1848020406,304563387,0,19750953207093,credit,2026-09-03T10:06:27+09:00
2025-02-05,20250205,16805748334850,9777557961777,7028190373073,2129696883,1825551396,304145487,0,19820457441774,credit,2026-08-29T13:19:53+09:00
2025-02-05,20250205,16805748334850,9777557961777,7028190373073,2129696883,1825551396,304145487,0,19820457441774,credit,2026-09-03T10:06:27+09:00
2025-02-06,20250206,16707655986262,9698273791117,7009382195145,2126163693,1825106856,301056837,0,19734456899688,credit,2026-08-29T13:19:53+09:00
2025-02-06,20250206,16707655986262,9698273791117,7009382195145,2126163693,1825106856,301056837,0,19734456899688,credit,2026-09-03T10:06:27+09:00
2025-02-07,20250207,16764741065320,9679071263627,7085669801693,2126163693,1825106856,301056837,0,19655839757763,credit,2026-08-29T13:19:53+09:00
2025-02-07,20250207,16764741065320,9679071263627,7085669801693,2126163693,1825106856,301056837,0,19655839757763,credit,2026-09-03T10:06:27+09:00
2025-02-10,20250210,16840047302481,9697605849173,7142441453308,2125602493,1824545656,301056837,0,19630634158586,credit,2026-08-29T13:19:53+09:00
2025-02-10,20250210,16840047302481,9697605849173,7142441453308,2125602493,1824545656,301056837,0,19630634158586,credit,2026-09-03T10:06:27+09:00
2025-02-11,20250211,16996928777393,9787128582214,7209800195179,2123476633,1822419796,301056837,0,19736430150405,credit,2026-08-29T13:19:53+09:00
2025-02-11,20250211,16996928777393,9787128582214,7209800195179,2123476633,1822419796,301056837,0,19736430150405,credit,2026-09-03T10:06:27+09:00
2025-02-12,20250212,17128833300736,9829573005303,7299260295433,2123445633,1822419796,301025837,0,19825831239937,credit,2026-08-29T13:19:53+09:00
2025-02-12,20250212,17128833300736,9829573005303,7299260295433,2123445633,1822419796,301025837,0,19825831239937,credit,2026-09-03T10:06:27+09:00
2025-02-13,20250213,17213171848296,9848545569784,7364626278512,2123396933,1822371096,301025837,0,19758637753601,credit,2026-08-29T13:19:53+09:00
2025-02-13,20250213,17213171848296,9848545569784,7364626278512,2123396933,1822371096,301025837,0,19758637753601,credit,2026-09-03T10:06:27+09:00
2025-02-14,20250214,17332546813253,9917520115996,7415026697257,2103919374,1802893537,301025837,0,19809776858474,credit,2026-08-29T13:19:53+09:00
2025-02-14,20250214,17332546813253,9917520115996,7415026697257,2103919374,1802893537,301025837,0,19809776858474,credit,2026-09-03T10:06:27+09:00
2025-02-17,20250217,17364181160944,9910256671323,7453924489621,2102158775,1801132938,301025837,0,19871716837607,credit,2026-08-29T13:19:53+09:00
2025-02-17,20250217,17364181160944,9910256671323,7453924489621,2102158775,1801132938,301025837,0,19871716837607,credit,2026-09-03T10:06:27+09:00
2025-02-18,20250218,17503973065925,9997488829308,7506484236617,2102061975,1801036138,301025837,0,19918562250507,credit,2026-08-29T13:19:53+09:00
2025-02-18,20250218,17503973065925,9997488829308,7506484236617,2102061975,1801036138,301025837,0,19918562250507,credit,2026-09-03T10:06:27+09:00
2025-02-19,20250219,17603974263920,10047492777539,7556481486381,2100746439,1799720602,301025837,0,19905799137747,credit,2026-08-29T13:19:53+09:00
2025-02-19,20250219,17603974263920,10047492777539,7556481486381,2100746439,1799720602,301025837,0,19905799137747,credit,2026-09-03T10:06:27+09:00
2025-02-20,20250220,17791501280177,10155672570488,7635828709689,2081932839,1780907002,301025837,0,19926105125862,credit,2026-08-29T13:19:53+09:00
2025-02-20,20250220,17791501280177,10155672570488,7635828709689,2081932839,1780907002,301025837,0,19926105125862,credit,2026-09-03T10:06:27+09:00
2025-02-21,20250221,17811023022913,10113860957910,7697162065003,2043151368,1755026361,288125007,0,19993845886266,credit,2026-08-29T13:19:53+09:00
2025-02-21,20250221,17811023022913,10113860957910,7697162065003,2043151368,1755026361,288125007,0,19993845886266,credit,2026-09-03T10:06:27+09:00
2025-02-24,20250224,17888934433792,10165092761368,7723841672424,2031308368,1743183361,288125007,0,20067299997734,credit,2026-08-29T13:19:53+09:00
2025-02-24,20250224,17888934433792,10165092761368,7723841672424,2031308368,1743183361,288125007,0,20067299997734,credit,2026-09-03T10:06:27+09:00
2025-02-25,20250225,17945976814175,10219147328939,7726829485236,2026729368,1738604361,288125007,0,20004993332561,credit,2026-08-29T13:19:53+09:00
2025-02-25,20250225,17945976814175,10219147328939,7726829485236,2026729368,1738604361,288125007,0,20004993332561,credit,2026-09-03T10:06:27+09:00
2025-02-26,20250226,18083894685598,10311218430895,7772676254703,2014971425,1726846418,288125007,0,20023054579602,credit,2026-08-29T13:19:53+09:00
2025-02-26,20250226,18083894685598,10311218430895,7772676254703,2014971425,1726846418,288125007,0,20023054579602,credit,2026-09-03T10:06:27+09:00
2025-02-27,20250227,18192706614876,10385322625981,7807383988895,1982623625,1695533618,287090007,0,20107949983833,credit,2026-08-29T13:19:53+09:00
2025-02-27,20250227,18192706614876,10385322625981,7807383988895,1982623625,1695533618,287090007,0,20107949983833,credit,2026-09-03T10:06:27+09:00
2025-02-28,20250228,18233130225974,10380302359399,7852827866575,1972101925,1694756318,277345607,0,20188368851447,credit,2026-08-29T13:19:53+09:00
2025-02-28,20250228,18233130225974,10380302359399,7852827866575,1972101925,1694756318,277345607,0,20188368851447,credit,2026-09-03T10:06:27+09:00
2025-03-04,20250304,18304523459954,10453129845245,7851393614709,1969123761,1694391618,274732143,0,20235464863435,credit,2026-08-29T13:19:53+09:00
2025-03-04,20250304,18304523459954,10453129845245,7851393614709,1969123761,1694391618,274732143,0,20235464863435,credit,2026-09-03T10:06:27+09:00
2025-03-05,20250305,18353699908853,10563161737248,7790538171605,1968408261,1693676118,274732143,0,20303899953595,credit,2026-08-29T13:19:53+09:00
2025-03-05,20250305,18353699908853,10563161737248,7790538171605,1968408261,1693676118,274732143,0,20303899953595,credit,2026-09-03T10:06:27+09:00
2025-03-06,20250306,18196931691647,10512408380237,7684523311410,1964629521,1689929428,274700093,0,20216102891542,credit,2026-08-29T13:19:53+09:00
2025-03-06,20250306,18196931691647,10512408380237,7684523311410,1964629521,1689929428,274700093,0,20216102891542,credit,2026-09-03T10:06:27+09:00
2025-03-07,20250307,18206047651999,10512297825841,7693749826158,1961367991,1686667898,274700093,0,20136718240740,credit,2026-08-29T13:19:53+09:00
2025-03-07,20250307,18206047651999,10512297825841,7693749826158,1961367991,1686667898,274700093,0,20136718240740,credit,2026-09-03T10:06:27+09:00
2025-03-10,20250310,18241208721730,10504529068534,7736679653196,1959936391,1685329298,274607093,0,20174733382073,credit,2026-08-29T13:19:53+09:00
2025-03-10,20250310,18241208721730,10504529068534,7736679653196,1959936391,1685329298,274607093,0,20174733382073,credit,2026-09-03T10:06:27+09:00
2025-03-11,20250311,18144677878181,10463440225923,7681237652258,1949190457,1674583364,274607093,0,20212684661988,credit,2026-08-29T13:19:53+09:00
2025-03-11,20250311,18144677878181,10463440225923,7681237652258,1949190457,1674583364,274607093,0,20212684661988,credit,2026-09-03T10:06:27+09:00
2025-03-12,20250312,18172788245582,10506064477756,7666723767826,1939648206,1665041113,274607093,0,20231335045582,credit,2026-08-29T13:19:53+09:00
2025-03-12,20250312,18172788245582,10506064477756,7666723767826,1939648206,1665041113,274607093,0,20231335045582,credit,2026-09-03T10:06:27+09:00
2025-03-13,20250313,18146712840718,10506329475617,7640383365101,1938829206,1664222113,274607093,0,20199291007624,credit,2026-08-29T13:19:53+09:00
2025-03-13,20250313,18146712840718,10506329475617,7640383365101,1938829206,1664222113,274607093,0,20199291007624,credit,2026-09-03T10:06:27+09:00
2025-03-14,20250314,18099015027707,10453372616619,7645642411088,1938498606,1663891513,274607093,0,20187368063975,credit,2026-08-29T13:19:53+09:00
2025-03-14,20250314,18099015027707,10453372616619,7645642411088,1938498606,1663891513,274607093,0,20187368063975,credit,2026-09-03T10:06:27+09:00
2025-03-17,20250317,18160399561948,10464216355073,7696183206875,1938270606,1663663513,274607093,0,20190658594270,credit,2026-08-29T13:19:53+09:00
2025-03-17,20250317,18160399561948,10464216355073,7696183206875,1938270606,1663663513,274607093,0,20190658594270,credit,2026-09-03T10:06:27+09:00
2025-03-18,20250318,18198104304801,10509310430082,7688793874719,1936998606,1662391513,274607093,0,20191242341672,credit,2026-08-29T13:19:53+09:00
2025-03-18,20250318,18198104304801,10509310430082,7688793874719,1936998606,1662391513,274607093,0,20191242341672,credit,2026-09-03T10:06:27+09:00
2025-03-19,20250319,18215689398135,10456379936730,7759309461405,1936567006,1661959913,274607093,0,20188704948365,credit,2026-08-29T13:19:53+09:00
2025-03-19,20250319,18215689398135,10456379936730,7759309461405,1936567006,1661959913,274607093,0,20188704948365,credit,2026-09-03T10:06:27+09:00
2025-03-20,20250320,18284161014010,10480543005635,7803618008375,1935503006,1660895913,274607093,0,20215409135065,credit,2026-08-29T13:19:53+09:00
2025-03-20,20250320,18284161014010,10480543005635,7803618008375,1935503006,1660895913,274607093,0,20215409135065,credit,2026-09-03T10:06:27+09:00
2025-03-21,20250321,18285672028964,10451211606718,7834460422246,1935503006,1660895913,274607093,0,20220786347959,credit,2026-08-29T13:19:53+09:00
2025-03-21,20250321,18285672028964,10451211606718,7834460422246,1935503006,1660895913,274607093,0,20220786347959,credit,2026-09-03T10:06:27+09:00
2025-03-24,20250324,18152379487241,10366090636067,7786288851174,1934802206,1660195113,274607093,0,20203121943142,credit,2026-08-29T13:19:53+09:00
2025-03-24,20250324,18152379487241,10366090636067,7786288851174,1934802206,1660195113,274607093,0,20203121943142,credit,2026-09-03T10:06:27+09:00
2025-03-25,20250325,17962714960748,10267446929058,7695268031690,1934419795,1659812702,274607093,0,20158855830561,credit,2026-08-29T13:19:53+09:00
2025-03-25,20250325,17962714960748,10267446929058,7695268031690,1934419795,1659812702,274607093,0,20158855830561,credit,2026-09-03T10:06:27+09:00
2025-03-26,20250326,17952562805612,10278840053354,7673722752258,1934419795,1659812702,274607093,0,20131264495535,credit,2026-08-29T13:19:53+09:00
2025-03-26,20250326,17952562805612,10278840053354,7673722752258,1934419795,1659812702,274607093,0,20131264495535,credit,2026-09-03T10:06:27+09:00
2025-03-27,20250327,17842251902876,10217637076220,7624614826656,1934419795,1659812702,274607093,0,20135577937844,credit,2026-08-29T13:19:53+09:00
2025-03-27,20250327,17842251902876,10217637076220,7624614826656,1934419795,1659812702,274607093,0,20135577937844,credit,2026-09-03T10:06:27+09:00
2025-03-28,20250328,17695082908945,10131656339371,7563426569574,1934419795,1659812702,274607093,0,19959351634888,credit,2026-08-29T13:19:53+09:00
2025-03-28,20250328,17695082908945,10131656339371,7563426569574,1934419795,1659812702,274607093,0,19959351634888,credit,2026-09-03T10:06:27+09:00
2025-03-31,20250331,17593874494625,10082573211987,7511301282638,1934419795,1659812702,274607093,0,20072383598075,credit,2026-08-29T13:19:53+09:00
2025-03-31,20250331,17593874494625,10082573211987,7511301282638,1934419795,1659812702,274607093,0,20072383598075,credit,2026-09-03T10:06:27+09:00
2025-04-01,20250401,17379042638009,9976634347179,7402408290830,1934158449,1659812702,274345747,0,20036229253583,credit,2026-08-29T13:19:53+09:00
2025-04-01,20250401,17379042638009,9976634347179,7402408290830,1934158449,1659812702,274345747,0,20036229253583,credit,2026-09-03T10:06:27+09:00
2025-04-02,20250402,17110247449013,9856385086112,7253862362901,9815772324,8468296755,1347475569,0,19919851810282,credit,2026-08-29T13:19:53+09:00
2025-04-02,20250402,17110247449013,9856385086112,7253862362901,9815772324,8468296755,1347475569,0,19919851810282,credit,2026-09-03T10:06:27+09:00
2025-04-03,20250403,16972049969023,9785909347402,7186140621621,13371828391,11204197860,2167630531,0,19789584702019,credit,2026-08-29T13:19:53+09:00
2025-04-03,20250403,16972049969023,9785909347402,7186140621621,13371828391,11204197860,2167630531,0,19789584702019,credit,2026-09-03T10:06:27+09:00
2025-04-04,20250404,17040430655053,9834305159922,7206125495131,14406068711,12174590384,2231478327,0,19906793357419,credit,2026-08-29T13:19:53+09:00
2025-04-04,20250404,17040430655053,9834305159922,7206125495131,14406068711,12174590384,2231478327,0,19906793357419,credit,2026-09-03T10:06:27+09:00
2025-04-07,20250407,16957730056493,9807787341483,7149942715010,16832127145,14197627871,2634499274,0,19928347138677,credit,2026-08-29T13:19:53+09:00
2025-04-07,20250407,16957730056493,9807787341483,7149942715010,16832127145,14197627871,2634499274,0,19928347138677,credit,2026-09-03T10:06:27+09:00
2025-04-08,20250408,16961627222836,9841671616013,7119955606823,17219816055,14341001794,2878814261,0,19873373839180,credit,2026-08-29T13:19:53+09:00
2025-04-08,20250408,16961627222836,9841671616013,7119955606823,17219816055,14341001794,2878814261,0,19873373839180,credit,2026-09-03T10:06:27+09:00
2025-04-09,20250409,16790752949224,9793716164455,6997036784769,13489601784,11177477387,2312124397,0,19904374869238,credit,2026-08-29T13:19:53+09:00
2025-04-09,20250409,16790752949224,9793716164455,6997036784769,13489601784,11177477387,2312124397,0,19904374869238,credit,2026-09-03T10:06:27+09:00
2025-04-10,20250410,16546679900582,9658972976937,6887706923645,17211873287,14343665658,2868207629,0,19780252888806,credit,2026-08-29T13:19:53+09:00
2025-04-10,20250410,16546679900582,9658972976937,6887706923645,17211873287,14343665658,2868207629,0,19780252888806,credit,2026-09-03T10:06:27+09:00
2025-04-11,20250411,16446367642246,9625170388056,6821197254190,17369324101,14581871728,2787452373,0,19764509684235,credit,2026-08-29T13:19:53+09:00
2025-04-11,20250411,16446367642246,9625170388056,6821197254190,17369324101,14581871728,2787452373,0,19764509684235,credit,2026-09-03T10:06:27+09:00
2025-04-14,20250414,16304548641124,9484851302171,6819697338953,19735878109,16449713424,3286164685,0,19646723237942,credit,2026-08-29T13:19:53+09:00
2025-04-14,20250414,16304548641124,9484851302171,6819697338953,19735878109,16449713424,3286164685,0,19646723237942,credit,2026-09-03T10:06:27+09:00
2025-04-15,20250415,16576036437227,9681165105412,6894871331815,21147437488,17426576089,3720861399,0,19703320377969,credit,2026-08-29T13:19:53+09:00
2025-04-15,20250415,16576036437227,9681165105412,6894871331815,21147437488,17426576089,3720861399,0,19703320377969,credit,2026-09-03T10:06:27+09:00
2025-04-16,20250416,16784156475289,9802422630533,6981733844756,23273073077,19051731432,4221341645,0,19701927692143,credit,2026-08-29T13:19:53+09:00
2025-04-16,20250416,16784156475289,9802422630533,6981733844756,23273073077,19051731432,4221341645,0,19701927692143,credit,2026-09-03T10:06:27+09:00
2025-04-17,20250417,16898742128038,9835763194266,7062978933772,24524174345,20443527678,4080646667,0,19687725979804,credit,2026-08-29T13:19:53+09:00
2025-04-17,20250417,16898742128038,9835763194266,7062978933772,24524174345,20443527678,4080646667,0,19687725979804,credit,2026-09-03T10:06:27+09:00
2025-04-18,20250418,17019019170334,9887018926450,7132000243884,25707068014,21211637478,4495430536,0,19735550099412,credit,2026-08-29T13:19:53+09:00
2025-04-18,20250418,17019019170334,9887018926450,7132000243884,25707068014,21211637478,4495430536,0,19735550099412,credit,2026-09-03T10:06:27+09:00
2025-04-21,20250421,17074966040316,9930822244045,7144143796271,28996195479,23591389569,5404805910,0,19698558725690,credit,2026-08-29T13:19:53+09:00
2025-04-21,20250421,17074966040316,9930822244045,7144143796271,28996195479,23591389569,5404805910,0,19698558725690,credit,2026-09-03T10:06:27+09:00
2025-04-22,20250422,17173562080381,9971956645212,7201605435169,30929669977,23876367199,7053302778,0,19705685583478,credit,2026-08-29T13:19:53+09:00
2025-04-22,20250422,17173562080381,9971956645212,7201605435169,30929669977,23876367199,7053302778,0,19705685583478,credit,2026-09-03T10:06:27+09:00
2025-04-23,20250423,17274295197165,10020770040624,7253525156541,31299518512,24768172132,6531346380,0,19746367148556,credit,2026-08-29T13:19:53+09:00
2025-04-23,20250423,17274295197165,10020770040624,7253525156541,31299518512,24768172132,6531346380,0,19746367148556,credit,2026-09-03T10:06:27+09:00
2025-04-24,20250424,17428185843258,10128335610714,7299850232544,33041251973,26324957488,6716294485,0,19807276856668,credit,2026-08-29T13:19:53+09:00
2025-04-24,20250424,17428185843258,10128335610714,7299850232544,33041251973,26324957488,6716294485,0,19807276856668,credit,2026-09-03T10:06:27+09:00
2025-04-25,20250425,17392717921071,10077140677172,7315577243899,33410486171,26079702079,7330784092,0,19825917944928,credit,2026-08-29T13:19:53+09:00
2025-04-25,20250425,17392717921071,10077140677172,7315577243899,33410486171,26079702079,7330784092,0,19825917944928,credit,2026-09-03T10:06:27+09:00
2025-04-28,20250428,17511981439656,10179416657295,7332564782361,35958870756,27078242477,8880628279,0,19950177073577,credit,2026-08-29T13:19:53+09:00
2025-04-28,20250428,17511981439656,10179416657295,7332564782361,35958870756,27078242477,8880628279,0,19950177073577,credit,2026-09-03T10:06:27+09:00
2025-04-29,20250429,17522376660106,10154140669312,7368235990794,36748995285,27716536193,9032459092,0,22204658744806,credit,2026-08-29T13:19:53+09:00
2025-04-29,20250429,17522376660106,10154140669312,7368235990794,36748995285,27716536193,9032459092,0,22204658744806,credit,2026-09-03T10:06:27+09:00
2025-04-30,20250430,17557970629012,10160894771932,7397075857080,38317169765,29163257873,9153911892,0,22256307673954,credit,2026-08-29T13:19:53+09:00
2025-04-30,20250430,17557970629012,10160894771932,7397075857080,38317169765,29163257873,9153911892,0,22256307673954,credit,2026-09-03T10:06:27+09:00
2025-05-02,20250502,17532961926356,10161120990733,7371840935623,38243756082,29041479755,9202276327,0,22165993726102,credit,2026-08-29T13:19:53+09:00
2025-05-02,20250502,17532961926356,10161120990733,7371840935623,38243756082,29041479755,9202276327,0,22165993726102,credit,2026-09-03T10:06:27+09:00
2025-05-07,20250507,17615565592013,10226886207468,7388679384545,39439352209,29956922375,9482429834,0,22178298777581,credit,2026-08-29T13:19:53+09:00
2025-05-07,20250507,17615565592013,10226886207468,7388679384545,39439352209,29956922375,9482429834,0,22178298777581,credit,2026-09-03T10:06:27+09:00
2025-05-08,20250508,17515303412964,10156702286634,7358601126330,40531214776,31104527514,9426687262,0,22128588724713,credit,2026-08-29T13:19:53+09:00
2025-05-08,20250508,17515303412964,10156702286634,7358601126330,40531214776,31104527514,9426687262,0,22128588724713,credit,2026-09-03T10:06:27+09:00
2025-05-09,20250509,17527903169877,10146178343821,7381724826056,41612217702,31561471668,10050746034,0,22149726328998,credit,2026-08-29T13:19:53+09:00
2025-05-09,20250509,17527903169877,10146178343821,7381724826056,41612217702,31561471668,10050746034,0,22149726328998,credit,2026-09-03T10:06:27+09:00
2025-05-12,20250512,17662560390649,10247522420010,7415037970639,41563345915,31251768649,10311577266,0,22424699834091,credit,2026-08-29T13:19:53+09:00
2025-05-12,20250512,17662560390649,10247522420010,7415037970639,41563345915,31251768649,10311577266,0,22424699834091,credit,2026-09-03T10:06:27+09:00
2025-05-13,20250513,17787240545851,10289814005142,7497426540709,42758664071,32397830933,10360833138,0,22356487980084,credit,2026-08-29T13:19:53+09:00
2025-05-13,20250513,17787240545851,10289814005142,7497426540709,42758664071,32397830933,10360833138,0,22356487980084,credit,2026-09-03T10:06:27+09:00
2025-05-14,20250514,17729977830780,10224373553855,7505604276925,39182939085,28626037108,10556901977,0,22374692358530,credit,2026-08-29T13:19:53+09:00
2025-05-14,20250514,17729977830780,10224373553855,7505604276925,39182939085,28626037108,10556901977,0,22374692358530,credit,2026-09-03T10:06:27+09:00
2025-05-15,20250515,17805326714255,10275507322921,7529819391334,42221129844,31045869903,11175259941,0,22307619083029,credit,2026-08-29T13:19:53+09:00
2025-05-15,20250515,17805326714255,10275507322921,7529819391334,42221129844,31045869903,11175259941,0,22307619083029,credit,2026-09-03T10:06:27+09:00
2025-05-16,20250516,17780241068829,10236751050684,7543490018145,43659035730,32990221350,10668814380,0,22234240763506,credit,2026-08-29T13:19:53+09:00
2025-05-16,20250516,17780241068829,10236751050684,7543490018145,43659035730,32990221350,10668814380,0,22234240763506,credit,2026-09-03T10:06:27+09:00
2025-05-19,20250519,17921740592603,10314544253244,7607196339359,43637596951,33033278948,10604318003,0,22293977107166,credit,2026-08-29T13:19:53+09:00
2025-05-19,20250519,17921740592603,10314544253244,7607196339359,43637596951,33033278948,10604318003,0,22293977107166,credit,2026-09-03T10:06:27+09:00
2025-05-20,20250520,17943889509962,10320860531746,7623028978216,46088672048,35595748208,10492923840,0,22313654546214,credit,2026-08-29T13:19:53+09:00
2025-05-20,20250520,17943889509962,10320860531746,7623028978216,46088672048,35595748208,10492923840,0,22313654546214,credit,2026-09-03T10:06:27+09:00
2025-05-21,20250521,17973527728444,10349223150497,7624304577947,45534950400,35500061619,10034888781,0,22332749028819,credit,2026-08-29T13:19:53+09:00
2025-05-21,20250521,17973527728444,10349223150497,7624304577947,45534950400,35500061619,10034888781,0,22332749028819,credit,2026-09-03T10:06:27+09:00
2025-05-22,20250522,17976526512370,10383767681998,7592758830372,48111667555,37846612663,10265054892,0,22326672669570,credit,2026-08-29T13:19:53+09:00
2025-05-22,20250522,17976526512370,10383767681998,7592758830372,48111667555,37846612663,10265054892,0,22326672669570,credit,2026-09-03T10:06:27+09:00
2025-05-23,20250523,17997714437489,10393949801841,7603764635648,50602498272,39921908725,10680589547,0,22318259986608,credit,2026-08-29T13:19:53+09:00
2025-05-23,20250523,17997714437489,10393949801841,7603764635648,50602498272,39921908725,10680589547,0,22318259986608,credit,2026-09-03T10:06:27+09:00
2025-05-26,20250526,18146007620701,10525098261896,7620909358805,49797133966,38932429796,10864704170,0,22374055179237,credit,2026-08-29T13:19:53+09:00
2025-05-26,20250526,18146007620701,10525098261896,7620909358805,49797133966,38932429796,10864704170,0,22374055179237,credit,2026-09-03T10:06:27+09:00
2025-05-27,20250527,18175373817874,10548985657390,7626388160484,50487462881,39784704361,10702758520,0,22300325439363,credit,2026-08-29T13:19:53+09:00
2025-05-27,20250527,18175373817874,10548985657390,7626388160484,50487462881,39784704361,10702758520,0,22300325439363,credit,2026-09-03T10:06:27+09:00
2025-05-28,20250528,18163965636011,10538852501158,7625113134853,52007159722,40370451763,11636707959,0,22273517189262,credit,2026-08-29T13:19:53+09:00
2025-05-28,20250528,18163965636011,10538852501158,7625113134853,52007159722,40370451763,11636707959,0,22273517189262,credit,2026-09-03T10:06:27+09:00
2025-05-29,20250529,18341037618256,10667364162317,7673673455939,53122392942,41618483017,11503909925,0,22327854180636,credit,2026-08-29T13:19:53+09:00
2025-05-29,20250529,18341037618256,10667364162317,7673673455939,53122392942,41618483017,11503909925,0,22327854180636,credit,2026-09-03T10:06:27+09:00
2025-05-30,20250530,18273908586742,10613462060180,7660446526562,50186692552,38861427299,11325265253,0,22359969547737,credit,2026-08-29T13:19:53+09:00
2025-05-30,20250530,18273908586742,10613462060180,7660446526562,50186692552,38861427299,11325265253,0,22359969547737,credit,2026-09-03T10:06:27+09:00
2025-06-02,20250602,18346307063865,10657651626195,7688655437670,50128855209,39883227775,10245627434,0,22372323246288,credit,2026-08-29T13:19:53+09:00
2025-06-02,20250602,18346307063865,10657651626195,7688655437670,50128855209,39883227775,10245627434,0,22372323246288,credit,2026-09-03T10:06:27+09:00
2025-06-04,20250604,18514411118257,10792421766138,7721989352119,49492302112,39466519698,10025782414,0,22500664780117,credit,2026-08-29T13:19:53+09:00
2025-06-04,20250604,18514411118257,10792421766138,7721989352119,49492302112,39466519698,10025782414,0,22500664780117,credit,2026-09-03T10:06:27+09:00
2025-06-05,20250605,18553009102791,10840297737602,7712711365189,49142613694,39883673762,9258939932,0,22424613426584,credit,2026-08-29T13:19:53+09:00
2025-06-05,20250605,18553009102791,10840297737602,7712711365189,49142613694,39883673762,9258939932,0,22424613426584,credit,2026-09-03T10:06:27+09:00
2025-06-09,20250609,18533052837826,10820009391085,7713043446741,50072761737,41954891798,8117869939,0,22415430377155,credit,2026-08-29T13:19:53+09:00
2025-06-09,20250609,18533052837826,10820009391085,7713043446741,50072761737,41954891798,8117869939,0,22415430377155,credit,2026-09-03T10:06:27+09:00
2025-06-10,20250610,18516888110718,10778178677706,7738709433012,49443435820,41724004276,7719431544,0,22476967185178,credit,2026-08-29T13:19:53+09:00
2025-06-10,20250610,18516888110718,10778178677706,7738709433012,49443435820,41724004276,7719431544,0,22476967185178,credit,2026-09-03T10:06:27+09:00
2025-06-11,20250611,18724191806592,10946785668329,7777406138263,47874374290,40416919496,7457454794,0,22467105759317,credit,2026-08-29T13:19:53+09:00
2025-06-11,20250611,18724191806592,10946785668329,7777406138263,47874374290,40416919496,7457454794,0,22467105759317,credit,2026-09-03T10:06:27+09:00
2025-06-12,20250612,18850000635698,11003767284741,7846233350957,49998020328,42496449174,7501571154,0,22552174907047,credit,2026-08-29T13:19:53+09:00
2025-06-12,20250612,18850000635698,11003767284741,7846233350957,49998020328,42496449174,7501571154,0,22552174907047,credit,2026-09-03T10:06:27+09:00
2025-06-13,20250613,18988847604676,11119041554045,7869806050631,51370333482,43363782147,8006551335,0,22690224337885,credit,2026-08-29T13:19:53+09:00
2025-06-13,20250613,18988847604676,11119041554045,7869806050631,51370333482,43363782147,8006551335,0,22690224337885,credit,2026-09-03T10:06:27+09:00
2025-06-16,20250616,19211834156877,11253045998515,7958788158362,53952180930,45931542488,8020638442,0,22746403290892,credit,2026-08-29T13:19:53+09:00
2025-06-16,20250616,19211834156877,11253045998515,7958788158362,53952180930,45931542488,8020638442,0,22746403290892,credit,2026-09-03T10:06:27+09:00
2025-06-17,20250617,19385645273042,11371795466382,8013849806660,50406908237,43180826874,7226081363,0,22920009667555,credit,2026-08-29T13:19:53+09:00
2025-06-17,20250617,19385645273042,11371795466382,8013849806660,50406908237,43180826874,7226081363,0,22920009667555,credit,2026-09-03T10:06:27+09:00
2025-06-18,20250618,19560300977668,11534234276935,8026066700733,51683571655,44393980793,7289590862,0,22872740728155,credit,2026-08-29T13:19:53+09:00
2025-06-18,20250618,19560300977668,11534234276935,8026066700733,51683571655,44393980793,7289590862,0,22872740728155,credit,2026-09-03T10:06:27+09:00
2025-06-19,20250619,19608432534381,11588068554731,8020363979650,51734136003,44279924818,7454211185,0,22886899720818,credit,2026-08-29T13:19:53+09:00
2025-06-19,20250619,19608432534381,11588068554731,8020363979650,51734136003,44279924818,7454211185,0,22886899720818,credit,2026-09-03T10:06:27+09:00
2025-06-20,20250620,19819766359306,11801081779122,8018684580184,52714841667,45095575773,7619265894,0,22970504586523,credit,2026-08-29T13:19:53+09:00
2025-06-20,20250620,19819766359306,11801081779122,8018684580184,52714841667,45095575773,7619265894,0,22970504586523,credit,2026-09-03T10:06:27+09:00
2025-06-23,20250623,20096580175355,12022555198764,8074024976591,52561752723,45092223057,7469529666,0,23105439115268,credit,2026-08-29T13:19:53+09:00
2025-06-23,20250623,20096580175355,12022555198764,8074024976591,52561752723,45092223057,7469529666,0,23105439115268,credit,2026-09-03T10:06:27+09:00
2025-06-24,20250624,20139329064748,12049285995844,8090043068904,52609898153,45167788706,7442109447,0,23203454326398,credit,2026-08-29T13:19:53+09:00
2025-06-24,20250624,20139329064748,12049285995844,8090043068904,52609898153,45167788706,7442109447,0,23203454326398,credit,2026-09-03T10:06:27+09:00
2025-06-25,20250625,20572622834770,12420268731030,8152354103740,52061706107,44751541571,7310164536,0,23361774915112,credit,2026-08-29T13:19:53+09:00
2025-06-25,20250625,20572622834770,12420268731030,8152354103740,52061706107,44751541571,7310164536,0,23361774915112,credit,2026-09-03T10:06:27+09:00
2025-06-26,20250626,20535165548385,12412997955408,8122167592977,50706214826,44032966468,6673248358,0,23331250846054,credit,2026-08-29T13:19:53+09:00
2025-06-26,20250626,20535165548385,12412997955408,8122167592977,50706214826,44032966468,6673248358,0,23331250846054,credit,2026-09-03T10:06:27+09:00
2025-06-27,20250627,20683060656419,12523812568415,8159248088004,49098795093,42780899042,6317896051,0,23379833041641,credit,2026-08-29T13:19:53+09:00
2025-06-27,20250627,20683060656419,12523812568415,8159248088004,49098795093,42780899042,6317896051,0,23379833041641,credit,2026-09-03T10:06:27+09:00
2025-06-30,20250630,20786830573466,12656093574452,8130736999014,46997020901,40990633894,6006387007,0,23606436544444,credit,2026-08-29T13:19:53+09:00
2025-06-30,20250630,20786830573466,12656093574452,8130736999014,46997020901,40990633894,6006387007,0,23606436544444,credit,2026-09-03T10:06:27+09:00
2025-07-01,20250701,20879816352177,12760533862544,8119282489633,47023491207,41155275902,5868215305,0,23463750401597,credit,2026-08-29T13:19:53+09:00
2025-07-01,20250701,20879816352177,12760533862544,8119282489633,47023491207,41155275902,5868215305,0,23463750401597,credit,2026-09-03T10:06:27+09:00
2025-07-02,20250702,20879543223355,12779641268864,8099901954491,48530964060,42302761039,6228203021,0,23336364823219,credit,2026-08-29T13:19:53+09:00
2025-07-02,20250702,20879543223355,12779641268864,8099901954491,48530964060,42302761039,6228203021,0,23336364823219,credit,2026-09-03T10:06:27+09:00
2025-07-03,20250703,20779661213218,12671212318773,8108448894445,48907134807,42914820455,5992314352,0,23374382198025,credit,2026-08-29T13:19:53+09:00
2025-07-03,20250703,20779661213218,12671212318773,8108448894445,48907134807,42914820455,5992314352,0,23374382198025,credit,2026-09-03T10:06:27+09:00
2025-07-04,20250704,20807425055355,12699279916472,8108145138883,47672511533,41420113208,6252398325,0,23474714345644,credit,2026-08-29T13:19:53+09:00
2025-07-04,20250704,20807425055355,12699279916472,8108145138883,47672511533,41420113208,6252398325,0,23474714345644,credit,2026-09-03T10:06:27+09:00
2025-07-07,20250707,20798770110974,12679792026229,8118978084745,50219579111,43622843785,6596735326,0,23365148702117,credit,2026-08-29T13:19:53+09:00
2025-07-07,20250707,20798770110974,12679792026229,8118978084745,50219579111,43622843785,6596735326,0,23365148702117,credit,2026-09-03T10:06:27+09:00
2025-07-08,20250708,20828140559290,12678450726676,8149689832614,48427920793,42253221222,6174699571,0,23381788947279,credit,2026-08-29T13:19:53+09:00
2025-07-08,20250708,20828140559290,12678450726676,8149689832614,48427920793,42253221222,6174699571,0,23381788947279,credit,2026-09-03T10:06:27+09:00
2025-07-09,20250709,20860067123064,12731010274235,8129056848829,49324032261,42974485887,6349546374,0,23298401871700,credit,2026-08-29T13:19:53+09:00
2025-07-09,20250709,20860067123064,12731010274235,8129056848829,49324032261,42974485887,6349546374,0,23298401871700,credit,2026-09-03T10:06:27+09:00
2025-07-10,20250710,21014999677899,12871177320565,8143822357334,51940111572,45199105822,6741005750,0,23345191490862,credit,2026-08-29T13:19:53+09:00
2025-07-10,20250710,21014999677899,12871177320565,8143822357334,51940111572,45199105822,6741005750,0,23345191490862,credit,2026-09-03T10:06:27+09:00
2025-07-11,20250711,21266973916081,13088846099313,8178127816768,53357706622,45924188696,7433517926,0,23418376325168,credit,2026-08-29T13:19:53+09:00
2025-07-11,20250711,21266973916081,13088846099313,8178127816768,53357706622,45924188696,7433517926,0,23418376325168,credit,2026-09-03T10:06:27+09:00
2025-07-14,20250714,21335167826322,13114660083295,8220507743027,52634851373,45962586200,6672265173,0,23474930117034,credit,2026-08-29T13:19:53+09:00
2025-07-14,20250714,21335167826322,13114660083295,8220507743027,52634851373,45962586200,6672265173,0,23474930117034,credit,2026-09-03T10:06:27+09:00
2025-07-15,20250715,21400892347590,13171408557776,8229483789814,50626879790,43729391699,6897488091,0,23525688609671,credit,2026-08-29T13:19:53+09:00
2025-07-15,20250715,21400892347590,13171408557776,8229483789814,50626879790,43729391699,6897488091,0,23525688609671,credit,2026-09-03T10:06:27+09:00
2025-07-16,20250716,21471790267694,13206751372766,8265038894928,50850014071,43808224086,7041789985,0,23696177588419,credit,2026-08-29T13:19:53+09:00
2025-07-16,20250716,21471790267694,13206751372766,8265038894928,50850014071,43808224086,7041789985,0,23696177588419,credit,2026-09-03T10:06:27+09:00
2025-07-17,20250717,21588086054618,13277329243043,8310756811575,51460183742,44515479092,6944704650,0,23569524037441,credit,2026-08-29T13:19:53+09:00
2025-07-17,20250717,21588086054618,13277329243043,8310756811575,51460183742,44515479092,6944704650,0,23569524037441,credit,2026-09-03T10:06:27+09:00
2025-07-18,20250718,21747932605879,13372123263578,8375809342301,51586198041,44127061925,7459136116,0,23513329108274,credit,2026-08-29T13:19:53+09:00
2025-07-18,20250718,21747932605879,13372123263578,8375809342301,51586198041,44127061925,7459136116,0,23513329108274,credit,2026-09-03T10:06:27+09:00
2025-07-21,20250721,21755411780132,13339937475301,8415474304831,52346494220,45091573868,7254920352,0,23598892396835,credit,2026-08-29T13:19:53+09:00
2025-07-21,20250721,21755411780132,13339937475301,8415474304831,52346494220,45091573868,7254920352,0,23598892396835,credit,2026-09-03T10:06:27+09:00
2025-07-22,20250722,21727257718876,13302982687909,8424275030967,53117432514,45622830027,7494602487,0,23554131142418,credit,2026-08-29T13:19:53+09:00
2025-07-22,20250722,21727257718876,13302982687909,8424275030967,53117432514,45622830027,7494602487,0,23554131142418,credit,2026-09-03T10:06:27+09:00
2025-07-23,20250723,21724910426037,13274363270599,8450547155438,53014973343,45685439050,7329534293,0,24044844925518,credit,2026-08-29T13:19:53+09:00
2025-07-23,20250723,21724910426037,13274363270599,8450547155438,53014973343,45685439050,7329534293,0,24044844925518,credit,2026-09-03T10:06:27+09:00
2025-07-24,20250724,21827783071116,13354413221984,8473369849132,51432603486,44298516468,7134087018,0,24121386733201,credit,2026-08-29T13:19:53+09:00
2025-07-24,20250724,21827783071116,13354413221984,8473369849132,51432603486,44298516468,7134087018,0,24121386733201,credit,2026-09-03T10:06:27+09:00
2025-07-25,20250725,21830925612791,13344173414124,8486752198667,53726315062,45783761402,7942553660,0,23732824466382,credit,2026-08-29T13:19:53+09:00
2025-07-25,20250725,21830925612791,13344173414124,8486752198667,53726315062,45783761402,7942553660,0,23732824466382,credit,2026-09-03T10:06:27+09:00
2025-07-28,20250728,21783597910736,13292496070717,8491101840019,52783596546,45608761741,7174834805,0,23686734662151,credit,2026-08-29T13:19:53+09:00
2025-07-28,20250728,21783597910736,13292496070717,8491101840019,52783596546,45608761741,7174834805,0,23686734662151,credit,2026-09-03T10:06:27+09:00
2025-07-29,20250729,21788325688282,13298338974337,8489986713945,52447966765,45438855088,7009111677,0,23569282181959,credit,2026-08-29T13:19:53+09:00
2025-07-29,20250729,21788325688282,13298338974337,8489986713945,52447966765,45438855088,7009111677,0,23569282181959,credit,2026-09-03T10:06:27+09:00
2025-07-30,20250730,21858078097102,13353527288762,8504550808340,51597173508,44524774994,7072398514,0,23597359871653,credit,2026-08-29T13:19:53+09:00
2025-07-30,20250730,21858078097102,13353527288762,8504550808340,51597173508,44524774994,7072398514,0,23597359871653,credit,2026-09-03T10:06:27+09:00
2025-07-31,20250731,21791845466043,13292464859503,8499380606540,52183253199,44795711992,7387541207,0,23563976660917,credit,2026-08-29T13:19:53+09:00
2025-07-31,20250731,21791845466043,13292464859503,8499380606540,52183253199,44795711992,7387541207,0,23563976660917,credit,2026-09-03T10:06:27+09:00
2025-08-01,20250801,21769975820013,13273096587515,8496879232498,52371762983,44934694387,7437068596,0,23350585540813,credit,2026-08-29T13:19:53+09:00
2025-08-01,20250801,21769975820013,13273096587515,8496879232498,52371762983,44934694387,7437068596,0,23350585540813,credit,2026-09-03T10:06:27+09:00
2025-08-04,20250804,21780211983415,13299641109388,8480570874027,53218716347,46001319441,7217396906,0,23533835542434,credit,2026-08-29T13:19:53+09:00
2025-08-04,20250804,21780211983415,13299641109388,8480570874027,53218716347,46001319441,7217396906,0,23533835542434,credit,2026-09-03T10:06:27+09:00
2025-08-05,20250805,21651177517496,13261986846354,8389190671142,48137467265,41397708320,6739758945,0,23609771177344,credit,2026-08-29T13:19:53+09:00
2025-08-05,20250805,21651177517496,13261986846354,8389190671142,48137467265,41397708320,6739758945,0,23609771177344,credit,2026-09-03T10:06:27+09:00
2025-08-06,20250806,21500301246953,13139218098621,8361083148332,48000866653,41157755187,6843111466,0,23731329752903,credit,2026-08-29T13:19:53+09:00
2025-08-06,20250806,21500301246953,13139218098621,8361083148332,48000866653,41157755187,6843111466,0,23731329752903,credit,2026-09-03T10:06:27+09:00
2025-08-07,20250807,21575252946676,13174211738632,8401041208044,50353249684,43159976037,7193273647,0,23692638533319,credit,2026-08-29T13:19:53+09:00
2025-08-07,20250807,21575252946676,13174211738632,8401041208044,50353249684,43159976037,7193273647,0,23692638533319,credit,2026-09-03T10:06:27+09:00
2025-08-08,20250808,21787907936030,13351228667706,8436679268324,51435628206,44165268385,7270359821,0,23465195878266,credit,2026-08-29T13:19:53+09:00
2025-08-08,20250808,21787907936030,13351228667706,8436679268324,51435628206,44165268385,7270359821,0,23465195878266,credit,2026-09-03T10:06:27+09:00
2025-08-11,20250811,22036242310583,13528165615472,8508076695111,52203623104,44842847857,7360775247,0,23512730754667,credit,2026-08-29T13:19:53+09:00
2025-08-11,20250811,22036242310583,13528165615472,8508076695111,52203623104,44842847857,7360775247,0,23512730754667,credit,2026-09-03T10:06:27+09:00
2025-08-12,20250812,22189194060178,13639209743312,8549984316866,52939926425,44072364878,8867561547,0,23628009277899,credit,2026-08-29T13:19:53+09:00
2025-08-12,20250812,22189194060178,13639209743312,8549984316866,52939926425,44072364878,8867561547,0,23628009277899,credit,2026-09-03T10:06:27+09:00
2025-08-13,20250813,22203145124794,13623810134524,8579334990270,52823298718,43413163040,9410135678,0,23648585818546,credit,2026-08-29T13:19:53+09:00
2025-08-13,20250813,22203145124794,13623810134524,8579334990270,52823298718,43413163040,9410135678,0,23648585818546,credit,2026-09-03T10:06:27+09:00
2025-08-14,20250814,22211235220247,13616810903203,8594424317044,51490098931,42245568856,9244530075,0,23440425571400,credit,2026-08-29T13:19:53+09:00
2025-08-14,20250814,22211235220247,13616810903203,8594424317044,51490098931,42245568856,9244530075,0,23440425571400,credit,2026-09-03T10:06:27+09:00
2025-08-18,20250818,22238800270899,13599863122222,8638937148677,51441512276,42437416877,9004095399,0,23399290517010,credit,2026-08-29T13:19:53+09:00
2025-08-18,20250818,22238800270899,13599863122222,8638937148677,51441512276,42437416877,9004095399,0,23399290517010,credit,2026-09-03T10:06:27+09:00
2025-08-19,20250819,22085155945030,13512563250690,8572592694340,49801842623,41314972139,8486870484,0,23314872526013,credit,2026-08-29T13:19:53+09:00
2025-08-19,20250819,22085155945030,13512563250690,8572592694340,49801842623,41314972139,8486870484,0,23314872526013,credit,2026-09-03T10:06:27+09:00
2025-08-20,20250820,22287339753808,13635068168090,8652271585718,48303805349,40384880288,7918925061,0,23358711262354,credit,2026-08-29T13:19:53+09:00
2025-08-20,20250820,22287339753808,13635068168090,8652271585718,48303805349,40384880288,7918925061,0,23358711262354,credit,2026-09-03T10:06:27+09:00
2025-08-21,20250821,22150953870369,13552476460192,8598477410177,48107661235,39855972132,8251689103,0,23351504471883,credit,2026-08-29T13:19:53+09:00
2025-08-21,20250821,22150953870369,13552476460192,8598477410177,48107661235,39855972132,8251689103,0,23351504471883,credit,2026-09-03T10:06:27+09:00
2025-08-22,20250822,21939037633584,13403697758589,8535339874995,47038756952,39081726734,7957030218,0,23329611103220,credit,2026-08-29T13:19:53+09:00
2025-08-22,20250822,21939037633584,13403697758589,8535339874995,47038756952,39081726734,7957030218,0,23329611103220,credit,2026-09-03T10:06:27+09:00
2025-08-25,20250825,21940022442314,13406946884293,8533075558021,50638119322,42732162183,7905957139,0,23267730304559,credit,2026-08-29T13:19:53+09:00
2025-08-25,20250825,21940022442314,13406946884293,8533075558021,50638119322,42732162183,7905957139,0,23267730304559,credit,2026-09-03T10:06:27+09:00
2025-08-26,20250826,21850072268735,13318556111438,8531516157297,52519359915,44726302671,7793057244,0,23190846057410,credit,2026-08-29T13:19:53+09:00
2025-08-26,20250826,21850072268735,13318556111438,8531516157297,52519359915,44726302671,7793057244,0,23190846057410,credit,2026-09-03T10:06:27+09:00
2025-08-27,20250827,21887288351604,13347855015961,8539433335643,53355310487,45146747831,8208562656,0,23145015785256,credit,2026-08-29T13:19:53+09:00
2025-08-27,20250827,21887288351604,13347855015961,8539433335643,53355310487,45146747831,8208562656,0,23145015785256,credit,2026-09-03T10:06:27+09:00
2025-08-28,20250828,22071191740177,13505217001381,8565974738796,52733711035,45019724213,7713986822,0,23294868287394,credit,2026-08-29T13:19:53+09:00
2025-08-28,20250828,22071191740177,13505217001381,8565974738796,52733711035,45019724213,7713986822,0,23294868287394,credit,2026-09-03T10:06:27+09:00
2025-08-29,20250829,22155069819066,13570236939263,8584832879803,55032581463,47126087118,7906494345,0,23376666581743,credit,2026-08-29T13:19:53+09:00
2025-08-29,20250829,22155069819066,13570236939263,8584832879803,55032581463,47126087118,7906494345,0,23376666581743,credit,2026-09-03T10:06:27+09:00
2025-09-01,20250901,22222668739848,13617024792841,8605643947007,55483590571,47674219666,7809370905,0,23373463534041,credit,2026-08-29T13:19:53+09:00
2025-09-01,20250901,22222668739848,13617024792841,8605643947007,55483590571,47674219666,7809370905,0,23373463534041,credit,2026-09-03T10:06:27+09:00
2025-09-02,20250902,22260275344479,13649153597303,8611121747176,54921114169,47273160929,7647953240,0,23402791362339,credit,2026-08-29T13:19:53+09:00
2025-09-02,20250902,22260275344479,13649153597303,8611121747176,54921114169,47273160929,7647953240,0,23402791362339,credit,2026-09-03T10:06:27+09:00
2025-09-03,20250903,22185984499462,13609000695225,8576983804237,53465359198,45708803457,7756555741,0,23377021318783,credit,2026-08-29T13:19:53+09:00
2025-09-03,20250903,22185984499462,13609000695225,8576983804237,53465359198,45708803457,7756555741,0,23377021318783,credit,2026-09-03T10:06:27+09:00
2025-09-04,20250904,22151248291534,13578947173663,8572301117871,54564545315,46666764845,7897780470,0,23336126275363,credit,2026-08-29T13:19:53+09:00
2025-09-04,20250904,22151248291534,13578947173663,8572301117871,54564545315,46666764845,7897780470,0,23336126275363,credit,2026-09-03T10:06:27+09:00
2025-09-05,20250905,22220955006921,13623224337115,8597730669806,54251132116,46527663590,7723468526,0,23440138536528,credit,2026-08-29T13:19:53+09:00
2025-09-05,20250905,22220955006921,13623224337115,8597730669806,54251132116,46527663590,7723468526,0,23440138536528,credit,2026-09-03T10:06:27+09:00
2025-09-08,20250908,22253675114228,13619560185744,8634114928484,55306354100,46983475749,8322878351,0,23418062140633,credit,2026-08-29T13:19:53+09:00
2025-09-08,20250908,22253675114228,13619560185744,8634114928484,55306354100,46983475749,8322878351,0,23418062140633,credit,2026-09-03T10:06:27+09:00
2025-09-09,20250909,22342404342125,13678071906855,8664332435270,55803723242,46449735892,9353987350,0,23486000647189,credit,2026-08-29T13:19:53+09:00
2025-09-09,20250909,22342404342125,13678071906855,8664332435270,55803723242,46449735892,9353987350,0,23486000647189,credit,2026-09-03T10:06:27+09:00
2025-09-10,20250910,22380974058712,13671463792576,8709510266136,56415097936,46511163495,9903934441,0,23506967059362,credit,2026-08-29T13:19:53+09:00
2025-09-10,20250910,22380974058712,13671463792576,8709510266136,56415097936,46511163495,9903934441,0,23506967059362,credit,2026-09-03T10:06:27+09:00
2025-09-11,20250911,22436243350112,13678775851880,8757467498232,58842304325,48632228233,10210076092,0,23539616495375,credit,2026-08-29T13:19:53+09:00
2025-09-11,20250911,22436243350112,13678775851880,8757467498232,58842304325,48632228233,10210076092,0,23539616495375,credit,2026-09-03T10:06:27+09:00
2025-09-12,20250912,22407224520074,13620011323696,8787213196378,62007901774,51212014788,10795886986,0,23544262993974,credit,2026-08-29T13:19:53+09:00
2025-09-12,20250912,22407224520074,13620011323696,8787213196378,62007901774,51212014788,10795886986,0,23544262993974,credit,2026-09-03T10:06:27+09:00
2025-09-15,20250915,22501290359802,13643601975616,8857688384186,57699366131,47974732599,9724633532,0,23610306813092,credit,2026-08-29T13:19:53+09:00
2025-09-15,20250915,22501290359802,13643601975616,8857688384186,57699366131,47974732599,9724633532,0,23610306813092,credit,2026-09-03T10:06:27+09:00
2025-09-16,20250916,22527933556682,13648283557213,8879649999469,59030062083,49368173814,9661888269,0,23688838938812,credit,2026-08-29T13:19:53+09:00
2025-09-16,20250916,22527933556682,13648283557213,8879649999469,59030062083,49368173814,9661888269,0,23688838938812,credit,2026-09-03T10:06:27+09:00
2025-09-17,20250917,22779657161546,13800183969874,8979473191672,59275198645,49383696815,9891501830,0,23917092585414,credit,2026-08-29T13:19:53+09:00
2025-09-17,20250917,22779657161546,13800183969874,8979473191672,59275198645,49383696815,9891501830,0,23917092585414,credit,2026-09-03T10:06:27+09:00
2025-09-18,20250918,22881479953168,13841903597122,9039576356046,61438872604,51870095600,9568777004,0,23913537984191,credit,2026-08-29T13:19:53+09:00
2025-09-18,20250918,22881479953168,13841903597122,9039576356046,61438872604,51870095600,9568777004,0,23913537984191,credit,2026-09-03T10:06:27+09:00
2025-09-19,20250919,23036952461726,13959175655042,9077776806684,59950605385,50409635617,9540969768,0,24375266856003,credit,2026-08-29T13:19:53+09:00
2025-09-19,20250919,23036952461726,13959175655042,9077776806684,59950605385,50409635617,9540969768,0,24375266856003,credit,2026-09-03T10:06:27+09:00
2025-09-22,20250922,23160994580271,14046911119668,9114083460603,59606594912,49415283685,10191311227,0,24419284471528,credit,2026-08-29T13:19:53+09:00
2025-09-22,20250922,23160994580271,14046911119668,9114083460603,59606594912,49415283685,10191311227,0,24419284471528,credit,2026-09-03T10:06:27+09:00
2025-09-23,20250923,23286690756676,14134035558570,9152655198106,59443237093,49143199333,10300037760,0,24099990000599,credit,2026-08-29T13:19:53+09:00
2025-09-23,20250923,23286690756676,14134035558570,9152655198106,59443237093,49143199333,10300037760,0,24099990000599,credit,2026-09-03T10:06:27+09:00
2025-09-24,20250924,23364312603906,14151138562569,9213174041337,59584046316,48053397700,11530648616,0,24201863704070,credit,2026-08-29T13:19:53+09:00
2025-09-24,20250924,23364312603906,14151138562569,9213174041337,59584046316,48053397700,11530648616,0,24201863704070,credit,2026-09-03T10:06:27+09:00
2025-09-25,20250925,23519905824657,14226035314589,9293870510068,59982243415,49072602761,10909640654,0,24274132437188,credit,2026-08-29T13:19:53+09:00
2025-09-25,20250925,23519905824657,14226035314589,9293870510068,59982243415,49072602761,10909640654,0,24274132437188,credit,2026-09-03T10:06:27+09:00
2025-09-26,20250926,23537789589013,14223322006695,9314467582318,58619073021,48483112613,10135960408,0,24331809078947,credit,2026-08-29T13:19:53+09:00
2025-09-26,20250926,23537789589013,14223322006695,9314467582318,58619073021,48483112613,10135960408,0,24331809078947,credit,2026-09-03T10:06:27+09:00
2025-09-29,20250929,23463228023159,14164542519089,9298685504070,58202444498,48521988887,9680455611,0,24372597545139,credit,2026-08-29T13:19:53+09:00
2025-09-29,20250929,23463228023159,14164542519089,9298685504070,58202444498,48521988887,9680455611,0,24372597545139,credit,2026-09-03T10:06:27+09:00
2025-09-30,20250930,23492839699169,14244693148719,9248146550450,55945471567,46252198317,9693273250,0,24552093045132,credit,2026-08-29T13:19:53+09:00
2025-09-30,20250930,23492839699169,14244693148719,9248146550450,55945471567,46252198317,9693273250,0,24552093045132,credit,2026-09-03T10:06:27+09:00
2025-10-01,20251001,23345839088394,14121817952568,9224021135826,56685238526,47111172248,9574066278,0,24077105030113,credit,2026-08-29T13:19:53+09:00
2025-10-01,20251001,23345839088394,14121817952568,9224021135826,56685238526,47111172248,9574066278,0,24077105030113,credit,2026-09-03T10:06:27+09:00
2025-10-02,20251002,23341254762552,14078989877087,9262264885465,55716207959,46281208214,9434999745,0,24191570120600,credit,2026-08-29T13:19:53+09:00
2025-10-02,20251002,23341254762552,14078989877087,9262264885465,55716207959,46281208214,9434999745,0,24191570120600,credit,2026-09-03T10:06:27+09:00
2025-10-10,20251010,23243706159914,13985985555306,9257720604608,57162084265,46866826059,10295258206,0,24384798353691,credit,2026-08-29T13:19:53+09:00
2025-10-10,20251010,23243706159914,13985985555306,9257720604608,57162084265,46866826059,10295258206,0,24384798353691,credit,2026-09-03T10:06:27+09:00
2025-10-13,20251013,23267747570457,14003453527324,9264294043133,55563914401,46260362654,9303551747,0,24440584346090,credit,2026-08-29T13:19:53+09:00
2025-10-13,20251013,23267747570457,14003453527324,9264294043133,55563914401,46260362654,9303551747,0,24440584346090,credit,2026-09-03T10:06:27+09:00
2025-10-14,20251014,23558561208886,14243391630993,9315169577893,55631469411,46742764157,8888705254,0,24463316979264,credit,2026-08-29T13:19:53+09:00
2025-10-14,20251014,23558561208886,14243391630993,9315169577893,55631469411,46742764157,8888705254,0,24463316979264,credit,2026-09-03T10:06:27+09:00
2025-10-15,20251015,23828838678800,14483809489447,9345029189353,50871837213,42439012150,8432825063,0,24561781612802,credit,2026-08-29T13:19:53+09:00
2025-10-15,20251015,23828838678800,14483809489447,9345029189353,50871837213,42439012150,8432825063,0,24561781612802,credit,2026-09-03T10:06:27+09:00
2025-10-16,20251016,23775821518570,14415042456069,9360779062501,49613602351,41672657322,7940945029,0,24776372884080,credit,2026-08-29T13:19:53+09:00
2025-10-16,20251016,23775821518570,14415042456069,9360779062501,49613602351,41672657322,7940945029,0,24776372884080,credit,2026-09-03T10:06:27+09:00
2025-10-17,20251017,23879968646817,14479035232427,9400933414390,54203986606,45999666747,8204319859,0,24946783862093,credit,2026-08-29T13:19:53+09:00
2025-10-17,20251017,23879968646817,14479035232427,9400933414390,54203986606,45999666747,8204319859,0,24946783862093,credit,2026-09-03T10:06:27+09:00
2025-10-20,20251020,24055155058515,14604406143283,9450748915232,53812045337,45682562371,8129482966,0,24924807202244,credit,2026-08-29T13:19:53+09:00
2025-10-20,20251020,24055155058515,14604406143283,9450748915232,53812045337,45682562371,8129482966,0,24924807202244,credit,2026-09-03T10:06:27+09:00
2025-10-21,20251021,23926312744186,14491256378660,9435056365526,48865278440,41805990872,7059287568,0,25127408082453,credit,2026-08-29T13:19:53+09:00
2025-10-21,20251021,23926312744186,14491256378660,9435056365526,48865278440,41805990872,7059287568,0,25127408082453,credit,2026-09-03T10:06:27+09:00
2025-10-22,20251022,24241954088370,14766953785515,9475000302855,51359218872,43982170946,7377047926,0,25010147457470,credit,2026-08-29T13:19:53+09:00
2025-10-22,20251022,24241954088370,14766953785515,9475000302855,51359218872,43982170946,7377047926,0,25010147457470,credit,2026-09-03T10:06:27+09:00
2025-10-23,20251023,24419952265935,14890559778110,9529392487825,52413393768,44403399323,8009994445,0,25161232592121,credit,2026-08-29T13:19:53+09:00
2025-10-23,20251023,24419952265935,14890559778110,9529392487825,52413393768,44403399323,8009994445,0,25161232592121,credit,2026-09-03T10:06:27+09:00
2025-10-24,20251024,24651837607023,15083363637051,9568473969972,52705576511,45403726661,7301849850,0,25319152691737,credit,2026-08-29T13:19:53+09:00
2025-10-24,20251024,24651837607023,15083363637051,9568473969972,52705576511,45403726661,7301849850,0,25319152691737,credit,2026-09-03T10:06:27+09:00
2025-10-27,20251027,24776659521873,15186978031298,9589681490575,53781853262,46280903320,7500949942,0,25424107287354,credit,2026-08-29T13:19:53+09:00
2025-10-27,20251027,24776659521873,15186978031298,9589681490575,53781853262,46280903320,7500949942,0,25424107287354,credit,2026-09-03T10:06:27+09:00
2025-10-28,20251028,24823045443595,15206652185140,9616393258455,55411688121,47967145949,7444542172,0,25496581888562,credit,2026-08-29T13:19:53+09:00
2025-10-28,20251028,24823045443595,15206652185140,9616393258455,55411688121,47967145949,7444542172,0,25496581888562,credit,2026-09-03T10:06:27+09:00
2025-10-29,20251029,25096805676880,15460010667553,9636795009327,55092678050,48005714620,7086963430,0,25397778801142,credit,2026-08-29T13:19:53+09:00
2025-10-29,20251029,25096805676880,15460010667553,9636795009327,55092678050,48005714620,7086963430,0,25397778801142,credit,2026-09-03T10:06:27+09:00
2025-10-30,20251030,25272595111091,15605149915483,9667445195608,54669668988,47423803966,7245865022,0,25655897788242,credit,2026-08-29T13:19:53+09:00
2025-10-30,20251030,25272595111091,15605149915483,9667445195608,54669668988,47423803966,7245865022,0,25655897788242,credit,2026-09-03T10:06:27+09:00
2025-10-31,20251031,25526890680066,15817250343765,9709640336301,55638085926,48159741871,7478344055,0,25805833869317,credit,2026-08-29T13:19:53+09:00
2025-10-31,20251031,25526890680066,15817250343765,9709640336301,55638085926,48159741871,7478344055,0,25805833869317,credit,2026-09-03T10:06:27+09:00
2025-11-03,20251103,25461863510102,15781983163358,9679880346744,55484209784,48195880498,7288329286,0,25946831075593,credit,2026-08-29T13:19:53+09:00
2025-11-03,20251103,25461863510102,15781983163358,9679880346744,55484209784,48195880498,7288329286,0,25946831075593,credit,2026-09-03T10:06:27+09:00
2025-11-04,20251104,25511750638863,15797236381362,9714514257501,55088749058,48415658794,6673090264,0,25991812036053,credit,2026-08-29T13:19:53+09:00
2025-11-04,20251104,25511750638863,15797236381362,9714514257501,55088749058,48415658794,6673090264,0,25991812036053,credit,2026-09-03T10:06:27+09:00
2025-11-05,20251105,25822465061571,16062683094712,9759781966859,55076987787,48579828817,6497158970,0,24715377235807,credit,2026-08-29T13:19:53+09:00
2025-11-05,20251105,25822465061571,16062683094712,9759781966859,55076987787,48579828817,6497158970,0,24715377235807,credit,2026-09-03T10:06:27+09:00
2025-11-06,20251106,25878152016552,16093351313930,9784800702622,53163730094,46172718527,6991011567,0,24532886282697,credit,2026-08-29T13:19:53+09:00
2025-11-06,20251106,25878152016552,16093351313930,9784800702622,53163730094,46172718527,6991011567,0,24532886282697,credit,2026-09-03T10:06:27+09:00
2025-11-07,20251107,26216546863107,16346518847853,9870028015254,51584814671,46029420006,5555394665,0,24785407056880,credit,2026-08-29T13:19:53+09:00
2025-11-07,20251107,26216546863107,16346518847853,9870028015254,51584814671,46029420006,5555394665,0,24785407056880,credit,2026-09-03T10:06:27+09:00
2025-11-10,20251110,26119764952632,16291077326941,9828687625691,51804505671,45092540889,6711964782,0,24487369982176,credit,2026-08-29T13:19:53+09:00
2025-11-10,20251110,26119764952632,16291077326941,9828687625691,51804505671,45092540889,6711964782,0,24487369982176,credit,2026-09-03T10:06:27+09:00
2025-11-11,20251111,25991776203679,16225899784014,9765876419665,49680665549,43558350024,6122315525,0,24723059031561,credit,2026-08-29T13:19:53+09:00
2025-11-11,20251111,25991776203679,16225899784014,9765876419665,49680665549,43558350024,6122315525,0,24723059031561,credit,2026-09-03T10:06:27+09:00
2025-11-12,20251112,26009765690619,16255033616495,9754732074124,52774754728,46294896748,6479857980,0,24387496139158,credit,2026-08-29T13:19:53+09:00
2025-11-12,20251112,26009765690619,16255033616495,9754732074124,52774754728,46294896748,6479857980,0,24387496139158,credit,2026-09-03T10:06:27+09:00
2025-11-13,20251113,26251500058718,16481350370813,9770149687905,52033456512,45572627275,6460829237,0,24014884465216,credit,2026-08-29T13:19:53+09:00
2025-11-13,20251113,26251500058718,16481350370813,9770149687905,52033456512,45572627275,6460829237,0,24014884465216,credit,2026-09-03T10:06:27+09:00
2025-11-14,20251114,26403330800753,16631689603222,9771641197531,52725470436,44758149785,7967320651,0,24116104927908,credit,2026-08-29T13:19:53+09:00
2025-11-14,20251114,26403330800753,16631689603222,9771641197531,52725470436,44758149785,7967320651,0,24116104927908,credit,2026-09-03T10:06:27+09:00
2025-11-17,20251117,26602943386857,16743158525180,9859784861677,50598513360,43952158432,6646354928,0,24091756336264,credit,2026-08-29T13:19:53+09:00
2025-11-17,20251117,26602943386857,16743158525180,9859784861677,50598513360,43952158432,6646354928,0,24091756336264,credit,2026-09-03T10:06:27+09:00
2025-11-18,20251118,26796567779154,16946969838220,9849597940934,45789358502,39913519474,5875839028,0,24421383957764,credit,2026-08-29T13:19:53+09:00
2025-11-18,20251118,26796567779154,16946969838220,9849597940934,45789358502,39913519474,5875839028,0,24421383957764,credit,2026-09-03T10:06:27+09:00
2025-11-19,20251119,26835841178680,17015793294482,9820047884198,48663810388,42586856722,6076953666,0,24211283408806,credit,2026-08-29T13:19:53+09:00
2025-11-19,20251119,26835841178680,17015793294482,9820047884198,48663810388,42586856722,6076953666,0,24211283408806,credit,2026-09-03T10:06:27+09:00
2025-11-20,20251120,26847119861518,17058191038562,9788928822956,47490683930,41420245659,6070438271,0,24385677719097,credit,2026-08-29T13:19:53+09:00
2025-11-20,20251120,26847119861518,17058191038562,9788928822956,47490683930,41420245659,6070438271,0,24385677719097,credit,2026-09-03T10:06:27+09:00
2025-11-21,20251121,26761246757496,17028465043911,9732781713585,45806209678,40037929446,5768280232,0,24336829984058,credit,2026-08-29T13:19:53+09:00
2025-11-21,20251121,26761246757496,17028465043911,9732781713585,45806209678,40037929446,5768280232,0,24336829984058,credit,2026-09-03T10:06:27+09:00
2025-11-24,20251124,26761702308591,17034147002887,9727555305704,49325600351,42903098269,6422502082,0,24372225731260,credit,2026-08-29T13:19:53+09:00
2025-11-24,20251124,26761702308591,17034147002887,9727555305704,49325600351,42903098269,6422502082,0,24372225731260,credit,2026-09-03T10:06:27+09:00
2025-11-25,20251125,26666985682356,16989273998227,9677711684129,44025681835,38767158685,5258523150,0,24600148789615,credit,2026-08-29T13:19:53+09:00
2025-11-25,20251125,26666985682356,16989273998227,9677711684129,44025681835,38767158685,5258523150,0,24600148789615,credit,2026-09-03T10:06:27+09:00
2025-11-26,20251126,26492118769218,16861009683644,9631109085574,46678475815,40736910255,5941565560,0,24151978764825,credit,2026-08-29T13:19:53+09:00
2025-11-26,20251126,26492118769218,16861009683644,9631109085574,46678475815,40736910255,5941565560,0,24151978764825,credit,2026-09-03T10:06:27+09:00
2025-11-27,20251127,26444081833548,16855552635613,9588529197935,46291297417,40501931575,5789365842,0,24142672852632,credit,2026-08-29T13:19:53+09:00
2025-11-27,20251127,26444081833548,16855552635613,9588529197935,46291297417,40501931575,5789365842,0,24142672852632,credit,2026-09-03T10:06:27+09:00
2025-11-28,20251128,26445064697251,16853654396007,9591410301244,49972767101,43787378766,6185388335,0,24088154530991,credit,2026-08-29T13:19:53+09:00
2025-11-28,20251128,26445064697251,16853654396007,9591410301244,49972767101,43787378766,6185388335,0,24088154530991,credit,2026-09-03T10:06:27+09:00
2025-12-01,20251201,26582351319869,16941966610975,9640384708894,50954156109,44666880188,6287275921,0,24072837689224,credit,2026-08-29T13:19:53+09:00
2025-12-01,20251201,26582351319869,16941966610975,9640384708894,50954156109,44666880188,6287275921,0,24072837689224,credit,2026-09-03T10:06:27+09:00
2025-12-02,20251202,26799037394529,17163357087654,9635680306875,49966895103,41580406553,8386488550,0,24268584397914,credit,2026-08-29T13:19:53+09:00
2025-12-02,20251202,26799037394529,17163357087654,9635680306875,49966895103,41580406553,8386488550,0,24268584397914,credit,2026-09-03T10:06:27+09:00
2025-12-03,20251203,26831012403403,17114607174425,9716405228978,51795883563,42484644273,9311239290,0,24322509891041,credit,2026-08-29T13:19:53+09:00
2025-12-03,20251203,26831012403403,17114607174425,9716405228978,51795883563,42484644273,9311239290,0,24322509891041,credit,2026-09-03T10:06:27+09:00
2025-12-04,20251204,26895874195205,17094623178889,9801251016316,53484084169,44402972749,9081111420,0,24510221082524,credit,2026-08-29T13:19:53+09:00
2025-12-04,20251204,26895874195205,17094623178889,9801251016316,53484084169,44402972749,9081111420,0,24510221082524,credit,2026-09-03T10:06:27+09:00
2025-12-05,20251205,27076309426145,17184317229961,9891992196184,55911765611,46060282978,9851482633,0,24629128567524,credit,2026-08-29T13:19:53+09:00
2025-12-05,20251205,27076309426145,17184317229961,9891992196184,55911765611,46060282978,9851482633,0,24629128567524,credit,2026-09-03T10:06:27+09:00
2025-12-08,20251208,27355466520128,17432955988005,9922510532123,54575348222,45417881331,9157466891,0,24588195646079,credit,2026-08-29T13:19:53+09:00
2025-12-08,20251208,27355466520128,17432955988005,9922510532123,54575348222,45417881331,9157466891,0,24588195646079,credit,2026-09-03T10:06:27+09:00
2025-12-09,20251209,27333486723999,17414900740344,9918585983655,57227741294,48468768635,8758972659,0,24691134054469,credit,2026-08-29T13:19:53+09:00
2025-12-09,20251209,27333486723999,17414900740344,9918585983655,57227741294,48468768635,8758972659,0,24691134054469,credit,2026-09-03T10:06:27+09:00
2025-12-10,20251210,27406497424880,17451838514340,9954658910540,51456058387,42613803567,8842254820,0,24906442713867,credit,2026-08-29T13:19:53+09:00
2025-12-10,20251210,27406497424880,17451838514340,9954658910540,51456058387,42613803567,8842254820,0,24906442713867,credit,2026-09-03T10:06:27+09:00
2025-12-11,20251211,27391214965183,17389362908648,10001852056535,49265648293,40475857010,8789791283,0,24898634641910,credit,2026-08-29T13:19:53+09:00
2025-12-11,20251211,27391214965183,17389362908648,10001852056535,49265648293,40475857010,8789791283,0,24898634641910,credit,2026-09-03T10:06:27+09:00
2025-12-12,20251212,27379592478826,17340889404200,10038703074626,49903025405,41161696041,8741329364,0,24742338509070,credit,2026-08-29T13:19:53+09:00
2025-12-12,20251212,27379592478826,17340889404200,10038703074626,49903025405,41161696041,8741329364,0,24742338509070,credit,2026-09-03T10:06:27+09:00
2025-12-15,20251215,27418784394122,17353166215309,10065618178813,47850650050,39260553833,8590096217,0,24799249458561,credit,2026-08-29T13:19:53+09:00
2025-12-15,20251215,27418784394122,17353166215309,10065618178813,47850650050,39260553833,8590096217,0,24799249458561,credit,2026-09-03T10:06:27+09:00
2025-12-16,20251216,27337687290376,17271577459020,10066109831356,48783059599,40162080507,8620979092,0,24819130656559,credit,2026-08-29T13:19:53+09:00
2025-12-16,20251216,27337687290376,17271577459020,10066109831356,48783059599,40162080507,8620979092,0,24819130656559,credit,2026-09-03T10:06:27+09:00
2025-12-17,20251217,27528779409852,17389027045665,10139752364187,45994659851,37736506017,8258153834,0,24800627593924,credit,2026-08-29T13:19:53+09:00
2025-12-17,20251217,27528779409852,17389027045665,10139752364187,45994659851,37736506017,8258153834,0,24800627593924,credit,2026-09-03T10:06:27+09:00
2025-12-18,20251218,27344531864019,17264650847428,10079881016591,43003735799,35721992425,7281743374,0,24809428217748,credit,2026-08-29T13:19:53+09:00
2025-12-18,20251218,27344531864019,17264650847428,10079881016591,43003735799,35721992425,7281743374,0,24809428217748,credit,2026-09-03T10:06:27+09:00
2025-12-19,20251219,27266021376797,17213669488350,10052351888447,44547234255,37222139940,7325094315,0,24804408477728,credit,2026-08-29T13:19:53+09:00
2025-12-19,20251219,27266021376797,17213669488350,10052351888447,44547234255,37222139940,7325094315,0,24804408477728,credit,2026-09-03T10:06:27+09:00
2025-12-22,20251222,27243929555401,17207818578641,10036110976760,42762714704,34756785490,8005929214,0,24748010130558,credit,2026-08-29T13:19:53+09:00
2025-12-22,20251222,27243929555401,17207818578641,10036110976760,42762714704,34756785490,8005929214,0,24748010130558,credit,2026-09-03T10:06:27+09:00
2025-12-23,20251223,27265130963497,17231417740059,10033713223438,44241784409,35862156927,8379627482,0,24821865575024,credit,2026-08-29T13:19:53+09:00
2025-12-23,20251223,27265130963497,17231417740059,10033713223438,44241784409,35862156927,8379627482,0,24821865575024,credit,2026-09-03T10:06:27+09:00
2025-12-24,20251224,27270109787353,17197543644506,10072566142847,46112208183,36355067399,9757140784,0,24894220754810,credit,2026-08-29T13:19:53+09:00
2025-12-24,20251224,27270109787353,17197543644506,10072566142847,46112208183,36355067399,9757140784,0,24894220754810,credit,2026-09-03T10:06:27+09:00
2025-12-26,20251226,27247572464284,17131456547117,10116115917167,46669927098,36917235541,9752691557,0,24872412262467,credit,2026-08-29T13:19:53+09:00
2025-12-26,20251226,27247572464284,17131456547117,10116115917167,46669927098,36917235541,9752691557,0,24872412262467,credit,2026-09-03T10:06:27+09:00
2025-12-29,20251229,27294509596876,17167806892002,10126702704874,46074955236,36559640517,9515314719,0,24866773556375,credit,2026-08-29T13:19:53+09:00
2025-12-29,20251229,27294509596876,17167806892002,10126702704874,46074955236,36559640517,9515314719,0,24866773556375,credit,2026-09-03T10:06:27+09:00
2025-12-30,20251230,27299547528297,17136085976175,10163461552122,44425136206,34842236538,9582899668,0,24938420456211,credit,2026-08-29T13:19:53+09:00
2025-12-30,20251230,27299547528297,17136085976175,10163461552122,44425136206,34842236538,9582899668,0,24938420456211,credit,2026-09-03T10:06:27+09:00
2025-12-31,20251231,27286468717806,17126099133504,10160369584302,44425136206,34842236538,9582899668,0,24051075420154,credit,2026-08-29T13:19:53+09:00
2025-12-31,20251231,27286468717806,17126099133504,10160369584302,44425136206,34842236538,9582899668,0,24051075420154,credit,2026-09-03T10:06:27+09:00
2026-01-02,20260102,27420699989219,17235405871849,10185294117370,47131908421,36327454785,10804453636,0,24806212524096,credit,2026-08-29T13:19:53+09:00
2026-01-02,20260102,27420699989219,17235405871849,10185294117370,47131908421,36327454785,10804453636,0,24806212524096,credit,2026-09-03T10:06:27+09:00
2026-01-05,20260105,27622355966790,17419694707148,10202661259642,46331184585,35942313148,10388871437,0,25061050928624,credit,2026-08-29T13:19:53+09:00
2026-01-05,20260105,27622355966790,17419694707148,10202661259642,46331184585,35942313148,10388871437,0,25061050928624,credit,2026-09-03T10:06:27+09:00
2026-01-06,20260106,27796260879176,17590137715248,10206123163928,48273805945,37881746525,10392059420,0,25140232344628,credit,2026-08-29T13:19:53+09:00
2026-01-06,20260106,27796260879176,17590137715248,10206123163928,48273805945,37881746525,10392059420,0,25140232344628,credit,2026-09-03T10:06:27+09:00
2026-01-07,20260107,27870759450222,17593221365655,10277538084567,50745744116,41038655972,9707088144,0,25246372937958,credit,2026-08-29T13:19:53+09:00
2026-01-07,20260107,27870759450222,17593221365655,10277538084567,50745744116,41038655972,9707088144,0,25246372937958,credit,2026-09-03T10:06:27+09:00
2026-01-08,20260108,28190293782608,17864560553645,10325733228963,51079204795,41362678613,9716526182,0,25471207705850,credit,2026-08-29T13:19:53+09:00
2026-01-08,20260108,28190293782608,17864560553645,10325733228963,51079204795,41362678613,9716526182,0,25471207705850,credit,2026-09-03T10:06:27+09:00
2026-01-09,20260109,28349745102996,17941132799421,10408612303575,55530516750,45679299982,9851216768,0,25405189478019,credit,2026-08-29T13:19:53+09:00
2026-01-09,20260109,28349745102996,17941132799421,10408612303575,55530516750,45679299982,9851216768,0,25405189478019,credit,2026-09-03T10:06:27+09:00
2026-01-12,20260112,28522408155861,18116832706314,10405575449547,55150433647,46559061456,8591372191,0,25489776152477,credit,2026-08-29T13:19:53+09:00
2026-01-12,20260112,28522408155861,18116832706314,10405575449547,55150433647,46559061456,8591372191,0,25489776152477,credit,2026-09-03T10:06:27+09:00
2026-01-13,20260113,28657440501280,18266333110852,10391107390428,55198939069,46850736404,8348202665,0,25691419295840,credit,2026-08-29T13:19:53+09:00
2026-01-13,20260113,28657440501280,18266333110852,10391107390428,55198939069,46850736404,8348202665,0,25691419295840,credit,2026-09-03T10:06:27+09:00
2026-01-14,20260114,28599292878032,18198979011587,10400313866445,55043431430,47117842109,7925589321,0,25572544099388,credit,2026-08-29T13:19:53+09:00
2026-01-14,20260114,28599292878032,18198979011587,10400313866445,55043431430,47117842109,7925589321,0,25572544099388,credit,2026-09-03T10:06:27+09:00
2026-01-15,20260115,28745579709189,18290634971327,10454944737862,55422119449,47392128041,8029991408,0,25759047449310,credit,2026-08-29T13:19:53+09:00
2026-01-15,20260115,28745579709189,18290634971327,10454944737862,55422119449,47392128041,8029991408,0,25759047449310,credit,2026-09-03T10:06:27+09:00
2026-01-16,20260116,28933786329012,18447407612023,10486378716989,55601901195,47885344287,7716556908,0,25803527387945,credit,2026-08-29T13:19:53+09:00
2026-01-16,20260116,28933786329012,18447407612023,10486378716989,55601901195,47885344287,7716556908,0,25803527387945,credit,2026-09-03T10:06:27+09:00
2026-01-19,20260119,28995013826235,18472187611226,10522826215009,54171734969,46641934525,7529800444,0,25908298294520,credit,2026-08-29T13:19:53+09:00
2026-01-19,20260119,28995013826235,18472187611226,10522826215009,54171734969,46641934525,7529800444,0,25908298294520,credit,2026-09-03T10:06:27+09:00
2026-01-20,20260120,29058553508096,18551999142063,10506554366033,54239546666,46580366805,7659179861,0,26114853174397,credit,2026-08-29T13:19:53+09:00
2026-01-20,20260120,29058553508096,18551999142063,10506554366033,54239546666,46580366805,7659179861,0,26114853174397,credit,2026-09-03T10:06:27+09:00
2026-01-21,20260121,29082114229670,18509120790665,10572993439005,56611603775,48967281733,7644322042,0,26111469327224,credit,2026-08-29T13:19:53+09:00
2026-01-21,20260121,29082114229670,18509120790665,10572993439005,56611603775,48967281733,7644322042,0,26111469327224,credit,2026-09-03T10:06:27+09:00
2026-01-22,20260122,28925744707197,18452386261387,10473358445810,51272284705,44276914700,6995370005,0,26147970863172,credit,2026-08-29T13:19:53+09:00
2026-01-22,20260122,28925744707197,18452386261387,10473358445810,51272284705,44276914700,6995370005,0,26147970863172,credit,2026-09-03T10:06:27+09:00
2026-01-23,20260123,29055409795669,18599163093231,10456246702438,53725278915,46635154070,7090124845,0,25934005442819,credit,2026-08-29T13:19:53+09:00
2026-01-23,20260123,29055409795669,18599163093231,10456246702438,53725278915,46635154070,7090124845,0,25934005442819,credit,2026-09-03T10:06:27+09:00
2026-01-26,20260126,29346681797190,18862855887769,10483825909421,53757979356,46335842574,7422136782,0,26074106808014,credit,2026-08-29T13:19:53+09:00
2026-01-26,20260126,29346681797190,18862855887769,10483825909421,53757979356,46335842574,7422136782,0,26074106808014,credit,2026-09-03T10:06:27+09:00
2026-01-27,20260127,29244995928770,18784746923875,10460249004895,54147625723,45758939237,8388686486,0,26217066438433,credit,2026-08-29T13:19:53+09:00
2026-01-27,20260127,29244995928770,18784746923875,10460249004895,54147625723,45758939237,8388686486,0,26217066438433,credit,2026-09-03T10:06:27+09:00
2026-01-28,20260128,29596166281178,19151032919382,10445133361796,52074308160,42641633284,9432674876,0,26096823649481,credit,2026-08-29T13:19:53+09:00
2026-01-28,20260128,29596166281178,19151032919382,10445133361796,52074308160,42641633284,9432674876,0,26096823649481,credit,2026-09-03T10:06:27+09:00
2026-01-29,20260129,30092487373257,19592258930169,10500228443088,53105720429,43656077255,9449643174,0,26124828474784,credit,2026-08-29T13:19:53+09:00
2026-01-29,20260129,30092487373257,19592258930169,10500228443088,53105720429,43656077255,9449643174,0,26124828474784,credit,2026-09-03T10:06:27+09:00
2026-01-30,20260130,30277851070203,19854894101326,10422956968877,52027295328,42466384760,9560910568,0,26124341777208,credit,2026-08-29T13:19:53+09:00
2026-01-30,20260130,30277851070203,19854894101326,10422956968877,52027295328,42466384760,9560910568,0,26124341777208,credit,2026-09-03T10:06:27+09:00
2026-02-02,20260202,30473064379830,20098211255508,10374853124322,52364087871,42790838515,9573249356,0,26215336950294,credit,2026-08-29T13:19:53+09:00
2026-02-02,20260202,30473064379830,20098211255508,10374853124322,52364087871,42790838515,9573249356,0,26215336950294,credit,2026-09-03T10:06:27+09:00
2026-02-03,20260203,30539765815173,20268064907950,10271700907223,52260549150,43001721901,9258827249,0,26457724298502,credit,2026-08-29T13:19:53+09:00
2026-02-03,20260203,30539765815173,20268064907950,10271700907223,52260549150,43001721901,9258827249,0,26457724298502,credit,2026-09-03T10:06:27+09:00
2026-02-04,20260204,30935180040055,20623890645591,10311289394464,46004125334,37766651700,8237473634,0,26638490576396,credit,2026-08-29T13:19:53+09:00
2026-02-04,20260204,30935180040055,20623890645591,10311289394464,46004125334,37766651700,8237473634,0,26638490576396,credit,2026-09-03T10:06:27+09:00
2026-02-05,20260205,30786792477778,20466798642374,10319993835404,50454612784,42228450679,8226162105,0,26038299022133,credit,2026-08-29T13:19:53+09:00
2026-02-05,20260205,30786792477778,20466798642374,10319993835404,50454612784,42228450679,8226162105,0,26038299022133,credit,2026-09-03T10:06:27+09:00
2026-02-06,20260206,31099494781432,20668012731552,10431482049880,49842286263,41900582357,7941703906,0,26223893033545,credit,2026-08-29T13:19:53+09:00
2026-02-06,20260206,31099494781432,20668012731552,10431482049880,49842286263,41900582357,7941703906,0,26223893033545,credit,2026-09-03T10:06:27+09:00
2026-02-09,20260209,31607697744141,21182941845929,10424755898212,47244209958,40026473107,7217736851,0,26678322756211,credit,2026-08-29T13:19:53+09:00
2026-02-09,20260209,31607697744141,21182941845929,10424755898212,47244209958,40026473107,7217736851,0,26678322756211,credit,2026-09-03T10:06:27+09:00
2026-02-10,20260210,31560720423010,21185393398365,10375327024645,42447974064,35923005686,6524968378,0,26438216580552,credit,2026-08-29T13:19:53+09:00
2026-02-10,20260210,31560720423010,21185393398365,10375327024645,42447974064,35923005686,6524968378,0,26438216580552,credit,2026-09-03T10:06:27+09:00
2026-02-11,20260211,31318009701506,20918415937273,10399593764233,44492069521,37403476838,7088592683,0,25790246956331,credit,2026-08-29T13:19:53+09:00
2026-02-11,20260211,31318009701506,20918415937273,10399593764233,44492069521,37403476838,7088592683,0,25790246956331,credit,2026-09-03T10:06:27+09:00
2026-02-12,20260212,31466410129187,20960376331968,10506033797219,46775308555,39520264076,7255044479,0,25807248039659,credit,2026-08-29T13:19:53+09:00
2026-02-12,20260212,31466410129187,20960376331968,10506033797219,46775308555,39520264076,7255044479,0,25807248039659,credit,2026-09-03T10:06:27+09:00
2026-02-13,20260213,31476674210795,20942212099445,10534462111350,49414497487,42330305816,7084191671,0,25838623709942,credit,2026-08-29T13:19:53+09:00
2026-02-13,20260213,31476674210795,20942212099445,10534462111350,49414497487,42330305816,7084191671,0,25838623709942,credit,2026-09-03T10:06:27+09:00
2026-02-19,20260219,31593228837518,20944447798137,10648781039381,47974472028,41078847986,6895624042,0,25702226240729,credit,2026-08-29T13:19:53+09:00
2026-02-19,20260219,31593228837518,20944447798137,10648781039381,47974472028,41078847986,6895624042,0,25702226240729,credit,2026-09-03T10:06:27+09:00
2026-02-20,20260220,31638448107715,20977105393294,10661342714421,46149947312,39425872804,6724074508,0,25922730382282,credit,2026-08-29T13:19:53+09:00
2026-02-20,20260220,31638448107715,20977105393294,10661342714421,46149947312,39425872804,6724074508,0,25922730382282,credit,2026-09-03T10:06:27+09:00
2026-02-23,20260223,31712324950941,21121450205826,10590874745115,47994099236,40467157747,7526941489,0,25739862091390,credit,2026-08-29T13:19:53+09:00
2026-02-23,20260223,31712324950941,21121450205826,10590874745115,47994099236,40467157747,7526941489,0,25739862091390,credit,2026-09-03T10:06:27+09:00
2026-02-24,20260224,31960207537453,21279520319404,10680687218049,49136216024,41620978932,7515237092,0,26426051685706,credit,2026-08-29T13:19:53+09:00
2026-02-24,20260224,31960207537453,21279520319404,10680687218049,49136216024,41620978932,7515237092,0,26426051685706,credit,2026-09-03T10:06:27+09:00
2026-02-25,20260225,32134039989845,21399130397625,10734909592220,49217107596,41723160247,7493947349,0,26249394509125,credit,2026-08-29T13:19:53+09:00
2026-02-25,20260225,32134039989845,21399130397625,10734909592220,49217107596,41723160247,7493947349,0,26249394509125,credit,2026-09-03T10:06:27+09:00
2026-02-26,20260226,32368487761325,21496796246991,10871691514334,50268585632,42870666102,7397919530,0,26361958029742,credit,2026-08-29T13:19:53+09:00
2026-02-26,20260226,32368487761325,21496796246991,10871691514334,50268585632,42870666102,7397919530,0,26361958029742,credit,2026-09-03T10:06:27+09:00
2026-02-27,20260227,32668983223281,21672789862760,10996193360521,50718619910,43664232587,7054387323,0,26328385997268,credit,2026-08-29T13:19:53+09:00
2026-02-27,20260227,32668983223281,21672789862760,10996193360521,50718619910,43664232587,7054387323,0,26328385997268,credit,2026-09-03T10:06:27+09:00
2026-03-03,20260303,32804072527792,21778076649618,11025995878174,51978811613,45411173990,6567637623,0,26603634595048,credit,2026-08-29T13:19:53+09:00
2026-03-03,20260303,32804072527792,21778076649618,11025995878174,51978811613,45411173990,6567637623,0,26603634595048,credit,2026-09-03T10:06:27+09:00
2026-03-04,20260304,33197790532216,22231203818379,10966586713837,50315428666,44080441064,6234987602,0,27162712942002,credit,2026-08-29T13:19:53+09:00
2026-03-04,20260304,33197790532216,22231203818379,10966586713837,50315428666,44080441064,6234987602,0,27162712942002,credit,2026-09-03T10:06:27+09:00
2026-03-05,20260305,33694520525696,22815279083627,10879241442069,44672499138,39498824870,5173674268,0,28084542421246,credit,2026-08-29T13:19:53+09:00
2026-03-05,20260305,33694520525696,22815279083627,10879241442069,44672499138,39498824870,5173674268,0,28084542421246,credit,2026-09-03T10:06:27+09:00
2026-03-06,20260306,32789896293077,22348354351376,10441541941701,33840319249,30242636848,3597682401,0,27674122652573,credit,2026-08-29T13:19:53+09:00
2026-03-06,20260306,32789896293077,22348354351376,10441541941701,33840319249,30242636848,3597682401,0,27674122652573,credit,2026-09-03T10:06:27+09:00
2026-03-09,20260309,31690507948465,21562346684208,10128161264257,40837762058,35790093407,5047668651,0,25679555717907,credit,2026-08-29T13:19:53+09:00
2026-03-09,20260309,31690507948465,21562346684208,10128161264257,40837762058,35790093407,5047668651,0,25679555717907,credit,2026-09-03T10:06:27+09:00
2026-03-10,20260310,31803316728210,21631563736887,10171752991323,39137690293,34450566633,4687123660,0,25946411805743,credit,2026-08-29T13:19:53+09:00
2026-03-10,20260310,31803316728210,21631563736887,10171752991323,39137690293,34450566633,4687123660,0,25946411805743,credit,2026-09-03T10:06:27+09:00
2026-03-11,20260311,31758385217110,21609005446303,10149379770807,41600675707,37588933557,4011742150,0,26252211283972,credit,2026-08-29T13:19:53+09:00
2026-03-11,20260311,31758385217110,21609005446303,10149379770807,41600675707,37588933557,4011742150,0,26252211283972,credit,2026-09-03T10:06:27+09:00
2026-03-12,20260312,32141942312947,21821251938451,10320690374496,41684307444,37298029957,4386277487,0,25922736720448,credit,2026-08-29T13:19:53+09:00
2026-03-12,20260312,32141942312947,21821251938451,10320690374496,41684307444,37298029957,4386277487,0,25922736720448,credit,2026-09-03T10:06:27+09:00
2026-03-13,20260313,32683362117534,22185649106197,10497713011337,41064006631,36733300009,4330706622,0,25985351135024,credit,2026-08-29T13:19:53+09:00
2026-03-13,20260313,32683362117534,22185649106197,10497713011337,41064006631,36733300009,4330706622,0,25985351135024,credit,2026-09-03T10:06:27+09:00
2026-03-16,20260316,33219147414881,22620777696057,10598369718824,37034238607,32674926464,4359312143,0,25882090450417,credit,2026-08-29T13:19:53+09:00
2026-03-16,20260316,33219147414881,22620777696057,10598369718824,37034238607,32674926464,4359312143,0,25882090450417,credit,2026-09-03T10:06:27+09:00
2026-03-17,20260317,33331617393901,22706497666130,10625119727771,36858352135,32052767298,4805584837,0,26044706602008,credit,2026-08-29T13:19:53+09:00
2026-03-17,20260317,33331617393901,22706497666130,10625119727771,36858352135,32052767298,4805584837,0,26044706602008,credit,2026-09-03T10:06:27+09:00
2026-03-18,20260318,33487588652176,22846033897185,10641554754991,35407855311,30946321570,4461533741,0,26188632855230,credit,2026-08-29T13:19:53+09:00
2026-03-18,20260318,33487588652176,22846033897185,10641554754991,35407855311,30946321570,4461533741,0,26188632855230,credit,2026-09-03T10:06:27+09:00
2026-03-19,20260319,33307626224145,22691396703203,10616229520942,34239317306,29853800017,4385517289,0,25837579788906,credit,2026-08-29T13:19:53+09:00
2026-03-19,20260319,33307626224145,22691396703203,10616229520942,34239317306,29853800017,4385517289,0,25837579788906,credit,2026-09-03T10:06:27+09:00
2026-03-20,20260320,33255007844690,22616375296835,10638632547855,37000999183,32351783574,4649215609,0,25907368460539,credit,2026-08-29T13:19:53+09:00
2026-03-20,20260320,33255007844690,22616375296835,10638632547855,37000999183,32351783574,4649215609,0,25907368460539,credit,2026-09-03T10:06:27+09:00
2026-03-23,20260323,33348618110027,22725035987789,10623582122238,37264577316,33006045632,4258531684,0,26107959413863,credit,2026-08-29T13:19:53+09:00
2026-03-23,20260323,33348618110027,22725035987789,10623582122238,37264577316,33006045632,4258531684,0,26107959413863,credit,2026-09-03T10:06:27+09:00
2026-03-24,20260324,33421854825372,22845615348434,10576239476938,36435554872,32013323617,4422231255,0,26247257255012,credit,2026-08-29T13:19:53+09:00
2026-03-24,20260324,33421854825372,22845615348434,10576239476938,36435554872,32013323617,4422231255,0,26247257255012,credit,2026-09-03T10:06:27+09:00
2026-03-25,20260325,33028523847291,22634659482939,10393864364352,31501310195,27264295148,4237015047,0,26268881786824,credit,2026-08-29T13:19:53+09:00
2026-03-25,20260325,33028523847291,22634659482939,10393864364352,31501310195,27264295148,4237015047,0,26268881786824,credit,2026-09-03T10:06:27+09:00
2026-03-26,20260326,32752416029751,22447925722348,10304490307403,35229236025,30426296070,4802939955,0,25774976229264,credit,2026-08-29T13:19:53+09:00
2026-03-26,20260326,32752416029751,22447925722348,10304490307403,35229236025,30426296070,4802939955,0,25774976229264,credit,2026-09-03T10:06:27+09:00
2026-03-27,20260327,32784473870230,22456118501951,10328355368279,37313253506,31942659891,5370593615,0,25748838432625,credit,2026-08-29T13:19:53+09:00
2026-03-27,20260327,32784473870230,22456118501951,10328355368279,37313253506,31942659891,5370593615,0,25748838432625,credit,2026-09-03T10:06:27+09:00
2026-03-30,20260330,32601762932328,22284735998871,10317026933457,36820424379,31457532789,5362891590,0,25594864515511,credit,2026-08-29T13:19:53+09:00
2026-03-30,20260330,32601762932328,22284735998871,10317026933457,36820424379,31457532789,5362891590,0,25594864515511,credit,2026-09-03T10:06:27+09:00
2026-03-31,20260331,32922615361220,22559681659138,10362933702082,37388982723,32174743628,5214239095,0,25676886793041,credit,2026-08-29T13:19:53+09:00
2026-03-31,20260331,32922615361220,22559681659138,10362933702082,37388982723,32174743628,5214239095,0,25676886793041,credit,2026-09-03T10:06:27+09:00
2026-04-01,20260401,32981021499785,22609405692259,10371615807526,36076508085,30953992824,5122515261,0,25966683674573,credit,2026-08-29T13:19:53+09:00
2026-04-01,20260401,32981021499785,22609405692259,10371615807526,36076508085,30953992824,5122515261,0,25966683674573,credit,2026-09-03T10:06:27+09:00
2026-04-02,20260402,32725505931397,22506384326532,10219121604865,31566028194,26681464826,4884563368,0,26224496292336,credit,2026-08-29T13:19:53+09:00
2026-04-02,20260402,32725505931397,22506384326532,10219121604865,31566028194,26681464826,4884563368,0,26224496292336,credit,2026-09-03T10:06:27+09:00
2026-04-03,20260403,32443983077244,22278862577494,10165120499750,37238210885,32349822166,4888388719,0,25296761683046,credit,2026-08-29T13:19:53+09:00
2026-04-03,20260403,32443983077244,22278862577494,10165120499750,37238210885,32349822166,4888388719,0,25296761683046,credit,2026-09-03T10:06:27+09:00
2026-04-06,20260406,32845901732020,22643583304245,10202318427775,34745412134,29932561532,4812850602,0,25523014963049,credit,2026-08-29T13:19:53+09:00
2026-04-06,20260406,32845901732020,22643583304245,10202318427775,34745412134,29932561532,4812850602,0,25523014963049,credit,2026-09-03T10:06:27+09:00
2026-04-07,20260407,32657680996840,22468638599873,10189042396967,37576131254,32641806499,4934324755,0,25391935565884,credit,2026-08-29T13:19:53+09:00
2026-04-07,20260407,32657680996840,22468638599873,10189042396967,37576131254,32641806499,4934324755,0,25391935565884,credit,2026-09-03T10:06:27+09:00
2026-04-08,20260408,32730005272987,22573506151821,10156499121166,37324522333,32469150883,4855371450,0,25435315356199,credit,2026-08-29T13:19:53+09:00
2026-04-08,20260408,32730005272987,22573506151821,10156499121166,37324522333,32469150883,4855371450,0,25435315356199,credit,2026-09-03T10:06:27+09:00
2026-04-09,20260409,32720017477029,22636117423767,10083900053262,37545863631,32752142203,4793721428,0,25856913053385,credit,2026-08-29T13:19:53+09:00
2026-04-09,20260409,32720017477029,22636117423767,10083900053262,37545863631,32752142203,4793721428,0,25856913053385,credit,2026-09-03T10:06:27+09:00
2026-04-10,20260410,32901430566583,22750606384358,10150824182225,40802955337,35863643793,4939311544,0,25721892876956,credit,2026-08-29T13:19:53+09:00
2026-04-10,20260410,32901430566583,22750606384358,10150824182225,40802955337,35863643793,4939311544,0,25721892876956,credit,2026-09-03T10:06:27+09:00
2026-04-13,20260413,33216817750669,22986628366977,10230189383692,37720778425,33736918068,3983860357,0,24994152916531,credit,2026-08-29T13:19:53+09:00
2026-04-13,20260413,33216817750669,22986628366977,10230189383692,37720778425,33736918068,3983860357,0,24994152916531,credit,2026-09-03T10:06:27+09:00
2026-04-14,20260414,33282445499233,23040601502173,10241843997060,37126458669,33223057527,3903401142,0,24911978833327,credit,2026-08-29T13:19:53+09:00
2026-04-14,20260414,33282445499233,23040601502173,10241843997060,37126458669,33223057527,3903401142,0,24911978833327,credit,2026-09-03T10:06:27+09:00
2026-04-15,20260415,33356677529779,23096979084461,10259698445318,38360065370,34185588327,4174477043,0,25185591106372,credit,2026-08-29T13:19:53+09:00
2026-04-15,20260415,33356677529779,23096979084461,10259698445318,38360065370,34185588327,4174477043,0,25185591106372,credit,2026-09-03T10:06:27+09:00
2026-04-16,20260416,33872266472957,23425866835315,10446399637642,38616082067,34445719102,4170362965,0,25043656687323,credit,2026-08-29T13:19:53+09:00
2026-04-16,20260416,33872266472957,23425866835315,10446399637642,38616082067,34445719102,4170362965,0,25043656687323,credit,2026-09-03T10:06:27+09:00
2026-04-17,20260417,34027932300114,23509583134817,10518349165297,41514049882,37139863684,4374186198,0,24931955078389,credit,2026-08-29T13:19:53+09:00
2026-04-17,20260417,34027932300114,23509583134817,10518349165297,41514049882,37139863684,4374186198,0,24931955078389,credit,2026-09-03T10:06:27+09:00
2026-04-20,20260420,34259238003443,23625639971919,10633598031524,45554244923,40484623123,5069621800,0,24850981525247,credit,2026-08-29T13:19:53+09:00
2026-04-20,20260420,34259238003443,23625639971919,10633598031524,45554244923,40484623123,5069621800,0,24850981525247,credit,2026-09-03T10:06:27+09:00
2026-04-21,20260421,34694634743688,23994977719069,10699657024619,45414239535,40222551752,5191687783,0,25048440601987,credit,2026-08-29T13:19:53+09:00
2026-04-21,20260421,34694634743688,23994977719069,10699657024619,45414239535,40222551752,5191687783,0,25048440601987,credit,2026-09-03T10:06:27+09:00
2026-04-22,20260422,34810688974881,24058498613014,10752190361867,46782938746,40942647111,5840291635,0,25107235584565,credit,2026-08-29T13:19:53+09:00
2026-04-22,20260422,34810688974881,24058498613014,10752190361867,46782938746,40942647111,5840291635,0,25107235584565,credit,2026-09-03T10:06:27+09:00
2026-04-23,20260423,35079918450404,24243090433837,10836828016567,49415346239,43468601682,5946744557,0,25311615911187,credit,2026-08-29T13:19:53+09:00
2026-04-23,20260423,35079918450404,24243090433837,10836828016567,49415346239,43468601682,5946744557,0,25311615911187,credit,2026-09-03T10:06:27+09:00
2026-04-24,20260424,35463008995056,24579344692038,10883664303018,48509310397,42822445776,5686864621,0,25287310515157,credit,2026-08-29T13:19:53+09:00
2026-04-24,20260424,35463008995056,24579344692038,10883664303018,48509310397,42822445776,5686864621,0,25287310515157,credit,2026-09-03T10:06:27+09:00
2026-04-27,20260427,35537755334916,24652710087491,10885045247425,47436065401,42071181483,5364883918,0,25415695180313,credit,2026-08-29T13:19:53+09:00
2026-04-27,20260427,35537755334916,24652710087491,10885045247425,47436065401,42071181483,5364883918,0,25415695180313,credit,2026-09-03T10:06:27+09:00
2026-04-28,20260428,35689654782451,24811639086470,10878015695981,47536337347,41406087594,6130249753,0,25434888987406,credit,2026-08-29T13:19:53+09:00
2026-04-28,20260428,35689654782451,24811639086470,10878015695981,47536337347,41406087594,6130249753,0,25434888987406,credit,2026-09-03T10:06:27+09:00
2026-04-29,20260429,36068249706390,25017693277565,11050556428825,50596321666,44127577124,6468744542,0,25171986020775,credit,2026-08-29T13:19:53+09:00
2026-04-29,20260429,36068249706390,25017693277565,11050556428825,50596321666,44127577124,6468744542,0,25171986020775,credit,2026-09-03T10:06:27+09:00
2026-04-30,20260430,35713079332408,24683556976192,11029522356216,50072013061,44174321441,5897691620,0,25291961216682,credit,2026-08-29T13:19:53+09:00
2026-04-30,20260430,35713079332408,24683556976192,11029522356216,50072013061,44174321441,5897691620,0,25291961216682,credit,2026-09-03T10:06:27+09:00
2026-05-04,20260504,35838918888636,24816911782359,11022007106277,50723613349,44858671040,5864942309,0,25507472756385,credit,2026-08-29T13:19:53+09:00
2026-05-04,20260504,35838918888636,24816911782359,11022007106277,50723613349,44858671040,5864942309,0,25507472756385,credit,2026-09-03T10:06:27+09:00
2026-05-06,20260506,35429767865398,24500853039164,10928914826234,49775105347,44127318465,5647786882,0,25636717469206,credit,2026-08-29T13:19:53+09:00
2026-05-06,20260506,35429767865398,24500853039164,10928914826234,49775105347,44127318465,5647786882,0,25636717469206,credit,2026-09-03T10:06:27+09:00
2026-05-07,20260507,35507186768449,24553058990376,10954127778073,54247175052,48466570050,5780605002,0,25419631281196,credit,2026-08-29T13:19:53+09:00
2026-05-07,20260507,35507186768449,24553058990376,10954127778073,54247175052,48466570050,5780605002,0,25419631281196,credit,2026-09-03T10:06:27+09:00
2026-05-08,20260508,35950017945780,24942683284860,11007334660920,58321129619,52207009821,6114119798,0,25685928400232,credit,2026-08-29T13:19:53+09:00
2026-05-08,20260508,35950017945780,24942683284860,11007334660920,58321129619,52207009821,6114119798,0,25685928400232,credit,2026-09-03T10:06:27+09:00
2026-05-11,20260511,35998500278625,25046079082391,10952421196234,52872278547,46955678749,5916599798,0,25857514380683,credit,2026-08-29T13:19:53+09:00
2026-05-11,20260511,35998500278625,25046079082391,10952421196234,52872278547,46955678749,5916599798,0,25857514380683,credit,2026-09-03T10:06:27+09:00
2026-05-12,20260512,36267738480504,25403831467868,10863907012636,50447232852,44547507264,5899725588,0,26480311998924,credit,2026-08-29T13:19:53+09:00
2026-05-12,20260512,36267738480504,25403831467868,10863907012636,50447232852,44547507264,5899725588,0,26480311998924,credit,2026-09-03T10:06:27+09:00
2026-05-13,20260513,36074004688899,25313547485934,10760457202965,54625563997,48367424262,6258139735,0,25919933963482,credit,2026-08-29T13:19:53+09:00
2026-05-13,20260513,36074004688899,25313547485934,10760457202965,54625563997,48367424262,6258139735,0,25919933963482,credit,2026-09-03T10:06:27+09:00
2026-05-14,20260514,36469784181249,25826780636835,10643003544414,52896306723,46918038719,5978268004,0,26329966589971,credit,2026-08-29T13:19:53+09:00
2026-05-14,20260514,36469784181249,25826780636835,10643003544414,52896306723,46918038719,5978268004,0,26329966589971,credit,2026-09-03T10:06:27+09:00
2026-05-15,20260515,36567515766861,25987572471206,10579943295655,55297933058,47282201502,8015731556,0,26364517020280,credit,2026-08-29T13:19:53+09:00
2026-05-15,20260515,36567515766861,25987572471206,10579943295655,55297933058,47282201502,8015731556,0,26364517020280,credit,2026-09-03T10:06:27+09:00
2026-05-18,20260518,36396654807706,25899488147046,10497166660660,49069277753,43796570511,5272707242,0,25929748215871,credit,2026-08-29T13:19:53+09:00
2026-05-18,20260518,36396654807706,25899488147046,10497166660660,49069277753,43796570511,5272707242,0,25929748215871,credit,2026-09-03T10:06:27+09:00
2026-05-19,20260519,35856069994749,25523373679129,10332696315620,44846504519,39874643451,4971861068,0,26534193054687,credit,2026-08-29T13:19:53+09:00
2026-05-19,20260519,35856069994749,25523373679129,10332696315620,44846504519,39874643451,4971861068,0,26534193054687,credit,2026-09-03T10:06:27+09:00
2026-05-20,20260520,36237023955108,26003623520212,10233400434896,43919883606,39188638670,4731244936,0,26052924750162,credit,2026-08-29T13:19:53+09:00
2026-05-20,20260520,36237023955108,26003623520212,10233400434896,43919883606,39188638670,4731244936,0,26052924750162,credit,2026-09-03T10:06:27+09:00
2026-05-21,20260521,36472379984611,26364441741364,10107938243247,39910024992,35743530815,4166494177,0,26326552957680,credit,2026-08-29T13:19:53+09:00
2026-05-21,20260521,36472379984611,26364441741364,10107938243247,39910024992,35743530815,4166494177,0,26326552957680,credit,2026-09-03T10:06:27+09:00
2026-05-22,20260522,36355523790561,26419905359791,9935618430770,40509722250,36058594045,4451128205,0,25729841642693,credit,2026-08-29T13:19:53+09:00
2026-05-22,20260522,36355523790561,26419905359791,9935618430770,40509722250,36058594045,4451128205,0,25729841642693,credit,2026-09-03T10:06:27+09:00
2026-05-26,20260526,36254787225201,26399276257919,9855510967282,43254104437,38523866109,4730238328,0,25281661746506,credit,2026-08-29T13:19:53+09:00
2026-05-26,20260526,36254787225201,26399276257919,9855510967282,43254104437,38523866109,4730238328,0,25281661746506,credit,2026-09-03T10:06:27+09:00
2026-05-27,20260527,36690035595782,26833715783505,9856319812277,42396930637,36999132503,5397798134,0,25803160120438,credit,2026-08-29T13:19:53+09:00
2026-05-27,20260527,36690035595782,26833715783505,9856319812277,42396930637,36999132503,5397798134,0,25803160120438,credit,2026-09-03T10:06:27+09:00
2026-05-28,20260528,37068718302686,27184083412317,9884634890369,44014899850,38831532648,5183367202,0,26190119467995,credit,2026-08-29T13:19:53+09:00
2026-05-28,20260528,37068718302686,27184083412317,9884634890369,44014899850,38831532648,5183367202,0,26190119467995,credit,2026-09-03T10:06:27+09:00
2026-05-29,20260529,38022681186997,28024472183715,9998209003282,43642495408,39213396291,4429099117,0,26317823752045,credit,2026-08-29T13:19:53+09:00
2026-05-29,20260529,38022681186997,28024472183715,9998209003282,43642495408,39213396291,4429099117,0,26317823752045,credit,2026-09-03T10:06:27+09:00
2026-06-01,20260601,37681169012568,27845646964731,9835522047837,46368114012,42406048095,3962065917,0,26211625267656,credit,2026-08-29T13:19:53+09:00
2026-06-01,20260601,37681169012568,27845646964731,9835522047837,46368114012,42406048095,3962065917,0,26211625267656,credit,2026-09-03T10:06:27+09:00
2026-06-02,20260602,37709127797209,27924184996961,9784942800248,46177290684,42243859253,3933431431,0,26216206003359,credit,2026-08-29T13:19:53+09:00
2026-06-02,20260602,37709127797209,27924184996961,9784942800248,46177290684,42243859253,3933431431,0,26216206003359,credit,2026-09-03T10:06:27+09:00
2026-06-04,20260604,37737597263499,28031687360007,9705909903492,51336358965,47351913530,3984445435,0,26402453809983,credit,2026-08-29T13:19:53+09:00
2026-06-04,20260604,37737597263499,28031687360007,9705909903492,51336358965,47351913530,3984445435,0,26402453809983,credit,2026-09-03T10:06:27+09:00
2026-06-05,20260605,37838377028572,28273481706124,9564895322448,46310315465,41256615046,5053700419,0,26243311924300,credit,2026-08-29T13:19:53+09:00
2026-06-05,20260605,37838377028572,28273481706124,9564895322448,46310315465,41256615046,5053700419,0,26243311924300,credit,2026-09-03T10:06:27+09:00
2026-06-08,20260608,37790395509286,28326449838864,9463945670422,42638090942,37033010174,5605080768,0,26550968770940,credit,2026-08-29T13:19:53+09:00
2026-06-08,20260608,37790395509286,28326449838864,9463945670422,42638090942,37033010174,5605080768,0,26550968770940,credit,2026-09-03T10:06:27+09:00
2026-06-09,20260609,37929018197364,28573168903558,9355849293806,38193051112,34211759173,3981291939,0,26292257394228,credit,2026-08-29T13:19:53+09:00
2026-06-09,20260609,37929018197364,28573168903558,9355849293806,38193051112,34211759173,3981291939,0,26292257394228,credit,2026-09-03T10:06:27+09:00
2026-06-10,20260610,36773648501144,27807841421917,8965807079227,34808373389,31287923417,3520449972,0,26048684764093,credit,2026-08-29T13:19:53+09:00
2026-06-10,20260610,36773648501144,27807841421917,8965807079227,34808373389,31287923417,3520449972,0,26048684764093,credit,2026-09-03T10:06:27+09:00
2026-06-11,20260611,36656473947759,27874378277524,8782095670235,38886286251,33952280604,4934005647,0,24672892806703,credit,2026-08-29T13:19:53+09:00
2026-06-11,20260611,36656473947759,27874378277524,8782095670235,38886286251,33952280604,4934005647,0,24672892806703,credit,2026-09-03T10:06:27+09:00
2026-06-12,20260612,36879281404818,28110835672027,8768445732791,36301633938,31922823600,4378810338,0,25420553437498,credit,2026-08-29T13:19:53+09:00
2026-06-12,20260612,36879281404818,28110835672027,8768445732791,36301633938,31922823600,4378810338,0,25420553437498,credit,2026-09-03T10:06:27+09:00
2026-06-15,20260615,37076953551481,28296079137991,8780874413490,30999942586,26437107811,4562834775,0,25097916526355,credit,2026-08-29T13:19:53+09:00
2026-06-15,20260615,37076953551481,28296079137991,8780874413490,30999942586,26437107811,4562834775,0,25097916526355,credit,2026-09-03T10:06:27+09:00
2026-06-16,20260616,37385631731992,28531116206824,8854515525168,35691230560,30961224019,4730006541,0,25290135990617,credit,2026-08-29T13:19:53+09:00
2026-06-16,20260616,37385631731992,28531116206824,8854515525168,35691230560,30961224019,4730006541,0,25290135990617,credit,2026-09-03T10:06:27+09:00
2026-06-17,20260617,37800525142540,28843288957436,8957236185104,43216711055,38471156703,4745554352,0,25280087262686,credit,2026-08-29T13:19:53+09:00
2026-06-17,20260617,37800525142540,28843288957436,8957236185104,43216711055,38471156703,4745554352,0,25280087262686,credit,2026-09-03T10:06:27+09:00
2026-06-18,20260618,37979688034523,28927467236850,9052220797673,40700066340,36314028100,4386038240,0,25570728888067,credit,2026-08-29T13:19:53+09:00
2026-06-18,20260618,37979688034523,28927467236850,9052220797673,40700066340,36314028100,4386038240,0,25570728888067,credit,2026-09-03T10:06:27+09:00
2026-06-19,20260619,38478688096549,29397728249203,9080959847346,38454491597,34136174063,4318317534,0,26026160193516,credit,2026-08-29T13:19:53+09:00
2026-06-19,20260619,38478688096549,29397728249203,9080959847346,38454491597,34136174063,4318317534,0,26026160193516,credit,2026-09-03T10:06:27+09:00
2026-06-22,20260622,38531190501282,29470718186628,9060472314654,39529714351,35456871649,4072842702,0,25950087345850,credit,2026-08-29T13:19:53+09:00
2026-06-22,20260622,38531190501282,29470718186628,9060472314654,39529714351,35456871649,4072842702,0,25950087345850,credit,2026-09-03T10:06:27+09:00
2026-06-23,20260623,38093621720164,29133243452324,8960378267840,39435147132,35532956334,3902190798,0,26053307870866,credit,2026-08-29T13:19:53+09:00
2026-06-23,20260623,38093621720164,29133243452324,8960378267840,39435147132,35532956334,3902190798,0,26053307870866,credit,2026-09-03T10:06:27+09:00
2026-06-24,20260624,38632823910662,29754262867284,8878561043378,38411887656,33964606868,4447280788,0,26346187099893,credit,2026-08-29T13:19:53+09:00
2026-06-24,20260624,38632823910662,29754262867284,8878561043378,38411887656,33964606868,4447280788,0,26346187099893,credit,2026-09-03T10:06:27+09:00
2026-06-25,20260625,38048380742932,29389385521139,8658995221793,31651296414,28151300726,3499995688,0,26162923377267,credit,2026-08-29T13:19:53+09:00
2026-06-25,20260625,38048380742932,29389385521139,8658995221793,31651296414,28151300726,3499995688,0,26162923377267,credit,2026-09-03T10:06:27+09:00
2026-06-26,20260626,37761575967001,29329631680921,8431944286080,34700106962,30272258404,4427848558,0,25459897730782,credit,2026-08-29T13:19:53+09:00
2026-06-26,20260626,37761575967001,29329631680921,8431944286080,34700106962,30272258404,4427848558,0,25459897730782,credit,2026-09-03T10:06:27+09:00
2026-06-29,20260629,37807006189272,29425398548612,8381607640660,37048514791,32823116641,4225398150,0,25181087654047,credit,2026-08-29T13:19:53+09:00
2026-06-29,20260629,37807006189272,29425398548612,8381607640660,37048514791,32823116641,4225398150,0,25181087654047,credit,2026-09-03T10:06:27+09:00
2026-06-30,20260630,37328228228593,29234568495866,8093659732727,31659269374,27991244205,3668025169,0,25494840131379,credit,2026-08-29T13:19:53+09:00
2026-06-30,20260630,37328228228593,29234568495866,8093659732727,31659269374,27991244205,3668025169,0,25494840131379,credit,2026-09-03T10:06:27+09:00
2026-07-01,20260701,37339343195373,29338829136766,8000514058607,35077375123,30697957722,4379417401,0,25042031667773,credit,2026-08-29T13:19:53+09:00
2026-07-01,20260701,37339343195373,29338829136766,8000514058607,35077375123,30697957722,4379417401,0,25042031667773,credit,2026-09-03T10:06:27+09:00
2026-07-02,20260702,37718682734912,29634400917254,8084281817658,34890755441,30354007214,4536748227,0,25004481405692,credit,2026-08-29T13:19:53+09:00
2026-07-02,20260702,37718682734912,29634400917254,8084281817658,34890755441,30354007214,4536748227,0,25004481405692,credit,2026-09-03T10:06:27+09:00
2026-07-03,20260703,37792210982703,29677370386441,8114840596262,37344500611,32910247019,4434253592,0,24914752858859,credit,2026-08-29T13:19:53+09:00
2026-07-03,20260703,37792210982703,29677370386441,8114840596262,37344500611,32910247019,4434253592,0,24914752858859,credit,2026-09-03T10:06:27+09:00
2026-07-06,20260706,37660002107664,29561210325739,8098791781925,34926600574,31155376721,3771223853,0,25285095551754,credit,2026-08-29T13:19:53+09:00
2026-07-06,20260706,37660002107664,29561210325739,8098791781925,34926600574,31155376721,3771223853,0,25285095551754,credit,2026-09-03T10:06:27+09:00
2026-07-07,20260707,37065395804159,29074972685576,7990423118583,32838253537,29109921003,3728332534,0,24357515988799,credit,2026-08-29T13:19:53+09:00
2026-07-07,20260707,37065395804159,29074972685576,7990423118583,32838253537,29109921003,3728332534,0,24357515988799,credit,2026-09-03T10:06:27+09:00
2026-07-08,20260708,37199867440302,29239165491972,7960701948330,30961835449,27544148512,3417686937,0,24705070372938,credit,2026-08-29T13:19:53+09:00
2026-07-08,20260708,37199867440302,29239165491972,7960701948330,30961835449,27544148512,3417686937,0,24705070372938,credit,2026-09-03T10:06:27+09:00
2026-07-09,20260709,36633640504452,28837404979561,7796235524891,27897150881,23808057269,4089093612,0,25223393125547,credit,2026-08-29T13:19:53+09:00
2026-07-09,20260709,36633640504452,28837404979561,7796235524891,27897150881,23808057269,4089093612,0,25223393125547,credit,2026-09-03T10:06:27+09:00
2026-07-10,20260710,35573982837846,28019641694041,7554341143805,25459682135,21695005970,3764676165,0,25237584786712,credit,2026-08-29T13:19:53+09:00
2026-07-10,20260710,35573982837846,28019641694041,7554341143805,25459682135,21695005970,3764676165,0,25237584786712,credit,2026-09-03T10:06:27+09:00
2026-07-13,20260713,34788619295735,27447168218341,7341451077394,24199975256,21049406596,3150568660,0,24872257864714,credit,2026-08-29T13:19:53+09:00
2026-07-13,20260713,34788619295735,27447168218341,7341451077394,24199975256,21049406596,3150568660,0,24872257864714,credit,2026-09-03T10:06:27+09:00
2026-07-14,20260714,34707754614280,27452720432165,7255034182115,28580237731,25297162892,3283074839,0,24804274409524,credit,2026-08-29T13:19:53+09:00
2026-07-14,20260714,34707754614280,27452720432165,7255034182115,28580237731,25297162892,3283074839,0,24804274409524,credit,2026-09-03T10:06:27+09:00
2026-07-15,20260715,34370183635550,27135448331484,7234735304066,26952807731,23784073519,3168734212,0,25877910101781,credit,2026-08-29T13:19:53+09:00
2026-07-15,20260715,34370183635550,27135448331484,7234735304066,26952807731,23784073519,3168734212,0,25877910101781,credit,2026-09-03T10:06:27+09:00
2026-07-16,20260716,33362442428375,26253367807487,7109074620888,24274386517,21165557996,3108828521,0,25195634868840,credit,2026-08-29T13:19:53+09:00
2026-07-16,20260716,33362442428375,26253367807487,7109074620888,24274386517,21165557996,3108828521,0,25195634868840,credit,2026-09-03T10:06:27+09:00
2026-07-20,20260720,33332642389627,26206459376459,7126183013168,30774212153,27807837715,2966374438,0,24782509465620,credit,2026-08-29T13:19:53+09:00
2026-07-20,20260720,33332642389627,26206459376459,7126183013168,30774212153,27807837715,2966374438,0,24782509465620,credit,2026-09-03T10:06:27+09:00
2026-07-21,20260721,33558388250373,26420476982271,7137911268102,25257297783,22381983432,2875314351,0,24912475602161,credit,2026-08-29T13:19:53+09:00
2026-07-21,20260721,33558388250373,26420476982271,7137911268102,25257297783,22381983432,2875314351,0,24912475602161,credit,2026-09-03T10:06:27+09:00
2026-07-22,20260722,33042097924491,26028687407672,7013410516819,20774460474,18116542735,2657917739,0,25067386310621,credit,2026-08-29T13:19:53+09:00
2026-07-22,20260722,33042097924491,26028687407672,7013410516819,20774460474,18116542735,2657917739,0,25067386310621,credit,2026-09-03T10:06:27+09:00
2026-07-23,20260723,32749219169900,25838628000279,6910591169621,25928839327,23359968837,2568870490,0,24838296389889,credit,2026-08-29T13:19:53+09:00
2026-07-23,20260723,32749219169900,25838628000279,6910591169621,25928839327,23359968837,2568870490,0,24838296389889,credit,2026-09-03T10:06:27+09:00
2026-07-24,20260724,32671669500007,25745724289113,6925945210894,23451213083,20911846383,2539366700,0,24709692086759,credit,2026-08-29T13:19:53+09:00
2026-07-24,20260724,32671669500007,25745724289113,6925945210894,23451213083,20911846383,2539366700,0,24709692086759,credit,2026-09-03T10:06:27+09:00
2026-07-27,20260727,32741062787550,25835505537512,6905557250038,30073695764,26853647432,3220048332,0,24690322178783,credit,2026-08-29T13:19:53+09:00
2026-07-27,20260727,32741062787550,25835505537512,6905557250038,30073695764,26853647432,3220048332,0,24690322178783,credit,2026-09-03T10:06:27+09:00
2026-07-28,20260728,33194039758048,26271968738673,6922071019375,24959299316,22369599070,2589700246,0,25159473690668,credit,2026-08-29T13:19:53+09:00
2026-07-28,20260728,33194039758048,26271968738673,6922071019375,24959299316,22369599070,2589700246,0,25159473690668,credit,2026-09-03T10:06:27+09:00
2026-07-29,20260729,32995045760754,26175088247851,6819957512903,24791364839,22172334772,2619030067,0,25515481549733,credit,2026-08-29T13:19:53+09:00
2026-07-29,20260729,32995045760754,26175088247851,6819957512903,24791364839,22172334772,2619030067,0,25515481549733,credit,2026-09-03T10:06:27+09:00
2026-07-30,20260730,32153119480063,25508658344959,6644461135104,19392847598,17391346954,2001500644,0,25819357939636,credit,2026-08-29T13:19:53+09:00
2026-07-30,20260730,32153119480063,25508658344959,6644461135104,19392847598,17391346954,2001500644,0,25819357939636,credit,2026-09-03T10:06:27+09:00
2026-07-31,20260731,28934997172818,22840599128422,6094398044396,14438415539,12450097827,1988317712,0,25449338048235,credit,2026-08-29T13:19:53+09:00
2026-07-31,20260731,28934997172818,22840599128422,6094398044396,14438415539,12450097827,1988317712,0,25449338048235,credit,2026-09-03T10:06:27+09:00
2026-08-03,20260803,27443853960691,21614091173422,5829762787269,17040486631,14936076626,2104410005,0,24871212858268,credit,2026-08-29T13:19:53+09:00
2026-08-03,20260803,27443853960691,21614091173422,5829762787269,17040486631,14936076626,2104410005,0,24871212858268,credit,2026-09-03T10:06:27+09:00
2026-08-04,20260804,27403827994670,21589187771369,5814640223301,26323843135,23810590539,2513252596,0,24137874663057,credit,2026-08-29T13:19:53+09:00
2026-08-04,20260804,27403827994670,21589187771369,5814640223301,26323843135,23810590539,2513252596,0,24137874663057,credit,2026-09-03T10:06:27+09:00
2026-08-05,20260805,28417965841579,22520318913584,5897646927995,19018820120,16206703695,2812116425,0,24604608162343,credit,2026-08-29T13:19:53+09:00
2026-08-05,20260805,28417965841579,22520318913584,5897646927995,19018820120,16206703695,2812116425,0,24604608162343,credit,2026-09-03T10:06:27+09:00
2026-08-06,20260806,28794009556064,22868506659330,5925502896734,24744316839,21449514778,3294802061,0,24371411493463,credit,2026-08-29T13:19:53+09:00
2026-08-06,20260806,28794009556064,22868506659330,5925502896734,24744316839,21449514778,3294802061,0,24371411493463,credit,2026-09-03T10:06:27+09:00
2026-08-07,20260807,29230368011949,23099945976826,6130422035123,27780333687,24486014917,3294318770,0,24415045326904,credit,2026-08-29T13:19:53+09:00
2026-08-07,20260807,29230368011949,23099945976826,6130422035123,27780333687,24486014917,3294318770,0,24415045326904,credit,2026-09-03T10:06:27+09:00
2026-08-10,20260810,30023767777858,23838401383580,6185366394278,25621186323,22207878945,3413307378,0,24672333503048,credit,2026-08-29T13:19:53+09:00
2026-08-10,20260810,30023767777858,23838401383580,6185366394278,25621186323,22207878945,3413307378,0,24672333503048,credit,2026-09-03T10:06:27+09:00
2026-08-11,20260811,30038722105396,23770377550040,6268344555356,26309727196,22935805644,3373921552,0,24657728467176,credit,2026-08-29T13:19:53+09:00
2026-08-11,20260811,30038722105396,23770377550040,6268344555356,26309727196,22935805644,3373921552,0,24657728467176,credit,2026-09-03T10:06:27+09:00
2026-08-12,20260812,30418752974877,24198820770037,6219932204840,27294861900,23813743059,3481118841,0,24715600787566,credit,2026-08-29T13:19:53+09:00
2026-08-12,20260812,30418752974877,24198820770037,6219932204840,27294861900,23813743059,3481118841,0,24715600787566,credit,2026-09-03T10:06:27+09:00
2026-08-13,20260813,30926266390017,24534907649894,6391358740123,27984741341,24581985238,3402756103,0,24862321361383,credit,2026-08-29T13:19:53+09:00
2026-08-13,20260813,30926266390017,24534907649894,6391358740123,27984741341,24581985238,3402756103,0,24862321361383,credit,2026-09-03T10:06:27+09:00
2026-08-14,20260814,30867509652943,24327181644473,6540328008470,31067349719,26799032587,4268317132,0,24918139832841,credit,2026-08-29T13:19:53+09:00
2026-08-14,20260814,30867509652943,24327181644473,6540328008470,31067349719,26799032587,4268317132,0,24918139832841,credit,2026-09-03T10:06:27+09:00
2026-08-18,20260818,31104533060112,24394711443991,6709821616121,33446079057,29841096455,3604982602,0,25194953902817,credit,2026-08-29T13:19:53+09:00
2026-08-18,20260818,31104533060112,24394711443991,6709821616121,33446079057,29841096455,3604982602,0,25194953902817,credit,2026-09-03T10:06:27+09:00
2026-08-19,20260819,31312008436011,24487368925307,6824639510704,33917552750,31036680113,2880872637,0,25126143905383,credit,2026-08-29T13:19:53+09:00
2026-08-19,20260819,31312008436011,24487368925307,6824639510704,33917552750,31036680113,2880872637,0,25126143905383,credit,2026-09-03T10:06:27+09:00
2026-08-20,20260820,31893894842575,24974173844910,6919720997665,31482168172,28792061591,2690106581,0,25378521883374,credit,2026-08-29T13:19:53+09:00
2026-08-20,20260820,31893894842575,24974173844910,6919720997665,31482168172,28792061591,2690106581,0,25378521883374,credit,2026-09-03T10:06:27+09:00
2026-08-21,20260821,32416288341934,25561165064220,6855123277714,27147271944,24621160162,2526111782,0,25576084679174,credit,2026-08-29T13:19:53+09:00
2026-08-21,20260821,32416288341934,25561165064220,6855123277714,27147271944,24621160162,2526111782,0,25576084679174,credit,2026-09-03T10:06:27+09:00
2026-08-24,20260824,32628245884660,25753151813401,6875094071259,30955027112,28122351398,2832675714,0,25303426911672,credit,2026-08-29T13:19:53+09:00
2026-08-24,20260824,32628245884660,25753151813401,6875094071259,30955027112,28122351398,2832675714,0,25303426911672,credit,2026-09-03T10:06:27+09:00
2026-08-25,20260825,32848307484817,25902153122305,6946154362512,29318820205,26681043489,2637776716,0,25646930831275,credit,2026-08-29T13:19:53+09:00
2026-08-25,20260825,32848307484817,25902153122305,6946154362512,29318820205,26681043489,2637776716,0,25646930831275,credit,2026-09-03T10:06:27+09:00
2026-08-26,20260826,33102366526442,26246925916498,6855440609944,32976976250,29912148945,3064827305,0,25763003276700,credit,2026-08-29T13:19:53+09:00
2026-08-26,20260826,33102366526442,26246925916498,6855440609944,32976976250,29912148945,3064827305,0,25763003276700,credit,2026-09-03T10:06:27+09:00
2026-08-27,20260827,33329014016866,26478839561970,6850174454896,28998289643,26140572894,2857716749,0,25614806323739,credit,2026-09-03T10:06:27+09:00
2026-08-28,20260828,33337971124201,26386088993063,6951882131138,31019254832,27994198130,3025056702,0,25408680581060,credit,2026-09-03T10:06:27+09:00
2026-08-31,20260831,33252658134516,26290467469793,6962190664723,30910372284,27303317306,3607054978,0,25503345441778,credit,2026-09-03T10:06:27+09:00
2026-09-01,20260901,33430160873350,26429397391193,7000763482157,31775754556,28435591623,3340162933,0,25484071591075,credit,2026-09-03T10:06:27+09:00
