date,basDt,invrDpsgAmt,onbdDrvPrdTrRcAdvAmt,toCstRpchCndBndSlgBal,brkTrdUcolMny,brkTrdUcolMnyVsOppsTrdAmt,ucolMnyVsOppsTrdRlImpt,_source_api,_collected_at_kst
2022-04-28,20220428,62922936817083,12320566537068,88877724916293,302830696654,19542028671,7.0,market_funds,2026-06-06T08:10:19+09:00
2022-04-29,20220429,61406227458350,12191868992261,88737122276802,265888345499,17646031841,5.8,market_funds,2026-06-09T05:19:02+09:00
2022-05-02,20220502,61799037295463,12179533425598,88382421110780,298577146949,16652896822,6.3,market_funds,2026-06-10T05:06:47+09:00
2022-05-03,20220503,62164775985600,12175403015290,88464807245659,227361941295,14100001925,4.7,market_funds,2026-06-11T04:29:38+09:00
2022-05-04,20220504,63327406625605,12062554647994,88491256745542,211290113389,16779262787,7.4,market_funds,2026-06-12T03:30:32+09:00
2022-05-06,20220506,60390773661453,12164159428863,88196523297447,204985511424,14814257330,7.0,market_funds,2026-06-13T09:45:10+09:00
2022-05-06,20220506,60390773661453,12164159428863,88196523297447,204985511424,14814257330,7.0,market_funds,2026-06-13T18:32:41+09:00
2022-05-09,20220509,61806326375960,12210713128065,88249242208308,212152471169,18187798002,8.9,market_funds,2026-06-13T09:45:10+09:00
2022-05-09,20220509,61806326375960,12210713128065,88249242208308,212152471169,18187798002,8.9,market_funds,2026-06-13T18:32:41+09:00
2022-05-10,20220510,61585587437514,12293481772585,87727082772012,234806367697,23822202641,11.2,market_funds,2026-06-13T09:45:10+09:00
2022-05-10,20220510,61585587437514,12293481772585,87727082772012,234806367697,23822202641,11.2,market_funds,2026-06-13T18:32:41+09:00
2022-05-11,20220511,59903794218500,12342007370441,87953683096734,263975516486,23487376270,10.0,market_funds,2026-06-13T09:45:10+09:00
2022-05-11,20220511,59903794218500,12342007370441,87953683096734,263975516486,23487376270,10.0,market_funds,2026-06-13T18:32:41+09:00
2022-05-12,20220512,60324784361486,12435388398983,87025099892354,251845517224,20763769560,7.9,market_funds,2026-06-13T09:45:10+09:00
2022-05-12,20220512,60324784361486,12435388398983,87025099892354,251845517224,20763769560,7.9,market_funds,2026-06-13T18:32:41+09:00
2022-05-13,20220513,59966473605622,12308825056745,85849081395810,219860602125,17806819720,7.1,market_funds,2026-06-13T09:45:10+09:00
2022-05-13,20220513,59966473605622,12308825056745,85849081395810,219860602125,17806819720,7.1,market_funds,2026-06-13T18:32:41+09:00
2022-05-16,20220516,59088975809537,12213909670505,86659149370892,260671467080,19378418105,8.8,market_funds,2026-06-13T09:45:10+09:00
2022-05-16,20220516,59088975809537,12213909670505,86659149370892,260671467080,19378418105,8.8,market_funds,2026-06-13T18:32:41+09:00
2022-05-17,20220517,60507691933100,12239162210964,88058659706456,224553952075,17439495629,6.7,market_funds,2026-06-13T09:45:10+09:00
2022-05-17,20220517,60507691933100,12239162210964,88058659706456,224553952075,17439495629,6.7,market_funds,2026-06-13T18:32:41+09:00
2022-05-18,20220518,59190471625545,12261965123885,87884573790236,225766351781,12884002164,5.7,market_funds,2026-06-13T09:45:10+09:00
2022-05-18,20220518,59190471625545,12261965123885,87884573790236,225766351781,12884002164,5.7,market_funds,2026-06-13T18:32:41+09:00
2022-05-19,20220519,59763779259132,12272716767723,87633558739023,197417870059,13796767239,6.1,market_funds,2026-06-13T09:45:10+09:00
2022-05-19,20220519,59763779259132,12272716767723,87633558739023,197417870059,13796767239,6.1,market_funds,2026-06-13T18:32:41+09:00
2022-05-20,20220520,59601605839699,12243607806887,87823253899129,190410154186,16968698874,8.6,market_funds,2026-06-13T09:45:10+09:00
2022-05-20,20220520,59601605839699,12243607806887,87823253899129,190410154186,16968698874,8.6,market_funds,2026-06-13T18:32:41+09:00
2022-05-23,20220523,58664624497180,12215150934820,87724233147497,192630523504,12122859169,6.4,market_funds,2026-06-13T09:45:10+09:00
2022-05-23,20220523,58664624497180,12215150934820,87724233147497,192630523504,12122859169,6.4,market_funds,2026-06-13T18:32:41+09:00
2022-05-24,20220524,59360171473799,12285412611849,87691267434462,175112685905,14749907218,7.7,market_funds,2026-06-13T09:45:10+09:00
2022-05-24,20220524,59360171473799,12285412611849,87691267434462,175112685905,14749907218,7.7,market_funds,2026-06-13T18:32:41+09:00
2022-05-25,20220525,59213827027490,12249682361105,87524747060865,205686395238,14587357687,8.3,market_funds,2026-06-13T09:45:10+09:00
2022-05-25,20220525,59213827027490,12249682361105,87524747060865,205686395238,14587357687,8.3,market_funds,2026-06-13T18:32:41+09:00
2022-05-26,20220526,58853487371833,12221167287578,87249571888113,246194697278,19165718621,9.3,market_funds,2026-06-13T09:45:10+09:00
2022-05-26,20220526,58853487371833,12221167287578,87249571888113,246194697278,19165718621,9.3,market_funds,2026-06-13T18:32:41+09:00
2022-05-27,20220527,58483441765754,12201113559248,87549576667875,229739315439,14372715070,5.8,market_funds,2026-06-13T09:45:10+09:00
2022-05-27,20220527,58483441765754,12201113559248,87549576667875,229739315439,14372715070,5.8,market_funds,2026-06-13T18:32:41+09:00
2022-05-30,20220530,58347956030809,12218489114270,87432814722645,235311296656,12208278926,5.3,market_funds,2026-06-13T09:45:10+09:00
2022-05-30,20220530,58347956030809,12218489114270,87432814722645,235311296656,12208278926,5.3,market_funds,2026-06-13T18:32:41+09:00
2022-05-31,20220531,57567120572557,12079187241774,86889610755555,184151822837,11954573284,5.1,market_funds,2026-06-13T09:45:10+09:00
2022-05-31,20220531,57567120572557,12079187241774,86889610755555,184151822837,11954573284,5.1,market_funds,2026-06-13T18:32:41+09:00
2022-06-02,20220602,61632133254113,12267486241626,87527125364099,184561165072,12779481390,6.9,market_funds,2026-06-13T09:45:10+09:00
2022-06-02,20220602,61632133254113,12267486241626,87527125364099,184561165072,12779481390,6.9,market_funds,2026-06-13T18:32:41+09:00
2022-06-03,20220603,58652561336644,12107109300732,87946752625449,186087336423,13496025050,7.3,market_funds,2026-06-13T09:45:10+09:00
2022-06-03,20220603,58652561336644,12107109300732,87946752625449,186087336423,13496025050,7.3,market_funds,2026-06-13T18:32:41+09:00
2022-06-07,20220607,57786621818733,12089638192520,88111030344722,190668195558,13611084751,7.3,market_funds,2026-06-13T09:45:10+09:00
2022-06-07,20220607,57786621818733,12089638192520,88111030344722,190668195558,13611084751,7.3,market_funds,2026-06-13T18:32:41+09:00
2022-06-08,20220608,57517432510575,12096504116073,87527697453769,201817392840,16939725839,8.9,market_funds,2026-06-13T09:45:10+09:00
2022-06-08,20220608,57517432510575,12096504116073,87527697453769,201817392840,16939725839,8.9,market_funds,2026-06-13T18:32:41+09:00
2022-06-09,20220609,56997079996784,12014925231479,86807073893547,233544471914,17197560079,8.5,market_funds,2026-06-13T09:45:10+09:00
2022-06-09,20220609,56997079996784,12014925231479,86807073893547,233544471914,17197560079,8.5,market_funds,2026-06-13T18:32:41+09:00
2022-06-10,20220610,57304446160766,12069182406052,86282610554389,246249904843,17415372994,7.5,market_funds,2026-06-13T09:45:10+09:00
2022-06-10,20220610,57304446160766,12069182406052,86282610554389,246249904843,17415372994,7.5,market_funds,2026-06-13T18:32:41+09:00
2022-06-13,20220613,59081005612768,12307462949341,86823426054081,255179081595,16589489589,6.7,market_funds,2026-06-13T09:45:10+09:00
2022-06-13,20220613,59081005612768,12307462949341,86823426054081,255179081595,16589489589,6.7,market_funds,2026-06-13T18:32:41+09:00
2022-06-14,20220614,58736577080417,12246370055885,86439557232367,240163890617,26034318272,10.2,market_funds,2026-06-13T09:45:10+09:00
2022-06-14,20220614,58736577080417,12246370055885,86439557232367,240163890617,26034318272,10.2,market_funds,2026-06-13T18:32:41+09:00
2022-06-15,20220615,57976305192249,12424348654496,85629006943729,303247126652,31554613677,13.1,market_funds,2026-06-13T09:45:10+09:00
2022-06-15,20220615,57976305192249,12424348654496,85629006943729,303247126652,31554613677,13.1,market_funds,2026-06-13T18:32:41+09:00
2022-06-16,20220616,57020681398226,12253647267395,84785017048315,287052376690,30268956512,10.0,market_funds,2026-06-13T09:45:10+09:00
2022-06-16,20220616,57020681398226,12253647267395,84785017048315,287052376690,30268956512,10.0,market_funds,2026-06-13T18:32:41+09:00
2022-06-17,20220617,57173577739633,11986229009373,85823407713167,308510461756,26402278854,9.2,market_funds,2026-06-13T09:45:10+09:00
2022-06-17,20220617,57173577739633,11986229009373,85823407713167,308510461756,26402278854,9.2,market_funds,2026-06-13T18:32:41+09:00
2022-06-20,20220620,57205552909283,12017725073726,85635330331053,253924904339,25605943539,8.3,market_funds,2026-06-13T09:45:10+09:00
2022-06-20,20220620,57205552909283,12017725073726,85635330331053,253924904339,25605943539,8.3,market_funds,2026-06-13T18:32:41+09:00
2022-06-21,20220621,56962146218514,11912135340023,85719701054636,228199309758,26078782868,10.3,market_funds,2026-06-13T09:45:10+09:00
2022-06-21,20220621,56962146218514,11912135340023,85719701054636,228199309758,26078782868,10.3,market_funds,2026-06-13T18:32:41+09:00
2022-06-22,20220622,56394589909992,11681298438295,84389661368819,264900490175,22875267684,10.0,market_funds,2026-06-13T09:45:10+09:00
2022-06-22,20220622,56394589909992,11681298438295,84389661368819,264900490175,22875267684,10.0,market_funds,2026-06-13T18:32:41+09:00
2022-06-23,20220623,56988885364727,11644083776534,84033802454177,229818610742,17798451711,6.7,market_funds,2026-06-13T09:45:10+09:00
2022-06-23,20220623,56988885364727,11644083776534,84033802454177,229818610742,17798451711,6.7,market_funds,2026-06-13T18:32:41+09:00
2022-06-24,20220624,57545974890726,11601380306357,84861250654908,253466372685,28976760496,12.6,market_funds,2026-06-13T09:45:10+09:00
2022-06-24,20220624,57545974890726,11601380306357,84861250654908,253466372685,28976760496,12.6,market_funds,2026-06-13T18:32:41+09:00
2022-06-27,20220627,57433704376621,11302491870366,83826546652963,302107838034,20533725496,8.1,market_funds,2026-06-13T09:45:10+09:00
2022-06-27,20220627,57433704376621,11302491870366,83826546652963,302107838034,20533725496,8.1,market_funds,2026-06-13T18:32:41+09:00
2022-06-28,20220628,58317467337292,10919531021694,81672175892361,216541551820,17630234200,5.8,market_funds,2026-06-13T09:45:10+09:00
2022-06-28,20220628,58317467337292,10919531021694,81672175892361,216541551820,17630234200,5.8,market_funds,2026-06-13T18:32:41+09:00
2022-06-29,20220629,57357594505470,10897683738323,80741556242880,195483682663,20634998151,9.5,market_funds,2026-06-13T09:45:10+09:00
2022-06-29,20220629,57357594505470,10897683738323,80741556242880,195483682663,20634998151,9.5,market_funds,2026-06-13T18:32:41+09:00
2022-06-30,20220630,57364879269709,10879560756223,77625241343880,183527048802,14892504881,7.6,market_funds,2026-06-13T09:45:10+09:00
2022-06-30,20220630,57364879269709,10879560756223,77625241343880,183527048802,14892504881,7.6,market_funds,2026-06-13T18:32:41+09:00
2022-07-01,20220701,58738274007293,10798353764011,81527490303918,195321800369,15409058989,8.4,market_funds,2026-06-13T09:45:10+09:00
2022-07-01,20220701,58738274007293,10798353764011,81527490303918,195321800369,15409058989,8.4,market_funds,2026-06-13T18:32:41+09:00
2022-07-04,20220704,57669333203045,11332202343073,81806356250846,229576185611,18770350001,9.6,market_funds,2026-06-13T09:45:10+09:00
2022-07-04,20220704,57669333203045,11332202343073,81806356250846,229576185611,18770350001,9.6,market_funds,2026-06-13T18:32:41+09:00
2022-07-05,20220705,54924419544726,11914714693436,81342063628699,237143081151,22183560620,9.7,market_funds,2026-06-13T09:45:10+09:00
2022-07-05,20220705,54924419544726,11914714693436,81342063628699,237143081151,22183560620,9.7,market_funds,2026-06-13T18:32:41+09:00
2022-07-06,20220706,55476484008648,12153135735306,81119433105213,239725765492,14235606318,6.0,market_funds,2026-06-13T09:45:10+09:00
2022-07-06,20220706,55476484008648,12153135735306,81119433105213,239725765492,14235606318,6.0,market_funds,2026-06-13T18:32:41+09:00
2022-07-07,20220707,55008448449429,12310136018740,80810753440687,202398529803,13956160959,5.8,market_funds,2026-06-13T09:45:10+09:00
2022-07-07,20220707,55008448449429,12310136018740,80810753440687,202398529803,13956160959,5.8,market_funds,2026-06-13T18:32:41+09:00
2022-07-08,20220708,54413712154303,12155252627247,80114750860295,212624439888,11596379456,5.7,market_funds,2026-06-13T09:45:10+09:00
2022-07-08,20220708,54413712154303,12155252627247,80114750860295,212624439888,11596379456,5.7,market_funds,2026-06-13T18:32:41+09:00
2022-07-11,20220711,55232299464284,12239434342027,81085267044247,197737794209,11737783193,5.5,market_funds,2026-06-13T09:45:10+09:00
2022-07-11,20220711,55232299464284,12239434342027,81085267044247,197737794209,11737783193,5.5,market_funds,2026-06-13T18:32:41+09:00
2022-07-12,20220712,55201580704474,12337901317424,82121289559605,189019123368,11266133594,5.7,market_funds,2026-06-13T09:45:10+09:00
2022-07-12,20220712,55201580704474,12337901317424,82121289559605,189019123368,11266133594,5.7,market_funds,2026-06-13T18:32:41+09:00
2022-07-13,20220713,55794401062130,12251105826859,82010755513424,189460885011,12867084378,6.8,market_funds,2026-06-13T09:45:10+09:00
2022-07-13,20220713,55794401062130,12251105826859,82010755513424,189460885011,12867084378,6.8,market_funds,2026-06-13T18:32:41+09:00
2022-07-14,20220714,55776735510479,12116603940917,82314938880600,214334881964,12634920442,6.7,market_funds,2026-06-13T09:45:10+09:00
2022-07-14,20220714,55776735510479,12116603940917,82314938880600,214334881964,12634920442,6.7,market_funds,2026-06-13T18:32:41+09:00
2022-07-15,20220715,54478676998768,11848957122133,82648672922152,203016715828,14037233308,6.5,market_funds,2026-06-13T09:45:10+09:00
2022-07-15,20220715,54478676998768,11848957122133,82648672922152,203016715828,14037233308,6.5,market_funds,2026-06-13T18:32:41+09:00
2022-07-18,20220718,54854274514877,11953569189824,82315544547990,192766408041,13707217559,6.8,market_funds,2026-06-13T09:45:10+09:00
2022-07-18,20220718,54854274514877,11953569189824,82315544547990,192766408041,13707217559,6.8,market_funds,2026-06-13T18:32:41+09:00
2022-07-19,20220719,53495912726087,11910642396266,80246062042328,193757719365,11958299092,6.2,market_funds,2026-06-13T09:45:10+09:00
2022-07-19,20220719,53495912726087,11910642396266,80246062042328,193757719365,11958299092,6.2,market_funds,2026-06-13T18:32:41+09:00
2022-07-20,20220720,53492204872260,11980654950368,80555235364105,183632475423,9988392699,5.2,market_funds,2026-06-13T09:45:10+09:00
2022-07-20,20220720,53492204872260,11980654950368,80555235364105,183632475423,9988392699,5.2,market_funds,2026-06-13T18:32:41+09:00
2022-07-21,20220721,56072433266056,11912791285773,81975895092809,187033955141,11230215638,6.1,market_funds,2026-06-13T09:45:10+09:00
2022-07-21,20220721,56072433266056,11912791285773,81975895092809,187033955141,11230215638,6.1,market_funds,2026-06-13T18:32:41+09:00
2022-07-22,20220722,55240620883094,11877255174252,81922778773568,211572698924,12521384137,6.7,market_funds,2026-06-13T09:45:10+09:00
2022-07-22,20220722,55240620883094,11877255174252,81922778773568,211572698924,12521384137,6.7,market_funds,2026-06-13T18:32:41+09:00
2022-07-25,20220725,54732882311221,11919466580234,81629625158591,198360035645,12254211973,5.8,market_funds,2026-06-13T09:45:10+09:00
2022-07-25,20220725,54732882311221,11919466580234,81629625158591,198360035645,12254211973,5.8,market_funds,2026-06-13T18:32:41+09:00
2022-07-26,20220726,54836689145567,11966845718369,81582549576998,204903385771,12923800189,6.5,market_funds,2026-06-13T09:45:10+09:00
2022-07-26,20220726,54836689145567,11966845718369,81582549576998,204903385771,12923800189,6.5,market_funds,2026-06-13T18:32:41+09:00
2022-07-27,20220727,54664417530027,11996222558422,80687009533841,200476860120,13833057197,6.8,market_funds,2026-06-13T09:45:10+09:00
2022-07-27,20220727,54664417530027,11996222558422,80687009533841,200476860120,13833057197,6.8,market_funds,2026-06-13T18:32:41+09:00
2022-07-28,20220728,53878528924876,11803779800585,80473841942133,196112453281,12227768504,6.1,market_funds,2026-06-13T09:45:10+09:00
2022-07-28,20220728,53878528924876,11803779800585,80473841942133,196112453281,12227768504,6.1,market_funds,2026-06-13T18:32:41+09:00
2022-07-29,20220729,54259039186703,11692978855527,80657455895359,198849524596,10940630744,5.6,market_funds,2026-06-13T09:45:10+09:00
2022-07-29,20220729,54259039186703,11692978855527,80657455895359,198849524596,10940630744,5.6,market_funds,2026-06-13T18:32:41+09:00
2022-08-01,20220801,55766400140549,11867108498126,80779728650047,228737398639,11651648868,5.9,market_funds,2026-06-13T09:45:10+09:00
2022-08-01,20220801,55766400140549,11867108498126,80779728650047,228737398639,11651648868,5.9,market_funds,2026-06-13T18:32:41+09:00
2022-08-02,20220802,55109865156141,11937939586903,81145152046931,205877555061,12739193028,5.6,market_funds,2026-06-13T09:45:10+09:00
2022-08-02,20220802,55109865156141,11937939586903,81145152046931,205877555061,12739193028,5.6,market_funds,2026-06-13T18:32:41+09:00
2022-08-03,20220803,56039313112756,12190411921825,81327844595916,220523413275,12980455826,6.3,market_funds,2026-06-13T09:45:10+09:00
2022-08-03,20220803,56039313112756,12190411921825,81327844595916,220523413275,12980455826,6.3,market_funds,2026-06-13T18:32:41+09:00
2022-08-04,20220804,55172702451185,12169876095831,81513675545381,202677151421,11179120775,5.1,market_funds,2026-06-13T09:45:10+09:00
2022-08-04,20220804,55172702451185,12169876095831,81513675545381,202677151421,11179120775,5.1,market_funds,2026-06-13T18:32:41+09:00
2022-08-05,20220805,53762863677159,12109359744345,81455587583807,177001784392,10683073737,5.3,market_funds,2026-06-13T09:45:10+09:00
2022-08-05,20220805,53762863677159,12109359744345,81455587583807,177001784392,10683073737,5.3,market_funds,2026-06-13T18:32:41+09:00
2022-08-08,20220808,54234363686079,12203434494671,81299019973630,189076509819,9625106473,5.4,market_funds,2026-06-13T09:45:10+09:00
2022-08-08,20220808,54234363686079,12203434494671,81299019973630,189076509819,9625106473,5.4,market_funds,2026-06-13T18:32:41+09:00
2022-08-09,20220809,54315520870166,12266852903356,81306021015977,175192101048,13314841724,7.0,market_funds,2026-06-13T09:45:10+09:00
2022-08-09,20220809,54315520870166,12266852903356,81306021015977,175192101048,13314841724,7.0,market_funds,2026-06-13T18:32:41+09:00
2022-08-10,20220810,55493901571409,12360566994202,80217347923687,202103705406,11695123787,6.7,market_funds,2026-06-13T09:45:10+09:00
2022-08-10,20220810,55493901571409,12360566994202,80217347923687,202103705406,11695123787,6.7,market_funds,2026-06-13T18:32:41+09:00
2022-08-11,20220811,54787341228112,12354238981504,80404633292265,209919650117,15339965716,7.6,market_funds,2026-06-13T09:45:10+09:00
2022-08-11,20220811,54787341228112,12354238981504,80404633292265,209919650117,15339965716,7.6,market_funds,2026-06-13T18:32:41+09:00
2022-08-12,20220812,55313784302380,12143345247245,81009708891780,222696863721,14314282509,6.8,market_funds,2026-06-13T09:45:10+09:00
2022-08-12,20220812,55313784302380,12143345247245,81009708891780,222696863721,14314282509,6.8,market_funds,2026-06-13T18:32:41+09:00
2022-08-16,20220816,56949814061028,12186519487156,81257964234950,201575269593,12123670999,5.4,market_funds,2026-06-13T09:45:10+09:00
2022-08-16,20220816,56949814061028,12186519487156,81257964234950,201575269593,12123670999,5.4,market_funds,2026-06-13T18:32:41+09:00
2022-08-17,20220817,56003622879573,12310166877696,80989927108187,189261266527,10836006886,5.4,market_funds,2026-06-13T09:45:10+09:00
2022-08-17,20220817,56003622879573,12310166877696,80989927108187,189261266527,10836006886,5.4,market_funds,2026-06-13T18:32:41+09:00
2022-08-18,20220818,55225230572398,12294185389742,81122214359927,176052709768,11062735111,5.8,market_funds,2026-06-13T09:45:10+09:00
2022-08-18,20220818,55225230572398,12294185389742,81122214359927,176052709768,11062735111,5.8,market_funds,2026-06-13T18:32:41+09:00
2022-08-19,20220819,55227426538232,12278027554708,81480934894008,194467153403,11799859768,6.7,market_funds,2026-06-13T09:45:10+09:00
2022-08-19,20220819,55227426538232,12278027554708,81480934894008,194467153403,11799859768,6.7,market_funds,2026-06-13T18:32:41+09:00
2022-08-22,20220822,54832340745220,12341371753385,81259441687805,199110548067,13951186141,7.2,market_funds,2026-06-13T09:45:10+09:00
2022-08-22,20220822,54832340745220,12341371753385,81259441687805,199110548067,13951186141,7.2,market_funds,2026-06-13T18:32:41+09:00
2022-08-23,20220823,54835077920218,12327371106629,80969428680757,205347460061,15327459670,7.7,market_funds,2026-06-13T09:45:10+09:00
2022-08-23,20220823,54835077920218,12327371106629,80969428680757,205347460061,15327459670,7.7,market_funds,2026-06-13T18:32:41+09:00
2022-08-24,20220824,54681387562015,12300162857667,80597076144623,217251985626,12469260366,6.1,market_funds,2026-06-13T09:45:10+09:00
2022-08-24,20220824,54681387562015,12300162857667,80597076144623,217251985626,12469260366,6.1,market_funds,2026-06-13T18:32:41+09:00
2022-08-25,20220825,54299418663999,12159498841184,80281738107414,209450513602,11558197602,5.3,market_funds,2026-06-13T09:45:10+09:00
2022-08-25,20220825,54299418663999,12159498841184,80281738107414,209450513602,11558197602,5.3,market_funds,2026-06-13T18:32:41+09:00
2022-08-26,20220826,54265008955959,12007035353659,80326663365346,192871862220,11268914471,5.4,market_funds,2026-06-13T09:45:10+09:00
2022-08-26,20220826,54265008955959,12007035353659,80326663365346,192871862220,11268914471,5.4,market_funds,2026-06-13T18:32:41+09:00
2022-08-29,20220829,55170640354114,12192084254180,80002697784372,166655865215,10446825680,5.4,market_funds,2026-06-13T09:45:10+09:00
2022-08-29,20220829,55170640354114,12192084254180,80002697784372,166655865215,10446825680,5.4,market_funds,2026-06-13T18:32:41+09:00
2022-08-30,20220830,54164214427948,12164862811285,79761108543678,184955471008,11428786296,6.9,market_funds,2026-06-13T09:45:10+09:00
2022-08-30,20220830,54164214427948,12164862811285,79761108543678,184955471008,11428786296,6.9,market_funds,2026-06-13T18:32:41+09:00
2022-08-31,20220831,53063279681881,11949110100535,79409926746743,205318741322,15487082769,8.4,market_funds,2026-06-13T09:45:10+09:00
2022-08-31,20220831,53063279681881,11949110100535,79409926746743,205318741322,15487082769,8.4,market_funds,2026-06-13T18:32:41+09:00
2022-09-01,20220901,55502204164657,12091247388652,79637386526087,194030027568,10964214615,5.3,market_funds,2026-06-13T09:45:10+09:00
2022-09-01,20220901,55502204164657,12091247388652,79637386526087,194030027568,10964214615,5.3,market_funds,2026-06-13T18:32:41+09:00
2022-09-02,20220902,54712641133772,11917206884010,79888874731161,175329734548,11809617017,6.1,market_funds,2026-06-13T09:45:10+09:00
2022-09-02,20220902,54712641133772,11917206884010,79888874731161,175329734548,11809617017,6.1,market_funds,2026-06-13T18:32:41+09:00
2022-09-05,20220905,52291190533539,11885345725473,79989657250871,219615942493,20338296269,11.6,market_funds,2026-06-13T09:45:10+09:00
2022-09-05,20220905,52291190533539,11885345725473,79989657250871,219615942493,20338296269,11.6,market_funds,2026-06-13T18:32:41+09:00
2022-09-06,20220906,52042549602505,11901663365847,79926447675622,225127006479,18964397197,8.6,market_funds,2026-06-13T09:45:10+09:00
2022-09-06,20220906,52042549602505,11901663365847,79926447675622,225127006479,18964397197,8.6,market_funds,2026-06-13T18:32:41+09:00
2022-09-07,20220907,51880259473995,12061480854187,79737165359764,222451955227,14908638328,6.6,market_funds,2026-06-13T09:45:10+09:00
2022-09-07,20220907,51880259473995,12061480854187,79737165359764,222451955227,14908638328,6.6,market_funds,2026-06-13T18:32:41+09:00
2022-09-08,20220908,51704278729489,11774110012500,79529628206806,194839969727,16229179624,7.3,market_funds,2026-06-13T09:45:10+09:00
2022-09-08,20220908,51704278729489,11774110012500,79529628206806,194839969727,16229179624,7.3,market_funds,2026-06-13T18:32:41+09:00
2022-09-13,20220913,51343413126622,11850035936670,79311490878190,207491589885,16407696779,8.4,market_funds,2026-06-13T09:45:10+09:00
2022-09-13,20220913,51343413126622,11850035936670,79311490878190,207491589885,16407696779,8.4,market_funds,2026-06-13T18:32:41+09:00
2022-09-14,20220914,52229314875681,11782769334843,79223387376526,185641580277,14333243779,6.9,market_funds,2026-06-13T09:45:10+09:00
2022-09-14,20220914,52229314875681,11782769334843,79223387376526,185641580277,14333243779,6.9,market_funds,2026-06-13T18:32:41+09:00
2022-09-15,20220915,52565826356879,11713454613524,79473436393035,181754047770,13004550366,7.0,market_funds,2026-06-13T09:45:10+09:00
2022-09-15,20220915,52565826356879,11713454613524,79473436393035,181754047770,13004550366,7.0,market_funds,2026-06-13T18:32:41+09:00
2022-09-16,20220916,52096622425358,11758956840374,79760591434012,185383956533,14078008709,7.7,market_funds,2026-06-13T09:45:10+09:00
2022-09-16,20220916,52096622425358,11758956840374,79760591434012,185383956533,14078008709,7.7,market_funds,2026-06-13T18:32:41+09:00
2022-09-19,20220919,51554543763266,11690324170606,79476074621691,204378350911,15380773216,8.3,market_funds,2026-06-13T09:45:10+09:00
2022-09-19,20220919,51554543763266,11690324170606,79476074621691,204378350911,15380773216,8.3,market_funds,2026-06-13T18:32:41+09:00
2022-09-20,20220920,50830092257633,11708637993287,78973696852739,227339199946,22648970865,11.1,market_funds,2026-06-13T09:45:10+09:00
2022-09-20,20220920,50830092257633,11708637993287,78973696852739,227339199946,22648970865,11.1,market_funds,2026-06-13T18:32:41+09:00
2022-09-21,20220921,50779326520753,11663513172882,78411570007903,243305117866,20314878789,8.9,market_funds,2026-06-13T09:45:10+09:00
2022-09-21,20220921,50779326520753,11663513172882,78411570007903,243305117866,20314878789,8.9,market_funds,2026-06-13T18:32:41+09:00
2022-09-22,20220922,51525969979799,11539281678525,78078858287833,209469223127,15255233591,6.3,market_funds,2026-06-13T09:45:10+09:00
2022-09-22,20220922,51525969979799,11539281678525,78078858287833,209469223127,15255233591,6.3,market_funds,2026-06-13T18:32:41+09:00
2022-09-23,20220923,51702026701099,11420205749408,78104983113314,195526136876,17928878879,8.6,market_funds,2026-06-13T09:45:10+09:00
2022-09-23,20220923,51702026701099,11420205749408,78104983113314,195526136876,17928878879,8.6,market_funds,2026-06-13T18:32:41+09:00
2022-09-26,20220926,52043721670766,11592449019502,76943406609941,190008749424,18993481767,9.7,market_funds,2026-06-13T09:45:10+09:00
2022-09-26,20220926,52043721670766,11592449019502,76943406609941,190008749424,18993481767,9.7,market_funds,2026-06-13T18:32:41+09:00
2022-09-27,20220927,51471211660183,11509519129447,75872850603233,226783119160,38273921376,20.1,market_funds,2026-06-13T09:45:10+09:00
2022-09-27,20220927,51471211660183,11509519129447,75872850603233,226783119160,38273921376,20.1,market_funds,2026-06-13T18:32:41+09:00
2022-09-28,20220928,52567764085909,11463650187462,75296273129430,285674308674,29413324925,13.0,market_funds,2026-06-13T09:45:10+09:00
2022-09-28,20220928,52567764085909,11463650187462,75296273129430,285674308674,29413324925,13.0,market_funds,2026-06-13T18:32:41+09:00
2022-09-29,20220929,51853916419433,11116624806419,74838961071385,380217719181,29845884943,10.4,market_funds,2026-06-13T09:45:10+09:00
2022-09-29,20220929,51853916419433,11116624806419,74838961071385,380217719181,29845884943,10.4,market_funds,2026-06-13T18:32:41+09:00
2022-09-30,20220930,50852276477711,11204159664155,73333069903474,288656659321,32434494508,8.5,market_funds,2026-06-13T09:45:10+09:00
2022-09-30,20220930,50852276477711,11204159664155,73333069903474,288656659321,32434494508,8.5,market_funds,2026-06-13T18:32:41+09:00
2022-10-04,20221004,51219497287519,11510395414004,75017462922412,226501859821,25942007114,9.0,market_funds,2026-06-13T09:45:10+09:00
2022-10-04,20221004,51219497287519,11510395414004,75017462922412,226501859821,25942007114,9.0,market_funds,2026-06-13T18:32:41+09:00
2022-10-05,20221005,51191015776369,11347159260896,74548344754625,191453539543,20794072915,9.2,market_funds,2026-06-13T09:45:10+09:00
2022-10-05,20221005,51191015776369,11347159260896,74548344754625,191453539543,20794072915,9.2,market_funds,2026-06-13T18:32:41+09:00
2022-10-13,20221013,50334659413742,12610700079666,76334731127365,193604281332,16450719203,9.2,market_funds,2026-06-13T09:45:10+09:00
2022-10-13,20221013,50334659413742,12610700079666,76334731127365,193604281332,16450719203,9.2,market_funds,2026-06-13T18:32:41+09:00
2022-10-14,20221014,50388243395376,12470016134103,76025673710910,184780408715,17291685462,8.9,market_funds,2026-06-13T09:45:10+09:00
2022-10-14,20221014,50388243395376,12470016134103,76025673710910,184780408715,17291685462,8.9,market_funds,2026-06-13T18:32:41+09:00
2022-10-17,20221017,49042313977993,12315816051561,75633201113500,211714128511,14987348184,8.1,market_funds,2026-06-13T09:45:10+09:00
2022-10-17,20221017,49042313977993,12315816051561,75633201113500,211714128511,14987348184,8.1,market_funds,2026-06-13T18:32:41+09:00
2022-10-18,20221018,49069529955767,12349877817756,74848347821709,171710783923,13770735773,6.5,market_funds,2026-06-13T09:45:10+09:00
2022-10-18,20221018,49069529955767,12349877817756,74848347821709,171710783923,13770735773,6.5,market_funds,2026-06-13T18:32:41+09:00
2022-10-19,20221019,48740900669058,12273846612624,74813091913264,160281132749,10676997721,6.2,market_funds,2026-06-13T09:45:10+09:00
2022-10-19,20221019,48740900669058,12273846612624,74813091913264,160281132749,10676997721,6.2,market_funds,2026-06-13T18:32:41+09:00
2022-10-20,20221020,49158835978537,12335450711566,75203584487419,168214932152,10231674285,6.4,market_funds,2026-06-13T09:45:10+09:00
2022-10-20,20221020,49158835978537,12335450711566,75203584487419,168214932152,10231674285,6.4,market_funds,2026-06-13T18:32:41+09:00
2022-10-21,20221021,48663842574006,12312926203936,75389882244813,178070205500,16070742198,9.6,market_funds,2026-06-13T09:45:10+09:00
2022-10-21,20221021,48663842574006,12312926203936,75389882244813,178070205500,16070742198,9.6,market_funds,2026-06-13T18:32:41+09:00
2022-10-24,20221024,48291327976369,12345177747150,74610114775653,184579735321,15192472126,8.5,market_funds,2026-06-13T09:45:10+09:00
2022-10-24,20221024,48291327976369,12345177747150,74610114775653,184579735321,15192472126,8.5,market_funds,2026-06-13T18:32:41+09:00
2022-10-25,20221025,47696673761214,12285567834916,73551952956401,167697348714,16413027412,8.9,market_funds,2026-06-13T09:45:10+09:00
2022-10-25,20221025,47696673761214,12285567834916,73551952956401,167697348714,16413027412,8.9,market_funds,2026-06-13T18:32:41+09:00
2022-10-26,20221026,48465099672863,12380635932159,73343698319893,234049655772,10677611837,6.4,market_funds,2026-06-13T09:45:10+09:00
2022-10-26,20221026,48465099672863,12380635932159,73343698319893,234049655772,10677611837,6.4,market_funds,2026-06-13T18:32:41+09:00
2022-10-27,20221027,50941773864287,12455357623132,72718249294696,184191435481,12543830612,5.4,market_funds,2026-06-13T09:45:10+09:00
2022-10-27,20221027,50941773864287,12455357623132,72718249294696,184191435481,12543830612,5.4,market_funds,2026-06-13T18:32:41+09:00
2022-10-28,20221028,47672693763477,12389680108506,73591263389175,179343530423,10391694034,5.6,market_funds,2026-06-13T09:45:10+09:00
2022-10-28,20221028,47672693763477,12389680108506,73591263389175,179343530423,10391694034,5.6,market_funds,2026-06-13T18:32:41+09:00
2022-10-31,20221031,48619093550500,12411751553834,72669732291575,165385390282,11251584491,6.3,market_funds,2026-06-13T09:45:10+09:00
2022-10-31,20221031,48619093550500,12411751553834,72669732291575,165385390282,11251584491,6.3,market_funds,2026-06-13T18:32:41+09:00
2022-11-01,20221101,49846921235187,12340144981393,72482384513538,167847010801,11061743687,6.7,market_funds,2026-06-13T09:45:10+09:00
2022-11-01,20221101,49846921235187,12340144981393,72482384513538,167847010801,11061743687,6.7,market_funds,2026-06-13T18:32:41+09:00
2022-11-02,20221102,50003561907145,12377672614305,72803599518662,164261230552,10948303311,6.5,market_funds,2026-06-13T09:45:10+09:00
2022-11-02,20221102,50003561907145,12377672614305,72803599518662,164261230552,10948303311,6.5,market_funds,2026-06-13T18:32:41+09:00
2022-11-03,20221103,48817553761237,12443943402737,72772531473701,153887010238,10145277732,6.2,market_funds,2026-06-13T09:45:10+09:00
2022-11-03,20221103,48817553761237,12443943402737,72772531473701,153887010238,10145277732,6.2,market_funds,2026-06-13T18:32:41+09:00
2022-11-04,20221104,48322516896878,12439824406164,72604579326136,164204363744,11162408468,7.3,market_funds,2026-06-13T09:45:10+09:00
2022-11-04,20221104,48322516896878,12439824406164,72604579326136,164204363744,11162408468,7.3,market_funds,2026-06-13T18:32:41+09:00
2022-11-07,20221107,47455996276629,12487039907567,72293326099841,175679819409,12152424153,7.4,market_funds,2026-06-13T09:45:10+09:00
2022-11-07,20221107,47455996276629,12487039907567,72293326099841,175679819409,12152424153,7.4,market_funds,2026-06-13T18:32:41+09:00
2022-11-08,20221108,46938584868776,12561920845326,71868421033751,174483537386,12262454902,7.0,market_funds,2026-06-13T09:45:10+09:00
2022-11-08,20221108,46938584868776,12561920845326,71868421033751,174483537386,12262454902,7.0,market_funds,2026-06-13T18:32:41+09:00
2022-11-09,20221109,47535407654186,12646848318236,71923350749334,170986300652,9448450640,5.4,market_funds,2026-06-13T09:45:10+09:00
2022-11-09,20221109,47535407654186,12646848318236,71923350749334,170986300652,9448450640,5.4,market_funds,2026-06-13T18:32:41+09:00
2022-11-10,20221110,49358915356080,12607145511147,72287330997764,152416109058,10492233350,6.1,market_funds,2026-06-13T09:45:10+09:00
2022-11-10,20221110,49358915356080,12607145511147,72287330997764,152416109058,10492233350,6.1,market_funds,2026-06-13T18:32:41+09:00
2022-11-11,20221111,49008782827208,12829560580278,71896837855022,155014793132,9974424889,6.5,market_funds,2026-06-13T09:45:10+09:00
2022-11-11,20221111,49008782827208,12829560580278,71896837855022,155014793132,9974424889,6.5,market_funds,2026-06-13T18:32:41+09:00
2022-11-14,20221114,49926241216827,12791082095527,71770730425713,173961456722,8979006445,5.8,market_funds,2026-06-13T09:45:10+09:00
2022-11-14,20221114,49926241216827,12791082095527,71770730425713,173961456722,8979006445,5.8,market_funds,2026-06-13T18:32:41+09:00
2022-11-15,20221115,51032222803809,12720241136552,72003289136272,175674632833,10802665113,6.2,market_funds,2026-06-13T09:45:10+09:00
2022-11-15,20221115,51032222803809,12720241136552,72003289136272,175674632833,10802665113,6.2,market_funds,2026-06-13T18:32:41+09:00
2022-11-16,20221116,50113946129418,12692200255709,72014641781305,192306489315,13182160782,7.5,market_funds,2026-06-13T09:45:10+09:00
2022-11-16,20221116,50113946129418,12692200255709,72014641781305,192306489315,13182160782,7.5,market_funds,2026-06-13T18:32:41+09:00
2022-11-17,20221117,49751671062645,12785345732411,72035443812572,168183146940,10961954436,5.7,market_funds,2026-06-13T09:45:10+09:00
2022-11-17,20221117,49751671062645,12785345732411,72035443812572,168183146940,10961954436,5.7,market_funds,2026-06-13T18:32:41+09:00
2022-11-18,20221118,49687577923861,12703279426915,72225310813999,181342051737,14823653322,8.8,market_funds,2026-06-13T09:45:10+09:00
2022-11-18,20221118,49687577923861,12703279426915,72225310813999,181342051737,14823653322,8.8,market_funds,2026-06-13T18:32:41+09:00
2022-11-21,20221121,48417308727249,12791041137067,71992474406920,202935812956,14402419315,7.9,market_funds,2026-06-13T09:45:10+09:00
2022-11-21,20221121,48417308727249,12791041137067,71992474406920,202935812956,14402419315,7.9,market_funds,2026-06-13T18:32:41+09:00
2022-11-22,20221122,47854313959269,12825335516238,71869478914302,186319411343,15837619513,7.8,market_funds,2026-06-13T09:45:10+09:00
2022-11-22,20221122,47854313959269,12825335516238,71869478914302,186319411343,15837619513,7.8,market_funds,2026-06-13T18:32:41+09:00
2022-11-23,20221123,48408082267492,12835789070344,71928191825563,209685755855,12534930026,6.7,market_funds,2026-06-13T09:45:10+09:00
2022-11-23,20221123,48408082267492,12835789070344,71928191825563,209685755855,12534930026,6.7,market_funds,2026-06-13T18:32:41+09:00
2022-11-24,20221124,47730960183349,12778072660574,71585086627539,220296829910,11169294031,5.3,market_funds,2026-06-13T09:45:10+09:00
2022-11-24,20221124,47730960183349,12778072660574,71585086627539,220296829910,11169294031,5.3,market_funds,2026-06-13T18:32:41+09:00
2022-11-25,20221125,47826821551414,12774115028237,71273275011138,180481179701,10804061116,4.9,market_funds,2026-06-13T09:45:10+09:00
2022-11-25,20221125,47826821551414,12774115028237,71273275011138,180481179701,10804061116,4.9,market_funds,2026-06-13T18:32:41+09:00
2022-11-28,20221128,49261218432704,12907183705225,71309878397395,154946924969,11111757654,6.2,market_funds,2026-06-13T09:45:10+09:00
2022-11-28,20221128,49261218432704,12907183705225,71309878397395,154946924969,11111757654,6.2,market_funds,2026-06-13T18:32:41+09:00
2022-11-29,20221129,48237837958222,12917861143308,70847404581220,153878336124,13336547088,8.6,market_funds,2026-06-13T09:45:10+09:00
2022-11-29,20221129,48237837958222,12917861143308,70847404581220,153878336124,13336547088,8.6,market_funds,2026-06-13T18:32:41+09:00
2022-11-30,20221130,46674550140973,12853548122574,70490565819371,174241801753,10111365760,6.6,market_funds,2026-06-13T09:45:10+09:00
2022-11-30,20221130,46674550140973,12853548122574,70490565819371,174241801753,10111365760,6.6,market_funds,2026-06-13T18:32:41+09:00
2022-12-01,20221201,49654674917759,12835570307684,70651180098281,159257364445,10675943856,6.1,market_funds,2026-06-13T09:45:10+09:00
2022-12-01,20221201,49654674917759,12835570307684,70651180098281,159257364445,10675943856,6.1,market_funds,2026-06-13T18:32:41+09:00
2022-12-02,20221202,48179977294323,12808604669705,70449322202048,151364995099,9868314783,6.2,market_funds,2026-06-13T09:45:10+09:00
2022-12-02,20221202,48179977294323,12808604669705,70449322202048,151364995099,9868314783,6.2,market_funds,2026-06-13T18:32:41+09:00
2022-12-05,20221205,47353498733955,12742730400381,70561103730257,169105224677,10362667734,6.8,market_funds,2026-06-13T09:45:10+09:00
2022-12-05,20221205,47353498733955,12742730400381,70561103730257,169105224677,10362667734,6.8,market_funds,2026-06-13T18:32:41+09:00
2022-12-06,20221206,46728306654329,12834696933478,70486454352393,196727166201,16637367574,9.8,market_funds,2026-06-13T09:45:10+09:00
2022-12-06,20221206,46728306654329,12834696933478,70486454352393,196727166201,16637367574,9.8,market_funds,2026-06-13T18:32:41+09:00
2022-12-07,20221207,46009505551954,12812237679960,70538721361650,205199563458,16334558476,8.3,market_funds,2026-06-13T09:45:10+09:00
2022-12-07,20221207,46009505551954,12812237679960,70538721361650,205199563458,16334558476,8.3,market_funds,2026-06-13T18:32:41+09:00
2022-12-08,20221208,46678648578896,12446542303543,70562131640454,194910244230,18778290391,9.2,market_funds,2026-06-13T09:45:10+09:00
2022-12-08,20221208,46678648578896,12446542303543,70562131640454,194910244230,18778290391,9.2,market_funds,2026-06-13T18:32:41+09:00
2022-12-09,20221209,45745200077504,12270825545767,70226875253275,177526530784,13521222600,6.9,market_funds,2026-06-13T09:45:10+09:00
2022-12-09,20221209,45745200077504,12270825545767,70226875253275,177526530784,13521222600,6.9,market_funds,2026-06-13T18:32:41+09:00
2022-12-12,20221212,46330546980722,12110763101937,69912485949358,176275818274,13825719525,7.8,market_funds,2026-06-13T09:45:10+09:00
2022-12-12,20221212,46330546980722,12110763101937,69912485949358,176275818274,13825719525,7.8,market_funds,2026-06-13T18:32:41+09:00
2022-12-13,20221213,45963736494152,11979863134663,69900985321431,172224007212,14177209311,8.0,market_funds,2026-06-13T09:45:10+09:00
2022-12-13,20221213,45963736494152,11979863134663,69900985321431,172224007212,14177209311,8.0,market_funds,2026-06-13T18:32:41+09:00
2022-12-14,20221214,46329601373562,11768141013901,69609497222421,171016064012,13264682203,7.7,market_funds,2026-06-13T09:45:10+09:00
2022-12-14,20221214,46329601373562,11768141013901,69609497222421,171016064012,13264682203,7.7,market_funds,2026-06-13T18:32:41+09:00
2022-12-15,20221215,45213813618934,11579761824328,69399704730699,167845195290,11256690838,6.6,market_funds,2026-06-13T09:45:10+09:00
2022-12-15,20221215,45213813618934,11579761824328,69399704730699,167845195290,11256690838,6.6,market_funds,2026-06-13T18:32:41+09:00
2022-12-16,20221216,46118818894035,11580600449862,69090059305576,156843253568,10756684824,6.4,market_funds,2026-06-13T09:45:10+09:00
2022-12-16,20221216,46118818894035,11580600449862,69090059305576,156843253568,10756684824,6.4,market_funds,2026-06-13T18:32:41+09:00
2022-12-19,20221219,45131663017719,11629792645805,69039410791289,166676203999,13397572311,8.5,market_funds,2026-06-13T09:45:10+09:00
2022-12-19,20221219,45131663017719,11629792645805,69039410791289,166676203999,13397572311,8.5,market_funds,2026-06-13T18:32:41+09:00
2022-12-20,20221220,45363368880934,11574087329911,68906374046965,159316830839,13994398654,8.4,market_funds,2026-06-13T09:45:10+09:00
2022-12-20,20221220,45363368880934,11574087329911,68906374046965,159316830839,13994398654,8.4,market_funds,2026-06-13T18:32:41+09:00
2022-12-21,20221221,45318881046868,11293064327468,68434803585815,157725894655,13869401453,8.7,market_funds,2026-06-13T09:45:10+09:00
2022-12-21,20221221,45318881046868,11293064327468,68434803585815,157725894655,13869401453,8.7,market_funds,2026-06-13T18:32:41+09:00
2022-12-22,20221222,44309164948125,11351969469223,67690402127935,172365041900,14301602534,9.1,market_funds,2026-06-13T09:45:10+09:00
2022-12-22,20221222,44309164948125,11351969469223,67690402127935,172365041900,14301602534,9.1,market_funds,2026-06-13T18:32:41+09:00
2022-12-23,20221223,43902494811730,11365286361309,66265203093764,171313950684,11575474520,6.7,market_funds,2026-06-13T09:45:10+09:00
2022-12-23,20221223,43902494811730,11365286361309,66265203093764,171313950684,11575474520,6.7,market_funds,2026-06-13T18:32:41+09:00
2022-12-26,20221226,47542603766653,11372424766373,64775600098277,154553243807,12265805311,7.2,market_funds,2026-06-13T09:45:10+09:00
2022-12-26,20221226,47542603766653,11372424766373,64775600098277,154553243807,12265805311,7.2,market_funds,2026-06-13T18:32:41+09:00
2022-12-27,20221227,45718241083774,11397557757076,64174220511422,175308004798,17678196847,11.4,market_funds,2026-06-13T09:45:10+09:00
2022-12-27,20221227,45718241083774,11397557757076,64174220511422,175308004798,17678196847,11.4,market_funds,2026-06-13T18:32:41+09:00
2022-12-28,20221228,46984411276703,11423536524975,62452245496664,172715341201,16439319105,9.4,market_funds,2026-06-13T09:45:10+09:00
2022-12-28,20221228,46984411276703,11423536524975,62452245496664,172715341201,16439319105,9.4,market_funds,2026-06-13T18:32:41+09:00
2022-12-29,20221229,47046502702583,11269895572061,62111316212884,176658710410,2080393562,1.2,market_funds,2026-06-13T09:45:10+09:00
2022-12-29,20221229,47046502702583,11269895572061,62111316212884,176658710410,2080393562,1.2,market_funds,2026-06-13T18:32:41+09:00
2022-12-30,20221230,46448436345219,11153997528955,59053207519183,176193115722,9650290964,5.5,market_funds,2026-06-13T09:45:10+09:00
2022-12-30,20221230,46448436345219,11153997528955,59053207519183,176193115722,9650290964,5.5,market_funds,2026-06-13T18:32:41+09:00
2023-01-02,20230102,50833937293095,11170130378330,64019397318463,192353671094,19408126272,11.0,market_funds,2026-06-13T09:45:10+09:00
2023-01-02,20230102,50833937293095,11170130378330,64019397318463,192353671094,19408126272,11.0,market_funds,2026-06-13T18:32:41+09:00
2023-01-03,20230103,48481079753721,11190936136087,65663726749306,211552518763,25026908903,13.0,market_funds,2026-06-13T09:45:10+09:00
2023-01-03,20230103,48481079753721,11190936136087,65663726749306,211552518763,25026908903,13.0,market_funds,2026-06-13T18:32:41+09:00
2023-01-04,20230104,46368152084448,12000426454212,66354304406453,219899322365,21032930831,9.9,market_funds,2026-06-13T09:45:10+09:00
2023-01-04,20230104,46368152084448,12000426454212,66354304406453,219899322365,21032930831,9.9,market_funds,2026-06-13T18:32:41+09:00
2023-01-05,20230105,44976584165262,12332521852509,67128615733063,205393711114,12975494459,5.9,market_funds,2026-06-13T09:45:10+09:00
2023-01-05,20230105,44976584165262,12332521852509,67128615733063,205393711114,12975494459,5.9,market_funds,2026-06-13T18:32:41+09:00
2023-01-06,20230106,44147757917912,12277177373967,67744237136362,162241232155,19168486983,9.3,market_funds,2026-06-13T09:45:10+09:00
2023-01-06,20230106,44147757917912,12277177373967,67744237136362,162241232155,19168486983,9.3,market_funds,2026-06-13T18:32:41+09:00
2023-01-09,20230109,43886393805891,12423191175250,67477236117958,166856443158,12399569012,7.6,market_funds,2026-06-13T09:45:10+09:00
2023-01-09,20230109,43886393805891,12423191175250,67477236117958,166856443158,12399569012,7.6,market_funds,2026-06-13T18:32:41+09:00
2023-01-10,20230110,43692762094670,12304536580557,67429842427924,163343630049,10165765535,6.1,market_funds,2026-06-13T09:45:10+09:00
2023-01-10,20230110,43692762094670,12304536580557,67429842427924,163343630049,10165765535,6.1,market_funds,2026-06-13T18:32:41+09:00
2023-01-11,20230111,44352629033849,12271647467025,67688405901923,145028340928,9223645538,5.6,market_funds,2026-06-13T09:45:10+09:00
2023-01-11,20230111,44352629033849,12271647467025,67688405901923,145028340928,9223645538,5.6,market_funds,2026-06-13T18:32:41+09:00
2023-01-12,20230112,45245664543397,12110168979217,67937179183299,167612427563,9284491341,6.4,market_funds,2026-06-13T09:45:10+09:00
2023-01-12,20230112,45245664543397,12110168979217,67937179183299,167612427563,9284491341,6.4,market_funds,2026-06-13T18:32:41+09:00
2023-01-13,20230113,45600918772737,11882099975366,68214476131949,147090009258,9184788945,5.5,market_funds,2026-06-13T09:45:10+09:00
2023-01-13,20230113,45600918772737,11882099975366,68214476131949,147090009258,9184788945,5.5,market_funds,2026-06-13T18:32:41+09:00
2023-01-16,20230116,45611713863992,12059087926283,68348882623330,155145213825,9588882441,6.5,market_funds,2026-06-13T09:45:10+09:00
2023-01-16,20230116,45611713863992,12059087926283,68348882623330,155145213825,9588882441,6.5,market_funds,2026-06-13T18:32:41+09:00
2023-01-17,20230117,45245575388073,11937531752887,68256894673058,142633104208,11014512709,7.1,market_funds,2026-06-13T09:45:10+09:00
2023-01-17,20230117,45245575388073,11937531752887,68256894673058,142633104208,11014512709,7.1,market_funds,2026-06-13T18:32:41+09:00
2023-01-18,20230118,45653316827396,11992828061855,68399328370172,161425980599,10457762694,7.3,market_funds,2026-06-13T09:45:10+09:00
2023-01-18,20230118,45653316827396,11992828061855,68399328370172,161425980599,10457762694,7.3,market_funds,2026-06-13T18:32:41+09:00
2023-01-19,20230119,44566702949644,12129286466898,68766536861751,178760281110,11593573728,7.2,market_funds,2026-06-13T09:45:10+09:00
2023-01-19,20230119,44566702949644,12129286466898,68766536861751,178760281110,11593573728,7.2,market_funds,2026-06-13T18:32:41+09:00
2023-01-20,20230120,44159948382204,12196637769506,68904650591013,188343811035,14011597729,7.8,market_funds,2026-06-13T09:45:10+09:00
2023-01-20,20230120,44159948382204,12196637769506,68904650591013,188343811035,14011597729,7.8,market_funds,2026-06-13T18:32:41+09:00
2023-01-25,20230125,45026426677255,12346713723907,68570875272652,169136434897,11118478766,5.9,market_funds,2026-06-13T09:45:10+09:00
2023-01-25,20230125,45026426677255,12346713723907,68570875272652,169136434897,11118478766,5.9,market_funds,2026-06-13T18:32:41+09:00
2023-01-26,20230126,45767466153939,12501676165547,68455477715268,154753535789,9499002066,5.6,market_funds,2026-06-13T09:45:10+09:00
2023-01-26,20230126,45767466153939,12501676165547,68455477715268,154753535789,9499002066,5.6,market_funds,2026-06-13T18:32:41+09:00
2023-01-27,20230127,47229225389303,12459851063517,68210034409241,162034735769,8136544882,5.3,market_funds,2026-06-13T09:45:10+09:00
2023-01-27,20230127,47229225389303,12459851063517,68210034409241,162034735769,8136544882,5.3,market_funds,2026-06-13T18:32:41+09:00
2023-01-30,20230130,47123582315834,12437782885133,68540675780651,183606330386,9053391437,5.6,market_funds,2026-06-13T09:45:10+09:00
2023-01-30,20230130,47123582315834,12437782885133,68540675780651,183606330386,9053391437,5.6,market_funds,2026-06-13T18:32:41+09:00
2023-01-31,20230131,49274946730778,12480438340786,68932362794694,183721943846,11335912435,6.2,market_funds,2026-06-13T09:45:10+09:00
2023-01-31,20230131,49274946730778,12480438340786,68932362794694,183721943846,11335912435,6.2,market_funds,2026-06-13T18:32:41+09:00
2023-02-01,20230201,51521791394722,12441346568166,69863655230919,212258429967,14140844718,7.7,market_funds,2026-06-13T09:45:10+09:00
2023-02-01,20230201,51521791394722,12441346568166,69863655230919,212258429967,14140844718,7.7,market_funds,2026-06-13T18:32:41+09:00
2023-02-02,20230202,46459606150884,12492676366070,70166599362419,217781545405,10158226020,4.8,market_funds,2026-06-13T09:45:10+09:00
2023-02-02,20230202,46459606150884,12492676366070,70166599362419,217781545405,10158226020,4.8,market_funds,2026-06-13T18:32:41+09:00
2023-02-03,20230203,47746813579658,12434093584095,70688477027463,210379350546,11378772375,5.2,market_funds,2026-06-13T09:45:10+09:00
2023-02-03,20230203,47746813579658,12434093584095,70688477027463,210379350546,11378772375,5.2,market_funds,2026-06-13T18:32:41+09:00
2023-02-06,20230206,47380231532480,12605918910023,70666857813147,181450466928,10565363097,5.0,market_funds,2026-06-13T09:45:10+09:00
2023-02-06,20230206,47380231532480,12605918910023,70666857813147,181450466928,10565363097,5.0,market_funds,2026-06-13T18:32:41+09:00
2023-02-07,20230207,48161001025400,12463062128662,70105028344070,162338750704,11564341947,6.4,market_funds,2026-06-13T09:45:10+09:00
2023-02-07,20230207,48161001025400,12463062128662,70105028344070,162338750704,11564341947,6.4,market_funds,2026-06-13T18:32:41+09:00
2023-02-08,20230208,46727300920740,12522293681111,70286322283284,185817929466,9204671685,5.7,market_funds,2026-06-13T09:45:10+09:00
2023-02-08,20230208,46727300920740,12522293681111,70286322283284,185817929466,9204671685,5.7,market_funds,2026-06-13T18:32:41+09:00
2023-02-09,20230209,47862312520726,12258701530751,70330489021374,182768086964,10917067288,5.9,market_funds,2026-06-13T09:45:10+09:00
2023-02-09,20230209,47862312520726,12258701530751,70330489021374,182768086964,10917067288,5.9,market_funds,2026-06-13T18:32:41+09:00
2023-02-10,20230210,47084169212212,12116624339616,70101648279781,177812563194,10058999359,5.5,market_funds,2026-06-13T09:45:10+09:00
2023-02-10,20230210,47084169212212,12116624339616,70101648279781,177812563194,10058999359,5.5,market_funds,2026-06-13T18:32:41+09:00
2023-02-13,20230213,47625352273016,12107333594711,70302239322708,185364563194,12945129472,7.3,market_funds,2026-06-13T09:45:10+09:00
2023-02-13,20230213,47625352273016,12107333594711,70302239322708,185364563194,12945129472,7.3,market_funds,2026-06-13T18:32:41+09:00
2023-02-14,20230214,48019527441863,11981120785979,70211566410078,200062984878,13615079427,7.3,market_funds,2026-06-13T09:45:10+09:00
2023-02-14,20230214,48019527441863,11981120785979,70211566410078,200062984878,13615079427,7.3,market_funds,2026-06-13T18:32:41+09:00
2023-02-15,20230215,47437045741686,12092473500330,70267598432057,203421740281,12942834170,6.5,market_funds,2026-06-13T09:45:10+09:00
2023-02-15,20230215,47437045741686,12092473500330,70267598432057,203421740281,12942834170,6.5,market_funds,2026-06-13T18:32:41+09:00
2023-02-16,20230216,47733228065113,12099394089442,70308188928417,170320385341,11777800945,5.8,market_funds,2026-06-13T09:45:10+09:00
2023-02-16,20230216,47733228065113,12099394089442,70308188928417,170320385341,11777800945,5.8,market_funds,2026-06-13T18:32:41+09:00
2023-02-17,20230217,45886568268890,11940177292941,70641973572064,217424078302,12147019382,7.1,market_funds,2026-06-13T09:45:10+09:00
2023-02-17,20230217,45886568268890,11940177292941,70641973572064,217424078302,12147019382,7.1,market_funds,2026-06-13T18:32:41+09:00
2023-02-20,20230220,46860104429355,11909376363438,70755037398501,185047377424,12063972641,5.5,market_funds,2026-06-13T09:45:10+09:00
2023-02-20,20230220,46860104429355,11909376363438,70755037398501,185047377424,12063972641,5.5,market_funds,2026-06-13T18:32:41+09:00
2023-02-21,20230221,46199829608904,11811926260087,70219754736670,182739476175,12747782658,6.9,market_funds,2026-06-13T09:45:10+09:00
2023-02-21,20230221,46199829608904,11811926260087,70219754736670,182739476175,12747782658,6.9,market_funds,2026-06-13T18:32:41+09:00
2023-02-22,20230222,47643367757503,11852603174504,70038117245179,169024303247,10779430783,5.9,market_funds,2026-06-13T09:45:10+09:00
2023-02-22,20230222,47643367757503,11852603174504,70038117245179,169024303247,10779430783,5.9,market_funds,2026-06-13T18:32:41+09:00
2023-02-23,20230223,46877878739504,11785165503799,70641231698151,169661698786,18866887217,11.2,market_funds,2026-06-13T09:45:10+09:00
2023-02-23,20230223,46877878739504,11785165503799,70641231698151,169661698786,18866887217,11.2,market_funds,2026-06-13T18:32:41+09:00
2023-02-24,20230224,46665037559530,11744811711472,70857715819115,190204479009,10992325830,6.5,market_funds,2026-06-13T09:45:10+09:00
2023-02-24,20230224,46665037559530,11744811711472,70857715819115,190204479009,10992325830,6.5,market_funds,2026-06-13T18:32:41+09:00
2023-02-27,20230227,47382593579592,11908129954428,70798628450234,189749917155,10745626430,5.6,market_funds,2026-06-13T09:45:10+09:00
2023-02-27,20230227,47382593579592,11908129954428,70798628450234,189749917155,10745626430,5.6,market_funds,2026-06-13T18:32:41+09:00
2023-02-28,20230228,47739759960716,11800158836353,70837272116877,163712034660,12524761031,6.6,market_funds,2026-06-13T09:45:10+09:00
2023-02-28,20230228,47739759960716,11800158836353,70837272116877,163712034660,12524761031,6.6,market_funds,2026-06-13T18:32:41+09:00
2023-03-02,20230302,48526247284008,11805108085912,63627348333656,169642330251,22411199166,13.7,market_funds,2026-06-13T09:45:10+09:00
2023-03-02,20230302,48526247284008,11805108085912,63627348333656,169642330251,22411199166,13.7,market_funds,2026-06-13T18:32:41+09:00
2023-03-03,20230303,45646458733420,11787523479825,71634648338352,174013570653,17532794526,10.3,market_funds,2026-06-13T09:45:10+09:00
2023-03-03,20230303,45646458733420,11787523479825,71634648338352,174013570653,17532794526,10.3,market_funds,2026-06-13T18:32:41+09:00
2023-03-06,20230306,48327841820860,11858704541348,71668303357334,186626255099,18114151366,10.4,market_funds,2026-06-13T09:45:10+09:00
2023-03-06,20230306,48327841820860,11858704541348,71668303357334,186626255099,18114151366,10.4,market_funds,2026-06-13T18:32:41+09:00
2023-03-07,20230307,49588452310266,11862157837454,72228827548882,182219367710,26608003110,14.3,market_funds,2026-06-13T09:45:10+09:00
2023-03-07,20230307,49588452310266,11862157837454,72228827548882,182219367710,26608003110,14.3,market_funds,2026-06-13T18:32:41+09:00
2023-03-08,20230308,48911904352230,12032345165140,72526362352860,184742796104,18929476415,10.4,market_funds,2026-06-13T09:45:10+09:00
2023-03-08,20230308,48911904352230,12032345165140,72526362352860,184742796104,18929476415,10.4,market_funds,2026-06-13T18:32:41+09:00
2023-03-09,20230309,49880759911786,11969276083010,73443105410595,204948762713,22886116464,12.4,market_funds,2026-06-13T09:45:10+09:00
2023-03-09,20230309,49880759911786,11969276083010,73443105410595,204948762713,22886116464,12.4,market_funds,2026-06-13T18:32:41+09:00
2023-03-10,20230310,48325431614693,11946208365980,73820539877376,240236141231,23201958728,11.3,market_funds,2026-06-13T09:45:10+09:00
2023-03-10,20230310,48325431614693,11946208365980,73820539877376,240236141231,23201958728,11.3,market_funds,2026-06-13T18:32:41+09:00
2023-03-13,20230313,47508462452560,12115367502974,73909549623966,296630221595,30120554999,12.5,market_funds,2026-06-13T09:45:10+09:00
2023-03-13,20230313,47508462452560,12115367502974,73909549623966,296630221595,30120554999,12.5,market_funds,2026-06-13T18:32:41+09:00
2023-03-14,20230314,48076743159421,12179747718288,73700546445804,266693453356,26837514047,9.0,market_funds,2026-06-13T09:45:10+09:00
2023-03-14,20230314,48076743159421,12179747718288,73700546445804,266693453356,26837514047,9.0,market_funds,2026-06-13T18:32:41+09:00
2023-03-15,20230315,48735233021957,12243121992422,73785853958520,208555431102,25060290152,9.4,market_funds,2026-06-13T09:45:10+09:00
2023-03-15,20230315,48735233021957,12243121992422,73785853958520,208555431102,25060290152,9.4,market_funds,2026-06-13T18:32:41+09:00
2023-03-16,20230316,46392371953587,11819288843816,73932785033731,240334183791,23882839082,11.5,market_funds,2026-06-13T09:45:10+09:00
2023-03-16,20230316,46392371953587,11819288843816,73932785033731,240334183791,23882839082,11.5,market_funds,2026-06-13T18:32:41+09:00
2023-03-17,20230317,46325468989207,11713776255825,74064036218755,198715553778,22270059877,9.3,market_funds,2026-06-13T09:45:10+09:00
2023-03-17,20230317,46325468989207,11713776255825,74064036218755,198715553778,22270059877,9.3,market_funds,2026-06-13T18:32:41+09:00
2023-03-20,20230320,46252698565745,11513173853964,73900683539860,194684765405,19080054735,9.6,market_funds,2026-06-13T09:45:10+09:00
2023-03-20,20230320,46252698565745,11513173853964,73900683539860,194684765405,19080054735,9.6,market_funds,2026-06-13T18:32:41+09:00
2023-03-21,20230321,47224473215453,11571832442822,73646352714279,206490332305,23730142330,12.2,market_funds,2026-06-13T09:45:10+09:00
2023-03-21,20230321,47224473215453,11571832442822,73646352714279,206490332305,23730142330,12.2,market_funds,2026-06-13T18:32:41+09:00
2023-03-22,20230322,46332587297562,11381323794681,73815805243217,238808748755,20945711388,10.1,market_funds,2026-06-13T09:45:10+09:00
2023-03-22,20230322,46332587297562,11381323794681,73815805243217,238808748755,20945711388,10.1,market_funds,2026-06-13T18:32:41+09:00
2023-03-23,20230323,47430768642629,11100422762869,74208480747432,194521271090,21691740214,9.1,market_funds,2026-06-13T09:45:10+09:00
2023-03-23,20230323,47430768642629,11100422762869,74208480747432,194521271090,21691740214,9.1,market_funds,2026-06-13T18:32:41+09:00
2023-03-24,20230324,48640046057356,10927928804249,72575038000465,188776267303,20777309953,10.7,market_funds,2026-06-13T09:45:10+09:00
2023-03-24,20230324,48640046057356,10927928804249,72575038000465,188776267303,20777309953,10.7,market_funds,2026-06-13T18:32:41+09:00
2023-03-27,20230327,50544597449490,10821986659948,72149610022521,232031248556,24228061590,12.8,market_funds,2026-06-13T09:45:10+09:00
2023-03-27,20230327,50544597449490,10821986659948,72149610022521,232031248556,24228061590,12.8,market_funds,2026-06-13T18:32:41+09:00
2023-03-28,20230328,49230204060536,10786772497506,72072195491019,208631161640,25919156226,11.2,market_funds,2026-06-13T09:45:10+09:00
2023-03-28,20230328,49230204060536,10786772497506,72072195491019,208631161640,25919156226,11.2,market_funds,2026-06-13T18:32:41+09:00
2023-03-29,20230329,48314835549591,10701683713421,72248107192013,210991688078,24163820832,11.6,market_funds,2026-06-13T09:45:10+09:00
2023-03-29,20230329,48314835549591,10701683713421,72248107192013,210991688078,24163820832,11.6,market_funds,2026-06-13T18:32:41+09:00
2023-03-30,20230330,48687114784223,10620526931359,71588371683833,201565301623,26579111263,12.6,market_funds,2026-06-13T09:45:10+09:00
2023-03-30,20230330,48687114784223,10620526931359,71588371683833,201565301623,26579111263,12.6,market_funds,2026-06-13T18:32:41+09:00
2023-03-31,20230331,50601820360439,10635869400417,68407653132737,185122103171,30768127322,15.3,market_funds,2026-06-13T09:45:10+09:00
2023-03-31,20230331,50601820360439,10635869400417,68407653132737,185122103171,30768127322,15.3,market_funds,2026-06-13T18:32:41+09:00
2023-04-03,20230403,53050470225320,10863171152116,72419677647454,196014209734,13318007682,7.2,market_funds,2026-06-13T09:45:10+09:00
2023-04-03,20230403,53050470225320,10863171152116,72419677647454,196014209734,13318007682,7.2,market_funds,2026-06-13T18:32:41+09:00
2023-04-04,20230404,50530731697881,11485849858297,73542401052060,211514749046,18633225153,9.5,market_funds,2026-06-13T09:45:10+09:00
2023-04-04,20230404,50530731697881,11485849858297,73542401052060,211514749046,18633225153,9.5,market_funds,2026-06-13T18:32:41+09:00
2023-04-05,20230405,49118094997375,11620908600644,73624816276423,205995061733,13724109859,6.5,market_funds,2026-06-13T09:45:10+09:00
2023-04-05,20230405,49118094997375,11620908600644,73624816276423,205995061733,13724109859,6.5,market_funds,2026-06-13T18:32:41+09:00
2023-04-06,20230406,50333106749945,11842082219075,74421985816705,210207265039,12750673327,6.2,market_funds,2026-06-13T09:45:10+09:00
2023-04-06,20230406,50333106749945,11842082219075,74421985816705,210207265039,12750673327,6.2,market_funds,2026-06-13T18:32:41+09:00
2023-04-07,20230407,51022512470636,11877778459019,74777453218516,205383893307,19394799517,9.2,market_funds,2026-06-13T09:45:10+09:00
2023-04-07,20230407,51022512470636,11877778459019,74777453218516,205383893307,19394799517,9.2,market_funds,2026-06-13T18:32:41+09:00
2023-04-10,20230410,49681868090697,11923105030785,74639221002349,243262916054,12398348497,6.0,market_funds,2026-06-13T09:45:10+09:00
2023-04-10,20230410,49681868090697,11923105030785,74639221002349,243262916054,12398348497,6.0,market_funds,2026-06-13T18:32:41+09:00
2023-04-11,20230411,53157854684097,12091000027424,74788347103899,195791061945,13985622336,5.7,market_funds,2026-06-13T09:45:10+09:00
2023-04-11,20230411,53157854684097,12091000027424,74788347103899,195791061945,13985622336,5.7,market_funds,2026-06-13T18:32:41+09:00
2023-04-12,20230412,52400870655394,12200382448061,75117738040642,203334728984,12153601053,6.2,market_funds,2026-06-13T09:45:10+09:00
2023-04-12,20230412,52400870655394,12200382448061,75117738040642,203334728984,12153601053,6.2,market_funds,2026-06-13T18:32:41+09:00
2023-04-13,20230413,53623988163257,12076958506077,75456816320904,219687986752,16961986327,8.3,market_funds,2026-06-13T09:45:10+09:00
2023-04-13,20230413,53623988163257,12076958506077,75456816320904,219687986752,16961986327,8.3,market_funds,2026-06-13T18:32:41+09:00
2023-04-14,20230414,52398731748476,12018590285843,75803686834588,254330833619,19088945461,8.7,market_funds,2026-06-13T09:45:10+09:00
2023-04-14,20230414,52398731748476,12018590285843,75803686834588,254330833619,19088945461,8.7,market_funds,2026-06-13T18:32:41+09:00
2023-04-17,20230417,52891488772643,12068621662847,76426044072429,229004945722,12003988219,4.7,market_funds,2026-06-13T09:45:10+09:00
2023-04-17,20230417,52891488772643,12068621662847,76426044072429,229004945722,12003988219,4.7,market_funds,2026-06-13T18:32:41+09:00
2023-04-18,20230418,53630411924606,12074397099983,76086593093466,192879577102,11591195411,5.1,market_funds,2026-06-13T09:45:10+09:00
2023-04-18,20230418,53630411924606,12074397099983,76086593093466,192879577102,11591195411,5.1,market_funds,2026-06-13T18:32:41+09:00
2023-04-19,20230419,52093290356720,12129487666725,76079353534920,201216467713,11589574829,6.0,market_funds,2026-06-13T09:45:10+09:00
2023-04-19,20230419,52093290356720,12129487666725,76079353534920,201216467713,11589574829,6.0,market_funds,2026-06-13T18:32:41+09:00
2023-04-20,20230420,52647865056123,12094610200944,76546490936260,227890983780,14250561479,7.1,market_funds,2026-06-13T09:45:10+09:00
2023-04-20,20230420,52647865056123,12094610200944,76546490936260,227890983780,14250561479,7.1,market_funds,2026-06-13T18:32:41+09:00
2023-04-21,20230421,53200763785446,12207993852301,76900515882452,227446354754,15504446736,6.8,market_funds,2026-06-13T09:45:10+09:00
2023-04-21,20230421,53200763785446,12207993852301,76900515882452,227446354754,15504446736,6.8,market_funds,2026-06-13T18:32:41+09:00
2023-04-24,20230424,53347496528227,12300098921287,77049986857699,239839832903,16064255677,7.1,market_funds,2026-06-13T09:45:10+09:00
2023-04-24,20230424,53347496528227,12300098921287,77049986857699,239839832903,16064255677,7.1,market_funds,2026-06-13T18:32:41+09:00
2023-04-25,20230425,53771675540434,12184602580553,76435710637208,256853637115,19365523054,8.1,market_funds,2026-06-13T09:45:10+09:00
2023-04-25,20230425,53771675540434,12184602580553,76435710637208,256853637115,19365523054,8.1,market_funds,2026-06-13T18:32:41+09:00
2023-04-26,20230426,53487908982200,12062270842836,76605503083020,271116015185,35073678356,13.7,market_funds,2026-06-13T09:45:10+09:00
2023-04-26,20230426,53487908982200,12062270842836,76605503083020,271116015185,35073678356,13.7,market_funds,2026-06-13T18:32:41+09:00
2023-04-27,20230427,53492834059339,12088604692325,76839615439362,325682419890,26282166570,9.7,market_funds,2026-06-13T09:45:10+09:00
2023-04-27,20230427,53492834059339,12088604692325,76839615439362,325682419890,26282166570,9.7,market_funds,2026-06-13T18:32:41+09:00
2023-04-28,20230428,53142047795399,11930218550268,76585670235912,343251064361,38950765953,12.0,market_funds,2026-06-13T09:45:10+09:00
2023-04-28,20230428,53142047795399,11930218550268,76585670235912,343251064361,38950765953,12.0,market_funds,2026-06-13T18:32:41+09:00
2023-05-02,20230502,54242209885287,11986088734535,76422102790707,433422813925,56315341140,16.4,market_funds,2026-06-13T09:45:10+09:00
2023-05-02,20230502,54242209885287,11986088734535,76422102790707,433422813925,56315341140,16.4,market_funds,2026-06-13T18:32:41+09:00
2023-05-03,20230503,51150174186078,11981927258936,76872800047844,534843242408,59719075513,13.8,market_funds,2026-06-13T09:45:10+09:00
2023-05-03,20230503,51150174186078,11981927258936,76872800047844,534843242408,59719075513,13.8,market_funds,2026-06-13T18:32:41+09:00
2023-05-04,20230504,51997825684347,11986780526174,77428534425915,502914930711,53866410578,10.1,market_funds,2026-06-13T09:45:10+09:00
2023-05-04,20230504,51997825684347,11986780526174,77428534425915,502914930711,53866410578,10.1,market_funds,2026-06-13T18:32:41+09:00
2023-05-08,20230508,50166032214484,12154966867475,77322492795351,510973651677,48042952755,9.6,market_funds,2026-06-13T09:45:10+09:00
2023-05-08,20230508,50166032214484,12154966867475,77322492795351,510973651677,48042952755,9.6,market_funds,2026-06-13T18:32:41+09:00
2023-05-09,20230509,49562997725979,12076260194868,76709355719886,488446097528,49208442204,9.6,market_funds,2026-06-13T09:45:10+09:00
2023-05-09,20230509,49562997725979,12076260194868,76709355719886,488446097528,49208442204,9.6,market_funds,2026-06-13T18:32:41+09:00
2023-05-10,20230510,50207652307683,12104514548388,76703725637909,508158448299,50751635035,10.4,market_funds,2026-06-13T09:45:10+09:00
2023-05-10,20230510,50207652307683,12104514548388,76703725637909,508158448299,50751635035,10.4,market_funds,2026-06-13T18:32:41+09:00
2023-05-11,20230511,50152746255823,12041547272677,77098718695377,512754634473,50565632112,10.0,market_funds,2026-06-13T09:45:10+09:00
2023-05-11,20230511,50152746255823,12041547272677,77098718695377,512754634473,50565632112,10.0,market_funds,2026-06-13T18:32:41+09:00
2023-05-12,20230512,50064301227764,11960605791263,77160392240055,490567418694,49586518184,9.7,market_funds,2026-06-13T09:45:10+09:00
2023-05-12,20230512,50064301227764,11960605791263,77160392240055,490567418694,49586518184,9.7,market_funds,2026-06-13T18:32:41+09:00
2023-05-15,20230515,52149756399000,12013676768980,77588138037827,471068926236,51668384451,10.5,market_funds,2026-06-13T09:45:10+09:00
2023-05-15,20230515,52149756399000,12013676768980,77588138037827,471068926236,51668384451,10.5,market_funds,2026-06-13T18:32:41+09:00
2023-05-16,20230516,49942273726317,11937248956113,76640403866615,468333270121,50372113945,10.7,market_funds,2026-06-13T09:45:10+09:00
2023-05-16,20230516,49942273726317,11937248956113,76640403866615,468333270121,50372113945,10.7,market_funds,2026-06-13T18:32:41+09:00
2023-05-17,20230517,48937765553406,12005090124337,76773564403142,472744394456,45183325258,9.6,market_funds,2026-06-13T09:45:10+09:00
2023-05-17,20230517,48937765553406,12005090124337,76773564403142,472744394456,45183325258,9.6,market_funds,2026-06-13T18:32:41+09:00
2023-05-18,20230518,49735914363613,11975396121266,77613522775995,492244985908,45415301216,9.6,market_funds,2026-06-13T09:45:10+09:00
2023-05-18,20230518,49735914363613,11975396121266,77613522775995,492244985908,45415301216,9.6,market_funds,2026-06-13T18:32:41+09:00
2023-05-19,20230519,49756340630985,12124199125956,77850472271921,450923849331,44495475240,9.0,market_funds,2026-06-13T09:45:10+09:00
2023-05-19,20230519,49756340630985,12124199125956,77850472271921,450923849331,44495475240,9.0,market_funds,2026-06-13T18:32:41+09:00
2023-05-22,20230522,49775301313433,12047787673478,77959278997786,502627621161,46312368969,10.3,market_funds,2026-06-13T09:45:10+09:00
2023-05-22,20230522,49775301313433,12047787673478,77959278997786,502627621161,46312368969,10.3,market_funds,2026-06-13T18:32:41+09:00
2023-05-23,20230523,50588351967632,12076648974790,77532584828239,507039535531,44569754900,8.9,market_funds,2026-06-13T09:45:10+09:00
2023-05-23,20230523,50588351967632,12076648974790,77532584828239,507039535531,44569754900,8.9,market_funds,2026-06-13T18:32:41+09:00
2023-05-24,20230524,51424645068818,12031585449941,77500342050669,552185979114,43701281354,8.6,market_funds,2026-06-13T09:45:10+09:00
2023-05-24,20230524,51424645068818,12031585449941,77500342050669,552185979114,43701281354,8.6,market_funds,2026-06-13T18:32:41+09:00
2023-05-25,20230525,51026571812230,11795735273217,77448288007679,543649538185,43601315785,7.9,market_funds,2026-06-13T09:45:10+09:00
2023-05-25,20230525,51026571812230,11795735273217,77448288007679,543649538185,43601315785,7.9,market_funds,2026-06-13T18:32:41+09:00
2023-05-26,20230526,51030304890338,11701923905503,76989624310249,450141669689,47383433342,8.7,market_funds,2026-06-13T09:45:10+09:00
2023-05-26,20230526,51030304890338,11701923905503,76989624310249,450141669689,47383433342,8.7,market_funds,2026-06-13T18:32:41+09:00
2023-05-30,20230530,51658803731433,11735327292684,76430144045733,486912246082,50588144924,11.2,market_funds,2026-06-13T09:45:10+09:00
2023-05-30,20230530,51658803731433,11735327292684,76430144045733,486912246082,50588144924,11.2,market_funds,2026-06-13T18:32:41+09:00
2023-05-31,20230531,51955272737993,11622482929986,76181884480069,465049362372,47574317182,9.8,market_funds,2026-06-13T09:45:10+09:00
2023-05-31,20230531,51955272737993,11622482929986,76181884480069,465049362372,47574317182,9.8,market_funds,2026-06-13T18:32:41+09:00
2023-06-01,20230601,52734791462242,11737227017112,76744828459931,457069841245,46211482102,9.9,market_funds,2026-06-13T09:45:10+09:00
2023-06-01,20230601,52734791462242,11737227017112,76744828459931,457069841245,46211482102,9.9,market_funds,2026-06-13T18:32:41+09:00
2023-06-02,20230602,50380223509866,11766477554253,77027900432563,454049028448,44288419867,9.7,market_funds,2026-06-13T09:45:10+09:00
2023-06-02,20230602,50380223509866,11766477554253,77027900432563,454049028448,44288419867,9.7,market_funds,2026-06-13T18:32:41+09:00
2023-06-05,20230605,50027273689080,11768025722642,77198600047776,451141488570,45125724447,9.9,market_funds,2026-06-13T09:45:10+09:00
2023-06-05,20230605,50027273689080,11768025722642,77198600047776,451141488570,45125724447,9.9,market_funds,2026-06-13T18:32:41+09:00
2023-06-07,20230607,50784729927296,11767245313881,77182015782427,447277081074,48143725073,10.7,market_funds,2026-06-13T09:45:10+09:00
2023-06-07,20230607,50784729927296,11767245313881,77182015782427,447277081074,48143725073,10.7,market_funds,2026-06-13T18:32:41+09:00
2023-06-08,20230608,50923755358147,11707887075588,77509120953517,439803257173,43653543426,9.8,market_funds,2026-06-13T09:45:10+09:00
2023-06-08,20230608,50923755358147,11707887075588,77509120953517,439803257173,43653543426,9.8,market_funds,2026-06-13T18:32:41+09:00
2023-06-09,20230609,51758161300507,11560253993599,77577121566399,462196875536,45563960749,10.4,market_funds,2026-06-13T09:45:10+09:00
2023-06-09,20230609,51758161300507,11560253993599,77577121566399,462196875536,45563960749,10.4,market_funds,2026-06-13T18:32:41+09:00
2023-06-12,20230612,51641950264679,11477502677518,77339427813835,458090047417,43893470361,9.5,market_funds,2026-06-13T09:45:10+09:00
2023-06-12,20230612,51641950264679,11477502677518,77339427813835,458090047417,43893470361,9.5,market_funds,2026-06-13T18:32:41+09:00
2023-06-13,20230613,52505560659860,11552748114070,77433678814411,445838225828,44717033063,9.8,market_funds,2026-06-13T09:45:10+09:00
2023-06-13,20230613,52505560659860,11552748114070,77433678814411,445838225828,44717033063,9.8,market_funds,2026-06-13T18:32:41+09:00
2023-06-14,20230614,52819484461400,11615033214008,77343850003922,458532441410,45529458583,10.2,market_funds,2026-06-13T09:45:10+09:00
2023-06-14,20230614,52819484461400,11615033214008,77343850003922,458532441410,45529458583,10.2,market_funds,2026-06-13T18:32:41+09:00
2023-06-15,20230615,54221094820083,11529945921806,77282250027887,478235265515,46967619297,10.2,market_funds,2026-06-13T09:45:10+09:00
2023-06-15,20230615,54221094820083,11529945921806,77282250027887,478235265515,46967619297,10.2,market_funds,2026-06-13T18:32:41+09:00
2023-06-16,20230616,51905331270135,11521567606563,77576657931586,528796976875,48392756681,10.1,market_funds,2026-06-13T09:45:10+09:00
2023-06-16,20230616,51905331270135,11521567606563,77576657931586,528796976875,48392756681,10.1,market_funds,2026-06-13T18:32:41+09:00
2023-06-19,20230619,51979275459035,11382738388882,77483598400570,565915357775,48229186837,9.1,market_funds,2026-06-13T09:45:10+09:00
2023-06-19,20230619,51979275459035,11382738388882,77483598400570,565915357775,48229186837,9.1,market_funds,2026-06-13T18:32:41+09:00
2023-06-20,20230620,51825123113191,11410170972925,77267464627755,461508184869,48560543599,8.6,market_funds,2026-06-13T09:45:10+09:00
2023-06-20,20230620,51825123113191,11410170972925,77267464627755,461508184869,48560543599,8.6,market_funds,2026-06-13T18:32:41+09:00
2023-06-21,20230621,51007146678455,11480490740318,76779902154650,486823919032,45870806277,9.9,market_funds,2026-06-13T09:45:10+09:00
2023-06-21,20230621,51007146678455,11480490740318,76779902154650,486823919032,45870806277,9.9,market_funds,2026-06-13T18:32:41+09:00
2023-06-22,20230622,50523624876751,11297665115427,76139584017546,494598960179,49806295621,10.2,market_funds,2026-06-13T09:45:10+09:00
2023-06-22,20230622,50523624876751,11297665115427,76139584017546,494598960179,49806295621,10.2,market_funds,2026-06-13T18:32:41+09:00
2023-06-23,20230623,50652870642609,11004325647409,76655839022925,505342657959,47979704625,9.7,market_funds,2026-06-13T09:45:10+09:00
2023-06-23,20230623,50652870642609,11004325647409,76655839022925,505342657959,47979704625,9.7,market_funds,2026-06-13T18:32:41+09:00
2023-06-26,20230626,51123590988051,10814615845038,75856910547626,493925996842,51697324743,10.2,market_funds,2026-06-13T09:45:10+09:00
2023-06-26,20230626,51123590988051,10814615845038,75856910547626,493925996842,51697324743,10.2,market_funds,2026-06-13T18:32:41+09:00
2023-06-27,20230627,51519172238921,10678047920663,75235136475987,405476386201,47247859561,9.6,market_funds,2026-06-13T09:45:10+09:00
2023-06-27,20230627,51519172238921,10678047920663,75235136475987,405476386201,47247859561,9.6,market_funds,2026-06-13T18:32:41+09:00
2023-06-28,20230628,50915108341302,10624525670185,74839100235384,471702604696,46047504854,11.4,market_funds,2026-06-13T09:45:10+09:00
2023-06-28,20230628,50915108341302,10624525670185,74839100235384,471702604696,46047504854,11.4,market_funds,2026-06-13T18:32:41+09:00
2023-06-29,20230629,50755817062023,10606516942095,73950839264073,473536539359,46270441738,9.8,market_funds,2026-06-13T09:45:10+09:00
2023-06-29,20230629,50755817062023,10606516942095,73950839264073,473536539359,46270441738,9.8,market_funds,2026-06-13T18:32:41+09:00
2023-06-30,20230630,51698602241620,10565321392029,71068918752954,483832404382,46823678807,9.9,market_funds,2026-06-13T09:45:10+09:00
2023-06-30,20230630,51698602241620,10565321392029,71068918752954,483832404382,46823678807,9.9,market_funds,2026-06-13T18:32:41+09:00
2023-07-03,20230703,55022584619643,10593753699784,75402714081544,466035176341,92858461305,19.2,market_funds,2026-06-13T09:45:10+09:00
2023-07-03,20230703,55022584619643,10593753699784,75402714081544,466035176341,92858461305,19.2,market_funds,2026-06-13T18:32:41+09:00
2023-07-04,20230704,51316904392492,11117329200729,76390451382161,438088718319,97666796444,21.0,market_funds,2026-06-13T09:45:10+09:00
2023-07-04,20230704,51316904392492,11117329200729,76390451382161,438088718319,97666796444,21.0,market_funds,2026-06-13T18:32:41+09:00
2023-07-05,20230705,51507237211987,11219966372023,76144298301207,439203558242,44067622998,10.1,market_funds,2026-06-13T09:45:10+09:00
2023-07-05,20230705,51507237211987,11219966372023,76144298301207,439203558242,44067622998,10.1,market_funds,2026-06-13T18:32:41+09:00
2023-07-06,20230706,51246291257479,11558348757580,75305645767443,527239820035,49365745345,11.2,market_funds,2026-06-13T09:45:10+09:00
2023-07-06,20230706,51246291257479,11558348757580,75305645767443,527239820035,49365745345,11.2,market_funds,2026-06-13T18:32:41+09:00
2023-07-07,20230707,50477476837565,11553728262349,75596606757841,524692988202,68355220005,13.0,market_funds,2026-06-13T09:45:10+09:00
2023-07-07,20230707,50477476837565,11553728262349,75596606757841,524692988202,68355220005,13.0,market_funds,2026-06-13T18:32:41+09:00
2023-07-10,20230710,51665532627934,11571502688982,76912974450335,526320985605,49922880144,9.5,market_funds,2026-06-13T09:45:10+09:00
2023-07-10,20230710,51665532627934,11571502688982,76912974450335,526320985605,49922880144,9.5,market_funds,2026-06-13T18:32:41+09:00
2023-07-11,20230711,50306267886197,11576395404363,76086102474116,514350456318,51065666648,9.7,market_funds,2026-06-13T09:45:10+09:00
2023-07-11,20230711,50306267886197,11576395404363,76086102474116,514350456318,51065666648,9.7,market_funds,2026-06-13T18:32:41+09:00
2023-07-12,20230712,50470085803687,11453937895396,76236156345051,564449316511,48699855522,9.5,market_funds,2026-06-13T09:45:10+09:00
2023-07-12,20230712,50470085803687,11453937895396,76236156345051,564449316511,48699855522,9.5,market_funds,2026-06-13T18:32:41+09:00
2023-07-13,20230713,53484751981631,11347189142506,77502417092826,540414731913,48984407550,8.7,market_funds,2026-06-13T09:45:10+09:00
2023-07-13,20230713,53484751981631,11347189142506,77502417092826,540414731913,48984407550,8.7,market_funds,2026-06-13T18:32:41+09:00
2023-07-14,20230714,51112375910518,11281213921738,77052281529700,542538312721,49493988425,9.2,market_funds,2026-06-13T09:45:10+09:00
2023-07-14,20230714,51112375910518,11281213921738,77052281529700,542538312721,49493988425,9.2,market_funds,2026-06-13T18:32:41+09:00
2023-07-17,20230717,50891957669282,11225005154971,77041531712262,505279358090,49154483012,9.1,market_funds,2026-06-13T09:45:10+09:00
2023-07-17,20230717,50891957669282,11225005154971,77041531712262,505279358090,49154483012,9.1,market_funds,2026-06-13T18:32:41+09:00
2023-07-18,20230718,51413304855977,11387397344275,76295452995637,511215351363,49238867940,9.7,market_funds,2026-06-13T09:45:10+09:00
2023-07-18,20230718,51413304855977,11387397344275,76295452995637,511215351363,49238867940,9.7,market_funds,2026-06-13T18:32:41+09:00
2023-07-19,20230719,50955104755696,11367767863842,76548779842909,537981595155,48433871092,9.5,market_funds,2026-06-13T09:45:10+09:00
2023-07-19,20230719,50955104755696,11367767863842,76548779842909,537981595155,48433871092,9.5,market_funds,2026-06-13T18:32:41+09:00
2023-07-20,20230720,53287828720918,11352460789966,77876882221840,555611917131,50033950041,9.3,market_funds,2026-06-13T09:45:10+09:00
2023-07-20,20230720,53287828720918,11352460789966,77876882221840,555611917131,50033950041,9.3,market_funds,2026-06-13T18:32:41+09:00
2023-07-21,20230721,54002393886374,11438040150285,78224742291432,547862059181,51357882687,9.2,market_funds,2026-06-13T09:45:10+09:00
2023-07-21,20230721,54002393886374,11438040150285,78224742291432,547862059181,51357882687,9.2,market_funds,2026-06-13T18:32:41+09:00
2023-07-24,20230724,54153635986321,11342028535823,77840683385634,530991733019,48166994321,8.8,market_funds,2026-06-13T09:45:10+09:00
2023-07-24,20230724,54153635986321,11342028535823,77840683385634,530991733019,48166994321,8.8,market_funds,2026-06-13T18:32:41+09:00
2023-07-25,20230725,55411909589981,11330766007858,76953441867703,524212564346,49517199776,9.3,market_funds,2026-06-13T09:45:10+09:00
2023-07-25,20230725,55411909589981,11330766007858,76953441867703,524212564346,49517199776,9.3,market_funds,2026-06-13T18:32:41+09:00
2023-07-26,20230726,57787784125007,11365179414696,76956415247748,565566388130,49627388200,9.5,market_funds,2026-06-13T09:45:10+09:00
2023-07-26,20230726,57787784125007,11365179414696,76956415247748,565566388130,49627388200,9.5,market_funds,2026-06-13T18:32:41+09:00
2023-07-27,20230727,58199075424009,11344113447288,76861401918098,592595320812,57533991776,10.2,market_funds,2026-06-13T09:45:10+09:00
2023-07-27,20230727,58199075424009,11344113447288,76861401918098,592595320812,57533991776,10.2,market_funds,2026-06-13T18:32:41+09:00
2023-07-28,20230728,55729462042837,11255246902820,76795197872982,773363025536,68487670014,11.6,market_funds,2026-06-13T09:45:10+09:00
2023-07-28,20230728,55729462042837,11255246902820,76795197872982,773363025536,68487670014,11.6,market_funds,2026-06-13T18:32:41+09:00
2023-07-31,20230731,56224225143911,11212661376516,76441121078860,729056498052,74298022916,9.6,market_funds,2026-06-13T09:45:10+09:00
2023-07-31,20230731,56224225143911,11212661376516,76441121078860,729056498052,74298022916,9.6,market_funds,2026-06-13T18:32:41+09:00
2023-08-01,20230801,57160519089849,11337929085915,77196698847412,586270520827,54538875606,7.5,market_funds,2026-06-13T09:45:10+09:00
2023-08-01,20230801,57160519089849,11337929085915,77196698847412,586270520827,54538875606,7.5,market_funds,2026-06-13T18:32:41+09:00
2023-08-02,20230802,55277639762505,11576650634024,77157504416701,540335265330,49950750363,8.5,market_funds,2026-06-13T09:45:10+09:00
2023-08-02,20230802,55277639762505,11576650634024,77157504416701,540335265330,49950750363,8.5,market_funds,2026-06-13T18:32:41+09:00
2023-08-03,20230803,54862771864566,11538280491854,77743486557158,542788292462,57983478098,10.7,market_funds,2026-06-13T09:45:10+09:00
2023-08-03,20230803,54862771864566,11538280491854,77743486557158,542788292462,57983478098,10.7,market_funds,2026-06-13T18:32:41+09:00
2023-08-04,20230804,54184393627826,11549682730291,78206508762193,595562742792,55175438733,10.2,market_funds,2026-06-13T09:45:10+09:00
2023-08-04,20230804,54184393627826,11549682730291,78206508762193,595562742792,55175438733,10.2,market_funds,2026-06-13T18:32:41+09:00
2023-08-07,20230807,54351021530958,11605912752061,78075461383473,580983338842,54372864744,9.1,market_funds,2026-06-13T09:45:10+09:00
2023-08-07,20230807,54351021530958,11605912752061,78075461383473,580983338842,54372864744,9.1,market_funds,2026-06-13T18:32:41+09:00
2023-08-08,20230808,53348991035236,11696770631391,78209275516885,547888913843,54014942444,9.3,market_funds,2026-06-13T09:45:10+09:00
2023-08-08,20230808,53348991035236,11696770631391,78209275516885,547888913843,54014942444,9.3,market_funds,2026-06-13T18:32:41+09:00
2023-08-09,20230809,52716789314637,11811275207722,78171587201310,566433319736,53535908539,9.8,market_funds,2026-06-13T09:45:10+09:00
2023-08-09,20230809,52716789314637,11811275207722,78171587201310,566433319736,53535908539,9.8,market_funds,2026-06-13T18:32:41+09:00
2023-08-10,20230810,52886570442657,11625427897722,78285739175158,554634043796,51139826757,9.0,market_funds,2026-06-13T09:45:10+09:00
2023-08-10,20230810,52886570442657,11625427897722,78285739175158,554634043796,51139826757,9.0,market_funds,2026-06-13T18:32:41+09:00
2023-08-11,20230811,53213413592665,11554821363294,78033399139838,491393449781,49587398527,8.9,market_funds,2026-06-13T09:45:10+09:00
2023-08-11,20230811,53213413592665,11554821363294,78033399139838,491393449781,49587398527,8.9,market_funds,2026-06-13T18:32:41+09:00
2023-08-14,20230814,53528136739906,11629441155510,78064057802452,511230860089,46440058488,9.5,market_funds,2026-06-13T09:45:10+09:00
2023-08-14,20230814,53528136739906,11629441155510,78064057802452,511230860089,46440058488,9.5,market_funds,2026-06-13T18:32:41+09:00
2023-08-16,20230816,55680936913652,11746754922959,78084926031099,515056502219,54777774193,10.7,market_funds,2026-06-13T09:45:10+09:00
2023-08-16,20230816,55680936913652,11746754922959,78084926031099,515056502219,54777774193,10.7,market_funds,2026-06-13T18:32:41+09:00
2023-08-17,20230817,53960446837546,11790378468400,78392133783774,516163253024,51780970385,10.1,market_funds,2026-06-13T09:45:10+09:00
2023-08-17,20230817,53960446837546,11790378468400,78392133783774,516163253024,51780970385,10.1,market_funds,2026-06-13T18:32:41+09:00
2023-08-18,20230818,52594006846514,11718864770441,78458982210423,550284324155,51963590274,10.1,market_funds,2026-06-13T09:45:10+09:00
2023-08-18,20230818,52594006846514,11718864770441,78458982210423,550284324155,51963590274,10.1,market_funds,2026-06-13T18:32:41+09:00
2023-08-21,20230821,52809909014963,11716730645843,78600426608053,581854117532,57268055058,10.4,market_funds,2026-06-13T09:45:10+09:00
2023-08-21,20230821,52809909014963,11716730645843,78600426608053,581854117532,57268055058,10.4,market_funds,2026-06-13T18:32:41+09:00
2023-08-22,20230822,51751200481687,11667646773272,78165382098946,631683017776,52151006925,9.0,market_funds,2026-06-13T09:45:10+09:00
2023-08-22,20230822,51751200481687,11667646773272,78165382098946,631683017776,52151006925,9.0,market_funds,2026-06-13T18:32:41+09:00
2023-08-23,20230823,51488702061323,11680339244192,78274189001408,561341136509,47638095035,7.5,market_funds,2026-06-13T09:45:10+09:00
2023-08-23,20230823,51488702061323,11680339244192,78274189001408,561341136509,47638095035,7.5,market_funds,2026-06-13T18:32:41+09:00
2023-08-24,20230824,52067681024675,11767427271073,78300625916067,511770451346,48501190853,8.6,market_funds,2026-06-13T09:45:10+09:00
2023-08-24,20230824,52067681024675,11767427271073,78300625916067,511770451346,48501190853,8.6,market_funds,2026-06-13T18:32:41+09:00
2023-08-25,20230825,51391325076286,11670655023742,78027477771957,514162339974,47212182930,9.2,market_funds,2026-06-13T09:45:10+09:00
2023-08-25,20230825,51391325076286,11670655023742,78027477771957,514162339974,47212182930,9.2,market_funds,2026-06-13T18:32:41+09:00
2023-08-28,20230828,52743681594862,11585584755571,78216200876553,501560895994,50667436792,9.9,market_funds,2026-06-13T09:45:10+09:00
2023-08-28,20230828,52743681594862,11585584755571,78216200876553,501560895994,50667436792,9.9,market_funds,2026-06-13T18:32:41+09:00
2023-08-29,20230829,51589797092629,11542720728613,78111285022931,508577585595,48203245942,9.6,market_funds,2026-06-13T09:45:10+09:00
2023-08-29,20230829,51589797092629,11542720728613,78111285022931,508577585595,48203245942,9.6,market_funds,2026-06-13T18:32:41+09:00
2023-08-30,20230830,51489906357678,11541559596720,77969833017391,494968247327,46396971575,9.1,market_funds,2026-06-13T09:45:10+09:00
2023-08-30,20230830,51489906357678,11541559596720,77969833017391,494968247327,46396971575,9.1,market_funds,2026-06-13T18:32:41+09:00
2023-08-31,20230831,51578854237616,11523526247223,77315511162135,491120456646,47994751095,9.7,market_funds,2026-06-13T09:45:10+09:00
2023-08-31,20230831,51578854237616,11523526247223,77315511162135,491120456646,47994751095,9.7,market_funds,2026-06-13T18:32:41+09:00
2023-09-01,20230901,52846771699665,11659853026737,77933614554916,513859441044,47928583560,9.8,market_funds,2026-06-13T09:45:10+09:00
2023-09-01,20230901,52846771699665,11659853026737,77933614554916,513859441044,47928583560,9.8,market_funds,2026-06-13T18:32:41+09:00
2023-09-04,20230904,52673236282554,11713939729692,78145300817610,518850480064,47485809912,9.2,market_funds,2026-06-13T09:45:10+09:00
2023-09-04,20230904,52673236282554,11713939729692,78145300817610,518850480064,47485809912,9.2,market_funds,2026-06-13T18:32:41+09:00
2023-09-05,20230905,51301270317897,11643582419247,77967403050384,530351439106,50831719479,9.8,market_funds,2026-06-13T09:45:10+09:00
2023-09-05,20230905,51301270317897,11643582419247,77967403050384,530351439106,50831719479,9.8,market_funds,2026-06-13T18:32:41+09:00
2023-09-06,20230906,51306663251419,11657157419412,78131851242406,516563245873,49180752840,9.3,market_funds,2026-06-13T09:45:10+09:00
2023-09-06,20230906,51306663251419,11657157419412,78131851242406,516563245873,49180752840,9.3,market_funds,2026-06-13T18:32:41+09:00
2023-09-07,20230907,52480975498329,11688417838897,78614498655216,513051283933,48101015533,9.3,market_funds,2026-06-13T09:45:10+09:00
2023-09-07,20230907,52480975498329,11688417838897,78614498655216,513051283933,48101015533,9.3,market_funds,2026-06-13T18:32:41+09:00
2023-09-08,20230908,51061464956076,11346852470048,78583596456496,523595053218,49434174964,9.6,market_funds,2026-06-13T09:45:10+09:00
2023-09-08,20230908,51061464956076,11346852470048,78583596456496,523595053218,49434174964,9.6,market_funds,2026-06-13T18:32:41+09:00
2023-09-11,20230911,52005656479739,11404944733721,78658230722501,535300237068,54819038507,10.5,market_funds,2026-06-13T09:45:10+09:00
2023-09-11,20230911,52005656479739,11404944733721,78658230722501,535300237068,54819038507,10.5,market_funds,2026-06-13T18:32:41+09:00
2023-09-12,20230912,51004962841141,11401986226770,78174261475711,524916803443,50947768701,9.5,market_funds,2026-06-13T09:45:10+09:00
2023-09-12,20230912,51004962841141,11401986226770,78174261475711,524916803443,50947768701,9.5,market_funds,2026-06-13T18:32:41+09:00
2023-09-13,20230913,52158528923796,11528328474216,78271300304610,527784293933,51987112443,9.9,market_funds,2026-06-13T09:45:10+09:00
2023-09-13,20230913,52158528923796,11528328474216,78271300304610,527784293933,51987112443,9.9,market_funds,2026-06-13T18:32:41+09:00
2023-09-14,20230914,52192526186957,11456624457516,78669678815571,567761650298,50385581999,9.5,market_funds,2026-06-13T09:45:10+09:00
2023-09-14,20230914,52192526186957,11456624457516,78669678815571,567761650298,50385581999,9.5,market_funds,2026-06-13T18:32:41+09:00
2023-09-15,20230915,49306665150535,11293527066902,78044233874309,573612836968,51402579038,9.1,market_funds,2026-06-13T09:45:10+09:00
2023-09-15,20230915,49306665150535,11293527066902,78044233874309,573612836968,51402579038,9.1,market_funds,2026-06-13T18:32:41+09:00
2023-09-18,20230918,50001401436931,11215123909032,77874935451462,503676548573,47256057431,8.2,market_funds,2026-06-13T09:45:10+09:00
2023-09-18,20230918,50001401436931,11215123909032,77874935451462,503676548573,47256057431,8.2,market_funds,2026-06-13T18:32:41+09:00
2023-09-19,20230919,50681541084453,11206830197990,77934244605313,486013209033,51789547166,10.3,market_funds,2026-06-13T09:45:10+09:00
2023-09-19,20230919,50681541084453,11206830197990,77934244605313,486013209033,51789547166,10.3,market_funds,2026-06-13T18:32:41+09:00
2023-09-20,20230920,50850026746324,11063282575545,77451874352912,494494516813,49746868462,10.2,market_funds,2026-06-13T09:45:10+09:00
2023-09-20,20230920,50850026746324,11063282575545,77451874352912,494494516813,49746868462,10.2,market_funds,2026-06-13T18:32:41+09:00
2023-09-21,20230921,50859098738119,11020252939712,76756998000545,501845414899,47522120642,9.6,market_funds,2026-06-13T09:45:10+09:00
2023-09-21,20230921,50859098738119,11020252939712,76756998000545,501845414899,47522120642,9.6,market_funds,2026-06-13T18:32:41+09:00
2023-09-22,20230922,48030433035250,10880839258579,73890925762579,500245330033,50511448111,10.1,market_funds,2026-06-13T09:45:10+09:00
2023-09-22,20230922,48030433035250,10880839258579,73890925762579,500245330033,50511448111,10.1,market_funds,2026-06-13T18:32:41+09:00
2023-09-25,20230925,48149464993006,10752612788886,71303693249985,587510192678,58191299821,11.6,market_funds,2026-06-13T09:45:10+09:00
2023-09-25,20230925,48149464993006,10752612788886,71303693249985,587510192678,58191299821,11.6,market_funds,2026-06-13T18:32:41+09:00
2023-09-26,20230926,52631446292055,10734744003858,73872668329377,521508027633,57476880528,9.8,market_funds,2026-06-13T09:45:10+09:00
2023-09-26,20230926,52631446292055,10734744003858,73872668329377,521508027633,57476880528,9.8,market_funds,2026-06-13T18:32:41+09:00
2023-09-27,20230927,49989963530490,10438237156574,72376365976416,577511299147,54345476321,10.4,market_funds,2026-06-13T09:45:10+09:00
2023-09-27,20230927,49989963530490,10438237156574,72376365976416,577511299147,54345476321,10.4,market_funds,2026-06-13T18:32:41+09:00
2023-10-04,20231004,52246748744797,11006271763560,75668118978723,639897976996,49938544504,8.6,market_funds,2026-06-13T09:45:10+09:00
2023-10-04,20231004,52246748744797,11006271763560,75668118978723,639897976996,49938544504,8.6,market_funds,2026-06-13T18:32:41+09:00
2023-10-05,20231005,50491770822242,11363119352007,77244190534314,549282069524,54747236105,8.6,market_funds,2026-06-13T09:45:10+09:00
2023-10-05,20231005,50491770822242,11363119352007,77244190534314,549282069524,54747236105,8.6,market_funds,2026-06-13T18:32:41+09:00
2023-10-06,20231006,47445187502469,11284950353944,76567994138579,569791953866,56363502055,10.3,market_funds,2026-06-13T09:45:10+09:00
2023-10-06,20231006,47445187502469,11284950353944,76567994138579,569791953866,56363502055,10.3,market_funds,2026-06-13T18:32:41+09:00
2023-10-10,20231010,46538919425606,11363965750891,76782743321801,570490368334,51580620436,9.1,market_funds,2026-06-13T09:45:10+09:00
2023-10-10,20231010,46538919425606,11363965750891,76782743321801,570490368334,51580620436,9.1,market_funds,2026-06-13T18:32:41+09:00
2023-10-11,20231011,46785913130761,11267785850991,76362260253100,531027345498,54478258812,9.5,market_funds,2026-06-13T09:45:10+09:00
2023-10-11,20231011,46785913130761,11267785850991,76362260253100,531027345498,54478258812,9.5,market_funds,2026-06-13T18:32:41+09:00
2023-10-12,20231012,49099045631842,11061290092937,76938478596698,541078114453,51449712040,9.7,market_funds,2026-06-13T09:45:10+09:00
2023-10-12,20231012,49099045631842,11061290092937,76938478596698,541078114453,51449712040,9.7,market_funds,2026-06-13T18:32:41+09:00
2023-10-13,20231013,49492019522589,11005066289467,78781731538164,512844654337,45671241757,8.4,market_funds,2026-06-13T09:45:10+09:00
2023-10-13,20231013,49492019522589,11005066289467,78781731538164,512844654337,45671241757,8.4,market_funds,2026-06-13T18:32:41+09:00
2023-10-16,20231016,47762767491134,11018352886923,78694722262074,501399760565,47068992337,9.2,market_funds,2026-06-13T09:45:10+09:00
2023-10-16,20231016,47762767491134,11018352886923,78694722262074,501399760565,47068992337,9.2,market_funds,2026-06-13T18:32:41+09:00
2023-10-17,20231017,46595624833599,11008854328528,78114046273232,517395490113,51151784572,10.2,market_funds,2026-06-13T09:45:10+09:00
2023-10-17,20231017,46595624833599,11008854328528,78114046273232,517395490113,51151784572,10.2,market_funds,2026-06-13T18:32:41+09:00
2023-10-18,20231018,46635303022232,10859219012081,78249413690062,762277588525,276754632854,53.5,market_funds,2026-06-13T09:45:10+09:00
2023-10-18,20231018,46635303022232,10859219012081,78249413690062,762277588525,276754632854,53.5,market_funds,2026-06-13T18:32:41+09:00
2023-10-19,20231019,47248931368989,10815184018776,77953468806972,1001377754796,525720253813,69.0,market_funds,2026-06-13T09:45:10+09:00
2023-10-19,20231019,47248931368989,10815184018776,77953468806972,1001377754796,525720253813,69.0,market_funds,2026-06-13T18:32:41+09:00
2023-10-20,20231020,47898485023375,10795221786970,77782028267018,1025862832050,549736620625,54.9,market_funds,2026-06-13T09:45:10+09:00
2023-10-20,20231020,47898485023375,10795221786970,77782028267018,1025862832050,549736620625,54.9,market_funds,2026-06-13T18:32:41+09:00
2023-10-23,20231023,48228825968629,10871135867183,78085706756042,1031969549196,553290184920,53.9,market_funds,2026-06-13T09:45:10+09:00
2023-10-23,20231023,48228825968629,10871135867183,78085706756042,1031969549196,553290184920,53.9,market_funds,2026-06-13T18:32:41+09:00
2023-10-24,20231024,47033963478669,10847989658461,77717604617288,1048618042028,548728906908,53.2,market_funds,2026-06-13T09:45:10+09:00
2023-10-24,20231024,47033963478669,10847989658461,77717604617288,1048618042028,548728906908,53.2,market_funds,2026-06-13T18:32:41+09:00
2023-10-25,20231025,46534123853176,10835468013637,77547709872234,1037630768295,9621678099,0.9,market_funds,2026-06-13T09:45:10+09:00
2023-10-25,20231025,46534123853176,10835468013637,77547709872234,1037630768295,9621678099,0.9,market_funds,2026-06-13T18:32:41+09:00
2023-10-26,20231026,48547446928349,10985696879360,77933113331346,1002768260820,11333555206,1.1,market_funds,2026-06-13T09:45:10+09:00
2023-10-26,20231026,48547446928349,10985696879360,77933113331346,1002768260820,11333555206,1.1,market_funds,2026-06-13T18:32:41+09:00
2023-10-27,20231027,48445978733893,10815802989735,77547162475090,1028367452364,12700281805,1.3,market_funds,2026-06-13T09:45:10+09:00
2023-10-27,20231027,48445978733893,10815802989735,77547162475090,1028367452364,12700281805,1.3,market_funds,2026-06-13T18:32:41+09:00
2023-10-30,20231030,47194480926419,10797735446330,77173838580933,1175309665957,12215490353,1.2,market_funds,2026-06-13T09:45:10+09:00
2023-10-30,20231030,47194480926419,10797735446330,77173838580933,1175309665957,12215490353,1.2,market_funds,2026-06-13T18:32:41+09:00
2023-10-31,20231031,46056992491236,10732844972078,76985774904282,1012517427334,8387475595,0.7,market_funds,2026-06-13T09:45:10+09:00
2023-10-31,20231031,46056992491236,10732844972078,76985774904282,1012517427334,8387475595,0.7,market_funds,2026-06-13T18:32:41+09:00
2023-11-01,20231101,46011980139826,10767881926661,76994427684733,992499480521,10367258483,1.0,market_funds,2026-06-13T09:45:10+09:00
2023-11-01,20231101,46011980139826,10767881926661,76994427684733,992499480521,10367258483,1.0,market_funds,2026-06-13T18:32:41+09:00
2023-11-02,20231102,45021523427793,10601346638224,77079353207164,983511641389,21778246865,2.2,market_funds,2026-06-13T09:45:10+09:00
2023-11-02,20231102,45021523427793,10601346638224,77079353207164,983511641389,21778246865,2.2,market_funds,2026-06-13T18:32:41+09:00
2023-11-03,20231103,44682019011733,10551053285659,76998725739110,954602562964,50624009569,5.1,market_funds,2026-06-13T09:45:10+09:00
2023-11-03,20231103,44682019011733,10551053285659,76998725739110,954602562964,50624009569,5.1,market_funds,2026-06-13T18:32:41+09:00
2023-11-06,20231106,47429768978928,10784674591595,76681108227624,925889108186,2137336482,0.2,market_funds,2026-06-13T09:45:10+09:00
2023-11-06,20231106,47429768978928,10784674591595,76681108227624,925889108186,2137336482,0.2,market_funds,2026-06-13T18:32:41+09:00
2023-11-07,20231107,47810096706066,10877778335436,77303330651160,906491750063,4321001844,0.5,market_funds,2026-06-13T09:45:10+09:00
2023-11-07,20231107,47810096706066,10877778335436,77303330651160,906491750063,4321001844,0.5,market_funds,2026-06-13T18:32:41+09:00
2023-11-08,20231108,47870312452356,10766075756180,77777376016709,1028594134592,1946100804,0.2,market_funds,2026-06-13T09:45:10+09:00
2023-11-08,20231108,47870312452356,10766075756180,77777376016709,1028594134592,1946100804,0.2,market_funds,2026-06-13T18:32:41+09:00
2023-11-09,20231109,47202389873911,10574577916067,77626294305755,1049026842617,5925704889,0.6,market_funds,2026-06-13T09:45:10+09:00
2023-11-09,20231109,47202389873911,10574577916067,77626294305755,1049026842617,5925704889,0.6,market_funds,2026-06-13T18:32:41+09:00
2023-11-10,20231110,48174448649549,10568199210180,77200076011479,981044865280,10490199025,1.0,market_funds,2026-06-13T09:45:10+09:00
2023-11-10,20231110,48174448649549,10568199210180,77200076011479,981044865280,10490199025,1.0,market_funds,2026-06-13T18:32:41+09:00
2023-11-13,20231113,47908208497305,10610556756186,77992618750432,943956762213,5149844216,0.5,market_funds,2026-06-13T09:45:10+09:00
2023-11-13,20231113,47908208497305,10610556756186,77992618750432,943956762213,5149844216,0.5,market_funds,2026-06-13T18:32:41+09:00
2023-11-14,20231114,47007275913393,10611835909543,77678053486403,936435384362,7292442517,0.8,market_funds,2026-06-13T09:45:10+09:00
2023-11-14,20231114,47007275913393,10611835909543,77678053486403,936435384362,7292442517,0.8,market_funds,2026-06-13T18:32:41+09:00
2023-11-15,20231115,47585413602484,10705097439475,77640398143447,948375383656,3463730763,0.4,market_funds,2026-06-13T09:45:10+09:00
2023-11-15,20231115,47585413602484,10705097439475,77640398143447,948375383656,3463730763,0.4,market_funds,2026-06-13T18:32:41+09:00
2023-11-16,20231116,46823695620895,10615267940385,78856720739547,932874044827,2945303960,0.3,market_funds,2026-06-13T09:45:10+09:00
2023-11-16,20231116,46823695620895,10615267940385,78856720739547,932874044827,2945303960,0.3,market_funds,2026-06-13T18:32:41+09:00
2023-11-17,20231117,46961130765517,10659679225041,78107282284377,931572279883,2408700505,0.3,market_funds,2026-06-13T09:45:10+09:00
2023-11-17,20231117,46961130765517,10659679225041,78107282284377,931572279883,2408700505,0.3,market_funds,2026-06-13T18:32:41+09:00
2023-11-20,20231120,47261054625856,10685502209377,78056898436339,945058275203,5200015313,0.6,market_funds,2026-06-13T09:45:10+09:00
2023-11-20,20231120,47261054625856,10685502209377,78056898436339,945058275203,5200015313,0.6,market_funds,2026-06-13T18:32:41+09:00
2023-11-21,20231121,47982567280332,10693504283840,79044904655445,940457933860,9849519438,1.0,market_funds,2026-06-13T09:45:10+09:00
2023-11-21,20231121,47982567280332,10693504283840,79044904655445,940457933860,9849519438,1.0,market_funds,2026-06-13T18:32:41+09:00
2023-11-22,20231122,47837544802630,10750814930417,78687109924658,943228766639,2544565888,0.3,market_funds,2026-06-13T09:45:10+09:00
2023-11-22,20231122,47837544802630,10750814930417,78687109924658,943228766639,2544565888,0.3,market_funds,2026-06-13T18:32:41+09:00
2023-11-23,20231123,47343873402888,10712903106100,78877655266466,962344518146,2864873056,0.3,market_funds,2026-06-13T09:45:10+09:00
2023-11-23,20231123,47343873402888,10712903106100,78877655266466,962344518146,2864873056,0.3,market_funds,2026-06-13T18:32:41+09:00
2023-11-24,20231124,47497547940184,10755189814307,78608790747853,953089514555,4208348374,0.4,market_funds,2026-06-13T09:45:10+09:00
2023-11-24,20231124,47497547940184,10755189814307,78608790747853,953089514555,4208348374,0.4,market_funds,2026-06-13T18:32:41+09:00
2023-11-27,20231127,47988454433294,10731165219312,78261526867451,967431564176,3159248803,0.3,market_funds,2026-06-13T09:45:10+09:00
2023-11-27,20231127,47988454433294,10731165219312,78261526867451,967431564176,3159248803,0.3,market_funds,2026-06-13T18:32:41+09:00
2023-11-28,20231128,48538664325985,10699000094225,78386961912936,937684889125,3897021615,0.4,market_funds,2026-06-13T09:45:10+09:00
2023-11-28,20231128,48538664325985,10699000094225,78386961912936,937684889125,3897021615,0.4,market_funds,2026-06-13T18:32:41+09:00
2023-11-29,20231129,47877867061143,10747964215106,78203385489015,943066024243,2794267431,0.3,market_funds,2026-06-13T09:45:10+09:00
2023-11-29,20231129,47877867061143,10747964215106,78203385489015,943066024243,2794267431,0.3,market_funds,2026-06-13T18:32:41+09:00
2023-11-30,20231130,48480990753838,10708499359357,78116023329554,940931013417,5642877016,0.6,market_funds,2026-06-13T09:45:10+09:00
2023-11-30,20231130,48480990753838,10708499359357,78116023329554,940931013417,5642877016,0.6,market_funds,2026-06-13T18:32:41+09:00
2023-12-01,20231201,48668108331995,10904692146611,78639877901750,944237759253,3569463164,0.4,market_funds,2026-06-13T09:45:10+09:00
2023-12-01,20231201,48668108331995,10904692146611,78639877901750,944237759253,3569463164,0.4,market_funds,2026-06-13T18:32:41+09:00
2023-12-04,20231204,48393027233700,11175839445103,77462059972954,947651063934,4657920680,0.5,market_funds,2026-06-13T09:45:10+09:00
2023-12-04,20231204,48393027233700,11175839445103,77462059972954,947651063934,4657920680,0.5,market_funds,2026-06-13T18:32:41+09:00
2023-12-05,20231205,47545031092704,11263282949986,76959856463582,973020574086,8071699875,0.9,market_funds,2026-06-13T09:45:10+09:00
2023-12-05,20231205,47545031092704,11263282949986,76959856463582,973020574086,8071699875,0.9,market_funds,2026-06-13T18:32:41+09:00
2023-12-06,20231206,48981127173415,11303684680893,78202642263934,1000233051182,7701711073,0.8,market_funds,2026-06-13T09:45:10+09:00
2023-12-06,20231206,48981127173415,11303684680893,78202642263934,1000233051182,7701711073,0.8,market_funds,2026-06-13T18:32:41+09:00
2023-12-07,20231207,50381531757216,11376123108214,78869145942562,998210525177,7288782870,0.7,market_funds,2026-06-13T09:45:10+09:00
2023-12-07,20231207,50381531757216,11376123108214,78869145942562,998210525177,7288782870,0.7,market_funds,2026-06-13T18:32:41+09:00
2023-12-08,20231208,48201151627143,11035622792736,79017959496492,957383952376,7672512348,0.8,market_funds,2026-06-13T09:45:10+09:00
2023-12-08,20231208,48201151627143,11035622792736,79017959496492,957383952376,7672512348,0.8,market_funds,2026-06-13T18:32:41+09:00
2023-12-11,20231211,48608730089790,11157465160876,79219531219265,946658143266,3495330038,0.4,market_funds,2026-06-13T09:45:10+09:00
2023-12-11,20231211,48608730089790,11157465160876,79219531219265,946658143266,3495330038,0.4,market_funds,2026-06-13T18:32:41+09:00
2023-12-12,20231212,49483076039446,10865451507565,79338312895123,935232292940,5597626284,0.6,market_funds,2026-06-13T09:45:10+09:00
2023-12-12,20231212,49483076039446,10865451507565,79338312895123,935232292940,5597626284,0.6,market_funds,2026-06-13T18:32:41+09:00
2023-12-13,20231213,50161087109715,10858304983261,79121126675763,944382026123,3747907856,0.4,market_funds,2026-06-13T09:45:10+09:00
2023-12-13,20231213,50161087109715,10858304983261,79121126675763,944382026123,3747907856,0.4,market_funds,2026-06-13T18:32:41+09:00
2023-12-14,20231214,51332845696034,10826313097582,79149258751777,929392232180,6441251687,0.7,market_funds,2026-06-13T09:45:10+09:00
2023-12-14,20231214,51332845696034,10826313097582,79149258751777,929392232180,6441251687,0.7,market_funds,2026-06-13T18:32:41+09:00
2023-12-15,20231215,48313021291091,10871621215641,77935453684015,949567491416,4110627584,0.4,market_funds,2026-06-13T09:45:10+09:00
2023-12-15,20231215,48313021291091,10871621215641,77935453684015,949567491416,4110627584,0.4,market_funds,2026-06-13T18:32:41+09:00
2023-12-18,20231218,49587021030194,10802726059273,78236808469464,943149372203,2727198139,0.3,market_funds,2026-06-13T09:45:10+09:00
2023-12-18,20231218,49587021030194,10802726059273,78236808469464,943149372203,2727198139,0.3,market_funds,2026-06-13T18:32:41+09:00
2023-12-19,20231219,53132045154682,10686025881029,79509684048174,927542796440,4863605638,0.5,market_funds,2026-06-13T09:45:10+09:00
2023-12-19,20231219,53132045154682,10686025881029,79509684048174,927542796440,4863605638,0.5,market_funds,2026-06-13T18:32:41+09:00
2023-12-20,20231220,52117242806651,10832219462255,79019799757044,943888674389,4040649348,0.4,market_funds,2026-06-13T09:45:10+09:00
2023-12-20,20231220,52117242806651,10832219462255,79019799757044,943888674389,4040649348,0.4,market_funds,2026-06-13T18:32:41+09:00
2023-12-21,20231221,51862425022497,10872682660065,78695767243724,942551554758,4310226626,0.5,market_funds,2026-06-13T09:45:10+09:00
2023-12-21,20231221,51862425022497,10872682660065,78695767243724,942551554758,4310226626,0.5,market_funds,2026-06-13T18:32:41+09:00
2023-12-22,20231222,52612249874906,10832598859021,78248484523949,956474497019,2106061248,0.2,market_funds,2026-06-13T09:45:10+09:00
2023-12-22,20231222,52612249874906,10832598859021,78248484523949,956474497019,2106061248,0.2,market_funds,2026-06-13T18:32:41+09:00
2023-12-26,20231226,53683432615583,10907452305545,77173148505770,966186998400,6756032024,0.7,market_funds,2026-06-13T09:45:10+09:00
2023-12-26,20231226,53683432615583,10907452305545,77173148505770,966186998400,6756032024,0.7,market_funds,2026-06-13T18:32:41+09:00
2023-12-27,20231227,56463643876998,10972871663910,76434435042061,970733962085,9201448044,1.0,market_funds,2026-06-13T09:45:10+09:00
2023-12-27,20231227,56463643876998,10972871663910,76434435042061,970733962085,9201448044,1.0,market_funds,2026-06-13T18:32:41+09:00
2023-12-28,20231228,53815555056566,11058552173071,74594081021109,972915830880,5173206152,0.5,market_funds,2026-06-13T09:45:10+09:00
2023-12-28,20231228,53815555056566,11058552173071,74594081021109,972915830880,5173206152,0.5,market_funds,2026-06-13T18:32:41+09:00
2023-12-29,20231229,52753715011589,10940853049846,71619015842261,970249295760,0,0.0,market_funds,2026-06-13T09:45:10+09:00
2023-12-29,20231229,52753715011589,10940853049846,71619015842261,970249295760,0,0.0,market_funds,2026-06-13T18:32:41+09:00
2024-01-02,20240102,59494890989443,11051525596329,76589199036666,971290759796,5397137863,0.6,market_funds,2026-06-13T09:45:10+09:00
2024-01-02,20240102,59494890989443,11051525596329,76589199036666,971290759796,5397137863,0.6,market_funds,2026-06-13T18:32:41+09:00
2024-01-03,20240103,56954475252804,11166905579217,78780116561466,950646526676,6542030044,0.7,market_funds,2026-06-13T09:45:10+09:00
2024-01-03,20240103,56954475252804,11166905579217,78780116561466,950646526676,6542030044,0.7,market_funds,2026-06-13T18:32:41+09:00
2024-01-04,20240104,54249209785765,11065412730504,80341304866687,971631550372,5949284564,0.6,market_funds,2026-06-13T09:45:10+09:00
2024-01-04,20240104,54249209785765,11065412730504,80341304866687,971631550372,5949284564,0.6,market_funds,2026-06-13T18:32:41+09:00
2024-01-05,20240105,52011555441692,11388853740633,80694979525058,1009419214117,7344324275,0.8,market_funds,2026-06-13T09:45:10+09:00
2024-01-05,20240105,52011555441692,11388853740633,80694979525058,1009419214117,7344324275,0.8,market_funds,2026-06-13T18:32:41+09:00
2024-01-08,20240108,51222575564968,11423696109681,80904859408816,1046299984830,8807132125,0.9,market_funds,2026-06-13T09:45:10+09:00
2024-01-08,20240108,51222575564968,11423696109681,80904859408816,1046299984830,8807132125,0.9,market_funds,2026-06-13T18:32:41+09:00
2024-01-09,20240109,51732291839056,11353308058020,80980757310037,1051784291936,7520305730,0.7,market_funds,2026-06-13T09:45:10+09:00
2024-01-09,20240109,51732291839056,11353308058020,80980757310037,1051784291936,7520305730,0.7,market_funds,2026-06-13T18:32:41+09:00
2024-01-10,20240110,49959444726951,11408816804405,80791654862998,1045009396636,5293023524,0.5,market_funds,2026-06-13T09:45:10+09:00
2024-01-10,20240110,49959444726951,11408816804405,80791654862998,1045009396636,5293023524,0.5,market_funds,2026-06-13T18:32:41+09:00
2024-01-11,20240111,52793443461612,11358505770850,81189830814755,967223078803,6084086477,0.6,market_funds,2026-06-13T09:45:10+09:00
2024-01-11,20240111,52793443461612,11358505770850,81189830814755,967223078803,6084086477,0.6,market_funds,2026-06-13T18:32:41+09:00
2024-01-12,20240112,50878837355763,11188264674770,81435438964361,977191208988,8494411388,0.9,market_funds,2026-06-13T09:45:10+09:00
2024-01-12,20240112,50878837355763,11188264674770,81435438964361,977191208988,8494411388,0.9,market_funds,2026-06-13T18:32:41+09:00
2024-01-15,20240115,51927268491252,11185229380132,81237652492131,1138703764632,9724284799,1.0,market_funds,2026-06-13T09:45:10+09:00
2024-01-15,20240115,51927268491252,11185229380132,81237652492131,1138703764632,9724284799,1.0,market_funds,2026-06-13T18:32:41+09:00
2024-01-16,20240116,50368654172620,11198384838475,80874583589912,1067713556080,7674104026,0.7,market_funds,2026-06-13T09:45:10+09:00
2024-01-16,20240116,50368654172620,11198384838475,80874583589912,1067713556080,7674104026,0.7,market_funds,2026-06-13T18:32:41+09:00
2024-01-17,20240117,49987109858114,11239092620083,80423374624539,976317652362,7953147597,0.7,market_funds,2026-06-13T09:45:10+09:00
2024-01-17,20240117,49987109858114,11239092620083,80423374624539,976317652362,7953147597,0.7,market_funds,2026-06-13T18:32:41+09:00
2024-01-18,20240118,49059193016243,11255351448644,79497952900846,988422469395,10165132761,1.0,market_funds,2026-06-13T09:45:10+09:00
2024-01-18,20240118,49059193016243,11255351448644,79497952900846,988422469395,10165132761,1.0,market_funds,2026-06-13T18:32:41+09:00
2024-01-19,20240119,49560124023790,11264323791185,80112824512852,1019885621527,9920626886,1.0,market_funds,2026-06-13T09:45:10+09:00
2024-01-19,20240119,49560124023790,11264323791185,80112824512852,1019885621527,9920626886,1.0,market_funds,2026-06-13T18:32:41+09:00
2024-01-22,20240122,50292258501590,11154376584574,81227413846796,983997847360,5935664042,0.6,market_funds,2026-06-13T09:45:10+09:00
2024-01-22,20240122,50292258501590,11154376584574,81227413846796,983997847360,5935664042,0.6,market_funds,2026-06-13T18:32:41+09:00
2024-01-23,20240123,50370043975601,11076066212653,81012152574924,959522562252,8554229629,0.9,market_funds,2026-06-13T09:45:10+09:00
2024-01-23,20240123,50370043975601,11076066212653,81012152574924,959522562252,8554229629,0.9,market_funds,2026-06-13T18:32:41+09:00
2024-01-24,20240124,49780359084815,11159394545005,79836540979516,970048425796,6470287504,0.7,market_funds,2026-06-13T09:45:10+09:00
2024-01-24,20240124,49780359084815,11159394545005,79836540979516,970048425796,6470287504,0.7,market_funds,2026-06-13T18:32:41+09:00
2024-01-25,20240125,50502974661916,11085799641109,79168306354233,946057982492,4527482255,0.5,market_funds,2026-06-13T09:45:10+09:00
2024-01-25,20240125,50502974661916,11085799641109,79168306354233,946057982492,4527482255,0.5,market_funds,2026-06-13T18:32:41+09:00
2024-01-26,20240126,49064939632211,11102961036713,80107134044669,935455278941,5365310326,0.6,market_funds,2026-06-13T09:45:10+09:00
2024-01-26,20240126,49064939632211,11102961036713,80107134044669,935455278941,5365310326,0.6,market_funds,2026-06-13T18:32:41+09:00
2024-01-29,20240129,52204105279237,11112503594041,80048699035166,941580267220,3322530671,0.4,market_funds,2026-06-13T09:45:10+09:00
2024-01-29,20240129,52204105279237,11112503594041,80048699035166,941580267220,3322530671,0.4,market_funds,2026-06-13T18:32:41+09:00
2024-01-30,20240130,51233378143453,11024719165823,80497170728357,931146496564,7254752610,0.8,market_funds,2026-06-13T09:45:10+09:00
2024-01-30,20240130,51233378143453,11024719165823,80497170728357,931146496564,7254752610,0.8,market_funds,2026-06-13T18:32:41+09:00
2024-01-31,20240131,50743423651519,11098228354061,80408143535106,953251938442,4835679604,0.5,market_funds,2026-06-13T09:45:10+09:00
2024-01-31,20240131,50743423651519,11098228354061,80408143535106,953251938442,4835679604,0.5,market_funds,2026-06-13T18:32:41+09:00
2024-02-01,20240201,52047649070878,11055456434155,81032694687225,956238413137,7322841817,0.8,market_funds,2026-06-13T09:45:10+09:00
2024-02-01,20240201,52047649070878,11055456434155,81032694687225,956238413137,7322841817,0.8,market_funds,2026-06-13T18:32:41+09:00
2024-02-02,20240202,50823998181963,11124388081766,81263092502298,954911988459,5952680622,0.6,market_funds,2026-06-13T09:45:10+09:00
2024-02-02,20240202,50823998181963,11124388081766,81263092502298,954911988459,5952680622,0.6,market_funds,2026-06-13T18:32:41+09:00
2024-02-05,20240205,50840645167416,10973802185587,81586977819241,937761653456,3481871023,0.4,market_funds,2026-06-13T09:45:10+09:00
2024-02-05,20240205,50840645167416,10973802185587,81586977819241,937761653456,3481871023,0.4,market_funds,2026-06-13T18:32:41+09:00
2024-02-06,20240206,52894853414510,10794663921212,82372984268880,927654749592,3574591603,0.4,market_funds,2026-06-13T09:45:10+09:00
2024-02-06,20240206,52894853414510,10794663921212,82372984268880,927654749592,3574591603,0.4,market_funds,2026-06-13T18:32:41+09:00
2024-02-07,20240207,51662116484832,10867698264242,82200431320973,945701379099,4809247358,0.5,market_funds,2026-06-13T09:45:10+09:00
2024-02-07,20240207,51662116484832,10867698264242,82200431320973,945701379099,4809247358,0.5,market_funds,2026-06-13T18:32:41+09:00
2024-02-08,20240208,50840218500794,10708681625483,82585277744526,944507886746,4988631577,0.5,market_funds,2026-06-13T09:45:10+09:00
2024-02-08,20240208,50840218500794,10708681625483,82585277744526,944507886746,4988631577,0.5,market_funds,2026-06-13T18:32:41+09:00
2024-02-13,20240213,52975547305638,10704150814926,82624236581185,943532641632,3144450927,0.3,market_funds,2026-06-13T09:45:10+09:00
2024-02-13,20240213,52975547305638,10704150814926,82624236581185,943532641632,3144450927,0.3,market_funds,2026-06-13T18:32:41+09:00
2024-02-14,20240214,53159499940974,10723803533294,81663578391363,942555963218,3476015036,0.4,market_funds,2026-06-13T09:45:10+09:00
2024-02-14,20240214,53159499940974,10723803533294,81663578391363,942555963218,3476015036,0.4,market_funds,2026-06-13T18:32:41+09:00
2024-02-15,20240215,53569530876403,10576614793220,80555155761975,1013256934316,3173244392,0.3,market_funds,2026-06-13T09:45:10+09:00
2024-02-15,20240215,53569530876403,10576614793220,80555155761975,1013256934316,3173244392,0.3,market_funds,2026-06-13T18:32:41+09:00
2024-02-16,20240216,53928084634529,10595184181495,81529910794761,1042285730698,6408568835,0.6,market_funds,2026-06-13T09:45:10+09:00
2024-02-16,20240216,53928084634529,10595184181495,81529910794761,1042285730698,6408568835,0.6,market_funds,2026-06-13T18:32:41+09:00
2024-02-19,20240219,54024702552478,10654591451098,83532874296823,1004175371630,7760871596,0.7,market_funds,2026-06-13T09:45:10+09:00
2024-02-19,20240219,54024702552478,10654591451098,83532874296823,1004175371630,7760871596,0.7,market_funds,2026-06-13T18:32:41+09:00
2024-02-20,20240220,53815735798128,10805243711112,82838918577157,983573152666,6636390171,0.7,market_funds,2026-06-13T09:45:10+09:00
2024-02-20,20240220,53815735798128,10805243711112,82838918577157,983573152666,6636390171,0.7,market_funds,2026-06-13T18:32:41+09:00
2024-02-21,20240221,54155550054617,10770315587637,83003295075738,972818162937,5863253001,0.6,market_funds,2026-06-13T09:45:10+09:00
2024-02-21,20240221,54155550054617,10770315587637,83003295075738,972818162937,5863253001,0.6,market_funds,2026-06-13T18:32:41+09:00
2024-02-22,20240222,53626422160910,10852771347434,83485779744933,979051920373,5676538993,0.6,market_funds,2026-06-13T09:45:10+09:00
2024-02-22,20240222,53626422160910,10852771347434,83485779744933,979051920373,5676538993,0.6,market_funds,2026-06-13T18:32:41+09:00
2024-02-23,20240223,53420656582946,10885156014432,83065852803466,965478153073,6723096871,0.7,market_funds,2026-06-13T09:45:10+09:00
2024-02-23,20240223,53420656582946,10885156014432,83065852803466,965478153073,6723096871,0.7,market_funds,2026-06-13T18:32:41+09:00
2024-02-26,20240226,54623364142128,10902463178260,82774498056206,968187100811,6589807263,0.7,market_funds,2026-06-13T09:45:10+09:00
2024-02-26,20240226,54623364142128,10902463178260,82774498056206,968187100811,6589807263,0.7,market_funds,2026-06-13T18:32:41+09:00
2024-02-27,20240227,56011483883167,10828902152596,82098150360081,973872724031,7431427982,0.8,market_funds,2026-06-13T09:45:10+09:00
2024-02-27,20240227,56011483883167,10828902152596,82098150360081,973872724031,7431427982,0.8,market_funds,2026-06-13T18:32:41+09:00
2024-02-28,20240228,54868364541370,10881482807169,82676488275573,975148198476,11469609990,1.2,market_funds,2026-06-13T09:45:10+09:00
2024-02-28,20240228,54868364541370,10881482807169,82676488275573,975148198476,11469609990,1.2,market_funds,2026-06-13T18:32:41+09:00
2024-02-29,20240229,54335607161130,10832460898506,83555172926132,988582132291,7294984702,0.7,market_funds,2026-06-13T09:45:10+09:00
2024-02-29,20240229,54335607161130,10832460898506,83555172926132,988582132291,7294984702,0.7,market_funds,2026-06-13T18:32:41+09:00
2024-03-04,20240304,57885223792277,10969742537406,84283961439830,961844002217,6054983039,0.6,market_funds,2026-06-13T09:45:10+09:00
2024-03-04,20240304,57885223792277,10969742537406,84283961439830,961844002217,6054983039,0.6,market_funds,2026-06-13T18:32:41+09:00
2024-03-05,20240305,55022993910041,11138068137267,83417444987410,948358985114,5647015307,0.6,market_funds,2026-06-13T09:45:10+09:00
2024-03-05,20240305,55022993910041,11138068137267,83417444987410,948358985114,5647015307,0.6,market_funds,2026-06-13T18:32:41+09:00
2024-03-06,20240306,54890921168102,11148566101179,83930259447257,961552754188,4188476957,0.4,market_funds,2026-06-13T09:45:10+09:00
2024-03-06,20240306,54890921168102,11148566101179,83930259447257,961552754188,4188476957,0.4,market_funds,2026-06-13T18:32:41+09:00
2024-03-07,20240307,54068253452632,11120115768774,84454237661213,979884257480,6613311038,0.7,market_funds,2026-06-13T09:45:10+09:00
2024-03-07,20240307,54068253452632,11120115768774,84454237661213,979884257480,6613311038,0.7,market_funds,2026-06-13T18:32:41+09:00
2024-03-08,20240308,52506014730124,11271023806124,84343674223003,965586107782,6406838426,0.7,market_funds,2026-06-13T09:45:10+09:00
2024-03-08,20240308,52506014730124,11271023806124,84343674223003,965586107782,6406838426,0.7,market_funds,2026-06-13T18:32:41+09:00
2024-03-11,20240311,53343567930926,11381213165526,84106839889332,968340956107,4157045123,0.4,market_funds,2026-06-13T09:45:10+09:00
2024-03-11,20240311,53343567930926,11381213165526,84106839889332,968340956107,4157045123,0.4,market_funds,2026-06-13T18:32:41+09:00
2024-03-12,20240312,53882229940306,11384249865816,84433257644653,956346138670,7669104167,0.8,market_funds,2026-06-13T09:45:10+09:00
2024-03-12,20240312,53882229940306,11384249865816,84433257644653,956346138670,7669104167,0.8,market_funds,2026-06-13T18:32:41+09:00
2024-03-13,20240313,52997284426270,11518195789010,83134115706927,954293356135,6688863533,0.7,market_funds,2026-06-13T09:45:10+09:00
2024-03-13,20240313,52997284426270,11518195789010,83134115706927,954293356135,6688863533,0.7,market_funds,2026-06-13T18:32:41+09:00
2024-03-14,20240314,53482418221662,11461413607669,83442764828707,943819833315,3136080595,0.3,market_funds,2026-06-13T09:45:10+09:00
2024-03-14,20240314,53482418221662,11461413607669,83442764828707,943819833315,3136080595,0.3,market_funds,2026-06-13T18:32:41+09:00
2024-03-15,20240315,53366214481802,11518324151620,83698376097692,938817472510,3410083758,0.4,market_funds,2026-06-13T09:45:10+09:00
2024-03-15,20240315,53366214481802,11518324151620,83698376097692,938817472510,3410083758,0.4,market_funds,2026-06-13T18:32:41+09:00
2024-03-18,20240318,53112164528387,11171368232605,83867261830075,944884037439,5838781502,0.6,market_funds,2026-06-13T09:45:10+09:00
2024-03-18,20240318,53112164528387,11171368232605,83867261830075,944884037439,5838781502,0.6,market_funds,2026-06-13T18:32:41+09:00
2024-03-19,20240319,51751964321198,11024950754820,84536615704152,961200928810,4280126861,0.5,market_funds,2026-06-13T09:45:10+09:00
2024-03-19,20240319,51751964321198,11024950754820,84536615704152,961200928810,4280126861,0.5,market_funds,2026-06-13T18:32:41+09:00
2024-03-20,20240320,52846081463892,10845512232362,84600138904515,950288036293,5378849689,0.6,market_funds,2026-06-13T09:45:10+09:00
2024-03-20,20240320,52846081463892,10845512232362,84600138904515,950288036293,5378849689,0.6,market_funds,2026-06-13T18:32:41+09:00
2024-03-21,20240321,52635541429727,11007928096186,84773071378211,983685588273,5034573647,0.5,market_funds,2026-06-13T09:45:10+09:00
2024-03-21,20240321,52635541429727,11007928096186,84773071378211,983685588273,5034573647,0.5,market_funds,2026-06-13T18:32:41+09:00
2024-03-22,20240322,52006985082352,11041740852295,84983094076840,1007205383154,5550956443,0.6,market_funds,2026-06-13T09:45:10+09:00
2024-03-22,20240322,52006985082352,11041740852295,84983094076840,1007205383154,5550956443,0.6,market_funds,2026-06-13T18:32:41+09:00
2024-03-25,20240325,55261487740828,11030924313869,84881641380752,1037518904777,2666381939,0.3,market_funds,2026-06-13T09:45:10+09:00
2024-03-25,20240325,55261487740828,11030924313869,84881641380752,1037518904777,2666381939,0.3,market_funds,2026-06-13T18:32:41+09:00
2024-03-26,20240326,55190636576310,11037394914982,83353297716607,1034210169392,6549665135,0.6,market_funds,2026-06-13T09:45:10+09:00
2024-03-26,20240326,55190636576310,11037394914982,83353297716607,1034210169392,6549665135,0.6,market_funds,2026-06-13T18:32:41+09:00
2024-03-27,20240327,55322950756563,11139625269701,82977731393542,1049622378379,3948642254,0.4,market_funds,2026-06-13T09:45:10+09:00
2024-03-27,20240327,55322950756563,11139625269701,82977731393542,1049622378379,3948642254,0.4,market_funds,2026-06-13T18:32:41+09:00
2024-03-28,20240328,56043804163215,11011871526689,83491594848667,1097922534660,7018713166,0.7,market_funds,2026-06-13T09:45:10+09:00
2024-03-28,20240328,56043804163215,11011871526689,83491594848667,1097922534660,7018713166,0.7,market_funds,2026-06-13T18:32:41+09:00
2024-03-29,20240329,56522917618972,10987581242328,81166762004169,958708584871,6607635832,0.6,market_funds,2026-06-13T09:45:10+09:00
2024-03-29,20240329,56522917618972,10987581242328,81166762004169,958708584871,6607635832,0.6,market_funds,2026-06-13T18:32:41+09:00
2024-04-01,20240401,59629885011116,11123079049348,84206898102662,1043699841002,7617012013,0.8,market_funds,2026-06-13T09:45:10+09:00
2024-04-01,20240401,59629885011116,11123079049348,84206898102662,1043699841002,7617012013,0.8,market_funds,2026-06-13T18:32:41+09:00
2024-04-02,20240402,57422689392195,11278717176242,85474669009337,964164130134,8359154441,0.8,market_funds,2026-06-13T09:45:10+09:00
2024-04-02,20240402,57422689392195,11278717176242,85474669009337,964164130134,8359154441,0.8,market_funds,2026-06-13T18:32:41+09:00
2024-04-03,20240403,57047480237023,11704797301450,85151172147672,954255407880,5696211654,0.6,market_funds,2026-06-13T09:45:10+09:00
2024-04-03,20240403,57047480237023,11704797301450,85151172147672,954255407880,5696211654,0.6,market_funds,2026-06-13T18:32:41+09:00
2024-04-04,20240404,56490460403907,11722391508420,85883775692618,967603455597,7241959798,0.8,market_funds,2026-06-13T09:45:10+09:00
2024-04-04,20240404,56490460403907,11722391508420,85883775692618,967603455597,7241959798,0.8,market_funds,2026-06-13T18:32:41+09:00
2024-04-05,20240405,54442954758268,11691656074541,86678753881695,981118839939,9372561329,1.0,market_funds,2026-06-13T09:45:10+09:00
2024-04-05,20240405,54442954758268,11691656074541,86678753881695,981118839939,9372561329,1.0,market_funds,2026-06-13T18:32:41+09:00
2024-04-08,20240408,55933314475115,11636500204806,86992316934795,950706283775,6064768348,0.6,market_funds,2026-06-13T09:45:10+09:00
2024-04-08,20240408,55933314475115,11636500204806,86992316934795,950706283775,6064768348,0.6,market_funds,2026-06-13T18:32:41+09:00
2024-04-09,20240409,55023905111700,11678271876807,86952472460115,954048253113,8763271830,0.9,market_funds,2026-06-13T09:45:10+09:00
2024-04-09,20240409,55023905111700,11678271876807,86952472460115,954048253113,8763271830,0.9,market_funds,2026-06-13T18:32:41+09:00
2024-04-11,20240411,55385480817004,11656325882141,87074303195872,967521385615,8808080833,0.9,market_funds,2026-06-13T09:45:10+09:00
2024-04-11,20240411,55385480817004,11656325882141,87074303195872,967521385615,8808080833,0.9,market_funds,2026-06-13T18:32:41+09:00
2024-04-12,20240412,54935300908985,11475307786571,87160555489276,954452227208,8919821517,0.9,market_funds,2026-06-13T09:45:10+09:00
2024-04-12,20240412,54935300908985,11475307786571,87160555489276,954452227208,8919821517,0.9,market_funds,2026-06-13T18:32:41+09:00
2024-04-15,20240415,56668169633884,11508774685560,87253956735311,937599221584,5446295498,0.6,market_funds,2026-06-13T09:45:10+09:00
2024-04-15,20240415,56668169633884,11508774685560,87253956735311,937599221584,5446295498,0.6,market_funds,2026-06-13T18:32:41+09:00
2024-04-16,20240416,57596878320632,11651950507817,86838546273840,958279394178,5953860185,0.6,market_funds,2026-06-13T09:45:10+09:00
2024-04-16,20240416,57596878320632,11651950507817,86838546273840,958279394178,5953860185,0.6,market_funds,2026-06-13T18:32:41+09:00
2024-04-17,20240417,55269040237654,11495557455133,86784872050207,965313211009,17235980450,1.8,market_funds,2026-06-13T09:45:10+09:00
2024-04-17,20240417,55269040237654,11495557455133,86784872050207,965313211009,17235980450,1.8,market_funds,2026-06-13T18:32:41+09:00
2024-04-18,20240418,55060038876076,11597385864215,87314643744772,993157622447,10297203950,1.1,market_funds,2026-06-13T09:45:10+09:00
2024-04-18,20240418,55060038876076,11597385864215,87314643744772,993157622447,10297203950,1.1,market_funds,2026-06-13T18:32:41+09:00
2024-04-19,20240419,55475401648361,11948675670906,86491024210240,980617977926,7221890624,0.7,market_funds,2026-06-13T09:45:10+09:00
2024-04-19,20240419,55475401648361,11948675670906,86491024210240,980617977926,7221890624,0.7,market_funds,2026-06-13T18:32:41+09:00
2024-04-22,20240422,56579689328978,11895411278608,86034165074765,931227351422,7393291157,0.8,market_funds,2026-06-13T09:45:10+09:00
2024-04-22,20240422,56579689328978,11895411278608,86034165074765,931227351422,7393291157,0.8,market_funds,2026-06-13T18:32:41+09:00
2024-04-23,20240423,55865340965201,11771524417767,86315236019808,945379550503,5616491335,0.6,market_funds,2026-06-13T09:45:10+09:00
2024-04-23,20240423,55865340965201,11771524417767,86315236019808,945379550503,5616491335,0.6,market_funds,2026-06-13T18:32:41+09:00
2024-04-24,20240424,54695992537225,11805770322345,85765405579191,950326230031,9783622476,1.0,market_funds,2026-06-13T09:45:10+09:00
2024-04-24,20240424,54695992537225,11805770322345,85765405579191,950326230031,9783622476,1.0,market_funds,2026-06-13T18:32:41+09:00
2024-04-25,20240425,55671275174319,11910227960844,85636637683532,946011307940,6496739951,0.7,market_funds,2026-06-13T09:45:10+09:00
2024-04-25,20240425,55671275174319,11910227960844,85636637683532,946011307940,6496739951,0.7,market_funds,2026-06-13T18:32:41+09:00
2024-04-26,20240426,56510158057604,11422834936968,84076837218244,922364529835,4285684655,0.5,market_funds,2026-06-13T09:45:10+09:00
2024-04-26,20240426,56510158057604,11422834936968,84076837218244,922364529835,4285684655,0.5,market_funds,2026-06-13T18:32:41+09:00
2024-04-29,20240429,56787158680784,11447729428889,83296665164801,976979942662,4922038968,0.5,market_funds,2026-06-13T09:45:10+09:00
2024-04-29,20240429,56787158680784,11447729428889,83296665164801,976979942662,4922038968,0.5,market_funds,2026-06-13T18:32:41+09:00
2024-04-30,20240430,57230646181837,11272437458147,85388381891647,928924906098,5141787822,0.5,market_funds,2026-06-13T09:45:10+09:00
2024-04-30,20240430,57230646181837,11272437458147,85388381891647,928924906098,5141787822,0.5,market_funds,2026-06-13T18:32:41+09:00
2024-05-02,20240502,58790827353911,11280489095876,86613657765177,950371961556,3648799795,0.4,market_funds,2026-06-13T09:45:10+09:00
2024-05-02,20240502,58790827353911,11280489095876,86613657765177,950371961556,3648799795,0.4,market_funds,2026-06-13T18:32:41+09:00
2024-05-03,20240503,55944962287161,11308550533288,87334266106129,982788582221,5378795915,0.6,market_funds,2026-06-13T09:45:10+09:00
2024-05-03,20240503,55944962287161,11308550533288,87334266106129,982788582221,5378795915,0.6,market_funds,2026-06-13T18:32:41+09:00
2024-05-07,20240507,55482066348261,11412060638162,86922858611942,990163792378,7142003259,0.7,market_funds,2026-06-13T09:45:10+09:00
2024-05-07,20240507,55482066348261,11412060638162,86922858611942,990163792378,7142003259,0.7,market_funds,2026-06-13T18:32:41+09:00
2024-05-08,20240508,54108891860107,11497202622328,85690236565393,977510244337,5052184791,0.5,market_funds,2026-06-13T09:45:10+09:00
2024-05-08,20240508,54108891860107,11497202622328,85690236565393,977510244337,5052184791,0.5,market_funds,2026-06-13T18:32:41+09:00
2024-05-09,20240509,55665132542514,11426769312145,86612570876731,954213156087,4137873948,0.4,market_funds,2026-06-13T09:45:10+09:00
2024-05-09,20240509,55665132542514,11426769312145,86612570876731,954213156087,4137873948,0.4,market_funds,2026-06-13T18:32:41+09:00
2024-05-10,20240510,55650034024857,11216308336278,87759607893986,957841354359,5205542301,0.5,market_funds,2026-06-13T09:45:10+09:00
2024-05-10,20240510,55650034024857,11216308336278,87759607893986,957841354359,5205542301,0.5,market_funds,2026-06-13T18:32:41+09:00
2024-05-13,20240513,55347611062549,11253488065381,87904017064445,959481869979,5731143568,0.6,market_funds,2026-06-13T09:45:10+09:00
2024-05-13,20240513,55347611062549,11253488065381,87904017064445,959481869979,5731143568,0.6,market_funds,2026-06-13T18:32:41+09:00
2024-05-14,20240514,55393896900749,11226834377029,87382896792163,955580282353,5525856392,0.6,market_funds,2026-06-13T09:45:10+09:00
2024-05-14,20240514,55393896900749,11226834377029,87382896792163,955580282353,5525856392,0.6,market_funds,2026-06-13T18:32:41+09:00
2024-05-16,20240516,56235545220081,11335241480306,87472980321524,957786899175,5762691682,0.6,market_funds,2026-06-13T09:45:10+09:00
2024-05-16,20240516,56235545220081,11335241480306,87472980321524,957786899175,5762691682,0.6,market_funds,2026-06-13T18:32:41+09:00
2024-05-17,20240517,55656362825535,11498989471593,88345004260988,935798177846,5266341455,0.5,market_funds,2026-06-13T09:45:10+09:00
2024-05-17,20240517,55656362825535,11498989471593,88345004260988,935798177846,5266341455,0.5,market_funds,2026-06-13T18:32:41+09:00
2024-05-20,20240520,56169427834653,11484124474584,88369356431647,946480894184,6141241391,0.7,market_funds,2026-06-13T09:45:10+09:00
2024-05-20,20240520,56169427834653,11484124474584,88369356431647,946480894184,6141241391,0.7,market_funds,2026-06-13T18:32:41+09:00
2024-05-21,20240521,55422936242160,11542905138223,88028921242147,965158063655,9981826354,1.1,market_funds,2026-06-13T09:45:10+09:00
2024-05-21,20240521,55422936242160,11542905138223,88028921242147,965158063655,9981826354,1.1,market_funds,2026-06-13T18:32:41+09:00
2024-05-22,20240522,54881958889637,11461138714249,88220077975091,965231958937,5944194579,0.6,market_funds,2026-06-13T09:45:10+09:00
2024-05-22,20240522,54881958889637,11461138714249,88220077975091,965231958937,5944194579,0.6,market_funds,2026-06-13T18:32:41+09:00
2024-05-23,20240523,55663636519895,11442376534893,88493704450587,958242978462,6996821926,0.7,market_funds,2026-06-13T09:45:10+09:00
2024-05-23,20240523,55663636519895,11442376534893,88493704450587,958242978462,6996821926,0.7,market_funds,2026-06-13T18:32:41+09:00
2024-05-24,20240524,55440861866229,11534195824858,88394611093528,959877672568,6716066376,0.7,market_funds,2026-06-13T09:45:10+09:00
2024-05-24,20240524,55440861866229,11534195824858,88394611093528,959877672568,6716066376,0.7,market_funds,2026-06-13T18:32:41+09:00
2024-05-27,20240527,56848059502508,11385830396330,88133935551576,965911603327,5076823531,0.5,market_funds,2026-06-13T09:45:10+09:00
2024-05-27,20240527,56848059502508,11385830396330,88133935551576,965911603327,5076823531,0.5,market_funds,2026-06-13T18:32:41+09:00
2024-05-28,20240528,56269836330863,11405653328791,87975033865088,945880455019,6729318614,0.7,market_funds,2026-06-13T09:45:10+09:00
2024-05-28,20240528,56269836330863,11405653328791,87975033865088,945880455019,6729318614,0.7,market_funds,2026-06-13T18:32:41+09:00
2024-05-29,20240529,55147394739219,11559325281582,87954560695530,953427412862,3990376111,0.4,market_funds,2026-06-13T09:45:10+09:00
2024-05-29,20240529,55147394739219,11559325281582,87954560695530,953427412862,3990376111,0.4,market_funds,2026-06-13T18:32:41+09:00
2024-05-30,20240530,56410089893747,11655110370750,87676285175370,901133926634,6954965989,0.7,market_funds,2026-06-13T09:45:10+09:00
2024-05-30,20240530,56410089893747,11655110370750,87676285175370,901133926634,6954965989,0.7,market_funds,2026-06-13T18:32:41+09:00
2024-05-31,20240531,54396417185127,11394204349818,87608353080777,981503339200,9265986245,1.0,market_funds,2026-06-13T09:45:10+09:00
2024-05-31,20240531,54396417185127,11394204349818,87608353080777,981503339200,9265986245,1.0,market_funds,2026-06-13T18:32:41+09:00
2024-06-03,20240603,54213223531091,11412204861566,88041880628187,951787293994,17044927561,1.7,market_funds,2026-06-13T09:45:10+09:00
2024-06-03,20240603,54213223531091,11412204861566,88041880628187,951787293994,17044927561,1.7,market_funds,2026-06-13T18:32:41+09:00
2024-06-04,20240604,52968635523474,11542953790373,87339547235037,905858363018,5919318696,0.6,market_funds,2026-06-13T09:45:10+09:00
2024-06-04,20240604,52968635523474,11542953790373,87339547235037,905858363018,5919318696,0.6,market_funds,2026-06-13T18:32:41+09:00
2024-06-05,20240605,53392409206346,11529178594896,87414478794362,909279095493,5885256297,0.6,market_funds,2026-06-13T09:45:10+09:00
2024-06-05,20240605,53392409206346,11529178594896,87414478794362,909279095493,5885256297,0.6,market_funds,2026-06-13T18:32:41+09:00
2024-06-07,20240607,53266412555066,11568353866672,87295397279729,901437909644,6670197045,0.7,market_funds,2026-06-13T09:45:10+09:00
2024-06-07,20240607,53266412555066,11568353866672,87295397279729,901437909644,6670197045,0.7,market_funds,2026-06-13T18:32:41+09:00
2024-06-10,20240610,54128929536115,11581050604648,87983068432203,884425755170,5964858748,0.7,market_funds,2026-06-13T09:45:10+09:00
2024-06-10,20240610,54128929536115,11581050604648,87983068432203,884425755170,5964858748,0.7,market_funds,2026-06-13T18:32:41+09:00
2024-06-11,20240611,54216870482293,11501136761863,88046174393477,894260632605,5794078603,0.7,market_funds,2026-06-13T09:45:10+09:00
2024-06-11,20240611,54216870482293,11501136761863,88046174393477,894260632605,5794078603,0.7,market_funds,2026-06-13T18:32:41+09:00
2024-06-12,20240612,54101137239730,11605889947900,88487175310988,917582841125,6010224016,0.7,market_funds,2026-06-13T09:45:10+09:00
2024-06-12,20240612,54101137239730,11605889947900,88487175310988,917582841125,6010224016,0.7,market_funds,2026-06-13T18:32:41+09:00
2024-06-13,20240613,55593483669531,11561656309124,89762886209978,945263433071,4864976946,0.5,market_funds,2026-06-13T09:45:10+09:00
2024-06-13,20240613,55593483669531,11561656309124,89762886209978,945263433071,4864976946,0.5,market_funds,2026-06-13T18:32:41+09:00
2024-06-14,20240614,54688257889315,11220450140334,89313445763283,931225462767,4942430533,0.5,market_funds,2026-06-13T09:45:10+09:00
2024-06-14,20240614,54688257889315,11220450140334,89313445763283,931225462767,4942430533,0.5,market_funds,2026-06-13T18:32:41+09:00
2024-06-17,20240617,55699126800543,11125832881802,88335987639207,900279257686,5025856767,0.5,market_funds,2026-06-13T09:45:10+09:00
2024-06-17,20240617,55699126800543,11125832881802,88335987639207,900279257686,5025856767,0.5,market_funds,2026-06-13T18:32:41+09:00
2024-06-18,20240618,55780574669942,11065955552087,88724094965246,890630004544,10265971146,1.1,market_funds,2026-06-13T09:45:10+09:00
2024-06-18,20240618,55780574669942,11065955552087,88724094965246,890630004544,10265971146,1.1,market_funds,2026-06-13T18:32:41+09:00
2024-06-19,20240619,54799965508577,11067480414519,88938238396653,930874960175,5853264996,0.7,market_funds,2026-06-13T09:45:10+09:00
2024-06-19,20240619,54799965508577,11067480414519,88938238396653,930874960175,5853264996,0.7,market_funds,2026-06-13T18:32:41+09:00
2024-06-20,20240620,54885806949521,11090567274611,88835228138562,958720592618,2781419165,0.3,market_funds,2026-06-13T09:45:10+09:00
2024-06-20,20240620,54885806949521,11090567274611,88835228138562,958720592618,2781419165,0.3,market_funds,2026-06-13T18:32:41+09:00
2024-06-21,20240621,55238295635684,10996361289099,88590211673555,933890908197,4565765760,0.5,market_funds,2026-06-13T09:45:10+09:00
2024-06-21,20240621,55238295635684,10996361289099,88590211673555,933890908197,4565765760,0.5,market_funds,2026-06-13T18:32:41+09:00
2024-06-24,20240624,55960781173646,11014665333567,88477006274856,933873509804,6820488651,0.7,market_funds,2026-06-13T09:45:10+09:00
2024-06-24,20240624,55960781173646,11014665333567,88477006274856,933873509804,6820488651,0.7,market_funds,2026-06-13T18:32:41+09:00
2024-06-25,20240625,55972479460005,10988586282466,87979725464714,949418980701,7461898134,0.8,market_funds,2026-06-13T09:45:10+09:00
2024-06-25,20240625,55972479460005,10988586282466,87979725464714,949418980701,7461898134,0.8,market_funds,2026-06-13T18:32:41+09:00
2024-06-26,20240626,55095532662566,10836982881129,87565476593079,962482392083,7443627065,0.8,market_funds,2026-06-13T09:45:10+09:00
2024-06-26,20240626,55095532662566,10836982881129,87565476593079,962482392083,7443627065,0.8,market_funds,2026-06-13T18:32:41+09:00
2024-06-27,20240627,56442241622111,10715518127370,87478034022137,965685210066,7862723740,0.8,market_funds,2026-06-13T09:45:10+09:00
2024-06-27,20240627,56442241622111,10715518127370,87478034022137,965685210066,7862723740,0.8,market_funds,2026-06-13T18:32:41+09:00
2024-06-28,20240628,56508685394651,10646400525013,84718024903173,956610840731,6309529694,0.7,market_funds,2026-06-13T09:45:10+09:00
2024-06-28,20240628,56508685394651,10646400525013,84718024903173,956610840731,6309529694,0.7,market_funds,2026-06-13T18:32:41+09:00
2024-07-01,20240701,58310530826100,10512378051342,88134656771456,934949315061,5625313252,0.6,market_funds,2026-06-13T09:45:10+09:00
2024-07-01,20240701,58310530826100,10512378051342,88134656771456,934949315061,5625313252,0.6,market_funds,2026-06-13T18:32:41+09:00
2024-07-02,20240702,56159071696378,11088248704826,89245352951237,930377656583,4709170879,0.5,market_funds,2026-06-13T09:45:10+09:00
2024-07-02,20240702,56159071696378,11088248704826,89245352951237,930377656583,4709170879,0.5,market_funds,2026-06-13T18:32:41+09:00
2024-07-03,20240703,54399011224013,11102659775222,87722836537785,935273717568,6507861666,0.7,market_funds,2026-06-13T09:45:10+09:00
2024-07-03,20240703,54399011224013,11102659775222,87722836537785,935273717568,6507861666,0.7,market_funds,2026-06-13T18:32:41+09:00
2024-07-04,20240704,53044947235392,11077043723166,88077597441374,966338897047,7152629848,0.8,market_funds,2026-06-13T09:45:10+09:00
2024-07-04,20240704,53044947235392,11077043723166,88077597441374,966338897047,7152629848,0.8,market_funds,2026-06-13T18:32:41+09:00
2024-07-05,20240705,53854896982870,11352661432681,90182706227270,954010572848,8450657748,0.9,market_funds,2026-06-13T09:45:10+09:00
2024-07-05,20240705,53854896982870,11352661432681,90182706227270,954010572848,8450657748,0.9,market_funds,2026-06-13T18:32:41+09:00
2024-07-08,20240708,55604335094563,11589537073084,90917624878947,947954735489,7127856067,0.7,market_funds,2026-06-13T09:45:10+09:00
2024-07-08,20240708,55604335094563,11589537073084,90917624878947,947954735489,7127856067,0.7,market_funds,2026-06-13T18:32:41+09:00
2024-07-09,20240709,56602615749308,11566258885643,91302007775487,1070896366363,4637449066,0.5,market_funds,2026-06-13T09:45:10+09:00
2024-07-09,20240709,56602615749308,11566258885643,91302007775487,1070896366363,4637449066,0.5,market_funds,2026-06-13T18:32:41+09:00
2024-07-10,20240710,56168872980072,11562565198957,91210624276112,1054224481483,3308119086,0.3,market_funds,2026-06-13T09:45:10+09:00
2024-07-10,20240710,56168872980072,11562565198957,91210624276112,1054224481483,3308119086,0.3,market_funds,2026-06-13T18:32:41+09:00
2024-07-11,20240711,57231133539029,11527799717467,91645850364933,909063813895,3536408833,0.3,market_funds,2026-06-13T09:45:10+09:00
2024-07-11,20240711,57231133539029,11527799717467,91645850364933,909063813895,3536408833,0.3,market_funds,2026-06-13T18:32:41+09:00
2024-07-12,20240712,56546536120821,11282637432106,91609137388473,915396739832,4716635179,0.5,market_funds,2026-06-13T09:45:10+09:00
2024-07-12,20240712,56546536120821,11282637432106,91609137388473,915396739832,4716635179,0.5,market_funds,2026-06-13T18:32:41+09:00
2024-07-15,20240715,57877247075263,11278002206870,91562149100023,938116900686,7480062646,0.8,market_funds,2026-06-13T09:45:10+09:00
2024-07-15,20240715,57877247075263,11278002206870,91562149100023,938116900686,7480062646,0.8,market_funds,2026-06-13T18:32:41+09:00
2024-07-16,20240716,56907308523973,11313447877849,91435804832632,960056901982,9727210062,1.0,market_funds,2026-06-13T09:45:10+09:00
2024-07-16,20240716,56907308523973,11313447877849,91435804832632,960056901982,9727210062,1.0,market_funds,2026-06-13T18:32:41+09:00
2024-07-17,20240717,56340884566153,11500667892143,91283462023173,956120671517,4810622388,0.5,market_funds,2026-06-13T09:45:10+09:00
2024-07-17,20240717,56340884566153,11500667892143,91283462023173,956120671517,4810622388,0.5,market_funds,2026-06-13T18:32:41+09:00
2024-07-18,20240718,57411432006069,11486361271644,91417427082785,955631626162,7850845622,0.8,market_funds,2026-06-13T09:45:10+09:00
2024-07-18,20240718,57411432006069,11486361271644,91417427082785,955631626162,7850845622,0.8,market_funds,2026-06-13T18:32:41+09:00
2024-07-19,20240719,55860337591864,11501099746839,89822162730258,1003656881480,9467558461,1.0,market_funds,2026-06-13T09:45:10+09:00
2024-07-19,20240719,55860337591864,11501099746839,89822162730258,1003656881480,9467558461,1.0,market_funds,2026-06-13T18:32:41+09:00
2024-07-22,20240722,56104659307200,11288399851055,89783415896674,1031408335554,11058397366,1.1,market_funds,2026-06-13T09:45:10+09:00
2024-07-22,20240722,56104659307200,11288399851055,89783415896674,1031408335554,11058397366,1.1,market_funds,2026-06-13T18:32:41+09:00
2024-07-23,20240723,55531940058336,11181507338001,91318570908115,987864511056,14117308794,1.4,market_funds,2026-06-13T09:45:10+09:00
2024-07-23,20240723,55531940058336,11181507338001,91318570908115,987864511056,14117308794,1.4,market_funds,2026-06-13T18:32:41+09:00
2024-07-24,20240724,54876226504530,11221922475821,91390250465584,992924261317,9374490078,0.9,market_funds,2026-06-13T09:45:10+09:00
2024-07-24,20240724,54876226504530,11221922475821,91390250465584,992924261317,9374490078,0.9,market_funds,2026-06-13T18:32:41+09:00
2024-07-25,20240725,56393342421347,11362832531181,91473460546458,960653464368,7843856148,0.8,market_funds,2026-06-13T09:45:10+09:00
2024-07-25,20240725,56393342421347,11362832531181,91473460546458,960653464368,7843856148,0.8,market_funds,2026-06-13T18:32:41+09:00
2024-07-26,20240726,55464720138716,11129149424201,90702962666061,956534047384,8373952714,0.9,market_funds,2026-06-13T09:45:10+09:00
2024-07-26,20240726,55464720138716,11129149424201,90702962666061,956534047384,8373952714,0.9,market_funds,2026-06-13T18:32:41+09:00
2024-07-29,20240729,54073110833436,11194105524748,90826741559211,980094598453,9695290369,1.0,market_funds,2026-06-13T09:45:10+09:00
2024-07-29,20240729,54073110833436,11194105524748,90826741559211,980094598453,9695290369,1.0,market_funds,2026-06-13T18:32:41+09:00
2024-07-30,20240730,55012110965759,11343496665903,91322916717400,943836713717,9011455390,0.9,market_funds,2026-06-13T09:45:10+09:00
2024-07-30,20240730,55012110965759,11343496665903,91322916717400,943836713717,9011455390,0.9,market_funds,2026-06-13T18:32:41+09:00
2024-07-31,20240731,54299436493012,11323745823967,91116965419381,921520461794,4230283006,0.4,market_funds,2026-06-13T09:45:10+09:00
2024-07-31,20240731,54299436493012,11323745823967,91116965419381,921520461794,4230283006,0.4,market_funds,2026-06-13T18:32:41+09:00
2024-08-01,20240801,54659225731608,11446101810846,91642058903785,925025946881,7228777097,0.8,market_funds,2026-06-13T09:45:10+09:00
2024-08-01,20240801,54659225731608,11446101810846,91642058903785,925025946881,7228777097,0.8,market_funds,2026-06-13T18:32:41+09:00
2024-08-02,20240802,53867941539857,11741286564841,90901968677798,927317613006,4439661757,0.5,market_funds,2026-06-13T09:45:10+09:00
2024-08-02,20240802,53867941539857,11741286564841,90901968677798,927317613006,4439661757,0.5,market_funds,2026-06-13T18:32:41+09:00
2024-08-05,20240805,59487602201142,12002066030620,89886178629660,946754275726,7689918072,0.8,market_funds,2026-06-13T09:45:10+09:00
2024-08-05,20240805,59487602201142,12002066030620,89886178629660,946754275726,7689918072,0.8,market_funds,2026-06-13T18:32:41+09:00
2024-08-06,20240806,58961751785233,12618877479816,90374600159884,1008630438571,43306821263,4.6,market_funds,2026-06-13T09:45:10+09:00
2024-08-06,20240806,58961751785233,12618877479816,90374600159884,1008630438571,43306821263,4.6,market_funds,2026-06-13T18:32:41+09:00
2024-08-07,20240807,56583801664000,12519965565076,90337907835769,1197152811227,21413497345,2.1,market_funds,2026-06-13T09:45:10+09:00
2024-08-07,20240807,56583801664000,12519965565076,90337907835769,1197152811227,21413497345,2.1,market_funds,2026-06-13T18:32:41+09:00
2024-08-08,20240808,55121746627756,12279487898196,90611978902161,1101407548333,13027553758,1.1,market_funds,2026-06-13T09:45:10+09:00
2024-08-08,20240808,55121746627756,12279487898196,90611978902161,1101407548333,13027553758,1.1,market_funds,2026-06-13T18:32:41+09:00
2024-08-09,20240809,53877955887929,11963604296853,89738513442591,985761508337,25137350330,2.3,market_funds,2026-06-13T09:45:10+09:00
2024-08-09,20240809,53877955887929,11963604296853,89738513442591,985761508337,25137350330,2.3,market_funds,2026-06-13T18:32:41+09:00
2024-08-12,20240812,53014172507320,11863589525908,88978892258989,960512354750,10695092437,1.1,market_funds,2026-06-13T09:45:10+09:00
2024-08-12,20240812,53014172507320,11863589525908,88978892258989,960512354750,10695092437,1.1,market_funds,2026-06-13T18:32:41+09:00
2024-08-13,20240813,53815928920314,11739638474259,89842011705060,914013517861,4022574117,0.4,market_funds,2026-06-13T09:45:10+09:00
2024-08-13,20240813,53815928920314,11739638474259,89842011705060,914013517861,4022574117,0.4,market_funds,2026-06-13T18:32:41+09:00
2024-08-14,20240814,53146380750884,11759804757589,90244378800526,910813991072,5629302780,0.6,market_funds,2026-06-13T09:45:10+09:00
2024-08-14,20240814,53146380750884,11759804757589,90244378800526,910813991072,5629302780,0.6,market_funds,2026-06-13T18:32:41+09:00
2024-08-16,20240816,53937484127855,11982342211863,91221659588652,924180312620,3254041800,0.4,market_funds,2026-06-13T09:45:10+09:00
2024-08-16,20240816,53937484127855,11982342211863,91221659588652,924180312620,3254041800,0.4,market_funds,2026-06-13T18:32:41+09:00
2024-08-19,20240819,52588201452876,12086121526610,91169505413821,917100345423,4722876048,0.5,market_funds,2026-06-13T09:45:10+09:00
2024-08-19,20240819,52588201452876,12086121526610,91169505413821,917100345423,4722876048,0.5,market_funds,2026-06-13T18:32:41+09:00
2024-08-20,20240820,53321016105681,12121875706319,91356166661974,915717107954,5660342409,0.6,market_funds,2026-06-13T09:45:10+09:00
2024-08-20,20240820,53321016105681,12121875706319,91356166661974,915717107954,5660342409,0.6,market_funds,2026-06-13T18:32:41+09:00
2024-08-21,20240821,53507914041311,12014329678558,91693926814697,930298506844,5523255144,0.6,market_funds,2026-06-13T09:45:10+09:00
2024-08-21,20240821,53507914041311,12014329678558,91693926814697,930298506844,5523255144,0.6,market_funds,2026-06-13T18:32:41+09:00
2024-08-22,20240822,53505330068947,11909570925808,91715958199589,928076377684,5447472838,0.6,market_funds,2026-06-13T09:45:10+09:00
2024-08-22,20240822,53505330068947,11909570925808,91715958199589,928076377684,5447472838,0.6,market_funds,2026-06-13T18:32:41+09:00
2024-08-23,20240823,52585918346637,11953127936027,91759128820478,935127369027,7791285552,0.8,market_funds,2026-06-13T09:45:10+09:00
2024-08-23,20240823,52585918346637,11953127936027,91759128820478,935127369027,7791285552,0.8,market_funds,2026-06-13T18:32:41+09:00
2024-08-26,20240826,53416864661474,11943432210806,91715968211066,943027405173,5503742608,0.6,market_funds,2026-06-13T09:45:10+09:00
2024-08-26,20240826,53416864661474,11943432210806,91715968211066,943027405173,5503742608,0.6,market_funds,2026-06-13T18:32:41+09:00
2024-08-27,20240827,53729478665756,11920320819267,91637209205765,951025349061,6054845298,0.6,market_funds,2026-06-13T09:45:10+09:00
2024-08-27,20240827,53729478665756,11920320819267,91637209205765,951025349061,6054845298,0.6,market_funds,2026-06-13T18:32:41+09:00
2024-08-28,20240828,53251355654370,11907042879142,91623858643186,978830635680,8182757205,0.9,market_funds,2026-06-13T09:45:10+09:00
2024-08-28,20240828,53251355654370,11907042879142,91623858643186,978830635680,8182757205,0.9,market_funds,2026-06-13T18:32:41+09:00
2024-08-29,20240829,53060510526493,11953975307546,91540865081949,1015023367527,10736466910,1.1,market_funds,2026-06-13T09:45:10+09:00
2024-08-29,20240829,53060510526493,11953975307546,91540865081949,1015023367527,10736466910,1.1,market_funds,2026-06-13T18:32:41+09:00
2024-08-30,20240830,52129288927360,12152738280311,90976689954131,944953415424,4539120327,0.4,market_funds,2026-06-13T09:45:10+09:00
2024-08-30,20240830,52129288927360,12152738280311,90976689954131,944953415424,4539120327,0.4,market_funds,2026-06-13T18:32:41+09:00
2024-09-02,20240902,52050972373816,12298899663935,90852786126037,969565116051,5705678122,0.6,market_funds,2026-06-13T09:45:10+09:00
2024-09-02,20240902,52050972373816,12298899663935,90852786126037,969565116051,5705678122,0.6,market_funds,2026-06-13T18:32:41+09:00
2024-09-03,20240903,51427194082347,12434621438896,89919986751949,946356296527,8670129782,0.9,market_funds,2026-06-13T09:45:10+09:00
2024-09-03,20240903,51427194082347,12434621438896,89919986751949,946356296527,8670129782,0.9,market_funds,2026-06-13T18:32:41+09:00
2024-09-04,20240904,53241195212623,12547328300890,89866890967038,945150460853,5524472222,0.6,market_funds,2026-06-13T09:45:10+09:00
2024-09-04,20240904,53241195212623,12547328300890,89866890967038,945150460853,5524472222,0.6,market_funds,2026-06-13T18:32:41+09:00
2024-09-05,20240905,53381365022583,12403646392624,90581953921086,955042169947,7272788415,0.8,market_funds,2026-06-13T09:45:10+09:00
2024-09-05,20240905,53381365022583,12403646392624,90581953921086,955042169947,7272788415,0.8,market_funds,2026-06-13T18:32:41+09:00
2024-09-06,20240906,51452574075428,12438424793843,90956773503027,992216607441,14760057409,1.5,market_funds,2026-06-13T09:45:10+09:00
2024-09-06,20240906,51452574075428,12438424793843,90956773503027,992216607441,14760057409,1.5,market_funds,2026-06-13T18:32:41+09:00
2024-09-09,20240909,51259808544336,12585506897981,90820414141296,984576002733,15189755262,1.5,market_funds,2026-06-13T09:45:10+09:00
2024-09-09,20240909,51259808544336,12585506897981,90820414141296,984576002733,15189755262,1.5,market_funds,2026-06-13T18:32:41+09:00
2024-09-10,20240910,51494331175027,12577571091165,90409897509185,970954934109,12584099622,1.3,market_funds,2026-06-13T09:45:10+09:00
2024-09-10,20240910,51494331175027,12577571091165,90409897509185,970954934109,12584099622,1.3,market_funds,2026-06-13T18:32:41+09:00
2024-09-11,20240911,51993265958188,12702317883859,90305484033922,944289031814,11551102997,1.2,market_funds,2026-06-13T09:45:10+09:00
2024-09-11,20240911,51993265958188,12702317883859,90305484033922,944289031814,11551102997,1.2,market_funds,2026-06-13T18:32:41+09:00
2024-09-12,20240912,51153108874874,12524985938184,91383858937092,948861108443,6222692684,0.7,market_funds,2026-06-13T09:45:10+09:00
2024-09-12,20240912,51153108874874,12524985938184,91383858937092,948861108443,6222692684,0.7,market_funds,2026-06-13T18:32:41+09:00
2024-09-13,20240913,51400715191577,12154125783267,91693654868214,935569829793,6744163075,0.7,market_funds,2026-06-13T09:45:10+09:00
2024-09-13,20240913,51400715191577,12154125783267,91693654868214,935569829793,6744163075,0.7,market_funds,2026-06-13T18:32:41+09:00
2024-09-19,20240919,51609427016517,12051111330203,91556431941079,939242157345,3042192475,0.3,market_funds,2026-06-13T09:45:10+09:00
2024-09-19,20240919,51609427016517,12051111330203,91556431941079,939242157345,3042192475,0.3,market_funds,2026-06-13T18:32:41+09:00
2024-09-20,20240920,50829579730951,11924383103702,91109577813489,950732481890,6356945649,0.7,market_funds,2026-06-13T09:45:10+09:00
2024-09-20,20240920,50829579730951,11924383103702,91109577813489,950732481890,6356945649,0.7,market_funds,2026-06-13T18:32:41+09:00
2024-09-23,20240923,51679260572240,12005862135230,91110382680271,937627577298,6067002862,0.6,market_funds,2026-06-13T09:45:10+09:00
2024-09-23,20240923,51679260572240,12005862135230,91110382680271,937627577298,6067002862,0.6,market_funds,2026-06-13T18:32:41+09:00
2024-09-24,20240924,51755961581690,12125366267163,91191022184173,938368946357,4507151395,0.5,market_funds,2026-06-13T09:45:10+09:00
2024-09-24,20240924,51755961581690,12125366267163,91191022184173,938368946357,4507151395,0.5,market_funds,2026-06-13T18:32:41+09:00
2024-09-25,20240925,52044261690527,12167348076689,90969352662074,923311176724,5675231404,0.6,market_funds,2026-06-13T09:45:10+09:00
2024-09-25,20240925,52044261690527,12167348076689,90969352662074,923311176724,5675231404,0.6,market_funds,2026-06-13T18:32:41+09:00
2024-09-26,20240926,54060644143231,12130425117507,90408408231049,912248992156,5839870141,0.6,market_funds,2026-06-13T09:45:10+09:00
2024-09-26,20240926,54060644143231,12130425117507,90408408231049,912248992156,5839870141,0.6,market_funds,2026-06-13T18:32:41+09:00
2024-09-27,20240927,52019025063773,12275930602871,89625961611514,942353655842,3050277412,0.3,market_funds,2026-06-13T09:45:10+09:00
2024-09-27,20240927,52019025063773,12275930602871,89625961611514,942353655842,3050277412,0.3,market_funds,2026-06-13T18:32:41+09:00
2024-09-30,20240930,56832875086415,12219206239249,86478115604199,938888632316,7257477981,0.8,market_funds,2026-06-13T09:45:10+09:00
2024-09-30,20240930,56832875086415,12219206239249,86478115604199,938888632316,7257477981,0.8,market_funds,2026-06-13T18:32:41+09:00
2024-10-02,20241002,56331303608796,12703805392346,90820127202171,935116343859,15611229987,1.7,market_funds,2026-06-13T09:45:10+09:00
2024-10-02,20241002,56331303608796,12703805392346,90820127202171,935116343859,15611229987,1.7,market_funds,2026-06-13T18:32:41+09:00
2024-10-04,20241004,52704265257858,12595770050242,91827298816697,958721788948,11951696064,1.3,market_funds,2026-06-13T09:45:10+09:00
2024-10-04,20241004,52704265257858,12595770050242,91827298816697,958721788948,11951696064,1.3,market_funds,2026-06-13T18:32:41+09:00
2024-10-07,20241007,51510003333314,12558194902557,91744885371586,965913657451,7813910045,0.8,market_funds,2026-06-13T09:45:10+09:00
2024-10-07,20241007,51510003333314,12558194902557,91744885371586,965913657451,7813910045,0.8,market_funds,2026-06-13T18:32:41+09:00
2024-10-08,20241008,50695203866291,12500996358174,90233605140866,967980418277,4731432177,0.5,market_funds,2026-06-13T09:45:10+09:00
2024-10-08,20241008,50695203866291,12500996358174,90233605140866,967980418277,4731432177,0.5,market_funds,2026-06-13T18:32:41+09:00
2024-10-10,20241010,52348904165811,12403662687207,90042628255079,953500543327,6575183345,0.7,market_funds,2026-06-13T09:45:10+09:00
2024-10-10,20241010,52348904165811,12403662687207,90042628255079,953500543327,6575183345,0.7,market_funds,2026-06-13T18:32:41+09:00
2024-10-11,20241011,52212688360489,12065362760830,91357818257466,953276373585,5761413635,0.6,market_funds,2026-06-13T09:45:10+09:00
2024-10-11,20241011,52212688360489,12065362760830,91357818257466,953276373585,5761413635,0.6,market_funds,2026-06-13T18:32:41+09:00
2024-10-14,20241014,52578866876039,12146874326993,91398380071581,953757257216,5509431467,0.6,market_funds,2026-06-13T09:45:10+09:00
2024-10-14,20241014,52578866876039,12146874326993,91398380071581,953757257216,5509431467,0.6,market_funds,2026-06-13T18:32:41+09:00
2024-10-15,20241015,52940650969368,12049971909698,91957053520181,939619183301,11757397944,1.2,market_funds,2026-06-13T09:45:10+09:00
2024-10-15,20241015,52940650969368,12049971909698,91957053520181,939619183301,11757397944,1.2,market_funds,2026-06-13T18:32:41+09:00
2024-10-16,20241016,53360046108334,12158455222813,91507388080245,928720013375,5670798697,0.6,market_funds,2026-06-13T09:45:10+09:00
2024-10-16,20241016,53360046108334,12158455222813,91507388080245,928720013375,5670798697,0.6,market_funds,2026-06-13T18:32:41+09:00
2024-10-17,20241017,52367810303561,11993071985668,91052895841629,933711886708,9112870209,1.0,market_funds,2026-06-13T09:45:10+09:00
2024-10-17,20241017,52367810303561,11993071985668,91052895841629,933711886708,9112870209,1.0,market_funds,2026-06-13T18:32:41+09:00
2024-10-18,20241018,51252471553349,11967811295819,91338124266321,948237983225,17723813862,1.9,market_funds,2026-06-13T09:45:10+09:00
2024-10-18,20241018,51252471553349,11967811295819,91338124266321,948237983225,17723813862,1.9,market_funds,2026-06-13T18:32:41+09:00
2024-10-21,20241021,54433876861487,11961955557982,92102106896904,931975940450,7503656664,0.8,market_funds,2026-06-13T09:45:10+09:00
2024-10-21,20241021,54433876861487,11961955557982,92102106896904,931975940450,7503656664,0.8,market_funds,2026-06-13T18:32:41+09:00
2024-10-22,20241022,54710007841961,12043211807274,91320380784821,930637655109,7710957740,0.8,market_funds,2026-06-13T09:45:10+09:00
2024-10-22,20241022,54710007841961,12043211807274,91320380784821,930637655109,7710957740,0.8,market_funds,2026-06-13T18:32:41+09:00
2024-10-23,20241023,55677139088015,11898177352527,91218095092554,918256126669,6374618754,0.7,market_funds,2026-06-13T09:45:10+09:00
2024-10-23,20241023,55677139088015,11898177352527,91218095092554,918256126669,6374618754,0.7,market_funds,2026-06-13T18:32:41+09:00
2024-10-24,20241024,54033813013059,11966487265791,91133470110498,963601202999,4812263133,0.5,market_funds,2026-06-13T09:45:10+09:00
2024-10-24,20241024,54033813013059,11966487265791,91133470110498,963601202999,4812263133,0.5,market_funds,2026-06-13T18:32:41+09:00
2024-10-25,20241025,53594215752608,11962320351861,90597734669545,918233023580,4269054563,0.4,market_funds,2026-06-13T09:45:10+09:00
2024-10-25,20241025,53594215752608,11962320351861,90597734669545,918233023580,4269054563,0.4,market_funds,2026-06-13T18:32:41+09:00
2024-10-28,20241028,50732484928065,11979621188620,91317013018366,945174623548,5236095302,0.6,market_funds,2026-06-13T09:45:10+09:00
2024-10-28,20241028,50732484928065,11979621188620,91317013018366,945174623548,5236095302,0.6,market_funds,2026-06-13T18:32:41+09:00
2024-10-29,20241029,50481516559036,11966549043995,90389189019050,980416493725,5077520133,0.5,market_funds,2026-06-13T09:45:10+09:00
2024-10-29,20241029,50481516559036,11966549043995,90389189019050,980416493725,5077520133,0.5,market_funds,2026-06-13T18:32:41+09:00
2024-10-30,20241030,49597313994747,12070266096836,90103299974563,920870903942,5808650352,0.6,market_funds,2026-06-13T09:45:10+09:00
2024-10-30,20241030,49597313994747,12070266096836,90103299974563,920870903942,5808650352,0.6,market_funds,2026-06-13T18:32:41+09:00
2024-10-31,20241031,50586580705336,12034022115308,90895125031870,919507890507,5003409068,0.5,market_funds,2026-06-13T09:45:10+09:00
2024-10-31,20241031,50586580705336,12034022115308,90895125031870,919507890507,5003409068,0.5,market_funds,2026-06-13T18:32:41+09:00
2024-11-01,20241101,51431835421172,11986000421350,91460238421975,922448491488,5317256266,0.6,market_funds,2026-06-13T09:45:10+09:00
2024-11-01,20241101,51431835421172,11986000421350,91460238421975,922448491488,5317256266,0.6,market_funds,2026-06-13T18:32:41+09:00
2024-11-04,20241104,50423952203430,11781339241727,91609627138426,920595652615,8316199506,0.9,market_funds,2026-06-13T09:45:10+09:00
2024-11-04,20241104,50423952203430,11781339241727,91609627138426,920595652615,8316199506,0.9,market_funds,2026-06-13T18:32:41+09:00
2024-11-05,20241105,50063880529381,11780272561648,91698746588838,868142563406,8688917886,0.9,market_funds,2026-06-13T09:45:10+09:00
2024-11-05,20241105,50063880529381,11780272561648,91698746588838,868142563406,8688917886,0.9,market_funds,2026-06-13T18:32:41+09:00
2024-11-06,20241106,49889998495435,11876743060968,91771697512779,894278488783,3860952087,0.4,market_funds,2026-06-13T09:45:10+09:00
2024-11-06,20241106,49889998495435,11876743060968,91771697512779,894278488783,3860952087,0.4,market_funds,2026-06-13T18:32:41+09:00
2024-11-07,20241107,50084384847650,11878931423812,91810529122500,893106101460,2936450509,0.3,market_funds,2026-06-13T09:45:10+09:00
2024-11-07,20241107,50084384847650,11878931423812,91810529122500,893106101460,2936450509,0.3,market_funds,2026-06-13T18:32:41+09:00
2024-11-08,20241108,49902286708025,11893079445649,91815662987178,924139293168,4885099539,0.5,market_funds,2026-06-13T09:45:10+09:00
2024-11-08,20241108,49902286708025,11893079445649,91815662987178,924139293168,4885099539,0.5,market_funds,2026-06-13T18:32:41+09:00
2024-11-11,20241111,51195195190146,12058199854778,91761791581069,937239093888,8115231394,0.9,market_funds,2026-06-13T09:45:10+09:00
2024-11-11,20241111,51195195190146,12058199854778,91761791581069,937239093888,8115231394,0.9,market_funds,2026-06-13T18:32:41+09:00
2024-11-12,20241112,52733561514627,12071286041484,91614804835669,931263299267,5253085828,0.6,market_funds,2026-06-13T09:45:10+09:00
2024-11-12,20241112,52733561514627,12071286041484,91614804835669,931263299267,5253085828,0.6,market_funds,2026-06-13T18:32:41+09:00
2024-11-13,20241113,51499491846292,12101395537853,91621762926027,967096777487,9646759103,1.0,market_funds,2026-06-13T09:45:10+09:00
2024-11-13,20241113,51499491846292,12101395537853,91621762926027,967096777487,9646759103,1.0,market_funds,2026-06-13T18:32:41+09:00
2024-11-14,20241114,52955168966955,11885852816317,91713625213791,1003936224661,13071322741,1.4,market_funds,2026-06-13T09:45:10+09:00
2024-11-14,20241114,52955168966955,11885852816317,91713625213791,1003936224661,13071322741,1.4,market_funds,2026-06-13T18:32:41+09:00
2024-11-15,20241115,50612937036564,11756897286166,91655759089902,1042778972338,16489401461,1.6,market_funds,2026-06-13T09:45:10+09:00
2024-11-15,20241115,50612937036564,11756897286166,91655759089902,1042778972338,16489401461,1.6,market_funds,2026-06-13T18:32:41+09:00
2024-11-18,20241118,50918297985122,11731609683311,91895195132708,1013304825046,11652721885,1.1,market_funds,2026-06-13T09:45:10+09:00
2024-11-18,20241118,50918297985122,11731609683311,91895195132708,1013304825046,11652721885,1.1,market_funds,2026-06-13T18:32:41+09:00
2024-11-19,20241119,49992846510273,11736543178887,91826973429244,965732845451,8530292553,0.8,market_funds,2026-06-13T09:45:10+09:00
2024-11-19,20241119,49992846510273,11736543178887,91826973429244,965732845451,8530292553,0.8,market_funds,2026-06-13T18:32:41+09:00
2024-11-20,20241120,49812838596346,11724105452385,91998382966873,976928194063,10152358221,1.1,market_funds,2026-06-13T09:45:10+09:00
2024-11-20,20241120,49812838596346,11724105452385,91998382966873,976928194063,10152358221,1.1,market_funds,2026-06-13T18:32:41+09:00
2024-11-21,20241121,50309566530686,11710019757985,92238729121980,945480363550,11169138724,1.1,market_funds,2026-06-13T09:45:10+09:00
2024-11-21,20241121,50309566530686,11710019757985,92238729121980,945480363550,11169138724,1.1,market_funds,2026-06-13T18:32:41+09:00
2024-11-22,20241122,49919043764808,11840301380974,92058005869324,923967896579,5094543030,0.5,market_funds,2026-06-13T09:45:10+09:00
2024-11-22,20241122,49919043764808,11840301380974,92058005869324,923967896579,5094543030,0.5,market_funds,2026-06-13T18:32:41+09:00
2024-11-25,20241125,50424358903871,11847372094019,91872039950885,839923939232,3826779310,0.4,market_funds,2026-06-13T09:45:10+09:00
2024-11-25,20241125,50424358903871,11847372094019,91872039950885,839923939232,3826779310,0.4,market_funds,2026-06-13T18:32:41+09:00
2024-11-26,20241126,52240820666652,11922872341425,91953442459520,901260464751,3234970879,0.4,market_funds,2026-06-13T09:45:10+09:00
2024-11-26,20241126,52240820666652,11922872341425,91953442459520,901260464751,3234970879,0.4,market_funds,2026-06-13T18:32:41+09:00
2024-11-27,20241127,50895783223090,11922016890211,91792821486811,891627170824,2459021195,0.3,market_funds,2026-06-13T09:45:10+09:00
2024-11-27,20241127,50895783223090,11922016890211,91792821486811,891627170824,2459021195,0.3,market_funds,2026-06-13T18:32:41+09:00
2024-11-28,20241128,51600491269096,11930009547358,91937623000638,917966971003,4271295889,0.5,market_funds,2026-06-13T09:45:10+09:00
2024-11-28,20241128,51600491269096,11930009547358,91937623000638,917966971003,4271295889,0.5,market_funds,2026-06-13T18:32:41+09:00
2024-11-29,20241129,52296893288003,12083910761798,92561813562789,925699623164,4811423687,0.5,market_funds,2026-06-13T09:45:10+09:00
2024-11-29,20241129,52296893288003,12083910761798,92561813562789,925699623164,4811423687,0.5,market_funds,2026-06-13T18:32:41+09:00
2024-12-02,20241202,52335881542839,11935593602059,92475233784136,918924788789,8916436818,1.0,market_funds,2026-06-13T09:45:10+09:00
2024-12-02,20241202,52335881542839,11935593602059,92475233784136,918924788789,8916436818,1.0,market_funds,2026-06-13T18:32:41+09:00
2024-12-03,20241203,49898694589002,11955369323119,91943908079251,928543577401,10835436934,1.2,market_funds,2026-06-13T09:45:10+09:00
2024-12-03,20241203,49898694589002,11955369323119,91943908079251,928543577401,10835436934,1.2,market_funds,2026-06-13T18:32:41+09:00
2024-12-04,20241204,51455168634328,12159362008459,92008282974915,950978537882,6418290840,0.7,market_funds,2026-06-13T09:45:10+09:00
2024-12-04,20241204,51455168634328,12159362008459,92008282974915,950978537882,6418290840,0.7,market_funds,2026-06-13T18:32:41+09:00
2024-12-05,20241205,52469231655263,12087050122205,91975002028554,922927257370,5348338847,0.6,market_funds,2026-06-13T09:45:10+09:00
2024-12-05,20241205,52469231655263,12087050122205,91975002028554,922927257370,5348338847,0.6,market_funds,2026-06-13T18:32:41+09:00
2024-12-06,20241206,51740789839560,11973756879002,92276250224476,926902210133,6936559617,0.8,market_funds,2026-06-13T09:45:10+09:00
2024-12-06,20241206,51740789839560,11973756879002,92276250224476,926902210133,6936559617,0.8,market_funds,2026-06-13T18:32:41+09:00
2024-12-09,20241209,51906416245919,12042557107808,92265129645142,945304013781,8400701873,0.9,market_funds,2026-06-13T09:45:10+09:00
2024-12-09,20241209,51906416245919,12042557107808,92265129645142,945304013781,8400701873,0.9,market_funds,2026-06-13T18:32:41+09:00
2024-12-10,20241210,52512921171620,11816563292776,92263865326751,932196746882,10017595236,1.1,market_funds,2026-06-13T09:45:10+09:00
2024-12-10,20241210,52512921171620,11816563292776,92263865326751,932196746882,10017595236,1.1,market_funds,2026-06-13T18:32:41+09:00
2024-12-11,20241211,52922807229776,11903894848775,92663098577865,944783973583,7592629717,0.8,market_funds,2026-06-13T09:45:10+09:00
2024-12-11,20241211,52922807229776,11903894848775,92663098577865,944783973583,7592629717,0.8,market_funds,2026-06-13T18:32:41+09:00
2024-12-12,20241212,52662183095598,11743672932169,92858807840220,901382782857,3599972123,0.4,market_funds,2026-06-13T09:45:10+09:00
2024-12-12,20241212,52662183095598,11743672932169,92858807840220,901382782857,3599972123,0.4,market_funds,2026-06-13T18:32:41+09:00
2024-12-13,20241213,53572768361127,11713319692706,93070627345015,885341336178,5907005999,0.7,market_funds,2026-06-13T09:45:10+09:00
2024-12-13,20241213,53572768361127,11713319692706,93070627345015,885341336178,5907005999,0.7,market_funds,2026-06-13T18:32:41+09:00
2024-12-16,20241216,52808762230029,11584767414917,92985315821821,884043682939,2121847675,0.2,market_funds,2026-06-13T09:45:10+09:00
2024-12-16,20241216,52808762230029,11584767414917,92985315821821,884043682939,2121847675,0.2,market_funds,2026-06-13T18:32:41+09:00
2024-12-17,20241217,52552214902282,11520874489167,92876845654238,892527887794,3320718403,0.4,market_funds,2026-06-13T09:45:10+09:00
2024-12-17,20241217,52552214902282,11520874489167,92876845654238,892527887794,3320718403,0.4,market_funds,2026-06-13T18:32:41+09:00
2024-12-18,20241218,51560362377440,11243504483584,92938376004148,990446192347,3154633905,0.4,market_funds,2026-06-13T09:45:10+09:00
2024-12-18,20241218,51560362377440,11243504483584,92938376004148,990446192347,3154633905,0.4,market_funds,2026-06-13T18:32:41+09:00
2024-12-19,20241219,51351352708447,11375088101687,92797684474390,901835448543,5857681261,0.6,market_funds,2026-06-13T09:45:10+09:00
2024-12-19,20241219,51351352708447,11375088101687,92797684474390,901835448543,5857681261,0.6,market_funds,2026-06-13T18:32:41+09:00
2024-12-20,20241220,52015851828934,11093701478408,92426595433623,883327522238,6155792368,0.7,market_funds,2026-06-13T09:45:10+09:00
2024-12-20,20241220,52015851828934,11093701478408,92426595433623,883327522238,6155792368,0.7,market_funds,2026-06-13T18:32:41+09:00
2024-12-23,20241223,52084454786951,10927421064284,92460242636371,888522862249,5860455953,0.7,market_funds,2026-06-13T09:45:10+09:00
2024-12-23,20241223,52084454786951,10927421064284,92460242636371,888522862249,5860455953,0.7,market_funds,2026-06-13T18:32:41+09:00
2024-12-24,20241224,50626519879974,10881896727861,91965302830333,911733334877,6987908041,0.8,market_funds,2026-06-13T09:45:10+09:00
2024-12-24,20241224,50626519879974,10881896727861,91965302830333,911733334877,6987908041,0.8,market_funds,2026-06-13T18:32:41+09:00
2024-12-26,20241226,52595974968485,10963581215916,90789975657412,890476559754,3912362686,0.4,market_funds,2026-06-13T09:45:10+09:00
2024-12-26,20241226,52595974968485,10963581215916,90789975657412,890476559754,3912362686,0.4,market_funds,2026-06-13T18:32:41+09:00
2024-12-27,20241227,54447545002958,10964951030890,90063385568833,880970533398,3992167921,0.4,market_funds,2026-06-13T09:45:10+09:00
2024-12-27,20241227,54447545002958,10964951030890,90063385568833,880970533398,3992167921,0.4,market_funds,2026-06-13T18:32:41+09:00
2024-12-30,20241230,54555510031601,10863125096668,87585136519711,910282831943,8534314107,1.0,market_funds,2026-06-13T09:45:10+09:00
2024-12-30,20241230,54555510031601,10863125096668,87585136519711,910282831943,8534314107,1.0,market_funds,2026-06-13T18:32:41+09:00
2024-12-31,20241231,54242673614899,10811727996159,83410161011140,872829352713,0,0.0,market_funds,2026-06-13T09:45:10+09:00
2024-12-31,20241231,54242673614899,10811727996159,83410161011140,872829352713,0,0.0,market_funds,2026-06-13T18:32:41+09:00
2025-01-02,20250102,57058283876932,10808274691269,90524088783475,892652010478,5389563920,0.6,market_funds,2026-06-13T09:45:10+09:00
2025-01-02,20250102,57058283876932,10808274691269,90524088783475,892652010478,5389563920,0.6,market_funds,2026-06-13T18:32:41+09:00
2025-01-03,20250103,54550813941084,11452715121749,92169521856341,873048914012,4339404356,0.5,market_funds,2026-06-13T09:45:10+09:00
2025-01-03,20250103,54550813941084,11452715121749,92169521856341,873048914012,4339404356,0.5,market_funds,2026-06-13T18:32:41+09:00
2025-01-06,20250106,53795822944253,11677808819199,92357721925312,859867189269,5540438517,0.6,market_funds,2026-06-13T09:45:10+09:00
2025-01-06,20250106,53795822944253,11677808819199,92357721925312,859867189269,5540438517,0.6,market_funds,2026-06-13T18:32:41+09:00
2025-01-07,20250107,52336000518336,11803584527485,92511623394591,839371609983,2699855451,0.3,market_funds,2026-06-13T09:45:10+09:00
2025-01-07,20250107,52336000518336,11803584527485,92511623394591,839371609983,2699855451,0.3,market_funds,2026-06-13T18:32:41+09:00
2025-01-08,20250108,51940012252682,11886446245808,92719842689808,895824812524,2025162055,0.2,market_funds,2026-06-13T09:45:10+09:00
2025-01-08,20250108,51940012252682,11886446245808,92719842689808,895824812524,2025162055,0.2,market_funds,2026-06-13T18:32:41+09:00
2025-01-09,20250109,52755298587694,11755059158925,93242616556699,922486079973,3574103708,0.4,market_funds,2026-06-13T09:45:10+09:00
2025-01-09,20250109,52755298587694,11755059158925,93242616556699,922486079973,3574103708,0.4,market_funds,2026-06-13T18:32:41+09:00
2025-01-10,20250110,52279383921374,11738462870048,93199730796720,906648459597,4841369471,0.5,market_funds,2026-06-13T09:45:10+09:00
2025-01-10,20250110,52279383921374,11738462870048,93199730796720,906648459597,4841369471,0.5,market_funds,2026-06-13T18:32:41+09:00
2025-01-13,20250113,53747925642156,11914231996442,93435145933804,886969964830,4633674786,0.5,market_funds,2026-06-13T09:45:10+09:00
2025-01-13,20250113,53747925642156,11914231996442,93435145933804,886969964830,4633674786,0.5,market_funds,2026-06-13T18:32:41+09:00
2025-01-14,20250114,53769014283113,11640998501983,93092342585530,896303412404,5944753180,0.7,market_funds,2026-06-13T09:45:10+09:00
2025-01-14,20250114,53769014283113,11640998501983,93092342585530,896303412404,5944753180,0.7,market_funds,2026-06-13T18:32:41+09:00
2025-01-15,20250115,52787692816115,11668846925372,92533346239065,912511507638,5058638779,0.6,market_funds,2026-06-13T09:45:10+09:00
2025-01-15,20250115,52787692816115,11668846925372,92533346239065,912511507638,5058638779,0.6,market_funds,2026-06-13T18:32:41+09:00
2025-01-16,20250116,51869020602538,11731787778989,92983391323379,893916948925,5548028931,0.6,market_funds,2026-06-13T09:45:10+09:00
2025-01-16,20250116,51869020602538,11731787778989,92983391323379,893916948925,5548028931,0.6,market_funds,2026-06-13T18:32:41+09:00
2025-01-17,20250117,51270090617340,11798989230258,92908252719568,896865281683,4944260209,0.6,market_funds,2026-06-13T09:45:10+09:00
2025-01-17,20250117,51270090617340,11798989230258,92908252719568,896865281683,4944260209,0.6,market_funds,2026-06-13T18:32:41+09:00
2025-01-20,20250120,53225906074390,11797005741133,93077139115030,886585089949,3962401144,0.4,market_funds,2026-06-13T09:45:10+09:00
2025-01-20,20250120,53225906074390,11797005741133,93077139115030,886585089949,3962401144,0.4,market_funds,2026-06-13T18:32:41+09:00
2025-01-21,20250121,52798131357265,11796572912636,93479005015490,897010200161,4649105861,0.5,market_funds,2026-06-13T09:45:10+09:00
2025-01-21,20250121,52798131357265,11796572912636,93479005015490,897010200161,4649105861,0.5,market_funds,2026-06-13T18:32:41+09:00
2025-01-22,20250122,52102631769174,11853251983575,90819316365109,898037115714,5935439379,0.7,market_funds,2026-06-13T09:45:10+09:00
2025-01-22,20250122,52102631769174,11853251983575,90819316365109,898037115714,5935439379,0.7,market_funds,2026-06-13T18:32:41+09:00
2025-01-23,20250123,52112576665695,11911573712705,90461384706070,892252165781,4592515418,0.5,market_funds,2026-06-13T09:45:10+09:00
2025-01-23,20250123,52112576665695,11911573712705,90461384706070,892252165781,4592515418,0.5,market_funds,2026-06-13T18:32:41+09:00
2025-01-24,20250124,54144253928010,11681047181002,93307776317181,872474118377,6007779900,0.7,market_funds,2026-06-13T09:45:10+09:00
2025-01-24,20250124,54144253928010,11681047181002,93307776317181,872474118377,6007779900,0.7,market_funds,2026-06-13T18:32:41+09:00
2025-01-31,20250131,55578587864590,11831435025965,92311405057946,886924779725,3057202731,0.4,market_funds,2026-06-13T09:45:10+09:00
2025-01-31,20250131,55578587864590,11831435025965,92311405057946,886924779725,3057202731,0.4,market_funds,2026-06-13T18:32:41+09:00
2025-02-03,20250203,58231702212835,11939280916880,92557498674327,869953848506,7398608361,0.8,market_funds,2026-06-13T09:45:10+09:00
2025-02-03,20250203,58231702212835,11939280916880,92557498674327,869953848506,7398608361,0.8,market_funds,2026-06-13T18:32:41+09:00
2025-02-04,20250204,57753198959470,11720832430697,92559343479706,909384864803,8487743507,1.0,market_funds,2026-06-13T09:45:10+09:00
2025-02-04,20250204,57753198959470,11720832430697,92559343479706,909384864803,8487743507,1.0,market_funds,2026-06-13T18:32:41+09:00
2025-02-05,20250205,53333037590766,11710681203352,92820881041606,990277506266,6476427295,0.7,market_funds,2026-06-13T09:45:10+09:00
2025-02-05,20250205,53333037590766,11710681203352,92820881041606,990277506266,6476427295,0.7,market_funds,2026-06-13T18:32:41+09:00
2025-02-06,20250206,54673361258018,11727450038443,93144709418933,945638393255,4094957518,0.4,market_funds,2026-06-13T09:45:10+09:00
2025-02-06,20250206,54673361258018,11727450038443,93144709418933,945638393255,4094957518,0.4,market_funds,2026-06-13T18:32:41+09:00
2025-02-07,20250207,52823988313982,11756176048135,93100740655660,899557694381,4472457589,0.5,market_funds,2026-06-13T09:45:10+09:00
2025-02-07,20250207,52823988313982,11756176048135,93100740655660,899557694381,4472457589,0.5,market_funds,2026-06-13T18:32:41+09:00
2025-02-10,20250210,53106920311789,11721578969372,92893363330483,882140280934,2939996422,0.3,market_funds,2026-06-13T09:45:10+09:00
2025-02-10,20250210,53106920311789,11721578969372,92893363330483,882140280934,2939996422,0.3,market_funds,2026-06-13T18:32:41+09:00
2025-02-11,20250211,53364909635933,11683202925967,93048259506933,891576777809,4879648436,0.6,market_funds,2026-06-13T09:45:10+09:00
2025-02-11,20250211,53364909635933,11683202925967,93048259506933,891576777809,4879648436,0.6,market_funds,2026-06-13T18:32:41+09:00
2025-02-12,20250212,52892907503870,11763860713430,92497652679625,927851940063,4559548767,0.5,market_funds,2026-06-13T09:45:10+09:00
2025-02-12,20250212,52892907503870,11763860713430,92497652679625,927851940063,4559548767,0.5,market_funds,2026-06-13T18:32:41+09:00
2025-02-13,20250213,53922451873371,11667662389356,92928181151120,929404035811,3928891973,0.4,market_funds,2026-06-13T09:45:10+09:00
2025-02-13,20250213,53922451873371,11667662389356,92928181151120,929404035811,3928891973,0.4,market_funds,2026-06-13T18:32:41+09:00
2025-02-14,20250214,54510648565961,11675749537637,92527258080284,932689886826,3730377139,0.4,market_funds,2026-06-13T09:45:10+09:00
2025-02-14,20250214,54510648565961,11675749537637,92527258080284,932689886826,3730377139,0.4,market_funds,2026-06-13T18:32:41+09:00
2025-02-17,20250217,53508575175858,11739009976075,92637985830762,902171853585,3557058497,0.4,market_funds,2026-06-13T09:45:10+09:00
2025-02-17,20250217,53508575175858,11739009976075,92637985830762,902171853585,3557058497,0.4,market_funds,2026-06-13T18:32:41+09:00
2025-02-18,20250218,53914507204833,11759825576191,93417773855509,891932816701,3787801202,0.4,market_funds,2026-06-13T09:45:10+09:00
2025-02-18,20250218,53914507204833,11759825576191,93417773855509,891932816701,3787801202,0.4,market_funds,2026-06-13T18:32:41+09:00
2025-02-19,20250219,55117343741774,11990470107228,93426591730073,891895445598,2957885476,0.3,market_funds,2026-06-13T09:45:10+09:00
2025-02-19,20250219,55117343741774,11990470107228,93426591730073,891895445598,2957885476,0.3,market_funds,2026-06-13T18:32:41+09:00
2025-02-20,20250220,54622415283527,12115492289979,93393142776983,891044634752,2270074071,0.3,market_funds,2026-06-13T09:45:10+09:00
2025-02-20,20250220,54622415283527,12115492289979,93393142776983,891044634752,2270074071,0.3,market_funds,2026-06-13T18:32:41+09:00
2025-02-21,20250221,54958762565901,12051384342323,93064245465699,897455282240,5151778753,0.6,market_funds,2026-06-13T09:45:10+09:00
2025-02-21,20250221,54958762565901,12051384342323,93064245465699,897455282240,5151778753,0.6,market_funds,2026-06-13T18:32:41+09:00
2025-02-24,20250224,54029761225021,12124013152598,92996312637061,936342059672,6918473461,0.8,market_funds,2026-06-13T09:45:10+09:00
2025-02-24,20250224,54029761225021,12124013152598,92996312637061,936342059672,6918473461,0.8,market_funds,2026-06-13T18:32:41+09:00
2025-02-25,20250225,54898669789689,12067918216959,93205653760794,918860389528,8549996575,0.9,market_funds,2026-06-13T09:45:10+09:00
2025-02-25,20250225,54898669789689,12067918216959,93205653760794,918860389528,8549996575,0.9,market_funds,2026-06-13T18:32:41+09:00
2025-02-26,20250226,54494564943082,12125771318983,93278877057723,911913732072,6140970392,0.7,market_funds,2026-06-13T09:45:10+09:00
2025-02-26,20250226,54494564943082,12125771318983,93278877057723,911913732072,6140970392,0.7,market_funds,2026-06-13T18:32:41+09:00
2025-02-27,20250227,55218463533405,12023990241464,93403116638342,912936364105,6872273061,0.8,market_funds,2026-06-13T09:45:10+09:00
2025-02-27,20250227,55218463533405,12023990241464,93403116638342,912936364105,6872273061,0.8,market_funds,2026-06-13T18:32:41+09:00
2025-02-28,20250228,56052942763366,12191882112647,93063231844487,904949061786,7761543199,0.9,market_funds,2026-06-13T09:45:10+09:00
2025-02-28,20250228,56052942763366,12191882112647,93063231844487,904949061786,7761543199,0.9,market_funds,2026-06-13T18:32:41+09:00
2025-03-04,20250304,57232825633150,11855080808736,93358794013928,903008654053,10933961511,1.2,market_funds,2026-06-13T09:45:10+09:00
2025-03-04,20250304,57232825633150,11855080808736,93358794013928,903008654053,10933961511,1.2,market_funds,2026-06-13T18:32:41+09:00
2025-03-05,20250305,53548723770937,11806841139433,92358361906967,936852290427,10508999708,1.2,market_funds,2026-06-13T09:45:10+09:00
2025-03-05,20250305,53548723770937,11806841139433,92358361906967,936852290427,10508999708,1.2,market_funds,2026-06-13T18:32:41+09:00
2025-03-06,20250306,52877238309198,11769223501146,92582616027743,917440458546,7175686706,0.8,market_funds,2026-06-13T09:45:10+09:00
2025-03-06,20250306,52877238309198,11769223501146,92582616027743,917440458546,7175686706,0.8,market_funds,2026-06-13T18:32:41+09:00
2025-03-07,20250307,51289234160155,11840310389232,92487396208671,888140743928,3936665899,0.4,market_funds,2026-06-13T09:45:10+09:00
2025-03-07,20250307,51289234160155,11840310389232,92487396208671,888140743928,3936665899,0.4,market_funds,2026-06-13T18:32:41+09:00
2025-03-10,20250310,53767051257072,11868554825706,92709002378397,895461203332,8419453492,0.9,market_funds,2026-06-13T09:45:10+09:00
2025-03-10,20250310,53767051257072,11868554825706,92709002378397,895461203332,8419453492,0.9,market_funds,2026-06-13T18:32:41+09:00
2025-03-11,20250311,53300355991742,11925975284461,92911627403701,883956204771,7103246854,0.8,market_funds,2026-06-13T09:45:10+09:00
2025-03-11,20250311,53300355991742,11925975284461,92911627403701,883956204771,7103246854,0.8,market_funds,2026-06-13T18:32:41+09:00
2025-03-12,20250312,52806015678741,11892420071965,92580307129342,895267748541,5325268275,0.6,market_funds,2026-06-13T09:45:10+09:00
2025-03-12,20250312,52806015678741,11892420071965,92580307129342,895267748541,5325268275,0.6,market_funds,2026-06-13T18:32:41+09:00
2025-03-13,20250313,52246368181119,11811530498587,93349301576477,908482212998,4038267967,0.5,market_funds,2026-06-13T09:45:10+09:00
2025-03-13,20250313,52246368181119,11811530498587,93349301576477,908482212998,4038267967,0.5,market_funds,2026-06-13T18:32:41+09:00
2025-03-14,20250314,51356628394178,11718832847941,93697866517805,893860035095,3549559553,0.4,market_funds,2026-06-13T09:45:10+09:00
2025-03-14,20250314,51356628394178,11718832847941,93697866517805,893860035095,3549559553,0.4,market_funds,2026-06-13T18:32:41+09:00
2025-03-17,20250317,51861445788283,11664963165773,93452074947187,908021385244,5852446860,0.7,market_funds,2026-06-13T09:45:10+09:00
2025-03-17,20250317,51861445788283,11664963165773,93452074947187,908021385244,5852446860,0.7,market_funds,2026-06-13T18:32:41+09:00
2025-03-18,20250318,50956700755936,11797638828606,93578678861343,891759895765,3468702779,0.4,market_funds,2026-06-13T09:45:10+09:00
2025-03-18,20250318,50956700755936,11797638828606,93578678861343,891759895765,3468702779,0.4,market_funds,2026-06-13T18:32:41+09:00
2025-03-19,20250319,51913402448523,11754720902559,93719517747549,904442999812,2990050221,0.3,market_funds,2026-06-13T09:45:10+09:00
2025-03-19,20250319,51913402448523,11754720902559,93719517747549,904442999812,2990050221,0.3,market_funds,2026-06-13T18:32:41+09:00
2025-03-20,20250320,52497300699194,11874569552657,93982324575380,917003697604,3852503027,0.4,market_funds,2026-06-13T09:45:10+09:00
2025-03-20,20250320,52497300699194,11874569552657,93982324575380,917003697604,3852503027,0.4,market_funds,2026-06-13T18:32:41+09:00
2025-03-21,20250321,53615311588904,11821625473807,94252240420819,918163483618,4271113088,0.5,market_funds,2026-06-13T09:45:10+09:00
2025-03-21,20250321,53615311588904,11821625473807,94252240420819,918163483618,4271113088,0.5,market_funds,2026-06-13T18:32:41+09:00
2025-03-24,20250324,53282248974110,11832661335641,94302268741271,937963655401,6551229881,0.7,market_funds,2026-06-13T09:45:10+09:00
2025-03-24,20250324,53282248974110,11832661335641,94302268741271,937963655401,6551229881,0.7,market_funds,2026-06-13T18:32:41+09:00
2025-03-25,20250325,55162222293784,11742654184697,94237359484926,930532020384,8593430250,0.9,market_funds,2026-06-13T09:45:10+09:00
2025-03-25,20250325,55162222293784,11742654184697,94237359484926,930532020384,8593430250,0.9,market_funds,2026-06-13T18:32:41+09:00
2025-03-26,20250326,55671371348268,11698151904058,93284747944050,903373738452,6342364065,0.7,market_funds,2026-06-13T09:45:10+09:00
2025-03-26,20250326,55671371348268,11698151904058,93284747944050,903373738452,6342364065,0.7,market_funds,2026-06-13T18:32:41+09:00
2025-03-27,20250327,54693639111856,11632682196487,92870291247354,922527801767,4071040029,0.5,market_funds,2026-06-13T09:45:10+09:00
2025-03-27,20250327,54693639111856,11632682196487,92870291247354,922527801767,4071040029,0.5,market_funds,2026-06-13T18:32:41+09:00
2025-03-28,20250328,56932751985556,11629747193925,93272073286297,896532413984,7590506712,0.8,market_funds,2026-06-13T09:45:10+09:00
2025-03-28,20250328,56932751985556,11629747193925,93272073286297,896532413984,7590506712,0.8,market_funds,2026-06-13T18:32:41+09:00
2025-03-31,20250331,58474325039872,11721042622467,90985855219005,893280424844,11505178510,1.3,market_funds,2026-06-13T09:45:10+09:00
2025-03-31,20250331,58474325039872,11721042622467,90985855219005,893280424844,11505178510,1.3,market_funds,2026-06-13T18:32:41+09:00
2025-04-01,20250401,59496706100632,11425475857993,93040117478798,909352267796,13935780787,1.6,market_funds,2026-06-13T09:45:10+09:00
2025-04-01,20250401,59496706100632,11425475857993,93040117478798,909352267796,13935780787,1.6,market_funds,2026-06-13T18:32:41+09:00
2025-04-02,20250402,54357742057823,11728988929955,93720046547770,933353481462,7113011813,0.8,market_funds,2026-06-13T09:45:10+09:00
2025-04-02,20250402,54357742057823,11728988929955,93720046547770,933353481462,7113011813,0.8,market_funds,2026-06-13T18:32:41+09:00
2025-04-03,20250403,55320004458326,11820943106146,93593938895162,901184767622,6909581258,0.7,market_funds,2026-06-13T09:45:10+09:00
2025-04-03,20250403,55320004458326,11820943106146,93593938895162,901184767622,6909581258,0.7,market_funds,2026-06-13T18:32:41+09:00
2025-04-04,20250404,55607730662616,11789521211958,93299829983236,892981724447,7990849149,0.9,market_funds,2026-06-13T09:45:10+09:00
2025-04-04,20250404,55607730662616,11789521211958,93299829983236,892981724447,7990849149,0.9,market_funds,2026-06-13T18:32:41+09:00
2025-04-07,20250407,57843408995281,12533770673733,92805618309897,888966904998,6736904284,0.8,market_funds,2026-06-13T09:45:10+09:00
2025-04-07,20250407,57843408995281,12533770673733,92805618309897,888966904998,6736904284,0.8,market_funds,2026-06-13T18:32:41+09:00
2025-04-08,20250408,55909187212632,11931260142938,93015445920473,913785750599,8028541475,0.9,market_funds,2026-06-13T09:45:10+09:00
2025-04-08,20250408,55909187212632,11931260142938,93015445920473,913785750599,8028541475,0.9,market_funds,2026-06-13T18:32:41+09:00
2025-04-09,20250409,54160436723572,12033086285429,92914653945775,975963873044,16619528347,1.8,market_funds,2026-06-13T09:45:10+09:00
2025-04-09,20250409,54160436723572,12033086285429,92914653945775,975963873044,16619528347,1.8,market_funds,2026-06-13T18:32:41+09:00
2025-04-10,20250410,54692393919355,11643628442398,93203734028919,946669233640,12504505796,1.3,market_funds,2026-06-13T09:45:10+09:00
2025-04-10,20250410,54692393919355,11643628442398,93203734028919,946669233640,12504505796,1.3,market_funds,2026-06-13T18:32:41+09:00
2025-04-11,20250411,53618358145697,11423951467146,93653644848622,937047724693,5614329252,0.6,market_funds,2026-06-13T09:45:10+09:00
2025-04-11,20250411,53618358145697,11423951467146,93653644848622,937047724693,5614329252,0.6,market_funds,2026-06-13T18:32:41+09:00
2025-04-14,20250414,54875869832021,11343645535713,93675901400647,895889239116,6016761060,0.6,market_funds,2026-06-13T09:45:10+09:00
2025-04-14,20250414,54875869832021,11343645535713,93675901400647,895889239116,6016761060,0.6,market_funds,2026-06-13T18:32:41+09:00
2025-04-15,20250415,54754227671263,11203784233370,93951843258044,876041462401,3735589605,0.4,market_funds,2026-06-13T09:45:10+09:00
2025-04-15,20250415,54754227671263,11203784233370,93951843258044,876041462401,3735589605,0.4,market_funds,2026-06-13T18:32:41+09:00
2025-04-16,20250416,52977267633354,11239941533104,94118743946464,885162406076,1591660932,0.2,market_funds,2026-06-13T09:45:10+09:00
2025-04-16,20250416,52977267633354,11239941533104,94118743946464,885162406076,1591660932,0.2,market_funds,2026-06-13T18:32:41+09:00
2025-04-17,20250417,53633088177925,11220509276023,94311267556649,880177387904,3941244917,0.4,market_funds,2026-06-13T09:45:10+09:00
2025-04-17,20250417,53633088177925,11220509276023,94311267556649,880177387904,3941244917,0.4,market_funds,2026-06-13T18:32:41+09:00
2025-04-18,20250418,53824750426392,11610074611852,94738702068230,890128780450,2700187625,0.3,market_funds,2026-06-13T09:45:10+09:00
2025-04-18,20250418,53824750426392,11610074611852,94738702068230,890128780450,2700187625,0.3,market_funds,2026-06-13T18:32:41+09:00
2025-04-21,20250421,53836524475808,11198512315675,95023898216939,898193151082,4628674931,0.5,market_funds,2026-06-13T09:45:10+09:00
2025-04-21,20250421,53836524475808,11198512315675,95023898216939,898193151082,4628674931,0.5,market_funds,2026-06-13T18:32:41+09:00
2025-04-22,20250422,53962600123857,11507805741918,95188447174407,893123851093,4032661102,0.4,market_funds,2026-06-13T09:45:10+09:00
2025-04-22,20250422,53962600123857,11507805741918,95188447174407,893123851093,4032661102,0.4,market_funds,2026-06-13T18:32:41+09:00
2025-04-23,20250423,54397449155212,11574716469039,95175295282913,889584537026,2880043359,0.3,market_funds,2026-06-13T09:45:10+09:00
2025-04-23,20250423,54397449155212,11574716469039,95175295282913,889584537026,2880043359,0.3,market_funds,2026-06-13T18:32:41+09:00
2025-04-24,20250424,54307577811410,11616598518320,94990140380383,886827524773,6071179838,0.7,market_funds,2026-06-13T09:45:10+09:00
2025-04-24,20250424,54307577811410,11616598518320,94990140380383,886827524773,6071179838,0.7,market_funds,2026-06-13T18:32:41+09:00
2025-04-25,20250425,55310303891282,11586273033059,94006891596752,878813683720,4559863697,0.5,market_funds,2026-06-13T09:45:10+09:00
2025-04-25,20250425,55310303891282,11586273033059,94006891596752,878813683720,4559863697,0.5,market_funds,2026-06-13T18:32:41+09:00
2025-04-28,20250428,55941685201011,11677972920319,93507551837053,903270396502,3519458029,0.4,market_funds,2026-06-13T09:45:10+09:00
2025-04-28,20250428,55941685201011,11677972920319,93507551837053,903270396502,3519458029,0.4,market_funds,2026-06-13T18:32:41+09:00
2025-04-29,20250429,57561497964018,11595752877370,94076199564198,891385283406,5165767008,0.6,market_funds,2026-06-13T09:45:10+09:00
2025-04-29,20250429,57561497964018,11595752877370,94076199564198,891385283406,5165767008,0.6,market_funds,2026-06-13T18:32:41+09:00
2025-04-30,20250430,57547609735064,11593829663216,94132889298539,922902422330,5781515644,0.6,market_funds,2026-06-13T09:45:10+09:00
2025-04-30,20250430,57547609735064,11593829663216,94132889298539,922902422330,5781515644,0.6,market_funds,2026-06-13T18:32:41+09:00
2025-05-02,20250502,56530869582137,11651859672001,94523286584536,908717988672,8800144465,1.0,market_funds,2026-06-13T09:45:10+09:00
2025-05-02,20250502,56530869582137,11651859672001,94523286584536,908717988672,8800144465,1.0,market_funds,2026-06-13T18:32:41+09:00
2025-05-07,20250507,56449421754071,11718473796244,94543301319323,906451965174,4760127695,0.5,market_funds,2026-06-13T09:45:10+09:00
2025-05-07,20250507,56449421754071,11718473796244,94543301319323,906451965174,4760127695,0.5,market_funds,2026-06-13T18:32:41+09:00
2025-05-08,20250508,56436361044168,11575323048353,94690905555672,895259354092,4049097641,0.4,market_funds,2026-06-13T09:45:10+09:00
2025-05-08,20250508,56436361044168,11575323048353,94690905555672,895259354092,4049097641,0.4,market_funds,2026-06-13T18:32:41+09:00
2025-05-09,20250509,54262394057703,11432518262694,94531256717030,911781042924,3771231933,0.4,market_funds,2026-06-13T09:45:10+09:00
2025-05-09,20250509,54262394057703,11432518262694,94531256717030,911781042924,3771231933,0.4,market_funds,2026-06-13T18:32:41+09:00
2025-05-12,20250512,56162460988036,11465041877147,93042756093985,920528775068,4459541056,0.5,market_funds,2026-06-13T09:45:10+09:00
2025-05-12,20250512,56162460988036,11465041877147,93042756093985,920528775068,4459541056,0.5,market_funds,2026-06-13T18:32:41+09:00
2025-05-13,20250513,55206492981236,11486146969193,93713345803902,950464748932,6449853155,0.7,market_funds,2026-06-13T09:45:10+09:00
2025-05-13,20250513,55206492981236,11486146969193,93713345803902,950464748932,6449853155,0.7,market_funds,2026-06-13T18:32:41+09:00
2025-05-14,20250514,57471283704159,11566616209270,93733348491079,955356310548,4458577530,0.5,market_funds,2026-06-13T09:45:10+09:00
2025-05-14,20250514,57471283704159,11566616209270,93733348491079,955356310548,4458577530,0.5,market_funds,2026-06-13T18:32:41+09:00
2025-05-15,20250515,56518593282538,11516109996116,93907091388487,918933887865,3815949523,0.4,market_funds,2026-06-13T09:45:10+09:00
2025-05-15,20250515,56518593282538,11516109996116,93907091388487,918933887865,3815949523,0.4,market_funds,2026-06-13T18:32:41+09:00
2025-05-16,20250516,56274366071618,11569355124186,95556308103804,896802331264,8220738456,0.9,market_funds,2026-06-13T09:45:10+09:00
2025-05-16,20250516,56274366071618,11569355124186,95556308103804,896802331264,8220738456,0.9,market_funds,2026-06-13T18:32:41+09:00
2025-05-19,20250519,56185030215990,11675551906159,95728409136921,907246092149,5112296240,0.6,market_funds,2026-06-13T09:45:10+09:00
2025-05-19,20250519,56185030215990,11675551906159,95728409136921,907246092149,5112296240,0.6,market_funds,2026-06-13T18:32:41+09:00
2025-05-20,20250520,56545822284163,11608814737184,95622870163770,903737076780,7555458996,0.8,market_funds,2026-06-13T09:45:10+09:00
2025-05-20,20250520,56545822284163,11608814737184,95622870163770,903737076780,7555458996,0.8,market_funds,2026-06-13T18:32:41+09:00
2025-05-21,20250521,56101265973392,11606466707419,95620936767655,912250098340,7933217103,0.9,market_funds,2026-06-13T09:45:10+09:00
2025-05-21,20250521,56101265973392,11606466707419,95620936767655,912250098340,7933217103,0.9,market_funds,2026-06-13T18:32:41+09:00
2025-05-22,20250522,56212991158998,11633740614781,95790791896813,910972902264,4769946914,0.5,market_funds,2026-06-13T09:45:10+09:00
2025-05-22,20250522,56212991158998,11633740614781,95790791896813,910972902264,4769946914,0.5,market_funds,2026-06-13T18:32:41+09:00
2025-05-23,20250523,56750013990187,11533123059058,94817311742767,886501561577,9762705243,1.1,market_funds,2026-06-13T09:45:10+09:00
2025-05-23,20250523,56750013990187,11533123059058,94817311742767,886501561577,9762705243,1.1,market_funds,2026-06-13T18:32:41+09:00
2025-05-26,20250526,56756516425534,11569926230325,94673136540437,902322652694,5258336024,0.6,market_funds,2026-06-13T09:45:10+09:00
2025-05-26,20250526,56756516425534,11569926230325,94673136540437,902322652694,5258336024,0.6,market_funds,2026-06-13T18:32:41+09:00
2025-05-27,20250527,57500411031619,11534128525274,95634077643853,904743940663,6092570075,0.7,market_funds,2026-06-13T09:45:10+09:00
2025-05-27,20250527,57500411031619,11534128525274,95634077643853,904743940663,6092570075,0.7,market_funds,2026-06-13T18:32:41+09:00
2025-05-28,20250528,56402863778222,11744626960311,94973030904615,910349041952,4186173192,0.5,market_funds,2026-06-13T09:45:10+09:00
2025-05-28,20250528,56402863778222,11744626960311,94973030904615,910349041952,4186173192,0.5,market_funds,2026-06-13T18:32:41+09:00
2025-05-29,20250529,58029086406957,11883586775052,94934889804479,913940950586,3369000579,0.4,market_funds,2026-06-13T09:45:10+09:00
2025-05-29,20250529,58029086406957,11883586775052,94934889804479,913940950586,3369000579,0.4,market_funds,2026-06-13T18:32:41+09:00
2025-05-30,20250530,57297161972551,11867775698353,95181939051893,899052586936,3836146546,0.4,market_funds,2026-06-13T09:45:10+09:00
2025-05-30,20250530,57297161972551,11867775698353,95181939051893,899052586936,3836146546,0.4,market_funds,2026-06-13T18:32:41+09:00
2025-06-02,20250602,60188564960066,11621640489456,95572433755497,887415466544,4650927211,0.5,market_funds,2026-06-13T09:45:10+09:00
2025-06-02,20250602,60188564960066,11621640489456,95572433755497,887415466544,4650927211,0.5,market_funds,2026-06-13T18:32:41+09:00
2025-06-04,20250604,60035306265612,11769858544402,95912208886339,891923230632,6644872478,0.7,market_funds,2026-06-13T09:45:10+09:00
2025-06-04,20250604,60035306265612,11769858544402,95912208886339,891923230632,6644872478,0.7,market_funds,2026-06-13T18:32:41+09:00
2025-06-05,20250605,58369719002120,11774444346432,95977264555281,881422298177,3522505090,0.4,market_funds,2026-06-13T09:45:10+09:00
2025-06-05,20250605,58369719002120,11774444346432,95977264555281,881422298177,3522505090,0.4,market_funds,2026-06-13T18:32:41+09:00
2025-06-09,20250609,59660311967140,11813692553163,95980977521265,882463425807,1643423015,0.2,market_funds,2026-06-13T09:45:10+09:00
2025-06-09,20250609,59660311967140,11813692553163,95980977521265,882463425807,1643423015,0.2,market_funds,2026-06-13T18:32:41+09:00
2025-06-10,20250610,62349793843202,11864792176333,96201245156123,885351779319,3218395018,0.4,market_funds,2026-06-13T09:45:10+09:00
2025-06-10,20250610,62349793843202,11864792176333,96201245156123,885351779319,3218395018,0.4,market_funds,2026-06-13T18:32:41+09:00
2025-06-11,20250611,61982195920495,11935742551247,96333465581904,920383191441,3477400906,0.4,market_funds,2026-06-13T09:45:10+09:00
2025-06-11,20250611,61982195920495,11935742551247,96333465581904,920383191441,3477400906,0.4,market_funds,2026-06-13T18:32:41+09:00
2025-06-12,20250612,62944457063416,12012548866141,96529701794873,956324907166,4557218343,0.5,market_funds,2026-06-13T09:45:10+09:00
2025-06-12,20250612,62944457063416,12012548866141,96529701794873,956324907166,4557218343,0.5,market_funds,2026-06-13T18:32:41+09:00
2025-06-13,20250613,63819595616746,11811608430388,97019429932710,914362961922,4006999202,0.4,market_funds,2026-06-13T09:45:10+09:00
2025-06-13,20250613,63819595616746,11811608430388,97019429932710,914362961922,4006999202,0.4,market_funds,2026-06-13T18:32:41+09:00
2025-06-16,20250616,64965824545472,11650304758216,96623594979956,925711333249,3703317936,0.4,market_funds,2026-06-13T09:45:10+09:00
2025-06-16,20250616,64965824545472,11650304758216,96623594979956,925711333249,3703317936,0.4,market_funds,2026-06-13T18:32:41+09:00
2025-06-17,20250617,65020220617107,11745201715504,96792449103208,960979007741,5591709167,0.6,market_funds,2026-06-13T09:45:10+09:00
2025-06-17,20250617,65020220617107,11745201715504,96792449103208,960979007741,5591709167,0.6,market_funds,2026-06-13T18:32:41+09:00
2025-06-18,20250618,63498937921596,11828483628141,97113097141088,947380614521,5166746430,0.5,market_funds,2026-06-13T09:45:10+09:00
2025-06-18,20250618,63498937921596,11828483628141,97113097141088,947380614521,5166746430,0.5,market_funds,2026-06-13T18:32:41+09:00
2025-06-19,20250619,63604816777909,11859492040414,97504896934716,958242295455,4019700980,0.4,market_funds,2026-06-13T09:45:10+09:00
2025-06-19,20250619,63604816777909,11859492040414,97504896934716,958242295455,4019700980,0.4,market_funds,2026-06-13T18:32:41+09:00
2025-06-20,20250620,64214360794420,11612575487323,97017902239097,942349143557,11153721153,1.2,market_funds,2026-06-13T09:45:10+09:00
2025-06-20,20250620,64214360794420,11612575487323,97017902239097,942349143557,11153721153,1.2,market_funds,2026-06-13T18:32:41+09:00
2025-06-23,20250623,65017255336175,11627297943889,96608420862442,924607378349,5222876029,0.6,market_funds,2026-06-13T09:45:10+09:00
2025-06-23,20250623,65017255336175,11627297943889,96608420862442,924607378349,5222876029,0.6,market_funds,2026-06-13T18:32:41+09:00
2025-06-24,20250624,66411444977331,11657931808314,95700980779041,907074534718,7644774516,0.8,market_funds,2026-06-13T09:45:10+09:00
2025-06-24,20250624,66411444977331,11657931808314,95700980779041,907074534718,7644774516,0.8,market_funds,2026-06-13T18:32:41+09:00
2025-06-25,20250625,66676929120466,11770006845837,94923657923493,974240253857,4622570912,0.5,market_funds,2026-06-13T09:45:10+09:00
2025-06-25,20250625,66676929120466,11770006845837,94923657923493,974240253857,4622570912,0.5,market_funds,2026-06-13T18:32:41+09:00
2025-06-26,20250626,69055962543126,11798865890224,95225061402615,985517953602,7166378113,0.7,market_funds,2026-06-13T09:45:10+09:00
2025-06-26,20250626,69055962543126,11798865890224,95225061402615,985517953602,7166378113,0.7,market_funds,2026-06-13T18:32:41+09:00
2025-06-27,20250627,67712740038572,11751874669491,95328975572997,1045755100059,12872184531,1.3,market_funds,2026-06-13T09:45:10+09:00
2025-06-27,20250627,67712740038572,11751874669491,95328975572997,1045755100059,12872184531,1.3,market_funds,2026-06-13T18:32:41+09:00
2025-06-30,20250630,68972400140652,11693764649269,93212124073077,1043686658276,12807304479,1.2,market_funds,2026-06-13T09:45:10+09:00
2025-06-30,20250630,68972400140652,11693764649269,93212124073077,1043686658276,12807304479,1.2,market_funds,2026-06-13T18:32:41+09:00
2025-07-01,20250701,70413288736568,11673494471512,96016975060222,986295448494,12280188062,1.2,market_funds,2026-06-13T09:45:10+09:00
2025-07-01,20250701,70413288736568,11673494471512,96016975060222,986295448494,12280188062,1.2,market_funds,2026-06-13T18:32:41+09:00
2025-07-02,20250702,66053344761675,12224277656070,96493777123267,981233019712,10525994306,1.1,market_funds,2026-06-13T09:45:10+09:00
2025-07-02,20250702,66053344761675,12224277656070,96493777123267,981233019712,10525994306,1.1,market_funds,2026-06-13T18:32:41+09:00
2025-07-03,20250703,66285115962529,12283894873250,96656814993760,964049873042,10904993381,1.1,market_funds,2026-06-13T09:45:10+09:00
2025-07-03,20250703,66285115962529,12283894873250,96656814993760,964049873042,10904993381,1.1,market_funds,2026-06-13T18:32:41+09:00
2025-07-04,20250704,65383990120929,12355072895123,95995510454484,961911901986,18191586303,1.9,market_funds,2026-06-13T09:45:10+09:00
2025-07-04,20250704,65383990120929,12355072895123,95995510454484,961911901986,18191586303,1.9,market_funds,2026-06-13T18:32:41+09:00
2025-07-07,20250707,67337759454067,12179580987668,96016782086150,947049963241,7756072306,0.8,market_funds,2026-06-13T09:45:10+09:00
2025-07-07,20250707,67337759454067,12179580987668,96016782086150,947049963241,7756072306,0.8,market_funds,2026-06-13T18:32:41+09:00
2025-07-08,20250708,66503811020578,12294671728341,96898057427516,954659304333,9105563119,1.0,market_funds,2026-06-13T09:45:10+09:00
2025-07-08,20250708,66503811020578,12294671728341,96898057427516,954659304333,9105563119,1.0,market_funds,2026-06-13T18:32:41+09:00
2025-07-09,20250709,65195773594856,12409611521222,97243070181227,924174685610,7233347031,0.8,market_funds,2026-06-13T09:45:10+09:00
2025-07-09,20250709,65195773594856,12409611521222,97243070181227,924174685610,7233347031,0.8,market_funds,2026-06-13T18:32:41+09:00
2025-07-10,20250710,65937053365925,12297069655255,97301159806583,873241614861,3496879025,0.4,market_funds,2026-06-13T09:45:10+09:00
2025-07-10,20250710,65937053365925,12297069655255,97301159806583,873241614861,3496879025,0.4,market_funds,2026-06-13T18:32:41+09:00
2025-07-11,20250711,66369232693417,12223517398757,97884460059840,871767195161,2280179276,0.3,market_funds,2026-06-13T09:45:10+09:00
2025-07-11,20250711,66369232693417,12223517398757,97884460059840,871767195161,2280179276,0.3,market_funds,2026-06-13T18:32:41+09:00
2025-07-14,20250714,68081493347217,12330676352494,97813469664827,873092512555,2738390211,0.3,market_funds,2026-06-13T09:45:10+09:00
2025-07-14,20250714,68081493347217,12330676352494,97813469664827,873092512555,2738390211,0.3,market_funds,2026-06-13T18:32:41+09:00
2025-07-15,20250715,66852063488119,12402618047426,97354610020098,890639322176,2944474218,0.3,market_funds,2026-06-13T09:45:10+09:00
2025-07-15,20250715,66852063488119,12402618047426,97354610020098,890639322176,2944474218,0.3,market_funds,2026-06-13T18:32:41+09:00
2025-07-16,20250716,65595893572068,12555044149011,96621582284747,897135002345,8889925566,1.0,market_funds,2026-06-13T09:45:10+09:00
2025-07-16,20250716,65595893572068,12555044149011,96621582284747,897135002345,8889925566,1.0,market_funds,2026-06-13T18:32:41+09:00
2025-07-17,20250717,66634991311935,12506032858496,97096224800628,888886841646,4505988272,0.5,market_funds,2026-06-13T09:45:10+09:00
2025-07-17,20250717,66634991311935,12506032858496,97096224800628,888886841646,4505988272,0.5,market_funds,2026-06-13T18:32:41+09:00
2025-07-18,20250718,65364423980795,12451554578326,97776009804600,926137130318,3948063216,0.4,market_funds,2026-06-13T09:45:10+09:00
2025-07-18,20250718,65364423980795,12451554578326,97776009804600,926137130318,3948063216,0.4,market_funds,2026-06-13T18:32:41+09:00
2025-07-21,20250721,65265401927787,12450360423061,97293811296045,948105068195,7422392142,0.8,market_funds,2026-06-13T09:45:10+09:00
2025-07-21,20250721,65265401927787,12450360423061,97293811296045,948105068195,7422392142,0.8,market_funds,2026-06-13T18:32:41+09:00
2025-07-22,20250722,65607844963702,12646280738810,97408186878642,917108935529,7508974208,0.8,market_funds,2026-06-13T09:45:10+09:00
2025-07-22,20250722,65607844963702,12646280738810,97408186878642,917108935529,7508974208,0.8,market_funds,2026-06-13T18:32:41+09:00
2025-07-23,20250723,66402277878938,12361616260372,96188815256232,908014146910,4679571217,0.5,market_funds,2026-06-13T09:45:10+09:00
2025-07-23,20250723,66402277878938,12361616260372,96188815256232,908014146910,4679571217,0.5,market_funds,2026-06-13T18:32:41+09:00
2025-07-24,20250724,64766555925741,12393393760335,96113950182568,946207130148,6822013618,0.8,market_funds,2026-06-13T09:45:10+09:00
2025-07-24,20250724,64766555925741,12393393760335,96113950182568,946207130148,6822013618,0.8,market_funds,2026-06-13T18:32:41+09:00
2025-07-25,20250725,65162252588896,12363792455725,96930287795728,921240216784,12266847320,1.3,market_funds,2026-06-13T09:45:10+09:00
2025-07-25,20250725,65162252588896,12363792455725,96930287795728,921240216784,12266847320,1.3,market_funds,2026-06-13T18:32:41+09:00
2025-07-28,20250728,67724782261442,12400796975346,96991173295856,926328648712,4739760930,0.5,market_funds,2026-06-13T09:45:10+09:00
2025-07-28,20250728,67724782261442,12400796975346,96991173295856,926328648712,4739760930,0.5,market_funds,2026-06-13T18:32:41+09:00
2025-07-29,20250729,67357704019715,12487050003788,96767352276753,900573728511,9160919903,1.0,market_funds,2026-06-13T09:45:10+09:00
2025-07-29,20250729,67357704019715,12487050003788,96767352276753,900573728511,9160919903,1.0,market_funds,2026-06-13T18:32:41+09:00
2025-07-30,20250730,68236778788349,12556546562604,97026782756284,924745894191,7623947700,0.8,market_funds,2026-06-13T09:45:10+09:00
2025-07-30,20250730,68236778788349,12556546562604,97026782756284,924745894191,7623947700,0.8,market_funds,2026-06-13T18:32:41+09:00
2025-07-31,20250731,68685235038871,12553631654205,98029241549803,923901810117,5328548467,0.6,market_funds,2026-06-13T09:45:10+09:00
2025-07-31,20250731,68685235038871,12553631654205,98029241549803,923901810117,5328548467,0.6,market_funds,2026-06-13T18:32:41+09:00
2025-08-01,20250801,71297052005284,11756406426974,98107673337468,921220529996,5707127712,0.6,market_funds,2026-06-13T09:45:10+09:00
2025-08-01,20250801,71297052005284,11756406426974,98107673337468,921220529996,5707127712,0.6,market_funds,2026-06-13T18:32:41+09:00
2025-08-04,20250804,70294315421631,12496729458650,98849407900851,951024828713,16924009363,1.8,market_funds,2026-06-13T09:45:10+09:00
2025-08-04,20250804,70294315421631,12496729458650,98849407900851,951024828713,16924009363,1.8,market_funds,2026-06-13T18:32:41+09:00
2025-08-05,20250805,67008066690550,12394038711224,98812681366372,1027660823925,13376101612,1.4,market_funds,2026-06-13T09:45:10+09:00
2025-08-05,20250805,67008066690550,12394038711224,98812681366372,1027660823925,13376101612,1.4,market_funds,2026-06-13T18:32:41+09:00
2025-08-06,20250806,66281130888527,12319839241793,97040263871915,934802371054,8846615957,0.9,market_funds,2026-06-13T09:45:10+09:00
2025-08-06,20250806,66281130888527,12319839241793,97040263871915,934802371054,8846615957,0.9,market_funds,2026-06-13T18:32:41+09:00
2025-08-07,20250807,66876508645396,12269574348668,97556653605275,904007962372,4307125846,0.5,market_funds,2026-06-13T09:45:10+09:00
2025-08-07,20250807,66876508645396,12269574348668,97556653605275,904007962372,4307125846,0.5,market_funds,2026-06-13T18:32:41+09:00
2025-08-08,20250808,67473044853392,12312288719973,98061432154956,905836469058,3570829984,0.4,market_funds,2026-06-13T09:45:10+09:00
2025-08-08,20250808,67473044853392,12312288719973,98061432154956,905836469058,3570829984,0.4,market_funds,2026-06-13T18:32:41+09:00
2025-08-11,20250811,67961833397109,12277891726266,97991747240460,931220147548,5881053750,0.6,market_funds,2026-06-13T09:45:10+09:00
2025-08-11,20250811,67961833397109,12277891726266,97991747240460,931220147548,5881053750,0.6,market_funds,2026-06-13T18:32:41+09:00
2025-08-12,20250812,68083551079388,12359506018373,98444665000184,949027037419,6603659223,0.7,market_funds,2026-06-13T09:45:10+09:00
2025-08-12,20250812,68083551079388,12359506018373,98444665000184,949027037419,6603659223,0.7,market_funds,2026-06-13T18:32:41+09:00
2025-08-13,20250813,67833939097570,12324949039559,98158727898924,975168937209,6826434757,0.7,market_funds,2026-06-13T09:45:10+09:00
2025-08-13,20250813,67833939097570,12324949039559,98158727898924,975168937209,6826434757,0.7,market_funds,2026-06-13T18:32:41+09:00
2025-08-14,20250814,69397302537747,12207395790161,99719608554097,1000776831276,7536891387,0.8,market_funds,2026-06-13T09:45:10+09:00
2025-08-14,20250814,69397302537747,12207395790161,99719608554097,1000776831276,7536891387,0.8,market_funds,2026-06-13T18:32:41+09:00
2025-08-18,20250818,67601908212870,12236959142643,99392816996447,926627105250,11192945399,1.1,market_funds,2026-06-13T09:45:10+09:00
2025-08-18,20250818,67601908212870,12236959142643,99392816996447,926627105250,11192945399,1.1,market_funds,2026-06-13T18:32:41+09:00
2025-08-19,20250819,67492991962046,12267949429215,99580584698516,895564150532,7043198328,0.8,market_funds,2026-06-13T09:45:10+09:00
2025-08-19,20250819,67492991962046,12267949429215,99580584698516,895564150532,7043198328,0.8,market_funds,2026-06-13T18:32:41+09:00
2025-08-20,20250820,68508197349589,12271796089873,99748593351546,914436278104,7515592086,0.8,market_funds,2026-06-13T09:45:10+09:00
2025-08-20,20250820,68508197349589,12271796089873,99748593351546,914436278104,7515592086,0.8,market_funds,2026-06-13T18:32:41+09:00
2025-08-21,20250821,67463145085782,12304879569667,99871461521337,929586065098,12612138723,1.4,market_funds,2026-06-13T09:45:10+09:00
2025-08-21,20250821,67463145085782,12304879569667,99871461521337,929586065098,12612138723,1.4,market_funds,2026-06-13T18:32:41+09:00
2025-08-22,20250822,66622227787875,12243118417021,100203763757993,923157954562,13060025589,1.4,market_funds,2026-06-13T09:45:10+09:00
2025-08-22,20250822,66622227787875,12243118417021,100203763757993,923157954562,13060025589,1.4,market_funds,2026-06-13T18:32:41+09:00
2025-08-25,20250825,66124842720561,12288397150413,99576320679347,905656361312,4960716894,0.5,market_funds,2026-06-13T09:45:10+09:00
2025-08-25,20250825,66124842720561,12288397150413,99576320679347,905656361312,4960716894,0.5,market_funds,2026-06-13T18:32:41+09:00
2025-08-26,20250826,68274037683403,12364798873877,99899933921920,880693822757,3770613590,0.4,market_funds,2026-06-13T09:45:10+09:00
2025-08-26,20250826,68274037683403,12364798873877,99899933921920,880693822757,3770613590,0.4,market_funds,2026-06-13T18:32:41+09:00
2025-08-27,20250827,66861746676225,12255891760198,99950525249783,894506817905,3852215934,0.4,market_funds,2026-06-13T09:45:10+09:00
2025-08-27,20250827,66861746676225,12255891760198,99950525249783,894506817905,3852215934,0.4,market_funds,2026-06-13T18:32:41+09:00
2025-08-28,20250828,67359049443999,12236867062689,99768550345264,915444826441,5709141873,0.6,market_funds,2026-06-13T09:45:10+09:00
2025-08-28,20250828,67359049443999,12236867062689,99768550345264,915444826441,5709141873,0.6,market_funds,2026-06-13T18:32:41+09:00
2025-08-29,20250829,66299201945325,12155957758683,99959753357381,911498189920,7148050941,0.8,market_funds,2026-06-13T09:45:10+09:00
2025-08-29,20250829,66299201945325,12155957758683,99959753357381,911498189920,7148050941,0.8,market_funds,2026-06-13T18:32:41+09:00
2025-09-01,20250901,68477259002819,12261045133008,99981212144185,896411410257,8723139776,1.0,market_funds,2026-06-13T09:45:10+09:00
2025-09-01,20250901,68477259002819,12261045133008,99981212144185,896411410257,8723139776,1.0,market_funds,2026-06-13T18:32:41+09:00
2025-09-02,20250902,66185769238009,12134385928281,99975619108369,891147292268,6147589153,0.7,market_funds,2026-06-13T09:45:10+09:00
2025-09-02,20250902,66185769238009,12134385928281,99975619108369,891147292268,6147589153,0.7,market_funds,2026-06-13T18:32:41+09:00
2025-09-03,20250903,65459550588358,12147212220823,100270357690974,914723561376,4673831070,0.5,market_funds,2026-06-13T09:45:10+09:00
2025-09-03,20250903,65459550588358,12147212220823,100270357690974,914723561376,4673831070,0.5,market_funds,2026-06-13T18:32:41+09:00
2025-09-04,20250904,65940332659090,12107602059196,100844421680973,898113635153,3852536928,0.4,market_funds,2026-06-13T09:45:10+09:00
2025-09-04,20250904,65940332659090,12107602059196,100844421680973,898113635153,3852536928,0.4,market_funds,2026-06-13T18:32:41+09:00
2025-09-05,20250905,64979582274046,12119445628109,100718226273063,892777927733,5213510962,0.6,market_funds,2026-06-13T09:45:10+09:00
2025-09-05,20250905,64979582274046,12119445628109,100718226273063,892777927733,5213510962,0.6,market_funds,2026-06-13T18:32:41+09:00
2025-09-08,20250908,65800881125727,12010719433769,100853622247019,883479421484,4285950378,0.5,market_funds,2026-06-13T09:45:10+09:00
2025-09-08,20250908,65800881125727,12010719433769,100853622247019,883479421484,4285950378,0.5,market_funds,2026-06-13T18:32:41+09:00
2025-09-09,20250909,68378500194076,12093457401595,100754567727518,893993220062,4306473156,0.5,market_funds,2026-06-13T09:45:10+09:00
2025-09-09,20250909,68378500194076,12093457401595,100754567727518,893993220062,4306473156,0.5,market_funds,2026-06-13T18:32:41+09:00
2025-09-10,20250910,70590693075089,12205414524685,100945657287985,875015975963,3120034379,0.3,market_funds,2026-06-13T09:45:10+09:00
2025-09-10,20250910,70590693075089,12205414524685,100945657287985,875015975963,3120034379,0.3,market_funds,2026-06-13T18:32:41+09:00
2025-09-11,20250911,71011813233318,12316794340626,100451453030912,883323318612,6388990672,0.7,market_funds,2026-06-13T09:45:10+09:00
2025-09-11,20250911,71011813233318,12316794340626,100451453030912,883323318612,6388990672,0.7,market_funds,2026-06-13T18:32:41+09:00
2025-09-12,20250912,72887328444831,12407790015651,100207777662651,890189541584,4590590118,0.5,market_funds,2026-06-13T09:45:10+09:00
2025-09-12,20250912,72887328444831,12407790015651,100207777662651,890189541584,4590590118,0.5,market_funds,2026-06-13T18:32:41+09:00
2025-09-15,20250915,74764367219882,12352207027739,100823230669251,895814438804,2660790866,0.3,market_funds,2026-06-13T09:45:10+09:00
2025-09-15,20250915,74764367219882,12352207027739,100823230669251,895814438804,2660790866,0.3,market_funds,2026-06-13T18:32:41+09:00
2025-09-16,20250916,74928122362497,12433929917425,100725256841024,897225149179,3435939898,0.4,market_funds,2026-06-13T09:45:10+09:00
2025-09-16,20250916,74928122362497,12433929917425,100725256841024,897225149179,3435939898,0.4,market_funds,2026-06-13T18:32:41+09:00
2025-09-17,20250917,73025829121864,12642904019125,100960837435116,929567319865,6023612611,0.7,market_funds,2026-06-13T09:45:10+09:00
2025-09-17,20250917,73025829121864,12642904019125,100960837435116,929567319865,6023612611,0.7,market_funds,2026-06-13T18:32:41+09:00
2025-09-18,20250918,73606506816737,12517656205893,101326265918437,907199147074,7934038686,0.9,market_funds,2026-06-13T09:45:10+09:00
2025-09-18,20250918,73606506816737,12517656205893,101326265918437,907199147074,7934038686,0.9,market_funds,2026-06-13T18:32:41+09:00
2025-09-19,20250919,72551874275021,12605835992893,99448770064881,928664818423,7240942929,0.8,market_funds,2026-06-13T09:45:10+09:00
2025-09-19,20250919,72551874275021,12605835992893,99448770064881,928664818423,7240942929,0.8,market_funds,2026-06-13T18:32:41+09:00
2025-09-22,20250922,73560788495095,12505514775326,99306795940616,938260056597,6103039801,0.7,market_funds,2026-06-13T09:45:10+09:00
2025-09-22,20250922,73560788495095,12505514775326,99306795940616,938260056597,6103039801,0.7,market_funds,2026-06-13T18:32:41+09:00
2025-09-23,20250923,74921263852937,12605878769522,101034705297017,1050048022139,6543198392,0.7,market_funds,2026-06-13T09:45:10+09:00
2025-09-23,20250923,74921263852937,12605878769522,101034705297017,1050048022139,6543198392,0.7,market_funds,2026-06-13T18:32:41+09:00
2025-09-24,20250924,75197067198717,12738417203247,101102931848318,979929784618,5461186217,0.5,market_funds,2026-06-13T09:45:10+09:00
2025-09-24,20250924,75197067198717,12738417203247,101102931848318,979929784618,5461186217,0.5,market_funds,2026-06-13T18:32:41+09:00
2025-09-25,20250925,75995189051826,12687723944186,100996740274580,1040405937263,5430013423,0.6,market_funds,2026-06-13T09:45:10+09:00
2025-09-25,20250925,75995189051826,12687723944186,100996740274580,1040405937263,5430013423,0.6,market_funds,2026-06-13T18:32:41+09:00
2025-09-26,20250926,75617889005025,12869146069932,100796578082615,943481288409,11727411518,1.1,market_funds,2026-06-13T09:45:10+09:00
2025-09-26,20250926,75617889005025,12869146069932,100796578082615,943481288409,11727411518,1.1,market_funds,2026-06-13T18:32:41+09:00
2025-09-29,20250929,76808482386028,12211961609893,99686489344121,939969724148,19739313949,2.1,market_funds,2026-06-13T09:45:10+09:00
2025-09-29,20250929,76808482386028,12211961609893,99686489344121,939969724148,19739313949,2.1,market_funds,2026-06-13T18:32:41+09:00
2025-09-30,20250930,76447368886830,12281774708596,98753223790209,1105882896165,14464557487,1.5,market_funds,2026-06-13T09:45:10+09:00
2025-09-30,20250930,76447368886830,12281774708596,98753223790209,1105882896165,14464557487,1.5,market_funds,2026-06-13T18:32:41+09:00
2025-10-01,20251001,76530135772126,12316989760526,100878801766415,919729482554,12664995988,1.1,market_funds,2026-06-13T09:45:10+09:00
2025-10-01,20251001,76530135772126,12316989760526,100878801766415,919729482554,12664995988,1.1,market_funds,2026-06-13T18:32:41+09:00
2025-10-02,20251002,73135876414991,12807669796970,101143704828292,910238062235,4319337224,0.5,market_funds,2026-06-13T09:45:10+09:00
2025-10-02,20251002,73135876414991,12807669796970,101143704828292,910238062235,4319337224,0.5,market_funds,2026-06-13T18:32:41+09:00
2025-10-10,20251010,76322460377145,13058056378626,101184916667616,908100834046,8056228709,0.9,market_funds,2026-06-13T09:45:10+09:00
2025-10-10,20251010,76322460377145,13058056378626,101184916667616,908100834046,8056228709,0.9,market_funds,2026-06-13T18:32:41+09:00
2025-10-13,20251013,80190101290165,13433494534362,101493180805873,913657036306,3933354936,0.4,market_funds,2026-06-13T09:45:10+09:00
2025-10-13,20251013,80190101290165,13433494534362,101493180805873,913657036306,3933354936,0.4,market_funds,2026-06-13T18:32:41+09:00
2025-10-14,20251014,79974886764071,13333732533603,102090738408100,957831471420,5663612883,0.6,market_funds,2026-06-13T09:45:10+09:00
2025-10-14,20251014,79974886764071,13333732533603,102090738408100,957831471420,5663612883,0.6,market_funds,2026-06-13T18:32:41+09:00
2025-10-15,20251015,78651416877161,13161865217858,102048744299956,1032881226633,9926757828,1.0,market_funds,2026-06-13T09:45:10+09:00
2025-10-15,20251015,78651416877161,13161865217858,102048744299956,1032881226633,9926757828,1.0,market_funds,2026-06-13T18:32:41+09:00
2025-10-16,20251016,76537436241476,13486970380589,102514280830572,1091346596375,9866439857,1.0,market_funds,2026-06-13T09:45:10+09:00
2025-10-16,20251016,76537436241476,13486970380589,102514280830572,1091346596375,9866439857,1.0,market_funds,2026-06-13T18:32:41+09:00
2025-10-17,20251017,78314510320634,13638398410083,102506935756697,1077478526085,10863895405,1.0,market_funds,2026-06-13T09:45:10+09:00
2025-10-17,20251017,78314510320634,13638398410083,102506935756697,1077478526085,10863895405,1.0,market_funds,2026-06-13T18:32:41+09:00
2025-10-20,20251020,80625740827531,13850987435129,102813996927027,941806520949,5507782201,0.5,market_funds,2026-06-13T09:45:10+09:00
2025-10-20,20251020,80625740827531,13850987435129,102813996927027,941806520949,5507782201,0.5,market_funds,2026-06-13T18:32:41+09:00
2025-10-21,20251021,80329779791448,14236275118587,103030434996150,964509997867,9150016212,1.0,market_funds,2026-06-13T09:45:10+09:00
2025-10-21,20251021,80329779791448,14236275118587,103030434996150,964509997867,9150016212,1.0,market_funds,2026-06-13T18:32:41+09:00
2025-10-22,20251022,80480302822211,14002331528306,102763199836114,909384824541,5361757220,0.6,market_funds,2026-06-13T09:45:10+09:00
2025-10-22,20251022,80480302822211,14002331528306,102763199836114,909384824541,5361757220,0.6,market_funds,2026-06-13T18:32:41+09:00
2025-10-23,20251023,80168380531682,14187871547371,102925463568748,953550010698,5153975788,0.6,market_funds,2026-06-13T09:45:10+09:00
2025-10-23,20251023,80168380531682,14187871547371,102925463568748,953550010698,5153975788,0.6,market_funds,2026-06-13T18:32:41+09:00
2025-10-24,20251024,79482481038113,13840440170759,102016287588067,950134689417,14876600905,1.6,market_funds,2026-06-13T09:45:10+09:00
2025-10-24,20251024,79482481038113,13840440170759,102016287588067,950134689417,14876600905,1.6,market_funds,2026-06-13T18:32:41+09:00
2025-10-27,20251027,81091075490046,14289809889687,101444246235409,974820707428,3724697988,0.4,market_funds,2026-06-13T09:45:10+09:00
2025-10-27,20251027,81091075490046,14289809889687,101444246235409,974820707428,3724697988,0.4,market_funds,2026-06-13T18:32:41+09:00
2025-10-28,20251028,83873131403174,14905201899973,101811943624340,922450724464,3952050012,0.4,market_funds,2026-06-13T09:45:10+09:00
2025-10-28,20251028,83873131403174,14905201899973,101811943624340,922450724464,3952050012,0.4,market_funds,2026-06-13T18:32:41+09:00
2025-10-29,20251029,85915908253594,14799839622510,101842931532568,979536327437,3816941850,0.4,market_funds,2026-06-13T09:45:10+09:00
2025-10-29,20251029,85915908253594,14799839622510,101842931532568,979536327437,3816941850,0.4,market_funds,2026-06-13T18:32:41+09:00
2025-10-30,20251030,85713610066623,14906652622796,102326462507170,1026126691711,10968285400,1.1,market_funds,2026-06-13T09:45:10+09:00
2025-10-30,20251030,85713610066623,14906652622796,102326462507170,1026126691711,10968285400,1.1,market_funds,2026-06-13T18:32:41+09:00
2025-10-31,20251031,85456931799285,15203520596427,102531098262287,1036188372535,7245718236,0.7,market_funds,2026-06-13T09:45:10+09:00
2025-10-31,20251031,85456931799285,15203520596427,102531098262287,1036188372535,7245718236,0.7,market_funds,2026-06-13T18:32:41+09:00
2025-11-03,20251103,86770436172691,15867171644701,103051364630011,1101255977785,13360724875,1.3,market_funds,2026-06-13T09:45:10+09:00
2025-11-03,20251103,86770436172691,15867171644701,103051364630011,1101255977785,13360724875,1.3,market_funds,2026-06-13T18:32:41+09:00
2025-11-04,20251104,86822039736239,16881881050549,102879856164672,996036551273,16250585608,1.5,market_funds,2026-06-13T09:45:10+09:00
2025-11-04,20251104,86822039736239,16881881050549,102879856164672,996036551273,16250585608,1.5,market_funds,2026-06-13T18:32:41+09:00
2025-11-05,20251105,88270868654027,16886627711372,101212740751077,970500632002,7953541577,0.8,market_funds,2026-06-13T09:45:10+09:00
2025-11-05,20251105,88270868654027,16886627711372,101212740751077,970500632002,7953541577,0.8,market_funds,2026-06-13T18:32:41+09:00
2025-11-06,20251106,86955672901032,16627050724589,101865585031959,1124731392115,21864914948,2.3,market_funds,2026-06-13T09:45:10+09:00
2025-11-06,20251106,86955672901032,16627050724589,101865585031959,1124731392115,21864914948,2.3,market_funds,2026-06-13T18:32:41+09:00
2025-11-07,20251107,85722161480922,16643571663186,101795840662737,1178765307781,38023430805,3.4,market_funds,2026-06-13T09:45:10+09:00
2025-11-07,20251107,85722161480922,16643571663186,101795840662737,1178765307781,38023430805,3.4,market_funds,2026-06-13T18:32:41+09:00
2025-11-10,20251110,83109659503231,16539492415637,101693796474963,1101540774971,19028645811,1.6,market_funds,2026-06-13T09:45:10+09:00
2025-11-10,20251110,83109659503231,16539492415637,101693796474963,1101540774971,19028645811,1.6,market_funds,2026-06-13T18:32:41+09:00
2025-11-11,20251111,83030407753587,16583102008450,102014535269567,1038302221325,19553689388,1.8,market_funds,2026-06-13T09:45:10+09:00
2025-11-11,20251111,83030407753587,16583102008450,102014535269567,1038302221325,19553689388,1.8,market_funds,2026-06-13T18:32:41+09:00
2025-11-12,20251112,82468593038001,16761015747468,102157641815417,910436615030,6471325821,0.6,market_funds,2026-06-13T09:45:10+09:00
2025-11-12,20251112,82468593038001,16761015747468,102157641815417,910436615030,6471325821,0.6,market_funds,2026-06-13T18:32:41+09:00
2025-11-13,20251113,82584491194209,16642299534241,104348381423594,918920859992,5041010112,0.6,market_funds,2026-06-13T09:45:10+09:00
2025-11-13,20251113,82584491194209,16642299534241,104348381423594,918920859992,5041010112,0.6,market_funds,2026-06-13T18:32:41+09:00
2025-11-14,20251114,82724559100654,16783128680574,104147145741444,897816850376,10339649579,1.1,market_funds,2026-06-13T09:45:10+09:00
2025-11-14,20251114,82724559100654,16783128680574,104147145741444,897816850376,10339649579,1.1,market_funds,2026-06-13T18:32:41+09:00
2025-11-17,20251117,85944802015823,16089742470487,103761446210197,913254151214,3741032430,0.4,market_funds,2026-06-13T09:45:10+09:00
2025-11-17,20251117,85944802015823,16089742470487,103761446210197,913254151214,3741032430,0.4,market_funds,2026-06-13T18:32:41+09:00
2025-11-18,20251118,79661501845391,16534446836484,103913437139019,1014681276681,33195593150,3.6,market_funds,2026-06-13T09:45:10+09:00
2025-11-18,20251118,79661501845391,16534446836484,103913437139019,1014681276681,33195593150,3.6,market_funds,2026-06-13T18:32:41+09:00
2025-11-19,20251119,80027610655528,16066798486251,102915552881461,1007339763533,10601631653,1.0,market_funds,2026-06-13T09:45:10+09:00
2025-11-19,20251119,80027610655528,16066798486251,102915552881461,1007339763533,10601631653,1.0,market_funds,2026-06-13T18:32:41+09:00
2025-11-20,20251120,78212051175362,15900006490491,102845372597944,1015699046375,12788423420,1.3,market_funds,2026-06-13T09:45:10+09:00
2025-11-20,20251120,78212051175362,15900006490491,102845372597944,1015699046375,12788423420,1.3,market_funds,2026-06-13T18:32:41+09:00
2025-11-21,20251121,78826324519270,16132261220360,104018135900340,1021752146394,16775764263,1.7,market_funds,2026-06-13T09:45:10+09:00
2025-11-21,20251121,78826324519270,16132261220360,104018135900340,1021752146394,16775764263,1.7,market_funds,2026-06-13T18:32:41+09:00
2025-11-24,20251124,80195334931864,15437575206853,101436417838539,982206594896,11397052118,1.1,market_funds,2026-06-13T09:45:10+09:00
2025-11-24,20251124,80195334931864,15437575206853,101436417838539,982206594896,11397052118,1.1,market_funds,2026-06-13T18:32:41+09:00
2025-11-25,20251125,75622307352893,15427628799180,101406813101856,1029992234620,37307724623,3.8,market_funds,2026-06-13T09:45:10+09:00
2025-11-25,20251125,75622307352893,15427628799180,101406813101856,1029992234620,37307724623,3.8,market_funds,2026-06-13T18:32:41+09:00
2025-11-26,20251126,77954553168983,15495989931845,103466780158063,993748712716,7019770772,0.7,market_funds,2026-06-13T09:45:10+09:00
2025-11-26,20251126,77954553168983,15495989931845,103466780158063,993748712716,7019770772,0.7,market_funds,2026-06-13T18:32:41+09:00
2025-11-27,20251127,77471171863836,15505398210622,103870947655353,975059809951,4142314250,0.4,market_funds,2026-06-13T09:45:10+09:00
2025-11-27,20251127,77471171863836,15505398210622,103870947655353,975059809951,4142314250,0.4,market_funds,2026-06-13T18:32:41+09:00
2025-11-28,20251128,77911992240798,15727484448800,103931267050483,909448672465,4112801180,0.4,market_funds,2026-06-13T09:45:10+09:00
2025-11-28,20251128,77911992240798,15727484448800,103931267050483,909448672465,4112801180,0.4,market_funds,2026-06-13T18:32:41+09:00
2025-12-01,20251201,80176651345101,15947166380001,103846299909756,907016231838,4396327404,0.5,market_funds,2026-06-13T09:45:10+09:00
2025-12-01,20251201,80176651345101,15947166380001,103846299909756,907016231838,4396327404,0.5,market_funds,2026-06-13T18:32:41+09:00
2025-12-02,20251202,77067324030692,16299202629713,103402644965698,922488485451,8882075905,1.0,market_funds,2026-06-13T09:45:10+09:00
2025-12-02,20251202,77067324030692,16299202629713,103402644965698,922488485451,8882075905,1.0,market_funds,2026-06-13T18:32:41+09:00
2025-12-03,20251203,76964366434461,16517517344468,102874665882332,944945322865,3519059281,0.4,market_funds,2026-06-13T09:45:10+09:00
2025-12-03,20251203,76964366434461,16517517344468,102874665882332,944945322865,3519059281,0.4,market_funds,2026-06-13T18:32:41+09:00
2025-12-04,20251204,77406997771000,16508218597958,102153098861356,911162196499,5951528098,0.6,market_funds,2026-06-13T09:45:10+09:00
2025-12-04,20251204,77406997771000,16508218597958,102153098861356,911162196499,5951528098,0.6,market_funds,2026-06-13T18:32:41+09:00
2025-12-05,20251205,78137069704151,16478524140132,102483700274326,901396665448,5084955716,0.6,market_funds,2026-06-13T09:45:10+09:00
2025-12-05,20251205,78137069704151,16478524140132,102483700274326,901396665448,5084955716,0.6,market_funds,2026-06-13T18:32:41+09:00
2025-12-08,20251208,79385990185515,16708609464292,104168717745590,934713804110,7820239209,0.9,market_funds,2026-06-13T09:45:10+09:00
2025-12-08,20251208,79385990185515,16708609464292,104168717745590,934713804110,7820239209,0.9,market_funds,2026-06-13T18:32:41+09:00
2025-12-09,20251209,80575402928781,16870130119332,104968261382574,951435055094,7300318177,0.8,market_funds,2026-06-13T09:45:10+09:00
2025-12-09,20251209,80575402928781,16870130119332,104968261382574,951435055094,7300318177,0.8,market_funds,2026-06-13T18:32:41+09:00
2025-12-10,20251210,80566458859975,16926029325045,102824574103191,1048181380042,7669110664,0.8,market_funds,2026-06-13T09:45:10+09:00
2025-12-10,20251210,80566458859975,16926029325045,102824574103191,1048181380042,7669110664,0.8,market_funds,2026-06-13T18:32:41+09:00
2025-12-11,20251211,81641530829336,17125041299295,103248246230913,1014633171713,7869122408,0.8,market_funds,2026-06-13T09:45:10+09:00
2025-12-11,20251211,81641530829336,17125041299295,103248246230913,1014633171713,7869122408,0.8,market_funds,2026-06-13T18:32:41+09:00
2025-12-12,20251212,83941863490943,16577892349991,103438628517766,1050979662713,8401570084,0.8,market_funds,2026-06-13T09:45:10+09:00
2025-12-12,20251212,83941863490943,16577892349991,103438628517766,1050979662713,8401570084,0.8,market_funds,2026-06-13T18:32:41+09:00
2025-12-15,20251215,82864679102160,16922826133648,102647036618365,1046620684711,7251895126,0.7,market_funds,2026-06-13T09:45:10+09:00
2025-12-15,20251215,82864679102160,16922826133648,102647036618365,1046620684711,7251895126,0.7,market_funds,2026-06-13T18:32:41+09:00
2025-12-16,20251216,84352786393497,16607139822707,102507056533951,913360610369,10685649325,1.0,market_funds,2026-06-13T09:45:10+09:00
2025-12-16,20251216,84352786393497,16607139822707,102507056533951,913360610369,10685649325,1.0,market_funds,2026-06-13T18:32:41+09:00
2025-12-17,20251217,83526292802689,16351943950555,103481793142273,940500288280,7125345490,0.8,market_funds,2026-06-13T09:45:10+09:00
2025-12-17,20251217,83526292802689,16351943950555,103481793142273,940500288280,7125345490,0.8,market_funds,2026-06-13T18:32:41+09:00
2025-12-18,20251218,81710725579529,16483142603712,104501769214106,1010288495204,15217729228,1.6,market_funds,2026-06-13T09:45:10+09:00
2025-12-18,20251218,81710725579529,16483142603712,104501769214106,1010288495204,15217729228,1.6,market_funds,2026-06-13T18:32:41+09:00
2025-12-19,20251219,81034422005474,16005428799614,102405219986949,954323532888,9282752303,0.9,market_funds,2026-06-13T09:45:10+09:00
2025-12-19,20251219,81034422005474,16005428799614,102405219986949,954323532888,9282752303,0.9,market_funds,2026-06-13T18:32:41+09:00
2025-12-22,20251222,81719603624774,16091548434018,104233149512333,932492551513,9201092401,1.0,market_funds,2026-06-13T09:45:10+09:00
2025-12-22,20251222,81719603624774,16091548434018,104233149512333,932492551513,9201092401,1.0,market_funds,2026-06-13T18:32:41+09:00
2025-12-23,20251223,81076937771308,16569652222220,103768094007594,939581062253,5061979888,0.5,market_funds,2026-06-13T09:45:10+09:00
2025-12-23,20251223,81076937771308,16569652222220,103768094007594,939581062253,5061979888,0.5,market_funds,2026-06-13T18:32:41+09:00
2025-12-24,20251224,83304001864995,16638880046308,103011387933781,914994389601,3955685137,0.4,market_funds,2026-06-13T09:45:10+09:00
2025-12-24,20251224,83304001864995,16638880046308,103011387933781,914994389601,3955685137,0.4,market_funds,2026-06-13T18:32:41+09:00
2025-12-26,20251226,85425076468546,16809911618268,102497906400213,897164953920,4539256487,0.5,market_funds,2026-06-13T09:45:10+09:00
2025-12-26,20251226,85425076468546,16809911618268,102497906400213,897164953920,4539256487,0.5,market_funds,2026-06-13T18:32:41+09:00
2025-12-29,20251229,86475780419881,17042385789374,103055568267282,914848194969,7935420258,0.9,market_funds,2026-06-13T09:45:10+09:00
2025-12-29,20251229,86475780419881,17042385789374,103055568267282,914848194969,7935420258,0.9,market_funds,2026-06-13T18:32:41+09:00
2025-12-30,20251230,87398578663073,17302154695318,102484431623513,941320071102,6833693600,0.7,market_funds,2026-06-13T09:45:10+09:00
2025-12-30,20251230,87398578663073,17302154695318,102484431623513,941320071102,6833693600,0.7,market_funds,2026-06-13T18:32:41+09:00
2025-12-31,20251231,87829057306195,17249007682095,100272752724624,960235039496,2361384175,0.3,market_funds,2026-06-13T09:45:10+09:00
2025-12-31,20251231,87829057306195,17249007682095,100272752724624,960235039496,2361384175,0.3,market_funds,2026-06-13T18:32:41+09:00
2026-01-02,20260102,89521074980799,18278086758696,103344464159834,927307820879,8066810611,0.8,market_funds,2026-06-13T09:45:10+09:00
2026-01-02,20260102,89521074980799,18278086758696,103344464159834,927307820879,8066810611,0.8,market_funds,2026-06-13T18:32:41+09:00
2026-01-05,20260105,89130391325315,18784904069410,101863884959528,921032645713,8222505983,0.9,market_funds,2026-06-13T09:45:10+09:00
2026-01-05,20260105,89130391325315,18784904069410,101863884959528,921032645713,8222505983,0.9,market_funds,2026-06-13T18:32:41+09:00
2026-01-06,20260106,88633857580582,19209309187301,102256704002268,937939991532,5208828139,0.6,market_funds,2026-06-13T09:45:10+09:00
2026-01-06,20260106,88633857580582,19209309187301,102256704002268,937939991532,5208828139,0.6,market_funds,2026-06-13T18:32:41+09:00
2026-01-07,20260107,89765034694290,19673157800915,102703619945746,990220503051,7209824578,0.8,market_funds,2026-06-13T09:45:10+09:00
2026-01-07,20260107,89765034694290,19673157800915,102703619945746,990220503051,7209824578,0.8,market_funds,2026-06-13T18:32:41+09:00
2026-01-08,20260108,92853739253468,19490546330194,102982986494302,1036164614354,7414264942,0.7,market_funds,2026-06-13T09:45:10+09:00
2026-01-08,20260108,92853739253468,19490546330194,102982986494302,1036164614354,7414264942,0.7,market_funds,2026-06-13T18:32:41+09:00
2026-01-09,20260109,88872017287714,19183868690756,103628227654656,1091414948828,11752213237,1.1,market_funds,2026-06-13T09:45:10+09:00
2026-01-09,20260109,88872017287714,19183868690756,103628227654656,1091414948828,11752213237,1.1,market_funds,2026-06-13T18:32:41+09:00
2026-01-12,20260112,88988048592350,19312497012017,103924885094474,1109166123605,13076795788,1.2,market_funds,2026-06-13T09:45:10+09:00
2026-01-12,20260112,88988048592350,19312497012017,103924885094474,1109166123605,13076795788,1.2,market_funds,2026-06-13T18:32:41+09:00
2026-01-13,20260113,88048928959100,19231567728998,103403486365754,1030149149161,12233674696,1.1,market_funds,2026-06-13T09:45:10+09:00
2026-01-13,20260113,88048928959100,19231567728998,103403486365754,1030149149161,12233674696,1.1,market_funds,2026-06-13T18:32:41+09:00
2026-01-14,20260114,89309937517299,19051302885850,103883437998696,1015277127491,11490685874,1.1,market_funds,2026-06-13T09:45:10+09:00
2026-01-14,20260114,89309937517299,19051302885850,103883437998696,1015277127491,11490685874,1.1,market_funds,2026-06-13T18:32:41+09:00
2026-01-15,20260115,92603047362031,19227221120012,105024798393561,1018290431442,8924870990,0.9,market_funds,2026-06-13T09:45:10+09:00
2026-01-15,20260115,92603047362031,19227221120012,105024798393561,1018290431442,8924870990,0.9,market_funds,2026-06-13T18:32:41+09:00
2026-01-16,20260116,91218177128350,19563348829227,104901294837196,1026858207594,14956084357,1.5,market_funds,2026-06-13T09:45:10+09:00
2026-01-16,20260116,91218177128350,19563348829227,104901294837196,1026858207594,14956084357,1.5,market_funds,2026-06-13T18:32:41+09:00
2026-01-19,20260119,93862315683921,19812791742683,104876316820215,1051065664016,8660135464,0.8,market_funds,2026-06-13T09:45:10+09:00
2026-01-19,20260119,93862315683921,19812791742683,104876316820215,1051065664016,8660135464,0.8,market_funds,2026-06-13T18:32:41+09:00
2026-01-20,20260120,95525974014265,20164165407347,104104458519247,991800176953,9359900361,0.9,market_funds,2026-06-13T09:45:10+09:00
2026-01-20,20260120,95525974014265,20164165407347,104104458519247,991800176953,9359900361,0.9,market_funds,2026-06-13T18:32:41+09:00
2026-01-21,20260121,96331742532798,19976410695842,102714947338310,983495819732,8312401192,0.8,market_funds,2026-06-13T09:45:10+09:00
2026-01-21,20260121,96331742532798,19976410695842,102714947338310,983495819732,8312401192,0.8,market_funds,2026-06-13T18:32:41+09:00
2026-01-22,20260122,95727594753741,19963972740792,102351830566078,1059465495652,6941733120,0.7,market_funds,2026-06-13T09:45:10+09:00
2026-01-22,20260122,95727594753741,19963972740792,102351830566078,1059465495652,6941733120,0.7,market_funds,2026-06-13T18:32:41+09:00
2026-01-23,20260123,93809506711846,19887370841710,104686069386229,1052002134342,14241002994,1.3,market_funds,2026-06-13T09:45:10+09:00
2026-01-23,20260123,93809506711846,19887370841710,104686069386229,1052002134342,14241002994,1.3,market_funds,2026-06-13T18:32:41+09:00
2026-01-26,20260126,97540543076631,20539833179379,104335997440567,1110846340458,11902066845,1.1,market_funds,2026-06-13T09:45:10+09:00
2026-01-26,20260126,97540543076631,20539833179379,104335997440567,1110846340458,11902066845,1.1,market_funds,2026-06-13T18:32:41+09:00
2026-01-27,20260127,100282602319793,20749522894165,104504810269028,1038255441357,19317100233,1.7,market_funds,2026-06-13T09:45:10+09:00
2026-01-27,20260127,100282602319793,20749522894165,104504810269028,1038255441357,19317100233,1.7,market_funds,2026-06-13T18:32:41+09:00
2026-01-28,20260128,103362323106457,21866397672176,104433687196679,1021773114074,8717388218,0.8,market_funds,2026-06-13T09:45:10+09:00
2026-01-28,20260128,103362323106457,21866397672176,104433687196679,1021773114074,8717388218,0.8,market_funds,2026-06-13T18:32:41+09:00
2026-01-29,20260129,103707195090775,22521181649049,104794996942304,973521022033,8467613883,0.8,market_funds,2026-06-13T09:45:10+09:00
2026-01-29,20260129,103707195090775,22521181649049,104794996942304,973521022033,8467613883,0.8,market_funds,2026-06-13T18:32:41+09:00
2026-01-30,20260130,106032451905603,23413514431827,104984937278877,1020951084991,9682102622,1.0,market_funds,2026-06-13T09:45:10+09:00
2026-01-30,20260130,106032451905603,23413514431827,104984937278877,1020951084991,9682102622,1.0,market_funds,2026-06-13T18:32:41+09:00
2026-02-02,20260202,111296537724405,24751584640509,104830068822462,1029921212880,11967544817,1.2,market_funds,2026-06-13T09:45:10+09:00
2026-02-02,20260202,111296537724405,24751584640509,104830068822462,1029921212880,11967544817,1.2,market_funds,2026-06-13T18:32:41+09:00
2026-02-03,20260203,105584468422613,23020663706838,105477316895565,1077940894489,15940451360,1.5,market_funds,2026-06-13T09:45:10+09:00
2026-02-03,20260203,105584468422613,23020663706838,105477316895565,1077940894489,15940451360,1.5,market_funds,2026-06-13T18:32:41+09:00
2026-02-04,20260204,100817155055905,23894829654607,105919283310638,1259997218119,13288532145,1.2,market_funds,2026-06-13T09:45:10+09:00
2026-02-04,20260204,100817155055905,23894829654607,105919283310638,1259997218119,13288532145,1.2,market_funds,2026-06-13T18:32:41+09:00
2026-02-05,20260205,104866667169065,24265926625395,105988743239041,1009408761361,12755717786,1.0,market_funds,2026-06-13T09:45:10+09:00
2026-02-05,20260205,104866667169065,24265926625395,105988743239041,1009408761361,12755717786,1.0,market_funds,2026-06-13T18:32:41+09:00
2026-02-06,20260206,109009927260659,23630051614291,106041695554182,992212513156,9325542794,0.9,market_funds,2026-06-13T09:45:10+09:00
2026-02-06,20260206,109009927260659,23630051614291,106041695554182,992212513156,9325542794,0.9,market_funds,2026-06-13T18:32:41+09:00
2026-02-09,20260209,98590517271195,23766439963663,107333697325045,1123840827833,35997033024,3.6,market_funds,2026-06-13T09:45:10+09:00
2026-02-09,20260209,98590517271195,23766439963663,107333697325045,1123840827833,35997033024,3.6,market_funds,2026-06-13T18:32:41+09:00
2026-02-10,20260210,95299598833372,23883431035356,107257861460735,1126016187908,16869726954,1.5,market_funds,2026-06-13T09:45:10+09:00
2026-02-10,20260210,95299598833372,23883431035356,107257861460735,1126016187908,16869726954,1.5,market_funds,2026-06-13T18:32:41+09:00
2026-02-11,20260211,98163375490346,23716662416270,107870594982795,1033083989677,8034719989,0.7,market_funds,2026-06-13T09:45:10+09:00
2026-02-11,20260211,98163375490346,23716662416270,107870594982795,1033083989677,8034719989,0.7,market_funds,2026-06-13T18:32:41+09:00
2026-02-12,20260212,103018384736162,23560945775600,108352772551081,1023758715915,12025881131,1.2,market_funds,2026-06-13T09:45:10+09:00
2026-02-12,20260212,103018384736162,23560945775600,108352772551081,1023758715915,12025881131,1.2,market_funds,2026-06-13T18:32:41+09:00
2026-02-13,20260213,99273599142063,24285614430564,109340900933347,1000081974047,6256796350,0.6,market_funds,2026-06-13T09:45:10+09:00
2026-02-13,20260213,99273599142063,24285614430564,109340900933347,1000081974047,6256796350,0.6,market_funds,2026-06-13T18:32:41+09:00
2026-02-19,20260219,106570048420183,23960700006748,109563051324179,985004600467,9425926428,0.9,market_funds,2026-06-13T09:45:10+09:00
2026-02-19,20260219,106570048420183,23960700006748,109563051324179,985004600467,9425926428,0.9,market_funds,2026-06-13T18:32:41+09:00
2026-02-20,20260220,104129135927782,24700769876130,110278625964720,986768184015,8708807828,0.9,market_funds,2026-06-13T09:45:10+09:00
2026-02-20,20260220,104129135927782,24700769876130,110278625964720,986768184015,8708807828,0.9,market_funds,2026-06-13T18:32:41+09:00
2026-02-23,20260223,108290073393652,25326064244299,108713278355437,1013185248317,7068423436,0.7,market_funds,2026-06-13T09:45:10+09:00
2026-02-23,20260223,108290073393652,25326064244299,108713278355437,1013185248317,7068423436,0.7,market_funds,2026-06-13T18:32:41+09:00
2026-02-24,20260224,107903181824668,25166401714624,107652918504194,1043882233795,9684390539,1.0,market_funds,2026-06-13T09:45:10+09:00
2026-02-24,20260224,107903181824668,25166401714624,107652918504194,1043882233795,9684390539,1.0,market_funds,2026-06-13T18:32:41+09:00
2026-02-25,20260225,109467653514088,26255734340661,108803774888678,1148329162429,29054505679,2.8,market_funds,2026-06-13T09:45:10+09:00
2026-02-25,20260225,109467653514088,26255734340661,108803774888678,1148329162429,29054505679,2.8,market_funds,2026-06-13T18:32:41+09:00
2026-02-26,20260226,119483202286527,26558264335297,110847725597861,1096225389808,15397504616,1.3,market_funds,2026-06-13T09:45:10+09:00
2026-02-26,20260226,119483202286527,26558264335297,110847725597861,1096225389808,15397504616,1.3,market_funds,2026-06-13T18:32:41+09:00
2026-02-27,20260227,118748759584855,29213675252448,111007026210081,1052616050470,7678231926,0.7,market_funds,2026-06-13T09:45:10+09:00
2026-02-27,20260227,118748759584855,29213675252448,111007026210081,1052616050470,7678231926,0.7,market_funds,2026-06-13T18:32:41+09:00
2026-03-03,20260303,129818793864827,30113173678820,109793041493066,1060561829729,9218806225,0.9,market_funds,2026-06-13T09:45:10+09:00
2026-03-03,20260303,129818793864827,30113173678820,109793041493066,1060561829729,9218806225,0.9,market_funds,2026-06-13T18:32:41+09:00
2026-03-04,20260304,132068237737167,29403230177333,108369579905552,1204065171905,22499106269,2.1,market_funds,2026-06-13T09:45:10+09:00
2026-03-04,20260304,132068237737167,29403230177333,108369579905552,1204065171905,22499106269,2.1,market_funds,2026-06-13T18:32:41+09:00
2026-03-05,20260305,130887315946833,26674713188291,109565296686416,2148790985114,77683946840,6.5,market_funds,2026-06-13T09:45:10+09:00
2026-03-05,20260305,130887315946833,26674713188291,109565296686416,2148790985114,77683946840,6.5,market_funds,2026-06-13T18:32:41+09:00
2026-03-06,20260306,129957422886008,27595794139877,110259164551033,2098340168722,82421347359,3.8,market_funds,2026-06-13T09:45:10+09:00
2026-03-06,20260306,129957422886008,27595794139877,110259164551033,2098340168722,82421347359,3.8,market_funds,2026-06-13T18:32:41+09:00
2026-03-09,20260309,127421840927509,28171963981309,110489595263677,1330396103706,35418898552,1.7,market_funds,2026-06-13T09:45:10+09:00
2026-03-09,20260309,127421840927509,28171963981309,110489595263677,1330396103706,35418898552,1.7,market_funds,2026-06-13T18:32:41+09:00
2026-03-10,20260310,125584440095777,26638763708946,111983791581602,1177853784273,44601872862,3.4,market_funds,2026-06-13T09:45:10+09:00
2026-03-10,20260310,125584440095777,26638763708946,111983791581602,1177853784273,44601872862,3.4,market_funds,2026-06-13T18:32:41+09:00
2026-03-11,20260311,119027973863987,26969491119235,112350683273867,1259208283755,22342695596,1.9,market_funds,2026-06-13T09:45:10+09:00
2026-03-11,20260311,119027973863987,26969491119235,112350683273867,1259208283755,22342695596,1.9,market_funds,2026-06-13T18:32:41+09:00
2026-03-12,20260312,120146171448800,26602039333210,112122617460605,1066367828970,19415810756,1.5,market_funds,2026-06-13T09:45:10+09:00
2026-03-12,20260312,120146171448800,26602039333210,112122617460605,1066367828970,19415810756,1.5,market_funds,2026-06-13T18:32:41+09:00
2026-03-13,20260313,119696047669146,26343326082109,112718141409194,1111822356777,13388514809,1.3,market_funds,2026-06-13T09:45:10+09:00
2026-03-13,20260313,119696047669146,26343326082109,112718141409194,1111822356777,13388514809,1.3,market_funds,2026-06-13T18:32:41+09:00
2026-03-16,20260316,117801150389257,26308910441482,113607196892622,1027467883380,31578734445,2.8,market_funds,2026-06-13T09:45:10+09:00
2026-03-16,20260316,117801150389257,26308910441482,113607196892622,1027467883380,31578734445,2.8,market_funds,2026-06-13T18:32:41+09:00
2026-03-17,20260317,114778256990161,26674971387261,112008706327807,1023970209098,9814653638,1.0,market_funds,2026-06-13T09:45:10+09:00
2026-03-17,20260317,114778256990161,26674971387261,112008706327807,1023970209098,9814653638,1.0,market_funds,2026-06-13T18:32:41+09:00
2026-03-18,20260318,112280744245029,26744435385070,111821052392650,1006347877410,13888562265,1.4,market_funds,2026-06-13T09:45:10+09:00
2026-03-18,20260318,112280744245029,26744435385070,111821052392650,1006347877410,13888562265,1.4,market_funds,2026-06-13T18:32:41+09:00
2026-03-19,20260319,115644268467933,28113494898918,113601924933634,1048606941824,6785273548,0.7,market_funds,2026-06-13T09:45:10+09:00
2026-03-19,20260319,115644268467933,28113494898918,113601924933634,1048606941824,6785273548,0.7,market_funds,2026-06-13T18:32:41+09:00
2026-03-20,20260320,120696831265771,27326735551000,113432160066722,982439500841,8142676497,0.8,market_funds,2026-06-13T09:45:10+09:00
2026-03-20,20260320,120696831265771,27326735551000,113432160066722,982439500841,8142676497,0.8,market_funds,2026-06-13T18:32:41+09:00
2026-03-23,20260323,121899191760105,28488065581834,112097481351011,1010663264188,15321284810,1.6,market_funds,2026-06-13T09:45:10+09:00
2026-03-23,20260323,121899191760105,28488065581834,112097481351011,1010663264188,15321284810,1.6,market_funds,2026-06-13T18:32:41+09:00
2026-03-24,20260324,119759945877455,27185117800608,111865167891717,1006094137950,23462410716,2.3,market_funds,2026-06-13T09:45:10+09:00
2026-03-24,20260324,119759945877455,27185117800608,111865167891717,1006094137950,23462410716,2.3,market_funds,2026-06-13T18:32:41+09:00
2026-03-25,20260325,108849805006283,27339424480883,111811483776859,1221838425663,23617607724,2.3,market_funds,2026-06-13T09:45:10+09:00
2026-03-25,20260325,108849805006283,27339424480883,111811483776859,1221838425663,23617607724,2.3,market_funds,2026-06-13T18:32:41+09:00
2026-03-26,20260326,111579004431111,27590258360964,112824409745734,1177408810664,11819672353,1.0,market_funds,2026-06-13T09:45:10+09:00
2026-03-26,20260326,111579004431111,27590258360964,112824409745734,1177408810664,11819672353,1.0,market_funds,2026-06-13T18:32:41+09:00
2026-03-27,20260327,112837248830113,26721535036837,112901034015903,1006932138183,18933309926,1.6,market_funds,2026-06-13T09:45:10+09:00
2026-03-27,20260327,112837248830113,26721535036837,112901034015903,1006932138183,18933309926,1.6,market_funds,2026-06-13T18:32:41+09:00
2026-03-30,20260330,111074173796108,26861479055299,111915536818276,1100436766565,23721919717,2.4,market_funds,2026-06-13T09:45:10+09:00
2026-03-30,20260330,111074173796108,26861479055299,111915536818276,1100436766565,23721919717,2.4,market_funds,2026-06-13T18:32:41+09:00
2026-03-31,20260331,110288948029473,26845023736559,109700726628847,1038993436865,36750640276,3.3,market_funds,2026-06-13T09:45:10+09:00
2026-03-31,20260331,110288948029473,26845023736559,109700726628847,1038993436865,36750640276,3.3,market_funds,2026-06-13T18:32:41+09:00
2026-04-01,20260401,111676634514827,26399245169439,111431874961163,1052998603361,30574782001,2.9,market_funds,2026-06-13T09:45:10+09:00
2026-04-01,20260401,111676634514827,26399245169439,111431874961163,1052998603361,30574782001,2.9,market_funds,2026-06-13T18:32:41+09:00
2026-04-02,20260402,108573983324711,27841095804620,111808327952094,1235645661670,9087608877,0.9,market_funds,2026-06-13T09:45:10+09:00
2026-04-02,20260402,108573983324711,27841095804620,111808327952094,1235645661670,9087608877,0.9,market_funds,2026-06-13T18:32:41+09:00
2026-04-03,20260403,109016506888925,26791247924630,112918883107879,1025109848561,15874461201,1.3,market_funds,2026-06-13T09:45:10+09:00
2026-04-03,20260403,109016506888925,26791247924630,112918883107879,1025109848561,15874461201,1.3,market_funds,2026-06-13T18:32:41+09:00
2026-04-06,20260406,107467397889945,27551681573423,112825402143187,1197564686631,8099129546,0.8,market_funds,2026-06-13T09:45:10+09:00
2026-04-06,20260406,107467397889945,27551681573423,112825402143187,1197564686631,8099129546,0.8,market_funds,2026-06-13T18:32:41+09:00
2026-04-07,20260407,108921448266923,27674302648305,112935484018662,1008474174381,19620940408,1.6,market_funds,2026-06-13T09:45:10+09:00
2026-04-07,20260407,108921448266923,27674302648305,112935484018662,1008474174381,19620940408,1.6,market_funds,2026-06-13T18:32:41+09:00
2026-04-08,20260408,109833228184126,28367143019661,112307502861398,1028442945803,8321011344,0.8,market_funds,2026-06-13T09:45:10+09:00
2026-04-08,20260408,109833228184126,28367143019661,112307502861398,1028442945803,8321011344,0.8,market_funds,2026-06-13T18:32:41+09:00
2026-04-09,20260409,112807019487213,30661349340669,112515812157388,1063945467773,7381568226,0.7,market_funds,2026-06-13T09:45:10+09:00
2026-04-09,20260409,112807019487213,30661349340669,112515812157388,1063945467773,7381568226,0.7,market_funds,2026-06-13T18:32:41+09:00
2026-04-10,20260410,115364212364603,29103790354889,114439667567190,1059787194403,8058268948,0.8,market_funds,2026-06-13T09:45:10+09:00
2026-04-10,20260410,115364212364603,29103790354889,114439667567190,1059787194403,8058268948,0.8,market_funds,2026-06-13T18:32:41+09:00
2026-04-13,20260413,116107492357963,29195996990428,114442846100757,1085599506856,12047858823,1.1,market_funds,2026-06-13T09:45:10+09:00
2026-04-13,20260413,116107492357963,29195996990428,114442846100757,1085599506856,12047858823,1.1,market_funds,2026-06-13T18:32:41+09:00
2026-04-14,20260414,117672486101090,28922429203595,114181871528631,997228349887,14931513701,1.4,market_funds,2026-06-13T09:45:10+09:00
2026-04-14,20260414,117672486101090,28922429203595,114181871528631,997228349887,14931513701,1.4,market_funds,2026-06-13T18:32:41+09:00
2026-04-15,20260415,117165120068363,29731583301122,113284612999060,1014804560119,12431043879,1.2,market_funds,2026-06-13T09:45:10+09:00
2026-04-15,20260415,117165120068363,29731583301122,113284612999060,1014804560119,12431043879,1.2,market_funds,2026-06-13T18:32:41+09:00
2026-04-16,20260416,119074288050944,30001748709477,114653644893946,998120639546,8504343392,0.8,market_funds,2026-06-13T09:45:10+09:00
2026-04-16,20260416,119074288050944,30001748709477,114653644893946,998120639546,8504343392,0.8,market_funds,2026-06-13T18:32:41+09:00
2026-04-17,20260417,120585454956563,30380867539217,116480717264958,1040904164441,8203979369,0.8,market_funds,2026-06-13T09:45:10+09:00
2026-04-17,20260417,120585454956563,30380867539217,116480717264958,1040904164441,8203979369,0.8,market_funds,2026-06-13T18:32:41+09:00
2026-04-20,20260420,121817265338030,30090663887600,116537391239712,1020947196094,8601190755,0.8,market_funds,2026-06-13T09:45:10+09:00
2026-04-20,20260420,121817265338030,30090663887600,116537391239712,1020947196094,8601190755,0.8,market_funds,2026-06-13T18:32:41+09:00
2026-04-21,20260421,121286062086449,30367055137153,115321978272590,1032858251056,16127797238,1.6,market_funds,2026-06-13T09:45:10+09:00
2026-04-21,20260421,121286062086449,30367055137153,115321978272590,1032858251056,16127797238,1.6,market_funds,2026-06-13T18:32:41+09:00
2026-04-22,20260422,122538132828099,30922945555491,115365348835438,1027852880508,9816743615,1.0,market_funds,2026-06-13T09:45:10+09:00
2026-04-22,20260422,122538132828099,30922945555491,115365348835438,1027852880508,9816743615,1.0,market_funds,2026-06-13T18:32:41+09:00
2026-04-23,20260423,126035130820431,30821787504156,116518770459207,996684608841,6868277568,0.7,market_funds,2026-06-13T09:45:10+09:00
2026-04-23,20260423,126035130820431,30821787504156,116518770459207,996684608841,6868277568,0.7,market_funds,2026-06-13T18:32:41+09:00
2026-04-24,20260424,125686926424669,31217579671560,116838328069116,1124908282758,11615918786,1.2,market_funds,2026-06-13T09:45:10+09:00
2026-04-24,20260424,125686926424669,31217579671560,116838328069116,1124908282758,11615918786,1.2,market_funds,2026-06-13T18:32:41+09:00
2026-04-27,20260427,125950282450894,31314513632524,116261559426128,1131490664254,7827028293,0.7,market_funds,2026-06-13T09:45:10+09:00
2026-04-27,20260427,125950282450894,31314513632524,116261559426128,1131490664254,7827028293,0.7,market_funds,2026-06-13T18:32:41+09:00
2026-04-28,20260428,127413416671627,31907461761215,115307729394590,1084888808942,17570358978,1.6,market_funds,2026-06-13T09:45:10+09:00
2026-04-28,20260428,127413416671627,31907461761215,115307729394590,1084888808942,17570358978,1.6,market_funds,2026-06-13T18:32:41+09:00
2026-04-29,20260429,129732117737529,32035005380472,114690076285555,1024159042090,7894536523,0.7,market_funds,2026-06-13T09:45:10+09:00
2026-04-29,20260429,129732117737529,32035005380472,114690076285555,1024159042090,7894536523,0.7,market_funds,2026-06-13T18:32:41+09:00
2026-04-30,20260430,124759100748551,32233516645248,115347003670857,1115157416357,14698144432,1.4,market_funds,2026-06-13T09:45:10+09:00
2026-04-30,20260430,124759100748551,32233516645248,115347003670857,1115157416357,14698144432,1.4,market_funds,2026-06-13T18:32:41+09:00
2026-05-04,20260504,124840571434248,33087619822321,115492982735502,1018343424535,19835632925,1.8,market_funds,2026-06-13T09:45:10+09:00
2026-05-04,20260504,124840571434248,33087619822321,115492982735502,1018343424535,19835632925,1.8,market_funds,2026-06-13T18:32:41+09:00
2026-05-06,20260506,130743349594223,35905223065869,113195850691159,1161128667981,7164102742,0.7,market_funds,2026-06-13T09:45:10+09:00
2026-05-06,20260506,130743349594223,35905223065869,113195850691159,1161128667981,7164102742,0.7,market_funds,2026-06-13T18:32:41+09:00
2026-05-07,20260507,136989026960649,38256737794065,114191204817202,1131427480650,11379287705,1.0,market_funds,2026-06-13T09:45:10+09:00
2026-05-07,20260507,136989026960649,38256737794065,114191204817202,1131427480650,11379287705,1.0,market_funds,2026-06-13T18:32:41+09:00
2026-05-08,20260508,135299146148235,39509213317620,116510311590666,1286911334598,21010841803,1.9,market_funds,2026-06-13T09:45:10+09:00
2026-05-08,20260508,135299146148235,39509213317620,116510311590666,1286911334598,21010841803,1.9,market_funds,2026-06-13T18:32:41+09:00
2026-05-11,20260511,134098715814456,40106313530390,115878375765880,1412388315109,69402049589,5.4,market_funds,2026-06-13T09:45:10+09:00
2026-05-11,20260511,134098715814456,40106313530390,115878375765880,1412388315109,69402049589,5.4,market_funds,2026-06-13T18:32:41+09:00
2026-05-12,20260512,137417443662202,42444086895127,113120722642926,1278588534723,36936192803,2.6,market_funds,2026-06-13T09:45:10+09:00
2026-05-12,20260512,137417443662202,42444086895127,113120722642926,1278588534723,36936192803,2.6,market_funds,2026-06-13T18:32:41+09:00
2026-05-13,20260513,137120083994222,41882816317240,113140518086979,1327066722980,24630349812,1.9,market_funds,2026-06-13T09:45:10+09:00
2026-05-13,20260513,137120083994222,41882816317240,113140518086979,1327066722980,24630349812,1.9,market_funds,2026-06-13T18:32:41+09:00
2026-05-14,20260514,133508766662341,43096872871573,115558919727963,1703516955492,24482193305,1.8,market_funds,2026-06-13T09:45:10+09:00
2026-05-14,20260514,133508766662341,43096872871573,115558919727963,1703516955492,24482193305,1.8,market_funds,2026-06-13T18:32:41+09:00
2026-05-15,20260515,132859686546749,44231217752999,114401473841464,1537437883379,37486229700,2.2,market_funds,2026-06-13T09:45:10+09:00
2026-05-15,20260515,132859686546749,44231217752999,114401473841464,1537437883379,37486229700,2.2,market_funds,2026-06-13T18:32:41+09:00
2026-05-18,20260518,132985284776865,41785458600383,113887256543105,1460585655634,91706178066,6.0,market_funds,2026-06-13T09:45:10+09:00
2026-05-18,20260518,132985284776865,41785458600383,113887256543105,1460585655634,91706178066,6.0,market_funds,2026-06-13T18:32:41+09:00
2026-05-19,20260519,126959943581070,41928326662422,114396310818100,1924089176369,67653757517,4.6,market_funds,2026-06-13T09:45:10+09:00
2026-05-19,20260519,126959943581070,41928326662422,114396310818100,1924089176369,67653757517,4.6,market_funds,2026-06-13T18:32:41+09:00
2026-05-20,20260520,125643978017593,40394088456436,114338015053468,1642125289891,145841816950,7.6,market_funds,2026-06-13T09:45:10+09:00
2026-05-20,20260520,125643978017593,40394088456436,114338015053468,1642125289891,145841816950,7.6,market_funds,2026-06-13T18:32:41+09:00
2026-05-21,20260521,122381940672897,41227733445558,113904907009755,1659827875421,62456018368,3.8,market_funds,2026-06-13T09:45:10+09:00
2026-05-21,20260521,122381940672897,41227733445558,113904907009755,1659827875421,62456018368,3.8,market_funds,2026-06-13T18:32:41+09:00
2026-05-22,20260522,121245208794675,42787978655723,114832853094389,1480488602063,52398565316,3.2,market_funds,2026-06-13T09:45:10+09:00
2026-05-22,20260522,121245208794675,42787978655723,114832853094389,1480488602063,52398565316,3.2,market_funds,2026-06-13T18:32:41+09:00
2026-05-26,20260526,124576854436990,43855253915467,113989028907647,1149173291590,5169739762,0.3,market_funds,2026-06-13T09:45:10+09:00
2026-05-26,20260526,124576854436990,43855253915467,113989028907647,1149173291590,5169739762,0.3,market_funds,2026-06-13T18:32:41+09:00
2026-05-27,20260527,128574969191772,46535794374577,112709680761747,1154116317989,7984225987,0.7,market_funds,2026-06-13T09:45:10+09:00
2026-05-27,20260527,128574969191772,46535794374577,112709680761747,1154116317989,7984225987,0.7,market_funds,2026-06-13T18:32:41+09:00
2026-05-28,20260528,131131823382898,47550522128011,112870746051617,1253420496394,7811993430,0.7,market_funds,2026-06-13T09:45:10+09:00
2026-05-28,20260528,131131823382898,47550522128011,112870746051617,1253420496394,7811993430,0.7,market_funds,2026-06-13T18:32:41+09:00
2026-05-29,20260529,131585592745185,48024761086447,114656708432236,1349235654978,15414071675,1.2,market_funds,2026-06-13T09:45:10+09:00
2026-05-29,20260529,131585592745185,48024761086447,114656708432236,1349235654978,15414071675,1.2,market_funds,2026-06-13T18:32:41+09:00
2026-06-01,20260601,132599247556859,52291729967203,114672903076185,1359702995955,33171237330,2.5,market_funds,2026-06-13T09:45:10+09:00
2026-06-01,20260601,132599247556859,52291729967203,114672903076185,1359702995955,33171237330,2.5,market_funds,2026-06-13T18:32:41+09:00
2026-06-02,20260602,136811118188439,53450906198331,114853098526661,1327709016434,16844662845,1.2,market_funds,2026-06-13T09:45:10+09:00
2026-06-02,20260602,136811118188439,53450906198331,114853098526661,1327709016434,16844662845,1.2,market_funds,2026-06-13T18:32:41+09:00
2026-06-04,20260604,139694761669746,53518519700829,115191239681703,1829259282825,24311033581,1.8,market_funds,2026-06-13T09:45:10+09:00
2026-06-04,20260604,139694761669746,53518519700829,115191239681703,1829259282825,24311033581,1.8,market_funds,2026-06-13T18:32:41+09:00
2026-06-05,20260605,134234433924719,52704600193166,115663690988893,1688523915938,166192478619,9.1,market_funds,2026-06-13T09:45:10+09:00
2026-06-05,20260605,134234433924719,52704600193166,115663690988893,1688523915938,166192478619,9.1,market_funds,2026-06-13T18:32:41+09:00
2026-06-08,20260608,136384688261832,49635991467272,114380544350726,1624596861427,139134226780,8.2,market_funds,2026-06-13T09:45:10+09:00
2026-06-08,20260608,136384688261832,49635991467272,114380544350726,1624596861427,139134226780,8.2,market_funds,2026-06-13T18:32:41+09:00
2026-06-09,20260609,130118913161687,46812044579572,114176795659601,1595370895775,169796102301,10.5,market_funds,2026-06-13T09:45:10+09:00
2026-06-09,20260609,130118913161687,46812044579572,114176795659601,1595370895775,169796102301,10.5,market_funds,2026-06-13T18:32:41+09:00
2026-06-10,20260610,127606551838496,52164008501589,112629375640179,1691775930891,39661105239,2.5,market_funds,2026-06-13T09:45:10+09:00
2026-06-10,20260610,127606551838496,52164008501589,112629375640179,1691775930891,39661105239,2.5,market_funds,2026-06-13T18:32:41+09:00
