date,indicator_code,indicator_name,value,unit,frequency,source,source_url
2022-04-28,KOFIA_CREDIT_FINANCING_MILLION_KRW,신용융자 전체 잔고,22296373.320203,million KRW,daily,data.go.kr KOFIA local normalized CSV,getGrantingOfCreditBalanceInfo
2022-04-29,KOFIA_CREDIT_FINANCING_MILLION_KRW,신용융자 전체 잔고,22261672.785591,million KRW,daily,data.go.kr KOFIA local normalized CSV,getGrantingOfCreditBalanceInfo
2022-05-02,KOFIA_CREDIT_FINANCING_MILLION_KRW,신용융자 전체 잔고,22205398.8723,million KRW,daily,data.go.kr KOFIA local normalized CSV,getGrantingOfCreditBalanceInfo
2022-05-03,KOFIA_CREDIT_FINANCING_MILLION_KRW,신용융자 전체 잔고,22182399.085297,million KRW,daily,data.go.kr KOFIA local normalized CSV,getGrantingOfCreditBalanceInfo
2022-05-04,KOFIA_CREDIT_FINANCING_MILLION_KRW,신용융자 전체 잔고,22262455.647212,million KRW,daily,data.go.kr KOFIA local normalized CSV,getGrantingOfCreditBalanceInfo
2022-05-06,KOFIA_CREDIT_FINANCING_MILLION_KRW,신용융자 전체 잔고,22299126.486402,million KRW,daily,data.go.kr KOFIA local normalized CSV,getGrantingOfCreditBalanceInfo
2022-05-09,KOFIA_CREDIT_FINANCING_MILLION_KRW,신용융자 전체 잔고,22336605.523642,million KRW,daily,data.go.kr KOFIA local normalized CSV,getGrantingOfCreditBalanceInfo
2022-05-10,KOFIA_CREDIT_FINANCING_MILLION_KRW,신용융자 전체 잔고,22267353.1956,million KRW,daily,data.go.kr KOFIA local normalized CSV,getGrantingOfCreditBalanceInfo
2022-05-11,KOFIA_CREDIT_FINANCING_MILLION_KRW,신용융자 전체 잔고,22028052.999017,million KRW,daily,data.go.kr KOFIA local normalized CSV,getGrantingOfCreditBalanceInfo
2022-05-12,KOFIA_CREDIT_FINANCING_MILLION_KRW,신용융자 전체 잔고,21824777.892695,million KRW,daily,data.go.kr KOFIA local normalized CSV,getGrantingOfCreditBalanceInfo
2022-05-13,KOFIA_CREDIT_FINANCING_MILLION_KRW,신용융자 전체 잔고,21841089.776659,million KRW,daily,data.go.kr KOFIA local normalized CSV,getGrantingOfCreditBalanceInfo
2022-05-16,KOFIA_CREDIT_FINANCING_MILLION_KRW,신용융자 전체 잔고,21678766.909141,million KRW,daily,data.go.kr KOFIA local normalized CSV,getGrantingOfCreditBalanceInfo
2022-05-17,KOFIA_CREDIT_FINANCING_MILLION_KRW,신용융자 전체 잔고,21490694.24584,million KRW,daily,data.go.kr KOFIA local normalized CSV,getGrantingOfCreditBalanceInfo
2022-05-18,KOFIA_CREDIT_FINANCING_MILLION_KRW,신용융자 전체 잔고,21516950.583636,million KRW,daily,data.go.kr KOFIA local normalized CSV,getGrantingOfCreditBalanceInfo
2022-05-19,KOFIA_CREDIT_FINANCING_MILLION_KRW,신용융자 전체 잔고,21553690.867989,million KRW,daily,data.go.kr KOFIA local normalized CSV,getGrantingOfCreditBalanceInfo
2022-05-20,KOFIA_CREDIT_FINANCING_MILLION_KRW,신용융자 전체 잔고,21625820.475918,million KRW,daily,data.go.kr KOFIA local normalized CSV,getGrantingOfCreditBalanceInfo
2022-05-23,KOFIA_CREDIT_FINANCING_MILLION_KRW,신용융자 전체 잔고,21645775.879006,million KRW,daily,data.go.kr KOFIA local normalized CSV,getGrantingOfCreditBalanceInfo
2022-05-24,KOFIA_CREDIT_FINANCING_MILLION_KRW,신용융자 전체 잔고,21587710.1905,million KRW,daily,data.go.kr KOFIA local normalized CSV,getGrantingOfCreditBalanceInfo
2022-05-25,KOFIA_CREDIT_FINANCING_MILLION_KRW,신용융자 전체 잔고,21665118.427486,million KRW,daily,data.go.kr KOFIA local normalized CSV,getGrantingOfCreditBalanceInfo
2022-05-26,KOFIA_CREDIT_FINANCING_MILLION_KRW,신용융자 전체 잔고,21665154.134394,million KRW,daily,data.go.kr KOFIA local normalized CSV,getGrantingOfCreditBalanceInfo
2022-05-27,KOFIA_CREDIT_FINANCING_MILLION_KRW,신용융자 전체 잔고,21607210.417765,million KRW,daily,data.go.kr KOFIA local normalized CSV,getGrantingOfCreditBalanceInfo
2022-05-30,KOFIA_CREDIT_FINANCING_MILLION_KRW,신용융자 전체 잔고,21624694.836316,million KRW,daily,data.go.kr KOFIA local normalized CSV,getGrantingOfCreditBalanceInfo
2022-05-31,KOFIA_CREDIT_FINANCING_MILLION_KRW,신용융자 전체 잔고,21564641.806652,million KRW,daily,data.go.kr KOFIA local normalized CSV,getGrantingOfCreditBalanceInfo
2022-06-02,KOFIA_CREDIT_FINANCING_MILLION_KRW,신용융자 전체 잔고,21531304.131509,million KRW,daily,data.go.kr KOFIA local normalized CSV,getGrantingOfCreditBalanceInfo
2022-06-03,KOFIA_CREDIT_FINANCING_MILLION_KRW,신용융자 전체 잔고,21575125.004034,million KRW,daily,data.go.kr KOFIA local normalized CSV,getGrantingOfCreditBalanceInfo
2022-06-07,KOFIA_CREDIT_FINANCING_MILLION_KRW,신용융자 전체 잔고,21711107.428311,million KRW,daily,data.go.kr KOFIA local normalized CSV,getGrantingOfCreditBalanceInfo
2022-06-08,KOFIA_CREDIT_FINANCING_MILLION_KRW,신용융자 전체 잔고,21643371.149514,million KRW,daily,data.go.kr KOFIA local normalized CSV,getGrantingOfCreditBalanceInfo
2022-06-09,KOFIA_CREDIT_FINANCING_MILLION_KRW,신용융자 전체 잔고,21713489.846915,million KRW,daily,data.go.kr KOFIA local normalized CSV,getGrantingOfCreditBalanceInfo
2022-06-10,KOFIA_CREDIT_FINANCING_MILLION_KRW,신용융자 전체 잔고,21639268.187158,million KRW,daily,data.go.kr KOFIA local normalized CSV,getGrantingOfCreditBalanceInfo
2022-06-13,KOFIA_CREDIT_FINANCING_MILLION_KRW,신용융자 전체 잔고,21619749.245066,million KRW,daily,data.go.kr KOFIA local normalized CSV,getGrantingOfCreditBalanceInfo
2022-06-14,KOFIA_CREDIT_FINANCING_MILLION_KRW,신용융자 전체 잔고,21608579.895118,million KRW,daily,data.go.kr KOFIA local normalized CSV,getGrantingOfCreditBalanceInfo
2022-06-15,KOFIA_CREDIT_FINANCING_MILLION_KRW,신용융자 전체 잔고,21144203.547396,million KRW,daily,data.go.kr KOFIA local normalized CSV,getGrantingOfCreditBalanceInfo
2022-06-16,KOFIA_CREDIT_FINANCING_MILLION_KRW,신용융자 전체 잔고,20686265.1892,million KRW,daily,data.go.kr KOFIA local normalized CSV,getGrantingOfCreditBalanceInfo
2022-06-17,KOFIA_CREDIT_FINANCING_MILLION_KRW,신용융자 전체 잔고,20357337.282397,million KRW,daily,data.go.kr KOFIA local normalized CSV,getGrantingOfCreditBalanceInfo
2022-06-20,KOFIA_CREDIT_FINANCING_MILLION_KRW,신용융자 전체 잔고,20030041.259764,million KRW,daily,data.go.kr KOFIA local normalized CSV,getGrantingOfCreditBalanceInfo
2022-06-21,KOFIA_CREDIT_FINANCING_MILLION_KRW,신용융자 전체 잔고,19854560.059242,million KRW,daily,data.go.kr KOFIA local normalized CSV,getGrantingOfCreditBalanceInfo
2022-06-22,KOFIA_CREDIT_FINANCING_MILLION_KRW,신용융자 전체 잔고,19530817.787658,million KRW,daily,data.go.kr KOFIA local normalized CSV,getGrantingOfCreditBalanceInfo
2022-06-23,KOFIA_CREDIT_FINANCING_MILLION_KRW,신용융자 전체 잔고,19216099.359069,million KRW,daily,data.go.kr KOFIA local normalized CSV,getGrantingOfCreditBalanceInfo
2022-06-24,KOFIA_CREDIT_FINANCING_MILLION_KRW,신용융자 전체 잔고,18891897.964915,million KRW,daily,data.go.kr KOFIA local normalized CSV,getGrantingOfCreditBalanceInfo
2022-06-27,KOFIA_CREDIT_FINANCING_MILLION_KRW,신용융자 전체 잔고,18044309.889468,million KRW,daily,data.go.kr KOFIA local normalized CSV,getGrantingOfCreditBalanceInfo
2022-06-28,KOFIA_CREDIT_FINANCING_MILLION_KRW,신용융자 전체 잔고,17715553.194627,million KRW,daily,data.go.kr KOFIA local normalized CSV,getGrantingOfCreditBalanceInfo
2022-06-29,KOFIA_CREDIT_FINANCING_MILLION_KRW,신용융자 전체 잔고,17752911.056215,million KRW,daily,data.go.kr KOFIA local normalized CSV,getGrantingOfCreditBalanceInfo
2022-06-30,KOFIA_CREDIT_FINANCING_MILLION_KRW,신용융자 전체 잔고,17868304.033777,million KRW,daily,data.go.kr KOFIA local normalized CSV,getGrantingOfCreditBalanceInfo
2022-07-01,KOFIA_CREDIT_FINANCING_MILLION_KRW,신용융자 전체 잔고,17989174.984269,million KRW,daily,data.go.kr KOFIA local normalized CSV,getGrantingOfCreditBalanceInfo
2022-07-04,KOFIA_CREDIT_FINANCING_MILLION_KRW,신용융자 전체 잔고,17938977.527864,million KRW,daily,data.go.kr KOFIA local normalized CSV,getGrantingOfCreditBalanceInfo
2022-07-05,KOFIA_CREDIT_FINANCING_MILLION_KRW,신용융자 전체 잔고,17763609.668172,million KRW,daily,data.go.kr KOFIA local normalized CSV,getGrantingOfCreditBalanceInfo
2022-07-06,KOFIA_CREDIT_FINANCING_MILLION_KRW,신용융자 전체 잔고,17585925.957945,million KRW,daily,data.go.kr KOFIA local normalized CSV,getGrantingOfCreditBalanceInfo
2022-07-07,KOFIA_CREDIT_FINANCING_MILLION_KRW,신용융자 전체 잔고,17494596.201879,million KRW,daily,data.go.kr KOFIA local normalized CSV,getGrantingOfCreditBalanceInfo
2022-07-08,KOFIA_CREDIT_FINANCING_MILLION_KRW,신용융자 전체 잔고,17647337.895869,million KRW,daily,data.go.kr KOFIA local normalized CSV,getGrantingOfCreditBalanceInfo
2022-07-11,KOFIA_CREDIT_FINANCING_MILLION_KRW,신용융자 전체 잔고,17650485.953683,million KRW,daily,data.go.kr KOFIA local normalized CSV,getGrantingOfCreditBalanceInfo
2022-07-12,KOFIA_CREDIT_FINANCING_MILLION_KRW,신용융자 전체 잔고,17710299.350075,million KRW,daily,data.go.kr KOFIA local normalized CSV,getGrantingOfCreditBalanceInfo
2022-07-13,KOFIA_CREDIT_FINANCING_MILLION_KRW,신용융자 전체 잔고,17818888.245269,million KRW,daily,data.go.kr KOFIA local normalized CSV,getGrantingOfCreditBalanceInfo
2022-07-14,KOFIA_CREDIT_FINANCING_MILLION_KRW,신용융자 전체 잔고,17864833.144122,million KRW,daily,data.go.kr KOFIA local normalized CSV,getGrantingOfCreditBalanceInfo
2022-07-15,KOFIA_CREDIT_FINANCING_MILLION_KRW,신용융자 전체 잔고,17849439.386753,million KRW,daily,data.go.kr KOFIA local normalized CSV,getGrantingOfCreditBalanceInfo
2022-07-18,KOFIA_CREDIT_FINANCING_MILLION_KRW,신용융자 전체 잔고,17919284.919288,million KRW,daily,data.go.kr KOFIA local normalized CSV,getGrantingOfCreditBalanceInfo
2022-07-19,KOFIA_CREDIT_FINANCING_MILLION_KRW,신용융자 전체 잔고,18005319.873973,million KRW,daily,data.go.kr KOFIA local normalized CSV,getGrantingOfCreditBalanceInfo
2022-07-20,KOFIA_CREDIT_FINANCING_MILLION_KRW,신용융자 전체 잔고,18011795.375782,million KRW,daily,data.go.kr KOFIA local normalized CSV,getGrantingOfCreditBalanceInfo
2022-07-21,KOFIA_CREDIT_FINANCING_MILLION_KRW,신용융자 전체 잔고,18146993.966133,million KRW,daily,data.go.kr KOFIA local normalized CSV,getGrantingOfCreditBalanceInfo
2022-07-22,KOFIA_CREDIT_FINANCING_MILLION_KRW,신용융자 전체 잔고,18242032.465921,million KRW,daily,data.go.kr KOFIA local normalized CSV,getGrantingOfCreditBalanceInfo
2022-07-25,KOFIA_CREDIT_FINANCING_MILLION_KRW,신용융자 전체 잔고,18272101.206302,million KRW,daily,data.go.kr KOFIA local normalized CSV,getGrantingOfCreditBalanceInfo
2022-07-26,KOFIA_CREDIT_FINANCING_MILLION_KRW,신용융자 전체 잔고,18368907.679139,million KRW,daily,data.go.kr KOFIA local normalized CSV,getGrantingOfCreditBalanceInfo
2022-07-27,KOFIA_CREDIT_FINANCING_MILLION_KRW,신용융자 전체 잔고,18381462.963018,million KRW,daily,data.go.kr KOFIA local normalized CSV,getGrantingOfCreditBalanceInfo
2022-07-28,KOFIA_CREDIT_FINANCING_MILLION_KRW,신용융자 전체 잔고,18462659.276917,million KRW,daily,data.go.kr KOFIA local normalized CSV,getGrantingOfCreditBalanceInfo
2022-07-29,KOFIA_CREDIT_FINANCING_MILLION_KRW,신용융자 전체 잔고,18561877.82877,million KRW,daily,data.go.kr KOFIA local normalized CSV,getGrantingOfCreditBalanceInfo
2022-08-01,KOFIA_CREDIT_FINANCING_MILLION_KRW,신용융자 전체 잔고,18629993.24736,million KRW,daily,data.go.kr KOFIA local normalized CSV,getGrantingOfCreditBalanceInfo
2022-08-02,KOFIA_CREDIT_FINANCING_MILLION_KRW,신용융자 전체 잔고,18643116.382871,million KRW,daily,data.go.kr KOFIA local normalized CSV,getGrantingOfCreditBalanceInfo
2022-08-03,KOFIA_CREDIT_FINANCING_MILLION_KRW,신용융자 전체 잔고,18717412.341542,million KRW,daily,data.go.kr KOFIA local normalized CSV,getGrantingOfCreditBalanceInfo
2022-08-04,KOFIA_CREDIT_FINANCING_MILLION_KRW,신용융자 전체 잔고,18839028.501157,million KRW,daily,data.go.kr KOFIA local normalized CSV,getGrantingOfCreditBalanceInfo
2022-08-05,KOFIA_CREDIT_FINANCING_MILLION_KRW,신용융자 전체 잔고,18836376.08025,million KRW,daily,data.go.kr KOFIA local normalized CSV,getGrantingOfCreditBalanceInfo
2022-08-08,KOFIA_CREDIT_FINANCING_MILLION_KRW,신용융자 전체 잔고,18946270.42722,million KRW,daily,data.go.kr KOFIA local normalized CSV,getGrantingOfCreditBalanceInfo
2022-08-09,KOFIA_CREDIT_FINANCING_MILLION_KRW,신용융자 전체 잔고,18967828.914466,million KRW,daily,data.go.kr KOFIA local normalized CSV,getGrantingOfCreditBalanceInfo
2022-08-10,KOFIA_CREDIT_FINANCING_MILLION_KRW,신용융자 전체 잔고,19093064.000152,million KRW,daily,data.go.kr KOFIA local normalized CSV,getGrantingOfCreditBalanceInfo
2022-08-11,KOFIA_CREDIT_FINANCING_MILLION_KRW,신용융자 전체 잔고,19210996.621537,million KRW,daily,data.go.kr KOFIA local normalized CSV,getGrantingOfCreditBalanceInfo
2022-08-12,KOFIA_CREDIT_FINANCING_MILLION_KRW,신용융자 전체 잔고,19326656.51155,million KRW,daily,data.go.kr KOFIA local normalized CSV,getGrantingOfCreditBalanceInfo
2022-08-16,KOFIA_CREDIT_FINANCING_MILLION_KRW,신용융자 전체 잔고,19306625.725114,million KRW,daily,data.go.kr KOFIA local normalized CSV,getGrantingOfCreditBalanceInfo
2022-08-17,KOFIA_CREDIT_FINANCING_MILLION_KRW,신용융자 전체 잔고,19376372.578198,million KRW,daily,data.go.kr KOFIA local normalized CSV,getGrantingOfCreditBalanceInfo
2022-08-18,KOFIA_CREDIT_FINANCING_MILLION_KRW,신용융자 전체 잔고,19415177.194783,million KRW,daily,data.go.kr KOFIA local normalized CSV,getGrantingOfCreditBalanceInfo
2022-08-19,KOFIA_CREDIT_FINANCING_MILLION_KRW,신용융자 전체 잔고,19458847.501052,million KRW,daily,data.go.kr KOFIA local normalized CSV,getGrantingOfCreditBalanceInfo
2022-08-22,KOFIA_CREDIT_FINANCING_MILLION_KRW,신용융자 전체 잔고,19544967.604297,million KRW,daily,data.go.kr KOFIA local normalized CSV,getGrantingOfCreditBalanceInfo
2022-08-23,KOFIA_CREDIT_FINANCING_MILLION_KRW,신용융자 전체 잔고,19531315.21838,million KRW,daily,data.go.kr KOFIA local normalized CSV,getGrantingOfCreditBalanceInfo
2022-08-24,KOFIA_CREDIT_FINANCING_MILLION_KRW,신용융자 전체 잔고,19418526.752429,million KRW,daily,data.go.kr KOFIA local normalized CSV,getGrantingOfCreditBalanceInfo
2022-08-25,KOFIA_CREDIT_FINANCING_MILLION_KRW,신용융자 전체 잔고,19305035.596485,million KRW,daily,data.go.kr KOFIA local normalized CSV,getGrantingOfCreditBalanceInfo
2022-08-26,KOFIA_CREDIT_FINANCING_MILLION_KRW,신용융자 전체 잔고,19300068.97161,million KRW,daily,data.go.kr KOFIA local normalized CSV,getGrantingOfCreditBalanceInfo
2022-08-29,KOFIA_CREDIT_FINANCING_MILLION_KRW,신용융자 전체 잔고,19338099.829011,million KRW,daily,data.go.kr KOFIA local normalized CSV,getGrantingOfCreditBalanceInfo
2022-08-30,KOFIA_CREDIT_FINANCING_MILLION_KRW,신용융자 전체 잔고,19397498.224438,million KRW,daily,data.go.kr KOFIA local normalized CSV,getGrantingOfCreditBalanceInfo
2022-08-31,KOFIA_CREDIT_FINANCING_MILLION_KRW,신용융자 전체 잔고,19346494.716242,million KRW,daily,data.go.kr KOFIA local normalized CSV,getGrantingOfCreditBalanceInfo
2022-09-01,KOFIA_CREDIT_FINANCING_MILLION_KRW,신용융자 전체 잔고,19387811.575853,million KRW,daily,data.go.kr KOFIA local normalized CSV,getGrantingOfCreditBalanceInfo
2022-09-02,KOFIA_CREDIT_FINANCING_MILLION_KRW,신용융자 전체 잔고,19428052.351541,million KRW,daily,data.go.kr KOFIA local normalized CSV,getGrantingOfCreditBalanceInfo
2022-09-05,KOFIA_CREDIT_FINANCING_MILLION_KRW,신용융자 전체 잔고,19504650.140488,million KRW,daily,data.go.kr KOFIA local normalized CSV,getGrantingOfCreditBalanceInfo
2022-09-06,KOFIA_CREDIT_FINANCING_MILLION_KRW,신용융자 전체 잔고,19458228.597799,million KRW,daily,data.go.kr KOFIA local normalized CSV,getGrantingOfCreditBalanceInfo
2022-09-07,KOFIA_CREDIT_FINANCING_MILLION_KRW,신용융자 전체 잔고,19294761.022394,million KRW,daily,data.go.kr KOFIA local normalized CSV,getGrantingOfCreditBalanceInfo
2022-09-08,KOFIA_CREDIT_FINANCING_MILLION_KRW,신용융자 전체 잔고,19262269.136295,million KRW,daily,data.go.kr KOFIA local normalized CSV,getGrantingOfCreditBalanceInfo
2022-09-13,KOFIA_CREDIT_FINANCING_MILLION_KRW,신용융자 전체 잔고,19272864.336327,million KRW,daily,data.go.kr KOFIA local normalized CSV,getGrantingOfCreditBalanceInfo
2022-09-14,KOFIA_CREDIT_FINANCING_MILLION_KRW,신용융자 전체 잔고,19202948.114146,million KRW,daily,data.go.kr KOFIA local normalized CSV,getGrantingOfCreditBalanceInfo
2022-09-15,KOFIA_CREDIT_FINANCING_MILLION_KRW,신용융자 전체 잔고,19077041.909061,million KRW,daily,data.go.kr KOFIA local normalized CSV,getGrantingOfCreditBalanceInfo
2022-09-16,KOFIA_CREDIT_FINANCING_MILLION_KRW,신용융자 전체 잔고,19188604.315938,million KRW,daily,data.go.kr KOFIA local normalized CSV,getGrantingOfCreditBalanceInfo
2022-09-19,KOFIA_CREDIT_FINANCING_MILLION_KRW,신용융자 전체 잔고,19295045.569813,million KRW,daily,data.go.kr KOFIA local normalized CSV,getGrantingOfCreditBalanceInfo
2022-09-20,KOFIA_CREDIT_FINANCING_MILLION_KRW,신용융자 전체 잔고,19258952.318237,million KRW,daily,data.go.kr KOFIA local normalized CSV,getGrantingOfCreditBalanceInfo
2022-09-21,KOFIA_CREDIT_FINANCING_MILLION_KRW,신용융자 전체 잔고,19046770.067386,million KRW,daily,data.go.kr KOFIA local normalized CSV,getGrantingOfCreditBalanceInfo
2022-09-22,KOFIA_CREDIT_FINANCING_MILLION_KRW,신용융자 전체 잔고,18913447.942333,million KRW,daily,data.go.kr KOFIA local normalized CSV,getGrantingOfCreditBalanceInfo
2022-09-23,KOFIA_CREDIT_FINANCING_MILLION_KRW,신용융자 전체 잔고,18892818.435941,million KRW,daily,data.go.kr KOFIA local normalized CSV,getGrantingOfCreditBalanceInfo
2022-09-26,KOFIA_CREDIT_FINANCING_MILLION_KRW,신용융자 전체 잔고,18776731.326263,million KRW,daily,data.go.kr KOFIA local normalized CSV,getGrantingOfCreditBalanceInfo
2022-09-27,KOFIA_CREDIT_FINANCING_MILLION_KRW,신용융자 전체 잔고,18592848.021544,million KRW,daily,data.go.kr KOFIA local normalized CSV,getGrantingOfCreditBalanceInfo
2022-09-28,KOFIA_CREDIT_FINANCING_MILLION_KRW,신용융자 전체 잔고,17909551.640509,million KRW,daily,data.go.kr KOFIA local normalized CSV,getGrantingOfCreditBalanceInfo
2022-09-29,KOFIA_CREDIT_FINANCING_MILLION_KRW,신용융자 전체 잔고,17461183.602791,million KRW,daily,data.go.kr KOFIA local normalized CSV,getGrantingOfCreditBalanceInfo
2022-09-30,KOFIA_CREDIT_FINANCING_MILLION_KRW,신용융자 전체 잔고,17164768.278707,million KRW,daily,data.go.kr KOFIA local normalized CSV,getGrantingOfCreditBalanceInfo
2022-10-04,KOFIA_CREDIT_FINANCING_MILLION_KRW,신용융자 전체 잔고,16848300.25867,million KRW,daily,data.go.kr KOFIA local normalized CSV,getGrantingOfCreditBalanceInfo
2022-10-05,KOFIA_CREDIT_FINANCING_MILLION_KRW,신용융자 전체 잔고,16613700.802341,million KRW,daily,data.go.kr KOFIA local normalized CSV,getGrantingOfCreditBalanceInfo
2022-10-13,KOFIA_CREDIT_FINANCING_MILLION_KRW,신용융자 전체 잔고,16437449.110539,million KRW,daily,data.go.kr KOFIA local normalized CSV,getGrantingOfCreditBalanceInfo
2022-10-14,KOFIA_CREDIT_FINANCING_MILLION_KRW,신용융자 전체 잔고,16270374.257645,million KRW,daily,data.go.kr KOFIA local normalized CSV,getGrantingOfCreditBalanceInfo
2022-10-17,KOFIA_CREDIT_FINANCING_MILLION_KRW,신용융자 전체 잔고,16044694.326804,million KRW,daily,data.go.kr KOFIA local normalized CSV,getGrantingOfCreditBalanceInfo
2022-10-18,KOFIA_CREDIT_FINANCING_MILLION_KRW,신용융자 전체 잔고,15962164.723325,million KRW,daily,data.go.kr KOFIA local normalized CSV,getGrantingOfCreditBalanceInfo
2022-10-19,KOFIA_CREDIT_FINANCING_MILLION_KRW,신용융자 전체 잔고,16022453.737983,million KRW,daily,data.go.kr KOFIA local normalized CSV,getGrantingOfCreditBalanceInfo
2022-10-20,KOFIA_CREDIT_FINANCING_MILLION_KRW,신용융자 전체 잔고,16117418.222221,million KRW,daily,data.go.kr KOFIA local normalized CSV,getGrantingOfCreditBalanceInfo
2022-10-21,KOFIA_CREDIT_FINANCING_MILLION_KRW,신용융자 전체 잔고,16171616.245771,million KRW,daily,data.go.kr KOFIA local normalized CSV,getGrantingOfCreditBalanceInfo
2022-10-24,KOFIA_CREDIT_FINANCING_MILLION_KRW,신용융자 전체 잔고,16257659.111055,million KRW,daily,data.go.kr KOFIA local normalized CSV,getGrantingOfCreditBalanceInfo
2022-10-25,KOFIA_CREDIT_FINANCING_MILLION_KRW,신용융자 전체 잔고,16225053.436066,million KRW,daily,data.go.kr KOFIA local normalized CSV,getGrantingOfCreditBalanceInfo
2022-10-26,KOFIA_CREDIT_FINANCING_MILLION_KRW,신용융자 전체 잔고,16142800.007029,million KRW,daily,data.go.kr KOFIA local normalized CSV,getGrantingOfCreditBalanceInfo
2022-10-27,KOFIA_CREDIT_FINANCING_MILLION_KRW,신용융자 전체 잔고,16155634.918596,million KRW,daily,data.go.kr KOFIA local normalized CSV,getGrantingOfCreditBalanceInfo
2022-10-28,KOFIA_CREDIT_FINANCING_MILLION_KRW,신용융자 전체 잔고,16156230.309955,million KRW,daily,data.go.kr KOFIA local normalized CSV,getGrantingOfCreditBalanceInfo
2022-10-31,KOFIA_CREDIT_FINANCING_MILLION_KRW,신용융자 전체 잔고,16075685.548217,million KRW,daily,data.go.kr KOFIA local normalized CSV,getGrantingOfCreditBalanceInfo
2022-11-01,KOFIA_CREDIT_FINANCING_MILLION_KRW,신용융자 전체 잔고,16104147.14242,million KRW,daily,data.go.kr KOFIA local normalized CSV,getGrantingOfCreditBalanceInfo
2022-11-02,KOFIA_CREDIT_FINANCING_MILLION_KRW,신용융자 전체 잔고,16111596.156483,million KRW,daily,data.go.kr KOFIA local normalized CSV,getGrantingOfCreditBalanceInfo
2022-11-03,KOFIA_CREDIT_FINANCING_MILLION_KRW,신용융자 전체 잔고,16115113.782658,million KRW,daily,data.go.kr KOFIA local normalized CSV,getGrantingOfCreditBalanceInfo
2022-11-04,KOFIA_CREDIT_FINANCING_MILLION_KRW,신용융자 전체 잔고,16158220.159837,million KRW,daily,data.go.kr KOFIA local normalized CSV,getGrantingOfCreditBalanceInfo
2022-11-07,KOFIA_CREDIT_FINANCING_MILLION_KRW,신용융자 전체 잔고,16290081.365965,million KRW,daily,data.go.kr KOFIA local normalized CSV,getGrantingOfCreditBalanceInfo
2022-11-08,KOFIA_CREDIT_FINANCING_MILLION_KRW,신용융자 전체 잔고,16334254.064892,million KRW,daily,data.go.kr KOFIA local normalized CSV,getGrantingOfCreditBalanceInfo
2022-11-09,KOFIA_CREDIT_FINANCING_MILLION_KRW,신용융자 전체 잔고,16353345.488941,million KRW,daily,data.go.kr KOFIA local normalized CSV,getGrantingOfCreditBalanceInfo
2022-11-10,KOFIA_CREDIT_FINANCING_MILLION_KRW,신용융자 전체 잔고,16308810.708889,million KRW,daily,data.go.kr KOFIA local normalized CSV,getGrantingOfCreditBalanceInfo
2022-11-11,KOFIA_CREDIT_FINANCING_MILLION_KRW,신용융자 전체 잔고,16341818.706634,million KRW,daily,data.go.kr KOFIA local normalized CSV,getGrantingOfCreditBalanceInfo
2022-11-14,KOFIA_CREDIT_FINANCING_MILLION_KRW,신용융자 전체 잔고,16484209.163717,million KRW,daily,data.go.kr KOFIA local normalized CSV,getGrantingOfCreditBalanceInfo
2022-11-15,KOFIA_CREDIT_FINANCING_MILLION_KRW,신용융자 전체 잔고,16420768.198636,million KRW,daily,data.go.kr KOFIA local normalized CSV,getGrantingOfCreditBalanceInfo
2022-11-16,KOFIA_CREDIT_FINANCING_MILLION_KRW,신용융자 전체 잔고,16577275.297122,million KRW,daily,data.go.kr KOFIA local normalized CSV,getGrantingOfCreditBalanceInfo
2022-11-17,KOFIA_CREDIT_FINANCING_MILLION_KRW,신용융자 전체 잔고,16704597.186763,million KRW,daily,data.go.kr KOFIA local normalized CSV,getGrantingOfCreditBalanceInfo
2022-11-18,KOFIA_CREDIT_FINANCING_MILLION_KRW,신용융자 전체 잔고,16879352.734517,million KRW,daily,data.go.kr KOFIA local normalized CSV,getGrantingOfCreditBalanceInfo
2022-11-21,KOFIA_CREDIT_FINANCING_MILLION_KRW,신용융자 전체 잔고,17011185.382612,million KRW,daily,data.go.kr KOFIA local normalized CSV,getGrantingOfCreditBalanceInfo
2022-11-22,KOFIA_CREDIT_FINANCING_MILLION_KRW,신용융자 전체 잔고,17008772.099143,million KRW,daily,data.go.kr KOFIA local normalized CSV,getGrantingOfCreditBalanceInfo
2022-11-23,KOFIA_CREDIT_FINANCING_MILLION_KRW,신용융자 전체 잔고,17007737.957601,million KRW,daily,data.go.kr KOFIA local normalized CSV,getGrantingOfCreditBalanceInfo
2022-11-24,KOFIA_CREDIT_FINANCING_MILLION_KRW,신용융자 전체 잔고,17024872.325673,million KRW,daily,data.go.kr KOFIA local normalized CSV,getGrantingOfCreditBalanceInfo
2022-11-25,KOFIA_CREDIT_FINANCING_MILLION_KRW,신용융자 전체 잔고,17023765.651044,million KRW,daily,data.go.kr KOFIA local normalized CSV,getGrantingOfCreditBalanceInfo
2022-11-28,KOFIA_CREDIT_FINANCING_MILLION_KRW,신용융자 전체 잔고,17044249.717978,million KRW,daily,data.go.kr KOFIA local normalized CSV,getGrantingOfCreditBalanceInfo
2022-11-29,KOFIA_CREDIT_FINANCING_MILLION_KRW,신용융자 전체 잔고,17085869.777201,million KRW,daily,data.go.kr KOFIA local normalized CSV,getGrantingOfCreditBalanceInfo
2022-11-30,KOFIA_CREDIT_FINANCING_MILLION_KRW,신용융자 전체 잔고,17134051.015286,million KRW,daily,data.go.kr KOFIA local normalized CSV,getGrantingOfCreditBalanceInfo
2022-12-01,KOFIA_CREDIT_FINANCING_MILLION_KRW,신용융자 전체 잔고,17095973.48084,million KRW,daily,data.go.kr KOFIA local normalized CSV,getGrantingOfCreditBalanceInfo
2022-12-02,KOFIA_CREDIT_FINANCING_MILLION_KRW,신용융자 전체 잔고,17114273.386166,million KRW,daily,data.go.kr KOFIA local normalized CSV,getGrantingOfCreditBalanceInfo
2022-12-05,KOFIA_CREDIT_FINANCING_MILLION_KRW,신용융자 전체 잔고,17137010.692994,million KRW,daily,data.go.kr KOFIA local normalized CSV,getGrantingOfCreditBalanceInfo
2022-12-06,KOFIA_CREDIT_FINANCING_MILLION_KRW,신용융자 전체 잔고,17298471.782446,million KRW,daily,data.go.kr KOFIA local normalized CSV,getGrantingOfCreditBalanceInfo
2022-12-07,KOFIA_CREDIT_FINANCING_MILLION_KRW,신용융자 전체 잔고,17346494.814156,million KRW,daily,data.go.kr KOFIA local normalized CSV,getGrantingOfCreditBalanceInfo
2022-12-08,KOFIA_CREDIT_FINANCING_MILLION_KRW,신용융자 전체 잔고,17362742.392239,million KRW,daily,data.go.kr KOFIA local normalized CSV,getGrantingOfCreditBalanceInfo
2022-12-09,KOFIA_CREDIT_FINANCING_MILLION_KRW,신용융자 전체 잔고,17335295.585202,million KRW,daily,data.go.kr KOFIA local normalized CSV,getGrantingOfCreditBalanceInfo
2022-12-12,KOFIA_CREDIT_FINANCING_MILLION_KRW,신용융자 전체 잔고,17313236.724847,million KRW,daily,data.go.kr KOFIA local normalized CSV,getGrantingOfCreditBalanceInfo
2022-12-13,KOFIA_CREDIT_FINANCING_MILLION_KRW,신용융자 전체 잔고,17177453.869276,million KRW,daily,data.go.kr KOFIA local normalized CSV,getGrantingOfCreditBalanceInfo
2022-12-14,KOFIA_CREDIT_FINANCING_MILLION_KRW,신용융자 전체 잔고,17186985.20766,million KRW,daily,data.go.kr KOFIA local normalized CSV,getGrantingOfCreditBalanceInfo
2022-12-15,KOFIA_CREDIT_FINANCING_MILLION_KRW,신용융자 전체 잔고,17190257.89743,million KRW,daily,data.go.kr KOFIA local normalized CSV,getGrantingOfCreditBalanceInfo
2022-12-16,KOFIA_CREDIT_FINANCING_MILLION_KRW,신용융자 전체 잔고,17145630.672431,million KRW,daily,data.go.kr KOFIA local normalized CSV,getGrantingOfCreditBalanceInfo
2022-12-19,KOFIA_CREDIT_FINANCING_MILLION_KRW,신용융자 전체 잔고,17235130.612509,million KRW,daily,data.go.kr KOFIA local normalized CSV,getGrantingOfCreditBalanceInfo
2022-12-20,KOFIA_CREDIT_FINANCING_MILLION_KRW,신용융자 전체 잔고,17200640.315563,million KRW,daily,data.go.kr KOFIA local normalized CSV,getGrantingOfCreditBalanceInfo
2022-12-21,KOFIA_CREDIT_FINANCING_MILLION_KRW,신용융자 전체 잔고,17210218.085504,million KRW,daily,data.go.kr KOFIA local normalized CSV,getGrantingOfCreditBalanceInfo
2022-12-22,KOFIA_CREDIT_FINANCING_MILLION_KRW,신용융자 전체 잔고,17131497.167474,million KRW,daily,data.go.kr KOFIA local normalized CSV,getGrantingOfCreditBalanceInfo
2022-12-23,KOFIA_CREDIT_FINANCING_MILLION_KRW,신용융자 전체 잔고,17075345.298926,million KRW,daily,data.go.kr KOFIA local normalized CSV,getGrantingOfCreditBalanceInfo
2022-12-26,KOFIA_CREDIT_FINANCING_MILLION_KRW,신용융자 전체 잔고,16965980.591649,million KRW,daily,data.go.kr KOFIA local normalized CSV,getGrantingOfCreditBalanceInfo
2022-12-27,KOFIA_CREDIT_FINANCING_MILLION_KRW,신용융자 전체 잔고,16875776.664607,million KRW,daily,data.go.kr KOFIA local normalized CSV,getGrantingOfCreditBalanceInfo
2022-12-28,KOFIA_CREDIT_FINANCING_MILLION_KRW,신용융자 전체 잔고,16707096.869285,million KRW,daily,data.go.kr KOFIA local normalized CSV,getGrantingOfCreditBalanceInfo
2022-12-29,KOFIA_CREDIT_FINANCING_MILLION_KRW,신용융자 전체 잔고,16528597.795582,million KRW,daily,data.go.kr KOFIA local normalized CSV,getGrantingOfCreditBalanceInfo
2022-12-30,KOFIA_CREDIT_FINANCING_MILLION_KRW,신용융자 전체 잔고,16518647.535843,million KRW,daily,data.go.kr KOFIA local normalized CSV,getGrantingOfCreditBalanceInfo
2023-01-02,KOFIA_CREDIT_FINANCING_MILLION_KRW,신용융자 전체 잔고,16531124.096922,million KRW,daily,data.go.kr KOFIA local normalized CSV,getGrantingOfCreditBalanceInfo
2023-01-03,KOFIA_CREDIT_FINANCING_MILLION_KRW,신용융자 전체 잔고,16363192.916816,million KRW,daily,data.go.kr KOFIA local normalized CSV,getGrantingOfCreditBalanceInfo
2023-01-04,KOFIA_CREDIT_FINANCING_MILLION_KRW,신용융자 전체 잔고,16120144.571619,million KRW,daily,data.go.kr KOFIA local normalized CSV,getGrantingOfCreditBalanceInfo
2023-01-05,KOFIA_CREDIT_FINANCING_MILLION_KRW,신용융자 전체 잔고,15930721.275829,million KRW,daily,data.go.kr KOFIA local normalized CSV,getGrantingOfCreditBalanceInfo
2023-01-06,KOFIA_CREDIT_FINANCING_MILLION_KRW,신용융자 전체 잔고,15888251.251282,million KRW,daily,data.go.kr KOFIA local normalized CSV,getGrantingOfCreditBalanceInfo
2023-01-09,KOFIA_CREDIT_FINANCING_MILLION_KRW,신용융자 전체 잔고,15944622.934612,million KRW,daily,data.go.kr KOFIA local normalized CSV,getGrantingOfCreditBalanceInfo
2023-01-10,KOFIA_CREDIT_FINANCING_MILLION_KRW,신용융자 전체 잔고,15911221.047391,million KRW,daily,data.go.kr KOFIA local normalized CSV,getGrantingOfCreditBalanceInfo
2023-01-11,KOFIA_CREDIT_FINANCING_MILLION_KRW,신용융자 전체 잔고,15810248.59704,million KRW,daily,data.go.kr KOFIA local normalized CSV,getGrantingOfCreditBalanceInfo
2023-01-12,KOFIA_CREDIT_FINANCING_MILLION_KRW,신용융자 전체 잔고,15898255.334063,million KRW,daily,data.go.kr KOFIA local normalized CSV,getGrantingOfCreditBalanceInfo
2023-01-13,KOFIA_CREDIT_FINANCING_MILLION_KRW,신용융자 전체 잔고,15892806.380797,million KRW,daily,data.go.kr KOFIA local normalized CSV,getGrantingOfCreditBalanceInfo
2023-01-16,KOFIA_CREDIT_FINANCING_MILLION_KRW,신용융자 전체 잔고,15982012.237546,million KRW,daily,data.go.kr KOFIA local normalized CSV,getGrantingOfCreditBalanceInfo
2023-01-17,KOFIA_CREDIT_FINANCING_MILLION_KRW,신용융자 전체 잔고,15988999.434031,million KRW,daily,data.go.kr KOFIA local normalized CSV,getGrantingOfCreditBalanceInfo
2023-01-18,KOFIA_CREDIT_FINANCING_MILLION_KRW,신용융자 전체 잔고,16018217.622183,million KRW,daily,data.go.kr KOFIA local normalized CSV,getGrantingOfCreditBalanceInfo
2023-01-19,KOFIA_CREDIT_FINANCING_MILLION_KRW,신용융자 전체 잔고,16089326.973239,million KRW,daily,data.go.kr KOFIA local normalized CSV,getGrantingOfCreditBalanceInfo
2023-01-20,KOFIA_CREDIT_FINANCING_MILLION_KRW,신용융자 전체 잔고,16138275.443441,million KRW,daily,data.go.kr KOFIA local normalized CSV,getGrantingOfCreditBalanceInfo
2023-01-25,KOFIA_CREDIT_FINANCING_MILLION_KRW,신용융자 전체 잔고,16135544.475349,million KRW,daily,data.go.kr KOFIA local normalized CSV,getGrantingOfCreditBalanceInfo
2023-01-26,KOFIA_CREDIT_FINANCING_MILLION_KRW,신용융자 전체 잔고,16118703.744878,million KRW,daily,data.go.kr KOFIA local normalized CSV,getGrantingOfCreditBalanceInfo
2023-01-27,KOFIA_CREDIT_FINANCING_MILLION_KRW,신용융자 전체 잔고,16091337.170841,million KRW,daily,data.go.kr KOFIA local normalized CSV,getGrantingOfCreditBalanceInfo
2023-01-30,KOFIA_CREDIT_FINANCING_MILLION_KRW,신용융자 전체 잔고,16099786.30701,million KRW,daily,data.go.kr KOFIA local normalized CSV,getGrantingOfCreditBalanceInfo
2023-01-31,KOFIA_CREDIT_FINANCING_MILLION_KRW,신용융자 전체 잔고,16094408.47105,million KRW,daily,data.go.kr KOFIA local normalized CSV,getGrantingOfCreditBalanceInfo
2023-02-01,KOFIA_CREDIT_FINANCING_MILLION_KRW,신용융자 전체 잔고,16253586.107938,million KRW,daily,data.go.kr KOFIA local normalized CSV,getGrantingOfCreditBalanceInfo
2023-02-02,KOFIA_CREDIT_FINANCING_MILLION_KRW,신용융자 전체 잔고,16348403.391891,million KRW,daily,data.go.kr KOFIA local normalized CSV,getGrantingOfCreditBalanceInfo
2023-02-03,KOFIA_CREDIT_FINANCING_MILLION_KRW,신용융자 전체 잔고,16361368.175206,million KRW,daily,data.go.kr KOFIA local normalized CSV,getGrantingOfCreditBalanceInfo
2023-02-06,KOFIA_CREDIT_FINANCING_MILLION_KRW,신용융자 전체 잔고,16426136.273031,million KRW,daily,data.go.kr KOFIA local normalized CSV,getGrantingOfCreditBalanceInfo
2023-02-07,KOFIA_CREDIT_FINANCING_MILLION_KRW,신용융자 전체 잔고,16452740.251059,million KRW,daily,data.go.kr KOFIA local normalized CSV,getGrantingOfCreditBalanceInfo
2023-02-08,KOFIA_CREDIT_FINANCING_MILLION_KRW,신용융자 전체 잔고,16625378.717419,million KRW,daily,data.go.kr KOFIA local normalized CSV,getGrantingOfCreditBalanceInfo
2023-02-09,KOFIA_CREDIT_FINANCING_MILLION_KRW,신용융자 전체 잔고,16715547.646242,million KRW,daily,data.go.kr KOFIA local normalized CSV,getGrantingOfCreditBalanceInfo
2023-02-10,KOFIA_CREDIT_FINANCING_MILLION_KRW,신용융자 전체 잔고,16792153.145988,million KRW,daily,data.go.kr KOFIA local normalized CSV,getGrantingOfCreditBalanceInfo
2023-02-13,KOFIA_CREDIT_FINANCING_MILLION_KRW,신용융자 전체 잔고,16969041.056762,million KRW,daily,data.go.kr KOFIA local normalized CSV,getGrantingOfCreditBalanceInfo
2023-02-14,KOFIA_CREDIT_FINANCING_MILLION_KRW,신용융자 전체 잔고,17120952.227015,million KRW,daily,data.go.kr KOFIA local normalized CSV,getGrantingOfCreditBalanceInfo
2023-02-15,KOFIA_CREDIT_FINANCING_MILLION_KRW,신용융자 전체 잔고,17189101.692564,million KRW,daily,data.go.kr KOFIA local normalized CSV,getGrantingOfCreditBalanceInfo
2023-02-16,KOFIA_CREDIT_FINANCING_MILLION_KRW,신용융자 전체 잔고,17142333.450111,million KRW,daily,data.go.kr KOFIA local normalized CSV,getGrantingOfCreditBalanceInfo
2023-02-17,KOFIA_CREDIT_FINANCING_MILLION_KRW,신용융자 전체 잔고,17316884.276648,million KRW,daily,data.go.kr KOFIA local normalized CSV,getGrantingOfCreditBalanceInfo
2023-02-20,KOFIA_CREDIT_FINANCING_MILLION_KRW,신용융자 전체 잔고,17222067.601053,million KRW,daily,data.go.kr KOFIA local normalized CSV,getGrantingOfCreditBalanceInfo
2023-02-21,KOFIA_CREDIT_FINANCING_MILLION_KRW,신용융자 전체 잔고,17362177.040664,million KRW,daily,data.go.kr KOFIA local normalized CSV,getGrantingOfCreditBalanceInfo
2023-02-22,KOFIA_CREDIT_FINANCING_MILLION_KRW,신용융자 전체 잔고,17418152.798145,million KRW,daily,data.go.kr KOFIA local normalized CSV,getGrantingOfCreditBalanceInfo
2023-02-23,KOFIA_CREDIT_FINANCING_MILLION_KRW,신용융자 전체 잔고,17540080.89047,million KRW,daily,data.go.kr KOFIA local normalized CSV,getGrantingOfCreditBalanceInfo
2023-02-24,KOFIA_CREDIT_FINANCING_MILLION_KRW,신용융자 전체 잔고,17716153.537307,million KRW,daily,data.go.kr KOFIA local normalized CSV,getGrantingOfCreditBalanceInfo
2023-02-27,KOFIA_CREDIT_FINANCING_MILLION_KRW,신용융자 전체 잔고,17712291.28668,million KRW,daily,data.go.kr KOFIA local normalized CSV,getGrantingOfCreditBalanceInfo
2023-02-28,KOFIA_CREDIT_FINANCING_MILLION_KRW,신용융자 전체 잔고,17761243.694034,million KRW,daily,data.go.kr KOFIA local normalized CSV,getGrantingOfCreditBalanceInfo
2023-03-02,KOFIA_CREDIT_FINANCING_MILLION_KRW,신용융자 전체 잔고,17812456.928743,million KRW,daily,data.go.kr KOFIA local normalized CSV,getGrantingOfCreditBalanceInfo
2023-03-03,KOFIA_CREDIT_FINANCING_MILLION_KRW,신용융자 전체 잔고,17787710.459924,million KRW,daily,data.go.kr KOFIA local normalized CSV,getGrantingOfCreditBalanceInfo
2023-03-06,KOFIA_CREDIT_FINANCING_MILLION_KRW,신용융자 전체 잔고,17862774.303354,million KRW,daily,data.go.kr KOFIA local normalized CSV,getGrantingOfCreditBalanceInfo
2023-03-07,KOFIA_CREDIT_FINANCING_MILLION_KRW,신용융자 전체 잔고,17889929.959753,million KRW,daily,data.go.kr KOFIA local normalized CSV,getGrantingOfCreditBalanceInfo
2023-03-08,KOFIA_CREDIT_FINANCING_MILLION_KRW,신용융자 전체 잔고,17999914.470866,million KRW,daily,data.go.kr KOFIA local normalized CSV,getGrantingOfCreditBalanceInfo
2023-03-09,KOFIA_CREDIT_FINANCING_MILLION_KRW,신용융자 전체 잔고,18126052.541617,million KRW,daily,data.go.kr KOFIA local normalized CSV,getGrantingOfCreditBalanceInfo
2023-03-10,KOFIA_CREDIT_FINANCING_MILLION_KRW,신용융자 전체 잔고,18338676.92503,million KRW,daily,data.go.kr KOFIA local normalized CSV,getGrantingOfCreditBalanceInfo
2023-03-13,KOFIA_CREDIT_FINANCING_MILLION_KRW,신용융자 전체 잔고,18347660.080414,million KRW,daily,data.go.kr KOFIA local normalized CSV,getGrantingOfCreditBalanceInfo
2023-03-14,KOFIA_CREDIT_FINANCING_MILLION_KRW,신용융자 전체 잔고,18263406.905478,million KRW,daily,data.go.kr KOFIA local normalized CSV,getGrantingOfCreditBalanceInfo
2023-03-15,KOFIA_CREDIT_FINANCING_MILLION_KRW,신용융자 전체 잔고,18094700.357994,million KRW,daily,data.go.kr KOFIA local normalized CSV,getGrantingOfCreditBalanceInfo
2023-03-16,KOFIA_CREDIT_FINANCING_MILLION_KRW,신용융자 전체 잔고,17934571.685557,million KRW,daily,data.go.kr KOFIA local normalized CSV,getGrantingOfCreditBalanceInfo
2023-03-17,KOFIA_CREDIT_FINANCING_MILLION_KRW,신용융자 전체 잔고,17823975.273029,million KRW,daily,data.go.kr KOFIA local normalized CSV,getGrantingOfCreditBalanceInfo
2023-03-20,KOFIA_CREDIT_FINANCING_MILLION_KRW,신용융자 전체 잔고,17966347.932599,million KRW,daily,data.go.kr KOFIA local normalized CSV,getGrantingOfCreditBalanceInfo
2023-03-21,KOFIA_CREDIT_FINANCING_MILLION_KRW,신용융자 전체 잔고,17947306.785707,million KRW,daily,data.go.kr KOFIA local normalized CSV,getGrantingOfCreditBalanceInfo
2023-03-22,KOFIA_CREDIT_FINANCING_MILLION_KRW,신용융자 전체 잔고,18069026.631888,million KRW,daily,data.go.kr KOFIA local normalized CSV,getGrantingOfCreditBalanceInfo
2023-03-23,KOFIA_CREDIT_FINANCING_MILLION_KRW,신용융자 전체 잔고,18175106.319135,million KRW,daily,data.go.kr KOFIA local normalized CSV,getGrantingOfCreditBalanceInfo
2023-03-24,KOFIA_CREDIT_FINANCING_MILLION_KRW,신용융자 전체 잔고,18220351.573487,million KRW,daily,data.go.kr KOFIA local normalized CSV,getGrantingOfCreditBalanceInfo
2023-03-27,KOFIA_CREDIT_FINANCING_MILLION_KRW,신용융자 전체 잔고,18274078.882322,million KRW,daily,data.go.kr KOFIA local normalized CSV,getGrantingOfCreditBalanceInfo
2023-03-28,KOFIA_CREDIT_FINANCING_MILLION_KRW,신용융자 전체 잔고,18408545.21441,million KRW,daily,data.go.kr KOFIA local normalized CSV,getGrantingOfCreditBalanceInfo
2023-03-29,KOFIA_CREDIT_FINANCING_MILLION_KRW,신용융자 전체 잔고,18548983.466248,million KRW,daily,data.go.kr KOFIA local normalized CSV,getGrantingOfCreditBalanceInfo
2023-03-30,KOFIA_CREDIT_FINANCING_MILLION_KRW,신용융자 전체 잔고,18583772.119413,million KRW,daily,data.go.kr KOFIA local normalized CSV,getGrantingOfCreditBalanceInfo
2023-03-31,KOFIA_CREDIT_FINANCING_MILLION_KRW,신용융자 전체 잔고,18694062.346121,million KRW,daily,data.go.kr KOFIA local normalized CSV,getGrantingOfCreditBalanceInfo
2023-04-03,KOFIA_CREDIT_FINANCING_MILLION_KRW,신용융자 전체 잔고,18769081.441702,million KRW,daily,data.go.kr KOFIA local normalized CSV,getGrantingOfCreditBalanceInfo
2023-04-04,KOFIA_CREDIT_FINANCING_MILLION_KRW,신용융자 전체 잔고,18775465.789129,million KRW,daily,data.go.kr KOFIA local normalized CSV,getGrantingOfCreditBalanceInfo
2023-04-05,KOFIA_CREDIT_FINANCING_MILLION_KRW,신용융자 전체 잔고,18977993.572411,million KRW,daily,data.go.kr KOFIA local normalized CSV,getGrantingOfCreditBalanceInfo
2023-04-06,KOFIA_CREDIT_FINANCING_MILLION_KRW,신용융자 전체 잔고,19048679.190851,million KRW,daily,data.go.kr KOFIA local normalized CSV,getGrantingOfCreditBalanceInfo
2023-04-07,KOFIA_CREDIT_FINANCING_MILLION_KRW,신용융자 전체 잔고,19219392.872358,million KRW,daily,data.go.kr KOFIA local normalized CSV,getGrantingOfCreditBalanceInfo
2023-04-10,KOFIA_CREDIT_FINANCING_MILLION_KRW,신용융자 전체 잔고,19394553.893052,million KRW,daily,data.go.kr KOFIA local normalized CSV,getGrantingOfCreditBalanceInfo
2023-04-11,KOFIA_CREDIT_FINANCING_MILLION_KRW,신용융자 전체 잔고,19434605.712359,million KRW,daily,data.go.kr KOFIA local normalized CSV,getGrantingOfCreditBalanceInfo
2023-04-12,KOFIA_CREDIT_FINANCING_MILLION_KRW,신용융자 전체 잔고,19595143.301854,million KRW,daily,data.go.kr KOFIA local normalized CSV,getGrantingOfCreditBalanceInfo
2023-04-13,KOFIA_CREDIT_FINANCING_MILLION_KRW,신용융자 전체 잔고,19593347.979837,million KRW,daily,data.go.kr KOFIA local normalized CSV,getGrantingOfCreditBalanceInfo
2023-04-14,KOFIA_CREDIT_FINANCING_MILLION_KRW,신용융자 전체 잔고,19742505.135866,million KRW,daily,data.go.kr KOFIA local normalized CSV,getGrantingOfCreditBalanceInfo
2023-04-17,KOFIA_CREDIT_FINANCING_MILLION_KRW,신용융자 전체 잔고,19794144.9801,million KRW,daily,data.go.kr KOFIA local normalized CSV,getGrantingOfCreditBalanceInfo
2023-04-18,KOFIA_CREDIT_FINANCING_MILLION_KRW,신용융자 전체 잔고,19907009.53882,million KRW,daily,data.go.kr KOFIA local normalized CSV,getGrantingOfCreditBalanceInfo
2023-04-19,KOFIA_CREDIT_FINANCING_MILLION_KRW,신용융자 전체 잔고,20136929.774677,million KRW,daily,data.go.kr KOFIA local normalized CSV,getGrantingOfCreditBalanceInfo
2023-04-20,KOFIA_CREDIT_FINANCING_MILLION_KRW,신용융자 전체 잔고,20286314.344871,million KRW,daily,data.go.kr KOFIA local normalized CSV,getGrantingOfCreditBalanceInfo
2023-04-21,KOFIA_CREDIT_FINANCING_MILLION_KRW,신용융자 전체 잔고,20401766.399471,million KRW,daily,data.go.kr KOFIA local normalized CSV,getGrantingOfCreditBalanceInfo
2023-04-24,KOFIA_CREDIT_FINANCING_MILLION_KRW,신용융자 전체 잔고,20431901.816079,million KRW,daily,data.go.kr KOFIA local normalized CSV,getGrantingOfCreditBalanceInfo
2023-04-25,KOFIA_CREDIT_FINANCING_MILLION_KRW,신용융자 전체 잔고,20240820.693765,million KRW,daily,data.go.kr KOFIA local normalized CSV,getGrantingOfCreditBalanceInfo
2023-04-26,KOFIA_CREDIT_FINANCING_MILLION_KRW,신용융자 전체 잔고,20085662.557401,million KRW,daily,data.go.kr KOFIA local normalized CSV,getGrantingOfCreditBalanceInfo
2023-04-27,KOFIA_CREDIT_FINANCING_MILLION_KRW,신용융자 전체 잔고,19778649.2936,million KRW,daily,data.go.kr KOFIA local normalized CSV,getGrantingOfCreditBalanceInfo
2023-04-28,KOFIA_CREDIT_FINANCING_MILLION_KRW,신용융자 전체 잔고,19457778.570386,million KRW,daily,data.go.kr KOFIA local normalized CSV,getGrantingOfCreditBalanceInfo
2023-05-02,KOFIA_CREDIT_FINANCING_MILLION_KRW,신용융자 전체 잔고,19136391.989306,million KRW,daily,data.go.kr KOFIA local normalized CSV,getGrantingOfCreditBalanceInfo
2023-05-03,KOFIA_CREDIT_FINANCING_MILLION_KRW,신용융자 전체 잔고,18914913.18834,million KRW,daily,data.go.kr KOFIA local normalized CSV,getGrantingOfCreditBalanceInfo
2023-05-04,KOFIA_CREDIT_FINANCING_MILLION_KRW,신용융자 전체 잔고,18794322.966145,million KRW,daily,data.go.kr KOFIA local normalized CSV,getGrantingOfCreditBalanceInfo
2023-05-08,KOFIA_CREDIT_FINANCING_MILLION_KRW,신용융자 전체 잔고,18853336.787498,million KRW,daily,data.go.kr KOFIA local normalized CSV,getGrantingOfCreditBalanceInfo
2023-05-09,KOFIA_CREDIT_FINANCING_MILLION_KRW,신용융자 전체 잔고,18852581.668781,million KRW,daily,data.go.kr KOFIA local normalized CSV,getGrantingOfCreditBalanceInfo
2023-05-10,KOFIA_CREDIT_FINANCING_MILLION_KRW,신용융자 전체 잔고,18727391.750602,million KRW,daily,data.go.kr KOFIA local normalized CSV,getGrantingOfCreditBalanceInfo
2023-05-11,KOFIA_CREDIT_FINANCING_MILLION_KRW,신용융자 전체 잔고,18657429.088,million KRW,daily,data.go.kr KOFIA local normalized CSV,getGrantingOfCreditBalanceInfo
2023-05-12,KOFIA_CREDIT_FINANCING_MILLION_KRW,신용융자 전체 잔고,18644875.044682,million KRW,daily,data.go.kr KOFIA local normalized CSV,getGrantingOfCreditBalanceInfo
2023-05-15,KOFIA_CREDIT_FINANCING_MILLION_KRW,신용융자 전체 잔고,18564019.235912,million KRW,daily,data.go.kr KOFIA local normalized CSV,getGrantingOfCreditBalanceInfo
2023-05-16,KOFIA_CREDIT_FINANCING_MILLION_KRW,신용융자 전체 잔고,18528968.076928,million KRW,daily,data.go.kr KOFIA local normalized CSV,getGrantingOfCreditBalanceInfo
2023-05-17,KOFIA_CREDIT_FINANCING_MILLION_KRW,신용융자 전체 잔고,18386122.363631,million KRW,daily,data.go.kr KOFIA local normalized CSV,getGrantingOfCreditBalanceInfo
2023-05-18,KOFIA_CREDIT_FINANCING_MILLION_KRW,신용융자 전체 잔고,18438460.457472,million KRW,daily,data.go.kr KOFIA local normalized CSV,getGrantingOfCreditBalanceInfo
2023-05-19,KOFIA_CREDIT_FINANCING_MILLION_KRW,신용융자 전체 잔고,18427168.884134,million KRW,daily,data.go.kr KOFIA local normalized CSV,getGrantingOfCreditBalanceInfo
2023-05-22,KOFIA_CREDIT_FINANCING_MILLION_KRW,신용융자 전체 잔고,18472419.992298,million KRW,daily,data.go.kr KOFIA local normalized CSV,getGrantingOfCreditBalanceInfo
2023-05-23,KOFIA_CREDIT_FINANCING_MILLION_KRW,신용융자 전체 잔고,18429102.163441,million KRW,daily,data.go.kr KOFIA local normalized CSV,getGrantingOfCreditBalanceInfo
2023-05-24,KOFIA_CREDIT_FINANCING_MILLION_KRW,신용융자 전체 잔고,18447741.92329,million KRW,daily,data.go.kr KOFIA local normalized CSV,getGrantingOfCreditBalanceInfo
2023-05-25,KOFIA_CREDIT_FINANCING_MILLION_KRW,신용융자 전체 잔고,18499953.263291,million KRW,daily,data.go.kr KOFIA local normalized CSV,getGrantingOfCreditBalanceInfo
2023-05-26,KOFIA_CREDIT_FINANCING_MILLION_KRW,신용융자 전체 잔고,18592380.334445,million KRW,daily,data.go.kr KOFIA local normalized CSV,getGrantingOfCreditBalanceInfo
2023-05-30,KOFIA_CREDIT_FINANCING_MILLION_KRW,신용융자 전체 잔고,18662327.133191,million KRW,daily,data.go.kr KOFIA local normalized CSV,getGrantingOfCreditBalanceInfo
2023-05-31,KOFIA_CREDIT_FINANCING_MILLION_KRW,신용융자 전체 잔고,18631508.686338,million KRW,daily,data.go.kr KOFIA local normalized CSV,getGrantingOfCreditBalanceInfo
2023-06-01,KOFIA_CREDIT_FINANCING_MILLION_KRW,신용융자 전체 잔고,18596083.72338,million KRW,daily,data.go.kr KOFIA local normalized CSV,getGrantingOfCreditBalanceInfo
2023-06-02,KOFIA_CREDIT_FINANCING_MILLION_KRW,신용융자 전체 잔고,18623838.605425,million KRW,daily,data.go.kr KOFIA local normalized CSV,getGrantingOfCreditBalanceInfo
2023-06-05,KOFIA_CREDIT_FINANCING_MILLION_KRW,신용융자 전체 잔고,18687222.983907,million KRW,daily,data.go.kr KOFIA local normalized CSV,getGrantingOfCreditBalanceInfo
2023-06-07,KOFIA_CREDIT_FINANCING_MILLION_KRW,신용융자 전체 잔고,18685132.569228,million KRW,daily,data.go.kr KOFIA local normalized CSV,getGrantingOfCreditBalanceInfo
2023-06-08,KOFIA_CREDIT_FINANCING_MILLION_KRW,신용융자 전체 잔고,18746826.770519,million KRW,daily,data.go.kr KOFIA local normalized CSV,getGrantingOfCreditBalanceInfo
2023-06-09,KOFIA_CREDIT_FINANCING_MILLION_KRW,신용융자 전체 잔고,18800481.833109,million KRW,daily,data.go.kr KOFIA local normalized CSV,getGrantingOfCreditBalanceInfo
2023-06-12,KOFIA_CREDIT_FINANCING_MILLION_KRW,신용융자 전체 잔고,18910465.125386,million KRW,daily,data.go.kr KOFIA local normalized CSV,getGrantingOfCreditBalanceInfo
2023-06-13,KOFIA_CREDIT_FINANCING_MILLION_KRW,신용융자 전체 잔고,18935573.888148,million KRW,daily,data.go.kr KOFIA local normalized CSV,getGrantingOfCreditBalanceInfo
2023-06-14,KOFIA_CREDIT_FINANCING_MILLION_KRW,신용융자 전체 잔고,19070425.980811,million KRW,daily,data.go.kr KOFIA local normalized CSV,getGrantingOfCreditBalanceInfo
2023-06-15,KOFIA_CREDIT_FINANCING_MILLION_KRW,신용융자 전체 잔고,19136966.119714,million KRW,daily,data.go.kr KOFIA local normalized CSV,getGrantingOfCreditBalanceInfo
2023-06-16,KOFIA_CREDIT_FINANCING_MILLION_KRW,신용융자 전체 잔고,19149532.729842,million KRW,daily,data.go.kr KOFIA local normalized CSV,getGrantingOfCreditBalanceInfo
2023-06-19,KOFIA_CREDIT_FINANCING_MILLION_KRW,신용융자 전체 잔고,19160377.673525,million KRW,daily,data.go.kr KOFIA local normalized CSV,getGrantingOfCreditBalanceInfo
2023-06-20,KOFIA_CREDIT_FINANCING_MILLION_KRW,신용융자 전체 잔고,19190636.16367,million KRW,daily,data.go.kr KOFIA local normalized CSV,getGrantingOfCreditBalanceInfo
2023-06-21,KOFIA_CREDIT_FINANCING_MILLION_KRW,신용융자 전체 잔고,19327415.931619,million KRW,daily,data.go.kr KOFIA local normalized CSV,getGrantingOfCreditBalanceInfo
2023-06-22,KOFIA_CREDIT_FINANCING_MILLION_KRW,신용융자 전체 잔고,19428951.03465,million KRW,daily,data.go.kr KOFIA local normalized CSV,getGrantingOfCreditBalanceInfo
2023-06-23,KOFIA_CREDIT_FINANCING_MILLION_KRW,신용융자 전체 잔고,19484993.86337,million KRW,daily,data.go.kr KOFIA local normalized CSV,getGrantingOfCreditBalanceInfo
2023-06-26,KOFIA_CREDIT_FINANCING_MILLION_KRW,신용융자 전체 잔고,19462913.631874,million KRW,daily,data.go.kr KOFIA local normalized CSV,getGrantingOfCreditBalanceInfo
2023-06-27,KOFIA_CREDIT_FINANCING_MILLION_KRW,신용융자 전체 잔고,19475562.122083,million KRW,daily,data.go.kr KOFIA local normalized CSV,getGrantingOfCreditBalanceInfo
2023-06-28,KOFIA_CREDIT_FINANCING_MILLION_KRW,신용융자 전체 잔고,19436254.330753,million KRW,daily,data.go.kr KOFIA local normalized CSV,getGrantingOfCreditBalanceInfo
2023-06-29,KOFIA_CREDIT_FINANCING_MILLION_KRW,신용융자 전체 잔고,19455179.155275,million KRW,daily,data.go.kr KOFIA local normalized CSV,getGrantingOfCreditBalanceInfo
2023-06-30,KOFIA_CREDIT_FINANCING_MILLION_KRW,신용융자 전체 잔고,19400231.935428,million KRW,daily,data.go.kr KOFIA local normalized CSV,getGrantingOfCreditBalanceInfo
2023-07-03,KOFIA_CREDIT_FINANCING_MILLION_KRW,신용융자 전체 잔고,19335781.508067,million KRW,daily,data.go.kr KOFIA local normalized CSV,getGrantingOfCreditBalanceInfo
2023-07-04,KOFIA_CREDIT_FINANCING_MILLION_KRW,신용융자 전체 잔고,19284002.486369,million KRW,daily,data.go.kr KOFIA local normalized CSV,getGrantingOfCreditBalanceInfo
2023-07-05,KOFIA_CREDIT_FINANCING_MILLION_KRW,신용융자 전체 잔고,19261451.000496,million KRW,daily,data.go.kr KOFIA local normalized CSV,getGrantingOfCreditBalanceInfo
2023-07-06,KOFIA_CREDIT_FINANCING_MILLION_KRW,신용융자 전체 잔고,19333391.911982,million KRW,daily,data.go.kr KOFIA local normalized CSV,getGrantingOfCreditBalanceInfo
2023-07-07,KOFIA_CREDIT_FINANCING_MILLION_KRW,신용융자 전체 잔고,19427985.160305,million KRW,daily,data.go.kr KOFIA local normalized CSV,getGrantingOfCreditBalanceInfo
2023-07-10,KOFIA_CREDIT_FINANCING_MILLION_KRW,신용융자 전체 잔고,19393297.25281,million KRW,daily,data.go.kr KOFIA local normalized CSV,getGrantingOfCreditBalanceInfo
2023-07-11,KOFIA_CREDIT_FINANCING_MILLION_KRW,신용융자 전체 잔고,19387078.20236,million KRW,daily,data.go.kr KOFIA local normalized CSV,getGrantingOfCreditBalanceInfo
2023-07-12,KOFIA_CREDIT_FINANCING_MILLION_KRW,신용융자 전체 잔고,19351336.552076,million KRW,daily,data.go.kr KOFIA local normalized CSV,getGrantingOfCreditBalanceInfo
2023-07-13,KOFIA_CREDIT_FINANCING_MILLION_KRW,신용융자 전체 잔고,19276994.69783,million KRW,daily,data.go.kr KOFIA local normalized CSV,getGrantingOfCreditBalanceInfo
2023-07-14,KOFIA_CREDIT_FINANCING_MILLION_KRW,신용융자 전체 잔고,19360056.811998,million KRW,daily,data.go.kr KOFIA local normalized CSV,getGrantingOfCreditBalanceInfo
2023-07-17,KOFIA_CREDIT_FINANCING_MILLION_KRW,신용융자 전체 잔고,19365741.280715,million KRW,daily,data.go.kr KOFIA local normalized CSV,getGrantingOfCreditBalanceInfo
2023-07-18,KOFIA_CREDIT_FINANCING_MILLION_KRW,신용융자 전체 잔고,19451634.007931,million KRW,daily,data.go.kr KOFIA local normalized CSV,getGrantingOfCreditBalanceInfo
2023-07-19,KOFIA_CREDIT_FINANCING_MILLION_KRW,신용융자 전체 잔고,19621415.020737,million KRW,daily,data.go.kr KOFIA local normalized CSV,getGrantingOfCreditBalanceInfo
2023-07-20,KOFIA_CREDIT_FINANCING_MILLION_KRW,신용융자 전체 잔고,19733250.296764,million KRW,daily,data.go.kr KOFIA local normalized CSV,getGrantingOfCreditBalanceInfo
2023-07-21,KOFIA_CREDIT_FINANCING_MILLION_KRW,신용융자 전체 잔고,19857521.188394,million KRW,daily,data.go.kr KOFIA local normalized CSV,getGrantingOfCreditBalanceInfo
2023-07-24,KOFIA_CREDIT_FINANCING_MILLION_KRW,신용융자 전체 잔고,19940893.855913,million KRW,daily,data.go.kr KOFIA local normalized CSV,getGrantingOfCreditBalanceInfo
2023-07-25,KOFIA_CREDIT_FINANCING_MILLION_KRW,신용융자 전체 잔고,20059695.985605,million KRW,daily,data.go.kr KOFIA local normalized CSV,getGrantingOfCreditBalanceInfo
2023-07-26,KOFIA_CREDIT_FINANCING_MILLION_KRW,신용융자 전체 잔고,20117884.850831,million KRW,daily,data.go.kr KOFIA local normalized CSV,getGrantingOfCreditBalanceInfo
2023-07-27,KOFIA_CREDIT_FINANCING_MILLION_KRW,신용융자 전체 잔고,20170516.976525,million KRW,daily,data.go.kr KOFIA local normalized CSV,getGrantingOfCreditBalanceInfo
2023-07-28,KOFIA_CREDIT_FINANCING_MILLION_KRW,신용융자 전체 잔고,19967343.647888,million KRW,daily,data.go.kr KOFIA local normalized CSV,getGrantingOfCreditBalanceInfo
2023-07-31,KOFIA_CREDIT_FINANCING_MILLION_KRW,신용융자 전체 잔고,19738338.618149,million KRW,daily,data.go.kr KOFIA local normalized CSV,getGrantingOfCreditBalanceInfo
2023-08-01,KOFIA_CREDIT_FINANCING_MILLION_KRW,신용융자 전체 잔고,19786503.631843,million KRW,daily,data.go.kr KOFIA local normalized CSV,getGrantingOfCreditBalanceInfo
2023-08-02,KOFIA_CREDIT_FINANCING_MILLION_KRW,신용융자 전체 잔고,20000060.78097,million KRW,daily,data.go.kr KOFIA local normalized CSV,getGrantingOfCreditBalanceInfo
2023-08-03,KOFIA_CREDIT_FINANCING_MILLION_KRW,신용융자 전체 잔고,20193258.707858,million KRW,daily,data.go.kr KOFIA local normalized CSV,getGrantingOfCreditBalanceInfo
2023-08-04,KOFIA_CREDIT_FINANCING_MILLION_KRW,신용융자 전체 잔고,20318812.978261,million KRW,daily,data.go.kr KOFIA local normalized CSV,getGrantingOfCreditBalanceInfo
2023-08-07,KOFIA_CREDIT_FINANCING_MILLION_KRW,신용융자 전체 잔고,20344812.701686,million KRW,daily,data.go.kr KOFIA local normalized CSV,getGrantingOfCreditBalanceInfo
2023-08-08,KOFIA_CREDIT_FINANCING_MILLION_KRW,신용융자 전체 잔고,20432261.754319,million KRW,daily,data.go.kr KOFIA local normalized CSV,getGrantingOfCreditBalanceInfo
2023-08-09,KOFIA_CREDIT_FINANCING_MILLION_KRW,신용융자 전체 잔고,20373295.416347,million KRW,daily,data.go.kr KOFIA local normalized CSV,getGrantingOfCreditBalanceInfo
2023-08-10,KOFIA_CREDIT_FINANCING_MILLION_KRW,신용융자 전체 잔고,20373837.546798,million KRW,daily,data.go.kr KOFIA local normalized CSV,getGrantingOfCreditBalanceInfo
2023-08-11,KOFIA_CREDIT_FINANCING_MILLION_KRW,신용융자 전체 잔고,20343690.471718,million KRW,daily,data.go.kr KOFIA local normalized CSV,getGrantingOfCreditBalanceInfo
2023-08-14,KOFIA_CREDIT_FINANCING_MILLION_KRW,신용융자 전체 잔고,20469696.823993,million KRW,daily,data.go.kr KOFIA local normalized CSV,getGrantingOfCreditBalanceInfo
2023-08-16,KOFIA_CREDIT_FINANCING_MILLION_KRW,신용융자 전체 잔고,20504084.186898,million KRW,daily,data.go.kr KOFIA local normalized CSV,getGrantingOfCreditBalanceInfo
2023-08-17,KOFIA_CREDIT_FINANCING_MILLION_KRW,신용융자 전체 잔고,20557263.63142,million KRW,daily,data.go.kr KOFIA local normalized CSV,getGrantingOfCreditBalanceInfo
2023-08-18,KOFIA_CREDIT_FINANCING_MILLION_KRW,신용융자 전체 잔고,20438891.929174,million KRW,daily,data.go.kr KOFIA local normalized CSV,getGrantingOfCreditBalanceInfo
2023-08-21,KOFIA_CREDIT_FINANCING_MILLION_KRW,신용융자 전체 잔고,20265086.158095,million KRW,daily,data.go.kr KOFIA local normalized CSV,getGrantingOfCreditBalanceInfo
2023-08-22,KOFIA_CREDIT_FINANCING_MILLION_KRW,신용융자 전체 잔고,20188360.607467,million KRW,daily,data.go.kr KOFIA local normalized CSV,getGrantingOfCreditBalanceInfo
2023-08-23,KOFIA_CREDIT_FINANCING_MILLION_KRW,신용융자 전체 잔고,20124629.333488,million KRW,daily,data.go.kr KOFIA local normalized CSV,getGrantingOfCreditBalanceInfo
2023-08-24,KOFIA_CREDIT_FINANCING_MILLION_KRW,신용융자 전체 잔고,20019711.274791,million KRW,daily,data.go.kr KOFIA local normalized CSV,getGrantingOfCreditBalanceInfo
2023-08-25,KOFIA_CREDIT_FINANCING_MILLION_KRW,신용융자 전체 잔고,20140438.976984,million KRW,daily,data.go.kr KOFIA local normalized CSV,getGrantingOfCreditBalanceInfo
2023-08-28,KOFIA_CREDIT_FINANCING_MILLION_KRW,신용융자 전체 잔고,20123961.836859,million KRW,daily,data.go.kr KOFIA local normalized CSV,getGrantingOfCreditBalanceInfo
2023-08-29,KOFIA_CREDIT_FINANCING_MILLION_KRW,신용융자 전체 잔고,20174252.685239,million KRW,daily,data.go.kr KOFIA local normalized CSV,getGrantingOfCreditBalanceInfo
2023-08-30,KOFIA_CREDIT_FINANCING_MILLION_KRW,신용융자 전체 잔고,20178181.00791,million KRW,daily,data.go.kr KOFIA local normalized CSV,getGrantingOfCreditBalanceInfo
2023-08-31,KOFIA_CREDIT_FINANCING_MILLION_KRW,신용융자 전체 잔고,20226086.419425,million KRW,daily,data.go.kr KOFIA local normalized CSV,getGrantingOfCreditBalanceInfo
2023-09-01,KOFIA_CREDIT_FINANCING_MILLION_KRW,신용융자 전체 잔고,20265424.354365,million KRW,daily,data.go.kr KOFIA local normalized CSV,getGrantingOfCreditBalanceInfo
2023-09-04,KOFIA_CREDIT_FINANCING_MILLION_KRW,신용융자 전체 잔고,20337755.636683,million KRW,daily,data.go.kr KOFIA local normalized CSV,getGrantingOfCreditBalanceInfo
2023-09-05,KOFIA_CREDIT_FINANCING_MILLION_KRW,신용융자 전체 잔고,20388406.080907,million KRW,daily,data.go.kr KOFIA local normalized CSV,getGrantingOfCreditBalanceInfo
2023-09-06,KOFIA_CREDIT_FINANCING_MILLION_KRW,신용융자 전체 잔고,20384682.829934,million KRW,daily,data.go.kr KOFIA local normalized CSV,getGrantingOfCreditBalanceInfo
2023-09-07,KOFIA_CREDIT_FINANCING_MILLION_KRW,신용융자 전체 잔고,20430874.850046,million KRW,daily,data.go.kr KOFIA local normalized CSV,getGrantingOfCreditBalanceInfo
2023-09-08,KOFIA_CREDIT_FINANCING_MILLION_KRW,신용융자 전체 잔고,20491168.430242,million KRW,daily,data.go.kr KOFIA local normalized CSV,getGrantingOfCreditBalanceInfo
2023-09-11,KOFIA_CREDIT_FINANCING_MILLION_KRW,신용융자 전체 잔고,20444508.056748,million KRW,daily,data.go.kr KOFIA local normalized CSV,getGrantingOfCreditBalanceInfo
2023-09-12,KOFIA_CREDIT_FINANCING_MILLION_KRW,신용융자 전체 잔고,20416155.708104,million KRW,daily,data.go.kr KOFIA local normalized CSV,getGrantingOfCreditBalanceInfo
2023-09-13,KOFIA_CREDIT_FINANCING_MILLION_KRW,신용융자 전체 잔고,20459389.010436,million KRW,daily,data.go.kr KOFIA local normalized CSV,getGrantingOfCreditBalanceInfo
2023-09-14,KOFIA_CREDIT_FINANCING_MILLION_KRW,신용융자 전체 잔고,20417607.178167,million KRW,daily,data.go.kr KOFIA local normalized CSV,getGrantingOfCreditBalanceInfo
2023-09-15,KOFIA_CREDIT_FINANCING_MILLION_KRW,신용융자 전체 잔고,20278567.445645,million KRW,daily,data.go.kr KOFIA local normalized CSV,getGrantingOfCreditBalanceInfo
2023-09-18,KOFIA_CREDIT_FINANCING_MILLION_KRW,신용융자 전체 잔고,20181167.443838,million KRW,daily,data.go.kr KOFIA local normalized CSV,getGrantingOfCreditBalanceInfo
2023-09-19,KOFIA_CREDIT_FINANCING_MILLION_KRW,신용융자 전체 잔고,20139073.4657,million KRW,daily,data.go.kr KOFIA local normalized CSV,getGrantingOfCreditBalanceInfo
2023-09-20,KOFIA_CREDIT_FINANCING_MILLION_KRW,신용융자 전체 잔고,20198868.717104,million KRW,daily,data.go.kr KOFIA local normalized CSV,getGrantingOfCreditBalanceInfo
2023-09-21,KOFIA_CREDIT_FINANCING_MILLION_KRW,신용융자 전체 잔고,20230780.286594,million KRW,daily,data.go.kr KOFIA local normalized CSV,getGrantingOfCreditBalanceInfo
2023-09-22,KOFIA_CREDIT_FINANCING_MILLION_KRW,신용융자 전체 잔고,20210010.78836,million KRW,daily,data.go.kr KOFIA local normalized CSV,getGrantingOfCreditBalanceInfo
2023-09-25,KOFIA_CREDIT_FINANCING_MILLION_KRW,신용융자 전체 잔고,20120189.355892,million KRW,daily,data.go.kr KOFIA local normalized CSV,getGrantingOfCreditBalanceInfo
2023-09-26,KOFIA_CREDIT_FINANCING_MILLION_KRW,신용융자 전체 잔고,19913980.141277,million KRW,daily,data.go.kr KOFIA local normalized CSV,getGrantingOfCreditBalanceInfo
2023-09-27,KOFIA_CREDIT_FINANCING_MILLION_KRW,신용융자 전체 잔고,19702877.028681,million KRW,daily,data.go.kr KOFIA local normalized CSV,getGrantingOfCreditBalanceInfo
2023-10-04,KOFIA_CREDIT_FINANCING_MILLION_KRW,신용융자 전체 잔고,19453398.097035,million KRW,daily,data.go.kr KOFIA local normalized CSV,getGrantingOfCreditBalanceInfo
2023-10-05,KOFIA_CREDIT_FINANCING_MILLION_KRW,신용융자 전체 잔고,19322027.781377,million KRW,daily,data.go.kr KOFIA local normalized CSV,getGrantingOfCreditBalanceInfo
2023-10-06,KOFIA_CREDIT_FINANCING_MILLION_KRW,신용융자 전체 잔고,19175026.041515,million KRW,daily,data.go.kr KOFIA local normalized CSV,getGrantingOfCreditBalanceInfo
2023-10-10,KOFIA_CREDIT_FINANCING_MILLION_KRW,신용융자 전체 잔고,18810617.594706,million KRW,daily,data.go.kr KOFIA local normalized CSV,getGrantingOfCreditBalanceInfo
2023-10-11,KOFIA_CREDIT_FINANCING_MILLION_KRW,신용융자 전체 잔고,18716588.378708,million KRW,daily,data.go.kr KOFIA local normalized CSV,getGrantingOfCreditBalanceInfo
2023-10-12,KOFIA_CREDIT_FINANCING_MILLION_KRW,신용융자 전체 잔고,18546146.757459,million KRW,daily,data.go.kr KOFIA local normalized CSV,getGrantingOfCreditBalanceInfo
2023-10-13,KOFIA_CREDIT_FINANCING_MILLION_KRW,신용융자 전체 잔고,18464128.647293,million KRW,daily,data.go.kr KOFIA local normalized CSV,getGrantingOfCreditBalanceInfo
2023-10-16,KOFIA_CREDIT_FINANCING_MILLION_KRW,신용융자 전체 잔고,18508093.116752,million KRW,daily,data.go.kr KOFIA local normalized CSV,getGrantingOfCreditBalanceInfo
2023-10-17,KOFIA_CREDIT_FINANCING_MILLION_KRW,신용융자 전체 잔고,18607893.16236,million KRW,daily,data.go.kr KOFIA local normalized CSV,getGrantingOfCreditBalanceInfo
2023-10-18,KOFIA_CREDIT_FINANCING_MILLION_KRW,신용융자 전체 잔고,18561836.33848,million KRW,daily,data.go.kr KOFIA local normalized CSV,getGrantingOfCreditBalanceInfo
2023-10-19,KOFIA_CREDIT_FINANCING_MILLION_KRW,신용융자 전체 잔고,18517531.146945,million KRW,daily,data.go.kr KOFIA local normalized CSV,getGrantingOfCreditBalanceInfo
2023-10-20,KOFIA_CREDIT_FINANCING_MILLION_KRW,신용융자 전체 잔고,18460509.408419,million KRW,daily,data.go.kr KOFIA local normalized CSV,getGrantingOfCreditBalanceInfo
2023-10-23,KOFIA_CREDIT_FINANCING_MILLION_KRW,신용융자 전체 잔고,18226805.536109,million KRW,daily,data.go.kr KOFIA local normalized CSV,getGrantingOfCreditBalanceInfo
2023-10-24,KOFIA_CREDIT_FINANCING_MILLION_KRW,신용융자 전체 잔고,17823434.824778,million KRW,daily,data.go.kr KOFIA local normalized CSV,getGrantingOfCreditBalanceInfo
2023-10-25,KOFIA_CREDIT_FINANCING_MILLION_KRW,신용융자 전체 잔고,17617063.696097,million KRW,daily,data.go.kr KOFIA local normalized CSV,getGrantingOfCreditBalanceInfo
2023-10-26,KOFIA_CREDIT_FINANCING_MILLION_KRW,신용융자 전체 잔고,17479129.987217,million KRW,daily,data.go.kr KOFIA local normalized CSV,getGrantingOfCreditBalanceInfo
2023-10-27,KOFIA_CREDIT_FINANCING_MILLION_KRW,신용융자 전체 잔고,17484300.05444,million KRW,daily,data.go.kr KOFIA local normalized CSV,getGrantingOfCreditBalanceInfo
2023-10-30,KOFIA_CREDIT_FINANCING_MILLION_KRW,신용융자 전체 잔고,17183886.610771,million KRW,daily,data.go.kr KOFIA local normalized CSV,getGrantingOfCreditBalanceInfo
2023-10-31,KOFIA_CREDIT_FINANCING_MILLION_KRW,신용융자 전체 잔고,16970414.145024,million KRW,daily,data.go.kr KOFIA local normalized CSV,getGrantingOfCreditBalanceInfo
2023-11-01,KOFIA_CREDIT_FINANCING_MILLION_KRW,신용융자 전체 잔고,16877675.311642,million KRW,daily,data.go.kr KOFIA local normalized CSV,getGrantingOfCreditBalanceInfo
2023-11-02,KOFIA_CREDIT_FINANCING_MILLION_KRW,신용융자 전체 잔고,16799902.11499,million KRW,daily,data.go.kr KOFIA local normalized CSV,getGrantingOfCreditBalanceInfo
2023-11-03,KOFIA_CREDIT_FINANCING_MILLION_KRW,신용융자 전체 잔고,16624781.945192,million KRW,daily,data.go.kr KOFIA local normalized CSV,getGrantingOfCreditBalanceInfo
2023-11-06,KOFIA_CREDIT_FINANCING_MILLION_KRW,신용융자 전체 잔고,16576691.870682,million KRW,daily,data.go.kr KOFIA local normalized CSV,getGrantingOfCreditBalanceInfo
2023-11-07,KOFIA_CREDIT_FINANCING_MILLION_KRW,신용융자 전체 잔고,16603948.300334,million KRW,daily,data.go.kr KOFIA local normalized CSV,getGrantingOfCreditBalanceInfo
2023-11-08,KOFIA_CREDIT_FINANCING_MILLION_KRW,신용융자 전체 잔고,16750662.960083,million KRW,daily,data.go.kr KOFIA local normalized CSV,getGrantingOfCreditBalanceInfo
2023-11-09,KOFIA_CREDIT_FINANCING_MILLION_KRW,신용융자 전체 잔고,17094532.02125,million KRW,daily,data.go.kr KOFIA local normalized CSV,getGrantingOfCreditBalanceInfo
2023-11-10,KOFIA_CREDIT_FINANCING_MILLION_KRW,신용융자 전체 잔고,17117318.021758,million KRW,daily,data.go.kr KOFIA local normalized CSV,getGrantingOfCreditBalanceInfo
2023-11-13,KOFIA_CREDIT_FINANCING_MILLION_KRW,신용융자 전체 잔고,17106929.6736,million KRW,daily,data.go.kr KOFIA local normalized CSV,getGrantingOfCreditBalanceInfo
2023-11-14,KOFIA_CREDIT_FINANCING_MILLION_KRW,신용융자 전체 잔고,17044270.018693,million KRW,daily,data.go.kr KOFIA local normalized CSV,getGrantingOfCreditBalanceInfo
2023-11-15,KOFIA_CREDIT_FINANCING_MILLION_KRW,신용융자 전체 잔고,16948521.353369,million KRW,daily,data.go.kr KOFIA local normalized CSV,getGrantingOfCreditBalanceInfo
2023-11-16,KOFIA_CREDIT_FINANCING_MILLION_KRW,신용융자 전체 잔고,16867920.136828,million KRW,daily,data.go.kr KOFIA local normalized CSV,getGrantingOfCreditBalanceInfo
2023-11-17,KOFIA_CREDIT_FINANCING_MILLION_KRW,신용융자 전체 잔고,16825264.348526,million KRW,daily,data.go.kr KOFIA local normalized CSV,getGrantingOfCreditBalanceInfo
2023-11-20,KOFIA_CREDIT_FINANCING_MILLION_KRW,신용융자 전체 잔고,16913181.218356,million KRW,daily,data.go.kr KOFIA local normalized CSV,getGrantingOfCreditBalanceInfo
2023-11-21,KOFIA_CREDIT_FINANCING_MILLION_KRW,신용융자 전체 잔고,17015909.391573,million KRW,daily,data.go.kr KOFIA local normalized CSV,getGrantingOfCreditBalanceInfo
2023-11-22,KOFIA_CREDIT_FINANCING_MILLION_KRW,신용융자 전체 잔고,16982501.887635,million KRW,daily,data.go.kr KOFIA local normalized CSV,getGrantingOfCreditBalanceInfo
2023-11-23,KOFIA_CREDIT_FINANCING_MILLION_KRW,신용융자 전체 잔고,17032883.74989,million KRW,daily,data.go.kr KOFIA local normalized CSV,getGrantingOfCreditBalanceInfo
2023-11-24,KOFIA_CREDIT_FINANCING_MILLION_KRW,신용융자 전체 잔고,17085930.524868,million KRW,daily,data.go.kr KOFIA local normalized CSV,getGrantingOfCreditBalanceInfo
2023-11-27,KOFIA_CREDIT_FINANCING_MILLION_KRW,신용융자 전체 잔고,17137229.885292,million KRW,daily,data.go.kr KOFIA local normalized CSV,getGrantingOfCreditBalanceInfo
2023-11-28,KOFIA_CREDIT_FINANCING_MILLION_KRW,신용융자 전체 잔고,17204508.351432,million KRW,daily,data.go.kr KOFIA local normalized CSV,getGrantingOfCreditBalanceInfo
2023-11-29,KOFIA_CREDIT_FINANCING_MILLION_KRW,신용융자 전체 잔고,17217895.148009,million KRW,daily,data.go.kr KOFIA local normalized CSV,getGrantingOfCreditBalanceInfo
2023-11-30,KOFIA_CREDIT_FINANCING_MILLION_KRW,신용융자 전체 잔고,17207523.409229,million KRW,daily,data.go.kr KOFIA local normalized CSV,getGrantingOfCreditBalanceInfo
2023-12-01,KOFIA_CREDIT_FINANCING_MILLION_KRW,신용융자 전체 잔고,17266143.602775,million KRW,daily,data.go.kr KOFIA local normalized CSV,getGrantingOfCreditBalanceInfo
2023-12-04,KOFIA_CREDIT_FINANCING_MILLION_KRW,신용융자 전체 잔고,17273794.269504,million KRW,daily,data.go.kr KOFIA local normalized CSV,getGrantingOfCreditBalanceInfo
2023-12-05,KOFIA_CREDIT_FINANCING_MILLION_KRW,신용융자 전체 잔고,17381163.877424,million KRW,daily,data.go.kr KOFIA local normalized CSV,getGrantingOfCreditBalanceInfo
2023-12-06,KOFIA_CREDIT_FINANCING_MILLION_KRW,신용융자 전체 잔고,17364221.866161,million KRW,daily,data.go.kr KOFIA local normalized CSV,getGrantingOfCreditBalanceInfo
2023-12-07,KOFIA_CREDIT_FINANCING_MILLION_KRW,신용융자 전체 잔고,17335839.463022,million KRW,daily,data.go.kr KOFIA local normalized CSV,getGrantingOfCreditBalanceInfo
2023-12-08,KOFIA_CREDIT_FINANCING_MILLION_KRW,신용융자 전체 잔고,17378402.60866,million KRW,daily,data.go.kr KOFIA local normalized CSV,getGrantingOfCreditBalanceInfo
2023-12-11,KOFIA_CREDIT_FINANCING_MILLION_KRW,신용융자 전체 잔고,17421573.738187,million KRW,daily,data.go.kr KOFIA local normalized CSV,getGrantingOfCreditBalanceInfo
2023-12-12,KOFIA_CREDIT_FINANCING_MILLION_KRW,신용융자 전체 잔고,17353955.866165,million KRW,daily,data.go.kr KOFIA local normalized CSV,getGrantingOfCreditBalanceInfo
2023-12-13,KOFIA_CREDIT_FINANCING_MILLION_KRW,신용융자 전체 잔고,17438578.518494,million KRW,daily,data.go.kr KOFIA local normalized CSV,getGrantingOfCreditBalanceInfo
2023-12-14,KOFIA_CREDIT_FINANCING_MILLION_KRW,신용융자 전체 잔고,17458223.546247,million KRW,daily,data.go.kr KOFIA local normalized CSV,getGrantingOfCreditBalanceInfo
2023-12-15,KOFIA_CREDIT_FINANCING_MILLION_KRW,신용융자 전체 잔고,17464650.707999,million KRW,daily,data.go.kr KOFIA local normalized CSV,getGrantingOfCreditBalanceInfo
2023-12-18,KOFIA_CREDIT_FINANCING_MILLION_KRW,신용융자 전체 잔고,17331075.508849,million KRW,daily,data.go.kr KOFIA local normalized CSV,getGrantingOfCreditBalanceInfo
2023-12-19,KOFIA_CREDIT_FINANCING_MILLION_KRW,신용융자 전체 잔고,17285258.842913,million KRW,daily,data.go.kr KOFIA local normalized CSV,getGrantingOfCreditBalanceInfo
2023-12-20,KOFIA_CREDIT_FINANCING_MILLION_KRW,신용융자 전체 잔고,17429355.505622,million KRW,daily,data.go.kr KOFIA local normalized CSV,getGrantingOfCreditBalanceInfo
2023-12-21,KOFIA_CREDIT_FINANCING_MILLION_KRW,신용융자 전체 잔고,17521730.630563,million KRW,daily,data.go.kr KOFIA local normalized CSV,getGrantingOfCreditBalanceInfo
2023-12-22,KOFIA_CREDIT_FINANCING_MILLION_KRW,신용융자 전체 잔고,17537874.805004,million KRW,daily,data.go.kr KOFIA local normalized CSV,getGrantingOfCreditBalanceInfo
2023-12-26,KOFIA_CREDIT_FINANCING_MILLION_KRW,신용융자 전체 잔고,17626497.274042,million KRW,daily,data.go.kr KOFIA local normalized CSV,getGrantingOfCreditBalanceInfo
2023-12-27,KOFIA_CREDIT_FINANCING_MILLION_KRW,신용융자 전체 잔고,17626141.948488,million KRW,daily,data.go.kr KOFIA local normalized CSV,getGrantingOfCreditBalanceInfo
2023-12-28,KOFIA_CREDIT_FINANCING_MILLION_KRW,신용융자 전체 잔고,17566961.085843,million KRW,daily,data.go.kr KOFIA local normalized CSV,getGrantingOfCreditBalanceInfo
2023-12-29,KOFIA_CREDIT_FINANCING_MILLION_KRW,신용융자 전체 잔고,17558434.927663,million KRW,daily,data.go.kr KOFIA local normalized CSV,getGrantingOfCreditBalanceInfo
2024-01-02,KOFIA_CREDIT_FINANCING_MILLION_KRW,신용융자 전체 잔고,17537052.810393,million KRW,daily,data.go.kr KOFIA local normalized CSV,getGrantingOfCreditBalanceInfo
2024-01-03,KOFIA_CREDIT_FINANCING_MILLION_KRW,신용융자 전체 잔고,17444859.110318,million KRW,daily,data.go.kr KOFIA local normalized CSV,getGrantingOfCreditBalanceInfo
2024-01-04,KOFIA_CREDIT_FINANCING_MILLION_KRW,신용융자 전체 잔고,17563676.674426,million KRW,daily,data.go.kr KOFIA local normalized CSV,getGrantingOfCreditBalanceInfo
2024-01-05,KOFIA_CREDIT_FINANCING_MILLION_KRW,신용융자 전체 잔고,17810006.667379,million KRW,daily,data.go.kr KOFIA local normalized CSV,getGrantingOfCreditBalanceInfo
2024-01-08,KOFIA_CREDIT_FINANCING_MILLION_KRW,신용융자 전체 잔고,17934888.024974,million KRW,daily,data.go.kr KOFIA local normalized CSV,getGrantingOfCreditBalanceInfo
2024-01-09,KOFIA_CREDIT_FINANCING_MILLION_KRW,신용융자 전체 잔고,18004830.743246,million KRW,daily,data.go.kr KOFIA local normalized CSV,getGrantingOfCreditBalanceInfo
2024-01-10,KOFIA_CREDIT_FINANCING_MILLION_KRW,신용융자 전체 잔고,18091620.022267,million KRW,daily,data.go.kr KOFIA local normalized CSV,getGrantingOfCreditBalanceInfo
2024-01-11,KOFIA_CREDIT_FINANCING_MILLION_KRW,신용융자 전체 잔고,18131910.318271,million KRW,daily,data.go.kr KOFIA local normalized CSV,getGrantingOfCreditBalanceInfo
2024-01-12,KOFIA_CREDIT_FINANCING_MILLION_KRW,신용융자 전체 잔고,18267949.493662,million KRW,daily,data.go.kr KOFIA local normalized CSV,getGrantingOfCreditBalanceInfo
2024-01-15,KOFIA_CREDIT_FINANCING_MILLION_KRW,신용융자 전체 잔고,18348085.555608,million KRW,daily,data.go.kr KOFIA local normalized CSV,getGrantingOfCreditBalanceInfo
2024-01-16,KOFIA_CREDIT_FINANCING_MILLION_KRW,신용융자 전체 잔고,18381435.655864,million KRW,daily,data.go.kr KOFIA local normalized CSV,getGrantingOfCreditBalanceInfo
2024-01-17,KOFIA_CREDIT_FINANCING_MILLION_KRW,신용융자 전체 잔고,18312193.840387,million KRW,daily,data.go.kr KOFIA local normalized CSV,getGrantingOfCreditBalanceInfo
2024-01-18,KOFIA_CREDIT_FINANCING_MILLION_KRW,신용융자 전체 잔고,18313827.197208,million KRW,daily,data.go.kr KOFIA local normalized CSV,getGrantingOfCreditBalanceInfo
2024-01-19,KOFIA_CREDIT_FINANCING_MILLION_KRW,신용융자 전체 잔고,18213056.943021,million KRW,daily,data.go.kr KOFIA local normalized CSV,getGrantingOfCreditBalanceInfo
2024-01-22,KOFIA_CREDIT_FINANCING_MILLION_KRW,신용융자 전체 잔고,18077715.329588,million KRW,daily,data.go.kr KOFIA local normalized CSV,getGrantingOfCreditBalanceInfo
2024-01-23,KOFIA_CREDIT_FINANCING_MILLION_KRW,신용융자 전체 잔고,17960100.155945,million KRW,daily,data.go.kr KOFIA local normalized CSV,getGrantingOfCreditBalanceInfo
2024-01-24,KOFIA_CREDIT_FINANCING_MILLION_KRW,신용융자 전체 잔고,17902835.446412,million KRW,daily,data.go.kr KOFIA local normalized CSV,getGrantingOfCreditBalanceInfo
2024-01-25,KOFIA_CREDIT_FINANCING_MILLION_KRW,신용융자 전체 잔고,17861814.236383,million KRW,daily,data.go.kr KOFIA local normalized CSV,getGrantingOfCreditBalanceInfo
2024-01-26,KOFIA_CREDIT_FINANCING_MILLION_KRW,신용융자 전체 잔고,17938095.265628,million KRW,daily,data.go.kr KOFIA local normalized CSV,getGrantingOfCreditBalanceInfo
2024-01-29,KOFIA_CREDIT_FINANCING_MILLION_KRW,신용융자 전체 잔고,17873778.463723,million KRW,daily,data.go.kr KOFIA local normalized CSV,getGrantingOfCreditBalanceInfo
2024-01-30,KOFIA_CREDIT_FINANCING_MILLION_KRW,신용융자 전체 잔고,17810901.476523,million KRW,daily,data.go.kr KOFIA local normalized CSV,getGrantingOfCreditBalanceInfo
2024-01-31,KOFIA_CREDIT_FINANCING_MILLION_KRW,신용융자 전체 잔고,17809047.531047,million KRW,daily,data.go.kr KOFIA local normalized CSV,getGrantingOfCreditBalanceInfo
2024-02-01,KOFIA_CREDIT_FINANCING_MILLION_KRW,신용융자 전체 잔고,17736318.929948,million KRW,daily,data.go.kr KOFIA local normalized CSV,getGrantingOfCreditBalanceInfo
2024-02-02,KOFIA_CREDIT_FINANCING_MILLION_KRW,신용융자 전체 잔고,17689969.8887,million KRW,daily,data.go.kr KOFIA local normalized CSV,getGrantingOfCreditBalanceInfo
2024-02-05,KOFIA_CREDIT_FINANCING_MILLION_KRW,신용융자 전체 잔고,17617351.666449,million KRW,daily,data.go.kr KOFIA local normalized CSV,getGrantingOfCreditBalanceInfo
2024-02-06,KOFIA_CREDIT_FINANCING_MILLION_KRW,신용융자 전체 잔고,17559426.475225,million KRW,daily,data.go.kr KOFIA local normalized CSV,getGrantingOfCreditBalanceInfo
2024-02-07,KOFIA_CREDIT_FINANCING_MILLION_KRW,신용융자 전체 잔고,17826104.326483,million KRW,daily,data.go.kr KOFIA local normalized CSV,getGrantingOfCreditBalanceInfo
2024-02-08,KOFIA_CREDIT_FINANCING_MILLION_KRW,신용융자 전체 잔고,17815316.685216,million KRW,daily,data.go.kr KOFIA local normalized CSV,getGrantingOfCreditBalanceInfo
2024-02-13,KOFIA_CREDIT_FINANCING_MILLION_KRW,신용융자 전체 잔고,17772174.796281,million KRW,daily,data.go.kr KOFIA local normalized CSV,getGrantingOfCreditBalanceInfo
2024-02-14,KOFIA_CREDIT_FINANCING_MILLION_KRW,신용융자 전체 잔고,17752336.634136,million KRW,daily,data.go.kr KOFIA local normalized CSV,getGrantingOfCreditBalanceInfo
2024-02-15,KOFIA_CREDIT_FINANCING_MILLION_KRW,신용융자 전체 잔고,17781037.805939,million KRW,daily,data.go.kr KOFIA local normalized CSV,getGrantingOfCreditBalanceInfo
2024-02-16,KOFIA_CREDIT_FINANCING_MILLION_KRW,신용융자 전체 잔고,17949055.068937,million KRW,daily,data.go.kr KOFIA local normalized CSV,getGrantingOfCreditBalanceInfo
2024-02-19,KOFIA_CREDIT_FINANCING_MILLION_KRW,신용융자 전체 잔고,18130149.555148,million KRW,daily,data.go.kr KOFIA local normalized CSV,getGrantingOfCreditBalanceInfo
2024-02-20,KOFIA_CREDIT_FINANCING_MILLION_KRW,신용융자 전체 잔고,18194737.210904,million KRW,daily,data.go.kr KOFIA local normalized CSV,getGrantingOfCreditBalanceInfo
2024-02-21,KOFIA_CREDIT_FINANCING_MILLION_KRW,신용융자 전체 잔고,18286013.338934,million KRW,daily,data.go.kr KOFIA local normalized CSV,getGrantingOfCreditBalanceInfo
2024-02-22,KOFIA_CREDIT_FINANCING_MILLION_KRW,신용융자 전체 잔고,18376631.123609,million KRW,daily,data.go.kr KOFIA local normalized CSV,getGrantingOfCreditBalanceInfo
2024-02-23,KOFIA_CREDIT_FINANCING_MILLION_KRW,신용융자 전체 잔고,18433885.312304,million KRW,daily,data.go.kr KOFIA local normalized CSV,getGrantingOfCreditBalanceInfo
2024-02-26,KOFIA_CREDIT_FINANCING_MILLION_KRW,신용융자 전체 잔고,18536989.113917,million KRW,daily,data.go.kr KOFIA local normalized CSV,getGrantingOfCreditBalanceInfo
2024-02-27,KOFIA_CREDIT_FINANCING_MILLION_KRW,신용융자 전체 잔고,18598943.067623,million KRW,daily,data.go.kr KOFIA local normalized CSV,getGrantingOfCreditBalanceInfo
2024-02-28,KOFIA_CREDIT_FINANCING_MILLION_KRW,신용융자 전체 잔고,18612730.734437,million KRW,daily,data.go.kr KOFIA local normalized CSV,getGrantingOfCreditBalanceInfo
2024-02-29,KOFIA_CREDIT_FINANCING_MILLION_KRW,신용융자 전체 잔고,18526204.651198,million KRW,daily,data.go.kr KOFIA local normalized CSV,getGrantingOfCreditBalanceInfo
2024-03-04,KOFIA_CREDIT_FINANCING_MILLION_KRW,신용융자 전체 잔고,18473874.416806,million KRW,daily,data.go.kr KOFIA local normalized CSV,getGrantingOfCreditBalanceInfo
2024-03-05,KOFIA_CREDIT_FINANCING_MILLION_KRW,신용융자 전체 잔고,18545794.06729,million KRW,daily,data.go.kr KOFIA local normalized CSV,getGrantingOfCreditBalanceInfo
2024-03-06,KOFIA_CREDIT_FINANCING_MILLION_KRW,신용융자 전체 잔고,18559405.592502,million KRW,daily,data.go.kr KOFIA local normalized CSV,getGrantingOfCreditBalanceInfo
2024-03-07,KOFIA_CREDIT_FINANCING_MILLION_KRW,신용융자 전체 잔고,18726027.65669,million KRW,daily,data.go.kr KOFIA local normalized CSV,getGrantingOfCreditBalanceInfo
2024-03-08,KOFIA_CREDIT_FINANCING_MILLION_KRW,신용융자 전체 잔고,18845106.898368,million KRW,daily,data.go.kr KOFIA local normalized CSV,getGrantingOfCreditBalanceInfo
2024-03-11,KOFIA_CREDIT_FINANCING_MILLION_KRW,신용융자 전체 잔고,18926750.48888,million KRW,daily,data.go.kr KOFIA local normalized CSV,getGrantingOfCreditBalanceInfo
2024-03-12,KOFIA_CREDIT_FINANCING_MILLION_KRW,신용융자 전체 잔고,18838650.822687,million KRW,daily,data.go.kr KOFIA local normalized CSV,getGrantingOfCreditBalanceInfo
2024-03-13,KOFIA_CREDIT_FINANCING_MILLION_KRW,신용융자 전체 잔고,18936460.708057,million KRW,daily,data.go.kr KOFIA local normalized CSV,getGrantingOfCreditBalanceInfo
2024-03-14,KOFIA_CREDIT_FINANCING_MILLION_KRW,신용융자 전체 잔고,19025319.161366,million KRW,daily,data.go.kr KOFIA local normalized CSV,getGrantingOfCreditBalanceInfo
2024-03-15,KOFIA_CREDIT_FINANCING_MILLION_KRW,신용융자 전체 잔고,19155441.674316,million KRW,daily,data.go.kr KOFIA local normalized CSV,getGrantingOfCreditBalanceInfo
2024-03-18,KOFIA_CREDIT_FINANCING_MILLION_KRW,신용융자 전체 잔고,19214440.547657,million KRW,daily,data.go.kr KOFIA local normalized CSV,getGrantingOfCreditBalanceInfo
2024-03-19,KOFIA_CREDIT_FINANCING_MILLION_KRW,신용융자 전체 잔고,19299581.013796,million KRW,daily,data.go.kr KOFIA local normalized CSV,getGrantingOfCreditBalanceInfo
2024-03-20,KOFIA_CREDIT_FINANCING_MILLION_KRW,신용융자 전체 잔고,19379676.821462,million KRW,daily,data.go.kr KOFIA local normalized CSV,getGrantingOfCreditBalanceInfo
2024-03-21,KOFIA_CREDIT_FINANCING_MILLION_KRW,신용융자 전체 잔고,19516178.340668,million KRW,daily,data.go.kr KOFIA local normalized CSV,getGrantingOfCreditBalanceInfo
2024-03-22,KOFIA_CREDIT_FINANCING_MILLION_KRW,신용융자 전체 잔고,19483688.055624,million KRW,daily,data.go.kr KOFIA local normalized CSV,getGrantingOfCreditBalanceInfo
2024-03-25,KOFIA_CREDIT_FINANCING_MILLION_KRW,신용융자 전체 잔고,19348399.785491,million KRW,daily,data.go.kr KOFIA local normalized CSV,getGrantingOfCreditBalanceInfo
2024-03-26,KOFIA_CREDIT_FINANCING_MILLION_KRW,신용융자 전체 잔고,19378607.263519,million KRW,daily,data.go.kr KOFIA local normalized CSV,getGrantingOfCreditBalanceInfo
2024-03-27,KOFIA_CREDIT_FINANCING_MILLION_KRW,신용융자 전체 잔고,19458438.900838,million KRW,daily,data.go.kr KOFIA local normalized CSV,getGrantingOfCreditBalanceInfo
2024-03-28,KOFIA_CREDIT_FINANCING_MILLION_KRW,신용융자 전체 잔고,19479917.94875,million KRW,daily,data.go.kr KOFIA local normalized CSV,getGrantingOfCreditBalanceInfo
2024-03-29,KOFIA_CREDIT_FINANCING_MILLION_KRW,신용융자 전체 잔고,19477200.42354,million KRW,daily,data.go.kr KOFIA local normalized CSV,getGrantingOfCreditBalanceInfo
2024-04-01,KOFIA_CREDIT_FINANCING_MILLION_KRW,신용융자 전체 잔고,19532216.788672,million KRW,daily,data.go.kr KOFIA local normalized CSV,getGrantingOfCreditBalanceInfo
2024-04-02,KOFIA_CREDIT_FINANCING_MILLION_KRW,신용융자 전체 잔고,19532701.74239,million KRW,daily,data.go.kr KOFIA local normalized CSV,getGrantingOfCreditBalanceInfo
2024-04-03,KOFIA_CREDIT_FINANCING_MILLION_KRW,신용융자 전체 잔고,19531879.346643,million KRW,daily,data.go.kr KOFIA local normalized CSV,getGrantingOfCreditBalanceInfo
2024-04-04,KOFIA_CREDIT_FINANCING_MILLION_KRW,신용융자 전체 잔고,19515241.663167,million KRW,daily,data.go.kr KOFIA local normalized CSV,getGrantingOfCreditBalanceInfo
2024-04-05,KOFIA_CREDIT_FINANCING_MILLION_KRW,신용융자 전체 잔고,19482640.353732,million KRW,daily,data.go.kr KOFIA local normalized CSV,getGrantingOfCreditBalanceInfo
2024-04-08,KOFIA_CREDIT_FINANCING_MILLION_KRW,신용융자 전체 잔고,19463494.894608,million KRW,daily,data.go.kr KOFIA local normalized CSV,getGrantingOfCreditBalanceInfo
2024-04-09,KOFIA_CREDIT_FINANCING_MILLION_KRW,신용융자 전체 잔고,19457129.268623,million KRW,daily,data.go.kr KOFIA local normalized CSV,getGrantingOfCreditBalanceInfo
2024-04-11,KOFIA_CREDIT_FINANCING_MILLION_KRW,신용융자 전체 잔고,19363964.768462,million KRW,daily,data.go.kr KOFIA local normalized CSV,getGrantingOfCreditBalanceInfo
2024-04-12,KOFIA_CREDIT_FINANCING_MILLION_KRW,신용융자 전체 잔고,19317417.938673,million KRW,daily,data.go.kr KOFIA local normalized CSV,getGrantingOfCreditBalanceInfo
2024-04-15,KOFIA_CREDIT_FINANCING_MILLION_KRW,신용융자 전체 잔고,19282629.927254,million KRW,daily,data.go.kr KOFIA local normalized CSV,getGrantingOfCreditBalanceInfo
2024-04-16,KOFIA_CREDIT_FINANCING_MILLION_KRW,신용융자 전체 잔고,19348466.537883,million KRW,daily,data.go.kr KOFIA local normalized CSV,getGrantingOfCreditBalanceInfo
2024-04-17,KOFIA_CREDIT_FINANCING_MILLION_KRW,신용융자 전체 잔고,19410241.987519,million KRW,daily,data.go.kr KOFIA local normalized CSV,getGrantingOfCreditBalanceInfo
2024-04-18,KOFIA_CREDIT_FINANCING_MILLION_KRW,신용융자 전체 잔고,19181557.7674,million KRW,daily,data.go.kr KOFIA local normalized CSV,getGrantingOfCreditBalanceInfo
2024-04-19,KOFIA_CREDIT_FINANCING_MILLION_KRW,신용융자 전체 잔고,19062448.862584,million KRW,daily,data.go.kr KOFIA local normalized CSV,getGrantingOfCreditBalanceInfo
2024-04-22,KOFIA_CREDIT_FINANCING_MILLION_KRW,신용융자 전체 잔고,19032581.314537,million KRW,daily,data.go.kr KOFIA local normalized CSV,getGrantingOfCreditBalanceInfo
2024-04-23,KOFIA_CREDIT_FINANCING_MILLION_KRW,신용융자 전체 잔고,19036067.995793,million KRW,daily,data.go.kr KOFIA local normalized CSV,getGrantingOfCreditBalanceInfo
2024-04-24,KOFIA_CREDIT_FINANCING_MILLION_KRW,신용융자 전체 잔고,18991231.33948,million KRW,daily,data.go.kr KOFIA local normalized CSV,getGrantingOfCreditBalanceInfo
2024-04-25,KOFIA_CREDIT_FINANCING_MILLION_KRW,신용융자 전체 잔고,19065329.300766,million KRW,daily,data.go.kr KOFIA local normalized CSV,getGrantingOfCreditBalanceInfo
2024-04-26,KOFIA_CREDIT_FINANCING_MILLION_KRW,신용융자 전체 잔고,19060983.566482,million KRW,daily,data.go.kr KOFIA local normalized CSV,getGrantingOfCreditBalanceInfo
2024-04-29,KOFIA_CREDIT_FINANCING_MILLION_KRW,신용융자 전체 잔고,19187591.975815,million KRW,daily,data.go.kr KOFIA local normalized CSV,getGrantingOfCreditBalanceInfo
2024-04-30,KOFIA_CREDIT_FINANCING_MILLION_KRW,신용융자 전체 잔고,19173006.429527,million KRW,daily,data.go.kr KOFIA local normalized CSV,getGrantingOfCreditBalanceInfo
2024-05-02,KOFIA_CREDIT_FINANCING_MILLION_KRW,신용융자 전체 잔고,19153451.31718,million KRW,daily,data.go.kr KOFIA local normalized CSV,getGrantingOfCreditBalanceInfo
2024-05-03,KOFIA_CREDIT_FINANCING_MILLION_KRW,신용융자 전체 잔고,19201027.634548,million KRW,daily,data.go.kr KOFIA local normalized CSV,getGrantingOfCreditBalanceInfo
2024-05-07,KOFIA_CREDIT_FINANCING_MILLION_KRW,신용융자 전체 잔고,19271387.771675,million KRW,daily,data.go.kr KOFIA local normalized CSV,getGrantingOfCreditBalanceInfo
2024-05-08,KOFIA_CREDIT_FINANCING_MILLION_KRW,신용융자 전체 잔고,19269959.197315,million KRW,daily,data.go.kr KOFIA local normalized CSV,getGrantingOfCreditBalanceInfo
2024-05-09,KOFIA_CREDIT_FINANCING_MILLION_KRW,신용융자 전체 잔고,19190416.008018,million KRW,daily,data.go.kr KOFIA local normalized CSV,getGrantingOfCreditBalanceInfo
2024-05-10,KOFIA_CREDIT_FINANCING_MILLION_KRW,신용융자 전체 잔고,19268462.540525,million KRW,daily,data.go.kr KOFIA local normalized CSV,getGrantingOfCreditBalanceInfo
2024-05-13,KOFIA_CREDIT_FINANCING_MILLION_KRW,신용융자 전체 잔고,19418258.076905,million KRW,daily,data.go.kr KOFIA local normalized CSV,getGrantingOfCreditBalanceInfo
2024-05-14,KOFIA_CREDIT_FINANCING_MILLION_KRW,신용융자 전체 잔고,19386789.362919,million KRW,daily,data.go.kr KOFIA local normalized CSV,getGrantingOfCreditBalanceInfo
2024-05-16,KOFIA_CREDIT_FINANCING_MILLION_KRW,신용융자 전체 잔고,19406292.634345,million KRW,daily,data.go.kr KOFIA local normalized CSV,getGrantingOfCreditBalanceInfo
2024-05-17,KOFIA_CREDIT_FINANCING_MILLION_KRW,신용융자 전체 잔고,19399888.097481,million KRW,daily,data.go.kr KOFIA local normalized CSV,getGrantingOfCreditBalanceInfo
2024-05-20,KOFIA_CREDIT_FINANCING_MILLION_KRW,신용융자 전체 잔고,19444928.359007,million KRW,daily,data.go.kr KOFIA local normalized CSV,getGrantingOfCreditBalanceInfo
2024-05-21,KOFIA_CREDIT_FINANCING_MILLION_KRW,신용융자 전체 잔고,19478175.606742,million KRW,daily,data.go.kr KOFIA local normalized CSV,getGrantingOfCreditBalanceInfo
2024-05-22,KOFIA_CREDIT_FINANCING_MILLION_KRW,신용융자 전체 잔고,19442795.023642,million KRW,daily,data.go.kr KOFIA local normalized CSV,getGrantingOfCreditBalanceInfo
2024-05-23,KOFIA_CREDIT_FINANCING_MILLION_KRW,신용융자 전체 잔고,19491760.827665,million KRW,daily,data.go.kr KOFIA local normalized CSV,getGrantingOfCreditBalanceInfo
2024-05-24,KOFIA_CREDIT_FINANCING_MILLION_KRW,신용융자 전체 잔고,19530731.508729,million KRW,daily,data.go.kr KOFIA local normalized CSV,getGrantingOfCreditBalanceInfo
2024-05-27,KOFIA_CREDIT_FINANCING_MILLION_KRW,신용융자 전체 잔고,19593535.318312,million KRW,daily,data.go.kr KOFIA local normalized CSV,getGrantingOfCreditBalanceInfo
2024-05-28,KOFIA_CREDIT_FINANCING_MILLION_KRW,신용융자 전체 잔고,19619806.146064,million KRW,daily,data.go.kr KOFIA local normalized CSV,getGrantingOfCreditBalanceInfo
2024-05-29,KOFIA_CREDIT_FINANCING_MILLION_KRW,신용융자 전체 잔고,19633248.254448,million KRW,daily,data.go.kr KOFIA local normalized CSV,getGrantingOfCreditBalanceInfo
2024-05-30,KOFIA_CREDIT_FINANCING_MILLION_KRW,신용융자 전체 잔고,19756774.111418,million KRW,daily,data.go.kr KOFIA local normalized CSV,getGrantingOfCreditBalanceInfo
2024-05-31,KOFIA_CREDIT_FINANCING_MILLION_KRW,신용융자 전체 잔고,19817479.575907,million KRW,daily,data.go.kr KOFIA local normalized CSV,getGrantingOfCreditBalanceInfo
2024-06-03,KOFIA_CREDIT_FINANCING_MILLION_KRW,신용융자 전체 잔고,19746554.02408,million KRW,daily,data.go.kr KOFIA local normalized CSV,getGrantingOfCreditBalanceInfo
2024-06-04,KOFIA_CREDIT_FINANCING_MILLION_KRW,신용융자 전체 잔고,19684772.938239,million KRW,daily,data.go.kr KOFIA local normalized CSV,getGrantingOfCreditBalanceInfo
2024-06-05,KOFIA_CREDIT_FINANCING_MILLION_KRW,신용융자 전체 잔고,19662938.652558,million KRW,daily,data.go.kr KOFIA local normalized CSV,getGrantingOfCreditBalanceInfo
2024-06-07,KOFIA_CREDIT_FINANCING_MILLION_KRW,신용융자 전체 잔고,19728918.189335,million KRW,daily,data.go.kr KOFIA local normalized CSV,getGrantingOfCreditBalanceInfo
2024-06-10,KOFIA_CREDIT_FINANCING_MILLION_KRW,신용융자 전체 잔고,19724265.159404,million KRW,daily,data.go.kr KOFIA local normalized CSV,getGrantingOfCreditBalanceInfo
2024-06-11,KOFIA_CREDIT_FINANCING_MILLION_KRW,신용융자 전체 잔고,19775049.12595,million KRW,daily,data.go.kr KOFIA local normalized CSV,getGrantingOfCreditBalanceInfo
2024-06-12,KOFIA_CREDIT_FINANCING_MILLION_KRW,신용융자 전체 잔고,19990033.604017,million KRW,daily,data.go.kr KOFIA local normalized CSV,getGrantingOfCreditBalanceInfo
2024-06-13,KOFIA_CREDIT_FINANCING_MILLION_KRW,신용융자 전체 잔고,20121668.707378,million KRW,daily,data.go.kr KOFIA local normalized CSV,getGrantingOfCreditBalanceInfo
2024-06-14,KOFIA_CREDIT_FINANCING_MILLION_KRW,신용융자 전체 잔고,20083101.96573,million KRW,daily,data.go.kr KOFIA local normalized CSV,getGrantingOfCreditBalanceInfo
2024-06-17,KOFIA_CREDIT_FINANCING_MILLION_KRW,신용융자 전체 잔고,20171795.35154,million KRW,daily,data.go.kr KOFIA local normalized CSV,getGrantingOfCreditBalanceInfo
2024-06-18,KOFIA_CREDIT_FINANCING_MILLION_KRW,신용융자 전체 잔고,20198363.801979,million KRW,daily,data.go.kr KOFIA local normalized CSV,getGrantingOfCreditBalanceInfo
2024-06-19,KOFIA_CREDIT_FINANCING_MILLION_KRW,신용융자 전체 잔고,20243090.133471,million KRW,daily,data.go.kr KOFIA local normalized CSV,getGrantingOfCreditBalanceInfo
2024-06-20,KOFIA_CREDIT_FINANCING_MILLION_KRW,신용융자 전체 잔고,20209740.69879,million KRW,daily,data.go.kr KOFIA local normalized CSV,getGrantingOfCreditBalanceInfo
2024-06-21,KOFIA_CREDIT_FINANCING_MILLION_KRW,신용융자 전체 잔고,20188100.811831,million KRW,daily,data.go.kr KOFIA local normalized CSV,getGrantingOfCreditBalanceInfo
2024-06-24,KOFIA_CREDIT_FINANCING_MILLION_KRW,신용융자 전체 잔고,20247734.472406,million KRW,daily,data.go.kr KOFIA local normalized CSV,getGrantingOfCreditBalanceInfo
2024-06-25,KOFIA_CREDIT_FINANCING_MILLION_KRW,신용융자 전체 잔고,20231297.658558,million KRW,daily,data.go.kr KOFIA local normalized CSV,getGrantingOfCreditBalanceInfo
2024-06-26,KOFIA_CREDIT_FINANCING_MILLION_KRW,신용융자 전체 잔고,20178992.429058,million KRW,daily,data.go.kr KOFIA local normalized CSV,getGrantingOfCreditBalanceInfo
2024-06-27,KOFIA_CREDIT_FINANCING_MILLION_KRW,신용융자 전체 잔고,20089120.593525,million KRW,daily,data.go.kr KOFIA local normalized CSV,getGrantingOfCreditBalanceInfo
2024-06-28,KOFIA_CREDIT_FINANCING_MILLION_KRW,신용융자 전체 잔고,20107741.278847,million KRW,daily,data.go.kr KOFIA local normalized CSV,getGrantingOfCreditBalanceInfo
2024-07-01,KOFIA_CREDIT_FINANCING_MILLION_KRW,신용융자 전체 잔고,20077585.918459,million KRW,daily,data.go.kr KOFIA local normalized CSV,getGrantingOfCreditBalanceInfo
2024-07-02,KOFIA_CREDIT_FINANCING_MILLION_KRW,신용융자 전체 잔고,20021931.67004,million KRW,daily,data.go.kr KOFIA local normalized CSV,getGrantingOfCreditBalanceInfo
2024-07-03,KOFIA_CREDIT_FINANCING_MILLION_KRW,신용융자 전체 잔고,20025886.0088,million KRW,daily,data.go.kr KOFIA local normalized CSV,getGrantingOfCreditBalanceInfo
2024-07-04,KOFIA_CREDIT_FINANCING_MILLION_KRW,신용융자 전체 잔고,19968252.407349,million KRW,daily,data.go.kr KOFIA local normalized CSV,getGrantingOfCreditBalanceInfo
2024-07-05,KOFIA_CREDIT_FINANCING_MILLION_KRW,신용융자 전체 잔고,19874382.006046,million KRW,daily,data.go.kr KOFIA local normalized CSV,getGrantingOfCreditBalanceInfo
2024-07-08,KOFIA_CREDIT_FINANCING_MILLION_KRW,신용융자 전체 잔고,19889991.060595,million KRW,daily,data.go.kr KOFIA local normalized CSV,getGrantingOfCreditBalanceInfo
2024-07-09,KOFIA_CREDIT_FINANCING_MILLION_KRW,신용융자 전체 잔고,19885491.444779,million KRW,daily,data.go.kr KOFIA local normalized CSV,getGrantingOfCreditBalanceInfo
2024-07-10,KOFIA_CREDIT_FINANCING_MILLION_KRW,신용융자 전체 잔고,19935210.904753,million KRW,daily,data.go.kr KOFIA local normalized CSV,getGrantingOfCreditBalanceInfo
2024-07-11,KOFIA_CREDIT_FINANCING_MILLION_KRW,신용융자 전체 잔고,20055687.550807,million KRW,daily,data.go.kr KOFIA local normalized CSV,getGrantingOfCreditBalanceInfo
2024-07-12,KOFIA_CREDIT_FINANCING_MILLION_KRW,신용융자 전체 잔고,20163857.619357,million KRW,daily,data.go.kr KOFIA local normalized CSV,getGrantingOfCreditBalanceInfo
2024-07-15,KOFIA_CREDIT_FINANCING_MILLION_KRW,신용융자 전체 잔고,20200025.171562,million KRW,daily,data.go.kr KOFIA local normalized CSV,getGrantingOfCreditBalanceInfo
2024-07-16,KOFIA_CREDIT_FINANCING_MILLION_KRW,신용융자 전체 잔고,20157093.347316,million KRW,daily,data.go.kr KOFIA local normalized CSV,getGrantingOfCreditBalanceInfo
2024-07-17,KOFIA_CREDIT_FINANCING_MILLION_KRW,신용융자 전체 잔고,20203109.891445,million KRW,daily,data.go.kr KOFIA local normalized CSV,getGrantingOfCreditBalanceInfo
2024-07-18,KOFIA_CREDIT_FINANCING_MILLION_KRW,신용융자 전체 잔고,20163965.680225,million KRW,daily,data.go.kr KOFIA local normalized CSV,getGrantingOfCreditBalanceInfo
2024-07-19,KOFIA_CREDIT_FINANCING_MILLION_KRW,신용융자 전체 잔고,20098282.097341,million KRW,daily,data.go.kr KOFIA local normalized CSV,getGrantingOfCreditBalanceInfo
2024-07-22,KOFIA_CREDIT_FINANCING_MILLION_KRW,신용융자 전체 잔고,19958316.255641,million KRW,daily,data.go.kr KOFIA local normalized CSV,getGrantingOfCreditBalanceInfo
2024-07-23,KOFIA_CREDIT_FINANCING_MILLION_KRW,신용융자 전체 잔고,19965331.572019,million KRW,daily,data.go.kr KOFIA local normalized CSV,getGrantingOfCreditBalanceInfo
2024-07-24,KOFIA_CREDIT_FINANCING_MILLION_KRW,신용융자 전체 잔고,19917334.267302,million KRW,daily,data.go.kr KOFIA local normalized CSV,getGrantingOfCreditBalanceInfo
2024-07-25,KOFIA_CREDIT_FINANCING_MILLION_KRW,신용융자 전체 잔고,19804527.634803,million KRW,daily,data.go.kr KOFIA local normalized CSV,getGrantingOfCreditBalanceInfo
2024-07-26,KOFIA_CREDIT_FINANCING_MILLION_KRW,신용융자 전체 잔고,19792959.944371,million KRW,daily,data.go.kr KOFIA local normalized CSV,getGrantingOfCreditBalanceInfo
2024-07-29,KOFIA_CREDIT_FINANCING_MILLION_KRW,신용융자 전체 잔고,19590527.458831,million KRW,daily,data.go.kr KOFIA local normalized CSV,getGrantingOfCreditBalanceInfo
2024-07-30,KOFIA_CREDIT_FINANCING_MILLION_KRW,신용융자 전체 잔고,19457642.830753,million KRW,daily,data.go.kr KOFIA local normalized CSV,getGrantingOfCreditBalanceInfo
2024-07-31,KOFIA_CREDIT_FINANCING_MILLION_KRW,신용융자 전체 잔고,19428713.189281,million KRW,daily,data.go.kr KOFIA local normalized CSV,getGrantingOfCreditBalanceInfo
2024-08-01,KOFIA_CREDIT_FINANCING_MILLION_KRW,신용융자 전체 잔고,19516040.923277,million KRW,daily,data.go.kr KOFIA local normalized CSV,getGrantingOfCreditBalanceInfo
2024-08-02,KOFIA_CREDIT_FINANCING_MILLION_KRW,신용융자 전체 잔고,19422564.462202,million KRW,daily,data.go.kr KOFIA local normalized CSV,getGrantingOfCreditBalanceInfo
2024-08-05,KOFIA_CREDIT_FINANCING_MILLION_KRW,신용융자 전체 잔고,19294137.392894,million KRW,daily,data.go.kr KOFIA local normalized CSV,getGrantingOfCreditBalanceInfo
2024-08-06,KOFIA_CREDIT_FINANCING_MILLION_KRW,신용융자 전체 잔고,19055440.304556,million KRW,daily,data.go.kr KOFIA local normalized CSV,getGrantingOfCreditBalanceInfo
2024-08-07,KOFIA_CREDIT_FINANCING_MILLION_KRW,신용융자 전체 잔고,17719138.666631,million KRW,daily,data.go.kr KOFIA local normalized CSV,getGrantingOfCreditBalanceInfo
2024-08-08,KOFIA_CREDIT_FINANCING_MILLION_KRW,신용융자 전체 잔고,17126813.264946,million KRW,daily,data.go.kr KOFIA local normalized CSV,getGrantingOfCreditBalanceInfo
2024-08-09,KOFIA_CREDIT_FINANCING_MILLION_KRW,신용융자 전체 잔고,17204040.04585,million KRW,daily,data.go.kr KOFIA local normalized CSV,getGrantingOfCreditBalanceInfo
2024-08-12,KOFIA_CREDIT_FINANCING_MILLION_KRW,신용융자 전체 잔고,17366025.22716,million KRW,daily,data.go.kr KOFIA local normalized CSV,getGrantingOfCreditBalanceInfo
2024-08-13,KOFIA_CREDIT_FINANCING_MILLION_KRW,신용융자 전체 잔고,17478789.916235,million KRW,daily,data.go.kr KOFIA local normalized CSV,getGrantingOfCreditBalanceInfo
2024-08-14,KOFIA_CREDIT_FINANCING_MILLION_KRW,신용융자 전체 잔고,17551170.783086,million KRW,daily,data.go.kr KOFIA local normalized CSV,getGrantingOfCreditBalanceInfo
2024-08-16,KOFIA_CREDIT_FINANCING_MILLION_KRW,신용융자 전체 잔고,17613037.037072,million KRW,daily,data.go.kr KOFIA local normalized CSV,getGrantingOfCreditBalanceInfo
2024-08-19,KOFIA_CREDIT_FINANCING_MILLION_KRW,신용융자 전체 잔고,17605084.550898,million KRW,daily,data.go.kr KOFIA local normalized CSV,getGrantingOfCreditBalanceInfo
2024-08-20,KOFIA_CREDIT_FINANCING_MILLION_KRW,신용융자 전체 잔고,17571015.590758,million KRW,daily,data.go.kr KOFIA local normalized CSV,getGrantingOfCreditBalanceInfo
2024-08-21,KOFIA_CREDIT_FINANCING_MILLION_KRW,신용융자 전체 잔고,17654784.283354,million KRW,daily,data.go.kr KOFIA local normalized CSV,getGrantingOfCreditBalanceInfo
2024-08-22,KOFIA_CREDIT_FINANCING_MILLION_KRW,신용융자 전체 잔고,17716525.59797,million KRW,daily,data.go.kr KOFIA local normalized CSV,getGrantingOfCreditBalanceInfo
2024-08-23,KOFIA_CREDIT_FINANCING_MILLION_KRW,신용융자 전체 잔고,17818127.872912,million KRW,daily,data.go.kr KOFIA local normalized CSV,getGrantingOfCreditBalanceInfo
2024-08-26,KOFIA_CREDIT_FINANCING_MILLION_KRW,신용융자 전체 잔고,17804677.463731,million KRW,daily,data.go.kr KOFIA local normalized CSV,getGrantingOfCreditBalanceInfo
2024-08-27,KOFIA_CREDIT_FINANCING_MILLION_KRW,신용융자 전체 잔고,17790650.317512,million KRW,daily,data.go.kr KOFIA local normalized CSV,getGrantingOfCreditBalanceInfo
2024-08-28,KOFIA_CREDIT_FINANCING_MILLION_KRW,신용융자 전체 잔고,17820941.300833,million KRW,daily,data.go.kr KOFIA local normalized CSV,getGrantingOfCreditBalanceInfo
2024-08-29,KOFIA_CREDIT_FINANCING_MILLION_KRW,신용융자 전체 잔고,17844082.443686,million KRW,daily,data.go.kr KOFIA local normalized CSV,getGrantingOfCreditBalanceInfo
2024-08-30,KOFIA_CREDIT_FINANCING_MILLION_KRW,신용융자 전체 잔고,17855724.238804,million KRW,daily,data.go.kr KOFIA local normalized CSV,getGrantingOfCreditBalanceInfo
2024-09-02,KOFIA_CREDIT_FINANCING_MILLION_KRW,신용융자 전체 잔고,17878472.01563,million KRW,daily,data.go.kr KOFIA local normalized CSV,getGrantingOfCreditBalanceInfo
2024-09-03,KOFIA_CREDIT_FINANCING_MILLION_KRW,신용융자 전체 잔고,17828904.491388,million KRW,daily,data.go.kr KOFIA local normalized CSV,getGrantingOfCreditBalanceInfo
2024-09-04,KOFIA_CREDIT_FINANCING_MILLION_KRW,신용융자 전체 잔고,17891077.723046,million KRW,daily,data.go.kr KOFIA local normalized CSV,getGrantingOfCreditBalanceInfo
2024-09-05,KOFIA_CREDIT_FINANCING_MILLION_KRW,신용융자 전체 잔고,17890519.501743,million KRW,daily,data.go.kr KOFIA local normalized CSV,getGrantingOfCreditBalanceInfo
2024-09-06,KOFIA_CREDIT_FINANCING_MILLION_KRW,신용융자 전체 잔고,17675816.753191,million KRW,daily,data.go.kr KOFIA local normalized CSV,getGrantingOfCreditBalanceInfo
2024-09-09,KOFIA_CREDIT_FINANCING_MILLION_KRW,신용융자 전체 잔고,17357529.006289,million KRW,daily,data.go.kr KOFIA local normalized CSV,getGrantingOfCreditBalanceInfo
2024-09-10,KOFIA_CREDIT_FINANCING_MILLION_KRW,신용융자 전체 잔고,17105991.833702,million KRW,daily,data.go.kr KOFIA local normalized CSV,getGrantingOfCreditBalanceInfo
2024-09-11,KOFIA_CREDIT_FINANCING_MILLION_KRW,신용융자 전체 잔고,17016904.110025,million KRW,daily,data.go.kr KOFIA local normalized CSV,getGrantingOfCreditBalanceInfo
2024-09-12,KOFIA_CREDIT_FINANCING_MILLION_KRW,신용융자 전체 잔고,17034196.754108,million KRW,daily,data.go.kr KOFIA local normalized CSV,getGrantingOfCreditBalanceInfo
2024-09-13,KOFIA_CREDIT_FINANCING_MILLION_KRW,신용융자 전체 잔고,17042079.157139,million KRW,daily,data.go.kr KOFIA local normalized CSV,getGrantingOfCreditBalanceInfo
2024-09-19,KOFIA_CREDIT_FINANCING_MILLION_KRW,신용융자 전체 잔고,16992656.175013,million KRW,daily,data.go.kr KOFIA local normalized CSV,getGrantingOfCreditBalanceInfo
2024-09-20,KOFIA_CREDIT_FINANCING_MILLION_KRW,신용융자 전체 잔고,17103393.065854,million KRW,daily,data.go.kr KOFIA local normalized CSV,getGrantingOfCreditBalanceInfo
2024-09-23,KOFIA_CREDIT_FINANCING_MILLION_KRW,신용융자 전체 잔고,17282466.186103,million KRW,daily,data.go.kr KOFIA local normalized CSV,getGrantingOfCreditBalanceInfo
2024-09-24,KOFIA_CREDIT_FINANCING_MILLION_KRW,신용융자 전체 잔고,17330563.907892,million KRW,daily,data.go.kr KOFIA local normalized CSV,getGrantingOfCreditBalanceInfo
2024-09-25,KOFIA_CREDIT_FINANCING_MILLION_KRW,신용융자 전체 잔고,17439418.714432,million KRW,daily,data.go.kr KOFIA local normalized CSV,getGrantingOfCreditBalanceInfo
2024-09-26,KOFIA_CREDIT_FINANCING_MILLION_KRW,신용융자 전체 잔고,17491413.611623,million KRW,daily,data.go.kr KOFIA local normalized CSV,getGrantingOfCreditBalanceInfo
2024-09-27,KOFIA_CREDIT_FINANCING_MILLION_KRW,신용융자 전체 잔고,17550909.131944,million KRW,daily,data.go.kr KOFIA local normalized CSV,getGrantingOfCreditBalanceInfo
2024-09-30,KOFIA_CREDIT_FINANCING_MILLION_KRW,신용융자 전체 잔고,17464263.497229,million KRW,daily,data.go.kr KOFIA local normalized CSV,getGrantingOfCreditBalanceInfo
2024-10-02,KOFIA_CREDIT_FINANCING_MILLION_KRW,신용융자 전체 잔고,17583189.722924,million KRW,daily,data.go.kr KOFIA local normalized CSV,getGrantingOfCreditBalanceInfo
2024-10-04,KOFIA_CREDIT_FINANCING_MILLION_KRW,신용융자 전체 잔고,17703702.481236,million KRW,daily,data.go.kr KOFIA local normalized CSV,getGrantingOfCreditBalanceInfo
2024-10-07,KOFIA_CREDIT_FINANCING_MILLION_KRW,신용융자 전체 잔고,17765619.51226,million KRW,daily,data.go.kr KOFIA local normalized CSV,getGrantingOfCreditBalanceInfo
2024-10-08,KOFIA_CREDIT_FINANCING_MILLION_KRW,신용융자 전체 잔고,17730717.455614,million KRW,daily,data.go.kr KOFIA local normalized CSV,getGrantingOfCreditBalanceInfo
2024-10-10,KOFIA_CREDIT_FINANCING_MILLION_KRW,신용융자 전체 잔고,17787412.252587,million KRW,daily,data.go.kr KOFIA local normalized CSV,getGrantingOfCreditBalanceInfo
2024-10-11,KOFIA_CREDIT_FINANCING_MILLION_KRW,신용융자 전체 잔고,17950233.106624,million KRW,daily,data.go.kr KOFIA local normalized CSV,getGrantingOfCreditBalanceInfo
2024-10-14,KOFIA_CREDIT_FINANCING_MILLION_KRW,신용융자 전체 잔고,17999735.210809,million KRW,daily,data.go.kr KOFIA local normalized CSV,getGrantingOfCreditBalanceInfo
2024-10-15,KOFIA_CREDIT_FINANCING_MILLION_KRW,신용융자 전체 잔고,18019623.849738,million KRW,daily,data.go.kr KOFIA local normalized CSV,getGrantingOfCreditBalanceInfo
2024-10-16,KOFIA_CREDIT_FINANCING_MILLION_KRW,신용융자 전체 잔고,18017027.283615,million KRW,daily,data.go.kr KOFIA local normalized CSV,getGrantingOfCreditBalanceInfo
2024-10-17,KOFIA_CREDIT_FINANCING_MILLION_KRW,신용융자 전체 잔고,18057296.813534,million KRW,daily,data.go.kr KOFIA local normalized CSV,getGrantingOfCreditBalanceInfo
2024-10-18,KOFIA_CREDIT_FINANCING_MILLION_KRW,신용융자 전체 잔고,18162793.372177,million KRW,daily,data.go.kr KOFIA local normalized CSV,getGrantingOfCreditBalanceInfo
2024-10-21,KOFIA_CREDIT_FINANCING_MILLION_KRW,신용융자 전체 잔고,18215704.83905,million KRW,daily,data.go.kr KOFIA local normalized CSV,getGrantingOfCreditBalanceInfo
2024-10-22,KOFIA_CREDIT_FINANCING_MILLION_KRW,신용융자 전체 잔고,18227523.808843,million KRW,daily,data.go.kr KOFIA local normalized CSV,getGrantingOfCreditBalanceInfo
2024-10-23,KOFIA_CREDIT_FINANCING_MILLION_KRW,신용융자 전체 잔고,18152847.404852,million KRW,daily,data.go.kr KOFIA local normalized CSV,getGrantingOfCreditBalanceInfo
2024-10-24,KOFIA_CREDIT_FINANCING_MILLION_KRW,신용융자 전체 잔고,18093672.224167,million KRW,daily,data.go.kr KOFIA local normalized CSV,getGrantingOfCreditBalanceInfo
2024-10-25,KOFIA_CREDIT_FINANCING_MILLION_KRW,신용융자 전체 잔고,17958134.525406,million KRW,daily,data.go.kr KOFIA local normalized CSV,getGrantingOfCreditBalanceInfo
2024-10-28,KOFIA_CREDIT_FINANCING_MILLION_KRW,신용융자 전체 잔고,18000306.310833,million KRW,daily,data.go.kr KOFIA local normalized CSV,getGrantingOfCreditBalanceInfo
2024-10-29,KOFIA_CREDIT_FINANCING_MILLION_KRW,신용융자 전체 잔고,17886967.313558,million KRW,daily,data.go.kr KOFIA local normalized CSV,getGrantingOfCreditBalanceInfo
2024-10-30,KOFIA_CREDIT_FINANCING_MILLION_KRW,신용융자 전체 잔고,17832613.561473,million KRW,daily,data.go.kr KOFIA local normalized CSV,getGrantingOfCreditBalanceInfo
2024-10-31,KOFIA_CREDIT_FINANCING_MILLION_KRW,신용융자 전체 잔고,17886113.067216,million KRW,daily,data.go.kr KOFIA local normalized CSV,getGrantingOfCreditBalanceInfo
2024-11-01,KOFIA_CREDIT_FINANCING_MILLION_KRW,신용융자 전체 잔고,17935007.758152,million KRW,daily,data.go.kr KOFIA local normalized CSV,getGrantingOfCreditBalanceInfo
2024-11-04,KOFIA_CREDIT_FINANCING_MILLION_KRW,신용융자 전체 잔고,17943777.492779,million KRW,daily,data.go.kr KOFIA local normalized CSV,getGrantingOfCreditBalanceInfo
2024-11-05,KOFIA_CREDIT_FINANCING_MILLION_KRW,신용융자 전체 잔고,17881626.9023,million KRW,daily,data.go.kr KOFIA local normalized CSV,getGrantingOfCreditBalanceInfo
2024-11-06,KOFIA_CREDIT_FINANCING_MILLION_KRW,신용융자 전체 잔고,17840541.057661,million KRW,daily,data.go.kr KOFIA local normalized CSV,getGrantingOfCreditBalanceInfo
2024-11-07,KOFIA_CREDIT_FINANCING_MILLION_KRW,신용융자 전체 잔고,17963496.270476,million KRW,daily,data.go.kr KOFIA local normalized CSV,getGrantingOfCreditBalanceInfo
2024-11-08,KOFIA_CREDIT_FINANCING_MILLION_KRW,신용융자 전체 잔고,17971966.353289,million KRW,daily,data.go.kr KOFIA local normalized CSV,getGrantingOfCreditBalanceInfo
2024-11-11,KOFIA_CREDIT_FINANCING_MILLION_KRW,신용융자 전체 잔고,17935740.90919,million KRW,daily,data.go.kr KOFIA local normalized CSV,getGrantingOfCreditBalanceInfo
2024-11-12,KOFIA_CREDIT_FINANCING_MILLION_KRW,신용융자 전체 잔고,17899936.783694,million KRW,daily,data.go.kr KOFIA local normalized CSV,getGrantingOfCreditBalanceInfo
2024-11-13,KOFIA_CREDIT_FINANCING_MILLION_KRW,신용융자 전체 잔고,17871630.178227,million KRW,daily,data.go.kr KOFIA local normalized CSV,getGrantingOfCreditBalanceInfo
2024-11-14,KOFIA_CREDIT_FINANCING_MILLION_KRW,신용융자 전체 잔고,17576936.48934,million KRW,daily,data.go.kr KOFIA local normalized CSV,getGrantingOfCreditBalanceInfo
2024-11-15,KOFIA_CREDIT_FINANCING_MILLION_KRW,신용융자 전체 잔고,17249731.47376,million KRW,daily,data.go.kr KOFIA local normalized CSV,getGrantingOfCreditBalanceInfo
2024-11-18,KOFIA_CREDIT_FINANCING_MILLION_KRW,신용융자 전체 잔고,16946946.993306,million KRW,daily,data.go.kr KOFIA local normalized CSV,getGrantingOfCreditBalanceInfo
2024-11-19,KOFIA_CREDIT_FINANCING_MILLION_KRW,신용융자 전체 잔고,16712992.709168,million KRW,daily,data.go.kr KOFIA local normalized CSV,getGrantingOfCreditBalanceInfo
2024-11-20,KOFIA_CREDIT_FINANCING_MILLION_KRW,신용융자 전체 잔고,16692177.715316,million KRW,daily,data.go.kr KOFIA local normalized CSV,getGrantingOfCreditBalanceInfo
2024-11-21,KOFIA_CREDIT_FINANCING_MILLION_KRW,신용융자 전체 잔고,16692591.084692,million KRW,daily,data.go.kr KOFIA local normalized CSV,getGrantingOfCreditBalanceInfo
2024-11-22,KOFIA_CREDIT_FINANCING_MILLION_KRW,신용융자 전체 잔고,16678187.89285,million KRW,daily,data.go.kr KOFIA local normalized CSV,getGrantingOfCreditBalanceInfo
2024-11-25,KOFIA_CREDIT_FINANCING_MILLION_KRW,신용융자 전체 잔고,16633643.380741,million KRW,daily,data.go.kr KOFIA local normalized CSV,getGrantingOfCreditBalanceInfo
2024-11-26,KOFIA_CREDIT_FINANCING_MILLION_KRW,신용융자 전체 잔고,16495171.267028,million KRW,daily,data.go.kr KOFIA local normalized CSV,getGrantingOfCreditBalanceInfo
2024-11-27,KOFIA_CREDIT_FINANCING_MILLION_KRW,신용융자 전체 잔고,16500905.346366,million KRW,daily,data.go.kr KOFIA local normalized CSV,getGrantingOfCreditBalanceInfo
2024-11-28,KOFIA_CREDIT_FINANCING_MILLION_KRW,신용융자 전체 잔고,16589270.99661,million KRW,daily,data.go.kr KOFIA local normalized CSV,getGrantingOfCreditBalanceInfo
2024-11-29,KOFIA_CREDIT_FINANCING_MILLION_KRW,신용융자 전체 잔고,16587726.875072,million KRW,daily,data.go.kr KOFIA local normalized CSV,getGrantingOfCreditBalanceInfo
2024-12-02,KOFIA_CREDIT_FINANCING_MILLION_KRW,신용융자 전체 잔고,16581881.401256,million KRW,daily,data.go.kr KOFIA local normalized CSV,getGrantingOfCreditBalanceInfo
2024-12-03,KOFIA_CREDIT_FINANCING_MILLION_KRW,신용융자 전체 잔고,16565842.092251,million KRW,daily,data.go.kr KOFIA local normalized CSV,getGrantingOfCreditBalanceInfo
2024-12-04,KOFIA_CREDIT_FINANCING_MILLION_KRW,신용융자 전체 잔고,16385513.712041,million KRW,daily,data.go.kr KOFIA local normalized CSV,getGrantingOfCreditBalanceInfo
2024-12-05,KOFIA_CREDIT_FINANCING_MILLION_KRW,신용융자 전체 잔고,16313585.951632,million KRW,daily,data.go.kr KOFIA local normalized CSV,getGrantingOfCreditBalanceInfo
2024-12-06,KOFIA_CREDIT_FINANCING_MILLION_KRW,신용융자 전체 잔고,16204590.1057,million KRW,daily,data.go.kr KOFIA local normalized CSV,getGrantingOfCreditBalanceInfo
2024-12-09,KOFIA_CREDIT_FINANCING_MILLION_KRW,신용융자 전체 잔고,16040171.392523,million KRW,daily,data.go.kr KOFIA local normalized CSV,getGrantingOfCreditBalanceInfo
2024-12-10,KOFIA_CREDIT_FINANCING_MILLION_KRW,신용융자 전체 잔고,15746728.442611,million KRW,daily,data.go.kr KOFIA local normalized CSV,getGrantingOfCreditBalanceInfo
2024-12-11,KOFIA_CREDIT_FINANCING_MILLION_KRW,신용융자 전체 잔고,15310679.542913,million KRW,daily,data.go.kr KOFIA local normalized CSV,getGrantingOfCreditBalanceInfo
2024-12-12,KOFIA_CREDIT_FINANCING_MILLION_KRW,신용융자 전체 잔고,15163221.504286,million KRW,daily,data.go.kr KOFIA local normalized CSV,getGrantingOfCreditBalanceInfo
2024-12-13,KOFIA_CREDIT_FINANCING_MILLION_KRW,신용융자 전체 잔고,15249382.235198,million KRW,daily,data.go.kr KOFIA local normalized CSV,getGrantingOfCreditBalanceInfo
2024-12-16,KOFIA_CREDIT_FINANCING_MILLION_KRW,신용융자 전체 잔고,15361608.349483,million KRW,daily,data.go.kr KOFIA local normalized CSV,getGrantingOfCreditBalanceInfo
2024-12-17,KOFIA_CREDIT_FINANCING_MILLION_KRW,신용융자 전체 잔고,15480560.343551,million KRW,daily,data.go.kr KOFIA local normalized CSV,getGrantingOfCreditBalanceInfo
2024-12-18,KOFIA_CREDIT_FINANCING_MILLION_KRW,신용융자 전체 잔고,15690283.145341,million KRW,daily,data.go.kr KOFIA local normalized CSV,getGrantingOfCreditBalanceInfo
2024-12-19,KOFIA_CREDIT_FINANCING_MILLION_KRW,신용융자 전체 잔고,15867032.195545,million KRW,daily,data.go.kr KOFIA local normalized CSV,getGrantingOfCreditBalanceInfo
2024-12-20,KOFIA_CREDIT_FINANCING_MILLION_KRW,신용융자 전체 잔고,15818225.163409,million KRW,daily,data.go.kr KOFIA local normalized CSV,getGrantingOfCreditBalanceInfo
2024-12-23,KOFIA_CREDIT_FINANCING_MILLION_KRW,신용융자 전체 잔고,15926811.321512,million KRW,daily,data.go.kr KOFIA local normalized CSV,getGrantingOfCreditBalanceInfo
2024-12-24,KOFIA_CREDIT_FINANCING_MILLION_KRW,신용융자 전체 잔고,15865397.105138,million KRW,daily,data.go.kr KOFIA local normalized CSV,getGrantingOfCreditBalanceInfo
2024-12-26,KOFIA_CREDIT_FINANCING_MILLION_KRW,신용융자 전체 잔고,15732551.559334,million KRW,daily,data.go.kr KOFIA local normalized CSV,getGrantingOfCreditBalanceInfo
2024-12-27,KOFIA_CREDIT_FINANCING_MILLION_KRW,신용융자 전체 잔고,15819370.125164,million KRW,daily,data.go.kr KOFIA local normalized CSV,getGrantingOfCreditBalanceInfo
2024-12-30,KOFIA_CREDIT_FINANCING_MILLION_KRW,신용융자 전체 잔고,15824314.380821,million KRW,daily,data.go.kr KOFIA local normalized CSV,getGrantingOfCreditBalanceInfo
2024-12-31,KOFIA_CREDIT_FINANCING_MILLION_KRW,신용융자 전체 잔고,15817022.468942,million KRW,daily,data.go.kr KOFIA local normalized CSV,getGrantingOfCreditBalanceInfo
2025-01-02,KOFIA_CREDIT_FINANCING_MILLION_KRW,신용융자 전체 잔고,15682329.030914,million KRW,daily,data.go.kr KOFIA local normalized CSV,getGrantingOfCreditBalanceInfo
2025-01-03,KOFIA_CREDIT_FINANCING_MILLION_KRW,신용융자 전체 잔고,15573949.675917,million KRW,daily,data.go.kr KOFIA local normalized CSV,getGrantingOfCreditBalanceInfo
2025-01-06,KOFIA_CREDIT_FINANCING_MILLION_KRW,신용융자 전체 잔고,15702168.936688,million KRW,daily,data.go.kr KOFIA local normalized CSV,getGrantingOfCreditBalanceInfo
2025-01-07,KOFIA_CREDIT_FINANCING_MILLION_KRW,신용융자 전체 잔고,15722876.814825,million KRW,daily,data.go.kr KOFIA local normalized CSV,getGrantingOfCreditBalanceInfo
2025-01-08,KOFIA_CREDIT_FINANCING_MILLION_KRW,신용융자 전체 잔고,15875646.850181,million KRW,daily,data.go.kr KOFIA local normalized CSV,getGrantingOfCreditBalanceInfo
2025-01-09,KOFIA_CREDIT_FINANCING_MILLION_KRW,신용융자 전체 잔고,16023716.008246,million KRW,daily,data.go.kr KOFIA local normalized CSV,getGrantingOfCreditBalanceInfo
2025-01-10,KOFIA_CREDIT_FINANCING_MILLION_KRW,신용융자 전체 잔고,16103351.594894,million KRW,daily,data.go.kr KOFIA local normalized CSV,getGrantingOfCreditBalanceInfo
2025-01-13,KOFIA_CREDIT_FINANCING_MILLION_KRW,신용융자 전체 잔고,16185153.328677,million KRW,daily,data.go.kr KOFIA local normalized CSV,getGrantingOfCreditBalanceInfo
2025-01-14,KOFIA_CREDIT_FINANCING_MILLION_KRW,신용융자 전체 잔고,16319764.601478,million KRW,daily,data.go.kr KOFIA local normalized CSV,getGrantingOfCreditBalanceInfo
2025-01-15,KOFIA_CREDIT_FINANCING_MILLION_KRW,신용융자 전체 잔고,16421466.01323,million KRW,daily,data.go.kr KOFIA local normalized CSV,getGrantingOfCreditBalanceInfo
2025-01-16,KOFIA_CREDIT_FINANCING_MILLION_KRW,신용융자 전체 잔고,16493331.176094,million KRW,daily,data.go.kr KOFIA local normalized CSV,getGrantingOfCreditBalanceInfo
2025-01-17,KOFIA_CREDIT_FINANCING_MILLION_KRW,신용융자 전체 잔고,16505548.733084,million KRW,daily,data.go.kr KOFIA local normalized CSV,getGrantingOfCreditBalanceInfo
2025-01-20,KOFIA_CREDIT_FINANCING_MILLION_KRW,신용융자 전체 잔고,16459175.844221,million KRW,daily,data.go.kr KOFIA local normalized CSV,getGrantingOfCreditBalanceInfo
2025-01-21,KOFIA_CREDIT_FINANCING_MILLION_KRW,신용융자 전체 잔고,16576883.197924,million KRW,daily,data.go.kr KOFIA local normalized CSV,getGrantingOfCreditBalanceInfo
2025-01-22,KOFIA_CREDIT_FINANCING_MILLION_KRW,신용융자 전체 잔고,16680979.597473,million KRW,daily,data.go.kr KOFIA local normalized CSV,getGrantingOfCreditBalanceInfo
2025-01-23,KOFIA_CREDIT_FINANCING_MILLION_KRW,신용융자 전체 잔고,16750401.811943,million KRW,daily,data.go.kr KOFIA local normalized CSV,getGrantingOfCreditBalanceInfo
2025-01-24,KOFIA_CREDIT_FINANCING_MILLION_KRW,신용융자 전체 잔고,16684448.57683,million KRW,daily,data.go.kr KOFIA local normalized CSV,getGrantingOfCreditBalanceInfo
2025-01-31,KOFIA_CREDIT_FINANCING_MILLION_KRW,신용융자 전체 잔고,16839176.884499,million KRW,daily,data.go.kr KOFIA local normalized CSV,getGrantingOfCreditBalanceInfo
2025-02-03,KOFIA_CREDIT_FINANCING_MILLION_KRW,신용융자 전체 잔고,16760700.32666,million KRW,daily,data.go.kr KOFIA local normalized CSV,getGrantingOfCreditBalanceInfo
2025-02-04,KOFIA_CREDIT_FINANCING_MILLION_KRW,신용융자 전체 잔고,16903481.495433,million KRW,daily,data.go.kr KOFIA local normalized CSV,getGrantingOfCreditBalanceInfo
2025-02-05,KOFIA_CREDIT_FINANCING_MILLION_KRW,신용융자 전체 잔고,16805748.33485,million KRW,daily,data.go.kr KOFIA local normalized CSV,getGrantingOfCreditBalanceInfo
2025-02-06,KOFIA_CREDIT_FINANCING_MILLION_KRW,신용융자 전체 잔고,16707655.986262,million KRW,daily,data.go.kr KOFIA local normalized CSV,getGrantingOfCreditBalanceInfo
2025-02-07,KOFIA_CREDIT_FINANCING_MILLION_KRW,신용융자 전체 잔고,16764741.06532,million KRW,daily,data.go.kr KOFIA local normalized CSV,getGrantingOfCreditBalanceInfo
2025-02-10,KOFIA_CREDIT_FINANCING_MILLION_KRW,신용융자 전체 잔고,16840047.302481,million KRW,daily,data.go.kr KOFIA local normalized CSV,getGrantingOfCreditBalanceInfo
2025-02-11,KOFIA_CREDIT_FINANCING_MILLION_KRW,신용융자 전체 잔고,16996928.777393,million KRW,daily,data.go.kr KOFIA local normalized CSV,getGrantingOfCreditBalanceInfo
2025-02-12,KOFIA_CREDIT_FINANCING_MILLION_KRW,신용융자 전체 잔고,17128833.300736,million KRW,daily,data.go.kr KOFIA local normalized CSV,getGrantingOfCreditBalanceInfo
2025-02-13,KOFIA_CREDIT_FINANCING_MILLION_KRW,신용융자 전체 잔고,17213171.848296,million KRW,daily,data.go.kr KOFIA local normalized CSV,getGrantingOfCreditBalanceInfo
2025-02-14,KOFIA_CREDIT_FINANCING_MILLION_KRW,신용융자 전체 잔고,17332546.813253,million KRW,daily,data.go.kr KOFIA local normalized CSV,getGrantingOfCreditBalanceInfo
2025-02-17,KOFIA_CREDIT_FINANCING_MILLION_KRW,신용융자 전체 잔고,17364181.160944,million KRW,daily,data.go.kr KOFIA local normalized CSV,getGrantingOfCreditBalanceInfo
2025-02-18,KOFIA_CREDIT_FINANCING_MILLION_KRW,신용융자 전체 잔고,17503973.065925,million KRW,daily,data.go.kr KOFIA local normalized CSV,getGrantingOfCreditBalanceInfo
2025-02-19,KOFIA_CREDIT_FINANCING_MILLION_KRW,신용융자 전체 잔고,17603974.26392,million KRW,daily,data.go.kr KOFIA local normalized CSV,getGrantingOfCreditBalanceInfo
2025-02-20,KOFIA_CREDIT_FINANCING_MILLION_KRW,신용융자 전체 잔고,17791501.280177,million KRW,daily,data.go.kr KOFIA local normalized CSV,getGrantingOfCreditBalanceInfo
2025-02-21,KOFIA_CREDIT_FINANCING_MILLION_KRW,신용융자 전체 잔고,17811023.022913,million KRW,daily,data.go.kr KOFIA local normalized CSV,getGrantingOfCreditBalanceInfo
2025-02-24,KOFIA_CREDIT_FINANCING_MILLION_KRW,신용융자 전체 잔고,17888934.433792,million KRW,daily,data.go.kr KOFIA local normalized CSV,getGrantingOfCreditBalanceInfo
2025-02-25,KOFIA_CREDIT_FINANCING_MILLION_KRW,신용융자 전체 잔고,17945976.814175,million KRW,daily,data.go.kr KOFIA local normalized CSV,getGrantingOfCreditBalanceInfo
2025-02-26,KOFIA_CREDIT_FINANCING_MILLION_KRW,신용융자 전체 잔고,18083894.685598,million KRW,daily,data.go.kr KOFIA local normalized CSV,getGrantingOfCreditBalanceInfo
2025-02-27,KOFIA_CREDIT_FINANCING_MILLION_KRW,신용융자 전체 잔고,18192706.614876,million KRW,daily,data.go.kr KOFIA local normalized CSV,getGrantingOfCreditBalanceInfo
2025-02-28,KOFIA_CREDIT_FINANCING_MILLION_KRW,신용융자 전체 잔고,18233130.225974,million KRW,daily,data.go.kr KOFIA local normalized CSV,getGrantingOfCreditBalanceInfo
2025-03-04,KOFIA_CREDIT_FINANCING_MILLION_KRW,신용융자 전체 잔고,18304523.459954,million KRW,daily,data.go.kr KOFIA local normalized CSV,getGrantingOfCreditBalanceInfo
2025-03-05,KOFIA_CREDIT_FINANCING_MILLION_KRW,신용융자 전체 잔고,18353699.908853,million KRW,daily,data.go.kr KOFIA local normalized CSV,getGrantingOfCreditBalanceInfo
2025-03-06,KOFIA_CREDIT_FINANCING_MILLION_KRW,신용융자 전체 잔고,18196931.691647,million KRW,daily,data.go.kr KOFIA local normalized CSV,getGrantingOfCreditBalanceInfo
2025-03-07,KOFIA_CREDIT_FINANCING_MILLION_KRW,신용융자 전체 잔고,18206047.651999,million KRW,daily,data.go.kr KOFIA local normalized CSV,getGrantingOfCreditBalanceInfo
2025-03-10,KOFIA_CREDIT_FINANCING_MILLION_KRW,신용융자 전체 잔고,18241208.72173,million KRW,daily,data.go.kr KOFIA local normalized CSV,getGrantingOfCreditBalanceInfo
2025-03-11,KOFIA_CREDIT_FINANCING_MILLION_KRW,신용융자 전체 잔고,18144677.878181,million KRW,daily,data.go.kr KOFIA local normalized CSV,getGrantingOfCreditBalanceInfo
2025-03-12,KOFIA_CREDIT_FINANCING_MILLION_KRW,신용융자 전체 잔고,18172788.245582,million KRW,daily,data.go.kr KOFIA local normalized CSV,getGrantingOfCreditBalanceInfo
2025-03-13,KOFIA_CREDIT_FINANCING_MILLION_KRW,신용융자 전체 잔고,18146712.840718,million KRW,daily,data.go.kr KOFIA local normalized CSV,getGrantingOfCreditBalanceInfo
2025-03-14,KOFIA_CREDIT_FINANCING_MILLION_KRW,신용융자 전체 잔고,18099015.027707,million KRW,daily,data.go.kr KOFIA local normalized CSV,getGrantingOfCreditBalanceInfo
2025-03-17,KOFIA_CREDIT_FINANCING_MILLION_KRW,신용융자 전체 잔고,18160399.561948,million KRW,daily,data.go.kr KOFIA local normalized CSV,getGrantingOfCreditBalanceInfo
2025-03-18,KOFIA_CREDIT_FINANCING_MILLION_KRW,신용융자 전체 잔고,18198104.304801,million KRW,daily,data.go.kr KOFIA local normalized CSV,getGrantingOfCreditBalanceInfo
2025-03-19,KOFIA_CREDIT_FINANCING_MILLION_KRW,신용융자 전체 잔고,18215689.398135,million KRW,daily,data.go.kr KOFIA local normalized CSV,getGrantingOfCreditBalanceInfo
2025-03-20,KOFIA_CREDIT_FINANCING_MILLION_KRW,신용융자 전체 잔고,18284161.01401,million KRW,daily,data.go.kr KOFIA local normalized CSV,getGrantingOfCreditBalanceInfo
2025-03-21,KOFIA_CREDIT_FINANCING_MILLION_KRW,신용융자 전체 잔고,18285672.028964,million KRW,daily,data.go.kr KOFIA local normalized CSV,getGrantingOfCreditBalanceInfo
2025-03-24,KOFIA_CREDIT_FINANCING_MILLION_KRW,신용융자 전체 잔고,18152379.487241,million KRW,daily,data.go.kr KOFIA local normalized CSV,getGrantingOfCreditBalanceInfo
2025-03-25,KOFIA_CREDIT_FINANCING_MILLION_KRW,신용융자 전체 잔고,17962714.960748,million KRW,daily,data.go.kr KOFIA local normalized CSV,getGrantingOfCreditBalanceInfo
2025-03-26,KOFIA_CREDIT_FINANCING_MILLION_KRW,신용융자 전체 잔고,17952562.805612,million KRW,daily,data.go.kr KOFIA local normalized CSV,getGrantingOfCreditBalanceInfo
2025-03-27,KOFIA_CREDIT_FINANCING_MILLION_KRW,신용융자 전체 잔고,17842251.902876,million KRW,daily,data.go.kr KOFIA local normalized CSV,getGrantingOfCreditBalanceInfo
2025-03-28,KOFIA_CREDIT_FINANCING_MILLION_KRW,신용융자 전체 잔고,17695082.908945,million KRW,daily,data.go.kr KOFIA local normalized CSV,getGrantingOfCreditBalanceInfo
2025-03-31,KOFIA_CREDIT_FINANCING_MILLION_KRW,신용융자 전체 잔고,17593874.494625,million KRW,daily,data.go.kr KOFIA local normalized CSV,getGrantingOfCreditBalanceInfo
2025-04-01,KOFIA_CREDIT_FINANCING_MILLION_KRW,신용융자 전체 잔고,17379042.638009,million KRW,daily,data.go.kr KOFIA local normalized CSV,getGrantingOfCreditBalanceInfo
2025-04-02,KOFIA_CREDIT_FINANCING_MILLION_KRW,신용융자 전체 잔고,17110247.449013,million KRW,daily,data.go.kr KOFIA local normalized CSV,getGrantingOfCreditBalanceInfo
2025-04-03,KOFIA_CREDIT_FINANCING_MILLION_KRW,신용융자 전체 잔고,16972049.969023,million KRW,daily,data.go.kr KOFIA local normalized CSV,getGrantingOfCreditBalanceInfo
2025-04-04,KOFIA_CREDIT_FINANCING_MILLION_KRW,신용융자 전체 잔고,17040430.655053,million KRW,daily,data.go.kr KOFIA local normalized CSV,getGrantingOfCreditBalanceInfo
2025-04-07,KOFIA_CREDIT_FINANCING_MILLION_KRW,신용융자 전체 잔고,16957730.056493,million KRW,daily,data.go.kr KOFIA local normalized CSV,getGrantingOfCreditBalanceInfo
2025-04-08,KOFIA_CREDIT_FINANCING_MILLION_KRW,신용융자 전체 잔고,16961627.222836,million KRW,daily,data.go.kr KOFIA local normalized CSV,getGrantingOfCreditBalanceInfo
2025-04-09,KOFIA_CREDIT_FINANCING_MILLION_KRW,신용융자 전체 잔고,16790752.949224,million KRW,daily,data.go.kr KOFIA local normalized CSV,getGrantingOfCreditBalanceInfo
2025-04-10,KOFIA_CREDIT_FINANCING_MILLION_KRW,신용융자 전체 잔고,16546679.900582,million KRW,daily,data.go.kr KOFIA local normalized CSV,getGrantingOfCreditBalanceInfo
2025-04-11,KOFIA_CREDIT_FINANCING_MILLION_KRW,신용융자 전체 잔고,16446367.642246,million KRW,daily,data.go.kr KOFIA local normalized CSV,getGrantingOfCreditBalanceInfo
2025-04-14,KOFIA_CREDIT_FINANCING_MILLION_KRW,신용융자 전체 잔고,16304548.641124,million KRW,daily,data.go.kr KOFIA local normalized CSV,getGrantingOfCreditBalanceInfo
2025-04-15,KOFIA_CREDIT_FINANCING_MILLION_KRW,신용융자 전체 잔고,16576036.437227,million KRW,daily,data.go.kr KOFIA local normalized CSV,getGrantingOfCreditBalanceInfo
2025-04-16,KOFIA_CREDIT_FINANCING_MILLION_KRW,신용융자 전체 잔고,16784156.475289,million KRW,daily,data.go.kr KOFIA local normalized CSV,getGrantingOfCreditBalanceInfo
2025-04-17,KOFIA_CREDIT_FINANCING_MILLION_KRW,신용융자 전체 잔고,16898742.128038,million KRW,daily,data.go.kr KOFIA local normalized CSV,getGrantingOfCreditBalanceInfo
2025-04-18,KOFIA_CREDIT_FINANCING_MILLION_KRW,신용융자 전체 잔고,17019019.170334,million KRW,daily,data.go.kr KOFIA local normalized CSV,getGrantingOfCreditBalanceInfo
2025-04-21,KOFIA_CREDIT_FINANCING_MILLION_KRW,신용융자 전체 잔고,17074966.040316,million KRW,daily,data.go.kr KOFIA local normalized CSV,getGrantingOfCreditBalanceInfo
2025-04-22,KOFIA_CREDIT_FINANCING_MILLION_KRW,신용융자 전체 잔고,17173562.080381,million KRW,daily,data.go.kr KOFIA local normalized CSV,getGrantingOfCreditBalanceInfo
2025-04-23,KOFIA_CREDIT_FINANCING_MILLION_KRW,신용융자 전체 잔고,17274295.197165,million KRW,daily,data.go.kr KOFIA local normalized CSV,getGrantingOfCreditBalanceInfo
2025-04-24,KOFIA_CREDIT_FINANCING_MILLION_KRW,신용융자 전체 잔고,17428185.843258,million KRW,daily,data.go.kr KOFIA local normalized CSV,getGrantingOfCreditBalanceInfo
2025-04-25,KOFIA_CREDIT_FINANCING_MILLION_KRW,신용융자 전체 잔고,17392717.921071,million KRW,daily,data.go.kr KOFIA local normalized CSV,getGrantingOfCreditBalanceInfo
2025-04-28,KOFIA_CREDIT_FINANCING_MILLION_KRW,신용융자 전체 잔고,17511981.439656,million KRW,daily,data.go.kr KOFIA local normalized CSV,getGrantingOfCreditBalanceInfo
2025-04-29,KOFIA_CREDIT_FINANCING_MILLION_KRW,신용융자 전체 잔고,17522376.660106,million KRW,daily,data.go.kr KOFIA local normalized CSV,getGrantingOfCreditBalanceInfo
2025-04-30,KOFIA_CREDIT_FINANCING_MILLION_KRW,신용융자 전체 잔고,17557970.629012,million KRW,daily,data.go.kr KOFIA local normalized CSV,getGrantingOfCreditBalanceInfo
2025-05-02,KOFIA_CREDIT_FINANCING_MILLION_KRW,신용융자 전체 잔고,17532961.926356,million KRW,daily,data.go.kr KOFIA local normalized CSV,getGrantingOfCreditBalanceInfo
2025-05-07,KOFIA_CREDIT_FINANCING_MILLION_KRW,신용융자 전체 잔고,17615565.592013,million KRW,daily,data.go.kr KOFIA local normalized CSV,getGrantingOfCreditBalanceInfo
2025-05-08,KOFIA_CREDIT_FINANCING_MILLION_KRW,신용융자 전체 잔고,17515303.412964,million KRW,daily,data.go.kr KOFIA local normalized CSV,getGrantingOfCreditBalanceInfo
2025-05-09,KOFIA_CREDIT_FINANCING_MILLION_KRW,신용융자 전체 잔고,17527903.169877,million KRW,daily,data.go.kr KOFIA local normalized CSV,getGrantingOfCreditBalanceInfo
2025-05-12,KOFIA_CREDIT_FINANCING_MILLION_KRW,신용융자 전체 잔고,17662560.390649,million KRW,daily,data.go.kr KOFIA local normalized CSV,getGrantingOfCreditBalanceInfo
2025-05-13,KOFIA_CREDIT_FINANCING_MILLION_KRW,신용융자 전체 잔고,17787240.545851,million KRW,daily,data.go.kr KOFIA local normalized CSV,getGrantingOfCreditBalanceInfo
2025-05-14,KOFIA_CREDIT_FINANCING_MILLION_KRW,신용융자 전체 잔고,17729977.83078,million KRW,daily,data.go.kr KOFIA local normalized CSV,getGrantingOfCreditBalanceInfo
2025-05-15,KOFIA_CREDIT_FINANCING_MILLION_KRW,신용융자 전체 잔고,17805326.714255,million KRW,daily,data.go.kr KOFIA local normalized CSV,getGrantingOfCreditBalanceInfo
2025-05-16,KOFIA_CREDIT_FINANCING_MILLION_KRW,신용융자 전체 잔고,17780241.068829,million KRW,daily,data.go.kr KOFIA local normalized CSV,getGrantingOfCreditBalanceInfo
2025-05-19,KOFIA_CREDIT_FINANCING_MILLION_KRW,신용융자 전체 잔고,17921740.592603,million KRW,daily,data.go.kr KOFIA local normalized CSV,getGrantingOfCreditBalanceInfo
2025-05-20,KOFIA_CREDIT_FINANCING_MILLION_KRW,신용융자 전체 잔고,17943889.509962,million KRW,daily,data.go.kr KOFIA local normalized CSV,getGrantingOfCreditBalanceInfo
2025-05-21,KOFIA_CREDIT_FINANCING_MILLION_KRW,신용융자 전체 잔고,17973527.728444,million KRW,daily,data.go.kr KOFIA local normalized CSV,getGrantingOfCreditBalanceInfo
2025-05-22,KOFIA_CREDIT_FINANCING_MILLION_KRW,신용융자 전체 잔고,17976526.51237,million KRW,daily,data.go.kr KOFIA local normalized CSV,getGrantingOfCreditBalanceInfo
2025-05-23,KOFIA_CREDIT_FINANCING_MILLION_KRW,신용융자 전체 잔고,17997714.437489,million KRW,daily,data.go.kr KOFIA local normalized CSV,getGrantingOfCreditBalanceInfo
2025-05-26,KOFIA_CREDIT_FINANCING_MILLION_KRW,신용융자 전체 잔고,18146007.620701,million KRW,daily,data.go.kr KOFIA local normalized CSV,getGrantingOfCreditBalanceInfo
2025-05-27,KOFIA_CREDIT_FINANCING_MILLION_KRW,신용융자 전체 잔고,18175373.817874,million KRW,daily,data.go.kr KOFIA local normalized CSV,getGrantingOfCreditBalanceInfo
2025-05-28,KOFIA_CREDIT_FINANCING_MILLION_KRW,신용융자 전체 잔고,18163965.636011,million KRW,daily,data.go.kr KOFIA local normalized CSV,getGrantingOfCreditBalanceInfo
2025-05-29,KOFIA_CREDIT_FINANCING_MILLION_KRW,신용융자 전체 잔고,18341037.618256,million KRW,daily,data.go.kr KOFIA local normalized CSV,getGrantingOfCreditBalanceInfo
2025-05-30,KOFIA_CREDIT_FINANCING_MILLION_KRW,신용융자 전체 잔고,18273908.586742,million KRW,daily,data.go.kr KOFIA local normalized CSV,getGrantingOfCreditBalanceInfo
2025-06-02,KOFIA_CREDIT_FINANCING_MILLION_KRW,신용융자 전체 잔고,18346307.063865,million KRW,daily,data.go.kr KOFIA local normalized CSV,getGrantingOfCreditBalanceInfo
2025-06-04,KOFIA_CREDIT_FINANCING_MILLION_KRW,신용융자 전체 잔고,18514411.118257,million KRW,daily,data.go.kr KOFIA local normalized CSV,getGrantingOfCreditBalanceInfo
2025-06-05,KOFIA_CREDIT_FINANCING_MILLION_KRW,신용융자 전체 잔고,18553009.102791,million KRW,daily,data.go.kr KOFIA local normalized CSV,getGrantingOfCreditBalanceInfo
2025-06-09,KOFIA_CREDIT_FINANCING_MILLION_KRW,신용융자 전체 잔고,18533052.837826,million KRW,daily,data.go.kr KOFIA local normalized CSV,getGrantingOfCreditBalanceInfo
2025-06-10,KOFIA_CREDIT_FINANCING_MILLION_KRW,신용융자 전체 잔고,18516888.110718,million KRW,daily,data.go.kr KOFIA local normalized CSV,getGrantingOfCreditBalanceInfo
2025-06-11,KOFIA_CREDIT_FINANCING_MILLION_KRW,신용융자 전체 잔고,18724191.806592,million KRW,daily,data.go.kr KOFIA local normalized CSV,getGrantingOfCreditBalanceInfo
2025-06-12,KOFIA_CREDIT_FINANCING_MILLION_KRW,신용융자 전체 잔고,18850000.635698,million KRW,daily,data.go.kr KOFIA local normalized CSV,getGrantingOfCreditBalanceInfo
2025-06-13,KOFIA_CREDIT_FINANCING_MILLION_KRW,신용융자 전체 잔고,18988847.604676,million KRW,daily,data.go.kr KOFIA local normalized CSV,getGrantingOfCreditBalanceInfo
2025-06-16,KOFIA_CREDIT_FINANCING_MILLION_KRW,신용융자 전체 잔고,19211834.156877,million KRW,daily,data.go.kr KOFIA local normalized CSV,getGrantingOfCreditBalanceInfo
2025-06-17,KOFIA_CREDIT_FINANCING_MILLION_KRW,신용융자 전체 잔고,19385645.273042,million KRW,daily,data.go.kr KOFIA local normalized CSV,getGrantingOfCreditBalanceInfo
2025-06-18,KOFIA_CREDIT_FINANCING_MILLION_KRW,신용융자 전체 잔고,19560300.977668,million KRW,daily,data.go.kr KOFIA local normalized CSV,getGrantingOfCreditBalanceInfo
2025-06-19,KOFIA_CREDIT_FINANCING_MILLION_KRW,신용융자 전체 잔고,19608432.534381,million KRW,daily,data.go.kr KOFIA local normalized CSV,getGrantingOfCreditBalanceInfo
2025-06-20,KOFIA_CREDIT_FINANCING_MILLION_KRW,신용융자 전체 잔고,19819766.359306,million KRW,daily,data.go.kr KOFIA local normalized CSV,getGrantingOfCreditBalanceInfo
2025-06-23,KOFIA_CREDIT_FINANCING_MILLION_KRW,신용융자 전체 잔고,20096580.175355,million KRW,daily,data.go.kr KOFIA local normalized CSV,getGrantingOfCreditBalanceInfo
2025-06-24,KOFIA_CREDIT_FINANCING_MILLION_KRW,신용융자 전체 잔고,20139329.064748,million KRW,daily,data.go.kr KOFIA local normalized CSV,getGrantingOfCreditBalanceInfo
2025-06-25,KOFIA_CREDIT_FINANCING_MILLION_KRW,신용융자 전체 잔고,20572622.83477,million KRW,daily,data.go.kr KOFIA local normalized CSV,getGrantingOfCreditBalanceInfo
2025-06-26,KOFIA_CREDIT_FINANCING_MILLION_KRW,신용융자 전체 잔고,20535165.548385,million KRW,daily,data.go.kr KOFIA local normalized CSV,getGrantingOfCreditBalanceInfo
2025-06-27,KOFIA_CREDIT_FINANCING_MILLION_KRW,신용융자 전체 잔고,20683060.656419,million KRW,daily,data.go.kr KOFIA local normalized CSV,getGrantingOfCreditBalanceInfo
2025-06-30,KOFIA_CREDIT_FINANCING_MILLION_KRW,신용융자 전체 잔고,20786830.573466,million KRW,daily,data.go.kr KOFIA local normalized CSV,getGrantingOfCreditBalanceInfo
2025-07-01,KOFIA_CREDIT_FINANCING_MILLION_KRW,신용융자 전체 잔고,20879816.352177,million KRW,daily,data.go.kr KOFIA local normalized CSV,getGrantingOfCreditBalanceInfo
2025-07-02,KOFIA_CREDIT_FINANCING_MILLION_KRW,신용융자 전체 잔고,20879543.223355,million KRW,daily,data.go.kr KOFIA local normalized CSV,getGrantingOfCreditBalanceInfo
2025-07-03,KOFIA_CREDIT_FINANCING_MILLION_KRW,신용융자 전체 잔고,20779661.213218,million KRW,daily,data.go.kr KOFIA local normalized CSV,getGrantingOfCreditBalanceInfo
2025-07-04,KOFIA_CREDIT_FINANCING_MILLION_KRW,신용융자 전체 잔고,20807425.055355,million KRW,daily,data.go.kr KOFIA local normalized CSV,getGrantingOfCreditBalanceInfo
2025-07-07,KOFIA_CREDIT_FINANCING_MILLION_KRW,신용융자 전체 잔고,20798770.110974,million KRW,daily,data.go.kr KOFIA local normalized CSV,getGrantingOfCreditBalanceInfo
2025-07-08,KOFIA_CREDIT_FINANCING_MILLION_KRW,신용융자 전체 잔고,20828140.55929,million KRW,daily,data.go.kr KOFIA local normalized CSV,getGrantingOfCreditBalanceInfo
2025-07-09,KOFIA_CREDIT_FINANCING_MILLION_KRW,신용융자 전체 잔고,20860067.123064,million KRW,daily,data.go.kr KOFIA local normalized CSV,getGrantingOfCreditBalanceInfo
2025-07-10,KOFIA_CREDIT_FINANCING_MILLION_KRW,신용융자 전체 잔고,21014999.677899,million KRW,daily,data.go.kr KOFIA local normalized CSV,getGrantingOfCreditBalanceInfo
2025-07-11,KOFIA_CREDIT_FINANCING_MILLION_KRW,신용융자 전체 잔고,21266973.916081,million KRW,daily,data.go.kr KOFIA local normalized CSV,getGrantingOfCreditBalanceInfo
2025-07-14,KOFIA_CREDIT_FINANCING_MILLION_KRW,신용융자 전체 잔고,21335167.826322,million KRW,daily,data.go.kr KOFIA local normalized CSV,getGrantingOfCreditBalanceInfo
2025-07-15,KOFIA_CREDIT_FINANCING_MILLION_KRW,신용융자 전체 잔고,21400892.34759,million KRW,daily,data.go.kr KOFIA local normalized CSV,getGrantingOfCreditBalanceInfo
2025-07-16,KOFIA_CREDIT_FINANCING_MILLION_KRW,신용융자 전체 잔고,21471790.267694,million KRW,daily,data.go.kr KOFIA local normalized CSV,getGrantingOfCreditBalanceInfo
2025-07-17,KOFIA_CREDIT_FINANCING_MILLION_KRW,신용융자 전체 잔고,21588086.054618,million KRW,daily,data.go.kr KOFIA local normalized CSV,getGrantingOfCreditBalanceInfo
2025-07-18,KOFIA_CREDIT_FINANCING_MILLION_KRW,신용융자 전체 잔고,21747932.605879,million KRW,daily,data.go.kr KOFIA local normalized CSV,getGrantingOfCreditBalanceInfo
2025-07-21,KOFIA_CREDIT_FINANCING_MILLION_KRW,신용융자 전체 잔고,21755411.780132,million KRW,daily,data.go.kr KOFIA local normalized CSV,getGrantingOfCreditBalanceInfo
2025-07-22,KOFIA_CREDIT_FINANCING_MILLION_KRW,신용융자 전체 잔고,21727257.718876,million KRW,daily,data.go.kr KOFIA local normalized CSV,getGrantingOfCreditBalanceInfo
2025-07-23,KOFIA_CREDIT_FINANCING_MILLION_KRW,신용융자 전체 잔고,21724910.426037,million KRW,daily,data.go.kr KOFIA local normalized CSV,getGrantingOfCreditBalanceInfo
2025-07-24,KOFIA_CREDIT_FINANCING_MILLION_KRW,신용융자 전체 잔고,21827783.071116,million KRW,daily,data.go.kr KOFIA local normalized CSV,getGrantingOfCreditBalanceInfo
2025-07-25,KOFIA_CREDIT_FINANCING_MILLION_KRW,신용융자 전체 잔고,21830925.612791,million KRW,daily,data.go.kr KOFIA local normalized CSV,getGrantingOfCreditBalanceInfo
2025-07-28,KOFIA_CREDIT_FINANCING_MILLION_KRW,신용융자 전체 잔고,21783597.910736,million KRW,daily,data.go.kr KOFIA local normalized CSV,getGrantingOfCreditBalanceInfo
2025-07-29,KOFIA_CREDIT_FINANCING_MILLION_KRW,신용융자 전체 잔고,21788325.688282,million KRW,daily,data.go.kr KOFIA local normalized CSV,getGrantingOfCreditBalanceInfo
2025-07-30,KOFIA_CREDIT_FINANCING_MILLION_KRW,신용융자 전체 잔고,21858078.097102,million KRW,daily,data.go.kr KOFIA local normalized CSV,getGrantingOfCreditBalanceInfo
2025-07-31,KOFIA_CREDIT_FINANCING_MILLION_KRW,신용융자 전체 잔고,21791845.466043,million KRW,daily,data.go.kr KOFIA local normalized CSV,getGrantingOfCreditBalanceInfo
2025-08-01,KOFIA_CREDIT_FINANCING_MILLION_KRW,신용융자 전체 잔고,21769975.820013,million KRW,daily,data.go.kr KOFIA local normalized CSV,getGrantingOfCreditBalanceInfo
2025-08-04,KOFIA_CREDIT_FINANCING_MILLION_KRW,신용융자 전체 잔고,21780211.983415,million KRW,daily,data.go.kr KOFIA local normalized CSV,getGrantingOfCreditBalanceInfo
2025-08-05,KOFIA_CREDIT_FINANCING_MILLION_KRW,신용융자 전체 잔고,21651177.517496,million KRW,daily,data.go.kr KOFIA local normalized CSV,getGrantingOfCreditBalanceInfo
2025-08-06,KOFIA_CREDIT_FINANCING_MILLION_KRW,신용융자 전체 잔고,21500301.246953,million KRW,daily,data.go.kr KOFIA local normalized CSV,getGrantingOfCreditBalanceInfo
2025-08-07,KOFIA_CREDIT_FINANCING_MILLION_KRW,신용융자 전체 잔고,21575252.946676,million KRW,daily,data.go.kr KOFIA local normalized CSV,getGrantingOfCreditBalanceInfo
2025-08-08,KOFIA_CREDIT_FINANCING_MILLION_KRW,신용융자 전체 잔고,21787907.93603,million KRW,daily,data.go.kr KOFIA local normalized CSV,getGrantingOfCreditBalanceInfo
2025-08-11,KOFIA_CREDIT_FINANCING_MILLION_KRW,신용융자 전체 잔고,22036242.310583,million KRW,daily,data.go.kr KOFIA local normalized CSV,getGrantingOfCreditBalanceInfo
2025-08-12,KOFIA_CREDIT_FINANCING_MILLION_KRW,신용융자 전체 잔고,22189194.060178,million KRW,daily,data.go.kr KOFIA local normalized CSV,getGrantingOfCreditBalanceInfo
2025-08-13,KOFIA_CREDIT_FINANCING_MILLION_KRW,신용융자 전체 잔고,22203145.124794,million KRW,daily,data.go.kr KOFIA local normalized CSV,getGrantingOfCreditBalanceInfo
2025-08-14,KOFIA_CREDIT_FINANCING_MILLION_KRW,신용융자 전체 잔고,22211235.220247,million KRW,daily,data.go.kr KOFIA local normalized CSV,getGrantingOfCreditBalanceInfo
2025-08-18,KOFIA_CREDIT_FINANCING_MILLION_KRW,신용융자 전체 잔고,22238800.270899,million KRW,daily,data.go.kr KOFIA local normalized CSV,getGrantingOfCreditBalanceInfo
2025-08-19,KOFIA_CREDIT_FINANCING_MILLION_KRW,신용융자 전체 잔고,22085155.94503,million KRW,daily,data.go.kr KOFIA local normalized CSV,getGrantingOfCreditBalanceInfo
2025-08-20,KOFIA_CREDIT_FINANCING_MILLION_KRW,신용융자 전체 잔고,22287339.753808,million KRW,daily,data.go.kr KOFIA local normalized CSV,getGrantingOfCreditBalanceInfo
2025-08-21,KOFIA_CREDIT_FINANCING_MILLION_KRW,신용융자 전체 잔고,22150953.870369,million KRW,daily,data.go.kr KOFIA local normalized CSV,getGrantingOfCreditBalanceInfo
2025-08-22,KOFIA_CREDIT_FINANCING_MILLION_KRW,신용융자 전체 잔고,21939037.633584,million KRW,daily,data.go.kr KOFIA local normalized CSV,getGrantingOfCreditBalanceInfo
2025-08-25,KOFIA_CREDIT_FINANCING_MILLION_KRW,신용융자 전체 잔고,21940022.442314,million KRW,daily,data.go.kr KOFIA local normalized CSV,getGrantingOfCreditBalanceInfo
2025-08-26,KOFIA_CREDIT_FINANCING_MILLION_KRW,신용융자 전체 잔고,21850072.268735,million KRW,daily,data.go.kr KOFIA local normalized CSV,getGrantingOfCreditBalanceInfo
2025-08-27,KOFIA_CREDIT_FINANCING_MILLION_KRW,신용융자 전체 잔고,21887288.351604,million KRW,daily,data.go.kr KOFIA local normalized CSV,getGrantingOfCreditBalanceInfo
2025-08-28,KOFIA_CREDIT_FINANCING_MILLION_KRW,신용융자 전체 잔고,22071191.740177,million KRW,daily,data.go.kr KOFIA local normalized CSV,getGrantingOfCreditBalanceInfo
2025-08-29,KOFIA_CREDIT_FINANCING_MILLION_KRW,신용융자 전체 잔고,22155069.819066,million KRW,daily,data.go.kr KOFIA local normalized CSV,getGrantingOfCreditBalanceInfo
2025-09-01,KOFIA_CREDIT_FINANCING_MILLION_KRW,신용융자 전체 잔고,22222668.739848,million KRW,daily,data.go.kr KOFIA local normalized CSV,getGrantingOfCreditBalanceInfo
2025-09-02,KOFIA_CREDIT_FINANCING_MILLION_KRW,신용융자 전체 잔고,22260275.344479,million KRW,daily,data.go.kr KOFIA local normalized CSV,getGrantingOfCreditBalanceInfo
2025-09-03,KOFIA_CREDIT_FINANCING_MILLION_KRW,신용융자 전체 잔고,22185984.499462,million KRW,daily,data.go.kr KOFIA local normalized CSV,getGrantingOfCreditBalanceInfo
2025-09-04,KOFIA_CREDIT_FINANCING_MILLION_KRW,신용융자 전체 잔고,22151248.291534,million KRW,daily,data.go.kr KOFIA local normalized CSV,getGrantingOfCreditBalanceInfo
2025-09-05,KOFIA_CREDIT_FINANCING_MILLION_KRW,신용융자 전체 잔고,22220955.006921,million KRW,daily,data.go.kr KOFIA local normalized CSV,getGrantingOfCreditBalanceInfo
2025-09-08,KOFIA_CREDIT_FINANCING_MILLION_KRW,신용융자 전체 잔고,22253675.114228,million KRW,daily,data.go.kr KOFIA local normalized CSV,getGrantingOfCreditBalanceInfo
2025-09-09,KOFIA_CREDIT_FINANCING_MILLION_KRW,신용융자 전체 잔고,22342404.342125,million KRW,daily,data.go.kr KOFIA local normalized CSV,getGrantingOfCreditBalanceInfo
2025-09-10,KOFIA_CREDIT_FINANCING_MILLION_KRW,신용융자 전체 잔고,22380974.058712,million KRW,daily,data.go.kr KOFIA local normalized CSV,getGrantingOfCreditBalanceInfo
2025-09-11,KOFIA_CREDIT_FINANCING_MILLION_KRW,신용융자 전체 잔고,22436243.350112,million KRW,daily,data.go.kr KOFIA local normalized CSV,getGrantingOfCreditBalanceInfo
2025-09-12,KOFIA_CREDIT_FINANCING_MILLION_KRW,신용융자 전체 잔고,22407224.520074,million KRW,daily,data.go.kr KOFIA local normalized CSV,getGrantingOfCreditBalanceInfo
2025-09-15,KOFIA_CREDIT_FINANCING_MILLION_KRW,신용융자 전체 잔고,22501290.359802,million KRW,daily,data.go.kr KOFIA local normalized CSV,getGrantingOfCreditBalanceInfo
2025-09-16,KOFIA_CREDIT_FINANCING_MILLION_KRW,신용융자 전체 잔고,22527933.556682,million KRW,daily,data.go.kr KOFIA local normalized CSV,getGrantingOfCreditBalanceInfo
2025-09-17,KOFIA_CREDIT_FINANCING_MILLION_KRW,신용융자 전체 잔고,22779657.161546,million KRW,daily,data.go.kr KOFIA local normalized CSV,getGrantingOfCreditBalanceInfo
2025-09-18,KOFIA_CREDIT_FINANCING_MILLION_KRW,신용융자 전체 잔고,22881479.953168,million KRW,daily,data.go.kr KOFIA local normalized CSV,getGrantingOfCreditBalanceInfo
2025-09-19,KOFIA_CREDIT_FINANCING_MILLION_KRW,신용융자 전체 잔고,23036952.461726,million KRW,daily,data.go.kr KOFIA local normalized CSV,getGrantingOfCreditBalanceInfo
2025-09-22,KOFIA_CREDIT_FINANCING_MILLION_KRW,신용융자 전체 잔고,23160994.580271,million KRW,daily,data.go.kr KOFIA local normalized CSV,getGrantingOfCreditBalanceInfo
2025-09-23,KOFIA_CREDIT_FINANCING_MILLION_KRW,신용융자 전체 잔고,23286690.756676,million KRW,daily,data.go.kr KOFIA local normalized CSV,getGrantingOfCreditBalanceInfo
2025-09-24,KOFIA_CREDIT_FINANCING_MILLION_KRW,신용융자 전체 잔고,23364312.603906,million KRW,daily,data.go.kr KOFIA local normalized CSV,getGrantingOfCreditBalanceInfo
2025-09-25,KOFIA_CREDIT_FINANCING_MILLION_KRW,신용융자 전체 잔고,23519905.824657,million KRW,daily,data.go.kr KOFIA local normalized CSV,getGrantingOfCreditBalanceInfo
2025-09-26,KOFIA_CREDIT_FINANCING_MILLION_KRW,신용융자 전체 잔고,23537789.589013,million KRW,daily,data.go.kr KOFIA local normalized CSV,getGrantingOfCreditBalanceInfo
2025-09-29,KOFIA_CREDIT_FINANCING_MILLION_KRW,신용융자 전체 잔고,23463228.023159,million KRW,daily,data.go.kr KOFIA local normalized CSV,getGrantingOfCreditBalanceInfo
2025-09-30,KOFIA_CREDIT_FINANCING_MILLION_KRW,신용융자 전체 잔고,23492839.699169,million KRW,daily,data.go.kr KOFIA local normalized CSV,getGrantingOfCreditBalanceInfo
2025-10-01,KOFIA_CREDIT_FINANCING_MILLION_KRW,신용융자 전체 잔고,23345839.088394,million KRW,daily,data.go.kr KOFIA local normalized CSV,getGrantingOfCreditBalanceInfo
2025-10-02,KOFIA_CREDIT_FINANCING_MILLION_KRW,신용융자 전체 잔고,23341254.762552,million KRW,daily,data.go.kr KOFIA local normalized CSV,getGrantingOfCreditBalanceInfo
2025-10-10,KOFIA_CREDIT_FINANCING_MILLION_KRW,신용융자 전체 잔고,23243706.159914,million KRW,daily,data.go.kr KOFIA local normalized CSV,getGrantingOfCreditBalanceInfo
2025-10-13,KOFIA_CREDIT_FINANCING_MILLION_KRW,신용융자 전체 잔고,23267747.570457,million KRW,daily,data.go.kr KOFIA local normalized CSV,getGrantingOfCreditBalanceInfo
2025-10-14,KOFIA_CREDIT_FINANCING_MILLION_KRW,신용융자 전체 잔고,23558561.208886,million KRW,daily,data.go.kr KOFIA local normalized CSV,getGrantingOfCreditBalanceInfo
2025-10-15,KOFIA_CREDIT_FINANCING_MILLION_KRW,신용융자 전체 잔고,23828838.6788,million KRW,daily,data.go.kr KOFIA local normalized CSV,getGrantingOfCreditBalanceInfo
2025-10-16,KOFIA_CREDIT_FINANCING_MILLION_KRW,신용융자 전체 잔고,23775821.51857,million KRW,daily,data.go.kr KOFIA local normalized CSV,getGrantingOfCreditBalanceInfo
2025-10-17,KOFIA_CREDIT_FINANCING_MILLION_KRW,신용융자 전체 잔고,23879968.646817,million KRW,daily,data.go.kr KOFIA local normalized CSV,getGrantingOfCreditBalanceInfo
2025-10-20,KOFIA_CREDIT_FINANCING_MILLION_KRW,신용융자 전체 잔고,24055155.058515,million KRW,daily,data.go.kr KOFIA local normalized CSV,getGrantingOfCreditBalanceInfo
2025-10-21,KOFIA_CREDIT_FINANCING_MILLION_KRW,신용융자 전체 잔고,23926312.744186,million KRW,daily,data.go.kr KOFIA local normalized CSV,getGrantingOfCreditBalanceInfo
2025-10-22,KOFIA_CREDIT_FINANCING_MILLION_KRW,신용융자 전체 잔고,24241954.08837,million KRW,daily,data.go.kr KOFIA local normalized CSV,getGrantingOfCreditBalanceInfo
2025-10-23,KOFIA_CREDIT_FINANCING_MILLION_KRW,신용융자 전체 잔고,24419952.265935,million KRW,daily,data.go.kr KOFIA local normalized CSV,getGrantingOfCreditBalanceInfo
2025-10-24,KOFIA_CREDIT_FINANCING_MILLION_KRW,신용융자 전체 잔고,24651837.607023,million KRW,daily,data.go.kr KOFIA local normalized CSV,getGrantingOfCreditBalanceInfo
2025-10-27,KOFIA_CREDIT_FINANCING_MILLION_KRW,신용융자 전체 잔고,24776659.521873,million KRW,daily,data.go.kr KOFIA local normalized CSV,getGrantingOfCreditBalanceInfo
2025-10-28,KOFIA_CREDIT_FINANCING_MILLION_KRW,신용융자 전체 잔고,24823045.443595,million KRW,daily,data.go.kr KOFIA local normalized CSV,getGrantingOfCreditBalanceInfo
2025-10-29,KOFIA_CREDIT_FINANCING_MILLION_KRW,신용융자 전체 잔고,25096805.67688,million KRW,daily,data.go.kr KOFIA local normalized CSV,getGrantingOfCreditBalanceInfo
2025-10-30,KOFIA_CREDIT_FINANCING_MILLION_KRW,신용융자 전체 잔고,25272595.111091,million KRW,daily,data.go.kr KOFIA local normalized CSV,getGrantingOfCreditBalanceInfo
2025-10-31,KOFIA_CREDIT_FINANCING_MILLION_KRW,신용융자 전체 잔고,25526890.680066,million KRW,daily,data.go.kr KOFIA local normalized CSV,getGrantingOfCreditBalanceInfo
2025-11-03,KOFIA_CREDIT_FINANCING_MILLION_KRW,신용융자 전체 잔고,25461863.510102,million KRW,daily,data.go.kr KOFIA local normalized CSV,getGrantingOfCreditBalanceInfo
2025-11-04,KOFIA_CREDIT_FINANCING_MILLION_KRW,신용융자 전체 잔고,25511750.638863,million KRW,daily,data.go.kr KOFIA local normalized CSV,getGrantingOfCreditBalanceInfo
2025-11-05,KOFIA_CREDIT_FINANCING_MILLION_KRW,신용융자 전체 잔고,25822465.061571,million KRW,daily,data.go.kr KOFIA local normalized CSV,getGrantingOfCreditBalanceInfo
2025-11-06,KOFIA_CREDIT_FINANCING_MILLION_KRW,신용융자 전체 잔고,25878152.016552,million KRW,daily,data.go.kr KOFIA local normalized CSV,getGrantingOfCreditBalanceInfo
2025-11-07,KOFIA_CREDIT_FINANCING_MILLION_KRW,신용융자 전체 잔고,26216546.863107,million KRW,daily,data.go.kr KOFIA local normalized CSV,getGrantingOfCreditBalanceInfo
2025-11-10,KOFIA_CREDIT_FINANCING_MILLION_KRW,신용융자 전체 잔고,26119764.952632,million KRW,daily,data.go.kr KOFIA local normalized CSV,getGrantingOfCreditBalanceInfo
2025-11-11,KOFIA_CREDIT_FINANCING_MILLION_KRW,신용융자 전체 잔고,25991776.203679,million KRW,daily,data.go.kr KOFIA local normalized CSV,getGrantingOfCreditBalanceInfo
2025-11-12,KOFIA_CREDIT_FINANCING_MILLION_KRW,신용융자 전체 잔고,26009765.690619,million KRW,daily,data.go.kr KOFIA local normalized CSV,getGrantingOfCreditBalanceInfo
2025-11-13,KOFIA_CREDIT_FINANCING_MILLION_KRW,신용융자 전체 잔고,26251500.058718,million KRW,daily,data.go.kr KOFIA local normalized CSV,getGrantingOfCreditBalanceInfo
2025-11-14,KOFIA_CREDIT_FINANCING_MILLION_KRW,신용융자 전체 잔고,26403330.800753,million KRW,daily,data.go.kr KOFIA local normalized CSV,getGrantingOfCreditBalanceInfo
2025-11-17,KOFIA_CREDIT_FINANCING_MILLION_KRW,신용융자 전체 잔고,26602943.386857,million KRW,daily,data.go.kr KOFIA local normalized CSV,getGrantingOfCreditBalanceInfo
2025-11-18,KOFIA_CREDIT_FINANCING_MILLION_KRW,신용융자 전체 잔고,26796567.779154,million KRW,daily,data.go.kr KOFIA local normalized CSV,getGrantingOfCreditBalanceInfo
2025-11-19,KOFIA_CREDIT_FINANCING_MILLION_KRW,신용융자 전체 잔고,26835841.17868,million KRW,daily,data.go.kr KOFIA local normalized CSV,getGrantingOfCreditBalanceInfo
2025-11-20,KOFIA_CREDIT_FINANCING_MILLION_KRW,신용융자 전체 잔고,26847119.861518,million KRW,daily,data.go.kr KOFIA local normalized CSV,getGrantingOfCreditBalanceInfo
2025-11-21,KOFIA_CREDIT_FINANCING_MILLION_KRW,신용융자 전체 잔고,26761246.757496,million KRW,daily,data.go.kr KOFIA local normalized CSV,getGrantingOfCreditBalanceInfo
2025-11-24,KOFIA_CREDIT_FINANCING_MILLION_KRW,신용융자 전체 잔고,26761702.308591,million KRW,daily,data.go.kr KOFIA local normalized CSV,getGrantingOfCreditBalanceInfo
2025-11-25,KOFIA_CREDIT_FINANCING_MILLION_KRW,신용융자 전체 잔고,26666985.682356,million KRW,daily,data.go.kr KOFIA local normalized CSV,getGrantingOfCreditBalanceInfo
2025-11-26,KOFIA_CREDIT_FINANCING_MILLION_KRW,신용융자 전체 잔고,26492118.769218,million KRW,daily,data.go.kr KOFIA local normalized CSV,getGrantingOfCreditBalanceInfo
2025-11-27,KOFIA_CREDIT_FINANCING_MILLION_KRW,신용융자 전체 잔고,26444081.833548,million KRW,daily,data.go.kr KOFIA local normalized CSV,getGrantingOfCreditBalanceInfo
2025-11-28,KOFIA_CREDIT_FINANCING_MILLION_KRW,신용융자 전체 잔고,26445064.697251,million KRW,daily,data.go.kr KOFIA local normalized CSV,getGrantingOfCreditBalanceInfo
2025-12-01,KOFIA_CREDIT_FINANCING_MILLION_KRW,신용융자 전체 잔고,26582351.319869,million KRW,daily,data.go.kr KOFIA local normalized CSV,getGrantingOfCreditBalanceInfo
2025-12-02,KOFIA_CREDIT_FINANCING_MILLION_KRW,신용융자 전체 잔고,26799037.394529,million KRW,daily,data.go.kr KOFIA local normalized CSV,getGrantingOfCreditBalanceInfo
2025-12-03,KOFIA_CREDIT_FINANCING_MILLION_KRW,신용융자 전체 잔고,26831012.403403,million KRW,daily,data.go.kr KOFIA local normalized CSV,getGrantingOfCreditBalanceInfo
2025-12-04,KOFIA_CREDIT_FINANCING_MILLION_KRW,신용융자 전체 잔고,26895874.195205,million KRW,daily,data.go.kr KOFIA local normalized CSV,getGrantingOfCreditBalanceInfo
2025-12-05,KOFIA_CREDIT_FINANCING_MILLION_KRW,신용융자 전체 잔고,27076309.426145,million KRW,daily,data.go.kr KOFIA local normalized CSV,getGrantingOfCreditBalanceInfo
2025-12-08,KOFIA_CREDIT_FINANCING_MILLION_KRW,신용융자 전체 잔고,27355466.520128,million KRW,daily,data.go.kr KOFIA local normalized CSV,getGrantingOfCreditBalanceInfo
2025-12-09,KOFIA_CREDIT_FINANCING_MILLION_KRW,신용융자 전체 잔고,27333486.723999,million KRW,daily,data.go.kr KOFIA local normalized CSV,getGrantingOfCreditBalanceInfo
2025-12-10,KOFIA_CREDIT_FINANCING_MILLION_KRW,신용융자 전체 잔고,27406497.42488,million KRW,daily,data.go.kr KOFIA local normalized CSV,getGrantingOfCreditBalanceInfo
2025-12-11,KOFIA_CREDIT_FINANCING_MILLION_KRW,신용융자 전체 잔고,27391214.965183,million KRW,daily,data.go.kr KOFIA local normalized CSV,getGrantingOfCreditBalanceInfo
2025-12-12,KOFIA_CREDIT_FINANCING_MILLION_KRW,신용융자 전체 잔고,27379592.478826,million KRW,daily,data.go.kr KOFIA local normalized CSV,getGrantingOfCreditBalanceInfo
2025-12-15,KOFIA_CREDIT_FINANCING_MILLION_KRW,신용융자 전체 잔고,27418784.394122,million KRW,daily,data.go.kr KOFIA local normalized CSV,getGrantingOfCreditBalanceInfo
2025-12-16,KOFIA_CREDIT_FINANCING_MILLION_KRW,신용융자 전체 잔고,27337687.290376,million KRW,daily,data.go.kr KOFIA local normalized CSV,getGrantingOfCreditBalanceInfo
2025-12-17,KOFIA_CREDIT_FINANCING_MILLION_KRW,신용융자 전체 잔고,27528779.409852,million KRW,daily,data.go.kr KOFIA local normalized CSV,getGrantingOfCreditBalanceInfo
2025-12-18,KOFIA_CREDIT_FINANCING_MILLION_KRW,신용융자 전체 잔고,27344531.864019,million KRW,daily,data.go.kr KOFIA local normalized CSV,getGrantingOfCreditBalanceInfo
2025-12-19,KOFIA_CREDIT_FINANCING_MILLION_KRW,신용융자 전체 잔고,27266021.376797,million KRW,daily,data.go.kr KOFIA local normalized CSV,getGrantingOfCreditBalanceInfo
2025-12-22,KOFIA_CREDIT_FINANCING_MILLION_KRW,신용융자 전체 잔고,27243929.555401,million KRW,daily,data.go.kr KOFIA local normalized CSV,getGrantingOfCreditBalanceInfo
2025-12-23,KOFIA_CREDIT_FINANCING_MILLION_KRW,신용융자 전체 잔고,27265130.963497,million KRW,daily,data.go.kr KOFIA local normalized CSV,getGrantingOfCreditBalanceInfo
2025-12-24,KOFIA_CREDIT_FINANCING_MILLION_KRW,신용융자 전체 잔고,27270109.787353,million KRW,daily,data.go.kr KOFIA local normalized CSV,getGrantingOfCreditBalanceInfo
2025-12-26,KOFIA_CREDIT_FINANCING_MILLION_KRW,신용융자 전체 잔고,27247572.464284,million KRW,daily,data.go.kr KOFIA local normalized CSV,getGrantingOfCreditBalanceInfo
2025-12-29,KOFIA_CREDIT_FINANCING_MILLION_KRW,신용융자 전체 잔고,27294509.596876,million KRW,daily,data.go.kr KOFIA local normalized CSV,getGrantingOfCreditBalanceInfo
2025-12-30,KOFIA_CREDIT_FINANCING_MILLION_KRW,신용융자 전체 잔고,27299547.528297,million KRW,daily,data.go.kr KOFIA local normalized CSV,getGrantingOfCreditBalanceInfo
2025-12-31,KOFIA_CREDIT_FINANCING_MILLION_KRW,신용융자 전체 잔고,27286468.717806,million KRW,daily,data.go.kr KOFIA local normalized CSV,getGrantingOfCreditBalanceInfo
2026-01-02,KOFIA_CREDIT_FINANCING_MILLION_KRW,신용융자 전체 잔고,27420699.989219,million KRW,daily,data.go.kr KOFIA local normalized CSV,getGrantingOfCreditBalanceInfo
2026-01-05,KOFIA_CREDIT_FINANCING_MILLION_KRW,신용융자 전체 잔고,27622355.96679,million KRW,daily,data.go.kr KOFIA local normalized CSV,getGrantingOfCreditBalanceInfo
2026-01-06,KOFIA_CREDIT_FINANCING_MILLION_KRW,신용융자 전체 잔고,27796260.879176,million KRW,daily,data.go.kr KOFIA local normalized CSV,getGrantingOfCreditBalanceInfo
2026-01-07,KOFIA_CREDIT_FINANCING_MILLION_KRW,신용융자 전체 잔고,27870759.450222,million KRW,daily,data.go.kr KOFIA local normalized CSV,getGrantingOfCreditBalanceInfo
2026-01-08,KOFIA_CREDIT_FINANCING_MILLION_KRW,신용융자 전체 잔고,28190293.782608,million KRW,daily,data.go.kr KOFIA local normalized CSV,getGrantingOfCreditBalanceInfo
2026-01-09,KOFIA_CREDIT_FINANCING_MILLION_KRW,신용융자 전체 잔고,28349745.102996,million KRW,daily,data.go.kr KOFIA local normalized CSV,getGrantingOfCreditBalanceInfo
2026-01-12,KOFIA_CREDIT_FINANCING_MILLION_KRW,신용융자 전체 잔고,28522408.155861,million KRW,daily,data.go.kr KOFIA local normalized CSV,getGrantingOfCreditBalanceInfo
2026-01-13,KOFIA_CREDIT_FINANCING_MILLION_KRW,신용융자 전체 잔고,28657440.50128,million KRW,daily,data.go.kr KOFIA local normalized CSV,getGrantingOfCreditBalanceInfo
2026-01-14,KOFIA_CREDIT_FINANCING_MILLION_KRW,신용융자 전체 잔고,28599292.878032,million KRW,daily,data.go.kr KOFIA local normalized CSV,getGrantingOfCreditBalanceInfo
2026-01-15,KOFIA_CREDIT_FINANCING_MILLION_KRW,신용융자 전체 잔고,28745579.709189,million KRW,daily,data.go.kr KOFIA local normalized CSV,getGrantingOfCreditBalanceInfo
2026-01-16,KOFIA_CREDIT_FINANCING_MILLION_KRW,신용융자 전체 잔고,28933786.329012,million KRW,daily,data.go.kr KOFIA local normalized CSV,getGrantingOfCreditBalanceInfo
2026-01-19,KOFIA_CREDIT_FINANCING_MILLION_KRW,신용융자 전체 잔고,28995013.826235,million KRW,daily,data.go.kr KOFIA local normalized CSV,getGrantingOfCreditBalanceInfo
2026-01-20,KOFIA_CREDIT_FINANCING_MILLION_KRW,신용융자 전체 잔고,29058553.508096,million KRW,daily,data.go.kr KOFIA local normalized CSV,getGrantingOfCreditBalanceInfo
2026-01-21,KOFIA_CREDIT_FINANCING_MILLION_KRW,신용융자 전체 잔고,29082114.22967,million KRW,daily,data.go.kr KOFIA local normalized CSV,getGrantingOfCreditBalanceInfo
2026-01-22,KOFIA_CREDIT_FINANCING_MILLION_KRW,신용융자 전체 잔고,28925744.707197,million KRW,daily,data.go.kr KOFIA local normalized CSV,getGrantingOfCreditBalanceInfo
2026-01-23,KOFIA_CREDIT_FINANCING_MILLION_KRW,신용융자 전체 잔고,29055409.795669,million KRW,daily,data.go.kr KOFIA local normalized CSV,getGrantingOfCreditBalanceInfo
2026-01-26,KOFIA_CREDIT_FINANCING_MILLION_KRW,신용융자 전체 잔고,29346681.79719,million KRW,daily,data.go.kr KOFIA local normalized CSV,getGrantingOfCreditBalanceInfo
2026-01-27,KOFIA_CREDIT_FINANCING_MILLION_KRW,신용융자 전체 잔고,29244995.92877,million KRW,daily,data.go.kr KOFIA local normalized CSV,getGrantingOfCreditBalanceInfo
2026-01-28,KOFIA_CREDIT_FINANCING_MILLION_KRW,신용융자 전체 잔고,29596166.281178,million KRW,daily,data.go.kr KOFIA local normalized CSV,getGrantingOfCreditBalanceInfo
2026-01-29,KOFIA_CREDIT_FINANCING_MILLION_KRW,신용융자 전체 잔고,30092487.373257,million KRW,daily,data.go.kr KOFIA local normalized CSV,getGrantingOfCreditBalanceInfo
2026-01-30,KOFIA_CREDIT_FINANCING_MILLION_KRW,신용융자 전체 잔고,30277851.070203,million KRW,daily,data.go.kr KOFIA local normalized CSV,getGrantingOfCreditBalanceInfo
2026-02-02,KOFIA_CREDIT_FINANCING_MILLION_KRW,신용융자 전체 잔고,30473064.37983,million KRW,daily,data.go.kr KOFIA local normalized CSV,getGrantingOfCreditBalanceInfo
2026-02-03,KOFIA_CREDIT_FINANCING_MILLION_KRW,신용융자 전체 잔고,30539765.815173,million KRW,daily,data.go.kr KOFIA local normalized CSV,getGrantingOfCreditBalanceInfo
2026-02-04,KOFIA_CREDIT_FINANCING_MILLION_KRW,신용융자 전체 잔고,30935180.040055,million KRW,daily,data.go.kr KOFIA local normalized CSV,getGrantingOfCreditBalanceInfo
2026-02-05,KOFIA_CREDIT_FINANCING_MILLION_KRW,신용융자 전체 잔고,30786792.477778,million KRW,daily,data.go.kr KOFIA local normalized CSV,getGrantingOfCreditBalanceInfo
2026-02-06,KOFIA_CREDIT_FINANCING_MILLION_KRW,신용융자 전체 잔고,31099494.781432,million KRW,daily,data.go.kr KOFIA local normalized CSV,getGrantingOfCreditBalanceInfo
2026-02-09,KOFIA_CREDIT_FINANCING_MILLION_KRW,신용융자 전체 잔고,31607697.744141,million KRW,daily,data.go.kr KOFIA local normalized CSV,getGrantingOfCreditBalanceInfo
2026-02-10,KOFIA_CREDIT_FINANCING_MILLION_KRW,신용융자 전체 잔고,31560720.42301,million KRW,daily,data.go.kr KOFIA local normalized CSV,getGrantingOfCreditBalanceInfo
2026-02-11,KOFIA_CREDIT_FINANCING_MILLION_KRW,신용융자 전체 잔고,31318009.701506,million KRW,daily,data.go.kr KOFIA local normalized CSV,getGrantingOfCreditBalanceInfo
2026-02-12,KOFIA_CREDIT_FINANCING_MILLION_KRW,신용융자 전체 잔고,31466410.129187,million KRW,daily,data.go.kr KOFIA local normalized CSV,getGrantingOfCreditBalanceInfo
2026-02-13,KOFIA_CREDIT_FINANCING_MILLION_KRW,신용융자 전체 잔고,31476674.210795,million KRW,daily,data.go.kr KOFIA local normalized CSV,getGrantingOfCreditBalanceInfo
2026-02-19,KOFIA_CREDIT_FINANCING_MILLION_KRW,신용융자 전체 잔고,31593228.837518,million KRW,daily,data.go.kr KOFIA local normalized CSV,getGrantingOfCreditBalanceInfo
2026-02-20,KOFIA_CREDIT_FINANCING_MILLION_KRW,신용융자 전체 잔고,31638448.107715,million KRW,daily,data.go.kr KOFIA local normalized CSV,getGrantingOfCreditBalanceInfo
2026-02-23,KOFIA_CREDIT_FINANCING_MILLION_KRW,신용융자 전체 잔고,31712324.950941,million KRW,daily,data.go.kr KOFIA local normalized CSV,getGrantingOfCreditBalanceInfo
2026-02-24,KOFIA_CREDIT_FINANCING_MILLION_KRW,신용융자 전체 잔고,31960207.537453,million KRW,daily,data.go.kr KOFIA local normalized CSV,getGrantingOfCreditBalanceInfo
2026-02-25,KOFIA_CREDIT_FINANCING_MILLION_KRW,신용융자 전체 잔고,32134039.989845,million KRW,daily,data.go.kr KOFIA local normalized CSV,getGrantingOfCreditBalanceInfo
2026-02-26,KOFIA_CREDIT_FINANCING_MILLION_KRW,신용융자 전체 잔고,32368487.761325,million KRW,daily,data.go.kr KOFIA local normalized CSV,getGrantingOfCreditBalanceInfo
2026-02-27,KOFIA_CREDIT_FINANCING_MILLION_KRW,신용융자 전체 잔고,32668983.223281,million KRW,daily,data.go.kr KOFIA local normalized CSV,getGrantingOfCreditBalanceInfo
2026-03-03,KOFIA_CREDIT_FINANCING_MILLION_KRW,신용융자 전체 잔고,32804072.527792,million KRW,daily,data.go.kr KOFIA local normalized CSV,getGrantingOfCreditBalanceInfo
2026-03-04,KOFIA_CREDIT_FINANCING_MILLION_KRW,신용융자 전체 잔고,33197790.532216,million KRW,daily,data.go.kr KOFIA local normalized CSV,getGrantingOfCreditBalanceInfo
2026-03-05,KOFIA_CREDIT_FINANCING_MILLION_KRW,신용융자 전체 잔고,33694520.525696,million KRW,daily,data.go.kr KOFIA local normalized CSV,getGrantingOfCreditBalanceInfo
2026-03-06,KOFIA_CREDIT_FINANCING_MILLION_KRW,신용융자 전체 잔고,32789896.293077,million KRW,daily,data.go.kr KOFIA local normalized CSV,getGrantingOfCreditBalanceInfo
2026-03-09,KOFIA_CREDIT_FINANCING_MILLION_KRW,신용융자 전체 잔고,31690507.948465,million KRW,daily,data.go.kr KOFIA local normalized CSV,getGrantingOfCreditBalanceInfo
2026-03-10,KOFIA_CREDIT_FINANCING_MILLION_KRW,신용융자 전체 잔고,31803316.72821,million KRW,daily,data.go.kr KOFIA local normalized CSV,getGrantingOfCreditBalanceInfo
2026-03-11,KOFIA_CREDIT_FINANCING_MILLION_KRW,신용융자 전체 잔고,31758385.21711,million KRW,daily,data.go.kr KOFIA local normalized CSV,getGrantingOfCreditBalanceInfo
2026-03-12,KOFIA_CREDIT_FINANCING_MILLION_KRW,신용융자 전체 잔고,32141942.312947,million KRW,daily,data.go.kr KOFIA local normalized CSV,getGrantingOfCreditBalanceInfo
2026-03-13,KOFIA_CREDIT_FINANCING_MILLION_KRW,신용융자 전체 잔고,32683362.117534,million KRW,daily,data.go.kr KOFIA local normalized CSV,getGrantingOfCreditBalanceInfo
2026-03-16,KOFIA_CREDIT_FINANCING_MILLION_KRW,신용융자 전체 잔고,33219147.414881,million KRW,daily,data.go.kr KOFIA local normalized CSV,getGrantingOfCreditBalanceInfo
2026-03-17,KOFIA_CREDIT_FINANCING_MILLION_KRW,신용융자 전체 잔고,33331617.393901,million KRW,daily,data.go.kr KOFIA local normalized CSV,getGrantingOfCreditBalanceInfo
2026-03-18,KOFIA_CREDIT_FINANCING_MILLION_KRW,신용융자 전체 잔고,33487588.652176,million KRW,daily,data.go.kr KOFIA local normalized CSV,getGrantingOfCreditBalanceInfo
2026-03-19,KOFIA_CREDIT_FINANCING_MILLION_KRW,신용융자 전체 잔고,33307626.224145,million KRW,daily,data.go.kr KOFIA local normalized CSV,getGrantingOfCreditBalanceInfo
2026-03-20,KOFIA_CREDIT_FINANCING_MILLION_KRW,신용융자 전체 잔고,33255007.84469,million KRW,daily,data.go.kr KOFIA local normalized CSV,getGrantingOfCreditBalanceInfo
2026-03-23,KOFIA_CREDIT_FINANCING_MILLION_KRW,신용융자 전체 잔고,33348618.110027,million KRW,daily,data.go.kr KOFIA local normalized CSV,getGrantingOfCreditBalanceInfo
2026-03-24,KOFIA_CREDIT_FINANCING_MILLION_KRW,신용융자 전체 잔고,33421854.825372,million KRW,daily,data.go.kr KOFIA local normalized CSV,getGrantingOfCreditBalanceInfo
2026-03-25,KOFIA_CREDIT_FINANCING_MILLION_KRW,신용융자 전체 잔고,33028523.847291,million KRW,daily,data.go.kr KOFIA local normalized CSV,getGrantingOfCreditBalanceInfo
2026-03-26,KOFIA_CREDIT_FINANCING_MILLION_KRW,신용융자 전체 잔고,32752416.029751,million KRW,daily,data.go.kr KOFIA local normalized CSV,getGrantingOfCreditBalanceInfo
2026-03-27,KOFIA_CREDIT_FINANCING_MILLION_KRW,신용융자 전체 잔고,32784473.87023,million KRW,daily,data.go.kr KOFIA local normalized CSV,getGrantingOfCreditBalanceInfo
2026-03-30,KOFIA_CREDIT_FINANCING_MILLION_KRW,신용융자 전체 잔고,32601762.932328,million KRW,daily,data.go.kr KOFIA local normalized CSV,getGrantingOfCreditBalanceInfo
2026-03-31,KOFIA_CREDIT_FINANCING_MILLION_KRW,신용융자 전체 잔고,32922615.36122,million KRW,daily,data.go.kr KOFIA local normalized CSV,getGrantingOfCreditBalanceInfo
2026-04-01,KOFIA_CREDIT_FINANCING_MILLION_KRW,신용융자 전체 잔고,32981021.499785,million KRW,daily,data.go.kr KOFIA local normalized CSV,getGrantingOfCreditBalanceInfo
2026-04-02,KOFIA_CREDIT_FINANCING_MILLION_KRW,신용융자 전체 잔고,32725505.931397,million KRW,daily,data.go.kr KOFIA local normalized CSV,getGrantingOfCreditBalanceInfo
2026-04-03,KOFIA_CREDIT_FINANCING_MILLION_KRW,신용융자 전체 잔고,32443983.077244,million KRW,daily,data.go.kr KOFIA local normalized CSV,getGrantingOfCreditBalanceInfo
2026-04-06,KOFIA_CREDIT_FINANCING_MILLION_KRW,신용융자 전체 잔고,32845901.73202,million KRW,daily,data.go.kr KOFIA local normalized CSV,getGrantingOfCreditBalanceInfo
2026-04-07,KOFIA_CREDIT_FINANCING_MILLION_KRW,신용융자 전체 잔고,32657680.99684,million KRW,daily,data.go.kr KOFIA local normalized CSV,getGrantingOfCreditBalanceInfo
2026-04-08,KOFIA_CREDIT_FINANCING_MILLION_KRW,신용융자 전체 잔고,32730005.272987,million KRW,daily,data.go.kr KOFIA local normalized CSV,getGrantingOfCreditBalanceInfo
2026-04-09,KOFIA_CREDIT_FINANCING_MILLION_KRW,신용융자 전체 잔고,32720017.477029,million KRW,daily,data.go.kr KOFIA local normalized CSV,getGrantingOfCreditBalanceInfo
2026-04-10,KOFIA_CREDIT_FINANCING_MILLION_KRW,신용융자 전체 잔고,32901430.566583,million KRW,daily,data.go.kr KOFIA local normalized CSV,getGrantingOfCreditBalanceInfo
2026-04-13,KOFIA_CREDIT_FINANCING_MILLION_KRW,신용융자 전체 잔고,33216817.750669,million KRW,daily,data.go.kr KOFIA local normalized CSV,getGrantingOfCreditBalanceInfo
2026-04-14,KOFIA_CREDIT_FINANCING_MILLION_KRW,신용융자 전체 잔고,33282445.499233,million KRW,daily,data.go.kr KOFIA local normalized CSV,getGrantingOfCreditBalanceInfo
2026-04-15,KOFIA_CREDIT_FINANCING_MILLION_KRW,신용융자 전체 잔고,33356677.529779,million KRW,daily,data.go.kr KOFIA local normalized CSV,getGrantingOfCreditBalanceInfo
2026-04-16,KOFIA_CREDIT_FINANCING_MILLION_KRW,신용융자 전체 잔고,33872266.472957,million KRW,daily,data.go.kr KOFIA local normalized CSV,getGrantingOfCreditBalanceInfo
2026-04-17,KOFIA_CREDIT_FINANCING_MILLION_KRW,신용융자 전체 잔고,34027932.300114,million KRW,daily,data.go.kr KOFIA local normalized CSV,getGrantingOfCreditBalanceInfo
2026-04-20,KOFIA_CREDIT_FINANCING_MILLION_KRW,신용융자 전체 잔고,34259238.003443,million KRW,daily,data.go.kr KOFIA local normalized CSV,getGrantingOfCreditBalanceInfo
2026-04-21,KOFIA_CREDIT_FINANCING_MILLION_KRW,신용융자 전체 잔고,34694634.743688,million KRW,daily,data.go.kr KOFIA local normalized CSV,getGrantingOfCreditBalanceInfo
2026-04-22,KOFIA_CREDIT_FINANCING_MILLION_KRW,신용융자 전체 잔고,34810688.974881,million KRW,daily,data.go.kr KOFIA local normalized CSV,getGrantingOfCreditBalanceInfo
2026-04-23,KOFIA_CREDIT_FINANCING_MILLION_KRW,신용융자 전체 잔고,35079918.450404,million KRW,daily,data.go.kr KOFIA local normalized CSV,getGrantingOfCreditBalanceInfo
2026-04-24,KOFIA_CREDIT_FINANCING_MILLION_KRW,신용융자 전체 잔고,35463008.995056,million KRW,daily,data.go.kr KOFIA local normalized CSV,getGrantingOfCreditBalanceInfo
2026-04-27,KOFIA_CREDIT_FINANCING_MILLION_KRW,신용융자 전체 잔고,35537755.334916,million KRW,daily,data.go.kr KOFIA local normalized CSV,getGrantingOfCreditBalanceInfo
2026-04-28,KOFIA_CREDIT_FINANCING_MILLION_KRW,신용융자 전체 잔고,35689654.782451,million KRW,daily,data.go.kr KOFIA local normalized CSV,getGrantingOfCreditBalanceInfo
2026-04-29,KOFIA_CREDIT_FINANCING_MILLION_KRW,신용융자 전체 잔고,36068249.70639,million KRW,daily,data.go.kr KOFIA local normalized CSV,getGrantingOfCreditBalanceInfo
2026-04-30,KOFIA_CREDIT_FINANCING_MILLION_KRW,신용융자 전체 잔고,35713079.332408,million KRW,daily,data.go.kr KOFIA local normalized CSV,getGrantingOfCreditBalanceInfo
2026-05-04,KOFIA_CREDIT_FINANCING_MILLION_KRW,신용융자 전체 잔고,35838918.888636,million KRW,daily,data.go.kr KOFIA local normalized CSV,getGrantingOfCreditBalanceInfo
2026-05-06,KOFIA_CREDIT_FINANCING_MILLION_KRW,신용융자 전체 잔고,35429767.865398,million KRW,daily,data.go.kr KOFIA local normalized CSV,getGrantingOfCreditBalanceInfo
2026-05-07,KOFIA_CREDIT_FINANCING_MILLION_KRW,신용융자 전체 잔고,35507186.768449,million KRW,daily,data.go.kr KOFIA local normalized CSV,getGrantingOfCreditBalanceInfo
2026-05-08,KOFIA_CREDIT_FINANCING_MILLION_KRW,신용융자 전체 잔고,35950017.94578,million KRW,daily,data.go.kr KOFIA local normalized CSV,getGrantingOfCreditBalanceInfo
2026-05-11,KOFIA_CREDIT_FINANCING_MILLION_KRW,신용융자 전체 잔고,35998500.278625,million KRW,daily,data.go.kr KOFIA local normalized CSV,getGrantingOfCreditBalanceInfo
2026-05-12,KOFIA_CREDIT_FINANCING_MILLION_KRW,신용융자 전체 잔고,36267738.480504,million KRW,daily,data.go.kr KOFIA local normalized CSV,getGrantingOfCreditBalanceInfo
2026-05-13,KOFIA_CREDIT_FINANCING_MILLION_KRW,신용융자 전체 잔고,36074004.688899,million KRW,daily,data.go.kr KOFIA local normalized CSV,getGrantingOfCreditBalanceInfo
2026-05-14,KOFIA_CREDIT_FINANCING_MILLION_KRW,신용융자 전체 잔고,36469784.181249,million KRW,daily,data.go.kr KOFIA local normalized CSV,getGrantingOfCreditBalanceInfo
2026-05-15,KOFIA_CREDIT_FINANCING_MILLION_KRW,신용융자 전체 잔고,36567515.766861,million KRW,daily,data.go.kr KOFIA local normalized CSV,getGrantingOfCreditBalanceInfo
2026-05-18,KOFIA_CREDIT_FINANCING_MILLION_KRW,신용융자 전체 잔고,36396654.807706,million KRW,daily,data.go.kr KOFIA local normalized CSV,getGrantingOfCreditBalanceInfo
2026-05-19,KOFIA_CREDIT_FINANCING_MILLION_KRW,신용융자 전체 잔고,35856069.994749,million KRW,daily,data.go.kr KOFIA local normalized CSV,getGrantingOfCreditBalanceInfo
2026-05-20,KOFIA_CREDIT_FINANCING_MILLION_KRW,신용융자 전체 잔고,36237023.955108,million KRW,daily,data.go.kr KOFIA local normalized CSV,getGrantingOfCreditBalanceInfo
2026-05-21,KOFIA_CREDIT_FINANCING_MILLION_KRW,신용융자 전체 잔고,36472379.984611,million KRW,daily,data.go.kr KOFIA local normalized CSV,getGrantingOfCreditBalanceInfo
2026-05-22,KOFIA_CREDIT_FINANCING_MILLION_KRW,신용융자 전체 잔고,36355523.790561,million KRW,daily,data.go.kr KOFIA local normalized CSV,getGrantingOfCreditBalanceInfo
2026-05-26,KOFIA_CREDIT_FINANCING_MILLION_KRW,신용융자 전체 잔고,36254787.225201,million KRW,daily,data.go.kr KOFIA local normalized CSV,getGrantingOfCreditBalanceInfo
2026-05-27,KOFIA_CREDIT_FINANCING_MILLION_KRW,신용융자 전체 잔고,36690035.595782,million KRW,daily,data.go.kr KOFIA local normalized CSV,getGrantingOfCreditBalanceInfo
2026-05-28,KOFIA_CREDIT_FINANCING_MILLION_KRW,신용융자 전체 잔고,37068718.302686,million KRW,daily,data.go.kr KOFIA local normalized CSV,getGrantingOfCreditBalanceInfo
2026-05-29,KOFIA_CREDIT_FINANCING_MILLION_KRW,신용융자 전체 잔고,38022681.186997,million KRW,daily,data.go.kr KOFIA local normalized CSV,getGrantingOfCreditBalanceInfo
2026-06-01,KOFIA_CREDIT_FINANCING_MILLION_KRW,신용융자 전체 잔고,37681169.012568,million KRW,daily,data.go.kr KOFIA local normalized CSV,getGrantingOfCreditBalanceInfo
2026-06-02,KOFIA_CREDIT_FINANCING_MILLION_KRW,신용융자 전체 잔고,37709127.797209,million KRW,daily,data.go.kr KOFIA local normalized CSV,getGrantingOfCreditBalanceInfo
2026-06-04,KOFIA_CREDIT_FINANCING_MILLION_KRW,신용융자 전체 잔고,37737597.263499,million KRW,daily,data.go.kr KOFIA local normalized CSV,getGrantingOfCreditBalanceInfo
2026-06-05,KOFIA_CREDIT_FINANCING_MILLION_KRW,신용융자 전체 잔고,37838377.028572,million KRW,daily,data.go.kr KOFIA local normalized CSV,getGrantingOfCreditBalanceInfo
2026-06-08,KOFIA_CREDIT_FINANCING_MILLION_KRW,신용융자 전체 잔고,37790395.509286,million KRW,daily,data.go.kr KOFIA local normalized CSV,getGrantingOfCreditBalanceInfo
2026-06-09,KOFIA_CREDIT_FINANCING_MILLION_KRW,신용융자 전체 잔고,37929018.197364,million KRW,daily,data.go.kr KOFIA local normalized CSV,getGrantingOfCreditBalanceInfo
2026-06-10,KOFIA_CREDIT_FINANCING_MILLION_KRW,신용융자 전체 잔고,36773648.501144,million KRW,daily,data.go.kr KOFIA local normalized CSV,getGrantingOfCreditBalanceInfo
2026-06-11,KOFIA_CREDIT_FINANCING_MILLION_KRW,신용융자 전체 잔고,36656473.947759,million KRW,daily,data.go.kr KOFIA local normalized CSV,getGrantingOfCreditBalanceInfo
2026-06-12,KOFIA_CREDIT_FINANCING_MILLION_KRW,신용융자 전체 잔고,36879281.404818,million KRW,daily,data.go.kr KOFIA local normalized CSV,getGrantingOfCreditBalanceInfo
2026-06-15,KOFIA_CREDIT_FINANCING_MILLION_KRW,신용융자 전체 잔고,37076953.551481,million KRW,daily,data.go.kr KOFIA local normalized CSV,getGrantingOfCreditBalanceInfo
2026-06-16,KOFIA_CREDIT_FINANCING_MILLION_KRW,신용융자 전체 잔고,37385631.731992,million KRW,daily,data.go.kr KOFIA local normalized CSV,getGrantingOfCreditBalanceInfo
2026-06-17,KOFIA_CREDIT_FINANCING_MILLION_KRW,신용융자 전체 잔고,37800525.14254,million KRW,daily,data.go.kr KOFIA local normalized CSV,getGrantingOfCreditBalanceInfo
2026-06-18,KOFIA_CREDIT_FINANCING_MILLION_KRW,신용융자 전체 잔고,37979688.034523,million KRW,daily,data.go.kr KOFIA local normalized CSV,getGrantingOfCreditBalanceInfo
2026-06-19,KOFIA_CREDIT_FINANCING_MILLION_KRW,신용융자 전체 잔고,38478688.096549,million KRW,daily,data.go.kr KOFIA local normalized CSV,getGrantingOfCreditBalanceInfo
2026-06-22,KOFIA_CREDIT_FINANCING_MILLION_KRW,신용융자 전체 잔고,38531190.501282,million KRW,daily,data.go.kr KOFIA local normalized CSV,getGrantingOfCreditBalanceInfo
2022-04-28,KOFIA_INVESTOR_DEPOSIT_MILLION_KRW,투자자예탁금,62922936.817083,million KRW,daily,data.go.kr KOFIA local normalized CSV,getSecuritiesMarketTotalCapitalInfo
2022-04-29,KOFIA_INVESTOR_DEPOSIT_MILLION_KRW,투자자예탁금,61406227.45835,million KRW,daily,data.go.kr KOFIA local normalized CSV,getSecuritiesMarketTotalCapitalInfo
2022-05-02,KOFIA_INVESTOR_DEPOSIT_MILLION_KRW,투자자예탁금,61799037.295463,million KRW,daily,data.go.kr KOFIA local normalized CSV,getSecuritiesMarketTotalCapitalInfo
2022-05-03,KOFIA_INVESTOR_DEPOSIT_MILLION_KRW,투자자예탁금,62164775.9856,million KRW,daily,data.go.kr KOFIA local normalized CSV,getSecuritiesMarketTotalCapitalInfo
2022-05-04,KOFIA_INVESTOR_DEPOSIT_MILLION_KRW,투자자예탁금,63327406.625605,million KRW,daily,data.go.kr KOFIA local normalized CSV,getSecuritiesMarketTotalCapitalInfo
2022-05-06,KOFIA_INVESTOR_DEPOSIT_MILLION_KRW,투자자예탁금,60390773.661453,million KRW,daily,data.go.kr KOFIA local normalized CSV,getSecuritiesMarketTotalCapitalInfo
2022-05-09,KOFIA_INVESTOR_DEPOSIT_MILLION_KRW,투자자예탁금,61806326.37596,million KRW,daily,data.go.kr KOFIA local normalized CSV,getSecuritiesMarketTotalCapitalInfo
2022-05-10,KOFIA_INVESTOR_DEPOSIT_MILLION_KRW,투자자예탁금,61585587.437514,million KRW,daily,data.go.kr KOFIA local normalized CSV,getSecuritiesMarketTotalCapitalInfo
2022-05-11,KOFIA_INVESTOR_DEPOSIT_MILLION_KRW,투자자예탁금,59903794.2185,million KRW,daily,data.go.kr KOFIA local normalized CSV,getSecuritiesMarketTotalCapitalInfo
2022-05-12,KOFIA_INVESTOR_DEPOSIT_MILLION_KRW,투자자예탁금,60324784.361486,million KRW,daily,data.go.kr KOFIA local normalized CSV,getSecuritiesMarketTotalCapitalInfo
2022-05-13,KOFIA_INVESTOR_DEPOSIT_MILLION_KRW,투자자예탁금,59966473.605622,million KRW,daily,data.go.kr KOFIA local normalized CSV,getSecuritiesMarketTotalCapitalInfo
2022-05-16,KOFIA_INVESTOR_DEPOSIT_MILLION_KRW,투자자예탁금,59088975.809537,million KRW,daily,data.go.kr KOFIA local normalized CSV,getSecuritiesMarketTotalCapitalInfo
2022-05-17,KOFIA_INVESTOR_DEPOSIT_MILLION_KRW,투자자예탁금,60507691.9331,million KRW,daily,data.go.kr KOFIA local normalized CSV,getSecuritiesMarketTotalCapitalInfo
2022-05-18,KOFIA_INVESTOR_DEPOSIT_MILLION_KRW,투자자예탁금,59190471.625545,million KRW,daily,data.go.kr KOFIA local normalized CSV,getSecuritiesMarketTotalCapitalInfo
2022-05-19,KOFIA_INVESTOR_DEPOSIT_MILLION_KRW,투자자예탁금,59763779.259132,million KRW,daily,data.go.kr KOFIA local normalized CSV,getSecuritiesMarketTotalCapitalInfo
2022-05-20,KOFIA_INVESTOR_DEPOSIT_MILLION_KRW,투자자예탁금,59601605.839699,million KRW,daily,data.go.kr KOFIA local normalized CSV,getSecuritiesMarketTotalCapitalInfo
2022-05-23,KOFIA_INVESTOR_DEPOSIT_MILLION_KRW,투자자예탁금,58664624.49718,million KRW,daily,data.go.kr KOFIA local normalized CSV,getSecuritiesMarketTotalCapitalInfo
2022-05-24,KOFIA_INVESTOR_DEPOSIT_MILLION_KRW,투자자예탁금,59360171.473799,million KRW,daily,data.go.kr KOFIA local normalized CSV,getSecuritiesMarketTotalCapitalInfo
2022-05-25,KOFIA_INVESTOR_DEPOSIT_MILLION_KRW,투자자예탁금,59213827.02749,million KRW,daily,data.go.kr KOFIA local normalized CSV,getSecuritiesMarketTotalCapitalInfo
2022-05-26,KOFIA_INVESTOR_DEPOSIT_MILLION_KRW,투자자예탁금,58853487.371833,million KRW,daily,data.go.kr KOFIA local normalized CSV,getSecuritiesMarketTotalCapitalInfo
2022-05-27,KOFIA_INVESTOR_DEPOSIT_MILLION_KRW,투자자예탁금,58483441.765754,million KRW,daily,data.go.kr KOFIA local normalized CSV,getSecuritiesMarketTotalCapitalInfo
2022-05-30,KOFIA_INVESTOR_DEPOSIT_MILLION_KRW,투자자예탁금,58347956.030809,million KRW,daily,data.go.kr KOFIA local normalized CSV,getSecuritiesMarketTotalCapitalInfo
2022-05-31,KOFIA_INVESTOR_DEPOSIT_MILLION_KRW,투자자예탁금,57567120.572557,million KRW,daily,data.go.kr KOFIA local normalized CSV,getSecuritiesMarketTotalCapitalInfo
2022-06-02,KOFIA_INVESTOR_DEPOSIT_MILLION_KRW,투자자예탁금,61632133.254113,million KRW,daily,data.go.kr KOFIA local normalized CSV,getSecuritiesMarketTotalCapitalInfo
2022-06-03,KOFIA_INVESTOR_DEPOSIT_MILLION_KRW,투자자예탁금,58652561.336644,million KRW,daily,data.go.kr KOFIA local normalized CSV,getSecuritiesMarketTotalCapitalInfo
2022-06-07,KOFIA_INVESTOR_DEPOSIT_MILLION_KRW,투자자예탁금,57786621.818733,million KRW,daily,data.go.kr KOFIA local normalized CSV,getSecuritiesMarketTotalCapitalInfo
2022-06-08,KOFIA_INVESTOR_DEPOSIT_MILLION_KRW,투자자예탁금,57517432.510575,million KRW,daily,data.go.kr KOFIA local normalized CSV,getSecuritiesMarketTotalCapitalInfo
2022-06-09,KOFIA_INVESTOR_DEPOSIT_MILLION_KRW,투자자예탁금,56997079.996784,million KRW,daily,data.go.kr KOFIA local normalized CSV,getSecuritiesMarketTotalCapitalInfo
2022-06-10,KOFIA_INVESTOR_DEPOSIT_MILLION_KRW,투자자예탁금,57304446.160766,million KRW,daily,data.go.kr KOFIA local normalized CSV,getSecuritiesMarketTotalCapitalInfo
2022-06-13,KOFIA_INVESTOR_DEPOSIT_MILLION_KRW,투자자예탁금,59081005.612768,million KRW,daily,data.go.kr KOFIA local normalized CSV,getSecuritiesMarketTotalCapitalInfo
2022-06-14,KOFIA_INVESTOR_DEPOSIT_MILLION_KRW,투자자예탁금,58736577.080417,million KRW,daily,data.go.kr KOFIA local normalized CSV,getSecuritiesMarketTotalCapitalInfo
2022-06-15,KOFIA_INVESTOR_DEPOSIT_MILLION_KRW,투자자예탁금,57976305.192249,million KRW,daily,data.go.kr KOFIA local normalized CSV,getSecuritiesMarketTotalCapitalInfo
2022-06-16,KOFIA_INVESTOR_DEPOSIT_MILLION_KRW,투자자예탁금,57020681.398226,million KRW,daily,data.go.kr KOFIA local normalized CSV,getSecuritiesMarketTotalCapitalInfo
2022-06-17,KOFIA_INVESTOR_DEPOSIT_MILLION_KRW,투자자예탁금,57173577.739633,million KRW,daily,data.go.kr KOFIA local normalized CSV,getSecuritiesMarketTotalCapitalInfo
2022-06-20,KOFIA_INVESTOR_DEPOSIT_MILLION_KRW,투자자예탁금,57205552.909283,million KRW,daily,data.go.kr KOFIA local normalized CSV,getSecuritiesMarketTotalCapitalInfo
2022-06-21,KOFIA_INVESTOR_DEPOSIT_MILLION_KRW,투자자예탁금,56962146.218514,million KRW,daily,data.go.kr KOFIA local normalized CSV,getSecuritiesMarketTotalCapitalInfo
2022-06-22,KOFIA_INVESTOR_DEPOSIT_MILLION_KRW,투자자예탁금,56394589.909992,million KRW,daily,data.go.kr KOFIA local normalized CSV,getSecuritiesMarketTotalCapitalInfo
2022-06-23,KOFIA_INVESTOR_DEPOSIT_MILLION_KRW,투자자예탁금,56988885.364727,million KRW,daily,data.go.kr KOFIA local normalized CSV,getSecuritiesMarketTotalCapitalInfo
2022-06-24,KOFIA_INVESTOR_DEPOSIT_MILLION_KRW,투자자예탁금,57545974.890726,million KRW,daily,data.go.kr KOFIA local normalized CSV,getSecuritiesMarketTotalCapitalInfo
2022-06-27,KOFIA_INVESTOR_DEPOSIT_MILLION_KRW,투자자예탁금,57433704.376621,million KRW,daily,data.go.kr KOFIA local normalized CSV,getSecuritiesMarketTotalCapitalInfo
2022-06-28,KOFIA_INVESTOR_DEPOSIT_MILLION_KRW,투자자예탁금,58317467.337292,million KRW,daily,data.go.kr KOFIA local normalized CSV,getSecuritiesMarketTotalCapitalInfo
2022-06-29,KOFIA_INVESTOR_DEPOSIT_MILLION_KRW,투자자예탁금,57357594.50547,million KRW,daily,data.go.kr KOFIA local normalized CSV,getSecuritiesMarketTotalCapitalInfo
2022-06-30,KOFIA_INVESTOR_DEPOSIT_MILLION_KRW,투자자예탁금,57364879.269709,million KRW,daily,data.go.kr KOFIA local normalized CSV,getSecuritiesMarketTotalCapitalInfo
2022-07-01,KOFIA_INVESTOR_DEPOSIT_MILLION_KRW,투자자예탁금,58738274.007293,million KRW,daily,data.go.kr KOFIA local normalized CSV,getSecuritiesMarketTotalCapitalInfo
2022-07-04,KOFIA_INVESTOR_DEPOSIT_MILLION_KRW,투자자예탁금,57669333.203045,million KRW,daily,data.go.kr KOFIA local normalized CSV,getSecuritiesMarketTotalCapitalInfo
2022-07-05,KOFIA_INVESTOR_DEPOSIT_MILLION_KRW,투자자예탁금,54924419.544726,million KRW,daily,data.go.kr KOFIA local normalized CSV,getSecuritiesMarketTotalCapitalInfo
2022-07-06,KOFIA_INVESTOR_DEPOSIT_MILLION_KRW,투자자예탁금,55476484.008648,million KRW,daily,data.go.kr KOFIA local normalized CSV,getSecuritiesMarketTotalCapitalInfo
2022-07-07,KOFIA_INVESTOR_DEPOSIT_MILLION_KRW,투자자예탁금,55008448.449429,million KRW,daily,data.go.kr KOFIA local normalized CSV,getSecuritiesMarketTotalCapitalInfo
2022-07-08,KOFIA_INVESTOR_DEPOSIT_MILLION_KRW,투자자예탁금,54413712.154303,million KRW,daily,data.go.kr KOFIA local normalized CSV,getSecuritiesMarketTotalCapitalInfo
2022-07-11,KOFIA_INVESTOR_DEPOSIT_MILLION_KRW,투자자예탁금,55232299.464284,million KRW,daily,data.go.kr KOFIA local normalized CSV,getSecuritiesMarketTotalCapitalInfo
2022-07-12,KOFIA_INVESTOR_DEPOSIT_MILLION_KRW,투자자예탁금,55201580.704474,million KRW,daily,data.go.kr KOFIA local normalized CSV,getSecuritiesMarketTotalCapitalInfo
2022-07-13,KOFIA_INVESTOR_DEPOSIT_MILLION_KRW,투자자예탁금,55794401.06213,million KRW,daily,data.go.kr KOFIA local normalized CSV,getSecuritiesMarketTotalCapitalInfo
2022-07-14,KOFIA_INVESTOR_DEPOSIT_MILLION_KRW,투자자예탁금,55776735.510479,million KRW,daily,data.go.kr KOFIA local normalized CSV,getSecuritiesMarketTotalCapitalInfo
2022-07-15,KOFIA_INVESTOR_DEPOSIT_MILLION_KRW,투자자예탁금,54478676.998768,million KRW,daily,data.go.kr KOFIA local normalized CSV,getSecuritiesMarketTotalCapitalInfo
2022-07-18,KOFIA_INVESTOR_DEPOSIT_MILLION_KRW,투자자예탁금,54854274.514877,million KRW,daily,data.go.kr KOFIA local normalized CSV,getSecuritiesMarketTotalCapitalInfo
2022-07-19,KOFIA_INVESTOR_DEPOSIT_MILLION_KRW,투자자예탁금,53495912.726087,million KRW,daily,data.go.kr KOFIA local normalized CSV,getSecuritiesMarketTotalCapitalInfo
2022-07-20,KOFIA_INVESTOR_DEPOSIT_MILLION_KRW,투자자예탁금,53492204.87226,million KRW,daily,data.go.kr KOFIA local normalized CSV,getSecuritiesMarketTotalCapitalInfo
2022-07-21,KOFIA_INVESTOR_DEPOSIT_MILLION_KRW,투자자예탁금,56072433.266056,million KRW,daily,data.go.kr KOFIA local normalized CSV,getSecuritiesMarketTotalCapitalInfo
2022-07-22,KOFIA_INVESTOR_DEPOSIT_MILLION_KRW,투자자예탁금,55240620.883094,million KRW,daily,data.go.kr KOFIA local normalized CSV,getSecuritiesMarketTotalCapitalInfo
2022-07-25,KOFIA_INVESTOR_DEPOSIT_MILLION_KRW,투자자예탁금,54732882.311221,million KRW,daily,data.go.kr KOFIA local normalized CSV,getSecuritiesMarketTotalCapitalInfo
2022-07-26,KOFIA_INVESTOR_DEPOSIT_MILLION_KRW,투자자예탁금,54836689.145567,million KRW,daily,data.go.kr KOFIA local normalized CSV,getSecuritiesMarketTotalCapitalInfo
2022-07-27,KOFIA_INVESTOR_DEPOSIT_MILLION_KRW,투자자예탁금,54664417.530027,million KRW,daily,data.go.kr KOFIA local normalized CSV,getSecuritiesMarketTotalCapitalInfo
2022-07-28,KOFIA_INVESTOR_DEPOSIT_MILLION_KRW,투자자예탁금,53878528.924876,million KRW,daily,data.go.kr KOFIA local normalized CSV,getSecuritiesMarketTotalCapitalInfo
2022-07-29,KOFIA_INVESTOR_DEPOSIT_MILLION_KRW,투자자예탁금,54259039.186703,million KRW,daily,data.go.kr KOFIA local normalized CSV,getSecuritiesMarketTotalCapitalInfo
2022-08-01,KOFIA_INVESTOR_DEPOSIT_MILLION_KRW,투자자예탁금,55766400.140549,million KRW,daily,data.go.kr KOFIA local normalized CSV,getSecuritiesMarketTotalCapitalInfo
2022-08-02,KOFIA_INVESTOR_DEPOSIT_MILLION_KRW,투자자예탁금,55109865.156141,million KRW,daily,data.go.kr KOFIA local normalized CSV,getSecuritiesMarketTotalCapitalInfo
2022-08-03,KOFIA_INVESTOR_DEPOSIT_MILLION_KRW,투자자예탁금,56039313.112756,million KRW,daily,data.go.kr KOFIA local normalized CSV,getSecuritiesMarketTotalCapitalInfo
2022-08-04,KOFIA_INVESTOR_DEPOSIT_MILLION_KRW,투자자예탁금,55172702.451185,million KRW,daily,data.go.kr KOFIA local normalized CSV,getSecuritiesMarketTotalCapitalInfo
2022-08-05,KOFIA_INVESTOR_DEPOSIT_MILLION_KRW,투자자예탁금,53762863.677159,million KRW,daily,data.go.kr KOFIA local normalized CSV,getSecuritiesMarketTotalCapitalInfo
2022-08-08,KOFIA_INVESTOR_DEPOSIT_MILLION_KRW,투자자예탁금,54234363.686079,million KRW,daily,data.go.kr KOFIA local normalized CSV,getSecuritiesMarketTotalCapitalInfo
2022-08-09,KOFIA_INVESTOR_DEPOSIT_MILLION_KRW,투자자예탁금,54315520.870166,million KRW,daily,data.go.kr KOFIA local normalized CSV,getSecuritiesMarketTotalCapitalInfo
2022-08-10,KOFIA_INVESTOR_DEPOSIT_MILLION_KRW,투자자예탁금,55493901.571409,million KRW,daily,data.go.kr KOFIA local normalized CSV,getSecuritiesMarketTotalCapitalInfo
2022-08-11,KOFIA_INVESTOR_DEPOSIT_MILLION_KRW,투자자예탁금,54787341.228112,million KRW,daily,data.go.kr KOFIA local normalized CSV,getSecuritiesMarketTotalCapitalInfo
2022-08-12,KOFIA_INVESTOR_DEPOSIT_MILLION_KRW,투자자예탁금,55313784.30238,million KRW,daily,data.go.kr KOFIA local normalized CSV,getSecuritiesMarketTotalCapitalInfo
2022-08-16,KOFIA_INVESTOR_DEPOSIT_MILLION_KRW,투자자예탁금,56949814.061028,million KRW,daily,data.go.kr KOFIA local normalized CSV,getSecuritiesMarketTotalCapitalInfo
2022-08-17,KOFIA_INVESTOR_DEPOSIT_MILLION_KRW,투자자예탁금,56003622.879573,million KRW,daily,data.go.kr KOFIA local normalized CSV,getSecuritiesMarketTotalCapitalInfo
2022-08-18,KOFIA_INVESTOR_DEPOSIT_MILLION_KRW,투자자예탁금,55225230.572398,million KRW,daily,data.go.kr KOFIA local normalized CSV,getSecuritiesMarketTotalCapitalInfo
2022-08-19,KOFIA_INVESTOR_DEPOSIT_MILLION_KRW,투자자예탁금,55227426.538232,million KRW,daily,data.go.kr KOFIA local normalized CSV,getSecuritiesMarketTotalCapitalInfo
2022-08-22,KOFIA_INVESTOR_DEPOSIT_MILLION_KRW,투자자예탁금,54832340.74522,million KRW,daily,data.go.kr KOFIA local normalized CSV,getSecuritiesMarketTotalCapitalInfo
2022-08-23,KOFIA_INVESTOR_DEPOSIT_MILLION_KRW,투자자예탁금,54835077.920218,million KRW,daily,data.go.kr KOFIA local normalized CSV,getSecuritiesMarketTotalCapitalInfo
2022-08-24,KOFIA_INVESTOR_DEPOSIT_MILLION_KRW,투자자예탁금,54681387.562015,million KRW,daily,data.go.kr KOFIA local normalized CSV,getSecuritiesMarketTotalCapitalInfo
2022-08-25,KOFIA_INVESTOR_DEPOSIT_MILLION_KRW,투자자예탁금,54299418.663999,million KRW,daily,data.go.kr KOFIA local normalized CSV,getSecuritiesMarketTotalCapitalInfo
2022-08-26,KOFIA_INVESTOR_DEPOSIT_MILLION_KRW,투자자예탁금,54265008.955959,million KRW,daily,data.go.kr KOFIA local normalized CSV,getSecuritiesMarketTotalCapitalInfo
2022-08-29,KOFIA_INVESTOR_DEPOSIT_MILLION_KRW,투자자예탁금,55170640.354114,million KRW,daily,data.go.kr KOFIA local normalized CSV,getSecuritiesMarketTotalCapitalInfo
2022-08-30,KOFIA_INVESTOR_DEPOSIT_MILLION_KRW,투자자예탁금,54164214.427948,million KRW,daily,data.go.kr KOFIA local normalized CSV,getSecuritiesMarketTotalCapitalInfo
2022-08-31,KOFIA_INVESTOR_DEPOSIT_MILLION_KRW,투자자예탁금,53063279.681881,million KRW,daily,data.go.kr KOFIA local normalized CSV,getSecuritiesMarketTotalCapitalInfo
2022-09-01,KOFIA_INVESTOR_DEPOSIT_MILLION_KRW,투자자예탁금,55502204.164657,million KRW,daily,data.go.kr KOFIA local normalized CSV,getSecuritiesMarketTotalCapitalInfo
2022-09-02,KOFIA_INVESTOR_DEPOSIT_MILLION_KRW,투자자예탁금,54712641.133772,million KRW,daily,data.go.kr KOFIA local normalized CSV,getSecuritiesMarketTotalCapitalInfo
2022-09-05,KOFIA_INVESTOR_DEPOSIT_MILLION_KRW,투자자예탁금,52291190.533539,million KRW,daily,data.go.kr KOFIA local normalized CSV,getSecuritiesMarketTotalCapitalInfo
2022-09-06,KOFIA_INVESTOR_DEPOSIT_MILLION_KRW,투자자예탁금,52042549.602505,million KRW,daily,data.go.kr KOFIA local normalized CSV,getSecuritiesMarketTotalCapitalInfo
2022-09-07,KOFIA_INVESTOR_DEPOSIT_MILLION_KRW,투자자예탁금,51880259.473995,million KRW,daily,data.go.kr KOFIA local normalized CSV,getSecuritiesMarketTotalCapitalInfo
2022-09-08,KOFIA_INVESTOR_DEPOSIT_MILLION_KRW,투자자예탁금,51704278.729489,million KRW,daily,data.go.kr KOFIA local normalized CSV,getSecuritiesMarketTotalCapitalInfo
2022-09-13,KOFIA_INVESTOR_DEPOSIT_MILLION_KRW,투자자예탁금,51343413.126622,million KRW,daily,data.go.kr KOFIA local normalized CSV,getSecuritiesMarketTotalCapitalInfo
2022-09-14,KOFIA_INVESTOR_DEPOSIT_MILLION_KRW,투자자예탁금,52229314.875681,million KRW,daily,data.go.kr KOFIA local normalized CSV,getSecuritiesMarketTotalCapitalInfo
2022-09-15,KOFIA_INVESTOR_DEPOSIT_MILLION_KRW,투자자예탁금,52565826.356879,million KRW,daily,data.go.kr KOFIA local normalized CSV,getSecuritiesMarketTotalCapitalInfo
2022-09-16,KOFIA_INVESTOR_DEPOSIT_MILLION_KRW,투자자예탁금,52096622.425358,million KRW,daily,data.go.kr KOFIA local normalized CSV,getSecuritiesMarketTotalCapitalInfo
2022-09-19,KOFIA_INVESTOR_DEPOSIT_MILLION_KRW,투자자예탁금,51554543.763266,million KRW,daily,data.go.kr KOFIA local normalized CSV,getSecuritiesMarketTotalCapitalInfo
2022-09-20,KOFIA_INVESTOR_DEPOSIT_MILLION_KRW,투자자예탁금,50830092.257633,million KRW,daily,data.go.kr KOFIA local normalized CSV,getSecuritiesMarketTotalCapitalInfo
2022-09-21,KOFIA_INVESTOR_DEPOSIT_MILLION_KRW,투자자예탁금,50779326.520753,million KRW,daily,data.go.kr KOFIA local normalized CSV,getSecuritiesMarketTotalCapitalInfo
2022-09-22,KOFIA_INVESTOR_DEPOSIT_MILLION_KRW,투자자예탁금,51525969.979799,million KRW,daily,data.go.kr KOFIA local normalized CSV,getSecuritiesMarketTotalCapitalInfo
2022-09-23,KOFIA_INVESTOR_DEPOSIT_MILLION_KRW,투자자예탁금,51702026.701099,million KRW,daily,data.go.kr KOFIA local normalized CSV,getSecuritiesMarketTotalCapitalInfo
2022-09-26,KOFIA_INVESTOR_DEPOSIT_MILLION_KRW,투자자예탁금,52043721.670766,million KRW,daily,data.go.kr KOFIA local normalized CSV,getSecuritiesMarketTotalCapitalInfo
2022-09-27,KOFIA_INVESTOR_DEPOSIT_MILLION_KRW,투자자예탁금,51471211.660183,million KRW,daily,data.go.kr KOFIA local normalized CSV,getSecuritiesMarketTotalCapitalInfo
2022-09-28,KOFIA_INVESTOR_DEPOSIT_MILLION_KRW,투자자예탁금,52567764.085909,million KRW,daily,data.go.kr KOFIA local normalized CSV,getSecuritiesMarketTotalCapitalInfo
2022-09-29,KOFIA_INVESTOR_DEPOSIT_MILLION_KRW,투자자예탁금,51853916.419433,million KRW,daily,data.go.kr KOFIA local normalized CSV,getSecuritiesMarketTotalCapitalInfo
2022-09-30,KOFIA_INVESTOR_DEPOSIT_MILLION_KRW,투자자예탁금,50852276.477711,million KRW,daily,data.go.kr KOFIA local normalized CSV,getSecuritiesMarketTotalCapitalInfo
2022-10-04,KOFIA_INVESTOR_DEPOSIT_MILLION_KRW,투자자예탁금,51219497.287519,million KRW,daily,data.go.kr KOFIA local normalized CSV,getSecuritiesMarketTotalCapitalInfo
2022-10-05,KOFIA_INVESTOR_DEPOSIT_MILLION_KRW,투자자예탁금,51191015.776369,million KRW,daily,data.go.kr KOFIA local normalized CSV,getSecuritiesMarketTotalCapitalInfo
2022-10-13,KOFIA_INVESTOR_DEPOSIT_MILLION_KRW,투자자예탁금,50334659.413742,million KRW,daily,data.go.kr KOFIA local normalized CSV,getSecuritiesMarketTotalCapitalInfo
2022-10-14,KOFIA_INVESTOR_DEPOSIT_MILLION_KRW,투자자예탁금,50388243.395376,million KRW,daily,data.go.kr KOFIA local normalized CSV,getSecuritiesMarketTotalCapitalInfo
2022-10-17,KOFIA_INVESTOR_DEPOSIT_MILLION_KRW,투자자예탁금,49042313.977993,million KRW,daily,data.go.kr KOFIA local normalized CSV,getSecuritiesMarketTotalCapitalInfo
2022-10-18,KOFIA_INVESTOR_DEPOSIT_MILLION_KRW,투자자예탁금,49069529.955767,million KRW,daily,data.go.kr KOFIA local normalized CSV,getSecuritiesMarketTotalCapitalInfo
2022-10-19,KOFIA_INVESTOR_DEPOSIT_MILLION_KRW,투자자예탁금,48740900.669058,million KRW,daily,data.go.kr KOFIA local normalized CSV,getSecuritiesMarketTotalCapitalInfo
2022-10-20,KOFIA_INVESTOR_DEPOSIT_MILLION_KRW,투자자예탁금,49158835.978537,million KRW,daily,data.go.kr KOFIA local normalized CSV,getSecuritiesMarketTotalCapitalInfo
2022-10-21,KOFIA_INVESTOR_DEPOSIT_MILLION_KRW,투자자예탁금,48663842.574006,million KRW,daily,data.go.kr KOFIA local normalized CSV,getSecuritiesMarketTotalCapitalInfo
2022-10-24,KOFIA_INVESTOR_DEPOSIT_MILLION_KRW,투자자예탁금,48291327.976369,million KRW,daily,data.go.kr KOFIA local normalized CSV,getSecuritiesMarketTotalCapitalInfo
2022-10-25,KOFIA_INVESTOR_DEPOSIT_MILLION_KRW,투자자예탁금,47696673.761214,million KRW,daily,data.go.kr KOFIA local normalized CSV,getSecuritiesMarketTotalCapitalInfo
2022-10-26,KOFIA_INVESTOR_DEPOSIT_MILLION_KRW,투자자예탁금,48465099.672863,million KRW,daily,data.go.kr KOFIA local normalized CSV,getSecuritiesMarketTotalCapitalInfo
2022-10-27,KOFIA_INVESTOR_DEPOSIT_MILLION_KRW,투자자예탁금,50941773.864287,million KRW,daily,data.go.kr KOFIA local normalized CSV,getSecuritiesMarketTotalCapitalInfo
2022-10-28,KOFIA_INVESTOR_DEPOSIT_MILLION_KRW,투자자예탁금,47672693.763477,million KRW,daily,data.go.kr KOFIA local normalized CSV,getSecuritiesMarketTotalCapitalInfo
2022-10-31,KOFIA_INVESTOR_DEPOSIT_MILLION_KRW,투자자예탁금,48619093.5505,million KRW,daily,data.go.kr KOFIA local normalized CSV,getSecuritiesMarketTotalCapitalInfo
2022-11-01,KOFIA_INVESTOR_DEPOSIT_MILLION_KRW,투자자예탁금,49846921.235187,million KRW,daily,data.go.kr KOFIA local normalized CSV,getSecuritiesMarketTotalCapitalInfo
2022-11-02,KOFIA_INVESTOR_DEPOSIT_MILLION_KRW,투자자예탁금,50003561.907145,million KRW,daily,data.go.kr KOFIA local normalized CSV,getSecuritiesMarketTotalCapitalInfo
2022-11-03,KOFIA_INVESTOR_DEPOSIT_MILLION_KRW,투자자예탁금,48817553.761237,million KRW,daily,data.go.kr KOFIA local normalized CSV,getSecuritiesMarketTotalCapitalInfo
2022-11-04,KOFIA_INVESTOR_DEPOSIT_MILLION_KRW,투자자예탁금,48322516.896878,million KRW,daily,data.go.kr KOFIA local normalized CSV,getSecuritiesMarketTotalCapitalInfo
2022-11-07,KOFIA_INVESTOR_DEPOSIT_MILLION_KRW,투자자예탁금,47455996.276629,million KRW,daily,data.go.kr KOFIA local normalized CSV,getSecuritiesMarketTotalCapitalInfo
2022-11-08,KOFIA_INVESTOR_DEPOSIT_MILLION_KRW,투자자예탁금,46938584.868776,million KRW,daily,data.go.kr KOFIA local normalized CSV,getSecuritiesMarketTotalCapitalInfo
2022-11-09,KOFIA_INVESTOR_DEPOSIT_MILLION_KRW,투자자예탁금,47535407.654186,million KRW,daily,data.go.kr KOFIA local normalized CSV,getSecuritiesMarketTotalCapitalInfo
2022-11-10,KOFIA_INVESTOR_DEPOSIT_MILLION_KRW,투자자예탁금,49358915.35608,million KRW,daily,data.go.kr KOFIA local normalized CSV,getSecuritiesMarketTotalCapitalInfo
2022-11-11,KOFIA_INVESTOR_DEPOSIT_MILLION_KRW,투자자예탁금,49008782.827208,million KRW,daily,data.go.kr KOFIA local normalized CSV,getSecuritiesMarketTotalCapitalInfo
2022-11-14,KOFIA_INVESTOR_DEPOSIT_MILLION_KRW,투자자예탁금,49926241.216827,million KRW,daily,data.go.kr KOFIA local normalized CSV,getSecuritiesMarketTotalCapitalInfo
2022-11-15,KOFIA_INVESTOR_DEPOSIT_MILLION_KRW,투자자예탁금,51032222.803809,million KRW,daily,data.go.kr KOFIA local normalized CSV,getSecuritiesMarketTotalCapitalInfo
2022-11-16,KOFIA_INVESTOR_DEPOSIT_MILLION_KRW,투자자예탁금,50113946.129418,million KRW,daily,data.go.kr KOFIA local normalized CSV,getSecuritiesMarketTotalCapitalInfo
2022-11-17,KOFIA_INVESTOR_DEPOSIT_MILLION_KRW,투자자예탁금,49751671.062645,million KRW,daily,data.go.kr KOFIA local normalized CSV,getSecuritiesMarketTotalCapitalInfo
2022-11-18,KOFIA_INVESTOR_DEPOSIT_MILLION_KRW,투자자예탁금,49687577.923861,million KRW,daily,data.go.kr KOFIA local normalized CSV,getSecuritiesMarketTotalCapitalInfo
2022-11-21,KOFIA_INVESTOR_DEPOSIT_MILLION_KRW,투자자예탁금,48417308.727249,million KRW,daily,data.go.kr KOFIA local normalized CSV,getSecuritiesMarketTotalCapitalInfo
2022-11-22,KOFIA_INVESTOR_DEPOSIT_MILLION_KRW,투자자예탁금,47854313.959269,million KRW,daily,data.go.kr KOFIA local normalized CSV,getSecuritiesMarketTotalCapitalInfo
2022-11-23,KOFIA_INVESTOR_DEPOSIT_MILLION_KRW,투자자예탁금,48408082.267492,million KRW,daily,data.go.kr KOFIA local normalized CSV,getSecuritiesMarketTotalCapitalInfo
2022-11-24,KOFIA_INVESTOR_DEPOSIT_MILLION_KRW,투자자예탁금,47730960.183349,million KRW,daily,data.go.kr KOFIA local normalized CSV,getSecuritiesMarketTotalCapitalInfo
2022-11-25,KOFIA_INVESTOR_DEPOSIT_MILLION_KRW,투자자예탁금,47826821.551414,million KRW,daily,data.go.kr KOFIA local normalized CSV,getSecuritiesMarketTotalCapitalInfo
2022-11-28,KOFIA_INVESTOR_DEPOSIT_MILLION_KRW,투자자예탁금,49261218.432704,million KRW,daily,data.go.kr KOFIA local normalized CSV,getSecuritiesMarketTotalCapitalInfo
2022-11-29,KOFIA_INVESTOR_DEPOSIT_MILLION_KRW,투자자예탁금,48237837.958222,million KRW,daily,data.go.kr KOFIA local normalized CSV,getSecuritiesMarketTotalCapitalInfo
2022-11-30,KOFIA_INVESTOR_DEPOSIT_MILLION_KRW,투자자예탁금,46674550.140973,million KRW,daily,data.go.kr KOFIA local normalized CSV,getSecuritiesMarketTotalCapitalInfo
2022-12-01,KOFIA_INVESTOR_DEPOSIT_MILLION_KRW,투자자예탁금,49654674.917759,million KRW,daily,data.go.kr KOFIA local normalized CSV,getSecuritiesMarketTotalCapitalInfo
2022-12-02,KOFIA_INVESTOR_DEPOSIT_MILLION_KRW,투자자예탁금,48179977.294323,million KRW,daily,data.go.kr KOFIA local normalized CSV,getSecuritiesMarketTotalCapitalInfo
2022-12-05,KOFIA_INVESTOR_DEPOSIT_MILLION_KRW,투자자예탁금,47353498.733955,million KRW,daily,data.go.kr KOFIA local normalized CSV,getSecuritiesMarketTotalCapitalInfo
2022-12-06,KOFIA_INVESTOR_DEPOSIT_MILLION_KRW,투자자예탁금,46728306.654329,million KRW,daily,data.go.kr KOFIA local normalized CSV,getSecuritiesMarketTotalCapitalInfo
2022-12-07,KOFIA_INVESTOR_DEPOSIT_MILLION_KRW,투자자예탁금,46009505.551954,million KRW,daily,data.go.kr KOFIA local normalized CSV,getSecuritiesMarketTotalCapitalInfo
2022-12-08,KOFIA_INVESTOR_DEPOSIT_MILLION_KRW,투자자예탁금,46678648.578896,million KRW,daily,data.go.kr KOFIA local normalized CSV,getSecuritiesMarketTotalCapitalInfo
2022-12-09,KOFIA_INVESTOR_DEPOSIT_MILLION_KRW,투자자예탁금,45745200.077504,million KRW,daily,data.go.kr KOFIA local normalized CSV,getSecuritiesMarketTotalCapitalInfo
2022-12-12,KOFIA_INVESTOR_DEPOSIT_MILLION_KRW,투자자예탁금,46330546.980722,million KRW,daily,data.go.kr KOFIA local normalized CSV,getSecuritiesMarketTotalCapitalInfo
2022-12-13,KOFIA_INVESTOR_DEPOSIT_MILLION_KRW,투자자예탁금,45963736.494152,million KRW,daily,data.go.kr KOFIA local normalized CSV,getSecuritiesMarketTotalCapitalInfo
2022-12-14,KOFIA_INVESTOR_DEPOSIT_MILLION_KRW,투자자예탁금,46329601.373562,million KRW,daily,data.go.kr KOFIA local normalized CSV,getSecuritiesMarketTotalCapitalInfo
2022-12-15,KOFIA_INVESTOR_DEPOSIT_MILLION_KRW,투자자예탁금,45213813.618934,million KRW,daily,data.go.kr KOFIA local normalized CSV,getSecuritiesMarketTotalCapitalInfo
2022-12-16,KOFIA_INVESTOR_DEPOSIT_MILLION_KRW,투자자예탁금,46118818.894035,million KRW,daily,data.go.kr KOFIA local normalized CSV,getSecuritiesMarketTotalCapitalInfo
2022-12-19,KOFIA_INVESTOR_DEPOSIT_MILLION_KRW,투자자예탁금,45131663.017719,million KRW,daily,data.go.kr KOFIA local normalized CSV,getSecuritiesMarketTotalCapitalInfo
2022-12-20,KOFIA_INVESTOR_DEPOSIT_MILLION_KRW,투자자예탁금,45363368.880934,million KRW,daily,data.go.kr KOFIA local normalized CSV,getSecuritiesMarketTotalCapitalInfo
2022-12-21,KOFIA_INVESTOR_DEPOSIT_MILLION_KRW,투자자예탁금,45318881.046868,million KRW,daily,data.go.kr KOFIA local normalized CSV,getSecuritiesMarketTotalCapitalInfo
2022-12-22,KOFIA_INVESTOR_DEPOSIT_MILLION_KRW,투자자예탁금,44309164.948125,million KRW,daily,data.go.kr KOFIA local normalized CSV,getSecuritiesMarketTotalCapitalInfo
2022-12-23,KOFIA_INVESTOR_DEPOSIT_MILLION_KRW,투자자예탁금,43902494.81173,million KRW,daily,data.go.kr KOFIA local normalized CSV,getSecuritiesMarketTotalCapitalInfo
2022-12-26,KOFIA_INVESTOR_DEPOSIT_MILLION_KRW,투자자예탁금,47542603.766653,million KRW,daily,data.go.kr KOFIA local normalized CSV,getSecuritiesMarketTotalCapitalInfo
2022-12-27,KOFIA_INVESTOR_DEPOSIT_MILLION_KRW,투자자예탁금,45718241.083774,million KRW,daily,data.go.kr KOFIA local normalized CSV,getSecuritiesMarketTotalCapitalInfo
2022-12-28,KOFIA_INVESTOR_DEPOSIT_MILLION_KRW,투자자예탁금,46984411.276703,million KRW,daily,data.go.kr KOFIA local normalized CSV,getSecuritiesMarketTotalCapitalInfo
2022-12-29,KOFIA_INVESTOR_DEPOSIT_MILLION_KRW,투자자예탁금,47046502.702583,million KRW,daily,data.go.kr KOFIA local normalized CSV,getSecuritiesMarketTotalCapitalInfo
2022-12-30,KOFIA_INVESTOR_DEPOSIT_MILLION_KRW,투자자예탁금,46448436.345219,million KRW,daily,data.go.kr KOFIA local normalized CSV,getSecuritiesMarketTotalCapitalInfo
2023-01-02,KOFIA_INVESTOR_DEPOSIT_MILLION_KRW,투자자예탁금,50833937.293095,million KRW,daily,data.go.kr KOFIA local normalized CSV,getSecuritiesMarketTotalCapitalInfo
2023-01-03,KOFIA_INVESTOR_DEPOSIT_MILLION_KRW,투자자예탁금,48481079.753721,million KRW,daily,data.go.kr KOFIA local normalized CSV,getSecuritiesMarketTotalCapitalInfo
2023-01-04,KOFIA_INVESTOR_DEPOSIT_MILLION_KRW,투자자예탁금,46368152.084448,million KRW,daily,data.go.kr KOFIA local normalized CSV,getSecuritiesMarketTotalCapitalInfo
2023-01-05,KOFIA_INVESTOR_DEPOSIT_MILLION_KRW,투자자예탁금,44976584.165262,million KRW,daily,data.go.kr KOFIA local normalized CSV,getSecuritiesMarketTotalCapitalInfo
2023-01-06,KOFIA_INVESTOR_DEPOSIT_MILLION_KRW,투자자예탁금,44147757.917912,million KRW,daily,data.go.kr KOFIA local normalized CSV,getSecuritiesMarketTotalCapitalInfo
2023-01-09,KOFIA_INVESTOR_DEPOSIT_MILLION_KRW,투자자예탁금,43886393.805891,million KRW,daily,data.go.kr KOFIA local normalized CSV,getSecuritiesMarketTotalCapitalInfo
2023-01-10,KOFIA_INVESTOR_DEPOSIT_MILLION_KRW,투자자예탁금,43692762.09467,million KRW,daily,data.go.kr KOFIA local normalized CSV,getSecuritiesMarketTotalCapitalInfo
2023-01-11,KOFIA_INVESTOR_DEPOSIT_MILLION_KRW,투자자예탁금,44352629.033849,million KRW,daily,data.go.kr KOFIA local normalized CSV,getSecuritiesMarketTotalCapitalInfo
2023-01-12,KOFIA_INVESTOR_DEPOSIT_MILLION_KRW,투자자예탁금,45245664.543397,million KRW,daily,data.go.kr KOFIA local normalized CSV,getSecuritiesMarketTotalCapitalInfo
2023-01-13,KOFIA_INVESTOR_DEPOSIT_MILLION_KRW,투자자예탁금,45600918.772737,million KRW,daily,data.go.kr KOFIA local normalized CSV,getSecuritiesMarketTotalCapitalInfo
2023-01-16,KOFIA_INVESTOR_DEPOSIT_MILLION_KRW,투자자예탁금,45611713.863992,million KRW,daily,data.go.kr KOFIA local normalized CSV,getSecuritiesMarketTotalCapitalInfo
2023-01-17,KOFIA_INVESTOR_DEPOSIT_MILLION_KRW,투자자예탁금,45245575.388073,million KRW,daily,data.go.kr KOFIA local normalized CSV,getSecuritiesMarketTotalCapitalInfo
2023-01-18,KOFIA_INVESTOR_DEPOSIT_MILLION_KRW,투자자예탁금,45653316.827396,million KRW,daily,data.go.kr KOFIA local normalized CSV,getSecuritiesMarketTotalCapitalInfo
2023-01-19,KOFIA_INVESTOR_DEPOSIT_MILLION_KRW,투자자예탁금,44566702.949644,million KRW,daily,data.go.kr KOFIA local normalized CSV,getSecuritiesMarketTotalCapitalInfo
2023-01-20,KOFIA_INVESTOR_DEPOSIT_MILLION_KRW,투자자예탁금,44159948.382204,million KRW,daily,data.go.kr KOFIA local normalized CSV,getSecuritiesMarketTotalCapitalInfo
2023-01-25,KOFIA_INVESTOR_DEPOSIT_MILLION_KRW,투자자예탁금,45026426.677255,million KRW,daily,data.go.kr KOFIA local normalized CSV,getSecuritiesMarketTotalCapitalInfo
2023-01-26,KOFIA_INVESTOR_DEPOSIT_MILLION_KRW,투자자예탁금,45767466.153939,million KRW,daily,data.go.kr KOFIA local normalized CSV,getSecuritiesMarketTotalCapitalInfo
2023-01-27,KOFIA_INVESTOR_DEPOSIT_MILLION_KRW,투자자예탁금,47229225.389303,million KRW,daily,data.go.kr KOFIA local normalized CSV,getSecuritiesMarketTotalCapitalInfo
2023-01-30,KOFIA_INVESTOR_DEPOSIT_MILLION_KRW,투자자예탁금,47123582.315834,million KRW,daily,data.go.kr KOFIA local normalized CSV,getSecuritiesMarketTotalCapitalInfo
2023-01-31,KOFIA_INVESTOR_DEPOSIT_MILLION_KRW,투자자예탁금,49274946.730778,million KRW,daily,data.go.kr KOFIA local normalized CSV,getSecuritiesMarketTotalCapitalInfo
2023-02-01,KOFIA_INVESTOR_DEPOSIT_MILLION_KRW,투자자예탁금,51521791.394722,million KRW,daily,data.go.kr KOFIA local normalized CSV,getSecuritiesMarketTotalCapitalInfo
2023-02-02,KOFIA_INVESTOR_DEPOSIT_MILLION_KRW,투자자예탁금,46459606.150884,million KRW,daily,data.go.kr KOFIA local normalized CSV,getSecuritiesMarketTotalCapitalInfo
2023-02-03,KOFIA_INVESTOR_DEPOSIT_MILLION_KRW,투자자예탁금,47746813.579658,million KRW,daily,data.go.kr KOFIA local normalized CSV,getSecuritiesMarketTotalCapitalInfo
2023-02-06,KOFIA_INVESTOR_DEPOSIT_MILLION_KRW,투자자예탁금,47380231.53248,million KRW,daily,data.go.kr KOFIA local normalized CSV,getSecuritiesMarketTotalCapitalInfo
2023-02-07,KOFIA_INVESTOR_DEPOSIT_MILLION_KRW,투자자예탁금,48161001.0254,million KRW,daily,data.go.kr KOFIA local normalized CSV,getSecuritiesMarketTotalCapitalInfo
2023-02-08,KOFIA_INVESTOR_DEPOSIT_MILLION_KRW,투자자예탁금,46727300.92074,million KRW,daily,data.go.kr KOFIA local normalized CSV,getSecuritiesMarketTotalCapitalInfo
2023-02-09,KOFIA_INVESTOR_DEPOSIT_MILLION_KRW,투자자예탁금,47862312.520726,million KRW,daily,data.go.kr KOFIA local normalized CSV,getSecuritiesMarketTotalCapitalInfo
2023-02-10,KOFIA_INVESTOR_DEPOSIT_MILLION_KRW,투자자예탁금,47084169.212212,million KRW,daily,data.go.kr KOFIA local normalized CSV,getSecuritiesMarketTotalCapitalInfo
2023-02-13,KOFIA_INVESTOR_DEPOSIT_MILLION_KRW,투자자예탁금,47625352.273016,million KRW,daily,data.go.kr KOFIA local normalized CSV,getSecuritiesMarketTotalCapitalInfo
2023-02-14,KOFIA_INVESTOR_DEPOSIT_MILLION_KRW,투자자예탁금,48019527.441863,million KRW,daily,data.go.kr KOFIA local normalized CSV,getSecuritiesMarketTotalCapitalInfo
2023-02-15,KOFIA_INVESTOR_DEPOSIT_MILLION_KRW,투자자예탁금,47437045.741686,million KRW,daily,data.go.kr KOFIA local normalized CSV,getSecuritiesMarketTotalCapitalInfo
2023-02-16,KOFIA_INVESTOR_DEPOSIT_MILLION_KRW,투자자예탁금,47733228.065113,million KRW,daily,data.go.kr KOFIA local normalized CSV,getSecuritiesMarketTotalCapitalInfo
2023-02-17,KOFIA_INVESTOR_DEPOSIT_MILLION_KRW,투자자예탁금,45886568.26889,million KRW,daily,data.go.kr KOFIA local normalized CSV,getSecuritiesMarketTotalCapitalInfo
2023-02-20,KOFIA_INVESTOR_DEPOSIT_MILLION_KRW,투자자예탁금,46860104.429355,million KRW,daily,data.go.kr KOFIA local normalized CSV,getSecuritiesMarketTotalCapitalInfo
2023-02-21,KOFIA_INVESTOR_DEPOSIT_MILLION_KRW,투자자예탁금,46199829.608904,million KRW,daily,data.go.kr KOFIA local normalized CSV,getSecuritiesMarketTotalCapitalInfo
2023-02-22,KOFIA_INVESTOR_DEPOSIT_MILLION_KRW,투자자예탁금,47643367.757503,million KRW,daily,data.go.kr KOFIA local normalized CSV,getSecuritiesMarketTotalCapitalInfo
2023-02-23,KOFIA_INVESTOR_DEPOSIT_MILLION_KRW,투자자예탁금,46877878.739504,million KRW,daily,data.go.kr KOFIA local normalized CSV,getSecuritiesMarketTotalCapitalInfo
2023-02-24,KOFIA_INVESTOR_DEPOSIT_MILLION_KRW,투자자예탁금,46665037.55953,million KRW,daily,data.go.kr KOFIA local normalized CSV,getSecuritiesMarketTotalCapitalInfo
2023-02-27,KOFIA_INVESTOR_DEPOSIT_MILLION_KRW,투자자예탁금,47382593.579592,million KRW,daily,data.go.kr KOFIA local normalized CSV,getSecuritiesMarketTotalCapitalInfo
2023-02-28,KOFIA_INVESTOR_DEPOSIT_MILLION_KRW,투자자예탁금,47739759.960716,million KRW,daily,data.go.kr KOFIA local normalized CSV,getSecuritiesMarketTotalCapitalInfo
2023-03-02,KOFIA_INVESTOR_DEPOSIT_MILLION_KRW,투자자예탁금,48526247.284008,million KRW,daily,data.go.kr KOFIA local normalized CSV,getSecuritiesMarketTotalCapitalInfo
2023-03-03,KOFIA_INVESTOR_DEPOSIT_MILLION_KRW,투자자예탁금,45646458.73342,million KRW,daily,data.go.kr KOFIA local normalized CSV,getSecuritiesMarketTotalCapitalInfo
2023-03-06,KOFIA_INVESTOR_DEPOSIT_MILLION_KRW,투자자예탁금,48327841.82086,million KRW,daily,data.go.kr KOFIA local normalized CSV,getSecuritiesMarketTotalCapitalInfo
2023-03-07,KOFIA_INVESTOR_DEPOSIT_MILLION_KRW,투자자예탁금,49588452.310266,million KRW,daily,data.go.kr KOFIA local normalized CSV,getSecuritiesMarketTotalCapitalInfo
2023-03-08,KOFIA_INVESTOR_DEPOSIT_MILLION_KRW,투자자예탁금,48911904.35223,million KRW,daily,data.go.kr KOFIA local normalized CSV,getSecuritiesMarketTotalCapitalInfo
2023-03-09,KOFIA_INVESTOR_DEPOSIT_MILLION_KRW,투자자예탁금,49880759.911786,million KRW,daily,data.go.kr KOFIA local normalized CSV,getSecuritiesMarketTotalCapitalInfo
2023-03-10,KOFIA_INVESTOR_DEPOSIT_MILLION_KRW,투자자예탁금,48325431.614693,million KRW,daily,data.go.kr KOFIA local normalized CSV,getSecuritiesMarketTotalCapitalInfo
2023-03-13,KOFIA_INVESTOR_DEPOSIT_MILLION_KRW,투자자예탁금,47508462.45256,million KRW,daily,data.go.kr KOFIA local normalized CSV,getSecuritiesMarketTotalCapitalInfo
2023-03-14,KOFIA_INVESTOR_DEPOSIT_MILLION_KRW,투자자예탁금,48076743.159421,million KRW,daily,data.go.kr KOFIA local normalized CSV,getSecuritiesMarketTotalCapitalInfo
2023-03-15,KOFIA_INVESTOR_DEPOSIT_MILLION_KRW,투자자예탁금,48735233.021957,million KRW,daily,data.go.kr KOFIA local normalized CSV,getSecuritiesMarketTotalCapitalInfo
2023-03-16,KOFIA_INVESTOR_DEPOSIT_MILLION_KRW,투자자예탁금,46392371.953587,million KRW,daily,data.go.kr KOFIA local normalized CSV,getSecuritiesMarketTotalCapitalInfo
2023-03-17,KOFIA_INVESTOR_DEPOSIT_MILLION_KRW,투자자예탁금,46325468.989207,million KRW,daily,data.go.kr KOFIA local normalized CSV,getSecuritiesMarketTotalCapitalInfo
2023-03-20,KOFIA_INVESTOR_DEPOSIT_MILLION_KRW,투자자예탁금,46252698.565745,million KRW,daily,data.go.kr KOFIA local normalized CSV,getSecuritiesMarketTotalCapitalInfo
2023-03-21,KOFIA_INVESTOR_DEPOSIT_MILLION_KRW,투자자예탁금,47224473.215453,million KRW,daily,data.go.kr KOFIA local normalized CSV,getSecuritiesMarketTotalCapitalInfo
2023-03-22,KOFIA_INVESTOR_DEPOSIT_MILLION_KRW,투자자예탁금,46332587.297562,million KRW,daily,data.go.kr KOFIA local normalized CSV,getSecuritiesMarketTotalCapitalInfo
2023-03-23,KOFIA_INVESTOR_DEPOSIT_MILLION_KRW,투자자예탁금,47430768.642629,million KRW,daily,data.go.kr KOFIA local normalized CSV,getSecuritiesMarketTotalCapitalInfo
2023-03-24,KOFIA_INVESTOR_DEPOSIT_MILLION_KRW,투자자예탁금,48640046.057356,million KRW,daily,data.go.kr KOFIA local normalized CSV,getSecuritiesMarketTotalCapitalInfo
2023-03-27,KOFIA_INVESTOR_DEPOSIT_MILLION_KRW,투자자예탁금,50544597.44949,million KRW,daily,data.go.kr KOFIA local normalized CSV,getSecuritiesMarketTotalCapitalInfo
2023-03-28,KOFIA_INVESTOR_DEPOSIT_MILLION_KRW,투자자예탁금,49230204.060536,million KRW,daily,data.go.kr KOFIA local normalized CSV,getSecuritiesMarketTotalCapitalInfo
2023-03-29,KOFIA_INVESTOR_DEPOSIT_MILLION_KRW,투자자예탁금,48314835.549591,million KRW,daily,data.go.kr KOFIA local normalized CSV,getSecuritiesMarketTotalCapitalInfo
2023-03-30,KOFIA_INVESTOR_DEPOSIT_MILLION_KRW,투자자예탁금,48687114.784223,million KRW,daily,data.go.kr KOFIA local normalized CSV,getSecuritiesMarketTotalCapitalInfo
2023-03-31,KOFIA_INVESTOR_DEPOSIT_MILLION_KRW,투자자예탁금,50601820.360439,million KRW,daily,data.go.kr KOFIA local normalized CSV,getSecuritiesMarketTotalCapitalInfo
2023-04-03,KOFIA_INVESTOR_DEPOSIT_MILLION_KRW,투자자예탁금,53050470.22532,million KRW,daily,data.go.kr KOFIA local normalized CSV,getSecuritiesMarketTotalCapitalInfo
2023-04-04,KOFIA_INVESTOR_DEPOSIT_MILLION_KRW,투자자예탁금,50530731.697881,million KRW,daily,data.go.kr KOFIA local normalized CSV,getSecuritiesMarketTotalCapitalInfo
2023-04-05,KOFIA_INVESTOR_DEPOSIT_MILLION_KRW,투자자예탁금,49118094.997375,million KRW,daily,data.go.kr KOFIA local normalized CSV,getSecuritiesMarketTotalCapitalInfo
2023-04-06,KOFIA_INVESTOR_DEPOSIT_MILLION_KRW,투자자예탁금,50333106.749945,million KRW,daily,data.go.kr KOFIA local normalized CSV,getSecuritiesMarketTotalCapitalInfo
2023-04-07,KOFIA_INVESTOR_DEPOSIT_MILLION_KRW,투자자예탁금,51022512.470636,million KRW,daily,data.go.kr KOFIA local normalized CSV,getSecuritiesMarketTotalCapitalInfo
2023-04-10,KOFIA_INVESTOR_DEPOSIT_MILLION_KRW,투자자예탁금,49681868.090697,million KRW,daily,data.go.kr KOFIA local normalized CSV,getSecuritiesMarketTotalCapitalInfo
2023-04-11,KOFIA_INVESTOR_DEPOSIT_MILLION_KRW,투자자예탁금,53157854.684097,million KRW,daily,data.go.kr KOFIA local normalized CSV,getSecuritiesMarketTotalCapitalInfo
2023-04-12,KOFIA_INVESTOR_DEPOSIT_MILLION_KRW,투자자예탁금,52400870.655394,million KRW,daily,data.go.kr KOFIA local normalized CSV,getSecuritiesMarketTotalCapitalInfo
2023-04-13,KOFIA_INVESTOR_DEPOSIT_MILLION_KRW,투자자예탁금,53623988.163257,million KRW,daily,data.go.kr KOFIA local normalized CSV,getSecuritiesMarketTotalCapitalInfo
2023-04-14,KOFIA_INVESTOR_DEPOSIT_MILLION_KRW,투자자예탁금,52398731.748476,million KRW,daily,data.go.kr KOFIA local normalized CSV,getSecuritiesMarketTotalCapitalInfo
2023-04-17,KOFIA_INVESTOR_DEPOSIT_MILLION_KRW,투자자예탁금,52891488.772643,million KRW,daily,data.go.kr KOFIA local normalized CSV,getSecuritiesMarketTotalCapitalInfo
2023-04-18,KOFIA_INVESTOR_DEPOSIT_MILLION_KRW,투자자예탁금,53630411.924606,million KRW,daily,data.go.kr KOFIA local normalized CSV,getSecuritiesMarketTotalCapitalInfo
2023-04-19,KOFIA_INVESTOR_DEPOSIT_MILLION_KRW,투자자예탁금,52093290.35672,million KRW,daily,data.go.kr KOFIA local normalized CSV,getSecuritiesMarketTotalCapitalInfo
2023-04-20,KOFIA_INVESTOR_DEPOSIT_MILLION_KRW,투자자예탁금,52647865.056123,million KRW,daily,data.go.kr KOFIA local normalized CSV,getSecuritiesMarketTotalCapitalInfo
2023-04-21,KOFIA_INVESTOR_DEPOSIT_MILLION_KRW,투자자예탁금,53200763.785446,million KRW,daily,data.go.kr KOFIA local normalized CSV,getSecuritiesMarketTotalCapitalInfo
2023-04-24,KOFIA_INVESTOR_DEPOSIT_MILLION_KRW,투자자예탁금,53347496.528227,million KRW,daily,data.go.kr KOFIA local normalized CSV,getSecuritiesMarketTotalCapitalInfo
2023-04-25,KOFIA_INVESTOR_DEPOSIT_MILLION_KRW,투자자예탁금,53771675.540434,million KRW,daily,data.go.kr KOFIA local normalized CSV,getSecuritiesMarketTotalCapitalInfo
2023-04-26,KOFIA_INVESTOR_DEPOSIT_MILLION_KRW,투자자예탁금,53487908.9822,million KRW,daily,data.go.kr KOFIA local normalized CSV,getSecuritiesMarketTotalCapitalInfo
2023-04-27,KOFIA_INVESTOR_DEPOSIT_MILLION_KRW,투자자예탁금,53492834.059339,million KRW,daily,data.go.kr KOFIA local normalized CSV,getSecuritiesMarketTotalCapitalInfo
2023-04-28,KOFIA_INVESTOR_DEPOSIT_MILLION_KRW,투자자예탁금,53142047.795399,million KRW,daily,data.go.kr KOFIA local normalized CSV,getSecuritiesMarketTotalCapitalInfo
2023-05-02,KOFIA_INVESTOR_DEPOSIT_MILLION_KRW,투자자예탁금,54242209.885287,million KRW,daily,data.go.kr KOFIA local normalized CSV,getSecuritiesMarketTotalCapitalInfo
2023-05-03,KOFIA_INVESTOR_DEPOSIT_MILLION_KRW,투자자예탁금,51150174.186078,million KRW,daily,data.go.kr KOFIA local normalized CSV,getSecuritiesMarketTotalCapitalInfo
2023-05-04,KOFIA_INVESTOR_DEPOSIT_MILLION_KRW,투자자예탁금,51997825.684347,million KRW,daily,data.go.kr KOFIA local normalized CSV,getSecuritiesMarketTotalCapitalInfo
2023-05-08,KOFIA_INVESTOR_DEPOSIT_MILLION_KRW,투자자예탁금,50166032.214484,million KRW,daily,data.go.kr KOFIA local normalized CSV,getSecuritiesMarketTotalCapitalInfo
2023-05-09,KOFIA_INVESTOR_DEPOSIT_MILLION_KRW,투자자예탁금,49562997.725979,million KRW,daily,data.go.kr KOFIA local normalized CSV,getSecuritiesMarketTotalCapitalInfo
2023-05-10,KOFIA_INVESTOR_DEPOSIT_MILLION_KRW,투자자예탁금,50207652.307683,million KRW,daily,data.go.kr KOFIA local normalized CSV,getSecuritiesMarketTotalCapitalInfo
2023-05-11,KOFIA_INVESTOR_DEPOSIT_MILLION_KRW,투자자예탁금,50152746.255823,million KRW,daily,data.go.kr KOFIA local normalized CSV,getSecuritiesMarketTotalCapitalInfo
2023-05-12,KOFIA_INVESTOR_DEPOSIT_MILLION_KRW,투자자예탁금,50064301.227764,million KRW,daily,data.go.kr KOFIA local normalized CSV,getSecuritiesMarketTotalCapitalInfo
2023-05-15,KOFIA_INVESTOR_DEPOSIT_MILLION_KRW,투자자예탁금,52149756.399,million KRW,daily,data.go.kr KOFIA local normalized CSV,getSecuritiesMarketTotalCapitalInfo
2023-05-16,KOFIA_INVESTOR_DEPOSIT_MILLION_KRW,투자자예탁금,49942273.726317,million KRW,daily,data.go.kr KOFIA local normalized CSV,getSecuritiesMarketTotalCapitalInfo
2023-05-17,KOFIA_INVESTOR_DEPOSIT_MILLION_KRW,투자자예탁금,48937765.553406,million KRW,daily,data.go.kr KOFIA local normalized CSV,getSecuritiesMarketTotalCapitalInfo
2023-05-18,KOFIA_INVESTOR_DEPOSIT_MILLION_KRW,투자자예탁금,49735914.363613,million KRW,daily,data.go.kr KOFIA local normalized CSV,getSecuritiesMarketTotalCapitalInfo
2023-05-19,KOFIA_INVESTOR_DEPOSIT_MILLION_KRW,투자자예탁금,49756340.630985,million KRW,daily,data.go.kr KOFIA local normalized CSV,getSecuritiesMarketTotalCapitalInfo
2023-05-22,KOFIA_INVESTOR_DEPOSIT_MILLION_KRW,투자자예탁금,49775301.313433,million KRW,daily,data.go.kr KOFIA local normalized CSV,getSecuritiesMarketTotalCapitalInfo
2023-05-23,KOFIA_INVESTOR_DEPOSIT_MILLION_KRW,투자자예탁금,50588351.967632,million KRW,daily,data.go.kr KOFIA local normalized CSV,getSecuritiesMarketTotalCapitalInfo
2023-05-24,KOFIA_INVESTOR_DEPOSIT_MILLION_KRW,투자자예탁금,51424645.068818,million KRW,daily,data.go.kr KOFIA local normalized CSV,getSecuritiesMarketTotalCapitalInfo
2023-05-25,KOFIA_INVESTOR_DEPOSIT_MILLION_KRW,투자자예탁금,51026571.81223,million KRW,daily,data.go.kr KOFIA local normalized CSV,getSecuritiesMarketTotalCapitalInfo
2023-05-26,KOFIA_INVESTOR_DEPOSIT_MILLION_KRW,투자자예탁금,51030304.890338,million KRW,daily,data.go.kr KOFIA local normalized CSV,getSecuritiesMarketTotalCapitalInfo
2023-05-30,KOFIA_INVESTOR_DEPOSIT_MILLION_KRW,투자자예탁금,51658803.731433,million KRW,daily,data.go.kr KOFIA local normalized CSV,getSecuritiesMarketTotalCapitalInfo
2023-05-31,KOFIA_INVESTOR_DEPOSIT_MILLION_KRW,투자자예탁금,51955272.737993,million KRW,daily,data.go.kr KOFIA local normalized CSV,getSecuritiesMarketTotalCapitalInfo
2023-06-01,KOFIA_INVESTOR_DEPOSIT_MILLION_KRW,투자자예탁금,52734791.462242,million KRW,daily,data.go.kr KOFIA local normalized CSV,getSecuritiesMarketTotalCapitalInfo
2023-06-02,KOFIA_INVESTOR_DEPOSIT_MILLION_KRW,투자자예탁금,50380223.509866,million KRW,daily,data.go.kr KOFIA local normalized CSV,getSecuritiesMarketTotalCapitalInfo
2023-06-05,KOFIA_INVESTOR_DEPOSIT_MILLION_KRW,투자자예탁금,50027273.68908,million KRW,daily,data.go.kr KOFIA local normalized CSV,getSecuritiesMarketTotalCapitalInfo
2023-06-07,KOFIA_INVESTOR_DEPOSIT_MILLION_KRW,투자자예탁금,50784729.927296,million KRW,daily,data.go.kr KOFIA local normalized CSV,getSecuritiesMarketTotalCapitalInfo
2023-06-08,KOFIA_INVESTOR_DEPOSIT_MILLION_KRW,투자자예탁금,50923755.358147,million KRW,daily,data.go.kr KOFIA local normalized CSV,getSecuritiesMarketTotalCapitalInfo
2023-06-09,KOFIA_INVESTOR_DEPOSIT_MILLION_KRW,투자자예탁금,51758161.300507,million KRW,daily,data.go.kr KOFIA local normalized CSV,getSecuritiesMarketTotalCapitalInfo
2023-06-12,KOFIA_INVESTOR_DEPOSIT_MILLION_KRW,투자자예탁금,51641950.264679,million KRW,daily,data.go.kr KOFIA local normalized CSV,getSecuritiesMarketTotalCapitalInfo
2023-06-13,KOFIA_INVESTOR_DEPOSIT_MILLION_KRW,투자자예탁금,52505560.65986,million KRW,daily,data.go.kr KOFIA local normalized CSV,getSecuritiesMarketTotalCapitalInfo
2023-06-14,KOFIA_INVESTOR_DEPOSIT_MILLION_KRW,투자자예탁금,52819484.4614,million KRW,daily,data.go.kr KOFIA local normalized CSV,getSecuritiesMarketTotalCapitalInfo
2023-06-15,KOFIA_INVESTOR_DEPOSIT_MILLION_KRW,투자자예탁금,54221094.820083,million KRW,daily,data.go.kr KOFIA local normalized CSV,getSecuritiesMarketTotalCapitalInfo
2023-06-16,KOFIA_INVESTOR_DEPOSIT_MILLION_KRW,투자자예탁금,51905331.270135,million KRW,daily,data.go.kr KOFIA local normalized CSV,getSecuritiesMarketTotalCapitalInfo
2023-06-19,KOFIA_INVESTOR_DEPOSIT_MILLION_KRW,투자자예탁금,51979275.459035,million KRW,daily,data.go.kr KOFIA local normalized CSV,getSecuritiesMarketTotalCapitalInfo
2023-06-20,KOFIA_INVESTOR_DEPOSIT_MILLION_KRW,투자자예탁금,51825123.113191,million KRW,daily,data.go.kr KOFIA local normalized CSV,getSecuritiesMarketTotalCapitalInfo
2023-06-21,KOFIA_INVESTOR_DEPOSIT_MILLION_KRW,투자자예탁금,51007146.678455,million KRW,daily,data.go.kr KOFIA local normalized CSV,getSecuritiesMarketTotalCapitalInfo
2023-06-22,KOFIA_INVESTOR_DEPOSIT_MILLION_KRW,투자자예탁금,50523624.876751,million KRW,daily,data.go.kr KOFIA local normalized CSV,getSecuritiesMarketTotalCapitalInfo
2023-06-23,KOFIA_INVESTOR_DEPOSIT_MILLION_KRW,투자자예탁금,50652870.642609,million KRW,daily,data.go.kr KOFIA local normalized CSV,getSecuritiesMarketTotalCapitalInfo
2023-06-26,KOFIA_INVESTOR_DEPOSIT_MILLION_KRW,투자자예탁금,51123590.988051,million KRW,daily,data.go.kr KOFIA local normalized CSV,getSecuritiesMarketTotalCapitalInfo
2023-06-27,KOFIA_INVESTOR_DEPOSIT_MILLION_KRW,투자자예탁금,51519172.238921,million KRW,daily,data.go.kr KOFIA local normalized CSV,getSecuritiesMarketTotalCapitalInfo
2023-06-28,KOFIA_INVESTOR_DEPOSIT_MILLION_KRW,투자자예탁금,50915108.341302,million KRW,daily,data.go.kr KOFIA local normalized CSV,getSecuritiesMarketTotalCapitalInfo
2023-06-29,KOFIA_INVESTOR_DEPOSIT_MILLION_KRW,투자자예탁금,50755817.062023,million KRW,daily,data.go.kr KOFIA local normalized CSV,getSecuritiesMarketTotalCapitalInfo
2023-06-30,KOFIA_INVESTOR_DEPOSIT_MILLION_KRW,투자자예탁금,51698602.24162,million KRW,daily,data.go.kr KOFIA local normalized CSV,getSecuritiesMarketTotalCapitalInfo
2023-07-03,KOFIA_INVESTOR_DEPOSIT_MILLION_KRW,투자자예탁금,55022584.619643,million KRW,daily,data.go.kr KOFIA local normalized CSV,getSecuritiesMarketTotalCapitalInfo
2023-07-04,KOFIA_INVESTOR_DEPOSIT_MILLION_KRW,투자자예탁금,51316904.392492,million KRW,daily,data.go.kr KOFIA local normalized CSV,getSecuritiesMarketTotalCapitalInfo
2023-07-05,KOFIA_INVESTOR_DEPOSIT_MILLION_KRW,투자자예탁금,51507237.211987,million KRW,daily,data.go.kr KOFIA local normalized CSV,getSecuritiesMarketTotalCapitalInfo
2023-07-06,KOFIA_INVESTOR_DEPOSIT_MILLION_KRW,투자자예탁금,51246291.257479,million KRW,daily,data.go.kr KOFIA local normalized CSV,getSecuritiesMarketTotalCapitalInfo
2023-07-07,KOFIA_INVESTOR_DEPOSIT_MILLION_KRW,투자자예탁금,50477476.837565,million KRW,daily,data.go.kr KOFIA local normalized CSV,getSecuritiesMarketTotalCapitalInfo
2023-07-10,KOFIA_INVESTOR_DEPOSIT_MILLION_KRW,투자자예탁금,51665532.627934,million KRW,daily,data.go.kr KOFIA local normalized CSV,getSecuritiesMarketTotalCapitalInfo
2023-07-11,KOFIA_INVESTOR_DEPOSIT_MILLION_KRW,투자자예탁금,50306267.886197,million KRW,daily,data.go.kr KOFIA local normalized CSV,getSecuritiesMarketTotalCapitalInfo
2023-07-12,KOFIA_INVESTOR_DEPOSIT_MILLION_KRW,투자자예탁금,50470085.803687,million KRW,daily,data.go.kr KOFIA local normalized CSV,getSecuritiesMarketTotalCapitalInfo
2023-07-13,KOFIA_INVESTOR_DEPOSIT_MILLION_KRW,투자자예탁금,53484751.981631,million KRW,daily,data.go.kr KOFIA local normalized CSV,getSecuritiesMarketTotalCapitalInfo
2023-07-14,KOFIA_INVESTOR_DEPOSIT_MILLION_KRW,투자자예탁금,51112375.910518,million KRW,daily,data.go.kr KOFIA local normalized CSV,getSecuritiesMarketTotalCapitalInfo
2023-07-17,KOFIA_INVESTOR_DEPOSIT_MILLION_KRW,투자자예탁금,50891957.669282,million KRW,daily,data.go.kr KOFIA local normalized CSV,getSecuritiesMarketTotalCapitalInfo
2023-07-18,KOFIA_INVESTOR_DEPOSIT_MILLION_KRW,투자자예탁금,51413304.855977,million KRW,daily,data.go.kr KOFIA local normalized CSV,getSecuritiesMarketTotalCapitalInfo
2023-07-19,KOFIA_INVESTOR_DEPOSIT_MILLION_KRW,투자자예탁금,50955104.755696,million KRW,daily,data.go.kr KOFIA local normalized CSV,getSecuritiesMarketTotalCapitalInfo
2023-07-20,KOFIA_INVESTOR_DEPOSIT_MILLION_KRW,투자자예탁금,53287828.720918,million KRW,daily,data.go.kr KOFIA local normalized CSV,getSecuritiesMarketTotalCapitalInfo
2023-07-21,KOFIA_INVESTOR_DEPOSIT_MILLION_KRW,투자자예탁금,54002393.886374,million KRW,daily,data.go.kr KOFIA local normalized CSV,getSecuritiesMarketTotalCapitalInfo
2023-07-24,KOFIA_INVESTOR_DEPOSIT_MILLION_KRW,투자자예탁금,54153635.986321,million KRW,daily,data.go.kr KOFIA local normalized CSV,getSecuritiesMarketTotalCapitalInfo
2023-07-25,KOFIA_INVESTOR_DEPOSIT_MILLION_KRW,투자자예탁금,55411909.589981,million KRW,daily,data.go.kr KOFIA local normalized CSV,getSecuritiesMarketTotalCapitalInfo
2023-07-26,KOFIA_INVESTOR_DEPOSIT_MILLION_KRW,투자자예탁금,57787784.125007,million KRW,daily,data.go.kr KOFIA local normalized CSV,getSecuritiesMarketTotalCapitalInfo
2023-07-27,KOFIA_INVESTOR_DEPOSIT_MILLION_KRW,투자자예탁금,58199075.424009,million KRW,daily,data.go.kr KOFIA local normalized CSV,getSecuritiesMarketTotalCapitalInfo
2023-07-28,KOFIA_INVESTOR_DEPOSIT_MILLION_KRW,투자자예탁금,55729462.042837,million KRW,daily,data.go.kr KOFIA local normalized CSV,getSecuritiesMarketTotalCapitalInfo
2023-07-31,KOFIA_INVESTOR_DEPOSIT_MILLION_KRW,투자자예탁금,56224225.143911,million KRW,daily,data.go.kr KOFIA local normalized CSV,getSecuritiesMarketTotalCapitalInfo
2023-08-01,KOFIA_INVESTOR_DEPOSIT_MILLION_KRW,투자자예탁금,57160519.089849,million KRW,daily,data.go.kr KOFIA local normalized CSV,getSecuritiesMarketTotalCapitalInfo
2023-08-02,KOFIA_INVESTOR_DEPOSIT_MILLION_KRW,투자자예탁금,55277639.762505,million KRW,daily,data.go.kr KOFIA local normalized CSV,getSecuritiesMarketTotalCapitalInfo
2023-08-03,KOFIA_INVESTOR_DEPOSIT_MILLION_KRW,투자자예탁금,54862771.864566,million KRW,daily,data.go.kr KOFIA local normalized CSV,getSecuritiesMarketTotalCapitalInfo
2023-08-04,KOFIA_INVESTOR_DEPOSIT_MILLION_KRW,투자자예탁금,54184393.627826,million KRW,daily,data.go.kr KOFIA local normalized CSV,getSecuritiesMarketTotalCapitalInfo
2023-08-07,KOFIA_INVESTOR_DEPOSIT_MILLION_KRW,투자자예탁금,54351021.530958,million KRW,daily,data.go.kr KOFIA local normalized CSV,getSecuritiesMarketTotalCapitalInfo
2023-08-08,KOFIA_INVESTOR_DEPOSIT_MILLION_KRW,투자자예탁금,53348991.035236,million KRW,daily,data.go.kr KOFIA local normalized CSV,getSecuritiesMarketTotalCapitalInfo
2023-08-09,KOFIA_INVESTOR_DEPOSIT_MILLION_KRW,투자자예탁금,52716789.314637,million KRW,daily,data.go.kr KOFIA local normalized CSV,getSecuritiesMarketTotalCapitalInfo
2023-08-10,KOFIA_INVESTOR_DEPOSIT_MILLION_KRW,투자자예탁금,52886570.442657,million KRW,daily,data.go.kr KOFIA local normalized CSV,getSecuritiesMarketTotalCapitalInfo
2023-08-11,KOFIA_INVESTOR_DEPOSIT_MILLION_KRW,투자자예탁금,53213413.592665,million KRW,daily,data.go.kr KOFIA local normalized CSV,getSecuritiesMarketTotalCapitalInfo
2023-08-14,KOFIA_INVESTOR_DEPOSIT_MILLION_KRW,투자자예탁금,53528136.739906,million KRW,daily,data.go.kr KOFIA local normalized CSV,getSecuritiesMarketTotalCapitalInfo
2023-08-16,KOFIA_INVESTOR_DEPOSIT_MILLION_KRW,투자자예탁금,55680936.913652,million KRW,daily,data.go.kr KOFIA local normalized CSV,getSecuritiesMarketTotalCapitalInfo
2023-08-17,KOFIA_INVESTOR_DEPOSIT_MILLION_KRW,투자자예탁금,53960446.837546,million KRW,daily,data.go.kr KOFIA local normalized CSV,getSecuritiesMarketTotalCapitalInfo
2023-08-18,KOFIA_INVESTOR_DEPOSIT_MILLION_KRW,투자자예탁금,52594006.846514,million KRW,daily,data.go.kr KOFIA local normalized CSV,getSecuritiesMarketTotalCapitalInfo
2023-08-21,KOFIA_INVESTOR_DEPOSIT_MILLION_KRW,투자자예탁금,52809909.014963,million KRW,daily,data.go.kr KOFIA local normalized CSV,getSecuritiesMarketTotalCapitalInfo
2023-08-22,KOFIA_INVESTOR_DEPOSIT_MILLION_KRW,투자자예탁금,51751200.481687,million KRW,daily,data.go.kr KOFIA local normalized CSV,getSecuritiesMarketTotalCapitalInfo
2023-08-23,KOFIA_INVESTOR_DEPOSIT_MILLION_KRW,투자자예탁금,51488702.061323,million KRW,daily,data.go.kr KOFIA local normalized CSV,getSecuritiesMarketTotalCapitalInfo
2023-08-24,KOFIA_INVESTOR_DEPOSIT_MILLION_KRW,투자자예탁금,52067681.024675,million KRW,daily,data.go.kr KOFIA local normalized CSV,getSecuritiesMarketTotalCapitalInfo
2023-08-25,KOFIA_INVESTOR_DEPOSIT_MILLION_KRW,투자자예탁금,51391325.076286,million KRW,daily,data.go.kr KOFIA local normalized CSV,getSecuritiesMarketTotalCapitalInfo
2023-08-28,KOFIA_INVESTOR_DEPOSIT_MILLION_KRW,투자자예탁금,52743681.594862,million KRW,daily,data.go.kr KOFIA local normalized CSV,getSecuritiesMarketTotalCapitalInfo
2023-08-29,KOFIA_INVESTOR_DEPOSIT_MILLION_KRW,투자자예탁금,51589797.092629,million KRW,daily,data.go.kr KOFIA local normalized CSV,getSecuritiesMarketTotalCapitalInfo
2023-08-30,KOFIA_INVESTOR_DEPOSIT_MILLION_KRW,투자자예탁금,51489906.357678,million KRW,daily,data.go.kr KOFIA local normalized CSV,getSecuritiesMarketTotalCapitalInfo
2023-08-31,KOFIA_INVESTOR_DEPOSIT_MILLION_KRW,투자자예탁금,51578854.237616,million KRW,daily,data.go.kr KOFIA local normalized CSV,getSecuritiesMarketTotalCapitalInfo
2023-09-01,KOFIA_INVESTOR_DEPOSIT_MILLION_KRW,투자자예탁금,52846771.699665,million KRW,daily,data.go.kr KOFIA local normalized CSV,getSecuritiesMarketTotalCapitalInfo
2023-09-04,KOFIA_INVESTOR_DEPOSIT_MILLION_KRW,투자자예탁금,52673236.282554,million KRW,daily,data.go.kr KOFIA local normalized CSV,getSecuritiesMarketTotalCapitalInfo
2023-09-05,KOFIA_INVESTOR_DEPOSIT_MILLION_KRW,투자자예탁금,51301270.317897,million KRW,daily,data.go.kr KOFIA local normalized CSV,getSecuritiesMarketTotalCapitalInfo
2023-09-06,KOFIA_INVESTOR_DEPOSIT_MILLION_KRW,투자자예탁금,51306663.251419,million KRW,daily,data.go.kr KOFIA local normalized CSV,getSecuritiesMarketTotalCapitalInfo
2023-09-07,KOFIA_INVESTOR_DEPOSIT_MILLION_KRW,투자자예탁금,52480975.498329,million KRW,daily,data.go.kr KOFIA local normalized CSV,getSecuritiesMarketTotalCapitalInfo
2023-09-08,KOFIA_INVESTOR_DEPOSIT_MILLION_KRW,투자자예탁금,51061464.956076,million KRW,daily,data.go.kr KOFIA local normalized CSV,getSecuritiesMarketTotalCapitalInfo
2023-09-11,KOFIA_INVESTOR_DEPOSIT_MILLION_KRW,투자자예탁금,52005656.479739,million KRW,daily,data.go.kr KOFIA local normalized CSV,getSecuritiesMarketTotalCapitalInfo
2023-09-12,KOFIA_INVESTOR_DEPOSIT_MILLION_KRW,투자자예탁금,51004962.841141,million KRW,daily,data.go.kr KOFIA local normalized CSV,getSecuritiesMarketTotalCapitalInfo
2023-09-13,KOFIA_INVESTOR_DEPOSIT_MILLION_KRW,투자자예탁금,52158528.923796,million KRW,daily,data.go.kr KOFIA local normalized CSV,getSecuritiesMarketTotalCapitalInfo
2023-09-14,KOFIA_INVESTOR_DEPOSIT_MILLION_KRW,투자자예탁금,52192526.186957,million KRW,daily,data.go.kr KOFIA local normalized CSV,getSecuritiesMarketTotalCapitalInfo
2023-09-15,KOFIA_INVESTOR_DEPOSIT_MILLION_KRW,투자자예탁금,49306665.150535,million KRW,daily,data.go.kr KOFIA local normalized CSV,getSecuritiesMarketTotalCapitalInfo
2023-09-18,KOFIA_INVESTOR_DEPOSIT_MILLION_KRW,투자자예탁금,50001401.436931,million KRW,daily,data.go.kr KOFIA local normalized CSV,getSecuritiesMarketTotalCapitalInfo
2023-09-19,KOFIA_INVESTOR_DEPOSIT_MILLION_KRW,투자자예탁금,50681541.084453,million KRW,daily,data.go.kr KOFIA local normalized CSV,getSecuritiesMarketTotalCapitalInfo
2023-09-20,KOFIA_INVESTOR_DEPOSIT_MILLION_KRW,투자자예탁금,50850026.746324,million KRW,daily,data.go.kr KOFIA local normalized CSV,getSecuritiesMarketTotalCapitalInfo
2023-09-21,KOFIA_INVESTOR_DEPOSIT_MILLION_KRW,투자자예탁금,50859098.738119,million KRW,daily,data.go.kr KOFIA local normalized CSV,getSecuritiesMarketTotalCapitalInfo
2023-09-22,KOFIA_INVESTOR_DEPOSIT_MILLION_KRW,투자자예탁금,48030433.03525,million KRW,daily,data.go.kr KOFIA local normalized CSV,getSecuritiesMarketTotalCapitalInfo
2023-09-25,KOFIA_INVESTOR_DEPOSIT_MILLION_KRW,투자자예탁금,48149464.993006,million KRW,daily,data.go.kr KOFIA local normalized CSV,getSecuritiesMarketTotalCapitalInfo
2023-09-26,KOFIA_INVESTOR_DEPOSIT_MILLION_KRW,투자자예탁금,52631446.292055,million KRW,daily,data.go.kr KOFIA local normalized CSV,getSecuritiesMarketTotalCapitalInfo
2023-09-27,KOFIA_INVESTOR_DEPOSIT_MILLION_KRW,투자자예탁금,49989963.53049,million KRW,daily,data.go.kr KOFIA local normalized CSV,getSecuritiesMarketTotalCapitalInfo
2023-10-04,KOFIA_INVESTOR_DEPOSIT_MILLION_KRW,투자자예탁금,52246748.744797,million KRW,daily,data.go.kr KOFIA local normalized CSV,getSecuritiesMarketTotalCapitalInfo
2023-10-05,KOFIA_INVESTOR_DEPOSIT_MILLION_KRW,투자자예탁금,50491770.822242,million KRW,daily,data.go.kr KOFIA local normalized CSV,getSecuritiesMarketTotalCapitalInfo
2023-10-06,KOFIA_INVESTOR_DEPOSIT_MILLION_KRW,투자자예탁금,47445187.502469,million KRW,daily,data.go.kr KOFIA local normalized CSV,getSecuritiesMarketTotalCapitalInfo
2023-10-10,KOFIA_INVESTOR_DEPOSIT_MILLION_KRW,투자자예탁금,46538919.425606,million KRW,daily,data.go.kr KOFIA local normalized CSV,getSecuritiesMarketTotalCapitalInfo
2023-10-11,KOFIA_INVESTOR_DEPOSIT_MILLION_KRW,투자자예탁금,46785913.130761,million KRW,daily,data.go.kr KOFIA local normalized CSV,getSecuritiesMarketTotalCapitalInfo
2023-10-12,KOFIA_INVESTOR_DEPOSIT_MILLION_KRW,투자자예탁금,49099045.631842,million KRW,daily,data.go.kr KOFIA local normalized CSV,getSecuritiesMarketTotalCapitalInfo
2023-10-13,KOFIA_INVESTOR_DEPOSIT_MILLION_KRW,투자자예탁금,49492019.522589,million KRW,daily,data.go.kr KOFIA local normalized CSV,getSecuritiesMarketTotalCapitalInfo
2023-10-16,KOFIA_INVESTOR_DEPOSIT_MILLION_KRW,투자자예탁금,47762767.491134,million KRW,daily,data.go.kr KOFIA local normalized CSV,getSecuritiesMarketTotalCapitalInfo
2023-10-17,KOFIA_INVESTOR_DEPOSIT_MILLION_KRW,투자자예탁금,46595624.833599,million KRW,daily,data.go.kr KOFIA local normalized CSV,getSecuritiesMarketTotalCapitalInfo
2023-10-18,KOFIA_INVESTOR_DEPOSIT_MILLION_KRW,투자자예탁금,46635303.022232,million KRW,daily,data.go.kr KOFIA local normalized CSV,getSecuritiesMarketTotalCapitalInfo
2023-10-19,KOFIA_INVESTOR_DEPOSIT_MILLION_KRW,투자자예탁금,47248931.368989,million KRW,daily,data.go.kr KOFIA local normalized CSV,getSecuritiesMarketTotalCapitalInfo
2023-10-20,KOFIA_INVESTOR_DEPOSIT_MILLION_KRW,투자자예탁금,47898485.023375,million KRW,daily,data.go.kr KOFIA local normalized CSV,getSecuritiesMarketTotalCapitalInfo
2023-10-23,KOFIA_INVESTOR_DEPOSIT_MILLION_KRW,투자자예탁금,48228825.968629,million KRW,daily,data.go.kr KOFIA local normalized CSV,getSecuritiesMarketTotalCapitalInfo
2023-10-24,KOFIA_INVESTOR_DEPOSIT_MILLION_KRW,투자자예탁금,47033963.478669,million KRW,daily,data.go.kr KOFIA local normalized CSV,getSecuritiesMarketTotalCapitalInfo
2023-10-25,KOFIA_INVESTOR_DEPOSIT_MILLION_KRW,투자자예탁금,46534123.853176,million KRW,daily,data.go.kr KOFIA local normalized CSV,getSecuritiesMarketTotalCapitalInfo
2023-10-26,KOFIA_INVESTOR_DEPOSIT_MILLION_KRW,투자자예탁금,48547446.928349,million KRW,daily,data.go.kr KOFIA local normalized CSV,getSecuritiesMarketTotalCapitalInfo
2023-10-27,KOFIA_INVESTOR_DEPOSIT_MILLION_KRW,투자자예탁금,48445978.733893,million KRW,daily,data.go.kr KOFIA local normalized CSV,getSecuritiesMarketTotalCapitalInfo
2023-10-30,KOFIA_INVESTOR_DEPOSIT_MILLION_KRW,투자자예탁금,47194480.926419,million KRW,daily,data.go.kr KOFIA local normalized CSV,getSecuritiesMarketTotalCapitalInfo
2023-10-31,KOFIA_INVESTOR_DEPOSIT_MILLION_KRW,투자자예탁금,46056992.491236,million KRW,daily,data.go.kr KOFIA local normalized CSV,getSecuritiesMarketTotalCapitalInfo
2023-11-01,KOFIA_INVESTOR_DEPOSIT_MILLION_KRW,투자자예탁금,46011980.139826,million KRW,daily,data.go.kr KOFIA local normalized CSV,getSecuritiesMarketTotalCapitalInfo
2023-11-02,KOFIA_INVESTOR_DEPOSIT_MILLION_KRW,투자자예탁금,45021523.427793,million KRW,daily,data.go.kr KOFIA local normalized CSV,getSecuritiesMarketTotalCapitalInfo
2023-11-03,KOFIA_INVESTOR_DEPOSIT_MILLION_KRW,투자자예탁금,44682019.011733,million KRW,daily,data.go.kr KOFIA local normalized CSV,getSecuritiesMarketTotalCapitalInfo
2023-11-06,KOFIA_INVESTOR_DEPOSIT_MILLION_KRW,투자자예탁금,47429768.978928,million KRW,daily,data.go.kr KOFIA local normalized CSV,getSecuritiesMarketTotalCapitalInfo
2023-11-07,KOFIA_INVESTOR_DEPOSIT_MILLION_KRW,투자자예탁금,47810096.706066,million KRW,daily,data.go.kr KOFIA local normalized CSV,getSecuritiesMarketTotalCapitalInfo
2023-11-08,KOFIA_INVESTOR_DEPOSIT_MILLION_KRW,투자자예탁금,47870312.452356,million KRW,daily,data.go.kr KOFIA local normalized CSV,getSecuritiesMarketTotalCapitalInfo
2023-11-09,KOFIA_INVESTOR_DEPOSIT_MILLION_KRW,투자자예탁금,47202389.873911,million KRW,daily,data.go.kr KOFIA local normalized CSV,getSecuritiesMarketTotalCapitalInfo
2023-11-10,KOFIA_INVESTOR_DEPOSIT_MILLION_KRW,투자자예탁금,48174448.649549,million KRW,daily,data.go.kr KOFIA local normalized CSV,getSecuritiesMarketTotalCapitalInfo
2023-11-13,KOFIA_INVESTOR_DEPOSIT_MILLION_KRW,투자자예탁금,47908208.497305,million KRW,daily,data.go.kr KOFIA local normalized CSV,getSecuritiesMarketTotalCapitalInfo
2023-11-14,KOFIA_INVESTOR_DEPOSIT_MILLION_KRW,투자자예탁금,47007275.913393,million KRW,daily,data.go.kr KOFIA local normalized CSV,getSecuritiesMarketTotalCapitalInfo
2023-11-15,KOFIA_INVESTOR_DEPOSIT_MILLION_KRW,투자자예탁금,47585413.602484,million KRW,daily,data.go.kr KOFIA local normalized CSV,getSecuritiesMarketTotalCapitalInfo
2023-11-16,KOFIA_INVESTOR_DEPOSIT_MILLION_KRW,투자자예탁금,46823695.620895,million KRW,daily,data.go.kr KOFIA local normalized CSV,getSecuritiesMarketTotalCapitalInfo
2023-11-17,KOFIA_INVESTOR_DEPOSIT_MILLION_KRW,투자자예탁금,46961130.765517,million KRW,daily,data.go.kr KOFIA local normalized CSV,getSecuritiesMarketTotalCapitalInfo
2023-11-20,KOFIA_INVESTOR_DEPOSIT_MILLION_KRW,투자자예탁금,47261054.625856,million KRW,daily,data.go.kr KOFIA local normalized CSV,getSecuritiesMarketTotalCapitalInfo
2023-11-21,KOFIA_INVESTOR_DEPOSIT_MILLION_KRW,투자자예탁금,47982567.280332,million KRW,daily,data.go.kr KOFIA local normalized CSV,getSecuritiesMarketTotalCapitalInfo
2023-11-22,KOFIA_INVESTOR_DEPOSIT_MILLION_KRW,투자자예탁금,47837544.80263,million KRW,daily,data.go.kr KOFIA local normalized CSV,getSecuritiesMarketTotalCapitalInfo
2023-11-23,KOFIA_INVESTOR_DEPOSIT_MILLION_KRW,투자자예탁금,47343873.402888,million KRW,daily,data.go.kr KOFIA local normalized CSV,getSecuritiesMarketTotalCapitalInfo
2023-11-24,KOFIA_INVESTOR_DEPOSIT_MILLION_KRW,투자자예탁금,47497547.940184,million KRW,daily,data.go.kr KOFIA local normalized CSV,getSecuritiesMarketTotalCapitalInfo
2023-11-27,KOFIA_INVESTOR_DEPOSIT_MILLION_KRW,투자자예탁금,47988454.433294,million KRW,daily,data.go.kr KOFIA local normalized CSV,getSecuritiesMarketTotalCapitalInfo
2023-11-28,KOFIA_INVESTOR_DEPOSIT_MILLION_KRW,투자자예탁금,48538664.325985,million KRW,daily,data.go.kr KOFIA local normalized CSV,getSecuritiesMarketTotalCapitalInfo
2023-11-29,KOFIA_INVESTOR_DEPOSIT_MILLION_KRW,투자자예탁금,47877867.061143,million KRW,daily,data.go.kr KOFIA local normalized CSV,getSecuritiesMarketTotalCapitalInfo
2023-11-30,KOFIA_INVESTOR_DEPOSIT_MILLION_KRW,투자자예탁금,48480990.753838,million KRW,daily,data.go.kr KOFIA local normalized CSV,getSecuritiesMarketTotalCapitalInfo
2023-12-01,KOFIA_INVESTOR_DEPOSIT_MILLION_KRW,투자자예탁금,48668108.331995,million KRW,daily,data.go.kr KOFIA local normalized CSV,getSecuritiesMarketTotalCapitalInfo
2023-12-04,KOFIA_INVESTOR_DEPOSIT_MILLION_KRW,투자자예탁금,48393027.2337,million KRW,daily,data.go.kr KOFIA local normalized CSV,getSecuritiesMarketTotalCapitalInfo
2023-12-05,KOFIA_INVESTOR_DEPOSIT_MILLION_KRW,투자자예탁금,47545031.092704,million KRW,daily,data.go.kr KOFIA local normalized CSV,getSecuritiesMarketTotalCapitalInfo
2023-12-06,KOFIA_INVESTOR_DEPOSIT_MILLION_KRW,투자자예탁금,48981127.173415,million KRW,daily,data.go.kr KOFIA local normalized CSV,getSecuritiesMarketTotalCapitalInfo
2023-12-07,KOFIA_INVESTOR_DEPOSIT_MILLION_KRW,투자자예탁금,50381531.757216,million KRW,daily,data.go.kr KOFIA local normalized CSV,getSecuritiesMarketTotalCapitalInfo
2023-12-08,KOFIA_INVESTOR_DEPOSIT_MILLION_KRW,투자자예탁금,48201151.627143,million KRW,daily,data.go.kr KOFIA local normalized CSV,getSecuritiesMarketTotalCapitalInfo
2023-12-11,KOFIA_INVESTOR_DEPOSIT_MILLION_KRW,투자자예탁금,48608730.08979,million KRW,daily,data.go.kr KOFIA local normalized CSV,getSecuritiesMarketTotalCapitalInfo
2023-12-12,KOFIA_INVESTOR_DEPOSIT_MILLION_KRW,투자자예탁금,49483076.039446,million KRW,daily,data.go.kr KOFIA local normalized CSV,getSecuritiesMarketTotalCapitalInfo
2023-12-13,KOFIA_INVESTOR_DEPOSIT_MILLION_KRW,투자자예탁금,50161087.109715,million KRW,daily,data.go.kr KOFIA local normalized CSV,getSecuritiesMarketTotalCapitalInfo
2023-12-14,KOFIA_INVESTOR_DEPOSIT_MILLION_KRW,투자자예탁금,51332845.696034,million KRW,daily,data.go.kr KOFIA local normalized CSV,getSecuritiesMarketTotalCapitalInfo
2023-12-15,KOFIA_INVESTOR_DEPOSIT_MILLION_KRW,투자자예탁금,48313021.291091,million KRW,daily,data.go.kr KOFIA local normalized CSV,getSecuritiesMarketTotalCapitalInfo
2023-12-18,KOFIA_INVESTOR_DEPOSIT_MILLION_KRW,투자자예탁금,49587021.030194,million KRW,daily,data.go.kr KOFIA local normalized CSV,getSecuritiesMarketTotalCapitalInfo
2023-12-19,KOFIA_INVESTOR_DEPOSIT_MILLION_KRW,투자자예탁금,53132045.154682,million KRW,daily,data.go.kr KOFIA local normalized CSV,getSecuritiesMarketTotalCapitalInfo
2023-12-20,KOFIA_INVESTOR_DEPOSIT_MILLION_KRW,투자자예탁금,52117242.806651,million KRW,daily,data.go.kr KOFIA local normalized CSV,getSecuritiesMarketTotalCapitalInfo
2023-12-21,KOFIA_INVESTOR_DEPOSIT_MILLION_KRW,투자자예탁금,51862425.022497,million KRW,daily,data.go.kr KOFIA local normalized CSV,getSecuritiesMarketTotalCapitalInfo
2023-12-22,KOFIA_INVESTOR_DEPOSIT_MILLION_KRW,투자자예탁금,52612249.874906,million KRW,daily,data.go.kr KOFIA local normalized CSV,getSecuritiesMarketTotalCapitalInfo
2023-12-26,KOFIA_INVESTOR_DEPOSIT_MILLION_KRW,투자자예탁금,53683432.615583,million KRW,daily,data.go.kr KOFIA local normalized CSV,getSecuritiesMarketTotalCapitalInfo
2023-12-27,KOFIA_INVESTOR_DEPOSIT_MILLION_KRW,투자자예탁금,56463643.876998,million KRW,daily,data.go.kr KOFIA local normalized CSV,getSecuritiesMarketTotalCapitalInfo
2023-12-28,KOFIA_INVESTOR_DEPOSIT_MILLION_KRW,투자자예탁금,53815555.056566,million KRW,daily,data.go.kr KOFIA local normalized CSV,getSecuritiesMarketTotalCapitalInfo
2023-12-29,KOFIA_INVESTOR_DEPOSIT_MILLION_KRW,투자자예탁금,52753715.011589,million KRW,daily,data.go.kr KOFIA local normalized CSV,getSecuritiesMarketTotalCapitalInfo
2024-01-02,KOFIA_INVESTOR_DEPOSIT_MILLION_KRW,투자자예탁금,59494890.989443,million KRW,daily,data.go.kr KOFIA local normalized CSV,getSecuritiesMarketTotalCapitalInfo
2024-01-03,KOFIA_INVESTOR_DEPOSIT_MILLION_KRW,투자자예탁금,56954475.252804,million KRW,daily,data.go.kr KOFIA local normalized CSV,getSecuritiesMarketTotalCapitalInfo
2024-01-04,KOFIA_INVESTOR_DEPOSIT_MILLION_KRW,투자자예탁금,54249209.785765,million KRW,daily,data.go.kr KOFIA local normalized CSV,getSecuritiesMarketTotalCapitalInfo
2024-01-05,KOFIA_INVESTOR_DEPOSIT_MILLION_KRW,투자자예탁금,52011555.441692,million KRW,daily,data.go.kr KOFIA local normalized CSV,getSecuritiesMarketTotalCapitalInfo
2024-01-08,KOFIA_INVESTOR_DEPOSIT_MILLION_KRW,투자자예탁금,51222575.564968,million KRW,daily,data.go.kr KOFIA local normalized CSV,getSecuritiesMarketTotalCapitalInfo
2024-01-09,KOFIA_INVESTOR_DEPOSIT_MILLION_KRW,투자자예탁금,51732291.839056,million KRW,daily,data.go.kr KOFIA local normalized CSV,getSecuritiesMarketTotalCapitalInfo
2024-01-10,KOFIA_INVESTOR_DEPOSIT_MILLION_KRW,투자자예탁금,49959444.726951,million KRW,daily,data.go.kr KOFIA local normalized CSV,getSecuritiesMarketTotalCapitalInfo
2024-01-11,KOFIA_INVESTOR_DEPOSIT_MILLION_KRW,투자자예탁금,52793443.461612,million KRW,daily,data.go.kr KOFIA local normalized CSV,getSecuritiesMarketTotalCapitalInfo
2024-01-12,KOFIA_INVESTOR_DEPOSIT_MILLION_KRW,투자자예탁금,50878837.355763,million KRW,daily,data.go.kr KOFIA local normalized CSV,getSecuritiesMarketTotalCapitalInfo
2024-01-15,KOFIA_INVESTOR_DEPOSIT_MILLION_KRW,투자자예탁금,51927268.491252,million KRW,daily,data.go.kr KOFIA local normalized CSV,getSecuritiesMarketTotalCapitalInfo
2024-01-16,KOFIA_INVESTOR_DEPOSIT_MILLION_KRW,투자자예탁금,50368654.17262,million KRW,daily,data.go.kr KOFIA local normalized CSV,getSecuritiesMarketTotalCapitalInfo
2024-01-17,KOFIA_INVESTOR_DEPOSIT_MILLION_KRW,투자자예탁금,49987109.858114,million KRW,daily,data.go.kr KOFIA local normalized CSV,getSecuritiesMarketTotalCapitalInfo
2024-01-18,KOFIA_INVESTOR_DEPOSIT_MILLION_KRW,투자자예탁금,49059193.016243,million KRW,daily,data.go.kr KOFIA local normalized CSV,getSecuritiesMarketTotalCapitalInfo
2024-01-19,KOFIA_INVESTOR_DEPOSIT_MILLION_KRW,투자자예탁금,49560124.02379,million KRW,daily,data.go.kr KOFIA local normalized CSV,getSecuritiesMarketTotalCapitalInfo
2024-01-22,KOFIA_INVESTOR_DEPOSIT_MILLION_KRW,투자자예탁금,50292258.50159,million KRW,daily,data.go.kr KOFIA local normalized CSV,getSecuritiesMarketTotalCapitalInfo
2024-01-23,KOFIA_INVESTOR_DEPOSIT_MILLION_KRW,투자자예탁금,50370043.975601,million KRW,daily,data.go.kr KOFIA local normalized CSV,getSecuritiesMarketTotalCapitalInfo
2024-01-24,KOFIA_INVESTOR_DEPOSIT_MILLION_KRW,투자자예탁금,49780359.084815,million KRW,daily,data.go.kr KOFIA local normalized CSV,getSecuritiesMarketTotalCapitalInfo
2024-01-25,KOFIA_INVESTOR_DEPOSIT_MILLION_KRW,투자자예탁금,50502974.661916,million KRW,daily,data.go.kr KOFIA local normalized CSV,getSecuritiesMarketTotalCapitalInfo
2024-01-26,KOFIA_INVESTOR_DEPOSIT_MILLION_KRW,투자자예탁금,49064939.632211,million KRW,daily,data.go.kr KOFIA local normalized CSV,getSecuritiesMarketTotalCapitalInfo
2024-01-29,KOFIA_INVESTOR_DEPOSIT_MILLION_KRW,투자자예탁금,52204105.279237,million KRW,daily,data.go.kr KOFIA local normalized CSV,getSecuritiesMarketTotalCapitalInfo
2024-01-30,KOFIA_INVESTOR_DEPOSIT_MILLION_KRW,투자자예탁금,51233378.143453,million KRW,daily,data.go.kr KOFIA local normalized CSV,getSecuritiesMarketTotalCapitalInfo
2024-01-31,KOFIA_INVESTOR_DEPOSIT_MILLION_KRW,투자자예탁금,50743423.651519,million KRW,daily,data.go.kr KOFIA local normalized CSV,getSecuritiesMarketTotalCapitalInfo
2024-02-01,KOFIA_INVESTOR_DEPOSIT_MILLION_KRW,투자자예탁금,52047649.070878,million KRW,daily,data.go.kr KOFIA local normalized CSV,getSecuritiesMarketTotalCapitalInfo
2024-02-02,KOFIA_INVESTOR_DEPOSIT_MILLION_KRW,투자자예탁금,50823998.181963,million KRW,daily,data.go.kr KOFIA local normalized CSV,getSecuritiesMarketTotalCapitalInfo
2024-02-05,KOFIA_INVESTOR_DEPOSIT_MILLION_KRW,투자자예탁금,50840645.167416,million KRW,daily,data.go.kr KOFIA local normalized CSV,getSecuritiesMarketTotalCapitalInfo
2024-02-06,KOFIA_INVESTOR_DEPOSIT_MILLION_KRW,투자자예탁금,52894853.41451,million KRW,daily,data.go.kr KOFIA local normalized CSV,getSecuritiesMarketTotalCapitalInfo
2024-02-07,KOFIA_INVESTOR_DEPOSIT_MILLION_KRW,투자자예탁금,51662116.484832,million KRW,daily,data.go.kr KOFIA local normalized CSV,getSecuritiesMarketTotalCapitalInfo
2024-02-08,KOFIA_INVESTOR_DEPOSIT_MILLION_KRW,투자자예탁금,50840218.500794,million KRW,daily,data.go.kr KOFIA local normalized CSV,getSecuritiesMarketTotalCapitalInfo
2024-02-13,KOFIA_INVESTOR_DEPOSIT_MILLION_KRW,투자자예탁금,52975547.305638,million KRW,daily,data.go.kr KOFIA local normalized CSV,getSecuritiesMarketTotalCapitalInfo
2024-02-14,KOFIA_INVESTOR_DEPOSIT_MILLION_KRW,투자자예탁금,53159499.940974,million KRW,daily,data.go.kr KOFIA local normalized CSV,getSecuritiesMarketTotalCapitalInfo
2024-02-15,KOFIA_INVESTOR_DEPOSIT_MILLION_KRW,투자자예탁금,53569530.876403,million KRW,daily,data.go.kr KOFIA local normalized CSV,getSecuritiesMarketTotalCapitalInfo
2024-02-16,KOFIA_INVESTOR_DEPOSIT_MILLION_KRW,투자자예탁금,53928084.634529,million KRW,daily,data.go.kr KOFIA local normalized CSV,getSecuritiesMarketTotalCapitalInfo
2024-02-19,KOFIA_INVESTOR_DEPOSIT_MILLION_KRW,투자자예탁금,54024702.552478,million KRW,daily,data.go.kr KOFIA local normalized CSV,getSecuritiesMarketTotalCapitalInfo
2024-02-20,KOFIA_INVESTOR_DEPOSIT_MILLION_KRW,투자자예탁금,53815735.798128,million KRW,daily,data.go.kr KOFIA local normalized CSV,getSecuritiesMarketTotalCapitalInfo
2024-02-21,KOFIA_INVESTOR_DEPOSIT_MILLION_KRW,투자자예탁금,54155550.054617,million KRW,daily,data.go.kr KOFIA local normalized CSV,getSecuritiesMarketTotalCapitalInfo
2024-02-22,KOFIA_INVESTOR_DEPOSIT_MILLION_KRW,투자자예탁금,53626422.16091,million KRW,daily,data.go.kr KOFIA local normalized CSV,getSecuritiesMarketTotalCapitalInfo
2024-02-23,KOFIA_INVESTOR_DEPOSIT_MILLION_KRW,투자자예탁금,53420656.582946,million KRW,daily,data.go.kr KOFIA local normalized CSV,getSecuritiesMarketTotalCapitalInfo
2024-02-26,KOFIA_INVESTOR_DEPOSIT_MILLION_KRW,투자자예탁금,54623364.142128,million KRW,daily,data.go.kr KOFIA local normalized CSV,getSecuritiesMarketTotalCapitalInfo
2024-02-27,KOFIA_INVESTOR_DEPOSIT_MILLION_KRW,투자자예탁금,56011483.883167,million KRW,daily,data.go.kr KOFIA local normalized CSV,getSecuritiesMarketTotalCapitalInfo
2024-02-28,KOFIA_INVESTOR_DEPOSIT_MILLION_KRW,투자자예탁금,54868364.54137,million KRW,daily,data.go.kr KOFIA local normalized CSV,getSecuritiesMarketTotalCapitalInfo
2024-02-29,KOFIA_INVESTOR_DEPOSIT_MILLION_KRW,투자자예탁금,54335607.16113,million KRW,daily,data.go.kr KOFIA local normalized CSV,getSecuritiesMarketTotalCapitalInfo
2024-03-04,KOFIA_INVESTOR_DEPOSIT_MILLION_KRW,투자자예탁금,57885223.792277,million KRW,daily,data.go.kr KOFIA local normalized CSV,getSecuritiesMarketTotalCapitalInfo
2024-03-05,KOFIA_INVESTOR_DEPOSIT_MILLION_KRW,투자자예탁금,55022993.910041,million KRW,daily,data.go.kr KOFIA local normalized CSV,getSecuritiesMarketTotalCapitalInfo
2024-03-06,KOFIA_INVESTOR_DEPOSIT_MILLION_KRW,투자자예탁금,54890921.168102,million KRW,daily,data.go.kr KOFIA local normalized CSV,getSecuritiesMarketTotalCapitalInfo
2024-03-07,KOFIA_INVESTOR_DEPOSIT_MILLION_KRW,투자자예탁금,54068253.452632,million KRW,daily,data.go.kr KOFIA local normalized CSV,getSecuritiesMarketTotalCapitalInfo
2024-03-08,KOFIA_INVESTOR_DEPOSIT_MILLION_KRW,투자자예탁금,52506014.730124,million KRW,daily,data.go.kr KOFIA local normalized CSV,getSecuritiesMarketTotalCapitalInfo
2024-03-11,KOFIA_INVESTOR_DEPOSIT_MILLION_KRW,투자자예탁금,53343567.930926,million KRW,daily,data.go.kr KOFIA local normalized CSV,getSecuritiesMarketTotalCapitalInfo
2024-03-12,KOFIA_INVESTOR_DEPOSIT_MILLION_KRW,투자자예탁금,53882229.940306,million KRW,daily,data.go.kr KOFIA local normalized CSV,getSecuritiesMarketTotalCapitalInfo
2024-03-13,KOFIA_INVESTOR_DEPOSIT_MILLION_KRW,투자자예탁금,52997284.42627,million KRW,daily,data.go.kr KOFIA local normalized CSV,getSecuritiesMarketTotalCapitalInfo
2024-03-14,KOFIA_INVESTOR_DEPOSIT_MILLION_KRW,투자자예탁금,53482418.221662,million KRW,daily,data.go.kr KOFIA local normalized CSV,getSecuritiesMarketTotalCapitalInfo
2024-03-15,KOFIA_INVESTOR_DEPOSIT_MILLION_KRW,투자자예탁금,53366214.481802,million KRW,daily,data.go.kr KOFIA local normalized CSV,getSecuritiesMarketTotalCapitalInfo
2024-03-18,KOFIA_INVESTOR_DEPOSIT_MILLION_KRW,투자자예탁금,53112164.528387,million KRW,daily,data.go.kr KOFIA local normalized CSV,getSecuritiesMarketTotalCapitalInfo
2024-03-19,KOFIA_INVESTOR_DEPOSIT_MILLION_KRW,투자자예탁금,51751964.321198,million KRW,daily,data.go.kr KOFIA local normalized CSV,getSecuritiesMarketTotalCapitalInfo
2024-03-20,KOFIA_INVESTOR_DEPOSIT_MILLION_KRW,투자자예탁금,52846081.463892,million KRW,daily,data.go.kr KOFIA local normalized CSV,getSecuritiesMarketTotalCapitalInfo
2024-03-21,KOFIA_INVESTOR_DEPOSIT_MILLION_KRW,투자자예탁금,52635541.429727,million KRW,daily,data.go.kr KOFIA local normalized CSV,getSecuritiesMarketTotalCapitalInfo
2024-03-22,KOFIA_INVESTOR_DEPOSIT_MILLION_KRW,투자자예탁금,52006985.082352,million KRW,daily,data.go.kr KOFIA local normalized CSV,getSecuritiesMarketTotalCapitalInfo
2024-03-25,KOFIA_INVESTOR_DEPOSIT_MILLION_KRW,투자자예탁금,55261487.740828,million KRW,daily,data.go.kr KOFIA local normalized CSV,getSecuritiesMarketTotalCapitalInfo
2024-03-26,KOFIA_INVESTOR_DEPOSIT_MILLION_KRW,투자자예탁금,55190636.57631,million KRW,daily,data.go.kr KOFIA local normalized CSV,getSecuritiesMarketTotalCapitalInfo
2024-03-27,KOFIA_INVESTOR_DEPOSIT_MILLION_KRW,투자자예탁금,55322950.756563,million KRW,daily,data.go.kr KOFIA local normalized CSV,getSecuritiesMarketTotalCapitalInfo
2024-03-28,KOFIA_INVESTOR_DEPOSIT_MILLION_KRW,투자자예탁금,56043804.163215,million KRW,daily,data.go.kr KOFIA local normalized CSV,getSecuritiesMarketTotalCapitalInfo
2024-03-29,KOFIA_INVESTOR_DEPOSIT_MILLION_KRW,투자자예탁금,56522917.618972,million KRW,daily,data.go.kr KOFIA local normalized CSV,getSecuritiesMarketTotalCapitalInfo
2024-04-01,KOFIA_INVESTOR_DEPOSIT_MILLION_KRW,투자자예탁금,59629885.011116,million KRW,daily,data.go.kr KOFIA local normalized CSV,getSecuritiesMarketTotalCapitalInfo
2024-04-02,KOFIA_INVESTOR_DEPOSIT_MILLION_KRW,투자자예탁금,57422689.392195,million KRW,daily,data.go.kr KOFIA local normalized CSV,getSecuritiesMarketTotalCapitalInfo
2024-04-03,KOFIA_INVESTOR_DEPOSIT_MILLION_KRW,투자자예탁금,57047480.237023,million KRW,daily,data.go.kr KOFIA local normalized CSV,getSecuritiesMarketTotalCapitalInfo
2024-04-04,KOFIA_INVESTOR_DEPOSIT_MILLION_KRW,투자자예탁금,56490460.403907,million KRW,daily,data.go.kr KOFIA local normalized CSV,getSecuritiesMarketTotalCapitalInfo
2024-04-05,KOFIA_INVESTOR_DEPOSIT_MILLION_KRW,투자자예탁금,54442954.758268,million KRW,daily,data.go.kr KOFIA local normalized CSV,getSecuritiesMarketTotalCapitalInfo
2024-04-08,KOFIA_INVESTOR_DEPOSIT_MILLION_KRW,투자자예탁금,55933314.475115,million KRW,daily,data.go.kr KOFIA local normalized CSV,getSecuritiesMarketTotalCapitalInfo
2024-04-09,KOFIA_INVESTOR_DEPOSIT_MILLION_KRW,투자자예탁금,55023905.1117,million KRW,daily,data.go.kr KOFIA local normalized CSV,getSecuritiesMarketTotalCapitalInfo
2024-04-11,KOFIA_INVESTOR_DEPOSIT_MILLION_KRW,투자자예탁금,55385480.817004,million KRW,daily,data.go.kr KOFIA local normalized CSV,getSecuritiesMarketTotalCapitalInfo
2024-04-12,KOFIA_INVESTOR_DEPOSIT_MILLION_KRW,투자자예탁금,54935300.908985,million KRW,daily,data.go.kr KOFIA local normalized CSV,getSecuritiesMarketTotalCapitalInfo
2024-04-15,KOFIA_INVESTOR_DEPOSIT_MILLION_KRW,투자자예탁금,56668169.633884,million KRW,daily,data.go.kr KOFIA local normalized CSV,getSecuritiesMarketTotalCapitalInfo
2024-04-16,KOFIA_INVESTOR_DEPOSIT_MILLION_KRW,투자자예탁금,57596878.320632,million KRW,daily,data.go.kr KOFIA local normalized CSV,getSecuritiesMarketTotalCapitalInfo
2024-04-17,KOFIA_INVESTOR_DEPOSIT_MILLION_KRW,투자자예탁금,55269040.237654,million KRW,daily,data.go.kr KOFIA local normalized CSV,getSecuritiesMarketTotalCapitalInfo
2024-04-18,KOFIA_INVESTOR_DEPOSIT_MILLION_KRW,투자자예탁금,55060038.876076,million KRW,daily,data.go.kr KOFIA local normalized CSV,getSecuritiesMarketTotalCapitalInfo
2024-04-19,KOFIA_INVESTOR_DEPOSIT_MILLION_KRW,투자자예탁금,55475401.648361,million KRW,daily,data.go.kr KOFIA local normalized CSV,getSecuritiesMarketTotalCapitalInfo
2024-04-22,KOFIA_INVESTOR_DEPOSIT_MILLION_KRW,투자자예탁금,56579689.328978,million KRW,daily,data.go.kr KOFIA local normalized CSV,getSecuritiesMarketTotalCapitalInfo
2024-04-23,KOFIA_INVESTOR_DEPOSIT_MILLION_KRW,투자자예탁금,55865340.965201,million KRW,daily,data.go.kr KOFIA local normalized CSV,getSecuritiesMarketTotalCapitalInfo
2024-04-24,KOFIA_INVESTOR_DEPOSIT_MILLION_KRW,투자자예탁금,54695992.537225,million KRW,daily,data.go.kr KOFIA local normalized CSV,getSecuritiesMarketTotalCapitalInfo
2024-04-25,KOFIA_INVESTOR_DEPOSIT_MILLION_KRW,투자자예탁금,55671275.174319,million KRW,daily,data.go.kr KOFIA local normalized CSV,getSecuritiesMarketTotalCapitalInfo
2024-04-26,KOFIA_INVESTOR_DEPOSIT_MILLION_KRW,투자자예탁금,56510158.057604,million KRW,daily,data.go.kr KOFIA local normalized CSV,getSecuritiesMarketTotalCapitalInfo
2024-04-29,KOFIA_INVESTOR_DEPOSIT_MILLION_KRW,투자자예탁금,56787158.680784,million KRW,daily,data.go.kr KOFIA local normalized CSV,getSecuritiesMarketTotalCapitalInfo
2024-04-30,KOFIA_INVESTOR_DEPOSIT_MILLION_KRW,투자자예탁금,57230646.181837,million KRW,daily,data.go.kr KOFIA local normalized CSV,getSecuritiesMarketTotalCapitalInfo
2024-05-02,KOFIA_INVESTOR_DEPOSIT_MILLION_KRW,투자자예탁금,58790827.353911,million KRW,daily,data.go.kr KOFIA local normalized CSV,getSecuritiesMarketTotalCapitalInfo
2024-05-03,KOFIA_INVESTOR_DEPOSIT_MILLION_KRW,투자자예탁금,55944962.287161,million KRW,daily,data.go.kr KOFIA local normalized CSV,getSecuritiesMarketTotalCapitalInfo
2024-05-07,KOFIA_INVESTOR_DEPOSIT_MILLION_KRW,투자자예탁금,55482066.348261,million KRW,daily,data.go.kr KOFIA local normalized CSV,getSecuritiesMarketTotalCapitalInfo
2024-05-08,KOFIA_INVESTOR_DEPOSIT_MILLION_KRW,투자자예탁금,54108891.860107,million KRW,daily,data.go.kr KOFIA local normalized CSV,getSecuritiesMarketTotalCapitalInfo
2024-05-09,KOFIA_INVESTOR_DEPOSIT_MILLION_KRW,투자자예탁금,55665132.542514,million KRW,daily,data.go.kr KOFIA local normalized CSV,getSecuritiesMarketTotalCapitalInfo
2024-05-10,KOFIA_INVESTOR_DEPOSIT_MILLION_KRW,투자자예탁금,55650034.024857,million KRW,daily,data.go.kr KOFIA local normalized CSV,getSecuritiesMarketTotalCapitalInfo
2024-05-13,KOFIA_INVESTOR_DEPOSIT_MILLION_KRW,투자자예탁금,55347611.062549,million KRW,daily,data.go.kr KOFIA local normalized CSV,getSecuritiesMarketTotalCapitalInfo
2024-05-14,KOFIA_INVESTOR_DEPOSIT_MILLION_KRW,투자자예탁금,55393896.900749,million KRW,daily,data.go.kr KOFIA local normalized CSV,getSecuritiesMarketTotalCapitalInfo
2024-05-16,KOFIA_INVESTOR_DEPOSIT_MILLION_KRW,투자자예탁금,56235545.220081,million KRW,daily,data.go.kr KOFIA local normalized CSV,getSecuritiesMarketTotalCapitalInfo
2024-05-17,KOFIA_INVESTOR_DEPOSIT_MILLION_KRW,투자자예탁금,55656362.825535,million KRW,daily,data.go.kr KOFIA local normalized CSV,getSecuritiesMarketTotalCapitalInfo
2024-05-20,KOFIA_INVESTOR_DEPOSIT_MILLION_KRW,투자자예탁금,56169427.834653,million KRW,daily,data.go.kr KOFIA local normalized CSV,getSecuritiesMarketTotalCapitalInfo
2024-05-21,KOFIA_INVESTOR_DEPOSIT_MILLION_KRW,투자자예탁금,55422936.24216,million KRW,daily,data.go.kr KOFIA local normalized CSV,getSecuritiesMarketTotalCapitalInfo
2024-05-22,KOFIA_INVESTOR_DEPOSIT_MILLION_KRW,투자자예탁금,54881958.889637,million KRW,daily,data.go.kr KOFIA local normalized CSV,getSecuritiesMarketTotalCapitalInfo
2024-05-23,KOFIA_INVESTOR_DEPOSIT_MILLION_KRW,투자자예탁금,55663636.519895,million KRW,daily,data.go.kr KOFIA local normalized CSV,getSecuritiesMarketTotalCapitalInfo
2024-05-24,KOFIA_INVESTOR_DEPOSIT_MILLION_KRW,투자자예탁금,55440861.866229,million KRW,daily,data.go.kr KOFIA local normalized CSV,getSecuritiesMarketTotalCapitalInfo
2024-05-27,KOFIA_INVESTOR_DEPOSIT_MILLION_KRW,투자자예탁금,56848059.502508,million KRW,daily,data.go.kr KOFIA local normalized CSV,getSecuritiesMarketTotalCapitalInfo
2024-05-28,KOFIA_INVESTOR_DEPOSIT_MILLION_KRW,투자자예탁금,56269836.330863,million KRW,daily,data.go.kr KOFIA local normalized CSV,getSecuritiesMarketTotalCapitalInfo
2024-05-29,KOFIA_INVESTOR_DEPOSIT_MILLION_KRW,투자자예탁금,55147394.739219,million KRW,daily,data.go.kr KOFIA local normalized CSV,getSecuritiesMarketTotalCapitalInfo
2024-05-30,KOFIA_INVESTOR_DEPOSIT_MILLION_KRW,투자자예탁금,56410089.893747,million KRW,daily,data.go.kr KOFIA local normalized CSV,getSecuritiesMarketTotalCapitalInfo
2024-05-31,KOFIA_INVESTOR_DEPOSIT_MILLION_KRW,투자자예탁금,54396417.185127,million KRW,daily,data.go.kr KOFIA local normalized CSV,getSecuritiesMarketTotalCapitalInfo
2024-06-03,KOFIA_INVESTOR_DEPOSIT_MILLION_KRW,투자자예탁금,54213223.531091,million KRW,daily,data.go.kr KOFIA local normalized CSV,getSecuritiesMarketTotalCapitalInfo
2024-06-04,KOFIA_INVESTOR_DEPOSIT_MILLION_KRW,투자자예탁금,52968635.523474,million KRW,daily,data.go.kr KOFIA local normalized CSV,getSecuritiesMarketTotalCapitalInfo
2024-06-05,KOFIA_INVESTOR_DEPOSIT_MILLION_KRW,투자자예탁금,53392409.206346,million KRW,daily,data.go.kr KOFIA local normalized CSV,getSecuritiesMarketTotalCapitalInfo
2024-06-07,KOFIA_INVESTOR_DEPOSIT_MILLION_KRW,투자자예탁금,53266412.555066,million KRW,daily,data.go.kr KOFIA local normalized CSV,getSecuritiesMarketTotalCapitalInfo
2024-06-10,KOFIA_INVESTOR_DEPOSIT_MILLION_KRW,투자자예탁금,54128929.536115,million KRW,daily,data.go.kr KOFIA local normalized CSV,getSecuritiesMarketTotalCapitalInfo
2024-06-11,KOFIA_INVESTOR_DEPOSIT_MILLION_KRW,투자자예탁금,54216870.482293,million KRW,daily,data.go.kr KOFIA local normalized CSV,getSecuritiesMarketTotalCapitalInfo
2024-06-12,KOFIA_INVESTOR_DEPOSIT_MILLION_KRW,투자자예탁금,54101137.23973,million KRW,daily,data.go.kr KOFIA local normalized CSV,getSecuritiesMarketTotalCapitalInfo
2024-06-13,KOFIA_INVESTOR_DEPOSIT_MILLION_KRW,투자자예탁금,55593483.669531,million KRW,daily,data.go.kr KOFIA local normalized CSV,getSecuritiesMarketTotalCapitalInfo
2024-06-14,KOFIA_INVESTOR_DEPOSIT_MILLION_KRW,투자자예탁금,54688257.889315,million KRW,daily,data.go.kr KOFIA local normalized CSV,getSecuritiesMarketTotalCapitalInfo
2024-06-17,KOFIA_INVESTOR_DEPOSIT_MILLION_KRW,투자자예탁금,55699126.800543,million KRW,daily,data.go.kr KOFIA local normalized CSV,getSecuritiesMarketTotalCapitalInfo
2024-06-18,KOFIA_INVESTOR_DEPOSIT_MILLION_KRW,투자자예탁금,55780574.669942,million KRW,daily,data.go.kr KOFIA local normalized CSV,getSecuritiesMarketTotalCapitalInfo
2024-06-19,KOFIA_INVESTOR_DEPOSIT_MILLION_KRW,투자자예탁금,54799965.508577,million KRW,daily,data.go.kr KOFIA local normalized CSV,getSecuritiesMarketTotalCapitalInfo
2024-06-20,KOFIA_INVESTOR_DEPOSIT_MILLION_KRW,투자자예탁금,54885806.949521,million KRW,daily,data.go.kr KOFIA local normalized CSV,getSecuritiesMarketTotalCapitalInfo
2024-06-21,KOFIA_INVESTOR_DEPOSIT_MILLION_KRW,투자자예탁금,55238295.635684,million KRW,daily,data.go.kr KOFIA local normalized CSV,getSecuritiesMarketTotalCapitalInfo
2024-06-24,KOFIA_INVESTOR_DEPOSIT_MILLION_KRW,투자자예탁금,55960781.173646,million KRW,daily,data.go.kr KOFIA local normalized CSV,getSecuritiesMarketTotalCapitalInfo
2024-06-25,KOFIA_INVESTOR_DEPOSIT_MILLION_KRW,투자자예탁금,55972479.460005,million KRW,daily,data.go.kr KOFIA local normalized CSV,getSecuritiesMarketTotalCapitalInfo
2024-06-26,KOFIA_INVESTOR_DEPOSIT_MILLION_KRW,투자자예탁금,55095532.662566,million KRW,daily,data.go.kr KOFIA local normalized CSV,getSecuritiesMarketTotalCapitalInfo
2024-06-27,KOFIA_INVESTOR_DEPOSIT_MILLION_KRW,투자자예탁금,56442241.622111,million KRW,daily,data.go.kr KOFIA local normalized CSV,getSecuritiesMarketTotalCapitalInfo
2024-06-28,KOFIA_INVESTOR_DEPOSIT_MILLION_KRW,투자자예탁금,56508685.394651,million KRW,daily,data.go.kr KOFIA local normalized CSV,getSecuritiesMarketTotalCapitalInfo
2024-07-01,KOFIA_INVESTOR_DEPOSIT_MILLION_KRW,투자자예탁금,58310530.8261,million KRW,daily,data.go.kr KOFIA local normalized CSV,getSecuritiesMarketTotalCapitalInfo
2024-07-02,KOFIA_INVESTOR_DEPOSIT_MILLION_KRW,투자자예탁금,56159071.696378,million KRW,daily,data.go.kr KOFIA local normalized CSV,getSecuritiesMarketTotalCapitalInfo
2024-07-03,KOFIA_INVESTOR_DEPOSIT_MILLION_KRW,투자자예탁금,54399011.224013,million KRW,daily,data.go.kr KOFIA local normalized CSV,getSecuritiesMarketTotalCapitalInfo
2024-07-04,KOFIA_INVESTOR_DEPOSIT_MILLION_KRW,투자자예탁금,53044947.235392,million KRW,daily,data.go.kr KOFIA local normalized CSV,getSecuritiesMarketTotalCapitalInfo
2024-07-05,KOFIA_INVESTOR_DEPOSIT_MILLION_KRW,투자자예탁금,53854896.98287,million KRW,daily,data.go.kr KOFIA local normalized CSV,getSecuritiesMarketTotalCapitalInfo
2024-07-08,KOFIA_INVESTOR_DEPOSIT_MILLION_KRW,투자자예탁금,55604335.094563,million KRW,daily,data.go.kr KOFIA local normalized CSV,getSecuritiesMarketTotalCapitalInfo
2024-07-09,KOFIA_INVESTOR_DEPOSIT_MILLION_KRW,투자자예탁금,56602615.749308,million KRW,daily,data.go.kr KOFIA local normalized CSV,getSecuritiesMarketTotalCapitalInfo
2024-07-10,KOFIA_INVESTOR_DEPOSIT_MILLION_KRW,투자자예탁금,56168872.980072,million KRW,daily,data.go.kr KOFIA local normalized CSV,getSecuritiesMarketTotalCapitalInfo
2024-07-11,KOFIA_INVESTOR_DEPOSIT_MILLION_KRW,투자자예탁금,57231133.539029,million KRW,daily,data.go.kr KOFIA local normalized CSV,getSecuritiesMarketTotalCapitalInfo
2024-07-12,KOFIA_INVESTOR_DEPOSIT_MILLION_KRW,투자자예탁금,56546536.120821,million KRW,daily,data.go.kr KOFIA local normalized CSV,getSecuritiesMarketTotalCapitalInfo
2024-07-15,KOFIA_INVESTOR_DEPOSIT_MILLION_KRW,투자자예탁금,57877247.075263,million KRW,daily,data.go.kr KOFIA local normalized CSV,getSecuritiesMarketTotalCapitalInfo
2024-07-16,KOFIA_INVESTOR_DEPOSIT_MILLION_KRW,투자자예탁금,56907308.523973,million KRW,daily,data.go.kr KOFIA local normalized CSV,getSecuritiesMarketTotalCapitalInfo
2024-07-17,KOFIA_INVESTOR_DEPOSIT_MILLION_KRW,투자자예탁금,56340884.566153,million KRW,daily,data.go.kr KOFIA local normalized CSV,getSecuritiesMarketTotalCapitalInfo
2024-07-18,KOFIA_INVESTOR_DEPOSIT_MILLION_KRW,투자자예탁금,57411432.006069,million KRW,daily,data.go.kr KOFIA local normalized CSV,getSecuritiesMarketTotalCapitalInfo
2024-07-19,KOFIA_INVESTOR_DEPOSIT_MILLION_KRW,투자자예탁금,55860337.591864,million KRW,daily,data.go.kr KOFIA local normalized CSV,getSecuritiesMarketTotalCapitalInfo
2024-07-22,KOFIA_INVESTOR_DEPOSIT_MILLION_KRW,투자자예탁금,56104659.3072,million KRW,daily,data.go.kr KOFIA local normalized CSV,getSecuritiesMarketTotalCapitalInfo
2024-07-23,KOFIA_INVESTOR_DEPOSIT_MILLION_KRW,투자자예탁금,55531940.058336,million KRW,daily,data.go.kr KOFIA local normalized CSV,getSecuritiesMarketTotalCapitalInfo
2024-07-24,KOFIA_INVESTOR_DEPOSIT_MILLION_KRW,투자자예탁금,54876226.50453,million KRW,daily,data.go.kr KOFIA local normalized CSV,getSecuritiesMarketTotalCapitalInfo
2024-07-25,KOFIA_INVESTOR_DEPOSIT_MILLION_KRW,투자자예탁금,56393342.421347,million KRW,daily,data.go.kr KOFIA local normalized CSV,getSecuritiesMarketTotalCapitalInfo
2024-07-26,KOFIA_INVESTOR_DEPOSIT_MILLION_KRW,투자자예탁금,55464720.138716,million KRW,daily,data.go.kr KOFIA local normalized CSV,getSecuritiesMarketTotalCapitalInfo
2024-07-29,KOFIA_INVESTOR_DEPOSIT_MILLION_KRW,투자자예탁금,54073110.833436,million KRW,daily,data.go.kr KOFIA local normalized CSV,getSecuritiesMarketTotalCapitalInfo
2024-07-30,KOFIA_INVESTOR_DEPOSIT_MILLION_KRW,투자자예탁금,55012110.965759,million KRW,daily,data.go.kr KOFIA local normalized CSV,getSecuritiesMarketTotalCapitalInfo
2024-07-31,KOFIA_INVESTOR_DEPOSIT_MILLION_KRW,투자자예탁금,54299436.493012,million KRW,daily,data.go.kr KOFIA local normalized CSV,getSecuritiesMarketTotalCapitalInfo
2024-08-01,KOFIA_INVESTOR_DEPOSIT_MILLION_KRW,투자자예탁금,54659225.731608,million KRW,daily,data.go.kr KOFIA local normalized CSV,getSecuritiesMarketTotalCapitalInfo
2024-08-02,KOFIA_INVESTOR_DEPOSIT_MILLION_KRW,투자자예탁금,53867941.539857,million KRW,daily,data.go.kr KOFIA local normalized CSV,getSecuritiesMarketTotalCapitalInfo
2024-08-05,KOFIA_INVESTOR_DEPOSIT_MILLION_KRW,투자자예탁금,59487602.201142,million KRW,daily,data.go.kr KOFIA local normalized CSV,getSecuritiesMarketTotalCapitalInfo
2024-08-06,KOFIA_INVESTOR_DEPOSIT_MILLION_KRW,투자자예탁금,58961751.785233,million KRW,daily,data.go.kr KOFIA local normalized CSV,getSecuritiesMarketTotalCapitalInfo
2024-08-07,KOFIA_INVESTOR_DEPOSIT_MILLION_KRW,투자자예탁금,56583801.664,million KRW,daily,data.go.kr KOFIA local normalized CSV,getSecuritiesMarketTotalCapitalInfo
2024-08-08,KOFIA_INVESTOR_DEPOSIT_MILLION_KRW,투자자예탁금,55121746.627756,million KRW,daily,data.go.kr KOFIA local normalized CSV,getSecuritiesMarketTotalCapitalInfo
2024-08-09,KOFIA_INVESTOR_DEPOSIT_MILLION_KRW,투자자예탁금,53877955.887929,million KRW,daily,data.go.kr KOFIA local normalized CSV,getSecuritiesMarketTotalCapitalInfo
2024-08-12,KOFIA_INVESTOR_DEPOSIT_MILLION_KRW,투자자예탁금,53014172.50732,million KRW,daily,data.go.kr KOFIA local normalized CSV,getSecuritiesMarketTotalCapitalInfo
2024-08-13,KOFIA_INVESTOR_DEPOSIT_MILLION_KRW,투자자예탁금,53815928.920314,million KRW,daily,data.go.kr KOFIA local normalized CSV,getSecuritiesMarketTotalCapitalInfo
2024-08-14,KOFIA_INVESTOR_DEPOSIT_MILLION_KRW,투자자예탁금,53146380.750884,million KRW,daily,data.go.kr KOFIA local normalized CSV,getSecuritiesMarketTotalCapitalInfo
2024-08-16,KOFIA_INVESTOR_DEPOSIT_MILLION_KRW,투자자예탁금,53937484.127855,million KRW,daily,data.go.kr KOFIA local normalized CSV,getSecuritiesMarketTotalCapitalInfo
2024-08-19,KOFIA_INVESTOR_DEPOSIT_MILLION_KRW,투자자예탁금,52588201.452876,million KRW,daily,data.go.kr KOFIA local normalized CSV,getSecuritiesMarketTotalCapitalInfo
2024-08-20,KOFIA_INVESTOR_DEPOSIT_MILLION_KRW,투자자예탁금,53321016.105681,million KRW,daily,data.go.kr KOFIA local normalized CSV,getSecuritiesMarketTotalCapitalInfo
2024-08-21,KOFIA_INVESTOR_DEPOSIT_MILLION_KRW,투자자예탁금,53507914.041311,million KRW,daily,data.go.kr KOFIA local normalized CSV,getSecuritiesMarketTotalCapitalInfo
2024-08-22,KOFIA_INVESTOR_DEPOSIT_MILLION_KRW,투자자예탁금,53505330.068947,million KRW,daily,data.go.kr KOFIA local normalized CSV,getSecuritiesMarketTotalCapitalInfo
2024-08-23,KOFIA_INVESTOR_DEPOSIT_MILLION_KRW,투자자예탁금,52585918.346637,million KRW,daily,data.go.kr KOFIA local normalized CSV,getSecuritiesMarketTotalCapitalInfo
2024-08-26,KOFIA_INVESTOR_DEPOSIT_MILLION_KRW,투자자예탁금,53416864.661474,million KRW,daily,data.go.kr KOFIA local normalized CSV,getSecuritiesMarketTotalCapitalInfo
2024-08-27,KOFIA_INVESTOR_DEPOSIT_MILLION_KRW,투자자예탁금,53729478.665756,million KRW,daily,data.go.kr KOFIA local normalized CSV,getSecuritiesMarketTotalCapitalInfo
2024-08-28,KOFIA_INVESTOR_DEPOSIT_MILLION_KRW,투자자예탁금,53251355.65437,million KRW,daily,data.go.kr KOFIA local normalized CSV,getSecuritiesMarketTotalCapitalInfo
2024-08-29,KOFIA_INVESTOR_DEPOSIT_MILLION_KRW,투자자예탁금,53060510.526493,million KRW,daily,data.go.kr KOFIA local normalized CSV,getSecuritiesMarketTotalCapitalInfo
2024-08-30,KOFIA_INVESTOR_DEPOSIT_MILLION_KRW,투자자예탁금,52129288.92736,million KRW,daily,data.go.kr KOFIA local normalized CSV,getSecuritiesMarketTotalCapitalInfo
2024-09-02,KOFIA_INVESTOR_DEPOSIT_MILLION_KRW,투자자예탁금,52050972.373816,million KRW,daily,data.go.kr KOFIA local normalized CSV,getSecuritiesMarketTotalCapitalInfo
2024-09-03,KOFIA_INVESTOR_DEPOSIT_MILLION_KRW,투자자예탁금,51427194.082347,million KRW,daily,data.go.kr KOFIA local normalized CSV,getSecuritiesMarketTotalCapitalInfo
2024-09-04,KOFIA_INVESTOR_DEPOSIT_MILLION_KRW,투자자예탁금,53241195.212623,million KRW,daily,data.go.kr KOFIA local normalized CSV,getSecuritiesMarketTotalCapitalInfo
2024-09-05,KOFIA_INVESTOR_DEPOSIT_MILLION_KRW,투자자예탁금,53381365.022583,million KRW,daily,data.go.kr KOFIA local normalized CSV,getSecuritiesMarketTotalCapitalInfo
2024-09-06,KOFIA_INVESTOR_DEPOSIT_MILLION_KRW,투자자예탁금,51452574.075428,million KRW,daily,data.go.kr KOFIA local normalized CSV,getSecuritiesMarketTotalCapitalInfo
2024-09-09,KOFIA_INVESTOR_DEPOSIT_MILLION_KRW,투자자예탁금,51259808.544336,million KRW,daily,data.go.kr KOFIA local normalized CSV,getSecuritiesMarketTotalCapitalInfo
2024-09-10,KOFIA_INVESTOR_DEPOSIT_MILLION_KRW,투자자예탁금,51494331.175027,million KRW,daily,data.go.kr KOFIA local normalized CSV,getSecuritiesMarketTotalCapitalInfo
2024-09-11,KOFIA_INVESTOR_DEPOSIT_MILLION_KRW,투자자예탁금,51993265.958188,million KRW,daily,data.go.kr KOFIA local normalized CSV,getSecuritiesMarketTotalCapitalInfo
2024-09-12,KOFIA_INVESTOR_DEPOSIT_MILLION_KRW,투자자예탁금,51153108.874874,million KRW,daily,data.go.kr KOFIA local normalized CSV,getSecuritiesMarketTotalCapitalInfo
2024-09-13,KOFIA_INVESTOR_DEPOSIT_MILLION_KRW,투자자예탁금,51400715.191577,million KRW,daily,data.go.kr KOFIA local normalized CSV,getSecuritiesMarketTotalCapitalInfo
2024-09-19,KOFIA_INVESTOR_DEPOSIT_MILLION_KRW,투자자예탁금,51609427.016517,million KRW,daily,data.go.kr KOFIA local normalized CSV,getSecuritiesMarketTotalCapitalInfo
2024-09-20,KOFIA_INVESTOR_DEPOSIT_MILLION_KRW,투자자예탁금,50829579.730951,million KRW,daily,data.go.kr KOFIA local normalized CSV,getSecuritiesMarketTotalCapitalInfo
2024-09-23,KOFIA_INVESTOR_DEPOSIT_MILLION_KRW,투자자예탁금,51679260.57224,million KRW,daily,data.go.kr KOFIA local normalized CSV,getSecuritiesMarketTotalCapitalInfo
2024-09-24,KOFIA_INVESTOR_DEPOSIT_MILLION_KRW,투자자예탁금,51755961.58169,million KRW,daily,data.go.kr KOFIA local normalized CSV,getSecuritiesMarketTotalCapitalInfo
2024-09-25,KOFIA_INVESTOR_DEPOSIT_MILLION_KRW,투자자예탁금,52044261.690527,million KRW,daily,data.go.kr KOFIA local normalized CSV,getSecuritiesMarketTotalCapitalInfo
2024-09-26,KOFIA_INVESTOR_DEPOSIT_MILLION_KRW,투자자예탁금,54060644.143231,million KRW,daily,data.go.kr KOFIA local normalized CSV,getSecuritiesMarketTotalCapitalInfo
2024-09-27,KOFIA_INVESTOR_DEPOSIT_MILLION_KRW,투자자예탁금,52019025.063773,million KRW,daily,data.go.kr KOFIA local normalized CSV,getSecuritiesMarketTotalCapitalInfo
2024-09-30,KOFIA_INVESTOR_DEPOSIT_MILLION_KRW,투자자예탁금,56832875.086415,million KRW,daily,data.go.kr KOFIA local normalized CSV,getSecuritiesMarketTotalCapitalInfo
2024-10-02,KOFIA_INVESTOR_DEPOSIT_MILLION_KRW,투자자예탁금,56331303.608796,million KRW,daily,data.go.kr KOFIA local normalized CSV,getSecuritiesMarketTotalCapitalInfo
2024-10-04,KOFIA_INVESTOR_DEPOSIT_MILLION_KRW,투자자예탁금,52704265.257858,million KRW,daily,data.go.kr KOFIA local normalized CSV,getSecuritiesMarketTotalCapitalInfo
2024-10-07,KOFIA_INVESTOR_DEPOSIT_MILLION_KRW,투자자예탁금,51510003.333314,million KRW,daily,data.go.kr KOFIA local normalized CSV,getSecuritiesMarketTotalCapitalInfo
2024-10-08,KOFIA_INVESTOR_DEPOSIT_MILLION_KRW,투자자예탁금,50695203.866291,million KRW,daily,data.go.kr KOFIA local normalized CSV,getSecuritiesMarketTotalCapitalInfo
2024-10-10,KOFIA_INVESTOR_DEPOSIT_MILLION_KRW,투자자예탁금,52348904.165811,million KRW,daily,data.go.kr KOFIA local normalized CSV,getSecuritiesMarketTotalCapitalInfo
2024-10-11,KOFIA_INVESTOR_DEPOSIT_MILLION_KRW,투자자예탁금,52212688.360489,million KRW,daily,data.go.kr KOFIA local normalized CSV,getSecuritiesMarketTotalCapitalInfo
2024-10-14,KOFIA_INVESTOR_DEPOSIT_MILLION_KRW,투자자예탁금,52578866.876039,million KRW,daily,data.go.kr KOFIA local normalized CSV,getSecuritiesMarketTotalCapitalInfo
2024-10-15,KOFIA_INVESTOR_DEPOSIT_MILLION_KRW,투자자예탁금,52940650.969368,million KRW,daily,data.go.kr KOFIA local normalized CSV,getSecuritiesMarketTotalCapitalInfo
2024-10-16,KOFIA_INVESTOR_DEPOSIT_MILLION_KRW,투자자예탁금,53360046.108334,million KRW,daily,data.go.kr KOFIA local normalized CSV,getSecuritiesMarketTotalCapitalInfo
2024-10-17,KOFIA_INVESTOR_DEPOSIT_MILLION_KRW,투자자예탁금,52367810.303561,million KRW,daily,data.go.kr KOFIA local normalized CSV,getSecuritiesMarketTotalCapitalInfo
2024-10-18,KOFIA_INVESTOR_DEPOSIT_MILLION_KRW,투자자예탁금,51252471.553349,million KRW,daily,data.go.kr KOFIA local normalized CSV,getSecuritiesMarketTotalCapitalInfo
2024-10-21,KOFIA_INVESTOR_DEPOSIT_MILLION_KRW,투자자예탁금,54433876.861487,million KRW,daily,data.go.kr KOFIA local normalized CSV,getSecuritiesMarketTotalCapitalInfo
2024-10-22,KOFIA_INVESTOR_DEPOSIT_MILLION_KRW,투자자예탁금,54710007.841961,million KRW,daily,data.go.kr KOFIA local normalized CSV,getSecuritiesMarketTotalCapitalInfo
2024-10-23,KOFIA_INVESTOR_DEPOSIT_MILLION_KRW,투자자예탁금,55677139.088015,million KRW,daily,data.go.kr KOFIA local normalized CSV,getSecuritiesMarketTotalCapitalInfo
2024-10-24,KOFIA_INVESTOR_DEPOSIT_MILLION_KRW,투자자예탁금,54033813.013059,million KRW,daily,data.go.kr KOFIA local normalized CSV,getSecuritiesMarketTotalCapitalInfo
2024-10-25,KOFIA_INVESTOR_DEPOSIT_MILLION_KRW,투자자예탁금,53594215.752608,million KRW,daily,data.go.kr KOFIA local normalized CSV,getSecuritiesMarketTotalCapitalInfo
2024-10-28,KOFIA_INVESTOR_DEPOSIT_MILLION_KRW,투자자예탁금,50732484.928065,million KRW,daily,data.go.kr KOFIA local normalized CSV,getSecuritiesMarketTotalCapitalInfo
2024-10-29,KOFIA_INVESTOR_DEPOSIT_MILLION_KRW,투자자예탁금,50481516.559036,million KRW,daily,data.go.kr KOFIA local normalized CSV,getSecuritiesMarketTotalCapitalInfo
2024-10-30,KOFIA_INVESTOR_DEPOSIT_MILLION_KRW,투자자예탁금,49597313.994747,million KRW,daily,data.go.kr KOFIA local normalized CSV,getSecuritiesMarketTotalCapitalInfo
2024-10-31,KOFIA_INVESTOR_DEPOSIT_MILLION_KRW,투자자예탁금,50586580.705336,million KRW,daily,data.go.kr KOFIA local normalized CSV,getSecuritiesMarketTotalCapitalInfo
2024-11-01,KOFIA_INVESTOR_DEPOSIT_MILLION_KRW,투자자예탁금,51431835.421172,million KRW,daily,data.go.kr KOFIA local normalized CSV,getSecuritiesMarketTotalCapitalInfo
2024-11-04,KOFIA_INVESTOR_DEPOSIT_MILLION_KRW,투자자예탁금,50423952.20343,million KRW,daily,data.go.kr KOFIA local normalized CSV,getSecuritiesMarketTotalCapitalInfo
2024-11-05,KOFIA_INVESTOR_DEPOSIT_MILLION_KRW,투자자예탁금,50063880.529381,million KRW,daily,data.go.kr KOFIA local normalized CSV,getSecuritiesMarketTotalCapitalInfo
2024-11-06,KOFIA_INVESTOR_DEPOSIT_MILLION_KRW,투자자예탁금,49889998.495435,million KRW,daily,data.go.kr KOFIA local normalized CSV,getSecuritiesMarketTotalCapitalInfo
2024-11-07,KOFIA_INVESTOR_DEPOSIT_MILLION_KRW,투자자예탁금,50084384.84765,million KRW,daily,data.go.kr KOFIA local normalized CSV,getSecuritiesMarketTotalCapitalInfo
2024-11-08,KOFIA_INVESTOR_DEPOSIT_MILLION_KRW,투자자예탁금,49902286.708025,million KRW,daily,data.go.kr KOFIA local normalized CSV,getSecuritiesMarketTotalCapitalInfo
2024-11-11,KOFIA_INVESTOR_DEPOSIT_MILLION_KRW,투자자예탁금,51195195.190146,million KRW,daily,data.go.kr KOFIA local normalized CSV,getSecuritiesMarketTotalCapitalInfo
2024-11-12,KOFIA_INVESTOR_DEPOSIT_MILLION_KRW,투자자예탁금,52733561.514627,million KRW,daily,data.go.kr KOFIA local normalized CSV,getSecuritiesMarketTotalCapitalInfo
2024-11-13,KOFIA_INVESTOR_DEPOSIT_MILLION_KRW,투자자예탁금,51499491.846292,million KRW,daily,data.go.kr KOFIA local normalized CSV,getSecuritiesMarketTotalCapitalInfo
2024-11-14,KOFIA_INVESTOR_DEPOSIT_MILLION_KRW,투자자예탁금,52955168.966955,million KRW,daily,data.go.kr KOFIA local normalized CSV,getSecuritiesMarketTotalCapitalInfo
2024-11-15,KOFIA_INVESTOR_DEPOSIT_MILLION_KRW,투자자예탁금,50612937.036564,million KRW,daily,data.go.kr KOFIA local normalized CSV,getSecuritiesMarketTotalCapitalInfo
2024-11-18,KOFIA_INVESTOR_DEPOSIT_MILLION_KRW,투자자예탁금,50918297.985122,million KRW,daily,data.go.kr KOFIA local normalized CSV,getSecuritiesMarketTotalCapitalInfo
2024-11-19,KOFIA_INVESTOR_DEPOSIT_MILLION_KRW,투자자예탁금,49992846.510273,million KRW,daily,data.go.kr KOFIA local normalized CSV,getSecuritiesMarketTotalCapitalInfo
2024-11-20,KOFIA_INVESTOR_DEPOSIT_MILLION_KRW,투자자예탁금,49812838.596346,million KRW,daily,data.go.kr KOFIA local normalized CSV,getSecuritiesMarketTotalCapitalInfo
2024-11-21,KOFIA_INVESTOR_DEPOSIT_MILLION_KRW,투자자예탁금,50309566.530686,million KRW,daily,data.go.kr KOFIA local normalized CSV,getSecuritiesMarketTotalCapitalInfo
2024-11-22,KOFIA_INVESTOR_DEPOSIT_MILLION_KRW,투자자예탁금,49919043.764808,million KRW,daily,data.go.kr KOFIA local normalized CSV,getSecuritiesMarketTotalCapitalInfo
2024-11-25,KOFIA_INVESTOR_DEPOSIT_MILLION_KRW,투자자예탁금,50424358.903871,million KRW,daily,data.go.kr KOFIA local normalized CSV,getSecuritiesMarketTotalCapitalInfo
2024-11-26,KOFIA_INVESTOR_DEPOSIT_MILLION_KRW,투자자예탁금,52240820.666652,million KRW,daily,data.go.kr KOFIA local normalized CSV,getSecuritiesMarketTotalCapitalInfo
2024-11-27,KOFIA_INVESTOR_DEPOSIT_MILLION_KRW,투자자예탁금,50895783.22309,million KRW,daily,data.go.kr KOFIA local normalized CSV,getSecuritiesMarketTotalCapitalInfo
2024-11-28,KOFIA_INVESTOR_DEPOSIT_MILLION_KRW,투자자예탁금,51600491.269096,million KRW,daily,data.go.kr KOFIA local normalized CSV,getSecuritiesMarketTotalCapitalInfo
2024-11-29,KOFIA_INVESTOR_DEPOSIT_MILLION_KRW,투자자예탁금,52296893.288003,million KRW,daily,data.go.kr KOFIA local normalized CSV,getSecuritiesMarketTotalCapitalInfo
2024-12-02,KOFIA_INVESTOR_DEPOSIT_MILLION_KRW,투자자예탁금,52335881.542839,million KRW,daily,data.go.kr KOFIA local normalized CSV,getSecuritiesMarketTotalCapitalInfo
2024-12-03,KOFIA_INVESTOR_DEPOSIT_MILLION_KRW,투자자예탁금,49898694.589002,million KRW,daily,data.go.kr KOFIA local normalized CSV,getSecuritiesMarketTotalCapitalInfo
2024-12-04,KOFIA_INVESTOR_DEPOSIT_MILLION_KRW,투자자예탁금,51455168.634328,million KRW,daily,data.go.kr KOFIA local normalized CSV,getSecuritiesMarketTotalCapitalInfo
2024-12-05,KOFIA_INVESTOR_DEPOSIT_MILLION_KRW,투자자예탁금,52469231.655263,million KRW,daily,data.go.kr KOFIA local normalized CSV,getSecuritiesMarketTotalCapitalInfo
2024-12-06,KOFIA_INVESTOR_DEPOSIT_MILLION_KRW,투자자예탁금,51740789.83956,million KRW,daily,data.go.kr KOFIA local normalized CSV,getSecuritiesMarketTotalCapitalInfo
2024-12-09,KOFIA_INVESTOR_DEPOSIT_MILLION_KRW,투자자예탁금,51906416.245919,million KRW,daily,data.go.kr KOFIA local normalized CSV,getSecuritiesMarketTotalCapitalInfo
2024-12-10,KOFIA_INVESTOR_DEPOSIT_MILLION_KRW,투자자예탁금,52512921.17162,million KRW,daily,data.go.kr KOFIA local normalized CSV,getSecuritiesMarketTotalCapitalInfo
2024-12-11,KOFIA_INVESTOR_DEPOSIT_MILLION_KRW,투자자예탁금,52922807.229776,million KRW,daily,data.go.kr KOFIA local normalized CSV,getSecuritiesMarketTotalCapitalInfo
2024-12-12,KOFIA_INVESTOR_DEPOSIT_MILLION_KRW,투자자예탁금,52662183.095598,million KRW,daily,data.go.kr KOFIA local normalized CSV,getSecuritiesMarketTotalCapitalInfo
2024-12-13,KOFIA_INVESTOR_DEPOSIT_MILLION_KRW,투자자예탁금,53572768.361127,million KRW,daily,data.go.kr KOFIA local normalized CSV,getSecuritiesMarketTotalCapitalInfo
2024-12-16,KOFIA_INVESTOR_DEPOSIT_MILLION_KRW,투자자예탁금,52808762.230029,million KRW,daily,data.go.kr KOFIA local normalized CSV,getSecuritiesMarketTotalCapitalInfo
2024-12-17,KOFIA_INVESTOR_DEPOSIT_MILLION_KRW,투자자예탁금,52552214.902282,million KRW,daily,data.go.kr KOFIA local normalized CSV,getSecuritiesMarketTotalCapitalInfo
2024-12-18,KOFIA_INVESTOR_DEPOSIT_MILLION_KRW,투자자예탁금,51560362.37744,million KRW,daily,data.go.kr KOFIA local normalized CSV,getSecuritiesMarketTotalCapitalInfo
2024-12-19,KOFIA_INVESTOR_DEPOSIT_MILLION_KRW,투자자예탁금,51351352.708447,million KRW,daily,data.go.kr KOFIA local normalized CSV,getSecuritiesMarketTotalCapitalInfo
2024-12-20,KOFIA_INVESTOR_DEPOSIT_MILLION_KRW,투자자예탁금,52015851.828934,million KRW,daily,data.go.kr KOFIA local normalized CSV,getSecuritiesMarketTotalCapitalInfo
2024-12-23,KOFIA_INVESTOR_DEPOSIT_MILLION_KRW,투자자예탁금,52084454.786951,million KRW,daily,data.go.kr KOFIA local normalized CSV,getSecuritiesMarketTotalCapitalInfo
2024-12-24,KOFIA_INVESTOR_DEPOSIT_MILLION_KRW,투자자예탁금,50626519.879974,million KRW,daily,data.go.kr KOFIA local normalized CSV,getSecuritiesMarketTotalCapitalInfo
2024-12-26,KOFIA_INVESTOR_DEPOSIT_MILLION_KRW,투자자예탁금,52595974.968485,million KRW,daily,data.go.kr KOFIA local normalized CSV,getSecuritiesMarketTotalCapitalInfo
2024-12-27,KOFIA_INVESTOR_DEPOSIT_MILLION_KRW,투자자예탁금,54447545.002958,million KRW,daily,data.go.kr KOFIA local normalized CSV,getSecuritiesMarketTotalCapitalInfo
2024-12-30,KOFIA_INVESTOR_DEPOSIT_MILLION_KRW,투자자예탁금,54555510.031601,million KRW,daily,data.go.kr KOFIA local normalized CSV,getSecuritiesMarketTotalCapitalInfo
2024-12-31,KOFIA_INVESTOR_DEPOSIT_MILLION_KRW,투자자예탁금,54242673.614899,million KRW,daily,data.go.kr KOFIA local normalized CSV,getSecuritiesMarketTotalCapitalInfo
2025-01-02,KOFIA_INVESTOR_DEPOSIT_MILLION_KRW,투자자예탁금,57058283.876932,million KRW,daily,data.go.kr KOFIA local normalized CSV,getSecuritiesMarketTotalCapitalInfo
2025-01-03,KOFIA_INVESTOR_DEPOSIT_MILLION_KRW,투자자예탁금,54550813.941084,million KRW,daily,data.go.kr KOFIA local normalized CSV,getSecuritiesMarketTotalCapitalInfo
2025-01-06,KOFIA_INVESTOR_DEPOSIT_MILLION_KRW,투자자예탁금,53795822.944253,million KRW,daily,data.go.kr KOFIA local normalized CSV,getSecuritiesMarketTotalCapitalInfo
2025-01-07,KOFIA_INVESTOR_DEPOSIT_MILLION_KRW,투자자예탁금,52336000.518336,million KRW,daily,data.go.kr KOFIA local normalized CSV,getSecuritiesMarketTotalCapitalInfo
2025-01-08,KOFIA_INVESTOR_DEPOSIT_MILLION_KRW,투자자예탁금,51940012.252682,million KRW,daily,data.go.kr KOFIA local normalized CSV,getSecuritiesMarketTotalCapitalInfo
2025-01-09,KOFIA_INVESTOR_DEPOSIT_MILLION_KRW,투자자예탁금,52755298.587694,million KRW,daily,data.go.kr KOFIA local normalized CSV,getSecuritiesMarketTotalCapitalInfo
2025-01-10,KOFIA_INVESTOR_DEPOSIT_MILLION_KRW,투자자예탁금,52279383.921374,million KRW,daily,data.go.kr KOFIA local normalized CSV,getSecuritiesMarketTotalCapitalInfo
2025-01-13,KOFIA_INVESTOR_DEPOSIT_MILLION_KRW,투자자예탁금,53747925.642156,million KRW,daily,data.go.kr KOFIA local normalized CSV,getSecuritiesMarketTotalCapitalInfo
2025-01-14,KOFIA_INVESTOR_DEPOSIT_MILLION_KRW,투자자예탁금,53769014.283113,million KRW,daily,data.go.kr KOFIA local normalized CSV,getSecuritiesMarketTotalCapitalInfo
2025-01-15,KOFIA_INVESTOR_DEPOSIT_MILLION_KRW,투자자예탁금,52787692.816115,million KRW,daily,data.go.kr KOFIA local normalized CSV,getSecuritiesMarketTotalCapitalInfo
2025-01-16,KOFIA_INVESTOR_DEPOSIT_MILLION_KRW,투자자예탁금,51869020.602538,million KRW,daily,data.go.kr KOFIA local normalized CSV,getSecuritiesMarketTotalCapitalInfo
2025-01-17,KOFIA_INVESTOR_DEPOSIT_MILLION_KRW,투자자예탁금,51270090.61734,million KRW,daily,data.go.kr KOFIA local normalized CSV,getSecuritiesMarketTotalCapitalInfo
2025-01-20,KOFIA_INVESTOR_DEPOSIT_MILLION_KRW,투자자예탁금,53225906.07439,million KRW,daily,data.go.kr KOFIA local normalized CSV,getSecuritiesMarketTotalCapitalInfo
2025-01-21,KOFIA_INVESTOR_DEPOSIT_MILLION_KRW,투자자예탁금,52798131.357265,million KRW,daily,data.go.kr KOFIA local normalized CSV,getSecuritiesMarketTotalCapitalInfo
2025-01-22,KOFIA_INVESTOR_DEPOSIT_MILLION_KRW,투자자예탁금,52102631.769174,million KRW,daily,data.go.kr KOFIA local normalized CSV,getSecuritiesMarketTotalCapitalInfo
2025-01-23,KOFIA_INVESTOR_DEPOSIT_MILLION_KRW,투자자예탁금,52112576.665695,million KRW,daily,data.go.kr KOFIA local normalized CSV,getSecuritiesMarketTotalCapitalInfo
2025-01-24,KOFIA_INVESTOR_DEPOSIT_MILLION_KRW,투자자예탁금,54144253.92801,million KRW,daily,data.go.kr KOFIA local normalized CSV,getSecuritiesMarketTotalCapitalInfo
2025-01-31,KOFIA_INVESTOR_DEPOSIT_MILLION_KRW,투자자예탁금,55578587.86459,million KRW,daily,data.go.kr KOFIA local normalized CSV,getSecuritiesMarketTotalCapitalInfo
2025-02-03,KOFIA_INVESTOR_DEPOSIT_MILLION_KRW,투자자예탁금,58231702.212835,million KRW,daily,data.go.kr KOFIA local normalized CSV,getSecuritiesMarketTotalCapitalInfo
2025-02-04,KOFIA_INVESTOR_DEPOSIT_MILLION_KRW,투자자예탁금,57753198.95947,million KRW,daily,data.go.kr KOFIA local normalized CSV,getSecuritiesMarketTotalCapitalInfo
2025-02-05,KOFIA_INVESTOR_DEPOSIT_MILLION_KRW,투자자예탁금,53333037.590766,million KRW,daily,data.go.kr KOFIA local normalized CSV,getSecuritiesMarketTotalCapitalInfo
2025-02-06,KOFIA_INVESTOR_DEPOSIT_MILLION_KRW,투자자예탁금,54673361.258018,million KRW,daily,data.go.kr KOFIA local normalized CSV,getSecuritiesMarketTotalCapitalInfo
2025-02-07,KOFIA_INVESTOR_DEPOSIT_MILLION_KRW,투자자예탁금,52823988.313982,million KRW,daily,data.go.kr KOFIA local normalized CSV,getSecuritiesMarketTotalCapitalInfo
2025-02-10,KOFIA_INVESTOR_DEPOSIT_MILLION_KRW,투자자예탁금,53106920.311789,million KRW,daily,data.go.kr KOFIA local normalized CSV,getSecuritiesMarketTotalCapitalInfo
2025-02-11,KOFIA_INVESTOR_DEPOSIT_MILLION_KRW,투자자예탁금,53364909.635933,million KRW,daily,data.go.kr KOFIA local normalized CSV,getSecuritiesMarketTotalCapitalInfo
2025-02-12,KOFIA_INVESTOR_DEPOSIT_MILLION_KRW,투자자예탁금,52892907.50387,million KRW,daily,data.go.kr KOFIA local normalized CSV,getSecuritiesMarketTotalCapitalInfo
2025-02-13,KOFIA_INVESTOR_DEPOSIT_MILLION_KRW,투자자예탁금,53922451.873371,million KRW,daily,data.go.kr KOFIA local normalized CSV,getSecuritiesMarketTotalCapitalInfo
2025-02-14,KOFIA_INVESTOR_DEPOSIT_MILLION_KRW,투자자예탁금,54510648.565961,million KRW,daily,data.go.kr KOFIA local normalized CSV,getSecuritiesMarketTotalCapitalInfo
2025-02-17,KOFIA_INVESTOR_DEPOSIT_MILLION_KRW,투자자예탁금,53508575.175858,million KRW,daily,data.go.kr KOFIA local normalized CSV,getSecuritiesMarketTotalCapitalInfo
2025-02-18,KOFIA_INVESTOR_DEPOSIT_MILLION_KRW,투자자예탁금,53914507.204833,million KRW,daily,data.go.kr KOFIA local normalized CSV,getSecuritiesMarketTotalCapitalInfo
2025-02-19,KOFIA_INVESTOR_DEPOSIT_MILLION_KRW,투자자예탁금,55117343.741774,million KRW,daily,data.go.kr KOFIA local normalized CSV,getSecuritiesMarketTotalCapitalInfo
2025-02-20,KOFIA_INVESTOR_DEPOSIT_MILLION_KRW,투자자예탁금,54622415.283527,million KRW,daily,data.go.kr KOFIA local normalized CSV,getSecuritiesMarketTotalCapitalInfo
2025-02-21,KOFIA_INVESTOR_DEPOSIT_MILLION_KRW,투자자예탁금,54958762.565901,million KRW,daily,data.go.kr KOFIA local normalized CSV,getSecuritiesMarketTotalCapitalInfo
2025-02-24,KOFIA_INVESTOR_DEPOSIT_MILLION_KRW,투자자예탁금,54029761.225021,million KRW,daily,data.go.kr KOFIA local normalized CSV,getSecuritiesMarketTotalCapitalInfo
2025-02-25,KOFIA_INVESTOR_DEPOSIT_MILLION_KRW,투자자예탁금,54898669.789689,million KRW,daily,data.go.kr KOFIA local normalized CSV,getSecuritiesMarketTotalCapitalInfo
2025-02-26,KOFIA_INVESTOR_DEPOSIT_MILLION_KRW,투자자예탁금,54494564.943082,million KRW,daily,data.go.kr KOFIA local normalized CSV,getSecuritiesMarketTotalCapitalInfo
2025-02-27,KOFIA_INVESTOR_DEPOSIT_MILLION_KRW,투자자예탁금,55218463.533405,million KRW,daily,data.go.kr KOFIA local normalized CSV,getSecuritiesMarketTotalCapitalInfo
2025-02-28,KOFIA_INVESTOR_DEPOSIT_MILLION_KRW,투자자예탁금,56052942.763366,million KRW,daily,data.go.kr KOFIA local normalized CSV,getSecuritiesMarketTotalCapitalInfo
2025-03-04,KOFIA_INVESTOR_DEPOSIT_MILLION_KRW,투자자예탁금,57232825.63315,million KRW,daily,data.go.kr KOFIA local normalized CSV,getSecuritiesMarketTotalCapitalInfo
2025-03-05,KOFIA_INVESTOR_DEPOSIT_MILLION_KRW,투자자예탁금,53548723.770937,million KRW,daily,data.go.kr KOFIA local normalized CSV,getSecuritiesMarketTotalCapitalInfo
2025-03-06,KOFIA_INVESTOR_DEPOSIT_MILLION_KRW,투자자예탁금,52877238.309198,million KRW,daily,data.go.kr KOFIA local normalized CSV,getSecuritiesMarketTotalCapitalInfo
2025-03-07,KOFIA_INVESTOR_DEPOSIT_MILLION_KRW,투자자예탁금,51289234.160155,million KRW,daily,data.go.kr KOFIA local normalized CSV,getSecuritiesMarketTotalCapitalInfo
2025-03-10,KOFIA_INVESTOR_DEPOSIT_MILLION_KRW,투자자예탁금,53767051.257072,million KRW,daily,data.go.kr KOFIA local normalized CSV,getSecuritiesMarketTotalCapitalInfo
2025-03-11,KOFIA_INVESTOR_DEPOSIT_MILLION_KRW,투자자예탁금,53300355.991742,million KRW,daily,data.go.kr KOFIA local normalized CSV,getSecuritiesMarketTotalCapitalInfo
2025-03-12,KOFIA_INVESTOR_DEPOSIT_MILLION_KRW,투자자예탁금,52806015.678741,million KRW,daily,data.go.kr KOFIA local normalized CSV,getSecuritiesMarketTotalCapitalInfo
2025-03-13,KOFIA_INVESTOR_DEPOSIT_MILLION_KRW,투자자예탁금,52246368.181119,million KRW,daily,data.go.kr KOFIA local normalized CSV,getSecuritiesMarketTotalCapitalInfo
2025-03-14,KOFIA_INVESTOR_DEPOSIT_MILLION_KRW,투자자예탁금,51356628.394178,million KRW,daily,data.go.kr KOFIA local normalized CSV,getSecuritiesMarketTotalCapitalInfo
2025-03-17,KOFIA_INVESTOR_DEPOSIT_MILLION_KRW,투자자예탁금,51861445.788283,million KRW,daily,data.go.kr KOFIA local normalized CSV,getSecuritiesMarketTotalCapitalInfo
2025-03-18,KOFIA_INVESTOR_DEPOSIT_MILLION_KRW,투자자예탁금,50956700.755936,million KRW,daily,data.go.kr KOFIA local normalized CSV,getSecuritiesMarketTotalCapitalInfo
2025-03-19,KOFIA_INVESTOR_DEPOSIT_MILLION_KRW,투자자예탁금,51913402.448523,million KRW,daily,data.go.kr KOFIA local normalized CSV,getSecuritiesMarketTotalCapitalInfo
2025-03-20,KOFIA_INVESTOR_DEPOSIT_MILLION_KRW,투자자예탁금,52497300.699194,million KRW,daily,data.go.kr KOFIA local normalized CSV,getSecuritiesMarketTotalCapitalInfo
2025-03-21,KOFIA_INVESTOR_DEPOSIT_MILLION_KRW,투자자예탁금,53615311.588904,million KRW,daily,data.go.kr KOFIA local normalized CSV,getSecuritiesMarketTotalCapitalInfo
2025-03-24,KOFIA_INVESTOR_DEPOSIT_MILLION_KRW,투자자예탁금,53282248.97411,million KRW,daily,data.go.kr KOFIA local normalized CSV,getSecuritiesMarketTotalCapitalInfo
2025-03-25,KOFIA_INVESTOR_DEPOSIT_MILLION_KRW,투자자예탁금,55162222.293784,million KRW,daily,data.go.kr KOFIA local normalized CSV,getSecuritiesMarketTotalCapitalInfo
2025-03-26,KOFIA_INVESTOR_DEPOSIT_MILLION_KRW,투자자예탁금,55671371.348268,million KRW,daily,data.go.kr KOFIA local normalized CSV,getSecuritiesMarketTotalCapitalInfo
2025-03-27,KOFIA_INVESTOR_DEPOSIT_MILLION_KRW,투자자예탁금,54693639.111856,million KRW,daily,data.go.kr KOFIA local normalized CSV,getSecuritiesMarketTotalCapitalInfo
2025-03-28,KOFIA_INVESTOR_DEPOSIT_MILLION_KRW,투자자예탁금,56932751.985556,million KRW,daily,data.go.kr KOFIA local normalized CSV,getSecuritiesMarketTotalCapitalInfo
2025-03-31,KOFIA_INVESTOR_DEPOSIT_MILLION_KRW,투자자예탁금,58474325.039872,million KRW,daily,data.go.kr KOFIA local normalized CSV,getSecuritiesMarketTotalCapitalInfo
2025-04-01,KOFIA_INVESTOR_DEPOSIT_MILLION_KRW,투자자예탁금,59496706.100632,million KRW,daily,data.go.kr KOFIA local normalized CSV,getSecuritiesMarketTotalCapitalInfo
2025-04-02,KOFIA_INVESTOR_DEPOSIT_MILLION_KRW,투자자예탁금,54357742.057823,million KRW,daily,data.go.kr KOFIA local normalized CSV,getSecuritiesMarketTotalCapitalInfo
2025-04-03,KOFIA_INVESTOR_DEPOSIT_MILLION_KRW,투자자예탁금,55320004.458326,million KRW,daily,data.go.kr KOFIA local normalized CSV,getSecuritiesMarketTotalCapitalInfo
2025-04-04,KOFIA_INVESTOR_DEPOSIT_MILLION_KRW,투자자예탁금,55607730.662616,million KRW,daily,data.go.kr KOFIA local normalized CSV,getSecuritiesMarketTotalCapitalInfo
2025-04-07,KOFIA_INVESTOR_DEPOSIT_MILLION_KRW,투자자예탁금,57843408.995281,million KRW,daily,data.go.kr KOFIA local normalized CSV,getSecuritiesMarketTotalCapitalInfo
2025-04-08,KOFIA_INVESTOR_DEPOSIT_MILLION_KRW,투자자예탁금,55909187.212632,million KRW,daily,data.go.kr KOFIA local normalized CSV,getSecuritiesMarketTotalCapitalInfo
2025-04-09,KOFIA_INVESTOR_DEPOSIT_MILLION_KRW,투자자예탁금,54160436.723572,million KRW,daily,data.go.kr KOFIA local normalized CSV,getSecuritiesMarketTotalCapitalInfo
2025-04-10,KOFIA_INVESTOR_DEPOSIT_MILLION_KRW,투자자예탁금,54692393.919355,million KRW,daily,data.go.kr KOFIA local normalized CSV,getSecuritiesMarketTotalCapitalInfo
2025-04-11,KOFIA_INVESTOR_DEPOSIT_MILLION_KRW,투자자예탁금,53618358.145697,million KRW,daily,data.go.kr KOFIA local normalized CSV,getSecuritiesMarketTotalCapitalInfo
2025-04-14,KOFIA_INVESTOR_DEPOSIT_MILLION_KRW,투자자예탁금,54875869.832021,million KRW,daily,data.go.kr KOFIA local normalized CSV,getSecuritiesMarketTotalCapitalInfo
2025-04-15,KOFIA_INVESTOR_DEPOSIT_MILLION_KRW,투자자예탁금,54754227.671263,million KRW,daily,data.go.kr KOFIA local normalized CSV,getSecuritiesMarketTotalCapitalInfo
2025-04-16,KOFIA_INVESTOR_DEPOSIT_MILLION_KRW,투자자예탁금,52977267.633354,million KRW,daily,data.go.kr KOFIA local normalized CSV,getSecuritiesMarketTotalCapitalInfo
2025-04-17,KOFIA_INVESTOR_DEPOSIT_MILLION_KRW,투자자예탁금,53633088.177925,million KRW,daily,data.go.kr KOFIA local normalized CSV,getSecuritiesMarketTotalCapitalInfo
2025-04-18,KOFIA_INVESTOR_DEPOSIT_MILLION_KRW,투자자예탁금,53824750.426392,million KRW,daily,data.go.kr KOFIA local normalized CSV,getSecuritiesMarketTotalCapitalInfo
2025-04-21,KOFIA_INVESTOR_DEPOSIT_MILLION_KRW,투자자예탁금,53836524.475808,million KRW,daily,data.go.kr KOFIA local normalized CSV,getSecuritiesMarketTotalCapitalInfo
2025-04-22,KOFIA_INVESTOR_DEPOSIT_MILLION_KRW,투자자예탁금,53962600.123857,million KRW,daily,data.go.kr KOFIA local normalized CSV,getSecuritiesMarketTotalCapitalInfo
2025-04-23,KOFIA_INVESTOR_DEPOSIT_MILLION_KRW,투자자예탁금,54397449.155212,million KRW,daily,data.go.kr KOFIA local normalized CSV,getSecuritiesMarketTotalCapitalInfo
2025-04-24,KOFIA_INVESTOR_DEPOSIT_MILLION_KRW,투자자예탁금,54307577.81141,million KRW,daily,data.go.kr KOFIA local normalized CSV,getSecuritiesMarketTotalCapitalInfo
2025-04-25,KOFIA_INVESTOR_DEPOSIT_MILLION_KRW,투자자예탁금,55310303.891282,million KRW,daily,data.go.kr KOFIA local normalized CSV,getSecuritiesMarketTotalCapitalInfo
2025-04-28,KOFIA_INVESTOR_DEPOSIT_MILLION_KRW,투자자예탁금,55941685.201011,million KRW,daily,data.go.kr KOFIA local normalized CSV,getSecuritiesMarketTotalCapitalInfo
2025-04-29,KOFIA_INVESTOR_DEPOSIT_MILLION_KRW,투자자예탁금,57561497.964018,million KRW,daily,data.go.kr KOFIA local normalized CSV,getSecuritiesMarketTotalCapitalInfo
2025-04-30,KOFIA_INVESTOR_DEPOSIT_MILLION_KRW,투자자예탁금,57547609.735064,million KRW,daily,data.go.kr KOFIA local normalized CSV,getSecuritiesMarketTotalCapitalInfo
2025-05-02,KOFIA_INVESTOR_DEPOSIT_MILLION_KRW,투자자예탁금,56530869.582137,million KRW,daily,data.go.kr KOFIA local normalized CSV,getSecuritiesMarketTotalCapitalInfo
2025-05-07,KOFIA_INVESTOR_DEPOSIT_MILLION_KRW,투자자예탁금,56449421.754071,million KRW,daily,data.go.kr KOFIA local normalized CSV,getSecuritiesMarketTotalCapitalInfo
2025-05-08,KOFIA_INVESTOR_DEPOSIT_MILLION_KRW,투자자예탁금,56436361.044168,million KRW,daily,data.go.kr KOFIA local normalized CSV,getSecuritiesMarketTotalCapitalInfo
2025-05-09,KOFIA_INVESTOR_DEPOSIT_MILLION_KRW,투자자예탁금,54262394.057703,million KRW,daily,data.go.kr KOFIA local normalized CSV,getSecuritiesMarketTotalCapitalInfo
2025-05-12,KOFIA_INVESTOR_DEPOSIT_MILLION_KRW,투자자예탁금,56162460.988036,million KRW,daily,data.go.kr KOFIA local normalized CSV,getSecuritiesMarketTotalCapitalInfo
2025-05-13,KOFIA_INVESTOR_DEPOSIT_MILLION_KRW,투자자예탁금,55206492.981236,million KRW,daily,data.go.kr KOFIA local normalized CSV,getSecuritiesMarketTotalCapitalInfo
2025-05-14,KOFIA_INVESTOR_DEPOSIT_MILLION_KRW,투자자예탁금,57471283.704159,million KRW,daily,data.go.kr KOFIA local normalized CSV,getSecuritiesMarketTotalCapitalInfo
2025-05-15,KOFIA_INVESTOR_DEPOSIT_MILLION_KRW,투자자예탁금,56518593.282538,million KRW,daily,data.go.kr KOFIA local normalized CSV,getSecuritiesMarketTotalCapitalInfo
2025-05-16,KOFIA_INVESTOR_DEPOSIT_MILLION_KRW,투자자예탁금,56274366.071618,million KRW,daily,data.go.kr KOFIA local normalized CSV,getSecuritiesMarketTotalCapitalInfo
2025-05-19,KOFIA_INVESTOR_DEPOSIT_MILLION_KRW,투자자예탁금,56185030.21599,million KRW,daily,data.go.kr KOFIA local normalized CSV,getSecuritiesMarketTotalCapitalInfo
2025-05-20,KOFIA_INVESTOR_DEPOSIT_MILLION_KRW,투자자예탁금,56545822.284163,million KRW,daily,data.go.kr KOFIA local normalized CSV,getSecuritiesMarketTotalCapitalInfo
2025-05-21,KOFIA_INVESTOR_DEPOSIT_MILLION_KRW,투자자예탁금,56101265.973392,million KRW,daily,data.go.kr KOFIA local normalized CSV,getSecuritiesMarketTotalCapitalInfo
2025-05-22,KOFIA_INVESTOR_DEPOSIT_MILLION_KRW,투자자예탁금,56212991.158998,million KRW,daily,data.go.kr KOFIA local normalized CSV,getSecuritiesMarketTotalCapitalInfo
2025-05-23,KOFIA_INVESTOR_DEPOSIT_MILLION_KRW,투자자예탁금,56750013.990187,million KRW,daily,data.go.kr KOFIA local normalized CSV,getSecuritiesMarketTotalCapitalInfo
2025-05-26,KOFIA_INVESTOR_DEPOSIT_MILLION_KRW,투자자예탁금,56756516.425534,million KRW,daily,data.go.kr KOFIA local normalized CSV,getSecuritiesMarketTotalCapitalInfo
2025-05-27,KOFIA_INVESTOR_DEPOSIT_MILLION_KRW,투자자예탁금,57500411.031619,million KRW,daily,data.go.kr KOFIA local normalized CSV,getSecuritiesMarketTotalCapitalInfo
2025-05-28,KOFIA_INVESTOR_DEPOSIT_MILLION_KRW,투자자예탁금,56402863.778222,million KRW,daily,data.go.kr KOFIA local normalized CSV,getSecuritiesMarketTotalCapitalInfo
2025-05-29,KOFIA_INVESTOR_DEPOSIT_MILLION_KRW,투자자예탁금,58029086.406957,million KRW,daily,data.go.kr KOFIA local normalized CSV,getSecuritiesMarketTotalCapitalInfo
2025-05-30,KOFIA_INVESTOR_DEPOSIT_MILLION_KRW,투자자예탁금,57297161.972551,million KRW,daily,data.go.kr KOFIA local normalized CSV,getSecuritiesMarketTotalCapitalInfo
2025-06-02,KOFIA_INVESTOR_DEPOSIT_MILLION_KRW,투자자예탁금,60188564.960066,million KRW,daily,data.go.kr KOFIA local normalized CSV,getSecuritiesMarketTotalCapitalInfo
2025-06-04,KOFIA_INVESTOR_DEPOSIT_MILLION_KRW,투자자예탁금,60035306.265612,million KRW,daily,data.go.kr KOFIA local normalized CSV,getSecuritiesMarketTotalCapitalInfo
2025-06-05,KOFIA_INVESTOR_DEPOSIT_MILLION_KRW,투자자예탁금,58369719.00212,million KRW,daily,data.go.kr KOFIA local normalized CSV,getSecuritiesMarketTotalCapitalInfo
2025-06-09,KOFIA_INVESTOR_DEPOSIT_MILLION_KRW,투자자예탁금,59660311.96714,million KRW,daily,data.go.kr KOFIA local normalized CSV,getSecuritiesMarketTotalCapitalInfo
2025-06-10,KOFIA_INVESTOR_DEPOSIT_MILLION_KRW,투자자예탁금,62349793.843202,million KRW,daily,data.go.kr KOFIA local normalized CSV,getSecuritiesMarketTotalCapitalInfo
2025-06-11,KOFIA_INVESTOR_DEPOSIT_MILLION_KRW,투자자예탁금,61982195.920495,million KRW,daily,data.go.kr KOFIA local normalized CSV,getSecuritiesMarketTotalCapitalInfo
2025-06-12,KOFIA_INVESTOR_DEPOSIT_MILLION_KRW,투자자예탁금,62944457.063416,million KRW,daily,data.go.kr KOFIA local normalized CSV,getSecuritiesMarketTotalCapitalInfo
2025-06-13,KOFIA_INVESTOR_DEPOSIT_MILLION_KRW,투자자예탁금,63819595.616746,million KRW,daily,data.go.kr KOFIA local normalized CSV,getSecuritiesMarketTotalCapitalInfo
2025-06-16,KOFIA_INVESTOR_DEPOSIT_MILLION_KRW,투자자예탁금,64965824.545472,million KRW,daily,data.go.kr KOFIA local normalized CSV,getSecuritiesMarketTotalCapitalInfo
2025-06-17,KOFIA_INVESTOR_DEPOSIT_MILLION_KRW,투자자예탁금,65020220.617107,million KRW,daily,data.go.kr KOFIA local normalized CSV,getSecuritiesMarketTotalCapitalInfo
2025-06-18,KOFIA_INVESTOR_DEPOSIT_MILLION_KRW,투자자예탁금,63498937.921596,million KRW,daily,data.go.kr KOFIA local normalized CSV,getSecuritiesMarketTotalCapitalInfo
2025-06-19,KOFIA_INVESTOR_DEPOSIT_MILLION_KRW,투자자예탁금,63604816.777909,million KRW,daily,data.go.kr KOFIA local normalized CSV,getSecuritiesMarketTotalCapitalInfo
2025-06-20,KOFIA_INVESTOR_DEPOSIT_MILLION_KRW,투자자예탁금,64214360.79442,million KRW,daily,data.go.kr KOFIA local normalized CSV,getSecuritiesMarketTotalCapitalInfo
2025-06-23,KOFIA_INVESTOR_DEPOSIT_MILLION_KRW,투자자예탁금,65017255.336175,million KRW,daily,data.go.kr KOFIA local normalized CSV,getSecuritiesMarketTotalCapitalInfo
2025-06-24,KOFIA_INVESTOR_DEPOSIT_MILLION_KRW,투자자예탁금,66411444.977331,million KRW,daily,data.go.kr KOFIA local normalized CSV,getSecuritiesMarketTotalCapitalInfo
2025-06-25,KOFIA_INVESTOR_DEPOSIT_MILLION_KRW,투자자예탁금,66676929.120466,million KRW,daily,data.go.kr KOFIA local normalized CSV,getSecuritiesMarketTotalCapitalInfo
2025-06-26,KOFIA_INVESTOR_DEPOSIT_MILLION_KRW,투자자예탁금,69055962.543126,million KRW,daily,data.go.kr KOFIA local normalized CSV,getSecuritiesMarketTotalCapitalInfo
2025-06-27,KOFIA_INVESTOR_DEPOSIT_MILLION_KRW,투자자예탁금,67712740.038572,million KRW,daily,data.go.kr KOFIA local normalized CSV,getSecuritiesMarketTotalCapitalInfo
2025-06-30,KOFIA_INVESTOR_DEPOSIT_MILLION_KRW,투자자예탁금,68972400.140652,million KRW,daily,data.go.kr KOFIA local normalized CSV,getSecuritiesMarketTotalCapitalInfo
2025-07-01,KOFIA_INVESTOR_DEPOSIT_MILLION_KRW,투자자예탁금,70413288.736568,million KRW,daily,data.go.kr KOFIA local normalized CSV,getSecuritiesMarketTotalCapitalInfo
2025-07-02,KOFIA_INVESTOR_DEPOSIT_MILLION_KRW,투자자예탁금,66053344.761675,million KRW,daily,data.go.kr KOFIA local normalized CSV,getSecuritiesMarketTotalCapitalInfo
2025-07-03,KOFIA_INVESTOR_DEPOSIT_MILLION_KRW,투자자예탁금,66285115.962529,million KRW,daily,data.go.kr KOFIA local normalized CSV,getSecuritiesMarketTotalCapitalInfo
2025-07-04,KOFIA_INVESTOR_DEPOSIT_MILLION_KRW,투자자예탁금,65383990.120929,million KRW,daily,data.go.kr KOFIA local normalized CSV,getSecuritiesMarketTotalCapitalInfo
2025-07-07,KOFIA_INVESTOR_DEPOSIT_MILLION_KRW,투자자예탁금,67337759.454067,million KRW,daily,data.go.kr KOFIA local normalized CSV,getSecuritiesMarketTotalCapitalInfo
2025-07-08,KOFIA_INVESTOR_DEPOSIT_MILLION_KRW,투자자예탁금,66503811.020578,million KRW,daily,data.go.kr KOFIA local normalized CSV,getSecuritiesMarketTotalCapitalInfo
2025-07-09,KOFIA_INVESTOR_DEPOSIT_MILLION_KRW,투자자예탁금,65195773.594856,million KRW,daily,data.go.kr KOFIA local normalized CSV,getSecuritiesMarketTotalCapitalInfo
2025-07-10,KOFIA_INVESTOR_DEPOSIT_MILLION_KRW,투자자예탁금,65937053.365925,million KRW,daily,data.go.kr KOFIA local normalized CSV,getSecuritiesMarketTotalCapitalInfo
2025-07-11,KOFIA_INVESTOR_DEPOSIT_MILLION_KRW,투자자예탁금,66369232.693417,million KRW,daily,data.go.kr KOFIA local normalized CSV,getSecuritiesMarketTotalCapitalInfo
2025-07-14,KOFIA_INVESTOR_DEPOSIT_MILLION_KRW,투자자예탁금,68081493.347217,million KRW,daily,data.go.kr KOFIA local normalized CSV,getSecuritiesMarketTotalCapitalInfo
2025-07-15,KOFIA_INVESTOR_DEPOSIT_MILLION_KRW,투자자예탁금,66852063.488119,million KRW,daily,data.go.kr KOFIA local normalized CSV,getSecuritiesMarketTotalCapitalInfo
2025-07-16,KOFIA_INVESTOR_DEPOSIT_MILLION_KRW,투자자예탁금,65595893.572068,million KRW,daily,data.go.kr KOFIA local normalized CSV,getSecuritiesMarketTotalCapitalInfo
2025-07-17,KOFIA_INVESTOR_DEPOSIT_MILLION_KRW,투자자예탁금,66634991.311935,million KRW,daily,data.go.kr KOFIA local normalized CSV,getSecuritiesMarketTotalCapitalInfo
2025-07-18,KOFIA_INVESTOR_DEPOSIT_MILLION_KRW,투자자예탁금,65364423.980795,million KRW,daily,data.go.kr KOFIA local normalized CSV,getSecuritiesMarketTotalCapitalInfo
2025-07-21,KOFIA_INVESTOR_DEPOSIT_MILLION_KRW,투자자예탁금,65265401.927787,million KRW,daily,data.go.kr KOFIA local normalized CSV,getSecuritiesMarketTotalCapitalInfo
2025-07-22,KOFIA_INVESTOR_DEPOSIT_MILLION_KRW,투자자예탁금,65607844.963702,million KRW,daily,data.go.kr KOFIA local normalized CSV,getSecuritiesMarketTotalCapitalInfo
2025-07-23,KOFIA_INVESTOR_DEPOSIT_MILLION_KRW,투자자예탁금,66402277.878938,million KRW,daily,data.go.kr KOFIA local normalized CSV,getSecuritiesMarketTotalCapitalInfo
2025-07-24,KOFIA_INVESTOR_DEPOSIT_MILLION_KRW,투자자예탁금,64766555.925741,million KRW,daily,data.go.kr KOFIA local normalized CSV,getSecuritiesMarketTotalCapitalInfo
2025-07-25,KOFIA_INVESTOR_DEPOSIT_MILLION_KRW,투자자예탁금,65162252.588896,million KRW,daily,data.go.kr KOFIA local normalized CSV,getSecuritiesMarketTotalCapitalInfo
2025-07-28,KOFIA_INVESTOR_DEPOSIT_MILLION_KRW,투자자예탁금,67724782.261442,million KRW,daily,data.go.kr KOFIA local normalized CSV,getSecuritiesMarketTotalCapitalInfo
2025-07-29,KOFIA_INVESTOR_DEPOSIT_MILLION_KRW,투자자예탁금,67357704.019715,million KRW,daily,data.go.kr KOFIA local normalized CSV,getSecuritiesMarketTotalCapitalInfo
2025-07-30,KOFIA_INVESTOR_DEPOSIT_MILLION_KRW,투자자예탁금,68236778.788349,million KRW,daily,data.go.kr KOFIA local normalized CSV,getSecuritiesMarketTotalCapitalInfo
2025-07-31,KOFIA_INVESTOR_DEPOSIT_MILLION_KRW,투자자예탁금,68685235.038871,million KRW,daily,data.go.kr KOFIA local normalized CSV,getSecuritiesMarketTotalCapitalInfo
2025-08-01,KOFIA_INVESTOR_DEPOSIT_MILLION_KRW,투자자예탁금,71297052.005284,million KRW,daily,data.go.kr KOFIA local normalized CSV,getSecuritiesMarketTotalCapitalInfo
2025-08-04,KOFIA_INVESTOR_DEPOSIT_MILLION_KRW,투자자예탁금,70294315.421631,million KRW,daily,data.go.kr KOFIA local normalized CSV,getSecuritiesMarketTotalCapitalInfo
2025-08-05,KOFIA_INVESTOR_DEPOSIT_MILLION_KRW,투자자예탁금,67008066.69055,million KRW,daily,data.go.kr KOFIA local normalized CSV,getSecuritiesMarketTotalCapitalInfo
2025-08-06,KOFIA_INVESTOR_DEPOSIT_MILLION_KRW,투자자예탁금,66281130.888527,million KRW,daily,data.go.kr KOFIA local normalized CSV,getSecuritiesMarketTotalCapitalInfo
2025-08-07,KOFIA_INVESTOR_DEPOSIT_MILLION_KRW,투자자예탁금,66876508.645396,million KRW,daily,data.go.kr KOFIA local normalized CSV,getSecuritiesMarketTotalCapitalInfo
2025-08-08,KOFIA_INVESTOR_DEPOSIT_MILLION_KRW,투자자예탁금,67473044.853392,million KRW,daily,data.go.kr KOFIA local normalized CSV,getSecuritiesMarketTotalCapitalInfo
2025-08-11,KOFIA_INVESTOR_DEPOSIT_MILLION_KRW,투자자예탁금,67961833.397109,million KRW,daily,data.go.kr KOFIA local normalized CSV,getSecuritiesMarketTotalCapitalInfo
2025-08-12,KOFIA_INVESTOR_DEPOSIT_MILLION_KRW,투자자예탁금,68083551.079388,million KRW,daily,data.go.kr KOFIA local normalized CSV,getSecuritiesMarketTotalCapitalInfo
2025-08-13,KOFIA_INVESTOR_DEPOSIT_MILLION_KRW,투자자예탁금,67833939.09757,million KRW,daily,data.go.kr KOFIA local normalized CSV,getSecuritiesMarketTotalCapitalInfo
2025-08-14,KOFIA_INVESTOR_DEPOSIT_MILLION_KRW,투자자예탁금,69397302.537747,million KRW,daily,data.go.kr KOFIA local normalized CSV,getSecuritiesMarketTotalCapitalInfo
2025-08-18,KOFIA_INVESTOR_DEPOSIT_MILLION_KRW,투자자예탁금,67601908.21287,million KRW,daily,data.go.kr KOFIA local normalized CSV,getSecuritiesMarketTotalCapitalInfo
2025-08-19,KOFIA_INVESTOR_DEPOSIT_MILLION_KRW,투자자예탁금,67492991.962046,million KRW,daily,data.go.kr KOFIA local normalized CSV,getSecuritiesMarketTotalCapitalInfo
2025-08-20,KOFIA_INVESTOR_DEPOSIT_MILLION_KRW,투자자예탁금,68508197.349589,million KRW,daily,data.go.kr KOFIA local normalized CSV,getSecuritiesMarketTotalCapitalInfo
2025-08-21,KOFIA_INVESTOR_DEPOSIT_MILLION_KRW,투자자예탁금,67463145.085782,million KRW,daily,data.go.kr KOFIA local normalized CSV,getSecuritiesMarketTotalCapitalInfo
2025-08-22,KOFIA_INVESTOR_DEPOSIT_MILLION_KRW,투자자예탁금,66622227.787875,million KRW,daily,data.go.kr KOFIA local normalized CSV,getSecuritiesMarketTotalCapitalInfo
2025-08-25,KOFIA_INVESTOR_DEPOSIT_MILLION_KRW,투자자예탁금,66124842.720561,million KRW,daily,data.go.kr KOFIA local normalized CSV,getSecuritiesMarketTotalCapitalInfo
2025-08-26,KOFIA_INVESTOR_DEPOSIT_MILLION_KRW,투자자예탁금,68274037.683403,million KRW,daily,data.go.kr KOFIA local normalized CSV,getSecuritiesMarketTotalCapitalInfo
2025-08-27,KOFIA_INVESTOR_DEPOSIT_MILLION_KRW,투자자예탁금,66861746.676225,million KRW,daily,data.go.kr KOFIA local normalized CSV,getSecuritiesMarketTotalCapitalInfo
2025-08-28,KOFIA_INVESTOR_DEPOSIT_MILLION_KRW,투자자예탁금,67359049.443999,million KRW,daily,data.go.kr KOFIA local normalized CSV,getSecuritiesMarketTotalCapitalInfo
2025-08-29,KOFIA_INVESTOR_DEPOSIT_MILLION_KRW,투자자예탁금,66299201.945325,million KRW,daily,data.go.kr KOFIA local normalized CSV,getSecuritiesMarketTotalCapitalInfo
2025-09-01,KOFIA_INVESTOR_DEPOSIT_MILLION_KRW,투자자예탁금,68477259.002819,million KRW,daily,data.go.kr KOFIA local normalized CSV,getSecuritiesMarketTotalCapitalInfo
2025-09-02,KOFIA_INVESTOR_DEPOSIT_MILLION_KRW,투자자예탁금,66185769.238009,million KRW,daily,data.go.kr KOFIA local normalized CSV,getSecuritiesMarketTotalCapitalInfo
2025-09-03,KOFIA_INVESTOR_DEPOSIT_MILLION_KRW,투자자예탁금,65459550.588358,million KRW,daily,data.go.kr KOFIA local normalized CSV,getSecuritiesMarketTotalCapitalInfo
2025-09-04,KOFIA_INVESTOR_DEPOSIT_MILLION_KRW,투자자예탁금,65940332.65909,million KRW,daily,data.go.kr KOFIA local normalized CSV,getSecuritiesMarketTotalCapitalInfo
2025-09-05,KOFIA_INVESTOR_DEPOSIT_MILLION_KRW,투자자예탁금,64979582.274046,million KRW,daily,data.go.kr KOFIA local normalized CSV,getSecuritiesMarketTotalCapitalInfo
2025-09-08,KOFIA_INVESTOR_DEPOSIT_MILLION_KRW,투자자예탁금,65800881.125727,million KRW,daily,data.go.kr KOFIA local normalized CSV,getSecuritiesMarketTotalCapitalInfo
2025-09-09,KOFIA_INVESTOR_DEPOSIT_MILLION_KRW,투자자예탁금,68378500.194076,million KRW,daily,data.go.kr KOFIA local normalized CSV,getSecuritiesMarketTotalCapitalInfo
2025-09-10,KOFIA_INVESTOR_DEPOSIT_MILLION_KRW,투자자예탁금,70590693.075089,million KRW,daily,data.go.kr KOFIA local normalized CSV,getSecuritiesMarketTotalCapitalInfo
2025-09-11,KOFIA_INVESTOR_DEPOSIT_MILLION_KRW,투자자예탁금,71011813.233318,million KRW,daily,data.go.kr KOFIA local normalized CSV,getSecuritiesMarketTotalCapitalInfo
2025-09-12,KOFIA_INVESTOR_DEPOSIT_MILLION_KRW,투자자예탁금,72887328.444831,million KRW,daily,data.go.kr KOFIA local normalized CSV,getSecuritiesMarketTotalCapitalInfo
2025-09-15,KOFIA_INVESTOR_DEPOSIT_MILLION_KRW,투자자예탁금,74764367.219882,million KRW,daily,data.go.kr KOFIA local normalized CSV,getSecuritiesMarketTotalCapitalInfo
2025-09-16,KOFIA_INVESTOR_DEPOSIT_MILLION_KRW,투자자예탁금,74928122.362497,million KRW,daily,data.go.kr KOFIA local normalized CSV,getSecuritiesMarketTotalCapitalInfo
2025-09-17,KOFIA_INVESTOR_DEPOSIT_MILLION_KRW,투자자예탁금,73025829.121864,million KRW,daily,data.go.kr KOFIA local normalized CSV,getSecuritiesMarketTotalCapitalInfo
2025-09-18,KOFIA_INVESTOR_DEPOSIT_MILLION_KRW,투자자예탁금,73606506.816737,million KRW,daily,data.go.kr KOFIA local normalized CSV,getSecuritiesMarketTotalCapitalInfo
2025-09-19,KOFIA_INVESTOR_DEPOSIT_MILLION_KRW,투자자예탁금,72551874.275021,million KRW,daily,data.go.kr KOFIA local normalized CSV,getSecuritiesMarketTotalCapitalInfo
2025-09-22,KOFIA_INVESTOR_DEPOSIT_MILLION_KRW,투자자예탁금,73560788.495095,million KRW,daily,data.go.kr KOFIA local normalized CSV,getSecuritiesMarketTotalCapitalInfo
2025-09-23,KOFIA_INVESTOR_DEPOSIT_MILLION_KRW,투자자예탁금,74921263.852937,million KRW,daily,data.go.kr KOFIA local normalized CSV,getSecuritiesMarketTotalCapitalInfo
2025-09-24,KOFIA_INVESTOR_DEPOSIT_MILLION_KRW,투자자예탁금,75197067.198717,million KRW,daily,data.go.kr KOFIA local normalized CSV,getSecuritiesMarketTotalCapitalInfo
2025-09-25,KOFIA_INVESTOR_DEPOSIT_MILLION_KRW,투자자예탁금,75995189.051826,million KRW,daily,data.go.kr KOFIA local normalized CSV,getSecuritiesMarketTotalCapitalInfo
2025-09-26,KOFIA_INVESTOR_DEPOSIT_MILLION_KRW,투자자예탁금,75617889.005025,million KRW,daily,data.go.kr KOFIA local normalized CSV,getSecuritiesMarketTotalCapitalInfo
2025-09-29,KOFIA_INVESTOR_DEPOSIT_MILLION_KRW,투자자예탁금,76808482.386028,million KRW,daily,data.go.kr KOFIA local normalized CSV,getSecuritiesMarketTotalCapitalInfo
2025-09-30,KOFIA_INVESTOR_DEPOSIT_MILLION_KRW,투자자예탁금,76447368.88683,million KRW,daily,data.go.kr KOFIA local normalized CSV,getSecuritiesMarketTotalCapitalInfo
2025-10-01,KOFIA_INVESTOR_DEPOSIT_MILLION_KRW,투자자예탁금,76530135.772126,million KRW,daily,data.go.kr KOFIA local normalized CSV,getSecuritiesMarketTotalCapitalInfo
2025-10-02,KOFIA_INVESTOR_DEPOSIT_MILLION_KRW,투자자예탁금,73135876.414991,million KRW,daily,data.go.kr KOFIA local normalized CSV,getSecuritiesMarketTotalCapitalInfo
2025-10-10,KOFIA_INVESTOR_DEPOSIT_MILLION_KRW,투자자예탁금,76322460.377145,million KRW,daily,data.go.kr KOFIA local normalized CSV,getSecuritiesMarketTotalCapitalInfo
2025-10-13,KOFIA_INVESTOR_DEPOSIT_MILLION_KRW,투자자예탁금,80190101.290165,million KRW,daily,data.go.kr KOFIA local normalized CSV,getSecuritiesMarketTotalCapitalInfo
2025-10-14,KOFIA_INVESTOR_DEPOSIT_MILLION_KRW,투자자예탁금,79974886.764071,million KRW,daily,data.go.kr KOFIA local normalized CSV,getSecuritiesMarketTotalCapitalInfo
2025-10-15,KOFIA_INVESTOR_DEPOSIT_MILLION_KRW,투자자예탁금,78651416.877161,million KRW,daily,data.go.kr KOFIA local normalized CSV,getSecuritiesMarketTotalCapitalInfo
2025-10-16,KOFIA_INVESTOR_DEPOSIT_MILLION_KRW,투자자예탁금,76537436.241476,million KRW,daily,data.go.kr KOFIA local normalized CSV,getSecuritiesMarketTotalCapitalInfo
2025-10-17,KOFIA_INVESTOR_DEPOSIT_MILLION_KRW,투자자예탁금,78314510.320634,million KRW,daily,data.go.kr KOFIA local normalized CSV,getSecuritiesMarketTotalCapitalInfo
2025-10-20,KOFIA_INVESTOR_DEPOSIT_MILLION_KRW,투자자예탁금,80625740.827531,million KRW,daily,data.go.kr KOFIA local normalized CSV,getSecuritiesMarketTotalCapitalInfo
2025-10-21,KOFIA_INVESTOR_DEPOSIT_MILLION_KRW,투자자예탁금,80329779.791448,million KRW,daily,data.go.kr KOFIA local normalized CSV,getSecuritiesMarketTotalCapitalInfo
2025-10-22,KOFIA_INVESTOR_DEPOSIT_MILLION_KRW,투자자예탁금,80480302.822211,million KRW,daily,data.go.kr KOFIA local normalized CSV,getSecuritiesMarketTotalCapitalInfo
2025-10-23,KOFIA_INVESTOR_DEPOSIT_MILLION_KRW,투자자예탁금,80168380.531682,million KRW,daily,data.go.kr KOFIA local normalized CSV,getSecuritiesMarketTotalCapitalInfo
2025-10-24,KOFIA_INVESTOR_DEPOSIT_MILLION_KRW,투자자예탁금,79482481.038113,million KRW,daily,data.go.kr KOFIA local normalized CSV,getSecuritiesMarketTotalCapitalInfo
2025-10-27,KOFIA_INVESTOR_DEPOSIT_MILLION_KRW,투자자예탁금,81091075.490046,million KRW,daily,data.go.kr KOFIA local normalized CSV,getSecuritiesMarketTotalCapitalInfo
2025-10-28,KOFIA_INVESTOR_DEPOSIT_MILLION_KRW,투자자예탁금,83873131.403174,million KRW,daily,data.go.kr KOFIA local normalized CSV,getSecuritiesMarketTotalCapitalInfo
2025-10-29,KOFIA_INVESTOR_DEPOSIT_MILLION_KRW,투자자예탁금,85915908.253594,million KRW,daily,data.go.kr KOFIA local normalized CSV,getSecuritiesMarketTotalCapitalInfo
2025-10-30,KOFIA_INVESTOR_DEPOSIT_MILLION_KRW,투자자예탁금,85713610.066623,million KRW,daily,data.go.kr KOFIA local normalized CSV,getSecuritiesMarketTotalCapitalInfo
2025-10-31,KOFIA_INVESTOR_DEPOSIT_MILLION_KRW,투자자예탁금,85456931.799285,million KRW,daily,data.go.kr KOFIA local normalized CSV,getSecuritiesMarketTotalCapitalInfo
2025-11-03,KOFIA_INVESTOR_DEPOSIT_MILLION_KRW,투자자예탁금,86770436.172691,million KRW,daily,data.go.kr KOFIA local normalized CSV,getSecuritiesMarketTotalCapitalInfo
2025-11-04,KOFIA_INVESTOR_DEPOSIT_MILLION_KRW,투자자예탁금,86822039.736239,million KRW,daily,data.go.kr KOFIA local normalized CSV,getSecuritiesMarketTotalCapitalInfo
2025-11-05,KOFIA_INVESTOR_DEPOSIT_MILLION_KRW,투자자예탁금,88270868.654027,million KRW,daily,data.go.kr KOFIA local normalized CSV,getSecuritiesMarketTotalCapitalInfo
2025-11-06,KOFIA_INVESTOR_DEPOSIT_MILLION_KRW,투자자예탁금,86955672.901032,million KRW,daily,data.go.kr KOFIA local normalized CSV,getSecuritiesMarketTotalCapitalInfo
2025-11-07,KOFIA_INVESTOR_DEPOSIT_MILLION_KRW,투자자예탁금,85722161.480922,million KRW,daily,data.go.kr KOFIA local normalized CSV,getSecuritiesMarketTotalCapitalInfo
2025-11-10,KOFIA_INVESTOR_DEPOSIT_MILLION_KRW,투자자예탁금,83109659.503231,million KRW,daily,data.go.kr KOFIA local normalized CSV,getSecuritiesMarketTotalCapitalInfo
2025-11-11,KOFIA_INVESTOR_DEPOSIT_MILLION_KRW,투자자예탁금,83030407.753587,million KRW,daily,data.go.kr KOFIA local normalized CSV,getSecuritiesMarketTotalCapitalInfo
2025-11-12,KOFIA_INVESTOR_DEPOSIT_MILLION_KRW,투자자예탁금,82468593.038001,million KRW,daily,data.go.kr KOFIA local normalized CSV,getSecuritiesMarketTotalCapitalInfo
2025-11-13,KOFIA_INVESTOR_DEPOSIT_MILLION_KRW,투자자예탁금,82584491.194209,million KRW,daily,data.go.kr KOFIA local normalized CSV,getSecuritiesMarketTotalCapitalInfo
2025-11-14,KOFIA_INVESTOR_DEPOSIT_MILLION_KRW,투자자예탁금,82724559.100654,million KRW,daily,data.go.kr KOFIA local normalized CSV,getSecuritiesMarketTotalCapitalInfo
2025-11-17,KOFIA_INVESTOR_DEPOSIT_MILLION_KRW,투자자예탁금,85944802.015823,million KRW,daily,data.go.kr KOFIA local normalized CSV,getSecuritiesMarketTotalCapitalInfo
2025-11-18,KOFIA_INVESTOR_DEPOSIT_MILLION_KRW,투자자예탁금,79661501.845391,million KRW,daily,data.go.kr KOFIA local normalized CSV,getSecuritiesMarketTotalCapitalInfo
2025-11-19,KOFIA_INVESTOR_DEPOSIT_MILLION_KRW,투자자예탁금,80027610.655528,million KRW,daily,data.go.kr KOFIA local normalized CSV,getSecuritiesMarketTotalCapitalInfo
2025-11-20,KOFIA_INVESTOR_DEPOSIT_MILLION_KRW,투자자예탁금,78212051.175362,million KRW,daily,data.go.kr KOFIA local normalized CSV,getSecuritiesMarketTotalCapitalInfo
2025-11-21,KOFIA_INVESTOR_DEPOSIT_MILLION_KRW,투자자예탁금,78826324.51927,million KRW,daily,data.go.kr KOFIA local normalized CSV,getSecuritiesMarketTotalCapitalInfo
2025-11-24,KOFIA_INVESTOR_DEPOSIT_MILLION_KRW,투자자예탁금,80195334.931864,million KRW,daily,data.go.kr KOFIA local normalized CSV,getSecuritiesMarketTotalCapitalInfo
2025-11-25,KOFIA_INVESTOR_DEPOSIT_MILLION_KRW,투자자예탁금,75622307.352893,million KRW,daily,data.go.kr KOFIA local normalized CSV,getSecuritiesMarketTotalCapitalInfo
2025-11-26,KOFIA_INVESTOR_DEPOSIT_MILLION_KRW,투자자예탁금,77954553.168983,million KRW,daily,data.go.kr KOFIA local normalized CSV,getSecuritiesMarketTotalCapitalInfo
2025-11-27,KOFIA_INVESTOR_DEPOSIT_MILLION_KRW,투자자예탁금,77471171.863836,million KRW,daily,data.go.kr KOFIA local normalized CSV,getSecuritiesMarketTotalCapitalInfo
2025-11-28,KOFIA_INVESTOR_DEPOSIT_MILLION_KRW,투자자예탁금,77911992.240798,million KRW,daily,data.go.kr KOFIA local normalized CSV,getSecuritiesMarketTotalCapitalInfo
2025-12-01,KOFIA_INVESTOR_DEPOSIT_MILLION_KRW,투자자예탁금,80176651.345101,million KRW,daily,data.go.kr KOFIA local normalized CSV,getSecuritiesMarketTotalCapitalInfo
2025-12-02,KOFIA_INVESTOR_DEPOSIT_MILLION_KRW,투자자예탁금,77067324.030692,million KRW,daily,data.go.kr KOFIA local normalized CSV,getSecuritiesMarketTotalCapitalInfo
2025-12-03,KOFIA_INVESTOR_DEPOSIT_MILLION_KRW,투자자예탁금,76964366.434461,million KRW,daily,data.go.kr KOFIA local normalized CSV,getSecuritiesMarketTotalCapitalInfo
2025-12-04,KOFIA_INVESTOR_DEPOSIT_MILLION_KRW,투자자예탁금,77406997.771,million KRW,daily,data.go.kr KOFIA local normalized CSV,getSecuritiesMarketTotalCapitalInfo
2025-12-05,KOFIA_INVESTOR_DEPOSIT_MILLION_KRW,투자자예탁금,78137069.704151,million KRW,daily,data.go.kr KOFIA local normalized CSV,getSecuritiesMarketTotalCapitalInfo
2025-12-08,KOFIA_INVESTOR_DEPOSIT_MILLION_KRW,투자자예탁금,79385990.185515,million KRW,daily,data.go.kr KOFIA local normalized CSV,getSecuritiesMarketTotalCapitalInfo
2025-12-09,KOFIA_INVESTOR_DEPOSIT_MILLION_KRW,투자자예탁금,80575402.928781,million KRW,daily,data.go.kr KOFIA local normalized CSV,getSecuritiesMarketTotalCapitalInfo
2025-12-10,KOFIA_INVESTOR_DEPOSIT_MILLION_KRW,투자자예탁금,80566458.859975,million KRW,daily,data.go.kr KOFIA local normalized CSV,getSecuritiesMarketTotalCapitalInfo
2025-12-11,KOFIA_INVESTOR_DEPOSIT_MILLION_KRW,투자자예탁금,81641530.829336,million KRW,daily,data.go.kr KOFIA local normalized CSV,getSecuritiesMarketTotalCapitalInfo
2025-12-12,KOFIA_INVESTOR_DEPOSIT_MILLION_KRW,투자자예탁금,83941863.490943,million KRW,daily,data.go.kr KOFIA local normalized CSV,getSecuritiesMarketTotalCapitalInfo
2025-12-15,KOFIA_INVESTOR_DEPOSIT_MILLION_KRW,투자자예탁금,82864679.10216,million KRW,daily,data.go.kr KOFIA local normalized CSV,getSecuritiesMarketTotalCapitalInfo
2025-12-16,KOFIA_INVESTOR_DEPOSIT_MILLION_KRW,투자자예탁금,84352786.393497,million KRW,daily,data.go.kr KOFIA local normalized CSV,getSecuritiesMarketTotalCapitalInfo
2025-12-17,KOFIA_INVESTOR_DEPOSIT_MILLION_KRW,투자자예탁금,83526292.802689,million KRW,daily,data.go.kr KOFIA local normalized CSV,getSecuritiesMarketTotalCapitalInfo
2025-12-18,KOFIA_INVESTOR_DEPOSIT_MILLION_KRW,투자자예탁금,81710725.579529,million KRW,daily,data.go.kr KOFIA local normalized CSV,getSecuritiesMarketTotalCapitalInfo
2025-12-19,KOFIA_INVESTOR_DEPOSIT_MILLION_KRW,투자자예탁금,81034422.005474,million KRW,daily,data.go.kr KOFIA local normalized CSV,getSecuritiesMarketTotalCapitalInfo
2025-12-22,KOFIA_INVESTOR_DEPOSIT_MILLION_KRW,투자자예탁금,81719603.624774,million KRW,daily,data.go.kr KOFIA local normalized CSV,getSecuritiesMarketTotalCapitalInfo
2025-12-23,KOFIA_INVESTOR_DEPOSIT_MILLION_KRW,투자자예탁금,81076937.771308,million KRW,daily,data.go.kr KOFIA local normalized CSV,getSecuritiesMarketTotalCapitalInfo
2025-12-24,KOFIA_INVESTOR_DEPOSIT_MILLION_KRW,투자자예탁금,83304001.864995,million KRW,daily,data.go.kr KOFIA local normalized CSV,getSecuritiesMarketTotalCapitalInfo
2025-12-26,KOFIA_INVESTOR_DEPOSIT_MILLION_KRW,투자자예탁금,85425076.468546,million KRW,daily,data.go.kr KOFIA local normalized CSV,getSecuritiesMarketTotalCapitalInfo
2025-12-29,KOFIA_INVESTOR_DEPOSIT_MILLION_KRW,투자자예탁금,86475780.419881,million KRW,daily,data.go.kr KOFIA local normalized CSV,getSecuritiesMarketTotalCapitalInfo
2025-12-30,KOFIA_INVESTOR_DEPOSIT_MILLION_KRW,투자자예탁금,87398578.663073,million KRW,daily,data.go.kr KOFIA local normalized CSV,getSecuritiesMarketTotalCapitalInfo
2025-12-31,KOFIA_INVESTOR_DEPOSIT_MILLION_KRW,투자자예탁금,87829057.306195,million KRW,daily,data.go.kr KOFIA local normalized CSV,getSecuritiesMarketTotalCapitalInfo
2026-01-02,KOFIA_INVESTOR_DEPOSIT_MILLION_KRW,투자자예탁금,89521074.980799,million KRW,daily,data.go.kr KOFIA local normalized CSV,getSecuritiesMarketTotalCapitalInfo
2026-01-05,KOFIA_INVESTOR_DEPOSIT_MILLION_KRW,투자자예탁금,89130391.325315,million KRW,daily,data.go.kr KOFIA local normalized CSV,getSecuritiesMarketTotalCapitalInfo
2026-01-06,KOFIA_INVESTOR_DEPOSIT_MILLION_KRW,투자자예탁금,88633857.580582,million KRW,daily,data.go.kr KOFIA local normalized CSV,getSecuritiesMarketTotalCapitalInfo
2026-01-07,KOFIA_INVESTOR_DEPOSIT_MILLION_KRW,투자자예탁금,89765034.69429,million KRW,daily,data.go.kr KOFIA local normalized CSV,getSecuritiesMarketTotalCapitalInfo
2026-01-08,KOFIA_INVESTOR_DEPOSIT_MILLION_KRW,투자자예탁금,92853739.253468,million KRW,daily,data.go.kr KOFIA local normalized CSV,getSecuritiesMarketTotalCapitalInfo
2026-01-09,KOFIA_INVESTOR_DEPOSIT_MILLION_KRW,투자자예탁금,88872017.287714,million KRW,daily,data.go.kr KOFIA local normalized CSV,getSecuritiesMarketTotalCapitalInfo
2026-01-12,KOFIA_INVESTOR_DEPOSIT_MILLION_KRW,투자자예탁금,88988048.59235,million KRW,daily,data.go.kr KOFIA local normalized CSV,getSecuritiesMarketTotalCapitalInfo
2026-01-13,KOFIA_INVESTOR_DEPOSIT_MILLION_KRW,투자자예탁금,88048928.9591,million KRW,daily,data.go.kr KOFIA local normalized CSV,getSecuritiesMarketTotalCapitalInfo
2026-01-14,KOFIA_INVESTOR_DEPOSIT_MILLION_KRW,투자자예탁금,89309937.517299,million KRW,daily,data.go.kr KOFIA local normalized CSV,getSecuritiesMarketTotalCapitalInfo
2026-01-15,KOFIA_INVESTOR_DEPOSIT_MILLION_KRW,투자자예탁금,92603047.362031,million KRW,daily,data.go.kr KOFIA local normalized CSV,getSecuritiesMarketTotalCapitalInfo
2026-01-16,KOFIA_INVESTOR_DEPOSIT_MILLION_KRW,투자자예탁금,91218177.12835,million KRW,daily,data.go.kr KOFIA local normalized CSV,getSecuritiesMarketTotalCapitalInfo
2026-01-19,KOFIA_INVESTOR_DEPOSIT_MILLION_KRW,투자자예탁금,93862315.683921,million KRW,daily,data.go.kr KOFIA local normalized CSV,getSecuritiesMarketTotalCapitalInfo
2026-01-20,KOFIA_INVESTOR_DEPOSIT_MILLION_KRW,투자자예탁금,95525974.014265,million KRW,daily,data.go.kr KOFIA local normalized CSV,getSecuritiesMarketTotalCapitalInfo
2026-01-21,KOFIA_INVESTOR_DEPOSIT_MILLION_KRW,투자자예탁금,96331742.532798,million KRW,daily,data.go.kr KOFIA local normalized CSV,getSecuritiesMarketTotalCapitalInfo
2026-01-22,KOFIA_INVESTOR_DEPOSIT_MILLION_KRW,투자자예탁금,95727594.753741,million KRW,daily,data.go.kr KOFIA local normalized CSV,getSecuritiesMarketTotalCapitalInfo
2026-01-23,KOFIA_INVESTOR_DEPOSIT_MILLION_KRW,투자자예탁금,93809506.711846,million KRW,daily,data.go.kr KOFIA local normalized CSV,getSecuritiesMarketTotalCapitalInfo
2026-01-26,KOFIA_INVESTOR_DEPOSIT_MILLION_KRW,투자자예탁금,97540543.076631,million KRW,daily,data.go.kr KOFIA local normalized CSV,getSecuritiesMarketTotalCapitalInfo
2026-01-27,KOFIA_INVESTOR_DEPOSIT_MILLION_KRW,투자자예탁금,100282602.319793,million KRW,daily,data.go.kr KOFIA local normalized CSV,getSecuritiesMarketTotalCapitalInfo
2026-01-28,KOFIA_INVESTOR_DEPOSIT_MILLION_KRW,투자자예탁금,103362323.106457,million KRW,daily,data.go.kr KOFIA local normalized CSV,getSecuritiesMarketTotalCapitalInfo
2026-01-29,KOFIA_INVESTOR_DEPOSIT_MILLION_KRW,투자자예탁금,103707195.090775,million KRW,daily,data.go.kr KOFIA local normalized CSV,getSecuritiesMarketTotalCapitalInfo
2026-01-30,KOFIA_INVESTOR_DEPOSIT_MILLION_KRW,투자자예탁금,106032451.905603,million KRW,daily,data.go.kr KOFIA local normalized CSV,getSecuritiesMarketTotalCapitalInfo
2026-02-02,KOFIA_INVESTOR_DEPOSIT_MILLION_KRW,투자자예탁금,111296537.724405,million KRW,daily,data.go.kr KOFIA local normalized CSV,getSecuritiesMarketTotalCapitalInfo
2026-02-03,KOFIA_INVESTOR_DEPOSIT_MILLION_KRW,투자자예탁금,105584468.422613,million KRW,daily,data.go.kr KOFIA local normalized CSV,getSecuritiesMarketTotalCapitalInfo
2026-02-04,KOFIA_INVESTOR_DEPOSIT_MILLION_KRW,투자자예탁금,100817155.055905,million KRW,daily,data.go.kr KOFIA local normalized CSV,getSecuritiesMarketTotalCapitalInfo
2026-02-05,KOFIA_INVESTOR_DEPOSIT_MILLION_KRW,투자자예탁금,104866667.169065,million KRW,daily,data.go.kr KOFIA local normalized CSV,getSecuritiesMarketTotalCapitalInfo
2026-02-06,KOFIA_INVESTOR_DEPOSIT_MILLION_KRW,투자자예탁금,109009927.260659,million KRW,daily,data.go.kr KOFIA local normalized CSV,getSecuritiesMarketTotalCapitalInfo
2026-02-09,KOFIA_INVESTOR_DEPOSIT_MILLION_KRW,투자자예탁금,98590517.271195,million KRW,daily,data.go.kr KOFIA local normalized CSV,getSecuritiesMarketTotalCapitalInfo
2026-02-10,KOFIA_INVESTOR_DEPOSIT_MILLION_KRW,투자자예탁금,95299598.833372,million KRW,daily,data.go.kr KOFIA local normalized CSV,getSecuritiesMarketTotalCapitalInfo
2026-02-11,KOFIA_INVESTOR_DEPOSIT_MILLION_KRW,투자자예탁금,98163375.490346,million KRW,daily,data.go.kr KOFIA local normalized CSV,getSecuritiesMarketTotalCapitalInfo
2026-02-12,KOFIA_INVESTOR_DEPOSIT_MILLION_KRW,투자자예탁금,103018384.736162,million KRW,daily,data.go.kr KOFIA local normalized CSV,getSecuritiesMarketTotalCapitalInfo
2026-02-13,KOFIA_INVESTOR_DEPOSIT_MILLION_KRW,투자자예탁금,99273599.142063,million KRW,daily,data.go.kr KOFIA local normalized CSV,getSecuritiesMarketTotalCapitalInfo
2026-02-19,KOFIA_INVESTOR_DEPOSIT_MILLION_KRW,투자자예탁금,106570048.420183,million KRW,daily,data.go.kr KOFIA local normalized CSV,getSecuritiesMarketTotalCapitalInfo
2026-02-20,KOFIA_INVESTOR_DEPOSIT_MILLION_KRW,투자자예탁금,104129135.927782,million KRW,daily,data.go.kr KOFIA local normalized CSV,getSecuritiesMarketTotalCapitalInfo
2026-02-23,KOFIA_INVESTOR_DEPOSIT_MILLION_KRW,투자자예탁금,108290073.393652,million KRW,daily,data.go.kr KOFIA local normalized CSV,getSecuritiesMarketTotalCapitalInfo
2026-02-24,KOFIA_INVESTOR_DEPOSIT_MILLION_KRW,투자자예탁금,107903181.824668,million KRW,daily,data.go.kr KOFIA local normalized CSV,getSecuritiesMarketTotalCapitalInfo
2026-02-25,KOFIA_INVESTOR_DEPOSIT_MILLION_KRW,투자자예탁금,109467653.514088,million KRW,daily,data.go.kr KOFIA local normalized CSV,getSecuritiesMarketTotalCapitalInfo
2026-02-26,KOFIA_INVESTOR_DEPOSIT_MILLION_KRW,투자자예탁금,119483202.286527,million KRW,daily,data.go.kr KOFIA local normalized CSV,getSecuritiesMarketTotalCapitalInfo
2026-02-27,KOFIA_INVESTOR_DEPOSIT_MILLION_KRW,투자자예탁금,118748759.584855,million KRW,daily,data.go.kr KOFIA local normalized CSV,getSecuritiesMarketTotalCapitalInfo
2026-03-03,KOFIA_INVESTOR_DEPOSIT_MILLION_KRW,투자자예탁금,129818793.864827,million KRW,daily,data.go.kr KOFIA local normalized CSV,getSecuritiesMarketTotalCapitalInfo
2026-03-04,KOFIA_INVESTOR_DEPOSIT_MILLION_KRW,투자자예탁금,132068237.737167,million KRW,daily,data.go.kr KOFIA local normalized CSV,getSecuritiesMarketTotalCapitalInfo
2026-03-05,KOFIA_INVESTOR_DEPOSIT_MILLION_KRW,투자자예탁금,130887315.946833,million KRW,daily,data.go.kr KOFIA local normalized CSV,getSecuritiesMarketTotalCapitalInfo
2026-03-06,KOFIA_INVESTOR_DEPOSIT_MILLION_KRW,투자자예탁금,129957422.886008,million KRW,daily,data.go.kr KOFIA local normalized CSV,getSecuritiesMarketTotalCapitalInfo
2026-03-09,KOFIA_INVESTOR_DEPOSIT_MILLION_KRW,투자자예탁금,127421840.927509,million KRW,daily,data.go.kr KOFIA local normalized CSV,getSecuritiesMarketTotalCapitalInfo
2026-03-10,KOFIA_INVESTOR_DEPOSIT_MILLION_KRW,투자자예탁금,125584440.095777,million KRW,daily,data.go.kr KOFIA local normalized CSV,getSecuritiesMarketTotalCapitalInfo
2026-03-11,KOFIA_INVESTOR_DEPOSIT_MILLION_KRW,투자자예탁금,119027973.863987,million KRW,daily,data.go.kr KOFIA local normalized CSV,getSecuritiesMarketTotalCapitalInfo
2026-03-12,KOFIA_INVESTOR_DEPOSIT_MILLION_KRW,투자자예탁금,120146171.4488,million KRW,daily,data.go.kr KOFIA local normalized CSV,getSecuritiesMarketTotalCapitalInfo
2026-03-13,KOFIA_INVESTOR_DEPOSIT_MILLION_KRW,투자자예탁금,119696047.669146,million KRW,daily,data.go.kr KOFIA local normalized CSV,getSecuritiesMarketTotalCapitalInfo
2026-03-16,KOFIA_INVESTOR_DEPOSIT_MILLION_KRW,투자자예탁금,117801150.389257,million KRW,daily,data.go.kr KOFIA local normalized CSV,getSecuritiesMarketTotalCapitalInfo
2026-03-17,KOFIA_INVESTOR_DEPOSIT_MILLION_KRW,투자자예탁금,114778256.990161,million KRW,daily,data.go.kr KOFIA local normalized CSV,getSecuritiesMarketTotalCapitalInfo
2026-03-18,KOFIA_INVESTOR_DEPOSIT_MILLION_KRW,투자자예탁금,112280744.245029,million KRW,daily,data.go.kr KOFIA local normalized CSV,getSecuritiesMarketTotalCapitalInfo
2026-03-19,KOFIA_INVESTOR_DEPOSIT_MILLION_KRW,투자자예탁금,115644268.467933,million KRW,daily,data.go.kr KOFIA local normalized CSV,getSecuritiesMarketTotalCapitalInfo
2026-03-20,KOFIA_INVESTOR_DEPOSIT_MILLION_KRW,투자자예탁금,120696831.265771,million KRW,daily,data.go.kr KOFIA local normalized CSV,getSecuritiesMarketTotalCapitalInfo
2026-03-23,KOFIA_INVESTOR_DEPOSIT_MILLION_KRW,투자자예탁금,121899191.760105,million KRW,daily,data.go.kr KOFIA local normalized CSV,getSecuritiesMarketTotalCapitalInfo
2026-03-24,KOFIA_INVESTOR_DEPOSIT_MILLION_KRW,투자자예탁금,119759945.877455,million KRW,daily,data.go.kr KOFIA local normalized CSV,getSecuritiesMarketTotalCapitalInfo
2026-03-25,KOFIA_INVESTOR_DEPOSIT_MILLION_KRW,투자자예탁금,108849805.006283,million KRW,daily,data.go.kr KOFIA local normalized CSV,getSecuritiesMarketTotalCapitalInfo
2026-03-26,KOFIA_INVESTOR_DEPOSIT_MILLION_KRW,투자자예탁금,111579004.431111,million KRW,daily,data.go.kr KOFIA local normalized CSV,getSecuritiesMarketTotalCapitalInfo
2026-03-27,KOFIA_INVESTOR_DEPOSIT_MILLION_KRW,투자자예탁금,112837248.830113,million KRW,daily,data.go.kr KOFIA local normalized CSV,getSecuritiesMarketTotalCapitalInfo
2026-03-30,KOFIA_INVESTOR_DEPOSIT_MILLION_KRW,투자자예탁금,111074173.796108,million KRW,daily,data.go.kr KOFIA local normalized CSV,getSecuritiesMarketTotalCapitalInfo
2026-03-31,KOFIA_INVESTOR_DEPOSIT_MILLION_KRW,투자자예탁금,110288948.029473,million KRW,daily,data.go.kr KOFIA local normalized CSV,getSecuritiesMarketTotalCapitalInfo
2026-04-01,KOFIA_INVESTOR_DEPOSIT_MILLION_KRW,투자자예탁금,111676634.514827,million KRW,daily,data.go.kr KOFIA local normalized CSV,getSecuritiesMarketTotalCapitalInfo
2026-04-02,KOFIA_INVESTOR_DEPOSIT_MILLION_KRW,투자자예탁금,108573983.324711,million KRW,daily,data.go.kr KOFIA local normalized CSV,getSecuritiesMarketTotalCapitalInfo
2026-04-03,KOFIA_INVESTOR_DEPOSIT_MILLION_KRW,투자자예탁금,109016506.888925,million KRW,daily,data.go.kr KOFIA local normalized CSV,getSecuritiesMarketTotalCapitalInfo
2026-04-06,KOFIA_INVESTOR_DEPOSIT_MILLION_KRW,투자자예탁금,107467397.889945,million KRW,daily,data.go.kr KOFIA local normalized CSV,getSecuritiesMarketTotalCapitalInfo
2026-04-07,KOFIA_INVESTOR_DEPOSIT_MILLION_KRW,투자자예탁금,108921448.266923,million KRW,daily,data.go.kr KOFIA local normalized CSV,getSecuritiesMarketTotalCapitalInfo
2026-04-08,KOFIA_INVESTOR_DEPOSIT_MILLION_KRW,투자자예탁금,109833228.184126,million KRW,daily,data.go.kr KOFIA local normalized CSV,getSecuritiesMarketTotalCapitalInfo
2026-04-09,KOFIA_INVESTOR_DEPOSIT_MILLION_KRW,투자자예탁금,112807019.487213,million KRW,daily,data.go.kr KOFIA local normalized CSV,getSecuritiesMarketTotalCapitalInfo
2026-04-10,KOFIA_INVESTOR_DEPOSIT_MILLION_KRW,투자자예탁금,115364212.364603,million KRW,daily,data.go.kr KOFIA local normalized CSV,getSecuritiesMarketTotalCapitalInfo
2026-04-13,KOFIA_INVESTOR_DEPOSIT_MILLION_KRW,투자자예탁금,116107492.357963,million KRW,daily,data.go.kr KOFIA local normalized CSV,getSecuritiesMarketTotalCapitalInfo
2026-04-14,KOFIA_INVESTOR_DEPOSIT_MILLION_KRW,투자자예탁금,117672486.10109,million KRW,daily,data.go.kr KOFIA local normalized CSV,getSecuritiesMarketTotalCapitalInfo
2026-04-15,KOFIA_INVESTOR_DEPOSIT_MILLION_KRW,투자자예탁금,117165120.068363,million KRW,daily,data.go.kr KOFIA local normalized CSV,getSecuritiesMarketTotalCapitalInfo
2026-04-16,KOFIA_INVESTOR_DEPOSIT_MILLION_KRW,투자자예탁금,119074288.050944,million KRW,daily,data.go.kr KOFIA local normalized CSV,getSecuritiesMarketTotalCapitalInfo
2026-04-17,KOFIA_INVESTOR_DEPOSIT_MILLION_KRW,투자자예탁금,120585454.956563,million KRW,daily,data.go.kr KOFIA local normalized CSV,getSecuritiesMarketTotalCapitalInfo
2026-04-20,KOFIA_INVESTOR_DEPOSIT_MILLION_KRW,투자자예탁금,121817265.33803,million KRW,daily,data.go.kr KOFIA local normalized CSV,getSecuritiesMarketTotalCapitalInfo
2026-04-21,KOFIA_INVESTOR_DEPOSIT_MILLION_KRW,투자자예탁금,121286062.086449,million KRW,daily,data.go.kr KOFIA local normalized CSV,getSecuritiesMarketTotalCapitalInfo
2026-04-22,KOFIA_INVESTOR_DEPOSIT_MILLION_KRW,투자자예탁금,122538132.828099,million KRW,daily,data.go.kr KOFIA local normalized CSV,getSecuritiesMarketTotalCapitalInfo
2026-04-23,KOFIA_INVESTOR_DEPOSIT_MILLION_KRW,투자자예탁금,126035130.820431,million KRW,daily,data.go.kr KOFIA local normalized CSV,getSecuritiesMarketTotalCapitalInfo
2026-04-24,KOFIA_INVESTOR_DEPOSIT_MILLION_KRW,투자자예탁금,125686926.424669,million KRW,daily,data.go.kr KOFIA local normalized CSV,getSecuritiesMarketTotalCapitalInfo
2026-04-27,KOFIA_INVESTOR_DEPOSIT_MILLION_KRW,투자자예탁금,125950282.450894,million KRW,daily,data.go.kr KOFIA local normalized CSV,getSecuritiesMarketTotalCapitalInfo
2026-04-28,KOFIA_INVESTOR_DEPOSIT_MILLION_KRW,투자자예탁금,127413416.671627,million KRW,daily,data.go.kr KOFIA local normalized CSV,getSecuritiesMarketTotalCapitalInfo
2026-04-29,KOFIA_INVESTOR_DEPOSIT_MILLION_KRW,투자자예탁금,129732117.737529,million KRW,daily,data.go.kr KOFIA local normalized CSV,getSecuritiesMarketTotalCapitalInfo
2026-04-30,KOFIA_INVESTOR_DEPOSIT_MILLION_KRW,투자자예탁금,124759100.748551,million KRW,daily,data.go.kr KOFIA local normalized CSV,getSecuritiesMarketTotalCapitalInfo
2026-05-04,KOFIA_INVESTOR_DEPOSIT_MILLION_KRW,투자자예탁금,124840571.434248,million KRW,daily,data.go.kr KOFIA local normalized CSV,getSecuritiesMarketTotalCapitalInfo
2026-05-06,KOFIA_INVESTOR_DEPOSIT_MILLION_KRW,투자자예탁금,130743349.594223,million KRW,daily,data.go.kr KOFIA local normalized CSV,getSecuritiesMarketTotalCapitalInfo
2026-05-07,KOFIA_INVESTOR_DEPOSIT_MILLION_KRW,투자자예탁금,136989026.960649,million KRW,daily,data.go.kr KOFIA local normalized CSV,getSecuritiesMarketTotalCapitalInfo
2026-05-08,KOFIA_INVESTOR_DEPOSIT_MILLION_KRW,투자자예탁금,135299146.148235,million KRW,daily,data.go.kr KOFIA local normalized CSV,getSecuritiesMarketTotalCapitalInfo
2026-05-11,KOFIA_INVESTOR_DEPOSIT_MILLION_KRW,투자자예탁금,134098715.814456,million KRW,daily,data.go.kr KOFIA local normalized CSV,getSecuritiesMarketTotalCapitalInfo
2026-05-12,KOFIA_INVESTOR_DEPOSIT_MILLION_KRW,투자자예탁금,137417443.662202,million KRW,daily,data.go.kr KOFIA local normalized CSV,getSecuritiesMarketTotalCapitalInfo
2026-05-13,KOFIA_INVESTOR_DEPOSIT_MILLION_KRW,투자자예탁금,137120083.994222,million KRW,daily,data.go.kr KOFIA local normalized CSV,getSecuritiesMarketTotalCapitalInfo
2026-05-14,KOFIA_INVESTOR_DEPOSIT_MILLION_KRW,투자자예탁금,133508766.662341,million KRW,daily,data.go.kr KOFIA local normalized CSV,getSecuritiesMarketTotalCapitalInfo
2026-05-15,KOFIA_INVESTOR_DEPOSIT_MILLION_KRW,투자자예탁금,132859686.546749,million KRW,daily,data.go.kr KOFIA local normalized CSV,getSecuritiesMarketTotalCapitalInfo
2026-05-18,KOFIA_INVESTOR_DEPOSIT_MILLION_KRW,투자자예탁금,132985284.776865,million KRW,daily,data.go.kr KOFIA local normalized CSV,getSecuritiesMarketTotalCapitalInfo
2026-05-19,KOFIA_INVESTOR_DEPOSIT_MILLION_KRW,투자자예탁금,126959943.58107,million KRW,daily,data.go.kr KOFIA local normalized CSV,getSecuritiesMarketTotalCapitalInfo
2026-05-20,KOFIA_INVESTOR_DEPOSIT_MILLION_KRW,투자자예탁금,125643978.017593,million KRW,daily,data.go.kr KOFIA local normalized CSV,getSecuritiesMarketTotalCapitalInfo
2026-05-21,KOFIA_INVESTOR_DEPOSIT_MILLION_KRW,투자자예탁금,122381940.672897,million KRW,daily,data.go.kr KOFIA local normalized CSV,getSecuritiesMarketTotalCapitalInfo
2026-05-22,KOFIA_INVESTOR_DEPOSIT_MILLION_KRW,투자자예탁금,121245208.794675,million KRW,daily,data.go.kr KOFIA local normalized CSV,getSecuritiesMarketTotalCapitalInfo
2026-05-26,KOFIA_INVESTOR_DEPOSIT_MILLION_KRW,투자자예탁금,124576854.43699,million KRW,daily,data.go.kr KOFIA local normalized CSV,getSecuritiesMarketTotalCapitalInfo
2026-05-27,KOFIA_INVESTOR_DEPOSIT_MILLION_KRW,투자자예탁금,128574969.191772,million KRW,daily,data.go.kr KOFIA local normalized CSV,getSecuritiesMarketTotalCapitalInfo
2026-05-28,KOFIA_INVESTOR_DEPOSIT_MILLION_KRW,투자자예탁금,131131823.382898,million KRW,daily,data.go.kr KOFIA local normalized CSV,getSecuritiesMarketTotalCapitalInfo
2026-05-29,KOFIA_INVESTOR_DEPOSIT_MILLION_KRW,투자자예탁금,131585592.745185,million KRW,daily,data.go.kr KOFIA local normalized CSV,getSecuritiesMarketTotalCapitalInfo
2026-06-01,KOFIA_INVESTOR_DEPOSIT_MILLION_KRW,투자자예탁금,132599247.556859,million KRW,daily,data.go.kr KOFIA local normalized CSV,getSecuritiesMarketTotalCapitalInfo
2026-06-02,KOFIA_INVESTOR_DEPOSIT_MILLION_KRW,투자자예탁금,136811118.188439,million KRW,daily,data.go.kr KOFIA local normalized CSV,getSecuritiesMarketTotalCapitalInfo
2026-06-04,KOFIA_INVESTOR_DEPOSIT_MILLION_KRW,투자자예탁금,139694761.669746,million KRW,daily,data.go.kr KOFIA local normalized CSV,getSecuritiesMarketTotalCapitalInfo
2026-06-05,KOFIA_INVESTOR_DEPOSIT_MILLION_KRW,투자자예탁금,134234433.924719,million KRW,daily,data.go.kr KOFIA local normalized CSV,getSecuritiesMarketTotalCapitalInfo
2026-06-08,KOFIA_INVESTOR_DEPOSIT_MILLION_KRW,투자자예탁금,136384688.261832,million KRW,daily,data.go.kr KOFIA local normalized CSV,getSecuritiesMarketTotalCapitalInfo
2026-06-09,KOFIA_INVESTOR_DEPOSIT_MILLION_KRW,투자자예탁금,130118913.161687,million KRW,daily,data.go.kr KOFIA local normalized CSV,getSecuritiesMarketTotalCapitalInfo
2026-06-10,KOFIA_INVESTOR_DEPOSIT_MILLION_KRW,투자자예탁금,127606551.838496,million KRW,daily,data.go.kr KOFIA local normalized CSV,getSecuritiesMarketTotalCapitalInfo
2026-06-11,KOFIA_INVESTOR_DEPOSIT_MILLION_KRW,투자자예탁금,127371832.647845,million KRW,daily,data.go.kr KOFIA local normalized CSV,getSecuritiesMarketTotalCapitalInfo
2026-06-12,KOFIA_INVESTOR_DEPOSIT_MILLION_KRW,투자자예탁금,121056634.097354,million KRW,daily,data.go.kr KOFIA local normalized CSV,getSecuritiesMarketTotalCapitalInfo
2026-06-15,KOFIA_INVESTOR_DEPOSIT_MILLION_KRW,투자자예탁금,120581711.367332,million KRW,daily,data.go.kr KOFIA local normalized CSV,getSecuritiesMarketTotalCapitalInfo
2026-06-16,KOFIA_INVESTOR_DEPOSIT_MILLION_KRW,투자자예탁금,124551647.108004,million KRW,daily,data.go.kr KOFIA local normalized CSV,getSecuritiesMarketTotalCapitalInfo
2026-06-17,KOFIA_INVESTOR_DEPOSIT_MILLION_KRW,투자자예탁금,124632043.262525,million KRW,daily,data.go.kr KOFIA local normalized CSV,getSecuritiesMarketTotalCapitalInfo
2026-06-18,KOFIA_INVESTOR_DEPOSIT_MILLION_KRW,투자자예탁금,128408617.819921,million KRW,daily,data.go.kr KOFIA local normalized CSV,getSecuritiesMarketTotalCapitalInfo
2026-06-19,KOFIA_INVESTOR_DEPOSIT_MILLION_KRW,투자자예탁금,129353455.008458,million KRW,daily,data.go.kr KOFIA local normalized CSV,getSecuritiesMarketTotalCapitalInfo
2026-06-22,KOFIA_INVESTOR_DEPOSIT_MILLION_KRW,투자자예탁금,132185719.524211,million KRW,daily,data.go.kr KOFIA local normalized CSV,getSecuritiesMarketTotalCapitalInfo
2026-01-27,KOFIA_CMA_BALANCE_MILLION_KRW,CMA 전체 잔고,44122853.154576,million KRW,daily,data.go.kr KOFIA local normalized CSV,getCMAStatus
2026-01-28,KOFIA_CMA_BALANCE_MILLION_KRW,CMA 전체 잔고,102642095.470283,million KRW,daily,data.go.kr KOFIA local normalized CSV,getCMAStatus
2026-01-29,KOFIA_CMA_BALANCE_MILLION_KRW,CMA 전체 잔고,103249322.995414,million KRW,daily,data.go.kr KOFIA local normalized CSV,getCMAStatus
2026-01-30,KOFIA_CMA_BALANCE_MILLION_KRW,CMA 전체 잔고,103343823.002244,million KRW,daily,data.go.kr KOFIA local normalized CSV,getCMAStatus
2026-02-02,KOFIA_CMA_BALANCE_MILLION_KRW,CMA 전체 잔고,102938152.547803,million KRW,daily,data.go.kr KOFIA local normalized CSV,getCMAStatus
2026-02-03,KOFIA_CMA_BALANCE_MILLION_KRW,CMA 전체 잔고,103668010.621853,million KRW,daily,data.go.kr KOFIA local normalized CSV,getCMAStatus
2026-02-04,KOFIA_CMA_BALANCE_MILLION_KRW,CMA 전체 잔고,103828157.686557,million KRW,daily,data.go.kr KOFIA local normalized CSV,getCMAStatus
2026-02-05,KOFIA_CMA_BALANCE_MILLION_KRW,CMA 전체 잔고,103707915.700226,million KRW,daily,data.go.kr KOFIA local normalized CSV,getCMAStatus
2026-02-06,KOFIA_CMA_BALANCE_MILLION_KRW,CMA 전체 잔고,103472833.759082,million KRW,daily,data.go.kr KOFIA local normalized CSV,getCMAStatus
2026-02-09,KOFIA_CMA_BALANCE_MILLION_KRW,CMA 전체 잔고,103119422.071141,million KRW,daily,data.go.kr KOFIA local normalized CSV,getCMAStatus
2026-02-10,KOFIA_CMA_BALANCE_MILLION_KRW,CMA 전체 잔고,103455719.261486,million KRW,daily,data.go.kr KOFIA local normalized CSV,getCMAStatus
2026-02-11,KOFIA_CMA_BALANCE_MILLION_KRW,CMA 전체 잔고,104884913.579767,million KRW,daily,data.go.kr KOFIA local normalized CSV,getCMAStatus
2026-02-12,KOFIA_CMA_BALANCE_MILLION_KRW,CMA 전체 잔고,105195400.131873,million KRW,daily,data.go.kr KOFIA local normalized CSV,getCMAStatus
2026-02-13,KOFIA_CMA_BALANCE_MILLION_KRW,CMA 전체 잔고,106036816.240778,million KRW,daily,data.go.kr KOFIA local normalized CSV,getCMAStatus
2026-02-19,KOFIA_CMA_BALANCE_MILLION_KRW,CMA 전체 잔고,107129222.896159,million KRW,daily,data.go.kr KOFIA local normalized CSV,getCMAStatus
2026-02-20,KOFIA_CMA_BALANCE_MILLION_KRW,CMA 전체 잔고,107961473.066723,million KRW,daily,data.go.kr KOFIA local normalized CSV,getCMAStatus
2026-02-23,KOFIA_CMA_BALANCE_MILLION_KRW,CMA 전체 잔고,103233358.052892,million KRW,daily,data.go.kr KOFIA local normalized CSV,getCMAStatus
2026-02-24,KOFIA_CMA_BALANCE_MILLION_KRW,CMA 전체 잔고,97992695.277051,million KRW,daily,data.go.kr KOFIA local normalized CSV,getCMAStatus
2026-02-25,KOFIA_CMA_BALANCE_MILLION_KRW,CMA 전체 잔고,101912536.969905,million KRW,daily,data.go.kr KOFIA local normalized CSV,getCMAStatus
2026-02-26,KOFIA_CMA_BALANCE_MILLION_KRW,CMA 전체 잔고,108114543.647182,million KRW,daily,data.go.kr KOFIA local normalized CSV,getCMAStatus
2026-02-27,KOFIA_CMA_BALANCE_MILLION_KRW,CMA 전체 잔고,108721180.246012,million KRW,daily,data.go.kr KOFIA local normalized CSV,getCMAStatus
2026-03-03,KOFIA_CMA_BALANCE_MILLION_KRW,CMA 전체 잔고,107025606.690313,million KRW,daily,data.go.kr KOFIA local normalized CSV,getCMAStatus
2026-03-04,KOFIA_CMA_BALANCE_MILLION_KRW,CMA 전체 잔고,105043618.692217,million KRW,daily,data.go.kr KOFIA local normalized CSV,getCMAStatus
2026-03-05,KOFIA_CMA_BALANCE_MILLION_KRW,CMA 전체 잔고,106275495.892783,million KRW,daily,data.go.kr KOFIA local normalized CSV,getCMAStatus
2026-03-06,KOFIA_CMA_BALANCE_MILLION_KRW,CMA 전체 잔고,103077342.534404,million KRW,daily,data.go.kr KOFIA local normalized CSV,getCMAStatus
2026-03-09,KOFIA_CMA_BALANCE_MILLION_KRW,CMA 전체 잔고,103663724.383796,million KRW,daily,data.go.kr KOFIA local normalized CSV,getCMAStatus
2026-03-10,KOFIA_CMA_BALANCE_MILLION_KRW,CMA 전체 잔고,110010881.873315,million KRW,daily,data.go.kr KOFIA local normalized CSV,getCMAStatus
2026-03-11,KOFIA_CMA_BALANCE_MILLION_KRW,CMA 전체 잔고,110544699.608788,million KRW,daily,data.go.kr KOFIA local normalized CSV,getCMAStatus
2026-03-12,KOFIA_CMA_BALANCE_MILLION_KRW,CMA 전체 잔고,105979770.955221,million KRW,daily,data.go.kr KOFIA local normalized CSV,getCMAStatus
2026-03-13,KOFIA_CMA_BALANCE_MILLION_KRW,CMA 전체 잔고,106327802.937274,million KRW,daily,data.go.kr KOFIA local normalized CSV,getCMAStatus
2026-03-16,KOFIA_CMA_BALANCE_MILLION_KRW,CMA 전체 잔고,112071588.023755,million KRW,daily,data.go.kr KOFIA local normalized CSV,getCMAStatus
2026-03-17,KOFIA_CMA_BALANCE_MILLION_KRW,CMA 전체 잔고,105735179.21615,million KRW,daily,data.go.kr KOFIA local normalized CSV,getCMAStatus
2026-03-18,KOFIA_CMA_BALANCE_MILLION_KRW,CMA 전체 잔고,105002891.263589,million KRW,daily,data.go.kr KOFIA local normalized CSV,getCMAStatus
2026-03-19,KOFIA_CMA_BALANCE_MILLION_KRW,CMA 전체 잔고,111123887.653417,million KRW,daily,data.go.kr KOFIA local normalized CSV,getCMAStatus
2026-03-20,KOFIA_CMA_BALANCE_MILLION_KRW,CMA 전체 잔고,109216157.260125,million KRW,daily,data.go.kr KOFIA local normalized CSV,getCMAStatus
2026-03-23,KOFIA_CMA_BALANCE_MILLION_KRW,CMA 전체 잔고,107659166.88011,million KRW,daily,data.go.kr KOFIA local normalized CSV,getCMAStatus
2026-03-24,KOFIA_CMA_BALANCE_MILLION_KRW,CMA 전체 잔고,107633832.294967,million KRW,daily,data.go.kr KOFIA local normalized CSV,getCMAStatus
2026-03-25,KOFIA_CMA_BALANCE_MILLION_KRW,CMA 전체 잔고,107336258.003343,million KRW,daily,data.go.kr KOFIA local normalized CSV,getCMAStatus
2026-03-26,KOFIA_CMA_BALANCE_MILLION_KRW,CMA 전체 잔고,110573556.177872,million KRW,daily,data.go.kr KOFIA local normalized CSV,getCMAStatus
2026-03-27,KOFIA_CMA_BALANCE_MILLION_KRW,CMA 전체 잔고,110425518.892049,million KRW,daily,data.go.kr KOFIA local normalized CSV,getCMAStatus
2026-03-30,KOFIA_CMA_BALANCE_MILLION_KRW,CMA 전체 잔고,110144548.677102,million KRW,daily,data.go.kr KOFIA local normalized CSV,getCMAStatus
2026-03-31,KOFIA_CMA_BALANCE_MILLION_KRW,CMA 전체 잔고,109700129.976195,million KRW,daily,data.go.kr KOFIA local normalized CSV,getCMAStatus
2026-04-01,KOFIA_CMA_BALANCE_MILLION_KRW,CMA 전체 잔고,110016285.124593,million KRW,daily,data.go.kr KOFIA local normalized CSV,getCMAStatus
2026-04-02,KOFIA_CMA_BALANCE_MILLION_KRW,CMA 전체 잔고,109963881.811615,million KRW,daily,data.go.kr KOFIA local normalized CSV,getCMAStatus
2026-04-03,KOFIA_CMA_BALANCE_MILLION_KRW,CMA 전체 잔고,110927742.7024,million KRW,daily,data.go.kr KOFIA local normalized CSV,getCMAStatus
2026-04-06,KOFIA_CMA_BALANCE_MILLION_KRW,CMA 전체 잔고,111121905.830677,million KRW,daily,data.go.kr KOFIA local normalized CSV,getCMAStatus
2026-04-07,KOFIA_CMA_BALANCE_MILLION_KRW,CMA 전체 잔고,111506535.782661,million KRW,daily,data.go.kr KOFIA local normalized CSV,getCMAStatus
2026-04-08,KOFIA_CMA_BALANCE_MILLION_KRW,CMA 전체 잔고,110907754.015109,million KRW,daily,data.go.kr KOFIA local normalized CSV,getCMAStatus
2026-04-09,KOFIA_CMA_BALANCE_MILLION_KRW,CMA 전체 잔고,110971908.932193,million KRW,daily,data.go.kr KOFIA local normalized CSV,getCMAStatus
2026-04-10,KOFIA_CMA_BALANCE_MILLION_KRW,CMA 전체 잔고,113620693.661289,million KRW,daily,data.go.kr KOFIA local normalized CSV,getCMAStatus
2026-04-13,KOFIA_CMA_BALANCE_MILLION_KRW,CMA 전체 잔고,116236194.521659,million KRW,daily,data.go.kr KOFIA local normalized CSV,getCMAStatus
2026-04-14,KOFIA_CMA_BALANCE_MILLION_KRW,CMA 전체 잔고,115476174.018013,million KRW,daily,data.go.kr KOFIA local normalized CSV,getCMAStatus
2026-04-15,KOFIA_CMA_BALANCE_MILLION_KRW,CMA 전체 잔고,112183189.074845,million KRW,daily,data.go.kr KOFIA local normalized CSV,getCMAStatus
2026-04-16,KOFIA_CMA_BALANCE_MILLION_KRW,CMA 전체 잔고,113026515.906218,million KRW,daily,data.go.kr KOFIA local normalized CSV,getCMAStatus
2026-04-17,KOFIA_CMA_BALANCE_MILLION_KRW,CMA 전체 잔고,117092850.31765,million KRW,daily,data.go.kr KOFIA local normalized CSV,getCMAStatus
2026-04-20,KOFIA_CMA_BALANCE_MILLION_KRW,CMA 전체 잔고,117252279.387844,million KRW,daily,data.go.kr KOFIA local normalized CSV,getCMAStatus
2026-04-21,KOFIA_CMA_BALANCE_MILLION_KRW,CMA 전체 잔고,112478313.69766,million KRW,daily,data.go.kr KOFIA local normalized CSV,getCMAStatus
2026-04-22,KOFIA_CMA_BALANCE_MILLION_KRW,CMA 전체 잔고,112308825.281933,million KRW,daily,data.go.kr KOFIA local normalized CSV,getCMAStatus
2026-04-23,KOFIA_CMA_BALANCE_MILLION_KRW,CMA 전체 잔고,116571536.049143,million KRW,daily,data.go.kr KOFIA local normalized CSV,getCMAStatus
2026-04-24,KOFIA_CMA_BALANCE_MILLION_KRW,CMA 전체 잔고,117839557.278406,million KRW,daily,data.go.kr KOFIA local normalized CSV,getCMAStatus
2026-04-27,KOFIA_CMA_BALANCE_MILLION_KRW,CMA 전체 잔고,117271783.817488,million KRW,daily,data.go.kr KOFIA local normalized CSV,getCMAStatus
2026-04-28,KOFIA_CMA_BALANCE_MILLION_KRW,CMA 전체 잔고,114151282.638754,million KRW,daily,data.go.kr KOFIA local normalized CSV,getCMAStatus
2026-04-29,KOFIA_CMA_BALANCE_MILLION_KRW,CMA 전체 잔고,113004545.375459,million KRW,daily,data.go.kr KOFIA local normalized CSV,getCMAStatus
2026-04-30,KOFIA_CMA_BALANCE_MILLION_KRW,CMA 전체 잔고,115924933.627846,million KRW,daily,data.go.kr KOFIA local normalized CSV,getCMAStatus
2026-05-04,KOFIA_CMA_BALANCE_MILLION_KRW,CMA 전체 잔고,116342857.715167,million KRW,daily,data.go.kr KOFIA local normalized CSV,getCMAStatus
2026-05-06,KOFIA_CMA_BALANCE_MILLION_KRW,CMA 전체 잔고,112720307.178533,million KRW,daily,data.go.kr KOFIA local normalized CSV,getCMAStatus
2026-05-07,KOFIA_CMA_BALANCE_MILLION_KRW,CMA 전체 잔고,112594730.838078,million KRW,daily,data.go.kr KOFIA local normalized CSV,getCMAStatus
2026-05-08,KOFIA_CMA_BALANCE_MILLION_KRW,CMA 전체 잔고,116665549.678171,million KRW,daily,data.go.kr KOFIA local normalized CSV,getCMAStatus
2026-05-11,KOFIA_CMA_BALANCE_MILLION_KRW,CMA 전체 잔고,115984240.286097,million KRW,daily,data.go.kr KOFIA local normalized CSV,getCMAStatus
2026-05-12,KOFIA_CMA_BALANCE_MILLION_KRW,CMA 전체 잔고,107609890.249251,million KRW,daily,data.go.kr KOFIA local normalized CSV,getCMAStatus
2026-05-13,KOFIA_CMA_BALANCE_MILLION_KRW,CMA 전체 잔고,107207383.306148,million KRW,daily,data.go.kr KOFIA local normalized CSV,getCMAStatus
2026-05-14,KOFIA_CMA_BALANCE_MILLION_KRW,CMA 전체 잔고,113796244.026894,million KRW,daily,data.go.kr KOFIA local normalized CSV,getCMAStatus
2026-05-15,KOFIA_CMA_BALANCE_MILLION_KRW,CMA 전체 잔고,112836002.656355,million KRW,daily,data.go.kr KOFIA local normalized CSV,getCMAStatus
2026-05-18,KOFIA_CMA_BALANCE_MILLION_KRW,CMA 전체 잔고,112957301.452571,million KRW,daily,data.go.kr KOFIA local normalized CSV,getCMAStatus
2026-05-19,KOFIA_CMA_BALANCE_MILLION_KRW,CMA 전체 잔고,113481198.470814,million KRW,daily,data.go.kr KOFIA local normalized CSV,getCMAStatus
2026-05-20,KOFIA_CMA_BALANCE_MILLION_KRW,CMA 전체 잔고,111575711.014434,million KRW,daily,data.go.kr KOFIA local normalized CSV,getCMAStatus
2026-05-21,KOFIA_CMA_BALANCE_MILLION_KRW,CMA 전체 잔고,110463688.580448,million KRW,daily,data.go.kr KOFIA local normalized CSV,getCMAStatus
2026-05-22,KOFIA_CMA_BALANCE_MILLION_KRW,CMA 전체 잔고,112882937.007921,million KRW,daily,data.go.kr KOFIA local normalized CSV,getCMAStatus
2026-05-26,KOFIA_CMA_BALANCE_MILLION_KRW,CMA 전체 잔고,110169578.345899,million KRW,daily,data.go.kr KOFIA local normalized CSV,getCMAStatus
2026-05-27,KOFIA_CMA_BALANCE_MILLION_KRW,CMA 전체 잔고,106783646.870499,million KRW,daily,data.go.kr KOFIA local normalized CSV,getCMAStatus
2026-05-28,KOFIA_CMA_BALANCE_MILLION_KRW,CMA 전체 잔고,108740889.441709,million KRW,daily,data.go.kr KOFIA local normalized CSV,getCMAStatus
2026-05-29,KOFIA_CMA_BALANCE_MILLION_KRW,CMA 전체 잔고,113641466.55201,million KRW,daily,data.go.kr KOFIA local normalized CSV,getCMAStatus
2026-06-01,KOFIA_CMA_BALANCE_MILLION_KRW,CMA 전체 잔고,113706335.452614,million KRW,daily,data.go.kr KOFIA local normalized CSV,getCMAStatus
2026-06-02,KOFIA_CMA_BALANCE_MILLION_KRW,CMA 전체 잔고,113142139.463592,million KRW,daily,data.go.kr KOFIA local normalized CSV,getCMAStatus
2026-06-04,KOFIA_CMA_BALANCE_MILLION_KRW,CMA 전체 잔고,113623792.79112,million KRW,daily,data.go.kr KOFIA local normalized CSV,getCMAStatus
2026-06-05,KOFIA_CMA_BALANCE_MILLION_KRW,CMA 전체 잔고,113792832.152729,million KRW,daily,data.go.kr KOFIA local normalized CSV,getCMAStatus
2026-06-08,KOFIA_CMA_BALANCE_MILLION_KRW,CMA 전체 잔고,111784238.460976,million KRW,daily,data.go.kr KOFIA local normalized CSV,getCMAStatus
2026-06-09,KOFIA_CMA_BALANCE_MILLION_KRW,CMA 전체 잔고,111715569.34756,million KRW,daily,data.go.kr KOFIA local normalized CSV,getCMAStatus
2026-06-10,KOFIA_CMA_BALANCE_MILLION_KRW,CMA 전체 잔고,109764259.158225,million KRW,daily,data.go.kr KOFIA local normalized CSV,getCMAStatus
2026-06-11,KOFIA_CMA_BALANCE_MILLION_KRW,CMA 전체 잔고,109338048.579232,million KRW,daily,data.go.kr KOFIA local normalized CSV,getCMAStatus
2026-06-12,KOFIA_CMA_BALANCE_MILLION_KRW,CMA 전체 잔고,111496202.632357,million KRW,daily,data.go.kr KOFIA local normalized CSV,getCMAStatus
2026-06-15,KOFIA_CMA_BALANCE_MILLION_KRW,CMA 전체 잔고,110725566.434801,million KRW,daily,data.go.kr KOFIA local normalized CSV,getCMAStatus
2026-06-16,KOFIA_CMA_BALANCE_MILLION_KRW,CMA 전체 잔고,113189689.893432,million KRW,daily,data.go.kr KOFIA local normalized CSV,getCMAStatus
2026-06-17,KOFIA_CMA_BALANCE_MILLION_KRW,CMA 전체 잔고,113879401.069295,million KRW,daily,data.go.kr KOFIA local normalized CSV,getCMAStatus
2026-06-18,KOFIA_CMA_BALANCE_MILLION_KRW,CMA 전체 잔고,114235549.446722,million KRW,daily,data.go.kr KOFIA local normalized CSV,getCMAStatus
2026-06-19,KOFIA_CMA_BALANCE_MILLION_KRW,CMA 전체 잔고,110406084.050641,million KRW,daily,data.go.kr KOFIA local normalized CSV,getCMAStatus
2026-06-22,KOFIA_CMA_BALANCE_MILLION_KRW,CMA 전체 잔고,110419748.996796,million KRW,daily,data.go.kr KOFIA local normalized CSV,getCMAStatus
