ticker,종목,corp_code,rcept_no,report_nm,rcept_dt,report_status,document_status,sector_proxy,export_mentions,fx_asset_mentions,fx_liab_mentions,hedge_mentions,import_mentions,order_mentions,sensitivity_mentions,overseas_revenue_pct,hedge_pct_proxy,text_length,공시신뢰도,confidence_reason,dollar_sales_score,won_cost_score,hedge_score,foreign_debt_score,import_cost_score,earnings_score,technical_score,risk_score,backlog_bonus,sensitivity_bonus,fx_net_benefit_score
095570,AJ네트웍스,365387,,,,DART_LIST_013_등록된 종목코드 또는 고유번호가 아닙니다.,NO_REPORT,기타,0,0,0,0,0,0,0,,,0,D,보고서 원문 미확보,6.25,6.0,11.0,8.0,5.5,8.0,10.0,5.0,0.0,0.0,59.75
006840,AK홀딩스,125080,,,,DART_LIST_013_등록된 종목코드 또는 고유번호가 아닙니다.,NO_REPORT,기타,0,0,0,0,0,0,0,,,0,D,보고서 원문 미확보,6.25,6.0,11.0,8.0,5.5,8.0,8.0,2.0,0.0,0.0,54.75
027410,BGF,219097,,,,DART_LIST_013_등록된 종목코드 또는 고유번호가 아닙니다.,NO_REPORT,기타,0,0,0,0,0,0,0,,,0,D,보고서 원문 미확보,6.25,6.0,11.0,8.0,5.5,8.0,8.0,5.0,0.0,0.0,57.75
282330,BGF리테일,1263022,,,,DART_LIST_100_corp_code가 필드의 부적절한 값입니다.,NO_REPORT,기타,0,0,0,0,0,0,0,,,0,D,보고서 원문 미확보,6.25,6.0,11.0,8.0,5.5,8.0,7.0,5.0,0.0,0.0,56.75
138930,BNK금융지주,858364,,,,DART_LIST_013_등록된 종목코드 또는 고유번호가 아닙니다.,NO_REPORT,기타,0,0,0,0,0,0,0,,,0,D,보고서 원문 미확보,6.25,6.0,11.0,8.0,5.5,8.0,10.0,5.0,0.0,0.0,59.75
001460,BYC,122579,,,,DART_LIST_013_등록된 종목코드 또는 고유번호가 아닙니다.,NO_REPORT,기타,0,0,0,0,0,0,0,,,0,D,보고서 원문 미확보,6.25,6.0,11.0,8.0,5.5,8.0,8.0,5.0,0.0,0.0,57.75
001465,BYC우,,,,,NO_CORP_CODE,OK,기타,0,0,0,0,0,0,0,,,0,D,DART 고유번호 매칭 실패,6.25,6.0,11.0,8.0,5.5,8.0,10.0,5.0,0.0,0.0,59.75
001040,CJ,148540,,,,DART_LIST_013_등록된 종목코드 또는 고유번호가 아닙니다.,NO_REPORT,기타,0,0,0,0,0,0,0,,,0,D,보고서 원문 미확보,6.25,6.0,11.0,8.0,5.5,8.0,8.0,2.0,0.0,0.0,54.75
079160,CJ CGV,303873,,,,DART_LIST_013_등록된 종목코드 또는 고유번호가 아닙니다.,NO_REPORT,기타,0,0,0,0,0,0,0,,,0,D,보고서 원문 미확보,6.25,6.0,11.0,8.0,5.5,8.0,10.0,2.0,0.0,0.0,56.75
000120,CJ대한통운,113410,,,,DART_LIST_013_등록된 종목코드 또는 고유번호가 아닙니다.,NO_REPORT,기타,0,0,0,0,0,0,0,,,0,D,보고서 원문 미확보,6.25,6.0,11.0,8.0,5.5,8.0,8.0,5.0,0.0,0.0,57.75
011150,CJ씨푸드,129013,,,,DART_LIST_013_등록된 종목코드 또는 고유번호가 아닙니다.,NO_REPORT,기타,0,0,0,0,0,0,0,,,0,D,보고서 원문 미확보,6.25,6.0,11.0,8.0,5.5,3.0,8.0,5.0,0.0,0.0,52.75
011155,CJ씨푸드1우,,,,,NO_CORP_CODE,OK,기타,0,0,0,0,0,0,0,,,0,D,DART 고유번호 매칭 실패,6.25,6.0,11.0,8.0,5.5,8.0,8.0,5.0,0.0,0.0,57.75
001045,CJ우,,,,,NO_CORP_CODE,OK,기타,0,0,0,0,0,0,0,,,0,D,DART 고유번호 매칭 실패,6.25,6.0,11.0,8.0,5.5,8.0,8.0,5.0,0.0,0.0,57.75
097950,CJ제일제당,635134,,,,DART_LIST_013_등록된 종목코드 또는 고유번호가 아닙니다.,NO_REPORT,K푸드,0,0,0,0,0,0,0,,,0,D,보고서 원문 미확보,13.75,6.75,11.0,8.0,5.0,8.0,8.0,5.0,0.0,0.0,65.5
097955,CJ제일제당 우,,,,,NO_CORP_CODE,OK,K푸드,0,0,0,0,0,0,0,,,0,D,DART 고유번호 매칭 실패,13.75,6.75,11.0,8.0,5.0,8.0,8.0,5.0,0.0,0.0,65.5
000480,CR홀딩스,148984,,,,DART_LIST_013_등록된 종목코드 또는 고유번호가 아닙니다.,NO_REPORT,기타,0,0,0,0,0,0,0,,,0,D,보고서 원문 미확보,6.25,6.0,11.0,8.0,5.5,8.0,8.0,5.0,0.0,0.0,57.75
000590,CS홀딩스,149026,,,,DART_LIST_013_등록된 종목코드 또는 고유번호가 아닙니다.,NO_REPORT,기타,0,0,0,0,0,0,0,,,0,D,보고서 원문 미확보,6.25,6.0,11.0,8.0,5.5,8.0,10.0,5.0,0.0,0.0,59.75
012030,DB,163345,,,,DART_LIST_013_등록된 종목코드 또는 고유번호가 아닙니다.,NO_REPORT,기타,0,0,0,0,0,0,0,,,0,D,보고서 원문 미확보,6.25,6.0,11.0,8.0,5.5,8.0,10.0,5.0,0.0,0.0,59.75
005830,DB손해보험,159102,,,,DART_LIST_013_등록된 종목코드 또는 고유번호가 아닙니다.,NO_REPORT,기타,0,0,0,0,0,0,0,,,0,D,보고서 원문 미확보,6.25,6.0,11.0,8.0,5.5,8.0,10.0,5.0,0.0,0.0,59.75
016610,DB증권,115694,,,,DART_LIST_013_등록된 종목코드 또는 고유번호가 아닙니다.,NO_REPORT,기타,0,0,0,0,0,0,0,,,0,D,보고서 원문 미확보,6.25,6.0,11.0,8.0,5.5,8.0,8.0,5.0,0.0,0.0,57.75
000990,DB하이텍,1948220,,,,DART_LIST_100_corp_code가 필드의 부적절한 값입니다.,NO_REPORT,기타,0,0,0,0,0,0,0,,,0,D,보고서 원문 미확보,6.25,6.0,11.0,8.0,5.5,3.0,7.0,5.0,0.0,0.0,51.75
000300,DH오토넥스,1885222,,,,DART_LIST_100_corp_code가 필드의 부적절한 값입니다.,NO_REPORT,기타,0,0,0,0,0,0,0,,,0,D,보고서 원문 미확보,6.25,6.0,11.0,8.0,5.5,8.0,5.0,5.0,0.0,0.0,54.75
001530,DI동일,118345,,,,DART_LIST_013_등록된 종목코드 또는 고유번호가 아닙니다.,NO_REPORT,기타,0,0,0,0,0,0,0,,,0,D,보고서 원문 미확보,6.25,6.0,11.0,8.0,5.5,8.0,10.0,5.0,0.0,0.0,59.75
015590,DKME,108746,,,,DART_LIST_013_등록된 종목코드 또는 고유번호가 아닙니다.,NO_REPORT,기타,0,0,0,0,0,0,0,,,0,D,보고서 원문 미확보,6.25,6.0,11.0,8.0,5.5,8.0,7.0,2.0,0.0,0.0,53.75
000210,DL,109693,,,,DART_LIST_013_등록된 종목코드 또는 고유번호가 아닙니다.,NO_REPORT,기타,0,0,0,0,0,0,0,,,0,D,보고서 원문 미확보,6.25,6.0,11.0,8.0,5.5,8.0,10.0,5.0,0.0,0.0,59.75
000215,DL우,,,,,NO_CORP_CODE,OK,기타,0,0,0,0,0,0,0,,,0,D,DART 고유번호 매칭 실패,6.25,6.0,11.0,8.0,5.5,8.0,8.0,5.0,0.0,0.0,57.75
375500,DL이앤씨,1524093,,,,DART_LIST_100_corp_code가 필드의 부적절한 값입니다.,NO_REPORT,기타,0,0,0,0,0,0,0,,,0,D,보고서 원문 미확보,6.25,6.0,11.0,8.0,5.5,8.0,10.0,5.0,0.0,0.0,59.75
007340,DN오토모티브,116949,,,,DART_LIST_013_등록된 종목코드 또는 고유번호가 아닙니다.,NO_REPORT,기타,0,0,0,0,0,0,0,,,0,D,보고서 원문 미확보,6.25,6.0,11.0,8.0,5.5,8.0,7.0,5.0,0.0,0.0,56.75
004840,DRB동일,118266,,,,DART_LIST_013_등록된 종목코드 또는 고유번호가 아닙니다.,NO_REPORT,기타,0,0,0,0,0,0,0,,,0,D,보고서 원문 미확보,6.25,6.0,11.0,8.0,5.5,8.0,10.0,5.0,0.0,0.0,59.75
155660,DSR,110608,,,,DART_LIST_013_등록된 종목코드 또는 고유번호가 아닙니다.,NO_REPORT,기타,0,0,0,0,0,0,0,,,0,D,보고서 원문 미확보,6.25,6.0,11.0,8.0,5.5,8.0,10.0,5.0,0.0,0.0,59.75
069730,DSR제강,151298,,,,DART_LIST_013_등록된 종목코드 또는 고유번호가 아닙니다.,NO_REPORT,기타,0,0,0,0,0,0,0,,,0,D,보고서 원문 미확보,6.25,6.0,11.0,8.0,5.5,8.0,10.0,5.0,0.0,0.0,59.75
017860,DS단석,108612,,,,DART_LIST_013_등록된 종목코드 또는 고유번호가 아닙니다.,NO_REPORT,기타,0,0,0,0,0,0,0,,,0,D,보고서 원문 미확보,6.25,6.0,11.0,8.0,5.5,8.0,8.0,2.0,0.0,0.0,54.75
092780,DYP,117726,,,,DART_LIST_013_등록된 종목코드 또는 고유번호가 아닙니다.,NO_REPORT,기타,0,0,0,0,0,0,0,,,0,D,보고서 원문 미확보,6.25,6.0,11.0,8.0,5.5,8.0,8.0,5.0,0.0,0.0,57.75
017940,E1,165583,,,,DART_LIST_013_등록된 종목코드 또는 고유번호가 아닙니다.,NO_REPORT,기타,0,0,0,0,0,0,0,,,0,D,보고서 원문 미확보,6.25,6.0,11.0,8.0,5.5,3.0,8.0,5.0,0.0,0.0,52.75
365550,ESR켄달스퀘어리츠,1437186,,,,DART_LIST_100_corp_code가 필드의 부적절한 값입니다.,NO_REPORT,기타,0,0,0,0,0,0,0,,,0,D,보고서 원문 미확보,6.25,6.0,11.0,8.0,5.5,8.0,8.0,5.0,0.0,0.0,57.75
383220,F&F,1568413,,,,DART_LIST_100_corp_code가 필드의 부적절한 값입니다.,NO_REPORT,기타,0,0,0,0,0,0,0,,,0,D,보고서 원문 미확보,6.25,6.0,11.0,8.0,5.5,8.0,4.0,5.0,0.0,0.0,53.75
007700,F&F홀딩스,126487,,,,DART_LIST_013_등록된 종목코드 또는 고유번호가 아닙니다.,NO_REPORT,기타,0,0,0,0,0,0,0,,,0,D,보고서 원문 미확보,6.25,6.0,11.0,8.0,5.5,8.0,10.0,5.0,0.0,0.0,59.75
114090,GKL,557508,,,,DART_LIST_013_등록된 종목코드 또는 고유번호가 아닙니다.,NO_REPORT,기타,0,0,0,0,0,0,0,,,0,D,보고서 원문 미확보,6.25,6.0,11.0,8.0,5.5,8.0,4.0,5.0,0.0,0.0,53.75
078930,GS,500254,,,,DART_LIST_013_등록된 종목코드 또는 고유번호가 아닙니다.,NO_REPORT,기타,0,0,0,0,0,0,0,,,0,D,보고서 원문 미확보,6.25,6.0,11.0,8.0,5.5,8.0,10.0,5.0,0.0,0.0,59.75
006360,GS건설,120030,20260518000009,[기재정정]사업보고서 (2025.12),20260518,OK,OK,기타,14,29,2,14,341,1,12,,,103123,B,주석 수치 일부와 환율노출 키워드 확인,6.25,6.0,8.0,7.0,3.0,8.0,10.0,5.0,0.4,5.0,58.65
001250,GS글로벌,138190,,,,DART_LIST_013_등록된 종목코드 또는 고유번호가 아닙니다.,NO_REPORT,기타,0,0,0,0,0,0,0,,,0,D,보고서 원문 미확보,6.25,6.0,11.0,8.0,5.5,8.0,8.0,5.0,0.0,0.0,57.75
007070,GS리테일,140177,,,,DART_LIST_013_등록된 종목코드 또는 고유번호가 아닙니다.,NO_REPORT,기타,0,0,0,0,0,0,0,,,0,D,보고서 원문 미확보,6.25,6.0,11.0,8.0,5.5,8.0,10.0,5.0,0.0,0.0,59.75
078935,GS우,,,,,NO_CORP_CODE,OK,기타,0,0,0,0,0,0,0,,,0,D,DART 고유번호 매칭 실패,6.25,6.0,11.0,8.0,5.5,8.0,10.0,5.0,0.0,0.0,59.75
499790,GS피앤엘,1882845,,,,DART_LIST_100_corp_code가 필드의 부적절한 값입니다.,NO_REPORT,기타,0,0,0,0,0,0,0,,,0,D,보고서 원문 미확보,6.25,6.0,11.0,8.0,5.5,8.0,7.0,5.0,0.0,0.0,56.75
012630,HDC,164636,,,,DART_LIST_013_등록된 종목코드 또는 고유번호가 아닙니다.,NO_REPORT,기타,0,0,0,0,0,0,0,,,0,D,보고서 원문 미확보,6.25,6.0,11.0,8.0,5.5,8.0,8.0,5.0,0.0,0.0,57.75
039570,HDC랩스,350312,,,,DART_LIST_013_등록된 종목코드 또는 고유번호가 아닙니다.,NO_REPORT,기타,0,0,0,0,0,0,0,,,0,D,보고서 원문 미확보,6.25,6.0,11.0,8.0,5.5,8.0,10.0,5.0,0.0,0.0,59.75
089470,HDC현대EP,357935,,,,DART_LIST_013_등록된 종목코드 또는 고유번호가 아닙니다.,NO_REPORT,기타,0,0,0,0,0,0,0,,,0,D,보고서 원문 미확보,6.25,6.0,11.0,8.0,5.5,8.0,8.0,5.0,0.0,0.0,57.75
267270,HD건설기계,1205842,,,,DART_LIST_100_corp_code가 필드의 부적절한 값입니다.,NO_REPORT,기타,0,0,0,0,0,0,0,,,0,D,보고서 원문 미확보,6.25,6.0,11.0,8.0,5.5,8.0,10.0,5.0,0.0,0.0,59.75
009540,HD한국조선해양,164830,,,,DART_LIST_013_등록된 종목코드 또는 고유번호가 아닙니다.,NO_REPORT,조선,0,0,0,0,0,0,0,,,0,D,보고서 원문 미확보,22.5,11.25,11.0,8.0,6.5,8.0,10.0,2.0,0.0,0.0,79.25
267250,HD현대,1205709,,,,DART_LIST_100_corp_code가 필드의 부적절한 값입니다.,NO_REPORT,기타,0,0,0,0,0,0,0,,,0,D,보고서 원문 미확보,6.25,6.0,11.0,8.0,5.5,8.0,8.0,2.0,0.0,0.0,54.75
443060,HD현대마린솔루션,1194689,,,,DART_LIST_100_corp_code가 필드의 부적절한 값입니다.,NO_REPORT,기타,0,0,0,0,0,0,0,,,0,D,보고서 원문 미확보,6.25,6.0,11.0,8.0,5.5,8.0,7.0,5.0,0.0,0.0,56.75
071970,HD현대마린엔진,406046,,,,DART_LIST_013_등록된 종목코드 또는 고유번호가 아닙니다.,NO_REPORT,기타,0,0,0,0,0,0,0,,,0,D,보고서 원문 미확보,6.25,6.0,11.0,8.0,5.5,8.0,8.0,5.0,0.0,0.0,57.75
322000,HD현대에너지솔루션,1199550,,,,DART_LIST_100_corp_code가 필드의 부적절한 값입니다.,NO_REPORT,기타,0,0,0,0,0,0,0,,,0,D,보고서 원문 미확보,6.25,6.0,11.0,8.0,5.5,8.0,10.0,5.0,0.0,0.0,59.75
267260,HD현대일렉트릭,1205851,,,,DART_LIST_100_corp_code가 필드의 부적절한 값입니다.,NO_REPORT,전력기기,0,0,0,0,0,0,0,,,0,D,보고서 원문 미확보,20.5,10.5,11.0,8.0,7.0,8.0,10.0,5.0,0.0,0.0,80.0
329180,HD현대중공업,1390344,,,,DART_LIST_100_corp_code가 필드의 부적절한 값입니다.,NO_REPORT,조선,0,0,0,0,0,0,0,,,0,D,보고서 원문 미확보,22.5,11.25,11.0,8.0,6.5,8.0,7.0,5.0,0.0,0.0,79.25
097230,HJ중공업,633835,,,,DART_LIST_013_등록된 종목코드 또는 고유번호가 아닙니다.,NO_REPORT,조선,0,0,0,0,0,0,0,,,0,D,보고서 원문 미확보,22.5,11.25,11.0,8.0,6.5,8.0,8.0,5.0,0.0,0.0,80.25
014790,HL D&I,161116,,,,DART_LIST_013_등록된 종목코드 또는 고유번호가 아닙니다.,NO_REPORT,기타,0,0,0,0,0,0,0,,,0,D,보고서 원문 미확보,6.25,6.0,11.0,8.0,5.5,8.0,8.0,5.0,0.0,0.0,57.75
003580,HLB글로벌,169048,,,,DART_LIST_013_등록된 종목코드 또는 고유번호가 아닙니다.,NO_REPORT,기타,0,0,0,0,0,0,0,,,0,D,보고서 원문 미확보,6.25,6.0,11.0,8.0,5.5,3.0,8.0,5.0,0.0,0.0,52.75
204320,HL만도,1042775,,,,DART_LIST_100_corp_code가 필드의 부적절한 값입니다.,NO_REPORT,자동차/부품,0,0,0,0,0,0,0,,,0,D,보고서 원문 미확보,18.0,8.25,11.0,8.0,6.5,8.0,8.0,5.0,0.0,0.0,72.75
060980,HL홀딩스,299002,,,,DART_LIST_013_등록된 종목코드 또는 고유번호가 아닙니다.,NO_REPORT,기타,0,0,0,0,0,0,0,,,0,D,보고서 원문 미확보,6.25,6.0,11.0,8.0,5.5,8.0,8.0,5.0,0.0,0.0,57.75
011200,HMM,164645,,,,DART_LIST_013_등록된 종목코드 또는 고유번호가 아닙니다.,NO_REPORT,기타,0,0,0,0,0,0,0,,,0,D,보고서 원문 미확보,6.25,6.0,11.0,8.0,5.5,8.0,8.0,5.0,0.0,0.0,57.75
035000,HS애드,140168,,,,DART_LIST_013_등록된 종목코드 또는 고유번호가 아닙니다.,NO_REPORT,기타,0,0,0,0,0,0,0,,,0,D,보고서 원문 미확보,6.25,6.0,11.0,8.0,5.5,3.0,8.0,5.0,0.0,0.0,52.75
002460,HS화성,174527,,,,DART_LIST_013_등록된 종목코드 또는 고유번호가 아닙니다.,NO_REPORT,기타,0,0,0,0,0,0,0,,,0,D,보고서 원문 미확보,6.25,6.0,11.0,8.0,5.5,8.0,8.0,5.0,0.0,0.0,57.75
487570,HS효성,1854763,,,,DART_LIST_100_corp_code가 필드의 부적절한 값입니다.,NO_REPORT,기타,0,0,0,0,0,0,0,,,0,D,보고서 원문 미확보,6.25,6.0,11.0,8.0,5.5,8.0,8.0,5.0,0.0,0.0,57.75
298050,HS효성첨단소재,1316254,,,,DART_LIST_100_corp_code가 필드의 부적절한 값입니다.,NO_REPORT,기타,0,0,0,0,0,0,0,,,0,D,보고서 원문 미확보,6.25,6.0,11.0,8.0,5.5,8.0,8.0,5.0,0.0,0.0,57.75
015360,INVENI,105101,,,,DART_LIST_013_등록된 종목코드 또는 고유번호가 아닙니다.,NO_REPORT,기타,0,0,0,0,0,0,0,,,0,D,보고서 원문 미확보,6.25,6.0,11.0,8.0,5.5,8.0,10.0,5.0,0.0,0.0,59.75
294870,IPARK현대산업개발,1310269,,,,DART_LIST_100_corp_code가 필드의 부적절한 값입니다.,NO_REPORT,기타,0,0,0,0,0,0,0,,,0,D,보고서 원문 미확보,6.25,6.0,11.0,8.0,5.5,8.0,10.0,5.0,0.0,0.0,59.75
175330,JB금융지주,980122,,,,DART_LIST_013_등록된 종목코드 또는 고유번호가 아닙니다.,NO_REPORT,기타,0,0,0,0,0,0,0,,,0,D,보고서 원문 미확보,6.25,6.0,11.0,8.0,5.5,8.0,10.0,5.0,0.0,0.0,59.75
204210,JK리버스톤리츠,1035289,,,,DART_LIST_100_corp_code가 필드의 부적절한 값입니다.,NO_REPORT,기타,0,0,0,0,0,0,0,,,0,D,보고서 원문 미확보,6.25,6.0,11.0,8.0,5.5,3.0,2.0,5.0,0.0,0.0,46.75
234080,JW생명과학,225706,,,,DART_LIST_013_등록된 종목코드 또는 고유번호가 아닙니다.,NO_REPORT,기타,0,0,0,0,0,0,0,,,0,D,보고서 원문 미확보,6.25,6.0,11.0,8.0,5.5,8.0,8.0,5.0,0.0,0.0,57.75
001060,JW중외제약,149947,,,,DART_LIST_013_등록된 종목코드 또는 고유번호가 아닙니다.,NO_REPORT,기타,0,0,0,0,0,0,0,,,0,D,보고서 원문 미확보,6.25,6.0,11.0,8.0,5.5,8.0,10.0,5.0,0.0,0.0,59.75
001067,JW중외제약2우B,,,,,NO_CORP_CODE,OK,기타,0,0,0,0,0,0,0,,,0,D,DART 고유번호 매칭 실패,6.25,6.0,11.0,8.0,5.5,8.0,8.0,5.0,0.0,0.0,57.75
001065,JW중외제약우,,,,,NO_CORP_CODE,OK,기타,0,0,0,0,0,0,0,,,0,D,DART 고유번호 매칭 실패,6.25,6.0,11.0,8.0,5.5,8.0,8.0,5.0,0.0,0.0,57.75
096760,JW홀딩스,632304,,,,DART_LIST_013_등록된 종목코드 또는 고유번호가 아닙니다.,NO_REPORT,기타,0,0,0,0,0,0,0,,,0,D,보고서 원문 미확보,6.25,6.0,11.0,8.0,5.5,8.0,10.0,5.0,0.0,0.0,59.75
008970,KBI동양철관,117629,,,,DART_LIST_013_등록된 종목코드 또는 고유번호가 아닙니다.,NO_REPORT,기타,0,0,0,0,0,0,0,,,0,D,보고서 원문 미확보,6.25,6.0,11.0,8.0,5.5,8.0,8.0,5.0,0.0,0.0,57.75
105560,KB금융,688996,,,,DART_LIST_013_등록된 종목코드 또는 고유번호가 아닙니다.,NO_REPORT,기타,0,0,0,0,0,0,0,,,0,D,보고서 원문 미확보,6.25,6.0,11.0,8.0,5.5,8.0,10.0,5.0,0.0,0.0,59.75
415640,KB발해인프라,1880801,,,,DART_LIST_100_corp_code가 필드의 부적절한 값입니다.,NO_REPORT,기타,0,0,0,0,0,0,0,,,0,D,보고서 원문 미확보,6.25,6.0,11.0,8.0,5.5,8.0,8.0,5.0,0.0,0.0,57.75
432320,KB스타리츠,1622720,,,,DART_LIST_100_corp_code가 필드의 부적절한 값입니다.,NO_REPORT,기타,0,0,0,0,0,0,0,,,0,D,보고서 원문 미확보,6.25,6.0,11.0,8.0,5.5,3.0,8.0,2.0,0.0,0.0,49.75
002380,KCC,105271,,,,DART_LIST_013_등록된 종목코드 또는 고유번호가 아닙니다.,NO_REPORT,기타,0,0,0,0,0,0,0,,,0,D,보고서 원문 미확보,6.25,6.0,11.0,8.0,5.5,8.0,10.0,5.0,0.0,0.0,59.75
344820,KCC글라스,1428203,,,,DART_LIST_100_corp_code가 필드의 부적절한 값입니다.,NO_REPORT,기타,0,0,0,0,0,0,0,,,0,D,보고서 원문 미확보,6.25,6.0,11.0,8.0,5.5,3.0,8.0,5.0,0.0,0.0,52.75
009070,KCTC,103042,,,,DART_LIST_013_등록된 종목코드 또는 고유번호가 아닙니다.,NO_REPORT,기타,0,0,0,0,0,0,0,,,0,D,보고서 원문 미확보,6.25,6.0,11.0,8.0,5.5,8.0,8.0,5.0,0.0,0.0,57.75
009440,KC그린홀딩스,159971,,,,DART_LIST_013_등록된 종목코드 또는 고유번호가 아닙니다.,NO_REPORT,기타,0,0,0,0,0,0,0,,,0,D,보고서 원문 미확보,6.25,6.0,11.0,8.0,5.5,3.0,5.0,5.0,0.0,0.0,49.75
119650,KC코트렐,797364,,,,DART_LIST_013_등록된 종목코드 또는 고유번호가 아닙니다.,NO_REPORT,기타,0,0,0,0,0,0,0,,,0,D,보고서 원문 미확보,6.25,6.0,11.0,8.0,5.5,8.0,5.0,5.0,0.0,0.0,54.75
092220,KEC,589127,,,,DART_LIST_013_등록된 종목코드 또는 고유번호가 아닙니다.,NO_REPORT,기타,0,0,0,0,0,0,0,,,0,D,보고서 원문 미확보,6.25,6.0,11.0,8.0,5.5,3.0,7.0,5.0,0.0,0.0,51.75
003620,KG모빌리티,138242,,,,DART_LIST_013_등록된 종목코드 또는 고유번호가 아닙니다.,NO_REPORT,기타,0,0,0,0,0,0,0,,,0,D,보고서 원문 미확보,6.25,6.0,11.0,8.0,5.5,8.0,10.0,5.0,0.0,0.0,59.75
016380,KG스틸,115676,,,,DART_LIST_013_등록된 종목코드 또는 고유번호가 아닙니다.,NO_REPORT,기타,0,0,0,0,0,0,0,,,0,D,보고서 원문 미확보,6.25,6.0,11.0,8.0,5.5,8.0,10.0,5.0,0.0,0.0,59.75
001390,KG케미칼,101220,,,,DART_LIST_013_등록된 종목코드 또는 고유번호가 아닙니다.,NO_REPORT,기타,0,0,0,0,0,0,0,,,0,D,보고서 원문 미확보,6.25,6.0,11.0,8.0,5.5,8.0,8.0,5.0,0.0,0.0,57.75
001940,KISCO홀딩스,159740,,,,DART_LIST_013_등록된 종목코드 또는 고유번호가 아닙니다.,NO_REPORT,기타,0,0,0,0,0,0,0,,,0,D,보고서 원문 미확보,6.25,6.0,11.0,8.0,5.5,3.0,10.0,5.0,0.0,0.0,54.75
025000,KPX케미칼,191472,,,,DART_LIST_013_등록된 종목코드 또는 고유번호가 아닙니다.,NO_REPORT,기타,0,0,0,0,0,0,0,,,0,D,보고서 원문 미확보,6.25,6.0,11.0,8.0,5.5,8.0,10.0,5.0,0.0,0.0,59.75
092230,KPX홀딩스,587466,,,,DART_LIST_013_등록된 종목코드 또는 고유번호가 아닙니다.,NO_REPORT,기타,0,0,0,0,0,0,0,,,0,D,보고서 원문 미확보,6.25,6.0,11.0,8.0,5.5,8.0,10.0,5.0,0.0,0.0,59.75
000040,KR모터스,1884065,,,,DART_LIST_100_corp_code가 필드의 부적절한 값입니다.,NO_REPORT,기타,0,0,0,0,0,0,0,,,0,D,보고서 원문 미확보,6.25,6.0,11.0,8.0,5.5,3.0,8.0,2.0,0.0,0.0,49.75
044450,KSS해운,160232,,,,DART_LIST_013_등록된 종목코드 또는 고유번호가 아닙니다.,NO_REPORT,기타,0,0,0,0,0,0,0,,,0,D,보고서 원문 미확보,6.25,6.0,11.0,8.0,5.5,8.0,8.0,5.0,0.0,0.0,57.75
030200,KT,190321,,,,DART_LIST_013_등록된 종목코드 또는 고유번호가 아닙니다.,NO_REPORT,기타,0,0,0,0,0,0,0,,,0,D,보고서 원문 미확보,6.25,6.0,11.0,8.0,5.5,8.0,10.0,5.0,0.0,0.0,59.75
033780,KT&G,244455,,,,DART_LIST_013_등록된 종목코드 또는 고유번호가 아닙니다.,NO_REPORT,기타,0,0,0,0,0,0,0,,,0,D,보고서 원문 미확보,6.25,6.0,11.0,8.0,5.5,8.0,2.0,5.0,0.0,0.0,51.75
058850,KTcs,372882,,,,DART_LIST_013_등록된 종목코드 또는 고유번호가 아닙니다.,NO_REPORT,기타,0,0,0,0,0,0,0,,,0,D,보고서 원문 미확보,6.25,6.0,11.0,8.0,5.5,8.0,10.0,5.0,0.0,0.0,59.75
058860,KTis,372873,,,,DART_LIST_013_등록된 종목코드 또는 고유번호가 아닙니다.,NO_REPORT,기타,0,0,0,0,0,0,0,,,0,D,보고서 원문 미확보,6.25,6.0,11.0,8.0,5.5,8.0,8.0,5.0,0.0,0.0,57.75
093050,LF,593032,,,,DART_LIST_013_등록된 종목코드 또는 고유번호가 아닙니다.,NO_REPORT,기타,0,0,0,0,0,0,0,,,0,D,보고서 원문 미확보,6.25,6.0,11.0,8.0,5.5,8.0,10.0,5.0,0.0,0.0,59.75
003550,LG,120021,,,,DART_LIST_013_등록된 종목코드 또는 고유번호가 아닙니다.,NO_REPORT,기타,0,0,0,0,0,0,0,,,0,D,보고서 원문 미확보,6.25,6.0,11.0,8.0,5.5,8.0,10.0,5.0,0.0,0.0,59.75
034220,LG디스플레이,105873,,,,DART_LIST_013_등록된 종목코드 또는 고유번호가 아닙니다.,NO_REPORT,기타,0,0,0,0,0,0,0,,,0,D,보고서 원문 미확보,6.25,6.0,11.0,8.0,5.5,8.0,10.0,5.0,0.0,0.0,59.75
051900,LG생활건강,356370,,,,DART_LIST_013_등록된 종목코드 또는 고유번호가 아닙니다.,NO_REPORT,K뷰티/소비재,0,0,0,0,0,0,0,,,0,D,보고서 원문 미확보,15.5,8.25,11.0,8.0,7.5,8.0,8.0,5.0,0.0,0.0,71.25
051905,LG생활건강우,,,,,NO_CORP_CODE,OK,K뷰티/소비재,0,0,0,0,0,0,0,,,0,D,DART 고유번호 매칭 실패,15.5,8.25,11.0,8.0,7.5,8.0,8.0,5.0,0.0,0.0,71.25
064400,LG씨엔에스,139834,,,,DART_LIST_013_등록된 종목코드 또는 고유번호가 아닙니다.,NO_REPORT,기타,0,0,0,0,0,0,0,,,0,D,보고서 원문 미확보,6.25,6.0,11.0,8.0,5.5,8.0,10.0,5.0,0.0,0.0,59.75
373220,LG에너지솔루션,1515323,,,,DART_LIST_100_corp_code가 필드의 부적절한 값입니다.,NO_REPORT,기타,0,0,0,0,0,0,0,,,0,D,보고서 원문 미확보,6.25,6.0,11.0,8.0,5.5,3.0,10.0,5.0,0.0,0.0,54.75
003555,LG우,,,,,NO_CORP_CODE,OK,기타,0,0,0,0,0,0,0,,,0,D,DART 고유번호 매칭 실패,6.25,6.0,11.0,8.0,5.5,8.0,8.0,5.0,0.0,0.0,57.75
032640,LG유플러스,231363,,,,DART_LIST_013_등록된 종목코드 또는 고유번호가 아닙니다.,NO_REPORT,기타,0,0,0,0,0,0,0,,,0,D,보고서 원문 미확보,6.25,6.0,11.0,8.0,5.5,8.0,8.0,5.0,0.0,0.0,57.75
011070,LG이노텍,105961,,,,DART_LIST_013_등록된 종목코드 또는 고유번호가 아닙니다.,NO_REPORT,반도체/전자부품,0,0,0,0,0,0,0,,,0,D,보고서 원문 미확보,20.0,9.0,11.0,8.0,6.5,8.0,7.0,5.0,0.0,0.0,74.5
066570,LG전자,401731,,,,DART_LIST_013_등록된 종목코드 또는 고유번호가 아닙니다.,NO_REPORT,기타,0,0,0,0,0,0,0,,,0,D,보고서 원문 미확보,6.25,6.0,11.0,8.0,5.5,8.0,10.0,5.0,0.0,0.0,59.75
066575,LG전자우,,,,,NO_CORP_CODE,OK,기타,0,0,0,0,0,0,0,,,0,D,DART 고유번호 매칭 실패,6.25,6.0,11.0,8.0,5.5,8.0,10.0,5.0,0.0,0.0,59.75
037560,LG헬로비전,222532,,,,DART_LIST_013_등록된 종목코드 또는 고유번호가 아닙니다.,NO_REPORT,기타,0,0,0,0,0,0,0,,,0,D,보고서 원문 미확보,6.25,6.0,11.0,8.0,5.5,8.0,8.0,5.0,0.0,0.0,57.75
051910,LG화학,356361,,,,DART_LIST_013_등록된 종목코드 또는 고유번호가 아닙니다.,NO_REPORT,수입원가부담,0,0,0,0,0,0,0,,,0,D,보고서 원문 미확보,5.0,5.25,11.0,8.0,2.0,3.0,10.0,5.0,0.0,0.0,49.25
051915,LG화학우,,,,,NO_CORP_CODE,OK,수입원가부담,0,0,0,0,0,0,0,,,0,D,DART 고유번호 매칭 실패,5.0,5.25,11.0,8.0,2.0,8.0,8.0,5.0,0.0,0.0,52.25
079550,LIG디펜스앤에어로스페이스,503668,,,,DART_LIST_013_등록된 종목코드 또는 고유번호가 아닙니다.,NO_REPORT,방산,0,0,0,0,0,0,0,,,0,D,보고서 원문 미확보,19.5,10.2,11.0,8.0,7.5,8.0,10.0,5.0,0.0,0.0,79.2
006260,LS,105952,,,,DART_LIST_013_등록된 종목코드 또는 고유번호가 아닙니다.,NO_REPORT,기타,0,0,0,0,0,0,0,,,0,D,보고서 원문 미확보,6.25,6.0,11.0,8.0,5.5,8.0,10.0,5.0,0.0,0.0,59.75
010120,LS ELECTRIC,105855,,,,DART_LIST_013_등록된 종목코드 또는 고유번호가 아닙니다.,NO_REPORT,전력기기,0,0,0,0,0,0,0,,,0,D,보고서 원문 미확보,20.5,10.5,11.0,8.0,7.0,8.0,10.0,5.0,0.0,0.0,80.0
000680,LS네트웍스,104698,,,,DART_LIST_013_등록된 종목코드 또는 고유번호가 아닙니다.,NO_REPORT,기타,0,0,0,0,0,0,0,,,0,D,보고서 원문 미확보,6.25,6.0,11.0,8.0,5.5,8.0,8.0,5.0,0.0,0.0,57.75
229640,LS에코에너지,1093007,,,,DART_LIST_100_corp_code가 필드의 부적절한 값입니다.,NO_REPORT,기타,0,0,0,0,0,0,0,,,0,D,보고서 원문 미확보,6.25,6.0,11.0,8.0,5.5,8.0,10.0,5.0,0.0,0.0,59.75
108320,LX세미콘,525934,,,,DART_LIST_013_등록된 종목코드 또는 고유번호가 아닙니다.,NO_REPORT,기타,0,0,0,0,0,0,0,,,0,D,보고서 원문 미확보,6.25,6.0,11.0,8.0,5.5,8.0,8.0,5.0,0.0,0.0,57.75
001120,LX인터내셔널,120076,,,,DART_LIST_013_등록된 종목코드 또는 고유번호가 아닙니다.,NO_REPORT,기타,0,0,0,0,0,0,0,,,0,D,보고서 원문 미확보,6.25,6.0,11.0,8.0,5.5,8.0,8.0,5.0,0.0,0.0,57.75
108670,LX하우시스,759513,,,,DART_LIST_013_등록된 종목코드 또는 고유번호가 아닙니다.,NO_REPORT,기타,0,0,0,0,0,0,0,,,0,D,보고서 원문 미확보,6.25,6.0,11.0,8.0,5.5,8.0,10.0,5.0,0.0,0.0,59.75
108675,LX하우시스우,,,,,NO_CORP_CODE,OK,기타,0,0,0,0,0,0,0,,,0,D,DART 고유번호 매칭 실패,6.25,6.0,11.0,8.0,5.5,8.0,8.0,5.0,0.0,0.0,57.75
383800,LX홀딩스,1562589,,,,DART_LIST_100_corp_code가 필드의 부적절한 값입니다.,NO_REPORT,기타,0,0,0,0,0,0,0,,,0,D,보고서 원문 미확보,6.25,6.0,11.0,8.0,5.5,8.0,8.0,5.0,0.0,0.0,57.75
023150,MH에탄올,121534,,,,DART_LIST_013_등록된 종목코드 또는 고유번호가 아닙니다.,NO_REPORT,기타,0,0,0,0,0,0,0,,,0,D,보고서 원문 미확보,6.25,6.0,11.0,8.0,5.5,8.0,10.0,5.0,0.0,0.0,59.75
035420,NAVER,266961,,,,DART_LIST_013_등록된 종목코드 또는 고유번호가 아닙니다.,NO_REPORT,기타,0,0,0,0,0,0,0,,,0,D,보고서 원문 미확보,6.25,6.0,11.0,8.0,5.5,8.0,10.0,5.0,0.0,0.0,59.75
036570,NC,261443,,,,DART_LIST_013_등록된 종목코드 또는 고유번호가 아닙니다.,NO_REPORT,기타,0,0,0,0,0,0,0,,,0,D,보고서 원문 미확보,6.25,6.0,11.0,8.0,5.5,8.0,10.0,2.0,0.0,0.0,56.75
181710,NHN,983271,,,,DART_LIST_013_등록된 종목코드 또는 고유번호가 아닙니다.,NO_REPORT,기타,0,0,0,0,0,0,0,,,0,D,보고서 원문 미확보,6.25,6.0,11.0,8.0,5.5,8.0,10.0,5.0,0.0,0.0,59.75
400760,NH올원리츠,1480780,,,,DART_LIST_100_corp_code가 필드의 부적절한 값입니다.,NO_REPORT,기타,0,0,0,0,0,0,0,,,0,D,보고서 원문 미확보,6.25,6.0,11.0,8.0,5.5,8.0,10.0,5.0,0.0,0.0,59.75
005940,NH투자증권,120182,,,,DART_LIST_013_등록된 종목코드 또는 고유번호가 아닙니다.,NO_REPORT,기타,0,0,0,0,0,0,0,,,0,D,보고서 원문 미확보,6.25,6.0,11.0,8.0,5.5,8.0,8.0,2.0,0.0,0.0,54.75
005945,NH투자증권우,,,,,NO_CORP_CODE,OK,기타,0,0,0,0,0,0,0,,,0,D,DART 고유번호 매칭 실패,6.25,6.0,11.0,8.0,5.5,8.0,8.0,5.0,0.0,0.0,57.75
338100,NH프라임리츠,1391033,,,,DART_LIST_100_corp_code가 필드의 부적절한 값입니다.,NO_REPORT,기타,0,0,0,0,0,0,0,,,0,D,보고서 원문 미확보,6.25,6.0,11.0,8.0,5.5,3.0,8.0,5.0,0.0,0.0,52.75
034310,NICE,158316,,,,DART_LIST_013_등록된 종목코드 또는 고유번호가 아닙니다.,NO_REPORT,기타,0,0,0,0,0,0,0,,,0,D,보고서 원문 미확보,6.25,6.0,11.0,8.0,5.5,8.0,10.0,2.0,0.0,0.0,56.75
030190,NICE평가정보,158325,,,,DART_LIST_013_등록된 종목코드 또는 고유번호가 아닙니다.,NO_REPORT,기타,0,0,0,0,0,0,0,,,0,D,보고서 원문 미확보,6.25,6.0,11.0,8.0,5.5,8.0,10.0,5.0,0.0,0.0,59.75
008260,NI스틸,116301,,,,DART_LIST_013_등록된 종목코드 또는 고유번호가 아닙니다.,NO_REPORT,기타,0,0,0,0,0,0,0,,,0,D,보고서 원문 미확보,6.25,6.0,11.0,8.0,5.5,8.0,8.0,5.0,0.0,0.0,57.75
004250,NPC,108038,,,,DART_LIST_013_등록된 종목코드 또는 고유번호가 아닙니다.,NO_REPORT,기타,0,0,0,0,0,0,0,,,0,D,보고서 원문 미확보,6.25,6.0,11.0,8.0,5.5,8.0,10.0,5.0,0.0,0.0,59.75
004255,NPC우,,,,,NO_CORP_CODE,OK,기타,0,0,0,0,0,0,0,,,0,D,DART 고유번호 매칭 실패,6.25,6.0,11.0,8.0,5.5,8.0,8.0,5.0,0.0,0.0,57.75
456040,OCI,1760738,,,,DART_LIST_100_corp_code가 필드의 부적절한 값입니다.,NO_REPORT,기타,0,0,0,0,0,0,0,,,0,D,보고서 원문 미확보,6.25,6.0,11.0,8.0,5.5,8.0,10.0,5.0,0.0,0.0,59.75
010060,OCI홀딩스,148896,,,,DART_LIST_013_등록된 종목코드 또는 고유번호가 아닙니다.,NO_REPORT,기타,0,0,0,0,0,0,0,,,0,D,보고서 원문 미확보,6.25,6.0,11.0,8.0,5.5,8.0,7.0,5.0,0.0,0.0,56.75
178920,PI첨단소재,767460,,,,DART_LIST_013_등록된 종목코드 또는 고유번호가 아닙니다.,NO_REPORT,기타,0,0,0,0,0,0,0,,,0,D,보고서 원문 미확보,6.25,6.0,11.0,8.0,5.5,8.0,10.0,5.0,0.0,0.0,59.75
001340,PKC,1976418,,,,DART_LIST_100_corp_code가 필드의 부적절한 값입니다.,NO_REPORT,기타,0,0,0,0,0,0,0,,,0,D,보고서 원문 미확보,6.25,6.0,11.0,8.0,5.5,8.0,8.0,5.0,0.0,0.0,57.75
005490,POSCO홀딩스,155319,,,,DART_LIST_013_등록된 종목코드 또는 고유번호가 아닙니다.,NO_REPORT,기타,0,0,0,0,0,0,0,,,0,D,보고서 원문 미확보,6.25,6.0,11.0,8.0,5.5,8.0,10.0,5.0,0.0,0.0,59.75
010950,S-Oil,138279,,,,DART_LIST_013_등록된 종목코드 또는 고유번호가 아닙니다.,NO_REPORT,기타,0,0,0,0,0,0,0,,,0,D,보고서 원문 미확보,6.25,6.0,11.0,8.0,5.5,8.0,10.0,5.0,0.0,0.0,59.75
010955,S-Oil우,,,,,NO_CORP_CODE,OK,기타,0,0,0,0,0,0,0,,,0,D,DART 고유번호 매칭 실패,6.25,6.0,11.0,8.0,5.5,8.0,10.0,5.0,0.0,0.0,59.75
034120,SBS,130772,,,,DART_LIST_013_등록된 종목코드 또는 고유번호가 아닙니다.,NO_REPORT,기타,0,0,0,0,0,0,0,,,0,D,보고서 원문 미확보,6.25,6.0,11.0,8.0,5.5,3.0,8.0,5.0,0.0,0.0,52.75
003080,SB성보,132725,,,,DART_LIST_013_등록된 종목코드 또는 고유번호가 아닙니다.,NO_REPORT,기타,0,0,0,0,0,0,0,,,0,D,보고서 원문 미확보,6.25,6.0,11.0,8.0,5.5,8.0,10.0,5.0,0.0,0.0,59.75
005090,SGC에너지,125150,,,,DART_LIST_013_등록된 종목코드 또는 고유번호가 아닙니다.,NO_REPORT,기타,0,0,0,0,0,0,0,,,0,D,보고서 원문 미확보,6.25,6.0,11.0,8.0,5.5,8.0,10.0,5.0,0.0,0.0,59.75
001380,SG글로벌,152039,,,,DART_LIST_013_등록된 종목코드 또는 고유번호가 아닙니다.,NO_REPORT,기타,0,0,0,0,0,0,0,,,0,D,보고서 원문 미확보,6.25,6.0,11.0,8.0,5.5,8.0,7.0,5.0,0.0,0.0,56.75
004060,SG세계물산,133511,,,,DART_LIST_013_등록된 종목코드 또는 고유번호가 아닙니다.,NO_REPORT,기타,0,0,0,0,0,0,0,,,0,D,보고서 원문 미확보,6.25,6.0,11.0,8.0,5.5,3.0,7.0,5.0,0.0,0.0,51.75
001770,SHD,137809,,,,DART_LIST_013_등록된 종목코드 또는 고유번호가 아닙니다.,NO_REPORT,기타,0,0,0,0,0,0,0,,,0,D,보고서 원문 미확보,6.25,6.0,11.0,8.0,5.5,3.0,8.0,5.0,0.0,0.0,52.75
002360,SH에너지화학,136457,,,,DART_LIST_013_등록된 종목코드 또는 고유번호가 아닙니다.,NO_REPORT,수입원가부담,0,0,0,0,0,0,0,,,0,D,보고서 원문 미확보,5.0,5.25,11.0,8.0,2.0,3.0,7.0,5.0,0.0,0.0,46.25
009160,SIMPAC,138260,,,,DART_LIST_013_등록된 종목코드 또는 고유번호가 아닙니다.,NO_REPORT,기타,0,0,0,0,0,0,0,,,0,D,보고서 원문 미확보,6.25,6.0,11.0,8.0,5.5,8.0,8.0,5.0,0.0,0.0,57.75
033530,SJG세종,134510,,,,DART_LIST_013_등록된 종목코드 또는 고유번호가 아닙니다.,NO_REPORT,기타,0,0,0,0,0,0,0,,,0,D,보고서 원문 미확보,6.25,6.0,11.0,8.0,5.5,8.0,8.0,5.0,0.0,0.0,57.75
123700,SJM,815369,,,,DART_LIST_013_등록된 종목코드 또는 고유번호가 아닙니다.,NO_REPORT,기타,0,0,0,0,0,0,0,,,0,D,보고서 원문 미확보,6.25,6.0,11.0,8.0,5.5,8.0,8.0,5.0,0.0,0.0,57.75
025530,SJM홀딩스,181943,,,,DART_LIST_013_등록된 종목코드 또는 고유번호가 아닙니다.,NO_REPORT,기타,0,0,0,0,0,0,0,,,0,D,보고서 원문 미확보,6.25,6.0,11.0,8.0,5.5,8.0,10.0,5.0,0.0,0.0,59.75
034730,SK,181712,,,,DART_LIST_013_등록된 종목코드 또는 고유번호가 아닙니다.,NO_REPORT,기타,0,0,0,0,0,0,0,,,0,D,보고서 원문 미확보,6.25,6.0,11.0,8.0,5.5,8.0,4.0,5.0,0.0,0.0,53.75
011790,SKC,139889,,,,DART_LIST_013_등록된 종목코드 또는 고유번호가 아닙니다.,NO_REPORT,기타,0,0,0,0,0,0,0,,,0,D,보고서 원문 미확보,6.25,6.0,11.0,8.0,5.5,3.0,10.0,2.0,0.0,0.0,51.75
018670,SK가스,144164,,,,DART_LIST_013_등록된 종목코드 또는 고유번호가 아닙니다.,NO_REPORT,수입원가부담,0,0,0,0,0,0,0,,,0,D,보고서 원문 미확보,5.0,5.25,11.0,8.0,2.0,8.0,8.0,2.0,0.0,0.0,49.25
001740,SK네트웍스,131780,,,,DART_LIST_013_등록된 종목코드 또는 고유번호가 아닙니다.,NO_REPORT,기타,0,0,0,0,0,0,0,,,0,D,보고서 원문 미확보,6.25,6.0,11.0,8.0,5.5,8.0,4.0,5.0,0.0,0.0,53.75
006120,SK디스커버리,131832,,,,DART_LIST_013_등록된 종목코드 또는 고유번호가 아닙니다.,NO_REPORT,기타,0,0,0,0,0,0,0,,,0,D,보고서 원문 미확보,6.25,6.0,11.0,8.0,5.5,8.0,8.0,5.0,0.0,0.0,57.75
006125,SK디스커버리우,,,,,NO_CORP_CODE,OK,기타,0,0,0,0,0,0,0,,,0,D,DART 고유번호 매칭 실패,6.25,6.0,11.0,8.0,5.5,8.0,10.0,5.0,0.0,0.0,59.75
210980,SK디앤디,508344,,,,DART_LIST_013_등록된 종목코드 또는 고유번호가 아닙니다.,NO_REPORT,기타,0,0,0,0,0,0,0,,,0,D,보고서 원문 미확보,6.25,6.0,11.0,8.0,5.5,3.0,8.0,5.0,0.0,0.0,52.75
395400,SK리츠,1535150,,,,DART_LIST_100_corp_code가 필드의 부적절한 값입니다.,NO_REPORT,기타,0,0,0,0,0,0,0,,,0,D,보고서 원문 미확보,6.25,6.0,11.0,8.0,5.5,8.0,10.0,5.0,0.0,0.0,59.75
302440,SK바이오사이언스,1319899,,,,DART_LIST_100_corp_code가 필드의 부적절한 값입니다.,NO_REPORT,바이오/제약,0,0,0,0,0,0,0,,,0,D,보고서 원문 미확보,16.25,9.0,11.0,8.0,8.0,3.0,10.0,5.0,0.0,0.0,70.25
326030,SK바이오팜,878696,,,,DART_LIST_013_등록된 종목코드 또는 고유번호가 아닙니다.,NO_REPORT,바이오/제약,0,0,0,0,0,0,0,,,0,D,보고서 원문 미확보,16.25,9.0,11.0,8.0,8.0,8.0,10.0,5.0,0.0,0.0,75.25
402340,SK스퀘어,1596425,,,,DART_LIST_100_corp_code가 필드의 부적절한 값입니다.,NO_REPORT,기타,0,0,0,0,0,0,0,,,0,D,보고서 원문 미확보,6.25,6.0,11.0,8.0,5.5,8.0,4.0,2.0,0.0,0.0,50.75
361610,SK아이이테크놀로지,1386916,,,,DART_LIST_100_corp_code가 필드의 부적절한 값입니다.,NO_REPORT,기타,0,0,0,0,0,0,0,,,0,D,보고서 원문 미확보,6.25,6.0,11.0,8.0,5.5,3.0,8.0,2.0,0.0,0.0,49.75
100090,SK오션플랜트,480367,,,,DART_LIST_013_등록된 종목코드 또는 고유번호가 아닙니다.,NO_REPORT,기타,0,0,0,0,0,0,0,,,0,D,보고서 원문 미확보,6.25,6.0,11.0,8.0,5.5,8.0,10.0,5.0,0.0,0.0,59.75
096770,SK이노베이션,631518,,,,DART_LIST_013_등록된 종목코드 또는 고유번호가 아닙니다.,NO_REPORT,기타,0,0,0,0,0,0,0,,,0,D,보고서 원문 미확보,6.25,6.0,11.0,8.0,5.5,8.0,8.0,5.0,0.0,0.0,57.75
096775,SK이노베이션우,,,,,NO_CORP_CODE,OK,기타,0,0,0,0,0,0,0,,,0,D,DART 고유번호 매칭 실패,6.25,6.0,11.0,8.0,5.5,8.0,8.0,5.0,0.0,0.0,57.75
475150,SK이터닉스,1817081,,,,DART_LIST_100_corp_code가 필드의 부적절한 값입니다.,NO_REPORT,기타,0,0,0,0,0,0,0,,,0,D,보고서 원문 미확보,6.25,6.0,11.0,8.0,5.5,8.0,10.0,5.0,0.0,0.0,59.75
001510,SK증권,131850,,,,DART_LIST_013_등록된 종목코드 또는 고유번호가 아닙니다.,NO_REPORT,기타,0,0,0,0,0,0,0,,,0,D,보고서 원문 미확보,6.25,6.0,11.0,8.0,5.5,8.0,7.0,5.0,0.0,0.0,56.75
001515,SK증권우,,,,,NO_CORP_CODE,OK,기타,0,0,0,0,0,0,0,,,0,D,DART 고유번호 매칭 실패,6.25,6.0,11.0,8.0,5.5,8.0,10.0,5.0,0.0,0.0,59.75
285130,SK케미칼,1267170,,,,DART_LIST_100_corp_code가 필드의 부적절한 값입니다.,NO_REPORT,기타,0,0,0,0,0,0,0,,,0,D,보고서 원문 미확보,6.25,6.0,11.0,8.0,5.5,3.0,8.0,5.0,0.0,0.0,52.75
017670,SK텔레콤,159023,,,,DART_LIST_013_등록된 종목코드 또는 고유번호가 아닙니다.,NO_REPORT,기타,0,0,0,0,0,0,0,,,0,D,보고서 원문 미확보,6.25,6.0,11.0,8.0,5.5,8.0,7.0,5.0,0.0,0.0,56.75
000660,SK하이닉스,164779,,,,DART_LIST_013_등록된 종목코드 또는 고유번호가 아닙니다.,NO_REPORT,반도체/전자부품,0,0,0,0,0,0,0,,,0,D,보고서 원문 미확보,20.0,9.0,11.0,8.0,6.5,8.0,4.0,2.0,0.0,0.0,68.5
003570,SNT다이내믹스,134477,,,,DART_LIST_013_등록된 종목코드 또는 고유번호가 아닙니다.,NO_REPORT,기타,0,0,0,0,0,0,0,,,0,D,보고서 원문 미확보,6.25,6.0,11.0,8.0,5.5,8.0,8.0,5.0,0.0,0.0,57.75
064960,SNT모티브,398792,,,,DART_LIST_013_등록된 종목코드 또는 고유번호가 아닙니다.,NO_REPORT,기타,0,0,0,0,0,0,0,,,0,D,보고서 원문 미확보,6.25,6.0,11.0,8.0,5.5,8.0,8.0,5.0,0.0,0.0,57.75
100840,SNT에너지,648721,,,,DART_LIST_013_등록된 종목코드 또는 고유번호가 아닙니다.,NO_REPORT,기타,0,0,0,0,0,0,0,,,0,D,보고서 원문 미확보,6.25,6.0,11.0,8.0,5.5,8.0,8.0,5.0,0.0,0.0,57.75
036530,SNT홀딩스,225159,,,,DART_LIST_013_등록된 종목코드 또는 고유번호가 아닙니다.,NO_REPORT,기타,0,0,0,0,0,0,0,,,0,D,보고서 원문 미확보,6.25,6.0,11.0,8.0,5.5,8.0,8.0,5.0,0.0,0.0,57.75
000390,SP삼화,129387,,,,DART_LIST_013_등록된 종목코드 또는 고유번호가 아닙니다.,NO_REPORT,기타,0,0,0,0,0,0,0,,,0,D,보고서 원문 미확보,6.25,6.0,11.0,8.0,5.5,8.0,8.0,5.0,0.0,0.0,57.75
011810,STX,138297,,,,DART_LIST_013_등록된 종목코드 또는 고유번호가 아닙니다.,NO_REPORT,기타,0,0,0,0,0,0,0,,,0,D,보고서 원문 미확보,6.25,6.0,11.0,8.0,5.5,3.0,5.0,5.0,0.0,0.0,49.75
465770,STX그린로지스,1784394,,,,DART_LIST_100_corp_code가 필드의 부적절한 값입니다.,NO_REPORT,기타,0,0,0,0,0,0,0,,,0,D,보고서 원문 미확보,6.25,6.0,11.0,8.0,5.5,3.0,8.0,5.0,0.0,0.0,52.75
077970,STX엔진,480455,,,,DART_LIST_013_등록된 종목코드 또는 고유번호가 아닙니다.,NO_REPORT,기타,0,0,0,0,0,0,0,,,0,D,보고서 원문 미확보,6.25,6.0,11.0,8.0,5.5,8.0,8.0,5.0,0.0,0.0,57.75
002820,SUN&L,132211,,,,DART_LIST_013_등록된 종목코드 또는 고유번호가 아닙니다.,NO_REPORT,기타,0,0,0,0,0,0,0,,,0,D,보고서 원문 미확보,6.25,6.0,11.0,8.0,5.5,3.0,8.0,5.0,0.0,0.0,52.75
002170,SYTS,127042,,,,DART_LIST_013_등록된 종목코드 또는 고유번호가 아닙니다.,NO_REPORT,기타,0,0,0,0,0,0,0,,,0,D,보고서 원문 미확보,6.25,6.0,11.0,8.0,5.5,8.0,8.0,5.0,0.0,0.0,57.75
084870,TBH글로벌,409672,,,,DART_LIST_013_등록된 종목코드 또는 고유번호가 아닙니다.,NO_REPORT,기타,0,0,0,0,0,0,0,,,0,D,보고서 원문 미확보,6.25,6.0,11.0,8.0,5.5,3.0,10.0,5.0,0.0,0.0,54.75
002710,TCC스틸,117300,,,,DART_LIST_013_등록된 종목코드 또는 고유번호가 아닙니다.,NO_REPORT,기타,0,0,0,0,0,0,0,,,0,D,보고서 원문 미확보,6.25,6.0,11.0,8.0,5.5,3.0,8.0,2.0,0.0,0.0,49.75
069260,TKG휴켐스,426086,,,,DART_LIST_013_등록된 종목코드 또는 고유번호가 아닙니다.,NO_REPORT,기타,0,0,0,0,0,0,0,,,0,D,보고서 원문 미확보,6.25,6.0,11.0,8.0,5.5,8.0,8.0,2.0,0.0,0.0,54.75
007980,TP,154329,,,,DART_LIST_013_등록된 종목코드 또는 고유번호가 아닙니다.,NO_REPORT,기타,0,0,0,0,0,0,0,,,0,D,보고서 원문 미확보,6.25,6.0,11.0,8.0,5.5,8.0,10.0,5.0,0.0,0.0,59.75
002900,TYM,117230,,,,DART_LIST_013_등록된 종목코드 또는 고유번호가 아닙니다.,NO_REPORT,기타,0,0,0,0,0,0,0,,,0,D,보고서 원문 미확보,6.25,6.0,11.0,8.0,5.5,8.0,8.0,5.0,0.0,0.0,57.75
024070,WISCOM,142865,,,,DART_LIST_013_등록된 종목코드 또는 고유번호가 아닙니다.,NO_REPORT,기타,0,0,0,0,0,0,0,,,0,D,보고서 원문 미확보,6.25,6.0,11.0,8.0,5.5,3.0,8.0,5.0,0.0,0.0,52.75
037270,YG PLUS,249247,,,,DART_LIST_013_등록된 종목코드 또는 고유번호가 아닙니다.,NO_REPORT,기타,0,0,0,0,0,0,0,,,0,D,보고서 원문 미확보,6.25,6.0,11.0,8.0,5.5,8.0,8.0,5.0,0.0,0.0,57.75
139130,iM금융지주,878915,,,,DART_LIST_013_등록된 종목코드 또는 고유번호가 아닙니다.,NO_REPORT,기타,0,0,0,0,0,0,0,,,0,D,보고서 원문 미확보,6.25,6.0,11.0,8.0,5.5,8.0,10.0,5.0,0.0,0.0,59.75
000500,가온전선,104768,,,,DART_LIST_013_등록된 종목코드 또는 고유번호가 아닙니다.,NO_REPORT,전력기기,0,0,0,0,0,0,0,,,0,D,보고서 원문 미확보,20.5,10.5,11.0,8.0,7.0,8.0,7.0,5.0,0.0,0.0,77.0
000860,강남제비스코,100939,,,,DART_LIST_013_등록된 종목코드 또는 고유번호가 아닙니다.,NO_REPORT,기타,0,0,0,0,0,0,0,,,0,D,보고서 원문 미확보,6.25,6.0,11.0,8.0,5.5,8.0,8.0,5.0,0.0,0.0,57.75
035250,강원랜드,255619,,,,DART_LIST_013_등록된 종목코드 또는 고유번호가 아닙니다.,NO_REPORT,기타,0,0,0,0,0,0,0,,,0,D,보고서 원문 미확보,6.25,6.0,11.0,8.0,5.5,8.0,8.0,5.0,0.0,0.0,57.75
011420,갤럭시아에스엠,129554,,,,DART_LIST_013_등록된 종목코드 또는 고유번호가 아닙니다.,NO_REPORT,기타,0,0,0,0,0,0,0,,,0,D,보고서 원문 미확보,6.25,6.0,11.0,8.0,5.5,8.0,8.0,5.0,0.0,0.0,57.75
002100,경농,101433,,,,DART_LIST_013_등록된 종목코드 또는 고유번호가 아닙니다.,NO_REPORT,기타,0,0,0,0,0,0,0,,,0,D,보고서 원문 미확보,6.25,6.0,11.0,8.0,5.5,8.0,8.0,2.0,0.0,0.0,54.75
009450,경동나비엔,101488,,,,DART_LIST_013_등록된 종목코드 또는 고유번호가 아닙니다.,NO_REPORT,기타,0,0,0,0,0,0,0,,,0,D,보고서 원문 미확보,6.25,6.0,11.0,8.0,5.5,8.0,10.0,2.0,0.0,0.0,56.75
267290,경동도시가스,1208885,,,,DART_LIST_100_corp_code가 필드의 부적절한 값입니다.,NO_REPORT,수입원가부담,0,0,0,0,0,0,0,,,0,D,보고서 원문 미확보,5.0,5.25,11.0,8.0,2.0,8.0,8.0,5.0,0.0,0.0,52.25
012320,경동인베스트,143527,,,,DART_LIST_013_등록된 종목코드 또는 고유번호가 아닙니다.,NO_REPORT,기타,0,0,0,0,0,0,0,,,0,D,보고서 원문 미확보,6.25,6.0,11.0,8.0,5.5,8.0,8.0,5.0,0.0,0.0,57.75
000050,경방,101628,,,,DART_LIST_013_등록된 종목코드 또는 고유번호가 아닙니다.,NO_REPORT,기타,0,0,0,0,0,0,0,,,0,D,보고서 원문 미확보,6.25,6.0,11.0,8.0,5.5,8.0,10.0,5.0,0.0,0.0,59.75
214390,경보제약,101664,,,,DART_LIST_013_등록된 종목코드 또는 고유번호가 아닙니다.,NO_REPORT,기타,0,0,0,0,0,0,0,,,0,D,보고서 원문 미확보,6.25,6.0,11.0,8.0,5.5,8.0,8.0,5.0,0.0,0.0,57.75
012610,경인양행,102113,,,,DART_LIST_013_등록된 종목코드 또는 고유번호가 아닙니다.,NO_REPORT,기타,0,0,0,0,0,0,0,,,0,D,보고서 원문 미확보,6.25,6.0,11.0,8.0,5.5,8.0,8.0,5.0,0.0,0.0,57.75
009140,경인전자,102140,,,,DART_LIST_013_등록된 종목코드 또는 고유번호가 아닙니다.,NO_REPORT,기타,0,0,0,0,0,0,0,,,0,D,보고서 원문 미확보,6.25,6.0,11.0,8.0,5.5,8.0,10.0,5.0,0.0,0.0,59.75
013580,계룡건설,102432,,,,DART_LIST_013_등록된 종목코드 또는 고유번호가 아닙니다.,NO_REPORT,기타,0,0,0,0,0,0,0,,,0,D,보고서 원문 미확보,6.25,6.0,11.0,8.0,5.5,8.0,8.0,5.0,0.0,0.0,57.75
012200,계양전기,102618,,,,DART_LIST_013_등록된 종목코드 또는 고유번호가 아닙니다.,NO_REPORT,기타,0,0,0,0,0,0,0,,,0,D,보고서 원문 미확보,6.25,6.0,11.0,8.0,5.5,3.0,8.0,2.0,0.0,0.0,49.75
012205,계양전기우,,,,,NO_CORP_CODE,OK,기타,0,0,0,0,0,0,0,,,0,D,DART 고유번호 매칭 실패,6.25,6.0,11.0,8.0,5.5,8.0,10.0,5.0,0.0,0.0,59.75
002140,고려산업,102751,,,,DART_LIST_013_등록된 종목코드 또는 고유번호가 아닙니다.,NO_REPORT,기타,0,0,0,0,0,0,0,,,0,D,보고서 원문 미확보,6.25,6.0,11.0,8.0,5.5,8.0,8.0,5.0,0.0,0.0,57.75
010130,고려아연,102858,,,,DART_LIST_013_등록된 종목코드 또는 고유번호가 아닙니다.,NO_REPORT,기타,0,0,0,0,0,0,0,,,0,D,보고서 원문 미확보,6.25,6.0,11.0,8.0,5.5,8.0,8.0,5.0,0.0,0.0,57.75
002240,고려제강,103006,,,,DART_LIST_013_등록된 종목코드 또는 고유번호가 아닙니다.,NO_REPORT,기타,0,0,0,0,0,0,0,,,0,D,보고서 원문 미확보,6.25,6.0,11.0,8.0,5.5,8.0,8.0,5.0,0.0,0.0,57.75
009290,광동제약,103592,,,,DART_LIST_013_등록된 종목코드 또는 고유번호가 아닙니다.,NO_REPORT,기타,0,0,0,0,0,0,0,,,0,D,보고서 원문 미확보,6.25,6.0,11.0,8.0,5.5,8.0,8.0,5.0,0.0,0.0,57.75
017040,광명전기,103662,,,,DART_LIST_013_등록된 종목코드 또는 고유번호가 아닙니다.,NO_REPORT,기타,0,0,0,0,0,0,0,,,0,D,보고서 원문 미확보,6.25,6.0,11.0,8.0,5.5,3.0,7.0,5.0,0.0,0.0,51.75
017900,광전자,152729,,,,DART_LIST_013_등록된 종목코드 또는 고유번호가 아닙니다.,NO_REPORT,기타,0,0,0,0,0,0,0,,,0,D,보고서 원문 미확보,6.25,6.0,11.0,8.0,5.5,8.0,10.0,5.0,0.0,0.0,59.75
037710,광주신세계,220561,,,,DART_LIST_013_등록된 종목코드 또는 고유번호가 아닙니다.,NO_REPORT,기타,0,0,0,0,0,0,0,,,0,D,보고서 원문 미확보,6.25,6.0,11.0,8.0,5.5,8.0,10.0,5.0,0.0,0.0,59.75
030610,교보증권,113359,,,,DART_LIST_013_등록된 종목코드 또는 고유번호가 아닙니다.,NO_REPORT,기타,0,0,0,0,0,0,0,,,0,D,보고서 원문 미확보,6.25,6.0,11.0,8.0,5.5,8.0,8.0,5.0,0.0,0.0,57.75
339770,교촌에프앤비,453284,,,,DART_LIST_013_등록된 종목코드 또는 고유번호가 아닙니다.,NO_REPORT,기타,0,0,0,0,0,0,0,,,0,D,보고서 원문 미확보,6.25,6.0,11.0,8.0,5.5,8.0,10.0,5.0,0.0,0.0,59.75
007690,국도화학,104388,,,,DART_LIST_013_등록된 종목코드 또는 고유번호가 아닙니다.,NO_REPORT,수입원가부담,0,0,0,0,0,0,0,,,0,D,보고서 원문 미확보,5.0,5.25,11.0,8.0,2.0,8.0,8.0,5.0,0.0,0.0,52.25
002720,국제약품,104722,,,,DART_LIST_013_등록된 종목코드 또는 고유번호가 아닙니다.,NO_REPORT,기타,0,0,0,0,0,0,0,,,0,D,보고서 원문 미확보,6.25,6.0,11.0,8.0,5.5,8.0,8.0,5.0,0.0,0.0,57.75
083420,그린케미칼,454946,,,,DART_LIST_013_등록된 종목코드 또는 고유번호가 아닙니다.,NO_REPORT,기타,0,0,0,0,0,0,0,,,0,D,보고서 원문 미확보,6.25,6.0,11.0,8.0,5.5,8.0,8.0,5.0,0.0,0.0,57.75
014530,극동유화,105156,,,,DART_LIST_013_등록된 종목코드 또는 고유번호가 아닙니다.,NO_REPORT,기타,0,0,0,0,0,0,0,,,0,D,보고서 원문 미확보,6.25,6.0,11.0,8.0,5.5,8.0,8.0,5.0,0.0,0.0,57.75
014280,금강공업,105299,,,,DART_LIST_013_등록된 종목코드 또는 고유번호가 아닙니다.,NO_REPORT,기타,0,0,0,0,0,0,0,,,0,D,보고서 원문 미확보,6.25,6.0,11.0,8.0,5.5,8.0,8.0,2.0,0.0,0.0,54.75
014285,금강공업우,,,,,NO_CORP_CODE,OK,기타,0,0,0,0,0,0,0,,,0,D,DART 고유번호 매칭 실패,6.25,6.0,11.0,8.0,5.5,8.0,8.0,5.0,0.0,0.0,57.75
008870,금비,168401,,,,DART_LIST_013_등록된 종목코드 또는 고유번호가 아닙니다.,NO_REPORT,기타,0,0,0,0,0,0,0,,,0,D,보고서 원문 미확보,6.25,6.0,11.0,8.0,5.5,8.0,10.0,5.0,0.0,0.0,59.75
001570,금양,106119,,,,DART_LIST_013_등록된 종목코드 또는 고유번호가 아닙니다.,NO_REPORT,기타,0,0,0,0,0,0,0,,,0,D,보고서 원문 미확보,6.25,6.0,11.0,8.0,5.5,3.0,5.0,2.0,0.0,0.0,46.75
002990,금호건설,106313,,,,DART_LIST_013_등록된 종목코드 또는 고유번호가 아닙니다.,NO_REPORT,기타,0,0,0,0,0,0,0,,,0,D,보고서 원문 미확보,6.25,6.0,11.0,8.0,5.5,8.0,8.0,2.0,0.0,0.0,54.75
002995,금호건설우,,,,,NO_CORP_CODE,OK,기타,0,0,0,0,0,0,0,,,0,D,DART 고유번호 매칭 실패,6.25,6.0,11.0,8.0,5.5,8.0,8.0,5.0,0.0,0.0,57.75
011780,금호석유화학,106368,,,,DART_LIST_013_등록된 종목코드 또는 고유번호가 아닙니다.,NO_REPORT,수입원가부담,0,0,0,0,0,0,0,,,0,D,보고서 원문 미확보,5.0,5.25,11.0,8.0,2.0,8.0,8.0,5.0,0.0,0.0,52.25
011785,금호석유화학우,,,,,NO_CORP_CODE,OK,수입원가부담,0,0,0,0,0,0,0,,,0,D,DART 고유번호 매칭 실패,5.0,5.25,11.0,8.0,2.0,8.0,8.0,5.0,0.0,0.0,52.25
214330,금호에이치티,105606,,,,DART_LIST_013_등록된 종목코드 또는 고유번호가 아닙니다.,NO_REPORT,기타,0,0,0,0,0,0,0,,,0,D,보고서 원문 미확보,6.25,6.0,11.0,8.0,5.5,8.0,7.0,5.0,0.0,0.0,56.75
001210,금호전기,106395,,,,DART_LIST_013_등록된 종목코드 또는 고유번호가 아닙니다.,NO_REPORT,기타,0,0,0,0,0,0,0,,,0,D,보고서 원문 미확보,6.25,6.0,11.0,8.0,5.5,8.0,8.0,2.0,0.0,0.0,54.75
073240,금호타이어,481454,,,,DART_LIST_013_등록된 종목코드 또는 고유번호가 아닙니다.,NO_REPORT,자동차/부품,0,0,0,0,0,0,0,,,0,D,보고서 원문 미확보,18.0,8.25,11.0,8.0,6.5,8.0,8.0,2.0,0.0,0.0,69.75
092440,기신정기,106614,,,,DART_LIST_013_등록된 종목코드 또는 고유번호가 아닙니다.,NO_REPORT,기타,0,0,0,0,0,0,0,,,0,D,보고서 원문 미확보,6.25,6.0,11.0,8.0,5.5,8.0,8.0,5.0,0.0,0.0,57.75
000270,기아,106641,,,,DART_LIST_013_등록된 종목코드 또는 고유번호가 아닙니다.,NO_REPORT,자동차/부품,0,0,0,0,0,0,0,,,0,D,보고서 원문 미확보,18.0,8.25,11.0,8.0,6.5,8.0,10.0,5.0,0.0,0.0,74.75
024110,기업은행,149646,,,,DART_LIST_013_등록된 종목코드 또는 고유번호가 아닙니다.,NO_REPORT,기타,0,0,0,0,0,0,0,,,0,D,보고서 원문 미확보,6.25,6.0,11.0,8.0,5.5,8.0,10.0,5.0,0.0,0.0,59.75
013700,까뮤이앤씨,129420,,,,DART_LIST_013_등록된 종목코드 또는 고유번호가 아닙니다.,NO_REPORT,기타,0,0,0,0,0,0,0,,,0,D,보고서 원문 미확보,6.25,6.0,11.0,8.0,5.5,8.0,8.0,5.0,0.0,0.0,57.75
004540,깨끗한나라,113492,,,,DART_LIST_013_등록된 종목코드 또는 고유번호가 아닙니다.,NO_REPORT,기타,0,0,0,0,0,0,0,,,0,D,보고서 원문 미확보,6.25,6.0,11.0,8.0,5.5,3.0,8.0,5.0,0.0,0.0,52.75
004545,깨끗한나라우,,,,,NO_CORP_CODE,OK,기타,0,0,0,0,0,0,0,,,0,D,DART 고유번호 매칭 실패,6.25,6.0,11.0,8.0,5.5,8.0,8.0,5.0,0.0,0.0,57.75
001260,남광토건,1965324,,,,DART_LIST_100_corp_code가 필드의 부적절한 값입니다.,NO_REPORT,기타,0,0,0,0,0,0,0,,,0,D,보고서 원문 미확보,6.25,6.0,11.0,8.0,5.5,8.0,8.0,5.0,0.0,0.0,57.75
008350,남선알미늄,107224,,,,DART_LIST_013_등록된 종목코드 또는 고유번호가 아닙니다.,NO_REPORT,기타,0,0,0,0,0,0,0,,,0,D,보고서 원문 미확보,6.25,6.0,11.0,8.0,5.5,3.0,8.0,5.0,0.0,0.0,52.75
008355,남선알미우,,,,,NO_CORP_CODE,OK,기타,0,0,0,0,0,0,0,,,0,D,DART 고유번호 매칭 실패,6.25,6.0,11.0,8.0,5.5,8.0,8.0,5.0,0.0,0.0,57.75
004270,남성,172185,,,,DART_LIST_013_등록된 종목코드 또는 고유번호가 아닙니다.,NO_REPORT,기타,0,0,0,0,0,0,0,,,0,D,보고서 원문 미확보,6.25,6.0,11.0,8.0,5.5,8.0,2.0,2.0,0.0,0.0,48.75
003920,남양유업,107598,,,,DART_LIST_013_등록된 종목코드 또는 고유번호가 아닙니다.,NO_REPORT,기타,0,0,0,0,0,0,0,,,0,D,보고서 원문 미확보,6.25,6.0,11.0,8.0,5.5,8.0,8.0,5.0,0.0,0.0,57.75
003925,남양유업우,,,,,NO_CORP_CODE,OK,기타,0,0,0,0,0,0,0,,,0,D,DART 고유번호 매칭 실패,6.25,6.0,11.0,8.0,5.5,8.0,10.0,5.0,0.0,0.0,59.75
025860,남해화학,107987,,,,DART_LIST_013_등록된 종목코드 또는 고유번호가 아닙니다.,NO_REPORT,수입원가부담,0,0,0,0,0,0,0,,,0,D,보고서 원문 미확보,5.0,5.25,11.0,8.0,2.0,3.0,8.0,5.0,0.0,0.0,47.25
005720,넥센,167192,,,,DART_LIST_013_등록된 종목코드 또는 고유번호가 아닙니다.,NO_REPORT,기타,0,0,0,0,0,0,0,,,0,D,보고서 원문 미확보,6.25,6.0,11.0,8.0,5.5,8.0,8.0,5.0,0.0,0.0,57.75
005725,넥센우,,,,,NO_CORP_CODE,OK,기타,0,0,0,0,0,0,0,,,0,D,DART 고유번호 매칭 실패,6.25,6.0,11.0,8.0,5.5,8.0,8.0,5.0,0.0,0.0,57.75
002350,넥센타이어,173874,,,,DART_LIST_013_등록된 종목코드 또는 고유번호가 아닙니다.,NO_REPORT,자동차/부품,0,0,0,0,0,0,0,,,0,D,보고서 원문 미확보,18.0,8.25,11.0,8.0,6.5,8.0,10.0,5.0,0.0,0.0,74.75
002355,넥센타이어1우B,,,,,NO_CORP_CODE,OK,자동차/부품,0,0,0,0,0,0,0,,,0,D,DART 고유번호 매칭 실패,18.0,8.25,11.0,8.0,6.5,8.0,10.0,5.0,0.0,0.0,74.75
092790,넥스틸,220613,,,,DART_LIST_013_등록된 종목코드 또는 고유번호가 아닙니다.,NO_REPORT,기타,0,0,0,0,0,0,0,,,0,D,보고서 원문 미확보,6.25,6.0,11.0,8.0,5.5,8.0,10.0,5.0,0.0,0.0,59.75
251270,넷마블,904672,,,,DART_LIST_013_등록된 종목코드 또는 고유번호가 아닙니다.,NO_REPORT,기타,0,0,0,0,0,0,0,,,0,D,보고서 원문 미확보,6.25,6.0,11.0,8.0,5.5,8.0,8.0,2.0,0.0,0.0,54.75
090350,노루페인트,583442,,,,DART_LIST_013_등록된 종목코드 또는 고유번호가 아닙니다.,NO_REPORT,기타,0,0,0,0,0,0,0,,,0,D,보고서 원문 미확보,6.25,6.0,11.0,8.0,5.5,8.0,8.0,5.0,0.0,0.0,57.75
090355,노루페인트우,,,,,NO_CORP_CODE,OK,기타,0,0,0,0,0,0,0,,,0,D,DART 고유번호 매칭 실패,6.25,6.0,11.0,8.0,5.5,8.0,8.0,5.0,0.0,0.0,57.75
000320,노루홀딩스,113508,,,,DART_LIST_013_등록된 종목코드 또는 고유번호가 아닙니다.,NO_REPORT,기타,0,0,0,0,0,0,0,,,0,D,보고서 원문 미확보,6.25,6.0,11.0,8.0,5.5,8.0,8.0,5.0,0.0,0.0,57.75
000325,노루홀딩스우,,,,,NO_CORP_CODE,OK,기타,0,0,0,0,0,0,0,,,0,D,DART 고유번호 매칭 실패,6.25,6.0,11.0,8.0,5.5,8.0,8.0,5.0,0.0,0.0,57.75
006280,녹십자,129679,,,,DART_LIST_013_등록된 종목코드 또는 고유번호가 아닙니다.,NO_REPORT,바이오/제약,0,0,0,0,0,0,0,,,0,D,보고서 원문 미확보,16.25,9.0,11.0,8.0,8.0,8.0,8.0,5.0,0.0,0.0,73.25
005250,녹십자홀딩스,108135,,,,DART_LIST_013_등록된 종목코드 또는 고유번호가 아닙니다.,NO_REPORT,바이오/제약,0,0,0,0,0,0,0,,,0,D,보고서 원문 미확보,16.25,9.0,11.0,8.0,8.0,8.0,8.0,5.0,0.0,0.0,73.25
005257,녹십자홀딩스2우,,,,,NO_CORP_CODE,OK,바이오/제약,0,0,0,0,0,0,0,,,0,D,DART 고유번호 매칭 실패,16.25,9.0,11.0,8.0,8.0,8.0,8.0,5.0,0.0,0.0,73.25
004370,농심,108241,,,,DART_LIST_013_등록된 종목코드 또는 고유번호가 아닙니다.,NO_REPORT,K푸드,0,0,0,0,0,0,0,,,0,D,보고서 원문 미확보,13.75,6.75,11.0,8.0,5.0,8.0,8.0,5.0,0.0,0.0,65.5
072710,농심홀딩스,459871,,,,DART_LIST_013_등록된 종목코드 또는 고유번호가 아닙니다.,NO_REPORT,K푸드,0,0,0,0,0,0,0,,,0,D,보고서 원문 미확보,13.75,6.75,11.0,8.0,5.0,8.0,10.0,5.0,0.0,0.0,67.5
058730,다스코,353878,,,,DART_LIST_013_등록된 종목코드 또는 고유번호가 아닙니다.,NO_REPORT,기타,0,0,0,0,0,0,0,,,0,D,보고서 원문 미확보,6.25,6.0,11.0,8.0,5.5,3.0,10.0,5.0,0.0,0.0,54.75
030210,다올투자증권,156859,,,,DART_LIST_013_등록된 종목코드 또는 고유번호가 아닙니다.,NO_REPORT,기타,0,0,0,0,0,0,0,,,0,D,보고서 원문 미확보,6.25,6.0,11.0,8.0,5.5,8.0,8.0,5.0,0.0,0.0,57.75
023590,다우기술,176914,,,,DART_LIST_013_등록된 종목코드 또는 고유번호가 아닙니다.,NO_REPORT,기타,0,0,0,0,0,0,0,,,0,D,보고서 원문 미확보,6.25,6.0,11.0,8.0,5.5,8.0,8.0,5.0,0.0,0.0,57.75
145210,다이나믹디자인,453488,,,,DART_LIST_013_등록된 종목코드 또는 고유번호가 아닙니다.,NO_REPORT,기타,0,0,0,0,0,0,0,,,0,D,보고서 원문 미확보,6.25,6.0,11.0,8.0,5.5,8.0,7.0,2.0,0.0,0.0,53.75
483650,달바글로벌,1649204,,,,DART_LIST_100_corp_code가 필드의 부적절한 값입니다.,NO_REPORT,기타,0,0,0,0,0,0,0,,,0,D,보고서 원문 미확보,6.25,6.0,11.0,8.0,5.5,8.0,7.0,5.0,0.0,0.0,56.75
019680,대교,108913,,,,DART_LIST_013_등록된 종목코드 또는 고유번호가 아닙니다.,NO_REPORT,기타,0,0,0,0,0,0,0,,,0,D,보고서 원문 미확보,6.25,6.0,11.0,8.0,5.5,3.0,8.0,5.0,0.0,0.0,52.75
019685,대교우B,,,,,NO_CORP_CODE,OK,기타,0,0,0,0,0,0,0,,,0,D,DART 고유번호 매칭 실패,6.25,6.0,11.0,8.0,5.5,8.0,8.0,5.0,0.0,0.0,57.75
006370,대구백화점,108977,,,,DART_LIST_013_등록된 종목코드 또는 고유번호가 아닙니다.,NO_REPORT,기타,0,0,0,0,0,0,0,,,0,D,보고서 원문 미확보,6.25,6.0,11.0,8.0,5.5,3.0,10.0,5.0,0.0,0.0,54.75
008060,대덕,109189,,,,DART_LIST_013_등록된 종목코드 또는 고유번호가 아닙니다.,NO_REPORT,기타,0,0,0,0,0,0,0,,,0,D,보고서 원문 미확보,6.25,6.0,11.0,8.0,5.5,8.0,7.0,5.0,0.0,0.0,56.75
353200,대덕전자,1478712,,,,DART_LIST_100_corp_code가 필드의 부적절한 값입니다.,NO_REPORT,반도체/전자부품,0,0,0,0,0,0,0,,,0,D,보고서 원문 미확보,20.0,9.0,11.0,8.0,6.5,8.0,7.0,5.0,0.0,0.0,74.5
000490,대동,109286,,,,DART_LIST_013_등록된 종목코드 또는 고유번호가 아닙니다.,NO_REPORT,기타,0,0,0,0,0,0,0,,,0,D,보고서 원문 미확보,6.25,6.0,11.0,8.0,5.5,8.0,8.0,5.0,0.0,0.0,57.75
008110,대동전자,157104,,,,DART_LIST_013_등록된 종목코드 또는 고유번호가 아닙니다.,NO_REPORT,기타,0,0,0,0,0,0,0,,,0,D,보고서 원문 미확보,6.25,6.0,11.0,8.0,5.5,8.0,2.0,5.0,0.0,0.0,51.75
005750,대림바스,109754,,,,DART_LIST_013_등록된 종목코드 또는 고유번호가 아닙니다.,NO_REPORT,기타,0,0,0,0,0,0,0,,,0,D,보고서 원문 미확보,6.25,6.0,11.0,8.0,5.5,8.0,8.0,5.0,0.0,0.0,57.75
006570,대림통상,109824,,,,DART_LIST_013_등록된 종목코드 또는 고유번호가 아닙니다.,NO_REPORT,기타,0,0,0,0,0,0,0,,,0,D,보고서 원문 미확보,6.25,6.0,11.0,8.0,5.5,3.0,10.0,5.0,0.0,0.0,54.75
001680,대상,121941,,,,DART_LIST_013_등록된 종목코드 또는 고유번호가 아닙니다.,NO_REPORT,기타,0,0,0,0,0,0,0,,,0,D,보고서 원문 미확보,6.25,6.0,11.0,8.0,5.5,8.0,8.0,5.0,0.0,0.0,57.75
001685,대상우,,,,,NO_CORP_CODE,OK,기타,0,0,0,0,0,0,0,,,0,D,DART 고유번호 매칭 실패,6.25,6.0,11.0,8.0,5.5,8.0,8.0,5.0,0.0,0.0,57.75
084690,대상홀딩스,539274,,,,DART_LIST_013_등록된 종목코드 또는 고유번호가 아닙니다.,NO_REPORT,기타,0,0,0,0,0,0,0,,,0,D,보고서 원문 미확보,6.25,6.0,11.0,8.0,5.5,8.0,8.0,5.0,0.0,0.0,57.75
084695,대상홀딩스우,,,,,NO_CORP_CODE,OK,기타,0,0,0,0,0,0,0,,,0,D,DART 고유번호 매칭 실패,6.25,6.0,11.0,8.0,5.5,8.0,10.0,5.0,0.0,0.0,59.75
128820,대성산업,828789,,,,DART_LIST_013_등록된 종목코드 또는 고유번호가 아닙니다.,NO_REPORT,기타,0,0,0,0,0,0,0,,,0,D,보고서 원문 미확보,6.25,6.0,11.0,8.0,5.5,8.0,8.0,5.0,0.0,0.0,57.75
117580,대성에너지,787376,,,,DART_LIST_013_등록된 종목코드 또는 고유번호가 아닙니다.,NO_REPORT,기타,0,0,0,0,0,0,0,,,0,D,보고서 원문 미확보,6.25,6.0,11.0,8.0,5.5,8.0,8.0,5.0,0.0,0.0,57.75
016710,대성홀딩스,108940,,,,DART_LIST_013_등록된 종목코드 또는 고유번호가 아닙니다.,NO_REPORT,기타,0,0,0,0,0,0,0,,,0,D,보고서 원문 미확보,6.25,6.0,11.0,8.0,5.5,8.0,8.0,5.0,0.0,0.0,57.75
003540,대신증권,110893,,,,DART_LIST_013_등록된 종목코드 또는 고유번호가 아닙니다.,NO_REPORT,기타,0,0,0,0,0,0,0,,,0,D,보고서 원문 미확보,6.25,6.0,11.0,8.0,5.5,8.0,8.0,5.0,0.0,0.0,57.75
003547,대신증권2우B,,,,,NO_CORP_CODE,OK,기타,0,0,0,0,0,0,0,,,0,D,DART 고유번호 매칭 실패,6.25,6.0,11.0,8.0,5.5,8.0,8.0,5.0,0.0,0.0,57.75
003545,대신증권우,,,,,NO_CORP_CODE,OK,기타,0,0,0,0,0,0,0,,,0,D,DART 고유번호 매칭 실패,6.25,6.0,11.0,8.0,5.5,8.0,8.0,5.0,0.0,0.0,57.75
009190,대양금속,111111,,,,DART_LIST_013_등록된 종목코드 또는 고유번호가 아닙니다.,NO_REPORT,기타,0,0,0,0,0,0,0,,,0,D,보고서 원문 미확보,6.25,6.0,11.0,8.0,5.5,8.0,7.0,2.0,0.0,0.0,53.75
014160,대영포장,111458,,,,DART_LIST_013_등록된 종목코드 또는 고유번호가 아닙니다.,NO_REPORT,기타,0,0,0,0,0,0,0,,,0,D,보고서 원문 미확보,6.25,6.0,11.0,8.0,5.5,3.0,8.0,5.0,0.0,0.0,52.75
047040,대우건설,124540,,,,DART_LIST_013_등록된 종목코드 또는 고유번호가 아닙니다.,NO_REPORT,기타,0,0,0,0,0,0,0,,,0,D,보고서 원문 미확보,6.25,6.0,11.0,8.0,5.5,8.0,10.0,5.0,0.0,0.0,59.75
003090,대웅,111810,,,,DART_LIST_013_등록된 종목코드 또는 고유번호가 아닙니다.,NO_REPORT,기타,0,0,0,0,0,0,0,,,0,D,보고서 원문 미확보,6.25,6.0,11.0,8.0,5.5,8.0,8.0,5.0,0.0,0.0,57.75
069620,대웅제약,427483,,,,DART_LIST_013_등록된 종목코드 또는 고유번호가 아닙니다.,NO_REPORT,기타,0,0,0,0,0,0,0,,,0,D,보고서 원문 미확보,6.25,6.0,11.0,8.0,5.5,8.0,8.0,5.0,0.0,0.0,57.75
000430,대원강업,111847,,,,DART_LIST_013_등록된 종목코드 또는 고유번호가 아닙니다.,NO_REPORT,기타,0,0,0,0,0,0,0,,,0,D,보고서 원문 미확보,6.25,6.0,11.0,8.0,5.5,8.0,7.0,5.0,0.0,0.0,56.75
006340,대원전선,260392,,,,DART_LIST_013_등록된 종목코드 또는 고유번호가 아닙니다.,NO_REPORT,전력기기,0,0,0,0,0,0,0,,,0,D,보고서 원문 미확보,20.5,10.5,11.0,8.0,7.0,8.0,10.0,2.0,0.0,0.0,77.0
006345,대원전선우,,,,,NO_CORP_CODE,OK,전력기기,0,0,0,0,0,0,0,,,0,D,DART 고유번호 매칭 실패,20.5,10.5,11.0,8.0,7.0,8.0,10.0,5.0,0.0,0.0,80.0
003220,대원제약,111999,,,,DART_LIST_013_등록된 종목코드 또는 고유번호가 아닙니다.,NO_REPORT,기타,0,0,0,0,0,0,0,,,0,D,보고서 원문 미확보,6.25,6.0,11.0,8.0,5.5,8.0,10.0,5.0,0.0,0.0,59.75
024890,대원화성,112022,,,,DART_LIST_013_등록된 종목코드 또는 고유번호가 아닙니다.,NO_REPORT,기타,0,0,0,0,0,0,0,,,0,D,보고서 원문 미확보,6.25,6.0,11.0,8.0,5.5,8.0,7.0,5.0,0.0,0.0,56.75
012800,대창,112651,,,,DART_LIST_013_등록된 종목코드 또는 고유번호가 아닙니다.,NO_REPORT,기타,0,0,0,0,0,0,0,,,0,D,보고서 원문 미확보,6.25,6.0,11.0,8.0,5.5,8.0,8.0,5.0,0.0,0.0,57.75
015230,대창단조,112679,,,,DART_LIST_013_등록된 종목코드 또는 고유번호가 아닙니다.,NO_REPORT,기타,0,0,0,0,0,0,0,,,0,D,보고서 원문 미확보,6.25,6.0,11.0,8.0,5.5,8.0,10.0,5.0,0.0,0.0,59.75
001070,대한방직,112970,,,,DART_LIST_013_등록된 종목코드 또는 고유번호가 아닙니다.,NO_REPORT,기타,0,0,0,0,0,0,0,,,0,D,보고서 원문 미확보,6.25,6.0,11.0,8.0,5.5,8.0,10.0,5.0,0.0,0.0,59.75
006650,대한유화,260383,,,,DART_LIST_013_등록된 종목코드 또는 고유번호가 아닙니다.,NO_REPORT,기타,0,0,0,0,0,0,0,,,0,D,보고서 원문 미확보,6.25,6.0,11.0,8.0,5.5,8.0,8.0,5.0,0.0,0.0,57.75
001440,대한전선,113207,,,,DART_LIST_013_등록된 종목코드 또는 고유번호가 아닙니다.,NO_REPORT,전력기기,0,0,0,0,0,0,0,,,0,D,보고서 원문 미확보,20.5,10.5,11.0,8.0,7.0,8.0,10.0,5.0,0.0,0.0,80.0
084010,대한제강,113225,,,,DART_LIST_013_등록된 종목코드 또는 고유번호가 아닙니다.,NO_REPORT,기타,0,0,0,0,0,0,0,,,0,D,보고서 원문 미확보,6.25,6.0,11.0,8.0,5.5,8.0,8.0,5.0,0.0,0.0,57.75
001790,대한제당,113234,,,,DART_LIST_013_등록된 종목코드 또는 고유번호가 아닙니다.,NO_REPORT,기타,0,0,0,0,0,0,0,,,0,D,보고서 원문 미확보,6.25,6.0,11.0,8.0,5.5,8.0,8.0,5.0,0.0,0.0,57.75
001795,대한제당우,,,,,NO_CORP_CODE,OK,기타,0,0,0,0,0,0,0,,,0,D,DART 고유번호 매칭 실패,6.25,6.0,11.0,8.0,5.5,8.0,8.0,5.0,0.0,0.0,57.75
001130,대한제분,113243,,,,DART_LIST_013_등록된 종목코드 또는 고유번호가 아닙니다.,NO_REPORT,기타,0,0,0,0,0,0,0,,,0,D,보고서 원문 미확보,6.25,6.0,11.0,8.0,5.5,8.0,8.0,5.0,0.0,0.0,57.75
439260,대한조선,182696,,,,DART_LIST_013_등록된 종목코드 또는 고유번호가 아닙니다.,NO_REPORT,조선,0,0,0,0,0,0,0,,,0,D,보고서 원문 미확보,22.5,11.25,11.0,8.0,6.5,8.0,8.0,5.0,0.0,0.0,80.25
003490,대한항공,113526,,,,DART_LIST_013_등록된 종목코드 또는 고유번호가 아닙니다.,NO_REPORT,수입원가부담,0,0,0,0,0,0,0,,,0,D,보고서 원문 미확보,5.0,5.25,11.0,8.0,2.0,8.0,7.0,5.0,0.0,0.0,51.25
003495,대한항공우,,,,,NO_CORP_CODE,OK,수입원가부담,0,0,0,0,0,0,0,,,0,D,DART 고유번호 매칭 실패,5.0,5.25,11.0,8.0,2.0,8.0,8.0,5.0,0.0,0.0,52.25
005880,대한해운,113535,,,,DART_LIST_013_등록된 종목코드 또는 고유번호가 아닙니다.,NO_REPORT,기타,0,0,0,0,0,0,0,,,0,D,보고서 원문 미확보,6.25,6.0,11.0,8.0,5.5,8.0,8.0,5.0,0.0,0.0,57.75
003830,대한화섬,113544,,,,DART_LIST_013_등록된 종목코드 또는 고유번호가 아닙니다.,NO_REPORT,기타,0,0,0,0,0,0,0,,,0,D,보고서 원문 미확보,6.25,6.0,11.0,8.0,5.5,3.0,10.0,5.0,0.0,0.0,54.75
016090,대현,113614,,,,DART_LIST_013_등록된 종목코드 또는 고유번호가 아닙니다.,NO_REPORT,기타,0,0,0,0,0,0,0,,,0,D,보고서 원문 미확보,6.25,6.0,11.0,8.0,5.5,8.0,8.0,5.0,0.0,0.0,57.75
069460,대호에이엘,428729,,,,DART_LIST_013_등록된 종목코드 또는 고유번호가 아닙니다.,NO_REPORT,기타,0,0,0,0,0,0,0,,,0,D,보고서 원문 미확보,6.25,6.0,11.0,8.0,5.5,8.0,2.0,2.0,0.0,0.0,48.75
475560,더본코리아,968607,,,,DART_LIST_013_등록된 종목코드 또는 고유번호가 아닙니다.,NO_REPORT,기타,0,0,0,0,0,0,0,,,0,D,보고서 원문 미확보,6.25,6.0,11.0,8.0,5.5,3.0,8.0,5.0,0.0,0.0,52.75
192080,더블유게임즈,1010110,,,,DART_LIST_100_corp_code가 필드의 부적절한 값입니다.,NO_REPORT,기타,0,0,0,0,0,0,0,,,0,D,보고서 원문 미확보,6.25,6.0,11.0,8.0,5.5,8.0,2.0,5.0,0.0,0.0,51.75
012510,더존비즈온,172291,,,,DART_LIST_013_등록된 종목코드 또는 고유번호가 아닙니다.,NO_REPORT,기타,0,0,0,0,0,0,0,,,0,D,보고서 원문 미확보,6.25,6.0,11.0,8.0,5.5,8.0,8.0,5.0,0.0,0.0,57.75
004830,덕성,114093,,,,DART_LIST_013_등록된 종목코드 또는 고유번호가 아닙니다.,NO_REPORT,기타,0,0,0,0,0,0,0,,,0,D,보고서 원문 미확보,6.25,6.0,11.0,8.0,5.5,8.0,8.0,5.0,0.0,0.0,57.75
004835,덕성우,,,,,NO_CORP_CODE,OK,기타,0,0,0,0,0,0,0,,,0,D,DART 고유번호 매칭 실패,6.25,6.0,11.0,8.0,5.5,8.0,8.0,5.0,0.0,0.0,57.75
145720,덴티움,526599,,,,DART_LIST_013_등록된 종목코드 또는 고유번호가 아닙니다.,NO_REPORT,기타,0,0,0,0,0,0,0,,,0,D,보고서 원문 미확보,6.25,6.0,11.0,8.0,5.5,8.0,8.0,5.0,0.0,0.0,57.75
002150,도화엔지니어링,114552,,,,DART_LIST_013_등록된 종목코드 또는 고유번호가 아닙니다.,NO_REPORT,기타,0,0,0,0,0,0,0,,,0,D,보고서 원문 미확보,6.25,6.0,11.0,8.0,5.5,3.0,8.0,5.0,0.0,0.0,52.75
460850,동국씨엠,1765256,,,,DART_LIST_100_corp_code가 필드의 부적절한 값입니다.,NO_REPORT,기타,0,0,0,0,0,0,0,,,0,D,보고서 원문 미확보,6.25,6.0,11.0,8.0,5.5,8.0,8.0,5.0,0.0,0.0,57.75
460860,동국제강,1765265,,,,DART_LIST_100_corp_code가 필드의 부적절한 값입니다.,NO_REPORT,기타,0,0,0,0,0,0,0,,,0,D,보고서 원문 미확보,6.25,6.0,11.0,8.0,5.5,8.0,8.0,5.0,0.0,0.0,57.75
001230,동국홀딩스,114792,,,,DART_LIST_013_등록된 종목코드 또는 고유번호가 아닙니다.,NO_REPORT,기타,0,0,0,0,0,0,0,,,0,D,보고서 원문 미확보,6.25,6.0,11.0,8.0,5.5,8.0,10.0,5.0,0.0,0.0,59.75
023450,동남합성,115065,,,,DART_LIST_013_등록된 종목코드 또는 고유번호가 아닙니다.,NO_REPORT,기타,0,0,0,0,0,0,0,,,0,D,보고서 원문 미확보,6.25,6.0,11.0,8.0,5.5,8.0,7.0,5.0,0.0,0.0,56.75
004140,동방,115287,,,,DART_LIST_013_등록된 종목코드 또는 고유번호가 아닙니다.,NO_REPORT,기타,0,0,0,0,0,0,0,,,0,D,보고서 원문 미확보,6.25,6.0,11.0,8.0,5.5,8.0,8.0,5.0,0.0,0.0,57.75
007590,동방아그로,115384,,,,DART_LIST_013_등록된 종목코드 또는 고유번호가 아닙니다.,NO_REPORT,기타,0,0,0,0,0,0,0,,,0,D,보고서 원문 미확보,6.25,6.0,11.0,8.0,5.5,8.0,8.0,5.0,0.0,0.0,57.75
005960,동부건설,115612,,,,DART_LIST_013_등록된 종목코드 또는 고유번호가 아닙니다.,NO_REPORT,기타,0,0,0,0,0,0,0,,,0,D,보고서 원문 미확보,6.25,6.0,11.0,8.0,5.5,8.0,8.0,2.0,0.0,0.0,54.75
005965,동부건설우,,,,,NO_CORP_CODE,OK,기타,0,0,0,0,0,0,0,,,0,D,DART 고유번호 매칭 실패,6.25,6.0,11.0,8.0,5.5,8.0,8.0,5.0,0.0,0.0,57.75
026960,동서,144395,,,,DART_LIST_013_등록된 종목코드 또는 고유번호가 아닙니다.,NO_REPORT,기타,0,0,0,0,0,0,0,,,0,D,보고서 원문 미확보,6.25,6.0,11.0,8.0,5.5,8.0,10.0,5.0,0.0,0.0,59.75
002210,동성제약,116268,,,,DART_LIST_013_등록된 종목코드 또는 고유번호가 아닙니다.,NO_REPORT,기타,0,0,0,0,0,0,0,,,0,D,보고서 원문 미확보,6.25,6.0,11.0,8.0,5.5,8.0,5.0,2.0,0.0,0.0,51.75
102260,동성케미컬,679314,,,,DART_LIST_013_등록된 종목코드 또는 고유번호가 아닙니다.,NO_REPORT,기타,0,0,0,0,0,0,0,,,0,D,보고서 원문 미확보,6.25,6.0,11.0,8.0,5.5,8.0,8.0,5.0,0.0,0.0,57.75
000640,동아쏘시오홀딩스,116824,,,,DART_LIST_013_등록된 종목코드 또는 고유번호가 아닙니다.,NO_REPORT,기타,0,0,0,0,0,0,0,,,0,D,보고서 원문 미확보,6.25,6.0,11.0,8.0,5.5,8.0,8.0,5.0,0.0,0.0,57.75
170900,동아에스티,956930,,,,DART_LIST_013_등록된 종목코드 또는 고유번호가 아닙니다.,NO_REPORT,기타,0,0,0,0,0,0,0,,,0,D,보고서 원문 미확보,6.25,6.0,11.0,8.0,5.5,8.0,8.0,5.0,0.0,0.0,57.75
028100,동아지질,178754,,,,DART_LIST_013_등록된 종목코드 또는 고유번호가 아닙니다.,NO_REPORT,기타,0,0,0,0,0,0,0,,,0,D,보고서 원문 미확보,6.25,6.0,11.0,8.0,5.5,8.0,10.0,5.0,0.0,0.0,59.75
001520,동양,117337,,,,DART_LIST_013_등록된 종목코드 또는 고유번호가 아닙니다.,NO_REPORT,기타,0,0,0,0,0,0,0,,,0,D,보고서 원문 미확보,6.25,6.0,11.0,8.0,5.5,3.0,8.0,2.0,0.0,0.0,49.75
001527,동양2우B,,,,,NO_CORP_CODE,OK,기타,0,0,0,0,0,0,0,,,0,D,DART 고유번호 매칭 실패,6.25,6.0,11.0,8.0,5.5,8.0,10.0,5.0,0.0,0.0,59.75
084670,동양고속,540641,,,,DART_LIST_013_등록된 종목코드 또는 고유번호가 아닙니다.,NO_REPORT,기타,0,0,0,0,0,0,0,,,0,D,보고서 원문 미확보,6.25,6.0,11.0,8.0,5.5,8.0,8.0,5.0,0.0,0.0,57.75
082640,동양생명,117267,,,,DART_LIST_013_등록된 종목코드 또는 고유번호가 아닙니다.,NO_REPORT,기타,0,0,0,0,0,0,0,,,0,D,보고서 원문 미확보,6.25,6.0,11.0,8.0,5.5,8.0,10.0,5.0,0.0,0.0,59.75
001525,동양우,,,,,NO_CORP_CODE,OK,기타,0,0,0,0,0,0,0,,,0,D,DART 고유번호 매칭 실패,6.25,6.0,11.0,8.0,5.5,8.0,7.0,5.0,0.0,0.0,56.75
018500,동원금속,118008,,,,DART_LIST_013_등록된 종목코드 또는 고유번호가 아닙니다.,NO_REPORT,기타,0,0,0,0,0,0,0,,,0,D,보고서 원문 미확보,6.25,6.0,11.0,8.0,5.5,8.0,8.0,5.0,0.0,0.0,57.75
006040,동원산업,118026,,,,DART_LIST_013_등록된 종목코드 또는 고유번호가 아닙니다.,NO_REPORT,기타,0,0,0,0,0,0,0,,,0,D,보고서 원문 미확보,6.25,6.0,11.0,8.0,5.5,8.0,8.0,5.0,0.0,0.0,57.75
030720,동원수산,118044,,,,DART_LIST_013_등록된 종목코드 또는 고유번호가 아닙니다.,NO_REPORT,기타,0,0,0,0,0,0,0,,,0,D,보고서 원문 미확보,6.25,6.0,11.0,8.0,5.5,8.0,10.0,5.0,0.0,0.0,59.75
014820,동원시스템즈,132637,,,,DART_LIST_013_등록된 종목코드 또는 고유번호가 아닙니다.,NO_REPORT,기타,0,0,0,0,0,0,0,,,0,D,보고서 원문 미확보,6.25,6.0,11.0,8.0,5.5,8.0,8.0,5.0,0.0,0.0,57.75
014825,동원시스템즈우,,,,,NO_CORP_CODE,OK,기타,0,0,0,0,0,0,0,,,0,D,DART 고유번호 매칭 실패,6.25,6.0,11.0,8.0,5.5,8.0,8.0,5.0,0.0,0.0,57.75
111380,동인기연,367710,,,,DART_LIST_013_등록된 종목코드 또는 고유번호가 아닙니다.,NO_REPORT,기타,0,0,0,0,0,0,0,,,0,D,보고서 원문 미확보,6.25,6.0,11.0,8.0,5.5,8.0,10.0,5.0,0.0,0.0,59.75
163560,동일고무벨트,939687,,,,DART_LIST_013_등록된 종목코드 또는 고유번호가 아닙니다.,NO_REPORT,기타,0,0,0,0,0,0,0,,,0,D,보고서 원문 미확보,6.25,6.0,11.0,8.0,5.5,8.0,8.0,5.0,0.0,0.0,57.75
004890,동일산업,172936,,,,DART_LIST_013_등록된 종목코드 또는 고유번호가 아닙니다.,NO_REPORT,기타,0,0,0,0,0,0,0,,,0,D,보고서 원문 미확보,6.25,6.0,11.0,8.0,5.5,8.0,10.0,5.0,0.0,0.0,59.75
002690,동일제강,118451,,,,DART_LIST_013_등록된 종목코드 또는 고유번호가 아닙니다.,NO_REPORT,기타,0,0,0,0,0,0,0,,,0,D,보고서 원문 미확보,6.25,6.0,11.0,8.0,5.5,8.0,8.0,5.0,0.0,0.0,57.75
000020,동화약품,119195,,,,DART_LIST_013_등록된 종목코드 또는 고유번호가 아닙니다.,NO_REPORT,기타,0,0,0,0,0,0,0,,,0,D,보고서 원문 미확보,6.25,6.0,11.0,8.0,5.5,8.0,8.0,5.0,0.0,0.0,57.75
000150,두산,677486,,,,DART_LIST_013_등록된 종목코드 또는 고유번호가 아닙니다.,NO_REPORT,기타,0,0,0,0,0,0,0,,,0,D,보고서 원문 미확보,6.25,6.0,11.0,8.0,5.5,8.0,10.0,5.0,0.0,0.0,59.75
000157,두산2우B,,,,,NO_CORP_CODE,OK,기타,0,0,0,0,0,0,0,,,0,D,DART 고유번호 매칭 실패,6.25,6.0,11.0,8.0,5.5,8.0,10.0,5.0,0.0,0.0,59.75
454910,두산로보틱스,1105153,,,,DART_LIST_100_corp_code가 필드의 부적절한 값입니다.,NO_REPORT,기타,0,0,0,0,0,0,0,,,0,D,보고서 원문 미확보,6.25,6.0,11.0,8.0,5.5,3.0,10.0,2.0,0.0,0.0,51.75
241560,두산밥캣,1032486,,,,DART_LIST_100_corp_code가 필드의 부적절한 값입니다.,NO_REPORT,기타,0,0,0,0,0,0,0,,,0,D,보고서 원문 미확보,6.25,6.0,11.0,8.0,5.5,8.0,10.0,5.0,0.0,0.0,59.75
034020,두산에너빌리티,159616,,,,DART_LIST_013_등록된 종목코드 또는 고유번호가 아닙니다.,NO_REPORT,기타,0,0,0,0,0,0,0,,,0,D,보고서 원문 미확보,6.25,6.0,11.0,8.0,5.5,8.0,8.0,5.0,0.0,0.0,57.75
000155,두산우,,,,,NO_CORP_CODE,OK,기타,0,0,0,0,0,0,0,,,0,D,DART 고유번호 매칭 실패,6.25,6.0,11.0,8.0,5.5,8.0,10.0,5.0,0.0,0.0,59.75
336260,두산퓨얼셀,1412725,,,,DART_LIST_100_corp_code가 필드의 부적절한 값입니다.,NO_REPORT,기타,0,0,0,0,0,0,0,,,0,D,보고서 원문 미확보,6.25,6.0,11.0,8.0,5.5,3.0,7.0,5.0,0.0,0.0,51.75
016740,두올,119672,,,,DART_LIST_013_등록된 종목코드 또는 고유번호가 아닙니다.,NO_REPORT,기타,0,0,0,0,0,0,0,,,0,D,보고서 원문 미확보,6.25,6.0,11.0,8.0,5.5,8.0,8.0,5.0,0.0,0.0,57.75
192650,드림텍,415646,,,,DART_LIST_013_등록된 종목코드 또는 고유번호가 아닙니다.,NO_REPORT,기타,0,0,0,0,0,0,0,,,0,D,보고서 원문 미확보,6.25,6.0,11.0,8.0,5.5,8.0,8.0,5.0,0.0,0.0,57.75
024090,디씨엠,177199,,,,DART_LIST_013_등록된 종목코드 또는 고유번호가 아닙니다.,NO_REPORT,기타,0,0,0,0,0,0,0,,,0,D,보고서 원문 미확보,6.25,6.0,11.0,8.0,5.5,8.0,10.0,5.0,0.0,0.0,59.75
003160,디아이,118275,,,,DART_LIST_013_등록된 종목코드 또는 고유번호가 아닙니다.,NO_REPORT,기타,0,0,0,0,0,0,0,,,0,D,보고서 원문 미확보,6.25,6.0,11.0,8.0,5.5,8.0,10.0,5.0,0.0,0.0,59.75
092200,디아이씨,112165,,,,DART_LIST_013_등록된 종목코드 또는 고유번호가 아닙니다.,NO_REPORT,기타,0,0,0,0,0,0,0,,,0,D,보고서 원문 미확보,6.25,6.0,11.0,8.0,5.5,8.0,7.0,5.0,0.0,0.0,56.75
377190,디앤디플랫폼리츠,1475609,,,,DART_LIST_100_corp_code가 필드의 부적절한 값입니다.,NO_REPORT,기타,0,0,0,0,0,0,0,,,0,D,보고서 원문 미확보,6.25,6.0,11.0,8.0,5.5,8.0,10.0,5.0,0.0,0.0,59.75
013570,디와이,117179,,,,DART_LIST_013_등록된 종목코드 또는 고유번호가 아닙니다.,NO_REPORT,기타,0,0,0,0,0,0,0,,,0,D,보고서 원문 미확보,6.25,6.0,11.0,8.0,5.5,8.0,8.0,5.0,0.0,0.0,57.75
024900,디와이덕양,114154,,,,DART_LIST_013_등록된 종목코드 또는 고유번호가 아닙니다.,NO_REPORT,기타,0,0,0,0,0,0,0,,,0,D,보고서 원문 미확보,6.25,6.0,11.0,8.0,5.5,8.0,10.0,2.0,0.0,0.0,56.75
002880,디와이에이,149804,,,,DART_LIST_013_등록된 종목코드 또는 고유번호가 아닙니다.,NO_REPORT,기타,0,0,0,0,0,0,0,,,0,D,보고서 원문 미확보,6.25,6.0,11.0,8.0,5.5,8.0,8.0,5.0,0.0,0.0,57.75
210540,디와이파워,1059605,,,,DART_LIST_100_corp_code가 필드의 부적절한 값입니다.,NO_REPORT,기타,0,0,0,0,0,0,0,,,0,D,보고서 원문 미확보,6.25,6.0,11.0,8.0,5.5,8.0,8.0,5.0,0.0,0.0,57.75
032350,롯데관광개발,231372,,,,DART_LIST_013_등록된 종목코드 또는 고유번호가 아닙니다.,NO_REPORT,기타,0,0,0,0,0,0,0,,,0,D,보고서 원문 미확보,6.25,6.0,11.0,8.0,5.5,8.0,10.0,5.0,0.0,0.0,59.75
089860,롯데렌탈,545716,,,,DART_LIST_013_등록된 종목코드 또는 고유번호가 아닙니다.,NO_REPORT,기타,0,0,0,0,0,0,0,,,0,D,보고서 원문 미확보,6.25,6.0,11.0,8.0,5.5,8.0,10.0,2.0,0.0,0.0,56.75
330590,롯데리츠,1363818,,,,DART_LIST_100_corp_code가 필드의 부적절한 값입니다.,NO_REPORT,기타,0,0,0,0,0,0,0,,,0,D,보고서 원문 미확보,6.25,6.0,11.0,8.0,5.5,8.0,10.0,5.0,0.0,0.0,59.75
000400,롯데손해보험,113562,,,,DART_LIST_013_등록된 종목코드 또는 고유번호가 아닙니다.,NO_REPORT,기타,0,0,0,0,0,0,0,,,0,D,보고서 원문 미확보,6.25,6.0,11.0,8.0,5.5,3.0,8.0,5.0,0.0,0.0,52.75
023530,롯데쇼핑,120526,,,,DART_LIST_013_등록된 종목코드 또는 고유번호가 아닙니다.,NO_REPORT,기타,0,0,0,0,0,0,0,,,0,D,보고서 원문 미확보,6.25,6.0,11.0,8.0,5.5,8.0,2.0,5.0,0.0,0.0,51.75
020150,롯데에너지머티리얼즈,113997,,,,DART_LIST_013_등록된 종목코드 또는 고유번호가 아닙니다.,NO_REPORT,기타,0,0,0,0,0,0,0,,,0,D,보고서 원문 미확보,6.25,6.0,11.0,8.0,5.5,3.0,10.0,5.0,0.0,0.0,54.75
280360,롯데웰푸드,1258507,,,,DART_LIST_100_corp_code가 필드의 부적절한 값입니다.,NO_REPORT,기타,0,0,0,0,0,0,0,,,0,D,보고서 원문 미확보,6.25,6.0,11.0,8.0,5.5,8.0,8.0,5.0,0.0,0.0,57.75
286940,롯데이노베이트,1262032,,,,DART_LIST_100_corp_code가 필드의 부적절한 값입니다.,NO_REPORT,기타,0,0,0,0,0,0,0,,,0,D,보고서 원문 미확보,6.25,6.0,11.0,8.0,5.5,8.0,8.0,5.0,0.0,0.0,57.75
004000,롯데정밀화학,157681,,,,DART_LIST_013_등록된 종목코드 또는 고유번호가 아닙니다.,NO_REPORT,수입원가부담,0,0,0,0,0,0,0,,,0,D,보고서 원문 미확보,5.0,5.25,11.0,8.0,2.0,8.0,8.0,5.0,0.0,0.0,52.25
004990,롯데지주,120562,,,,DART_LIST_013_등록된 종목코드 또는 고유번호가 아닙니다.,NO_REPORT,기타,0,0,0,0,0,0,0,,,0,D,보고서 원문 미확보,6.25,6.0,11.0,8.0,5.5,8.0,10.0,5.0,0.0,0.0,59.75
005300,롯데칠성,120571,,,,DART_LIST_013_등록된 종목코드 또는 고유번호가 아닙니다.,NO_REPORT,기타,0,0,0,0,0,0,0,,,0,D,보고서 원문 미확보,6.25,6.0,11.0,8.0,5.5,8.0,8.0,5.0,0.0,0.0,57.75
005305,롯데칠성우,,,,,NO_CORP_CODE,OK,기타,0,0,0,0,0,0,0,,,0,D,DART 고유번호 매칭 실패,6.25,6.0,11.0,8.0,5.5,8.0,8.0,5.0,0.0,0.0,57.75
011170,롯데케미칼,165413,,,,DART_LIST_013_등록된 종목코드 또는 고유번호가 아닙니다.,NO_REPORT,기타,0,0,0,0,0,0,0,,,0,D,보고서 원문 미확보,6.25,6.0,11.0,8.0,5.5,8.0,8.0,5.0,0.0,0.0,57.75
071840,롯데하이마트,158307,,,,DART_LIST_013_등록된 종목코드 또는 고유번호가 아닙니다.,NO_REPORT,기타,0,0,0,0,0,0,0,,,0,D,보고서 원문 미확보,6.25,6.0,11.0,8.0,5.5,3.0,8.0,5.0,0.0,0.0,52.75
027740,마니커,204208,,,,DART_LIST_013_등록된 종목코드 또는 고유번호가 아닙니다.,NO_REPORT,기타,0,0,0,0,0,0,0,,,0,D,보고서 원문 미확보,6.25,6.0,11.0,8.0,5.5,3.0,7.0,5.0,0.0,0.0,51.75
357430,마스턴프리미어리츠,1442966,,,,DART_LIST_100_corp_code가 필드의 부적절한 값입니다.,NO_REPORT,기타,0,0,0,0,0,0,0,,,0,D,보고서 원문 미확보,6.25,6.0,11.0,8.0,5.5,8.0,8.0,5.0,0.0,0.0,57.75
001080,만호제강,120872,,,,DART_LIST_013_등록된 종목코드 또는 고유번호가 아닙니다.,NO_REPORT,기타,0,0,0,0,0,0,0,,,0,D,보고서 원문 미확보,6.25,6.0,11.0,8.0,5.5,3.0,8.0,2.0,0.0,0.0,49.75
088980,맥쿼리인프라,435297,,,,DART_LIST_013_등록된 종목코드 또는 고유번호가 아닙니다.,NO_REPORT,기타,0,0,0,0,0,0,0,,,0,D,보고서 원문 미확보,6.25,6.0,11.0,8.0,5.5,8.0,10.0,5.0,0.0,0.0,59.75
094800,맵스리얼티,600013,,,,DART_LIST_013_등록된 종목코드 또는 고유번호가 아닙니다.,NO_REPORT,기타,0,0,0,0,0,0,0,,,0,D,보고서 원문 미확보,6.25,6.0,11.0,8.0,5.5,8.0,8.0,5.0,0.0,0.0,57.75
138040,메리츠금융지주,860332,,,,DART_LIST_013_등록된 종목코드 또는 고유번호가 아닙니다.,NO_REPORT,기타,0,0,0,0,0,0,0,,,0,D,보고서 원문 미확보,6.25,6.0,11.0,8.0,5.5,8.0,10.0,5.0,0.0,0.0,59.75
090370,메타랩스,442835,,,,DART_LIST_013_등록된 종목코드 또는 고유번호가 아닙니다.,NO_REPORT,기타,0,0,0,0,0,0,0,,,0,D,보고서 원문 미확보,6.25,6.0,11.0,8.0,5.5,8.0,8.0,2.0,0.0,0.0,54.75
118000,메타케어,791209,,,,DART_LIST_013_등록된 종목코드 또는 고유번호가 아닙니다.,NO_REPORT,기타,0,0,0,0,0,0,0,,,0,D,보고서 원문 미확보,6.25,6.0,11.0,8.0,5.5,8.0,4.0,2.0,0.0,0.0,50.75
017180,명문제약,121039,,,,DART_LIST_013_등록된 종목코드 또는 고유번호가 아닙니다.,NO_REPORT,기타,0,0,0,0,0,0,0,,,0,D,보고서 원문 미확보,6.25,6.0,11.0,8.0,5.5,8.0,8.0,5.0,0.0,0.0,57.75
009900,명신산업,173078,,,,DART_LIST_013_등록된 종목코드 또는 고유번호가 아닙니다.,NO_REPORT,기타,0,0,0,0,0,0,0,,,0,D,보고서 원문 미확보,6.25,6.0,11.0,8.0,5.5,8.0,8.0,5.0,0.0,0.0,57.75
317450,명인제약,179489,,,,DART_LIST_013_등록된 종목코드 또는 고유번호가 아닙니다.,NO_REPORT,기타,0,0,0,0,0,0,0,,,0,D,보고서 원문 미확보,6.25,6.0,11.0,8.0,5.5,8.0,8.0,5.0,0.0,0.0,57.75
012690,모나리자,173102,,,,DART_LIST_013_등록된 종목코드 또는 고유번호가 아닙니다.,NO_REPORT,기타,0,0,0,0,0,0,0,,,0,D,보고서 원문 미확보,6.25,6.0,11.0,8.0,5.5,8.0,8.0,5.0,0.0,0.0,57.75
005360,모나미,121288,,,,DART_LIST_013_등록된 종목코드 또는 고유번호가 아닙니다.,NO_REPORT,기타,0,0,0,0,0,0,0,,,0,D,보고서 원문 미확보,6.25,6.0,11.0,8.0,5.5,3.0,8.0,5.0,0.0,0.0,52.75
070960,모나용평,365989,,,,DART_LIST_013_등록된 종목코드 또는 고유번호가 아닙니다.,NO_REPORT,기타,0,0,0,0,0,0,0,,,0,D,보고서 원문 미확보,6.25,6.0,11.0,8.0,5.5,8.0,10.0,5.0,0.0,0.0,59.75
009680,모토닉,151128,,,,DART_LIST_013_등록된 종목코드 또는 고유번호가 아닙니다.,NO_REPORT,기타,0,0,0,0,0,0,0,,,0,D,보고서 원문 미확보,6.25,6.0,11.0,8.0,5.5,8.0,10.0,5.0,0.0,0.0,59.75
009580,무림P&P,119007,,,,DART_LIST_013_등록된 종목코드 또는 고유번호가 아닙니다.,NO_REPORT,기타,0,0,0,0,0,0,0,,,0,D,보고서 원문 미확보,6.25,6.0,11.0,8.0,5.5,3.0,8.0,5.0,0.0,0.0,52.75
009200,무림페이퍼,136086,,,,DART_LIST_013_등록된 종목코드 또는 고유번호가 아닙니다.,NO_REPORT,기타,0,0,0,0,0,0,0,,,0,D,보고서 원문 미확보,6.25,6.0,11.0,8.0,5.5,8.0,8.0,5.0,0.0,0.0,57.75
033920,무학,121543,,,,DART_LIST_013_등록된 종목코드 또는 고유번호가 아닙니다.,NO_REPORT,기타,0,0,0,0,0,0,0,,,0,D,보고서 원문 미확보,6.25,6.0,11.0,8.0,5.5,8.0,10.0,5.0,0.0,0.0,59.75
008420,문배철강,121570,,,,DART_LIST_013_등록된 종목코드 또는 고유번호가 아닙니다.,NO_REPORT,기타,0,0,0,0,0,0,0,,,0,D,보고서 원문 미확보,6.25,6.0,11.0,8.0,5.5,8.0,10.0,5.0,0.0,0.0,59.75
025560,미래산업,197759,,,,DART_LIST_013_등록된 종목코드 또는 고유번호가 아닙니다.,NO_REPORT,기타,0,0,0,0,0,0,0,,,0,D,보고서 원문 미확보,6.25,6.0,11.0,8.0,5.5,8.0,4.0,2.0,0.0,0.0,50.75
007120,미래아이앤지,104786,,,,DART_LIST_013_등록된 종목코드 또는 고유번호가 아닙니다.,NO_REPORT,기타,0,0,0,0,0,0,0,,,0,D,보고서 원문 미확보,6.25,6.0,11.0,8.0,5.5,8.0,8.0,5.0,0.0,0.0,57.75
396690,미래에셋글로벌리츠,1576102,,,,DART_LIST_100_corp_code가 필드의 부적절한 값입니다.,NO_REPORT,기타,0,0,0,0,0,0,0,,,0,D,보고서 원문 미확보,6.25,6.0,11.0,8.0,5.5,3.0,8.0,5.0,0.0,0.0,52.75
357250,미래에셋맵스리츠,1437292,,,,DART_LIST_100_corp_code가 필드의 부적절한 값입니다.,NO_REPORT,기타,0,0,0,0,0,0,0,,,0,D,보고서 원문 미확보,6.25,6.0,11.0,8.0,5.5,8.0,8.0,5.0,0.0,0.0,57.75
085620,미래에셋생명,112332,,,,DART_LIST_013_등록된 종목코드 또는 고유번호가 아닙니다.,NO_REPORT,기타,0,0,0,0,0,0,0,,,0,D,보고서 원문 미확보,6.25,6.0,11.0,8.0,5.5,8.0,4.0,5.0,0.0,0.0,53.75
006800,미래에셋증권,111722,,,,DART_LIST_013_등록된 종목코드 또는 고유번호가 아닙니다.,NO_REPORT,기타,0,0,0,0,0,0,0,,,0,D,보고서 원문 미확보,6.25,6.0,11.0,8.0,5.5,8.0,8.0,5.0,0.0,0.0,57.75
006805,미래에셋증권우,,,,,NO_CORP_CODE,OK,기타,0,0,0,0,0,0,0,,,0,D,DART 고유번호 매칭 실패,6.25,6.0,11.0,8.0,5.5,8.0,8.0,5.0,0.0,0.0,57.75
081660,미스토홀딩스,195229,,,,DART_LIST_013_등록된 종목코드 또는 고유번호가 아닙니다.,NO_REPORT,기타,0,0,0,0,0,0,0,,,0,D,보고서 원문 미확보,6.25,6.0,11.0,8.0,5.5,8.0,10.0,5.0,0.0,0.0,59.75
002840,미원상사,121932,,,,DART_LIST_013_등록된 종목코드 또는 고유번호가 아닙니다.,NO_REPORT,기타,0,0,0,0,0,0,0,,,0,D,보고서 원문 미확보,6.25,6.0,11.0,8.0,5.5,8.0,10.0,5.0,0.0,0.0,59.75
268280,미원에스씨,1234297,,,,DART_LIST_100_corp_code가 필드의 부적절한 값입니다.,NO_REPORT,기타,0,0,0,0,0,0,0,,,0,D,보고서 원문 미확보,6.25,6.0,11.0,8.0,5.5,8.0,10.0,5.0,0.0,0.0,59.75
107590,미원홀딩스,706715,,,,DART_LIST_013_등록된 종목코드 또는 고유번호가 아닙니다.,NO_REPORT,기타,0,0,0,0,0,0,0,,,0,D,보고서 원문 미확보,6.25,6.0,11.0,8.0,5.5,8.0,8.0,5.0,0.0,0.0,57.75
134380,미원화학,855163,,,,DART_LIST_013_등록된 종목코드 또는 고유번호가 아닙니다.,NO_REPORT,수입원가부담,0,0,0,0,0,0,0,,,0,D,보고서 원문 미확보,5.0,5.25,11.0,8.0,2.0,8.0,8.0,5.0,0.0,0.0,52.25
003650,미창석유,122056,,,,DART_LIST_013_등록된 종목코드 또는 고유번호가 아닙니다.,NO_REPORT,기타,0,0,0,0,0,0,0,,,0,D,보고서 원문 미확보,6.25,6.0,11.0,8.0,5.5,8.0,10.0,5.0,0.0,0.0,59.75
377740,바이오노트,622787,,,,DART_LIST_013_등록된 종목코드 또는 고유번호가 아닙니다.,NO_REPORT,바이오/제약,0,0,0,0,0,0,0,,,0,D,보고서 원문 미확보,16.25,9.0,11.0,8.0,8.0,8.0,10.0,5.0,0.0,0.0,75.25
003610,방림,122348,,,,DART_LIST_013_등록된 종목코드 또는 고유번호가 아닙니다.,NO_REPORT,기타,0,0,0,0,0,0,0,,,0,D,보고서 원문 미확보,6.25,6.0,11.0,8.0,5.5,8.0,10.0,5.0,0.0,0.0,59.75
035150,백산,122551,,,,DART_LIST_013_등록된 종목코드 또는 고유번호가 아닙니다.,NO_REPORT,기타,0,0,0,0,0,0,0,,,0,D,보고서 원문 미확보,6.25,6.0,11.0,8.0,5.5,8.0,10.0,5.0,0.0,0.0,59.75
002410,범양건영,122694,,,,DART_LIST_013_등록된 종목코드 또는 고유번호가 아닙니다.,NO_REPORT,기타,0,0,0,0,0,0,0,,,0,D,보고서 원문 미확보,6.25,6.0,11.0,8.0,5.5,8.0,5.0,5.0,0.0,0.0,54.75
007210,벽산,122898,,,,DART_LIST_013_등록된 종목코드 또는 고유번호가 아닙니다.,NO_REPORT,기타,0,0,0,0,0,0,0,,,0,D,보고서 원문 미확보,6.25,6.0,11.0,8.0,5.5,8.0,8.0,5.0,0.0,0.0,57.75
002760,보락,123107,,,,DART_LIST_013_등록된 종목코드 또는 고유번호가 아닙니다.,NO_REPORT,기타,0,0,0,0,0,0,0,,,0,D,보고서 원문 미확보,6.25,6.0,11.0,8.0,5.5,8.0,8.0,5.0,0.0,0.0,57.75
003850,보령,123143,,,,DART_LIST_013_등록된 종목코드 또는 고유번호가 아닙니다.,NO_REPORT,기타,0,0,0,0,0,0,0,,,0,D,보고서 원문 미확보,6.25,6.0,11.0,8.0,5.5,8.0,8.0,5.0,0.0,0.0,57.75
000890,보해양조,123541,,,,DART_LIST_013_등록된 종목코드 또는 고유번호가 아닙니다.,NO_REPORT,기타,0,0,0,0,0,0,0,,,0,D,보고서 원문 미확보,6.25,6.0,11.0,8.0,5.5,8.0,4.0,5.0,0.0,0.0,53.75
003000,부광약품,123718,,,,DART_LIST_013_등록된 종목코드 또는 고유번호가 아닙니다.,NO_REPORT,기타,0,0,0,0,0,0,0,,,0,D,보고서 원문 미확보,6.25,6.0,11.0,8.0,5.5,8.0,8.0,5.0,0.0,0.0,57.75
001270,부국증권,123772,,,,DART_LIST_013_등록된 종목코드 또는 고유번호가 아닙니다.,NO_REPORT,기타,0,0,0,0,0,0,0,,,0,D,보고서 원문 미확보,6.25,6.0,11.0,8.0,5.5,8.0,8.0,5.0,0.0,0.0,57.75
001275,부국증권우,,,,,NO_CORP_CODE,OK,기타,0,0,0,0,0,0,0,,,0,D,DART 고유번호 매칭 실패,6.25,6.0,11.0,8.0,5.5,8.0,8.0,5.0,0.0,0.0,57.75
026940,부국철강,123781,,,,DART_LIST_013_등록된 종목코드 또는 고유번호가 아닙니다.,NO_REPORT,기타,0,0,0,0,0,0,0,,,0,D,보고서 원문 미확보,6.25,6.0,11.0,8.0,5.5,8.0,8.0,5.0,0.0,0.0,57.75
011390,부산산업,124027,,,,DART_LIST_013_등록된 종목코드 또는 고유번호가 아닙니다.,NO_REPORT,기타,0,0,0,0,0,0,0,,,0,D,보고서 원문 미확보,6.25,6.0,11.0,8.0,5.5,8.0,8.0,5.0,0.0,0.0,57.75
005030,부산주공,124151,,,,DART_LIST_013_등록된 종목코드 또는 고유번호가 아닙니다.,NO_REPORT,기타,0,0,0,0,0,0,0,,,0,D,보고서 원문 미확보,6.25,6.0,11.0,8.0,5.5,3.0,5.0,5.0,0.0,0.0,49.75
006740,블루산업개발,141404,,,,DART_LIST_013_등록된 종목코드 또는 고유번호가 아닙니다.,NO_REPORT,기타,0,0,0,0,0,0,0,,,0,D,보고서 원문 미확보,6.25,6.0,11.0,8.0,5.5,3.0,4.0,2.0,0.0,0.0,45.75
002070,비비안,107677,,,,DART_LIST_013_등록된 종목코드 또는 고유번호가 아닙니다.,NO_REPORT,기타,0,0,0,0,0,0,0,,,0,D,보고서 원문 미확보,6.25,6.0,11.0,8.0,5.5,3.0,7.0,2.0,0.0,0.0,48.75
100220,비상교육,520887,,,,DART_LIST_013_등록된 종목코드 또는 고유번호가 아닙니다.,NO_REPORT,기타,0,0,0,0,0,0,0,,,0,D,보고서 원문 미확보,6.25,6.0,11.0,8.0,5.5,8.0,10.0,5.0,0.0,0.0,59.75
090460,비에이치,447609,,,,DART_LIST_013_등록된 종목코드 또는 고유번호가 아닙니다.,NO_REPORT,기타,0,0,0,0,0,0,0,,,0,D,보고서 원문 미확보,6.25,6.0,11.0,8.0,5.5,8.0,10.0,5.0,0.0,0.0,59.75
005180,빙그레,124726,,,,DART_LIST_013_등록된 종목코드 또는 고유번호가 아닙니다.,NO_REPORT,기타,0,0,0,0,0,0,0,,,0,D,보고서 원문 미확보,6.25,6.0,11.0,8.0,5.5,8.0,8.0,5.0,0.0,0.0,57.75
003960,사조대림,109718,,,,DART_LIST_013_등록된 종목코드 또는 고유번호가 아닙니다.,NO_REPORT,기타,0,0,0,0,0,0,0,,,0,D,보고서 원문 미확보,6.25,6.0,11.0,8.0,5.5,8.0,10.0,5.0,0.0,0.0,59.75
008040,사조동아원,137252,,,,DART_LIST_013_등록된 종목코드 또는 고유번호가 아닙니다.,NO_REPORT,기타,0,0,0,0,0,0,0,,,0,D,보고서 원문 미확보,6.25,6.0,11.0,8.0,5.5,8.0,10.0,5.0,0.0,0.0,59.75
007160,사조산업,124799,,,,DART_LIST_013_등록된 종목코드 또는 고유번호가 아닙니다.,NO_REPORT,기타,0,0,0,0,0,0,0,,,0,D,보고서 원문 미확보,6.25,6.0,11.0,8.0,5.5,8.0,8.0,5.0,0.0,0.0,57.75
014710,사조씨푸드,124780,,,,DART_LIST_013_등록된 종목코드 또는 고유번호가 아닙니다.,NO_REPORT,기타,0,0,0,0,0,0,0,,,0,D,보고서 원문 미확보,6.25,6.0,11.0,8.0,5.5,8.0,10.0,5.0,0.0,0.0,59.75
006090,사조오양,141875,,,,DART_LIST_013_등록된 종목코드 또는 고유번호가 아닙니다.,NO_REPORT,기타,0,0,0,0,0,0,0,,,0,D,보고서 원문 미확보,6.25,6.0,11.0,8.0,5.5,8.0,10.0,5.0,0.0,0.0,59.75
062040,산일전기,366438,,,,DART_LIST_013_등록된 종목코드 또는 고유번호가 아닙니다.,NO_REPORT,전력기기,0,0,0,0,0,0,0,,,0,D,보고서 원문 미확보,20.5,10.5,11.0,8.0,7.0,8.0,10.0,5.0,0.0,0.0,80.0
005610,삼립,125530,,,,DART_LIST_013_등록된 종목코드 또는 고유번호가 아닙니다.,NO_REPORT,기타,0,0,0,0,0,0,0,,,0,D,보고서 원문 미확보,6.25,6.0,11.0,8.0,5.5,3.0,8.0,5.0,0.0,0.0,52.75
001470,삼부토건,125974,,,,DART_LIST_013_등록된 종목코드 또는 고유번호가 아닙니다.,NO_REPORT,기타,0,0,0,0,0,0,0,,,0,D,보고서 원문 미확보,6.25,6.0,11.0,8.0,5.5,3.0,5.0,5.0,0.0,0.0,49.75
028050,삼성E&A,126308,,,,DART_LIST_013_등록된 종목코드 또는 고유번호가 아닙니다.,NO_REPORT,기타,0,0,0,0,0,0,0,,,0,D,보고서 원문 미확보,6.25,6.0,11.0,8.0,5.5,8.0,7.0,5.0,0.0,0.0,56.75
448730,삼성FN리츠,1688896,,,,DART_LIST_100_corp_code가 필드의 부적절한 값입니다.,NO_REPORT,기타,0,0,0,0,0,0,0,,,0,D,보고서 원문 미확보,6.25,6.0,11.0,8.0,5.5,8.0,8.0,5.0,0.0,0.0,57.75
006400,삼성SDI,126362,,,,DART_LIST_013_등록된 종목코드 또는 고유번호가 아닙니다.,NO_REPORT,기타,0,0,0,0,0,0,0,,,0,D,보고서 원문 미확보,6.25,6.0,11.0,8.0,5.5,3.0,10.0,5.0,0.0,0.0,54.75
006405,삼성SDI우,,,,,NO_CORP_CODE,OK,기타,0,0,0,0,0,0,0,,,0,D,DART 고유번호 매칭 실패,6.25,6.0,11.0,8.0,5.5,8.0,10.0,5.0,0.0,0.0,59.75
006660,삼성공조,126201,,,,DART_LIST_013_등록된 종목코드 또는 고유번호가 아닙니다.,NO_REPORT,기타,0,0,0,0,0,0,0,,,0,D,보고서 원문 미확보,6.25,6.0,11.0,8.0,5.5,8.0,8.0,5.0,0.0,0.0,57.75
028260,삼성물산,149655,,,,DART_LIST_013_등록된 종목코드 또는 고유번호가 아닙니다.,NO_REPORT,기타,0,0,0,0,0,0,0,,,0,D,보고서 원문 미확보,6.25,6.0,11.0,8.0,5.5,8.0,7.0,5.0,0.0,0.0,56.75
207940,삼성바이오로직스,877059,,,,DART_LIST_013_등록된 종목코드 또는 고유번호가 아닙니다.,NO_REPORT,바이오/제약,0,0,0,0,0,0,0,,,0,D,보고서 원문 미확보,16.25,9.0,11.0,8.0,8.0,8.0,10.0,2.0,0.0,0.0,72.25
032830,삼성생명,126256,,,,DART_LIST_013_등록된 종목코드 또는 고유번호가 아닙니다.,NO_REPORT,기타,0,0,0,0,0,0,0,,,0,D,보고서 원문 미확보,6.25,6.0,11.0,8.0,5.5,8.0,7.0,5.0,0.0,0.0,56.75
018260,삼성에스디에스,126186,,,,DART_LIST_013_등록된 종목코드 또는 고유번호가 아닙니다.,NO_REPORT,기타,0,0,0,0,0,0,0,,,0,D,보고서 원문 미확보,6.25,6.0,11.0,8.0,5.5,8.0,10.0,2.0,0.0,0.0,56.75
009150,삼성전기,126371,,,,DART_LIST_013_등록된 종목코드 또는 고유번호가 아닙니다.,NO_REPORT,반도체/전자부품,0,0,0,0,0,0,0,,,0,D,보고서 원문 미확보,20.0,9.0,11.0,8.0,6.5,8.0,4.0,5.0,0.0,0.0,71.5
009155,삼성전기우,,,,,NO_CORP_CODE,OK,반도체/전자부품,0,0,0,0,0,0,0,,,0,D,DART 고유번호 매칭 실패,20.0,9.0,11.0,8.0,6.5,8.0,4.0,5.0,0.0,0.0,71.5
005930,삼성전자,126380,,,,DART_LIST_013_등록된 종목코드 또는 고유번호가 아닙니다.,NO_REPORT,반도체/전자부품,0,0,0,0,0,0,0,,,0,D,보고서 원문 미확보,20.0,9.0,11.0,8.0,6.5,8.0,4.0,5.0,0.0,0.0,71.5
005935,삼성전자우,,,,,NO_CORP_CODE,OK,반도체/전자부품,0,0,0,0,0,0,0,,,0,D,DART 고유번호 매칭 실패,20.0,9.0,11.0,8.0,6.5,8.0,7.0,5.0,0.0,0.0,74.5
001360,삼성제약,126414,,,,DART_LIST_013_등록된 종목코드 또는 고유번호가 아닙니다.,NO_REPORT,기타,0,0,0,0,0,0,0,,,0,D,보고서 원문 미확보,6.25,6.0,11.0,8.0,5.5,3.0,8.0,5.0,0.0,0.0,52.75
010140,삼성중공업,126478,,,,DART_LIST_013_등록된 종목코드 또는 고유번호가 아닙니다.,NO_REPORT,조선,0,0,0,0,0,0,0,,,0,D,보고서 원문 미확보,22.5,11.25,11.0,8.0,6.5,8.0,10.0,5.0,0.0,0.0,82.25
016360,삼성증권,104856,,,,DART_LIST_013_등록된 종목코드 또는 고유번호가 아닙니다.,NO_REPORT,기타,0,0,0,0,0,0,0,,,0,D,보고서 원문 미확보,6.25,6.0,11.0,8.0,5.5,8.0,10.0,5.0,0.0,0.0,59.75
068290,삼성출판사,423690,,,,DART_LIST_013_등록된 종목코드 또는 고유번호가 아닙니다.,NO_REPORT,기타,0,0,0,0,0,0,0,,,0,D,보고서 원문 미확보,6.25,6.0,11.0,8.0,5.5,3.0,8.0,5.0,0.0,0.0,52.75
029780,삼성카드,126292,,,,DART_LIST_013_등록된 종목코드 또는 고유번호가 아닙니다.,NO_REPORT,기타,0,0,0,0,0,0,0,,,0,D,보고서 원문 미확보,6.25,6.0,11.0,8.0,5.5,8.0,8.0,5.0,0.0,0.0,57.75
000810,삼성화재,139214,,,,DART_LIST_013_등록된 종목코드 또는 고유번호가 아닙니다.,NO_REPORT,기타,0,0,0,0,0,0,0,,,0,D,보고서 원문 미확보,6.25,6.0,11.0,8.0,5.5,8.0,7.0,5.0,0.0,0.0,56.75
000815,삼성화재우,,,,,NO_CORP_CODE,OK,기타,0,0,0,0,0,0,0,,,0,D,DART 고유번호 매칭 실패,6.25,6.0,11.0,8.0,5.5,8.0,4.0,5.0,0.0,0.0,53.75
006110,삼아알미늄,126779,,,,DART_LIST_013_등록된 종목코드 또는 고유번호가 아닙니다.,NO_REPORT,기타,0,0,0,0,0,0,0,,,0,D,보고서 원문 미확보,6.25,6.0,11.0,8.0,5.5,3.0,10.0,5.0,0.0,0.0,54.75
145990,삼양사,896285,,,,DART_LIST_013_등록된 종목코드 또는 고유번호가 아닙니다.,NO_REPORT,기타,0,0,0,0,0,0,0,,,0,D,보고서 원문 미확보,6.25,6.0,11.0,8.0,5.5,8.0,10.0,5.0,0.0,0.0,59.75
145995,삼양사우,,,,,NO_CORP_CODE,OK,기타,0,0,0,0,0,0,0,,,0,D,DART 고유번호 매칭 실패,6.25,6.0,11.0,8.0,5.5,8.0,10.0,5.0,0.0,0.0,59.75
003230,삼양식품,126955,,,,DART_LIST_013_등록된 종목코드 또는 고유번호가 아닙니다.,NO_REPORT,K푸드,0,0,0,0,0,0,0,,,0,D,보고서 원문 미확보,13.75,6.75,11.0,8.0,5.0,8.0,10.0,5.0,0.0,0.0,67.5
272550,삼양패키징,1060814,,,,DART_LIST_100_corp_code가 필드의 부적절한 값입니다.,NO_REPORT,기타,0,0,0,0,0,0,0,,,0,D,보고서 원문 미확보,6.25,6.0,11.0,8.0,5.5,8.0,8.0,5.0,0.0,0.0,57.75
000070,삼양홀딩스,126937,,,,DART_LIST_013_등록된 종목코드 또는 고유번호가 아닙니다.,NO_REPORT,기타,0,0,0,0,0,0,0,,,0,D,보고서 원문 미확보,6.25,6.0,11.0,8.0,5.5,8.0,8.0,5.0,0.0,0.0,57.75
003720,삼영,127255,,,,DART_LIST_013_등록된 종목코드 또는 고유번호가 아닙니다.,NO_REPORT,기타,0,0,0,0,0,0,0,,,0,D,보고서 원문 미확보,6.25,6.0,11.0,8.0,5.5,8.0,10.0,5.0,0.0,0.0,59.75
002810,삼영무역,127167,,,,DART_LIST_013_등록된 종목코드 또는 고유번호가 아닙니다.,NO_REPORT,기타,0,0,0,0,0,0,0,,,0,D,보고서 원문 미확보,6.25,6.0,11.0,8.0,5.5,8.0,2.0,5.0,0.0,0.0,51.75
005680,삼영전자,127200,,,,DART_LIST_013_등록된 종목코드 또는 고유번호가 아닙니다.,NO_REPORT,기타,0,0,0,0,0,0,0,,,0,D,보고서 원문 미확보,6.25,6.0,11.0,8.0,5.5,8.0,10.0,5.0,0.0,0.0,59.75
023000,삼원강재,191588,,,,DART_LIST_013_등록된 종목코드 또는 고유번호가 아닙니다.,NO_REPORT,기타,0,0,0,0,0,0,0,,,0,D,보고서 원문 미확보,6.25,6.0,11.0,8.0,5.5,8.0,10.0,5.0,0.0,0.0,59.75
004380,삼익THK,127802,,,,DART_LIST_013_등록된 종목코드 또는 고유번호가 아닙니다.,NO_REPORT,기타,0,0,0,0,0,0,0,,,0,D,보고서 원문 미확보,6.25,6.0,11.0,8.0,5.5,3.0,7.0,5.0,0.0,0.0,51.75
002450,삼익악기,127857,,,,DART_LIST_013_등록된 종목코드 또는 고유번호가 아닙니다.,NO_REPORT,기타,0,0,0,0,0,0,0,,,0,D,보고서 원문 미확보,6.25,6.0,11.0,8.0,5.5,8.0,7.0,2.0,0.0,0.0,53.75
004440,삼일씨엔에스,109806,,,,DART_LIST_013_등록된 종목코드 또는 고유번호가 아닙니다.,NO_REPORT,기타,0,0,0,0,0,0,0,,,0,D,보고서 원문 미확보,6.25,6.0,11.0,8.0,5.5,8.0,8.0,5.0,0.0,0.0,57.75
000520,삼일제약,128032,,,,DART_LIST_013_등록된 종목코드 또는 고유번호가 아닙니다.,NO_REPORT,기타,0,0,0,0,0,0,0,,,0,D,보고서 원문 미확보,6.25,6.0,11.0,8.0,5.5,3.0,8.0,2.0,0.0,0.0,49.75
009770,삼정펄프,128227,,,,DART_LIST_013_등록된 종목코드 또는 고유번호가 아닙니다.,NO_REPORT,기타,0,0,0,0,0,0,0,,,0,D,보고서 원문 미확보,6.25,6.0,11.0,8.0,5.5,3.0,8.0,5.0,0.0,0.0,52.75
005500,삼진제약,128412,,,,DART_LIST_013_등록된 종목코드 또는 고유번호가 아닙니다.,NO_REPORT,기타,0,0,0,0,0,0,0,,,0,D,보고서 원문 미확보,6.25,6.0,11.0,8.0,5.5,8.0,8.0,5.0,0.0,0.0,57.75
004690,삼천리,128555,,,,DART_LIST_013_등록된 종목코드 또는 고유번호가 아닙니다.,NO_REPORT,기타,0,0,0,0,0,0,0,,,0,D,보고서 원문 미확보,6.25,6.0,11.0,8.0,5.5,8.0,8.0,5.0,0.0,0.0,57.75
010960,삼호개발,128980,,,,DART_LIST_013_등록된 종목코드 또는 고유번호가 아닙니다.,NO_REPORT,기타,0,0,0,0,0,0,0,,,0,D,보고서 원문 미확보,6.25,6.0,11.0,8.0,5.5,8.0,8.0,5.0,0.0,0.0,57.75
004450,삼화왕관,129235,,,,DART_LIST_013_등록된 종목코드 또는 고유번호가 아닙니다.,NO_REPORT,기타,0,0,0,0,0,0,0,,,0,D,보고서 원문 미확보,6.25,6.0,11.0,8.0,5.5,8.0,8.0,5.0,0.0,0.0,57.75
009470,삼화전기,129271,,,,DART_LIST_013_등록된 종목코드 또는 고유번호가 아닙니다.,NO_REPORT,기타,0,0,0,0,0,0,0,,,0,D,보고서 원문 미확보,6.25,6.0,11.0,8.0,5.5,8.0,8.0,5.0,0.0,0.0,57.75
011230,삼화전자,129280,,,,DART_LIST_013_등록된 종목코드 또는 고유번호가 아닙니다.,NO_REPORT,기타,0,0,0,0,0,0,0,,,0,D,보고서 원문 미확보,6.25,6.0,11.0,8.0,5.5,3.0,8.0,5.0,0.0,0.0,52.75
001820,삼화콘덴서,129350,,,,DART_LIST_013_등록된 종목코드 또는 고유번호가 아닙니다.,NO_REPORT,기타,0,0,0,0,0,0,0,,,0,D,보고서 원문 미확보,6.25,6.0,11.0,8.0,5.5,8.0,7.0,5.0,0.0,0.0,56.75
001290,상상인증권,1963140,,,,DART_LIST_100_corp_code가 필드의 부적절한 값입니다.,NO_REPORT,기타,0,0,0,0,0,0,0,,,0,D,보고서 원문 미확보,6.25,6.0,11.0,8.0,5.5,3.0,8.0,5.0,0.0,0.0,52.75
041650,상신브레이크,129642,,,,DART_LIST_013_등록된 종목코드 또는 고유번호가 아닙니다.,NO_REPORT,기타,0,0,0,0,0,0,0,,,0,D,보고서 원문 미확보,6.25,6.0,11.0,8.0,5.5,8.0,8.0,5.0,0.0,0.0,57.75
075180,새론오토모티브,305668,,,,DART_LIST_013_등록된 종목코드 또는 고유번호가 아닙니다.,NO_REPORT,기타,0,0,0,0,0,0,0,,,0,D,보고서 원문 미확보,6.25,6.0,11.0,8.0,5.5,3.0,7.0,5.0,0.0,0.0,51.75
007540,샘표,130091,,,,DART_LIST_013_등록된 종목코드 또는 고유번호가 아닙니다.,NO_REPORT,기타,0,0,0,0,0,0,0,,,0,D,보고서 원문 미확보,6.25,6.0,11.0,8.0,5.5,8.0,8.0,5.0,0.0,0.0,57.75
248170,샘표식품,1167056,,,,DART_LIST_100_corp_code가 필드의 부적절한 값입니다.,NO_REPORT,기타,0,0,0,0,0,0,0,,,0,D,보고서 원문 미확보,6.25,6.0,11.0,8.0,5.5,8.0,8.0,5.0,0.0,0.0,57.75
007860,서연,163114,,,,DART_LIST_013_등록된 종목코드 또는 고유번호가 아닙니다.,NO_REPORT,기타,0,0,0,0,0,0,0,,,0,D,보고서 원문 미확보,6.25,6.0,11.0,8.0,5.5,8.0,10.0,5.0,0.0,0.0,59.75
200880,서연이화,1036446,,,,DART_LIST_100_corp_code가 필드의 부적절한 값입니다.,NO_REPORT,기타,0,0,0,0,0,0,0,,,0,D,보고서 원문 미확보,6.25,6.0,11.0,8.0,5.5,8.0,8.0,5.0,0.0,0.0,57.75
017390,서울가스,130684,,,,DART_LIST_013_등록된 종목코드 또는 고유번호가 아닙니다.,NO_REPORT,수입원가부담,0,0,0,0,0,0,0,,,0,D,보고서 원문 미확보,5.0,5.25,11.0,8.0,2.0,8.0,8.0,5.0,0.0,0.0,52.25
031210,서울보증보험,112998,,,,DART_LIST_013_등록된 종목코드 또는 고유번호가 아닙니다.,NO_REPORT,기타,0,0,0,0,0,0,0,,,0,D,보고서 원문 미확보,6.25,6.0,11.0,8.0,5.5,8.0,10.0,5.0,0.0,0.0,59.75
004410,서울식품,130879,,,,DART_LIST_013_등록된 종목코드 또는 고유번호가 아닙니다.,NO_REPORT,기타,0,0,0,0,0,0,0,,,0,D,보고서 원문 미확보,6.25,6.0,11.0,8.0,5.5,3.0,7.0,5.0,0.0,0.0,51.75
004415,서울식품우,,,,,NO_CORP_CODE,OK,기타,0,0,0,0,0,0,0,,,0,D,DART 고유번호 매칭 실패,6.25,6.0,11.0,8.0,5.5,8.0,7.0,5.0,0.0,0.0,56.75
021050,서원,131197,,,,DART_LIST_013_등록된 종목코드 또는 고유번호가 아닙니다.,NO_REPORT,기타,0,0,0,0,0,0,0,,,0,D,보고서 원문 미확보,6.25,6.0,11.0,8.0,5.5,8.0,8.0,5.0,0.0,0.0,57.75
008490,서흥,131692,,,,DART_LIST_013_등록된 종목코드 또는 고유번호가 아닙니다.,NO_REPORT,기타,0,0,0,0,0,0,0,,,0,D,보고서 원문 미확보,6.25,6.0,11.0,8.0,5.5,8.0,8.0,5.0,0.0,0.0,57.75
007610,선도전기,131939,,,,DART_LIST_013_등록된 종목코드 또는 고유번호가 아닙니다.,NO_REPORT,기타,0,0,0,0,0,0,0,,,0,D,보고서 원문 미확보,6.25,6.0,11.0,8.0,5.5,3.0,10.0,5.0,0.0,0.0,54.75
136490,선진,855093,,,,DART_LIST_013_등록된 종목코드 또는 고유번호가 아닙니다.,NO_REPORT,기타,0,0,0,0,0,0,0,,,0,D,보고서 원문 미확보,6.25,6.0,11.0,8.0,5.5,8.0,8.0,5.0,0.0,0.0,57.75
014910,성문전자,132628,,,,DART_LIST_013_등록된 종목코드 또는 고유번호가 아닙니다.,NO_REPORT,기타,0,0,0,0,0,0,0,,,0,D,보고서 원문 미확보,6.25,6.0,11.0,8.0,5.5,8.0,10.0,5.0,0.0,0.0,59.75
014915,성문전자우,,,,,NO_CORP_CODE,OK,기타,0,0,0,0,0,0,0,,,0,D,DART 고유번호 매칭 실패,6.25,6.0,11.0,8.0,5.5,8.0,8.0,5.0,0.0,0.0,57.75
004980,성신양회,132804,,,,DART_LIST_013_등록된 종목코드 또는 고유번호가 아닙니다.,NO_REPORT,기타,0,0,0,0,0,0,0,,,0,D,보고서 원문 미확보,6.25,6.0,11.0,8.0,5.5,8.0,8.0,5.0,0.0,0.0,57.75
004985,성신양회우,,,,,NO_CORP_CODE,OK,기타,0,0,0,0,0,0,0,,,0,D,DART 고유번호 매칭 실패,6.25,6.0,11.0,8.0,5.5,8.0,8.0,5.0,0.0,0.0,57.75
000180,성창기업지주,133335,,,,DART_LIST_013_등록된 종목코드 또는 고유번호가 아닙니다.,NO_REPORT,기타,0,0,0,0,0,0,0,,,0,D,보고서 원문 미확보,6.25,6.0,11.0,8.0,5.5,3.0,4.0,5.0,0.0,0.0,48.75
002420,세기상사,133618,,,,DART_LIST_013_등록된 종목코드 또는 고유번호가 아닙니다.,NO_REPORT,기타,0,0,0,0,0,0,0,,,0,D,보고서 원문 미확보,6.25,6.0,11.0,8.0,5.5,8.0,8.0,5.0,0.0,0.0,57.75
004360,세방,133812,,,,DART_LIST_013_등록된 종목코드 또는 고유번호가 아닙니다.,NO_REPORT,기타,0,0,0,0,0,0,0,,,0,D,보고서 원문 미확보,6.25,6.0,11.0,8.0,5.5,8.0,10.0,5.0,0.0,0.0,59.75
004365,세방우,,,,,NO_CORP_CODE,OK,기타,0,0,0,0,0,0,0,,,0,D,DART 고유번호 매칭 실패,6.25,6.0,11.0,8.0,5.5,8.0,10.0,5.0,0.0,0.0,59.75
004490,세방전지,133858,,,,DART_LIST_013_등록된 종목코드 또는 고유번호가 아닙니다.,NO_REPORT,기타,0,0,0,0,0,0,0,,,0,D,보고서 원문 미확보,6.25,6.0,11.0,8.0,5.5,8.0,10.0,2.0,0.0,0.0,56.75
001430,세아베스틸지주,106669,,,,DART_LIST_013_등록된 종목코드 또는 고유번호가 아닙니다.,NO_REPORT,기타,0,0,0,0,0,0,0,,,0,D,보고서 원문 미확보,6.25,6.0,11.0,8.0,5.5,8.0,8.0,5.0,0.0,0.0,57.75
306200,세아제강,1325979,,,,DART_LIST_100_corp_code가 필드의 부적절한 값입니다.,NO_REPORT,기타,0,0,0,0,0,0,0,,,0,D,보고서 원문 미확보,6.25,6.0,11.0,8.0,5.5,8.0,10.0,5.0,0.0,0.0,59.75
003030,세아제강지주,124197,,,,DART_LIST_013_등록된 종목코드 또는 고유번호가 아닙니다.,NO_REPORT,기타,0,0,0,0,0,0,0,,,0,D,보고서 원문 미확보,6.25,6.0,11.0,8.0,5.5,8.0,8.0,2.0,0.0,0.0,54.75
058650,세아홀딩스,377610,,,,DART_LIST_013_등록된 종목코드 또는 고유번호가 아닙니다.,NO_REPORT,기타,0,0,0,0,0,0,0,,,0,D,보고서 원문 미확보,6.25,6.0,11.0,8.0,5.5,8.0,8.0,5.0,0.0,0.0,57.75
013000,세우글로벌,134176,,,,DART_LIST_013_등록된 종목코드 또는 고유번호가 아닙니다.,NO_REPORT,기타,0,0,0,0,0,0,0,,,0,D,보고서 원문 미확보,6.25,6.0,11.0,8.0,5.5,8.0,10.0,5.0,0.0,0.0,59.75
021820,세원정공,134316,,,,DART_LIST_013_등록된 종목코드 또는 고유번호가 아닙니다.,NO_REPORT,기타,0,0,0,0,0,0,0,,,0,D,보고서 원문 미확보,6.25,6.0,11.0,8.0,5.5,8.0,8.0,5.0,0.0,0.0,57.75
067830,세이브존I&C,422895,,,,DART_LIST_013_등록된 종목코드 또는 고유번호가 아닙니다.,NO_REPORT,기타,0,0,0,0,0,0,0,,,0,D,보고서 원문 미확보,6.25,6.0,11.0,8.0,5.5,8.0,8.0,5.0,0.0,0.0,57.75
075580,세진중공업,415628,,,,DART_LIST_013_등록된 종목코드 또는 고유번호가 아닙니다.,NO_REPORT,조선,0,0,0,0,0,0,0,,,0,D,보고서 원문 미확보,22.5,11.25,11.0,8.0,6.5,8.0,8.0,5.0,0.0,0.0,80.25
068270,셀트리온,413046,,,,DART_LIST_013_등록된 종목코드 또는 고유번호가 아닙니다.,NO_REPORT,바이오/제약,0,0,0,0,0,0,0,,,0,D,보고서 원문 미확보,16.25,9.0,11.0,8.0,8.0,8.0,10.0,2.0,0.0,0.0,72.25
336370,솔루스첨단소재,1412822,,,,DART_LIST_100_corp_code가 필드의 부적절한 값입니다.,NO_REPORT,기타,0,0,0,0,0,0,0,,,0,D,보고서 원문 미확보,6.25,6.0,11.0,8.0,5.5,3.0,10.0,2.0,0.0,0.0,51.75
248070,솔루엠,1159233,,,,DART_LIST_100_corp_code가 필드의 부적절한 값입니다.,NO_REPORT,기타,0,0,0,0,0,0,0,,,0,D,보고서 원문 미확보,6.25,6.0,11.0,8.0,5.5,8.0,10.0,5.0,0.0,0.0,59.75
004430,송원산업,134963,,,,DART_LIST_013_등록된 종목코드 또는 고유번호가 아닙니다.,NO_REPORT,기타,0,0,0,0,0,0,0,,,0,D,보고서 원문 미확보,6.25,6.0,11.0,8.0,5.5,8.0,10.0,5.0,0.0,0.0,59.75
017550,수산세보틱스,135111,,,,DART_LIST_013_등록된 종목코드 또는 고유번호가 아닙니다.,NO_REPORT,기타,0,0,0,0,0,0,0,,,0,D,보고서 원문 미확보,6.25,6.0,11.0,8.0,5.5,8.0,10.0,5.0,0.0,0.0,59.75
126720,수산인더스트리,193328,,,,DART_LIST_013_등록된 종목코드 또는 고유번호가 아닙니다.,NO_REPORT,기타,0,0,0,0,0,0,0,,,0,D,보고서 원문 미확보,6.25,6.0,11.0,8.0,5.5,8.0,8.0,5.0,0.0,0.0,57.75
053210,스카이라이프,349097,,,,DART_LIST_013_등록된 종목코드 또는 고유번호가 아닙니다.,NO_REPORT,기타,0,0,0,0,0,0,0,,,0,D,보고서 원문 미확보,6.25,6.0,11.0,8.0,5.5,8.0,8.0,5.0,0.0,0.0,57.75
026890,스틱인베스트먼트,117498,,,,DART_LIST_013_등록된 종목코드 또는 고유번호가 아닙니다.,NO_REPORT,기타,0,0,0,0,0,0,0,,,0,D,보고서 원문 미확보,6.25,6.0,11.0,8.0,5.5,8.0,8.0,5.0,0.0,0.0,57.75
134790,시디즈,852087,,,,DART_LIST_013_등록된 종목코드 또는 고유번호가 아닙니다.,NO_REPORT,기타,0,0,0,0,0,0,0,,,0,D,보고서 원문 미확보,6.25,6.0,11.0,8.0,5.5,8.0,10.0,5.0,0.0,0.0,59.75
462870,시프트업,1384787,,,,DART_LIST_100_corp_code가 필드의 부적절한 값입니다.,NO_REPORT,기타,0,0,0,0,0,0,0,,,0,D,보고서 원문 미확보,6.25,6.0,11.0,8.0,5.5,8.0,10.0,5.0,0.0,0.0,59.75
016590,신대양제지,135777,,,,DART_LIST_013_등록된 종목코드 또는 고유번호가 아닙니다.,NO_REPORT,기타,0,0,0,0,0,0,0,,,0,D,보고서 원문 미확보,6.25,6.0,11.0,8.0,5.5,8.0,8.0,5.0,0.0,0.0,57.75
029530,신도리코,135795,,,,DART_LIST_013_등록된 종목코드 또는 고유번호가 아닙니다.,NO_REPORT,기타,0,0,0,0,0,0,0,,,0,D,보고서 원문 미확보,6.25,6.0,11.0,8.0,5.5,8.0,10.0,5.0,0.0,0.0,59.75
004970,신라교역,135962,,,,DART_LIST_013_등록된 종목코드 또는 고유번호가 아닙니다.,NO_REPORT,기타,0,0,0,0,0,0,0,,,0,D,보고서 원문 미확보,6.25,6.0,11.0,8.0,5.5,8.0,10.0,5.0,0.0,0.0,59.75
011930,신성이엔지,136271,,,,DART_LIST_013_등록된 종목코드 또는 고유번호가 아닙니다.,NO_REPORT,기타,0,0,0,0,0,0,0,,,0,D,보고서 원문 미확보,6.25,6.0,11.0,8.0,5.5,3.0,10.0,5.0,0.0,0.0,54.75
004170,신세계,136378,,,,DART_LIST_013_등록된 종목코드 또는 고유번호가 아닙니다.,NO_REPORT,기타,0,0,0,0,0,0,0,,,0,D,보고서 원문 미확보,6.25,6.0,11.0,8.0,5.5,8.0,2.0,5.0,0.0,0.0,51.75
035510,신세계 I&C,219486,,,,DART_LIST_013_등록된 종목코드 또는 고유번호가 아닙니다.,NO_REPORT,기타,0,0,0,0,0,0,0,,,0,D,보고서 원문 미확보,6.25,6.0,11.0,8.0,5.5,8.0,8.0,5.0,0.0,0.0,57.75
031430,신세계인터내셔날,234412,,,,DART_LIST_013_등록된 종목코드 또는 고유번호가 아닙니다.,NO_REPORT,기타,0,0,0,0,0,0,0,,,0,D,보고서 원문 미확보,6.25,6.0,11.0,8.0,5.5,8.0,7.0,5.0,0.0,0.0,56.75
031440,신세계푸드,274933,,,,DART_LIST_013_등록된 종목코드 또는 고유번호가 아닙니다.,NO_REPORT,기타,0,0,0,0,0,0,0,,,0,D,보고서 원문 미확보,6.25,6.0,11.0,8.0,5.5,8.0,8.0,5.0,0.0,0.0,57.75
006880,신송홀딩스,136402,,,,DART_LIST_013_등록된 종목코드 또는 고유번호가 아닙니다.,NO_REPORT,기타,0,0,0,0,0,0,0,,,0,D,보고서 원문 미확보,6.25,6.0,11.0,8.0,5.5,8.0,8.0,5.0,0.0,0.0,57.75
005800,신영와코루,136624,,,,DART_LIST_013_등록된 종목코드 또는 고유번호가 아닙니다.,NO_REPORT,기타,0,0,0,0,0,0,0,,,0,D,보고서 원문 미확보,6.25,6.0,11.0,8.0,5.5,8.0,8.0,5.0,0.0,0.0,57.75
001720,신영증권,136721,,,,DART_LIST_013_등록된 종목코드 또는 고유번호가 아닙니다.,NO_REPORT,기타,0,0,0,0,0,0,0,,,0,D,보고서 원문 미확보,6.25,6.0,11.0,8.0,5.5,8.0,8.0,5.0,0.0,0.0,57.75
009270,신원,136864,,,,DART_LIST_013_등록된 종목코드 또는 고유번호가 아닙니다.,NO_REPORT,기타,0,0,0,0,0,0,0,,,0,D,보고서 원문 미확보,6.25,6.0,11.0,8.0,5.5,8.0,8.0,5.0,0.0,0.0,57.75
002700,신일전자,173698,,,,DART_LIST_013_등록된 종목코드 또는 고유번호가 아닙니다.,NO_REPORT,기타,0,0,0,0,0,0,0,,,0,D,보고서 원문 미확보,6.25,6.0,11.0,8.0,5.5,3.0,8.0,5.0,0.0,0.0,52.75
002870,신풍,137368,,,,DART_LIST_013_등록된 종목코드 또는 고유번호가 아닙니다.,NO_REPORT,기타,0,0,0,0,0,0,0,,,0,D,보고서 원문 미확보,6.25,6.0,11.0,8.0,5.5,3.0,8.0,5.0,0.0,0.0,52.75
019170,신풍제약,137359,,,,DART_LIST_013_등록된 종목코드 또는 고유번호가 아닙니다.,NO_REPORT,기타,0,0,0,0,0,0,0,,,0,D,보고서 원문 미확보,6.25,6.0,11.0,8.0,5.5,3.0,8.0,5.0,0.0,0.0,52.75
019175,신풍제약우,,,,,NO_CORP_CODE,OK,기타,0,0,0,0,0,0,0,,,0,D,DART 고유번호 매칭 실패,6.25,6.0,11.0,8.0,5.5,8.0,8.0,5.0,0.0,0.0,57.75
481850,신한글로벌액티브리츠,1714997,,,,DART_LIST_100_corp_code가 필드의 부적절한 값입니다.,NO_REPORT,기타,0,0,0,0,0,0,0,,,0,D,보고서 원문 미확보,6.25,6.0,11.0,8.0,5.5,8.0,8.0,5.0,0.0,0.0,57.75
404990,신한서부티엔디리츠,1436558,,,,DART_LIST_100_corp_code가 필드의 부적절한 값입니다.,NO_REPORT,기타,0,0,0,0,0,0,0,,,0,D,보고서 원문 미확보,6.25,6.0,11.0,8.0,5.5,8.0,4.0,5.0,0.0,0.0,53.75
293940,신한알파리츠,1276594,,,,DART_LIST_100_corp_code가 필드의 부적절한 값입니다.,NO_REPORT,기타,0,0,0,0,0,0,0,,,0,D,보고서 원문 미확보,6.25,6.0,11.0,8.0,5.5,8.0,8.0,2.0,0.0,0.0,54.75
055550,신한지주,382199,,,,DART_LIST_013_등록된 종목코드 또는 고유번호가 아닙니다.,NO_REPORT,기타,0,0,0,0,0,0,0,,,0,D,보고서 원문 미확보,6.25,6.0,11.0,8.0,5.5,8.0,7.0,5.0,0.0,0.0,56.75
004080,신흥,173795,,,,DART_LIST_013_등록된 종목코드 또는 고유번호가 아닙니다.,NO_REPORT,기타,0,0,0,0,0,0,0,,,0,D,보고서 원문 미확보,6.25,6.0,11.0,8.0,5.5,8.0,10.0,5.0,0.0,0.0,59.75
004770,써니전자,138057,,,,DART_LIST_013_등록된 종목코드 또는 고유번호가 아닙니다.,NO_REPORT,기타,0,0,0,0,0,0,0,,,0,D,보고서 원문 미확보,6.25,6.0,11.0,8.0,5.5,8.0,10.0,5.0,0.0,0.0,59.75
403550,쏘카,1026157,,,,DART_LIST_100_corp_code가 필드의 부적절한 값입니다.,NO_REPORT,기타,0,0,0,0,0,0,0,,,0,D,보고서 원문 미확보,6.25,6.0,11.0,8.0,5.5,8.0,8.0,2.0,0.0,0.0,54.75
004920,씨아이테크,127158,,,,DART_LIST_013_등록된 종목코드 또는 고유번호가 아닙니다.,NO_REPORT,기타,0,0,0,0,0,0,0,,,0,D,보고서 원문 미확보,6.25,6.0,11.0,8.0,5.5,3.0,8.0,5.0,0.0,0.0,52.75
112610,씨에스윈드,670340,,,,DART_LIST_013_등록된 종목코드 또는 고유번호가 아닙니다.,NO_REPORT,기타,0,0,0,0,0,0,0,,,0,D,보고서 원문 미확보,6.25,6.0,11.0,8.0,5.5,8.0,8.0,5.0,0.0,0.0,57.75
480370,씨케이솔루션,1210677,,,,DART_LIST_100_corp_code가 필드의 부적절한 값입니다.,NO_REPORT,기타,0,0,0,0,0,0,0,,,0,D,보고서 원문 미확보,6.25,6.0,11.0,8.0,5.5,3.0,8.0,5.0,0.0,0.0,52.75
308170,씨티알모빌리티,450010,,,,DART_LIST_013_등록된 종목코드 또는 고유번호가 아닙니다.,NO_REPORT,기타,0,0,0,0,0,0,0,,,0,D,보고서 원문 미확보,6.25,6.0,11.0,8.0,5.5,8.0,8.0,5.0,0.0,0.0,57.75
008700,아남전자,138516,,,,DART_LIST_013_등록된 종목코드 또는 고유번호가 아닙니다.,NO_REPORT,기타,0,0,0,0,0,0,0,,,0,D,보고서 원문 미확보,6.25,6.0,11.0,8.0,5.5,3.0,8.0,5.0,0.0,0.0,52.75
090430,아모레퍼시픽,583424,,,,DART_LIST_013_등록된 종목코드 또는 고유번호가 아닙니다.,NO_REPORT,K뷰티/소비재,0,0,0,0,0,0,0,,,0,D,보고서 원문 미확보,15.5,8.25,11.0,8.0,7.5,8.0,10.0,5.0,0.0,0.0,73.25
090435,아모레퍼시픽우,,,,,NO_CORP_CODE,OK,K뷰티/소비재,0,0,0,0,0,0,0,,,0,D,DART 고유번호 매칭 실패,15.5,8.25,11.0,8.0,7.5,8.0,8.0,5.0,0.0,0.0,71.25
002790,아모레퍼시픽홀딩스,154462,,,,DART_LIST_013_등록된 종목코드 또는 고유번호가 아닙니다.,NO_REPORT,K뷰티/소비재,0,0,0,0,0,0,0,,,0,D,보고서 원문 미확보,15.5,8.25,11.0,8.0,7.5,8.0,10.0,5.0,0.0,0.0,73.25
002795,아모레퍼시픽홀딩스우,,,,,NO_CORP_CODE,OK,K뷰티/소비재,0,0,0,0,0,0,0,,,0,D,DART 고유번호 매칭 실패,15.5,8.25,11.0,8.0,7.5,8.0,10.0,5.0,0.0,0.0,73.25
002030,아세아,138701,,,,DART_LIST_013_등록된 종목코드 또는 고유번호가 아닙니다.,NO_REPORT,기타,0,0,0,0,0,0,0,,,0,D,보고서 원문 미확보,6.25,6.0,11.0,8.0,5.5,8.0,8.0,5.0,0.0,0.0,57.75
183190,아세아시멘트,990165,,,,DART_LIST_013_등록된 종목코드 또는 고유번호가 아닙니다.,NO_REPORT,기타,0,0,0,0,0,0,0,,,0,D,보고서 원문 미확보,6.25,6.0,11.0,8.0,5.5,8.0,8.0,5.0,0.0,0.0,57.75
002310,아세아제지,138729,,,,DART_LIST_013_등록된 종목코드 또는 고유번호가 아닙니다.,NO_REPORT,기타,0,0,0,0,0,0,0,,,0,D,보고서 원문 미확보,6.25,6.0,11.0,8.0,5.5,8.0,10.0,5.0,0.0,0.0,59.75
012170,아센디오,145437,,,,DART_LIST_013_등록된 종목코드 또는 고유번호가 아닙니다.,NO_REPORT,기타,0,0,0,0,0,0,0,,,0,D,보고서 원문 미확보,6.25,6.0,11.0,8.0,5.5,3.0,8.0,2.0,0.0,0.0,49.75
267850,아시아나IDT,458234,,,,DART_LIST_013_등록된 종목코드 또는 고유번호가 아닙니다.,NO_REPORT,수입원가부담,0,0,0,0,0,0,0,,,0,D,보고서 원문 미확보,5.0,5.25,11.0,8.0,2.0,8.0,8.0,5.0,0.0,0.0,52.25
020560,아시아나항공,138792,,,,DART_LIST_013_등록된 종목코드 또는 고유번호가 아닙니다.,NO_REPORT,수입원가부담,0,0,0,0,0,0,0,,,0,D,보고서 원문 미확보,5.0,5.25,11.0,8.0,2.0,3.0,8.0,5.0,0.0,0.0,47.25
122900,아이마켓코리아,360142,,,,DART_LIST_013_등록된 종목코드 또는 고유번호가 아닙니다.,NO_REPORT,기타,0,0,0,0,0,0,0,,,0,D,보고서 원문 미확보,6.25,6.0,11.0,8.0,5.5,8.0,10.0,5.0,0.0,0.0,59.75
010780,아이에스동서,115977,,,,DART_LIST_013_등록된 종목코드 또는 고유번호가 아닙니다.,NO_REPORT,기타,0,0,0,0,0,0,0,,,0,D,보고서 원문 미확보,6.25,6.0,11.0,8.0,5.5,8.0,8.0,5.0,0.0,0.0,57.75
031820,아이티센씨티에스,186559,,,,DART_LIST_013_등록된 종목코드 또는 고유번호가 아닙니다.,NO_REPORT,기타,0,0,0,0,0,0,0,,,0,D,보고서 원문 미확보,6.25,6.0,11.0,8.0,5.5,8.0,7.0,5.0,0.0,0.0,56.75
139990,아주스틸,486705,,,,DART_LIST_013_등록된 종목코드 또는 고유번호가 아닙니다.,NO_REPORT,기타,0,0,0,0,0,0,0,,,0,D,보고서 원문 미확보,6.25,6.0,11.0,8.0,5.5,3.0,8.0,2.0,0.0,0.0,49.75
009320,아진전자부품,111689,,,,DART_LIST_013_등록된 종목코드 또는 고유번호가 아닙니다.,NO_REPORT,기타,0,0,0,0,0,0,0,,,0,D,보고서 원문 미확보,6.25,6.0,11.0,8.0,5.5,8.0,10.0,5.0,0.0,0.0,59.75
001780,알루코,117027,,,,DART_LIST_013_등록된 종목코드 또는 고유번호가 아닙니다.,NO_REPORT,기타,0,0,0,0,0,0,0,,,0,D,보고서 원문 미확보,6.25,6.0,11.0,8.0,5.5,8.0,8.0,5.0,0.0,0.0,57.75
018250,애경산업,139454,,,,DART_LIST_013_등록된 종목코드 또는 고유번호가 아닙니다.,NO_REPORT,기타,0,0,0,0,0,0,0,,,0,D,보고서 원문 미확보,6.25,6.0,11.0,8.0,5.5,3.0,8.0,5.0,0.0,0.0,52.75
161000,애경케미칼,936787,,,,DART_LIST_013_등록된 종목코드 또는 고유번호가 아닙니다.,NO_REPORT,기타,0,0,0,0,0,0,0,,,0,D,보고서 원문 미확보,6.25,6.0,11.0,8.0,5.5,8.0,8.0,2.0,0.0,0.0,54.75
011090,에넥스,139764,,,,DART_LIST_013_등록된 종목코드 또는 고유번호가 아닙니다.,NO_REPORT,기타,0,0,0,0,0,0,0,,,0,D,보고서 원문 미확보,6.25,6.0,11.0,8.0,5.5,3.0,7.0,5.0,0.0,0.0,51.75
137310,에스디바이오센서,854997,,,,DART_LIST_013_등록된 종목코드 또는 고유번호가 아닙니다.,NO_REPORT,바이오/제약,0,0,0,0,0,0,0,,,0,D,보고서 원문 미확보,16.25,9.0,11.0,8.0,8.0,3.0,10.0,5.0,0.0,0.0,70.25
005850,에스엘,125521,,,,DART_LIST_013_등록된 종목코드 또는 고유번호가 아닙니다.,NO_REPORT,기타,0,0,0,0,0,0,0,,,0,D,보고서 원문 미확보,6.25,6.0,11.0,8.0,5.5,8.0,10.0,5.0,0.0,0.0,59.75
010580,에스엠벡셀,147860,,,,DART_LIST_013_등록된 종목코드 또는 고유번호가 아닙니다.,NO_REPORT,기타,0,0,0,0,0,0,0,,,0,D,보고서 원문 미확보,6.25,6.0,11.0,8.0,5.5,8.0,10.0,5.0,0.0,0.0,59.75
012750,에스원,158501,,,,DART_LIST_013_등록된 종목코드 또는 고유번호가 아닙니다.,NO_REPORT,기타,0,0,0,0,0,0,0,,,0,D,보고서 원문 미확보,6.25,6.0,11.0,8.0,5.5,8.0,8.0,5.0,0.0,0.0,57.75
023960,에쓰씨엔지니어링,121969,,,,DART_LIST_013_등록된 종목코드 또는 고유번호가 아닙니다.,NO_REPORT,기타,0,0,0,0,0,0,0,,,0,D,보고서 원문 미확보,6.25,6.0,11.0,8.0,5.5,3.0,8.0,5.0,0.0,0.0,52.75
298690,에어부산,651901,,,,DART_LIST_013_등록된 종목코드 또는 고유번호가 아닙니다.,NO_REPORT,기타,0,0,0,0,0,0,0,,,0,D,보고서 원문 미확보,6.25,6.0,11.0,8.0,5.5,8.0,8.0,5.0,0.0,0.0,57.75
140910,에이리츠,860730,,,,DART_LIST_013_등록된 종목코드 또는 고유번호가 아닙니다.,NO_REPORT,기타,0,0,0,0,0,0,0,,,0,D,보고서 원문 미확보,6.25,6.0,11.0,8.0,5.5,3.0,4.0,5.0,0.0,0.0,48.75
078520,에이블씨엔씨,400857,,,,DART_LIST_013_등록된 종목코드 또는 고유번호가 아닙니다.,NO_REPORT,기타,0,0,0,0,0,0,0,,,0,D,보고서 원문 미확보,6.25,6.0,11.0,8.0,5.5,8.0,8.0,5.0,0.0,0.0,57.75
015260,에이엔피,143314,,,,DART_LIST_013_등록된 종목코드 또는 고유번호가 아닙니다.,NO_REPORT,기타,0,0,0,0,0,0,0,,,0,D,보고서 원문 미확보,6.25,6.0,11.0,8.0,5.5,3.0,8.0,5.0,0.0,0.0,52.75
007460,에이프로젠,152385,,,,DART_LIST_013_등록된 종목코드 또는 고유번호가 아닙니다.,NO_REPORT,기타,0,0,0,0,0,0,0,,,0,D,보고서 원문 미확보,6.25,6.0,11.0,8.0,5.5,3.0,10.0,2.0,0.0,0.0,51.75
003060,에이프로젠바이오로직스,101044,,,,DART_LIST_013_등록된 종목코드 또는 고유번호가 아닙니다.,NO_REPORT,바이오/제약,0,0,0,0,0,0,0,,,0,D,보고서 원문 미확보,16.25,9.0,11.0,8.0,8.0,3.0,10.0,2.0,0.0,0.0,67.25
244920,에이플러스에셋,684802,,,,DART_LIST_013_등록된 종목코드 또는 고유번호가 아닙니다.,NO_REPORT,기타,0,0,0,0,0,0,0,,,0,D,보고서 원문 미확보,6.25,6.0,11.0,8.0,5.5,8.0,10.0,5.0,0.0,0.0,59.75
278470,에이피알,1190568,,,,DART_LIST_100_corp_code가 필드의 부적절한 값입니다.,NO_REPORT,K뷰티/소비재,0,0,0,0,0,0,0,,,0,D,보고서 원문 미확보,15.5,8.25,11.0,8.0,7.5,8.0,7.0,5.0,0.0,0.0,70.25
450080,에코프로머티,1311408,,,,DART_LIST_100_corp_code가 필드의 부적절한 값입니다.,NO_REPORT,기타,0,0,0,0,0,0,0,,,0,D,보고서 원문 미확보,6.25,6.0,11.0,8.0,5.5,8.0,8.0,5.0,0.0,0.0,57.75
019490,엑시큐어하이트론,156150,,,,DART_LIST_013_등록된 종목코드 또는 고유번호가 아닙니다.,NO_REPORT,기타,0,0,0,0,0,0,0,,,0,D,보고서 원문 미확보,6.25,6.0,11.0,8.0,5.5,3.0,5.0,2.0,0.0,0.0,46.75
085310,엔케이,172228,,,,DART_LIST_013_등록된 종목코드 또는 고유번호가 아닙니다.,NO_REPORT,기타,0,0,0,0,0,0,0,,,0,D,보고서 원문 미확보,6.25,6.0,11.0,8.0,5.5,8.0,4.0,5.0,0.0,0.0,53.75
900140,엘브이엠씨홀딩스,838500,,,,DART_LIST_013_등록된 종목코드 또는 고유번호가 아닙니다.,NO_REPORT,기타,0,0,0,0,0,0,0,,,0,D,보고서 원문 미확보,6.25,6.0,11.0,8.0,5.5,8.0,10.0,5.0,0.0,0.0,59.75
066970,엘앤에프,398701,,,,DART_LIST_013_등록된 종목코드 또는 고유번호가 아닙니다.,NO_REPORT,기타,0,0,0,0,0,0,0,,,0,D,보고서 원문 미확보,6.25,6.0,11.0,8.0,5.5,8.0,10.0,5.0,0.0,0.0,59.75
097520,엠씨넥스,564562,,,,DART_LIST_013_등록된 종목코드 또는 고유번호가 아닙니다.,NO_REPORT,기타,0,0,0,0,0,0,0,,,0,D,보고서 원문 미확보,6.25,6.0,11.0,8.0,5.5,8.0,10.0,5.0,0.0,0.0,59.75
484870,엠앤씨솔루션,1519790,,,,DART_LIST_100_corp_code가 필드의 부적절한 값입니다.,NO_REPORT,기타,0,0,0,0,0,0,0,,,0,D,보고서 원문 미확보,6.25,6.0,11.0,8.0,5.5,8.0,8.0,5.0,0.0,0.0,57.75
014440,영보화학,140779,,,,DART_LIST_013_등록된 종목코드 또는 고유번호가 아닙니다.,NO_REPORT,수입원가부담,0,0,0,0,0,0,0,,,0,D,보고서 원문 미확보,5.0,5.25,11.0,8.0,2.0,8.0,10.0,5.0,0.0,0.0,54.25
111770,영원무역,776820,,,,DART_LIST_013_등록된 종목코드 또는 고유번호가 아닙니다.,NO_REPORT,기타,0,0,0,0,0,0,0,,,0,D,보고서 원문 미확보,6.25,6.0,11.0,8.0,5.5,8.0,10.0,5.0,0.0,0.0,59.75
009970,영원무역홀딩스,140964,,,,DART_LIST_013_등록된 종목코드 또는 고유번호가 아닙니다.,NO_REPORT,기타,0,0,0,0,0,0,0,,,0,D,보고서 원문 미확보,6.25,6.0,11.0,8.0,5.5,8.0,10.0,5.0,0.0,0.0,59.75
003520,영진약품,141149,,,,DART_LIST_013_등록된 종목코드 또는 고유번호가 아닙니다.,NO_REPORT,기타,0,0,0,0,0,0,0,,,0,D,보고서 원문 미확보,6.25,6.0,11.0,8.0,5.5,3.0,8.0,5.0,0.0,0.0,52.75
000670,영풍,141307,,,,DART_LIST_013_등록된 종목코드 또는 고유번호가 아닙니다.,NO_REPORT,기타,0,0,0,0,0,0,0,,,0,D,보고서 원문 미확보,6.25,6.0,11.0,8.0,5.5,8.0,8.0,5.0,0.0,0.0,57.75
012280,영화금속,141413,,,,DART_LIST_013_등록된 종목코드 또는 고유번호가 아닙니다.,NO_REPORT,기타,0,0,0,0,0,0,0,,,0,D,보고서 원문 미확보,6.25,6.0,11.0,8.0,5.5,8.0,8.0,2.0,0.0,0.0,54.75
012160,영흥,141477,,,,DART_LIST_013_등록된 종목코드 또는 고유번호가 아닙니다.,NO_REPORT,기타,0,0,0,0,0,0,0,,,0,D,보고서 원문 미확보,6.25,6.0,11.0,8.0,5.5,3.0,8.0,5.0,0.0,0.0,52.75
007310,오뚜기,141529,,,,DART_LIST_013_등록된 종목코드 또는 고유번호가 아닙니다.,NO_REPORT,기타,0,0,0,0,0,0,0,,,0,D,보고서 원문 미확보,6.25,6.0,11.0,8.0,5.5,8.0,8.0,5.0,0.0,0.0,57.75
002630,오리엔트바이오,141626,,,,DART_LIST_013_등록된 종목코드 또는 고유번호가 아닙니다.,NO_REPORT,바이오/제약,0,0,0,0,0,0,0,,,0,D,보고서 원문 미확보,16.25,9.0,11.0,8.0,8.0,3.0,2.0,5.0,0.0,0.0,62.25
271560,오리온,1238169,,,,DART_LIST_100_corp_code가 필드의 부적절한 값입니다.,NO_REPORT,K푸드,0,0,0,0,0,0,0,,,0,D,보고서 원문 미확보,13.75,6.75,11.0,8.0,5.0,8.0,10.0,5.0,0.0,0.0,67.5
001800,오리온홀딩스,117577,,,,DART_LIST_013_등록된 종목코드 또는 고유번호가 아닙니다.,NO_REPORT,K푸드,0,0,0,0,0,0,0,,,0,D,보고서 원문 미확보,13.75,6.75,11.0,8.0,5.0,8.0,10.0,5.0,0.0,0.0,67.5
005320,온타이드,168331,,,,DART_LIST_013_등록된 종목코드 또는 고유번호가 아닙니다.,NO_REPORT,기타,0,0,0,0,0,0,0,,,0,D,보고서 원문 미확보,6.25,6.0,11.0,8.0,5.5,3.0,2.0,5.0,0.0,0.0,46.75
011690,와이투솔루션,144720,,,,DART_LIST_013_등록된 종목코드 또는 고유번호가 아닙니다.,NO_REPORT,기타,0,0,0,0,0,0,0,,,0,D,보고서 원문 미확보,6.25,6.0,11.0,8.0,5.5,8.0,8.0,5.0,0.0,0.0,57.75
316140,우리금융지주,1350869,,,,DART_LIST_100_corp_code가 필드의 부적절한 값입니다.,NO_REPORT,기타,0,0,0,0,0,0,0,,,0,D,보고서 원문 미확보,6.25,6.0,11.0,8.0,5.5,8.0,10.0,2.0,0.0,0.0,56.75
006980,우성,142661,,,,DART_LIST_013_등록된 종목코드 또는 고유번호가 아닙니다.,NO_REPORT,기타,0,0,0,0,0,0,0,,,0,D,보고서 원문 미확보,6.25,6.0,11.0,8.0,5.5,8.0,8.0,5.0,0.0,0.0,57.75
011300,우성머티리얼스,132868,,,,DART_LIST_013_등록된 종목코드 또는 고유번호가 아닙니다.,NO_REPORT,기타,0,0,0,0,0,0,0,,,0,D,보고서 원문 미확보,6.25,6.0,11.0,8.0,5.5,3.0,4.0,2.0,0.0,0.0,45.75
017370,우신시스템,142883,,,,DART_LIST_013_등록된 종목코드 또는 고유번호가 아닙니다.,NO_REPORT,기타,0,0,0,0,0,0,0,,,0,D,보고서 원문 미확보,6.25,6.0,11.0,8.0,5.5,3.0,8.0,5.0,0.0,0.0,52.75
105840,우진,173944,,,,DART_LIST_013_등록된 종목코드 또는 고유번호가 아닙니다.,NO_REPORT,기타,0,0,0,0,0,0,0,,,0,D,보고서 원문 미확보,6.25,6.0,11.0,8.0,5.5,8.0,8.0,5.0,0.0,0.0,57.75
010400,우진아이엔에스,143262,,,,DART_LIST_013_등록된 종목코드 또는 고유번호가 아닙니다.,NO_REPORT,기타,0,0,0,0,0,0,0,,,0,D,보고서 원문 미확보,6.25,6.0,11.0,8.0,5.5,3.0,10.0,5.0,0.0,0.0,54.75
049800,우진플라임,303217,,,,DART_LIST_013_등록된 종목코드 또는 고유번호가 아닙니다.,NO_REPORT,기타,0,0,0,0,0,0,0,,,0,D,보고서 원문 미확보,6.25,6.0,11.0,8.0,5.5,3.0,8.0,5.0,0.0,0.0,52.75
016880,웅진,143651,,,,DART_LIST_013_등록된 종목코드 또는 고유번호가 아닙니다.,NO_REPORT,기타,0,0,0,0,0,0,0,,,0,D,보고서 원문 미확보,6.25,6.0,11.0,8.0,5.5,8.0,8.0,5.0,0.0,0.0,57.75
095720,웅진씽크빅,628189,,,,DART_LIST_013_등록된 종목코드 또는 고유번호가 아닙니다.,NO_REPORT,기타,0,0,0,0,0,0,0,,,0,D,보고서 원문 미확보,6.25,6.0,11.0,8.0,5.5,3.0,7.0,5.0,0.0,0.0,51.75
005820,원림,143794,,,,DART_LIST_013_등록된 종목코드 또는 고유번호가 아닙니다.,NO_REPORT,기타,0,0,0,0,0,0,0,,,0,D,보고서 원문 미확보,6.25,6.0,11.0,8.0,5.5,8.0,10.0,5.0,0.0,0.0,59.75
008600,윌비스,104999,,,,DART_LIST_013_등록된 종목코드 또는 고유번호가 아닙니다.,NO_REPORT,기타,0,0,0,0,0,0,0,,,0,D,보고서 원문 미확보,6.25,6.0,11.0,8.0,5.5,3.0,2.0,2.0,0.0,0.0,43.75
033270,유나이티드제약,158963,,,,DART_LIST_013_등록된 종목코드 또는 고유번호가 아닙니다.,NO_REPORT,기타,0,0,0,0,0,0,0,,,0,D,보고서 원문 미확보,6.25,6.0,11.0,8.0,5.5,8.0,10.0,5.0,0.0,0.0,59.75
014830,유니드,159786,,,,DART_LIST_013_등록된 종목코드 또는 고유번호가 아닙니다.,NO_REPORT,기타,0,0,0,0,0,0,0,,,0,D,보고서 원문 미확보,6.25,6.0,11.0,8.0,5.5,8.0,8.0,5.0,0.0,0.0,57.75
446070,유니드비티플러스,1702017,,,,DART_LIST_100_corp_code가 필드의 부적절한 값입니다.,NO_REPORT,기타,0,0,0,0,0,0,0,,,0,D,보고서 원문 미확보,6.25,6.0,11.0,8.0,5.5,3.0,10.0,5.0,0.0,0.0,54.75
000910,유니온,1945339,,,,DART_LIST_100_corp_code가 필드의 부적절한 값입니다.,NO_REPORT,기타,0,0,0,0,0,0,0,,,0,D,보고서 원문 미확보,6.25,6.0,11.0,8.0,5.5,3.0,8.0,5.0,0.0,0.0,52.75
047400,유니온머티리얼,369833,,,,DART_LIST_013_등록된 종목코드 또는 고유번호가 아닙니다.,NO_REPORT,기타,0,0,0,0,0,0,0,,,0,D,보고서 원문 미확보,6.25,6.0,11.0,8.0,5.5,8.0,8.0,5.0,0.0,0.0,57.75
011330,유니켐,137207,,,,DART_LIST_013_등록된 종목코드 또는 고유번호가 아닙니다.,NO_REPORT,기타,0,0,0,0,0,0,0,,,0,D,보고서 원문 미확보,6.25,6.0,11.0,8.0,5.5,3.0,8.0,2.0,0.0,0.0,49.75
077500,유니퀘스트,414601,,,,DART_LIST_013_등록된 종목코드 또는 고유번호가 아닙니다.,NO_REPORT,기타,0,0,0,0,0,0,0,,,0,D,보고서 원문 미확보,6.25,6.0,11.0,8.0,5.5,8.0,10.0,5.0,0.0,0.0,59.75
002920,유성기업,174004,,,,DART_LIST_013_등록된 종목코드 또는 고유번호가 아닙니다.,NO_REPORT,기타,0,0,0,0,0,0,0,,,0,D,보고서 원문 미확보,6.25,6.0,11.0,8.0,5.5,3.0,8.0,5.0,0.0,0.0,52.75
000700,유수홀딩스,163691,,,,DART_LIST_013_등록된 종목코드 또는 고유번호가 아닙니다.,NO_REPORT,기타,0,0,0,0,0,0,0,,,0,D,보고서 원문 미확보,6.25,6.0,11.0,8.0,5.5,8.0,10.0,5.0,0.0,0.0,59.75
003470,유안타증권,117601,,,,DART_LIST_013_등록된 종목코드 또는 고유번호가 아닙니다.,NO_REPORT,기타,0,0,0,0,0,0,0,,,0,D,보고서 원문 미확보,6.25,6.0,11.0,8.0,5.5,8.0,8.0,5.0,0.0,0.0,57.75
003475,유안타증권우,,,,,NO_CORP_CODE,OK,기타,0,0,0,0,0,0,0,,,0,D,DART 고유번호 매칭 실패,6.25,6.0,11.0,8.0,5.5,8.0,8.0,5.0,0.0,0.0,57.75
072130,유엔젤,416654,,,,DART_LIST_013_등록된 종목코드 또는 고유번호가 아닙니다.,NO_REPORT,기타,0,0,0,0,0,0,0,,,0,D,보고서 원문 미확보,6.25,6.0,11.0,8.0,5.5,8.0,10.0,5.0,0.0,0.0,59.75
000220,유유제약,144818,,,,DART_LIST_013_등록된 종목코드 또는 고유번호가 아닙니다.,NO_REPORT,기타,0,0,0,0,0,0,0,,,0,D,보고서 원문 미확보,6.25,6.0,11.0,8.0,5.5,8.0,10.0,5.0,0.0,0.0,59.75
000225,유유제약1우,,,,,NO_CORP_CODE,OK,기타,0,0,0,0,0,0,0,,,0,D,DART 고유번호 매칭 실패,6.25,6.0,11.0,8.0,5.5,8.0,8.0,5.0,0.0,0.0,57.75
000227,유유제약2우B,,,,,NO_CORP_CODE,OK,기타,0,0,0,0,0,0,0,,,0,D,DART 고유번호 매칭 실패,6.25,6.0,11.0,8.0,5.5,8.0,7.0,5.0,0.0,0.0,56.75
001200,유진투자증권,1965333,,,,DART_LIST_100_corp_code가 필드의 부적절한 값입니다.,NO_REPORT,기타,0,0,0,0,0,0,0,,,0,D,보고서 원문 미확보,6.25,6.0,11.0,8.0,5.5,8.0,8.0,5.0,0.0,0.0,57.75
000100,유한양행,185301,,,,DART_LIST_013_등록된 종목코드 또는 고유번호가 아닙니다.,NO_REPORT,바이오/제약,0,0,0,0,0,0,0,,,0,D,보고서 원문 미확보,16.25,9.0,11.0,8.0,8.0,8.0,10.0,2.0,0.0,0.0,72.25
000105,유한양행우,,,,,NO_CORP_CODE,OK,바이오/제약,0,0,0,0,0,0,0,,,0,D,DART 고유번호 매칭 실패,16.25,9.0,11.0,8.0,8.0,8.0,8.0,5.0,0.0,0.0,73.25
003460,유화증권,145190,,,,DART_LIST_013_등록된 종목코드 또는 고유번호가 아닙니다.,NO_REPORT,기타,0,0,0,0,0,0,0,,,0,D,보고서 원문 미확보,6.25,6.0,11.0,8.0,5.5,8.0,8.0,5.0,0.0,0.0,57.75
003465,유화증권우,,,,,NO_CORP_CODE,OK,기타,0,0,0,0,0,0,0,,,0,D,DART 고유번호 매칭 실패,6.25,6.0,11.0,8.0,5.5,8.0,10.0,5.0,0.0,0.0,59.75
008730,율촌화학,145260,,,,DART_LIST_013_등록된 종목코드 또는 고유번호가 아닙니다.,NO_REPORT,수입원가부담,0,0,0,0,0,0,0,,,0,D,보고서 원문 미확보,5.0,5.25,11.0,8.0,2.0,8.0,8.0,5.0,0.0,0.0,52.25
008250,이건산업,145446,,,,DART_LIST_013_등록된 종목코드 또는 고유번호가 아닙니다.,NO_REPORT,기타,0,0,0,0,0,0,0,,,0,D,보고서 원문 미확보,6.25,6.0,11.0,8.0,5.5,8.0,8.0,5.0,0.0,0.0,57.75
025820,이구산업,145464,,,,DART_LIST_013_등록된 종목코드 또는 고유번호가 아닙니다.,NO_REPORT,기타,0,0,0,0,0,0,0,,,0,D,보고서 원문 미확보,6.25,6.0,11.0,8.0,5.5,8.0,8.0,5.0,0.0,0.0,57.75
214320,이노션,565154,,,,DART_LIST_013_등록된 종목코드 또는 고유번호가 아닙니다.,NO_REPORT,기타,0,0,0,0,0,0,0,,,0,D,보고서 원문 미확보,6.25,6.0,11.0,8.0,5.5,8.0,7.0,5.0,0.0,0.0,56.75
088260,이리츠코크렙,544452,,,,DART_LIST_013_등록된 종목코드 또는 고유번호가 아닙니다.,NO_REPORT,기타,0,0,0,0,0,0,0,,,0,D,보고서 원문 미확보,6.25,6.0,11.0,8.0,5.5,8.0,10.0,5.0,0.0,0.0,59.75
139480,이마트,872984,,,,DART_LIST_013_등록된 종목코드 또는 고유번호가 아닙니다.,NO_REPORT,기타,0,0,0,0,0,0,0,,,0,D,보고서 원문 미확보,6.25,6.0,11.0,8.0,5.5,8.0,8.0,2.0,0.0,0.0,54.75
457190,이수스페셜티케미컬,1762569,,,,DART_LIST_100_corp_code가 필드의 부적절한 값입니다.,NO_REPORT,기타,0,0,0,0,0,0,0,,,0,D,보고서 원문 미확보,6.25,6.0,11.0,8.0,5.5,8.0,8.0,5.0,0.0,0.0,57.75
007660,이수페타시스,107613,,,,DART_LIST_013_등록된 종목코드 또는 고유번호가 아닙니다.,NO_REPORT,반도체/전자부품,0,0,0,0,0,0,0,,,0,D,보고서 원문 미확보,20.0,9.0,11.0,8.0,6.5,8.0,10.0,5.0,0.0,0.0,77.5
005950,이수화학,145552,,,,DART_LIST_013_등록된 종목코드 또는 고유번호가 아닙니다.,NO_REPORT,수입원가부담,0,0,0,0,0,0,0,,,0,D,보고서 원문 미확보,5.0,5.25,11.0,8.0,2.0,8.0,7.0,5.0,0.0,0.0,51.25
015020,이스타코,134565,,,,DART_LIST_013_등록된 종목코드 또는 고유번호가 아닙니다.,NO_REPORT,기타,0,0,0,0,0,0,0,,,0,D,보고서 원문 미확보,6.25,6.0,11.0,8.0,5.5,3.0,2.0,5.0,0.0,0.0,46.75
074610,이엔플러스,469799,,,,DART_LIST_013_등록된 종목코드 또는 고유번호가 아닙니다.,NO_REPORT,기타,0,0,0,0,0,0,0,,,0,D,보고서 원문 미확보,6.25,6.0,11.0,8.0,5.5,3.0,5.0,2.0,0.0,0.0,46.75
102460,이연제약,145598,,,,DART_LIST_013_등록된 종목코드 또는 고유번호가 아닙니다.,NO_REPORT,기타,0,0,0,0,0,0,0,,,0,D,보고서 원문 미확보,6.25,6.0,11.0,8.0,5.5,3.0,10.0,5.0,0.0,0.0,54.75
084680,이월드,540605,,,,DART_LIST_013_등록된 종목코드 또는 고유번호가 아닙니다.,NO_REPORT,기타,0,0,0,0,0,0,0,,,0,D,보고서 원문 미확보,6.25,6.0,11.0,8.0,5.5,8.0,8.0,5.0,0.0,0.0,57.75
350520,이지스레지던스리츠,1436628,,,,DART_LIST_100_corp_code가 필드의 부적절한 값입니다.,NO_REPORT,기타,0,0,0,0,0,0,0,,,0,D,보고서 원문 미확보,6.25,6.0,11.0,8.0,5.5,8.0,10.0,5.0,0.0,0.0,59.75
334890,이지스밸류플러스리츠,1394377,,,,DART_LIST_100_corp_code가 필드의 부적절한 값입니다.,NO_REPORT,기타,0,0,0,0,0,0,0,,,0,D,보고서 원문 미확보,6.25,6.0,11.0,8.0,5.5,8.0,8.0,5.0,0.0,0.0,57.75
000760,이화산업,145686,,,,DART_LIST_013_등록된 종목코드 또는 고유번호가 아닙니다.,NO_REPORT,기타,0,0,0,0,0,0,0,,,0,D,보고서 원문 미확보,6.25,6.0,11.0,8.0,5.5,8.0,8.0,5.0,0.0,0.0,57.75
014990,인디에프,106881,,,,DART_LIST_013_등록된 종목코드 또는 고유번호가 아닙니다.,NO_REPORT,기타,0,0,0,0,0,0,0,,,0,D,보고서 원문 미확보,6.25,6.0,11.0,8.0,5.5,8.0,7.0,5.0,0.0,0.0,56.75
101140,인바이오젠,652423,,,,DART_LIST_013_등록된 종목코드 또는 고유번호가 아닙니다.,NO_REPORT,바이오/제약,0,0,0,0,0,0,0,,,0,D,보고서 원문 미확보,16.25,9.0,11.0,8.0,8.0,3.0,8.0,5.0,0.0,0.0,68.25
006490,인스코비,122825,,,,DART_LIST_013_등록된 종목코드 또는 고유번호가 아닙니다.,NO_REPORT,기타,0,0,0,0,0,0,0,,,0,D,보고서 원문 미확보,6.25,6.0,11.0,8.0,5.5,3.0,10.0,2.0,0.0,0.0,51.75
023800,인지컨트롤스,103510,,,,DART_LIST_013_등록된 종목코드 또는 고유번호가 아닙니다.,NO_REPORT,기타,0,0,0,0,0,0,0,,,0,D,보고서 원문 미확보,6.25,6.0,11.0,8.0,5.5,8.0,10.0,5.0,0.0,0.0,59.75
034590,인천도시가스,145862,,,,DART_LIST_013_등록된 종목코드 또는 고유번호가 아닙니다.,NO_REPORT,수입원가부담,0,0,0,0,0,0,0,,,0,D,보고서 원문 미확보,5.0,5.25,11.0,8.0,2.0,8.0,10.0,5.0,0.0,0.0,54.25
129260,인터지스,151368,,,,DART_LIST_013_등록된 종목코드 또는 고유번호가 아닙니다.,NO_REPORT,기타,0,0,0,0,0,0,0,,,0,D,보고서 원문 미확보,6.25,6.0,11.0,8.0,5.5,8.0,8.0,5.0,0.0,0.0,57.75
023810,인팩,180795,,,,DART_LIST_013_등록된 종목코드 또는 고유번호가 아닙니다.,NO_REPORT,기타,0,0,0,0,0,0,0,,,0,D,보고서 원문 미확보,6.25,6.0,11.0,8.0,5.5,8.0,8.0,5.0,0.0,0.0,57.75
249420,일동제약,1168383,,,,DART_LIST_100_corp_code가 필드의 부적절한 값입니다.,NO_REPORT,기타,0,0,0,0,0,0,0,,,0,D,보고서 원문 미확보,6.25,6.0,11.0,8.0,5.5,8.0,8.0,5.0,0.0,0.0,57.75
000230,일동홀딩스,146083,,,,DART_LIST_013_등록된 종목코드 또는 고유번호가 아닙니다.,NO_REPORT,기타,0,0,0,0,0,0,0,,,0,D,보고서 원문 미확보,6.25,6.0,11.0,8.0,5.5,8.0,8.0,5.0,0.0,0.0,57.75
013360,일성건설,146232,,,,DART_LIST_013_등록된 종목코드 또는 고유번호가 아닙니다.,NO_REPORT,기타,0,0,0,0,0,0,0,,,0,D,보고서 원문 미확보,6.25,6.0,11.0,8.0,5.5,8.0,8.0,5.0,0.0,0.0,57.75
003120,일성아이에스,146214,,,,DART_LIST_013_등록된 종목코드 또는 고유번호가 아닙니다.,NO_REPORT,기타,0,0,0,0,0,0,0,,,0,D,보고서 원문 미확보,6.25,6.0,11.0,8.0,5.5,3.0,10.0,5.0,0.0,0.0,54.75
003200,일신방직,146269,,,,DART_LIST_013_등록된 종목코드 또는 고유번호가 아닙니다.,NO_REPORT,기타,0,0,0,0,0,0,0,,,0,D,보고서 원문 미확보,6.25,6.0,11.0,8.0,5.5,8.0,10.0,5.0,0.0,0.0,59.75
007110,일신석재,146296,,,,DART_LIST_013_등록된 종목코드 또는 고유번호가 아닙니다.,NO_REPORT,기타,0,0,0,0,0,0,0,,,0,D,보고서 원문 미확보,6.25,6.0,11.0,8.0,5.5,8.0,8.0,5.0,0.0,0.0,57.75
007570,일양약품,146454,,,,DART_LIST_013_등록된 종목코드 또는 고유번호가 아닙니다.,NO_REPORT,기타,0,0,0,0,0,0,0,,,0,D,보고서 원문 미확보,6.25,6.0,11.0,8.0,5.5,3.0,7.0,5.0,0.0,0.0,51.75
007575,일양약품우,,,,,NO_CORP_CODE,OK,기타,0,0,0,0,0,0,0,,,0,D,DART 고유번호 매칭 실패,6.25,6.0,11.0,8.0,5.5,8.0,7.0,5.0,0.0,0.0,56.75
008500,일정실업,146542,,,,DART_LIST_013_등록된 종목코드 또는 고유번호가 아닙니다.,NO_REPORT,기타,0,0,0,0,0,0,0,,,0,D,보고서 원문 미확보,6.25,6.0,11.0,8.0,5.5,8.0,10.0,5.0,0.0,0.0,59.75
081000,일진다이아,508274,,,,DART_LIST_013_등록된 종목코드 또는 고유번호가 아닙니다.,NO_REPORT,기타,0,0,0,0,0,0,0,,,0,D,보고서 원문 미확보,6.25,6.0,11.0,8.0,5.5,8.0,8.0,5.0,0.0,0.0,57.75
020760,일진디스플,198697,,,,DART_LIST_013_등록된 종목코드 또는 고유번호가 아닙니다.,NO_REPORT,기타,0,0,0,0,0,0,0,,,0,D,보고서 원문 미확보,6.25,6.0,11.0,8.0,5.5,3.0,5.0,5.0,0.0,0.0,49.75
103590,일진전기,683469,,,,DART_LIST_013_등록된 종목코드 또는 고유번호가 아닙니다.,NO_REPORT,기타,0,0,0,0,0,0,0,,,0,D,보고서 원문 미확보,6.25,6.0,11.0,8.0,5.5,8.0,8.0,5.0,0.0,0.0,57.75
271940,일진하이솔루스,972503,,,,DART_LIST_013_등록된 종목코드 또는 고유번호가 아닙니다.,NO_REPORT,기타,0,0,0,0,0,0,0,,,0,D,보고서 원문 미확보,6.25,6.0,11.0,8.0,5.5,3.0,8.0,5.0,0.0,0.0,52.75
015860,일진홀딩스,146649,,,,DART_LIST_013_등록된 종목코드 또는 고유번호가 아닙니다.,NO_REPORT,기타,0,0,0,0,0,0,0,,,0,D,보고서 원문 미확보,6.25,6.0,11.0,8.0,5.5,8.0,8.0,5.0,0.0,0.0,57.75
226320,잇츠한불,911955,,,,DART_LIST_013_등록된 종목코드 또는 고유번호가 아닙니다.,NO_REPORT,기타,0,0,0,0,0,0,0,,,0,D,보고서 원문 미확보,6.25,6.0,11.0,8.0,5.5,8.0,8.0,5.0,0.0,0.0,57.75
317400,자이에스앤디,367844,,,,DART_LIST_013_등록된 종목코드 또는 고유번호가 아닙니다.,NO_REPORT,기타,0,0,0,0,0,0,0,,,0,D,보고서 원문 미확보,6.25,6.0,11.0,8.0,5.5,8.0,8.0,5.0,0.0,0.0,57.75
033240,자화전자,146861,,,,DART_LIST_013_등록된 종목코드 또는 고유번호가 아닙니다.,NO_REPORT,기타,0,0,0,0,0,0,0,,,0,D,보고서 원문 미확보,6.25,6.0,11.0,8.0,5.5,8.0,8.0,5.0,0.0,0.0,57.75
000950,전방,147222,,,,DART_LIST_013_등록된 종목코드 또는 고유번호가 아닙니다.,NO_REPORT,기타,0,0,0,0,0,0,0,,,0,D,보고서 원문 미확보,6.25,6.0,11.0,8.0,5.5,3.0,8.0,5.0,0.0,0.0,52.75
079900,전진건설로봇,372129,,,,DART_LIST_013_등록된 종목코드 또는 고유번호가 아닙니다.,NO_REPORT,기타,0,0,0,0,0,0,0,,,0,D,보고서 원문 미확보,6.25,6.0,11.0,8.0,5.5,8.0,8.0,5.0,0.0,0.0,57.75
348950,제이알글로벌리츠,1415892,,,,DART_LIST_100_corp_code가 필드의 부적절한 값입니다.,NO_REPORT,기타,0,0,0,0,0,0,0,,,0,D,보고서 원문 미확보,6.25,6.0,11.0,8.0,5.5,8.0,7.0,5.0,0.0,0.0,56.75
194370,제이에스코퍼레이션,332927,,,,DART_LIST_013_등록된 종목코드 또는 고유번호가 아닙니다.,NO_REPORT,기타,0,0,0,0,0,0,0,,,0,D,보고서 원문 미확보,6.25,6.0,11.0,8.0,5.5,8.0,10.0,5.0,0.0,0.0,59.75
030000,제일기획,148276,,,,DART_LIST_013_등록된 종목코드 또는 고유번호가 아닙니다.,NO_REPORT,기타,0,0,0,0,0,0,0,,,0,D,보고서 원문 미확보,6.25,6.0,11.0,8.0,5.5,8.0,10.0,5.0,0.0,0.0,59.75
271980,제일약품,1236897,,,,DART_LIST_100_corp_code가 필드의 부적절한 값입니다.,NO_REPORT,기타,0,0,0,0,0,0,0,,,0,D,보고서 원문 미확보,6.25,6.0,11.0,8.0,5.5,8.0,8.0,5.0,0.0,0.0,57.75
001560,제일연마,148461,,,,DART_LIST_013_등록된 종목코드 또는 고유번호가 아닙니다.,NO_REPORT,기타,0,0,0,0,0,0,0,,,0,D,보고서 원문 미확보,6.25,6.0,11.0,8.0,5.5,8.0,10.0,5.0,0.0,0.0,59.75
002620,제일파마홀딩스,148443,,,,DART_LIST_013_등록된 종목코드 또는 고유번호가 아닙니다.,NO_REPORT,기타,0,0,0,0,0,0,0,,,0,D,보고서 원문 미확보,6.25,6.0,11.0,8.0,5.5,8.0,8.0,5.0,0.0,0.0,57.75
006220,제주은행,148832,,,,DART_LIST_013_등록된 종목코드 또는 고유번호가 아닙니다.,NO_REPORT,기타,0,0,0,0,0,0,0,,,0,D,보고서 원문 미확보,6.25,6.0,11.0,8.0,5.5,8.0,4.0,5.0,0.0,0.0,53.75
089590,제주항공,555874,,,,DART_LIST_013_등록된 종목코드 또는 고유번호가 아닙니다.,NO_REPORT,수입원가부담,0,0,0,0,0,0,0,,,0,D,보고서 원문 미확보,5.0,5.25,11.0,8.0,2.0,8.0,8.0,5.0,0.0,0.0,52.25
004910,조광페인트,148920,,,,DART_LIST_013_등록된 종목코드 또는 고유번호가 아닙니다.,NO_REPORT,기타,0,0,0,0,0,0,0,,,0,D,보고서 원문 미확보,6.25,6.0,11.0,8.0,5.5,3.0,8.0,2.0,0.0,0.0,49.75
004700,조광피혁,148939,,,,DART_LIST_013_등록된 종목코드 또는 고유번호가 아닙니다.,NO_REPORT,기타,0,0,0,0,0,0,0,,,0,D,보고서 원문 미확보,6.25,6.0,11.0,8.0,5.5,8.0,8.0,5.0,0.0,0.0,57.75
001550,조비,148948,,,,DART_LIST_013_등록된 종목코드 또는 고유번호가 아닙니다.,NO_REPORT,기타,0,0,0,0,0,0,0,,,0,D,보고서 원문 미확보,6.25,6.0,11.0,8.0,5.5,8.0,8.0,5.0,0.0,0.0,57.75
462520,조선내화,1770203,,,,DART_LIST_100_corp_code가 필드의 부적절한 값입니다.,NO_REPORT,조선,0,0,0,0,0,0,0,,,0,D,보고서 원문 미확보,22.5,11.25,11.0,8.0,6.5,8.0,10.0,5.0,0.0,0.0,82.25
120030,조선선재,796994,,,,DART_LIST_013_등록된 종목코드 또는 고유번호가 아닙니다.,NO_REPORT,조선,0,0,0,0,0,0,0,,,0,D,보고서 원문 미확보,22.5,11.25,11.0,8.0,6.5,8.0,8.0,5.0,0.0,0.0,80.25
018470,조일알미늄,149239,,,,DART_LIST_013_등록된 종목코드 또는 고유번호가 아닙니다.,NO_REPORT,기타,0,0,0,0,0,0,0,,,0,D,보고서 원문 미확보,6.25,6.0,11.0,8.0,5.5,8.0,8.0,5.0,0.0,0.0,57.75
002600,조흥,149345,,,,DART_LIST_013_등록된 종목코드 또는 고유번호가 아닙니다.,NO_REPORT,기타,0,0,0,0,0,0,0,,,0,D,보고서 원문 미확보,6.25,6.0,11.0,8.0,5.5,8.0,8.0,5.0,0.0,0.0,57.75
185750,종근당,992871,,,,DART_LIST_013_등록된 종목코드 또는 고유번호가 아닙니다.,NO_REPORT,바이오/제약,0,0,0,0,0,0,0,,,0,D,보고서 원문 미확보,16.25,9.0,11.0,8.0,8.0,8.0,8.0,5.0,0.0,0.0,73.25
063160,종근당바이오,390055,,,,DART_LIST_013_등록된 종목코드 또는 고유번호가 아닙니다.,NO_REPORT,바이오/제약,0,0,0,0,0,0,0,,,0,D,보고서 원문 미확보,16.25,9.0,11.0,8.0,8.0,3.0,8.0,5.0,0.0,0.0,68.25
001630,종근당홀딩스,149354,,,,DART_LIST_013_등록된 종목코드 또는 고유번호가 아닙니다.,NO_REPORT,바이오/제약,0,0,0,0,0,0,0,,,0,D,보고서 원문 미확보,16.25,9.0,11.0,8.0,8.0,8.0,8.0,5.0,0.0,0.0,73.25
109070,주성코퍼레이션,753643,,,,DART_LIST_013_등록된 종목코드 또는 고유번호가 아닙니다.,NO_REPORT,기타,0,0,0,0,0,0,0,,,0,D,보고서 원문 미확보,6.25,6.0,11.0,8.0,5.5,3.0,10.0,5.0,0.0,0.0,54.75
044380,주연테크,269241,,,,DART_LIST_013_등록된 종목코드 또는 고유번호가 아닙니다.,NO_REPORT,기타,0,0,0,0,0,0,0,,,0,D,보고서 원문 미확보,6.25,6.0,11.0,8.0,5.5,8.0,7.0,5.0,0.0,0.0,56.75
013890,지누스,150633,,,,DART_LIST_013_등록된 종목코드 또는 고유번호가 아닙니다.,NO_REPORT,기타,0,0,0,0,0,0,0,,,0,D,보고서 원문 미확보,6.25,6.0,11.0,8.0,5.5,3.0,10.0,5.0,0.0,0.0,54.75
013870,지엠비코리아,156354,,,,DART_LIST_013_등록된 종목코드 또는 고유번호가 아닙니다.,NO_REPORT,기타,0,0,0,0,0,0,0,,,0,D,보고서 원문 미확보,6.25,6.0,11.0,8.0,5.5,8.0,8.0,5.0,0.0,0.0,57.75
071320,지역난방공사,159698,,,,DART_LIST_013_등록된 종목코드 또는 고유번호가 아닙니다.,NO_REPORT,기타,0,0,0,0,0,0,0,,,0,D,보고서 원문 미확보,6.25,6.0,11.0,8.0,5.5,8.0,8.0,5.0,0.0,0.0,57.75
088790,진도,557933,,,,DART_LIST_013_등록된 종목코드 또는 고유번호가 아닙니다.,NO_REPORT,기타,0,0,0,0,0,0,0,,,0,D,보고서 원문 미확보,6.25,6.0,11.0,8.0,5.5,8.0,10.0,5.0,0.0,0.0,59.75
003780,진양산업,150439,,,,DART_LIST_013_등록된 종목코드 또는 고유번호가 아닙니다.,NO_REPORT,기타,0,0,0,0,0,0,0,,,0,D,보고서 원문 미확보,6.25,6.0,11.0,8.0,5.5,8.0,7.0,5.0,0.0,0.0,56.75
010640,진양폴리,160375,,,,DART_LIST_013_등록된 종목코드 또는 고유번호가 아닙니다.,NO_REPORT,기타,0,0,0,0,0,0,0,,,0,D,보고서 원문 미확보,6.25,6.0,11.0,8.0,5.5,8.0,10.0,2.0,0.0,0.0,56.75
100250,진양홀딩스,646732,,,,DART_LIST_013_등록된 종목코드 또는 고유번호가 아닙니다.,NO_REPORT,기타,0,0,0,0,0,0,0,,,0,D,보고서 원문 미확보,6.25,6.0,11.0,8.0,5.5,8.0,10.0,5.0,0.0,0.0,59.75
051630,진양화학,347734,,,,DART_LIST_013_등록된 종목코드 또는 고유번호가 아닙니다.,NO_REPORT,수입원가부담,0,0,0,0,0,0,0,,,0,D,보고서 원문 미확보,5.0,5.25,11.0,8.0,2.0,8.0,7.0,5.0,0.0,0.0,51.25
272450,진에어,653024,,,,DART_LIST_013_등록된 종목코드 또는 고유번호가 아닙니다.,NO_REPORT,기타,0,0,0,0,0,0,0,,,0,D,보고서 원문 미확보,6.25,6.0,11.0,8.0,5.5,8.0,8.0,5.0,0.0,0.0,57.75
011000,진원생명과학,118521,,,,DART_LIST_013_등록된 종목코드 또는 고유번호가 아닙니다.,NO_REPORT,기타,0,0,0,0,0,0,0,,,0,D,보고서 원문 미확보,6.25,6.0,11.0,8.0,5.5,3.0,7.0,2.0,0.0,0.0,48.75
002780,진흥기업,150828,,,,DART_LIST_013_등록된 종목코드 또는 고유번호가 아닙니다.,NO_REPORT,기타,0,0,0,0,0,0,0,,,0,D,보고서 원문 미확보,6.25,6.0,11.0,8.0,5.5,8.0,10.0,5.0,0.0,0.0,59.75
002787,진흥기업2우B,,,,,NO_CORP_CODE,OK,기타,0,0,0,0,0,0,0,,,0,D,DART 고유번호 매칭 실패,6.25,6.0,11.0,8.0,5.5,8.0,7.0,5.0,0.0,0.0,56.75
002785,진흥기업우B,,,,,NO_CORP_CODE,OK,기타,0,0,0,0,0,0,0,,,0,D,DART 고유번호 매칭 실패,6.25,6.0,11.0,8.0,5.5,8.0,10.0,5.0,0.0,0.0,59.75
025620,차AI헬스케어,136776,,,,DART_LIST_013_등록된 종목코드 또는 고유번호가 아닙니다.,NO_REPORT,기타,0,0,0,0,0,0,0,,,0,D,보고서 원문 미확보,6.25,6.0,11.0,8.0,5.5,3.0,8.0,5.0,0.0,0.0,52.75
009310,참엔지니어링,153621,,,,DART_LIST_013_등록된 종목코드 또는 고유번호가 아닙니다.,NO_REPORT,기타,0,0,0,0,0,0,0,,,0,D,보고서 원문 미확보,6.25,6.0,11.0,8.0,5.5,8.0,2.0,2.0,0.0,0.0,48.75
000650,천일고속,151395,,,,DART_LIST_013_등록된 종목코드 또는 고유번호가 아닙니다.,NO_REPORT,기타,0,0,0,0,0,0,0,,,0,D,보고서 원문 미확보,6.25,6.0,11.0,8.0,5.5,3.0,8.0,5.0,0.0,0.0,52.75
033250,체시스,125576,,,,DART_LIST_013_등록된 종목코드 또는 고유번호가 아닙니다.,NO_REPORT,기타,0,0,0,0,0,0,0,,,0,D,보고서 원문 미확보,6.25,6.0,11.0,8.0,5.5,8.0,2.0,5.0,0.0,0.0,51.75
035720,카카오,258801,,,,DART_LIST_013_등록된 종목코드 또는 고유번호가 아닙니다.,NO_REPORT,기타,0,0,0,0,0,0,0,,,0,D,보고서 원문 미확보,6.25,6.0,11.0,8.0,5.5,8.0,8.0,5.0,0.0,0.0,57.75
323410,카카오뱅크,1133217,,,,DART_LIST_100_corp_code가 필드의 부적절한 값입니다.,NO_REPORT,기타,0,0,0,0,0,0,0,,,0,D,보고서 원문 미확보,6.25,6.0,11.0,8.0,5.5,8.0,4.0,5.0,0.0,0.0,53.75
377300,카카오페이,1244601,,,,DART_LIST_100_corp_code가 필드의 부적절한 값입니다.,NO_REPORT,기타,0,0,0,0,0,0,0,,,0,D,보고서 원문 미확보,6.25,6.0,11.0,8.0,5.5,8.0,8.0,5.0,0.0,0.0,57.75
006380,카프로,159810,,,,DART_LIST_013_등록된 종목코드 또는 고유번호가 아닙니다.,NO_REPORT,기타,0,0,0,0,0,0,0,,,0,D,보고서 원문 미확보,6.25,6.0,11.0,8.0,5.5,3.0,5.0,5.0,0.0,0.0,49.75
279570,케이뱅크,1203312,,,,DART_LIST_100_corp_code가 필드의 부적절한 값입니다.,NO_REPORT,기타,0,0,0,0,0,0,0,,,0,D,보고서 원문 미확보,6.25,6.0,11.0,8.0,5.5,8.0,10.0,5.0,0.0,0.0,59.75
001620,케이비아이동국실업,114765,,,,DART_LIST_013_등록된 종목코드 또는 고유번호가 아닙니다.,NO_REPORT,기타,0,0,0,0,0,0,0,,,0,D,보고서 원문 미확보,6.25,6.0,11.0,8.0,5.5,3.0,4.0,5.0,0.0,0.0,48.75
029460,케이씨,209780,,,,DART_LIST_013_등록된 종목코드 또는 고유번호가 아닙니다.,NO_REPORT,기타,0,0,0,0,0,0,0,,,0,D,보고서 원문 미확보,6.25,6.0,11.0,8.0,5.5,8.0,8.0,5.0,0.0,0.0,57.75
281820,케이씨텍,1261893,,,,DART_LIST_100_corp_code가 필드의 부적절한 값입니다.,NO_REPORT,기타,0,0,0,0,0,0,0,,,0,D,보고서 원문 미확보,6.25,6.0,11.0,8.0,5.5,8.0,7.0,5.0,0.0,0.0,56.75
381970,케이카,1323032,,,,DART_LIST_100_corp_code가 필드의 부적절한 값입니다.,NO_REPORT,기타,0,0,0,0,0,0,0,,,0,D,보고서 원문 미확보,6.25,6.0,11.0,8.0,5.5,8.0,8.0,5.0,0.0,0.0,57.75
145270,케이탑리츠,861076,,,,DART_LIST_013_등록된 종목코드 또는 고유번호가 아닙니다.,NO_REPORT,기타,0,0,0,0,0,0,0,,,0,D,보고서 원문 미확보,6.25,6.0,11.0,8.0,5.5,8.0,10.0,5.0,0.0,0.0,59.75
417310,코람코더원리츠,1180118,,,,DART_LIST_100_corp_code가 필드의 부적절한 값입니다.,NO_REPORT,기타,0,0,0,0,0,0,0,,,0,D,보고서 원문 미확보,6.25,6.0,11.0,8.0,5.5,8.0,4.0,5.0,0.0,0.0,53.75
357120,코람코라이프인프라리츠,1430475,,,,DART_LIST_100_corp_code가 필드의 부적절한 값입니다.,NO_REPORT,기타,0,0,0,0,0,0,0,,,0,D,보고서 원문 미확보,6.25,6.0,11.0,8.0,5.5,8.0,8.0,5.0,0.0,0.0,57.75
007815,코리아써우,,,,,NO_CORP_CODE,OK,기타,0,0,0,0,0,0,0,,,0,D,DART 고유번호 매칭 실패,6.25,6.0,11.0,8.0,5.5,8.0,2.0,5.0,0.0,0.0,51.75
007810,코리아써키트,152686,,,,DART_LIST_013_등록된 종목코드 또는 고유번호가 아닙니다.,NO_REPORT,기타,0,0,0,0,0,0,0,,,0,D,보고서 원문 미확보,6.25,6.0,11.0,8.0,5.5,8.0,2.0,5.0,0.0,0.0,51.75
003690,코리안리,113191,,,,DART_LIST_013_등록된 종목코드 또는 고유번호가 아닙니다.,NO_REPORT,기타,0,0,0,0,0,0,0,,,0,D,보고서 원문 미확보,6.25,6.0,11.0,8.0,5.5,8.0,7.0,5.0,0.0,0.0,56.75
192820,코스맥스,1009789,,,,DART_LIST_100_corp_code가 필드의 부적절한 값입니다.,NO_REPORT,K뷰티/소비재,0,0,0,0,0,0,0,,,0,D,보고서 원문 미확보,15.5,8.25,11.0,8.0,7.5,8.0,8.0,5.0,0.0,0.0,71.25
044820,코스맥스비티아이,219574,,,,DART_LIST_013_등록된 종목코드 또는 고유번호가 아닙니다.,NO_REPORT,K뷰티/소비재,0,0,0,0,0,0,0,,,0,D,보고서 원문 미확보,15.5,8.25,11.0,8.0,7.5,8.0,10.0,5.0,0.0,0.0,73.25
005070,코스모신소재,129989,,,,DART_LIST_013_등록된 종목코드 또는 고유번호가 아닙니다.,NO_REPORT,기타,0,0,0,0,0,0,0,,,0,D,보고서 원문 미확보,6.25,6.0,11.0,8.0,5.5,8.0,8.0,5.0,0.0,0.0,57.75
005420,코스모화학,160302,,,,DART_LIST_013_등록된 종목코드 또는 고유번호가 아닙니다.,NO_REPORT,수입원가부담,0,0,0,0,0,0,0,,,0,D,보고서 원문 미확보,5.0,5.25,11.0,8.0,2.0,8.0,8.0,5.0,0.0,0.0,52.25
071950,코아스,210856,,,,DART_LIST_013_등록된 종목코드 또는 고유번호가 아닙니다.,NO_REPORT,기타,0,0,0,0,0,0,0,,,0,D,보고서 원문 미확보,6.25,6.0,11.0,8.0,5.5,8.0,4.0,2.0,0.0,0.0,50.75
002020,코오롱,152862,,,,DART_LIST_013_등록된 종목코드 또는 고유번호가 아닙니다.,NO_REPORT,기타,0,0,0,0,0,0,0,,,0,D,보고서 원문 미확보,6.25,6.0,11.0,8.0,5.5,8.0,8.0,2.0,0.0,0.0,54.75
138490,코오롱ENP,241005,,,,DART_LIST_013_등록된 종목코드 또는 고유번호가 아닙니다.,NO_REPORT,기타,0,0,0,0,0,0,0,,,0,D,보고서 원문 미확보,6.25,6.0,11.0,8.0,5.5,8.0,2.0,5.0,0.0,0.0,51.75
003070,코오롱글로벌,152880,,,,DART_LIST_013_등록된 종목코드 또는 고유번호가 아닙니다.,NO_REPORT,기타,0,0,0,0,0,0,0,,,0,D,보고서 원문 미확보,6.25,6.0,11.0,8.0,5.5,8.0,8.0,5.0,0.0,0.0,57.75
003075,코오롱글로벌우,,,,,NO_CORP_CODE,OK,기타,0,0,0,0,0,0,0,,,0,D,DART 고유번호 매칭 실패,6.25,6.0,11.0,8.0,5.5,8.0,10.0,5.0,0.0,0.0,59.75
002025,코오롱우,,,,,NO_CORP_CODE,OK,기타,0,0,0,0,0,0,0,,,0,D,DART 고유번호 매칭 실패,6.25,6.0,11.0,8.0,5.5,8.0,8.0,5.0,0.0,0.0,57.75
120110,코오롱인더,795135,,,,DART_LIST_013_등록된 종목코드 또는 고유번호가 아닙니다.,NO_REPORT,기타,0,0,0,0,0,0,0,,,0,D,보고서 원문 미확보,6.25,6.0,11.0,8.0,5.5,8.0,10.0,5.0,0.0,0.0,59.75
120115,코오롱인더우,,,,,NO_CORP_CODE,OK,기타,0,0,0,0,0,0,0,,,0,D,DART 고유번호 매칭 실패,6.25,6.0,11.0,8.0,5.5,8.0,8.0,5.0,0.0,0.0,57.75
021240,코웨이,170558,,,,DART_LIST_013_등록된 종목코드 또는 고유번호가 아닙니다.,NO_REPORT,기타,0,0,0,0,0,0,0,,,0,D,보고서 원문 미확보,6.25,6.0,11.0,8.0,5.5,8.0,4.0,5.0,0.0,0.0,53.75
036420,콘텐트리중앙,203315,,,,DART_LIST_013_등록된 종목코드 또는 고유번호가 아닙니다.,NO_REPORT,기타,0,0,0,0,0,0,0,,,0,D,보고서 원문 미확보,6.25,6.0,11.0,8.0,5.5,3.0,8.0,2.0,0.0,0.0,49.75
024720,콜마홀딩스,203290,,,,DART_LIST_013_등록된 종목코드 또는 고유번호가 아닙니다.,NO_REPORT,기타,0,0,0,0,0,0,0,,,0,D,보고서 원문 미확보,6.25,6.0,11.0,8.0,5.5,8.0,8.0,5.0,0.0,0.0,57.75
192400,쿠쿠홀딩스,132354,,,,DART_LIST_013_등록된 종목코드 또는 고유번호가 아닙니다.,NO_REPORT,기타,0,0,0,0,0,0,0,,,0,D,보고서 원문 미확보,6.25,6.0,11.0,8.0,5.5,8.0,10.0,5.0,0.0,0.0,59.75
284740,쿠쿠홈시스,1267684,,,,DART_LIST_100_corp_code가 필드의 부적절한 값입니다.,NO_REPORT,기타,0,0,0,0,0,0,0,,,0,D,보고서 원문 미확보,6.25,6.0,11.0,8.0,5.5,8.0,10.0,5.0,0.0,0.0,59.75
264900,크라운제과,1205329,,,,DART_LIST_100_corp_code가 필드의 부적절한 값입니다.,NO_REPORT,기타,0,0,0,0,0,0,0,,,0,D,보고서 원문 미확보,6.25,6.0,11.0,8.0,5.5,8.0,10.0,5.0,0.0,0.0,59.75
005740,크라운해태홀딩스,153126,,,,DART_LIST_013_등록된 종목코드 또는 고유번호가 아닙니다.,NO_REPORT,기타,0,0,0,0,0,0,0,,,0,D,보고서 원문 미확보,6.25,6.0,11.0,8.0,5.5,8.0,8.0,5.0,0.0,0.0,57.75
005745,크라운해태홀딩스우,,,,,NO_CORP_CODE,OK,기타,0,0,0,0,0,0,0,,,0,D,DART 고유번호 매칭 실패,6.25,6.0,11.0,8.0,5.5,8.0,8.0,5.0,0.0,0.0,57.75
259960,크래프톤,760971,,,,DART_LIST_013_등록된 종목코드 또는 고유번호가 아닙니다.,NO_REPORT,기타,0,0,0,0,0,0,0,,,0,D,보고서 원문 미확보,6.25,6.0,11.0,8.0,5.5,8.0,8.0,5.0,0.0,0.0,57.75
020120,키다리스튜디오,140131,,,,DART_LIST_013_등록된 종목코드 또는 고유번호가 아닙니다.,NO_REPORT,기타,0,0,0,0,0,0,0,,,0,D,보고서 원문 미확보,6.25,6.0,11.0,8.0,5.5,8.0,8.0,5.0,0.0,0.0,57.75
039490,키움증권,296290,,,,DART_LIST_013_등록된 종목코드 또는 고유번호가 아닙니다.,NO_REPORT,기타,0,0,0,0,0,0,0,,,0,D,보고서 원문 미확보,6.25,6.0,11.0,8.0,5.5,8.0,8.0,5.0,0.0,0.0,57.75
014580,태경비케이,122481,,,,DART_LIST_013_등록된 종목코드 또는 고유번호가 아닙니다.,NO_REPORT,기타,0,0,0,0,0,0,0,,,0,D,보고서 원문 미확보,6.25,6.0,11.0,8.0,5.5,8.0,8.0,5.0,0.0,0.0,57.75
015890,태경산업,153339,,,,DART_LIST_013_등록된 종목코드 또는 고유번호가 아닙니다.,NO_REPORT,기타,0,0,0,0,0,0,0,,,0,D,보고서 원문 미확보,6.25,6.0,11.0,8.0,5.5,8.0,10.0,5.0,0.0,0.0,59.75
006890,태경케미컬,109161,,,,DART_LIST_013_등록된 종목코드 또는 고유번호가 아닙니다.,NO_REPORT,기타,0,0,0,0,0,0,0,,,0,D,보고서 원문 미확보,6.25,6.0,11.0,8.0,5.5,3.0,8.0,5.0,0.0,0.0,52.75
003240,태광산업,153393,,,,DART_LIST_013_등록된 종목코드 또는 고유번호가 아닙니다.,NO_REPORT,기타,0,0,0,0,0,0,0,,,0,D,보고서 원문 미확보,6.25,6.0,11.0,8.0,5.5,3.0,10.0,5.0,0.0,0.0,54.75
011280,태림포장,153524,,,,DART_LIST_013_등록된 종목코드 또는 고유번호가 아닙니다.,NO_REPORT,기타,0,0,0,0,0,0,0,,,0,D,보고서 원문 미확보,6.25,6.0,11.0,8.0,5.5,3.0,8.0,5.0,0.0,0.0,52.75
004100,태양금속,153755,,,,DART_LIST_013_등록된 종목코드 또는 고유번호가 아닙니다.,NO_REPORT,기타,0,0,0,0,0,0,0,,,0,D,보고서 원문 미확보,6.25,6.0,11.0,8.0,5.5,8.0,10.0,5.0,0.0,0.0,59.75
004105,태양금속우,,,,,NO_CORP_CODE,OK,기타,0,0,0,0,0,0,0,,,0,D,DART 고유번호 매칭 실패,6.25,6.0,11.0,8.0,5.5,8.0,10.0,5.0,0.0,0.0,59.75
009410,태영건설,153861,,,,DART_LIST_013_등록된 종목코드 또는 고유번호가 아닙니다.,NO_REPORT,기타,0,0,0,0,0,0,0,,,0,D,보고서 원문 미확보,6.25,6.0,11.0,8.0,5.5,8.0,10.0,5.0,0.0,0.0,59.75
009415,태영건설우,,,,,NO_CORP_CODE,OK,기타,0,0,0,0,0,0,0,,,0,D,DART 고유번호 매칭 실패,6.25,6.0,11.0,8.0,5.5,8.0,7.0,5.0,0.0,0.0,56.75
001420,태원물산,154055,,,,DART_LIST_013_등록된 종목코드 또는 고유번호가 아닙니다.,NO_REPORT,기타,0,0,0,0,0,0,0,,,0,D,보고서 원문 미확보,6.25,6.0,11.0,8.0,5.5,3.0,10.0,5.0,0.0,0.0,54.75
055490,테이팩스,256955,,,,DART_LIST_013_등록된 종목코드 또는 고유번호가 아닙니다.,NO_REPORT,기타,0,0,0,0,0,0,0,,,0,D,보고서 원문 미확보,6.25,6.0,11.0,8.0,5.5,8.0,10.0,5.0,0.0,0.0,59.75
078000,텔코웨어,361488,,,,DART_LIST_013_등록된 종목코드 또는 고유번호가 아닙니다.,NO_REPORT,기타,0,0,0,0,0,0,0,,,0,D,보고서 원문 미확보,6.25,6.0,11.0,8.0,5.5,3.0,8.0,5.0,0.0,0.0,52.75
214420,토니모리,816544,,,,DART_LIST_013_등록된 종목코드 또는 고유번호가 아닙니다.,NO_REPORT,기타,0,0,0,0,0,0,0,,,0,D,보고서 원문 미확보,6.25,6.0,11.0,8.0,5.5,8.0,8.0,5.0,0.0,0.0,57.75
091810,트리니티항공,671376,,,,DART_LIST_013_등록된 종목코드 또는 고유번호가 아닙니다.,NO_REPORT,수입원가부담,0,0,0,0,0,0,0,,,0,D,보고서 원문 미확보,5.0,5.25,11.0,8.0,2.0,8.0,8.0,2.0,0.0,0.0,49.25
019180,티에이치엔,118965,,,,DART_LIST_013_등록된 종목코드 또는 고유번호가 아닙니다.,NO_REPORT,기타,0,0,0,0,0,0,0,,,0,D,보고서 원문 미확보,6.25,6.0,11.0,8.0,5.5,8.0,8.0,5.0,0.0,0.0,57.75
217590,티엠씨,949161,,,,DART_LIST_013_등록된 종목코드 또는 고유번호가 아닙니다.,NO_REPORT,기타,0,0,0,0,0,0,0,,,0,D,보고서 원문 미확보,6.25,6.0,11.0,8.0,5.5,8.0,10.0,5.0,0.0,0.0,59.75
363280,티와이홀딩스,1497869,,,,DART_LIST_100_corp_code가 필드의 부적절한 값입니다.,NO_REPORT,기타,0,0,0,0,0,0,0,,,0,D,보고서 원문 미확보,6.25,6.0,11.0,8.0,5.5,3.0,8.0,5.0,0.0,0.0,52.75
004870,티웨이홀딩스,109514,,,,DART_LIST_013_등록된 종목코드 또는 고유번호가 아닙니다.,NO_REPORT,기타,0,0,0,0,0,0,0,,,0,D,보고서 원문 미확보,6.25,6.0,11.0,8.0,5.5,3.0,10.0,5.0,0.0,0.0,54.75
034230,파라다이스,171265,,,,DART_LIST_013_등록된 종목코드 또는 고유번호가 아닙니다.,NO_REPORT,기타,0,0,0,0,0,0,0,,,0,D,보고서 원문 미확보,6.25,6.0,11.0,8.0,5.5,8.0,10.0,5.0,0.0,0.0,59.75
005690,파미셀,145163,,,,DART_LIST_013_등록된 종목코드 또는 고유번호가 아닙니다.,NO_REPORT,기타,0,0,0,0,0,0,0,,,0,D,보고서 원문 미확보,6.25,6.0,11.0,8.0,5.5,8.0,8.0,5.0,0.0,0.0,57.75
036580,팜스코,260408,,,,DART_LIST_013_등록된 종목코드 또는 고유번호가 아닙니다.,NO_REPORT,기타,0,0,0,0,0,0,0,,,0,D,보고서 원문 미확보,6.25,6.0,11.0,8.0,5.5,8.0,10.0,5.0,0.0,0.0,59.75
004720,팜젠사이언스,135050,,,,DART_LIST_013_등록된 종목코드 또는 고유번호가 아닙니다.,NO_REPORT,기타,0,0,0,0,0,0,0,,,0,D,보고서 원문 미확보,6.25,6.0,11.0,8.0,5.5,8.0,8.0,5.0,0.0,0.0,57.75
028670,팬오션,122737,,,,DART_LIST_013_등록된 종목코드 또는 고유번호가 아닙니다.,NO_REPORT,기타,0,0,0,0,0,0,0,,,0,D,보고서 원문 미확보,6.25,6.0,11.0,8.0,5.5,8.0,10.0,5.0,0.0,0.0,59.75
010820,퍼스텍,148522,,,,DART_LIST_013_등록된 종목코드 또는 고유번호가 아닙니다.,NO_REPORT,기타,0,0,0,0,0,0,0,,,0,D,보고서 원문 미확보,6.25,6.0,11.0,8.0,5.5,8.0,8.0,5.0,0.0,0.0,57.75
016800,퍼시스,161709,,,,DART_LIST_013_등록된 종목코드 또는 고유번호가 아닙니다.,NO_REPORT,기타,0,0,0,0,0,0,0,,,0,D,보고서 원문 미확보,6.25,6.0,11.0,8.0,5.5,3.0,8.0,5.0,0.0,0.0,52.75
001020,페이퍼코리아,134723,,,,DART_LIST_013_등록된 종목코드 또는 고유번호가 아닙니다.,NO_REPORT,기타,0,0,0,0,0,0,0,,,0,D,보고서 원문 미확보,6.25,6.0,11.0,8.0,5.5,8.0,4.0,5.0,0.0,0.0,53.75
090080,평화산업,573579,,,,DART_LIST_013_등록된 종목코드 또는 고유번호가 아닙니다.,NO_REPORT,기타,0,0,0,0,0,0,0,,,0,D,보고서 원문 미확보,6.25,6.0,11.0,8.0,5.5,8.0,8.0,5.0,0.0,0.0,57.75
010770,평화홀딩스,155124,,,,DART_LIST_013_등록된 종목코드 또는 고유번호가 아닙니다.,NO_REPORT,기타,0,0,0,0,0,0,0,,,0,D,보고서 원문 미확보,6.25,6.0,11.0,8.0,5.5,8.0,10.0,5.0,0.0,0.0,59.75
022100,포스코DX,155212,,,,DART_LIST_013_등록된 종목코드 또는 고유번호가 아닙니다.,NO_REPORT,기타,0,0,0,0,0,0,0,,,0,D,보고서 원문 미확보,6.25,6.0,11.0,8.0,5.5,8.0,8.0,5.0,0.0,0.0,57.75
058430,포스코스틸리온,155258,,,,DART_LIST_013_등록된 종목코드 또는 고유번호가 아닙니다.,NO_REPORT,기타,0,0,0,0,0,0,0,,,0,D,보고서 원문 미확보,6.25,6.0,11.0,8.0,5.5,8.0,8.0,5.0,0.0,0.0,57.75
047050,포스코인터내셔널,124504,,,,DART_LIST_013_등록된 종목코드 또는 고유번호가 아닙니다.,NO_REPORT,기타,0,0,0,0,0,0,0,,,0,D,보고서 원문 미확보,6.25,6.0,11.0,8.0,5.5,8.0,8.0,5.0,0.0,0.0,57.75
003670,포스코퓨처엠,155276,,,,DART_LIST_013_등록된 종목코드 또는 고유번호가 아닙니다.,NO_REPORT,기타,0,0,0,0,0,0,0,,,0,D,보고서 원문 미확보,6.25,6.0,11.0,8.0,5.5,8.0,8.0,5.0,0.0,0.0,57.75
017810,풀무원,155355,,,,DART_LIST_013_등록된 종목코드 또는 고유번호가 아닙니다.,NO_REPORT,기타,0,0,0,0,0,0,0,,,0,D,보고서 원문 미확보,6.25,6.0,11.0,8.0,5.5,8.0,8.0,5.0,0.0,0.0,57.75
103140,풍산,684714,,,,DART_LIST_013_등록된 종목코드 또는 고유번호가 아닙니다.,NO_REPORT,방산,0,0,0,0,0,0,0,,,0,D,보고서 원문 미확보,19.5,10.2,11.0,8.0,7.5,8.0,8.0,5.0,0.0,0.0,77.2
005810,풍산홀딩스,155531,,,,DART_LIST_013_등록된 종목코드 또는 고유번호가 아닙니다.,NO_REPORT,방산,0,0,0,0,0,0,0,,,0,D,보고서 원문 미확보,19.5,10.2,11.0,8.0,7.5,8.0,8.0,5.0,0.0,0.0,77.2
950210,프레스티지바이오파마,1510489,,,,DART_LIST_100_corp_code가 필드의 부적절한 값입니다.,NO_REPORT,바이오/제약,0,0,0,0,0,0,0,,,0,D,보고서 원문 미확보,16.25,9.0,11.0,8.0,8.0,3.0,8.0,5.0,0.0,0.0,68.25
009810,플레이그램,103130,,,,DART_LIST_013_조회된 데이타가 없습니다.,NO_REPORT,기타,0,0,0,0,0,0,0,,,0,D,보고서 원문 미확보,6.25,6.0,11.0,8.0,5.5,8.0,4.0,5.0,0.0,0.0,53.75
086790,하나금융지주,547583,,,,DART_LIST_013_등록된 종목코드 또는 고유번호가 아닙니다.,NO_REPORT,기타,0,0,0,0,0,0,0,,,0,D,보고서 원문 미확보,6.25,6.0,11.0,8.0,5.5,8.0,7.0,5.0,0.0,0.0,56.75
293480,하나제약,248974,,,,DART_LIST_013_등록된 종목코드 또는 고유번호가 아닙니다.,NO_REPORT,기타,0,0,0,0,0,0,0,,,0,D,보고서 원문 미확보,6.25,6.0,11.0,8.0,5.5,8.0,8.0,5.0,0.0,0.0,57.75
039130,하나투어,269940,,,,DART_LIST_013_등록된 종목코드 또는 고유번호가 아닙니다.,NO_REPORT,기타,0,0,0,0,0,0,0,,,0,D,보고서 원문 미확보,6.25,6.0,11.0,8.0,5.5,8.0,8.0,5.0,0.0,0.0,57.75
352820,하이브,1204056,,,,DART_LIST_100_corp_code가 필드의 부적절한 값입니다.,NO_REPORT,기타,0,0,0,0,0,0,0,,,0,D,보고서 원문 미확보,6.25,6.0,11.0,8.0,5.5,3.0,8.0,2.0,0.0,0.0,49.75
071090,하이스틸,435312,,,,DART_LIST_013_등록된 종목코드 또는 고유번호가 아닙니다.,NO_REPORT,기타,0,0,0,0,0,0,0,,,0,D,보고서 원문 미확보,6.25,6.0,11.0,8.0,5.5,8.0,8.0,5.0,0.0,0.0,57.75
000080,하이트진로,150244,,,,DART_LIST_013_등록된 종목코드 또는 고유번호가 아닙니다.,NO_REPORT,기타,0,0,0,0,0,0,0,,,0,D,보고서 원문 미확보,6.25,6.0,11.0,8.0,5.5,8.0,10.0,5.0,0.0,0.0,59.75
000087,하이트진로2우B,,,,,NO_CORP_CODE,OK,기타,0,0,0,0,0,0,0,,,0,D,DART 고유번호 매칭 실패,6.25,6.0,11.0,8.0,5.5,8.0,8.0,5.0,0.0,0.0,57.75
000140,하이트진로홀딩스,148993,,,,DART_LIST_013_등록된 종목코드 또는 고유번호가 아닙니다.,NO_REPORT,기타,0,0,0,0,0,0,0,,,0,D,보고서 원문 미확보,6.25,6.0,11.0,8.0,5.5,8.0,8.0,5.0,0.0,0.0,57.75
000145,하이트진로홀딩스우,,,,,NO_CORP_CODE,OK,기타,0,0,0,0,0,0,0,,,0,D,DART 고유번호 매칭 실패,6.25,6.0,11.0,8.0,5.5,8.0,8.0,5.0,0.0,0.0,57.75
152550,한국ANKOR유전,907013,,,,DART_LIST_013_등록된 종목코드 또는 고유번호가 아닙니다.,NO_REPORT,기타,0,0,0,0,0,0,0,,,0,D,보고서 원문 미확보,6.25,6.0,11.0,8.0,5.5,8.0,8.0,5.0,0.0,0.0,57.75
036460,한국가스공사,261285,,,,DART_LIST_013_등록된 종목코드 또는 고유번호가 아닙니다.,NO_REPORT,수입원가부담,0,0,0,0,0,0,0,,,0,D,보고서 원문 미확보,5.0,5.25,11.0,8.0,2.0,8.0,10.0,5.0,0.0,0.0,54.25
005430,한국공항,156691,,,,DART_LIST_013_등록된 종목코드 또는 고유번호가 아닙니다.,NO_REPORT,기타,0,0,0,0,0,0,0,,,0,D,보고서 원문 미확보,6.25,6.0,11.0,8.0,5.5,8.0,7.0,5.0,0.0,0.0,56.75
071050,한국금융지주,432102,,,,DART_LIST_013_등록된 종목코드 또는 고유번호가 아닙니다.,NO_REPORT,기타,0,0,0,0,0,0,0,,,0,D,보고서 원문 미확보,6.25,6.0,11.0,8.0,5.5,8.0,10.0,5.0,0.0,0.0,59.75
071055,한국금융지주우,,,,,NO_CORP_CODE,OK,기타,0,0,0,0,0,0,0,,,0,D,DART 고유번호 매칭 실패,6.25,6.0,11.0,8.0,5.5,8.0,10.0,5.0,0.0,0.0,59.75
010040,한국내화,160205,,,,DART_LIST_013_등록된 종목코드 또는 고유번호가 아닙니다.,NO_REPORT,기타,0,0,0,0,0,0,0,,,0,D,보고서 원문 미확보,6.25,6.0,11.0,8.0,5.5,3.0,8.0,5.0,0.0,0.0,52.75
025540,한국단자,157070,,,,DART_LIST_013_등록된 종목코드 또는 고유번호가 아닙니다.,NO_REPORT,기타,0,0,0,0,0,0,0,,,0,D,보고서 원문 미확보,6.25,6.0,11.0,8.0,5.5,8.0,10.0,5.0,0.0,0.0,59.75
010100,한국무브넥스,160418,,,,DART_LIST_013_등록된 종목코드 또는 고유번호가 아닙니다.,NO_REPORT,기타,0,0,0,0,0,0,0,,,0,D,보고서 원문 미확보,6.25,6.0,11.0,8.0,5.5,8.0,8.0,5.0,0.0,0.0,57.75
004090,한국석유,157991,,,,DART_LIST_013_등록된 종목코드 또는 고유번호가 아닙니다.,NO_REPORT,기타,0,0,0,0,0,0,0,,,0,D,보고서 원문 미확보,6.25,6.0,11.0,8.0,5.5,8.0,8.0,5.0,0.0,0.0,57.75
002200,한국수출포장,158112,,,,DART_LIST_013_등록된 종목코드 또는 고유번호가 아닙니다.,NO_REPORT,기타,0,0,0,0,0,0,0,,,0,D,보고서 원문 미확보,6.25,6.0,11.0,8.0,5.5,3.0,8.0,5.0,0.0,0.0,52.75
002960,한국쉘석유,158149,,,,DART_LIST_013_등록된 종목코드 또는 고유번호가 아닙니다.,NO_REPORT,기타,0,0,0,0,0,0,0,,,0,D,보고서 원문 미확보,6.25,6.0,11.0,8.0,5.5,8.0,10.0,5.0,0.0,0.0,59.75
000240,한국앤컴퍼니,160047,,,,DART_LIST_013_등록된 종목코드 또는 고유번호가 아닙니다.,NO_REPORT,기타,0,0,0,0,0,0,0,,,0,D,보고서 원문 미확보,6.25,6.0,11.0,8.0,5.5,8.0,4.0,5.0,0.0,0.0,53.75
123890,한국자산신탁,404701,,,,DART_LIST_013_등록된 종목코드 또는 고유번호가 아닙니다.,NO_REPORT,기타,0,0,0,0,0,0,0,,,0,D,보고서 원문 미확보,6.25,6.0,11.0,8.0,5.5,8.0,10.0,5.0,0.0,0.0,59.75
015760,한국전력,159193,,,,DART_LIST_013_등록된 종목코드 또는 고유번호가 아닙니다.,NO_REPORT,수입원가부담,0,0,0,0,0,0,0,,,0,D,보고서 원문 미확보,5.0,5.25,11.0,8.0,2.0,8.0,8.0,5.0,0.0,0.0,52.25
006200,한국전자홀딩스,159254,,,,DART_LIST_013_등록된 종목코드 또는 고유번호가 아닙니다.,NO_REPORT,기타,0,0,0,0,0,0,0,,,0,D,보고서 원문 미확보,6.25,6.0,11.0,8.0,5.5,3.0,7.0,5.0,0.0,0.0,51.75
027970,한국제지,133706,,,,DART_LIST_013_등록된 종목코드 또는 고유번호가 아닙니다.,NO_REPORT,기타,0,0,0,0,0,0,0,,,0,D,보고서 원문 미확보,6.25,6.0,11.0,8.0,5.5,8.0,8.0,5.0,0.0,0.0,57.75
023350,한국종합기술,159500,,,,DART_LIST_013_등록된 종목코드 또는 고유번호가 아닙니다.,NO_REPORT,기타,0,0,0,0,0,0,0,,,0,D,보고서 원문 미확보,6.25,6.0,11.0,8.0,5.5,8.0,8.0,5.0,0.0,0.0,57.75
025890,한국주강,159564,,,,DART_LIST_013_등록된 종목코드 또는 고유번호가 아닙니다.,NO_REPORT,기타,0,0,0,0,0,0,0,,,0,D,보고서 원문 미확보,6.25,6.0,11.0,8.0,5.5,8.0,10.0,5.0,0.0,0.0,59.75
000970,한국주철관,1949469,,,,DART_LIST_100_corp_code가 필드의 부적절한 값입니다.,NO_REPORT,기타,0,0,0,0,0,0,0,,,0,D,보고서 원문 미확보,6.25,6.0,11.0,8.0,5.5,3.0,10.0,5.0,0.0,0.0,54.75
104700,한국철강,687711,,,,DART_LIST_013_등록된 종목코드 또는 고유번호가 아닙니다.,NO_REPORT,기타,0,0,0,0,0,0,0,,,0,D,보고서 원문 미확보,6.25,6.0,11.0,8.0,5.5,3.0,10.0,5.0,0.0,0.0,54.75
017960,한국카본,159795,,,,DART_LIST_013_등록된 종목코드 또는 고유번호가 아닙니다.,NO_REPORT,기타,0,0,0,0,0,0,0,,,0,D,보고서 원문 미확보,6.25,6.0,11.0,8.0,5.5,8.0,8.0,2.0,0.0,0.0,54.75
161890,한국콜마,939331,,,,DART_LIST_013_등록된 종목코드 또는 고유번호가 아닙니다.,NO_REPORT,K뷰티/소비재,0,0,0,0,0,0,0,,,0,D,보고서 원문 미확보,15.5,8.25,11.0,8.0,7.5,8.0,10.0,5.0,0.0,0.0,73.25
161390,한국타이어앤테크놀로지,937324,,,,DART_LIST_013_등록된 종목코드 또는 고유번호가 아닙니다.,NO_REPORT,자동차/부품,0,0,0,0,0,0,0,,,0,D,보고서 원문 미확보,18.0,8.25,11.0,8.0,6.5,8.0,2.0,5.0,0.0,0.0,66.75
034830,한국토지신탁,233653,,,,DART_LIST_013_등록된 종목코드 또는 고유번호가 아닙니다.,NO_REPORT,기타,0,0,0,0,0,0,0,,,0,D,보고서 원문 미확보,6.25,6.0,11.0,8.0,5.5,8.0,8.0,5.0,0.0,0.0,57.75
007280,한국특강,124090,,,,DART_LIST_013_등록된 종목코드 또는 고유번호가 아닙니다.,NO_REPORT,기타,0,0,0,0,0,0,0,,,0,D,보고서 원문 미확보,6.25,6.0,11.0,8.0,5.5,3.0,4.0,5.0,0.0,0.0,48.75
047810,한국항공우주,309503,,,,DART_LIST_013_등록된 종목코드 또는 고유번호가 아닙니다.,NO_REPORT,방산,0,0,0,0,0,0,0,,,0,D,보고서 원문 미확보,19.5,10.2,11.0,8.0,7.5,8.0,10.0,5.0,0.0,0.0,79.2
123690,한국화장품,823429,,,,DART_LIST_013_등록된 종목코드 또는 고유번호가 아닙니다.,NO_REPORT,기타,0,0,0,0,0,0,0,,,0,D,보고서 원문 미확보,6.25,6.0,11.0,8.0,5.5,8.0,8.0,5.0,0.0,0.0,57.75
003350,한국화장품제조,160621,,,,DART_LIST_013_등록된 종목코드 또는 고유번호가 아닙니다.,NO_REPORT,기타,0,0,0,0,0,0,0,,,0,D,보고서 원문 미확보,6.25,6.0,11.0,8.0,5.5,8.0,10.0,5.0,0.0,0.0,59.75
011500,한농화성,160861,,,,DART_LIST_013_등록된 종목코드 또는 고유번호가 아닙니다.,NO_REPORT,기타,0,0,0,0,0,0,0,,,0,D,보고서 원문 미확보,6.25,6.0,11.0,8.0,5.5,8.0,8.0,5.0,0.0,0.0,57.75
002390,한독,161046,,,,DART_LIST_013_등록된 종목코드 또는 고유번호가 아닙니다.,NO_REPORT,기타,0,0,0,0,0,0,0,,,0,D,보고서 원문 미확보,6.25,6.0,11.0,8.0,5.5,8.0,8.0,5.0,0.0,0.0,57.75
053690,한미글로벌,413523,,,,DART_LIST_013_등록된 종목코드 또는 고유번호가 아닙니다.,NO_REPORT,기타,0,0,0,0,0,0,0,,,0,D,보고서 원문 미확보,6.25,6.0,11.0,8.0,5.5,8.0,8.0,5.0,0.0,0.0,57.75
042700,한미반도체,161383,,,,DART_LIST_013_등록된 종목코드 또는 고유번호가 아닙니다.,NO_REPORT,반도체/전자부품,0,0,0,0,0,0,0,,,0,D,보고서 원문 미확보,20.0,9.0,11.0,8.0,6.5,8.0,8.0,5.0,0.0,0.0,75.5
008930,한미사이언스,161426,,,,DART_LIST_013_등록된 종목코드 또는 고유번호가 아닙니다.,NO_REPORT,기타,0,0,0,0,0,0,0,,,0,D,보고서 원문 미확보,6.25,6.0,11.0,8.0,5.5,8.0,8.0,5.0,0.0,0.0,57.75
128940,한미약품,828497,,,,DART_LIST_013_등록된 종목코드 또는 고유번호가 아닙니다.,NO_REPORT,바이오/제약,0,0,0,0,0,0,0,,,0,D,보고서 원문 미확보,16.25,9.0,11.0,8.0,8.0,8.0,8.0,5.0,0.0,0.0,73.25
009240,한샘,161693,,,,DART_LIST_013_등록된 종목코드 또는 고유번호가 아닙니다.,NO_REPORT,기타,0,0,0,0,0,0,0,,,0,D,보고서 원문 미확보,6.25,6.0,11.0,8.0,5.5,8.0,10.0,5.0,0.0,0.0,59.75
020000,한섬,188089,,,,DART_LIST_013_등록된 종목코드 또는 고유번호가 아닙니다.,NO_REPORT,기타,0,0,0,0,0,0,0,,,0,D,보고서 원문 미확보,6.25,6.0,11.0,8.0,5.5,8.0,10.0,5.0,0.0,0.0,59.75
003680,한성기업,161860,,,,DART_LIST_013_등록된 종목코드 또는 고유번호가 아닙니다.,NO_REPORT,기타,0,0,0,0,0,0,0,,,0,D,보고서 원문 미확보,6.25,6.0,11.0,8.0,5.5,8.0,10.0,5.0,0.0,0.0,59.75
105630,한세실업,728638,,,,DART_LIST_013_등록된 종목코드 또는 고유번호가 아닙니다.,NO_REPORT,기타,0,0,0,0,0,0,0,,,0,D,보고서 원문 미확보,6.25,6.0,11.0,8.0,5.5,8.0,8.0,5.0,0.0,0.0,57.75
069640,한세엠케이,357360,,,,DART_LIST_013_등록된 종목코드 또는 고유번호가 아닙니다.,NO_REPORT,기타,0,0,0,0,0,0,0,,,0,D,보고서 원문 미확보,6.25,6.0,11.0,8.0,5.5,8.0,7.0,5.0,0.0,0.0,56.75
016450,한세예스24홀딩스,161976,,,,DART_LIST_013_등록된 종목코드 또는 고유번호가 아닙니다.,NO_REPORT,기타,0,0,0,0,0,0,0,,,0,D,보고서 원문 미확보,6.25,6.0,11.0,8.0,5.5,8.0,10.0,5.0,0.0,0.0,59.75
009180,한솔로지스틱스,140946,,,,DART_LIST_013_등록된 종목코드 또는 고유번호가 아닙니다.,NO_REPORT,기타,0,0,0,0,0,0,0,,,0,D,보고서 원문 미확보,6.25,6.0,11.0,8.0,5.5,8.0,8.0,5.0,0.0,0.0,57.75
213500,한솔제지,1060744,,,,DART_LIST_100_corp_code가 필드의 부적절한 값입니다.,NO_REPORT,기타,0,0,0,0,0,0,0,,,0,D,보고서 원문 미확보,6.25,6.0,11.0,8.0,5.5,8.0,8.0,5.0,0.0,0.0,57.75
014680,한솔케미칼,140955,,,,DART_LIST_013_등록된 종목코드 또는 고유번호가 아닙니다.,NO_REPORT,기타,0,0,0,0,0,0,0,,,0,D,보고서 원문 미확보,6.25,6.0,11.0,8.0,5.5,8.0,10.0,5.0,0.0,0.0,59.75
004710,한솔테크닉스,157399,,,,DART_LIST_013_등록된 종목코드 또는 고유번호가 아닙니다.,NO_REPORT,기타,0,0,0,0,0,0,0,,,0,D,보고서 원문 미확보,6.25,6.0,11.0,8.0,5.5,8.0,7.0,2.0,0.0,0.0,53.75
004150,한솔홀딩스,171636,,,,DART_LIST_013_등록된 종목코드 또는 고유번호가 아닙니다.,NO_REPORT,기타,0,0,0,0,0,0,0,,,0,D,보고서 원문 미확보,6.25,6.0,11.0,8.0,5.5,8.0,10.0,2.0,0.0,0.0,56.75
025750,한솔홈데코,203582,,,,DART_LIST_013_등록된 종목코드 또는 고유번호가 아닙니다.,NO_REPORT,기타,0,0,0,0,0,0,0,,,0,D,보고서 원문 미확보,6.25,6.0,11.0,8.0,5.5,8.0,7.0,5.0,0.0,0.0,56.75
004960,한신공영,162063,,,,DART_LIST_013_등록된 종목코드 또는 고유번호가 아닙니다.,NO_REPORT,기타,0,0,0,0,0,0,0,,,0,D,보고서 원문 미확보,6.25,6.0,11.0,8.0,5.5,8.0,8.0,5.0,0.0,0.0,57.75
011700,한신기계,162072,,,,DART_LIST_013_등록된 종목코드 또는 고유번호가 아닙니다.,NO_REPORT,기타,0,0,0,0,0,0,0,,,0,D,보고서 원문 미확보,6.25,6.0,11.0,8.0,5.5,3.0,8.0,5.0,0.0,0.0,52.75
001750,한양증권,162416,,,,DART_LIST_013_등록된 종목코드 또는 고유번호가 아닙니다.,NO_REPORT,기타,0,0,0,0,0,0,0,,,0,D,보고서 원문 미확보,6.25,6.0,11.0,8.0,5.5,8.0,8.0,5.0,0.0,0.0,57.75
001755,한양증권우,,,,,NO_CORP_CODE,OK,기타,0,0,0,0,0,0,0,,,0,D,DART 고유번호 매칭 실패,6.25,6.0,11.0,8.0,5.5,8.0,8.0,5.0,0.0,0.0,57.75
018880,한온시스템,161125,,,,DART_LIST_013_등록된 종목코드 또는 고유번호가 아닙니다.,NO_REPORT,기타,0,0,0,0,0,0,0,,,0,D,보고서 원문 미확보,6.25,6.0,11.0,8.0,5.5,8.0,10.0,5.0,0.0,0.0,59.75
009420,한올바이오파마,162586,,,,DART_LIST_013_등록된 종목코드 또는 고유번호가 아닙니다.,NO_REPORT,바이오/제약,0,0,0,0,0,0,0,,,0,D,보고서 원문 미확보,16.25,9.0,11.0,8.0,8.0,8.0,10.0,5.0,0.0,0.0,75.25
014130,한익스프레스,129509,,,,DART_LIST_013_등록된 종목코드 또는 고유번호가 아닙니다.,NO_REPORT,기타,0,0,0,0,0,0,0,,,0,D,보고서 원문 미확보,6.25,6.0,11.0,8.0,5.5,3.0,8.0,5.0,0.0,0.0,52.75
300720,한일시멘트,1319808,,,,DART_LIST_100_corp_code가 필드의 부적절한 값입니다.,NO_REPORT,기타,0,0,0,0,0,0,0,,,0,D,보고서 원문 미확보,6.25,6.0,11.0,8.0,5.5,8.0,8.0,5.0,0.0,0.0,57.75
002220,한일철강,163196,,,,DART_LIST_013_등록된 종목코드 또는 고유번호가 아닙니다.,NO_REPORT,기타,0,0,0,0,0,0,0,,,0,D,보고서 원문 미확보,6.25,6.0,11.0,8.0,5.5,8.0,4.0,5.0,0.0,0.0,53.75
003300,한일홀딩스,162993,,,,DART_LIST_013_등록된 종목코드 또는 고유번호가 아닙니다.,NO_REPORT,기타,0,0,0,0,0,0,0,,,0,D,보고서 원문 미확보,6.25,6.0,11.0,8.0,5.5,8.0,8.0,5.0,0.0,0.0,57.75
051600,한전KPS,159218,,,,DART_LIST_013_등록된 종목코드 또는 고유번호가 아닙니다.,NO_REPORT,기타,0,0,0,0,0,0,0,,,0,D,보고서 원문 미확보,6.25,6.0,11.0,8.0,5.5,8.0,8.0,5.0,0.0,0.0,57.75
052690,한전기술,159209,,,,DART_LIST_013_등록된 종목코드 또는 고유번호가 아닙니다.,NO_REPORT,기타,0,0,0,0,0,0,0,,,0,D,보고서 원문 미확보,6.25,6.0,11.0,8.0,5.5,8.0,8.0,5.0,0.0,0.0,57.75
130660,한전산업,194947,,,,DART_LIST_013_등록된 종목코드 또는 고유번호가 아닙니다.,NO_REPORT,기타,0,0,0,0,0,0,0,,,0,D,보고서 원문 미확보,6.25,6.0,11.0,8.0,5.5,8.0,8.0,5.0,0.0,0.0,57.75
002320,한진,163512,,,,DART_LIST_013_등록된 종목코드 또는 고유번호가 아닙니다.,NO_REPORT,기타,0,0,0,0,0,0,0,,,0,D,보고서 원문 미확보,6.25,6.0,11.0,8.0,5.5,8.0,8.0,5.0,0.0,0.0,57.75
003480,한진중공업홀딩스,163673,,,,DART_LIST_013_등록된 종목코드 또는 고유번호가 아닙니다.,NO_REPORT,조선,0,0,0,0,0,0,0,,,0,D,보고서 원문 미확보,22.5,11.25,11.0,8.0,6.5,8.0,10.0,5.0,0.0,0.0,82.25
180640,한진칼,983040,,,,DART_LIST_013_등록된 종목코드 또는 고유번호가 아닙니다.,NO_REPORT,기타,0,0,0,0,0,0,0,,,0,D,보고서 원문 미확보,6.25,6.0,11.0,8.0,5.5,8.0,10.0,5.0,0.0,0.0,59.75
005110,한창,163716,,,,DART_LIST_013_등록된 종목코드 또는 고유번호가 아닙니다.,NO_REPORT,기타,0,0,0,0,0,0,0,,,0,D,보고서 원문 미확보,6.25,6.0,11.0,8.0,5.5,3.0,5.0,5.0,0.0,0.0,49.75
009460,한창제지,163761,,,,DART_LIST_013_등록된 종목코드 또는 고유번호가 아닙니다.,NO_REPORT,기타,0,0,0,0,0,0,0,,,0,D,보고서 원문 미확보,6.25,6.0,11.0,8.0,5.5,8.0,2.0,5.0,0.0,0.0,51.75
372910,한컴라이프케어,534598,,,,DART_LIST_013_등록된 종목코드 또는 고유번호가 아닙니다.,NO_REPORT,기타,0,0,0,0,0,0,0,,,0,D,보고서 원문 미확보,6.25,6.0,11.0,8.0,5.5,3.0,8.0,5.0,0.0,0.0,52.75
000880,한화,160588,,,,DART_LIST_013_등록된 종목코드 또는 고유번호가 아닙니다.,NO_REPORT,기타,0,0,0,0,0,0,0,,,0,D,보고서 원문 미확보,6.25,6.0,11.0,8.0,5.5,8.0,10.0,2.0,0.0,0.0,56.75
452260,한화갤러리아,1722437,,,,DART_LIST_100_corp_code가 필드의 부적절한 값입니다.,NO_REPORT,기타,0,0,0,0,0,0,0,,,0,D,보고서 원문 미확보,6.25,6.0,11.0,8.0,5.5,8.0,8.0,5.0,0.0,0.0,57.75
451800,한화리츠,1669226,,,,DART_LIST_100_corp_code가 필드의 부적절한 값입니다.,NO_REPORT,기타,0,0,0,0,0,0,0,,,0,D,보고서 원문 미확보,6.25,6.0,11.0,8.0,5.5,8.0,8.0,5.0,0.0,0.0,57.75
489790,한화비전,1867758,,,,DART_LIST_100_corp_code가 필드의 부적절한 값입니다.,NO_REPORT,기타,0,0,0,0,0,0,0,,,0,D,보고서 원문 미확보,6.25,6.0,11.0,8.0,5.5,8.0,8.0,2.0,0.0,0.0,54.75
088350,한화생명,113058,,,,DART_LIST_013_등록된 종목코드 또는 고유번호가 아닙니다.,NO_REPORT,기타,0,0,0,0,0,0,0,,,0,D,보고서 원문 미확보,6.25,6.0,11.0,8.0,5.5,8.0,10.0,5.0,0.0,0.0,59.75
000370,한화손해보험,1902990,,,,DART_LIST_100_corp_code가 필드의 부적절한 값입니다.,NO_REPORT,기타,0,0,0,0,0,0,0,,,0,D,보고서 원문 미확보,6.25,6.0,11.0,8.0,5.5,3.0,10.0,5.0,0.0,0.0,54.75
009830,한화솔루션,162461,,,,DART_LIST_013_등록된 종목코드 또는 고유번호가 아닙니다.,NO_REPORT,기타,0,0,0,0,0,0,0,,,0,D,보고서 원문 미확보,6.25,6.0,11.0,8.0,5.5,8.0,8.0,2.0,0.0,0.0,54.75
009835,한화솔루션우,,,,,NO_CORP_CODE,OK,기타,0,0,0,0,0,0,0,,,0,D,DART 고유번호 매칭 실패,6.25,6.0,11.0,8.0,5.5,8.0,8.0,5.0,0.0,0.0,57.75
272210,한화시스템,339391,,,,DART_LIST_013_등록된 종목코드 또는 고유번호가 아닙니다.,NO_REPORT,기타,0,0,0,0,0,0,0,,,0,D,보고서 원문 미확보,6.25,6.0,11.0,8.0,5.5,8.0,8.0,5.0,0.0,0.0,57.75
012450,한화에어로스페이스,126566,,,,DART_LIST_013_등록된 종목코드 또는 고유번호가 아닙니다.,NO_REPORT,방산,0,0,0,0,0,0,0,,,0,D,보고서 원문 미확보,19.5,10.2,11.0,8.0,7.5,8.0,8.0,5.0,0.0,0.0,77.2
082740,한화엔진,361008,,,,DART_LIST_013_등록된 종목코드 또는 고유번호가 아닙니다.,NO_REPORT,기타,0,0,0,0,0,0,0,,,0,D,보고서 원문 미확보,6.25,6.0,11.0,8.0,5.5,8.0,10.0,5.0,0.0,0.0,59.75
042660,한화오션,111704,,,,DART_LIST_013_등록된 종목코드 또는 고유번호가 아닙니다.,NO_REPORT,조선,0,0,0,0,0,0,0,,,0,D,보고서 원문 미확보,22.5,11.25,11.0,8.0,6.5,8.0,10.0,2.0,0.0,0.0,79.25
003530,한화투자증권,148610,,,,DART_LIST_013_등록된 종목코드 또는 고유번호가 아닙니다.,NO_REPORT,기타,0,0,0,0,0,0,0,,,0,D,보고서 원문 미확보,6.25,6.0,11.0,8.0,5.5,8.0,8.0,5.0,0.0,0.0,57.75
003535,한화투자증권우,,,,,NO_CORP_CODE,OK,기타,0,0,0,0,0,0,0,,,0,D,DART 고유번호 매칭 실패,6.25,6.0,11.0,8.0,5.5,8.0,8.0,5.0,0.0,0.0,57.75
195870,해성디에스,1032413,,,,DART_LIST_100_corp_code가 필드의 부적절한 값입니다.,NO_REPORT,기타,0,0,0,0,0,0,0,,,0,D,보고서 원문 미확보,6.25,6.0,11.0,8.0,5.5,8.0,10.0,5.0,0.0,0.0,59.75
101530,해태제과식품,428321,,,,DART_LIST_013_등록된 종목코드 또는 고유번호가 아닙니다.,NO_REPORT,기타,0,0,0,0,0,0,0,,,0,D,보고서 원문 미확보,6.25,6.0,11.0,8.0,5.5,8.0,8.0,5.0,0.0,0.0,57.75
143210,핸즈코퍼레이션,119140,,,,DART_LIST_013_등록된 종목코드 또는 고유번호가 아닙니다.,NO_REPORT,기타,0,0,0,0,0,0,0,,,0,D,보고서 원문 미확보,6.25,6.0,11.0,8.0,5.5,3.0,2.0,2.0,0.0,0.0,43.75
000720,현대건설,1934935,,,,DART_LIST_100_corp_code가 필드의 부적절한 값입니다.,NO_REPORT,기타,0,0,0,0,0,0,0,,,0,D,보고서 원문 미확보,6.25,6.0,11.0,8.0,5.5,3.0,10.0,2.0,0.0,0.0,51.75
000725,현대건설우,,,,,NO_CORP_CODE,OK,기타,0,0,0,0,0,0,0,,,0,D,DART 고유번호 매칭 실패,6.25,6.0,11.0,8.0,5.5,8.0,8.0,5.0,0.0,0.0,57.75
453340,현대그린푸드,1721809,,,,DART_LIST_100_corp_code가 필드의 부적절한 값입니다.,NO_REPORT,기타,0,0,0,0,0,0,0,,,0,D,보고서 원문 미확보,6.25,6.0,11.0,8.0,5.5,8.0,10.0,5.0,0.0,0.0,59.75
086280,현대글로비스,360595,,,,DART_LIST_013_등록된 종목코드 또는 고유번호가 아닙니다.,NO_REPORT,기타,0,0,0,0,0,0,0,,,0,D,보고서 원문 미확보,6.25,6.0,11.0,8.0,5.5,8.0,8.0,5.0,0.0,0.0,57.75
064350,현대로템,302926,,,,DART_LIST_013_등록된 종목코드 또는 고유번호가 아닙니다.,NO_REPORT,방산,0,0,0,0,0,0,0,,,0,D,보고서 원문 미확보,19.5,10.2,11.0,8.0,7.5,8.0,10.0,5.0,0.0,0.0,79.2
079430,현대리바트,300548,,,,DART_LIST_013_등록된 종목코드 또는 고유번호가 아닙니다.,NO_REPORT,기타,0,0,0,0,0,0,0,,,0,D,보고서 원문 미확보,6.25,6.0,11.0,8.0,5.5,8.0,8.0,5.0,0.0,0.0,57.75
012330,현대모비스,164788,,,,DART_LIST_013_등록된 종목코드 또는 고유번호가 아닙니다.,NO_REPORT,자동차/부품,0,0,0,0,0,0,0,,,0,D,보고서 원문 미확보,18.0,8.25,11.0,8.0,6.5,8.0,10.0,5.0,0.0,0.0,74.75
069960,현대백화점,428251,,,,DART_LIST_013_등록된 종목코드 또는 고유번호가 아닙니다.,NO_REPORT,기타,0,0,0,0,0,0,0,,,0,D,보고서 원문 미확보,6.25,6.0,11.0,8.0,5.5,8.0,2.0,5.0,0.0,0.0,51.75
004560,현대비앤지스틸,125743,,,,DART_LIST_013_등록된 종목코드 또는 고유번호가 아닙니다.,NO_REPORT,기타,0,0,0,0,0,0,0,,,0,D,보고서 원문 미확보,6.25,6.0,11.0,8.0,5.5,8.0,8.0,5.0,0.0,0.0,57.75
004310,현대약품,164706,,,,DART_LIST_013_등록된 종목코드 또는 고유번호가 아닙니다.,NO_REPORT,기타,0,0,0,0,0,0,0,,,0,D,보고서 원문 미확보,6.25,6.0,11.0,8.0,5.5,8.0,8.0,5.0,0.0,0.0,57.75
017800,현대엘리베이터,164724,,,,DART_LIST_013_등록된 종목코드 또는 고유번호가 아닙니다.,NO_REPORT,기타,0,0,0,0,0,0,0,,,0,D,보고서 원문 미확보,6.25,6.0,11.0,8.0,5.5,8.0,8.0,2.0,0.0,0.0,54.75
307950,현대오토에버,362441,,,,DART_LIST_013_등록된 종목코드 또는 고유번호가 아닙니다.,NO_REPORT,기타,0,0,0,0,0,0,0,,,0,D,보고서 원문 미확보,6.25,6.0,11.0,8.0,5.5,8.0,7.0,5.0,0.0,0.0,56.75
011210,현대위아,106623,,,,DART_LIST_013_등록된 종목코드 또는 고유번호가 아닙니다.,NO_REPORT,기타,0,0,0,0,0,0,0,,,0,D,보고서 원문 미확보,6.25,6.0,11.0,8.0,5.5,8.0,8.0,5.0,0.0,0.0,57.75
004020,현대제철,145880,,,,DART_LIST_013_등록된 종목코드 또는 고유번호가 아닙니다.,NO_REPORT,기타,0,0,0,0,0,0,0,,,0,D,보고서 원문 미확보,6.25,6.0,11.0,8.0,5.5,8.0,8.0,5.0,0.0,0.0,57.75
005440,현대지에프홀딩스,105280,,,,DART_LIST_013_등록된 종목코드 또는 고유번호가 아닙니다.,NO_REPORT,기타,0,0,0,0,0,0,0,,,0,D,보고서 원문 미확보,6.25,6.0,11.0,8.0,5.5,8.0,10.0,5.0,0.0,0.0,59.75
005380,현대차,164742,,,,DART_LIST_013_등록된 종목코드 또는 고유번호가 아닙니다.,NO_REPORT,자동차/부품,0,0,0,0,0,0,0,,,0,D,보고서 원문 미확보,18.0,8.25,11.0,8.0,6.5,8.0,7.0,5.0,0.0,0.0,71.75
005387,현대차2우B,,,,,NO_CORP_CODE,OK,자동차/부품,0,0,0,0,0,0,0,,,0,D,DART 고유번호 매칭 실패,18.0,8.25,11.0,8.0,6.5,8.0,8.0,5.0,0.0,0.0,72.75
005389,현대차3우B,,,,,NO_CORP_CODE,OK,자동차/부품,0,0,0,0,0,0,0,,,0,D,DART 고유번호 매칭 실패,18.0,8.25,11.0,8.0,6.5,8.0,8.0,5.0,0.0,0.0,72.75
005385,현대차우,,,,,NO_CORP_CODE,OK,자동차/부품,0,0,0,0,0,0,0,,,0,D,DART 고유번호 매칭 실패,18.0,8.25,11.0,8.0,6.5,8.0,8.0,5.0,0.0,0.0,72.75
001500,현대차증권,137997,,,,DART_LIST_013_등록된 종목코드 또는 고유번호가 아닙니다.,NO_REPORT,자동차/부품,0,0,0,0,0,0,0,,,0,D,보고서 원문 미확보,18.0,8.25,11.0,8.0,6.5,8.0,8.0,5.0,0.0,0.0,72.75
011760,현대코퍼레이션,164812,,,,DART_LIST_013_등록된 종목코드 또는 고유번호가 아닙니다.,NO_REPORT,기타,0,0,0,0,0,0,0,,,0,D,보고서 원문 미확보,6.25,6.0,11.0,8.0,5.5,8.0,8.0,5.0,0.0,0.0,57.75
227840,현대코퍼레이션홀딩스,1108099,,,,DART_LIST_100_corp_code가 필드의 부적절한 값입니다.,NO_REPORT,기타,0,0,0,0,0,0,0,,,0,D,보고서 원문 미확보,6.25,6.0,11.0,8.0,5.5,8.0,10.0,5.0,0.0,0.0,59.75
126560,현대퓨처넷,403632,,,,DART_LIST_013_등록된 종목코드 또는 고유번호가 아닙니다.,NO_REPORT,기타,0,0,0,0,0,0,0,,,0,D,보고서 원문 미확보,6.25,6.0,11.0,8.0,5.5,8.0,10.0,5.0,0.0,0.0,59.75
001450,현대해상,164973,,,,DART_LIST_013_등록된 종목코드 또는 고유번호가 아닙니다.,NO_REPORT,기타,0,0,0,0,0,0,0,,,0,D,보고서 원문 미확보,6.25,6.0,11.0,8.0,5.5,8.0,4.0,5.0,0.0,0.0,53.75
057050,현대홈쇼핑,412597,,,,DART_LIST_013_등록된 종목코드 또는 고유번호가 아닙니다.,NO_REPORT,기타,0,0,0,0,0,0,0,,,0,D,보고서 원문 미확보,6.25,6.0,11.0,8.0,5.5,8.0,10.0,5.0,0.0,0.0,59.75
093240,형지엘리트,441243,,,,DART_LIST_013_등록된 종목코드 또는 고유번호가 아닙니다.,NO_REPORT,기타,0,0,0,0,0,0,0,,,0,D,보고서 원문 미확보,6.25,6.0,11.0,8.0,5.5,8.0,8.0,5.0,0.0,0.0,57.75
003010,혜인,165343,,,,DART_LIST_013_등록된 종목코드 또는 고유번호가 아닙니다.,NO_REPORT,기타,0,0,0,0,0,0,0,,,0,D,보고서 원문 미확보,6.25,6.0,11.0,8.0,5.5,8.0,8.0,5.0,0.0,0.0,57.75
111110,호전실업,226316,,,,DART_LIST_013_등록된 종목코드 또는 고유번호가 아닙니다.,NO_REPORT,기타,0,0,0,0,0,0,0,,,0,D,보고서 원문 미확보,6.25,6.0,11.0,8.0,5.5,3.0,8.0,5.0,0.0,0.0,52.75
008770,호텔신라,165680,,,,DART_LIST_013_등록된 종목코드 또는 고유번호가 아닙니다.,NO_REPORT,기타,0,0,0,0,0,0,0,,,0,D,보고서 원문 미확보,6.25,6.0,11.0,8.0,5.5,8.0,7.0,5.0,0.0,0.0,56.75
008775,호텔신라우,,,,,NO_CORP_CODE,OK,기타,0,0,0,0,0,0,0,,,0,D,DART 고유번호 매칭 실패,6.25,6.0,11.0,8.0,5.5,8.0,8.0,5.0,0.0,0.0,57.75
378850,화승알앤에이,1532603,,,,DART_LIST_100_corp_code가 필드의 부적절한 값입니다.,NO_REPORT,기타,0,0,0,0,0,0,0,,,0,D,보고서 원문 미확보,6.25,6.0,11.0,8.0,5.5,8.0,8.0,5.0,0.0,0.0,57.75
241590,화승엔터프라이즈,1128613,,,,DART_LIST_100_corp_code가 필드의 부적절한 값입니다.,NO_REPORT,기타,0,0,0,0,0,0,0,,,0,D,보고서 원문 미확보,6.25,6.0,11.0,8.0,5.5,3.0,10.0,5.0,0.0,0.0,54.75
006060,화승인더,166227,,,,DART_LIST_013_등록된 종목코드 또는 고유번호가 아닙니다.,NO_REPORT,기타,0,0,0,0,0,0,0,,,0,D,보고서 원문 미확보,6.25,6.0,11.0,8.0,5.5,8.0,8.0,5.0,0.0,0.0,57.75
013520,화승코퍼레이션,166272,,,,DART_LIST_013_등록된 종목코드 또는 고유번호가 아닙니다.,NO_REPORT,기타,0,0,0,0,0,0,0,,,0,D,보고서 원문 미확보,6.25,6.0,11.0,8.0,5.5,8.0,10.0,5.0,0.0,0.0,59.75
010690,화신,166315,,,,DART_LIST_013_등록된 종목코드 또는 고유번호가 아닙니다.,NO_REPORT,기타,0,0,0,0,0,0,0,,,0,D,보고서 원문 미확보,6.25,6.0,11.0,8.0,5.5,8.0,10.0,5.0,0.0,0.0,59.75
133820,화인베스틸,661847,,,,DART_LIST_013_등록된 종목코드 또는 고유번호가 아닙니다.,NO_REPORT,기타,0,0,0,0,0,0,0,,,0,D,보고서 원문 미확보,6.25,6.0,11.0,8.0,5.5,8.0,8.0,5.0,0.0,0.0,57.75
010660,화천기계,166500,,,,DART_LIST_013_등록된 종목코드 또는 고유번호가 아닙니다.,NO_REPORT,기타,0,0,0,0,0,0,0,,,0,D,보고서 원문 미확보,6.25,6.0,11.0,8.0,5.5,3.0,8.0,5.0,0.0,0.0,52.75
000850,화천기공,166519,,,,DART_LIST_013_등록된 종목코드 또는 고유번호가 아닙니다.,NO_REPORT,기타,0,0,0,0,0,0,0,,,0,D,보고서 원문 미확보,6.25,6.0,11.0,8.0,5.5,8.0,10.0,5.0,0.0,0.0,59.75
016580,환인제약,166573,,,,DART_LIST_013_등록된 종목코드 또는 고유번호가 아닙니다.,NO_REPORT,기타,0,0,0,0,0,0,0,,,0,D,보고서 원문 미확보,6.25,6.0,11.0,8.0,5.5,8.0,8.0,5.0,0.0,0.0,57.75
032560,황금에스티,218575,,,,DART_LIST_013_등록된 종목코드 또는 고유번호가 아닙니다.,NO_REPORT,기타,0,0,0,0,0,0,0,,,0,D,보고서 원문 미확보,6.25,6.0,11.0,8.0,5.5,8.0,10.0,5.0,0.0,0.0,59.75
004800,효성,117188,,,,DART_LIST_013_등록된 종목코드 또는 고유번호가 아닙니다.,NO_REPORT,기타,0,0,0,0,0,0,0,,,0,D,보고서 원문 미확보,6.25,6.0,11.0,8.0,5.5,8.0,10.0,5.0,0.0,0.0,59.75
094280,효성ITX,414850,,,,DART_LIST_013_등록된 종목코드 또는 고유번호가 아닙니다.,NO_REPORT,기타,0,0,0,0,0,0,0,,,0,D,보고서 원문 미확보,6.25,6.0,11.0,8.0,5.5,8.0,8.0,5.0,0.0,0.0,57.75
298040,효성중공업,1316245,,,,DART_LIST_100_corp_code가 필드의 부적절한 값입니다.,NO_REPORT,조선,0,0,0,0,0,0,0,,,0,D,보고서 원문 미확보,22.5,11.25,11.0,8.0,6.5,8.0,10.0,5.0,0.0,0.0,82.25
298020,효성티앤씨,1316227,,,,DART_LIST_100_corp_code가 필드의 부적절한 값입니다.,NO_REPORT,기타,0,0,0,0,0,0,0,,,0,D,보고서 원문 미확보,6.25,6.0,11.0,8.0,5.5,8.0,8.0,5.0,0.0,0.0,57.75
298000,효성화학,1316236,,,,DART_LIST_100_corp_code가 필드의 부적절한 값입니다.,NO_REPORT,수입원가부담,0,0,0,0,0,0,0,,,0,D,보고서 원문 미확보,5.0,5.25,11.0,8.0,2.0,8.0,5.0,5.0,0.0,0.0,49.25
093370,후성,595191,,,,DART_LIST_013_등록된 종목코드 또는 고유번호가 아닙니다.,NO_REPORT,기타,0,0,0,0,0,0,0,,,0,D,보고서 원문 미확보,6.25,6.0,11.0,8.0,5.5,8.0,2.0,5.0,0.0,0.0,51.75
005870,휴니드,111421,,,,DART_LIST_013_등록된 종목코드 또는 고유번호가 아닙니다.,NO_REPORT,기타,0,0,0,0,0,0,0,,,0,D,보고서 원문 미확보,6.25,6.0,11.0,8.0,5.5,3.0,8.0,5.0,0.0,0.0,52.75
079980,휴비스,362238,,,,DART_LIST_013_등록된 종목코드 또는 고유번호가 아닙니다.,NO_REPORT,기타,0,0,0,0,0,0,0,,,0,D,보고서 원문 미확보,6.25,6.0,11.0,8.0,5.5,8.0,8.0,5.0,0.0,0.0,57.75
005010,휴스틸,156488,,,,DART_LIST_013_등록된 종목코드 또는 고유번호가 아닙니다.,NO_REPORT,기타,0,0,0,0,0,0,0,,,0,D,보고서 원문 미확보,6.25,6.0,11.0,8.0,5.5,3.0,8.0,5.0,0.0,0.0,52.75
000540,흥국화재,1931585,,,,DART_LIST_100_corp_code가 필드의 부적절한 값입니다.,NO_REPORT,기타,0,0,0,0,0,0,0,,,0,D,보고서 원문 미확보,6.25,6.0,11.0,8.0,5.5,3.0,10.0,5.0,0.0,0.0,54.75
000545,흥국화재우,,,,,NO_CORP_CODE,OK,기타,0,0,0,0,0,0,0,,,0,D,DART 고유번호 매칭 실패,6.25,6.0,11.0,8.0,5.5,8.0,10.0,5.0,0.0,0.0,59.75
003280,흥아해운,167208,,,,DART_LIST_013_등록된 종목코드 또는 고유번호가 아닙니다.,NO_REPORT,기타,0,0,0,0,0,0,0,,,0,D,보고서 원문 미확보,6.25,6.0,11.0,8.0,5.5,8.0,8.0,5.0,0.0,0.0,57.75
