추천표시,stock_code,stock_name,current_price,corp_code,corp_name,report_nm,rcept_dt,confidence,fx_exposure_score,base_score,negative_score,final_score,export_hits,fx_hits,hedge_hits,foreign_debt_hits,import_cost_hits,status,document_status,reason,evidence_snippet
⚠️,000020,동화약품,5360.0,00119195,동화약품,[기재정정]반기보고서 (2026.06),20261002,D,0,0.0,0,35.0,0,0,0,0,0,DART_DOC_800_시스템 점검으로 인한  서비스가 중지 중입니다.,DART_DOC_800_시스템 점검으로 인한  서비스가 중지 중입니다.,DART corp_code 매칭 / 최근 보고서: [기재정정]반기보고서 (2026.06) / 공시신뢰도 D,
⚠️,000040,KR모터스,992.0,01884065,디비금융제14호스팩,반기보고서 (2026.06),20260811,D,0,0.0,0,35.0,0,0,0,0,0,DART_DOC_800_시스템 점검으로 인한  서비스가 중지 중입니다.,DART_DOC_800_시스템 점검으로 인한  서비스가 중지 중입니다.,DART corp_code 매칭 / 최근 보고서: 반기보고서 (2026.06) / 공시신뢰도 D,
⚠️,000050,경방,8070.0,00101628,경방,반기보고서 (2026.06),20260814,D,0,0.0,0,35.0,0,0,0,0,0,DART_DOC_800_시스템 점검으로 인한  서비스가 중지 중입니다.,DART_DOC_800_시스템 점검으로 인한  서비스가 중지 중입니다.,DART corp_code 매칭 / 최근 보고서: 반기보고서 (2026.06) / 공시신뢰도 D,
⚠️,000070,삼양홀딩스,56200.0,01869710,인벤테라,반기보고서 (2026.06),20260814,D,0,0.0,0,35.0,0,0,0,0,0,DART_DOC_800_시스템 점검으로 인한  서비스가 중지 중입니다.,DART_DOC_800_시스템 점검으로 인한  서비스가 중지 중입니다.,DART corp_code 매칭 / 최근 보고서: 반기보고서 (2026.06) / 공시신뢰도 D,
⚠️,000080,하이트진로,14810.0,01294110,에스엔시스,반기보고서 (2026.06),20260814,D,0,0.0,0,35.0,0,0,0,0,0,DART_DOC_800_시스템 점검으로 인한  서비스가 중지 중입니다.,DART_DOC_800_시스템 점검으로 인한  서비스가 중지 중입니다.,DART corp_code 매칭 / 최근 보고서: 반기보고서 (2026.06) / 공시신뢰도 D,
⚠️,000100,유한양행,73100.0,00185301,제이피아이헬스케어,반기보고서 (2026.06),20260814,D,0,0.0,0,35.0,0,0,0,0,0,DART_DOC_800_시스템 점검으로 인한  서비스가 중지 중입니다.,DART_DOC_800_시스템 점검으로 인한  서비스가 중지 중입니다.,DART corp_code 매칭 / 최근 보고서: 반기보고서 (2026.06) / 공시신뢰도 D,
⚠️,000120,CJ대한통운,69300.0,00113410,CJ대한통운,반기보고서 (2026.06),20260814,D,0,0.0,0,35.0,0,0,0,0,0,DART_DOC_800_시스템 점검으로 인한  서비스가 중지 중입니다.,DART_DOC_800_시스템 점검으로 인한  서비스가 중지 중입니다.,DART corp_code 매칭 / 최근 보고서: 반기보고서 (2026.06) / 공시신뢰도 D,
⚠️,000140,하이트진로홀딩스,7700.0,00148993,하이트진로홀딩스,반기보고서 (2026.06),20260814,D,0,0.0,0,35.0,0,0,0,0,0,DART_DOC_800_시스템 점검으로 인한  서비스가 중지 중입니다.,DART_DOC_800_시스템 점검으로 인한  서비스가 중지 중입니다.,DART corp_code 매칭 / 최근 보고서: 반기보고서 (2026.06) / 공시신뢰도 D,
⚠️,000150,두산,1342000.0,01817920,페스카로,[기재정정]반기보고서 (2026.06),20260818,D,0,0.0,0,35.0,0,0,0,0,0,DART_DOC_800_시스템 점검으로 인한  서비스가 중지 중입니다.,DART_DOC_800_시스템 점검으로 인한  서비스가 중지 중입니다.,DART corp_code 매칭 / 최근 보고서: [기재정정]반기보고서 (2026.06) / 공시신뢰도 D,
⚠️,000180,성창기업지주,4750.0,00133335,성창기업지주,반기보고서 (2026.06),20260814,D,0,0.0,0,35.0,0,0,0,0,0,DART_DOC_800_시스템 점검으로 인한  서비스가 중지 중입니다.,DART_DOC_800_시스템 점검으로 인한  서비스가 중지 중입니다.,DART corp_code 매칭 / 최근 보고서: 반기보고서 (2026.06) / 공시신뢰도 D,
⚠️,000210,DL,48450.0,00109693,DL,반기보고서 (2026.06),20260814,D,0,0.0,0,35.0,0,0,0,0,0,DART_DOC_800_시스템 점검으로 인한  서비스가 중지 중입니다.,DART_DOC_800_시스템 점검으로 인한  서비스가 중지 중입니다.,DART corp_code 매칭 / 최근 보고서: 반기보고서 (2026.06) / 공시신뢰도 D,
⚠️,000220,유유제약,3840.0,00144818,유유제약,반기보고서 (2026.06),20260813,D,0,0.0,0,35.0,0,0,0,0,0,DART_DOC_800_시스템 점검으로 인한  서비스가 중지 중입니다.,DART_DOC_800_시스템 점검으로 인한  서비스가 중지 중입니다.,DART corp_code 매칭 / 최근 보고서: 반기보고서 (2026.06) / 공시신뢰도 D,
⚠️,000230,일동홀딩스,6160.0,00146083,일동홀딩스,반기보고서 (2026.06),20260814,D,0,0.0,0,35.0,0,0,0,0,0,DART_DOC_800_시스템 점검으로 인한  서비스가 중지 중입니다.,DART_DOC_800_시스템 점검으로 인한  서비스가 중지 중입니다.,DART corp_code 매칭 / 최근 보고서: 반기보고서 (2026.06) / 공시신뢰도 D,
⚠️,000240,한국앤컴퍼니,26700.0,00160047,한국앤컴퍼니,반기보고서 (2026.06),20260814,D,0,0.0,0,35.0,0,0,0,0,0,DART_DOC_800_시스템 점검으로 인한  서비스가 중지 중입니다.,DART_DOC_800_시스템 점검으로 인한  서비스가 중지 중입니다.,DART corp_code 매칭 / 최근 보고서: 반기보고서 (2026.06) / 공시신뢰도 D,
⚠️,000270,기아,106800.0,00106641,기아,[기재정정]반기보고서 (2026.06),20260916,D,0,0.0,0,35.0,0,0,0,0,0,DART_DOC_800_시스템 점검으로 인한  서비스가 중지 중입니다.,DART_DOC_800_시스템 점검으로 인한  서비스가 중지 중입니다.,DART corp_code 매칭 / 최근 보고서: [기재정정]반기보고서 (2026.06) / 공시신뢰도 D,
⚠️,000300,DH오토넥스,4200.0,01885222,대신밸류리츠,사업보고서 (2026.05),20260805,D,0,0.0,0,35.0,0,0,0,0,0,DART_DOC_800_시스템 점검으로 인한  서비스가 중지 중입니다.,DART_DOC_800_시스템 점검으로 인한  서비스가 중지 중입니다.,DART corp_code 매칭 / 최근 보고서: 사업보고서 (2026.05) / 공시신뢰도 D,
⚠️,000320,노루홀딩스,15150.0,00113508,노루홀딩스,반기보고서 (2026.06),20260814,D,0,0.0,0,35.0,0,0,0,0,0,DART_DOC_800_시스템 점검으로 인한  서비스가 중지 중입니다.,DART_DOC_800_시스템 점검으로 인한  서비스가 중지 중입니다.,DART corp_code 매칭 / 최근 보고서: 반기보고서 (2026.06) / 공시신뢰도 D,
⚠️,000370,한화손해보험,7200.0,01902990,KB제32호스팩,반기보고서 (2026.06),20260814,D,0,0.0,0,35.0,0,0,0,0,0,DART_DOC_800_시스템 점검으로 인한  서비스가 중지 중입니다.,DART_DOC_800_시스템 점검으로 인한  서비스가 중지 중입니다.,DART corp_code 매칭 / 최근 보고서: 반기보고서 (2026.06) / 공시신뢰도 D,
⚠️,000390,SP삼화,7230.0,01379129,매드업,반기보고서 (2026.06),20260813,D,0,0.0,0,35.0,0,0,0,0,0,DART_DOC_800_시스템 점검으로 인한  서비스가 중지 중입니다.,DART_DOC_800_시스템 점검으로 인한  서비스가 중지 중입니다.,DART corp_code 매칭 / 최근 보고서: 반기보고서 (2026.06) / 공시신뢰도 D,
⚠️,000400,롯데손해보험,2285.0,00113562,롯데손해보험,[기재정정]반기보고서 (2026.06),20260831,D,0,0.0,0,35.0,0,0,0,0,0,DART_DOC_800_시스템 점검으로 인한  서비스가 중지 중입니다.,DART_DOC_800_시스템 점검으로 인한  서비스가 중지 중입니다.,DART corp_code 매칭 / 최근 보고서: [기재정정]반기보고서 (2026.06) / 공시신뢰도 D,
⚠️,000430,대원강업,4405.0,00111847,대원강업,반기보고서 (2026.06),20260814,D,0,0.0,0,35.0,0,0,0,0,0,DART_DOC_800_시스템 점검으로 인한  서비스가 중지 중입니다.,DART_DOC_800_시스템 점검으로 인한  서비스가 중지 중입니다.,DART corp_code 매칭 / 최근 보고서: 반기보고서 (2026.06) / 공시신뢰도 D,
⚠️,000480,CR홀딩스,4325.0,00148984,시알홀딩스,[기재정정]반기보고서 (2026.06),20261006,D,0,0.0,0,35.0,0,0,0,0,0,DART_DOC_800_시스템 점검으로 인한  서비스가 중지 중입니다.,DART_DOC_800_시스템 점검으로 인한  서비스가 중지 중입니다.,DART corp_code 매칭 / 최근 보고서: [기재정정]반기보고서 (2026.06) / 공시신뢰도 D,
⚠️,000490,대동,7400.0,00109286,대동,반기보고서 (2026.06),20260814,D,0,0.0,0,35.0,0,0,0,0,0,DART_DOC_800_시스템 점검으로 인한  서비스가 중지 중입니다.,DART_DOC_800_시스템 점검으로 인한  서비스가 중지 중입니다.,DART corp_code 매칭 / 최근 보고서: 반기보고서 (2026.06) / 공시신뢰도 D,
⚠️,000500,가온전선,295500.0,00104768,가온전선,반기보고서 (2026.06),20260814,D,0,0.0,0,35.0,0,0,0,0,0,DART_DOC_800_시스템 점검으로 인한  서비스가 중지 중입니다.,DART_DOC_800_시스템 점검으로 인한  서비스가 중지 중입니다.,DART corp_code 매칭 / 최근 보고서: 반기보고서 (2026.06) / 공시신뢰도 D,
⚠️,000520,삼일제약,8350.0,00128032,삼일제약,[첨부추가]반기보고서 (2026.06),20260814,D,0,0.0,0,35.0,0,0,0,0,0,DART_DOC_800_시스템 점검으로 인한  서비스가 중지 중입니다.,DART_DOC_800_시스템 점검으로 인한  서비스가 중지 중입니다.,DART corp_code 매칭 / 최근 보고서: [첨부추가]반기보고서 (2026.06) / 공시신뢰도 D,
⚠️,000540,흥국화재,3400.0,01931585,엔에이치스팩32호,반기보고서 (2026.06),20260814,D,0,0.0,0,35.0,0,0,0,0,0,DART_DOC_800_시스템 점검으로 인한  서비스가 중지 중입니다.,DART_DOC_800_시스템 점검으로 인한  서비스가 중지 중입니다.,DART corp_code 매칭 / 최근 보고서: 반기보고서 (2026.06) / 공시신뢰도 D,
⚠️,000590,CS홀딩스,70800.0,00149026,CS홀딩스,반기보고서 (2026.06),20260814,D,0,0.0,0,35.0,0,0,0,0,0,DART_DOC_800_시스템 점검으로 인한  서비스가 중지 중입니다.,DART_DOC_800_시스템 점검으로 인한  서비스가 중지 중입니다.,DART corp_code 매칭 / 최근 보고서: 반기보고서 (2026.06) / 공시신뢰도 D,
⚠️,000640,동아쏘시오홀딩스,93000.0,00116824,동아쏘시오홀딩스,반기보고서 (2026.06),20260814,D,0,0.0,0,35.0,0,0,0,0,0,DART_DOC_800_시스템 점검으로 인한  서비스가 중지 중입니다.,DART_DOC_800_시스템 점검으로 인한  서비스가 중지 중입니다.,DART corp_code 매칭 / 최근 보고서: 반기보고서 (2026.06) / 공시신뢰도 D,
⚠️,000650,천일고속,221000.0,00151395,천일고속,[기재정정]반기보고서 (2026.06),20260929,D,0,0.0,0,35.0,0,0,0,0,0,DART_DOC_800_시스템 점검으로 인한  서비스가 중지 중입니다.,DART_DOC_800_시스템 점검으로 인한  서비스가 중지 중입니다.,DART corp_code 매칭 / 최근 보고서: [기재정정]반기보고서 (2026.06) / 공시신뢰도 D,
⚠️,000660,SK하이닉스,1681000.0,00164779,SK하이닉스,반기보고서 (2026.06),20260814,D,0,0.0,0,35.0,0,0,0,0,0,DART_DOC_800_시스템 점검으로 인한  서비스가 중지 중입니다.,DART_DOC_800_시스템 점검으로 인한  서비스가 중지 중입니다.,DART corp_code 매칭 / 최근 보고서: 반기보고서 (2026.06) / 공시신뢰도 D,
⚠️,000670,영풍,40950.0,00141307,영풍,반기보고서 (2026.06),20260814,D,0,0.0,0,35.0,0,0,0,0,0,DART_DOC_800_시스템 점검으로 인한  서비스가 중지 중입니다.,DART_DOC_800_시스템 점검으로 인한  서비스가 중지 중입니다.,DART corp_code 매칭 / 최근 보고서: 반기보고서 (2026.06) / 공시신뢰도 D,
⚠️,000680,LS네트웍스,2920.0,01933981,비엔케이제3호스팩,반기보고서 (2026.06),20260807,D,0,0.0,0,35.0,0,0,0,0,0,DART_DOC_800_시스템 점검으로 인한  서비스가 중지 중입니다.,DART_DOC_800_시스템 점검으로 인한  서비스가 중지 중입니다.,DART corp_code 매칭 / 최근 보고서: 반기보고서 (2026.06) / 공시신뢰도 D,
⚠️,000700,유수홀딩스,6720.0,01921199,에스테크엠,사업보고서 (2025.12),20260504,D,0,0.0,0,35.0,0,0,0,0,0,DART_DOC_800_시스템 점검으로 인한  서비스가 중지 중입니다.,DART_DOC_800_시스템 점검으로 인한  서비스가 중지 중입니다.,DART corp_code 매칭 / 최근 보고서: 사업보고서 (2025.12) / 공시신뢰도 D,
⚠️,000720,현대건설,107800.0,01934935,KB제33호스팩,반기보고서 (2026.06),20260813,D,0,0.0,0,35.0,0,0,0,0,0,DART_DOC_800_시스템 점검으로 인한  서비스가 중지 중입니다.,DART_DOC_800_시스템 점검으로 인한  서비스가 중지 중입니다.,DART corp_code 매칭 / 최근 보고서: 반기보고서 (2026.06) / 공시신뢰도 D,
⚠️,000760,이화산업,12590.0,00145686,이화산업,반기보고서 (2026.06),20260814,D,0,0.0,0,35.0,0,0,0,0,0,DART_DOC_800_시스템 점검으로 인한  서비스가 중지 중입니다.,DART_DOC_800_시스템 점검으로 인한  서비스가 중지 중입니다.,DART corp_code 매칭 / 최근 보고서: 반기보고서 (2026.06) / 공시신뢰도 D,
⚠️,000810,삼성화재,612000.0,00139214,삼성화재해상보험,반기보고서 (2026.06),20260814,D,0,0.0,0,35.0,0,0,0,0,0,DART_DOC_800_시스템 점검으로 인한  서비스가 중지 중입니다.,DART_DOC_800_시스템 점검으로 인한  서비스가 중지 중입니다.,DART corp_code 매칭 / 최근 보고서: 반기보고서 (2026.06) / 공시신뢰도 D,
⚠️,000850,화천기공,36550.0,00166519,화천기공,반기보고서 (2026.06),20260814,D,0,0.0,0,35.0,0,0,0,0,0,DART_DOC_800_시스템 점검으로 인한  서비스가 중지 중입니다.,DART_DOC_800_시스템 점검으로 인한  서비스가 중지 중입니다.,DART corp_code 매칭 / 최근 보고서: 반기보고서 (2026.06) / 공시신뢰도 D,
⚠️,000860,강남제비스코,12680.0,00100939,강남제비스코,반기보고서 (2026.06),20260814,D,0,0.0,0,35.0,0,0,0,0,0,DART_DOC_800_시스템 점검으로 인한  서비스가 중지 중입니다.,DART_DOC_800_시스템 점검으로 인한  서비스가 중지 중입니다.,DART corp_code 매칭 / 최근 보고서: 반기보고서 (2026.06) / 공시신뢰도 D,
⚠️,000880,한화,110100.0,01780608,메쥬,반기보고서 (2026.06),20260813,D,0,0.0,0,35.0,0,0,0,0,0,DART_DOC_800_시스템 점검으로 인한  서비스가 중지 중입니다.,DART_DOC_800_시스템 점검으로 인한  서비스가 중지 중입니다.,DART corp_code 매칭 / 최근 보고서: 반기보고서 (2026.06) / 공시신뢰도 D,
⚠️,000890,보해양조,1320.0,00123541,보해양조,반기보고서 (2026.06),20260814,D,0,0.0,0,35.0,0,0,0,0,0,DART_DOC_800_시스템 점검으로 인한  서비스가 중지 중입니다.,DART_DOC_800_시스템 점검으로 인한  서비스가 중지 중입니다.,DART corp_code 매칭 / 최근 보고서: 반기보고서 (2026.06) / 공시신뢰도 D,
⚠️,000910,유니온,2930.0,01945339,신영스팩11호,반기보고서 (2026.06),20260811,D,0,0.0,0,35.0,0,0,0,0,0,DART_DOC_800_시스템 점검으로 인한  서비스가 중지 중입니다.,DART_DOC_800_시스템 점검으로 인한  서비스가 중지 중입니다.,DART corp_code 매칭 / 최근 보고서: 반기보고서 (2026.06) / 공시신뢰도 D,
⚠️,000950,전방,29200.0,00147222,전방,반기보고서 (2026.06),20260814,D,0,0.0,0,35.0,0,0,0,0,0,DART_DOC_800_시스템 점검으로 인한  서비스가 중지 중입니다.,DART_DOC_800_시스템 점검으로 인한  서비스가 중지 중입니다.,DART corp_code 매칭 / 최근 보고서: 반기보고서 (2026.06) / 공시신뢰도 D,
⚠️,000970,한국주철관,6520.0,01949469,미래에셋비전스팩10호,반기보고서 (2026.06),20260814,D,0,0.0,0,35.0,0,0,0,0,0,DART_DOC_800_시스템 점검으로 인한  서비스가 중지 중입니다.,DART_DOC_800_시스템 점검으로 인한  서비스가 중지 중입니다.,DART corp_code 매칭 / 최근 보고서: 반기보고서 (2026.06) / 공시신뢰도 D,
⚠️,000990,DB하이텍,138800.0,01949584,IBKS제25호스팩,반기보고서 (2026.06),20260814,D,0,0.0,0,35.0,0,0,0,0,0,DART_DOC_800_시스템 점검으로 인한  서비스가 중지 중입니다.,DART_DOC_800_시스템 점검으로 인한  서비스가 중지 중입니다.,DART corp_code 매칭 / 최근 보고서: 반기보고서 (2026.06) / 공시신뢰도 D,
⚠️,001020,페이퍼코리아,1919.0,00134723,페이퍼코리아,반기보고서 (2026.06),20260814,D,0,0.0,0,35.0,0,0,0,0,0,DART_DOC_800_시스템 점검으로 인한  서비스가 중지 중입니다.,DART_DOC_800_시스템 점검으로 인한  서비스가 중지 중입니다.,DART corp_code 매칭 / 최근 보고서: 반기보고서 (2026.06) / 공시신뢰도 D,
⚠️,001040,CJ,130400.0,00148540,CJ,반기보고서 (2026.06),20260814,D,0,0.0,0,35.0,0,0,0,0,0,DART_DOC_800_시스템 점검으로 인한  서비스가 중지 중입니다.,DART_DOC_800_시스템 점검으로 인한  서비스가 중지 중입니다.,DART corp_code 매칭 / 최근 보고서: 반기보고서 (2026.06) / 공시신뢰도 D,
⚠️,001060,JW중외제약,26350.0,00149947,JW중외제약,반기보고서 (2026.06),20260814,D,0,0.0,0,35.0,0,0,0,0,0,DART_DOC_800_시스템 점검으로 인한  서비스가 중지 중입니다.,DART_DOC_800_시스템 점검으로 인한  서비스가 중지 중입니다.,DART corp_code 매칭 / 최근 보고서: 반기보고서 (2026.06) / 공시신뢰도 D,
⚠️,001070,대한방직,5690.0,00112970,대한방직,반기보고서 (2026.06),20260814,D,0,0.0,0,35.0,0,0,0,0,0,DART_DOC_800_시스템 점검으로 인한  서비스가 중지 중입니다.,DART_DOC_800_시스템 점검으로 인한  서비스가 중지 중입니다.,DART corp_code 매칭 / 최근 보고서: 반기보고서 (2026.06) / 공시신뢰도 D,
⚠️,001080,만호제강,3900.0,00120872,만호제강,사업보고서 (2026.06),20260910,D,0,0.0,0,35.0,0,0,0,0,0,DART_DOC_800_시스템 점검으로 인한  서비스가 중지 중입니다.,DART_DOC_800_시스템 점검으로 인한  서비스가 중지 중입니다.,DART corp_code 매칭 / 최근 보고서: 사업보고서 (2026.06) / 공시신뢰도 D,
⚠️,001120,LX인터내셔널,43350.0,00120076,LX인터내셔널,반기보고서 (2026.06),20260814,D,0,0.0,0,35.0,0,0,0,0,0,DART_DOC_800_시스템 점검으로 인한  서비스가 중지 중입니다.,DART_DOC_800_시스템 점검으로 인한  서비스가 중지 중입니다.,DART corp_code 매칭 / 최근 보고서: 반기보고서 (2026.06) / 공시신뢰도 D,
⚠️,001130,대한제분,11220.0,00113243,대한제분,반기보고서 (2026.06),20260814,D,0,0.0,0,35.0,0,0,0,0,0,DART_DOC_800_시스템 점검으로 인한  서비스가 중지 중입니다.,DART_DOC_800_시스템 점검으로 인한  서비스가 중지 중입니다.,DART corp_code 매칭 / 최근 보고서: 반기보고서 (2026.06) / 공시신뢰도 D,
⚠️,001200,유진투자증권,3970.0,01965333,삼양바이오팜,반기보고서 (2026.06),20260814,D,0,0.0,0,35.0,0,0,0,0,0,DART_DOC_800_시스템 점검으로 인한  서비스가 중지 중입니다.,DART_DOC_800_시스템 점검으로 인한  서비스가 중지 중입니다.,DART corp_code 매칭 / 최근 보고서: 반기보고서 (2026.06) / 공시신뢰도 D,
⚠️,001210,금호전기,8520.0,00106395,금호전기,반기보고서 (2026.06),20260814,D,0,0.0,0,35.0,0,0,0,0,0,DART_DOC_800_시스템 점검으로 인한  서비스가 중지 중입니다.,DART_DOC_800_시스템 점검으로 인한  서비스가 중지 중입니다.,DART corp_code 매칭 / 최근 보고서: 반기보고서 (2026.06) / 공시신뢰도 D,
⚠️,001230,동국홀딩스,2020.0,00114792,동국홀딩스,반기보고서 (2026.06),20260814,D,0,0.0,0,35.0,0,0,0,0,0,DART_DOC_800_시스템 점검으로 인한  서비스가 중지 중입니다.,DART_DOC_800_시스템 점검으로 인한  서비스가 중지 중입니다.,DART corp_code 매칭 / 최근 보고서: 반기보고서 (2026.06) / 공시신뢰도 D,
⚠️,001250,GS글로벌,3205.0,00138190,GS글로벌,반기보고서 (2026.06),20260813,D,0,0.0,0,35.0,0,0,0,0,0,DART_DOC_800_시스템 점검으로 인한  서비스가 중지 중입니다.,DART_DOC_800_시스템 점검으로 인한  서비스가 중지 중입니다.,DART corp_code 매칭 / 최근 보고서: 반기보고서 (2026.06) / 공시신뢰도 D,
⚠️,001260,남광토건,8070.0,01965324,삼성에피스홀딩스,반기보고서 (2026.06),20260814,D,0,0.0,0,35.0,0,0,0,0,0,DART_DOC_800_시스템 점검으로 인한  서비스가 중지 중입니다.,DART_DOC_800_시스템 점검으로 인한  서비스가 중지 중입니다.,DART corp_code 매칭 / 최근 보고서: 반기보고서 (2026.06) / 공시신뢰도 D,
⚠️,001270,부국증권,49250.0,00123772,부국증권,[첨부정정]반기보고서 (2026.06),20260814,D,0,0.0,0,35.0,0,0,0,0,0,DART_DOC_800_시스템 점검으로 인한  서비스가 중지 중입니다.,DART_DOC_800_시스템 점검으로 인한  서비스가 중지 중입니다.,DART corp_code 매칭 / 최근 보고서: [첨부정정]반기보고서 (2026.06) / 공시신뢰도 D,
⚠️,001290,상상인증권,4140.0,01963140,신한제18호스팩,반기보고서 (2026.06),20260813,D,0,0.0,0,35.0,0,0,0,0,0,DART_DOC_800_시스템 점검으로 인한  서비스가 중지 중입니다.,DART_DOC_800_시스템 점검으로 인한  서비스가 중지 중입니다.,DART corp_code 매칭 / 최근 보고서: 반기보고서 (2026.06) / 공시신뢰도 D,
⚠️,001340,PKC,5160.0,01976418,대신밸런스제20호스팩,반기보고서 (2026.06),20260814,D,0,0.0,0,35.0,0,0,0,0,0,DART_DOC_800_시스템 점검으로 인한  서비스가 중지 중입니다.,DART_DOC_800_시스템 점검으로 인한  서비스가 중지 중입니다.,DART corp_code 매칭 / 최근 보고서: 반기보고서 (2026.06) / 공시신뢰도 D,
⚠️,001360,삼성제약,1376.0,00126414,삼성제약,반기보고서 (2026.06),20260814,D,0,0.0,0,35.0,0,0,0,0,0,DART_DOC_800_시스템 점검으로 인한  서비스가 중지 중입니다.,DART_DOC_800_시스템 점검으로 인한  서비스가 중지 중입니다.,DART corp_code 매칭 / 최근 보고서: 반기보고서 (2026.06) / 공시신뢰도 D,
⚠️,001380,SG글로벌,1016.0,00152039,SG글로벌,[기재정정]반기보고서 (2026.06),20260814,D,0,0.0,0,35.0,0,0,0,0,0,DART_DOC_800_시스템 점검으로 인한  서비스가 중지 중입니다.,DART_DOC_800_시스템 점검으로 인한  서비스가 중지 중입니다.,DART corp_code 매칭 / 최근 보고서: [기재정정]반기보고서 (2026.06) / 공시신뢰도 D,
⚠️,001390,KG케미칼,4150.0,00101220,KG케미칼,[첨부추가]반기보고서 (2026.06),20260814,D,0,0.0,0,35.0,0,0,0,0,0,DART_DOC_800_시스템 점검으로 인한  서비스가 중지 중입니다.,DART_DOC_800_시스템 점검으로 인한  서비스가 중지 중입니다.,DART corp_code 매칭 / 최근 보고서: [첨부추가]반기보고서 (2026.06) / 공시신뢰도 D,
⚠️,001420,태원물산,2700.0,00154055,태원물산,반기보고서 (2026.06),20260814,D,0,0.0,0,35.0,0,0,0,0,0,DART_DOC_800_시스템 점검으로 인한  서비스가 중지 중입니다.,DART_DOC_800_시스템 점검으로 인한  서비스가 중지 중입니다.,DART corp_code 매칭 / 최근 보고서: 반기보고서 (2026.06) / 공시신뢰도 D,
⚠️,001430,세아베스틸지주,46800.0,00106669,세아베스틸지주,반기보고서 (2026.06),20260814,D,0,0.0,0,35.0,0,0,0,0,0,DART_DOC_800_시스템 점검으로 인한  서비스가 중지 중입니다.,DART_DOC_800_시스템 점검으로 인한  서비스가 중지 중입니다.,DART corp_code 매칭 / 최근 보고서: 반기보고서 (2026.06) / 공시신뢰도 D,
⚠️,001440,대한전선,28100.0,00113207,대한전선,반기보고서 (2026.06),20260814,D,0,0.0,0,35.0,0,0,0,0,0,DART_DOC_800_시스템 점검으로 인한  서비스가 중지 중입니다.,DART_DOC_800_시스템 점검으로 인한  서비스가 중지 중입니다.,DART corp_code 매칭 / 최근 보고서: 반기보고서 (2026.06) / 공시신뢰도 D,
⚠️,001450,현대해상,47150.0,00164973,현대해상,반기보고서 (2026.06),20260814,D,0,0.0,0,35.0,0,0,0,0,0,DART_DOC_800_시스템 점검으로 인한  서비스가 중지 중입니다.,DART_DOC_800_시스템 점검으로 인한  서비스가 중지 중입니다.,DART corp_code 매칭 / 최근 보고서: 반기보고서 (2026.06) / 공시신뢰도 D,
⚠️,001460,BYC,38100.0,00122579,BYC,반기보고서 (2026.06),20260814,D,0,0.0,0,35.0,0,0,0,0,0,DART_DOC_800_시스템 점검으로 인한  서비스가 중지 중입니다.,DART_DOC_800_시스템 점검으로 인한  서비스가 중지 중입니다.,DART corp_code 매칭 / 최근 보고서: 반기보고서 (2026.06) / 공시신뢰도 D,
⚠️,001470,삼부토건,5820.0,00125974,삼부토건,[기재정정]사업보고서 (2019.12),20260911,D,0,0.0,0,35.0,0,0,0,0,0,DART_DOC_800_시스템 점검으로 인한  서비스가 중지 중입니다.,DART_DOC_800_시스템 점검으로 인한  서비스가 중지 중입니다.,DART corp_code 매칭 / 최근 보고서: [기재정정]사업보고서 (2019.12) / 공시신뢰도 D,
⚠️,001500,현대차증권,7520.0,00137997,현대차증권,반기보고서 (2026.06),20260814,D,0,0.0,0,35.0,0,0,0,0,0,DART_DOC_800_시스템 점검으로 인한  서비스가 중지 중입니다.,DART_DOC_800_시스템 점검으로 인한  서비스가 중지 중입니다.,DART corp_code 매칭 / 최근 보고서: 반기보고서 (2026.06) / 공시신뢰도 D,
⚠️,001510,SK증권,2205.0,00131850,SK증권,반기보고서 (2026.06),20260814,D,0,0.0,0,35.0,0,0,0,0,0,DART_DOC_800_시스템 점검으로 인한  서비스가 중지 중입니다.,DART_DOC_800_시스템 점검으로 인한  서비스가 중지 중입니다.,DART corp_code 매칭 / 최근 보고서: 반기보고서 (2026.06) / 공시신뢰도 D,
⚠️,001520,동양,1114.0,00117337,동양,반기보고서 (2026.06),20260814,D,0,0.0,0,35.0,0,0,0,0,0,DART_DOC_800_시스템 점검으로 인한  서비스가 중지 중입니다.,DART_DOC_800_시스템 점검으로 인한  서비스가 중지 중입니다.,DART corp_code 매칭 / 최근 보고서: 반기보고서 (2026.06) / 공시신뢰도 D,
⚠️,001530,DI동일,27550.0,00118345,디아이동일,반기보고서 (2026.06),20260814,D,0,0.0,0,35.0,0,0,0,0,0,DART_DOC_800_시스템 점검으로 인한  서비스가 중지 중입니다.,DART_DOC_800_시스템 점검으로 인한  서비스가 중지 중입니다.,DART corp_code 매칭 / 최근 보고서: 반기보고서 (2026.06) / 공시신뢰도 D,
⚠️,001550,조비,10150.0,01947443,해치텍,반기보고서 (2026.06),20260828,D,0,0.0,0,35.0,0,0,0,0,0,DART_DOC_800_시스템 점검으로 인한  서비스가 중지 중입니다.,DART_DOC_800_시스템 점검으로 인한  서비스가 중지 중입니다.,DART corp_code 매칭 / 최근 보고서: 반기보고서 (2026.06) / 공시신뢰도 D,
⚠️,001560,제일연마,8950.0,00624244,에이치엘지노믹스,반기보고서 (2026.06),20260814,D,0,0.0,0,35.0,0,0,0,0,0,DART_DOC_800_시스템 점검으로 인한  서비스가 중지 중입니다.,DART_DOC_800_시스템 점검으로 인한  서비스가 중지 중입니다.,DART corp_code 매칭 / 최근 보고서: 반기보고서 (2026.06) / 공시신뢰도 D,
⚠️,001570,금양,9900.0,00106119,금양,[기재정정]사업보고서 (2025.12),20260608,D,0,0.0,0,35.0,0,0,0,0,0,DART_DOC_800_시스템 점검으로 인한  서비스가 중지 중입니다.,DART_DOC_800_시스템 점검으로 인한  서비스가 중지 중입니다.,DART corp_code 매칭 / 최근 보고서: [기재정정]사업보고서 (2025.12) / 공시신뢰도 D,
⚠️,001620,케이비아이동국실업,2220.0,00114765,케이비아이동국실업,반기보고서 (2026.06),20260814,D,0,0.0,0,35.0,0,0,0,0,0,DART_DOC_800_시스템 점검으로 인한  서비스가 중지 중입니다.,DART_DOC_800_시스템 점검으로 인한  서비스가 중지 중입니다.,DART corp_code 매칭 / 최근 보고서: 반기보고서 (2026.06) / 공시신뢰도 D,
⚠️,001630,종근당홀딩스,37250.0,00149354,종근당홀딩스,반기보고서 (2026.06),20260814,D,0,0.0,0,35.0,0,0,0,0,0,DART_DOC_800_시스템 점검으로 인한  서비스가 중지 중입니다.,DART_DOC_800_시스템 점검으로 인한  서비스가 중지 중입니다.,DART corp_code 매칭 / 최근 보고서: 반기보고서 (2026.06) / 공시신뢰도 D,
⚠️,001680,대상,17610.0,00121941,대상,[기재정정]반기보고서 (2026.06),20260911,D,0,0.0,0,35.0,0,0,0,0,0,DART_DOC_800_시스템 점검으로 인한  서비스가 중지 중입니다.,DART_DOC_800_시스템 점검으로 인한  서비스가 중지 중입니다.,DART corp_code 매칭 / 최근 보고서: [기재정정]반기보고서 (2026.06) / 공시신뢰도 D,
⚠️,001720,신영증권,135800.0,00136721,신영증권,분기보고서 (2026.06),20260810,D,0,0.0,0,35.0,0,0,0,0,0,DART_DOC_800_시스템 점검으로 인한  서비스가 중지 중입니다.,DART_DOC_800_시스템 점검으로 인한  서비스가 중지 중입니다.,DART corp_code 매칭 / 최근 보고서: 분기보고서 (2026.06) / 공시신뢰도 D,
⚠️,001740,SK네트웍스,6100.0,00131780,SK네트웍스,[첨부추가]반기보고서 (2026.06),20260814,D,0,0.0,0,35.0,0,0,0,0,0,DART_DOC_800_시스템 점검으로 인한  서비스가 중지 중입니다.,DART_DOC_800_시스템 점검으로 인한  서비스가 중지 중입니다.,DART corp_code 매칭 / 최근 보고서: [첨부추가]반기보고서 (2026.06) / 공시신뢰도 D,
⚠️,001750,한양증권,18950.0,00162416,한양증권,반기보고서 (2026.06),20260814,D,0,0.0,0,35.0,0,0,0,0,0,DART_DOC_800_시스템 점검으로 인한  서비스가 중지 중입니다.,DART_DOC_800_시스템 점검으로 인한  서비스가 중지 중입니다.,DART corp_code 매칭 / 최근 보고서: 반기보고서 (2026.06) / 공시신뢰도 D,
⚠️,001770,SHD,3925.0,00137809,SHD,반기보고서 (2026.06),20260814,D,0,0.0,0,35.0,0,0,0,0,0,DART_DOC_800_시스템 점검으로 인한  서비스가 중지 중입니다.,DART_DOC_800_시스템 점검으로 인한  서비스가 중지 중입니다.,DART corp_code 매칭 / 최근 보고서: 반기보고서 (2026.06) / 공시신뢰도 D,
⚠️,001780,알루코,1706.0,00117027,알루코,반기보고서 (2026.06),20260814,D,0,0.0,0,35.0,0,0,0,0,0,DART_DOC_800_시스템 점검으로 인한  서비스가 중지 중입니다.,DART_DOC_800_시스템 점검으로 인한  서비스가 중지 중입니다.,DART corp_code 매칭 / 최근 보고서: 반기보고서 (2026.06) / 공시신뢰도 D,
⚠️,001790,대한제당,2805.0,00113234,대한제당,반기보고서 (2026.06),20260814,D,0,0.0,0,35.0,0,0,0,0,0,DART_DOC_800_시스템 점검으로 인한  서비스가 중지 중입니다.,DART_DOC_800_시스템 점검으로 인한  서비스가 중지 중입니다.,DART corp_code 매칭 / 최근 보고서: 반기보고서 (2026.06) / 공시신뢰도 D,
⚠️,001800,오리온홀딩스,22600.0,00117577,오리온홀딩스,반기보고서 (2026.06),20260814,D,0,0.0,0,35.0,0,0,0,0,0,DART_DOC_800_시스템 점검으로 인한  서비스가 중지 중입니다.,DART_DOC_800_시스템 점검으로 인한  서비스가 중지 중입니다.,DART corp_code 매칭 / 최근 보고서: 반기보고서 (2026.06) / 공시신뢰도 D,
⚠️,001820,삼화콘덴서,158300.0,00129350,삼화콘덴서공업,반기보고서 (2026.06),20260814,D,0,0.0,0,35.0,0,0,0,0,0,DART_DOC_800_시스템 점검으로 인한  서비스가 중지 중입니다.,DART_DOC_800_시스템 점검으로 인한  서비스가 중지 중입니다.,DART corp_code 매칭 / 최근 보고서: 반기보고서 (2026.06) / 공시신뢰도 D,
⚠️,001940,KISCO홀딩스,25400.0,00159740,KISCO홀딩스,반기보고서 (2026.06),20260814,D,0,0.0,0,35.0,0,0,0,0,0,DART_DOC_800_시스템 점검으로 인한  서비스가 중지 중입니다.,DART_DOC_800_시스템 점검으로 인한  서비스가 중지 중입니다.,DART corp_code 매칭 / 최근 보고서: 반기보고서 (2026.06) / 공시신뢰도 D,
⚠️,002020,코오롱,22650.0,00152862,코오롱,반기보고서 (2026.06),20260814,D,0,0.0,0,35.0,0,0,0,0,0,DART_DOC_800_시스템 점검으로 인한  서비스가 중지 중입니다.,DART_DOC_800_시스템 점검으로 인한  서비스가 중지 중입니다.,DART corp_code 매칭 / 최근 보고서: 반기보고서 (2026.06) / 공시신뢰도 D,
⚠️,002030,아세아,214500.0,01831708,송우인포텍,사업보고서 (2025.12),20260727,D,0,0.0,0,35.0,0,0,0,0,0,DART_DOC_800_시스템 점검으로 인한  서비스가 중지 중입니다.,DART_DOC_800_시스템 점검으로 인한  서비스가 중지 중입니다.,DART corp_code 매칭 / 최근 보고서: 사업보고서 (2025.12) / 공시신뢰도 D,
⚠️,002070,비비안,3810.0,00107677,비비안,반기보고서 (2026.06),20260814,D,0,0.0,0,35.0,0,0,0,0,0,DART_DOC_800_시스템 점검으로 인한  서비스가 중지 중입니다.,DART_DOC_800_시스템 점검으로 인한  서비스가 중지 중입니다.,DART corp_code 매칭 / 최근 보고서: 반기보고서 (2026.06) / 공시신뢰도 D,
⚠️,002100,경농,9000.0,00101433,경농,반기보고서 (2026.06),20260814,D,0,0.0,0,35.0,0,0,0,0,0,DART_DOC_800_시스템 점검으로 인한  서비스가 중지 중입니다.,DART_DOC_800_시스템 점검으로 인한  서비스가 중지 중입니다.,DART corp_code 매칭 / 최근 보고서: 반기보고서 (2026.06) / 공시신뢰도 D,
⚠️,002140,고려산업,1904.0,00102751,고려산업,반기보고서 (2026.06),20260814,D,0,0.0,0,35.0,0,0,0,0,0,DART_DOC_800_시스템 점검으로 인한  서비스가 중지 중입니다.,DART_DOC_800_시스템 점검으로 인한  서비스가 중지 중입니다.,DART corp_code 매칭 / 최근 보고서: 반기보고서 (2026.06) / 공시신뢰도 D,
⚠️,002150,도화엔지니어링,4890.0,00114552,도화엔지니어링,반기보고서 (2026.06),20260813,D,0,0.0,0,35.0,0,0,0,0,0,DART_DOC_800_시스템 점검으로 인한  서비스가 중지 중입니다.,DART_DOC_800_시스템 점검으로 인한  서비스가 중지 중입니다.,DART corp_code 매칭 / 최근 보고서: 반기보고서 (2026.06) / 공시신뢰도 D,
⚠️,002170,SYTS,51700.0,00127042,SYTS,반기보고서 (2026.06),20260814,D,0,0.0,0,35.0,0,0,0,0,0,DART_DOC_800_시스템 점검으로 인한  서비스가 중지 중입니다.,DART_DOC_800_시스템 점검으로 인한  서비스가 중지 중입니다.,DART corp_code 매칭 / 최근 보고서: 반기보고서 (2026.06) / 공시신뢰도 D,
⚠️,002210,동성제약,1283.0,00116268,동성제약,[기재정정]반기보고서 (2026.06),20260818,D,0,0.0,0,35.0,0,0,0,0,0,DART_DOC_800_시스템 점검으로 인한  서비스가 중지 중입니다.,DART_DOC_800_시스템 점검으로 인한  서비스가 중지 중입니다.,DART corp_code 매칭 / 최근 보고서: [기재정정]반기보고서 (2026.06) / 공시신뢰도 D,
⚠️,002220,한일철강,3020.0,00163196,한일철강,[기재정정]반기보고서 (2026.06),20260831,D,0,0.0,0,35.0,0,0,0,0,0,DART_DOC_800_시스템 점검으로 인한  서비스가 중지 중입니다.,DART_DOC_800_시스템 점검으로 인한  서비스가 중지 중입니다.,DART corp_code 매칭 / 최근 보고서: [기재정정]반기보고서 (2026.06) / 공시신뢰도 D,
⚠️,002240,고려제강,16510.0,00103006,고려제강,[기재정정]반기보고서 (2026.06),20260929,D,0,0.0,0,35.0,0,0,0,0,0,DART_DOC_800_시스템 점검으로 인한  서비스가 중지 중입니다.,DART_DOC_800_시스템 점검으로 인한  서비스가 중지 중입니다.,DART corp_code 매칭 / 최근 보고서: [기재정정]반기보고서 (2026.06) / 공시신뢰도 D,
⚠️,002310,아세아제지,7550.0,00138729,아세아제지,반기보고서 (2026.06),20260814,D,0,0.0,0,35.0,0,0,0,0,0,DART_DOC_800_시스템 점검으로 인한  서비스가 중지 중입니다.,DART_DOC_800_시스템 점검으로 인한  서비스가 중지 중입니다.,DART corp_code 매칭 / 최근 보고서: 반기보고서 (2026.06) / 공시신뢰도 D,
⚠️,002320,한진,17010.0,00163512,한진,[기재정정]반기보고서 (2026.06),20260825,D,0,0.0,0,35.0,0,0,0,0,0,DART_DOC_800_시스템 점검으로 인한  서비스가 중지 중입니다.,DART_DOC_800_시스템 점검으로 인한  서비스가 중지 중입니다.,DART corp_code 매칭 / 최근 보고서: [기재정정]반기보고서 (2026.06) / 공시신뢰도 D,
⚠️,002350,넥센타이어,5770.0,00173874,넥센타이어,반기보고서 (2026.06),20260814,D,0,0.0,0,35.0,0,0,0,0,0,DART_DOC_800_시스템 점검으로 인한  서비스가 중지 중입니다.,DART_DOC_800_시스템 점검으로 인한  서비스가 중지 중입니다.,DART corp_code 매칭 / 최근 보고서: 반기보고서 (2026.06) / 공시신뢰도 D,
⚠️,002360,SH에너지화학,3520.0,00136457,SH에너지화학,반기보고서 (2026.06),20260814,D,0,0.0,0,35.0,0,0,0,0,0,DART_DOC_800_시스템 점검으로 인한  서비스가 중지 중입니다.,DART_DOC_800_시스템 점검으로 인한  서비스가 중지 중입니다.,DART corp_code 매칭 / 최근 보고서: 반기보고서 (2026.06) / 공시신뢰도 D,
⚠️,002380,KCC,460500.0,00105271,케이씨씨,반기보고서 (2026.06),20260814,D,0,0.0,0,35.0,0,0,0,0,0,DART_DOC_800_시스템 점검으로 인한  서비스가 중지 중입니다.,DART_DOC_800_시스템 점검으로 인한  서비스가 중지 중입니다.,DART corp_code 매칭 / 최근 보고서: 반기보고서 (2026.06) / 공시신뢰도 D,
⚠️,002390,한독,8600.0,00161046,한독,반기보고서 (2026.06),20260814,D,0,0.0,0,35.0,0,0,0,0,0,DART_DOC_800_시스템 점검으로 인한  서비스가 중지 중입니다.,DART_DOC_800_시스템 점검으로 인한  서비스가 중지 중입니다.,DART corp_code 매칭 / 최근 보고서: 반기보고서 (2026.06) / 공시신뢰도 D,
⚠️,002410,범양건영,1935.0,00122694,범양건영,[기재정정]반기보고서 (2026.06),20260930,D,0,0.0,0,35.0,0,0,0,0,0,DART_DOC_800_시스템 점검으로 인한  서비스가 중지 중입니다.,DART_DOC_800_시스템 점검으로 인한  서비스가 중지 중입니다.,DART corp_code 매칭 / 최근 보고서: [기재정정]반기보고서 (2026.06) / 공시신뢰도 D,
⚠️,002420,우양피앤엘,5740.0,00133618,우양피앤엘,반기보고서 (2026.06),20260814,D,0,0.0,0,35.0,0,0,0,0,0,DART_DOC_800_시스템 점검으로 인한  서비스가 중지 중입니다.,DART_DOC_800_시스템 점검으로 인한  서비스가 중지 중입니다.,DART corp_code 매칭 / 최근 보고서: 반기보고서 (2026.06) / 공시신뢰도 D,
⚠️,002450,삼익악기,1081.0,00127857,삼익악기,반기보고서 (2026.06),20260814,D,0,0.0,0,35.0,0,0,0,0,0,DART_DOC_800_시스템 점검으로 인한  서비스가 중지 중입니다.,DART_DOC_800_시스템 점검으로 인한  서비스가 중지 중입니다.,DART corp_code 매칭 / 최근 보고서: 반기보고서 (2026.06) / 공시신뢰도 D,
⚠️,002460,HS화성,11080.0,00174527,HS화성,반기보고서 (2026.06),20260814,D,0,0.0,0,35.0,0,0,0,0,0,DART_DOC_800_시스템 점검으로 인한  서비스가 중지 중입니다.,DART_DOC_800_시스템 점검으로 인한  서비스가 중지 중입니다.,DART corp_code 매칭 / 최근 보고서: 반기보고서 (2026.06) / 공시신뢰도 D,
⚠️,002600,조흥,139000.0,00149345,조흥,반기보고서 (2026.06),20260813,D,0,0.0,0,35.0,0,0,0,0,0,DART_DOC_800_시스템 점검으로 인한  서비스가 중지 중입니다.,DART_DOC_800_시스템 점검으로 인한  서비스가 중지 중입니다.,DART corp_code 매칭 / 최근 보고서: 반기보고서 (2026.06) / 공시신뢰도 D,
⚠️,002620,제일파마홀딩스,7550.0,00148443,제일파마홀딩스,[기재정정]반기보고서 (2026.06),20260814,D,0,0.0,0,35.0,0,0,0,0,0,DART_DOC_800_시스템 점검으로 인한  서비스가 중지 중입니다.,DART_DOC_800_시스템 점검으로 인한  서비스가 중지 중입니다.,DART corp_code 매칭 / 최근 보고서: [기재정정]반기보고서 (2026.06) / 공시신뢰도 D,
⚠️,002630,오리엔트바이오,1638.0,00141626,오리엔트바이오,분기보고서 (2026.06),20260814,D,0,0.0,0,35.0,0,0,0,0,0,DART_DOC_800_시스템 점검으로 인한  서비스가 중지 중입니다.,DART_DOC_800_시스템 점검으로 인한  서비스가 중지 중입니다.,DART corp_code 매칭 / 최근 보고서: 분기보고서 (2026.06) / 공시신뢰도 D,
⚠️,002690,동일제강,1315.0,00118451,동일제강,반기보고서 (2026.06),20260814,D,0,0.0,0,35.0,0,0,0,0,0,DART_DOC_800_시스템 점검으로 인한  서비스가 중지 중입니다.,DART_DOC_800_시스템 점검으로 인한  서비스가 중지 중입니다.,DART corp_code 매칭 / 최근 보고서: 반기보고서 (2026.06) / 공시신뢰도 D,
⚠️,002700,신일전자,1040.0,00173698,신일전자,반기보고서 (2026.06),20260814,D,0,0.0,0,35.0,0,0,0,0,0,DART_DOC_800_시스템 점검으로 인한  서비스가 중지 중입니다.,DART_DOC_800_시스템 점검으로 인한  서비스가 중지 중입니다.,DART corp_code 매칭 / 최근 보고서: 반기보고서 (2026.06) / 공시신뢰도 D,
⚠️,002710,TCC스틸,14010.0,00117300,TCC스틸,반기보고서 (2026.06),20260814,D,0,0.0,0,35.0,0,0,0,0,0,DART_DOC_800_시스템 점검으로 인한  서비스가 중지 중입니다.,DART_DOC_800_시스템 점검으로 인한  서비스가 중지 중입니다.,DART corp_code 매칭 / 최근 보고서: 반기보고서 (2026.06) / 공시신뢰도 D,
⚠️,002720,국제약품,4270.0,00104722,국제약품,반기보고서 (2026.06),20260814,D,0,0.0,0,35.0,0,0,0,0,0,DART_DOC_800_시스템 점검으로 인한  서비스가 중지 중입니다.,DART_DOC_800_시스템 점검으로 인한  서비스가 중지 중입니다.,DART corp_code 매칭 / 최근 보고서: 반기보고서 (2026.06) / 공시신뢰도 D,
⚠️,002760,보락,989.0,00123107,보락,반기보고서 (2026.06),20260813,D,0,0.0,0,35.0,0,0,0,0,0,DART_DOC_800_시스템 점검으로 인한  서비스가 중지 중입니다.,DART_DOC_800_시스템 점검으로 인한  서비스가 중지 중입니다.,DART corp_code 매칭 / 최근 보고서: 반기보고서 (2026.06) / 공시신뢰도 D,
⚠️,002780,진흥기업,6530.0,00150828,진흥기업,반기보고서 (2026.06),20260813,D,0,0.0,0,35.0,0,0,0,0,0,DART_DOC_800_시스템 점검으로 인한  서비스가 중지 중입니다.,DART_DOC_800_시스템 점검으로 인한  서비스가 중지 중입니다.,DART corp_code 매칭 / 최근 보고서: 반기보고서 (2026.06) / 공시신뢰도 D,
⚠️,002790,아모레퍼시픽홀딩스,25900.0,00154462,아모레퍼시픽홀딩스,반기보고서 (2026.06),20260814,D,0,0.0,0,35.0,0,0,0,0,0,DART_DOC_800_시스템 점검으로 인한  서비스가 중지 중입니다.,DART_DOC_800_시스템 점검으로 인한  서비스가 중지 중입니다.,DART corp_code 매칭 / 최근 보고서: 반기보고서 (2026.06) / 공시신뢰도 D,
⚠️,002810,삼영무역,21500.0,00127167,삼영무역,반기보고서 (2026.06),20260814,D,0,0.0,0,35.0,0,0,0,0,0,DART_DOC_800_시스템 점검으로 인한  서비스가 중지 중입니다.,DART_DOC_800_시스템 점검으로 인한  서비스가 중지 중입니다.,DART corp_code 매칭 / 최근 보고서: 반기보고서 (2026.06) / 공시신뢰도 D,
⚠️,002820,SUN&L,1150.0,00132211,SUN&L,반기보고서 (2026.06),20260814,D,0,0.0,0,35.0,0,0,0,0,0,DART_DOC_800_시스템 점검으로 인한  서비스가 중지 중입니다.,DART_DOC_800_시스템 점검으로 인한  서비스가 중지 중입니다.,DART corp_code 매칭 / 최근 보고서: 반기보고서 (2026.06) / 공시신뢰도 D,
⚠️,002840,미원상사,140600.0,00121932,미원상사,반기보고서 (2026.06),20260814,D,0,0.0,0,35.0,0,0,0,0,0,DART_DOC_800_시스템 점검으로 인한  서비스가 중지 중입니다.,DART_DOC_800_시스템 점검으로 인한  서비스가 중지 중입니다.,DART corp_code 매칭 / 최근 보고서: 반기보고서 (2026.06) / 공시신뢰도 D,
⚠️,002870,신풍,1157.0,00137368,신풍,반기보고서 (2026.06),20260813,D,0,0.0,0,35.0,0,0,0,0,0,DART_DOC_800_시스템 점검으로 인한  서비스가 중지 중입니다.,DART_DOC_800_시스템 점검으로 인한  서비스가 중지 중입니다.,DART corp_code 매칭 / 최근 보고서: 반기보고서 (2026.06) / 공시신뢰도 D,
⚠️,002880,디와이에이,3575.0,00149804,디와이에이,[기재정정]반기보고서 (2026.06),20260930,D,0,0.0,0,35.0,0,0,0,0,0,DART_DOC_800_시스템 점검으로 인한  서비스가 중지 중입니다.,DART_DOC_800_시스템 점검으로 인한  서비스가 중지 중입니다.,DART corp_code 매칭 / 최근 보고서: [기재정정]반기보고서 (2026.06) / 공시신뢰도 D,
⚠️,002900,TYM,6430.0,00117230,TYM,반기보고서 (2026.06),20260813,D,0,0.0,0,35.0,0,0,0,0,0,DART_DOC_800_시스템 점검으로 인한  서비스가 중지 중입니다.,DART_DOC_800_시스템 점검으로 인한  서비스가 중지 중입니다.,DART corp_code 매칭 / 최근 보고서: 반기보고서 (2026.06) / 공시신뢰도 D,
⚠️,002920,유성기업,1791.0,00174004,유성기업,반기보고서 (2026.06),20260814,D,0,0.0,0,35.0,0,0,0,0,0,DART_DOC_800_시스템 점검으로 인한  서비스가 중지 중입니다.,DART_DOC_800_시스템 점검으로 인한  서비스가 중지 중입니다.,DART corp_code 매칭 / 최근 보고서: 반기보고서 (2026.06) / 공시신뢰도 D,
⚠️,002960,한국쉘석유,540000.0,00158149,한국쉘석유,반기보고서 (2026.06),20260814,D,0,0.0,0,35.0,0,0,0,0,0,DART_DOC_800_시스템 점검으로 인한  서비스가 중지 중입니다.,DART_DOC_800_시스템 점검으로 인한  서비스가 중지 중입니다.,DART corp_code 매칭 / 최근 보고서: 반기보고서 (2026.06) / 공시신뢰도 D,
⚠️,002990,금호건설,11140.0,00106313,금호건설,반기보고서 (2026.06),20260813,D,0,0.0,0,35.0,0,0,0,0,0,DART_DOC_800_시스템 점검으로 인한  서비스가 중지 중입니다.,DART_DOC_800_시스템 점검으로 인한  서비스가 중지 중입니다.,DART corp_code 매칭 / 최근 보고서: 반기보고서 (2026.06) / 공시신뢰도 D,
⚠️,003000,부광약품,4055.0,00123718,부광약품,반기보고서 (2026.06),20260813,D,0,0.0,0,35.0,0,0,0,0,0,DART_DOC_800_시스템 점검으로 인한  서비스가 중지 중입니다.,DART_DOC_800_시스템 점검으로 인한  서비스가 중지 중입니다.,DART corp_code 매칭 / 최근 보고서: 반기보고서 (2026.06) / 공시신뢰도 D,
⚠️,003010,혜인,8060.0,00165343,혜인,반기보고서 (2026.06),20260814,D,0,0.0,0,35.0,0,0,0,0,0,DART_DOC_800_시스템 점검으로 인한  서비스가 중지 중입니다.,DART_DOC_800_시스템 점검으로 인한  서비스가 중지 중입니다.,DART corp_code 매칭 / 최근 보고서: 반기보고서 (2026.06) / 공시신뢰도 D,
⚠️,003030,세아제강지주,105100.0,00124197,세아제강지주,반기보고서 (2026.06),20260814,D,0,0.0,0,35.0,0,0,0,0,0,DART_DOC_800_시스템 점검으로 인한  서비스가 중지 중입니다.,DART_DOC_800_시스템 점검으로 인한  서비스가 중지 중입니다.,DART corp_code 매칭 / 최근 보고서: 반기보고서 (2026.06) / 공시신뢰도 D,
⚠️,003060,에이프로젠바이오로직스,1544.0,00101044,에이프로젠바이오로직스,반기보고서 (2026.06),20260813,D,0,0.0,0,35.0,0,0,0,0,0,DART_DOC_800_시스템 점검으로 인한  서비스가 중지 중입니다.,DART_DOC_800_시스템 점검으로 인한  서비스가 중지 중입니다.,DART corp_code 매칭 / 최근 보고서: 반기보고서 (2026.06) / 공시신뢰도 D,
⚠️,003070,코오롱글로벌,8990.0,00152880,코오롱글로벌,반기보고서 (2026.06),20260814,D,0,0.0,0,35.0,0,0,0,0,0,DART_DOC_800_시스템 점검으로 인한  서비스가 중지 중입니다.,DART_DOC_800_시스템 점검으로 인한  서비스가 중지 중입니다.,DART corp_code 매칭 / 최근 보고서: 반기보고서 (2026.06) / 공시신뢰도 D,
⚠️,003080,SB성보,2245.0,00132725,SB성보,[첨부추가]반기보고서 (2026.06),20260814,D,0,0.0,0,35.0,0,0,0,0,0,DART_DOC_800_시스템 점검으로 인한  서비스가 중지 중입니다.,DART_DOC_800_시스템 점검으로 인한  서비스가 중지 중입니다.,DART corp_code 매칭 / 최근 보고서: [첨부추가]반기보고서 (2026.06) / 공시신뢰도 D,
⚠️,003090,대웅,15690.0,00111810,대웅,반기보고서 (2026.06),20260814,D,0,0.0,0,35.0,0,0,0,0,0,DART_DOC_800_시스템 점검으로 인한  서비스가 중지 중입니다.,DART_DOC_800_시스템 점검으로 인한  서비스가 중지 중입니다.,DART corp_code 매칭 / 최근 보고서: 반기보고서 (2026.06) / 공시신뢰도 D,
⚠️,003120,일성아이에스,22350.0,00146214,일성아이에스,반기보고서 (2026.06),20260814,D,0,0.0,0,35.0,0,0,0,0,0,DART_DOC_800_시스템 점검으로 인한  서비스가 중지 중입니다.,DART_DOC_800_시스템 점검으로 인한  서비스가 중지 중입니다.,DART corp_code 매칭 / 최근 보고서: 반기보고서 (2026.06) / 공시신뢰도 D,
⚠️,003160,디아이,42150.0,00118275,디아이,반기보고서 (2026.06),20260814,D,0,0.0,0,35.0,0,0,0,0,0,DART_DOC_800_시스템 점검으로 인한  서비스가 중지 중입니다.,DART_DOC_800_시스템 점검으로 인한  서비스가 중지 중입니다.,DART corp_code 매칭 / 최근 보고서: 반기보고서 (2026.06) / 공시신뢰도 D,
⚠️,003200,일신방직,11510.0,00146269,일신방직,반기보고서 (2026.06),20260814,D,0,0.0,0,35.0,0,0,0,0,0,DART_DOC_800_시스템 점검으로 인한  서비스가 중지 중입니다.,DART_DOC_800_시스템 점검으로 인한  서비스가 중지 중입니다.,DART corp_code 매칭 / 최근 보고서: 반기보고서 (2026.06) / 공시신뢰도 D,
⚠️,003220,대원제약,8190.0,00111999,대원제약,반기보고서 (2026.06),20260807,D,0,0.0,0,35.0,0,0,0,0,0,DART_DOC_800_시스템 점검으로 인한  서비스가 중지 중입니다.,DART_DOC_800_시스템 점검으로 인한  서비스가 중지 중입니다.,DART corp_code 매칭 / 최근 보고서: 반기보고서 (2026.06) / 공시신뢰도 D,
⚠️,003230,삼양식품,1172000.0,00126955,삼양식품,반기보고서 (2026.06),20260814,D,0,0.0,0,35.0,0,0,0,0,0,DART_DOC_800_시스템 점검으로 인한  서비스가 중지 중입니다.,DART_DOC_800_시스템 점검으로 인한  서비스가 중지 중입니다.,DART corp_code 매칭 / 최근 보고서: 반기보고서 (2026.06) / 공시신뢰도 D,
⚠️,003240,태광산업,910000.0,00153393,태광산업,반기보고서 (2026.06),20260814,D,0,0.0,0,35.0,0,0,0,0,0,DART_DOC_800_시스템 점검으로 인한  서비스가 중지 중입니다.,DART_DOC_800_시스템 점검으로 인한  서비스가 중지 중입니다.,DART corp_code 매칭 / 최근 보고서: 반기보고서 (2026.06) / 공시신뢰도 D,
⚠️,003280,흥아해운,1818.0,00167208,흥아해운,반기보고서 (2026.06),20260814,D,0,0.0,0,35.0,0,0,0,0,0,DART_DOC_800_시스템 점검으로 인한  서비스가 중지 중입니다.,DART_DOC_800_시스템 점검으로 인한  서비스가 중지 중입니다.,DART corp_code 매칭 / 최근 보고서: 반기보고서 (2026.06) / 공시신뢰도 D,
⚠️,003300,한일홀딩스,17000.0,00162993,한일홀딩스,반기보고서 (2026.06),20260814,D,0,0.0,0,35.0,0,0,0,0,0,DART_DOC_800_시스템 점검으로 인한  서비스가 중지 중입니다.,DART_DOC_800_시스템 점검으로 인한  서비스가 중지 중입니다.,DART corp_code 매칭 / 최근 보고서: 반기보고서 (2026.06) / 공시신뢰도 D,
⚠️,003350,한국화장품제조,16240.0,00160621,한국화장품제조,반기보고서 (2026.06),20260813,D,0,0.0,0,35.0,0,0,0,0,0,DART_DOC_800_시스템 점검으로 인한  서비스가 중지 중입니다.,DART_DOC_800_시스템 점검으로 인한  서비스가 중지 중입니다.,DART corp_code 매칭 / 최근 보고서: 반기보고서 (2026.06) / 공시신뢰도 D,
⚠️,003460,유화증권,2960.0,00145190,유화증권,반기보고서 (2026.06),20260814,D,0,0.0,0,35.0,0,0,0,0,0,DART_DOC_800_시스템 점검으로 인한  서비스가 중지 중입니다.,DART_DOC_800_시스템 점검으로 인한  서비스가 중지 중입니다.,DART corp_code 매칭 / 최근 보고서: 반기보고서 (2026.06) / 공시신뢰도 D,
⚠️,003470,유안타증권,4220.0,00117601,유안타증권,반기보고서 (2026.06),20260814,D,0,0.0,0,35.0,0,0,0,0,0,DART_DOC_800_시스템 점검으로 인한  서비스가 중지 중입니다.,DART_DOC_800_시스템 점검으로 인한  서비스가 중지 중입니다.,DART corp_code 매칭 / 최근 보고서: 반기보고서 (2026.06) / 공시신뢰도 D,
⚠️,003480,한진중공업홀딩스,4655.0,00163673,한진중공업홀딩스,반기보고서 (2026.06),20260814,D,0,0.0,0,35.0,0,0,0,0,0,DART_DOC_800_시스템 점검으로 인한  서비스가 중지 중입니다.,DART_DOC_800_시스템 점검으로 인한  서비스가 중지 중입니다.,DART corp_code 매칭 / 최근 보고서: 반기보고서 (2026.06) / 공시신뢰도 D,
⚠️,003490,대한항공,30700.0,00113526,대한항공,반기보고서 (2026.06),20260814,D,0,0.0,0,35.0,0,0,0,0,0,DART_DOC_800_시스템 점검으로 인한  서비스가 중지 중입니다.,DART_DOC_800_시스템 점검으로 인한  서비스가 중지 중입니다.,DART corp_code 매칭 / 최근 보고서: 반기보고서 (2026.06) / 공시신뢰도 D,
⚠️,003520,영진약품,1035.0,00141149,영진약품,반기보고서 (2026.06),20260814,D,0,0.0,0,35.0,0,0,0,0,0,DART_DOC_800_시스템 점검으로 인한  서비스가 중지 중입니다.,DART_DOC_800_시스템 점검으로 인한  서비스가 중지 중입니다.,DART corp_code 매칭 / 최근 보고서: 반기보고서 (2026.06) / 공시신뢰도 D,
⚠️,003530,한화투자증권,4385.0,00148610,한화투자증권,반기보고서 (2026.06),20260813,D,0,0.0,0,35.0,0,0,0,0,0,DART_DOC_800_시스템 점검으로 인한  서비스가 중지 중입니다.,DART_DOC_800_시스템 점검으로 인한  서비스가 중지 중입니다.,DART corp_code 매칭 / 최근 보고서: 반기보고서 (2026.06) / 공시신뢰도 D,
⚠️,003540,대신증권,24650.0,00110893,대신증권,[기재정정]반기보고서 (2026.06),20261007,D,0,0.0,0,35.0,0,0,0,0,0,DART_DOC_800_시스템 점검으로 인한  서비스가 중지 중입니다.,DART_DOC_800_시스템 점검으로 인한  서비스가 중지 중입니다.,DART corp_code 매칭 / 최근 보고서: [기재정정]반기보고서 (2026.06) / 공시신뢰도 D,
⚠️,003550,LG,108100.0,00120021,LG,반기보고서 (2026.06),20260814,D,0,0.0,0,35.0,0,0,0,0,0,DART_DOC_800_시스템 점검으로 인한  서비스가 중지 중입니다.,DART_DOC_800_시스템 점검으로 인한  서비스가 중지 중입니다.,DART corp_code 매칭 / 최근 보고서: 반기보고서 (2026.06) / 공시신뢰도 D,
⚠️,003570,SNT다이내믹스,28700.0,00134477,SNT다이내믹스,반기보고서 (2026.06),20260812,D,0,0.0,0,35.0,0,0,0,0,0,DART_DOC_800_시스템 점검으로 인한  서비스가 중지 중입니다.,DART_DOC_800_시스템 점검으로 인한  서비스가 중지 중입니다.,DART corp_code 매칭 / 최근 보고서: 반기보고서 (2026.06) / 공시신뢰도 D,
⚠️,003580,HLB글로벌,2635.0,00169048,HLB글로벌,반기보고서 (2026.06),20260813,D,0,0.0,0,35.0,0,0,0,0,0,DART_DOC_800_시스템 점검으로 인한  서비스가 중지 중입니다.,DART_DOC_800_시스템 점검으로 인한  서비스가 중지 중입니다.,DART corp_code 매칭 / 최근 보고서: 반기보고서 (2026.06) / 공시신뢰도 D,
⚠️,003610,방림,5480.0,00122348,방림,분기보고서 (2026.06),20260814,D,0,0.0,0,35.0,0,0,0,0,0,DART_DOC_800_시스템 점검으로 인한  서비스가 중지 중입니다.,DART_DOC_800_시스템 점검으로 인한  서비스가 중지 중입니다.,DART corp_code 매칭 / 최근 보고서: 분기보고서 (2026.06) / 공시신뢰도 D,
⚠️,003620,KG모빌리티,2600.0,00138242,KG모빌리티,반기보고서 (2026.06),20260814,D,0,0.0,0,35.0,0,0,0,0,0,DART_DOC_800_시스템 점검으로 인한  서비스가 중지 중입니다.,DART_DOC_800_시스템 점검으로 인한  서비스가 중지 중입니다.,DART corp_code 매칭 / 최근 보고서: 반기보고서 (2026.06) / 공시신뢰도 D,
⚠️,003650,미창석유,122400.0,00122056,미창석유공업,반기보고서 (2026.06),20260814,D,0,0.0,0,35.0,0,0,0,0,0,DART_DOC_800_시스템 점검으로 인한  서비스가 중지 중입니다.,DART_DOC_800_시스템 점검으로 인한  서비스가 중지 중입니다.,DART corp_code 매칭 / 최근 보고서: 반기보고서 (2026.06) / 공시신뢰도 D,
⚠️,003670,포스코퓨처엠,193100.0,00155276,포스코퓨처엠,[기재정정]반기보고서 (2026.06),20260902,D,0,0.0,0,35.0,0,0,0,0,0,DART_DOC_800_시스템 점검으로 인한  서비스가 중지 중입니다.,DART_DOC_800_시스템 점검으로 인한  서비스가 중지 중입니다.,DART corp_code 매칭 / 최근 보고서: [기재정정]반기보고서 (2026.06) / 공시신뢰도 D,
⚠️,003680,한성기업,4490.0,00161860,한성기업,반기보고서 (2026.06),20260814,D,0,0.0,0,35.0,0,0,0,0,0,DART_DOC_800_시스템 점검으로 인한  서비스가 중지 중입니다.,DART_DOC_800_시스템 점검으로 인한  서비스가 중지 중입니다.,DART corp_code 매칭 / 최근 보고서: 반기보고서 (2026.06) / 공시신뢰도 D,
⚠️,003690,코리안리,14540.0,00113191,코리안리,[기재정정]반기보고서 (2026.06),20260828,D,0,0.0,0,35.0,0,0,0,0,0,DART_DOC_800_시스템 점검으로 인한  서비스가 중지 중입니다.,DART_DOC_800_시스템 점검으로 인한  서비스가 중지 중입니다.,DART corp_code 매칭 / 최근 보고서: [기재정정]반기보고서 (2026.06) / 공시신뢰도 D,
⚠️,003720,삼영,6420.0,00127255,삼영,반기보고서 (2026.06),20260813,D,0,0.0,0,35.0,0,0,0,0,0,DART_DOC_800_시스템 점검으로 인한  서비스가 중지 중입니다.,DART_DOC_800_시스템 점검으로 인한  서비스가 중지 중입니다.,DART corp_code 매칭 / 최근 보고서: 반기보고서 (2026.06) / 공시신뢰도 D,
⚠️,003780,진양산업,4295.0,00150439,진양산업,반기보고서 (2026.06),20260814,D,0,0.0,0,35.0,0,0,0,0,0,DART_DOC_800_시스템 점검으로 인한  서비스가 중지 중입니다.,DART_DOC_800_시스템 점검으로 인한  서비스가 중지 중입니다.,DART corp_code 매칭 / 최근 보고서: 반기보고서 (2026.06) / 공시신뢰도 D,
⚠️,003830,대한화섬,107200.0,00113544,대한화섬,반기보고서 (2026.06),20260814,D,0,0.0,0,35.0,0,0,0,0,0,DART_DOC_800_시스템 점검으로 인한  서비스가 중지 중입니다.,DART_DOC_800_시스템 점검으로 인한  서비스가 중지 중입니다.,DART corp_code 매칭 / 최근 보고서: 반기보고서 (2026.06) / 공시신뢰도 D,
⚠️,003850,보령,8610.0,00123143,보령,반기보고서 (2026.06),20260814,D,0,0.0,0,35.0,0,0,0,0,0,DART_DOC_800_시스템 점검으로 인한  서비스가 중지 중입니다.,DART_DOC_800_시스템 점검으로 인한  서비스가 중지 중입니다.,DART corp_code 매칭 / 최근 보고서: 반기보고서 (2026.06) / 공시신뢰도 D,
⚠️,003920,남양유업,41500.0,00107598,남양유업,반기보고서 (2026.06),20260814,D,0,0.0,0,35.0,0,0,0,0,0,DART_DOC_800_시스템 점검으로 인한  서비스가 중지 중입니다.,DART_DOC_800_시스템 점검으로 인한  서비스가 중지 중입니다.,DART corp_code 매칭 / 최근 보고서: 반기보고서 (2026.06) / 공시신뢰도 D,
⚠️,003960,사조대림,27150.0,00109718,사조대림,반기보고서 (2026.06),20260814,D,0,0.0,0,35.0,0,0,0,0,0,DART_DOC_800_시스템 점검으로 인한  서비스가 중지 중입니다.,DART_DOC_800_시스템 점검으로 인한  서비스가 중지 중입니다.,DART corp_code 매칭 / 최근 보고서: 반기보고서 (2026.06) / 공시신뢰도 D,
⚠️,004000,롯데정밀화학,42100.0,00157681,롯데정밀화학,반기보고서 (2026.06),20260814,D,0,0.0,0,35.0,0,0,0,0,0,DART_DOC_800_시스템 점검으로 인한  서비스가 중지 중입니다.,DART_DOC_800_시스템 점검으로 인한  서비스가 중지 중입니다.,DART corp_code 매칭 / 최근 보고서: 반기보고서 (2026.06) / 공시신뢰도 D,
⚠️,004020,현대제철,28200.0,00145880,현대제철,반기보고서 (2026.06),20260814,D,0,0.0,0,35.0,0,0,0,0,0,DART_DOC_800_시스템 점검으로 인한  서비스가 중지 중입니다.,DART_DOC_800_시스템 점검으로 인한  서비스가 중지 중입니다.,DART corp_code 매칭 / 최근 보고서: 반기보고서 (2026.06) / 공시신뢰도 D,
⚠️,004060,SG세계물산,2180.0,00133511,SG세계물산,반기보고서 (2026.06),20260814,D,0,0.0,0,35.0,0,0,0,0,0,DART_DOC_800_시스템 점검으로 인한  서비스가 중지 중입니다.,DART_DOC_800_시스템 점검으로 인한  서비스가 중지 중입니다.,DART corp_code 매칭 / 최근 보고서: 반기보고서 (2026.06) / 공시신뢰도 D,
⚠️,004080,신흥,14320.0,00173795,신흥,반기보고서 (2026.06),20260814,D,0,0.0,0,35.0,0,0,0,0,0,DART_DOC_800_시스템 점검으로 인한  서비스가 중지 중입니다.,DART_DOC_800_시스템 점검으로 인한  서비스가 중지 중입니다.,DART corp_code 매칭 / 최근 보고서: 반기보고서 (2026.06) / 공시신뢰도 D,
⚠️,004090,한국석유,11640.0,00157991,한국석유공업,반기보고서 (2026.06),20260814,D,0,0.0,0,35.0,0,0,0,0,0,DART_DOC_800_시스템 점검으로 인한  서비스가 중지 중입니다.,DART_DOC_800_시스템 점검으로 인한  서비스가 중지 중입니다.,DART corp_code 매칭 / 최근 보고서: 반기보고서 (2026.06) / 공시신뢰도 D,
⚠️,004100,태양금속,3200.0,00153755,태양금속공업,반기보고서 (2026.06),20260814,D,0,0.0,0,35.0,0,0,0,0,0,DART_DOC_800_시스템 점검으로 인한  서비스가 중지 중입니다.,DART_DOC_800_시스템 점검으로 인한  서비스가 중지 중입니다.,DART corp_code 매칭 / 최근 보고서: 반기보고서 (2026.06) / 공시신뢰도 D,
⚠️,004140,동방,1790.0,00115287,동방,반기보고서 (2026.06),20260814,D,0,0.0,0,35.0,0,0,0,0,0,DART_DOC_800_시스템 점검으로 인한  서비스가 중지 중입니다.,DART_DOC_800_시스템 점검으로 인한  서비스가 중지 중입니다.,DART corp_code 매칭 / 최근 보고서: 반기보고서 (2026.06) / 공시신뢰도 D,
⚠️,004150,한솔홀딩스,3515.0,00171636,한솔홀딩스,반기보고서 (2026.06),20260813,D,0,0.0,0,35.0,0,0,0,0,0,DART_DOC_800_시스템 점검으로 인한  서비스가 중지 중입니다.,DART_DOC_800_시스템 점검으로 인한  서비스가 중지 중입니다.,DART corp_code 매칭 / 최근 보고서: 반기보고서 (2026.06) / 공시신뢰도 D,
⚠️,004170,신세계,305500.0,00136378,신세계,[첨부추가]반기보고서 (2026.06),20260814,D,0,0.0,0,35.0,0,0,0,0,0,DART_DOC_800_시스템 점검으로 인한  서비스가 중지 중입니다.,DART_DOC_800_시스템 점검으로 인한  서비스가 중지 중입니다.,DART corp_code 매칭 / 최근 보고서: [첨부추가]반기보고서 (2026.06) / 공시신뢰도 D,
⚠️,004250,NPC,2875.0,00108038,엔피씨,[기재정정]반기보고서 (2026.06),20260814,D,0,0.0,0,35.0,0,0,0,0,0,DART_DOC_800_시스템 점검으로 인한  서비스가 중지 중입니다.,DART_DOC_800_시스템 점검으로 인한  서비스가 중지 중입니다.,DART corp_code 매칭 / 최근 보고서: [기재정정]반기보고서 (2026.06) / 공시신뢰도 D,
⚠️,004270,남성,5760.0,00172185,남성,반기보고서 (2026.06),20260813,D,0,0.0,0,35.0,0,0,0,0,0,DART_DOC_800_시스템 점검으로 인한  서비스가 중지 중입니다.,DART_DOC_800_시스템 점검으로 인한  서비스가 중지 중입니다.,DART corp_code 매칭 / 최근 보고서: 반기보고서 (2026.06) / 공시신뢰도 D,
⚠️,004310,현대약품,7760.0,00164706,현대약품,반기보고서 (2026.05),20260715,D,0,0.0,0,35.0,0,0,0,0,0,DART_DOC_800_시스템 점검으로 인한  서비스가 중지 중입니다.,DART_DOC_800_시스템 점검으로 인한  서비스가 중지 중입니다.,DART corp_code 매칭 / 최근 보고서: 반기보고서 (2026.05) / 공시신뢰도 D,
⚠️,004360,세방,13690.0,00133812,세방,반기보고서 (2026.06),20260814,D,0,0.0,0,35.0,0,0,0,0,0,DART_DOC_800_시스템 점검으로 인한  서비스가 중지 중입니다.,DART_DOC_800_시스템 점검으로 인한  서비스가 중지 중입니다.,DART corp_code 매칭 / 최근 보고서: 반기보고서 (2026.06) / 공시신뢰도 D,
⚠️,004370,농심,397500.0,00108241,농심,반기보고서 (2026.06),20260814,D,0,0.0,0,35.0,0,0,0,0,0,DART_DOC_800_시스템 점검으로 인한  서비스가 중지 중입니다.,DART_DOC_800_시스템 점검으로 인한  서비스가 중지 중입니다.,DART corp_code 매칭 / 최근 보고서: 반기보고서 (2026.06) / 공시신뢰도 D,
⚠️,004380,삼익THK,7620.0,00127802,삼익THK,반기보고서 (2026.06),20260814,D,0,0.0,0,35.0,0,0,0,0,0,DART_DOC_800_시스템 점검으로 인한  서비스가 중지 중입니다.,DART_DOC_800_시스템 점검으로 인한  서비스가 중지 중입니다.,DART corp_code 매칭 / 최근 보고서: 반기보고서 (2026.06) / 공시신뢰도 D,
⚠️,004410,서울식품,1229.0,00130879,서울식품공업,[기재정정]반기보고서 (2026.06),20260928,D,0,0.0,0,35.0,0,0,0,0,0,DART_DOC_800_시스템 점검으로 인한  서비스가 중지 중입니다.,DART_DOC_800_시스템 점검으로 인한  서비스가 중지 중입니다.,DART corp_code 매칭 / 최근 보고서: [기재정정]반기보고서 (2026.06) / 공시신뢰도 D,
⚠️,004430,송원산업,11590.0,00134963,송원산업,반기보고서 (2026.06),20260813,D,0,0.0,0,35.0,0,0,0,0,0,DART_DOC_800_시스템 점검으로 인한  서비스가 중지 중입니다.,DART_DOC_800_시스템 점검으로 인한  서비스가 중지 중입니다.,DART corp_code 매칭 / 최근 보고서: 반기보고서 (2026.06) / 공시신뢰도 D,
⚠️,004440,삼일씨엔에스,5320.0,00109806,삼일씨엔에스,반기보고서 (2026.06),20260813,D,0,0.0,0,35.0,0,0,0,0,0,DART_DOC_800_시스템 점검으로 인한  서비스가 중지 중입니다.,DART_DOC_800_시스템 점검으로 인한  서비스가 중지 중입니다.,DART corp_code 매칭 / 최근 보고서: 반기보고서 (2026.06) / 공시신뢰도 D,
⚠️,004450,삼화왕관,27500.0,00129235,삼화왕관,[기재정정]반기보고서 (2026.06),20260814,D,0,0.0,0,35.0,0,0,0,0,0,DART_DOC_800_시스템 점검으로 인한  서비스가 중지 중입니다.,DART_DOC_800_시스템 점검으로 인한  서비스가 중지 중입니다.,DART corp_code 매칭 / 최근 보고서: [기재정정]반기보고서 (2026.06) / 공시신뢰도 D,
⚠️,004490,세방전지,62800.0,00133858,세방전지,반기보고서 (2026.06),20260814,D,0,0.0,0,35.0,0,0,0,0,0,DART_DOC_800_시스템 점검으로 인한  서비스가 중지 중입니다.,DART_DOC_800_시스템 점검으로 인한  서비스가 중지 중입니다.,DART corp_code 매칭 / 최근 보고서: 반기보고서 (2026.06) / 공시신뢰도 D,
⚠️,004540,깨끗한나라,1230.0,00113492,깨끗한나라,반기보고서 (2026.06),20260814,D,0,0.0,0,35.0,0,0,0,0,0,DART_DOC_800_시스템 점검으로 인한  서비스가 중지 중입니다.,DART_DOC_800_시스템 점검으로 인한  서비스가 중지 중입니다.,DART corp_code 매칭 / 최근 보고서: 반기보고서 (2026.06) / 공시신뢰도 D,
⚠️,004560,현대비앤지스틸,11800.0,00125743,현대비앤지스틸,반기보고서 (2026.06),20260814,D,0,0.0,0,35.0,0,0,0,0,0,DART_DOC_800_시스템 점검으로 인한  서비스가 중지 중입니다.,DART_DOC_800_시스템 점검으로 인한  서비스가 중지 중입니다.,DART corp_code 매칭 / 최근 보고서: 반기보고서 (2026.06) / 공시신뢰도 D,
⚠️,004690,삼천리,127900.0,00128555,삼천리,반기보고서 (2026.06),20260813,D,0,0.0,0,35.0,0,0,0,0,0,DART_DOC_800_시스템 점검으로 인한  서비스가 중지 중입니다.,DART_DOC_800_시스템 점검으로 인한  서비스가 중지 중입니다.,DART corp_code 매칭 / 최근 보고서: 반기보고서 (2026.06) / 공시신뢰도 D,
⚠️,004700,조광피혁,65600.0,00148939,조광피혁,반기보고서 (2026.06),20260814,D,0,0.0,0,35.0,0,0,0,0,0,DART_DOC_800_시스템 점검으로 인한  서비스가 중지 중입니다.,DART_DOC_800_시스템 점검으로 인한  서비스가 중지 중입니다.,DART corp_code 매칭 / 최근 보고서: 반기보고서 (2026.06) / 공시신뢰도 D,
⚠️,004710,한솔테크닉스,11720.0,00157399,한솔테크닉스,반기보고서 (2026.06),20260813,D,0,0.0,0,35.0,0,0,0,0,0,DART_DOC_800_시스템 점검으로 인한  서비스가 중지 중입니다.,DART_DOC_800_시스템 점검으로 인한  서비스가 중지 중입니다.,DART corp_code 매칭 / 최근 보고서: 반기보고서 (2026.06) / 공시신뢰도 D,
⚠️,004720,팜젠사이언스,2860.0,00135050,팜젠사이언스,[첨부추가]반기보고서 (2026.06),20260814,D,0,0.0,0,35.0,0,0,0,0,0,DART_DOC_800_시스템 점검으로 인한  서비스가 중지 중입니다.,DART_DOC_800_시스템 점검으로 인한  서비스가 중지 중입니다.,DART corp_code 매칭 / 최근 보고서: [첨부추가]반기보고서 (2026.06) / 공시신뢰도 D,
⚠️,004770,써니전자,1766.0,00138057,써니전자,반기보고서 (2026.06),20260813,D,0,0.0,0,35.0,0,0,0,0,0,DART_DOC_800_시스템 점검으로 인한  서비스가 중지 중입니다.,DART_DOC_800_시스템 점검으로 인한  서비스가 중지 중입니다.,DART corp_code 매칭 / 최근 보고서: 반기보고서 (2026.06) / 공시신뢰도 D,
⚠️,004800,효성,148100.0,00117188,효성,[기재정정]반기보고서 (2026.06),20260819,D,0,0.0,0,35.0,0,0,0,0,0,DART_DOC_800_시스템 점검으로 인한  서비스가 중지 중입니다.,DART_DOC_800_시스템 점검으로 인한  서비스가 중지 중입니다.,DART corp_code 매칭 / 최근 보고서: [기재정정]반기보고서 (2026.06) / 공시신뢰도 D,
⚠️,004830,덕성,3475.0,00114093,덕성,반기보고서 (2026.06),20260814,D,0,0.0,0,35.0,0,0,0,0,0,DART_DOC_800_시스템 점검으로 인한  서비스가 중지 중입니다.,DART_DOC_800_시스템 점검으로 인한  서비스가 중지 중입니다.,DART corp_code 매칭 / 최근 보고서: 반기보고서 (2026.06) / 공시신뢰도 D,
⚠️,004840,DRB동일,3940.0,00118266,DRB동일,반기보고서 (2026.06),20260814,D,0,0.0,0,35.0,0,0,0,0,0,DART_DOC_800_시스템 점검으로 인한  서비스가 중지 중입니다.,DART_DOC_800_시스템 점검으로 인한  서비스가 중지 중입니다.,DART corp_code 매칭 / 최근 보고서: 반기보고서 (2026.06) / 공시신뢰도 D,
⚠️,004870,티웨이홀딩스,984.0,00109514,티웨이홀딩스,[기재정정]반기보고서 (2026.06),20260828,D,0,0.0,0,35.0,0,0,0,0,0,DART_DOC_800_시스템 점검으로 인한  서비스가 중지 중입니다.,DART_DOC_800_시스템 점검으로 인한  서비스가 중지 중입니다.,DART corp_code 매칭 / 최근 보고서: [기재정정]반기보고서 (2026.06) / 공시신뢰도 D,
⚠️,004890,동일산업,34550.0,00172936,동일산업,반기보고서 (2026.06),20260814,D,0,0.0,0,35.0,0,0,0,0,0,DART_DOC_800_시스템 점검으로 인한  서비스가 중지 중입니다.,DART_DOC_800_시스템 점검으로 인한  서비스가 중지 중입니다.,DART corp_code 매칭 / 최근 보고서: 반기보고서 (2026.06) / 공시신뢰도 D,
⚠️,004910,조광페인트,3385.0,00148920,조광페인트,반기보고서 (2026.06),20260814,D,0,0.0,0,35.0,0,0,0,0,0,DART_DOC_800_시스템 점검으로 인한  서비스가 중지 중입니다.,DART_DOC_800_시스템 점검으로 인한  서비스가 중지 중입니다.,DART corp_code 매칭 / 최근 보고서: 반기보고서 (2026.06) / 공시신뢰도 D,
⚠️,004920,씨아이테크,7270.0,00127158,씨아이테크,반기보고서 (2026.06),20260814,D,0,0.0,0,35.0,0,0,0,0,0,DART_DOC_800_시스템 점검으로 인한  서비스가 중지 중입니다.,DART_DOC_800_시스템 점검으로 인한  서비스가 중지 중입니다.,DART corp_code 매칭 / 최근 보고서: 반기보고서 (2026.06) / 공시신뢰도 D,
⚠️,004960,한신공영,10860.0,00162063,한신공영,반기보고서 (2026.06),20260814,D,0,0.0,0,35.0,0,0,0,0,0,DART_DOC_800_시스템 점검으로 인한  서비스가 중지 중입니다.,DART_DOC_800_시스템 점검으로 인한  서비스가 중지 중입니다.,DART corp_code 매칭 / 최근 보고서: 반기보고서 (2026.06) / 공시신뢰도 D,
⚠️,004970,신라교역,8900.0,00135962,신라교역,반기보고서 (2026.06),20260814,D,0,0.0,0,35.0,0,0,0,0,0,DART_DOC_800_시스템 점검으로 인한  서비스가 중지 중입니다.,DART_DOC_800_시스템 점검으로 인한  서비스가 중지 중입니다.,DART corp_code 매칭 / 최근 보고서: 반기보고서 (2026.06) / 공시신뢰도 D,
⚠️,004980,성신양회,8030.0,00132804,성신양회,반기보고서 (2026.06),20260814,D,0,0.0,0,35.0,0,0,0,0,0,DART_DOC_800_시스템 점검으로 인한  서비스가 중지 중입니다.,DART_DOC_800_시스템 점검으로 인한  서비스가 중지 중입니다.,DART corp_code 매칭 / 최근 보고서: 반기보고서 (2026.06) / 공시신뢰도 D,
⚠️,004990,롯데지주,22900.0,00120562,롯데지주,반기보고서 (2026.06),20260814,D,0,0.0,0,35.0,0,0,0,0,0,DART_DOC_800_시스템 점검으로 인한  서비스가 중지 중입니다.,DART_DOC_800_시스템 점검으로 인한  서비스가 중지 중입니다.,DART corp_code 매칭 / 최근 보고서: 반기보고서 (2026.06) / 공시신뢰도 D,
⚠️,005010,휴스틸,3890.0,00156488,휴스틸,반기보고서 (2026.06),20260814,D,0,0.0,0,35.0,0,0,0,0,0,DART_DOC_800_시스템 점검으로 인한  서비스가 중지 중입니다.,DART_DOC_800_시스템 점검으로 인한  서비스가 중지 중입니다.,DART corp_code 매칭 / 최근 보고서: 반기보고서 (2026.06) / 공시신뢰도 D,
⚠️,005030,부산주공,18.0,00124151,부산주공,반기보고서 (2026.06),20260814,D,0,0.0,0,35.0,0,0,0,0,0,DART_DOC_800_시스템 점검으로 인한  서비스가 중지 중입니다.,DART_DOC_800_시스템 점검으로 인한  서비스가 중지 중입니다.,DART corp_code 매칭 / 최근 보고서: 반기보고서 (2026.06) / 공시신뢰도 D,
⚠️,005070,코스모신소재,46250.0,00129989,코스모신소재,[기재정정]반기보고서 (2026.06),20260930,D,0,0.0,0,35.0,0,0,0,0,0,DART_DOC_800_시스템 점검으로 인한  서비스가 중지 중입니다.,DART_DOC_800_시스템 점검으로 인한  서비스가 중지 중입니다.,DART corp_code 매칭 / 최근 보고서: [기재정정]반기보고서 (2026.06) / 공시신뢰도 D,
⚠️,005090,SGC에너지,45850.0,00125150,SGC에너지,반기보고서 (2026.06),20260814,D,0,0.0,0,35.0,0,0,0,0,0,DART_DOC_800_시스템 점검으로 인한  서비스가 중지 중입니다.,DART_DOC_800_시스템 점검으로 인한  서비스가 중지 중입니다.,DART corp_code 매칭 / 최근 보고서: 반기보고서 (2026.06) / 공시신뢰도 D,
⚠️,005110,한창,52.0,00163716,한창,반기보고서 (2026.06),20260813,D,0,0.0,0,35.0,0,0,0,0,0,DART_DOC_800_시스템 점검으로 인한  서비스가 중지 중입니다.,DART_DOC_800_시스템 점검으로 인한  서비스가 중지 중입니다.,DART corp_code 매칭 / 최근 보고서: 반기보고서 (2026.06) / 공시신뢰도 D,
⚠️,005180,빙그레,87900.0,00124726,빙그레,반기보고서 (2026.06),20260814,D,0,0.0,0,35.0,0,0,0,0,0,DART_DOC_800_시스템 점검으로 인한  서비스가 중지 중입니다.,DART_DOC_800_시스템 점검으로 인한  서비스가 중지 중입니다.,DART corp_code 매칭 / 최근 보고서: 반기보고서 (2026.06) / 공시신뢰도 D,
⚠️,005250,녹십자홀딩스,9750.0,00108135,녹십자홀딩스,반기보고서 (2026.06),20260814,D,0,0.0,0,35.0,0,0,0,0,0,DART_DOC_800_시스템 점검으로 인한  서비스가 중지 중입니다.,DART_DOC_800_시스템 점검으로 인한  서비스가 중지 중입니다.,DART corp_code 매칭 / 최근 보고서: 반기보고서 (2026.06) / 공시신뢰도 D,
⚠️,005300,롯데칠성,95300.0,00120571,롯데칠성음료,반기보고서 (2026.06),20260813,D,0,0.0,0,35.0,0,0,0,0,0,DART_DOC_800_시스템 점검으로 인한  서비스가 중지 중입니다.,DART_DOC_800_시스템 점검으로 인한  서비스가 중지 중입니다.,DART corp_code 매칭 / 최근 보고서: 반기보고서 (2026.06) / 공시신뢰도 D,
⚠️,005320,온타이드,1600.0,00168331,온타이드,[첨부추가]반기보고서 (2026.06),20260814,D,0,0.0,0,35.0,0,0,0,0,0,DART_DOC_800_시스템 점검으로 인한  서비스가 중지 중입니다.,DART_DOC_800_시스템 점검으로 인한  서비스가 중지 중입니다.,DART corp_code 매칭 / 최근 보고서: [첨부추가]반기보고서 (2026.06) / 공시신뢰도 D,
⚠️,005360,모나미,1086.0,00121288,모나미,반기보고서 (2026.06),20260814,D,0,0.0,0,35.0,0,0,0,0,0,DART_DOC_800_시스템 점검으로 인한  서비스가 중지 중입니다.,DART_DOC_800_시스템 점검으로 인한  서비스가 중지 중입니다.,DART corp_code 매칭 / 최근 보고서: 반기보고서 (2026.06) / 공시신뢰도 D,
⚠️,005380,현대차,324500.0,00164742,현대자동차,반기보고서 (2026.06),20260814,D,0,0.0,0,35.0,0,0,0,0,0,DART_DOC_800_시스템 점검으로 인한  서비스가 중지 중입니다.,DART_DOC_800_시스템 점검으로 인한  서비스가 중지 중입니다.,DART corp_code 매칭 / 최근 보고서: 반기보고서 (2026.06) / 공시신뢰도 D,
⚠️,005420,코스모화학,11570.0,00160302,코스모화학,[기재정정]반기보고서 (2026.06),20260930,D,0,0.0,0,35.0,0,0,0,0,0,DART_DOC_800_시스템 점검으로 인한  서비스가 중지 중입니다.,DART_DOC_800_시스템 점검으로 인한  서비스가 중지 중입니다.,DART corp_code 매칭 / 최근 보고서: [기재정정]반기보고서 (2026.06) / 공시신뢰도 D,
⚠️,005430,한국공항,95100.0,00156691,한국공항,반기보고서 (2026.06),20260814,D,0,0.0,0,35.0,0,0,0,0,0,DART_DOC_800_시스템 점검으로 인한  서비스가 중지 중입니다.,DART_DOC_800_시스템 점검으로 인한  서비스가 중지 중입니다.,DART corp_code 매칭 / 최근 보고서: 반기보고서 (2026.06) / 공시신뢰도 D,
⚠️,005440,현대지에프홀딩스,12850.0,00105280,현대지에프홀딩스,반기보고서 (2026.06),20260814,D,0,0.0,0,35.0,0,0,0,0,0,DART_DOC_800_시스템 점검으로 인한  서비스가 중지 중입니다.,DART_DOC_800_시스템 점검으로 인한  서비스가 중지 중입니다.,DART corp_code 매칭 / 최근 보고서: 반기보고서 (2026.06) / 공시신뢰도 D,
⚠️,005490,POSCO홀딩스,306500.0,00155319,POSCO홀딩스,반기보고서 (2026.06),20260814,D,0,0.0,0,35.0,0,0,0,0,0,DART_DOC_800_시스템 점검으로 인한  서비스가 중지 중입니다.,DART_DOC_800_시스템 점검으로 인한  서비스가 중지 중입니다.,DART corp_code 매칭 / 최근 보고서: 반기보고서 (2026.06) / 공시신뢰도 D,
⚠️,005500,삼진제약,20100.0,00128412,삼진제약,반기보고서 (2026.06),20260814,D,0,0.0,0,35.0,0,0,0,0,0,DART_DOC_800_시스템 점검으로 인한  서비스가 중지 중입니다.,DART_DOC_800_시스템 점검으로 인한  서비스가 중지 중입니다.,DART corp_code 매칭 / 최근 보고서: 반기보고서 (2026.06) / 공시신뢰도 D,
⚠️,005610,삼립,40150.0,00125530,삼립,반기보고서 (2026.06),20260814,D,0,0.0,0,35.0,0,0,0,0,0,DART_DOC_800_시스템 점검으로 인한  서비스가 중지 중입니다.,DART_DOC_800_시스템 점검으로 인한  서비스가 중지 중입니다.,DART corp_code 매칭 / 최근 보고서: 반기보고서 (2026.06) / 공시신뢰도 D,
⚠️,005680,삼영전자,12450.0,00127200,삼영전자공업,반기보고서 (2026.06),20260814,D,0,0.0,0,35.0,0,0,0,0,0,DART_DOC_800_시스템 점검으로 인한  서비스가 중지 중입니다.,DART_DOC_800_시스템 점검으로 인한  서비스가 중지 중입니다.,DART corp_code 매칭 / 최근 보고서: 반기보고서 (2026.06) / 공시신뢰도 D,
⚠️,005690,파미셀,12860.0,00145163,파미셀,반기보고서 (2026.06),20260812,D,0,0.0,0,35.0,0,0,0,0,0,DART_DOC_800_시스템 점검으로 인한  서비스가 중지 중입니다.,DART_DOC_800_시스템 점검으로 인한  서비스가 중지 중입니다.,DART corp_code 매칭 / 최근 보고서: 반기보고서 (2026.06) / 공시신뢰도 D,
⚠️,005720,넥센,6370.0,00167192,넥센,반기보고서 (2026.06),20260814,D,0,0.0,0,35.0,0,0,0,0,0,DART_DOC_800_시스템 점검으로 인한  서비스가 중지 중입니다.,DART_DOC_800_시스템 점검으로 인한  서비스가 중지 중입니다.,DART corp_code 매칭 / 최근 보고서: 반기보고서 (2026.06) / 공시신뢰도 D,
⚠️,005740,크라운해태홀딩스,5080.0,00153126,크라운해태홀딩스,반기보고서 (2026.06),20260814,D,0,0.0,0,35.0,0,0,0,0,0,DART_DOC_800_시스템 점검으로 인한  서비스가 중지 중입니다.,DART_DOC_800_시스템 점검으로 인한  서비스가 중지 중입니다.,DART corp_code 매칭 / 최근 보고서: 반기보고서 (2026.06) / 공시신뢰도 D,
⚠️,005750,대림바스,4260.0,00109754,대림바스,반기보고서 (2026.06),20260814,D,0,0.0,0,35.0,0,0,0,0,0,DART_DOC_800_시스템 점검으로 인한  서비스가 중지 중입니다.,DART_DOC_800_시스템 점검으로 인한  서비스가 중지 중입니다.,DART corp_code 매칭 / 최근 보고서: 반기보고서 (2026.06) / 공시신뢰도 D,
⚠️,005800,신영와코루,13360.0,00136624,신영와코루,반기보고서 (2026.06),20260814,D,0,0.0,0,35.0,0,0,0,0,0,DART_DOC_800_시스템 점검으로 인한  서비스가 중지 중입니다.,DART_DOC_800_시스템 점검으로 인한  서비스가 중지 중입니다.,DART corp_code 매칭 / 최근 보고서: 반기보고서 (2026.06) / 공시신뢰도 D,
⚠️,005810,풍산홀딩스,35150.0,00155531,풍산홀딩스,반기보고서 (2026.06),20260814,D,0,0.0,0,35.0,0,0,0,0,0,DART_DOC_800_시스템 점검으로 인한  서비스가 중지 중입니다.,DART_DOC_800_시스템 점검으로 인한  서비스가 중지 중입니다.,DART corp_code 매칭 / 최근 보고서: 반기보고서 (2026.06) / 공시신뢰도 D,
⚠️,005820,원림,14400.0,00143794,원림,반기보고서 (2026.06),20260814,D,0,0.0,0,35.0,0,0,0,0,0,DART_DOC_800_시스템 점검으로 인한  서비스가 중지 중입니다.,DART_DOC_800_시스템 점검으로 인한  서비스가 중지 중입니다.,DART corp_code 매칭 / 최근 보고서: 반기보고서 (2026.06) / 공시신뢰도 D,
⚠️,005830,DB손해보험,186600.0,00159102,DB손해보험,반기보고서 (2026.06),20260814,D,0,0.0,0,35.0,0,0,0,0,0,DART_DOC_800_시스템 점검으로 인한  서비스가 중지 중입니다.,DART_DOC_800_시스템 점검으로 인한  서비스가 중지 중입니다.,DART corp_code 매칭 / 최근 보고서: 반기보고서 (2026.06) / 공시신뢰도 D,
⚠️,005850,에스엘,50300.0,00125521,에스엘,반기보고서 (2026.06),20260814,D,0,0.0,0,35.0,0,0,0,0,0,DART_DOC_800_시스템 점검으로 인한  서비스가 중지 중입니다.,DART_DOC_800_시스템 점검으로 인한  서비스가 중지 중입니다.,DART corp_code 매칭 / 최근 보고서: 반기보고서 (2026.06) / 공시신뢰도 D,
⚠️,005870,휴니드,4275.0,00111421,휴니드테크놀러지스,[기재정정]반기보고서 (2026.06),20260929,D,0,0.0,0,35.0,0,0,0,0,0,DART_DOC_800_시스템 점검으로 인한  서비스가 중지 중입니다.,DART_DOC_800_시스템 점검으로 인한  서비스가 중지 중입니다.,DART corp_code 매칭 / 최근 보고서: [기재정정]반기보고서 (2026.06) / 공시신뢰도 D,
⚠️,005880,대한해운,2030.0,00113535,대한해운,반기보고서 (2026.06),20260814,D,0,0.0,0,35.0,0,0,0,0,0,DART_DOC_800_시스템 점검으로 인한  서비스가 중지 중입니다.,DART_DOC_800_시스템 점검으로 인한  서비스가 중지 중입니다.,DART corp_code 매칭 / 최근 보고서: 반기보고서 (2026.06) / 공시신뢰도 D,
⚠️,005930,삼성전자,262000.0,00126380,삼성전자,반기보고서 (2026.06),20260814,D,0,0.0,0,35.0,0,0,0,0,0,DART_DOC_800_시스템 점검으로 인한  서비스가 중지 중입니다.,DART_DOC_800_시스템 점검으로 인한  서비스가 중지 중입니다.,DART corp_code 매칭 / 최근 보고서: 반기보고서 (2026.06) / 공시신뢰도 D,
⚠️,005940,NH투자증권,24800.0,00120182,NH투자증권,반기보고서 (2026.06),20260814,D,0,0.0,0,35.0,0,0,0,0,0,DART_DOC_800_시스템 점검으로 인한  서비스가 중지 중입니다.,DART_DOC_800_시스템 점검으로 인한  서비스가 중지 중입니다.,DART corp_code 매칭 / 최근 보고서: 반기보고서 (2026.06) / 공시신뢰도 D,
⚠️,005950,이수화학,11290.0,00145552,이수화학,반기보고서 (2026.06),20260814,D,0,0.0,0,35.0,0,0,0,0,0,DART_DOC_800_시스템 점검으로 인한  서비스가 중지 중입니다.,DART_DOC_800_시스템 점검으로 인한  서비스가 중지 중입니다.,DART corp_code 매칭 / 최근 보고서: 반기보고서 (2026.06) / 공시신뢰도 D,
⚠️,005960,동부건설,8270.0,00115612,동부건설,반기보고서 (2026.06),20260813,D,0,0.0,0,35.0,0,0,0,0,0,DART_DOC_800_시스템 점검으로 인한  서비스가 중지 중입니다.,DART_DOC_800_시스템 점검으로 인한  서비스가 중지 중입니다.,DART corp_code 매칭 / 최근 보고서: 반기보고서 (2026.06) / 공시신뢰도 D,
⚠️,006040,동원산업,34850.0,00118026,동원산업,반기보고서 (2026.06),20260814,D,0,0.0,0,35.0,0,0,0,0,0,DART_DOC_800_시스템 점검으로 인한  서비스가 중지 중입니다.,DART_DOC_800_시스템 점검으로 인한  서비스가 중지 중입니다.,DART corp_code 매칭 / 최근 보고서: 반기보고서 (2026.06) / 공시신뢰도 D,
⚠️,006060,화승인더,2260.0,00166227,화승인더스트리,반기보고서 (2026.06),20260813,D,0,0.0,0,35.0,0,0,0,0,0,DART_DOC_800_시스템 점검으로 인한  서비스가 중지 중입니다.,DART_DOC_800_시스템 점검으로 인한  서비스가 중지 중입니다.,DART corp_code 매칭 / 최근 보고서: 반기보고서 (2026.06) / 공시신뢰도 D,
⚠️,006090,사조오양,8970.0,00141875,사조오양,반기보고서 (2026.06),20260814,D,0,0.0,0,35.0,0,0,0,0,0,DART_DOC_800_시스템 점검으로 인한  서비스가 중지 중입니다.,DART_DOC_800_시스템 점검으로 인한  서비스가 중지 중입니다.,DART corp_code 매칭 / 최근 보고서: 반기보고서 (2026.06) / 공시신뢰도 D,
⚠️,006110,삼아알미늄,74800.0,00126779,삼아알미늄,반기보고서 (2026.06),20260814,D,0,0.0,0,35.0,0,0,0,0,0,DART_DOC_800_시스템 점검으로 인한  서비스가 중지 중입니다.,DART_DOC_800_시스템 점검으로 인한  서비스가 중지 중입니다.,DART corp_code 매칭 / 최근 보고서: 반기보고서 (2026.06) / 공시신뢰도 D,
⚠️,006120,SK디스커버리,70800.0,00131832,SK디스커버리,반기보고서 (2026.06),20260813,D,0,0.0,0,35.0,0,0,0,0,0,DART_DOC_800_시스템 점검으로 인한  서비스가 중지 중입니다.,DART_DOC_800_시스템 점검으로 인한  서비스가 중지 중입니다.,DART corp_code 매칭 / 최근 보고서: 반기보고서 (2026.06) / 공시신뢰도 D,
⚠️,006200,한국전자홀딩스,1625.0,00159254,한국전자홀딩스,반기보고서 (2026.06),20260814,D,0,0.0,0,35.0,0,0,0,0,0,DART_DOC_800_시스템 점검으로 인한  서비스가 중지 중입니다.,DART_DOC_800_시스템 점검으로 인한  서비스가 중지 중입니다.,DART corp_code 매칭 / 최근 보고서: 반기보고서 (2026.06) / 공시신뢰도 D,
⚠️,006220,제주은행,9400.0,00148832,제주은행,반기보고서 (2026.06),20260814,D,0,0.0,0,35.0,0,0,0,0,0,DART_DOC_800_시스템 점검으로 인한  서비스가 중지 중입니다.,DART_DOC_800_시스템 점검으로 인한  서비스가 중지 중입니다.,DART corp_code 매칭 / 최근 보고서: 반기보고서 (2026.06) / 공시신뢰도 D,
⚠️,006260,LS,267500.0,00105952,LS,반기보고서 (2026.06),20260814,D,0,0.0,0,35.0,0,0,0,0,0,DART_DOC_800_시스템 점검으로 인한  서비스가 중지 중입니다.,DART_DOC_800_시스템 점검으로 인한  서비스가 중지 중입니다.,DART corp_code 매칭 / 최근 보고서: 반기보고서 (2026.06) / 공시신뢰도 D,
⚠️,006280,녹십자,129400.0,00129679,녹십자,반기보고서 (2026.06),20260814,D,0,0.0,0,35.0,0,0,0,0,0,DART_DOC_800_시스템 점검으로 인한  서비스가 중지 중입니다.,DART_DOC_800_시스템 점검으로 인한  서비스가 중지 중입니다.,DART corp_code 매칭 / 최근 보고서: 반기보고서 (2026.06) / 공시신뢰도 D,
⚠️,006340,대원전선,12570.0,00260392,대원전선,반기보고서 (2026.06),20260812,D,0,0.0,0,35.0,0,0,0,0,0,DART_DOC_800_시스템 점검으로 인한  서비스가 중지 중입니다.,DART_DOC_800_시스템 점검으로 인한  서비스가 중지 중입니다.,DART corp_code 매칭 / 최근 보고서: 반기보고서 (2026.06) / 공시신뢰도 D,
⚠️,006360,GS건설,32100.0,00120030,GS건설,반기보고서 (2026.06),20260814,D,0,0.0,0,35.0,0,0,0,0,0,DART_DOC_800_시스템 점검으로 인한  서비스가 중지 중입니다.,DART_DOC_800_시스템 점검으로 인한  서비스가 중지 중입니다.,DART corp_code 매칭 / 최근 보고서: 반기보고서 (2026.06) / 공시신뢰도 D,
⚠️,006370,대구백화점,2980.0,00108977,대구백화점,[첨부추가]반기보고서 (2026.06),20260814,D,0,0.0,0,35.0,0,0,0,0,0,DART_DOC_800_시스템 점검으로 인한  서비스가 중지 중입니다.,DART_DOC_800_시스템 점검으로 인한  서비스가 중지 중입니다.,DART corp_code 매칭 / 최근 보고서: [첨부추가]반기보고서 (2026.06) / 공시신뢰도 D,
⚠️,006380,카프로,43.0,00159810,카프로,반기보고서 (2026.06),20260814,D,0,0.0,0,35.0,0,0,0,0,0,DART_DOC_800_시스템 점검으로 인한  서비스가 중지 중입니다.,DART_DOC_800_시스템 점검으로 인한  서비스가 중지 중입니다.,DART corp_code 매칭 / 최근 보고서: 반기보고서 (2026.06) / 공시신뢰도 D,
⚠️,006400,삼성SDI,569000.0,00126362,삼성SDI,반기보고서 (2026.06),20260814,D,0,0.0,0,35.0,0,0,0,0,0,DART_DOC_800_시스템 점검으로 인한  서비스가 중지 중입니다.,DART_DOC_800_시스템 점검으로 인한  서비스가 중지 중입니다.,DART corp_code 매칭 / 최근 보고서: 반기보고서 (2026.06) / 공시신뢰도 D,
⚠️,006490,프리티,1400.0,00122825,프리티,[첨부추가]반기보고서 (2026.06),20260814,D,0,0.0,0,35.0,0,0,0,0,0,DART_DOC_800_시스템 점검으로 인한  서비스가 중지 중입니다.,DART_DOC_800_시스템 점검으로 인한  서비스가 중지 중입니다.,DART corp_code 매칭 / 최근 보고서: [첨부추가]반기보고서 (2026.06) / 공시신뢰도 D,
⚠️,006570,대림통상,1950.0,00109824,대림통상,반기보고서 (2026.06),20260814,D,0,0.0,0,35.0,0,0,0,0,0,DART_DOC_800_시스템 점검으로 인한  서비스가 중지 중입니다.,DART_DOC_800_시스템 점검으로 인한  서비스가 중지 중입니다.,DART corp_code 매칭 / 최근 보고서: 반기보고서 (2026.06) / 공시신뢰도 D,
⚠️,006650,대한유화,89800.0,00260383,대한유화,반기보고서 (2026.06),20260814,D,0,0.0,0,35.0,0,0,0,0,0,DART_DOC_800_시스템 점검으로 인한  서비스가 중지 중입니다.,DART_DOC_800_시스템 점검으로 인한  서비스가 중지 중입니다.,DART corp_code 매칭 / 최근 보고서: 반기보고서 (2026.06) / 공시신뢰도 D,
⚠️,006660,삼성공조,12710.0,00126201,삼성공조,반기보고서 (2026.06),20260814,D,0,0.0,0,35.0,0,0,0,0,0,DART_DOC_800_시스템 점검으로 인한  서비스가 중지 중입니다.,DART_DOC_800_시스템 점검으로 인한  서비스가 중지 중입니다.,DART corp_code 매칭 / 최근 보고서: 반기보고서 (2026.06) / 공시신뢰도 D,
⚠️,006740,블루산업개발,3460.0,00141404,블루산업개발,반기보고서 (2026.06),20260814,D,0,0.0,0,35.0,0,0,0,0,0,DART_DOC_800_시스템 점검으로 인한  서비스가 중지 중입니다.,DART_DOC_800_시스템 점검으로 인한  서비스가 중지 중입니다.,DART corp_code 매칭 / 최근 보고서: 반기보고서 (2026.06) / 공시신뢰도 D,
⚠️,006800,미래에셋증권,29850.0,00111722,미래에셋증권,반기보고서 (2026.06),20260814,D,0,0.0,0,35.0,0,0,0,0,0,DART_DOC_800_시스템 점검으로 인한  서비스가 중지 중입니다.,DART_DOC_800_시스템 점검으로 인한  서비스가 중지 중입니다.,DART corp_code 매칭 / 최근 보고서: 반기보고서 (2026.06) / 공시신뢰도 D,
⚠️,006840,AK홀딩스,6670.0,00125080,AK홀딩스,반기보고서 (2026.06),20260814,D,0,0.0,0,35.0,0,0,0,0,0,DART_DOC_800_시스템 점검으로 인한  서비스가 중지 중입니다.,DART_DOC_800_시스템 점검으로 인한  서비스가 중지 중입니다.,DART corp_code 매칭 / 최근 보고서: 반기보고서 (2026.06) / 공시신뢰도 D,
⚠️,006880,신송홀딩스,4225.0,00136402,신송홀딩스,반기보고서 (2026.06),20260814,D,0,0.0,0,35.0,0,0,0,0,0,DART_DOC_800_시스템 점검으로 인한  서비스가 중지 중입니다.,DART_DOC_800_시스템 점검으로 인한  서비스가 중지 중입니다.,DART corp_code 매칭 / 최근 보고서: 반기보고서 (2026.06) / 공시신뢰도 D,
⚠️,006890,태경케미컬,4850.0,00109161,태경케미컬,반기보고서 (2026.06),20260814,D,0,0.0,0,35.0,0,0,0,0,0,DART_DOC_800_시스템 점검으로 인한  서비스가 중지 중입니다.,DART_DOC_800_시스템 점검으로 인한  서비스가 중지 중입니다.,DART corp_code 매칭 / 최근 보고서: 반기보고서 (2026.06) / 공시신뢰도 D,
⚠️,006980,우성,15920.0,00142661,우성,반기보고서 (2026.06),20260814,D,0,0.0,0,35.0,0,0,0,0,0,DART_DOC_800_시스템 점검으로 인한  서비스가 중지 중입니다.,DART_DOC_800_시스템 점검으로 인한  서비스가 중지 중입니다.,DART corp_code 매칭 / 최근 보고서: 반기보고서 (2026.06) / 공시신뢰도 D,
⚠️,007070,GS리테일,21650.0,00140177,GS리테일,반기보고서 (2026.06),20260814,D,0,0.0,0,35.0,0,0,0,0,0,DART_DOC_800_시스템 점검으로 인한  서비스가 중지 중입니다.,DART_DOC_800_시스템 점검으로 인한  서비스가 중지 중입니다.,DART corp_code 매칭 / 최근 보고서: 반기보고서 (2026.06) / 공시신뢰도 D,
⚠️,007110,일신석재,2615.0,00146296,일신석재,[기재정정]반기보고서 (2026.06),20261002,D,0,0.0,0,35.0,0,0,0,0,0,DART_DOC_800_시스템 점검으로 인한  서비스가 중지 중입니다.,DART_DOC_800_시스템 점검으로 인한  서비스가 중지 중입니다.,DART corp_code 매칭 / 최근 보고서: [기재정정]반기보고서 (2026.06) / 공시신뢰도 D,
⚠️,007120,미래아이앤지,958.0,00104786,미래아이앤지,반기보고서 (2026.06),20260814,D,0,0.0,0,35.0,0,0,0,0,0,DART_DOC_800_시스템 점검으로 인한  서비스가 중지 중입니다.,DART_DOC_800_시스템 점검으로 인한  서비스가 중지 중입니다.,DART corp_code 매칭 / 최근 보고서: 반기보고서 (2026.06) / 공시신뢰도 D,
⚠️,007160,사조산업,47800.0,00124799,사조산업,반기보고서 (2026.06),20260814,D,0,0.0,0,35.0,0,0,0,0,0,DART_DOC_800_시스템 점검으로 인한  서비스가 중지 중입니다.,DART_DOC_800_시스템 점검으로 인한  서비스가 중지 중입니다.,DART corp_code 매칭 / 최근 보고서: 반기보고서 (2026.06) / 공시신뢰도 D,
⚠️,007210,벽산,1446.0,00122898,벽산,반기보고서 (2026.06),20260814,D,0,0.0,0,35.0,0,0,0,0,0,DART_DOC_800_시스템 점검으로 인한  서비스가 중지 중입니다.,DART_DOC_800_시스템 점검으로 인한  서비스가 중지 중입니다.,DART corp_code 매칭 / 최근 보고서: 반기보고서 (2026.06) / 공시신뢰도 D,
⚠️,007280,한국특강,2345.0,00124090,한국특강,반기보고서 (2026.06),20260814,D,0,0.0,0,35.0,0,0,0,0,0,DART_DOC_800_시스템 점검으로 인한  서비스가 중지 중입니다.,DART_DOC_800_시스템 점검으로 인한  서비스가 중지 중입니다.,DART corp_code 매칭 / 최근 보고서: 반기보고서 (2026.06) / 공시신뢰도 D,
⚠️,007310,오뚜기,314000.0,00141529,오뚜기,반기보고서 (2026.06),20260814,D,0,0.0,0,35.0,0,0,0,0,0,DART_DOC_800_시스템 점검으로 인한  서비스가 중지 중입니다.,DART_DOC_800_시스템 점검으로 인한  서비스가 중지 중입니다.,DART corp_code 매칭 / 최근 보고서: 반기보고서 (2026.06) / 공시신뢰도 D,
⚠️,007340,DN오토모티브,49200.0,00116949,DN오토모티브,[첨부추가]반기보고서 (2026.06),20260814,D,0,0.0,0,35.0,0,0,0,0,0,DART_DOC_800_시스템 점검으로 인한  서비스가 중지 중입니다.,DART_DOC_800_시스템 점검으로 인한  서비스가 중지 중입니다.,DART corp_code 매칭 / 최근 보고서: [첨부추가]반기보고서 (2026.06) / 공시신뢰도 D,
⚠️,007460,에이프로젠,2075.0,00152385,에이프로젠,반기보고서 (2026.06),20260814,D,0,0.0,0,35.0,0,0,0,0,0,DART_DOC_800_시스템 점검으로 인한  서비스가 중지 중입니다.,DART_DOC_800_시스템 점검으로 인한  서비스가 중지 중입니다.,DART corp_code 매칭 / 최근 보고서: 반기보고서 (2026.06) / 공시신뢰도 D,
⚠️,007540,샘표,46850.0,00130091,샘표,반기보고서 (2026.06),20260814,D,0,0.0,0,35.0,0,0,0,0,0,DART_DOC_800_시스템 점검으로 인한  서비스가 중지 중입니다.,DART_DOC_800_시스템 점검으로 인한  서비스가 중지 중입니다.,DART corp_code 매칭 / 최근 보고서: 반기보고서 (2026.06) / 공시신뢰도 D,
⚠️,007570,일양약품,7950.0,00146454,일양약품,반기보고서 (2026.06),20260814,D,0,0.0,0,35.0,0,0,0,0,0,DART_DOC_800_시스템 점검으로 인한  서비스가 중지 중입니다.,DART_DOC_800_시스템 점검으로 인한  서비스가 중지 중입니다.,DART corp_code 매칭 / 최근 보고서: 반기보고서 (2026.06) / 공시신뢰도 D,
⚠️,007590,동방아그로,5540.0,00115384,동방아그로,반기보고서 (2026.06),20260814,D,0,0.0,0,35.0,0,0,0,0,0,DART_DOC_800_시스템 점검으로 인한  서비스가 중지 중입니다.,DART_DOC_800_시스템 점검으로 인한  서비스가 중지 중입니다.,DART corp_code 매칭 / 최근 보고서: 반기보고서 (2026.06) / 공시신뢰도 D,
⚠️,007610,선도전기,4065.0,00131939,선도전기,[기재정정]반기보고서 (2026.06),20260930,D,0,0.0,0,35.0,0,0,0,0,0,DART_DOC_800_시스템 점검으로 인한  서비스가 중지 중입니다.,DART_DOC_800_시스템 점검으로 인한  서비스가 중지 중입니다.,DART corp_code 매칭 / 최근 보고서: [기재정정]반기보고서 (2026.06) / 공시신뢰도 D,
⚠️,007660,이수페타시스,125500.0,00107613,이수페타시스,반기보고서 (2026.06),20260814,D,0,0.0,0,35.0,0,0,0,0,0,DART_DOC_800_시스템 점검으로 인한  서비스가 중지 중입니다.,DART_DOC_800_시스템 점검으로 인한  서비스가 중지 중입니다.,DART corp_code 매칭 / 최근 보고서: 반기보고서 (2026.06) / 공시신뢰도 D,
⚠️,007690,국도화학,37950.0,00104388,국도화학,반기보고서 (2026.06),20260814,D,0,0.0,0,35.0,0,0,0,0,0,DART_DOC_800_시스템 점검으로 인한  서비스가 중지 중입니다.,DART_DOC_800_시스템 점검으로 인한  서비스가 중지 중입니다.,DART corp_code 매칭 / 최근 보고서: 반기보고서 (2026.06) / 공시신뢰도 D,
⚠️,007700,F&F홀딩스,13400.0,00126487,F&F 홀딩스,반기보고서 (2026.06),20260814,D,0,0.0,0,35.0,0,0,0,0,0,DART_DOC_800_시스템 점검으로 인한  서비스가 중지 중입니다.,DART_DOC_800_시스템 점검으로 인한  서비스가 중지 중입니다.,DART corp_code 매칭 / 최근 보고서: 반기보고서 (2026.06) / 공시신뢰도 D,
⚠️,007810,코리아써키트,88100.0,00152686,코리아써키트,반기보고서 (2026.06),20260814,D,0,0.0,0,35.0,0,0,0,0,0,DART_DOC_800_시스템 점검으로 인한  서비스가 중지 중입니다.,DART_DOC_800_시스템 점검으로 인한  서비스가 중지 중입니다.,DART corp_code 매칭 / 최근 보고서: 반기보고서 (2026.06) / 공시신뢰도 D,
⚠️,007860,서연,7440.0,00163114,서연,반기보고서 (2026.06),20260814,D,0,0.0,0,35.0,0,0,0,0,0,DART_DOC_800_시스템 점검으로 인한  서비스가 중지 중입니다.,DART_DOC_800_시스템 점검으로 인한  서비스가 중지 중입니다.,DART corp_code 매칭 / 최근 보고서: 반기보고서 (2026.06) / 공시신뢰도 D,
⚠️,007980,TP,1760.0,00154329,TP,반기보고서 (2026.06),20260813,D,0,0.0,0,35.0,0,0,0,0,0,DART_DOC_800_시스템 점검으로 인한  서비스가 중지 중입니다.,DART_DOC_800_시스템 점검으로 인한  서비스가 중지 중입니다.,DART corp_code 매칭 / 최근 보고서: 반기보고서 (2026.06) / 공시신뢰도 D,
⚠️,008040,사조동아원,7780.0,00137252,사조동아원,[기재정정]반기보고서 (2026.06),20260930,D,0,0.0,0,35.0,0,0,0,0,0,DART_DOC_800_시스템 점검으로 인한  서비스가 중지 중입니다.,DART_DOC_800_시스템 점검으로 인한  서비스가 중지 중입니다.,DART corp_code 매칭 / 최근 보고서: [기재정정]반기보고서 (2026.06) / 공시신뢰도 D,
⚠️,008060,대덕,16500.0,00109189,대덕,반기보고서 (2026.06),20260814,D,0,0.0,0,35.0,0,0,0,0,0,DART_DOC_800_시스템 점검으로 인한  서비스가 중지 중입니다.,DART_DOC_800_시스템 점검으로 인한  서비스가 중지 중입니다.,DART corp_code 매칭 / 최근 보고서: 반기보고서 (2026.06) / 공시신뢰도 D,
⚠️,008250,이건산업,3300.0,00145446,이건산업,반기보고서 (2026.06),20260814,D,0,0.0,0,35.0,0,0,0,0,0,DART_DOC_800_시스템 점검으로 인한  서비스가 중지 중입니다.,DART_DOC_800_시스템 점검으로 인한  서비스가 중지 중입니다.,DART corp_code 매칭 / 최근 보고서: 반기보고서 (2026.06) / 공시신뢰도 D,
⚠️,008260,NI스틸,3175.0,00116301,NI스틸,반기보고서 (2026.06),20260814,D,0,0.0,0,35.0,0,0,0,0,0,DART_DOC_800_시스템 점검으로 인한  서비스가 중지 중입니다.,DART_DOC_800_시스템 점검으로 인한  서비스가 중지 중입니다.,DART corp_code 매칭 / 최근 보고서: 반기보고서 (2026.06) / 공시신뢰도 D,
⚠️,008350,남선알미늄,1087.0,00107224,남선알미늄,반기보고서 (2026.06),20260814,D,0,0.0,0,35.0,0,0,0,0,0,DART_DOC_800_시스템 점검으로 인한  서비스가 중지 중입니다.,DART_DOC_800_시스템 점검으로 인한  서비스가 중지 중입니다.,DART corp_code 매칭 / 최근 보고서: 반기보고서 (2026.06) / 공시신뢰도 D,
⚠️,008420,문배철강,2045.0,00121570,문배철강,반기보고서 (2026.06),20260814,D,0,0.0,0,35.0,0,0,0,0,0,DART_DOC_800_시스템 점검으로 인한  서비스가 중지 중입니다.,DART_DOC_800_시스템 점검으로 인한  서비스가 중지 중입니다.,DART corp_code 매칭 / 최근 보고서: 반기보고서 (2026.06) / 공시신뢰도 D,
⚠️,008490,서흥,20250.0,00131692,서흥,반기보고서 (2026.06),20260813,D,0,0.0,0,35.0,0,0,0,0,0,DART_DOC_800_시스템 점검으로 인한  서비스가 중지 중입니다.,DART_DOC_800_시스템 점검으로 인한  서비스가 중지 중입니다.,DART corp_code 매칭 / 최근 보고서: 반기보고서 (2026.06) / 공시신뢰도 D,
⚠️,008600,윌비스,2620.0,00104999,윌비스,반기보고서 (2026.06),20260814,D,0,0.0,0,35.0,0,0,0,0,0,DART_DOC_800_시스템 점검으로 인한  서비스가 중지 중입니다.,DART_DOC_800_시스템 점검으로 인한  서비스가 중지 중입니다.,DART corp_code 매칭 / 최근 보고서: 반기보고서 (2026.06) / 공시신뢰도 D,
⚠️,008700,아남전자,1225.0,00138516,아남전자,[기재정정]반기보고서 (2026.06),20260929,D,0,0.0,0,35.0,0,0,0,0,0,DART_DOC_800_시스템 점검으로 인한  서비스가 중지 중입니다.,DART_DOC_800_시스템 점검으로 인한  서비스가 중지 중입니다.,DART corp_code 매칭 / 최근 보고서: [기재정정]반기보고서 (2026.06) / 공시신뢰도 D,
⚠️,008730,율촌화학,15510.0,00145260,율촌화학,반기보고서 (2026.06),20260814,D,0,0.0,0,35.0,0,0,0,0,0,DART_DOC_800_시스템 점검으로 인한  서비스가 중지 중입니다.,DART_DOC_800_시스템 점검으로 인한  서비스가 중지 중입니다.,DART corp_code 매칭 / 최근 보고서: 반기보고서 (2026.06) / 공시신뢰도 D,
⚠️,008770,호텔신라,38700.0,00165680,호텔신라,반기보고서 (2026.06),20260814,D,0,0.0,0,35.0,0,0,0,0,0,DART_DOC_800_시스템 점검으로 인한  서비스가 중지 중입니다.,DART_DOC_800_시스템 점검으로 인한  서비스가 중지 중입니다.,DART corp_code 매칭 / 최근 보고서: 반기보고서 (2026.06) / 공시신뢰도 D,
⚠️,008870,금비,38600.0,00168401,금비,분기보고서 (2026.06),20260814,D,0,0.0,0,35.0,0,0,0,0,0,DART_DOC_800_시스템 점검으로 인한  서비스가 중지 중입니다.,DART_DOC_800_시스템 점검으로 인한  서비스가 중지 중입니다.,DART corp_code 매칭 / 최근 보고서: 분기보고서 (2026.06) / 공시신뢰도 D,
⚠️,008930,한미사이언스,54900.0,00161426,한미사이언스,반기보고서 (2026.06),20260814,D,0,0.0,0,35.0,0,0,0,0,0,DART_DOC_800_시스템 점검으로 인한  서비스가 중지 중입니다.,DART_DOC_800_시스템 점검으로 인한  서비스가 중지 중입니다.,DART corp_code 매칭 / 최근 보고서: 반기보고서 (2026.06) / 공시신뢰도 D,
⚠️,008970,KBI동양철관,1421.0,00117629,KBI동양철관,[기재정정]반기보고서 (2026.06),20260930,D,0,0.0,0,35.0,0,0,0,0,0,DART_DOC_800_시스템 점검으로 인한  서비스가 중지 중입니다.,DART_DOC_800_시스템 점검으로 인한  서비스가 중지 중입니다.,DART corp_code 매칭 / 최근 보고서: [기재정정]반기보고서 (2026.06) / 공시신뢰도 D,
⚠️,009070,KCTC,4180.0,00103042,케이씨티시,반기보고서 (2026.06),20260814,D,0,0.0,0,35.0,0,0,0,0,0,DART_DOC_800_시스템 점검으로 인한  서비스가 중지 중입니다.,DART_DOC_800_시스템 점검으로 인한  서비스가 중지 중입니다.,DART corp_code 매칭 / 최근 보고서: 반기보고서 (2026.06) / 공시신뢰도 D,
⚠️,009140,케이아이이,22900.0,00102140,케이아이이,반기보고서 (2026.06),20260814,D,0,0.0,0,35.0,0,0,0,0,0,DART_DOC_800_시스템 점검으로 인한  서비스가 중지 중입니다.,DART_DOC_800_시스템 점검으로 인한  서비스가 중지 중입니다.,DART corp_code 매칭 / 최근 보고서: 반기보고서 (2026.06) / 공시신뢰도 D,
⚠️,009150,삼성전기,1546000.0,00126371,삼성전기,반기보고서 (2026.06),20260814,D,0,0.0,0,35.0,0,0,0,0,0,DART_DOC_800_시스템 점검으로 인한  서비스가 중지 중입니다.,DART_DOC_800_시스템 점검으로 인한  서비스가 중지 중입니다.,DART corp_code 매칭 / 최근 보고서: 반기보고서 (2026.06) / 공시신뢰도 D,
⚠️,009160,SIMPAC,4885.0,00138260,SIMPAC,반기보고서 (2026.06),20260814,D,0,0.0,0,35.0,0,0,0,0,0,DART_DOC_800_시스템 점검으로 인한  서비스가 중지 중입니다.,DART_DOC_800_시스템 점검으로 인한  서비스가 중지 중입니다.,DART corp_code 매칭 / 최근 보고서: 반기보고서 (2026.06) / 공시신뢰도 D,
⚠️,009180,한솔로지스틱스,2805.0,00140946,한솔로지스틱스,반기보고서 (2026.06),20260813,D,0,0.0,0,35.0,0,0,0,0,0,DART_DOC_800_시스템 점검으로 인한  서비스가 중지 중입니다.,DART_DOC_800_시스템 점검으로 인한  서비스가 중지 중입니다.,DART corp_code 매칭 / 최근 보고서: 반기보고서 (2026.06) / 공시신뢰도 D,
⚠️,009190,대양금속,610.0,00111111,대양금속,반기보고서 (2026.06),20260814,D,0,0.0,0,35.0,0,0,0,0,0,DART_DOC_800_시스템 점검으로 인한  서비스가 중지 중입니다.,DART_DOC_800_시스템 점검으로 인한  서비스가 중지 중입니다.,DART corp_code 매칭 / 최근 보고서: 반기보고서 (2026.06) / 공시신뢰도 D,
⚠️,009200,무림페이퍼,1503.0,00136086,무림페이퍼,반기보고서 (2026.06),20260814,D,0,0.0,0,35.0,0,0,0,0,0,DART_DOC_800_시스템 점검으로 인한  서비스가 중지 중입니다.,DART_DOC_800_시스템 점검으로 인한  서비스가 중지 중입니다.,DART corp_code 매칭 / 최근 보고서: 반기보고서 (2026.06) / 공시신뢰도 D,
⚠️,009240,한샘,41050.0,00161693,한샘,반기보고서 (2026.06),20260813,D,0,0.0,0,35.0,0,0,0,0,0,DART_DOC_800_시스템 점검으로 인한  서비스가 중지 중입니다.,DART_DOC_800_시스템 점검으로 인한  서비스가 중지 중입니다.,DART corp_code 매칭 / 최근 보고서: 반기보고서 (2026.06) / 공시신뢰도 D,
⚠️,009270,신원,1074.0,00136864,신원,반기보고서 (2026.06),20260814,D,0,0.0,0,35.0,0,0,0,0,0,DART_DOC_800_시스템 점검으로 인한  서비스가 중지 중입니다.,DART_DOC_800_시스템 점검으로 인한  서비스가 중지 중입니다.,DART corp_code 매칭 / 최근 보고서: 반기보고서 (2026.06) / 공시신뢰도 D,
⚠️,009290,광동제약,6920.0,00103592,광동제약,반기보고서 (2026.06),20260814,D,0,0.0,0,35.0,0,0,0,0,0,DART_DOC_800_시스템 점검으로 인한  서비스가 중지 중입니다.,DART_DOC_800_시스템 점검으로 인한  서비스가 중지 중입니다.,DART corp_code 매칭 / 최근 보고서: 반기보고서 (2026.06) / 공시신뢰도 D,
⚠️,009310,참엔지니어링,5330.0,00153621,참엔지니어링,[기재정정]반기보고서 (2026.06),20261008,D,0,0.0,0,35.0,0,0,0,0,0,DART_DOC_800_시스템 점검으로 인한  서비스가 중지 중입니다.,DART_DOC_800_시스템 점검으로 인한  서비스가 중지 중입니다.,DART corp_code 매칭 / 최근 보고서: [기재정정]반기보고서 (2026.06) / 공시신뢰도 D,
⚠️,009320,아진전자부품,982.0,00111689,아진전자부품,반기보고서 (2026.06),20260814,D,0,0.0,0,35.0,0,0,0,0,0,DART_DOC_800_시스템 점검으로 인한  서비스가 중지 중입니다.,DART_DOC_800_시스템 점검으로 인한  서비스가 중지 중입니다.,DART corp_code 매칭 / 최근 보고서: 반기보고서 (2026.06) / 공시신뢰도 D,
⚠️,009410,태영건설,1630.0,00153861,태영건설,반기보고서 (2026.06),20260814,D,0,0.0,0,35.0,0,0,0,0,0,DART_DOC_800_시스템 점검으로 인한  서비스가 중지 중입니다.,DART_DOC_800_시스템 점검으로 인한  서비스가 중지 중입니다.,DART corp_code 매칭 / 최근 보고서: 반기보고서 (2026.06) / 공시신뢰도 D,
⚠️,009420,한올바이오파마,44000.0,00162586,한올바이오파마,반기보고서 (2026.06),20260814,D,0,0.0,0,35.0,0,0,0,0,0,DART_DOC_800_시스템 점검으로 인한  서비스가 중지 중입니다.,DART_DOC_800_시스템 점검으로 인한  서비스가 중지 중입니다.,DART corp_code 매칭 / 최근 보고서: 반기보고서 (2026.06) / 공시신뢰도 D,
⚠️,009440,KC그린홀딩스,756.0,00159971,KC그린홀딩스,반기보고서 (2026.06),20260814,D,0,0.0,0,35.0,0,0,0,0,0,DART_DOC_800_시스템 점검으로 인한  서비스가 중지 중입니다.,DART_DOC_800_시스템 점검으로 인한  서비스가 중지 중입니다.,DART corp_code 매칭 / 최근 보고서: 반기보고서 (2026.06) / 공시신뢰도 D,
⚠️,009450,경동나비엔,61200.0,00101488,경동나비엔,반기보고서 (2026.06),20260814,D,0,0.0,0,35.0,0,0,0,0,0,DART_DOC_800_시스템 점검으로 인한  서비스가 중지 중입니다.,DART_DOC_800_시스템 점검으로 인한  서비스가 중지 중입니다.,DART corp_code 매칭 / 최근 보고서: 반기보고서 (2026.06) / 공시신뢰도 D,
⚠️,009460,한창제지,2735.0,00163761,한창제지,반기보고서 (2026.06),20260814,D,0,0.0,0,35.0,0,0,0,0,0,DART_DOC_800_시스템 점검으로 인한  서비스가 중지 중입니다.,DART_DOC_800_시스템 점검으로 인한  서비스가 중지 중입니다.,DART corp_code 매칭 / 최근 보고서: 반기보고서 (2026.06) / 공시신뢰도 D,
⚠️,009470,삼화전기,27100.0,00129271,삼화전기,반기보고서 (2026.06),20260814,D,0,0.0,0,35.0,0,0,0,0,0,DART_DOC_800_시스템 점검으로 인한  서비스가 중지 중입니다.,DART_DOC_800_시스템 점검으로 인한  서비스가 중지 중입니다.,DART corp_code 매칭 / 최근 보고서: 반기보고서 (2026.06) / 공시신뢰도 D,
⚠️,009540,HD한국조선해양,291500.0,00164830,HD한국조선해양,반기보고서 (2026.06),20260814,D,0,0.0,0,35.0,0,0,0,0,0,DART_DOC_800_시스템 점검으로 인한  서비스가 중지 중입니다.,DART_DOC_800_시스템 점검으로 인한  서비스가 중지 중입니다.,DART corp_code 매칭 / 최근 보고서: 반기보고서 (2026.06) / 공시신뢰도 D,
⚠️,009580,무림P&P,1736.0,00119007,무림P&P,반기보고서 (2026.06),20260814,D,0,0.0,0,35.0,0,0,0,0,0,DART_DOC_800_시스템 점검으로 인한  서비스가 중지 중입니다.,DART_DOC_800_시스템 점검으로 인한  서비스가 중지 중입니다.,DART corp_code 매칭 / 최근 보고서: 반기보고서 (2026.06) / 공시신뢰도 D,
⚠️,009680,모토닉,10030.0,00151128,모토닉,반기보고서 (2026.06),20260814,D,0,0.0,0,35.0,0,0,0,0,0,DART_DOC_800_시스템 점검으로 인한  서비스가 중지 중입니다.,DART_DOC_800_시스템 점검으로 인한  서비스가 중지 중입니다.,DART corp_code 매칭 / 최근 보고서: 반기보고서 (2026.06) / 공시신뢰도 D,
⚠️,009770,삼정펄프,27400.0,00128227,삼정펄프,반기보고서 (2026.06),20260814,D,0,0.0,0,35.0,0,0,0,0,0,DART_DOC_800_시스템 점검으로 인한  서비스가 중지 중입니다.,DART_DOC_800_시스템 점검으로 인한  서비스가 중지 중입니다.,DART corp_code 매칭 / 최근 보고서: 반기보고서 (2026.06) / 공시신뢰도 D,
⚠️,009810,MDS스피어,1863.0,00103130,MDS스피어,[기재정정]반기보고서 (2026.06),20260930,D,0,0.0,0,35.0,0,0,0,0,0,DART_DOC_800_시스템 점검으로 인한  서비스가 중지 중입니다.,DART_DOC_800_시스템 점검으로 인한  서비스가 중지 중입니다.,DART corp_code 매칭 / 최근 보고서: [기재정정]반기보고서 (2026.06) / 공시신뢰도 D,
⚠️,009830,한화솔루션,36000.0,00162461,한화솔루션,반기보고서 (2026.06),20260814,D,0,0.0,0,35.0,0,0,0,0,0,DART_DOC_800_시스템 점검으로 인한  서비스가 중지 중입니다.,DART_DOC_800_시스템 점검으로 인한  서비스가 중지 중입니다.,DART corp_code 매칭 / 최근 보고서: 반기보고서 (2026.06) / 공시신뢰도 D,
⚠️,009900,명신산업,8460.0,00173078,명신산업,반기보고서 (2026.06),20260813,D,0,0.0,0,35.0,0,0,0,0,0,DART_DOC_800_시스템 점검으로 인한  서비스가 중지 중입니다.,DART_DOC_800_시스템 점검으로 인한  서비스가 중지 중입니다.,DART corp_code 매칭 / 최근 보고서: 반기보고서 (2026.06) / 공시신뢰도 D,
⚠️,009970,영원무역홀딩스,174400.0,00140964,영원무역홀딩스,반기보고서 (2026.06),20260814,D,0,0.0,0,35.0,0,0,0,0,0,DART_DOC_800_시스템 점검으로 인한  서비스가 중지 중입니다.,DART_DOC_800_시스템 점검으로 인한  서비스가 중지 중입니다.,DART corp_code 매칭 / 최근 보고서: 반기보고서 (2026.06) / 공시신뢰도 D,
⚠️,010040,한국내화,1694.0,00160205,한국내화,반기보고서 (2026.06),20260814,D,0,0.0,0,35.0,0,0,0,0,0,DART_DOC_800_시스템 점검으로 인한  서비스가 중지 중입니다.,DART_DOC_800_시스템 점검으로 인한  서비스가 중지 중입니다.,DART corp_code 매칭 / 최근 보고서: 반기보고서 (2026.06) / 공시신뢰도 D,
⚠️,010060,OCI홀딩스,234000.0,00148896,OCI홀딩스,반기보고서 (2026.06),20260813,D,0,0.0,0,35.0,0,0,0,0,0,DART_DOC_800_시스템 점검으로 인한  서비스가 중지 중입니다.,DART_DOC_800_시스템 점검으로 인한  서비스가 중지 중입니다.,DART corp_code 매칭 / 최근 보고서: 반기보고서 (2026.06) / 공시신뢰도 D,
⚠️,010100,한국무브넥스,3385.0,00160418,한국무브넥스,반기보고서 (2026.06),20260814,D,0,0.0,0,35.0,0,0,0,0,0,DART_DOC_800_시스템 점검으로 인한  서비스가 중지 중입니다.,DART_DOC_800_시스템 점검으로 인한  서비스가 중지 중입니다.,DART corp_code 매칭 / 최근 보고서: 반기보고서 (2026.06) / 공시신뢰도 D,
⚠️,010120,LS ELECTRIC,195500.0,00105855,엘에스일렉트릭,반기보고서 (2026.06),20260814,D,0,0.0,0,35.0,0,0,0,0,0,DART_DOC_800_시스템 점검으로 인한  서비스가 중지 중입니다.,DART_DOC_800_시스템 점검으로 인한  서비스가 중지 중입니다.,DART corp_code 매칭 / 최근 보고서: 반기보고서 (2026.06) / 공시신뢰도 D,
⚠️,010130,고려아연,1033000.0,00102858,고려아연,반기보고서 (2026.06),20260814,D,0,0.0,0,35.0,0,0,0,0,0,DART_DOC_800_시스템 점검으로 인한  서비스가 중지 중입니다.,DART_DOC_800_시스템 점검으로 인한  서비스가 중지 중입니다.,DART corp_code 매칭 / 최근 보고서: 반기보고서 (2026.06) / 공시신뢰도 D,
⚠️,010140,삼성중공업,18860.0,00126478,삼성중공업,반기보고서 (2026.06),20260814,D,0,0.0,0,35.0,0,0,0,0,0,DART_DOC_800_시스템 점검으로 인한  서비스가 중지 중입니다.,DART_DOC_800_시스템 점검으로 인한  서비스가 중지 중입니다.,DART corp_code 매칭 / 최근 보고서: 반기보고서 (2026.06) / 공시신뢰도 D,
⚠️,010400,우진아이엔에스,4005.0,00143262,우진아이엔에스,반기보고서 (2026.06),20260814,D,0,0.0,0,35.0,0,0,0,0,0,DART_DOC_800_시스템 점검으로 인한  서비스가 중지 중입니다.,DART_DOC_800_시스템 점검으로 인한  서비스가 중지 중입니다.,DART corp_code 매칭 / 최근 보고서: 반기보고서 (2026.06) / 공시신뢰도 D,
⚠️,010580,에스엠벡셀,2330.0,00147860,에스엠벡셀,[첨부추가]반기보고서 (2026.06),20260814,D,0,0.0,0,35.0,0,0,0,0,0,DART_DOC_800_시스템 점검으로 인한  서비스가 중지 중입니다.,DART_DOC_800_시스템 점검으로 인한  서비스가 중지 중입니다.,DART corp_code 매칭 / 최근 보고서: [첨부추가]반기보고서 (2026.06) / 공시신뢰도 D,
⚠️,010640,진양폴리,2070.0,00160375,진양폴리우레탄,반기보고서 (2026.06),20260813,D,0,0.0,0,35.0,0,0,0,0,0,DART_DOC_800_시스템 점검으로 인한  서비스가 중지 중입니다.,DART_DOC_800_시스템 점검으로 인한  서비스가 중지 중입니다.,DART corp_code 매칭 / 최근 보고서: 반기보고서 (2026.06) / 공시신뢰도 D,
⚠️,010660,화천기계,3010.0,00166500,화천기계,반기보고서 (2026.06),20260814,D,0,0.0,0,35.0,0,0,0,0,0,DART_DOC_800_시스템 점검으로 인한  서비스가 중지 중입니다.,DART_DOC_800_시스템 점검으로 인한  서비스가 중지 중입니다.,DART corp_code 매칭 / 최근 보고서: 반기보고서 (2026.06) / 공시신뢰도 D,
⚠️,010690,화신,7420.0,00166315,화신,반기보고서 (2026.06),20260814,D,0,0.0,0,35.0,0,0,0,0,0,DART_DOC_800_시스템 점검으로 인한  서비스가 중지 중입니다.,DART_DOC_800_시스템 점검으로 인한  서비스가 중지 중입니다.,DART corp_code 매칭 / 최근 보고서: 반기보고서 (2026.06) / 공시신뢰도 D,
⚠️,010770,평화홀딩스,3555.0,00155124,평화홀딩스,반기보고서 (2026.06),20260814,D,0,0.0,0,35.0,0,0,0,0,0,DART_DOC_800_시스템 점검으로 인한  서비스가 중지 중입니다.,DART_DOC_800_시스템 점검으로 인한  서비스가 중지 중입니다.,DART corp_code 매칭 / 최근 보고서: 반기보고서 (2026.06) / 공시신뢰도 D,
⚠️,010780,아이에스동서,14600.0,00115977,아이에스동서,반기보고서 (2026.06),20260812,D,0,0.0,0,35.0,0,0,0,0,0,DART_DOC_800_시스템 점검으로 인한  서비스가 중지 중입니다.,DART_DOC_800_시스템 점검으로 인한  서비스가 중지 중입니다.,DART corp_code 매칭 / 최근 보고서: 반기보고서 (2026.06) / 공시신뢰도 D,
⚠️,010820,퍼스텍,5780.0,00148522,퍼스텍,반기보고서 (2026.06),20260814,D,0,0.0,0,35.0,0,0,0,0,0,DART_DOC_800_시스템 점검으로 인한  서비스가 중지 중입니다.,DART_DOC_800_시스템 점검으로 인한  서비스가 중지 중입니다.,DART corp_code 매칭 / 최근 보고서: 반기보고서 (2026.06) / 공시신뢰도 D,
⚠️,010950,S-Oil,168700.0,00138279,S-Oil,반기보고서 (2026.06),20260814,D,0,0.0,0,35.0,0,0,0,0,0,DART_DOC_800_시스템 점검으로 인한  서비스가 중지 중입니다.,DART_DOC_800_시스템 점검으로 인한  서비스가 중지 중입니다.,DART corp_code 매칭 / 최근 보고서: 반기보고서 (2026.06) / 공시신뢰도 D,
⚠️,010960,삼호개발,3060.0,00128980,삼호개발,[첨부추가]반기보고서 (2026.06),20260814,D,0,0.0,0,35.0,0,0,0,0,0,DART_DOC_800_시스템 점검으로 인한  서비스가 중지 중입니다.,DART_DOC_800_시스템 점검으로 인한  서비스가 중지 중입니다.,DART corp_code 매칭 / 최근 보고서: [첨부추가]반기보고서 (2026.06) / 공시신뢰도 D,
⚠️,011000,진원생명과학,2670.0,00118521,진원생명과학,반기보고서 (2026.06),20260814,D,0,0.0,0,35.0,0,0,0,0,0,DART_DOC_800_시스템 점검으로 인한  서비스가 중지 중입니다.,DART_DOC_800_시스템 점검으로 인한  서비스가 중지 중입니다.,DART corp_code 매칭 / 최근 보고서: 반기보고서 (2026.06) / 공시신뢰도 D,
⚠️,011070,LG이노텍,572000.0,00105961,LG이노텍,반기보고서 (2026.06),20260814,D,0,0.0,0,35.0,0,0,0,0,0,DART_DOC_800_시스템 점검으로 인한  서비스가 중지 중입니다.,DART_DOC_800_시스템 점검으로 인한  서비스가 중지 중입니다.,DART corp_code 매칭 / 최근 보고서: 반기보고서 (2026.06) / 공시신뢰도 D,
⚠️,011090,에넥스,1580.0,00139764,에넥스,반기보고서 (2026.06),20260814,D,0,0.0,0,35.0,0,0,0,0,0,DART_DOC_800_시스템 점검으로 인한  서비스가 중지 중입니다.,DART_DOC_800_시스템 점검으로 인한  서비스가 중지 중입니다.,DART corp_code 매칭 / 최근 보고서: 반기보고서 (2026.06) / 공시신뢰도 D,
⚠️,011150,CJ씨푸드,1877.0,00129013,CJ씨푸드,반기보고서 (2026.06),20260814,D,0,0.0,0,35.0,0,0,0,0,0,DART_DOC_800_시스템 점검으로 인한  서비스가 중지 중입니다.,DART_DOC_800_시스템 점검으로 인한  서비스가 중지 중입니다.,DART corp_code 매칭 / 최근 보고서: 반기보고서 (2026.06) / 공시신뢰도 D,
⚠️,011170,롯데케미칼,59600.0,00165413,롯데케미칼,반기보고서 (2026.06),20260814,D,0,0.0,0,35.0,0,0,0,0,0,DART_DOC_800_시스템 점검으로 인한  서비스가 중지 중입니다.,DART_DOC_800_시스템 점검으로 인한  서비스가 중지 중입니다.,DART corp_code 매칭 / 최근 보고서: 반기보고서 (2026.06) / 공시신뢰도 D,
⚠️,011200,HMM,20800.0,00164645,HMM,반기보고서 (2026.06),20260813,D,0,0.0,0,35.0,0,0,0,0,0,DART_DOC_800_시스템 점검으로 인한  서비스가 중지 중입니다.,DART_DOC_800_시스템 점검으로 인한  서비스가 중지 중입니다.,DART corp_code 매칭 / 최근 보고서: 반기보고서 (2026.06) / 공시신뢰도 D,
⚠️,011210,현대위아,50800.0,00106623,현대위아,반기보고서 (2026.06),20260814,D,0,0.0,0,35.0,0,0,0,0,0,DART_DOC_800_시스템 점검으로 인한  서비스가 중지 중입니다.,DART_DOC_800_시스템 점검으로 인한  서비스가 중지 중입니다.,DART corp_code 매칭 / 최근 보고서: 반기보고서 (2026.06) / 공시신뢰도 D,
⚠️,011230,삼화전자,2565.0,00129280,삼화전자공업,반기보고서 (2026.06),20260814,D,0,0.0,0,35.0,0,0,0,0,0,DART_DOC_800_시스템 점검으로 인한  서비스가 중지 중입니다.,DART_DOC_800_시스템 점검으로 인한  서비스가 중지 중입니다.,DART corp_code 매칭 / 최근 보고서: 반기보고서 (2026.06) / 공시신뢰도 D,
⚠️,011280,태림포장,1496.0,00153524,태림포장,[첨부추가]반기보고서 (2026.06),20260814,D,0,0.0,0,35.0,0,0,0,0,0,DART_DOC_800_시스템 점검으로 인한  서비스가 중지 중입니다.,DART_DOC_800_시스템 점검으로 인한  서비스가 중지 중입니다.,DART corp_code 매칭 / 최근 보고서: [첨부추가]반기보고서 (2026.06) / 공시신뢰도 D,
⚠️,011300,우성머티리얼스,2865.0,00132868,우성머티리얼스,반기보고서 (2026.06),20260814,D,0,0.0,0,35.0,0,0,0,0,0,DART_DOC_800_시스템 점검으로 인한  서비스가 중지 중입니다.,DART_DOC_800_시스템 점검으로 인한  서비스가 중지 중입니다.,DART corp_code 매칭 / 최근 보고서: 반기보고서 (2026.06) / 공시신뢰도 D,
⚠️,011330,유니켐,4380.0,00137207,유니켐,[기재정정]반기보고서 (2026.06),20260818,D,0,0.0,0,35.0,0,0,0,0,0,DART_DOC_800_시스템 점검으로 인한  서비스가 중지 중입니다.,DART_DOC_800_시스템 점검으로 인한  서비스가 중지 중입니다.,DART corp_code 매칭 / 최근 보고서: [기재정정]반기보고서 (2026.06) / 공시신뢰도 D,
⚠️,011390,부산산업,47400.0,00124027,부산산업,반기보고서 (2026.06),20260814,D,0,0.0,0,35.0,0,0,0,0,0,DART_DOC_800_시스템 점검으로 인한  서비스가 중지 중입니다.,DART_DOC_800_시스템 점검으로 인한  서비스가 중지 중입니다.,DART corp_code 매칭 / 최근 보고서: 반기보고서 (2026.06) / 공시신뢰도 D,
⚠️,011420,갤럭시아에스엠,1380.0,00129554,갤럭시아에스엠,반기보고서 (2026.06),20260814,D,0,0.0,0,35.0,0,0,0,0,0,DART_DOC_800_시스템 점검으로 인한  서비스가 중지 중입니다.,DART_DOC_800_시스템 점검으로 인한  서비스가 중지 중입니다.,DART corp_code 매칭 / 최근 보고서: 반기보고서 (2026.06) / 공시신뢰도 D,
⚠️,011500,한농화성,14800.0,00160861,한농화성,반기보고서 (2026.06),20260814,D,0,0.0,0,35.0,0,0,0,0,0,DART_DOC_800_시스템 점검으로 인한  서비스가 중지 중입니다.,DART_DOC_800_시스템 점검으로 인한  서비스가 중지 중입니다.,DART corp_code 매칭 / 최근 보고서: 반기보고서 (2026.06) / 공시신뢰도 D,
⚠️,011690,와이투솔루션,3680.0,00144720,와이투솔루션,반기보고서 (2026.06),20260814,D,0,0.0,0,35.0,0,0,0,0,0,DART_DOC_800_시스템 점검으로 인한  서비스가 중지 중입니다.,DART_DOC_800_시스템 점검으로 인한  서비스가 중지 중입니다.,DART corp_code 매칭 / 최근 보고서: 반기보고서 (2026.06) / 공시신뢰도 D,
⚠️,011700,한신기계,2495.0,00162072,한신기계공업,반기보고서 (2026.06),20260813,D,0,0.0,0,35.0,0,0,0,0,0,DART_DOC_800_시스템 점검으로 인한  서비스가 중지 중입니다.,DART_DOC_800_시스템 점검으로 인한  서비스가 중지 중입니다.,DART corp_code 매칭 / 최근 보고서: 반기보고서 (2026.06) / 공시신뢰도 D,
⚠️,011760,현대코퍼레이션,24000.0,00164812,현대코퍼레이션,반기보고서 (2026.06),20260813,D,0,0.0,0,35.0,0,0,0,0,0,DART_DOC_800_시스템 점검으로 인한  서비스가 중지 중입니다.,DART_DOC_800_시스템 점검으로 인한  서비스가 중지 중입니다.,DART corp_code 매칭 / 최근 보고서: 반기보고서 (2026.06) / 공시신뢰도 D,
⚠️,011780,금호석유화학,114700.0,00106368,금호석유화학,반기보고서 (2026.06),20260814,D,0,0.0,0,35.0,0,0,0,0,0,DART_DOC_800_시스템 점검으로 인한  서비스가 중지 중입니다.,DART_DOC_800_시스템 점검으로 인한  서비스가 중지 중입니다.,DART corp_code 매칭 / 최근 보고서: 반기보고서 (2026.06) / 공시신뢰도 D,
⚠️,011790,SKC,108000.0,00139889,SKC,반기보고서 (2026.06),20260814,D,0,0.0,0,35.0,0,0,0,0,0,DART_DOC_800_시스템 점검으로 인한  서비스가 중지 중입니다.,DART_DOC_800_시스템 점검으로 인한  서비스가 중지 중입니다.,DART corp_code 매칭 / 최근 보고서: 반기보고서 (2026.06) / 공시신뢰도 D,
⚠️,011810,STX,3530.0,00138297,STX,[첨부추가]반기보고서 (2026.06),20260814,D,0,0.0,0,35.0,0,0,0,0,0,DART_DOC_800_시스템 점검으로 인한  서비스가 중지 중입니다.,DART_DOC_800_시스템 점검으로 인한  서비스가 중지 중입니다.,DART corp_code 매칭 / 최근 보고서: [첨부추가]반기보고서 (2026.06) / 공시신뢰도 D,
⚠️,011930,신성이엔지,19610.0,00136271,신성이엔지,[기재정정]반기보고서 (2026.06),20260821,D,0,0.0,0,35.0,0,0,0,0,0,DART_DOC_800_시스템 점검으로 인한  서비스가 중지 중입니다.,DART_DOC_800_시스템 점검으로 인한  서비스가 중지 중입니다.,DART corp_code 매칭 / 최근 보고서: [기재정정]반기보고서 (2026.06) / 공시신뢰도 D,
⚠️,012030,DB,2290.0,00163345,DB,반기보고서 (2026.06),20260814,D,0,0.0,0,35.0,0,0,0,0,0,DART_DOC_800_시스템 점검으로 인한  서비스가 중지 중입니다.,DART_DOC_800_시스템 점검으로 인한  서비스가 중지 중입니다.,DART corp_code 매칭 / 최근 보고서: 반기보고서 (2026.06) / 공시신뢰도 D,
⚠️,012160,영흥,2165.0,00141477,영흥,[기재정정]반기보고서 (2026.06),20260818,D,0,0.0,0,35.0,0,0,0,0,0,DART_DOC_800_시스템 점검으로 인한  서비스가 중지 중입니다.,DART_DOC_800_시스템 점검으로 인한  서비스가 중지 중입니다.,DART corp_code 매칭 / 최근 보고서: [기재정정]반기보고서 (2026.06) / 공시신뢰도 D,
⚠️,012170,아센디오,3000.0,00145437,아센디오,반기보고서 (2026.06),20260814,D,0,0.0,0,35.0,0,0,0,0,0,DART_DOC_800_시스템 점검으로 인한  서비스가 중지 중입니다.,DART_DOC_800_시스템 점검으로 인한  서비스가 중지 중입니다.,DART corp_code 매칭 / 최근 보고서: 반기보고서 (2026.06) / 공시신뢰도 D,
⚠️,012200,계양전기,3010.0,00102618,계양전기,반기보고서 (2026.06),20260814,D,0,0.0,0,35.0,0,0,0,0,0,DART_DOC_800_시스템 점검으로 인한  서비스가 중지 중입니다.,DART_DOC_800_시스템 점검으로 인한  서비스가 중지 중입니다.,DART corp_code 매칭 / 최근 보고서: 반기보고서 (2026.06) / 공시신뢰도 D,
⚠️,012280,영화금속,3750.0,00141413,영화금속,[첨부추가]반기보고서 (2026.06),20260814,D,0,0.0,0,35.0,0,0,0,0,0,DART_DOC_800_시스템 점검으로 인한  서비스가 중지 중입니다.,DART_DOC_800_시스템 점검으로 인한  서비스가 중지 중입니다.,DART corp_code 매칭 / 최근 보고서: [첨부추가]반기보고서 (2026.06) / 공시신뢰도 D,
⚠️,012320,경동인베스트,47500.0,00143527,경동인베스트,반기보고서 (2026.06),20260814,D,0,0.0,0,35.0,0,0,0,0,0,DART_DOC_800_시스템 점검으로 인한  서비스가 중지 중입니다.,DART_DOC_800_시스템 점검으로 인한  서비스가 중지 중입니다.,DART corp_code 매칭 / 최근 보고서: 반기보고서 (2026.06) / 공시신뢰도 D,
⚠️,012330,현대모비스,359000.0,00164788,현대모비스,반기보고서 (2026.06),20260814,D,0,0.0,0,35.0,0,0,0,0,0,DART_DOC_800_시스템 점검으로 인한  서비스가 중지 중입니다.,DART_DOC_800_시스템 점검으로 인한  서비스가 중지 중입니다.,DART corp_code 매칭 / 최근 보고서: 반기보고서 (2026.06) / 공시신뢰도 D,
⚠️,012450,한화에어로스페이스,891000.0,00126566,한화에어로스페이스,반기보고서 (2026.06),20260814,D,0,0.0,0,35.0,0,0,0,0,0,DART_DOC_800_시스템 점검으로 인한  서비스가 중지 중입니다.,DART_DOC_800_시스템 점검으로 인한  서비스가 중지 중입니다.,DART corp_code 매칭 / 최근 보고서: 반기보고서 (2026.06) / 공시신뢰도 D,
⚠️,012510,더존비즈온,120000.0,00172291,더존비즈온,반기보고서 (2026.06),20260814,D,0,0.0,0,35.0,0,0,0,0,0,DART_DOC_800_시스템 점검으로 인한  서비스가 중지 중입니다.,DART_DOC_800_시스템 점검으로 인한  서비스가 중지 중입니다.,DART corp_code 매칭 / 최근 보고서: 반기보고서 (2026.06) / 공시신뢰도 D,
⚠️,012610,경인양행,3385.0,00102113,경인양행,[첨부추가]반기보고서 (2026.06),20260814,D,0,0.0,0,35.0,0,0,0,0,0,DART_DOC_800_시스템 점검으로 인한  서비스가 중지 중입니다.,DART_DOC_800_시스템 점검으로 인한  서비스가 중지 중입니다.,DART corp_code 매칭 / 최근 보고서: [첨부추가]반기보고서 (2026.06) / 공시신뢰도 D,
⚠️,012630,HDC,22950.0,00164636,HDC,[기재정정]반기보고서 (2026.06),20260818,D,0,0.0,0,35.0,0,0,0,0,0,DART_DOC_800_시스템 점검으로 인한  서비스가 중지 중입니다.,DART_DOC_800_시스템 점검으로 인한  서비스가 중지 중입니다.,DART corp_code 매칭 / 최근 보고서: [기재정정]반기보고서 (2026.06) / 공시신뢰도 D,
⚠️,012690,모나리자,1417.0,00173102,모나리자,반기보고서 (2026.06),20260814,D,0,0.0,0,35.0,0,0,0,0,0,DART_DOC_800_시스템 점검으로 인한  서비스가 중지 중입니다.,DART_DOC_800_시스템 점검으로 인한  서비스가 중지 중입니다.,DART corp_code 매칭 / 최근 보고서: 반기보고서 (2026.06) / 공시신뢰도 D,
⚠️,012750,에스원,84200.0,00158501,에스원,반기보고서 (2026.06),20260814,D,0,0.0,0,35.0,0,0,0,0,0,DART_DOC_800_시스템 점검으로 인한  서비스가 중지 중입니다.,DART_DOC_800_시스템 점검으로 인한  서비스가 중지 중입니다.,DART corp_code 매칭 / 최근 보고서: 반기보고서 (2026.06) / 공시신뢰도 D,
⚠️,012800,대창,1140.0,00112651,대창,반기보고서 (2026.06),20260814,D,0,0.0,0,35.0,0,0,0,0,0,DART_DOC_800_시스템 점검으로 인한  서비스가 중지 중입니다.,DART_DOC_800_시스템 점검으로 인한  서비스가 중지 중입니다.,DART corp_code 매칭 / 최근 보고서: 반기보고서 (2026.06) / 공시신뢰도 D,
⚠️,013000,세우글로벌,1190.0,00134176,세우글로벌,[기재정정]반기보고서 (2026.06),20260929,D,0,0.0,0,35.0,0,0,0,0,0,DART_DOC_800_시스템 점검으로 인한  서비스가 중지 중입니다.,DART_DOC_800_시스템 점검으로 인한  서비스가 중지 중입니다.,DART corp_code 매칭 / 최근 보고서: [기재정정]반기보고서 (2026.06) / 공시신뢰도 D,
⚠️,013360,일성건설,1327.0,00146232,일성건설,반기보고서 (2026.06),20260814,D,0,0.0,0,35.0,0,0,0,0,0,DART_DOC_800_시스템 점검으로 인한  서비스가 중지 중입니다.,DART_DOC_800_시스템 점검으로 인한  서비스가 중지 중입니다.,DART corp_code 매칭 / 최근 보고서: 반기보고서 (2026.06) / 공시신뢰도 D,
⚠️,013520,화승코퍼레이션,2430.0,00166272,화승코퍼레이션,반기보고서 (2026.06),20260814,D,0,0.0,0,35.0,0,0,0,0,0,DART_DOC_800_시스템 점검으로 인한  서비스가 중지 중입니다.,DART_DOC_800_시스템 점검으로 인한  서비스가 중지 중입니다.,DART corp_code 매칭 / 최근 보고서: 반기보고서 (2026.06) / 공시신뢰도 D,
⚠️,013570,디와이,4145.0,00117179,디와이,반기보고서 (2026.06),20260813,D,0,0.0,0,35.0,0,0,0,0,0,DART_DOC_800_시스템 점검으로 인한  서비스가 중지 중입니다.,DART_DOC_800_시스템 점검으로 인한  서비스가 중지 중입니다.,DART corp_code 매칭 / 최근 보고서: 반기보고서 (2026.06) / 공시신뢰도 D,
⚠️,013580,계룡건설,21200.0,00102432,계룡건설산업,반기보고서 (2026.06),20260814,D,0,0.0,0,35.0,0,0,0,0,0,DART_DOC_800_시스템 점검으로 인한  서비스가 중지 중입니다.,DART_DOC_800_시스템 점검으로 인한  서비스가 중지 중입니다.,DART corp_code 매칭 / 최근 보고서: 반기보고서 (2026.06) / 공시신뢰도 D,
⚠️,013700,까뮤이앤씨,1552.0,00129420,까뮤이앤씨,반기보고서 (2026.06),20260814,D,0,0.0,0,35.0,0,0,0,0,0,DART_DOC_800_시스템 점검으로 인한  서비스가 중지 중입니다.,DART_DOC_800_시스템 점검으로 인한  서비스가 중지 중입니다.,DART corp_code 매칭 / 최근 보고서: 반기보고서 (2026.06) / 공시신뢰도 D,
⚠️,013870,지엠비코리아,3755.0,00156354,지엠비코리아,반기보고서 (2026.06),20260814,D,0,0.0,0,35.0,0,0,0,0,0,DART_DOC_800_시스템 점검으로 인한  서비스가 중지 중입니다.,DART_DOC_800_시스템 점검으로 인한  서비스가 중지 중입니다.,DART corp_code 매칭 / 최근 보고서: 반기보고서 (2026.06) / 공시신뢰도 D,
⚠️,013890,지누스,6670.0,00150633,지누스,반기보고서 (2026.06),20260813,D,0,0.0,0,35.0,0,0,0,0,0,DART_DOC_800_시스템 점검으로 인한  서비스가 중지 중입니다.,DART_DOC_800_시스템 점검으로 인한  서비스가 중지 중입니다.,DART corp_code 매칭 / 최근 보고서: 반기보고서 (2026.06) / 공시신뢰도 D,
⚠️,014130,한익스프레스,2870.0,00129509,한익스프레스,반기보고서 (2026.06),20260814,D,0,0.0,0,35.0,0,0,0,0,0,DART_DOC_800_시스템 점검으로 인한  서비스가 중지 중입니다.,DART_DOC_800_시스템 점검으로 인한  서비스가 중지 중입니다.,DART corp_code 매칭 / 최근 보고서: 반기보고서 (2026.06) / 공시신뢰도 D,
⚠️,014160,대영포장,655.0,00111458,대영포장,반기보고서 (2026.06),20260814,D,0,0.0,0,35.0,0,0,0,0,0,DART_DOC_800_시스템 점검으로 인한  서비스가 중지 중입니다.,DART_DOC_800_시스템 점검으로 인한  서비스가 중지 중입니다.,DART corp_code 매칭 / 최근 보고서: 반기보고서 (2026.06) / 공시신뢰도 D,
⚠️,014280,금강공업,4605.0,00105299,금강공업,반기보고서 (2026.06),20260814,D,0,0.0,0,35.0,0,0,0,0,0,DART_DOC_800_시스템 점검으로 인한  서비스가 중지 중입니다.,DART_DOC_800_시스템 점검으로 인한  서비스가 중지 중입니다.,DART corp_code 매칭 / 최근 보고서: 반기보고서 (2026.06) / 공시신뢰도 D,
⚠️,014440,영보화학,4680.0,00140779,영보화학,반기보고서 (2026.06),20260814,D,0,0.0,0,35.0,0,0,0,0,0,DART_DOC_800_시스템 점검으로 인한  서비스가 중지 중입니다.,DART_DOC_800_시스템 점검으로 인한  서비스가 중지 중입니다.,DART corp_code 매칭 / 최근 보고서: 반기보고서 (2026.06) / 공시신뢰도 D,
⚠️,014530,극동유화,3365.0,00105156,극동유화,반기보고서 (2026.06),20260814,D,0,0.0,0,35.0,0,0,0,0,0,DART_DOC_800_시스템 점검으로 인한  서비스가 중지 중입니다.,DART_DOC_800_시스템 점검으로 인한  서비스가 중지 중입니다.,DART corp_code 매칭 / 최근 보고서: 반기보고서 (2026.06) / 공시신뢰도 D,
⚠️,014580,태경비케이,3930.0,00122481,태경비케이,반기보고서 (2026.06),20260813,D,0,0.0,0,35.0,0,0,0,0,0,DART_DOC_800_시스템 점검으로 인한  서비스가 중지 중입니다.,DART_DOC_800_시스템 점검으로 인한  서비스가 중지 중입니다.,DART corp_code 매칭 / 최근 보고서: 반기보고서 (2026.06) / 공시신뢰도 D,
⚠️,014680,한솔케미칼,271000.0,00140955,한솔케미칼,반기보고서 (2026.06),20260813,D,0,0.0,0,35.0,0,0,0,0,0,DART_DOC_800_시스템 점검으로 인한  서비스가 중지 중입니다.,DART_DOC_800_시스템 점검으로 인한  서비스가 중지 중입니다.,DART corp_code 매칭 / 최근 보고서: 반기보고서 (2026.06) / 공시신뢰도 D,
⚠️,014710,사조씨푸드,9980.0,00124780,사조씨푸드,반기보고서 (2026.06),20260814,D,0,0.0,0,35.0,0,0,0,0,0,DART_DOC_800_시스템 점검으로 인한  서비스가 중지 중입니다.,DART_DOC_800_시스템 점검으로 인한  서비스가 중지 중입니다.,DART corp_code 매칭 / 최근 보고서: 반기보고서 (2026.06) / 공시신뢰도 D,
⚠️,014790,HL D&I,2440.0,00161116,HL D&I,반기보고서 (2026.06),20260813,D,0,0.0,0,35.0,0,0,0,0,0,DART_DOC_800_시스템 점검으로 인한  서비스가 중지 중입니다.,DART_DOC_800_시스템 점검으로 인한  서비스가 중지 중입니다.,DART corp_code 매칭 / 최근 보고서: 반기보고서 (2026.06) / 공시신뢰도 D,
⚠️,014820,동원시스템즈,22350.0,00132637,동원시스템즈,반기보고서 (2026.06),20260813,D,0,0.0,0,35.0,0,0,0,0,0,DART_DOC_800_시스템 점검으로 인한  서비스가 중지 중입니다.,DART_DOC_800_시스템 점검으로 인한  서비스가 중지 중입니다.,DART corp_code 매칭 / 최근 보고서: 반기보고서 (2026.06) / 공시신뢰도 D,
⚠️,014830,유니드,61200.0,00159786,유니드,반기보고서 (2026.06),20260813,D,0,0.0,0,35.0,0,0,0,0,0,DART_DOC_800_시스템 점검으로 인한  서비스가 중지 중입니다.,DART_DOC_800_시스템 점검으로 인한  서비스가 중지 중입니다.,DART corp_code 매칭 / 최근 보고서: 반기보고서 (2026.06) / 공시신뢰도 D,
⚠️,014910,성문전자,1971.0,00132628,성문전자,반기보고서 (2026.06),20260814,D,0,0.0,0,35.0,0,0,0,0,0,DART_DOC_800_시스템 점검으로 인한  서비스가 중지 중입니다.,DART_DOC_800_시스템 점검으로 인한  서비스가 중지 중입니다.,DART corp_code 매칭 / 최근 보고서: 반기보고서 (2026.06) / 공시신뢰도 D,
⚠️,014990,인디에프,3915.0,00106881,인디에프,반기보고서 (2026.06),20260814,D,0,0.0,0,35.0,0,0,0,0,0,DART_DOC_800_시스템 점검으로 인한  서비스가 중지 중입니다.,DART_DOC_800_시스템 점검으로 인한  서비스가 중지 중입니다.,DART corp_code 매칭 / 최근 보고서: 반기보고서 (2026.06) / 공시신뢰도 D,
⚠️,015020,이스타코,928.0,00134565,이스타코,반기보고서 (2026.06),20260814,D,0,0.0,0,35.0,0,0,0,0,0,DART_DOC_800_시스템 점검으로 인한  서비스가 중지 중입니다.,DART_DOC_800_시스템 점검으로 인한  서비스가 중지 중입니다.,DART corp_code 매칭 / 최근 보고서: 반기보고서 (2026.06) / 공시신뢰도 D,
⚠️,015230,대창단조,6550.0,00112679,대창단조,[첨부추가]반기보고서 (2026.06),20260814,D,0,0.0,0,35.0,0,0,0,0,0,DART_DOC_800_시스템 점검으로 인한  서비스가 중지 중입니다.,DART_DOC_800_시스템 점검으로 인한  서비스가 중지 중입니다.,DART corp_code 매칭 / 최근 보고서: [첨부추가]반기보고서 (2026.06) / 공시신뢰도 D,
⚠️,015260,에이엔피,249.0,00143314,에이엔피,반기보고서 (2026.06),20260814,D,0,0.0,0,35.0,0,0,0,0,0,DART_DOC_800_시스템 점검으로 인한  서비스가 중지 중입니다.,DART_DOC_800_시스템 점검으로 인한  서비스가 중지 중입니다.,DART corp_code 매칭 / 최근 보고서: 반기보고서 (2026.06) / 공시신뢰도 D,
⚠️,015360,INVENI,14570.0,00105101,INVENI,반기보고서 (2026.06),20260811,D,0,0.0,0,35.0,0,0,0,0,0,DART_DOC_800_시스템 점검으로 인한  서비스가 중지 중입니다.,DART_DOC_800_시스템 점검으로 인한  서비스가 중지 중입니다.,DART corp_code 매칭 / 최근 보고서: 반기보고서 (2026.06) / 공시신뢰도 D,
⚠️,015590,DKME,2215.0,00108746,DKME,[기재정정]반기보고서 (2026.06),20261007,D,0,0.0,0,35.0,0,0,0,0,0,DART_DOC_800_시스템 점검으로 인한  서비스가 중지 중입니다.,DART_DOC_800_시스템 점검으로 인한  서비스가 중지 중입니다.,DART corp_code 매칭 / 최근 보고서: [기재정정]반기보고서 (2026.06) / 공시신뢰도 D,
⚠️,015760,한국전력,29100.0,00159193,한국전력공사,반기보고서 (2026.06),20260814,D,0,0.0,0,35.0,0,0,0,0,0,DART_DOC_800_시스템 점검으로 인한  서비스가 중지 중입니다.,DART_DOC_800_시스템 점검으로 인한  서비스가 중지 중입니다.,DART corp_code 매칭 / 최근 보고서: 반기보고서 (2026.06) / 공시신뢰도 D,
⚠️,015860,일진홀딩스,6930.0,00146649,일진홀딩스,반기보고서 (2026.06),20260812,D,0,0.0,0,35.0,0,0,0,0,0,DART_DOC_800_시스템 점검으로 인한  서비스가 중지 중입니다.,DART_DOC_800_시스템 점검으로 인한  서비스가 중지 중입니다.,DART corp_code 매칭 / 최근 보고서: 반기보고서 (2026.06) / 공시신뢰도 D,
⚠️,015890,태경산업,4785.0,00153339,태경산업,반기보고서 (2026.06),20260814,D,0,0.0,0,35.0,0,0,0,0,0,DART_DOC_800_시스템 점검으로 인한  서비스가 중지 중입니다.,DART_DOC_800_시스템 점검으로 인한  서비스가 중지 중입니다.,DART corp_code 매칭 / 최근 보고서: 반기보고서 (2026.06) / 공시신뢰도 D,
⚠️,016090,대현,1420.0,00113614,대현,반기보고서 (2026.06),20260814,D,0,0.0,0,35.0,0,0,0,0,0,DART_DOC_800_시스템 점검으로 인한  서비스가 중지 중입니다.,DART_DOC_800_시스템 점검으로 인한  서비스가 중지 중입니다.,DART corp_code 매칭 / 최근 보고서: 반기보고서 (2026.06) / 공시신뢰도 D,
⚠️,016360,삼성증권,85700.0,00104856,삼성증권,반기보고서 (2026.06),20260814,D,0,0.0,0,35.0,0,0,0,0,0,DART_DOC_800_시스템 점검으로 인한  서비스가 중지 중입니다.,DART_DOC_800_시스템 점검으로 인한  서비스가 중지 중입니다.,DART corp_code 매칭 / 최근 보고서: 반기보고서 (2026.06) / 공시신뢰도 D,
⚠️,016380,KG스틸,5510.0,00115676,KG스틸,반기보고서 (2026.06),20260814,D,0,0.0,0,35.0,0,0,0,0,0,DART_DOC_800_시스템 점검으로 인한  서비스가 중지 중입니다.,DART_DOC_800_시스템 점검으로 인한  서비스가 중지 중입니다.,DART corp_code 매칭 / 최근 보고서: 반기보고서 (2026.06) / 공시신뢰도 D,
⚠️,016450,한세예스24홀딩스,4310.0,00161976,한세예스24홀딩스,반기보고서 (2026.06),20260814,D,0,0.0,0,35.0,0,0,0,0,0,DART_DOC_800_시스템 점검으로 인한  서비스가 중지 중입니다.,DART_DOC_800_시스템 점검으로 인한  서비스가 중지 중입니다.,DART corp_code 매칭 / 최근 보고서: 반기보고서 (2026.06) / 공시신뢰도 D,
⚠️,016580,환인제약,10180.0,00166573,환인제약,반기보고서 (2026.06),20260813,D,0,0.0,0,35.0,0,0,0,0,0,DART_DOC_800_시스템 점검으로 인한  서비스가 중지 중입니다.,DART_DOC_800_시스템 점검으로 인한  서비스가 중지 중입니다.,DART corp_code 매칭 / 최근 보고서: 반기보고서 (2026.06) / 공시신뢰도 D,
⚠️,016590,신대양제지,9060.0,00135777,신대양제지,반기보고서 (2026.06),20260814,D,0,0.0,0,35.0,0,0,0,0,0,DART_DOC_800_시스템 점검으로 인한  서비스가 중지 중입니다.,DART_DOC_800_시스템 점검으로 인한  서비스가 중지 중입니다.,DART corp_code 매칭 / 최근 보고서: 반기보고서 (2026.06) / 공시신뢰도 D,
⚠️,016610,DB증권,9920.0,00115694,DB증권,반기보고서 (2026.06),20260814,D,0,0.0,0,35.0,0,0,0,0,0,DART_DOC_800_시스템 점검으로 인한  서비스가 중지 중입니다.,DART_DOC_800_시스템 점검으로 인한  서비스가 중지 중입니다.,DART corp_code 매칭 / 최근 보고서: 반기보고서 (2026.06) / 공시신뢰도 D,
⚠️,016710,대성홀딩스,6870.0,00108940,대성홀딩스,반기보고서 (2026.06),20260814,D,0,0.0,0,35.0,0,0,0,0,0,DART_DOC_800_시스템 점검으로 인한  서비스가 중지 중입니다.,DART_DOC_800_시스템 점검으로 인한  서비스가 중지 중입니다.,DART corp_code 매칭 / 최근 보고서: 반기보고서 (2026.06) / 공시신뢰도 D,
⚠️,016740,두올,3995.0,00119672,두올,반기보고서 (2026.06),20260813,D,0,0.0,0,35.0,0,0,0,0,0,DART_DOC_800_시스템 점검으로 인한  서비스가 중지 중입니다.,DART_DOC_800_시스템 점검으로 인한  서비스가 중지 중입니다.,DART corp_code 매칭 / 최근 보고서: 반기보고서 (2026.06) / 공시신뢰도 D,
⚠️,016800,퍼시스,24400.0,00161709,퍼시스,반기보고서 (2026.06),20260814,D,0,0.0,0,35.0,0,0,0,0,0,DART_DOC_800_시스템 점검으로 인한  서비스가 중지 중입니다.,DART_DOC_800_시스템 점검으로 인한  서비스가 중지 중입니다.,DART corp_code 매칭 / 최근 보고서: 반기보고서 (2026.06) / 공시신뢰도 D,
⚠️,016880,웅진,1787.0,00143651,웅진,반기보고서 (2026.06),20260814,D,0,0.0,0,35.0,0,0,0,0,0,DART_DOC_800_시스템 점검으로 인한  서비스가 중지 중입니다.,DART_DOC_800_시스템 점검으로 인한  서비스가 중지 중입니다.,DART corp_code 매칭 / 최근 보고서: 반기보고서 (2026.06) / 공시신뢰도 D,
⚠️,017040,광명전기,932.0,00103662,광명전기,반기보고서 (2026.06),20260814,D,0,0.0,0,35.0,0,0,0,0,0,DART_DOC_800_시스템 점검으로 인한  서비스가 중지 중입니다.,DART_DOC_800_시스템 점검으로 인한  서비스가 중지 중입니다.,DART corp_code 매칭 / 최근 보고서: 반기보고서 (2026.06) / 공시신뢰도 D,
⚠️,017180,명문제약,1286.0,00121039,명문제약,반기보고서 (2026.06),20260814,D,0,0.0,0,35.0,0,0,0,0,0,DART_DOC_800_시스템 점검으로 인한  서비스가 중지 중입니다.,DART_DOC_800_시스템 점검으로 인한  서비스가 중지 중입니다.,DART corp_code 매칭 / 최근 보고서: 반기보고서 (2026.06) / 공시신뢰도 D,
⚠️,017370,우신시스템,3605.0,00142883,우신시스템,반기보고서 (2026.06),20260814,D,0,0.0,0,35.0,0,0,0,0,0,DART_DOC_800_시스템 점검으로 인한  서비스가 중지 중입니다.,DART_DOC_800_시스템 점검으로 인한  서비스가 중지 중입니다.,DART corp_code 매칭 / 최근 보고서: 반기보고서 (2026.06) / 공시신뢰도 D,
⚠️,017390,서울가스,53900.0,00130684,서울도시가스,반기보고서 (2026.06),20260814,D,0,0.0,0,35.0,0,0,0,0,0,DART_DOC_800_시스템 점검으로 인한  서비스가 중지 중입니다.,DART_DOC_800_시스템 점검으로 인한  서비스가 중지 중입니다.,DART corp_code 매칭 / 최근 보고서: 반기보고서 (2026.06) / 공시신뢰도 D,
⚠️,017550,수산세보틱스,1774.0,00135111,수산세보틱스,반기보고서 (2026.06),20260814,D,0,0.0,0,35.0,0,0,0,0,0,DART_DOC_800_시스템 점검으로 인한  서비스가 중지 중입니다.,DART_DOC_800_시스템 점검으로 인한  서비스가 중지 중입니다.,DART corp_code 매칭 / 최근 보고서: 반기보고서 (2026.06) / 공시신뢰도 D,
⚠️,017670,SK텔레콤,84100.0,00159023,SK텔레콤,반기보고서 (2026.06),20260813,D,0,0.0,0,35.0,0,0,0,0,0,DART_DOC_800_시스템 점검으로 인한  서비스가 중지 중입니다.,DART_DOC_800_시스템 점검으로 인한  서비스가 중지 중입니다.,DART corp_code 매칭 / 최근 보고서: 반기보고서 (2026.06) / 공시신뢰도 D,
⚠️,017800,현대엘리베이터,69900.0,00164724,현대엘리베이터,반기보고서 (2026.06),20260814,D,0,0.0,0,35.0,0,0,0,0,0,DART_DOC_800_시스템 점검으로 인한  서비스가 중지 중입니다.,DART_DOC_800_시스템 점검으로 인한  서비스가 중지 중입니다.,DART corp_code 매칭 / 최근 보고서: 반기보고서 (2026.06) / 공시신뢰도 D,
⚠️,017810,풀무원,8680.0,00155355,풀무원,반기보고서 (2026.06),20260814,D,0,0.0,0,35.0,0,0,0,0,0,DART_DOC_800_시스템 점검으로 인한  서비스가 중지 중입니다.,DART_DOC_800_시스템 점검으로 인한  서비스가 중지 중입니다.,DART corp_code 매칭 / 최근 보고서: 반기보고서 (2026.06) / 공시신뢰도 D,
⚠️,017860,DS단석,12780.0,00108612,DS단석,반기보고서 (2026.06),20260814,D,0,0.0,0,35.0,0,0,0,0,0,DART_DOC_800_시스템 점검으로 인한  서비스가 중지 중입니다.,DART_DOC_800_시스템 점검으로 인한  서비스가 중지 중입니다.,DART corp_code 매칭 / 최근 보고서: 반기보고서 (2026.06) / 공시신뢰도 D,
⚠️,017900,광전자,10670.0,00152729,광전자,반기보고서 (2026.06),20260814,D,0,0.0,0,35.0,0,0,0,0,0,DART_DOC_800_시스템 점검으로 인한  서비스가 중지 중입니다.,DART_DOC_800_시스템 점검으로 인한  서비스가 중지 중입니다.,DART corp_code 매칭 / 최근 보고서: 반기보고서 (2026.06) / 공시신뢰도 D,
⚠️,017940,E1,90500.0,00165583,E1,반기보고서 (2026.06),20260814,D,0,0.0,0,35.0,0,0,0,0,0,DART_DOC_800_시스템 점검으로 인한  서비스가 중지 중입니다.,DART_DOC_800_시스템 점검으로 인한  서비스가 중지 중입니다.,DART corp_code 매칭 / 최근 보고서: 반기보고서 (2026.06) / 공시신뢰도 D,
⚠️,017960,한국카본,19150.0,00159795,한국카본,반기보고서 (2026.06),20260814,D,0,0.0,0,35.0,0,0,0,0,0,DART_DOC_800_시스템 점검으로 인한  서비스가 중지 중입니다.,DART_DOC_800_시스템 점검으로 인한  서비스가 중지 중입니다.,DART corp_code 매칭 / 최근 보고서: 반기보고서 (2026.06) / 공시신뢰도 D,
⚠️,018250,애경산업,11190.0,00139454,애경산업,[기재정정]반기보고서 (2026.06),20260814,D,0,0.0,0,35.0,0,0,0,0,0,DART_DOC_800_시스템 점검으로 인한  서비스가 중지 중입니다.,DART_DOC_800_시스템 점검으로 인한  서비스가 중지 중입니다.,DART corp_code 매칭 / 최근 보고서: [기재정정]반기보고서 (2026.06) / 공시신뢰도 D,
⚠️,018260,삼성에스디에스,195300.0,00126186,삼성에스디에스,반기보고서 (2026.06),20260814,D,0,0.0,0,35.0,0,0,0,0,0,DART_DOC_800_시스템 점검으로 인한  서비스가 중지 중입니다.,DART_DOC_800_시스템 점검으로 인한  서비스가 중지 중입니다.,DART corp_code 매칭 / 최근 보고서: 반기보고서 (2026.06) / 공시신뢰도 D,
⚠️,018470,조일알미늄,5270.0,00149239,조일알미늄,반기보고서 (2026.06),20260814,D,0,0.0,0,35.0,0,0,0,0,0,DART_DOC_800_시스템 점검으로 인한  서비스가 중지 중입니다.,DART_DOC_800_시스템 점검으로 인한  서비스가 중지 중입니다.,DART corp_code 매칭 / 최근 보고서: 반기보고서 (2026.06) / 공시신뢰도 D,
⚠️,018500,동원모빌리티,1310.0,00118008,동원모빌리티,분기보고서 (2026.06),20260814,D,0,0.0,0,35.0,0,0,0,0,0,DART_DOC_800_시스템 점검으로 인한  서비스가 중지 중입니다.,DART_DOC_800_시스템 점검으로 인한  서비스가 중지 중입니다.,DART corp_code 매칭 / 최근 보고서: 분기보고서 (2026.06) / 공시신뢰도 D,
⚠️,018670,SK가스,272000.0,00144164,SK가스,반기보고서 (2026.06),20260813,D,0,0.0,0,35.0,0,0,0,0,0,DART_DOC_800_시스템 점검으로 인한  서비스가 중지 중입니다.,DART_DOC_800_시스템 점검으로 인한  서비스가 중지 중입니다.,DART corp_code 매칭 / 최근 보고서: 반기보고서 (2026.06) / 공시신뢰도 D,
⚠️,018880,한온시스템,4015.0,00161125,한온시스템,반기보고서 (2026.06),20260813,D,0,0.0,0,35.0,0,0,0,0,0,DART_DOC_800_시스템 점검으로 인한  서비스가 중지 중입니다.,DART_DOC_800_시스템 점검으로 인한  서비스가 중지 중입니다.,DART corp_code 매칭 / 최근 보고서: 반기보고서 (2026.06) / 공시신뢰도 D,
⚠️,019170,신풍제약,9780.0,00137359,신풍제약,반기보고서 (2026.06),20260814,D,0,0.0,0,35.0,0,0,0,0,0,DART_DOC_800_시스템 점검으로 인한  서비스가 중지 중입니다.,DART_DOC_800_시스템 점검으로 인한  서비스가 중지 중입니다.,DART corp_code 매칭 / 최근 보고서: 반기보고서 (2026.06) / 공시신뢰도 D,
⚠️,019180,티에이치엔,4915.0,00118965,티에이치엔,반기보고서 (2026.06),20260814,D,0,0.0,0,35.0,0,0,0,0,0,DART_DOC_800_시스템 점검으로 인한  서비스가 중지 중입니다.,DART_DOC_800_시스템 점검으로 인한  서비스가 중지 중입니다.,DART corp_code 매칭 / 최근 보고서: 반기보고서 (2026.06) / 공시신뢰도 D,
⚠️,019490,엑시큐어하이트론,541.0,00156150,엑시큐어하이트론,[기재정정]반기보고서 (2026.06),20261002,D,0,0.0,0,35.0,0,0,0,0,0,DART_DOC_800_시스템 점검으로 인한  서비스가 중지 중입니다.,DART_DOC_800_시스템 점검으로 인한  서비스가 중지 중입니다.,DART corp_code 매칭 / 최근 보고서: [기재정정]반기보고서 (2026.06) / 공시신뢰도 D,
⚠️,019680,대교,1624.0,00108913,대교,반기보고서 (2026.06),20260814,D,0,0.0,0,35.0,0,0,0,0,0,DART_DOC_800_시스템 점검으로 인한  서비스가 중지 중입니다.,DART_DOC_800_시스템 점검으로 인한  서비스가 중지 중입니다.,DART corp_code 매칭 / 최근 보고서: 반기보고서 (2026.06) / 공시신뢰도 D,
⚠️,020000,한섬,21750.0,00188089,한섬,반기보고서 (2026.06),20260814,D,0,0.0,0,35.0,0,0,0,0,0,DART_DOC_800_시스템 점검으로 인한  서비스가 중지 중입니다.,DART_DOC_800_시스템 점검으로 인한  서비스가 중지 중입니다.,DART corp_code 매칭 / 최근 보고서: 반기보고서 (2026.06) / 공시신뢰도 D,
⚠️,020120,키다리스튜디오,6980.0,00140131,키다리스튜디오,반기보고서 (2026.06),20260814,D,0,0.0,0,35.0,0,0,0,0,0,DART_DOC_800_시스템 점검으로 인한  서비스가 중지 중입니다.,DART_DOC_800_시스템 점검으로 인한  서비스가 중지 중입니다.,DART corp_code 매칭 / 최근 보고서: 반기보고서 (2026.06) / 공시신뢰도 D,
⚠️,020150,롯데에너지머티리얼즈,55200.0,00113997,롯데에너지머티리얼즈,반기보고서 (2026.06),20260814,D,0,0.0,0,35.0,0,0,0,0,0,DART_DOC_800_시스템 점검으로 인한  서비스가 중지 중입니다.,DART_DOC_800_시스템 점검으로 인한  서비스가 중지 중입니다.,DART corp_code 매칭 / 최근 보고서: 반기보고서 (2026.06) / 공시신뢰도 D,
⚠️,020560,아시아나항공,8210.0,00138792,아시아나항공,반기보고서 (2026.06),20260813,D,0,0.0,0,35.0,0,0,0,0,0,DART_DOC_800_시스템 점검으로 인한  서비스가 중지 중입니다.,DART_DOC_800_시스템 점검으로 인한  서비스가 중지 중입니다.,DART corp_code 매칭 / 최근 보고서: 반기보고서 (2026.06) / 공시신뢰도 D,
⚠️,020760,일진디스플,902.0,00198697,일진디스플,반기보고서 (2026.06),20260814,D,0,0.0,0,35.0,0,0,0,0,0,DART_DOC_800_시스템 점검으로 인한  서비스가 중지 중입니다.,DART_DOC_800_시스템 점검으로 인한  서비스가 중지 중입니다.,DART corp_code 매칭 / 최근 보고서: 반기보고서 (2026.06) / 공시신뢰도 D,
⚠️,021050,서원,1100.0,00131197,서원,반기보고서 (2026.06),20260814,D,0,0.0,0,35.0,0,0,0,0,0,DART_DOC_800_시스템 점검으로 인한  서비스가 중지 중입니다.,DART_DOC_800_시스템 점검으로 인한  서비스가 중지 중입니다.,DART corp_code 매칭 / 최근 보고서: 반기보고서 (2026.06) / 공시신뢰도 D,
⚠️,021240,코웨이,101400.0,00170558,코웨이,반기보고서 (2026.06),20260814,D,0,0.0,0,35.0,0,0,0,0,0,DART_DOC_800_시스템 점검으로 인한  서비스가 중지 중입니다.,DART_DOC_800_시스템 점검으로 인한  서비스가 중지 중입니다.,DART corp_code 매칭 / 최근 보고서: 반기보고서 (2026.06) / 공시신뢰도 D,
⚠️,021820,세원정공,10660.0,00134316,세원정공,사업보고서 (2026.06),20260922,D,0,0.0,0,35.0,0,0,0,0,0,DART_DOC_800_시스템 점검으로 인한  서비스가 중지 중입니다.,DART_DOC_800_시스템 점검으로 인한  서비스가 중지 중입니다.,DART corp_code 매칭 / 최근 보고서: 사업보고서 (2026.06) / 공시신뢰도 D,
⚠️,022100,포스코DX,21100.0,00155212,포스코DX,반기보고서 (2026.06),20260814,D,0,0.0,0,35.0,0,0,0,0,0,DART_DOC_800_시스템 점검으로 인한  서비스가 중지 중입니다.,DART_DOC_800_시스템 점검으로 인한  서비스가 중지 중입니다.,DART corp_code 매칭 / 최근 보고서: 반기보고서 (2026.06) / 공시신뢰도 D,
⚠️,023000,삼원강재,2200.0,00191588,삼원강재,반기보고서 (2026.06),20260814,D,0,0.0,0,35.0,0,0,0,0,0,DART_DOC_800_시스템 점검으로 인한  서비스가 중지 중입니다.,DART_DOC_800_시스템 점검으로 인한  서비스가 중지 중입니다.,DART corp_code 매칭 / 최근 보고서: 반기보고서 (2026.06) / 공시신뢰도 D,
⚠️,023150,MH에탄올,4540.0,00121534,MH에탄올,반기보고서 (2026.06),20260814,D,0,0.0,0,35.0,0,0,0,0,0,DART_DOC_800_시스템 점검으로 인한  서비스가 중지 중입니다.,DART_DOC_800_시스템 점검으로 인한  서비스가 중지 중입니다.,DART corp_code 매칭 / 최근 보고서: 반기보고서 (2026.06) / 공시신뢰도 D,
⚠️,023350,한국종합기술,3670.0,00159500,한국종합기술,반기보고서 (2026.06),20260814,D,0,0.0,0,35.0,0,0,0,0,0,DART_DOC_800_시스템 점검으로 인한  서비스가 중지 중입니다.,DART_DOC_800_시스템 점검으로 인한  서비스가 중지 중입니다.,DART corp_code 매칭 / 최근 보고서: 반기보고서 (2026.06) / 공시신뢰도 D,
⚠️,023450,동남합성,31400.0,00115065,동남합성,반기보고서 (2026.06),20260812,D,0,0.0,0,35.0,0,0,0,0,0,DART_DOC_800_시스템 점검으로 인한  서비스가 중지 중입니다.,DART_DOC_800_시스템 점검으로 인한  서비스가 중지 중입니다.,DART corp_code 매칭 / 최근 보고서: 반기보고서 (2026.06) / 공시신뢰도 D,
⚠️,023530,롯데쇼핑,97800.0,00120526,롯데쇼핑,반기보고서 (2026.06),20260814,D,0,0.0,0,35.0,0,0,0,0,0,DART_DOC_800_시스템 점검으로 인한  서비스가 중지 중입니다.,DART_DOC_800_시스템 점검으로 인한  서비스가 중지 중입니다.,DART corp_code 매칭 / 최근 보고서: 반기보고서 (2026.06) / 공시신뢰도 D,
⚠️,023590,다우기술,36450.0,00176914,다우기술,반기보고서 (2026.06),20260814,D,0,0.0,0,35.0,0,0,0,0,0,DART_DOC_800_시스템 점검으로 인한  서비스가 중지 중입니다.,DART_DOC_800_시스템 점검으로 인한  서비스가 중지 중입니다.,DART corp_code 매칭 / 최근 보고서: 반기보고서 (2026.06) / 공시신뢰도 D,
⚠️,023800,인지컨트롤스,5010.0,00103510,인지컨트롤스,반기보고서 (2026.06),20260814,D,0,0.0,0,35.0,0,0,0,0,0,DART_DOC_800_시스템 점검으로 인한  서비스가 중지 중입니다.,DART_DOC_800_시스템 점검으로 인한  서비스가 중지 중입니다.,DART corp_code 매칭 / 최근 보고서: 반기보고서 (2026.06) / 공시신뢰도 D,
⚠️,023810,인팩,5390.0,00180795,인팩,반기보고서 (2026.06),20260814,D,0,0.0,0,35.0,0,0,0,0,0,DART_DOC_800_시스템 점검으로 인한  서비스가 중지 중입니다.,DART_DOC_800_시스템 점검으로 인한  서비스가 중지 중입니다.,DART corp_code 매칭 / 최근 보고서: 반기보고서 (2026.06) / 공시신뢰도 D,
⚠️,023960,에쓰씨엔지니어링,997.0,00121969,에쓰씨엔지니어링,반기보고서 (2026.06),20260814,D,0,0.0,0,35.0,0,0,0,0,0,DART_DOC_800_시스템 점검으로 인한  서비스가 중지 중입니다.,DART_DOC_800_시스템 점검으로 인한  서비스가 중지 중입니다.,DART corp_code 매칭 / 최근 보고서: 반기보고서 (2026.06) / 공시신뢰도 D,
⚠️,024070,WISCOM,1950.0,00142865,WISCOM,반기보고서 (2026.06),20260814,D,0,0.0,0,35.0,0,0,0,0,0,DART_DOC_800_시스템 점검으로 인한  서비스가 중지 중입니다.,DART_DOC_800_시스템 점검으로 인한  서비스가 중지 중입니다.,DART corp_code 매칭 / 최근 보고서: 반기보고서 (2026.06) / 공시신뢰도 D,
⚠️,024090,디씨엠,11380.0,00177199,디씨엠,[기재정정]반기보고서 (2026.06),20261002,D,0,0.0,0,35.0,0,0,0,0,0,DART_DOC_800_시스템 점검으로 인한  서비스가 중지 중입니다.,DART_DOC_800_시스템 점검으로 인한  서비스가 중지 중입니다.,DART corp_code 매칭 / 최근 보고서: [기재정정]반기보고서 (2026.06) / 공시신뢰도 D,
⚠️,024110,기업은행,19750.0,00149646,기업은행,반기보고서 (2026.06),20260814,D,0,0.0,0,35.0,0,0,0,0,0,DART_DOC_800_시스템 점검으로 인한  서비스가 중지 중입니다.,DART_DOC_800_시스템 점검으로 인한  서비스가 중지 중입니다.,DART corp_code 매칭 / 최근 보고서: 반기보고서 (2026.06) / 공시신뢰도 D,
⚠️,024720,콜마홀딩스,9400.0,00203290,콜마홀딩스,반기보고서 (2026.06),20260814,D,0,0.0,0,35.0,0,0,0,0,0,DART_DOC_800_시스템 점검으로 인한  서비스가 중지 중입니다.,DART_DOC_800_시스템 점검으로 인한  서비스가 중지 중입니다.,DART corp_code 매칭 / 최근 보고서: 반기보고서 (2026.06) / 공시신뢰도 D,
⚠️,024890,대원화성,1525.0,00112022,대원화성,반기보고서 (2026.06),20260814,D,0,0.0,0,35.0,0,0,0,0,0,DART_DOC_800_시스템 점검으로 인한  서비스가 중지 중입니다.,DART_DOC_800_시스템 점검으로 인한  서비스가 중지 중입니다.,DART corp_code 매칭 / 최근 보고서: 반기보고서 (2026.06) / 공시신뢰도 D,
⚠️,024900,디와이덕양,2160.0,00114154,디와이덕양,반기보고서 (2026.06),20260814,D,0,0.0,0,35.0,0,0,0,0,0,DART_DOC_800_시스템 점검으로 인한  서비스가 중지 중입니다.,DART_DOC_800_시스템 점검으로 인한  서비스가 중지 중입니다.,DART corp_code 매칭 / 최근 보고서: 반기보고서 (2026.06) / 공시신뢰도 D,
⚠️,025000,KPX케미칼,59000.0,00191472,KPX케미칼,반기보고서 (2026.06),20260814,D,0,0.0,0,35.0,0,0,0,0,0,DART_DOC_800_시스템 점검으로 인한  서비스가 중지 중입니다.,DART_DOC_800_시스템 점검으로 인한  서비스가 중지 중입니다.,DART corp_code 매칭 / 최근 보고서: 반기보고서 (2026.06) / 공시신뢰도 D,
⚠️,025530,SJM홀딩스,3645.0,00181943,에스제이엠홀딩스,반기보고서 (2026.06),20260814,D,0,0.0,0,35.0,0,0,0,0,0,DART_DOC_800_시스템 점검으로 인한  서비스가 중지 중입니다.,DART_DOC_800_시스템 점검으로 인한  서비스가 중지 중입니다.,DART corp_code 매칭 / 최근 보고서: 반기보고서 (2026.06) / 공시신뢰도 D,
⚠️,025540,한국단자,54100.0,00157070,한국단자공업,반기보고서 (2026.06),20260814,D,0,0.0,0,35.0,0,0,0,0,0,DART_DOC_800_시스템 점검으로 인한  서비스가 중지 중입니다.,DART_DOC_800_시스템 점검으로 인한  서비스가 중지 중입니다.,DART corp_code 매칭 / 최근 보고서: 반기보고서 (2026.06) / 공시신뢰도 D,
⚠️,025560,미래산업,7880.0,00197759,미래산업,반기보고서 (2026.06),20260813,D,0,0.0,0,35.0,0,0,0,0,0,DART_DOC_800_시스템 점검으로 인한  서비스가 중지 중입니다.,DART_DOC_800_시스템 점검으로 인한  서비스가 중지 중입니다.,DART corp_code 매칭 / 최근 보고서: 반기보고서 (2026.06) / 공시신뢰도 D,
⚠️,025620,차AI헬스케어,5550.0,00136776,차AI헬스케어,반기보고서 (2026.06),20260812,D,0,0.0,0,35.0,0,0,0,0,0,DART_DOC_800_시스템 점검으로 인한  서비스가 중지 중입니다.,DART_DOC_800_시스템 점검으로 인한  서비스가 중지 중입니다.,DART corp_code 매칭 / 최근 보고서: 반기보고서 (2026.06) / 공시신뢰도 D,
⚠️,025750,한솔홈데코,1880.0,00203582,한솔홈데코,반기보고서 (2026.06),20260813,D,0,0.0,0,35.0,0,0,0,0,0,DART_DOC_800_시스템 점검으로 인한  서비스가 중지 중입니다.,DART_DOC_800_시스템 점검으로 인한  서비스가 중지 중입니다.,DART corp_code 매칭 / 최근 보고서: 반기보고서 (2026.06) / 공시신뢰도 D,
⚠️,025820,이구산업,4180.0,00145464,이구산업,[기재정정]반기보고서 (2026.06),20260930,D,0,0.0,0,35.0,0,0,0,0,0,DART_DOC_800_시스템 점검으로 인한  서비스가 중지 중입니다.,DART_DOC_800_시스템 점검으로 인한  서비스가 중지 중입니다.,DART corp_code 매칭 / 최근 보고서: [기재정정]반기보고서 (2026.06) / 공시신뢰도 D,
⚠️,025860,남해화학,5940.0,00107987,남해화학,반기보고서 (2026.06),20260814,D,0,0.0,0,35.0,0,0,0,0,0,DART_DOC_800_시스템 점검으로 인한  서비스가 중지 중입니다.,DART_DOC_800_시스템 점검으로 인한  서비스가 중지 중입니다.,DART corp_code 매칭 / 최근 보고서: 반기보고서 (2026.06) / 공시신뢰도 D,
⚠️,025890,한국주강,2630.0,00159564,한국주강,반기보고서 (2026.06),20260814,D,0,0.0,0,35.0,0,0,0,0,0,DART_DOC_800_시스템 점검으로 인한  서비스가 중지 중입니다.,DART_DOC_800_시스템 점검으로 인한  서비스가 중지 중입니다.,DART corp_code 매칭 / 최근 보고서: 반기보고서 (2026.06) / 공시신뢰도 D,
⚠️,026890,스틱인베스트먼트,8100.0,00117498,스틱인베스트먼트,반기보고서 (2026.06),20260814,D,0,0.0,0,35.0,0,0,0,0,0,DART_DOC_800_시스템 점검으로 인한  서비스가 중지 중입니다.,DART_DOC_800_시스템 점검으로 인한  서비스가 중지 중입니다.,DART corp_code 매칭 / 최근 보고서: 반기보고서 (2026.06) / 공시신뢰도 D,
⚠️,026940,부국철강,2040.0,00123781,부국철강,[기재정정]반기보고서 (2026.06),20261002,D,0,0.0,0,35.0,0,0,0,0,0,DART_DOC_800_시스템 점검으로 인한  서비스가 중지 중입니다.,DART_DOC_800_시스템 점검으로 인한  서비스가 중지 중입니다.,DART corp_code 매칭 / 최근 보고서: [기재정정]반기보고서 (2026.06) / 공시신뢰도 D,
⚠️,026960,동서,26300.0,00144395,동서,반기보고서 (2026.06),20260813,D,0,0.0,0,35.0,0,0,0,0,0,DART_DOC_800_시스템 점검으로 인한  서비스가 중지 중입니다.,DART_DOC_800_시스템 점검으로 인한  서비스가 중지 중입니다.,DART corp_code 매칭 / 최근 보고서: 반기보고서 (2026.06) / 공시신뢰도 D,
⚠️,027410,BGF,3800.0,00219097,BGF,반기보고서 (2026.06),20260814,D,0,0.0,0,35.0,0,0,0,0,0,DART_DOC_800_시스템 점검으로 인한  서비스가 중지 중입니다.,DART_DOC_800_시스템 점검으로 인한  서비스가 중지 중입니다.,DART corp_code 매칭 / 최근 보고서: 반기보고서 (2026.06) / 공시신뢰도 D,
⚠️,027740,마니커,1146.0,00204208,마니커,반기보고서 (2026.06),20260814,D,0,0.0,0,35.0,0,0,0,0,0,DART_DOC_800_시스템 점검으로 인한  서비스가 중지 중입니다.,DART_DOC_800_시스템 점검으로 인한  서비스가 중지 중입니다.,DART corp_code 매칭 / 최근 보고서: 반기보고서 (2026.06) / 공시신뢰도 D,
⚠️,027970,한국제지,2705.0,00133706,한국제지,반기보고서 (2026.06),20260814,D,0,0.0,0,35.0,0,0,0,0,0,DART_DOC_800_시스템 점검으로 인한  서비스가 중지 중입니다.,DART_DOC_800_시스템 점검으로 인한  서비스가 중지 중입니다.,DART corp_code 매칭 / 최근 보고서: 반기보고서 (2026.06) / 공시신뢰도 D,
⚠️,028050,삼성E&A,48250.0,00126308,삼성E&A,반기보고서 (2026.06),20260814,D,0,0.0,0,35.0,0,0,0,0,0,DART_DOC_800_시스템 점검으로 인한  서비스가 중지 중입니다.,DART_DOC_800_시스템 점검으로 인한  서비스가 중지 중입니다.,DART corp_code 매칭 / 최근 보고서: 반기보고서 (2026.06) / 공시신뢰도 D,
⚠️,028100,동아지질,19600.0,00178754,동아지질,반기보고서 (2026.06),20260814,D,0,0.0,0,35.0,0,0,0,0,0,DART_DOC_800_시스템 점검으로 인한  서비스가 중지 중입니다.,DART_DOC_800_시스템 점검으로 인한  서비스가 중지 중입니다.,DART corp_code 매칭 / 최근 보고서: 반기보고서 (2026.06) / 공시신뢰도 D,
⚠️,028260,삼성물산,317500.0,00149655,삼성물산,반기보고서 (2026.06),20260814,D,0,0.0,0,35.0,0,0,0,0,0,DART_DOC_800_시스템 점검으로 인한  서비스가 중지 중입니다.,DART_DOC_800_시스템 점검으로 인한  서비스가 중지 중입니다.,DART corp_code 매칭 / 최근 보고서: 반기보고서 (2026.06) / 공시신뢰도 D,
⚠️,028670,팬오션,6030.0,00122737,팬오션,반기보고서 (2026.06),20260812,D,0,0.0,0,35.0,0,0,0,0,0,DART_DOC_800_시스템 점검으로 인한  서비스가 중지 중입니다.,DART_DOC_800_시스템 점검으로 인한  서비스가 중지 중입니다.,DART corp_code 매칭 / 최근 보고서: 반기보고서 (2026.06) / 공시신뢰도 D,
⚠️,029460,케이씨,46200.0,00209780,케이씨,반기보고서 (2026.06),20260814,D,0,0.0,0,35.0,0,0,0,0,0,DART_DOC_800_시스템 점검으로 인한  서비스가 중지 중입니다.,DART_DOC_800_시스템 점검으로 인한  서비스가 중지 중입니다.,DART corp_code 매칭 / 최근 보고서: 반기보고서 (2026.06) / 공시신뢰도 D,
⚠️,029530,신도리코,37800.0,00135795,신도리코,반기보고서 (2026.06),20260814,D,0,0.0,0,35.0,0,0,0,0,0,DART_DOC_800_시스템 점검으로 인한  서비스가 중지 중입니다.,DART_DOC_800_시스템 점검으로 인한  서비스가 중지 중입니다.,DART corp_code 매칭 / 최근 보고서: 반기보고서 (2026.06) / 공시신뢰도 D,
⚠️,029780,삼성카드,41200.0,00126292,삼성카드,반기보고서 (2026.06),20260814,D,0,0.0,0,35.0,0,0,0,0,0,DART_DOC_800_시스템 점검으로 인한  서비스가 중지 중입니다.,DART_DOC_800_시스템 점검으로 인한  서비스가 중지 중입니다.,DART corp_code 매칭 / 최근 보고서: 반기보고서 (2026.06) / 공시신뢰도 D,
⚠️,030000,제일기획,18820.0,00148276,제일기획,반기보고서 (2026.06),20260814,D,0,0.0,0,35.0,0,0,0,0,0,DART_DOC_800_시스템 점검으로 인한  서비스가 중지 중입니다.,DART_DOC_800_시스템 점검으로 인한  서비스가 중지 중입니다.,DART corp_code 매칭 / 최근 보고서: 반기보고서 (2026.06) / 공시신뢰도 D,
⚠️,030190,NICE평가정보,16790.0,00158325,NICE평가정보,[첨부추가]반기보고서 (2026.06),20260813,D,0,0.0,0,35.0,0,0,0,0,0,DART_DOC_800_시스템 점검으로 인한  서비스가 중지 중입니다.,DART_DOC_800_시스템 점검으로 인한  서비스가 중지 중입니다.,DART corp_code 매칭 / 최근 보고서: [첨부추가]반기보고서 (2026.06) / 공시신뢰도 D,
⚠️,030200,KT,52100.0,00190321,케이티,반기보고서 (2026.06),20260814,D,0,0.0,0,35.0,0,0,0,0,0,DART_DOC_800_시스템 점검으로 인한  서비스가 중지 중입니다.,DART_DOC_800_시스템 점검으로 인한  서비스가 중지 중입니다.,DART corp_code 매칭 / 최근 보고서: 반기보고서 (2026.06) / 공시신뢰도 D,
⚠️,030210,다올투자증권,3930.0,00156859,다올투자증권,반기보고서 (2026.06),20260813,D,0,0.0,0,35.0,0,0,0,0,0,DART_DOC_800_시스템 점검으로 인한  서비스가 중지 중입니다.,DART_DOC_800_시스템 점검으로 인한  서비스가 중지 중입니다.,DART corp_code 매칭 / 최근 보고서: 반기보고서 (2026.06) / 공시신뢰도 D,
⚠️,030610,교보증권,9600.0,00113359,교보증권,반기보고서 (2026.06),20260814,D,0,0.0,0,35.0,0,0,0,0,0,DART_DOC_800_시스템 점검으로 인한  서비스가 중지 중입니다.,DART_DOC_800_시스템 점검으로 인한  서비스가 중지 중입니다.,DART corp_code 매칭 / 최근 보고서: 반기보고서 (2026.06) / 공시신뢰도 D,
⚠️,030720,동원수산,4680.0,00118044,동원수산,반기보고서 (2026.06),20260814,D,0,0.0,0,35.0,0,0,0,0,0,DART_DOC_800_시스템 점검으로 인한  서비스가 중지 중입니다.,DART_DOC_800_시스템 점검으로 인한  서비스가 중지 중입니다.,DART corp_code 매칭 / 최근 보고서: 반기보고서 (2026.06) / 공시신뢰도 D,
⚠️,031210,서울보증보험,42300.0,00112998,서울보증보험,반기보고서 (2026.06),20260814,D,0,0.0,0,35.0,0,0,0,0,0,DART_DOC_800_시스템 점검으로 인한  서비스가 중지 중입니다.,DART_DOC_800_시스템 점검으로 인한  서비스가 중지 중입니다.,DART corp_code 매칭 / 최근 보고서: 반기보고서 (2026.06) / 공시신뢰도 D,
⚠️,031430,신세계인터내셔날,11030.0,00234412,신세계인터내셔날,반기보고서 (2026.06),20260814,D,0,0.0,0,35.0,0,0,0,0,0,DART_DOC_800_시스템 점검으로 인한  서비스가 중지 중입니다.,DART_DOC_800_시스템 점검으로 인한  서비스가 중지 중입니다.,DART corp_code 매칭 / 최근 보고서: 반기보고서 (2026.06) / 공시신뢰도 D,
⚠️,031440,신세계푸드,38150.0,00274933,신세계푸드,반기보고서 (2026.06),20260814,D,0,0.0,0,35.0,0,0,0,0,0,DART_DOC_800_시스템 점검으로 인한  서비스가 중지 중입니다.,DART_DOC_800_시스템 점검으로 인한  서비스가 중지 중입니다.,DART corp_code 매칭 / 최근 보고서: 반기보고서 (2026.06) / 공시신뢰도 D,
⚠️,031820,아이티센씨티에스,5800.0,00186559,아이티센씨티에스,반기보고서 (2026.06),20260813,D,0,0.0,0,35.0,0,0,0,0,0,DART_DOC_800_시스템 점검으로 인한  서비스가 중지 중입니다.,DART_DOC_800_시스템 점검으로 인한  서비스가 중지 중입니다.,DART corp_code 매칭 / 최근 보고서: 반기보고서 (2026.06) / 공시신뢰도 D,
⚠️,032350,롯데관광개발,11120.0,00231372,롯데관광개발,반기보고서 (2026.06),20260813,D,0,0.0,0,35.0,0,0,0,0,0,DART_DOC_800_시스템 점검으로 인한  서비스가 중지 중입니다.,DART_DOC_800_시스템 점검으로 인한  서비스가 중지 중입니다.,DART corp_code 매칭 / 최근 보고서: 반기보고서 (2026.06) / 공시신뢰도 D,
⚠️,032560,황금에스티,5540.0,00218575,황금에스티,반기보고서 (2026.06),20260814,D,0,0.0,0,35.0,0,0,0,0,0,DART_DOC_800_시스템 점검으로 인한  서비스가 중지 중입니다.,DART_DOC_800_시스템 점검으로 인한  서비스가 중지 중입니다.,DART corp_code 매칭 / 최근 보고서: 반기보고서 (2026.06) / 공시신뢰도 D,
⚠️,032640,LG유플러스,14400.0,00231363,LG유플러스,반기보고서 (2026.06),20260814,D,0,0.0,0,35.0,0,0,0,0,0,DART_DOC_800_시스템 점검으로 인한  서비스가 중지 중입니다.,DART_DOC_800_시스템 점검으로 인한  서비스가 중지 중입니다.,DART corp_code 매칭 / 최근 보고서: 반기보고서 (2026.06) / 공시신뢰도 D,
⚠️,032830,삼성생명,269000.0,00126256,삼성생명,반기보고서 (2026.06),20260814,D,0,0.0,0,35.0,0,0,0,0,0,DART_DOC_800_시스템 점검으로 인한  서비스가 중지 중입니다.,DART_DOC_800_시스템 점검으로 인한  서비스가 중지 중입니다.,DART corp_code 매칭 / 최근 보고서: 반기보고서 (2026.06) / 공시신뢰도 D,
⚠️,033240,자화전자,27000.0,00146861,자화전자,[기재정정]반기보고서 (2026.06),20261007,D,0,0.0,0,35.0,0,0,0,0,0,DART_DOC_800_시스템 점검으로 인한  서비스가 중지 중입니다.,DART_DOC_800_시스템 점검으로 인한  서비스가 중지 중입니다.,DART corp_code 매칭 / 최근 보고서: [기재정정]반기보고서 (2026.06) / 공시신뢰도 D,
⚠️,033250,체시스,3975.0,00125576,체시스,[기재정정]반기보고서 (2026.06),20260929,D,0,0.0,0,35.0,0,0,0,0,0,DART_DOC_800_시스템 점검으로 인한  서비스가 중지 중입니다.,DART_DOC_800_시스템 점검으로 인한  서비스가 중지 중입니다.,DART corp_code 매칭 / 최근 보고서: [기재정정]반기보고서 (2026.06) / 공시신뢰도 D,
⚠️,033270,유나이티드제약,17860.0,00158963,유나이티드,반기보고서 (2026.06),20260814,D,0,0.0,0,35.0,0,0,0,0,0,DART_DOC_800_시스템 점검으로 인한  서비스가 중지 중입니다.,DART_DOC_800_시스템 점검으로 인한  서비스가 중지 중입니다.,DART corp_code 매칭 / 최근 보고서: 반기보고서 (2026.06) / 공시신뢰도 D,
⚠️,033530,SJG세종,6800.0,00134510,SJG세종,반기보고서 (2026.06),20260814,D,0,0.0,0,35.0,0,0,0,0,0,DART_DOC_800_시스템 점검으로 인한  서비스가 중지 중입니다.,DART_DOC_800_시스템 점검으로 인한  서비스가 중지 중입니다.,DART corp_code 매칭 / 최근 보고서: 반기보고서 (2026.06) / 공시신뢰도 D,
⚠️,033780,KT&G,177400.0,00244455,케이티앤지,반기보고서 (2026.06),20260814,D,0,0.0,0,35.0,0,0,0,0,0,DART_DOC_800_시스템 점검으로 인한  서비스가 중지 중입니다.,DART_DOC_800_시스템 점검으로 인한  서비스가 중지 중입니다.,DART corp_code 매칭 / 최근 보고서: 반기보고서 (2026.06) / 공시신뢰도 D,
⚠️,033920,무학,7290.0,00121543,무학,[기재정정]반기보고서 (2026.06),20261002,D,0,0.0,0,35.0,0,0,0,0,0,DART_DOC_800_시스템 점검으로 인한  서비스가 중지 중입니다.,DART_DOC_800_시스템 점검으로 인한  서비스가 중지 중입니다.,DART corp_code 매칭 / 최근 보고서: [기재정정]반기보고서 (2026.06) / 공시신뢰도 D,
⚠️,034020,두산에너빌리티,78000.0,00159616,두산에너빌리티,반기보고서 (2026.06),20260814,D,0,0.0,0,35.0,0,0,0,0,0,DART_DOC_800_시스템 점검으로 인한  서비스가 중지 중입니다.,DART_DOC_800_시스템 점검으로 인한  서비스가 중지 중입니다.,DART corp_code 매칭 / 최근 보고서: 반기보고서 (2026.06) / 공시신뢰도 D,
⚠️,034120,SBS,11590.0,00130772,SBS,반기보고서 (2026.06),20260814,D,0,0.0,0,35.0,0,0,0,0,0,DART_DOC_800_시스템 점검으로 인한  서비스가 중지 중입니다.,DART_DOC_800_시스템 점검으로 인한  서비스가 중지 중입니다.,DART corp_code 매칭 / 최근 보고서: 반기보고서 (2026.06) / 공시신뢰도 D,
⚠️,034220,LG디스플레이,8160.0,00105873,LG디스플레이,반기보고서 (2026.06),20260814,D,0,0.0,0,35.0,0,0,0,0,0,DART_DOC_800_시스템 점검으로 인한  서비스가 중지 중입니다.,DART_DOC_800_시스템 점검으로 인한  서비스가 중지 중입니다.,DART corp_code 매칭 / 최근 보고서: 반기보고서 (2026.06) / 공시신뢰도 D,
⚠️,034230,파라다이스,9800.0,00171265,파라다이스,반기보고서 (2026.06),20260814,D,0,0.0,0,35.0,0,0,0,0,0,DART_DOC_800_시스템 점검으로 인한  서비스가 중지 중입니다.,DART_DOC_800_시스템 점검으로 인한  서비스가 중지 중입니다.,DART corp_code 매칭 / 최근 보고서: 반기보고서 (2026.06) / 공시신뢰도 D,
⚠️,034310,NICE,11570.0,00158316,NICE,[첨부추가]반기보고서 (2026.06),20260814,D,0,0.0,0,35.0,0,0,0,0,0,DART_DOC_800_시스템 점검으로 인한  서비스가 중지 중입니다.,DART_DOC_800_시스템 점검으로 인한  서비스가 중지 중입니다.,DART corp_code 매칭 / 최근 보고서: [첨부추가]반기보고서 (2026.06) / 공시신뢰도 D,
⚠️,034590,인천도시가스,26300.0,00145862,인천도시가스,반기보고서 (2026.06),20260814,D,0,0.0,0,35.0,0,0,0,0,0,DART_DOC_800_시스템 점검으로 인한  서비스가 중지 중입니다.,DART_DOC_800_시스템 점검으로 인한  서비스가 중지 중입니다.,DART corp_code 매칭 / 최근 보고서: 반기보고서 (2026.06) / 공시신뢰도 D,
⚠️,034730,SK,555000.0,00181712,SK,반기보고서 (2026.06),20260814,D,0,0.0,0,35.0,0,0,0,0,0,DART_DOC_800_시스템 점검으로 인한  서비스가 중지 중입니다.,DART_DOC_800_시스템 점검으로 인한  서비스가 중지 중입니다.,DART corp_code 매칭 / 최근 보고서: 반기보고서 (2026.06) / 공시신뢰도 D,
⚠️,034830,한국토지신탁,1113.0,00233653,한국토지신탁,[첨부추가]반기보고서 (2026.06),20260813,D,0,0.0,0,35.0,0,0,0,0,0,DART_DOC_800_시스템 점검으로 인한  서비스가 중지 중입니다.,DART_DOC_800_시스템 점검으로 인한  서비스가 중지 중입니다.,DART corp_code 매칭 / 최근 보고서: [첨부추가]반기보고서 (2026.06) / 공시신뢰도 D,
⚠️,035000,HS애드,6400.0,00140168,HS애드,반기보고서 (2026.06),20260813,D,0,0.0,0,35.0,0,0,0,0,0,DART_DOC_800_시스템 점검으로 인한  서비스가 중지 중입니다.,DART_DOC_800_시스템 점검으로 인한  서비스가 중지 중입니다.,DART corp_code 매칭 / 최근 보고서: 반기보고서 (2026.06) / 공시신뢰도 D,
⚠️,035150,백산,10340.0,00122551,백산,반기보고서 (2026.06),20260813,D,0,0.0,0,35.0,0,0,0,0,0,DART_DOC_800_시스템 점검으로 인한  서비스가 중지 중입니다.,DART_DOC_800_시스템 점검으로 인한  서비스가 중지 중입니다.,DART corp_code 매칭 / 최근 보고서: 반기보고서 (2026.06) / 공시신뢰도 D,
⚠️,035250,강원랜드,14190.0,00255619,강원랜드,반기보고서 (2026.06),20260814,D,0,0.0,0,35.0,0,0,0,0,0,DART_DOC_800_시스템 점검으로 인한  서비스가 중지 중입니다.,DART_DOC_800_시스템 점검으로 인한  서비스가 중지 중입니다.,DART corp_code 매칭 / 최근 보고서: 반기보고서 (2026.06) / 공시신뢰도 D,
⚠️,035420,NAVER,183800.0,00266961,NAVER,반기보고서 (2026.06),20260814,D,0,0.0,0,35.0,0,0,0,0,0,DART_DOC_800_시스템 점검으로 인한  서비스가 중지 중입니다.,DART_DOC_800_시스템 점검으로 인한  서비스가 중지 중입니다.,DART corp_code 매칭 / 최근 보고서: 반기보고서 (2026.06) / 공시신뢰도 D,
⚠️,035510,신세계 I&C,14800.0,00219486,신세계I&C,반기보고서 (2026.06),20260814,D,0,0.0,0,35.0,0,0,0,0,0,DART_DOC_800_시스템 점검으로 인한  서비스가 중지 중입니다.,DART_DOC_800_시스템 점검으로 인한  서비스가 중지 중입니다.,DART corp_code 매칭 / 최근 보고서: 반기보고서 (2026.06) / 공시신뢰도 D,
⚠️,035720,카카오,32300.0,00258801,카카오,[기재정정]반기보고서 (2026.06),20260819,D,0,0.0,0,35.0,0,0,0,0,0,DART_DOC_800_시스템 점검으로 인한  서비스가 중지 중입니다.,DART_DOC_800_시스템 점검으로 인한  서비스가 중지 중입니다.,DART corp_code 매칭 / 최근 보고서: [기재정정]반기보고서 (2026.06) / 공시신뢰도 D,
⚠️,036420,콘텐트리중앙,1504.0,00203315,콘텐트리중앙,반기보고서 (2026.06),20260814,D,0,0.0,0,35.0,0,0,0,0,0,DART_DOC_800_시스템 점검으로 인한  서비스가 중지 중입니다.,DART_DOC_800_시스템 점검으로 인한  서비스가 중지 중입니다.,DART corp_code 매칭 / 최근 보고서: 반기보고서 (2026.06) / 공시신뢰도 D,
⚠️,036460,한국가스공사,36100.0,00261285,한국가스공사,[기재정정]반기보고서 (2026.06),20260819,D,0,0.0,0,35.0,0,0,0,0,0,DART_DOC_800_시스템 점검으로 인한  서비스가 중지 중입니다.,DART_DOC_800_시스템 점검으로 인한  서비스가 중지 중입니다.,DART corp_code 매칭 / 최근 보고서: [기재정정]반기보고서 (2026.06) / 공시신뢰도 D,
⚠️,036530,SNT홀딩스,46050.0,00225159,SNT홀딩스,반기보고서 (2026.06),20260812,D,0,0.0,0,35.0,0,0,0,0,0,DART_DOC_800_시스템 점검으로 인한  서비스가 중지 중입니다.,DART_DOC_800_시스템 점검으로 인한  서비스가 중지 중입니다.,DART corp_code 매칭 / 최근 보고서: 반기보고서 (2026.06) / 공시신뢰도 D,
⚠️,036570,NC,222000.0,00261443,NC,반기보고서 (2026.06),20260814,D,0,0.0,0,35.0,0,0,0,0,0,DART_DOC_800_시스템 점검으로 인한  서비스가 중지 중입니다.,DART_DOC_800_시스템 점검으로 인한  서비스가 중지 중입니다.,DART corp_code 매칭 / 최근 보고서: 반기보고서 (2026.06) / 공시신뢰도 D,
⚠️,036580,팜스코,2475.0,00260408,팜스코,반기보고서 (2026.06),20260812,D,0,0.0,0,35.0,0,0,0,0,0,DART_DOC_800_시스템 점검으로 인한  서비스가 중지 중입니다.,DART_DOC_800_시스템 점검으로 인한  서비스가 중지 중입니다.,DART corp_code 매칭 / 최근 보고서: 반기보고서 (2026.06) / 공시신뢰도 D,
⚠️,037270,YG PLUS,3070.0,00249247,YG PLUS,반기보고서 (2026.06),20260814,D,0,0.0,0,35.0,0,0,0,0,0,DART_DOC_800_시스템 점검으로 인한  서비스가 중지 중입니다.,DART_DOC_800_시스템 점검으로 인한  서비스가 중지 중입니다.,DART corp_code 매칭 / 최근 보고서: 반기보고서 (2026.06) / 공시신뢰도 D,
⚠️,037560,LG헬로비전,1536.0,00222532,LG헬로비전,반기보고서 (2026.06),20260814,D,0,0.0,0,35.0,0,0,0,0,0,DART_DOC_800_시스템 점검으로 인한  서비스가 중지 중입니다.,DART_DOC_800_시스템 점검으로 인한  서비스가 중지 중입니다.,DART corp_code 매칭 / 최근 보고서: 반기보고서 (2026.06) / 공시신뢰도 D,
⚠️,037710,광주신세계,33750.0,00220561,광주신세계,반기보고서 (2026.06),20260814,D,0,0.0,0,35.0,0,0,0,0,0,DART_DOC_800_시스템 점검으로 인한  서비스가 중지 중입니다.,DART_DOC_800_시스템 점검으로 인한  서비스가 중지 중입니다.,DART corp_code 매칭 / 최근 보고서: 반기보고서 (2026.06) / 공시신뢰도 D,
⚠️,039130,하나투어,29700.0,00269940,하나투어,반기보고서 (2026.06),20260814,D,0,0.0,0,35.0,0,0,0,0,0,DART_DOC_800_시스템 점검으로 인한  서비스가 중지 중입니다.,DART_DOC_800_시스템 점검으로 인한  서비스가 중지 중입니다.,DART corp_code 매칭 / 최근 보고서: 반기보고서 (2026.06) / 공시신뢰도 D,
⚠️,039490,키움증권,243000.0,00296290,키움증권,반기보고서 (2026.06),20260813,D,0,0.0,0,35.0,0,0,0,0,0,DART_DOC_800_시스템 점검으로 인한  서비스가 중지 중입니다.,DART_DOC_800_시스템 점검으로 인한  서비스가 중지 중입니다.,DART corp_code 매칭 / 최근 보고서: 반기보고서 (2026.06) / 공시신뢰도 D,
⚠️,039570,HDC랩스,7390.0,00350312,HDC랩스,반기보고서 (2026.06),20260814,D,0,0.0,0,35.0,0,0,0,0,0,DART_DOC_800_시스템 점검으로 인한  서비스가 중지 중입니다.,DART_DOC_800_시스템 점검으로 인한  서비스가 중지 중입니다.,DART corp_code 매칭 / 최근 보고서: 반기보고서 (2026.06) / 공시신뢰도 D,
⚠️,041650,상신브레이크,2140.0,00129642,상신브레이크,반기보고서 (2026.06),20260813,D,0,0.0,0,35.0,0,0,0,0,0,DART_DOC_800_시스템 점검으로 인한  서비스가 중지 중입니다.,DART_DOC_800_시스템 점검으로 인한  서비스가 중지 중입니다.,DART corp_code 매칭 / 최근 보고서: 반기보고서 (2026.06) / 공시신뢰도 D,
⚠️,042660,한화오션,72000.0,00111704,한화오션,반기보고서 (2026.06),20260812,D,0,0.0,0,35.0,0,0,0,0,0,DART_DOC_800_시스템 점검으로 인한  서비스가 중지 중입니다.,DART_DOC_800_시스템 점검으로 인한  서비스가 중지 중입니다.,DART corp_code 매칭 / 최근 보고서: 반기보고서 (2026.06) / 공시신뢰도 D,
⚠️,042700,한미반도체,267000.0,00161383,한미반도체,반기보고서 (2026.06),20260814,D,0,0.0,0,35.0,0,0,0,0,0,DART_DOC_800_시스템 점검으로 인한  서비스가 중지 중입니다.,DART_DOC_800_시스템 점검으로 인한  서비스가 중지 중입니다.,DART corp_code 매칭 / 최근 보고서: 반기보고서 (2026.06) / 공시신뢰도 D,
⚠️,044380,주연테크,436.0,00269241,주연테크,반기보고서 (2026.06),20260813,D,0,0.0,0,35.0,0,0,0,0,0,DART_DOC_800_시스템 점검으로 인한  서비스가 중지 중입니다.,DART_DOC_800_시스템 점검으로 인한  서비스가 중지 중입니다.,DART corp_code 매칭 / 최근 보고서: 반기보고서 (2026.06) / 공시신뢰도 D,
⚠️,044450,KSS해운,12410.0,00160232,KSS해운,반기보고서 (2026.06),20260814,D,0,0.0,0,35.0,0,0,0,0,0,DART_DOC_800_시스템 점검으로 인한  서비스가 중지 중입니다.,DART_DOC_800_시스템 점검으로 인한  서비스가 중지 중입니다.,DART corp_code 매칭 / 최근 보고서: 반기보고서 (2026.06) / 공시신뢰도 D,
⚠️,044820,코스맥스비티아이,24300.0,00219574,코스맥스비티아이,반기보고서 (2026.06),20260814,D,0,0.0,0,35.0,0,0,0,0,0,DART_DOC_800_시스템 점검으로 인한  서비스가 중지 중입니다.,DART_DOC_800_시스템 점검으로 인한  서비스가 중지 중입니다.,DART corp_code 매칭 / 최근 보고서: 반기보고서 (2026.06) / 공시신뢰도 D,
⚠️,047040,대우건설,16670.0,00124540,대우건설,반기보고서 (2026.06),20260814,D,0,0.0,0,35.0,0,0,0,0,0,DART_DOC_800_시스템 점검으로 인한  서비스가 중지 중입니다.,DART_DOC_800_시스템 점검으로 인한  서비스가 중지 중입니다.,DART corp_code 매칭 / 최근 보고서: 반기보고서 (2026.06) / 공시신뢰도 D,
⚠️,047050,포스코인터내셔널,57100.0,00124504,포스코인터내셔널,반기보고서 (2026.06),20260814,D,0,0.0,0,35.0,0,0,0,0,0,DART_DOC_800_시스템 점검으로 인한  서비스가 중지 중입니다.,DART_DOC_800_시스템 점검으로 인한  서비스가 중지 중입니다.,DART corp_code 매칭 / 최근 보고서: 반기보고서 (2026.06) / 공시신뢰도 D,
⚠️,047400,유니온머티리얼,851.0,00369833,유니온머티리얼,반기보고서 (2026.06),20260814,D,0,0.0,0,35.0,0,0,0,0,0,DART_DOC_800_시스템 점검으로 인한  서비스가 중지 중입니다.,DART_DOC_800_시스템 점검으로 인한  서비스가 중지 중입니다.,DART corp_code 매칭 / 최근 보고서: 반기보고서 (2026.06) / 공시신뢰도 D,
⚠️,047810,한국항공우주,121400.0,00309503,한국항공우주,반기보고서 (2026.06),20260814,D,0,0.0,0,35.0,0,0,0,0,0,DART_DOC_800_시스템 점검으로 인한  서비스가 중지 중입니다.,DART_DOC_800_시스템 점검으로 인한  서비스가 중지 중입니다.,DART corp_code 매칭 / 최근 보고서: 반기보고서 (2026.06) / 공시신뢰도 D,
⚠️,049800,우진플라임,2010.0,00303217,우진플라임,반기보고서 (2026.06),20260814,D,0,0.0,0,35.0,0,0,0,0,0,DART_DOC_800_시스템 점검으로 인한  서비스가 중지 중입니다.,DART_DOC_800_시스템 점검으로 인한  서비스가 중지 중입니다.,DART corp_code 매칭 / 최근 보고서: 반기보고서 (2026.06) / 공시신뢰도 D,
⚠️,051600,한전KPS,43550.0,00159218,한전KPS,반기보고서 (2026.06),20260814,D,0,0.0,0,35.0,0,0,0,0,0,DART_DOC_800_시스템 점검으로 인한  서비스가 중지 중입니다.,DART_DOC_800_시스템 점검으로 인한  서비스가 중지 중입니다.,DART corp_code 매칭 / 최근 보고서: 반기보고서 (2026.06) / 공시신뢰도 D,
⚠️,051630,진양화학,1666.0,00347734,진양화학,반기보고서 (2026.06),20260814,D,0,0.0,0,35.0,0,0,0,0,0,DART_DOC_800_시스템 점검으로 인한  서비스가 중지 중입니다.,DART_DOC_800_시스템 점검으로 인한  서비스가 중지 중입니다.,DART corp_code 매칭 / 최근 보고서: 반기보고서 (2026.06) / 공시신뢰도 D,
⚠️,051900,LG생활건강,269500.0,00356370,LG생활건강,반기보고서 (2026.06),20260814,D,0,0.0,0,35.0,0,0,0,0,0,DART_DOC_800_시스템 점검으로 인한  서비스가 중지 중입니다.,DART_DOC_800_시스템 점검으로 인한  서비스가 중지 중입니다.,DART corp_code 매칭 / 최근 보고서: 반기보고서 (2026.06) / 공시신뢰도 D,
⚠️,051910,LG화학,286500.0,00356361,LG화학,반기보고서 (2026.06),20260814,D,0,0.0,0,35.0,0,0,0,0,0,DART_DOC_800_시스템 점검으로 인한  서비스가 중지 중입니다.,DART_DOC_800_시스템 점검으로 인한  서비스가 중지 중입니다.,DART corp_code 매칭 / 최근 보고서: 반기보고서 (2026.06) / 공시신뢰도 D,
⚠️,052690,한전기술,123000.0,00159209,한전기술,반기보고서 (2026.06),20260814,D,0,0.0,0,35.0,0,0,0,0,0,DART_DOC_800_시스템 점검으로 인한  서비스가 중지 중입니다.,DART_DOC_800_시스템 점검으로 인한  서비스가 중지 중입니다.,DART corp_code 매칭 / 최근 보고서: 반기보고서 (2026.06) / 공시신뢰도 D,
⚠️,053210,스카이라이프,4040.0,00349097,케이티스카이라이프,반기보고서 (2026.06),20260814,D,0,0.0,0,35.0,0,0,0,0,0,DART_DOC_800_시스템 점검으로 인한  서비스가 중지 중입니다.,DART_DOC_800_시스템 점검으로 인한  서비스가 중지 중입니다.,DART corp_code 매칭 / 최근 보고서: 반기보고서 (2026.06) / 공시신뢰도 D,
⚠️,053690,한미글로벌,19700.0,00413523,한미글로벌,[기재정정]반기보고서 (2026.06),20260828,D,0,0.0,0,35.0,0,0,0,0,0,DART_DOC_800_시스템 점검으로 인한  서비스가 중지 중입니다.,DART_DOC_800_시스템 점검으로 인한  서비스가 중지 중입니다.,DART corp_code 매칭 / 최근 보고서: [기재정정]반기보고서 (2026.06) / 공시신뢰도 D,
⚠️,055490,테이팩스,17210.0,00256955,테이팩스,반기보고서 (2026.06),20260813,D,0,0.0,0,35.0,0,0,0,0,0,DART_DOC_800_시스템 점검으로 인한  서비스가 중지 중입니다.,DART_DOC_800_시스템 점검으로 인한  서비스가 중지 중입니다.,DART corp_code 매칭 / 최근 보고서: 반기보고서 (2026.06) / 공시신뢰도 D,
⚠️,055550,신한지주,99500.0,00382199,신한지주,[기재정정]반기보고서 (2026.06),20261007,D,0,0.0,0,35.0,0,0,0,0,0,DART_DOC_800_시스템 점검으로 인한  서비스가 중지 중입니다.,DART_DOC_800_시스템 점검으로 인한  서비스가 중지 중입니다.,DART corp_code 매칭 / 최근 보고서: [기재정정]반기보고서 (2026.06) / 공시신뢰도 D,
⚠️,057050,현대홈쇼핑,87300.0,00412597,현대홈쇼핑,반기보고서 (2026.06),20260814,D,0,0.0,0,35.0,0,0,0,0,0,DART_DOC_800_시스템 점검으로 인한  서비스가 중지 중입니다.,DART_DOC_800_시스템 점검으로 인한  서비스가 중지 중입니다.,DART corp_code 매칭 / 최근 보고서: 반기보고서 (2026.06) / 공시신뢰도 D,
⚠️,058430,포스코스틸리온,4410.0,00155258,포스코스틸리온,반기보고서 (2026.06),20260813,D,0,0.0,0,35.0,0,0,0,0,0,DART_DOC_800_시스템 점검으로 인한  서비스가 중지 중입니다.,DART_DOC_800_시스템 점검으로 인한  서비스가 중지 중입니다.,DART corp_code 매칭 / 최근 보고서: 반기보고서 (2026.06) / 공시신뢰도 D,
⚠️,058650,세아홀딩스,126000.0,00377610,세아홀딩스,반기보고서 (2026.06),20260814,D,0,0.0,0,35.0,0,0,0,0,0,DART_DOC_800_시스템 점검으로 인한  서비스가 중지 중입니다.,DART_DOC_800_시스템 점검으로 인한  서비스가 중지 중입니다.,DART corp_code 매칭 / 최근 보고서: 반기보고서 (2026.06) / 공시신뢰도 D,
⚠️,058730,다스코,3110.0,00353878,다스코,반기보고서 (2026.06),20260814,D,0,0.0,0,35.0,0,0,0,0,0,DART_DOC_800_시스템 점검으로 인한  서비스가 중지 중입니다.,DART_DOC_800_시스템 점검으로 인한  서비스가 중지 중입니다.,DART corp_code 매칭 / 최근 보고서: 반기보고서 (2026.06) / 공시신뢰도 D,
⚠️,058850,KTcs,2190.0,00372882,KTcs,반기보고서 (2026.06),20260814,D,0,0.0,0,35.0,0,0,0,0,0,DART_DOC_800_시스템 점검으로 인한  서비스가 중지 중입니다.,DART_DOC_800_시스템 점검으로 인한  서비스가 중지 중입니다.,DART corp_code 매칭 / 최근 보고서: 반기보고서 (2026.06) / 공시신뢰도 D,
⚠️,058860,KTis,2600.0,00372873,KTis,[기재정정]반기보고서 (2026.06),20261001,D,0,0.0,0,35.0,0,0,0,0,0,DART_DOC_800_시스템 점검으로 인한  서비스가 중지 중입니다.,DART_DOC_800_시스템 점검으로 인한  서비스가 중지 중입니다.,DART corp_code 매칭 / 최근 보고서: [기재정정]반기보고서 (2026.06) / 공시신뢰도 D,
⚠️,060980,HL홀딩스,37700.0,00299002,HL홀딩스,반기보고서 (2026.06),20260814,D,0,0.0,0,35.0,0,0,0,0,0,DART_DOC_800_시스템 점검으로 인한  서비스가 중지 중입니다.,DART_DOC_800_시스템 점검으로 인한  서비스가 중지 중입니다.,DART corp_code 매칭 / 최근 보고서: 반기보고서 (2026.06) / 공시신뢰도 D,
⚠️,062040,산일전기,222500.0,00366438,산일전기,반기보고서 (2026.06),20260814,D,0,0.0,0,35.0,0,0,0,0,0,DART_DOC_800_시스템 점검으로 인한  서비스가 중지 중입니다.,DART_DOC_800_시스템 점검으로 인한  서비스가 중지 중입니다.,DART corp_code 매칭 / 최근 보고서: 반기보고서 (2026.06) / 공시신뢰도 D,
⚠️,063160,종근당바이오,14010.0,00390055,종근당바이오,반기보고서 (2026.06),20260814,D,0,0.0,0,35.0,0,0,0,0,0,DART_DOC_800_시스템 점검으로 인한  서비스가 중지 중입니다.,DART_DOC_800_시스템 점검으로 인한  서비스가 중지 중입니다.,DART corp_code 매칭 / 최근 보고서: 반기보고서 (2026.06) / 공시신뢰도 D,
⚠️,064350,현대로템,105200.0,00302926,현대로템,반기보고서 (2026.06),20260814,D,0,0.0,0,35.0,0,0,0,0,0,DART_DOC_800_시스템 점검으로 인한  서비스가 중지 중입니다.,DART_DOC_800_시스템 점검으로 인한  서비스가 중지 중입니다.,DART corp_code 매칭 / 최근 보고서: 반기보고서 (2026.06) / 공시신뢰도 D,
⚠️,064400,LG씨엔에스,67500.0,00139834,LG씨엔에스,반기보고서 (2026.06),20260814,D,0,0.0,0,35.0,0,0,0,0,0,DART_DOC_800_시스템 점검으로 인한  서비스가 중지 중입니다.,DART_DOC_800_시스템 점검으로 인한  서비스가 중지 중입니다.,DART corp_code 매칭 / 최근 보고서: 반기보고서 (2026.06) / 공시신뢰도 D,
⚠️,064960,SNT모티브,26350.0,00398792,SNT모티브,[기재정정]반기보고서 (2026.06),20260818,D,0,0.0,0,35.0,0,0,0,0,0,DART_DOC_800_시스템 점검으로 인한  서비스가 중지 중입니다.,DART_DOC_800_시스템 점검으로 인한  서비스가 중지 중입니다.,DART corp_code 매칭 / 최근 보고서: [기재정정]반기보고서 (2026.06) / 공시신뢰도 D,
⚠️,066570,LG전자,200500.0,00401731,LG전자,반기보고서 (2026.06),20260814,D,0,0.0,0,35.0,0,0,0,0,0,DART_DOC_800_시스템 점검으로 인한  서비스가 중지 중입니다.,DART_DOC_800_시스템 점검으로 인한  서비스가 중지 중입니다.,DART corp_code 매칭 / 최근 보고서: 반기보고서 (2026.06) / 공시신뢰도 D,
⚠️,066970,엘앤에프,116200.0,00398701,엘앤에프,반기보고서 (2026.06),20260814,D,0,0.0,0,35.0,0,0,0,0,0,DART_DOC_800_시스템 점검으로 인한  서비스가 중지 중입니다.,DART_DOC_800_시스템 점검으로 인한  서비스가 중지 중입니다.,DART corp_code 매칭 / 최근 보고서: 반기보고서 (2026.06) / 공시신뢰도 D,
⚠️,067830,세이브존I&C,2350.0,00422895,세이브존I&C,반기보고서 (2026.06),20260814,D,0,0.0,0,35.0,0,0,0,0,0,DART_DOC_800_시스템 점검으로 인한  서비스가 중지 중입니다.,DART_DOC_800_시스템 점검으로 인한  서비스가 중지 중입니다.,DART corp_code 매칭 / 최근 보고서: 반기보고서 (2026.06) / 공시신뢰도 D,
⚠️,068270,셀트리온,179600.0,00413046,셀트리온,반기보고서 (2026.06),20260814,D,0,0.0,0,35.0,0,0,0,0,0,DART_DOC_800_시스템 점검으로 인한  서비스가 중지 중입니다.,DART_DOC_800_시스템 점검으로 인한  서비스가 중지 중입니다.,DART corp_code 매칭 / 최근 보고서: 반기보고서 (2026.06) / 공시신뢰도 D,
⚠️,068290,삼성출판사,6220.0,00423690,삼성출판사,[기재정정]반기보고서 (2026.06),20260814,D,0,0.0,0,35.0,0,0,0,0,0,DART_DOC_800_시스템 점검으로 인한  서비스가 중지 중입니다.,DART_DOC_800_시스템 점검으로 인한  서비스가 중지 중입니다.,DART corp_code 매칭 / 최근 보고서: [기재정정]반기보고서 (2026.06) / 공시신뢰도 D,
⚠️,069260,TKG휴켐스,15780.0,00426086,티케이지휴켐스,반기보고서 (2026.06),20260814,D,0,0.0,0,35.0,0,0,0,0,0,DART_DOC_800_시스템 점검으로 인한  서비스가 중지 중입니다.,DART_DOC_800_시스템 점검으로 인한  서비스가 중지 중입니다.,DART corp_code 매칭 / 최근 보고서: 반기보고서 (2026.06) / 공시신뢰도 D,
⚠️,069460,대호에이엘,2660.0,00428729,대호에이엘,[첨부추가]반기보고서 (2026.06),20260814,D,0,0.0,0,35.0,0,0,0,0,0,DART_DOC_800_시스템 점검으로 인한  서비스가 중지 중입니다.,DART_DOC_800_시스템 점검으로 인한  서비스가 중지 중입니다.,DART corp_code 매칭 / 최근 보고서: [첨부추가]반기보고서 (2026.06) / 공시신뢰도 D,
⚠️,069620,대웅제약,108500.0,00427483,대웅제약,반기보고서 (2026.06),20260814,D,0,0.0,0,35.0,0,0,0,0,0,DART_DOC_800_시스템 점검으로 인한  서비스가 중지 중입니다.,DART_DOC_800_시스템 점검으로 인한  서비스가 중지 중입니다.,DART corp_code 매칭 / 최근 보고서: 반기보고서 (2026.06) / 공시신뢰도 D,
⚠️,069640,한세엠케이,1399.0,00357360,한세엠케이,반기보고서 (2026.06),20260814,D,0,0.0,0,35.0,0,0,0,0,0,DART_DOC_800_시스템 점검으로 인한  서비스가 중지 중입니다.,DART_DOC_800_시스템 점검으로 인한  서비스가 중지 중입니다.,DART corp_code 매칭 / 최근 보고서: 반기보고서 (2026.06) / 공시신뢰도 D,
⚠️,069730,DSR제강,5390.0,00151298,DSR제강,반기보고서 (2026.06),20260814,D,0,0.0,0,35.0,0,0,0,0,0,DART_DOC_800_시스템 점검으로 인한  서비스가 중지 중입니다.,DART_DOC_800_시스템 점검으로 인한  서비스가 중지 중입니다.,DART corp_code 매칭 / 최근 보고서: 반기보고서 (2026.06) / 공시신뢰도 D,
⚠️,069960,현대백화점,86500.0,00428251,현대백화점,반기보고서 (2026.06),20260814,D,0,0.0,0,35.0,0,0,0,0,0,DART_DOC_800_시스템 점검으로 인한  서비스가 중지 중입니다.,DART_DOC_800_시스템 점검으로 인한  서비스가 중지 중입니다.,DART corp_code 매칭 / 최근 보고서: 반기보고서 (2026.06) / 공시신뢰도 D,
⚠️,070960,모나용평,1920.0,00365989,모나용평,반기보고서 (2026.06),20260814,D,0,0.0,0,35.0,0,0,0,0,0,DART_DOC_800_시스템 점검으로 인한  서비스가 중지 중입니다.,DART_DOC_800_시스템 점검으로 인한  서비스가 중지 중입니다.,DART corp_code 매칭 / 최근 보고서: 반기보고서 (2026.06) / 공시신뢰도 D,
⚠️,071050,한국금융지주,168600.0,00432102,한국금융지주,반기보고서 (2026.06),20260814,D,0,0.0,0,35.0,0,0,0,0,0,DART_DOC_800_시스템 점검으로 인한  서비스가 중지 중입니다.,DART_DOC_800_시스템 점검으로 인한  서비스가 중지 중입니다.,DART corp_code 매칭 / 최근 보고서: 반기보고서 (2026.06) / 공시신뢰도 D,
⚠️,071090,하이스틸,3400.0,00435312,하이스틸,[기재정정]반기보고서 (2026.06),20261001,D,0,0.0,0,35.0,0,0,0,0,0,DART_DOC_800_시스템 점검으로 인한  서비스가 중지 중입니다.,DART_DOC_800_시스템 점검으로 인한  서비스가 중지 중입니다.,DART corp_code 매칭 / 최근 보고서: [기재정정]반기보고서 (2026.06) / 공시신뢰도 D,
⚠️,071320,지역난방공사,77000.0,00159698,지역난방공사,반기보고서 (2026.06),20260813,D,0,0.0,0,35.0,0,0,0,0,0,DART_DOC_800_시스템 점검으로 인한  서비스가 중지 중입니다.,DART_DOC_800_시스템 점검으로 인한  서비스가 중지 중입니다.,DART corp_code 매칭 / 최근 보고서: 반기보고서 (2026.06) / 공시신뢰도 D,
⚠️,071840,롯데하이마트,5900.0,00158307,롯데하이마트,반기보고서 (2026.06),20260814,D,0,0.0,0,35.0,0,0,0,0,0,DART_DOC_800_시스템 점검으로 인한  서비스가 중지 중입니다.,DART_DOC_800_시스템 점검으로 인한  서비스가 중지 중입니다.,DART corp_code 매칭 / 최근 보고서: 반기보고서 (2026.06) / 공시신뢰도 D,
⚠️,071950,코아스,1520.0,00210856,코아스,반기보고서 (2026.06),20260812,D,0,0.0,0,35.0,0,0,0,0,0,DART_DOC_800_시스템 점검으로 인한  서비스가 중지 중입니다.,DART_DOC_800_시스템 점검으로 인한  서비스가 중지 중입니다.,DART corp_code 매칭 / 최근 보고서: 반기보고서 (2026.06) / 공시신뢰도 D,
⚠️,071970,HD현대마린엔진,42800.0,00406046,HD현대마린엔진,반기보고서 (2026.06),20260814,D,0,0.0,0,35.0,0,0,0,0,0,DART_DOC_800_시스템 점검으로 인한  서비스가 중지 중입니다.,DART_DOC_800_시스템 점검으로 인한  서비스가 중지 중입니다.,DART corp_code 매칭 / 최근 보고서: 반기보고서 (2026.06) / 공시신뢰도 D,
⚠️,072130,유엔젤,4680.0,00416654,유엔젤,반기보고서 (2026.06),20260814,D,0,0.0,0,35.0,0,0,0,0,0,DART_DOC_800_시스템 점검으로 인한  서비스가 중지 중입니다.,DART_DOC_800_시스템 점검으로 인한  서비스가 중지 중입니다.,DART corp_code 매칭 / 최근 보고서: 반기보고서 (2026.06) / 공시신뢰도 D,
⚠️,072710,농심홀딩스,88100.0,00459871,농심홀딩스,반기보고서 (2026.06),20260814,D,0,0.0,0,35.0,0,0,0,0,0,DART_DOC_800_시스템 점검으로 인한  서비스가 중지 중입니다.,DART_DOC_800_시스템 점검으로 인한  서비스가 중지 중입니다.,DART corp_code 매칭 / 최근 보고서: 반기보고서 (2026.06) / 공시신뢰도 D,
⚠️,073240,금호타이어,6780.0,00481454,금호타이어,반기보고서 (2026.06),20260813,D,0,0.0,0,35.0,0,0,0,0,0,DART_DOC_800_시스템 점검으로 인한  서비스가 중지 중입니다.,DART_DOC_800_시스템 점검으로 인한  서비스가 중지 중입니다.,DART corp_code 매칭 / 최근 보고서: 반기보고서 (2026.06) / 공시신뢰도 D,
⚠️,074610,이엔플러스,5110.0,00469799,이엔플러스,[첨부추가]반기보고서 (2026.06),20260814,D,0,0.0,0,35.0,0,0,0,0,0,DART_DOC_800_시스템 점검으로 인한  서비스가 중지 중입니다.,DART_DOC_800_시스템 점검으로 인한  서비스가 중지 중입니다.,DART corp_code 매칭 / 최근 보고서: [첨부추가]반기보고서 (2026.06) / 공시신뢰도 D,
⚠️,075180,새론오토모티브,2870.0,00305668,새론오토모티브,[기재정정]반기보고서 (2026.06),20260814,D,0,0.0,0,35.0,0,0,0,0,0,DART_DOC_800_시스템 점검으로 인한  서비스가 중지 중입니다.,DART_DOC_800_시스템 점검으로 인한  서비스가 중지 중입니다.,DART corp_code 매칭 / 최근 보고서: [기재정정]반기보고서 (2026.06) / 공시신뢰도 D,
⚠️,075580,세진중공업,9300.0,00415628,세진중공업,반기보고서 (2026.06),20260813,D,0,0.0,0,35.0,0,0,0,0,0,DART_DOC_800_시스템 점검으로 인한  서비스가 중지 중입니다.,DART_DOC_800_시스템 점검으로 인한  서비스가 중지 중입니다.,DART corp_code 매칭 / 최근 보고서: 반기보고서 (2026.06) / 공시신뢰도 D,
⚠️,077500,유니퀘스트,9950.0,00414601,유니퀘스트,반기보고서 (2026.06),20260814,D,0,0.0,0,35.0,0,0,0,0,0,DART_DOC_800_시스템 점검으로 인한  서비스가 중지 중입니다.,DART_DOC_800_시스템 점검으로 인한  서비스가 중지 중입니다.,DART corp_code 매칭 / 최근 보고서: 반기보고서 (2026.06) / 공시신뢰도 D,
⚠️,077970,STX엔진,20600.0,00480455,STX엔진,[첨부추가]반기보고서 (2026.06),20260814,D,0,0.0,0,35.0,0,0,0,0,0,DART_DOC_800_시스템 점검으로 인한  서비스가 중지 중입니다.,DART_DOC_800_시스템 점검으로 인한  서비스가 중지 중입니다.,DART corp_code 매칭 / 최근 보고서: [첨부추가]반기보고서 (2026.06) / 공시신뢰도 D,
⚠️,078000,텔코웨어,13520.0,00361488,텔코웨어,반기보고서 (2026.06),20260814,D,0,0.0,0,35.0,0,0,0,0,0,DART_DOC_800_시스템 점검으로 인한  서비스가 중지 중입니다.,DART_DOC_800_시스템 점검으로 인한  서비스가 중지 중입니다.,DART corp_code 매칭 / 최근 보고서: 반기보고서 (2026.06) / 공시신뢰도 D,
⚠️,078520,에이블씨엔씨,11610.0,00400857,에이블씨엔씨,반기보고서 (2026.06),20260813,D,0,0.0,0,35.0,0,0,0,0,0,DART_DOC_800_시스템 점검으로 인한  서비스가 중지 중입니다.,DART_DOC_800_시스템 점검으로 인한  서비스가 중지 중입니다.,DART corp_code 매칭 / 최근 보고서: 반기보고서 (2026.06) / 공시신뢰도 D,
⚠️,078930,GS,104000.0,00500254,GS,반기보고서 (2026.06),20260814,D,0,0.0,0,35.0,0,0,0,0,0,DART_DOC_800_시스템 점검으로 인한  서비스가 중지 중입니다.,DART_DOC_800_시스템 점검으로 인한  서비스가 중지 중입니다.,DART corp_code 매칭 / 최근 보고서: 반기보고서 (2026.06) / 공시신뢰도 D,
⚠️,079160,CJ CGV,5030.0,00303873,CJ CGV,반기보고서 (2026.06),20260814,D,0,0.0,0,35.0,0,0,0,0,0,DART_DOC_800_시스템 점검으로 인한  서비스가 중지 중입니다.,DART_DOC_800_시스템 점검으로 인한  서비스가 중지 중입니다.,DART corp_code 매칭 / 최근 보고서: 반기보고서 (2026.06) / 공시신뢰도 D,
⚠️,079430,현대리바트,5570.0,00300548,현대리바트,반기보고서 (2026.06),20260814,D,0,0.0,0,35.0,0,0,0,0,0,DART_DOC_800_시스템 점검으로 인한  서비스가 중지 중입니다.,DART_DOC_800_시스템 점검으로 인한  서비스가 중지 중입니다.,DART corp_code 매칭 / 최근 보고서: 반기보고서 (2026.06) / 공시신뢰도 D,
⚠️,079550,LIG디펜스앤에어로스페이스,616000.0,00503668,LIG디펜스앤에어로스페이스,[기재정정]반기보고서 (2026.06),20260825,D,0,0.0,0,35.0,0,0,0,0,0,DART_DOC_800_시스템 점검으로 인한  서비스가 중지 중입니다.,DART_DOC_800_시스템 점검으로 인한  서비스가 중지 중입니다.,DART corp_code 매칭 / 최근 보고서: [기재정정]반기보고서 (2026.06) / 공시신뢰도 D,
⚠️,079900,전진건설로봇,37800.0,00372129,전진건설로봇,반기보고서 (2026.06),20260813,D,0,0.0,0,35.0,0,0,0,0,0,DART_DOC_800_시스템 점검으로 인한  서비스가 중지 중입니다.,DART_DOC_800_시스템 점검으로 인한  서비스가 중지 중입니다.,DART corp_code 매칭 / 최근 보고서: 반기보고서 (2026.06) / 공시신뢰도 D,
⚠️,079980,휴비스,1929.0,00362238,휴비스,반기보고서 (2026.06),20260813,D,0,0.0,0,35.0,0,0,0,0,0,DART_DOC_800_시스템 점검으로 인한  서비스가 중지 중입니다.,DART_DOC_800_시스템 점검으로 인한  서비스가 중지 중입니다.,DART corp_code 매칭 / 최근 보고서: 반기보고서 (2026.06) / 공시신뢰도 D,
⚠️,081000,일진다이아,9360.0,00508274,일진다이아,반기보고서 (2026.06),20260812,D,0,0.0,0,35.0,0,0,0,0,0,DART_DOC_800_시스템 점검으로 인한  서비스가 중지 중입니다.,DART_DOC_800_시스템 점검으로 인한  서비스가 중지 중입니다.,DART corp_code 매칭 / 최근 보고서: 반기보고서 (2026.06) / 공시신뢰도 D,
⚠️,081660,미스토홀딩스,38150.0,00195229,미스토홀딩스,반기보고서 (2026.06),20260814,D,0,0.0,0,35.0,0,0,0,0,0,DART_DOC_800_시스템 점검으로 인한  서비스가 중지 중입니다.,DART_DOC_800_시스템 점검으로 인한  서비스가 중지 중입니다.,DART corp_code 매칭 / 최근 보고서: 반기보고서 (2026.06) / 공시신뢰도 D,
⚠️,082640,동양생명,8250.0,00117267,동양생명보험,[기재정정]반기보고서 (2026.06),20260831,D,0,0.0,0,35.0,0,0,0,0,0,DART_DOC_800_시스템 점검으로 인한  서비스가 중지 중입니다.,DART_DOC_800_시스템 점검으로 인한  서비스가 중지 중입니다.,DART corp_code 매칭 / 최근 보고서: [기재정정]반기보고서 (2026.06) / 공시신뢰도 D,
⚠️,082740,한화엔진,41050.0,00361008,한화엔진,반기보고서 (2026.06),20260814,D,0,0.0,0,35.0,0,0,0,0,0,DART_DOC_800_시스템 점검으로 인한  서비스가 중지 중입니다.,DART_DOC_800_시스템 점검으로 인한  서비스가 중지 중입니다.,DART corp_code 매칭 / 최근 보고서: 반기보고서 (2026.06) / 공시신뢰도 D,
⚠️,083420,그린케미칼,4765.0,00454946,그린케미칼,반기보고서 (2026.06),20260814,D,0,0.0,0,35.0,0,0,0,0,0,DART_DOC_800_시스템 점검으로 인한  서비스가 중지 중입니다.,DART_DOC_800_시스템 점검으로 인한  서비스가 중지 중입니다.,DART corp_code 매칭 / 최근 보고서: 반기보고서 (2026.06) / 공시신뢰도 D,
⚠️,084010,대한제강,8860.0,00113225,대한제강,반기보고서 (2026.06),20260814,D,0,0.0,0,35.0,0,0,0,0,0,DART_DOC_800_시스템 점검으로 인한  서비스가 중지 중입니다.,DART_DOC_800_시스템 점검으로 인한  서비스가 중지 중입니다.,DART corp_code 매칭 / 최근 보고서: 반기보고서 (2026.06) / 공시신뢰도 D,
⚠️,084670,동양고속,38000.0,00540641,동양고속,반기보고서 (2026.06),20260814,D,0,0.0,0,35.0,0,0,0,0,0,DART_DOC_800_시스템 점검으로 인한  서비스가 중지 중입니다.,DART_DOC_800_시스템 점검으로 인한  서비스가 중지 중입니다.,DART corp_code 매칭 / 최근 보고서: 반기보고서 (2026.06) / 공시신뢰도 D,
⚠️,084680,이월드,2160.0,00540605,이월드,[첨부추가]반기보고서 (2026.06),20260814,D,0,0.0,0,35.0,0,0,0,0,0,DART_DOC_800_시스템 점검으로 인한  서비스가 중지 중입니다.,DART_DOC_800_시스템 점검으로 인한  서비스가 중지 중입니다.,DART corp_code 매칭 / 최근 보고서: [첨부추가]반기보고서 (2026.06) / 공시신뢰도 D,
⚠️,084690,대상홀딩스,7800.0,00539274,대상홀딩스,반기보고서 (2026.06),20260814,D,0,0.0,0,35.0,0,0,0,0,0,DART_DOC_800_시스템 점검으로 인한  서비스가 중지 중입니다.,DART_DOC_800_시스템 점검으로 인한  서비스가 중지 중입니다.,DART corp_code 매칭 / 최근 보고서: 반기보고서 (2026.06) / 공시신뢰도 D,
⚠️,084870,TBH글로벌,2205.0,00409672,티비에이치글로벌,반기보고서 (2026.06),20260813,D,0,0.0,0,35.0,0,0,0,0,0,DART_DOC_800_시스템 점검으로 인한  서비스가 중지 중입니다.,DART_DOC_800_시스템 점검으로 인한  서비스가 중지 중입니다.,DART corp_code 매칭 / 최근 보고서: 반기보고서 (2026.06) / 공시신뢰도 D,
⚠️,085310,엔케이,8780.0,00172228,엔케이,반기보고서 (2026.06),20260814,D,0,0.0,0,35.0,0,0,0,0,0,DART_DOC_800_시스템 점검으로 인한  서비스가 중지 중입니다.,DART_DOC_800_시스템 점검으로 인한  서비스가 중지 중입니다.,DART corp_code 매칭 / 최근 보고서: 반기보고서 (2026.06) / 공시신뢰도 D,
⚠️,085620,미래에셋생명,20400.0,00112332,미래에셋생명,[기재정정]반기보고서 (2026.06),20260831,D,0,0.0,0,35.0,0,0,0,0,0,DART_DOC_800_시스템 점검으로 인한  서비스가 중지 중입니다.,DART_DOC_800_시스템 점검으로 인한  서비스가 중지 중입니다.,DART corp_code 매칭 / 최근 보고서: [기재정정]반기보고서 (2026.06) / 공시신뢰도 D,
⚠️,086280,현대글로비스,182900.0,00360595,현대글로비스,반기보고서 (2026.06),20260814,D,0,0.0,0,35.0,0,0,0,0,0,DART_DOC_800_시스템 점검으로 인한  서비스가 중지 중입니다.,DART_DOC_800_시스템 점검으로 인한  서비스가 중지 중입니다.,DART corp_code 매칭 / 최근 보고서: 반기보고서 (2026.06) / 공시신뢰도 D,
⚠️,086790,하나금융지주,124300.0,00547583,하나금융지주,[기재정정]사업보고서 (2025.12),20260814,D,0,0.0,0,35.0,0,0,0,0,0,DART_DOC_800_시스템 점검으로 인한  서비스가 중지 중입니다.,DART_DOC_800_시스템 점검으로 인한  서비스가 중지 중입니다.,DART corp_code 매칭 / 최근 보고서: [기재정정]사업보고서 (2025.12) / 공시신뢰도 D,
⚠️,088260,이리츠코크렙,3240.0,00544452,이리츠코크렙,사업보고서 (2026.06),20260908,D,0,0.0,0,35.0,0,0,0,0,0,DART_DOC_800_시스템 점검으로 인한  서비스가 중지 중입니다.,DART_DOC_800_시스템 점검으로 인한  서비스가 중지 중입니다.,DART corp_code 매칭 / 최근 보고서: 사업보고서 (2026.06) / 공시신뢰도 D,
⚠️,088350,한화생명,5180.0,00113058,한화생명,[기재정정]반기보고서 (2026.06),20260831,D,0,0.0,0,35.0,0,0,0,0,0,DART_DOC_800_시스템 점검으로 인한  서비스가 중지 중입니다.,DART_DOC_800_시스템 점검으로 인한  서비스가 중지 중입니다.,DART corp_code 매칭 / 최근 보고서: [기재정정]반기보고서 (2026.06) / 공시신뢰도 D,
⚠️,088790,진도,2325.0,00557933,진도,[기재정정]반기보고서 (2026.06),20261001,D,0,0.0,0,35.0,0,0,0,0,0,DART_DOC_800_시스템 점검으로 인한  서비스가 중지 중입니다.,DART_DOC_800_시스템 점검으로 인한  서비스가 중지 중입니다.,DART corp_code 매칭 / 최근 보고서: [기재정정]반기보고서 (2026.06) / 공시신뢰도 D,
⚠️,089470,HDC현대EP,3850.0,00357935,HDC현대EP,반기보고서 (2026.06),20260814,D,0,0.0,0,35.0,0,0,0,0,0,DART_DOC_800_시스템 점검으로 인한  서비스가 중지 중입니다.,DART_DOC_800_시스템 점검으로 인한  서비스가 중지 중입니다.,DART corp_code 매칭 / 최근 보고서: 반기보고서 (2026.06) / 공시신뢰도 D,
⚠️,089590,제주항공,4485.0,00555874,제주항공,반기보고서 (2026.06),20260814,D,0,0.0,0,35.0,0,0,0,0,0,DART_DOC_800_시스템 점검으로 인한  서비스가 중지 중입니다.,DART_DOC_800_시스템 점검으로 인한  서비스가 중지 중입니다.,DART corp_code 매칭 / 최근 보고서: 반기보고서 (2026.06) / 공시신뢰도 D,
⚠️,089860,롯데렌탈,51400.0,00545716,롯데렌탈,반기보고서 (2026.06),20260814,D,0,0.0,0,35.0,0,0,0,0,0,DART_DOC_800_시스템 점검으로 인한  서비스가 중지 중입니다.,DART_DOC_800_시스템 점검으로 인한  서비스가 중지 중입니다.,DART corp_code 매칭 / 최근 보고서: 반기보고서 (2026.06) / 공시신뢰도 D,
⚠️,090080,평화산업,1007.0,00573579,평화산업,반기보고서 (2026.06),20260814,D,0,0.0,0,35.0,0,0,0,0,0,DART_DOC_800_시스템 점검으로 인한  서비스가 중지 중입니다.,DART_DOC_800_시스템 점검으로 인한  서비스가 중지 중입니다.,DART corp_code 매칭 / 최근 보고서: 반기보고서 (2026.06) / 공시신뢰도 D,
⚠️,090350,노루페인트,8300.0,00583442,노루페인트,반기보고서 (2026.06),20260814,D,0,0.0,0,35.0,0,0,0,0,0,DART_DOC_800_시스템 점검으로 인한  서비스가 중지 중입니다.,DART_DOC_800_시스템 점검으로 인한  서비스가 중지 중입니다.,DART corp_code 매칭 / 최근 보고서: 반기보고서 (2026.06) / 공시신뢰도 D,
⚠️,090370,메타랩스,1158.0,00442835,메타랩스,반기보고서 (2026.06),20260813,D,0,0.0,0,35.0,0,0,0,0,0,DART_DOC_800_시스템 점검으로 인한  서비스가 중지 중입니다.,DART_DOC_800_시스템 점검으로 인한  서비스가 중지 중입니다.,DART corp_code 매칭 / 최근 보고서: 반기보고서 (2026.06) / 공시신뢰도 D,
⚠️,090430,아모레퍼시픽,135900.0,00583424,아모레퍼시픽,반기보고서 (2026.06),20260814,D,0,0.0,0,35.0,0,0,0,0,0,DART_DOC_800_시스템 점검으로 인한  서비스가 중지 중입니다.,DART_DOC_800_시스템 점검으로 인한  서비스가 중지 중입니다.,DART corp_code 매칭 / 최근 보고서: 반기보고서 (2026.06) / 공시신뢰도 D,
⚠️,090460,비에이치,21600.0,00447609,비에이치,반기보고서 (2026.06),20260814,D,0,0.0,0,35.0,0,0,0,0,0,DART_DOC_800_시스템 점검으로 인한  서비스가 중지 중입니다.,DART_DOC_800_시스템 점검으로 인한  서비스가 중지 중입니다.,DART corp_code 매칭 / 최근 보고서: 반기보고서 (2026.06) / 공시신뢰도 D,
⚠️,091810,트리니티항공,2590.0,00671376,트리니티항공,반기보고서 (2026.06),20260813,D,0,0.0,0,35.0,0,0,0,0,0,DART_DOC_800_시스템 점검으로 인한  서비스가 중지 중입니다.,DART_DOC_800_시스템 점검으로 인한  서비스가 중지 중입니다.,DART corp_code 매칭 / 최근 보고서: 반기보고서 (2026.06) / 공시신뢰도 D,
⚠️,092200,디아이씨,5770.0,00112165,디아이씨,[첨부추가]반기보고서 (2026.06),20260813,D,0,0.0,0,35.0,0,0,0,0,0,DART_DOC_800_시스템 점검으로 인한  서비스가 중지 중입니다.,DART_DOC_800_시스템 점검으로 인한  서비스가 중지 중입니다.,DART corp_code 매칭 / 최근 보고서: [첨부추가]반기보고서 (2026.06) / 공시신뢰도 D,
⚠️,092220,KEC,3105.0,00589127,KEC,[기재정정]반기보고서 (2026.06),20260820,D,0,0.0,0,35.0,0,0,0,0,0,DART_DOC_800_시스템 점검으로 인한  서비스가 중지 중입니다.,DART_DOC_800_시스템 점검으로 인한  서비스가 중지 중입니다.,DART corp_code 매칭 / 최근 보고서: [기재정정]반기보고서 (2026.06) / 공시신뢰도 D,
⚠️,092230,KPX홀딩스,95600.0,00587466,KPX홀딩스,반기보고서 (2026.06),20260814,D,0,0.0,0,35.0,0,0,0,0,0,DART_DOC_800_시스템 점검으로 인한  서비스가 중지 중입니다.,DART_DOC_800_시스템 점검으로 인한  서비스가 중지 중입니다.,DART corp_code 매칭 / 최근 보고서: 반기보고서 (2026.06) / 공시신뢰도 D,
⚠️,092440,기신정기,1827.0,00106614,기신정기,분기보고서 (2026.06),20260813,D,0,0.0,0,35.0,0,0,0,0,0,DART_DOC_800_시스템 점검으로 인한  서비스가 중지 중입니다.,DART_DOC_800_시스템 점검으로 인한  서비스가 중지 중입니다.,DART corp_code 매칭 / 최근 보고서: 분기보고서 (2026.06) / 공시신뢰도 D,
⚠️,092780,DYP,3260.0,00117726,DYP,반기보고서 (2026.06),20260814,D,0,0.0,0,35.0,0,0,0,0,0,DART_DOC_800_시스템 점검으로 인한  서비스가 중지 중입니다.,DART_DOC_800_시스템 점검으로 인한  서비스가 중지 중입니다.,DART corp_code 매칭 / 최근 보고서: 반기보고서 (2026.06) / 공시신뢰도 D,
⚠️,092790,넥스틸,13260.0,00220613,넥스틸,반기보고서 (2026.06),20260814,D,0,0.0,0,35.0,0,0,0,0,0,DART_DOC_800_시스템 점검으로 인한  서비스가 중지 중입니다.,DART_DOC_800_시스템 점검으로 인한  서비스가 중지 중입니다.,DART corp_code 매칭 / 최근 보고서: 반기보고서 (2026.06) / 공시신뢰도 D,
⚠️,093050,LF,23650.0,00593032,LF,반기보고서 (2026.06),20260814,D,0,0.0,0,35.0,0,0,0,0,0,DART_DOC_800_시스템 점검으로 인한  서비스가 중지 중입니다.,DART_DOC_800_시스템 점검으로 인한  서비스가 중지 중입니다.,DART corp_code 매칭 / 최근 보고서: 반기보고서 (2026.06) / 공시신뢰도 D,
⚠️,093240,형지엘리트,296.0,00441243,형지엘리트,사업보고서 (2026.06),20260921,D,0,0.0,0,35.0,0,0,0,0,0,DART_DOC_800_시스템 점검으로 인한  서비스가 중지 중입니다.,DART_DOC_800_시스템 점검으로 인한  서비스가 중지 중입니다.,DART corp_code 매칭 / 최근 보고서: 사업보고서 (2026.06) / 공시신뢰도 D,
⚠️,093370,후성,15040.0,00595191,후성,반기보고서 (2026.06),20260814,D,0,0.0,0,35.0,0,0,0,0,0,DART_DOC_800_시스템 점검으로 인한  서비스가 중지 중입니다.,DART_DOC_800_시스템 점검으로 인한  서비스가 중지 중입니다.,DART corp_code 매칭 / 최근 보고서: 반기보고서 (2026.06) / 공시신뢰도 D,
⚠️,094280,효성ITX,11800.0,00414850,효성 ITX,반기보고서 (2026.06),20260814,D,0,0.0,0,35.0,0,0,0,0,0,DART_DOC_800_시스템 점검으로 인한  서비스가 중지 중입니다.,DART_DOC_800_시스템 점검으로 인한  서비스가 중지 중입니다.,DART corp_code 매칭 / 최근 보고서: 반기보고서 (2026.06) / 공시신뢰도 D,
⚠️,095570,AJ네트웍스,4255.0,00365387,AJ네트웍스,반기보고서 (2026.06),20260814,D,0,0.0,0,35.0,0,0,0,0,0,DART_DOC_800_시스템 점검으로 인한  서비스가 중지 중입니다.,DART_DOC_800_시스템 점검으로 인한  서비스가 중지 중입니다.,DART corp_code 매칭 / 최근 보고서: 반기보고서 (2026.06) / 공시신뢰도 D,
⚠️,095720,웅진씽크빅,1196.0,00628189,웅진씽크빅,반기보고서 (2026.06),20260814,D,0,0.0,0,35.0,0,0,0,0,0,DART_DOC_800_시스템 점검으로 인한  서비스가 중지 중입니다.,DART_DOC_800_시스템 점검으로 인한  서비스가 중지 중입니다.,DART corp_code 매칭 / 최근 보고서: 반기보고서 (2026.06) / 공시신뢰도 D,
⚠️,096760,JW홀딩스,4105.0,00632304,JW홀딩스,반기보고서 (2026.06),20260814,D,0,0.0,0,35.0,0,0,0,0,0,DART_DOC_800_시스템 점검으로 인한  서비스가 중지 중입니다.,DART_DOC_800_시스템 점검으로 인한  서비스가 중지 중입니다.,DART corp_code 매칭 / 최근 보고서: 반기보고서 (2026.06) / 공시신뢰도 D,
⚠️,096770,SK이노베이션,160900.0,00631518,SK이노베이션,반기보고서 (2026.06),20260814,D,0,0.0,0,35.0,0,0,0,0,0,DART_DOC_800_시스템 점검으로 인한  서비스가 중지 중입니다.,DART_DOC_800_시스템 점검으로 인한  서비스가 중지 중입니다.,DART corp_code 매칭 / 최근 보고서: 반기보고서 (2026.06) / 공시신뢰도 D,
⚠️,097230,HJ중공업,14280.0,00633835,HJ중공업,반기보고서 (2026.06),20260812,D,0,0.0,0,35.0,0,0,0,0,0,DART_DOC_800_시스템 점검으로 인한  서비스가 중지 중입니다.,DART_DOC_800_시스템 점검으로 인한  서비스가 중지 중입니다.,DART corp_code 매칭 / 최근 보고서: 반기보고서 (2026.06) / 공시신뢰도 D,
⚠️,097520,엠씨넥스,18890.0,00564562,엠씨넥스,반기보고서 (2026.06),20260814,D,0,0.0,0,35.0,0,0,0,0,0,DART_DOC_800_시스템 점검으로 인한  서비스가 중지 중입니다.,DART_DOC_800_시스템 점검으로 인한  서비스가 중지 중입니다.,DART corp_code 매칭 / 최근 보고서: 반기보고서 (2026.06) / 공시신뢰도 D,
⚠️,097950,CJ제일제당,183700.0,00635134,CJ제일제당,반기보고서 (2026.06),20260814,D,0,0.0,0,35.0,0,0,0,0,0,DART_DOC_800_시스템 점검으로 인한  서비스가 중지 중입니다.,DART_DOC_800_시스템 점검으로 인한  서비스가 중지 중입니다.,DART corp_code 매칭 / 최근 보고서: 반기보고서 (2026.06) / 공시신뢰도 D,
⚠️,100090,SK오션플랜트,12100.0,00480367,SK오션플랜트,반기보고서 (2026.06),20260814,D,0,0.0,0,35.0,0,0,0,0,0,DART_DOC_800_시스템 점검으로 인한  서비스가 중지 중입니다.,DART_DOC_800_시스템 점검으로 인한  서비스가 중지 중입니다.,DART corp_code 매칭 / 최근 보고서: 반기보고서 (2026.06) / 공시신뢰도 D,
⚠️,100220,비상교육,4975.0,00520887,비상교육,반기보고서 (2026.06),20260814,D,0,0.0,0,35.0,0,0,0,0,0,DART_DOC_800_시스템 점검으로 인한  서비스가 중지 중입니다.,DART_DOC_800_시스템 점검으로 인한  서비스가 중지 중입니다.,DART corp_code 매칭 / 최근 보고서: 반기보고서 (2026.06) / 공시신뢰도 D,
⚠️,100250,진양홀딩스,3020.0,00646732,진양홀딩스,반기보고서 (2026.06),20260814,D,0,0.0,0,35.0,0,0,0,0,0,DART_DOC_800_시스템 점검으로 인한  서비스가 중지 중입니다.,DART_DOC_800_시스템 점검으로 인한  서비스가 중지 중입니다.,DART corp_code 매칭 / 최근 보고서: 반기보고서 (2026.06) / 공시신뢰도 D,
⚠️,100840,SNT에너지,31800.0,00648721,SNT에너지,반기보고서 (2026.06),20260812,D,0,0.0,0,35.0,0,0,0,0,0,DART_DOC_800_시스템 점검으로 인한  서비스가 중지 중입니다.,DART_DOC_800_시스템 점검으로 인한  서비스가 중지 중입니다.,DART corp_code 매칭 / 최근 보고서: 반기보고서 (2026.06) / 공시신뢰도 D,
⚠️,101140,인바이오젠,4960.0,00652423,인바이오젠,반기보고서 (2026.06),20260814,D,0,0.0,0,35.0,0,0,0,0,0,DART_DOC_800_시스템 점검으로 인한  서비스가 중지 중입니다.,DART_DOC_800_시스템 점검으로 인한  서비스가 중지 중입니다.,DART corp_code 매칭 / 최근 보고서: 반기보고서 (2026.06) / 공시신뢰도 D,
⚠️,101530,해태제과식품,5530.0,00428321,해태제과식품,[첨부추가]반기보고서 (2026.06),20260814,D,0,0.0,0,35.0,0,0,0,0,0,DART_DOC_800_시스템 점검으로 인한  서비스가 중지 중입니다.,DART_DOC_800_시스템 점검으로 인한  서비스가 중지 중입니다.,DART corp_code 매칭 / 최근 보고서: [첨부추가]반기보고서 (2026.06) / 공시신뢰도 D,
⚠️,102260,동성케미컬,3690.0,00679314,동성케미컬,반기보고서 (2026.06),20260814,D,0,0.0,0,35.0,0,0,0,0,0,DART_DOC_800_시스템 점검으로 인한  서비스가 중지 중입니다.,DART_DOC_800_시스템 점검으로 인한  서비스가 중지 중입니다.,DART corp_code 매칭 / 최근 보고서: 반기보고서 (2026.06) / 공시신뢰도 D,
⚠️,102460,이연제약,10280.0,00145598,이연제약,반기보고서 (2026.06),20260814,D,0,0.0,0,35.0,0,0,0,0,0,DART_DOC_800_시스템 점검으로 인한  서비스가 중지 중입니다.,DART_DOC_800_시스템 점검으로 인한  서비스가 중지 중입니다.,DART corp_code 매칭 / 최근 보고서: 반기보고서 (2026.06) / 공시신뢰도 D,
⚠️,103140,풍산,65600.0,00684714,풍산,반기보고서 (2026.06),20260814,D,0,0.0,0,35.0,0,0,0,0,0,DART_DOC_800_시스템 점검으로 인한  서비스가 중지 중입니다.,DART_DOC_800_시스템 점검으로 인한  서비스가 중지 중입니다.,DART corp_code 매칭 / 최근 보고서: 반기보고서 (2026.06) / 공시신뢰도 D,
⚠️,103590,일진전기,81400.0,00683469,일진전기,반기보고서 (2026.06),20260811,D,0,0.0,0,35.0,0,0,0,0,0,DART_DOC_800_시스템 점검으로 인한  서비스가 중지 중입니다.,DART_DOC_800_시스템 점검으로 인한  서비스가 중지 중입니다.,DART corp_code 매칭 / 최근 보고서: 반기보고서 (2026.06) / 공시신뢰도 D,
⚠️,104700,한국철강,9340.0,00687711,한국철강,반기보고서 (2026.06),20260814,D,0,0.0,0,35.0,0,0,0,0,0,DART_DOC_800_시스템 점검으로 인한  서비스가 중지 중입니다.,DART_DOC_800_시스템 점검으로 인한  서비스가 중지 중입니다.,DART corp_code 매칭 / 최근 보고서: 반기보고서 (2026.06) / 공시신뢰도 D,
⚠️,105560,KB금융,162800.0,00688996,KB금융,반기보고서 (2026.06),20260814,D,0,0.0,0,35.0,0,0,0,0,0,DART_DOC_800_시스템 점검으로 인한  서비스가 중지 중입니다.,DART_DOC_800_시스템 점검으로 인한  서비스가 중지 중입니다.,DART corp_code 매칭 / 최근 보고서: 반기보고서 (2026.06) / 공시신뢰도 D,
⚠️,105630,한세실업,8800.0,00728638,한세실업,반기보고서 (2026.06),20260814,D,0,0.0,0,35.0,0,0,0,0,0,DART_DOC_800_시스템 점검으로 인한  서비스가 중지 중입니다.,DART_DOC_800_시스템 점검으로 인한  서비스가 중지 중입니다.,DART corp_code 매칭 / 최근 보고서: 반기보고서 (2026.06) / 공시신뢰도 D,
⚠️,105840,우진,12280.0,00173944,우진,반기보고서 (2026.06),20260814,D,0,0.0,0,35.0,0,0,0,0,0,DART_DOC_800_시스템 점검으로 인한  서비스가 중지 중입니다.,DART_DOC_800_시스템 점검으로 인한  서비스가 중지 중입니다.,DART corp_code 매칭 / 최근 보고서: 반기보고서 (2026.06) / 공시신뢰도 D,
⚠️,107590,미원홀딩스,58900.0,00706715,미원홀딩스,반기보고서 (2026.06),20260814,D,0,0.0,0,35.0,0,0,0,0,0,DART_DOC_800_시스템 점검으로 인한  서비스가 중지 중입니다.,DART_DOC_800_시스템 점검으로 인한  서비스가 중지 중입니다.,DART corp_code 매칭 / 최근 보고서: 반기보고서 (2026.06) / 공시신뢰도 D,
⚠️,108320,LX세미콘,37400.0,00525934,LX세미콘,반기보고서 (2026.06),20260814,D,0,0.0,0,35.0,0,0,0,0,0,DART_DOC_800_시스템 점검으로 인한  서비스가 중지 중입니다.,DART_DOC_800_시스템 점검으로 인한  서비스가 중지 중입니다.,DART corp_code 매칭 / 최근 보고서: 반기보고서 (2026.06) / 공시신뢰도 D,
⚠️,108670,LX하우시스,32050.0,00759513,LX하우시스,반기보고서 (2026.06),20260814,D,0,0.0,0,35.0,0,0,0,0,0,DART_DOC_800_시스템 점검으로 인한  서비스가 중지 중입니다.,DART_DOC_800_시스템 점검으로 인한  서비스가 중지 중입니다.,DART corp_code 매칭 / 최근 보고서: 반기보고서 (2026.06) / 공시신뢰도 D,
⚠️,109070,주성코퍼레이션,6970.0,00753643,주성코퍼레이션,반기보고서 (2026.06),20260814,D,0,0.0,0,35.0,0,0,0,0,0,DART_DOC_800_시스템 점검으로 인한  서비스가 중지 중입니다.,DART_DOC_800_시스템 점검으로 인한  서비스가 중지 중입니다.,DART corp_code 매칭 / 최근 보고서: 반기보고서 (2026.06) / 공시신뢰도 D,
⚠️,111110,호전실업,6250.0,00226316,호전실업,반기보고서 (2026.06),20260814,D,0,0.0,0,35.0,0,0,0,0,0,DART_DOC_800_시스템 점검으로 인한  서비스가 중지 중입니다.,DART_DOC_800_시스템 점검으로 인한  서비스가 중지 중입니다.,DART corp_code 매칭 / 최근 보고서: 반기보고서 (2026.06) / 공시신뢰도 D,
⚠️,111380,동인기연,12720.0,00367710,동인기연,반기보고서 (2026.06),20260814,D,0,0.0,0,35.0,0,0,0,0,0,DART_DOC_800_시스템 점검으로 인한  서비스가 중지 중입니다.,DART_DOC_800_시스템 점검으로 인한  서비스가 중지 중입니다.,DART corp_code 매칭 / 최근 보고서: 반기보고서 (2026.06) / 공시신뢰도 D,
⚠️,111770,영원무역,70400.0,00776820,영원무역,반기보고서 (2026.06),20260814,D,0,0.0,0,35.0,0,0,0,0,0,DART_DOC_800_시스템 점검으로 인한  서비스가 중지 중입니다.,DART_DOC_800_시스템 점검으로 인한  서비스가 중지 중입니다.,DART corp_code 매칭 / 최근 보고서: 반기보고서 (2026.06) / 공시신뢰도 D,
⚠️,112610,씨에스윈드,55700.0,00670340,씨에스윈드,반기보고서 (2026.06),20260814,D,0,0.0,0,35.0,0,0,0,0,0,DART_DOC_800_시스템 점검으로 인한  서비스가 중지 중입니다.,DART_DOC_800_시스템 점검으로 인한  서비스가 중지 중입니다.,DART corp_code 매칭 / 최근 보고서: 반기보고서 (2026.06) / 공시신뢰도 D,
⚠️,114090,GKL,8630.0,00557508,GKL,반기보고서 (2026.06),20260814,D,0,0.0,0,35.0,0,0,0,0,0,DART_DOC_800_시스템 점검으로 인한  서비스가 중지 중입니다.,DART_DOC_800_시스템 점검으로 인한  서비스가 중지 중입니다.,DART corp_code 매칭 / 최근 보고서: 반기보고서 (2026.06) / 공시신뢰도 D,
⚠️,117580,대성에너지,7090.0,00787376,대성에너지,반기보고서 (2026.06),20260814,D,0,0.0,0,35.0,0,0,0,0,0,DART_DOC_800_시스템 점검으로 인한  서비스가 중지 중입니다.,DART_DOC_800_시스템 점검으로 인한  서비스가 중지 중입니다.,DART corp_code 매칭 / 최근 보고서: 반기보고서 (2026.06) / 공시신뢰도 D,
⚠️,118000,메타케어,1199.0,00791209,메타케어,반기보고서 (2026.06),20260813,D,0,0.0,0,35.0,0,0,0,0,0,DART_DOC_800_시스템 점검으로 인한  서비스가 중지 중입니다.,DART_DOC_800_시스템 점검으로 인한  서비스가 중지 중입니다.,DART corp_code 매칭 / 최근 보고서: 반기보고서 (2026.06) / 공시신뢰도 D,
⚠️,119650,KC코트렐,918.0,00797364,KC코트렐,반기보고서 (2026.06),20260814,D,0,0.0,0,35.0,0,0,0,0,0,DART_DOC_800_시스템 점검으로 인한  서비스가 중지 중입니다.,DART_DOC_800_시스템 점검으로 인한  서비스가 중지 중입니다.,DART corp_code 매칭 / 최근 보고서: 반기보고서 (2026.06) / 공시신뢰도 D,
⚠️,120030,조선선재,82600.0,00796994,조선선재,반기보고서 (2026.06),20260814,D,0,0.0,0,35.0,0,0,0,0,0,DART_DOC_800_시스템 점검으로 인한  서비스가 중지 중입니다.,DART_DOC_800_시스템 점검으로 인한  서비스가 중지 중입니다.,DART corp_code 매칭 / 최근 보고서: 반기보고서 (2026.06) / 공시신뢰도 D,
⚠️,120110,코오롱인더,55400.0,00795135,코오롱인더,반기보고서 (2026.06),20260814,D,0,0.0,0,35.0,0,0,0,0,0,DART_DOC_800_시스템 점검으로 인한  서비스가 중지 중입니다.,DART_DOC_800_시스템 점검으로 인한  서비스가 중지 중입니다.,DART corp_code 매칭 / 최근 보고서: 반기보고서 (2026.06) / 공시신뢰도 D,
⚠️,122900,아이마켓코리아,8270.0,00360142,아이마켓코리아,반기보고서 (2026.06),20260814,D,0,0.0,0,35.0,0,0,0,0,0,DART_DOC_800_시스템 점검으로 인한  서비스가 중지 중입니다.,DART_DOC_800_시스템 점검으로 인한  서비스가 중지 중입니다.,DART corp_code 매칭 / 최근 보고서: 반기보고서 (2026.06) / 공시신뢰도 D,
⚠️,123690,한국화장품,6380.0,00823429,한국화장품,반기보고서 (2026.06),20260813,D,0,0.0,0,35.0,0,0,0,0,0,DART_DOC_800_시스템 점검으로 인한  서비스가 중지 중입니다.,DART_DOC_800_시스템 점검으로 인한  서비스가 중지 중입니다.,DART corp_code 매칭 / 최근 보고서: 반기보고서 (2026.06) / 공시신뢰도 D,
⚠️,123700,SJM,3220.0,00815369,에스제이엠,반기보고서 (2026.06),20260814,D,0,0.0,0,35.0,0,0,0,0,0,DART_DOC_800_시스템 점검으로 인한  서비스가 중지 중입니다.,DART_DOC_800_시스템 점검으로 인한  서비스가 중지 중입니다.,DART corp_code 매칭 / 최근 보고서: 반기보고서 (2026.06) / 공시신뢰도 D,
⚠️,123890,한국자산신탁,2415.0,00404701,한국자산신탁,반기보고서 (2026.06),20260814,D,0,0.0,0,35.0,0,0,0,0,0,DART_DOC_800_시스템 점검으로 인한  서비스가 중지 중입니다.,DART_DOC_800_시스템 점검으로 인한  서비스가 중지 중입니다.,DART corp_code 매칭 / 최근 보고서: 반기보고서 (2026.06) / 공시신뢰도 D,
⚠️,126560,현대퓨처넷,3345.0,00403632,현대퓨처넷,반기보고서 (2026.06),20260814,D,0,0.0,0,35.0,0,0,0,0,0,DART_DOC_800_시스템 점검으로 인한  서비스가 중지 중입니다.,DART_DOC_800_시스템 점검으로 인한  서비스가 중지 중입니다.,DART corp_code 매칭 / 최근 보고서: 반기보고서 (2026.06) / 공시신뢰도 D,
⚠️,126720,수산인더스트리,21050.0,00193328,수산인더스트리,반기보고서 (2026.06),20260814,D,0,0.0,0,35.0,0,0,0,0,0,DART_DOC_800_시스템 점검으로 인한  서비스가 중지 중입니다.,DART_DOC_800_시스템 점검으로 인한  서비스가 중지 중입니다.,DART corp_code 매칭 / 최근 보고서: 반기보고서 (2026.06) / 공시신뢰도 D,
⚠️,128820,대성산업,4610.0,00828789,대성산업,반기보고서 (2026.06),20260814,D,0,0.0,0,35.0,0,0,0,0,0,DART_DOC_800_시스템 점검으로 인한  서비스가 중지 중입니다.,DART_DOC_800_시스템 점검으로 인한  서비스가 중지 중입니다.,DART corp_code 매칭 / 최근 보고서: 반기보고서 (2026.06) / 공시신뢰도 D,
⚠️,128940,한미약품,480500.0,00828497,한미약품,반기보고서 (2026.06),20260814,D,0,0.0,0,35.0,0,0,0,0,0,DART_DOC_800_시스템 점검으로 인한  서비스가 중지 중입니다.,DART_DOC_800_시스템 점검으로 인한  서비스가 중지 중입니다.,DART corp_code 매칭 / 최근 보고서: 반기보고서 (2026.06) / 공시신뢰도 D,
⚠️,129260,인터지스,1899.0,00151368,인터지스,반기보고서 (2026.06),20260814,D,0,0.0,0,35.0,0,0,0,0,0,DART_DOC_800_시스템 점검으로 인한  서비스가 중지 중입니다.,DART_DOC_800_시스템 점검으로 인한  서비스가 중지 중입니다.,DART corp_code 매칭 / 최근 보고서: 반기보고서 (2026.06) / 공시신뢰도 D,
⚠️,130660,한전산업,11660.0,00194947,한전산업,반기보고서 (2026.06),20260814,D,0,0.0,0,35.0,0,0,0,0,0,DART_DOC_800_시스템 점검으로 인한  서비스가 중지 중입니다.,DART_DOC_800_시스템 점검으로 인한  서비스가 중지 중입니다.,DART corp_code 매칭 / 최근 보고서: 반기보고서 (2026.06) / 공시신뢰도 D,
⚠️,133820,화인베스틸,1000.0,00661847,화인베스틸,반기보고서 (2026.06),20260814,D,0,0.0,0,35.0,0,0,0,0,0,DART_DOC_800_시스템 점검으로 인한  서비스가 중지 중입니다.,DART_DOC_800_시스템 점검으로 인한  서비스가 중지 중입니다.,DART corp_code 매칭 / 최근 보고서: 반기보고서 (2026.06) / 공시신뢰도 D,
⚠️,134380,미원화학,10360.0,00855163,미원화학,반기보고서 (2026.06),20260814,D,0,0.0,0,35.0,0,0,0,0,0,DART_DOC_800_시스템 점검으로 인한  서비스가 중지 중입니다.,DART_DOC_800_시스템 점검으로 인한  서비스가 중지 중입니다.,DART corp_code 매칭 / 최근 보고서: 반기보고서 (2026.06) / 공시신뢰도 D,
⚠️,134790,시디즈,18410.0,00852087,시디즈,반기보고서 (2026.06),20260814,D,0,0.0,0,35.0,0,0,0,0,0,DART_DOC_800_시스템 점검으로 인한  서비스가 중지 중입니다.,DART_DOC_800_시스템 점검으로 인한  서비스가 중지 중입니다.,DART corp_code 매칭 / 최근 보고서: 반기보고서 (2026.06) / 공시신뢰도 D,
⚠️,136490,선진,10090.0,00855093,선진,[기재정정]반기보고서 (2026.06),20260813,D,0,0.0,0,35.0,0,0,0,0,0,DART_DOC_800_시스템 점검으로 인한  서비스가 중지 중입니다.,DART_DOC_800_시스템 점검으로 인한  서비스가 중지 중입니다.,DART corp_code 매칭 / 최근 보고서: [기재정정]반기보고서 (2026.06) / 공시신뢰도 D,
⚠️,137310,에스디바이오센서,6410.0,00854997,에스디바이오센서,반기보고서 (2026.06),20260814,D,0,0.0,0,35.0,0,0,0,0,0,DART_DOC_800_시스템 점검으로 인한  서비스가 중지 중입니다.,DART_DOC_800_시스템 점검으로 인한  서비스가 중지 중입니다.,DART corp_code 매칭 / 최근 보고서: 반기보고서 (2026.06) / 공시신뢰도 D,
⚠️,138040,메리츠금융지주,127300.0,00860332,메리츠금융지주,반기보고서 (2026.06),20260814,D,0,0.0,0,35.0,0,0,0,0,0,DART_DOC_800_시스템 점검으로 인한  서비스가 중지 중입니다.,DART_DOC_800_시스템 점검으로 인한  서비스가 중지 중입니다.,DART corp_code 매칭 / 최근 보고서: 반기보고서 (2026.06) / 공시신뢰도 D,
⚠️,138930,BNK금융지주,15310.0,00858364,BNK금융지주,반기보고서 (2026.06),20260814,D,0,0.0,0,35.0,0,0,0,0,0,DART_DOC_800_시스템 점검으로 인한  서비스가 중지 중입니다.,DART_DOC_800_시스템 점검으로 인한  서비스가 중지 중입니다.,DART corp_code 매칭 / 최근 보고서: 반기보고서 (2026.06) / 공시신뢰도 D,
⚠️,139130,iM금융지주,17570.0,00878915,iM금융지주,반기보고서 (2026.06),20260814,D,0,0.0,0,35.0,0,0,0,0,0,DART_DOC_800_시스템 점검으로 인한  서비스가 중지 중입니다.,DART_DOC_800_시스템 점검으로 인한  서비스가 중지 중입니다.,DART corp_code 매칭 / 최근 보고서: 반기보고서 (2026.06) / 공시신뢰도 D,
⚠️,139480,이마트,70000.0,00872984,이마트,반기보고서 (2026.06),20260814,D,0,0.0,0,35.0,0,0,0,0,0,DART_DOC_800_시스템 점검으로 인한  서비스가 중지 중입니다.,DART_DOC_800_시스템 점검으로 인한  서비스가 중지 중입니다.,DART corp_code 매칭 / 최근 보고서: 반기보고서 (2026.06) / 공시신뢰도 D,
⚠️,139990,아주스틸,2270.0,00486705,아주스틸,반기보고서 (2026.06),20260814,D,0,0.0,0,35.0,0,0,0,0,0,DART_DOC_800_시스템 점검으로 인한  서비스가 중지 중입니다.,DART_DOC_800_시스템 점검으로 인한  서비스가 중지 중입니다.,DART corp_code 매칭 / 최근 보고서: 반기보고서 (2026.06) / 공시신뢰도 D,
⚠️,143210,핸즈코퍼레이션,1199.0,00119140,핸즈코퍼레이션,[기재정정]반기보고서 (2026.06),20260902,D,0,0.0,0,35.0,0,0,0,0,0,DART_DOC_800_시스템 점검으로 인한  서비스가 중지 중입니다.,DART_DOC_800_시스템 점검으로 인한  서비스가 중지 중입니다.,DART corp_code 매칭 / 최근 보고서: [기재정정]반기보고서 (2026.06) / 공시신뢰도 D,
⚠️,145210,다이나믹디자인,2240.0,00453488,다이나믹디자인,반기보고서 (2026.06),20260814,D,0,0.0,0,35.0,0,0,0,0,0,DART_DOC_800_시스템 점검으로 인한  서비스가 중지 중입니다.,DART_DOC_800_시스템 점검으로 인한  서비스가 중지 중입니다.,DART corp_code 매칭 / 최근 보고서: 반기보고서 (2026.06) / 공시신뢰도 D,
⚠️,145270,케이탑리츠,801.0,00861076,케이탑리츠,반기보고서 (2026.06),20260812,D,0,0.0,0,35.0,0,0,0,0,0,DART_DOC_800_시스템 점검으로 인한  서비스가 중지 중입니다.,DART_DOC_800_시스템 점검으로 인한  서비스가 중지 중입니다.,DART corp_code 매칭 / 최근 보고서: 반기보고서 (2026.06) / 공시신뢰도 D,
⚠️,145720,덴티움,40350.0,00526599,덴티움,[기재정정]분기보고서 (2025.09),20260930,D,0,0.0,0,35.0,0,0,0,0,0,DART_DOC_800_시스템 점검으로 인한  서비스가 중지 중입니다.,DART_DOC_800_시스템 점검으로 인한  서비스가 중지 중입니다.,DART corp_code 매칭 / 최근 보고서: [기재정정]분기보고서 (2025.09) / 공시신뢰도 D,
⚠️,145990,삼양사,45400.0,00896285,삼양사,반기보고서 (2026.06),20260814,D,0,0.0,0,35.0,0,0,0,0,0,DART_DOC_800_시스템 점검으로 인한  서비스가 중지 중입니다.,DART_DOC_800_시스템 점검으로 인한  서비스가 중지 중입니다.,DART corp_code 매칭 / 최근 보고서: 반기보고서 (2026.06) / 공시신뢰도 D,
⚠️,155660,DSR,4250.0,00110608,DSR,반기보고서 (2026.06),20260814,D,0,0.0,0,35.0,0,0,0,0,0,DART_DOC_800_시스템 점검으로 인한  서비스가 중지 중입니다.,DART_DOC_800_시스템 점검으로 인한  서비스가 중지 중입니다.,DART corp_code 매칭 / 최근 보고서: 반기보고서 (2026.06) / 공시신뢰도 D,
⚠️,161000,애경케미칼,11250.0,00936787,애경케미칼,반기보고서 (2026.06),20260814,D,0,0.0,0,35.0,0,0,0,0,0,DART_DOC_800_시스템 점검으로 인한  서비스가 중지 중입니다.,DART_DOC_800_시스템 점검으로 인한  서비스가 중지 중입니다.,DART corp_code 매칭 / 최근 보고서: 반기보고서 (2026.06) / 공시신뢰도 D,
⚠️,161390,한국타이어앤테크놀로지,62100.0,00937324,한국타이어앤테크놀로지,[기재정정]반기보고서 (2026.06),20260814,D,0,0.0,0,35.0,0,0,0,0,0,DART_DOC_800_시스템 점검으로 인한  서비스가 중지 중입니다.,DART_DOC_800_시스템 점검으로 인한  서비스가 중지 중입니다.,DART corp_code 매칭 / 최근 보고서: [기재정정]반기보고서 (2026.06) / 공시신뢰도 D,
⚠️,161890,한국콜마,137100.0,00939331,한국콜마,반기보고서 (2026.06),20260814,D,0,0.0,0,35.0,0,0,0,0,0,DART_DOC_800_시스템 점검으로 인한  서비스가 중지 중입니다.,DART_DOC_800_시스템 점검으로 인한  서비스가 중지 중입니다.,DART corp_code 매칭 / 최근 보고서: 반기보고서 (2026.06) / 공시신뢰도 D,
⚠️,163560,동일고무벨트,5430.0,00939687,동일고무벨트,반기보고서 (2026.06),20260814,D,0,0.0,0,35.0,0,0,0,0,0,DART_DOC_800_시스템 점검으로 인한  서비스가 중지 중입니다.,DART_DOC_800_시스템 점검으로 인한  서비스가 중지 중입니다.,DART corp_code 매칭 / 최근 보고서: 반기보고서 (2026.06) / 공시신뢰도 D,
⚠️,170900,동아에스티,34950.0,00956930,동아에스티,[기재정정]반기보고서 (2026.06),20260820,D,0,0.0,0,35.0,0,0,0,0,0,DART_DOC_800_시스템 점검으로 인한  서비스가 중지 중입니다.,DART_DOC_800_시스템 점검으로 인한  서비스가 중지 중입니다.,DART corp_code 매칭 / 최근 보고서: [기재정정]반기보고서 (2026.06) / 공시신뢰도 D,
⚠️,175330,JB금융지주,27850.0,00980122,JB금융지주,반기보고서 (2026.06),20260814,D,0,0.0,0,35.0,0,0,0,0,0,DART_DOC_800_시스템 점검으로 인한  서비스가 중지 중입니다.,DART_DOC_800_시스템 점검으로 인한  서비스가 중지 중입니다.,DART corp_code 매칭 / 최근 보고서: 반기보고서 (2026.06) / 공시신뢰도 D,
⚠️,178920,PI첨단소재,20700.0,00767460,PI첨단소재,반기보고서 (2026.06),20260814,D,0,0.0,0,35.0,0,0,0,0,0,DART_DOC_800_시스템 점검으로 인한  서비스가 중지 중입니다.,DART_DOC_800_시스템 점검으로 인한  서비스가 중지 중입니다.,DART corp_code 매칭 / 최근 보고서: 반기보고서 (2026.06) / 공시신뢰도 D,
⚠️,180640,한진칼,130300.0,00983040,한진칼,반기보고서 (2026.06),20260814,D,0,0.0,0,35.0,0,0,0,0,0,DART_DOC_800_시스템 점검으로 인한  서비스가 중지 중입니다.,DART_DOC_800_시스템 점검으로 인한  서비스가 중지 중입니다.,DART corp_code 매칭 / 최근 보고서: 반기보고서 (2026.06) / 공시신뢰도 D,
⚠️,181710,NHN,56100.0,00983271,NHN,반기보고서 (2026.06),20260814,D,0,0.0,0,35.0,0,0,0,0,0,DART_DOC_800_시스템 점검으로 인한  서비스가 중지 중입니다.,DART_DOC_800_시스템 점검으로 인한  서비스가 중지 중입니다.,DART corp_code 매칭 / 최근 보고서: 반기보고서 (2026.06) / 공시신뢰도 D,
⚠️,183190,아세아시멘트,9950.0,00990165,아세아시멘트,반기보고서 (2026.06),20260814,D,0,0.0,0,35.0,0,0,0,0,0,DART_DOC_800_시스템 점검으로 인한  서비스가 중지 중입니다.,DART_DOC_800_시스템 점검으로 인한  서비스가 중지 중입니다.,DART corp_code 매칭 / 최근 보고서: 반기보고서 (2026.06) / 공시신뢰도 D,
⚠️,185750,종근당,65900.0,00992871,종근당,반기보고서 (2026.06),20260814,D,0,0.0,0,35.0,0,0,0,0,0,DART_DOC_800_시스템 점검으로 인한  서비스가 중지 중입니다.,DART_DOC_800_시스템 점검으로 인한  서비스가 중지 중입니다.,DART corp_code 매칭 / 최근 보고서: 반기보고서 (2026.06) / 공시신뢰도 D,
⚠️,192080,더블유게임즈,57700.0,01010110,더블유게임즈,반기보고서 (2026.06),20260814,D,0,0.0,0,35.0,0,0,0,0,0,DART_DOC_800_시스템 점검으로 인한  서비스가 중지 중입니다.,DART_DOC_800_시스템 점검으로 인한  서비스가 중지 중입니다.,DART corp_code 매칭 / 최근 보고서: 반기보고서 (2026.06) / 공시신뢰도 D,
⚠️,192400,쿠쿠홀딩스,27600.0,00132354,쿠쿠홀딩스,반기보고서 (2026.06),20260814,D,0,0.0,0,35.0,0,0,0,0,0,DART_DOC_800_시스템 점검으로 인한  서비스가 중지 중입니다.,DART_DOC_800_시스템 점검으로 인한  서비스가 중지 중입니다.,DART corp_code 매칭 / 최근 보고서: 반기보고서 (2026.06) / 공시신뢰도 D,
⚠️,192650,드림텍,9020.0,00415646,드림텍,반기보고서 (2026.06),20260814,D,0,0.0,0,35.0,0,0,0,0,0,DART_DOC_800_시스템 점검으로 인한  서비스가 중지 중입니다.,DART_DOC_800_시스템 점검으로 인한  서비스가 중지 중입니다.,DART corp_code 매칭 / 최근 보고서: 반기보고서 (2026.06) / 공시신뢰도 D,
⚠️,192820,코스맥스,306500.0,01009789,코스맥스,반기보고서 (2026.06),20260813,D,0,0.0,0,35.0,0,0,0,0,0,DART_DOC_800_시스템 점검으로 인한  서비스가 중지 중입니다.,DART_DOC_800_시스템 점검으로 인한  서비스가 중지 중입니다.,DART corp_code 매칭 / 최근 보고서: 반기보고서 (2026.06) / 공시신뢰도 D,
⚠️,194370,제이에스코퍼레이션,12220.0,00332927,제이에스코퍼레이션,반기보고서 (2026.06),20260814,D,0,0.0,0,35.0,0,0,0,0,0,DART_DOC_800_시스템 점검으로 인한  서비스가 중지 중입니다.,DART_DOC_800_시스템 점검으로 인한  서비스가 중지 중입니다.,DART corp_code 매칭 / 최근 보고서: 반기보고서 (2026.06) / 공시신뢰도 D,
⚠️,195870,해성디에스,66000.0,01032413,해성디에스,반기보고서 (2026.06),20260814,D,0,0.0,0,35.0,0,0,0,0,0,DART_DOC_800_시스템 점검으로 인한  서비스가 중지 중입니다.,DART_DOC_800_시스템 점검으로 인한  서비스가 중지 중입니다.,DART corp_code 매칭 / 최근 보고서: 반기보고서 (2026.06) / 공시신뢰도 D,
⚠️,200880,서연이화,11010.0,01036446,서연이화,반기보고서 (2026.06),20260814,D,0,0.0,0,35.0,0,0,0,0,0,DART_DOC_800_시스템 점검으로 인한  서비스가 중지 중입니다.,DART_DOC_800_시스템 점검으로 인한  서비스가 중지 중입니다.,DART corp_code 매칭 / 최근 보고서: 반기보고서 (2026.06) / 공시신뢰도 D,
⚠️,204320,HL만도,44450.0,01042775,HL만도,반기보고서 (2026.06),20260814,D,0,0.0,0,35.0,0,0,0,0,0,DART_DOC_800_시스템 점검으로 인한  서비스가 중지 중입니다.,DART_DOC_800_시스템 점검으로 인한  서비스가 중지 중입니다.,DART corp_code 매칭 / 최근 보고서: 반기보고서 (2026.06) / 공시신뢰도 D,
⚠️,207940,삼성바이오로직스,1219000.0,00877059,삼성바이오로직스,반기보고서 (2026.06),20260814,D,0,0.0,0,35.0,0,0,0,0,0,DART_DOC_800_시스템 점검으로 인한  서비스가 중지 중입니다.,DART_DOC_800_시스템 점검으로 인한  서비스가 중지 중입니다.,DART corp_code 매칭 / 최근 보고서: 반기보고서 (2026.06) / 공시신뢰도 D,
⚠️,210540,디와이파워,10820.0,01059605,디와이파워,반기보고서 (2026.06),20260813,D,0,0.0,0,35.0,0,0,0,0,0,DART_DOC_800_시스템 점검으로 인한  서비스가 중지 중입니다.,DART_DOC_800_시스템 점검으로 인한  서비스가 중지 중입니다.,DART corp_code 매칭 / 최근 보고서: 반기보고서 (2026.06) / 공시신뢰도 D,
⚠️,210980,SK디앤디,3010.0,00508344,SK디앤디,반기보고서 (2026.06),20260814,D,0,0.0,0,35.0,0,0,0,0,0,DART_DOC_800_시스템 점검으로 인한  서비스가 중지 중입니다.,DART_DOC_800_시스템 점검으로 인한  서비스가 중지 중입니다.,DART corp_code 매칭 / 최근 보고서: 반기보고서 (2026.06) / 공시신뢰도 D,
⚠️,213500,한솔제지,7100.0,01060744,한솔제지,반기보고서 (2026.06),20260813,D,0,0.0,0,35.0,0,0,0,0,0,DART_DOC_800_시스템 점검으로 인한  서비스가 중지 중입니다.,DART_DOC_800_시스템 점검으로 인한  서비스가 중지 중입니다.,DART corp_code 매칭 / 최근 보고서: 반기보고서 (2026.06) / 공시신뢰도 D,
⚠️,214320,이노션,17980.0,00565154,이노션,반기보고서 (2026.06),20260814,D,0,0.0,0,35.0,0,0,0,0,0,DART_DOC_800_시스템 점검으로 인한  서비스가 중지 중입니다.,DART_DOC_800_시스템 점검으로 인한  서비스가 중지 중입니다.,DART corp_code 매칭 / 최근 보고서: 반기보고서 (2026.06) / 공시신뢰도 D,
⚠️,214330,금호에이치티,6870.0,00105606,금호에이치티,반기보고서 (2026.06),20260813,D,0,0.0,0,35.0,0,0,0,0,0,DART_DOC_800_시스템 점검으로 인한  서비스가 중지 중입니다.,DART_DOC_800_시스템 점검으로 인한  서비스가 중지 중입니다.,DART corp_code 매칭 / 최근 보고서: 반기보고서 (2026.06) / 공시신뢰도 D,
⚠️,214390,경보제약,5500.0,00101664,경보제약,반기보고서 (2026.06),20260814,D,0,0.0,0,35.0,0,0,0,0,0,DART_DOC_800_시스템 점검으로 인한  서비스가 중지 중입니다.,DART_DOC_800_시스템 점검으로 인한  서비스가 중지 중입니다.,DART corp_code 매칭 / 최근 보고서: 반기보고서 (2026.06) / 공시신뢰도 D,
⚠️,214420,토니모리,4920.0,00816544,토니모리,반기보고서 (2026.06),20260814,D,0,0.0,0,35.0,0,0,0,0,0,DART_DOC_800_시스템 점검으로 인한  서비스가 중지 중입니다.,DART_DOC_800_시스템 점검으로 인한  서비스가 중지 중입니다.,DART corp_code 매칭 / 최근 보고서: 반기보고서 (2026.06) / 공시신뢰도 D,
⚠️,217590,티엠씨,18060.0,00949161,티엠씨,반기보고서 (2026.06),20260814,D,0,0.0,0,35.0,0,0,0,0,0,DART_DOC_800_시스템 점검으로 인한  서비스가 중지 중입니다.,DART_DOC_800_시스템 점검으로 인한  서비스가 중지 중입니다.,DART corp_code 매칭 / 최근 보고서: 반기보고서 (2026.06) / 공시신뢰도 D,
⚠️,226320,잇츠한불,11270.0,00911955,잇츠한불,반기보고서 (2026.06),20260814,D,0,0.0,0,35.0,0,0,0,0,0,DART_DOC_800_시스템 점검으로 인한  서비스가 중지 중입니다.,DART_DOC_800_시스템 점검으로 인한  서비스가 중지 중입니다.,DART corp_code 매칭 / 최근 보고서: 반기보고서 (2026.06) / 공시신뢰도 D,
⚠️,227840,현대코퍼레이션홀딩스,12570.0,01108099,현대코퍼레이션홀딩스,반기보고서 (2026.06),20260813,D,0,0.0,0,35.0,0,0,0,0,0,DART_DOC_800_시스템 점검으로 인한  서비스가 중지 중입니다.,DART_DOC_800_시스템 점검으로 인한  서비스가 중지 중입니다.,DART corp_code 매칭 / 최근 보고서: 반기보고서 (2026.06) / 공시신뢰도 D,
⚠️,229640,LS에코에너지,73000.0,01093007,LS에코에너지,반기보고서 (2026.06),20260814,D,0,0.0,0,35.0,0,0,0,0,0,DART_DOC_800_시스템 점검으로 인한  서비스가 중지 중입니다.,DART_DOC_800_시스템 점검으로 인한  서비스가 중지 중입니다.,DART corp_code 매칭 / 최근 보고서: 반기보고서 (2026.06) / 공시신뢰도 D,
⚠️,234080,JW생명과학,10940.0,00225706,JW생명과학,반기보고서 (2026.06),20260814,D,0,0.0,0,35.0,0,0,0,0,0,DART_DOC_800_시스템 점검으로 인한  서비스가 중지 중입니다.,DART_DOC_800_시스템 점검으로 인한  서비스가 중지 중입니다.,DART corp_code 매칭 / 최근 보고서: 반기보고서 (2026.06) / 공시신뢰도 D,
⚠️,241560,두산밥캣,53200.0,01032486,두산밥캣,[기재정정]반기보고서 (2026.06),20260814,D,0,0.0,0,35.0,0,0,0,0,0,DART_DOC_800_시스템 점검으로 인한  서비스가 중지 중입니다.,DART_DOC_800_시스템 점검으로 인한  서비스가 중지 중입니다.,DART corp_code 매칭 / 최근 보고서: [기재정정]반기보고서 (2026.06) / 공시신뢰도 D,
⚠️,241590,화승엔터프라이즈,2715.0,01128613,화승엔터프라이즈,반기보고서 (2026.06),20260813,D,0,0.0,0,35.0,0,0,0,0,0,DART_DOC_800_시스템 점검으로 인한  서비스가 중지 중입니다.,DART_DOC_800_시스템 점검으로 인한  서비스가 중지 중입니다.,DART corp_code 매칭 / 최근 보고서: 반기보고서 (2026.06) / 공시신뢰도 D,
⚠️,244920,에이플러스에셋,12520.0,00684802,에이플러스에셋,반기보고서 (2026.06),20260814,D,0,0.0,0,35.0,0,0,0,0,0,DART_DOC_800_시스템 점검으로 인한  서비스가 중지 중입니다.,DART_DOC_800_시스템 점검으로 인한  서비스가 중지 중입니다.,DART corp_code 매칭 / 최근 보고서: 반기보고서 (2026.06) / 공시신뢰도 D,
⚠️,248070,솔루엠,17200.0,01159233,솔루엠,반기보고서 (2026.06),20260814,D,0,0.0,0,35.0,0,0,0,0,0,DART_DOC_800_시스템 점검으로 인한  서비스가 중지 중입니다.,DART_DOC_800_시스템 점검으로 인한  서비스가 중지 중입니다.,DART corp_code 매칭 / 최근 보고서: 반기보고서 (2026.06) / 공시신뢰도 D,
⚠️,248170,샘표식품,21850.0,01167056,샘표식품,[기재정정]반기보고서 (2026.06),20261001,D,0,0.0,0,35.0,0,0,0,0,0,DART_DOC_800_시스템 점검으로 인한  서비스가 중지 중입니다.,DART_DOC_800_시스템 점검으로 인한  서비스가 중지 중입니다.,DART corp_code 매칭 / 최근 보고서: [기재정정]반기보고서 (2026.06) / 공시신뢰도 D,
⚠️,249420,일동제약,14020.0,01168383,일동제약,[첨부추가]반기보고서 (2026.06),20260814,D,0,0.0,0,35.0,0,0,0,0,0,DART_DOC_800_시스템 점검으로 인한  서비스가 중지 중입니다.,DART_DOC_800_시스템 점검으로 인한  서비스가 중지 중입니다.,DART corp_code 매칭 / 최근 보고서: [첨부추가]반기보고서 (2026.06) / 공시신뢰도 D,
⚠️,251270,넷마블,33650.0,00904672,넷마블,반기보고서 (2026.06),20260814,D,0,0.0,0,35.0,0,0,0,0,0,DART_DOC_800_시스템 점검으로 인한  서비스가 중지 중입니다.,DART_DOC_800_시스템 점검으로 인한  서비스가 중지 중입니다.,DART corp_code 매칭 / 최근 보고서: 반기보고서 (2026.06) / 공시신뢰도 D,
⚠️,259960,크래프톤,186900.0,00760971,크래프톤,반기보고서 (2026.06),20260814,D,0,0.0,0,35.0,0,0,0,0,0,DART_DOC_800_시스템 점검으로 인한  서비스가 중지 중입니다.,DART_DOC_800_시스템 점검으로 인한  서비스가 중지 중입니다.,DART corp_code 매칭 / 최근 보고서: 반기보고서 (2026.06) / 공시신뢰도 D,
⚠️,264900,크라운제과,7610.0,01205329,크라운제과,반기보고서 (2026.06),20260814,D,0,0.0,0,35.0,0,0,0,0,0,DART_DOC_800_시스템 점검으로 인한  서비스가 중지 중입니다.,DART_DOC_800_시스템 점검으로 인한  서비스가 중지 중입니다.,DART corp_code 매칭 / 최근 보고서: 반기보고서 (2026.06) / 공시신뢰도 D,
⚠️,267250,HD현대,179500.0,01205709,HD현대,반기보고서 (2026.06),20260814,D,0,0.0,0,35.0,0,0,0,0,0,DART_DOC_800_시스템 점검으로 인한  서비스가 중지 중입니다.,DART_DOC_800_시스템 점검으로 인한  서비스가 중지 중입니다.,DART corp_code 매칭 / 최근 보고서: 반기보고서 (2026.06) / 공시신뢰도 D,
⚠️,267260,HD현대일렉트릭,606000.0,01205851,HD현대일렉트릭,반기보고서 (2026.06),20260814,D,0,0.0,0,35.0,0,0,0,0,0,DART_DOC_800_시스템 점검으로 인한  서비스가 중지 중입니다.,DART_DOC_800_시스템 점검으로 인한  서비스가 중지 중입니다.,DART corp_code 매칭 / 최근 보고서: 반기보고서 (2026.06) / 공시신뢰도 D,
⚠️,267270,HD건설기계,107200.0,01205842,HD건설기계,반기보고서 (2026.06),20260814,D,0,0.0,0,35.0,0,0,0,0,0,DART_DOC_800_시스템 점검으로 인한  서비스가 중지 중입니다.,DART_DOC_800_시스템 점검으로 인한  서비스가 중지 중입니다.,DART corp_code 매칭 / 최근 보고서: 반기보고서 (2026.06) / 공시신뢰도 D,
⚠️,267290,경동도시가스,20700.0,01208885,경동도시가스,반기보고서 (2026.06),20260814,D,0,0.0,0,35.0,0,0,0,0,0,DART_DOC_800_시스템 점검으로 인한  서비스가 중지 중입니다.,DART_DOC_800_시스템 점검으로 인한  서비스가 중지 중입니다.,DART corp_code 매칭 / 최근 보고서: 반기보고서 (2026.06) / 공시신뢰도 D,
⚠️,267850,아시아나IDT,9230.0,00458234,아시아나IDT,반기보고서 (2026.06),20260812,D,0,0.0,0,35.0,0,0,0,0,0,DART_DOC_800_시스템 점검으로 인한  서비스가 중지 중입니다.,DART_DOC_800_시스템 점검으로 인한  서비스가 중지 중입니다.,DART corp_code 매칭 / 최근 보고서: 반기보고서 (2026.06) / 공시신뢰도 D,
⚠️,268280,미원에스씨,129200.0,01234297,미원에스씨,반기보고서 (2026.06),20260814,D,0,0.0,0,35.0,0,0,0,0,0,DART_DOC_800_시스템 점검으로 인한  서비스가 중지 중입니다.,DART_DOC_800_시스템 점검으로 인한  서비스가 중지 중입니다.,DART corp_code 매칭 / 최근 보고서: 반기보고서 (2026.06) / 공시신뢰도 D,
⚠️,271560,오리온,104200.0,01238169,오리온,[기재정정]반기보고서 (2026.06),20260818,D,0,0.0,0,35.0,0,0,0,0,0,DART_DOC_800_시스템 점검으로 인한  서비스가 중지 중입니다.,DART_DOC_800_시스템 점검으로 인한  서비스가 중지 중입니다.,DART corp_code 매칭 / 최근 보고서: [기재정정]반기보고서 (2026.06) / 공시신뢰도 D,
⚠️,271940,일진하이솔루스,11450.0,00972503,일진하이솔루스,반기보고서 (2026.06),20260812,D,0,0.0,0,35.0,0,0,0,0,0,DART_DOC_800_시스템 점검으로 인한  서비스가 중지 중입니다.,DART_DOC_800_시스템 점검으로 인한  서비스가 중지 중입니다.,DART corp_code 매칭 / 최근 보고서: 반기보고서 (2026.06) / 공시신뢰도 D,
⚠️,271980,제일약품,10050.0,01236897,제일약품,반기보고서 (2026.06),20260814,D,0,0.0,0,35.0,0,0,0,0,0,DART_DOC_800_시스템 점검으로 인한  서비스가 중지 중입니다.,DART_DOC_800_시스템 점검으로 인한  서비스가 중지 중입니다.,DART corp_code 매칭 / 최근 보고서: 반기보고서 (2026.06) / 공시신뢰도 D,
⚠️,272210,한화시스템,76600.0,00339391,한화시스템,[기재정정]반기보고서 (2026.06),20260820,D,0,0.0,0,35.0,0,0,0,0,0,DART_DOC_800_시스템 점검으로 인한  서비스가 중지 중입니다.,DART_DOC_800_시스템 점검으로 인한  서비스가 중지 중입니다.,DART corp_code 매칭 / 최근 보고서: [기재정정]반기보고서 (2026.06) / 공시신뢰도 D,
⚠️,272450,진에어,5800.0,00653024,진에어,반기보고서 (2026.06),20260814,D,0,0.0,0,35.0,0,0,0,0,0,DART_DOC_800_시스템 점검으로 인한  서비스가 중지 중입니다.,DART_DOC_800_시스템 점검으로 인한  서비스가 중지 중입니다.,DART corp_code 매칭 / 최근 보고서: 반기보고서 (2026.06) / 공시신뢰도 D,
⚠️,272550,삼양패키징,9850.0,01060814,삼양패키징,반기보고서 (2026.06),20260814,D,0,0.0,0,35.0,0,0,0,0,0,DART_DOC_800_시스템 점검으로 인한  서비스가 중지 중입니다.,DART_DOC_800_시스템 점검으로 인한  서비스가 중지 중입니다.,DART corp_code 매칭 / 최근 보고서: 반기보고서 (2026.06) / 공시신뢰도 D,
⚠️,278470,에이피알,371500.0,01190568,에이피알,반기보고서 (2026.06),20260814,D,0,0.0,0,35.0,0,0,0,0,0,DART_DOC_800_시스템 점검으로 인한  서비스가 중지 중입니다.,DART_DOC_800_시스템 점검으로 인한  서비스가 중지 중입니다.,DART corp_code 매칭 / 최근 보고서: 반기보고서 (2026.06) / 공시신뢰도 D,
⚠️,279570,케이뱅크,5290.0,01203312,케이뱅크,반기보고서 (2026.06),20260814,D,0,0.0,0,35.0,0,0,0,0,0,DART_DOC_800_시스템 점검으로 인한  서비스가 중지 중입니다.,DART_DOC_800_시스템 점검으로 인한  서비스가 중지 중입니다.,DART corp_code 매칭 / 최근 보고서: 반기보고서 (2026.06) / 공시신뢰도 D,
⚠️,280360,롯데웰푸드,122700.0,01258507,롯데웰푸드,반기보고서 (2026.06),20260813,D,0,0.0,0,35.0,0,0,0,0,0,DART_DOC_800_시스템 점검으로 인한  서비스가 중지 중입니다.,DART_DOC_800_시스템 점검으로 인한  서비스가 중지 중입니다.,DART corp_code 매칭 / 최근 보고서: 반기보고서 (2026.06) / 공시신뢰도 D,
⚠️,281820,케이씨텍,124000.0,01261893,케이씨텍,반기보고서 (2026.06),20260813,D,0,0.0,0,35.0,0,0,0,0,0,DART_DOC_800_시스템 점검으로 인한  서비스가 중지 중입니다.,DART_DOC_800_시스템 점검으로 인한  서비스가 중지 중입니다.,DART corp_code 매칭 / 최근 보고서: 반기보고서 (2026.06) / 공시신뢰도 D,
⚠️,282330,BGF리테일,126400.0,01263022,BGF리테일,[기재정정]반기보고서 (2026.06),20260814,D,0,0.0,0,35.0,0,0,0,0,0,DART_DOC_800_시스템 점검으로 인한  서비스가 중지 중입니다.,DART_DOC_800_시스템 점검으로 인한  서비스가 중지 중입니다.,DART corp_code 매칭 / 최근 보고서: [기재정정]반기보고서 (2026.06) / 공시신뢰도 D,
⚠️,284740,쿠쿠홈시스,24500.0,01267684,쿠쿠홈시스,반기보고서 (2026.06),20260814,D,0,0.0,0,35.0,0,0,0,0,0,DART_DOC_800_시스템 점검으로 인한  서비스가 중지 중입니다.,DART_DOC_800_시스템 점검으로 인한  서비스가 중지 중입니다.,DART corp_code 매칭 / 최근 보고서: 반기보고서 (2026.06) / 공시신뢰도 D,
⚠️,285130,SK케미칼,51600.0,01267170,SK케미칼,반기보고서 (2026.06),20260813,D,0,0.0,0,35.0,0,0,0,0,0,DART_DOC_800_시스템 점검으로 인한  서비스가 중지 중입니다.,DART_DOC_800_시스템 점검으로 인한  서비스가 중지 중입니다.,DART corp_code 매칭 / 최근 보고서: 반기보고서 (2026.06) / 공시신뢰도 D,
⚠️,286940,롯데이노베이트,17550.0,01262032,롯데이노베이트,반기보고서 (2026.06),20260813,D,0,0.0,0,35.0,0,0,0,0,0,DART_DOC_800_시스템 점검으로 인한  서비스가 중지 중입니다.,DART_DOC_800_시스템 점검으로 인한  서비스가 중지 중입니다.,DART corp_code 매칭 / 최근 보고서: 반기보고서 (2026.06) / 공시신뢰도 D,
⚠️,293480,하나제약,8470.0,00248974,하나제약,반기보고서 (2026.06),20260814,D,0,0.0,0,35.0,0,0,0,0,0,DART_DOC_800_시스템 점검으로 인한  서비스가 중지 중입니다.,DART_DOC_800_시스템 점검으로 인한  서비스가 중지 중입니다.,DART corp_code 매칭 / 최근 보고서: 반기보고서 (2026.06) / 공시신뢰도 D,
⚠️,293940,신한알파리츠,5520.0,01276594,신한알파리츠,반기보고서 (2026.06),20260814,D,0,0.0,0,35.0,0,0,0,0,0,DART_DOC_800_시스템 점검으로 인한  서비스가 중지 중입니다.,DART_DOC_800_시스템 점검으로 인한  서비스가 중지 중입니다.,DART corp_code 매칭 / 최근 보고서: 반기보고서 (2026.06) / 공시신뢰도 D,
⚠️,294870,IPARK현대산업개발,21900.0,01310269,IPARK현대산업개발,[기재정정]반기보고서 (2026.06),20260818,D,0,0.0,0,35.0,0,0,0,0,0,DART_DOC_800_시스템 점검으로 인한  서비스가 중지 중입니다.,DART_DOC_800_시스템 점검으로 인한  서비스가 중지 중입니다.,DART corp_code 매칭 / 최근 보고서: [기재정정]반기보고서 (2026.06) / 공시신뢰도 D,
⚠️,298000,효성화학,51300.0,01316236,효성화학,반기보고서 (2026.06),20260813,D,0,0.0,0,35.0,0,0,0,0,0,DART_DOC_800_시스템 점검으로 인한  서비스가 중지 중입니다.,DART_DOC_800_시스템 점검으로 인한  서비스가 중지 중입니다.,DART corp_code 매칭 / 최근 보고서: 반기보고서 (2026.06) / 공시신뢰도 D,
⚠️,298020,효성티앤씨,277000.0,01316227,효성티앤씨,반기보고서 (2026.06),20260813,D,0,0.0,0,35.0,0,0,0,0,0,DART_DOC_800_시스템 점검으로 인한  서비스가 중지 중입니다.,DART_DOC_800_시스템 점검으로 인한  서비스가 중지 중입니다.,DART corp_code 매칭 / 최근 보고서: 반기보고서 (2026.06) / 공시신뢰도 D,
⚠️,298040,효성중공업,2494000.0,01316245,효성중공업,반기보고서 (2026.06),20260813,D,0,0.0,0,35.0,0,0,0,0,0,DART_DOC_800_시스템 점검으로 인한  서비스가 중지 중입니다.,DART_DOC_800_시스템 점검으로 인한  서비스가 중지 중입니다.,DART corp_code 매칭 / 최근 보고서: 반기보고서 (2026.06) / 공시신뢰도 D,
⚠️,298050,HS효성첨단소재,164700.0,01316254,HS효성첨단소재,반기보고서 (2026.06),20260814,D,0,0.0,0,35.0,0,0,0,0,0,DART_DOC_800_시스템 점검으로 인한  서비스가 중지 중입니다.,DART_DOC_800_시스템 점검으로 인한  서비스가 중지 중입니다.,DART corp_code 매칭 / 최근 보고서: 반기보고서 (2026.06) / 공시신뢰도 D,
⚠️,298690,에어부산,1500.0,00651901,에어부산,반기보고서 (2026.06),20260813,D,0,0.0,0,35.0,0,0,0,0,0,DART_DOC_800_시스템 점검으로 인한  서비스가 중지 중입니다.,DART_DOC_800_시스템 점검으로 인한  서비스가 중지 중입니다.,DART corp_code 매칭 / 최근 보고서: 반기보고서 (2026.06) / 공시신뢰도 D,
⚠️,300720,한일시멘트,16280.0,01319808,한일시멘트,반기보고서 (2026.06),20260814,D,0,0.0,0,35.0,0,0,0,0,0,DART_DOC_800_시스템 점검으로 인한  서비스가 중지 중입니다.,DART_DOC_800_시스템 점검으로 인한  서비스가 중지 중입니다.,DART corp_code 매칭 / 최근 보고서: 반기보고서 (2026.06) / 공시신뢰도 D,
⚠️,302440,SK바이오사이언스,36750.0,01319899,SK바이오사이언스,반기보고서 (2026.06),20260813,D,0,0.0,0,35.0,0,0,0,0,0,DART_DOC_800_시스템 점검으로 인한  서비스가 중지 중입니다.,DART_DOC_800_시스템 점검으로 인한  서비스가 중지 중입니다.,DART corp_code 매칭 / 최근 보고서: 반기보고서 (2026.06) / 공시신뢰도 D,
⚠️,306200,세아제강,145200.0,01325979,세아제강,반기보고서 (2026.06),20260814,D,0,0.0,0,35.0,0,0,0,0,0,DART_DOC_800_시스템 점검으로 인한  서비스가 중지 중입니다.,DART_DOC_800_시스템 점검으로 인한  서비스가 중지 중입니다.,DART corp_code 매칭 / 최근 보고서: 반기보고서 (2026.06) / 공시신뢰도 D,
⚠️,307950,현대오토에버,360500.0,00362441,현대오토에버,반기보고서 (2026.06),20260814,D,0,0.0,0,35.0,0,0,0,0,0,DART_DOC_800_시스템 점검으로 인한  서비스가 중지 중입니다.,DART_DOC_800_시스템 점검으로 인한  서비스가 중지 중입니다.,DART corp_code 매칭 / 최근 보고서: 반기보고서 (2026.06) / 공시신뢰도 D,
⚠️,308170,씨티알모빌리티,3295.0,00450010,씨티알모빌리티,반기보고서 (2026.06),20260814,D,0,0.0,0,35.0,0,0,0,0,0,DART_DOC_800_시스템 점검으로 인한  서비스가 중지 중입니다.,DART_DOC_800_시스템 점검으로 인한  서비스가 중지 중입니다.,DART corp_code 매칭 / 최근 보고서: 반기보고서 (2026.06) / 공시신뢰도 D,
⚠️,316140,우리금융지주,32350.0,01350869,우리금융지주,반기보고서 (2026.06),20260814,D,0,0.0,0,35.0,0,0,0,0,0,DART_DOC_800_시스템 점검으로 인한  서비스가 중지 중입니다.,DART_DOC_800_시스템 점검으로 인한  서비스가 중지 중입니다.,DART corp_code 매칭 / 최근 보고서: 반기보고서 (2026.06) / 공시신뢰도 D,
⚠️,317400,자이에스앤디,9870.0,00367844,자이에스앤디,반기보고서 (2026.06),20260814,D,0,0.0,0,35.0,0,0,0,0,0,DART_DOC_800_시스템 점검으로 인한  서비스가 중지 중입니다.,DART_DOC_800_시스템 점검으로 인한  서비스가 중지 중입니다.,DART corp_code 매칭 / 최근 보고서: 반기보고서 (2026.06) / 공시신뢰도 D,
⚠️,317450,명인제약,42550.0,00179489,명인제약,반기보고서 (2026.06),20260813,D,0,0.0,0,35.0,0,0,0,0,0,DART_DOC_800_시스템 점검으로 인한  서비스가 중지 중입니다.,DART_DOC_800_시스템 점검으로 인한  서비스가 중지 중입니다.,DART corp_code 매칭 / 최근 보고서: 반기보고서 (2026.06) / 공시신뢰도 D,
⚠️,322000,HD현대에너지솔루션,147300.0,01199550,HD현대에너지솔루션,반기보고서 (2026.06),20260814,D,0,0.0,0,35.0,0,0,0,0,0,DART_DOC_800_시스템 점검으로 인한  서비스가 중지 중입니다.,DART_DOC_800_시스템 점검으로 인한  서비스가 중지 중입니다.,DART corp_code 매칭 / 최근 보고서: 반기보고서 (2026.06) / 공시신뢰도 D,
⚠️,323410,카카오뱅크,19470.0,01133217,카카오뱅크,반기보고서 (2026.06),20260814,D,0,0.0,0,35.0,0,0,0,0,0,DART_DOC_800_시스템 점검으로 인한  서비스가 중지 중입니다.,DART_DOC_800_시스템 점검으로 인한  서비스가 중지 중입니다.,DART corp_code 매칭 / 최근 보고서: 반기보고서 (2026.06) / 공시신뢰도 D,
⚠️,326030,SK바이오팜,72700.0,00878696,에스케이바이오팜,반기보고서 (2026.06),20260814,D,0,0.0,0,35.0,0,0,0,0,0,DART_DOC_800_시스템 점검으로 인한  서비스가 중지 중입니다.,DART_DOC_800_시스템 점검으로 인한  서비스가 중지 중입니다.,DART corp_code 매칭 / 최근 보고서: 반기보고서 (2026.06) / 공시신뢰도 D,
⚠️,329180,HD현대중공업,384000.0,01390344,HD현대중공업,반기보고서 (2026.06),20260814,D,0,0.0,0,35.0,0,0,0,0,0,DART_DOC_800_시스템 점검으로 인한  서비스가 중지 중입니다.,DART_DOC_800_시스템 점검으로 인한  서비스가 중지 중입니다.,DART corp_code 매칭 / 최근 보고서: 반기보고서 (2026.06) / 공시신뢰도 D,
⚠️,330590,롯데리츠,4155.0,01363818,롯데리츠,사업보고서 (2026.06),20260921,D,0,0.0,0,35.0,0,0,0,0,0,DART_DOC_800_시스템 점검으로 인한  서비스가 중지 중입니다.,DART_DOC_800_시스템 점검으로 인한  서비스가 중지 중입니다.,DART corp_code 매칭 / 최근 보고서: 사업보고서 (2026.06) / 공시신뢰도 D,
⚠️,334890,이지스밸류플러스리츠,3595.0,01394377,이지스밸류플러스리츠,반기보고서 (2026.05),20260715,D,0,0.0,0,35.0,0,0,0,0,0,DART_DOC_800_시스템 점검으로 인한  서비스가 중지 중입니다.,DART_DOC_800_시스템 점검으로 인한  서비스가 중지 중입니다.,DART corp_code 매칭 / 최근 보고서: 반기보고서 (2026.05) / 공시신뢰도 D,
⚠️,336260,두산퓨얼셀,43750.0,01412725,두산퓨얼셀,반기보고서 (2026.06),20260813,D,0,0.0,0,35.0,0,0,0,0,0,DART_DOC_800_시스템 점검으로 인한  서비스가 중지 중입니다.,DART_DOC_800_시스템 점검으로 인한  서비스가 중지 중입니다.,DART corp_code 매칭 / 최근 보고서: 반기보고서 (2026.06) / 공시신뢰도 D,
⚠️,336370,솔루스첨단소재,8610.0,01412822,솔루스첨단소재,반기보고서 (2026.06),20260814,D,0,0.0,0,35.0,0,0,0,0,0,DART_DOC_800_시스템 점검으로 인한  서비스가 중지 중입니다.,DART_DOC_800_시스템 점검으로 인한  서비스가 중지 중입니다.,DART corp_code 매칭 / 최근 보고서: 반기보고서 (2026.06) / 공시신뢰도 D,
⚠️,338100,NH프라임리츠,3745.0,01391033,NH프라임리츠,[기재정정]사업보고서 (2026.05),20260812,D,0,0.0,0,35.0,0,0,0,0,0,DART_DOC_800_시스템 점검으로 인한  서비스가 중지 중입니다.,DART_DOC_800_시스템 점검으로 인한  서비스가 중지 중입니다.,DART corp_code 매칭 / 최근 보고서: [기재정정]사업보고서 (2026.05) / 공시신뢰도 D,
⚠️,339770,교촌에프앤비,3875.0,00453284,교촌에프앤비,반기보고서 (2026.06),20260814,D,0,0.0,0,35.0,0,0,0,0,0,DART_DOC_800_시스템 점검으로 인한  서비스가 중지 중입니다.,DART_DOC_800_시스템 점검으로 인한  서비스가 중지 중입니다.,DART corp_code 매칭 / 최근 보고서: 반기보고서 (2026.06) / 공시신뢰도 D,
⚠️,344820,KCC글라스,23500.0,01428203,케이씨씨글라스,[기재정정]반기보고서 (2026.06),20260820,D,0,0.0,0,35.0,0,0,0,0,0,DART_DOC_800_시스템 점검으로 인한  서비스가 중지 중입니다.,DART_DOC_800_시스템 점검으로 인한  서비스가 중지 중입니다.,DART corp_code 매칭 / 최근 보고서: [기재정정]반기보고서 (2026.06) / 공시신뢰도 D,
⚠️,348950,제이알글로벌리츠,1182.0,01415892,제이알글로벌리츠,[기재정정]사업보고서 (2026.06),20260930,D,0,0.0,0,35.0,0,0,0,0,0,DART_DOC_800_시스템 점검으로 인한  서비스가 중지 중입니다.,DART_DOC_800_시스템 점검으로 인한  서비스가 중지 중입니다.,DART corp_code 매칭 / 최근 보고서: [기재정정]사업보고서 (2026.06) / 공시신뢰도 D,
⚠️,350520,이지스레지던스리츠,3205.0,01436628,이지스레지던스리츠,[기재정정]사업보고서 (2026.06),20260911,D,0,0.0,0,35.0,0,0,0,0,0,DART_DOC_800_시스템 점검으로 인한  서비스가 중지 중입니다.,DART_DOC_800_시스템 점검으로 인한  서비스가 중지 중입니다.,DART corp_code 매칭 / 최근 보고서: [기재정정]사업보고서 (2026.06) / 공시신뢰도 D,
⚠️,352820,하이브,163900.0,01204056,하이브,반기보고서 (2026.06),20260814,D,0,0.0,0,35.0,0,0,0,0,0,DART_DOC_800_시스템 점검으로 인한  서비스가 중지 중입니다.,DART_DOC_800_시스템 점검으로 인한  서비스가 중지 중입니다.,DART corp_code 매칭 / 최근 보고서: 반기보고서 (2026.06) / 공시신뢰도 D,
⚠️,353200,대덕전자,157700.0,01478712,대덕전자,반기보고서 (2026.06),20260813,D,0,0.0,0,35.0,0,0,0,0,0,DART_DOC_800_시스템 점검으로 인한  서비스가 중지 중입니다.,DART_DOC_800_시스템 점검으로 인한  서비스가 중지 중입니다.,DART corp_code 매칭 / 최근 보고서: 반기보고서 (2026.06) / 공시신뢰도 D,
⚠️,357120,코람코라이프인프라리츠,4070.0,01430475,코람코라이프인프라리츠,사업보고서 (2026.05),20260814,D,0,0.0,0,35.0,0,0,0,0,0,DART_DOC_800_시스템 점검으로 인한  서비스가 중지 중입니다.,DART_DOC_800_시스템 점검으로 인한  서비스가 중지 중입니다.,DART corp_code 매칭 / 최근 보고서: 사업보고서 (2026.05) / 공시신뢰도 D,
⚠️,357250,미래에셋맵스리츠,1825.0,01437292,미래에셋맵스리츠,사업보고서 (2026.05),20260819,D,0,0.0,0,35.0,0,0,0,0,0,DART_DOC_800_시스템 점검으로 인한  서비스가 중지 중입니다.,DART_DOC_800_시스템 점검으로 인한  서비스가 중지 중입니다.,DART corp_code 매칭 / 최근 보고서: 사업보고서 (2026.05) / 공시신뢰도 D,
⚠️,357430,마스턴프리미어리츠,779.0,01442966,마스턴프리미어리츠,반기보고서 (2026.06),20260813,D,0,0.0,0,35.0,0,0,0,0,0,DART_DOC_800_시스템 점검으로 인한  서비스가 중지 중입니다.,DART_DOC_800_시스템 점검으로 인한  서비스가 중지 중입니다.,DART corp_code 매칭 / 최근 보고서: 반기보고서 (2026.06) / 공시신뢰도 D,
⚠️,361610,SK아이이테크놀로지,18600.0,01386916,SK아이이테크놀로지,반기보고서 (2026.06),20260814,D,0,0.0,0,35.0,0,0,0,0,0,DART_DOC_800_시스템 점검으로 인한  서비스가 중지 중입니다.,DART_DOC_800_시스템 점검으로 인한  서비스가 중지 중입니다.,DART corp_code 매칭 / 최근 보고서: 반기보고서 (2026.06) / 공시신뢰도 D,
⚠️,363280,티와이홀딩스,2000.0,01497869,티와이홀딩스,반기보고서 (2026.06),20260814,D,0,0.0,0,35.0,0,0,0,0,0,DART_DOC_800_시스템 점검으로 인한  서비스가 중지 중입니다.,DART_DOC_800_시스템 점검으로 인한  서비스가 중지 중입니다.,DART corp_code 매칭 / 최근 보고서: 반기보고서 (2026.06) / 공시신뢰도 D,
⚠️,365550,ESR켄달스퀘어리츠,3095.0,01437186,ESR켄달스퀘어리츠,사업보고서 (2026.05),20260814,D,0,0.0,0,35.0,0,0,0,0,0,DART_DOC_800_시스템 점검으로 인한  서비스가 중지 중입니다.,DART_DOC_800_시스템 점검으로 인한  서비스가 중지 중입니다.,DART corp_code 매칭 / 최근 보고서: 사업보고서 (2026.05) / 공시신뢰도 D,
⚠️,372910,한컴라이프케어,2085.0,00534598,한컴라이프케어,[기재정정]반기보고서 (2026.06),20260826,D,0,0.0,0,35.0,0,0,0,0,0,DART_DOC_800_시스템 점검으로 인한  서비스가 중지 중입니다.,DART_DOC_800_시스템 점검으로 인한  서비스가 중지 중입니다.,DART corp_code 매칭 / 최근 보고서: [기재정정]반기보고서 (2026.06) / 공시신뢰도 D,
⚠️,373220,LG에너지솔루션,401000.0,01515323,LG에너지솔루션,반기보고서 (2026.06),20260813,D,0,0.0,0,35.0,0,0,0,0,0,DART_DOC_800_시스템 점검으로 인한  서비스가 중지 중입니다.,DART_DOC_800_시스템 점검으로 인한  서비스가 중지 중입니다.,DART corp_code 매칭 / 최근 보고서: 반기보고서 (2026.06) / 공시신뢰도 D,
⚠️,375500,DL이앤씨,67400.0,01524093,DL이앤씨,반기보고서 (2026.06),20260814,D,0,0.0,0,35.0,0,0,0,0,0,DART_DOC_800_시스템 점검으로 인한  서비스가 중지 중입니다.,DART_DOC_800_시스템 점검으로 인한  서비스가 중지 중입니다.,DART corp_code 매칭 / 최근 보고서: 반기보고서 (2026.06) / 공시신뢰도 D,
⚠️,377190,디앤디플랫폼리츠,1983.0,01475609,디앤디플랫폼리츠,반기보고서 (2026.06),20260814,D,0,0.0,0,35.0,0,0,0,0,0,DART_DOC_800_시스템 점검으로 인한  서비스가 중지 중입니다.,DART_DOC_800_시스템 점검으로 인한  서비스가 중지 중입니다.,DART corp_code 매칭 / 최근 보고서: 반기보고서 (2026.06) / 공시신뢰도 D,
⚠️,377300,카카오페이,38450.0,01244601,카카오페이,반기보고서 (2026.06),20260814,D,0,0.0,0,35.0,0,0,0,0,0,DART_DOC_800_시스템 점검으로 인한  서비스가 중지 중입니다.,DART_DOC_800_시스템 점검으로 인한  서비스가 중지 중입니다.,DART corp_code 매칭 / 최근 보고서: 반기보고서 (2026.06) / 공시신뢰도 D,
⚠️,377740,바이오노트,4640.0,00622787,바이오노트,반기보고서 (2026.06),20260813,D,0,0.0,0,35.0,0,0,0,0,0,DART_DOC_800_시스템 점검으로 인한  서비스가 중지 중입니다.,DART_DOC_800_시스템 점검으로 인한  서비스가 중지 중입니다.,DART corp_code 매칭 / 최근 보고서: 반기보고서 (2026.06) / 공시신뢰도 D,
⚠️,378850,화승알앤에이,2765.0,01532603,화승알앤에이,반기보고서 (2026.06),20260814,D,0,0.0,0,35.0,0,0,0,0,0,DART_DOC_800_시스템 점검으로 인한  서비스가 중지 중입니다.,DART_DOC_800_시스템 점검으로 인한  서비스가 중지 중입니다.,DART corp_code 매칭 / 최근 보고서: 반기보고서 (2026.06) / 공시신뢰도 D,
⚠️,381970,KG모빌리티플랫폼,6280.0,01323032,KG모빌리티플랫폼,반기보고서 (2026.06),20260814,D,0,0.0,0,35.0,0,0,0,0,0,DART_DOC_800_시스템 점검으로 인한  서비스가 중지 중입니다.,DART_DOC_800_시스템 점검으로 인한  서비스가 중지 중입니다.,DART corp_code 매칭 / 최근 보고서: 반기보고서 (2026.06) / 공시신뢰도 D,
⚠️,383220,F&F,73900.0,01568413,F&F,반기보고서 (2026.06),20260814,D,0,0.0,0,35.0,0,0,0,0,0,DART_DOC_800_시스템 점검으로 인한  서비스가 중지 중입니다.,DART_DOC_800_시스템 점검으로 인한  서비스가 중지 중입니다.,DART corp_code 매칭 / 최근 보고서: 반기보고서 (2026.06) / 공시신뢰도 D,
⚠️,383800,LX홀딩스,8100.0,01562589,LX홀딩스,반기보고서 (2026.06),20260814,D,0,0.0,0,35.0,0,0,0,0,0,DART_DOC_800_시스템 점검으로 인한  서비스가 중지 중입니다.,DART_DOC_800_시스템 점검으로 인한  서비스가 중지 중입니다.,DART corp_code 매칭 / 최근 보고서: 반기보고서 (2026.06) / 공시신뢰도 D,
⚠️,395400,SK리츠,5290.0,01535150,SK리츠,사업보고서 (2026.06),20260908,D,0,0.0,0,35.0,0,0,0,0,0,DART_DOC_800_시스템 점검으로 인한  서비스가 중지 중입니다.,DART_DOC_800_시스템 점검으로 인한  서비스가 중지 중입니다.,DART corp_code 매칭 / 최근 보고서: 사업보고서 (2026.06) / 공시신뢰도 D,
⚠️,396690,미래에셋글로벌리츠,1337.0,01576102,미래에셋글로벌리츠,반기보고서 (2026.06),20260814,D,0,0.0,0,35.0,0,0,0,0,0,DART_DOC_800_시스템 점검으로 인한  서비스가 중지 중입니다.,DART_DOC_800_시스템 점검으로 인한  서비스가 중지 중입니다.,DART corp_code 매칭 / 최근 보고서: 반기보고서 (2026.06) / 공시신뢰도 D,
⚠️,400760,NH올원리츠,2805.0,01480780,NH올원리츠,사업보고서 (2026.06),20260911,D,0,0.0,0,35.0,0,0,0,0,0,DART_DOC_800_시스템 점검으로 인한  서비스가 중지 중입니다.,DART_DOC_800_시스템 점검으로 인한  서비스가 중지 중입니다.,DART corp_code 매칭 / 최근 보고서: 사업보고서 (2026.06) / 공시신뢰도 D,
⚠️,402340,SK스퀘어,1050000.0,01596425,SK스퀘어,[기재정정]반기보고서 (2026.06),20260814,D,0,0.0,0,35.0,0,0,0,0,0,DART_DOC_800_시스템 점검으로 인한  서비스가 중지 중입니다.,DART_DOC_800_시스템 점검으로 인한  서비스가 중지 중입니다.,DART corp_code 매칭 / 최근 보고서: [기재정정]반기보고서 (2026.06) / 공시신뢰도 D,
⚠️,403550,쏘카,11120.0,01026157,쏘카,반기보고서 (2026.06),20260813,D,0,0.0,0,35.0,0,0,0,0,0,DART_DOC_800_시스템 점검으로 인한  서비스가 중지 중입니다.,DART_DOC_800_시스템 점검으로 인한  서비스가 중지 중입니다.,DART corp_code 매칭 / 최근 보고서: 반기보고서 (2026.06) / 공시신뢰도 D,
⚠️,404990,신한서부티엔디리츠,3860.0,01436558,신한서부티엔디리츠,사업보고서 (2026.06),20260831,D,0,0.0,0,35.0,0,0,0,0,0,DART_DOC_800_시스템 점검으로 인한  서비스가 중지 중입니다.,DART_DOC_800_시스템 점검으로 인한  서비스가 중지 중입니다.,DART corp_code 매칭 / 최근 보고서: 사업보고서 (2026.06) / 공시신뢰도 D,
⚠️,417310,코람코더원리츠,2385.0,01180118,코람코더원리츠,사업보고서 (2026.05),20260813,D,0,0.0,0,35.0,0,0,0,0,0,DART_DOC_800_시스템 점검으로 인한  서비스가 중지 중입니다.,DART_DOC_800_시스템 점검으로 인한  서비스가 중지 중입니다.,DART corp_code 매칭 / 최근 보고서: 사업보고서 (2026.05) / 공시신뢰도 D,
⚠️,432320,KB스타리츠,1625.0,01622720,KB스타리츠,반기보고서 (2026.04),20260615,D,0,0.0,0,35.0,0,0,0,0,0,DART_DOC_800_시스템 점검으로 인한  서비스가 중지 중입니다.,DART_DOC_800_시스템 점검으로 인한  서비스가 중지 중입니다.,DART corp_code 매칭 / 최근 보고서: 반기보고서 (2026.04) / 공시신뢰도 D,
⚠️,439260,대한조선,45100.0,00182696,대한조선,반기보고서 (2026.06),20260814,D,0,0.0,0,35.0,0,0,0,0,0,DART_DOC_800_시스템 점검으로 인한  서비스가 중지 중입니다.,DART_DOC_800_시스템 점검으로 인한  서비스가 중지 중입니다.,DART corp_code 매칭 / 최근 보고서: 반기보고서 (2026.06) / 공시신뢰도 D,
⚠️,443060,HD현대마린솔루션,219500.0,01194689,HD현대마린솔루션,반기보고서 (2026.06),20260814,D,0,0.0,0,35.0,0,0,0,0,0,DART_DOC_800_시스템 점검으로 인한  서비스가 중지 중입니다.,DART_DOC_800_시스템 점검으로 인한  서비스가 중지 중입니다.,DART corp_code 매칭 / 최근 보고서: 반기보고서 (2026.06) / 공시신뢰도 D,
⚠️,446070,유니드비티플러스,3940.0,01702017,유니드비티플러스,반기보고서 (2026.06),20260814,D,0,0.0,0,35.0,0,0,0,0,0,DART_DOC_800_시스템 점검으로 인한  서비스가 중지 중입니다.,DART_DOC_800_시스템 점검으로 인한  서비스가 중지 중입니다.,DART corp_code 매칭 / 최근 보고서: 반기보고서 (2026.06) / 공시신뢰도 D,
⚠️,448730,삼성FN리츠,5130.0,01688896,삼성FN리츠,사업보고서 (2026.07),20261007,D,0,0.0,0,35.0,0,0,0,0,0,DART_DOC_800_시스템 점검으로 인한  서비스가 중지 중입니다.,DART_DOC_800_시스템 점검으로 인한  서비스가 중지 중입니다.,DART corp_code 매칭 / 최근 보고서: 사업보고서 (2026.07) / 공시신뢰도 D,
⚠️,450080,에코프로머티,37650.0,01311408,에코프로머티,반기보고서 (2026.06),20260814,D,0,0.0,0,35.0,0,0,0,0,0,DART_DOC_800_시스템 점검으로 인한  서비스가 중지 중입니다.,DART_DOC_800_시스템 점검으로 인한  서비스가 중지 중입니다.,DART corp_code 매칭 / 최근 보고서: 반기보고서 (2026.06) / 공시신뢰도 D,
⚠️,451800,한화리츠,5460.0,01669226,한화리츠,반기보고서 (2026.07),20260914,D,0,0.0,0,35.0,0,0,0,0,0,DART_DOC_800_시스템 점검으로 인한  서비스가 중지 중입니다.,DART_DOC_800_시스템 점검으로 인한  서비스가 중지 중입니다.,DART corp_code 매칭 / 최근 보고서: 반기보고서 (2026.07) / 공시신뢰도 D,
⚠️,452260,한화갤러리아,2545.0,01722437,한화갤러리아,반기보고서 (2026.06),20260813,D,0,0.0,0,35.0,0,0,0,0,0,DART_DOC_800_시스템 점검으로 인한  서비스가 중지 중입니다.,DART_DOC_800_시스템 점검으로 인한  서비스가 중지 중입니다.,DART corp_code 매칭 / 최근 보고서: 반기보고서 (2026.06) / 공시신뢰도 D,
⚠️,453340,현대그린푸드,19030.0,01721809,현대그린푸드,반기보고서 (2026.06),20260814,D,0,0.0,0,35.0,0,0,0,0,0,DART_DOC_800_시스템 점검으로 인한  서비스가 중지 중입니다.,DART_DOC_800_시스템 점검으로 인한  서비스가 중지 중입니다.,DART corp_code 매칭 / 최근 보고서: 반기보고서 (2026.06) / 공시신뢰도 D,
⚠️,454910,두산로보틱스,69000.0,01105153,두산로보틱스,반기보고서 (2026.06),20260814,D,0,0.0,0,35.0,0,0,0,0,0,DART_DOC_800_시스템 점검으로 인한  서비스가 중지 중입니다.,DART_DOC_800_시스템 점검으로 인한  서비스가 중지 중입니다.,DART corp_code 매칭 / 최근 보고서: 반기보고서 (2026.06) / 공시신뢰도 D,
⚠️,456040,OCI,71200.0,01760738,OCI,반기보고서 (2026.06),20260813,D,0,0.0,0,35.0,0,0,0,0,0,DART_DOC_800_시스템 점검으로 인한  서비스가 중지 중입니다.,DART_DOC_800_시스템 점검으로 인한  서비스가 중지 중입니다.,DART corp_code 매칭 / 최근 보고서: 반기보고서 (2026.06) / 공시신뢰도 D,
⚠️,457190,이수스페셜티케미컬,80700.0,01762569,이수스페셜티케미컬,반기보고서 (2026.06),20260814,D,0,0.0,0,35.0,0,0,0,0,0,DART_DOC_800_시스템 점검으로 인한  서비스가 중지 중입니다.,DART_DOC_800_시스템 점검으로 인한  서비스가 중지 중입니다.,DART corp_code 매칭 / 최근 보고서: 반기보고서 (2026.06) / 공시신뢰도 D,
⚠️,460850,동국씨엠,5190.0,01765256,동국씨엠,반기보고서 (2026.06),20260814,D,0,0.0,0,35.0,0,0,0,0,0,DART_DOC_800_시스템 점검으로 인한  서비스가 중지 중입니다.,DART_DOC_800_시스템 점검으로 인한  서비스가 중지 중입니다.,DART corp_code 매칭 / 최근 보고서: 반기보고서 (2026.06) / 공시신뢰도 D,
⚠️,460860,동국제강,9420.0,01765265,동국제강,반기보고서 (2026.06),20260814,D,0,0.0,0,35.0,0,0,0,0,0,DART_DOC_800_시스템 점검으로 인한  서비스가 중지 중입니다.,DART_DOC_800_시스템 점검으로 인한  서비스가 중지 중입니다.,DART corp_code 매칭 / 최근 보고서: 반기보고서 (2026.06) / 공시신뢰도 D,
⚠️,462520,조선내화,12340.0,01770203,조선내화,[기재정정]반기보고서 (2026.06),20260930,D,0,0.0,0,35.0,0,0,0,0,0,DART_DOC_800_시스템 점검으로 인한  서비스가 중지 중입니다.,DART_DOC_800_시스템 점검으로 인한  서비스가 중지 중입니다.,DART corp_code 매칭 / 최근 보고서: [기재정정]반기보고서 (2026.06) / 공시신뢰도 D,
⚠️,462870,시프트업,30750.0,01384787,시프트업,반기보고서 (2026.06),20260814,D,0,0.0,0,35.0,0,0,0,0,0,DART_DOC_800_시스템 점검으로 인한  서비스가 중지 중입니다.,DART_DOC_800_시스템 점검으로 인한  서비스가 중지 중입니다.,DART corp_code 매칭 / 최근 보고서: 반기보고서 (2026.06) / 공시신뢰도 D,
⚠️,465770,STX그린로지스,2170.0,01784394,STX그린로지스,반기보고서 (2026.06),20260814,D,0,0.0,0,35.0,0,0,0,0,0,DART_DOC_800_시스템 점검으로 인한  서비스가 중지 중입니다.,DART_DOC_800_시스템 점검으로 인한  서비스가 중지 중입니다.,DART corp_code 매칭 / 최근 보고서: 반기보고서 (2026.06) / 공시신뢰도 D,
⚠️,475150,SK이터닉스,46000.0,01817081,SK이터닉스,반기보고서 (2026.06),20260813,D,0,0.0,0,35.0,0,0,0,0,0,DART_DOC_800_시스템 점검으로 인한  서비스가 중지 중입니다.,DART_DOC_800_시스템 점검으로 인한  서비스가 중지 중입니다.,DART corp_code 매칭 / 최근 보고서: 반기보고서 (2026.06) / 공시신뢰도 D,
⚠️,475560,더본코리아,14100.0,00968607,더본코리아,반기보고서 (2026.06),20260814,D,0,0.0,0,35.0,0,0,0,0,0,DART_DOC_800_시스템 점검으로 인한  서비스가 중지 중입니다.,DART_DOC_800_시스템 점검으로 인한  서비스가 중지 중입니다.,DART corp_code 매칭 / 최근 보고서: 반기보고서 (2026.06) / 공시신뢰도 D,
⚠️,480370,씨케이솔루션,2295.0,01210677,씨케이솔루션,반기보고서 (2026.06),20260814,D,0,0.0,0,35.0,0,0,0,0,0,DART_DOC_800_시스템 점검으로 인한  서비스가 중지 중입니다.,DART_DOC_800_시스템 점검으로 인한  서비스가 중지 중입니다.,DART corp_code 매칭 / 최근 보고서: 반기보고서 (2026.06) / 공시신뢰도 D,
⚠️,481850,신한글로벌액티브리츠,976.0,01714997,신한글로벌액티브리츠,반기보고서 (2026.05),20260715,D,0,0.0,0,35.0,0,0,0,0,0,DART_DOC_800_시스템 점검으로 인한  서비스가 중지 중입니다.,DART_DOC_800_시스템 점검으로 인한  서비스가 중지 중입니다.,DART corp_code 매칭 / 최근 보고서: 반기보고서 (2026.05) / 공시신뢰도 D,
⚠️,483650,달바글로벌,175000.0,01649204,달바글로벌,반기보고서 (2026.06),20260814,D,0,0.0,0,35.0,0,0,0,0,0,DART_DOC_800_시스템 점검으로 인한  서비스가 중지 중입니다.,DART_DOC_800_시스템 점검으로 인한  서비스가 중지 중입니다.,DART corp_code 매칭 / 최근 보고서: 반기보고서 (2026.06) / 공시신뢰도 D,
⚠️,484870,엠앤씨솔루션,18500.0,01519790,엠앤씨솔루션,반기보고서 (2026.06),20260814,D,0,0.0,0,35.0,0,0,0,0,0,DART_DOC_800_시스템 점검으로 인한  서비스가 중지 중입니다.,DART_DOC_800_시스템 점검으로 인한  서비스가 중지 중입니다.,DART corp_code 매칭 / 최근 보고서: 반기보고서 (2026.06) / 공시신뢰도 D,
⚠️,487570,HS효성,50700.0,01854763,HS효성,반기보고서 (2026.06),20260814,D,0,0.0,0,35.0,0,0,0,0,0,DART_DOC_800_시스템 점검으로 인한  서비스가 중지 중입니다.,DART_DOC_800_시스템 점검으로 인한  서비스가 중지 중입니다.,DART corp_code 매칭 / 최근 보고서: 반기보고서 (2026.06) / 공시신뢰도 D,
⚠️,489790,한화비전,49050.0,01867758,한화비전,반기보고서 (2026.06),20260813,D,0,0.0,0,35.0,0,0,0,0,0,DART_DOC_800_시스템 점검으로 인한  서비스가 중지 중입니다.,DART_DOC_800_시스템 점검으로 인한  서비스가 중지 중입니다.,DART corp_code 매칭 / 최근 보고서: 반기보고서 (2026.06) / 공시신뢰도 D,
⚠️,499790,GS피앤엘,37200.0,01882845,GS피앤엘,반기보고서 (2026.06),20260814,D,0,0.0,0,35.0,0,0,0,0,0,DART_DOC_800_시스템 점검으로 인한  서비스가 중지 중입니다.,DART_DOC_800_시스템 점검으로 인한  서비스가 중지 중입니다.,DART corp_code 매칭 / 최근 보고서: 반기보고서 (2026.06) / 공시신뢰도 D,
⚠️,900140,엘브이엠씨홀딩스,1146.0,00838500,엘브이엠씨,반기보고서 (2026.06),20260828,D,0,0.0,0,35.0,0,0,0,0,0,DART_DOC_800_시스템 점검으로 인한  서비스가 중지 중입니다.,DART_DOC_800_시스템 점검으로 인한  서비스가 중지 중입니다.,DART corp_code 매칭 / 최근 보고서: 반기보고서 (2026.06) / 공시신뢰도 D,
⚠️,950210,프레스티지바이오파마,5960.0,01510489,프레스티지바이오파마,[기재정정]사업보고서 (2026.06),20260923,D,0,0.0,0,35.0,0,0,0,0,0,DART_DOC_800_시스템 점검으로 인한  서비스가 중지 중입니다.,DART_DOC_800_시스템 점검으로 인한  서비스가 중지 중입니다.,DART corp_code 매칭 / 최근 보고서: [기재정정]사업보고서 (2026.06) / 공시신뢰도 D,
🟡,002200,한국수출포장,2755.0,02042949,한화머시너리앤서비스홀딩스,,,C,0,0.0,0,4.0,0,0,0,0,0,DART_LIST_013_조회된 데이타가 없습니다.,NO_DOCUMENT,DART corp_code 매칭 / 최근 정기보고서 확인 부족 / 공시신뢰도 C,
🟡,088980,맥쿼리인프라,9750.0,00435297,맥쿼리인프라,,,C,0,0.0,0,4.0,0,0,0,0,0,DART_LIST_013_조회된 데이타가 없습니다.,NO_DOCUMENT,DART corp_code 매칭 / 최근 정기보고서 확인 부족 / 공시신뢰도 C,
🟡,094800,맵스리얼티,7470.0,00600013,맵스리얼티,,,C,0,0.0,0,4.0,0,0,0,0,0,DART_LIST_013_조회된 데이타가 없습니다.,NO_DOCUMENT,DART corp_code 매칭 / 최근 정기보고서 확인 부족 / 공시신뢰도 C,
🟡,415640,KB발해인프라,10040.0,01880801,KB발해인프라,,,C,0,0.0,0,4.0,0,0,0,0,0,DART_LIST_013_조회된 데이타가 없습니다.,NO_DOCUMENT,DART corp_code 매칭 / 최근 정기보고서 확인 부족 / 공시신뢰도 C,
⚠️,000087,하이트진로2우B,12320.0,,,,,D,0,0.0,0,-15.0,0,0,0,0,0,NO_CORP_CODE,NO_CORP_CODE,DART corp_code 미매칭 / 최근 정기보고서 확인 부족 / 공시신뢰도 D,
⚠️,000105,유한양행우,64000.0,,,,,D,0,0.0,0,-15.0,0,0,0,0,0,NO_CORP_CODE,NO_CORP_CODE,DART corp_code 미매칭 / 최근 정기보고서 확인 부족 / 공시신뢰도 D,
⚠️,000145,하이트진로홀딩스우,9000.0,,,,,D,0,0.0,0,-15.0,0,0,0,0,0,NO_CORP_CODE,NO_CORP_CODE,DART corp_code 미매칭 / 최근 정기보고서 확인 부족 / 공시신뢰도 D,
⚠️,000155,두산우,432000.0,,,,,D,0,0.0,0,-15.0,0,0,0,0,0,NO_CORP_CODE,NO_CORP_CODE,DART corp_code 미매칭 / 최근 정기보고서 확인 부족 / 공시신뢰도 D,
⚠️,000157,두산2우B,355500.0,,,,,D,0,0.0,0,-15.0,0,0,0,0,0,NO_CORP_CODE,NO_CORP_CODE,DART corp_code 미매칭 / 최근 정기보고서 확인 부족 / 공시신뢰도 D,
⚠️,000215,DL우,23800.0,,,,,D,0,0.0,0,-15.0,0,0,0,0,0,NO_CORP_CODE,NO_CORP_CODE,DART corp_code 미매칭 / 최근 정기보고서 확인 부족 / 공시신뢰도 D,
⚠️,000225,유유제약1우,3605.0,,,,,D,0,0.0,0,-15.0,0,0,0,0,0,NO_CORP_CODE,NO_CORP_CODE,DART corp_code 미매칭 / 최근 정기보고서 확인 부족 / 공시신뢰도 D,
⚠️,000227,유유제약2우B,7980.0,,,,,D,0,0.0,0,-15.0,0,0,0,0,0,NO_CORP_CODE,NO_CORP_CODE,DART corp_code 미매칭 / 최근 정기보고서 확인 부족 / 공시신뢰도 D,
⚠️,000325,노루홀딩스우,28450.0,,,,,D,0,0.0,0,-15.0,0,0,0,0,0,NO_CORP_CODE,NO_CORP_CODE,DART corp_code 미매칭 / 최근 정기보고서 확인 부족 / 공시신뢰도 D,
⚠️,000545,흥국화재우,5620.0,,,,,D,0,0.0,0,-15.0,0,0,0,0,0,NO_CORP_CODE,NO_CORP_CODE,DART corp_code 미매칭 / 최근 정기보고서 확인 부족 / 공시신뢰도 D,
⚠️,000725,현대건설우,50300.0,,,,,D,0,0.0,0,-15.0,0,0,0,0,0,NO_CORP_CODE,NO_CORP_CODE,DART corp_code 미매칭 / 최근 정기보고서 확인 부족 / 공시신뢰도 D,
⚠️,000815,삼성화재우,386000.0,,,,,D,0,0.0,0,-15.0,0,0,0,0,0,NO_CORP_CODE,NO_CORP_CODE,DART corp_code 미매칭 / 최근 정기보고서 확인 부족 / 공시신뢰도 D,
⚠️,001045,CJ우,66400.0,,,,,D,0,0.0,0,-15.0,0,0,0,0,0,NO_CORP_CODE,NO_CORP_CODE,DART corp_code 미매칭 / 최근 정기보고서 확인 부족 / 공시신뢰도 D,
⚠️,001065,JW중외제약우,21900.0,,,,,D,0,0.0,0,-15.0,0,0,0,0,0,NO_CORP_CODE,NO_CORP_CODE,DART corp_code 미매칭 / 최근 정기보고서 확인 부족 / 공시신뢰도 D,
⚠️,001067,JW중외제약2우B,49950.0,,,,,D,0,0.0,0,-15.0,0,0,0,0,0,NO_CORP_CODE,NO_CORP_CODE,DART corp_code 미매칭 / 최근 정기보고서 확인 부족 / 공시신뢰도 D,
⚠️,001275,부국증권우,30450.0,,,,,D,0,0.0,0,-15.0,0,0,0,0,0,NO_CORP_CODE,NO_CORP_CODE,DART corp_code 미매칭 / 최근 정기보고서 확인 부족 / 공시신뢰도 D,
⚠️,001465,BYC우,26850.0,,,,,D,0,0.0,0,-15.0,0,0,0,0,0,NO_CORP_CODE,NO_CORP_CODE,DART corp_code 미매칭 / 최근 정기보고서 확인 부족 / 공시신뢰도 D,
⚠️,001515,SK증권우,3960.0,,,,,D,0,0.0,0,-15.0,0,0,0,0,0,NO_CORP_CODE,NO_CORP_CODE,DART corp_code 미매칭 / 최근 정기보고서 확인 부족 / 공시신뢰도 D,
⚠️,001525,동양우,7200.0,,,,,D,0,0.0,0,-15.0,0,0,0,0,0,NO_CORP_CODE,NO_CORP_CODE,DART corp_code 미매칭 / 최근 정기보고서 확인 부족 / 공시신뢰도 D,
⚠️,001527,동양2우B,4995.0,,,,,D,0,0.0,0,-15.0,0,0,0,0,0,NO_CORP_CODE,NO_CORP_CODE,DART corp_code 미매칭 / 최근 정기보고서 확인 부족 / 공시신뢰도 D,
⚠️,001685,대상우,14710.0,,,,,D,0,0.0,0,-15.0,0,0,0,0,0,NO_CORP_CODE,NO_CORP_CODE,DART corp_code 미매칭 / 최근 정기보고서 확인 부족 / 공시신뢰도 D,
⚠️,001755,한양증권우,19130.0,,,,,D,0,0.0,0,-15.0,0,0,0,0,0,NO_CORP_CODE,NO_CORP_CODE,DART corp_code 미매칭 / 최근 정기보고서 확인 부족 / 공시신뢰도 D,
⚠️,001795,대한제당우,2110.0,,,,,D,0,0.0,0,-15.0,0,0,0,0,0,NO_CORP_CODE,NO_CORP_CODE,DART corp_code 미매칭 / 최근 정기보고서 확인 부족 / 공시신뢰도 D,
⚠️,002025,코오롱우,12850.0,,,,,D,0,0.0,0,-15.0,0,0,0,0,0,NO_CORP_CODE,NO_CORP_CODE,DART corp_code 미매칭 / 최근 정기보고서 확인 부족 / 공시신뢰도 D,
⚠️,002355,넥센타이어1우B,3955.0,,,,,D,0,0.0,0,-15.0,0,0,0,0,0,NO_CORP_CODE,NO_CORP_CODE,DART corp_code 미매칭 / 최근 정기보고서 확인 부족 / 공시신뢰도 D,
⚠️,002785,진흥기업우B,6620.0,,,,,D,0,0.0,0,-15.0,0,0,0,0,0,NO_CORP_CODE,NO_CORP_CODE,DART corp_code 미매칭 / 최근 정기보고서 확인 부족 / 공시신뢰도 D,
⚠️,002787,진흥기업2우B,9970.0,,,,,D,0,0.0,0,-15.0,0,0,0,0,0,NO_CORP_CODE,NO_CORP_CODE,DART corp_code 미매칭 / 최근 정기보고서 확인 부족 / 공시신뢰도 D,
⚠️,002795,아모레퍼시픽홀딩스우,11130.0,,,,,D,0,0.0,0,-15.0,0,0,0,0,0,NO_CORP_CODE,NO_CORP_CODE,DART corp_code 미매칭 / 최근 정기보고서 확인 부족 / 공시신뢰도 D,
⚠️,002995,금호건설우,14900.0,,,,,D,0,0.0,0,-15.0,0,0,0,0,0,NO_CORP_CODE,NO_CORP_CODE,DART corp_code 미매칭 / 최근 정기보고서 확인 부족 / 공시신뢰도 D,
⚠️,003075,코오롱글로벌우,12170.0,,,,,D,0,0.0,0,-15.0,0,0,0,0,0,NO_CORP_CODE,NO_CORP_CODE,DART corp_code 미매칭 / 최근 정기보고서 확인 부족 / 공시신뢰도 D,
⚠️,003465,유화증권우,3200.0,,,,,D,0,0.0,0,-15.0,0,0,0,0,0,NO_CORP_CODE,NO_CORP_CODE,DART corp_code 미매칭 / 최근 정기보고서 확인 부족 / 공시신뢰도 D,
⚠️,003475,유안타증권우,4115.0,,,,,D,0,0.0,0,-15.0,0,0,0,0,0,NO_CORP_CODE,NO_CORP_CODE,DART corp_code 미매칭 / 최근 정기보고서 확인 부족 / 공시신뢰도 D,
⚠️,003495,대한항공우,21900.0,,,,,D,0,0.0,0,-15.0,0,0,0,0,0,NO_CORP_CODE,NO_CORP_CODE,DART corp_code 미매칭 / 최근 정기보고서 확인 부족 / 공시신뢰도 D,
⚠️,003535,한화투자증권우,6530.0,,,,,D,0,0.0,0,-15.0,0,0,0,0,0,NO_CORP_CODE,NO_CORP_CODE,DART corp_code 미매칭 / 최근 정기보고서 확인 부족 / 공시신뢰도 D,
⚠️,003545,대신증권우,19800.0,,,,,D,0,0.0,0,-15.0,0,0,0,0,0,NO_CORP_CODE,NO_CORP_CODE,DART corp_code 미매칭 / 최근 정기보고서 확인 부족 / 공시신뢰도 D,
⚠️,003547,대신증권2우B,18890.0,,,,,D,0,0.0,0,-15.0,0,0,0,0,0,NO_CORP_CODE,NO_CORP_CODE,DART corp_code 미매칭 / 최근 정기보고서 확인 부족 / 공시신뢰도 D,
⚠️,003555,LG우,68000.0,,,,,D,0,0.0,0,-15.0,0,0,0,0,0,NO_CORP_CODE,NO_CORP_CODE,DART corp_code 미매칭 / 최근 정기보고서 확인 부족 / 공시신뢰도 D,
⚠️,003925,남양유업우,29950.0,,,,,D,0,0.0,0,-15.0,0,0,0,0,0,NO_CORP_CODE,NO_CORP_CODE,DART corp_code 미매칭 / 최근 정기보고서 확인 부족 / 공시신뢰도 D,
⚠️,004105,태양금속우,4660.0,,,,,D,0,0.0,0,-15.0,0,0,0,0,0,NO_CORP_CODE,NO_CORP_CODE,DART corp_code 미매칭 / 최근 정기보고서 확인 부족 / 공시신뢰도 D,
⚠️,004255,NPC우,1887.0,,,,,D,0,0.0,0,-15.0,0,0,0,0,0,NO_CORP_CODE,NO_CORP_CODE,DART corp_code 미매칭 / 최근 정기보고서 확인 부족 / 공시신뢰도 D,
⚠️,004365,세방우,9100.0,,,,,D,0,0.0,0,-15.0,0,0,0,0,0,NO_CORP_CODE,NO_CORP_CODE,DART corp_code 미매칭 / 최근 정기보고서 확인 부족 / 공시신뢰도 D,
⚠️,004415,서울식품우,4040.0,,,,,D,0,0.0,0,-15.0,0,0,0,0,0,NO_CORP_CODE,NO_CORP_CODE,DART corp_code 미매칭 / 최근 정기보고서 확인 부족 / 공시신뢰도 D,
⚠️,004545,깨끗한나라우,3640.0,,,,,D,0,0.0,0,-15.0,0,0,0,0,0,NO_CORP_CODE,NO_CORP_CODE,DART corp_code 미매칭 / 최근 정기보고서 확인 부족 / 공시신뢰도 D,
⚠️,004835,덕성우,5400.0,,,,,D,0,0.0,0,-15.0,0,0,0,0,0,NO_CORP_CODE,NO_CORP_CODE,DART corp_code 미매칭 / 최근 정기보고서 확인 부족 / 공시신뢰도 D,
⚠️,004985,성신양회우,8900.0,,,,,D,0,0.0,0,-15.0,0,0,0,0,0,NO_CORP_CODE,NO_CORP_CODE,DART corp_code 미매칭 / 최근 정기보고서 확인 부족 / 공시신뢰도 D,
⚠️,005257,녹십자홀딩스2우,18000.0,,,,,D,0,0.0,0,-15.0,0,0,0,0,0,NO_CORP_CODE,NO_CORP_CODE,DART corp_code 미매칭 / 최근 정기보고서 확인 부족 / 공시신뢰도 D,
⚠️,005305,롯데칠성우,65700.0,,,,,D,0,0.0,0,-15.0,0,0,0,0,0,NO_CORP_CODE,NO_CORP_CODE,DART corp_code 미매칭 / 최근 정기보고서 확인 부족 / 공시신뢰도 D,
⚠️,005385,현대차우,169200.0,,,,,D,0,0.0,0,-15.0,0,0,0,0,0,NO_CORP_CODE,NO_CORP_CODE,DART corp_code 미매칭 / 최근 정기보고서 확인 부족 / 공시신뢰도 D,
⚠️,005387,현대차2우B,170000.0,,,,,D,0,0.0,0,-15.0,0,0,0,0,0,NO_CORP_CODE,NO_CORP_CODE,DART corp_code 미매칭 / 최근 정기보고서 확인 부족 / 공시신뢰도 D,
⚠️,005389,현대차3우B,166800.0,,,,,D,0,0.0,0,-15.0,0,0,0,0,0,NO_CORP_CODE,NO_CORP_CODE,DART corp_code 미매칭 / 최근 정기보고서 확인 부족 / 공시신뢰도 D,
⚠️,005725,넥센우,4490.0,,,,,D,0,0.0,0,-15.0,0,0,0,0,0,NO_CORP_CODE,NO_CORP_CODE,DART corp_code 미매칭 / 최근 정기보고서 확인 부족 / 공시신뢰도 D,
⚠️,005745,크라운해태홀딩스우,5090.0,,,,,D,0,0.0,0,-15.0,0,0,0,0,0,NO_CORP_CODE,NO_CORP_CODE,DART corp_code 미매칭 / 최근 정기보고서 확인 부족 / 공시신뢰도 D,
⚠️,005935,삼성전자우,194000.0,,,,,D,0,0.0,0,-15.0,0,0,0,0,0,NO_CORP_CODE,NO_CORP_CODE,DART corp_code 미매칭 / 최근 정기보고서 확인 부족 / 공시신뢰도 D,
⚠️,005945,NH투자증권우,21100.0,,,,,D,0,0.0,0,-15.0,0,0,0,0,0,NO_CORP_CODE,NO_CORP_CODE,DART corp_code 미매칭 / 최근 정기보고서 확인 부족 / 공시신뢰도 D,
⚠️,005965,동부건설우,17100.0,,,,,D,0,0.0,0,-15.0,0,0,0,0,0,NO_CORP_CODE,NO_CORP_CODE,DART corp_code 미매칭 / 최근 정기보고서 확인 부족 / 공시신뢰도 D,
⚠️,006125,SK디스커버리우,43900.0,,,,,D,0,0.0,0,-15.0,0,0,0,0,0,NO_CORP_CODE,NO_CORP_CODE,DART corp_code 미매칭 / 최근 정기보고서 확인 부족 / 공시신뢰도 D,
⚠️,006345,대원전선우,9900.0,,,,,D,0,0.0,0,-15.0,0,0,0,0,0,NO_CORP_CODE,NO_CORP_CODE,DART corp_code 미매칭 / 최근 정기보고서 확인 부족 / 공시신뢰도 D,
⚠️,006405,삼성SDI우,222000.0,,,,,D,0,0.0,0,-15.0,0,0,0,0,0,NO_CORP_CODE,NO_CORP_CODE,DART corp_code 미매칭 / 최근 정기보고서 확인 부족 / 공시신뢰도 D,
⚠️,006805,미래에셋증권우,10580.0,,,,,D,0,0.0,0,-15.0,0,0,0,0,0,NO_CORP_CODE,NO_CORP_CODE,DART corp_code 미매칭 / 최근 정기보고서 확인 부족 / 공시신뢰도 D,
⚠️,007575,일양약품우,7940.0,,,,,D,0,0.0,0,-15.0,0,0,0,0,0,NO_CORP_CODE,NO_CORP_CODE,DART corp_code 미매칭 / 최근 정기보고서 확인 부족 / 공시신뢰도 D,
⚠️,007815,코리아써우,22200.0,,,,,D,0,0.0,0,-15.0,0,0,0,0,0,NO_CORP_CODE,NO_CORP_CODE,DART corp_code 미매칭 / 최근 정기보고서 확인 부족 / 공시신뢰도 D,
⚠️,008355,남선알미우,7270.0,,,,,D,0,0.0,0,-15.0,0,0,0,0,0,NO_CORP_CODE,NO_CORP_CODE,DART corp_code 미매칭 / 최근 정기보고서 확인 부족 / 공시신뢰도 D,
⚠️,008775,호텔신라우,27950.0,,,,,D,0,0.0,0,-15.0,0,0,0,0,0,NO_CORP_CODE,NO_CORP_CODE,DART corp_code 미매칭 / 최근 정기보고서 확인 부족 / 공시신뢰도 D,
⚠️,009155,삼성전기우,515000.0,,,,,D,0,0.0,0,-15.0,0,0,0,0,0,NO_CORP_CODE,NO_CORP_CODE,DART corp_code 미매칭 / 최근 정기보고서 확인 부족 / 공시신뢰도 D,
⚠️,009415,태영건설우,6030.0,,,,,D,0,0.0,0,-15.0,0,0,0,0,0,NO_CORP_CODE,NO_CORP_CODE,DART corp_code 미매칭 / 최근 정기보고서 확인 부족 / 공시신뢰도 D,
⚠️,009835,한화솔루션우,18990.0,,,,,D,0,0.0,0,-15.0,0,0,0,0,0,NO_CORP_CODE,NO_CORP_CODE,DART corp_code 미매칭 / 최근 정기보고서 확인 부족 / 공시신뢰도 D,
⚠️,010955,S-Oil우,88200.0,,,,,D,0,0.0,0,-15.0,0,0,0,0,0,NO_CORP_CODE,NO_CORP_CODE,DART corp_code 미매칭 / 최근 정기보고서 확인 부족 / 공시신뢰도 D,
⚠️,011155,CJ씨푸드1우,5260.0,,,,,D,0,0.0,0,-15.0,0,0,0,0,0,NO_CORP_CODE,NO_CORP_CODE,DART corp_code 미매칭 / 최근 정기보고서 확인 부족 / 공시신뢰도 D,
⚠️,011785,금호석유화학우,48350.0,,,,,D,0,0.0,0,-15.0,0,0,0,0,0,NO_CORP_CODE,NO_CORP_CODE,DART corp_code 미매칭 / 최근 정기보고서 확인 부족 / 공시신뢰도 D,
⚠️,012205,계양전기우,4825.0,,,,,D,0,0.0,0,-15.0,0,0,0,0,0,NO_CORP_CODE,NO_CORP_CODE,DART corp_code 미매칭 / 최근 정기보고서 확인 부족 / 공시신뢰도 D,
⚠️,014285,금강공업우,5820.0,,,,,D,0,0.0,0,-15.0,0,0,0,0,0,NO_CORP_CODE,NO_CORP_CODE,DART corp_code 미매칭 / 최근 정기보고서 확인 부족 / 공시신뢰도 D,
⚠️,014825,동원시스템즈우,13960.0,,,,,D,0,0.0,0,-15.0,0,0,0,0,0,NO_CORP_CODE,NO_CORP_CODE,DART corp_code 미매칭 / 최근 정기보고서 확인 부족 / 공시신뢰도 D,
⚠️,014915,성문전자우,5000.0,,,,,D,0,0.0,0,-15.0,0,0,0,0,0,NO_CORP_CODE,NO_CORP_CODE,DART corp_code 미매칭 / 최근 정기보고서 확인 부족 / 공시신뢰도 D,
⚠️,019175,신풍제약우,14420.0,,,,,D,0,0.0,0,-15.0,0,0,0,0,0,NO_CORP_CODE,NO_CORP_CODE,DART corp_code 미매칭 / 최근 정기보고서 확인 부족 / 공시신뢰도 D,
⚠️,019685,대교우B,1029.0,,,,,D,0,0.0,0,-15.0,0,0,0,0,0,NO_CORP_CODE,NO_CORP_CODE,DART corp_code 미매칭 / 최근 정기보고서 확인 부족 / 공시신뢰도 D,
⚠️,051905,LG생활건강우,93200.0,,,,,D,0,0.0,0,-15.0,0,0,0,0,0,NO_CORP_CODE,NO_CORP_CODE,DART corp_code 미매칭 / 최근 정기보고서 확인 부족 / 공시신뢰도 D,
⚠️,051915,LG화학우,124300.0,,,,,D,0,0.0,0,-15.0,0,0,0,0,0,NO_CORP_CODE,NO_CORP_CODE,DART corp_code 미매칭 / 최근 정기보고서 확인 부족 / 공시신뢰도 D,
⚠️,066575,LG전자우,72000.0,,,,,D,0,0.0,0,-15.0,0,0,0,0,0,NO_CORP_CODE,NO_CORP_CODE,DART corp_code 미매칭 / 최근 정기보고서 확인 부족 / 공시신뢰도 D,
⚠️,071055,한국금융지주우,136800.0,,,,,D,0,0.0,0,-15.0,0,0,0,0,0,NO_CORP_CODE,NO_CORP_CODE,DART corp_code 미매칭 / 최근 정기보고서 확인 부족 / 공시신뢰도 D,
⚠️,078935,GS우,59100.0,,,,,D,0,0.0,0,-15.0,0,0,0,0,0,NO_CORP_CODE,NO_CORP_CODE,DART corp_code 미매칭 / 최근 정기보고서 확인 부족 / 공시신뢰도 D,
⚠️,084695,대상홀딩스우,13740.0,,,,,D,0,0.0,0,-15.0,0,0,0,0,0,NO_CORP_CODE,NO_CORP_CODE,DART corp_code 미매칭 / 최근 정기보고서 확인 부족 / 공시신뢰도 D,
⚠️,090355,노루페인트우,12150.0,,,,,D,0,0.0,0,-15.0,0,0,0,0,0,NO_CORP_CODE,NO_CORP_CODE,DART corp_code 미매칭 / 최근 정기보고서 확인 부족 / 공시신뢰도 D,
⚠️,090435,아모레퍼시픽우,39100.0,,,,,D,0,0.0,0,-15.0,0,0,0,0,0,NO_CORP_CODE,NO_CORP_CODE,DART corp_code 미매칭 / 최근 정기보고서 확인 부족 / 공시신뢰도 D,
⚠️,096775,SK이노베이션우,74500.0,,,,,D,0,0.0,0,-15.0,0,0,0,0,0,NO_CORP_CODE,NO_CORP_CODE,DART corp_code 미매칭 / 최근 정기보고서 확인 부족 / 공시신뢰도 D,
⚠️,097955,CJ제일제당 우,110300.0,,,,,D,0,0.0,0,-15.0,0,0,0,0,0,NO_CORP_CODE,NO_CORP_CODE,DART corp_code 미매칭 / 최근 정기보고서 확인 부족 / 공시신뢰도 D,
⚠️,108675,LX하우시스우,17790.0,,,,,D,0,0.0,0,-15.0,0,0,0,0,0,NO_CORP_CODE,NO_CORP_CODE,DART corp_code 미매칭 / 최근 정기보고서 확인 부족 / 공시신뢰도 D,
⚠️,120115,코오롱인더우,25600.0,,,,,D,0,0.0,0,-15.0,0,0,0,0,0,NO_CORP_CODE,NO_CORP_CODE,DART corp_code 미매칭 / 최근 정기보고서 확인 부족 / 공시신뢰도 D,
⚠️,145995,삼양사우,32150.0,,,,,D,0,0.0,0,-15.0,0,0,0,0,0,NO_CORP_CODE,NO_CORP_CODE,DART corp_code 미매칭 / 최근 정기보고서 확인 부족 / 공시신뢰도 D,
