code,name,sector,theme,sector_theme,source,source_url,asof_kst
000010,덕양에너젠,연료용 가스 제조 및 배관공급업,수소가스·고순도 수소가스,연료용 가스 제조 및 배관공급업 / 수소가스·고순도 수소가스,KRX_KIND_LISTED_COMPANY,https://kind.krx.co.kr/corpgeneral/corpList.do?method=download&searchType=13,2026-07-18T19:41:51+09:00
000020,동화약품,의약품 제조업,의약품 제조·판매·수출입,의약품 제조업 / 의약품 제조·판매·수출입,KRX_KIND_LISTED_COMPANY,https://kind.krx.co.kr/corpgeneral/corpList.do?method=download&searchType=13,2026-07-18T19:41:51+09:00
000040,엔비알모션,기타 금속 가공제품 제조업,강구 및 테이퍼롤러,기타 금속 가공제품 제조업 / 강구 및 테이퍼롤러,KRX_KIND_LISTED_COMPANY,https://kind.krx.co.kr/corpgeneral/corpList.do?method=download&searchType=13,2026-07-18T19:41:51+09:00
000050,경방,종합 소매업,섬유류(면사·면혼방사·면직물,종합 소매업 / 섬유류(면사·면혼방사·면직물,KRX_KIND_LISTED_COMPANY,https://kind.krx.co.kr/corpgeneral/corpList.do?method=download&searchType=13,2026-07-18T19:41:51+09:00
000070,인벤테라,자연과학 및 공학 연구개발업,철(Fe) 기반 질환 특이성 나노-MRI 조영제 신약,자연과학 및 공학 연구개발업 / 철(Fe) 기반 질환 특이성 나노-MRI 조영제 신약,KRX_KIND_LISTED_COMPANY,https://kind.krx.co.kr/corpgeneral/corpList.do?method=download&searchType=13,2026-07-18T19:41:51+09:00
000080,에스엔시스,"전동기, 발전기 및 전기 변환 · 공급 · 제어 장치 제조업",파워솔루션·에코솔루션·운항제어솔루션,"전동기, 발전기 및 전기 변환 · 공급 · 제어 장치 제조업 / 파워솔루션·에코솔루션·운항제어솔루션",KRX_KIND_LISTED_COMPANY,https://kind.krx.co.kr/corpgeneral/corpList.do?method=download&searchType=13,2026-07-18T19:41:51+09:00
000090,에임드바이오,자연과학 및 공학 연구개발업,ADC 기반 항암제,자연과학 및 공학 연구개발업 / ADC 기반 항암제,KRX_KIND_LISTED_COMPANY,https://kind.krx.co.kr/corpgeneral/corpList.do?method=download&searchType=13,2026-07-18T19:41:51+09:00
000100,보원케미칼,플라스틱제품 제조업,차량 내장재용 표면소재·SPC바닥재 등,플라스틱제품 제조업 / 차량 내장재용 표면소재·SPC바닥재 등,KRX_KIND_LISTED_COMPANY,https://kind.krx.co.kr/corpgeneral/corpList.do?method=download&searchType=13,2026-07-18T19:41:51+09:00
000110,채비,"전동기, 발전기 및 전기 변환 · 공급 · 제어 장치 제조업",전기차 충전 서비스·전기차 충전기,"전동기, 발전기 및 전기 변환 · 공급 · 제어 장치 제조업 / 전기차 충전 서비스·전기차 충전기",KRX_KIND_LISTED_COMPANY,https://kind.krx.co.kr/corpgeneral/corpList.do?method=download&searchType=13,2026-07-18T19:41:51+09:00
000120,CJ대한통운,도로 화물 운송업,Contract Logistics·포워딩·항만하역,도로 화물 운송업 / Contract Logistics·포워딩·항만하역,KRX_KIND_LISTED_COMPANY,https://kind.krx.co.kr/corpgeneral/corpList.do?method=download&searchType=13,2026-07-18T19:41:51+09:00
000130,삼진식품,수산물 가공 및 저장 처리업,반찬용 어묵·국탕용 어묵 등 어묵관련 제품 판매,수산물 가공 및 저장 처리업 / 반찬용 어묵·국탕용 어묵 등 어묵관련 제품 판매,KRX_KIND_LISTED_COMPANY,https://kind.krx.co.kr/corpgeneral/corpList.do?method=download&searchType=13,2026-07-18T19:41:51+09:00
000140,하이트진로홀딩스,기타 금융업,지주회사,기타 금융업 / 지주회사,KRX_KIND_LISTED_COMPANY,https://kind.krx.co.kr/corpgeneral/corpList.do?method=download&searchType=13,2026-07-18T19:41:51+09:00
000150,페스카로,"그외 기타 전문, 과학 및 기술 서비스업",임베디드 보안 솔루션·차량전장 소프트웨어,"그외 기타 전문, 과학 및 기술 서비스업 / 임베디드 보안 솔루션·차량전장 소프트웨어",KRX_KIND_LISTED_COMPANY,https://kind.krx.co.kr/corpgeneral/corpList.do?method=download&searchType=13,2026-07-18T19:41:51+09:00
000170,세미티에스,특수 목적용 기계 제조업,클린컨베이어시스템·질소퍼지시스템,특수 목적용 기계 제조업 / 클린컨베이어시스템·질소퍼지시스템,KRX_KIND_LISTED_COMPANY,https://kind.krx.co.kr/corpgeneral/corpList.do?method=download&searchType=13,2026-07-18T19:41:51+09:00
000180,성창기업지주,회사 본부 및 경영 컨설팅 서비스업,합판·마루·파티클보드,회사 본부 및 경영 컨설팅 서비스업 / 합판·마루·파티클보드,KRX_KIND_LISTED_COMPANY,https://kind.krx.co.kr/corpgeneral/corpList.do?method=download&searchType=13,2026-07-18T19:41:51+09:00
000210,DL,기초 화학물질 제조업,지주회사,기초 화학물질 제조업 / 지주회사,KRX_KIND_LISTED_COMPANY,https://kind.krx.co.kr/corpgeneral/corpList.do?method=download&searchType=13,2026-07-18T19:41:51+09:00
000220,유유제약,의약품 제조업,의약품 제조·판매,의약품 제조업 / 의약품 제조·판매,KRX_KIND_LISTED_COMPANY,https://kind.krx.co.kr/corpgeneral/corpList.do?method=download&searchType=13,2026-07-18T19:41:51+09:00
000230,일동홀딩스,의약품 제조업,의약품 제조·도매,의약품 제조업 / 의약품 제조·도매,KRX_KIND_LISTED_COMPANY,https://kind.krx.co.kr/corpgeneral/corpList.do?method=download&searchType=13,2026-07-18T19:41:51+09:00
000240,한국앤컴퍼니,기타 금융업,비금융지주회사,기타 금융업 / 비금융지주회사,KRX_KIND_LISTED_COMPANY,https://kind.krx.co.kr/corpgeneral/corpList.do?method=download&searchType=13,2026-07-18T19:41:51+09:00
000250,삼천당제약,의약품 제조업,하메론·아토로우,의약품 제조업 / 하메론·아토로우,KRX_KIND_LISTED_COMPANY,https://kind.krx.co.kr/corpgeneral/corpList.do?method=download&searchType=13,2026-07-18T19:41:51+09:00
000270,기아,자동차용 엔진 및 자동차 제조업,승용차·중대형버스·트럭,자동차용 엔진 및 자동차 제조업 / 승용차·중대형버스·트럭,KRX_KIND_LISTED_COMPANY,https://kind.krx.co.kr/corpgeneral/corpList.do?method=download&searchType=13,2026-07-18T19:41:51+09:00
000300,대신밸류리츠,신탁업 및 집합투자업,부동산 임대,신탁업 및 집합투자업 / 부동산 임대,KRX_KIND_LISTED_COMPANY,https://kind.krx.co.kr/corpgeneral/corpList.do?method=download&searchType=13,2026-07-18T19:41:51+09:00
000320,노루홀딩스,기타 금융업,지주사업,기타 금융업 / 지주사업,KRX_KIND_LISTED_COMPANY,https://kind.krx.co.kr/corpgeneral/corpList.do?method=download&searchType=13,2026-07-18T19:41:51+09:00
000370,KB제32호스팩,금융 지원 서비스업,기업인수합병,금융 지원 서비스업 / 기업인수합병,KRX_KIND_LISTED_COMPANY,https://kind.krx.co.kr/corpgeneral/corpList.do?method=download&searchType=13,2026-07-18T19:41:51+09:00
000390,매드업,광고업,디지털 마케팅 AI 에이전트·솔루션 기반 광고대행,광고업 / 디지털 마케팅 AI 에이전트·솔루션 기반 광고대행,KRX_KIND_LISTED_COMPANY,https://kind.krx.co.kr/corpgeneral/corpList.do?method=download&searchType=13,2026-07-18T19:41:51+09:00
000400,롯데손해보험,보험업,손해보험업,보험업 / 손해보험업,KRX_KIND_LISTED_COMPANY,https://kind.krx.co.kr/corpgeneral/corpList.do?method=download&searchType=13,2026-07-18T19:41:51+09:00
000410,교보18호스팩,금융 지원 서비스업,기업인수합병,금융 지원 서비스업 / 기업인수합병,KRX_KIND_LISTED_COMPANY,https://kind.krx.co.kr/corpgeneral/corpList.do?method=download&searchType=13,2026-07-18T19:41:51+09:00
000430,대원강업,자동차 신품 부품 제조업,차랑용 스프링 및 시트,자동차 신품 부품 제조업 / 차랑용 스프링 및 시트,KRX_KIND_LISTED_COMPANY,https://kind.krx.co.kr/corpgeneral/corpList.do?method=download&searchType=13,2026-07-18T19:41:51+09:00
000440,삼성스팩10호,금융 지원 서비스업,기업인수합병,금융 지원 서비스업 / 기업인수합병,KRX_KIND_LISTED_COMPANY,https://kind.krx.co.kr/corpgeneral/corpList.do?method=download&searchType=13,2026-07-18T19:41:51+09:00
000480,시알홀딩스,"내화, 비내화 요업제품 제조업",내화연와(정형·부정형·S,"내화, 비내화 요업제품 제조업 / 내화연와(정형·부정형·S",KRX_KIND_LISTED_COMPANY,https://kind.krx.co.kr/corpgeneral/corpList.do?method=download&searchType=13,2026-07-18T19:41:51+09:00
000490,대동,특수 목적용 기계 제조업,경운기·트랙터·이앙기,특수 목적용 기계 제조업 / 경운기·트랙터·이앙기,KRX_KIND_LISTED_COMPANY,https://kind.krx.co.kr/corpgeneral/corpList.do?method=download&searchType=13,2026-07-18T19:41:51+09:00
000500,가온전선,절연선 및 케이블 제조업,전력선·통신케이블 제조·도매,절연선 및 케이블 제조업 / 전력선·통신케이블 제조·도매,KRX_KIND_LISTED_COMPANY,https://kind.krx.co.kr/corpgeneral/corpList.do?method=download&searchType=13,2026-07-18T19:41:51+09:00
000520,삼일제약,의약품 제조업,양약(부루펜·액티피드·포리부틴) 제조,의약품 제조업 / 양약(부루펜·액티피드·포리부틴) 제조,KRX_KIND_LISTED_COMPANY,https://kind.krx.co.kr/corpgeneral/corpList.do?method=download&searchType=13,2026-07-18T19:41:51+09:00
000540,엔에이치스팩32호,금융 지원 서비스업,합병,금융 지원 서비스업 / 합병,KRX_KIND_LISTED_COMPANY,https://kind.krx.co.kr/corpgeneral/corpList.do?method=download&searchType=13,2026-07-18T19:41:51+09:00
000590,CS홀딩스,기타 금융업,브랜드 수익·자회사 배당,기타 금융업 / 브랜드 수익·자회사 배당,KRX_KIND_LISTED_COMPANY,https://kind.krx.co.kr/corpgeneral/corpList.do?method=download&searchType=13,2026-07-18T19:41:51+09:00
000640,동아쏘시오홀딩스,기타 금융업,의약품(피로회복제·박카스·병원용의약품),기타 금융업 / 의약품(피로회복제·박카스·병원용의약품),KRX_KIND_LISTED_COMPANY,https://kind.krx.co.kr/corpgeneral/corpList.do?method=download&searchType=13,2026-07-18T19:41:51+09:00
000650,천일고속,육상 여객 운송업,고속버스운수(경부선·44개 노선)·도로여객운수업,육상 여객 운송업 / 고속버스운수(경부선·44개 노선)·도로여객운수업,KRX_KIND_LISTED_COMPANY,https://kind.krx.co.kr/corpgeneral/corpList.do?method=download&searchType=13,2026-07-18T19:41:51+09:00
000660,SK하이닉스,반도체 제조업,반도체·컴퓨터·통신기기 제조,반도체 제조업 / 반도체·컴퓨터·통신기기 제조,KRX_KIND_LISTED_COMPANY,https://kind.krx.co.kr/corpgeneral/corpList.do?method=download&searchType=13,2026-07-18T19:41:51+09:00
000670,영풍,1차 비철금속 제조업,제1차 금속산업(아연괴·황산·카드뮴괴),1차 비철금속 제조업 / 제1차 금속산업(아연괴·황산·카드뮴괴),KRX_KIND_LISTED_COMPANY,https://kind.krx.co.kr/corpgeneral/corpList.do?method=download&searchType=13,2026-07-18T19:41:51+09:00
000680,비엔케이제3호스팩,금융 지원 서비스업,기업인수합병,금융 지원 서비스업 / 기업인수합병,KRX_KIND_LISTED_COMPANY,https://kind.krx.co.kr/corpgeneral/corpList.do?method=download&searchType=13,2026-07-18T19:41:51+09:00
000700,에스테크엠,특수 목적용 기계 제조업,이차전지 장비,특수 목적용 기계 제조업 / 이차전지 장비,KRX_KIND_LISTED_COMPANY,https://kind.krx.co.kr/corpgeneral/corpList.do?method=download&searchType=13,2026-07-18T19:41:51+09:00
000710,삼성스팩11호,금융 지원 서비스업,기업인수합병,금융 지원 서비스업 / 기업인수합병,KRX_KIND_LISTED_COMPANY,https://kind.krx.co.kr/corpgeneral/corpList.do?method=download&searchType=13,2026-07-18T19:41:51+09:00
000720,KB제33호스팩,금융 지원 서비스업,기업인수합병,금융 지원 서비스업 / 기업인수합병,KRX_KIND_LISTED_COMPANY,https://kind.krx.co.kr/corpgeneral/corpList.do?method=download&searchType=13,2026-07-18T19:41:51+09:00
000760,이화산업,기타 전문 도매업,염료(반응성염료·분산염료·범용염료,기타 전문 도매업 / 염료(반응성염료·분산염료·범용염료,KRX_KIND_LISTED_COMPANY,https://kind.krx.co.kr/corpgeneral/corpList.do?method=download&searchType=13,2026-07-18T19:41:51+09:00
000810,삼성화재해상보험,보험업,손해보험의 원수·재보험·운용자산의 투자활동,보험업 / 손해보험의 원수·재보험·운용자산의 투자활동,KRX_KIND_LISTED_COMPANY,https://kind.krx.co.kr/corpgeneral/corpList.do?method=download&searchType=13,2026-07-18T19:41:51+09:00
000820,카나프테라퓨틱스,자연과학 및 공학 연구개발업,항암제 및 안과 질환 치료제 개발,자연과학 및 공학 연구개발업 / 항암제 및 안과 질환 치료제 개발,KRX_KIND_LISTED_COMPANY,https://kind.krx.co.kr/corpgeneral/corpList.do?method=download&searchType=13,2026-07-18T19:41:51+09:00
000850,화천기공,특수 목적용 기계 제조업,CNC선반·CNC밀링·연마기(금속공작기계),특수 목적용 기계 제조업 / CNC선반·CNC밀링·연마기(금속공작기계),KRX_KIND_LISTED_COMPANY,https://kind.krx.co.kr/corpgeneral/corpList.do?method=download&searchType=13,2026-07-18T19:41:51+09:00
000860,강남제비스코,기타 화학제품 제조업,도료(페인트·락카·신나,기타 화학제품 제조업 / 도료(페인트·락카·신나,KRX_KIND_LISTED_COMPANY,https://kind.krx.co.kr/corpgeneral/corpList.do?method=download&searchType=13,2026-07-18T19:41:51+09:00
000880,메쥬,의료용 기기 제조업,웨어러블 패치형 환자 감시장치(HiCardi),의료용 기기 제조업 / 웨어러블 패치형 환자 감시장치(HiCardi),KRX_KIND_LISTED_COMPANY,https://kind.krx.co.kr/corpgeneral/corpList.do?method=download&searchType=13,2026-07-18T19:41:51+09:00
000890,보해양조,알코올음료 제조업,주류(소주·매취·실비우스,알코올음료 제조업 / 주류(소주·매취·실비우스,KRX_KIND_LISTED_COMPANY,https://kind.krx.co.kr/corpgeneral/corpList.do?method=download&searchType=13,2026-07-18T19:41:51+09:00
000910,신영스팩11호,금융 지원 서비스업,기업인수합병,금융 지원 서비스업 / 기업인수합병,KRX_KIND_LISTED_COMPANY,https://kind.krx.co.kr/corpgeneral/corpList.do?method=download&searchType=13,2026-07-18T19:41:51+09:00
000930,미래에셋비전스팩8호,금융 지원 서비스업,기업인수합병,금융 지원 서비스업 / 기업인수합병,KRX_KIND_LISTED_COMPANY,https://kind.krx.co.kr/corpgeneral/corpList.do?method=download&searchType=13,2026-07-18T19:41:51+09:00
000950,전방,방적 및 가공사 제조업,면사·면혼방사·마혼방사,방적 및 가공사 제조업 / 면사·면혼방사·마혼방사,KRX_KIND_LISTED_COMPANY,https://kind.krx.co.kr/corpgeneral/corpList.do?method=download&searchType=13,2026-07-18T19:41:51+09:00
000960,미래에셋비전스팩9호,금융 지원 서비스업,기업인수합병,금융 지원 서비스업 / 기업인수합병,KRX_KIND_LISTED_COMPANY,https://kind.krx.co.kr/corpgeneral/corpList.do?method=download&searchType=13,2026-07-18T19:41:51+09:00
000970,미래에셋비전스팩10호,금융 지원 서비스업,기업인수합병,금융 지원 서비스업 / 기업인수합병,KRX_KIND_LISTED_COMPANY,https://kind.krx.co.kr/corpgeneral/corpList.do?method=download&searchType=13,2026-07-18T19:41:51+09:00
000980,교보19호스팩,금융 지원 서비스업,기업인수 및 합병,금융 지원 서비스업 / 기업인수 및 합병,KRX_KIND_LISTED_COMPANY,https://kind.krx.co.kr/corpgeneral/corpList.do?method=download&searchType=13,2026-07-18T19:41:51+09:00
000990,미래에셋비전스팩11호,금융 지원 서비스업,기업인수합병,금융 지원 서비스업 / 기업인수합병,KRX_KIND_LISTED_COMPANY,https://kind.krx.co.kr/corpgeneral/corpList.do?method=download&searchType=13,2026-07-18T19:41:51+09:00
001000,신라섬유,부동산 임대 및 공급업,부동산,부동산 임대 및 공급업 / 부동산,KRX_KIND_LISTED_COMPANY,https://kind.krx.co.kr/corpgeneral/corpList.do?method=download&searchType=13,2026-07-18T19:41:51+09:00
001010,하나36호스팩,금융 지원 서비스업,기업인수합병,금융 지원 서비스업 / 기업인수합병,KRX_KIND_LISTED_COMPANY,https://kind.krx.co.kr/corpgeneral/corpList.do?method=download&searchType=13,2026-07-18T19:41:51+09:00
001020,페이퍼코리아,"펄프, 종이 및 판지 제조업",제지(신문용지·중질지)·합판 제조,"펄프, 종이 및 판지 제조업 / 제지(신문용지·중질지)·합판 제조",KRX_KIND_LISTED_COMPANY,https://kind.krx.co.kr/corpgeneral/corpList.do?method=download&searchType=13,2026-07-18T19:41:51+09:00
001040,CJ,기타 금융업,지주회사,기타 금융업 / 지주회사,KRX_KIND_LISTED_COMPANY,https://kind.krx.co.kr/corpgeneral/corpList.do?method=download&searchType=13,2026-07-18T19:41:51+09:00
001050,유진스팩12호,금융 지원 서비스업,합병,금융 지원 서비스업 / 합병,KRX_KIND_LISTED_COMPANY,https://kind.krx.co.kr/corpgeneral/corpList.do?method=download&searchType=13,2026-07-18T19:41:51+09:00
001060,JW중외제약,의약품 제조업,수액제·이상지질혈증치료제·혈우병치료제,의약품 제조업 / 수액제·이상지질혈증치료제·혈우병치료제,KRX_KIND_LISTED_COMPANY,https://kind.krx.co.kr/corpgeneral/corpList.do?method=download&searchType=13,2026-07-18T19:41:51+09:00
001070,대한방직,직물직조 및 직물제품 제조업,면사·화섬사·면직물 제조,직물직조 및 직물제품 제조업 / 면사·화섬사·면직물 제조,KRX_KIND_LISTED_COMPANY,https://kind.krx.co.kr/corpgeneral/corpList.do?method=download&searchType=13,2026-07-18T19:41:51+09:00
001080,만호제강,1차 철강 제조업,와이어로프·합성섬유로프·특수강선 제조,1차 철강 제조업 / 와이어로프·합성섬유로프·특수강선 제조,KRX_KIND_LISTED_COMPANY,https://kind.krx.co.kr/corpgeneral/corpList.do?method=download&searchType=13,2026-07-18T19:41:51+09:00
001120,LX인터내셔널,상품 중개업,전자·기계·화공,상품 중개업 / 전자·기계·화공,KRX_KIND_LISTED_COMPANY,https://kind.krx.co.kr/corpgeneral/corpList.do?method=download&searchType=13,2026-07-18T19:41:51+09:00
001130,대한제분,"곡물가공품, 전분 및 전분제품 제조업",소맥분·토코밀·프리믹스,"곡물가공품, 전분 및 전분제품 제조업 / 소맥분·토코밀·프리믹스",KRX_KIND_LISTED_COMPANY,https://kind.krx.co.kr/corpgeneral/corpList.do?method=download&searchType=13,2026-07-18T19:41:51+09:00
001150,삼성스팩13호,금융 지원 서비스업,기업인수합병,금융 지원 서비스업 / 기업인수합병,KRX_KIND_LISTED_COMPANY,https://kind.krx.co.kr/corpgeneral/corpList.do?method=download&searchType=13,2026-07-18T19:41:51+09:00
001170,피스피스스튜디오,"섬유, 의복, 신발 및 가죽제품 소매업",의류·모자·신발,"섬유, 의복, 신발 및 가죽제품 소매업 / 의류·모자·신발",KRX_KIND_LISTED_COMPANY,https://kind.krx.co.kr/corpgeneral/corpList.do?method=download&searchType=13,2026-07-18T19:41:51+09:00
001200,삼양바이오팜,의약품 제조업,의료기기 및 의약품,의약품 제조업 / 의료기기 및 의약품,KRX_KIND_LISTED_COMPANY,https://kind.krx.co.kr/corpgeneral/corpList.do?method=download&searchType=13,2026-07-18T19:41:51+09:00
001210,금호전기,전구 및 조명장치 제조업,형광등·백열전구·전구식현광등,전구 및 조명장치 제조업 / 형광등·백열전구·전구식현광등,KRX_KIND_LISTED_COMPANY,https://kind.krx.co.kr/corpgeneral/corpList.do?method=download&searchType=13,2026-07-18T19:41:51+09:00
001230,동국홀딩스,기타 금융업,후판·철근·강판,기타 금융업 / 후판·철근·강판,KRX_KIND_LISTED_COMPANY,https://kind.krx.co.kr/corpgeneral/corpList.do?method=download&searchType=13,2026-07-18T19:41:51+09:00
001250,GS글로벌,상품 종합 도매업,수출입업(시멘트·철강금속·전기전자,상품 종합 도매업 / 수출입업(시멘트·철강금속·전기전자,KRX_KIND_LISTED_COMPANY,https://kind.krx.co.kr/corpgeneral/corpList.do?method=download&searchType=13,2026-07-18T19:41:51+09:00
001260,삼성에피스홀딩스,기타 금융업,지주회사,기타 금융업 / 지주회사,KRX_KIND_LISTED_COMPANY,https://kind.krx.co.kr/corpgeneral/corpList.do?method=download&searchType=13,2026-07-18T19:41:51+09:00
001270,부국증권,금융 지원 서비스업,유가증권 매매·위탁매매·인수,금융 지원 서비스업 / 유가증권 매매·위탁매매·인수,KRX_KIND_LISTED_COMPANY,https://kind.krx.co.kr/corpgeneral/corpList.do?method=download&searchType=13,2026-07-18T19:41:51+09:00
001290,신한제18호스팩,금융 지원 서비스업,금융 지원 서비스업,금융 지원 서비스업 / 금융 지원 서비스업,KRX_KIND_LISTED_COMPANY,https://kind.krx.co.kr/corpgeneral/corpList.do?method=download&searchType=13,2026-07-18T19:41:51+09:00
001300,신한제17호스팩,금융 지원 서비스업,금융지원 서비스업,금융 지원 서비스업 / 금융지원 서비스업,KRX_KIND_LISTED_COMPANY,https://kind.krx.co.kr/corpgeneral/corpList.do?method=download&searchType=13,2026-07-18T19:41:51+09:00
001310,키움히어로제2호스팩,금융 지원 서비스업,기업 인수 합병,금융 지원 서비스업 / 기업 인수 합병,KRX_KIND_LISTED_COMPANY,https://kind.krx.co.kr/corpgeneral/corpList.do?method=download&searchType=13,2026-07-18T19:41:51+09:00
001320,교보20호스팩,기타 금융업,기업 인수 및 합병,기타 금융업 / 기업 인수 및 합병,KRX_KIND_LISTED_COMPANY,https://kind.krx.co.kr/corpgeneral/corpList.do?method=download&searchType=13,2026-07-18T19:41:51+09:00
001340,대신밸런스제20호스팩,금융 지원 서비스업,금융 지원 서비스업,금융 지원 서비스업 / 금융 지원 서비스업,KRX_KIND_LISTED_COMPANY,https://kind.krx.co.kr/corpgeneral/corpList.do?method=download&searchType=13,2026-07-18T19:41:51+09:00
001360,삼성제약,의약품 제조업,의약품(까스명수·쓸기담·에프킬라에어졸,의약품 제조업 / 의약품(까스명수·쓸기담·에프킬라에어졸,KRX_KIND_LISTED_COMPANY,https://kind.krx.co.kr/corpgeneral/corpList.do?method=download&searchType=13,2026-07-18T19:41:51+09:00
001380,SG글로벌,자동차 신품 부품 제조업,자동차시트 및 자동차시트커버(Seat Trim Cover),자동차 신품 부품 제조업 / 자동차시트 및 자동차시트커버(Seat Trim Cover),KRX_KIND_LISTED_COMPANY,https://kind.krx.co.kr/corpgeneral/corpList.do?method=download&searchType=13,2026-07-18T19:41:51+09:00
001390,KG케미칼,기초 화학물질 제조업,콘크리트혼화제·비료·친환경농자재,기초 화학물질 제조업 / 콘크리트혼화제·비료·친환경농자재,KRX_KIND_LISTED_COMPANY,https://kind.krx.co.kr/corpgeneral/corpList.do?method=download&searchType=13,2026-07-18T19:41:51+09:00
001420,태원물산,자동차 신품 부품 제조업,자동차부품·워터펌프·인산정제석고,자동차 신품 부품 제조업 / 자동차부품·워터펌프·인산정제석고,KRX_KIND_LISTED_COMPANY,https://kind.krx.co.kr/corpgeneral/corpList.do?method=download&searchType=13,2026-07-18T19:41:51+09:00
001430,세아베스틸지주,1차 철강 제조업,특수강·철도용품·자동차부품 제조,1차 철강 제조업 / 특수강·철도용품·자동차부품 제조,KRX_KIND_LISTED_COMPANY,https://kind.krx.co.kr/corpgeneral/corpList.do?method=download&searchType=13,2026-07-18T19:41:51+09:00
001440,대한전선,절연선 및 케이블 제조업,전력선·통신케이블·적산계기,절연선 및 케이블 제조업 / 전력선·통신케이블·적산계기,KRX_KIND_LISTED_COMPANY,https://kind.krx.co.kr/corpgeneral/corpList.do?method=download&searchType=13,2026-07-18T19:41:51+09:00
001450,현대해상,보험업,손해보험(자동차보험),보험업 / 손해보험(자동차보험),KRX_KIND_LISTED_COMPANY,https://kind.krx.co.kr/corpgeneral/corpList.do?method=download&searchType=13,2026-07-18T19:41:51+09:00
001460,BYC,봉제의복 제조업,메리야스·란제리 제조·도매,봉제의복 제조업 / 메리야스·란제리 제조·도매,KRX_KIND_LISTED_COMPANY,https://kind.krx.co.kr/corpgeneral/corpList.do?method=download&searchType=13,2026-07-18T19:41:51+09:00
001470,삼부토건,토목 건설업,토목공사·건축공사·포장공사,토목 건설업 / 토목공사·건축공사·포장공사,KRX_KIND_LISTED_COMPANY,https://kind.krx.co.kr/corpgeneral/corpList.do?method=download&searchType=13,2026-07-18T19:41:51+09:00
001500,현대차증권,금융 지원 서비스업,유가증권의매매·위탁매매·유가증권의 중개,금융 지원 서비스업 / 유가증권의매매·위탁매매·유가증권의 중개,KRX_KIND_LISTED_COMPANY,https://kind.krx.co.kr/corpgeneral/corpList.do?method=download&searchType=13,2026-07-18T19:41:51+09:00
001510,SK증권,금융 지원 서비스업,증권업·부동산 임대,금융 지원 서비스업 / 증권업·부동산 임대,KRX_KIND_LISTED_COMPANY,https://kind.krx.co.kr/corpgeneral/corpList.do?method=download&searchType=13,2026-07-18T19:41:51+09:00
001520,동양,"시멘트, 석회, 플라스터 및 그 제품 제조업",레미콘·건설공사·산업용 송풍기,"시멘트, 석회, 플라스터 및 그 제품 제조업 / 레미콘·건설공사·산업용 송풍기",KRX_KIND_LISTED_COMPANY,https://kind.krx.co.kr/corpgeneral/corpList.do?method=download&searchType=13,2026-07-18T19:41:51+09:00
001530,디아이동일,상품 중개업,면사·화섬사·면포,상품 중개업 / 면사·화섬사·면포,KRX_KIND_LISTED_COMPANY,https://kind.krx.co.kr/corpgeneral/corpList.do?method=download&searchType=13,2026-07-18T19:41:51+09:00
001540,안국약품,의약품 제조업,그랑파제·토비콤-S,의약품 제조업 / 그랑파제·토비콤-S,KRX_KIND_LISTED_COMPANY,https://kind.krx.co.kr/corpgeneral/corpList.do?method=download&searchType=13,2026-07-18T19:41:51+09:00
001550,조비,"비료, 농약 및 살균, 살충제 제조업",복합비료(연초용·수도용·시판용,"비료, 농약 및 살균, 살충제 제조업 / 복합비료(연초용·수도용·시판용",KRX_KIND_LISTED_COMPANY,https://kind.krx.co.kr/corpgeneral/corpList.do?method=download&searchType=13,2026-07-18T19:41:51+09:00
001560,제일연마,기타 비금속 광물제품 제조업,연마석·다이아몬드공구 제조·도소매,기타 비금속 광물제품 제조업 / 연마석·다이아몬드공구 제조·도소매,KRX_KIND_LISTED_COMPANY,https://kind.krx.co.kr/corpgeneral/corpList.do?method=download&searchType=13,2026-07-18T19:41:51+09:00
001570,금양,기초 화학물질 제조업,발포제·사카린·OPTSA,기초 화학물질 제조업 / 발포제·사카린·OPTSA,KRX_KIND_LISTED_COMPANY,https://kind.krx.co.kr/corpgeneral/corpList.do?method=download&searchType=13,2026-07-18T19:41:51+09:00
001620,케이비아이동국실업,자동차 신품 부품 제조업,자동차부품(에어닥트·글로벌박스·노즐,자동차 신품 부품 제조업 / 자동차부품(에어닥트·글로벌박스·노즐,KRX_KIND_LISTED_COMPANY,https://kind.krx.co.kr/corpgeneral/corpList.do?method=download&searchType=13,2026-07-18T19:41:51+09:00
001630,종근당홀딩스,의약품 제조업,의약품(항생제·위궤양치료제·장기이식면역억제제,의약품 제조업 / 의약품(항생제·위궤양치료제·장기이식면역억제제,KRX_KIND_LISTED_COMPANY,https://kind.krx.co.kr/corpgeneral/corpList.do?method=download&searchType=13,2026-07-18T19:41:51+09:00
001640,한국제16호스팩,금융 지원 서비스업,기업인수합병,금융 지원 서비스업 / 기업인수합병,KRX_KIND_LISTED_COMPANY,https://kind.krx.co.kr/corpgeneral/corpList.do?method=download&searchType=13,2026-07-18T19:41:51+09:00
001650,메리츠제2호스팩,금융 지원 서비스업,금융 지원 서비스업,금융 지원 서비스업 / 금융 지원 서비스업,KRX_KIND_LISTED_COMPANY,https://kind.krx.co.kr/corpgeneral/corpList.do?method=download&searchType=13,2026-07-18T19:41:51+09:00
001680,대상,기타 식품 제조업,전분·라이신·물엿,기타 식품 제조업 / 전분·라이신·물엿,KRX_KIND_LISTED_COMPANY,https://kind.krx.co.kr/corpgeneral/corpList.do?method=download&searchType=13,2026-07-18T19:41:51+09:00
001720,신영증권,금융 지원 서비스업,증권업,금융 지원 서비스업 / 증권업,KRX_KIND_LISTED_COMPANY,https://kind.krx.co.kr/corpgeneral/corpList.do?method=download&searchType=13,2026-07-18T19:41:51+09:00
001740,SK네트웍스,기타 전문 도매업,정보통신 유통·자동차 관리·글로벌 트레이딩,기타 전문 도매업 / 정보통신 유통·자동차 관리·글로벌 트레이딩,KRX_KIND_LISTED_COMPANY,https://kind.krx.co.kr/corpgeneral/corpList.do?method=download&searchType=13,2026-07-18T19:41:51+09:00
001750,한양증권,금융 지원 서비스업,증권업,금융 지원 서비스업 / 증권업,KRX_KIND_LISTED_COMPANY,https://kind.krx.co.kr/corpgeneral/corpList.do?method=download&searchType=13,2026-07-18T19:41:51+09:00
001770,SHD,1차 철강 제조업,석도강판·표면처리강판 제조·임가공,1차 철강 제조업 / 석도강판·표면처리강판 제조·임가공,KRX_KIND_LISTED_COMPANY,https://kind.krx.co.kr/corpgeneral/corpList.do?method=download&searchType=13,2026-07-18T19:41:51+09:00
001780,알루코,1차 비철금속 제조업,알루미늄제품·샷시 제조,1차 비철금속 제조업 / 알루미늄제품·샷시 제조,KRX_KIND_LISTED_COMPANY,https://kind.krx.co.kr/corpgeneral/corpList.do?method=download&searchType=13,2026-07-18T19:41:51+09:00
001790,대한제당,"곡물가공품, 전분 및 전분제품 제조업",제당·가축용 배합사료·설탕,"곡물가공품, 전분 및 전분제품 제조업 / 제당·가축용 배합사료·설탕",KRX_KIND_LISTED_COMPANY,https://kind.krx.co.kr/corpgeneral/corpList.do?method=download&searchType=13,2026-07-18T19:41:51+09:00
001800,오리온홀딩스,기타 금융업,자회사 관리 지주사업 등,기타 금융업 / 자회사 관리 지주사업 등,KRX_KIND_LISTED_COMPANY,https://kind.krx.co.kr/corpgeneral/corpList.do?method=download&searchType=13,2026-07-18T19:41:51+09:00
001810,무림SP,"펄프, 종이 및 판지 제조업",아트지·CCP지,"펄프, 종이 및 판지 제조업 / 아트지·CCP지",KRX_KIND_LISTED_COMPANY,https://kind.krx.co.kr/corpgeneral/corpList.do?method=download&searchType=13,2026-07-18T19:41:51+09:00
001820,삼화콘덴서공업,전자부품 제조업,콘덴서(축전기) 제조,전자부품 제조업 / 콘덴서(축전기) 제조,KRX_KIND_LISTED_COMPANY,https://kind.krx.co.kr/corpgeneral/corpList.do?method=download&searchType=13,2026-07-18T19:41:51+09:00
001840,이화공영,건물 건설업,도급공사,건물 건설업 / 도급공사,KRX_KIND_LISTED_COMPANY,https://kind.krx.co.kr/corpgeneral/corpList.do?method=download&searchType=13,2026-07-18T19:41:51+09:00
001940,KISCO홀딩스,1차 철강 제조업,지주사업,1차 철강 제조업 / 지주사업,KRX_KIND_LISTED_COMPANY,https://kind.krx.co.kr/corpgeneral/corpList.do?method=download&searchType=13,2026-07-18T19:41:51+09:00
002020,코오롱,기타 금융업,지주회사,기타 금융업 / 지주회사,KRX_KIND_LISTED_COMPANY,https://kind.krx.co.kr/corpgeneral/corpList.do?method=download&searchType=13,2026-07-18T19:41:51+09:00
002030,아세아,회사 본부 및 경영 컨설팅 서비스업,회사본부·지주회사 및 경영컨설팅 서비스업,회사 본부 및 경영 컨설팅 서비스업 / 회사본부·지주회사 및 경영컨설팅 서비스업,KRX_KIND_LISTED_COMPANY,https://kind.krx.co.kr/corpgeneral/corpList.do?method=download&searchType=13,2026-07-18T19:41:51+09:00
002070,비비안,봉제의복 제조업,여성내의류(스타킹·화운데이숀·란제리),봉제의복 제조업 / 여성내의류(스타킹·화운데이숀·란제리),KRX_KIND_LISTED_COMPANY,https://kind.krx.co.kr/corpgeneral/corpList.do?method=download&searchType=13,2026-07-18T19:41:51+09:00
002100,경농,"비료, 농약 및 살균, 살충제 제조업",완제농약(잡초약·살충제·살균제) 제조,"비료, 농약 및 살균, 살충제 제조업 / 완제농약(잡초약·살충제·살균제) 제조",KRX_KIND_LISTED_COMPANY,https://kind.krx.co.kr/corpgeneral/corpList.do?method=download&searchType=13,2026-07-18T19:41:51+09:00
002140,고려산업,"곡물가공품, 전분 및 전분제품 제조업",배합사료·플라스틱용기 제조·부동산 임대,"곡물가공품, 전분 및 전분제품 제조업 / 배합사료·플라스틱용기 제조·부동산 임대",KRX_KIND_LISTED_COMPANY,https://kind.krx.co.kr/corpgeneral/corpList.do?method=download&searchType=13,2026-07-18T19:41:51+09:00
002150,도화엔지니어링,"건축기술, 엔지니어링 및 관련 기술 서비스업",토목설계·건축설계·종합감리전문업,"건축기술, 엔지니어링 및 관련 기술 서비스업 / 토목설계·건축설계·종합감리전문업",KRX_KIND_LISTED_COMPANY,https://kind.krx.co.kr/corpgeneral/corpList.do?method=download&searchType=13,2026-07-18T19:41:51+09:00
002170,SYTS,"가죽, 가방 및 유사제품 제조업",피혁원단·혁제운동화·혁제장갑,"가죽, 가방 및 유사제품 제조업 / 피혁원단·혁제운동화·혁제장갑",KRX_KIND_LISTED_COMPANY,https://kind.krx.co.kr/corpgeneral/corpList.do?method=download&searchType=13,2026-07-18T19:41:51+09:00
002200,한국수출포장공업,"골판지, 종이 상자 및 종이용기 제조업",골판지상자·골판지원지 제조·판매,"골판지, 종이 상자 및 종이용기 제조업 / 골판지상자·골판지원지 제조·판매",KRX_KIND_LISTED_COMPANY,https://kind.krx.co.kr/corpgeneral/corpList.do?method=download&searchType=13,2026-07-18T19:41:51+09:00
002210,동성제약,의약품 제조업,의약품·화장품 제조·도매,의약품 제조업 / 의약품·화장품 제조·도매,KRX_KIND_LISTED_COMPANY,https://kind.krx.co.kr/corpgeneral/corpList.do?method=download&searchType=13,2026-07-18T19:41:51+09:00
002220,한일철강,1차 철강 제조업,강관류·철판류·금속관류,1차 철강 제조업 / 강관류·철판류·금속관류,KRX_KIND_LISTED_COMPANY,https://kind.krx.co.kr/corpgeneral/corpList.do?method=download&searchType=13,2026-07-18T19:41:51+09:00
002230,피에스텍,"측정, 시험, 항해, 제어 및 기타 정밀기기 제조업; 광학기기 제외",적산계기·전기차충전기·신재생에너지 발전소 설치,"측정, 시험, 항해, 제어 및 기타 정밀기기 제조업; 광학기기 제외 / 적산계기·전기차충전기·신재생에너지 발전소 설치",KRX_KIND_LISTED_COMPANY,https://kind.krx.co.kr/corpgeneral/corpList.do?method=download&searchType=13,2026-07-18T19:41:51+09:00
002240,고려제강,1차 철강 제조업,PC강선·선재 2차제품·와이어로프,1차 철강 제조업 / PC강선·선재 2차제품·와이어로프,KRX_KIND_LISTED_COMPANY,https://kind.krx.co.kr/corpgeneral/corpList.do?method=download&searchType=13,2026-07-18T19:41:51+09:00
002290,삼일기업공사,건물 건설업,도급공사,건물 건설업 / 도급공사,KRX_KIND_LISTED_COMPANY,https://kind.krx.co.kr/corpgeneral/corpList.do?method=download&searchType=13,2026-07-18T19:41:51+09:00
002310,아세아제지,"골판지, 종이 상자 및 종이용기 제조업",골판지원지·석고보드원지·크라프트원지,"골판지, 종이 상자 및 종이용기 제조업 / 골판지원지·석고보드원지·크라프트원지",KRX_KIND_LISTED_COMPANY,https://kind.krx.co.kr/corpgeneral/corpList.do?method=download&searchType=13,2026-07-18T19:41:51+09:00
002320,한진,도로 화물 운송업,포장화물·택배산업·항만하역,도로 화물 운송업 / 포장화물·택배산업·항만하역,KRX_KIND_LISTED_COMPANY,https://kind.krx.co.kr/corpgeneral/corpList.do?method=download&searchType=13,2026-07-18T19:41:51+09:00
002350,넥센타이어,고무제품 제조업,타이어·후랩·고무제타이어(승용자동차용,고무제품 제조업 / 타이어·후랩·고무제타이어(승용자동차용,KRX_KIND_LISTED_COMPANY,https://kind.krx.co.kr/corpgeneral/corpList.do?method=download&searchType=13,2026-07-18T19:41:51+09:00
002360,SH에너지화학,기초 화학물질 제조업,합성수지(PS·EPS·ABS수지) 제조,기초 화학물질 제조업 / 합성수지(PS·EPS·ABS수지) 제조,KRX_KIND_LISTED_COMPANY,https://kind.krx.co.kr/corpgeneral/corpList.do?method=download&searchType=13,2026-07-18T19:41:51+09:00
002380,케이씨씨,기타 화학제품 제조업,건축용단열재·내외장재·스레트,기타 화학제품 제조업 / 건축용단열재·내외장재·스레트,KRX_KIND_LISTED_COMPANY,https://kind.krx.co.kr/corpgeneral/corpList.do?method=download&searchType=13,2026-07-18T19:41:51+09:00
002390,한독,의약품 제조업,의약품(소화제·크라포란·라식스)제조,의약품 제조업 / 의약품(소화제·크라포란·라식스)제조,KRX_KIND_LISTED_COMPANY,https://kind.krx.co.kr/corpgeneral/corpList.do?method=download&searchType=13,2026-07-18T19:41:51+09:00
002410,범양건영,건물 건설업,토목공사·주택건설·건축공사,건물 건설업 / 토목공사·주택건설·건축공사,KRX_KIND_LISTED_COMPANY,https://kind.krx.co.kr/corpgeneral/corpList.do?method=download&searchType=13,2026-07-18T19:41:51+09:00
002420,세기상사,연료 소매업,극장(영화상영)·극영화·만화영화 제조,연료 소매업 / 극장(영화상영)·극영화·만화영화 제조,KRX_KIND_LISTED_COMPANY,https://kind.krx.co.kr/corpgeneral/corpList.do?method=download&searchType=13,2026-07-18T19:41:51+09:00
002450,삼익악기,악기 제조업,피아노·기타·현악기,악기 제조업 / 피아노·기타·현악기,KRX_KIND_LISTED_COMPANY,https://kind.krx.co.kr/corpgeneral/corpList.do?method=download&searchType=13,2026-07-18T19:41:51+09:00
002460,HS화성,건물 건설업,아파트 건설,건물 건설업 / 아파트 건설,KRX_KIND_LISTED_COMPANY,https://kind.krx.co.kr/corpgeneral/corpList.do?method=download&searchType=13,2026-07-18T19:41:51+09:00
002600,조흥,기타 식품 제조업,휘핑크림·인스턴트이스트·프루츠칵테일,기타 식품 제조업 / 휘핑크림·인스턴트이스트·프루츠칵테일,KRX_KIND_LISTED_COMPANY,https://kind.krx.co.kr/corpgeneral/corpList.do?method=download&searchType=13,2026-07-18T19:41:51+09:00
002620,제일파마홀딩스,회사 본부 및 경영 컨설팅 서비스업,의약품(타리비드·제일파프·노엘,회사 본부 및 경영 컨설팅 서비스업 / 의약품(타리비드·제일파프·노엘,KRX_KIND_LISTED_COMPANY,https://kind.krx.co.kr/corpgeneral/corpList.do?method=download&searchType=13,2026-07-18T19:41:51+09:00
002630,오리엔트바이오,의약품 제조업,의약품 제조,의약품 제조업 / 의약품 제조,KRX_KIND_LISTED_COMPANY,https://kind.krx.co.kr/corpgeneral/corpList.do?method=download&searchType=13,2026-07-18T19:41:51+09:00
002680,한탑,"곡물가공품, 전분 및 전분제품 제조업",소맥분(밀가루)·배합사료,"곡물가공품, 전분 및 전분제품 제조업 / 소맥분(밀가루)·배합사료",KRX_KIND_LISTED_COMPANY,https://kind.krx.co.kr/corpgeneral/corpList.do?method=download&searchType=13,2026-07-18T19:41:51+09:00
002690,동일제강,1차 철강 제조업,PC강연선·경강선·도금선,1차 철강 제조업 / PC강연선·경강선·도금선,KRX_KIND_LISTED_COMPANY,https://kind.krx.co.kr/corpgeneral/corpList.do?method=download&searchType=13,2026-07-18T19:41:51+09:00
002700,신일전자,기계장비 및 관련 물품 도매업,가정용 전기기구(선풍기·난로·세탁기),기계장비 및 관련 물품 도매업 / 가정용 전기기구(선풍기·난로·세탁기),KRX_KIND_LISTED_COMPANY,https://kind.krx.co.kr/corpgeneral/corpList.do?method=download&searchType=13,2026-07-18T19:41:51+09:00
002710,TCC스틸,1차 철강 제조업,석도강판·표면처리강판 제조·판매,1차 철강 제조업 / 석도강판·표면처리강판 제조·판매,KRX_KIND_LISTED_COMPANY,https://kind.krx.co.kr/corpgeneral/corpList.do?method=download&searchType=13,2026-07-18T19:41:51+09:00
002720,국제약품,의약품 제조업,항생제·안약·제약 제조,의약품 제조업 / 항생제·안약·제약 제조,KRX_KIND_LISTED_COMPANY,https://kind.krx.co.kr/corpgeneral/corpList.do?method=download&searchType=13,2026-07-18T19:41:51+09:00
002760,보락,기타 화학제품 제조업,식품향료·식품첨가물·화학제품,기타 화학제품 제조업 / 식품향료·식품첨가물·화학제품,KRX_KIND_LISTED_COMPANY,https://kind.krx.co.kr/corpgeneral/corpList.do?method=download&searchType=13,2026-07-18T19:41:51+09:00
002780,진흥기업,토목 건설업,아파트건설·토목공사·건축공사,토목 건설업 / 아파트건설·토목공사·건축공사,KRX_KIND_LISTED_COMPANY,https://kind.krx.co.kr/corpgeneral/corpList.do?method=download&searchType=13,2026-07-18T19:41:51+09:00
002790,아모레퍼시픽홀딩스,기타 화학제품 제조업,지주회사,기타 화학제품 제조업 / 지주회사,KRX_KIND_LISTED_COMPANY,https://kind.krx.co.kr/corpgeneral/corpList.do?method=download&searchType=13,2026-07-18T19:41:51+09:00
002800,신신제약,의약품 제조업,파스류 (신신파스 아렉스 등),의약품 제조업 / 파스류 (신신파스 아렉스 등),KRX_KIND_LISTED_COMPANY,https://kind.krx.co.kr/corpgeneral/corpList.do?method=download&searchType=13,2026-07-18T19:41:51+09:00
002810,삼영무역,기타 전문 도매업,화공약품·안경렌즈,기타 전문 도매업 / 화공약품·안경렌즈,KRX_KIND_LISTED_COMPANY,https://kind.krx.co.kr/corpgeneral/corpList.do?method=download&searchType=13,2026-07-18T19:41:51+09:00
002820,SUN&L,플라스틱제품 제조업,펌프 디스펜서·스프레이 트리거,플라스틱제품 제조업 / 펌프 디스펜서·스프레이 트리거,KRX_KIND_LISTED_COMPANY,https://kind.krx.co.kr/corpgeneral/corpList.do?method=download&searchType=13,2026-07-18T19:41:51+09:00
002840,미원상사,기타 화학제품 제조업,계면활성제·분황·황산,기타 화학제품 제조업 / 계면활성제·분황·황산,KRX_KIND_LISTED_COMPANY,https://kind.krx.co.kr/corpgeneral/corpList.do?method=download&searchType=13,2026-07-18T19:41:51+09:00
002870,신풍,기타 전문 도매업,마닐라판지 제조·도소매,기타 전문 도매업 / 마닐라판지 제조·도소매,KRX_KIND_LISTED_COMPANY,https://kind.krx.co.kr/corpgeneral/corpList.do?method=download&searchType=13,2026-07-18T19:41:51+09:00
002880,디와이에이,자동차 신품 부품 제조업,자동차부품(자동차용 시트)제조,자동차 신품 부품 제조업 / 자동차부품(자동차용 시트)제조,KRX_KIND_LISTED_COMPANY,https://kind.krx.co.kr/corpgeneral/corpList.do?method=download&searchType=13,2026-07-18T19:41:51+09:00
002900,TYM,특수 목적용 기계 제조업,농기계·연초용필터·금속제양식기,특수 목적용 기계 제조업 / 농기계·연초용필터·금속제양식기,KRX_KIND_LISTED_COMPANY,https://kind.krx.co.kr/corpgeneral/corpList.do?method=download&searchType=13,2026-07-18T19:41:51+09:00
002920,유성기업,자동차 신품 부품 제조업,철도차량부품(피스턴링·실린더라이너·발브가이드,자동차 신품 부품 제조업 / 철도차량부품(피스턴링·실린더라이너·발브가이드,KRX_KIND_LISTED_COMPANY,https://kind.krx.co.kr/corpgeneral/corpList.do?method=download&searchType=13,2026-07-18T19:41:51+09:00
002960,한국쉘석유,석유 정제품 제조업,윤활유·그리스 제조·도매,석유 정제품 제조업 / 윤활유·그리스 제조·도매,KRX_KIND_LISTED_COMPANY,https://kind.krx.co.kr/corpgeneral/corpList.do?method=download&searchType=13,2026-07-18T19:41:51+09:00
002990,금호건설,건물 건설업,종합건설·여객운송·관광,건물 건설업 / 종합건설·여객운송·관광,KRX_KIND_LISTED_COMPANY,https://kind.krx.co.kr/corpgeneral/corpList.do?method=download&searchType=13,2026-07-18T19:41:51+09:00
003000,부광약품,의약품 제조업,의약품·치약·의약부외품(부광탁스,의약품 제조업 / 의약품·치약·의약부외품(부광탁스,KRX_KIND_LISTED_COMPANY,https://kind.krx.co.kr/corpgeneral/corpList.do?method=download&searchType=13,2026-07-18T19:41:51+09:00
003010,혜인,기계장비 및 관련 물품 도매업,건설기계·산업용 기계장비(진공흡인차·세정차),기계장비 및 관련 물품 도매업 / 건설기계·산업용 기계장비(진공흡인차·세정차),KRX_KIND_LISTED_COMPANY,https://kind.krx.co.kr/corpgeneral/corpList.do?method=download&searchType=13,2026-07-18T19:41:51+09:00
003030,세아제강지주,기타 금융업,경영컨설팅업,기타 금융업 / 경영컨설팅업,KRX_KIND_LISTED_COMPANY,https://kind.krx.co.kr/corpgeneral/corpList.do?method=download&searchType=13,2026-07-18T19:41:51+09:00
003060,에이프로젠바이오로직스,의약품 제조업,의약품(항생제·영양수액제·드링크제,의약품 제조업 / 의약품(항생제·영양수액제·드링크제,KRX_KIND_LISTED_COMPANY,https://kind.krx.co.kr/corpgeneral/corpList.do?method=download&searchType=13,2026-07-18T19:41:51+09:00
003070,코오롱글로벌,토목 건설업,토목공사·일반건설·주택건설,토목 건설업 / 토목공사·일반건설·주택건설,KRX_KIND_LISTED_COMPANY,https://kind.krx.co.kr/corpgeneral/corpList.do?method=download&searchType=13,2026-07-18T19:41:51+09:00
003080,SB성보,"비료, 농약 및 살균, 살충제 제조업",완제농약(해비치과립·카스텔란)·원제농약(슈퍼유나니,"비료, 농약 및 살균, 살충제 제조업 / 완제농약(해비치과립·카스텔란)·원제농약(슈퍼유나니",KRX_KIND_LISTED_COMPANY,https://kind.krx.co.kr/corpgeneral/corpList.do?method=download&searchType=13,2026-07-18T19:41:51+09:00
003090,대웅,의약품 제조업,지주회사·의약품·화공약품,의약품 제조업 / 지주회사·의약품·화공약품,KRX_KIND_LISTED_COMPANY,https://kind.krx.co.kr/corpgeneral/corpList.do?method=download&searchType=13,2026-07-18T19:41:51+09:00
003100,선광,기타 운송관련 서비스업,항만하역·해사(바다모래),기타 운송관련 서비스업 / 항만하역·해사(바다모래),KRX_KIND_LISTED_COMPANY,https://kind.krx.co.kr/corpgeneral/corpList.do?method=download&searchType=13,2026-07-18T19:41:51+09:00
003120,일성아이에스,의약품 제조업,의약품(항생제·화학료법제·항바이러스,의약품 제조업 / 의약품(항생제·화학료법제·항바이러스,KRX_KIND_LISTED_COMPANY,https://kind.krx.co.kr/corpgeneral/corpList.do?method=download&searchType=13,2026-07-18T19:41:51+09:00
003160,디아이,"측정, 시험, 항해, 제어 및 기타 정밀기기 제조업; 광학기기 제외",반도체검사장비·전자부품·레저용품,"측정, 시험, 항해, 제어 및 기타 정밀기기 제조업; 광학기기 제외 / 반도체검사장비·전자부품·레저용품",KRX_KIND_LISTED_COMPANY,https://kind.krx.co.kr/corpgeneral/corpList.do?method=download&searchType=13,2026-07-18T19:41:51+09:00
003200,일신방직,방적 및 가공사 제조업,면사·P·C혼방사,방적 및 가공사 제조업 / 면사·P·C혼방사,KRX_KIND_LISTED_COMPANY,https://kind.krx.co.kr/corpgeneral/corpList.do?method=download&searchType=13,2026-07-18T19:41:51+09:00
003220,대원제약,의약품 제조업,의약품(해열소염진통제·진해거담제·동맥경화용제,의약품 제조업 / 의약품(해열소염진통제·진해거담제·동맥경화용제,KRX_KIND_LISTED_COMPANY,https://kind.krx.co.kr/corpgeneral/corpList.do?method=download&searchType=13,2026-07-18T19:41:51+09:00
003230,삼양식품,기타 식품 제조업,라면·스낵·유제품,기타 식품 제조업 / 라면·스낵·유제품,KRX_KIND_LISTED_COMPANY,https://kind.krx.co.kr/corpgeneral/corpList.do?method=download&searchType=13,2026-07-18T19:41:51+09:00
003240,태광산업,화학섬유 제조업,석유화학제품(PTA·AN)·화섬사,화학섬유 제조업 / 석유화학제품(PTA·AN)·화섬사,KRX_KIND_LISTED_COMPANY,https://kind.krx.co.kr/corpgeneral/corpList.do?method=download&searchType=13,2026-07-18T19:41:51+09:00
003280,흥아해운,해상 운송업,외항화물운송업(케미컬탱커),해상 운송업 / 외항화물운송업(케미컬탱커),KRX_KIND_LISTED_COMPANY,https://kind.krx.co.kr/corpgeneral/corpList.do?method=download&searchType=13,2026-07-18T19:41:51+09:00
003300,한일홀딩스,"시멘트, 석회, 플라스터 및 그 제품 제조업",지주사업,"시멘트, 석회, 플라스터 및 그 제품 제조업 / 지주사업",KRX_KIND_LISTED_COMPANY,https://kind.krx.co.kr/corpgeneral/corpList.do?method=download&searchType=13,2026-07-18T19:41:51+09:00
003310,대주산업,동물용 사료 및 조제식품 제조업,배합사료,동물용 사료 및 조제식품 제조업 / 배합사료,KRX_KIND_LISTED_COMPANY,https://kind.krx.co.kr/corpgeneral/corpList.do?method=download&searchType=13,2026-07-18T19:41:51+09:00
003350,한국화장품제조,기타 화학제품 제조업,화장품(OEM·ODM),기타 화학제품 제조업 / 화장품(OEM·ODM),KRX_KIND_LISTED_COMPANY,https://kind.krx.co.kr/corpgeneral/corpList.do?method=download&searchType=13,2026-07-18T19:41:51+09:00
003380,하림지주,기타 금융업,지주사업,기타 금융업 / 지주사업,KRX_KIND_LISTED_COMPANY,https://kind.krx.co.kr/corpgeneral/corpList.do?method=download&searchType=13,2026-07-18T19:41:51+09:00
003460,유화증권,금융 지원 서비스업,증권업,금융 지원 서비스업 / 증권업,KRX_KIND_LISTED_COMPANY,https://kind.krx.co.kr/corpgeneral/corpList.do?method=download&searchType=13,2026-07-18T19:41:51+09:00
003470,유안타증권,금융 지원 서비스업,유가증권 매매·중개·대리,금융 지원 서비스업 / 유가증권 매매·중개·대리,KRX_KIND_LISTED_COMPANY,https://kind.krx.co.kr/corpgeneral/corpList.do?method=download&searchType=13,2026-07-18T19:41:51+09:00
003480,한진중공업홀딩스,연료용 가스 제조 및 배관공급업,지주회사,연료용 가스 제조 및 배관공급업 / 지주회사,KRX_KIND_LISTED_COMPANY,https://kind.krx.co.kr/corpgeneral/corpList.do?method=download&searchType=13,2026-07-18T19:41:51+09:00
003490,대한항공,항공 여객 운송업,여객운송·화물운송·항공기 제조,항공 여객 운송업 / 여객운송·화물운송·항공기 제조,KRX_KIND_LISTED_COMPANY,https://kind.krx.co.kr/corpgeneral/corpList.do?method=download&searchType=13,2026-07-18T19:41:51+09:00
003520,영진약품,의약품 제조업,의약품(드링크제·항생제·영양수액제),의약품 제조업 / 의약품(드링크제·항생제·영양수액제),KRX_KIND_LISTED_COMPANY,https://kind.krx.co.kr/corpgeneral/corpList.do?method=download&searchType=13,2026-07-18T19:41:51+09:00
003530,한화투자증권,금융 지원 서비스업,유가증권 위탁매매·자기매매·인수주선,금융 지원 서비스업 / 유가증권 위탁매매·자기매매·인수주선,KRX_KIND_LISTED_COMPANY,https://kind.krx.co.kr/corpgeneral/corpList.do?method=download&searchType=13,2026-07-18T19:41:51+09:00
003540,대신증권,금융 지원 서비스업,유가증권 위탁매매·인수주선·자기매매 기타 금융서비스,금융 지원 서비스업 / 유가증권 위탁매매·인수주선·자기매매 기타 금융서비스,KRX_KIND_LISTED_COMPANY,https://kind.krx.co.kr/corpgeneral/corpList.do?method=download&searchType=13,2026-07-18T19:41:51+09:00
003550,LG,기타 금융업,지주회사,기타 금융업 / 지주회사,KRX_KIND_LISTED_COMPANY,https://kind.krx.co.kr/corpgeneral/corpList.do?method=download&searchType=13,2026-07-18T19:41:51+09:00
003570,SNT다이내믹스,자동차 신품 부품 제조업,자동차부품(동력전달장치 등)·공작기계(CNC선반 등)·사출성형기 제조,자동차 신품 부품 제조업 / 자동차부품(동력전달장치 등)·공작기계(CNC선반 등)·사출성형기 제조,KRX_KIND_LISTED_COMPANY,https://kind.krx.co.kr/corpgeneral/corpList.do?method=download&searchType=13,2026-07-18T19:41:51+09:00
003580,HLB글로벌,종합 소매업,미디어커머스(카밈·스파알)·식음료(콤부차,종합 소매업 / 미디어커머스(카밈·스파알)·식음료(콤부차,KRX_KIND_LISTED_COMPANY,https://kind.krx.co.kr/corpgeneral/corpList.do?method=download&searchType=13,2026-07-18T19:41:51+09:00
003610,방림,직물직조 및 직물제품 제조업,P·C혼방직물·면방적,직물직조 및 직물제품 제조업 / P·C혼방직물·면방적,KRX_KIND_LISTED_COMPANY,https://kind.krx.co.kr/corpgeneral/corpList.do?method=download&searchType=13,2026-07-18T19:41:51+09:00
003620,KG모빌리티,자동차용 엔진 및 자동차 제조업,자동차·자동차부품·차륜,자동차용 엔진 및 자동차 제조업 / 자동차·자동차부품·차륜,KRX_KIND_LISTED_COMPANY,https://kind.krx.co.kr/corpgeneral/corpList.do?method=download&searchType=13,2026-07-18T19:41:51+09:00
003650,미창석유공업,석유 정제품 제조업,윤활유·고무배합유·전기절연유 제조,석유 정제품 제조업 / 윤활유·고무배합유·전기절연유 제조,KRX_KIND_LISTED_COMPANY,https://kind.krx.co.kr/corpgeneral/corpList.do?method=download&searchType=13,2026-07-18T19:41:51+09:00
003670,포스코퓨처엠,일차전지 및 이차전지 제조업,내화물·생석회·음극재 및 양극재,일차전지 및 이차전지 제조업 / 내화물·생석회·음극재 및 양극재,KRX_KIND_LISTED_COMPANY,https://kind.krx.co.kr/corpgeneral/corpList.do?method=download&searchType=13,2026-07-18T19:41:51+09:00
003680,한성기업,수산물 가공 및 저장 처리업,냉동식품·햄제품 제조·도매,수산물 가공 및 저장 처리업 / 냉동식품·햄제품 제조·도매,KRX_KIND_LISTED_COMPANY,https://kind.krx.co.kr/corpgeneral/corpList.do?method=download&searchType=13,2026-07-18T19:41:51+09:00
003690,코리안리,재 보험업,금융보험·부동산 임대,재 보험업 / 금융보험·부동산 임대,KRX_KIND_LISTED_COMPANY,https://kind.krx.co.kr/corpgeneral/corpList.do?method=download&searchType=13,2026-07-18T19:41:51+09:00
003720,삼영,플라스틱제품 제조업,합성수지(BOPP·캐파시타)·PPC,플라스틱제품 제조업 / 합성수지(BOPP·캐파시타)·PPC,KRX_KIND_LISTED_COMPANY,https://kind.krx.co.kr/corpgeneral/corpList.do?method=download&searchType=13,2026-07-18T19:41:51+09:00
003780,진양산업,플라스틱제품 제조업,합성수지·폴리우레탄스폰지 제조·도매,플라스틱제품 제조업 / 합성수지·폴리우레탄스폰지 제조·도매,KRX_KIND_LISTED_COMPANY,https://kind.krx.co.kr/corpgeneral/corpList.do?method=download&searchType=13,2026-07-18T19:41:51+09:00
003800,에이스침대,가구 제조업,침대,가구 제조업 / 침대,KRX_KIND_LISTED_COMPANY,https://kind.krx.co.kr/corpgeneral/corpList.do?method=download&searchType=13,2026-07-18T19:41:51+09:00
003830,대한화섬,화학섬유 제조업,화학섬유원사(FY·PTY·S.FIBER)제조,화학섬유 제조업 / 화학섬유원사(FY·PTY·S.FIBER)제조,KRX_KIND_LISTED_COMPANY,https://kind.krx.co.kr/corpgeneral/corpList.do?method=download&searchType=13,2026-07-18T19:41:51+09:00
003850,보령,의약품 제조업,의약품(제산제(겔포스)·구심·용각산,의약품 제조업 / 의약품(제산제(겔포스)·구심·용각산,KRX_KIND_LISTED_COMPANY,https://kind.krx.co.kr/corpgeneral/corpList.do?method=download&searchType=13,2026-07-18T19:41:51+09:00
003920,남양유업,동·식물성 유지 및 낙농제품 제조업,시유·조제분유·발효유,동·식물성 유지 및 낙농제품 제조업 / 시유·조제분유·발효유,KRX_KIND_LISTED_COMPANY,https://kind.krx.co.kr/corpgeneral/corpList.do?method=download&searchType=13,2026-07-18T19:41:51+09:00
003960,사조대림,수산물 가공 및 저장 처리업,게맛살·어육연제품·식용류,수산물 가공 및 저장 처리업 / 게맛살·어육연제품·식용류,KRX_KIND_LISTED_COMPANY,https://kind.krx.co.kr/corpgeneral/corpList.do?method=download&searchType=13,2026-07-18T19:41:51+09:00
004000,롯데정밀화학,기초 화학물질 제조업,염소·셀룰로스계열·암모니아 계열·전자재료 등 화학제품 제조,기초 화학물질 제조업 / 염소·셀룰로스계열·암모니아 계열·전자재료 등 화학제품 제조,KRX_KIND_LISTED_COMPANY,https://kind.krx.co.kr/corpgeneral/corpList.do?method=download&searchType=13,2026-07-18T19:41:51+09:00
004020,현대제철,1차 철강 제조업,H형강·제철·제강,1차 철강 제조업 / H형강·제철·제강,KRX_KIND_LISTED_COMPANY,https://kind.krx.co.kr/corpgeneral/corpList.do?method=download&searchType=13,2026-07-18T19:41:51+09:00
004060,SG세계물산,상품 종합 도매업,피복류·봉제품·P.E제품 수출입,상품 종합 도매업 / 피복류·봉제품·P.E제품 수출입,KRX_KIND_LISTED_COMPANY,https://kind.krx.co.kr/corpgeneral/corpList.do?method=download&searchType=13,2026-07-18T19:41:51+09:00
004080,신흥,기계장비 및 관련 물품 도매업,치과용기자재(방사선장치·전기진단장치)·주사침 도소매,기계장비 및 관련 물품 도매업 / 치과용기자재(방사선장치·전기진단장치)·주사침 도소매,KRX_KIND_LISTED_COMPANY,https://kind.krx.co.kr/corpgeneral/corpList.do?method=download&searchType=13,2026-07-18T19:41:51+09:00
004090,한국석유공업,기타 비금속 광물제품 제조업,석유류제품(솔벤트·부로운아스팔트·방수시트몰터프라스,기타 비금속 광물제품 제조업 / 석유류제품(솔벤트·부로운아스팔트·방수시트몰터프라스,KRX_KIND_LISTED_COMPANY,https://kind.krx.co.kr/corpgeneral/corpList.do?method=download&searchType=13,2026-07-18T19:41:51+09:00
004100,태양금속공업,자동차 신품 부품 제조업,자동차용 강력볼트·너트·전기전자제품용 나사,자동차 신품 부품 제조업 / 자동차용 강력볼트·너트·전기전자제품용 나사,KRX_KIND_LISTED_COMPANY,https://kind.krx.co.kr/corpgeneral/corpList.do?method=download&searchType=13,2026-07-18T19:41:51+09:00
004140,동방,기타 운송관련 서비스업,육상운송·해상운송·항만화물하역,기타 운송관련 서비스업 / 육상운송·해상운송·항만화물하역,KRX_KIND_LISTED_COMPANY,https://kind.krx.co.kr/corpgeneral/corpList.do?method=download&searchType=13,2026-07-18T19:41:51+09:00
004150,한솔홀딩스,기타 금융업,지주회사·경영자문컨설팅,기타 금융업 / 지주회사·경영자문컨설팅,KRX_KIND_LISTED_COMPANY,https://kind.krx.co.kr/corpgeneral/corpList.do?method=download&searchType=13,2026-07-18T19:41:51+09:00
004170,신세계,종합 소매업,백화점·할인점(E마트),종합 소매업 / 백화점·할인점(E마트),KRX_KIND_LISTED_COMPANY,https://kind.krx.co.kr/corpgeneral/corpList.do?method=download&searchType=13,2026-07-18T19:41:51+09:00
004250,엔피씨,플라스틱제품 제조업,산업용기프라스틱제품(플라스틱 파렛트·시트 파렛트) 제조·판매,플라스틱제품 제조업 / 산업용기프라스틱제품(플라스틱 파렛트·시트 파렛트) 제조·판매,KRX_KIND_LISTED_COMPANY,https://kind.krx.co.kr/corpgeneral/corpList.do?method=download&searchType=13,2026-07-18T19:41:51+09:00
004270,남성,기타 전문 도매업,수출입(카오디오)·통신기기 제조·판매,기타 전문 도매업 / 수출입(카오디오)·통신기기 제조·판매,KRX_KIND_LISTED_COMPANY,https://kind.krx.co.kr/corpgeneral/corpList.do?method=download&searchType=13,2026-07-18T19:41:51+09:00
004310,현대약품,의약품 제조업,타코실·마이녹실·테놀민,의약품 제조업 / 타코실·마이녹실·테놀민,KRX_KIND_LISTED_COMPANY,https://kind.krx.co.kr/corpgeneral/corpList.do?method=download&searchType=13,2026-07-18T19:41:51+09:00
004360,세방,도로 화물 운송업,도로운송·항만하역·창고,도로 화물 운송업 / 도로운송·항만하역·창고,KRX_KIND_LISTED_COMPANY,https://kind.krx.co.kr/corpgeneral/corpList.do?method=download&searchType=13,2026-07-18T19:41:51+09:00
004370,농심,기타 식품 제조업,라면·스낵·유지 제조,기타 식품 제조업 / 라면·스낵·유지 제조,KRX_KIND_LISTED_COMPANY,https://kind.krx.co.kr/corpgeneral/corpList.do?method=download&searchType=13,2026-07-18T19:41:51+09:00
004380,삼익THK,일반 목적용 기계 제조업,직선운동시스템·메카트로시스템·기타정밀 자동화기기 제조,일반 목적용 기계 제조업 / 직선운동시스템·메카트로시스템·기타정밀 자동화기기 제조,KRX_KIND_LISTED_COMPANY,https://kind.krx.co.kr/corpgeneral/corpList.do?method=download&searchType=13,2026-07-18T19:41:51+09:00
004410,서울식품공업,기타 식품 제조업,빵·스넥·마아가린,기타 식품 제조업 / 빵·스넥·마아가린,KRX_KIND_LISTED_COMPANY,https://kind.krx.co.kr/corpgeneral/corpList.do?method=download&searchType=13,2026-07-18T19:41:51+09:00
004430,송원산업,기타 화학제품 제조업,폴리머첨가제(PVC안정제·산화방지제)·폴리우레탄수지,기타 화학제품 제조업 / 폴리머첨가제(PVC안정제·산화방지제)·폴리우레탄수지,KRX_KIND_LISTED_COMPANY,https://kind.krx.co.kr/corpgeneral/corpList.do?method=download&searchType=13,2026-07-18T19:41:51+09:00
004440,삼일씨엔에스,"시멘트, 석회, 플라스터 및 그 제품 제조업",PHC파일·강교·PC,"시멘트, 석회, 플라스터 및 그 제품 제조업 / PHC파일·강교·PC",KRX_KIND_LISTED_COMPANY,https://kind.krx.co.kr/corpgeneral/corpList.do?method=download&searchType=13,2026-07-18T19:41:51+09:00
004450,삼화왕관,기타 금속 가공제품 제조업,납세용 일반병마개·알루미늄캡·플라스틱캡 제조,기타 금속 가공제품 제조업 / 납세용 일반병마개·알루미늄캡·플라스틱캡 제조,KRX_KIND_LISTED_COMPANY,https://kind.krx.co.kr/corpgeneral/corpList.do?method=download&searchType=13,2026-07-18T19:41:51+09:00
004490,세방전지,일차전지 및 이차전지 제조업,자동차용 및 산업용 축전지(연축전지) 제조·판매,일차전지 및 이차전지 제조업 / 자동차용 및 산업용 축전지(연축전지) 제조·판매,KRX_KIND_LISTED_COMPANY,https://kind.krx.co.kr/corpgeneral/corpList.do?method=download&searchType=13,2026-07-18T19:41:51+09:00
004540,깨끗한나라,"펄프, 종이 및 판지 제조업",펄프·판지원지·화장지 제조,"펄프, 종이 및 판지 제조업 / 펄프·판지원지·화장지 제조",KRX_KIND_LISTED_COMPANY,https://kind.krx.co.kr/corpgeneral/corpList.do?method=download&searchType=13,2026-07-18T19:41:51+09:00
004560,현대비앤지스틸,1차 철강 제조업,스텐레스냉연강판·특수강 제조,1차 철강 제조업 / 스텐레스냉연강판·특수강 제조,KRX_KIND_LISTED_COMPANY,https://kind.krx.co.kr/corpgeneral/corpList.do?method=download&searchType=13,2026-07-18T19:41:51+09:00
004590,한국가구,기타 상품 전문 소매업,소파,기타 상품 전문 소매업 / 소파,KRX_KIND_LISTED_COMPANY,https://kind.krx.co.kr/corpgeneral/corpList.do?method=download&searchType=13,2026-07-18T19:41:51+09:00
004650,창해에탄올,알코올음료 제조업,주정(발효주정·정제주정) 등,알코올음료 제조업 / 주정(발효주정·정제주정) 등,KRX_KIND_LISTED_COMPANY,https://kind.krx.co.kr/corpgeneral/corpList.do?method=download&searchType=13,2026-07-18T19:41:51+09:00
004690,삼천리,연료용 가스 제조 및 배관공급업,도시가스 공급·부동산 임대,연료용 가스 제조 및 배관공급업 / 도시가스 공급·부동산 임대,KRX_KIND_LISTED_COMPANY,https://kind.krx.co.kr/corpgeneral/corpList.do?method=download&searchType=13,2026-07-18T19:41:51+09:00
004700,조광피혁,"가죽, 가방 및 유사제품 제조업",가죽(피혁원단·제화용원단·카시트용원단),"가죽, 가방 및 유사제품 제조업 / 가죽(피혁원단·제화용원단·카시트용원단)",KRX_KIND_LISTED_COMPANY,https://kind.krx.co.kr/corpgeneral/corpList.do?method=download&searchType=13,2026-07-18T19:41:51+09:00
004710,한솔테크닉스,전자부품 제조업,백라이트유닛·인버터·폴리바리콘,전자부품 제조업 / 백라이트유닛·인버터·폴리바리콘,KRX_KIND_LISTED_COMPANY,https://kind.krx.co.kr/corpgeneral/corpList.do?method=download&searchType=13,2026-07-18T19:41:51+09:00
004720,팜젠사이언스,의약품 제조업,의약품 외,의약품 제조업 / 의약품 외,KRX_KIND_LISTED_COMPANY,https://kind.krx.co.kr/corpgeneral/corpList.do?method=download&searchType=13,2026-07-18T19:41:51+09:00
004770,써니전자,전자부품 제조업,수정진동자·수정발진기·초음파지연선,전자부품 제조업 / 수정진동자·수정발진기·초음파지연선,KRX_KIND_LISTED_COMPANY,https://kind.krx.co.kr/corpgeneral/corpList.do?method=download&searchType=13,2026-07-18T19:41:51+09:00
004780,대륙제관,기타 금속 가공제품 제조업,휴대용부탄가스 및 금속포장용기,기타 금속 가공제품 제조업 / 휴대용부탄가스 및 금속포장용기,KRX_KIND_LISTED_COMPANY,https://kind.krx.co.kr/corpgeneral/corpList.do?method=download&searchType=13,2026-07-18T19:41:51+09:00
004800,효성,기타 금융업,스판덱스·합성원사·나일론,기타 금융업 / 스판덱스·합성원사·나일론,KRX_KIND_LISTED_COMPANY,https://kind.krx.co.kr/corpgeneral/corpList.do?method=download&searchType=13,2026-07-18T19:41:51+09:00
004830,덕성,플라스틱제품 제조업,플라스틱레쟈·합성수지·합성피혁 제조,플라스틱제품 제조업 / 플라스틱레쟈·합성수지·합성피혁 제조,KRX_KIND_LISTED_COMPANY,https://kind.krx.co.kr/corpgeneral/corpList.do?method=download&searchType=13,2026-07-18T19:41:51+09:00
004840,DRB동일,고무제품 제조업,고무벨트(V벨트·콘베이어벨트·평벨트),고무제품 제조업 / 고무벨트(V벨트·콘베이어벨트·평벨트),KRX_KIND_LISTED_COMPANY,https://kind.krx.co.kr/corpgeneral/corpList.do?method=download&searchType=13,2026-07-18T19:41:51+09:00
004870,티웨이홀딩스,"시멘트, 석회, 플라스터 및 그 제품 제조업",레미콘·콘크리트파일·완구 제조,"시멘트, 석회, 플라스터 및 그 제품 제조업 / 레미콘·콘크리트파일·완구 제조",KRX_KIND_LISTED_COMPANY,https://kind.krx.co.kr/corpgeneral/corpList.do?method=download&searchType=13,2026-07-18T19:41:51+09:00
004890,동일산업,1차 철강 제조업,봉강·합금철·철근,1차 철강 제조업 / 봉강·합금철·철근,KRX_KIND_LISTED_COMPANY,https://kind.krx.co.kr/corpgeneral/corpList.do?method=download&searchType=13,2026-07-18T19:41:51+09:00
004910,조광페인트,기타 화학제품 제조업,도료(우레탄·에나멜·락카,기타 화학제품 제조업 / 도료(우레탄·에나멜·락카,KRX_KIND_LISTED_COMPANY,https://kind.krx.co.kr/corpgeneral/corpList.do?method=download&searchType=13,2026-07-18T19:41:51+09:00
004920,씨아이테크,영상 및 음향기기 제조업,컴퓨터 소프트웨어·하드웨어 서버·도매,영상 및 음향기기 제조업 / 컴퓨터 소프트웨어·하드웨어 서버·도매,KRX_KIND_LISTED_COMPANY,https://kind.krx.co.kr/corpgeneral/corpList.do?method=download&searchType=13,2026-07-18T19:41:51+09:00
004960,한신공영,건물 건설업,토목공사·건축공사·주택건설,건물 건설업 / 토목공사·건축공사·주택건설,KRX_KIND_LISTED_COMPANY,https://kind.krx.co.kr/corpgeneral/corpList.do?method=download&searchType=13,2026-07-18T19:41:51+09:00
004970,신라교역,어로 어업,원양어업(참치·명태·휠레트,어로 어업 / 원양어업(참치·명태·휠레트,KRX_KIND_LISTED_COMPANY,https://kind.krx.co.kr/corpgeneral/corpList.do?method=download&searchType=13,2026-07-18T19:41:51+09:00
004980,성신양회,"시멘트, 석회, 플라스터 및 그 제품 제조업",시멘트·레미콘 제조,"시멘트, 석회, 플라스터 및 그 제품 제조업 / 시멘트·레미콘 제조",KRX_KIND_LISTED_COMPANY,https://kind.krx.co.kr/corpgeneral/corpList.do?method=download&searchType=13,2026-07-18T19:41:51+09:00
004990,롯데지주,기타 금융업,지주회사,기타 금융업 / 지주회사,KRX_KIND_LISTED_COMPANY,https://kind.krx.co.kr/corpgeneral/corpList.do?method=download&searchType=13,2026-07-18T19:41:51+09:00
005010,휴스틸,1차 철강 제조업,강관(배관용·구조용·유정용) 제조,1차 철강 제조업 / 강관(배관용·구조용·유정용) 제조,KRX_KIND_LISTED_COMPANY,https://kind.krx.co.kr/corpgeneral/corpList.do?method=download&searchType=13,2026-07-18T19:41:51+09:00
005030,부산주공,자동차 신품 부품 제조업,자동차부품(엔진부품·조향장치부품·브레이장치부품,자동차 신품 부품 제조업 / 자동차부품(엔진부품·조향장치부품·브레이장치부품,KRX_KIND_LISTED_COMPANY,https://kind.krx.co.kr/corpgeneral/corpList.do?method=download&searchType=13,2026-07-18T19:41:51+09:00
005070,코스모신소재,기타 화학제품 제조업,이차전지양극활물질·기능성필름,기타 화학제품 제조업 / 이차전지양극활물질·기능성필름,KRX_KIND_LISTED_COMPANY,https://kind.krx.co.kr/corpgeneral/corpList.do?method=download&searchType=13,2026-07-18T19:41:51+09:00
005090,SGC에너지,전기업,증기·전기·REC(신재생에너지공급인증서),전기업 / 증기·전기·REC(신재생에너지공급인증서),KRX_KIND_LISTED_COMPANY,https://kind.krx.co.kr/corpgeneral/corpList.do?method=download&searchType=13,2026-07-18T19:41:51+09:00
005110,한창,기계장비 및 관련 물품 도매업,소화기·통신장비 유통,기계장비 및 관련 물품 도매업 / 소화기·통신장비 유통,KRX_KIND_LISTED_COMPANY,https://kind.krx.co.kr/corpgeneral/corpList.do?method=download&searchType=13,2026-07-18T19:41:51+09:00
005160,동국산업,1차 철강 제조업,철강무역·강판제품제조,1차 철강 제조업 / 철강무역·강판제품제조,KRX_KIND_LISTED_COMPANY,https://kind.krx.co.kr/corpgeneral/corpList.do?method=download&searchType=13,2026-07-18T19:41:51+09:00
005180,빙그레,동·식물성 유지 및 낙농제품 제조업,아이스크림·우유·스낵,동·식물성 유지 및 낙농제품 제조업 / 아이스크림·우유·스낵,KRX_KIND_LISTED_COMPANY,https://kind.krx.co.kr/corpgeneral/corpList.do?method=download&searchType=13,2026-07-18T19:41:51+09:00
005250,녹십자홀딩스,회사 본부 및 경영 컨설팅 서비스업,알부민·유로키나제·간염백신,회사 본부 및 경영 컨설팅 서비스업 / 알부민·유로키나제·간염백신,KRX_KIND_LISTED_COMPANY,https://kind.krx.co.kr/corpgeneral/corpList.do?method=download&searchType=13,2026-07-18T19:41:51+09:00
005290,동진쎄미켐,기초 화학물질 제조업,반도체·LCD용재료(감광제·봉지제),기초 화학물질 제조업 / 반도체·LCD용재료(감광제·봉지제),KRX_KIND_LISTED_COMPANY,https://kind.krx.co.kr/corpgeneral/corpList.do?method=download&searchType=13,2026-07-18T19:41:51+09:00
005300,롯데칠성음료,비알코올음료 및 얼음 제조업,청량음료·과채류음료·곡류음료,비알코올음료 및 얼음 제조업 / 청량음료·과채류음료·곡류음료,KRX_KIND_LISTED_COMPANY,https://kind.krx.co.kr/corpgeneral/corpList.do?method=download&searchType=13,2026-07-18T19:41:51+09:00
005320,온타이드,생활용품 도매업,셔츠·스웨터·파자마(섬유제품) 제조,생활용품 도매업 / 셔츠·스웨터·파자마(섬유제품) 제조,KRX_KIND_LISTED_COMPANY,https://kind.krx.co.kr/corpgeneral/corpList.do?method=download&searchType=13,2026-07-18T19:41:51+09:00
005360,모나미,생활용품 도매업,BP153(BALL POINT PEN)·P-3000(PLUS PEN)·유성매직,생활용품 도매업 / BP153(BALL POINT PEN)·P-3000(PLUS PEN)·유성매직,KRX_KIND_LISTED_COMPANY,https://kind.krx.co.kr/corpgeneral/corpList.do?method=download&searchType=13,2026-07-18T19:41:51+09:00
005380,현대자동차,자동차용 엔진 및 자동차 제조업,자동차(승용차·버스·트럭,자동차용 엔진 및 자동차 제조업 / 자동차(승용차·버스·트럭,KRX_KIND_LISTED_COMPANY,https://kind.krx.co.kr/corpgeneral/corpList.do?method=download&searchType=13,2026-07-18T19:41:51+09:00
005420,코스모화학,기타 화학제품 제조업,이산화티타늄 및 부산물·황산코발트 및 부산물,기타 화학제품 제조업 / 이산화티타늄 및 부산물·황산코발트 및 부산물,KRX_KIND_LISTED_COMPANY,https://kind.krx.co.kr/corpgeneral/corpList.do?method=download&searchType=13,2026-07-18T19:41:51+09:00
005430,한국공항,기타 운송관련 서비스업,항공기 지상조업·항공화물 상하역·장비대여,기타 운송관련 서비스업 / 항공기 지상조업·항공화물 상하역·장비대여,KRX_KIND_LISTED_COMPANY,https://kind.krx.co.kr/corpgeneral/corpList.do?method=download&searchType=13,2026-07-18T19:41:51+09:00
005440,현대지에프홀딩스,기타 금융업,백화점·여행알선·숙박,기타 금융업 / 백화점·여행알선·숙박,KRX_KIND_LISTED_COMPANY,https://kind.krx.co.kr/corpgeneral/corpList.do?method=download&searchType=13,2026-07-18T19:41:51+09:00
005490,POSCO홀딩스,1차 철강 제조업,열연코일·냉연강판·후판,1차 철강 제조업 / 열연코일·냉연강판·후판,KRX_KIND_LISTED_COMPANY,https://kind.krx.co.kr/corpgeneral/corpList.do?method=download&searchType=13,2026-07-18T19:41:51+09:00
005500,삼진제약,의약품 제조업,의약품(게보린·세트라졸·염산나록손) 제조,의약품 제조업 / 의약품(게보린·세트라졸·염산나록손) 제조,KRX_KIND_LISTED_COMPANY,https://kind.krx.co.kr/corpgeneral/corpList.do?method=download&searchType=13,2026-07-18T19:41:51+09:00
005610,삼립,기타 식품 제조업,빵·아이스크림·과자,기타 식품 제조업 / 빵·아이스크림·과자,KRX_KIND_LISTED_COMPANY,https://kind.krx.co.kr/corpgeneral/corpList.do?method=download&searchType=13,2026-07-18T19:41:51+09:00
005670,푸드웰,"과실, 채소 가공 및 저장 처리업",깐밤·통조림류·딸기시럽류,"과실, 채소 가공 및 저장 처리업 / 깐밤·통조림류·딸기시럽류",KRX_KIND_LISTED_COMPANY,https://kind.krx.co.kr/corpgeneral/corpList.do?method=download&searchType=13,2026-07-18T19:41:51+09:00
005680,삼영전자공업,전자부품 제조업,전자부품(알루미늄 전해콘덴서)·전기이중층콘덴서·센서 제조,전자부품 제조업 / 전자부품(알루미늄 전해콘덴서)·전기이중층콘덴서·센서 제조,KRX_KIND_LISTED_COMPANY,https://kind.krx.co.kr/corpgeneral/corpList.do?method=download&searchType=13,2026-07-18T19:41:51+09:00
005690,파미셀,전자부품 제조업,줄기세포치료제·화장품,전자부품 제조업 / 줄기세포치료제·화장품,KRX_KIND_LISTED_COMPANY,https://kind.krx.co.kr/corpgeneral/corpList.do?method=download&searchType=13,2026-07-18T19:41:51+09:00
005710,대원산업,자동차 신품 부품 제조업,자동차시트,자동차 신품 부품 제조업 / 자동차시트,KRX_KIND_LISTED_COMPANY,https://kind.krx.co.kr/corpgeneral/corpList.do?method=download&searchType=13,2026-07-18T19:41:51+09:00
005720,넥센,고무제품 제조업,자동차용 재생타이어튜브·솔리드타이어·고무부품,고무제품 제조업 / 자동차용 재생타이어튜브·솔리드타이어·고무부품,KRX_KIND_LISTED_COMPANY,https://kind.krx.co.kr/corpgeneral/corpList.do?method=download&searchType=13,2026-07-18T19:41:51+09:00
005740,크라운해태홀딩스,기타 금융업,비스켓·쵸코렛·사탕,기타 금융업 / 비스켓·쵸코렛·사탕,KRX_KIND_LISTED_COMPANY,https://kind.krx.co.kr/corpgeneral/corpList.do?method=download&searchType=13,2026-07-18T19:41:51+09:00
005750,대림바스,"내화, 비내화 요업제품 제조업",위생도기·내장타일·조립식욕실제품 제조,"내화, 비내화 요업제품 제조업 / 위생도기·내장타일·조립식욕실제품 제조",KRX_KIND_LISTED_COMPANY,https://kind.krx.co.kr/corpgeneral/corpList.do?method=download&searchType=13,2026-07-18T19:41:51+09:00
005800,신영와코루,봉제의복 제조업,여성용 내의류(화운데이션·란제리·블래지어),봉제의복 제조업 / 여성용 내의류(화운데이션·란제리·블래지어),KRX_KIND_LISTED_COMPANY,https://kind.krx.co.kr/corpgeneral/corpList.do?method=download&searchType=13,2026-07-18T19:41:51+09:00
005810,풍산홀딩스,기타 금융업,동판제·대·관,기타 금융업 / 동판제·대·관,KRX_KIND_LISTED_COMPANY,https://kind.krx.co.kr/corpgeneral/corpList.do?method=download&searchType=13,2026-07-18T19:41:51+09:00
005820,원림,직물직조 및 직물제품 제조업,고무·플라스틱제품·산업용포장재,직물직조 및 직물제품 제조업 / 고무·플라스틱제품·산업용포장재,KRX_KIND_LISTED_COMPANY,https://kind.krx.co.kr/corpgeneral/corpList.do?method=download&searchType=13,2026-07-18T19:41:51+09:00
005830,DB손해보험,보험업,자동차보험·화재보험·해상보험,보험업 / 자동차보험·화재보험·해상보험,KRX_KIND_LISTED_COMPANY,https://kind.krx.co.kr/corpgeneral/corpList.do?method=download&searchType=13,2026-07-18T19:41:51+09:00
005850,에스엘,자동차 신품 부품 제조업,자동차부품(자동차램프·전동화부품·전자부품) 제조,자동차 신품 부품 제조업 / 자동차부품(자동차램프·전동화부품·전자부품) 제조,KRX_KIND_LISTED_COMPANY,https://kind.krx.co.kr/corpgeneral/corpList.do?method=download&searchType=13,2026-07-18T19:41:51+09:00
005860,한일사료,동물용 사료 및 조제식품 제조업,배합사료,동물용 사료 및 조제식품 제조업 / 배합사료,KRX_KIND_LISTED_COMPANY,https://kind.krx.co.kr/corpgeneral/corpList.do?method=download&searchType=13,2026-07-18T19:41:51+09:00
005870,휴니드테크놀러지스,통신 및 방송 장비 제조업,무선통신기기·군납용무전기·위성방송수신기 제조,통신 및 방송 장비 제조업 / 무선통신기기·군납용무전기·위성방송수신기 제조,KRX_KIND_LISTED_COMPANY,https://kind.krx.co.kr/corpgeneral/corpList.do?method=download&searchType=13,2026-07-18T19:41:51+09:00
005880,대한해운,해상 운송업,외항화물운송·국제해운대리점,해상 운송업 / 외항화물운송·국제해운대리점,KRX_KIND_LISTED_COMPANY,https://kind.krx.co.kr/corpgeneral/corpList.do?method=download&searchType=13,2026-07-18T19:41:51+09:00
005930,삼성전자,통신 및 방송 장비 제조업,통신 및 방송 장비 제조(무선) 제품·반도체 제조(메모리) 제품·전자부품 제조(디스플레이) 제품,통신 및 방송 장비 제조업 / 통신 및 방송 장비 제조(무선) 제품·반도체 제조(메모리) 제품·전자부품 제조(디스플레이) 제품,KRX_KIND_LISTED_COMPANY,https://kind.krx.co.kr/corpgeneral/corpList.do?method=download&searchType=13,2026-07-18T19:41:51+09:00
005940,NH투자증권,금융 지원 서비스업,증권업·종합금융,금융 지원 서비스업 / 증권업·종합금융,KRX_KIND_LISTED_COMPANY,https://kind.krx.co.kr/corpgeneral/corpList.do?method=download&searchType=13,2026-07-18T19:41:51+09:00
005950,이수화학,기초 화학물질 제조업,등유·알킬벤젠·윤활유,기초 화학물질 제조업 / 등유·알킬벤젠·윤활유,KRX_KIND_LISTED_COMPANY,https://kind.krx.co.kr/corpgeneral/corpList.do?method=download&searchType=13,2026-07-18T19:41:51+09:00
005960,동부건설,토목 건설업,건축공사·토목공사·전기공사,토목 건설업 / 건축공사·토목공사·전기공사,KRX_KIND_LISTED_COMPANY,https://kind.krx.co.kr/corpgeneral/corpList.do?method=download&searchType=13,2026-07-18T19:41:51+09:00
005990,매일홀딩스,동·식물성 유지 및 낙농제품 제조업,유제품,동·식물성 유지 및 낙농제품 제조업 / 유제품,KRX_KIND_LISTED_COMPANY,https://kind.krx.co.kr/corpgeneral/corpList.do?method=download&searchType=13,2026-07-18T19:41:51+09:00
006040,동원산업,기타 금융업,지주회사,기타 금융업 / 지주회사,KRX_KIND_LISTED_COMPANY,https://kind.krx.co.kr/corpgeneral/corpList.do?method=download&searchType=13,2026-07-18T19:41:51+09:00
006050,국영지앤엠,유리 및 유리제품 제조업,강화유리,유리 및 유리제품 제조업 / 강화유리,KRX_KIND_LISTED_COMPANY,https://kind.krx.co.kr/corpgeneral/corpList.do?method=download&searchType=13,2026-07-18T19:41:51+09:00
006060,화승인더스트리,상품 종합 도매업,포장용 합성수지 제조·신발·필름 판매,상품 종합 도매업 / 포장용 합성수지 제조·신발·필름 판매,KRX_KIND_LISTED_COMPANY,https://kind.krx.co.kr/corpgeneral/corpList.do?method=download&searchType=13,2026-07-18T19:41:51+09:00
006090,사조오양,수산물 가공 및 저장 처리업,원양어업·수산물가공(게맛살) 제조·수출입,수산물 가공 및 저장 처리업 / 원양어업·수산물가공(게맛살) 제조·수출입,KRX_KIND_LISTED_COMPANY,https://kind.krx.co.kr/corpgeneral/corpList.do?method=download&searchType=13,2026-07-18T19:41:51+09:00
006110,삼아알미늄,1차 비철금속 제조업,알루미늄박지·은박지·은박가공품,1차 비철금속 제조업 / 알루미늄박지·은박지·은박가공품,KRX_KIND_LISTED_COMPANY,https://kind.krx.co.kr/corpgeneral/corpList.do?method=download&searchType=13,2026-07-18T19:41:51+09:00
006120,SK디스커버리,기타 금융업,화섬사(폴리에스테르원사(폴리에스터F·폴리에스터SF)·폴리에스터직물,기타 금융업 / 화섬사(폴리에스테르원사(폴리에스터F·폴리에스터SF)·폴리에스터직물,KRX_KIND_LISTED_COMPANY,https://kind.krx.co.kr/corpgeneral/corpList.do?method=download&searchType=13,2026-07-18T19:41:51+09:00
006140,피제이전자,의료용 기기 제조업,EMS Business(의료용기기제조외),의료용 기기 제조업 / EMS Business(의료용기기제조외),KRX_KIND_LISTED_COMPANY,https://kind.krx.co.kr/corpgeneral/corpList.do?method=download&searchType=13,2026-07-18T19:41:51+09:00
006200,한국전자홀딩스,기타 금융업,시장조사·경영컨설팅,기타 금융업 / 시장조사·경영컨설팅,KRX_KIND_LISTED_COMPANY,https://kind.krx.co.kr/corpgeneral/corpList.do?method=download&searchType=13,2026-07-18T19:41:51+09:00
006220,제주은행,은행 및 저축기관,은행업무·외국환업무·신탁업무,은행 및 저축기관 / 은행업무·외국환업무·신탁업무,KRX_KIND_LISTED_COMPANY,https://kind.krx.co.kr/corpgeneral/corpList.do?method=download&searchType=13,2026-07-18T19:41:51+09:00
006260,LS,기타 금융업,전력용전선·일반전선·통신케이블,기타 금융업 / 전력용전선·일반전선·통신케이블,KRX_KIND_LISTED_COMPANY,https://kind.krx.co.kr/corpgeneral/corpList.do?method=download&searchType=13,2026-07-18T19:41:51+09:00
006280,녹십자,의약품 제조업,알부민외 제조·판매,의약품 제조업 / 알부민외 제조·판매,KRX_KIND_LISTED_COMPANY,https://kind.krx.co.kr/corpgeneral/corpList.do?method=download&searchType=13,2026-07-18T19:41:51+09:00
006340,대원전선,절연선 및 케이블 제조업,전선·통신케이블·무선통신장비,절연선 및 케이블 제조업 / 전선·통신케이블·무선통신장비,KRX_KIND_LISTED_COMPANY,https://kind.krx.co.kr/corpgeneral/corpList.do?method=download&searchType=13,2026-07-18T19:41:51+09:00
006360,GS건설,건물 건설업,토목공사·건축공사·주택공사,건물 건설업 / 토목공사·건축공사·주택공사,KRX_KIND_LISTED_COMPANY,https://kind.krx.co.kr/corpgeneral/corpList.do?method=download&searchType=13,2026-07-18T19:41:51+09:00
006370,대구백화점,종합 소매업,백화점운영·임대사업(백화점 코너),종합 소매업 / 백화점운영·임대사업(백화점 코너),KRX_KIND_LISTED_COMPANY,https://kind.krx.co.kr/corpgeneral/corpList.do?method=download&searchType=13,2026-07-18T19:41:51+09:00
006380,카프로,기초 화학물질 제조업,카프로락탐·유안비료 제조,기초 화학물질 제조업 / 카프로락탐·유안비료 제조,KRX_KIND_LISTED_COMPANY,https://kind.krx.co.kr/corpgeneral/corpList.do?method=download&searchType=13,2026-07-18T19:41:51+09:00
006400,삼성SDI,일차전지 및 이차전지 제조업,2차전지·전자재료 제조 판매,일차전지 및 이차전지 제조업 / 2차전지·전자재료 제조 판매,KRX_KIND_LISTED_COMPANY,https://kind.krx.co.kr/corpgeneral/corpList.do?method=download&searchType=13,2026-07-18T19:41:51+09:00
006490,프리티,전기 통신업,시계·스마트그리드·도소매,전기 통신업 / 시계·스마트그리드·도소매,KRX_KIND_LISTED_COMPANY,https://kind.krx.co.kr/corpgeneral/corpList.do?method=download&searchType=13,2026-07-18T19:41:51+09:00
006570,대림통상,기타 금속 가공제품 제조업,수전금구·비데·위생도기,기타 금속 가공제품 제조업 / 수전금구·비데·위생도기,KRX_KIND_LISTED_COMPANY,https://kind.krx.co.kr/corpgeneral/corpList.do?method=download&searchType=13,2026-07-18T19:41:51+09:00
006620,동구바이오제약,의약품 제조업,피부·비뇨기과 완제의약품,의약품 제조업 / 피부·비뇨기과 완제의약품,KRX_KIND_LISTED_COMPANY,https://kind.krx.co.kr/corpgeneral/corpList.do?method=download&searchType=13,2026-07-18T19:41:51+09:00
006650,대한유화,기초 화학물질 제조업,폴리프로필렌·고밀도폴리에틸렌·나프타분해유분,기초 화학물질 제조업 / 폴리프로필렌·고밀도폴리에틸렌·나프타분해유분,KRX_KIND_LISTED_COMPANY,https://kind.krx.co.kr/corpgeneral/corpList.do?method=download&searchType=13,2026-07-18T19:41:51+09:00
006660,삼성공조,자동차 신품 부품 제조업,자동차부품(라디에터·오일쿨러) 제조·판매,자동차 신품 부품 제조업 / 자동차부품(라디에터·오일쿨러) 제조·판매,KRX_KIND_LISTED_COMPANY,https://kind.krx.co.kr/corpgeneral/corpList.do?method=download&searchType=13,2026-07-18T19:41:51+09:00
006730,서부T&D,일반 및 생활 숙박시설 운영업,석유류판매,일반 및 생활 숙박시설 운영업 / 석유류판매,KRX_KIND_LISTED_COMPANY,https://kind.krx.co.kr/corpgeneral/corpList.do?method=download&searchType=13,2026-07-18T19:41:51+09:00
006740,블루산업개발,"골판지, 종이 상자 및 종이용기 제조업",골판지원지·지관원지·라이나원지 제조,"골판지, 종이 상자 및 종이용기 제조업 / 골판지원지·지관원지·라이나원지 제조",KRX_KIND_LISTED_COMPANY,https://kind.krx.co.kr/corpgeneral/corpList.do?method=download&searchType=13,2026-07-18T19:41:51+09:00
006800,미래에셋증권,금융 지원 서비스업,유가증권매매·유가증권위탁매매·유가증권인수,금융 지원 서비스업 / 유가증권매매·유가증권위탁매매·유가증권인수,KRX_KIND_LISTED_COMPANY,https://kind.krx.co.kr/corpgeneral/corpList.do?method=download&searchType=13,2026-07-18T19:41:51+09:00
006840,AK홀딩스,기타 금융업,지주사업,기타 금융업 / 지주사업,KRX_KIND_LISTED_COMPANY,https://kind.krx.co.kr/corpgeneral/corpList.do?method=download&searchType=13,2026-07-18T19:41:51+09:00
006880,신송홀딩스,산업용 농·축산물 및 동·식물 도매업,사업경영 및 관리자문,산업용 농·축산물 및 동·식물 도매업 / 사업경영 및 관리자문,KRX_KIND_LISTED_COMPANY,https://kind.krx.co.kr/corpgeneral/corpList.do?method=download&searchType=13,2026-07-18T19:41:51+09:00
006890,태경케미컬,기초 화학물질 제조업,드라이아이스·액체탄산·고체탄산 제조,기초 화학물질 제조업 / 드라이아이스·액체탄산·고체탄산 제조,KRX_KIND_LISTED_COMPANY,https://kind.krx.co.kr/corpgeneral/corpList.do?method=download&searchType=13,2026-07-18T19:41:51+09:00
006910,보성파워텍,"구조용 금속제품, 탱크 및 증기발생기 제조업",송배전용자재,"구조용 금속제품, 탱크 및 증기발생기 제조업 / 송배전용자재",KRX_KIND_LISTED_COMPANY,https://kind.krx.co.kr/corpgeneral/corpList.do?method=download&searchType=13,2026-07-18T19:41:51+09:00
006920,모헨즈,"시멘트, 석회, 플라스터 및 그 제품 제조업",레미콘,"시멘트, 석회, 플라스터 및 그 제품 제조업 / 레미콘",KRX_KIND_LISTED_COMPANY,https://kind.krx.co.kr/corpgeneral/corpList.do?method=download&searchType=13,2026-07-18T19:41:51+09:00
006980,우성,"곡물가공품, 전분 및 전분제품 제조업",배합사료·Suit-feed(맞춤 TMR(육성우·건유우,"곡물가공품, 전분 및 전분제품 제조업 / 배합사료·Suit-feed(맞춤 TMR(육성우·건유우",KRX_KIND_LISTED_COMPANY,https://kind.krx.co.kr/corpgeneral/corpList.do?method=download&searchType=13,2026-07-18T19:41:51+09:00
007070,GS리테일,종합 소매업,체인화 편의점·슈퍼마켓·마트,종합 소매업 / 체인화 편의점·슈퍼마켓·마트,KRX_KIND_LISTED_COMPANY,https://kind.krx.co.kr/corpgeneral/corpList.do?method=download&searchType=13,2026-07-18T19:41:51+09:00
007110,일신석재,"건축자재, 철물 및 난방장치 도매업",건축석 제조·도소매·석공예,"건축자재, 철물 및 난방장치 도매업 / 건축석 제조·도소매·석공예",KRX_KIND_LISTED_COMPANY,https://kind.krx.co.kr/corpgeneral/corpList.do?method=download&searchType=13,2026-07-18T19:41:51+09:00
007120,미래아이앤지,"컴퓨터 프로그래밍, 시스템 통합 및 관리업",CCTV·DVR제조·금융솔루션,"컴퓨터 프로그래밍, 시스템 통합 및 관리업 / CCTV·DVR제조·금융솔루션",KRX_KIND_LISTED_COMPANY,https://kind.krx.co.kr/corpgeneral/corpList.do?method=download&searchType=13,2026-07-18T19:41:51+09:00
007160,사조산업,수산물 가공 및 저장 처리업,원양어업(참치·명태·오징어),수산물 가공 및 저장 처리업 / 원양어업(참치·명태·오징어),KRX_KIND_LISTED_COMPANY,https://kind.krx.co.kr/corpgeneral/corpList.do?method=download&searchType=13,2026-07-18T19:41:51+09:00
007210,벽산,기타 비금속 광물제품 제조업,단열재·천장재·외장재,기타 비금속 광물제품 제조업 / 단열재·천장재·외장재,KRX_KIND_LISTED_COMPANY,https://kind.krx.co.kr/corpgeneral/corpList.do?method=download&searchType=13,2026-07-18T19:41:51+09:00
007280,한국특강,1차 철강 제조업,철강압연제품(앵글·이형형강·평철,1차 철강 제조업 / 철강압연제품(앵글·이형형강·평철,KRX_KIND_LISTED_COMPANY,https://kind.krx.co.kr/corpgeneral/corpList.do?method=download&searchType=13,2026-07-18T19:41:51+09:00
007310,오뚜기,기타 식품 제조업,라면·마요네즈·카레,기타 식품 제조업 / 라면·마요네즈·카레,KRX_KIND_LISTED_COMPANY,https://kind.krx.co.kr/corpgeneral/corpList.do?method=download&searchType=13,2026-07-18T19:41:51+09:00
007330,푸른저축은행,은행 및 저축기관,대출이자,은행 및 저축기관 / 대출이자,KRX_KIND_LISTED_COMPANY,https://kind.krx.co.kr/corpgeneral/corpList.do?method=download&searchType=13,2026-07-18T19:41:51+09:00
007340,DN오토모티브,일차전지 및 이차전지 제조업,자동차용 밧데리,일차전지 및 이차전지 제조업 / 자동차용 밧데리,KRX_KIND_LISTED_COMPANY,https://kind.krx.co.kr/corpgeneral/corpList.do?method=download&searchType=13,2026-07-18T19:41:51+09:00
007370,진양제약,의약품 제조업,소부날·옥티란,의약품 제조업 / 소부날·옥티란,KRX_KIND_LISTED_COMPANY,https://kind.krx.co.kr/corpgeneral/corpList.do?method=download&searchType=13,2026-07-18T19:41:51+09:00
007390,네이처셀,기초 의약물질 제조업,닥터쥬크르,기초 의약물질 제조업 / 닥터쥬크르,KRX_KIND_LISTED_COMPANY,https://kind.krx.co.kr/corpgeneral/corpList.do?method=download&searchType=13,2026-07-18T19:41:51+09:00
007460,에이프로젠,의약품 제조업,단열장치·철구조물·가열로,의약품 제조업 / 단열장치·철구조물·가열로,KRX_KIND_LISTED_COMPANY,https://kind.krx.co.kr/corpgeneral/corpList.do?method=download&searchType=13,2026-07-18T19:41:51+09:00
007530,와이엠,기타 금속 가공제품 제조업,볼트·나사,기타 금속 가공제품 제조업 / 볼트·나사,KRX_KIND_LISTED_COMPANY,https://kind.krx.co.kr/corpgeneral/corpList.do?method=download&searchType=13,2026-07-18T19:41:51+09:00
007540,샘표,기타 금융업,간장·된장·고추장 제조,기타 금융업 / 간장·된장·고추장 제조,KRX_KIND_LISTED_COMPANY,https://kind.krx.co.kr/corpgeneral/corpList.do?method=download&searchType=13,2026-07-18T19:41:51+09:00
007570,일양약품,의약품 제조업,일반의약품(원비디·영비천·아진탈,의약품 제조업 / 일반의약품(원비디·영비천·아진탈,KRX_KIND_LISTED_COMPANY,https://kind.krx.co.kr/corpgeneral/corpList.do?method=download&searchType=13,2026-07-18T19:41:51+09:00
007590,동방아그로,"비료, 농약 및 살균, 살충제 제조업",농약(잡초발생전 토양처리형 밭잡초약·부메랑·주움,"비료, 농약 및 살균, 살충제 제조업 / 농약(잡초발생전 토양처리형 밭잡초약·부메랑·주움",KRX_KIND_LISTED_COMPANY,https://kind.krx.co.kr/corpgeneral/corpList.do?method=download&searchType=13,2026-07-18T19:41:51+09:00
007610,선도전기,"전동기, 발전기 및 전기 변환 · 공급 · 제어 장치 제조업",수배전반·중전기기 제조·도매,"전동기, 발전기 및 전기 변환 · 공급 · 제어 장치 제조업 / 수배전반·중전기기 제조·도매",KRX_KIND_LISTED_COMPANY,https://kind.krx.co.kr/corpgeneral/corpList.do?method=download&searchType=13,2026-07-18T19:41:51+09:00
007660,이수페타시스,전자부품 제조업,P.C.B(인쇄회로기판)·M.L.B 제조,전자부품 제조업 / P.C.B(인쇄회로기판)·M.L.B 제조,KRX_KIND_LISTED_COMPANY,https://kind.krx.co.kr/corpgeneral/corpList.do?method=download&searchType=13,2026-07-18T19:41:51+09:00
007680,대원,건물 건설업,아파트 시행 및 시공,건물 건설업 / 아파트 시행 및 시공,KRX_KIND_LISTED_COMPANY,https://kind.krx.co.kr/corpgeneral/corpList.do?method=download&searchType=13,2026-07-18T19:41:51+09:00
007690,국도화학,기초 화학물질 제조업,에폭시수지·폴리아마이드수지·아염소산소다 제조,기초 화학물질 제조업 / 에폭시수지·폴리아마이드수지·아염소산소다 제조,KRX_KIND_LISTED_COMPANY,https://kind.krx.co.kr/corpgeneral/corpList.do?method=download&searchType=13,2026-07-18T19:41:51+09:00
007700,F&F 홀딩스,기타 금융업,지주회사,기타 금융업 / 지주회사,KRX_KIND_LISTED_COMPANY,https://kind.krx.co.kr/corpgeneral/corpList.do?method=download&searchType=13,2026-07-18T19:41:51+09:00
007720,소노스퀘어,상품 종합 도매업,기업소모성자재 구매대행업,상품 종합 도매업 / 기업소모성자재 구매대행업,KRX_KIND_LISTED_COMPANY,https://kind.krx.co.kr/corpgeneral/corpList.do?method=download&searchType=13,2026-07-18T19:41:51+09:00
007770,한일화학,기초 화학물질 제조업,산화아연,기초 화학물질 제조업 / 산화아연,KRX_KIND_LISTED_COMPANY,https://kind.krx.co.kr/corpgeneral/corpList.do?method=download&searchType=13,2026-07-18T19:41:51+09:00
007810,코리아써키트,전자부품 제조업,인쇄회로기판·Module 제조·부동산(건물) 임대,전자부품 제조업 / 인쇄회로기판·Module 제조·부동산(건물) 임대,KRX_KIND_LISTED_COMPANY,https://kind.krx.co.kr/corpgeneral/corpList.do?method=download&searchType=13,2026-07-18T19:41:51+09:00
007820,엠엑스로보틱스,일반 목적용 기계 제조업,자동화물류서비스·자동화공정설비,일반 목적용 기계 제조업 / 자동화물류서비스·자동화공정설비,KRX_KIND_LISTED_COMPANY,https://kind.krx.co.kr/corpgeneral/corpList.do?method=download&searchType=13,2026-07-18T19:41:51+09:00
007860,서연,기타 금융업,자동차부품(승용차내장품-도어트림·헤드라이닝·승용차시트) 제조,기타 금융업 / 자동차부품(승용차내장품-도어트림·헤드라이닝·승용차시트) 제조,KRX_KIND_LISTED_COMPANY,https://kind.krx.co.kr/corpgeneral/corpList.do?method=download&searchType=13,2026-07-18T19:41:51+09:00
007980,TP,봉제의복 제조업,봉제의류(자켓·파카·코트),봉제의복 제조업 / 봉제의류(자켓·파카·코트),KRX_KIND_LISTED_COMPANY,https://kind.krx.co.kr/corpgeneral/corpList.do?method=download&searchType=13,2026-07-18T19:41:51+09:00
008040,사조동아원,"곡물가공품, 전분 및 전분제품 제조업",제분·배합사료 제조,"곡물가공품, 전분 및 전분제품 제조업 / 제분·배합사료 제조",KRX_KIND_LISTED_COMPANY,https://kind.krx.co.kr/corpgeneral/corpList.do?method=download&searchType=13,2026-07-18T19:41:51+09:00
008060,대덕,기타 금융업,산업용 인쇄회로기판·다층 인쇄회로기판·빌드업기판,기타 금융업 / 산업용 인쇄회로기판·다층 인쇄회로기판·빌드업기판,KRX_KIND_LISTED_COMPANY,https://kind.krx.co.kr/corpgeneral/corpList.do?method=download&searchType=13,2026-07-18T19:41:51+09:00
008250,이건산업,나무제품 제조업,컨테이너용합판·목재 파렛트·프레스우드 파렛트,나무제품 제조업 / 컨테이너용합판·목재 파렛트·프레스우드 파렛트,KRX_KIND_LISTED_COMPANY,https://kind.krx.co.kr/corpgeneral/corpList.do?method=download&searchType=13,2026-07-18T19:41:51+09:00
008260,NI스틸,1차 철강 제조업,스틸파이프·철강재임가공 제조·도매,1차 철강 제조업 / 스틸파이프·철강재임가공 제조·도매,KRX_KIND_LISTED_COMPANY,https://kind.krx.co.kr/corpgeneral/corpList.do?method=download&searchType=13,2026-07-18T19:41:51+09:00
008290,원풍물산,봉제의복 제조업,남성용신사복,봉제의복 제조업 / 남성용신사복,KRX_KIND_LISTED_COMPANY,https://kind.krx.co.kr/corpgeneral/corpList.do?method=download&searchType=13,2026-07-18T19:41:51+09:00
008350,남선알미늄,1차 비철금속 제조업,알미늄샷시 제조·환경사업,1차 비철금속 제조업 / 알미늄샷시 제조·환경사업,KRX_KIND_LISTED_COMPANY,https://kind.krx.co.kr/corpgeneral/corpList.do?method=download&searchType=13,2026-07-18T19:41:51+09:00
008370,원풍,플라스틱제품 제조업,플라스틱 필름,플라스틱제품 제조업 / 플라스틱 필름,KRX_KIND_LISTED_COMPANY,https://kind.krx.co.kr/corpgeneral/corpList.do?method=download&searchType=13,2026-07-18T19:41:51+09:00
008420,문배철강,1차 철강 제조업,철강재중 판재류(후판·박판·무늬강판) 제조,1차 철강 제조업 / 철강재중 판재류(후판·박판·무늬강판) 제조,KRX_KIND_LISTED_COMPANY,https://kind.krx.co.kr/corpgeneral/corpList.do?method=download&searchType=13,2026-07-18T19:41:51+09:00
008470,부스타,"구조용 금속제품, 탱크 및 증기발생기 제조업",관류보일러·진공온수보일러·무압온수보일러,"구조용 금속제품, 탱크 및 증기발생기 제조업 / 관류보일러·진공온수보일러·무압온수보일러",KRX_KIND_LISTED_COMPANY,https://kind.krx.co.kr/corpgeneral/corpList.do?method=download&searchType=13,2026-07-18T19:41:51+09:00
008490,서흥,기타 화학제품 제조업,의약품(하드캅셀·건강보조식품·소프트캅셀),기타 화학제품 제조업 / 의약품(하드캅셀·건강보조식품·소프트캅셀),KRX_KIND_LISTED_COMPANY,https://kind.krx.co.kr/corpgeneral/corpList.do?method=download&searchType=13,2026-07-18T19:41:51+09:00
008600,윌비스,생활용품 도매업,스웨터·니트·셔츠 도매,생활용품 도매업 / 스웨터·니트·셔츠 도매,KRX_KIND_LISTED_COMPANY,https://kind.krx.co.kr/corpgeneral/corpList.do?method=download&searchType=13,2026-07-18T19:41:51+09:00
008700,아남전자,영상 및 음향기기 제조업,칼라TV·오디오·비디오 제조,영상 및 음향기기 제조업 / 칼라TV·오디오·비디오 제조,KRX_KIND_LISTED_COMPANY,https://kind.krx.co.kr/corpgeneral/corpList.do?method=download&searchType=13,2026-07-18T19:41:51+09:00
008730,율촌화학,플라스틱제품 제조업,연포장재·필름·골판지상자,플라스틱제품 제조업 / 연포장재·필름·골판지상자,KRX_KIND_LISTED_COMPANY,https://kind.krx.co.kr/corpgeneral/corpList.do?method=download&searchType=13,2026-07-18T19:41:51+09:00
008770,호텔신라,기타 상품 전문 소매업,면세판매·관광숙박·외식사업,기타 상품 전문 소매업 / 면세판매·관광숙박·외식사업,KRX_KIND_LISTED_COMPANY,https://kind.krx.co.kr/corpgeneral/corpList.do?method=download&searchType=13,2026-07-18T19:41:51+09:00
008830,대동기어,특수 목적용 기계 제조업,기어·베벨기어·축,특수 목적용 기계 제조업 / 기어·베벨기어·축,KRX_KIND_LISTED_COMPANY,https://kind.krx.co.kr/corpgeneral/corpList.do?method=download&searchType=13,2026-07-18T19:41:51+09:00
008870,금비,유리 및 유리제품 제조업,유리제품(주류병) 제조·화장품 도소매·수입(병제조기기),유리 및 유리제품 제조업 / 유리제품(주류병) 제조·화장품 도소매·수입(병제조기기),KRX_KIND_LISTED_COMPANY,https://kind.krx.co.kr/corpgeneral/corpList.do?method=download&searchType=13,2026-07-18T19:41:51+09:00
008930,한미사이언스,기타 금융업,항생제(세포탁심·세포트리악손)·유산균정장제(메디락비타,기타 금융업 / 항생제(세포탁심·세포트리악손)·유산균정장제(메디락비타,KRX_KIND_LISTED_COMPANY,https://kind.krx.co.kr/corpgeneral/corpList.do?method=download&searchType=13,2026-07-18T19:41:51+09:00
008970,KBI동양철관,1차 철강 제조업,수도용 도복장 강관·주물(강관말뚝)·가스관 제조,1차 철강 제조업 / 수도용 도복장 강관·주물(강관말뚝)·가스관 제조,KRX_KIND_LISTED_COMPANY,https://kind.krx.co.kr/corpgeneral/corpList.do?method=download&searchType=13,2026-07-18T19:41:51+09:00
009070,케이씨티시,도로 화물 운송업,화물자동차운송·항만하역·창고보관,도로 화물 운송업 / 화물자동차운송·항만하역·창고보관,KRX_KIND_LISTED_COMPANY,https://kind.krx.co.kr/corpgeneral/corpList.do?method=download&searchType=13,2026-07-18T19:41:51+09:00
009140,경인전자,전자부품 제조업,스위치·리모콘·배선기구,전자부품 제조업 / 스위치·리모콘·배선기구,KRX_KIND_LISTED_COMPANY,https://kind.krx.co.kr/corpgeneral/corpList.do?method=download&searchType=13,2026-07-18T19:41:51+09:00
009150,삼성전기,전자부품 제조업,수동소자 (MLCC·Inductor·Chip Resistor 등),전자부품 제조업 / 수동소자 (MLCC·Inductor·Chip Resistor 등),KRX_KIND_LISTED_COMPANY,https://kind.krx.co.kr/corpgeneral/corpList.do?method=download&searchType=13,2026-07-18T19:41:51+09:00
009160,SIMPAC,1차 철강 제조업,프레스·합금철,1차 철강 제조업 / 프레스·합금철,KRX_KIND_LISTED_COMPANY,https://kind.krx.co.kr/corpgeneral/corpList.do?method=download&searchType=13,2026-07-18T19:41:51+09:00
009180,한솔로지스틱스,기타 운송관련 서비스업,지류펄프 보관창고 운영·화물취급·화물운송알선,기타 운송관련 서비스업 / 지류펄프 보관창고 운영·화물취급·화물운송알선,KRX_KIND_LISTED_COMPANY,https://kind.krx.co.kr/corpgeneral/corpList.do?method=download&searchType=13,2026-07-18T19:41:51+09:00
009190,대양금속,1차 철강 제조업,스테인레스 냉연강판 제조,1차 철강 제조업 / 스테인레스 냉연강판 제조,KRX_KIND_LISTED_COMPANY,https://kind.krx.co.kr/corpgeneral/corpList.do?method=download&searchType=13,2026-07-18T19:41:51+09:00
009200,무림페이퍼,"펄프, 종이 및 판지 제조업",지류·아트지·백상지 제조,"펄프, 종이 및 판지 제조업 / 지류·아트지·백상지 제조",KRX_KIND_LISTED_COMPANY,https://kind.krx.co.kr/corpgeneral/corpList.do?method=download&searchType=13,2026-07-18T19:41:51+09:00
009240,한샘,생활용품 도매업,주방가구(씽크대)·인테리어가구 판매·제조,생활용품 도매업 / 주방가구(씽크대)·인테리어가구 판매·제조,KRX_KIND_LISTED_COMPANY,https://kind.krx.co.kr/corpgeneral/corpList.do?method=download&searchType=13,2026-07-18T19:41:51+09:00
009270,신원,봉제의복 제조업,여성·남성의류·스웨터,봉제의복 제조업 / 여성·남성의류·스웨터,KRX_KIND_LISTED_COMPANY,https://kind.krx.co.kr/corpgeneral/corpList.do?method=download&searchType=13,2026-07-18T19:41:51+09:00
009290,광동제약,의약품 제조업,의약품·식음료 제조·도매,의약품 제조업 / 의약품·식음료 제조·도매,KRX_KIND_LISTED_COMPANY,https://kind.krx.co.kr/corpgeneral/corpList.do?method=download&searchType=13,2026-07-18T19:41:51+09:00
009300,삼아제약,의약품 제조업,노마에프·아토크건조시럽·코데날정,의약품 제조업 / 노마에프·아토크건조시럽·코데날정,KRX_KIND_LISTED_COMPANY,https://kind.krx.co.kr/corpgeneral/corpList.do?method=download&searchType=13,2026-07-18T19:41:51+09:00
009310,참엔지니어링,특수 목적용 기계 제조업,FPD Laser Repair 장비 등 (FPD 장비의 개발과 제조 및 판매),특수 목적용 기계 제조업 / FPD Laser Repair 장비 등 (FPD 장비의 개발과 제조 및 판매),KRX_KIND_LISTED_COMPANY,https://kind.krx.co.kr/corpgeneral/corpList.do?method=download&searchType=13,2026-07-18T19:41:51+09:00
009320,아진전자부품,자동차 신품 부품 제조업,자동차 전장부품,자동차 신품 부품 제조업 / 자동차 전장부품,KRX_KIND_LISTED_COMPANY,https://kind.krx.co.kr/corpgeneral/corpList.do?method=download&searchType=13,2026-07-18T19:41:51+09:00
009410,태영건설,토목 건설업,종합건설업(토목공사·도로공사·건축공사,토목 건설업 / 종합건설업(토목공사·도로공사·건축공사,KRX_KIND_LISTED_COMPANY,https://kind.krx.co.kr/corpgeneral/corpList.do?method=download&searchType=13,2026-07-18T19:41:51+09:00
009420,한올바이오파마,의약품 제조업,의약품 제조·도매·부동산 임대,의약품 제조업 / 의약품 제조·도매·부동산 임대,KRX_KIND_LISTED_COMPANY,https://kind.krx.co.kr/corpgeneral/corpList.do?method=download&searchType=13,2026-07-18T19:41:51+09:00
009440,KC그린홀딩스,기타 금융업,기타금융업,기타 금융업 / 기타금융업,KRX_KIND_LISTED_COMPANY,https://kind.krx.co.kr/corpgeneral/corpList.do?method=download&searchType=13,2026-07-18T19:41:51+09:00
009450,경동나비엔,가정용 기기 제조업,가정용기름보일러·입형·횡형 온수보일러,가정용 기기 제조업 / 가정용기름보일러·입형·횡형 온수보일러,KRX_KIND_LISTED_COMPANY,https://kind.krx.co.kr/corpgeneral/corpList.do?method=download&searchType=13,2026-07-18T19:41:51+09:00
009460,한창제지,"펄프, 종이 및 판지 제조업",마닐라판지·고급백판지(ALL PULP) 제조·판매,"펄프, 종이 및 판지 제조업 / 마닐라판지·고급백판지(ALL PULP) 제조·판매",KRX_KIND_LISTED_COMPANY,https://kind.krx.co.kr/corpgeneral/corpList.do?method=download&searchType=13,2026-07-18T19:41:51+09:00
009470,삼화전기,전자부품 제조업,콘덴서 제조·판매,전자부품 제조업 / 콘덴서 제조·판매,KRX_KIND_LISTED_COMPANY,https://kind.krx.co.kr/corpgeneral/corpList.do?method=download&searchType=13,2026-07-18T19:41:51+09:00
009520,포스코엠텍,1차 철강 제조업,철강포장용역 및 Al탈산제 생산,1차 철강 제조업 / 철강포장용역 및 Al탈산제 생산,KRX_KIND_LISTED_COMPANY,https://kind.krx.co.kr/corpgeneral/corpList.do?method=download&searchType=13,2026-07-18T19:41:51+09:00
009540,HD한국조선해양,기타 금융업,선박·해양구조물·엔진,기타 금융업 / 선박·해양구조물·엔진,KRX_KIND_LISTED_COMPANY,https://kind.krx.co.kr/corpgeneral/corpList.do?method=download&searchType=13,2026-07-18T19:41:51+09:00
009580,무림P&P,"펄프, 종이 및 판지 제조업",표백화학펄프(B.K.P) 제조·목재가공·조림사업,"펄프, 종이 및 판지 제조업 / 표백화학펄프(B.K.P) 제조·목재가공·조림사업",KRX_KIND_LISTED_COMPANY,https://kind.krx.co.kr/corpgeneral/corpList.do?method=download&searchType=13,2026-07-18T19:41:51+09:00
009620,삼보산업,1차 비철금속 제조업,알미늄괴,1차 비철금속 제조업 / 알미늄괴,KRX_KIND_LISTED_COMPANY,https://kind.krx.co.kr/corpgeneral/corpList.do?method=download&searchType=13,2026-07-18T19:41:51+09:00
009680,모토닉,자동차 신품 부품 제조업,자동차용 부품(연료펌프·LPI SYSTEM·FCEV) 제조,자동차 신품 부품 제조업 / 자동차용 부품(연료펌프·LPI SYSTEM·FCEV) 제조,KRX_KIND_LISTED_COMPANY,https://kind.krx.co.kr/corpgeneral/corpList.do?method=download&searchType=13,2026-07-18T19:41:51+09:00
009730,이렘,1차 철강 제조업,스테인리스파이프·슈퍼데크,1차 철강 제조업 / 스테인리스파이프·슈퍼데크,KRX_KIND_LISTED_COMPANY,https://kind.krx.co.kr/corpgeneral/corpList.do?method=download&searchType=13,2026-07-18T19:41:51+09:00
009770,삼정펄프,"펄프, 종이 및 판지 제조업",지류화장지·안면용·위생용 티슈 제조,"펄프, 종이 및 판지 제조업 / 지류화장지·안면용·위생용 티슈 제조",KRX_KIND_LISTED_COMPANY,https://kind.krx.co.kr/corpgeneral/corpList.do?method=download&searchType=13,2026-07-18T19:41:51+09:00
009780,엠에스씨,기타 식품 제조업,식품첨가물,기타 식품 제조업 / 식품첨가물,KRX_KIND_LISTED_COMPANY,https://kind.krx.co.kr/corpgeneral/corpList.do?method=download&searchType=13,2026-07-18T19:41:51+09:00
009810,플레이그램,기타 전문 도매업,MRO·영상콘텐츠,기타 전문 도매업 / MRO·영상콘텐츠,KRX_KIND_LISTED_COMPANY,https://kind.krx.co.kr/corpgeneral/corpList.do?method=download&searchType=13,2026-07-18T19:41:51+09:00
009830,한화솔루션,기초 화학물질 제조업,합성수지·유화부문(LDPE·LLDPE)제품 제조,기초 화학물질 제조업 / 합성수지·유화부문(LDPE·LLDPE)제품 제조,KRX_KIND_LISTED_COMPANY,https://kind.krx.co.kr/corpgeneral/corpList.do?method=download&searchType=13,2026-07-18T19:41:51+09:00
009900,명신산업,자동차 신품 부품 제조업,자동차차체부품,자동차 신품 부품 제조업 / 자동차차체부품,KRX_KIND_LISTED_COMPANY,https://kind.krx.co.kr/corpgeneral/corpList.do?method=download&searchType=13,2026-07-18T19:41:51+09:00
009970,영원무역홀딩스,기타 금융업,스포츠의류(등산복·운동복·스키복) 도소매,기타 금융업 / 스포츠의류(등산복·운동복·스키복) 도소매,KRX_KIND_LISTED_COMPANY,https://kind.krx.co.kr/corpgeneral/corpList.do?method=download&searchType=13,2026-07-18T19:41:51+09:00
010040,한국내화,"내화, 비내화 요업제품 제조업",내화벽돌·내화몰탈·축로등 제조,"내화, 비내화 요업제품 제조업 / 내화벽돌·내화몰탈·축로등 제조",KRX_KIND_LISTED_COMPANY,https://kind.krx.co.kr/corpgeneral/corpList.do?method=download&searchType=13,2026-07-18T19:41:51+09:00
010060,OCI홀딩스,기타 금융업,타르제품·카본블랙·무수프탈산,기타 금융업 / 타르제품·카본블랙·무수프탈산,KRX_KIND_LISTED_COMPANY,https://kind.krx.co.kr/corpgeneral/corpList.do?method=download&searchType=13,2026-07-18T19:41:51+09:00
010100,한국무브넥스,자동차 신품 부품 제조업,자동차부품(제동·구동장치)·프랜지(관이음쇠),자동차 신품 부품 제조업 / 자동차부품(제동·구동장치)·프랜지(관이음쇠),KRX_KIND_LISTED_COMPANY,https://kind.krx.co.kr/corpgeneral/corpList.do?method=download&searchType=13,2026-07-18T19:41:51+09:00
010120,엘에스일렉트릭,"전동기, 발전기 및 전기 변환 · 공급 · 제어 장치 제조업",고압기기·저압기기·변압기,"전동기, 발전기 및 전기 변환 · 공급 · 제어 장치 제조업 / 고압기기·저압기기·변압기",KRX_KIND_LISTED_COMPANY,https://kind.krx.co.kr/corpgeneral/corpList.do?method=download&searchType=13,2026-07-18T19:41:51+09:00
010130,고려아연,1차 비철금속 제조업,연·아연괴 제조·판매,1차 비철금속 제조업 / 연·아연괴 제조·판매,KRX_KIND_LISTED_COMPANY,https://kind.krx.co.kr/corpgeneral/corpList.do?method=download&searchType=13,2026-07-18T19:41:51+09:00
010140,삼성중공업,선박 및 보트 건조업,선박(벌크선·원유운반선)·철구조물,선박 및 보트 건조업 / 선박(벌크선·원유운반선)·철구조물,KRX_KIND_LISTED_COMPANY,https://kind.krx.co.kr/corpgeneral/corpList.do?method=download&searchType=13,2026-07-18T19:41:51+09:00
010170,대한광통신,절연선 및 케이블 제조업,광섬유·광케이블,절연선 및 케이블 제조업 / 광섬유·광케이블,KRX_KIND_LISTED_COMPANY,https://kind.krx.co.kr/corpgeneral/corpList.do?method=download&searchType=13,2026-07-18T19:41:51+09:00
010240,흥국,특수 목적용 기계 제조업,굴삭기 Roller 및 형단조품,특수 목적용 기계 제조업 / 굴삭기 Roller 및 형단조품,KRX_KIND_LISTED_COMPANY,https://kind.krx.co.kr/corpgeneral/corpList.do?method=download&searchType=13,2026-07-18T19:41:51+09:00
010280,아이티센엔텍,"컴퓨터 프로그래밍, 시스템 통합 및 관리업",클라우드·시스템통합(SI)·네트워크 설계 및 구축,"컴퓨터 프로그래밍, 시스템 통합 및 관리업 / 클라우드·시스템통합(SI)·네트워크 설계 및 구축",KRX_KIND_LISTED_COMPANY,https://kind.krx.co.kr/corpgeneral/corpList.do?method=download&searchType=13,2026-07-18T19:41:51+09:00
010400,우진아이엔에스,건물설비 설치 공사업,반도체·디스플레이 코팅덕트,건물설비 설치 공사업 / 반도체·디스플레이 코팅덕트,KRX_KIND_LISTED_COMPANY,https://kind.krx.co.kr/corpgeneral/corpList.do?method=download&searchType=13,2026-07-18T19:41:51+09:00
010470,오리콤,광고업,광고대행,광고업 / 광고대행,KRX_KIND_LISTED_COMPANY,https://kind.krx.co.kr/corpgeneral/corpList.do?method=download&searchType=13,2026-07-18T19:41:51+09:00
010580,에스엠벡셀,자동차 신품 부품 제조업,자동차부품(워터펌프·오일펌프·엔진헤드(GV6),자동차 신품 부품 제조업 / 자동차부품(워터펌프·오일펌프·엔진헤드(GV6),KRX_KIND_LISTED_COMPANY,https://kind.krx.co.kr/corpgeneral/corpList.do?method=download&searchType=13,2026-07-18T19:41:51+09:00
010640,진양폴리우레탄,플라스틱제품 제조업,폴리우레탄·폴리우레탄스폰지 제조·판매,플라스틱제품 제조업 / 폴리우레탄·폴리우레탄스폰지 제조·판매,KRX_KIND_LISTED_COMPANY,https://kind.krx.co.kr/corpgeneral/corpList.do?method=download&searchType=13,2026-07-18T19:41:51+09:00
010660,화천기계,특수 목적용 기계 제조업,선반·밀링·연삭기,특수 목적용 기계 제조업 / 선반·밀링·연삭기,KRX_KIND_LISTED_COMPANY,https://kind.krx.co.kr/corpgeneral/corpList.do?method=download&searchType=13,2026-07-18T19:41:51+09:00
010690,화신,자동차 신품 부품 제조업,자동차엔진부품(ARM류·C·MBR류),자동차 신품 부품 제조업 / 자동차엔진부품(ARM류·C·MBR류),KRX_KIND_LISTED_COMPANY,https://kind.krx.co.kr/corpgeneral/corpList.do?method=download&searchType=13,2026-07-18T19:41:51+09:00
010770,평화홀딩스,자동차 신품 부품 제조업,지주회사,자동차 신품 부품 제조업 / 지주회사,KRX_KIND_LISTED_COMPANY,https://kind.krx.co.kr/corpgeneral/corpList.do?method=download&searchType=13,2026-07-18T19:41:51+09:00
010780,아이에스동서,"시멘트, 석회, 플라스터 및 그 제품 제조업",타일·위생도기·콘크리트파일,"시멘트, 석회, 플라스터 및 그 제품 제조업 / 타일·위생도기·콘크리트파일",KRX_KIND_LISTED_COMPANY,https://kind.krx.co.kr/corpgeneral/corpList.do?method=download&searchType=13,2026-07-18T19:41:51+09:00
010820,퍼스텍,무기 및 총포탄 제조업,방위산업제품·프린터·불소화합물,무기 및 총포탄 제조업 / 방위산업제품·프린터·불소화합물,KRX_KIND_LISTED_COMPANY,https://kind.krx.co.kr/corpgeneral/corpList.do?method=download&searchType=13,2026-07-18T19:41:51+09:00
010950,S-Oil,석유 정제품 제조업,석유제품·가스·윤활기유,석유 정제품 제조업 / 석유제품·가스·윤활기유,KRX_KIND_LISTED_COMPANY,https://kind.krx.co.kr/corpgeneral/corpList.do?method=download&searchType=13,2026-07-18T19:41:51+09:00
010960,삼호개발,기반조성 및 시설물 축조관련 전문공사업,토공사·철근콘크리트공사·포장공사,기반조성 및 시설물 축조관련 전문공사업 / 토공사·철근콘크리트공사·포장공사,KRX_KIND_LISTED_COMPANY,https://kind.krx.co.kr/corpgeneral/corpList.do?method=download&searchType=13,2026-07-18T19:41:51+09:00
011000,진원생명과학,의약품 제조업,플라스미드,의약품 제조업 / 플라스미드,KRX_KIND_LISTED_COMPANY,https://kind.krx.co.kr/corpgeneral/corpList.do?method=download&searchType=13,2026-07-18T19:41:51+09:00
011040,경동제약,의약품 제조업,듀오로반정·발디핀정·아트로반정 등,의약품 제조업 / 듀오로반정·발디핀정·아트로반정 등,KRX_KIND_LISTED_COMPANY,https://kind.krx.co.kr/corpgeneral/corpList.do?method=download&searchType=13,2026-07-18T19:41:51+09:00
011070,LG이노텍,전자부품 제조업,기타 전자부품 제조업,전자부품 제조업 / 기타 전자부품 제조업,KRX_KIND_LISTED_COMPANY,https://kind.krx.co.kr/corpgeneral/corpList.do?method=download&searchType=13,2026-07-18T19:41:51+09:00
011080,형지I&C,봉제의복 제조업,의복·악세사리,봉제의복 제조업 / 의복·악세사리,KRX_KIND_LISTED_COMPANY,https://kind.krx.co.kr/corpgeneral/corpList.do?method=download&searchType=13,2026-07-18T19:41:51+09:00
011090,에넥스,가구 제조업,씽크상판·주방기기·목재케비넷,가구 제조업 / 씽크상판·주방기기·목재케비넷,KRX_KIND_LISTED_COMPANY,https://kind.krx.co.kr/corpgeneral/corpList.do?method=download&searchType=13,2026-07-18T19:41:51+09:00
011150,CJ씨푸드,기타 식품 제조업,수산물(어묵·맛살)가공품 도매·원양수산업,기타 식품 제조업 / 수산물(어묵·맛살)가공품 도매·원양수산업,KRX_KIND_LISTED_COMPANY,https://kind.krx.co.kr/corpgeneral/corpList.do?method=download&searchType=13,2026-07-18T19:41:51+09:00
011170,롯데케미칼,기초 화학물질 제조업,폴리프로필렌·고밀도폴리에틸렌·에틸렌글리콜,기초 화학물질 제조업 / 폴리프로필렌·고밀도폴리에틸렌·에틸렌글리콜,KRX_KIND_LISTED_COMPANY,https://kind.krx.co.kr/corpgeneral/corpList.do?method=download&searchType=13,2026-07-18T19:41:51+09:00
011200,HMM,해상 운송업,정기·부정기·전용선,해상 운송업 / 정기·부정기·전용선,KRX_KIND_LISTED_COMPANY,https://kind.krx.co.kr/corpgeneral/corpList.do?method=download&searchType=13,2026-07-18T19:41:51+09:00
011210,현대위아,자동차 신품 부품 제조업,자동차부품·공작기계 등,자동차 신품 부품 제조업 / 자동차부품·공작기계 등,KRX_KIND_LISTED_COMPANY,https://kind.krx.co.kr/corpgeneral/corpList.do?method=download&searchType=13,2026-07-18T19:41:51+09:00
011230,삼화전자공업,영상 및 음향기기 제조업,전자부품(페라이트 코어·SMPS·편향요크(DY),영상 및 음향기기 제조업 / 전자부품(페라이트 코어·SMPS·편향요크(DY),KRX_KIND_LISTED_COMPANY,https://kind.krx.co.kr/corpgeneral/corpList.do?method=download&searchType=13,2026-07-18T19:41:51+09:00
011280,태림포장,"골판지, 종이 상자 및 종이용기 제조업",골판지·골판지상자·수출용박스 제조,"골판지, 종이 상자 및 종이용기 제조업 / 골판지·골판지상자·수출용박스 제조",KRX_KIND_LISTED_COMPANY,https://kind.krx.co.kr/corpgeneral/corpList.do?method=download&searchType=13,2026-07-18T19:41:51+09:00
011300,우성머티리얼스,직물직조 및 직물제품 제조업,제직·염색·폴리에스터직물,직물직조 및 직물제품 제조업 / 제직·염색·폴리에스터직물,KRX_KIND_LISTED_COMPANY,https://kind.krx.co.kr/corpgeneral/corpList.do?method=download&searchType=13,2026-07-18T19:41:51+09:00
011320,유니크,자동차 신품 부품 제조업,EGR밸브·유압솔레노이드밸브·퓨얼벤트밸브,자동차 신품 부품 제조업 / EGR밸브·유압솔레노이드밸브·퓨얼벤트밸브,KRX_KIND_LISTED_COMPANY,https://kind.krx.co.kr/corpgeneral/corpList.do?method=download&searchType=13,2026-07-18T19:41:51+09:00
011330,유니켐,자동차 신품 부품 제조업,피혁 제조·도매·무역,자동차 신품 부품 제조업 / 피혁 제조·도매·무역,KRX_KIND_LISTED_COMPANY,https://kind.krx.co.kr/corpgeneral/corpList.do?method=download&searchType=13,2026-07-18T19:41:51+09:00
011370,서한,건물 건설업,건축·토목,건물 건설업 / 건축·토목,KRX_KIND_LISTED_COMPANY,https://kind.krx.co.kr/corpgeneral/corpList.do?method=download&searchType=13,2026-07-18T19:41:51+09:00
011390,부산산업,"시멘트, 석회, 플라스터 및 그 제품 제조업",레미콘 제조·판매,"시멘트, 석회, 플라스터 및 그 제품 제조업 / 레미콘 제조·판매",KRX_KIND_LISTED_COMPANY,https://kind.krx.co.kr/corpgeneral/corpList.do?method=download&searchType=13,2026-07-18T19:41:51+09:00
011420,갤럭시아에스엠,스포츠 서비스업,스포츠중계권·스포츠마케팅·광고,스포츠 서비스업 / 스포츠중계권·스포츠마케팅·광고,KRX_KIND_LISTED_COMPANY,https://kind.krx.co.kr/corpgeneral/corpList.do?method=download&searchType=13,2026-07-18T19:41:51+09:00
011500,한농화성,기타 화학제품 제조업,계면활성제·글리콜에테르 제조·판매,기타 화학제품 제조업 / 계면활성제·글리콜에테르 제조·판매,KRX_KIND_LISTED_COMPANY,https://kind.krx.co.kr/corpgeneral/corpList.do?method=download&searchType=13,2026-07-18T19:41:51+09:00
011560,세보엠이씨,건물설비 설치 공사업,건설관련설비·ACESS FLOOR·소음기,건물설비 설치 공사업 / 건설관련설비·ACESS FLOOR·소음기,KRX_KIND_LISTED_COMPANY,https://kind.krx.co.kr/corpgeneral/corpList.do?method=download&searchType=13,2026-07-18T19:41:51+09:00
011690,와이투솔루션,반도체 제조업,혼성직접회로·통신기기 제조·화공약품,반도체 제조업 / 혼성직접회로·통신기기 제조·화공약품,KRX_KIND_LISTED_COMPANY,https://kind.krx.co.kr/corpgeneral/corpList.do?method=download&searchType=13,2026-07-18T19:41:51+09:00
011700,한신기계공업,일반 목적용 기계 제조업,공기압축기·공구류 제조·판매,일반 목적용 기계 제조업 / 공기압축기·공구류 제조·판매,KRX_KIND_LISTED_COMPANY,https://kind.krx.co.kr/corpgeneral/corpList.do?method=download&searchType=13,2026-07-18T19:41:51+09:00
011760,현대코퍼레이션,상품 종합 도매업,자동차·철강·기계,상품 종합 도매업 / 자동차·철강·기계,KRX_KIND_LISTED_COMPANY,https://kind.krx.co.kr/corpgeneral/corpList.do?method=download&searchType=13,2026-07-18T19:41:51+09:00
011780,금호석유화학,기초 화학물질 제조업,합성고무 SBR(스티렌부타디엔러버)·BR(폴리부타디엔러버)·합성수지,기초 화학물질 제조업 / 합성고무 SBR(스티렌부타디엔러버)·BR(폴리부타디엔러버)·합성수지,KRX_KIND_LISTED_COMPANY,https://kind.krx.co.kr/corpgeneral/corpList.do?method=download&searchType=13,2026-07-18T19:41:51+09:00
011790,SKC,기타 화학제품 제조업,기초화학원료(PO·PG)·전지용 동박 등을 제조ㆍ판매하는 사업,기타 화학제품 제조업 / 기초화학원료(PO·PG)·전지용 동박 등을 제조ㆍ판매하는 사업,KRX_KIND_LISTED_COMPANY,https://kind.krx.co.kr/corpgeneral/corpList.do?method=download&searchType=13,2026-07-18T19:41:51+09:00
011810,STX,상품 종합 도매업,에너지 원료(석탄·석유)·산업기자재(기계부품) 도매,상품 종합 도매업 / 에너지 원료(석탄·석유)·산업기자재(기계부품) 도매,KRX_KIND_LISTED_COMPANY,https://kind.krx.co.kr/corpgeneral/corpList.do?method=download&searchType=13,2026-07-18T19:41:51+09:00
011930,신성이엔지,반도체 제조업,태양전지·태양광모듈 제조 및 판매·태양광 발전설치공사,반도체 제조업 / 태양전지·태양광모듈 제조 및 판매·태양광 발전설치공사,KRX_KIND_LISTED_COMPANY,https://kind.krx.co.kr/corpgeneral/corpList.do?method=download&searchType=13,2026-07-18T19:41:51+09:00
012030,DB,"컴퓨터 프로그래밍, 시스템 통합 및 관리업",컴퓨터 프로그래밍·시스템 통합 및 관리,"컴퓨터 프로그래밍, 시스템 통합 및 관리업 / 컴퓨터 프로그래밍·시스템 통합 및 관리",KRX_KIND_LISTED_COMPANY,https://kind.krx.co.kr/corpgeneral/corpList.do?method=download&searchType=13,2026-07-18T19:41:51+09:00
012160,영흥,1차 철강 제조업,와이어로프 등,1차 철강 제조업 / 와이어로프 등,KRX_KIND_LISTED_COMPANY,https://kind.krx.co.kr/corpgeneral/corpList.do?method=download&searchType=13,2026-07-18T19:41:51+09:00
012170,아센디오,"영화, 비디오물, 방송프로그램 제작 및 배급업",석탄(점결탄) 판매,"영화, 비디오물, 방송프로그램 제작 및 배급업 / 석탄(점결탄) 판매",KRX_KIND_LISTED_COMPANY,https://kind.krx.co.kr/corpgeneral/corpList.do?method=download&searchType=13,2026-07-18T19:41:51+09:00
012200,계양전기,일반 목적용 기계 제조업,전동공구(그라인더·드릴·커팅머신 등),일반 목적용 기계 제조업 / 전동공구(그라인더·드릴·커팅머신 등),KRX_KIND_LISTED_COMPANY,https://kind.krx.co.kr/corpgeneral/corpList.do?method=download&searchType=13,2026-07-18T19:41:51+09:00
012210,삼미금속,기타 금속 가공제품 제조업,자동차부품·중장비부품·선박부품,기타 금속 가공제품 제조업 / 자동차부품·중장비부품·선박부품,KRX_KIND_LISTED_COMPANY,https://kind.krx.co.kr/corpgeneral/corpList.do?method=download&searchType=13,2026-07-18T19:41:51+09:00
012280,영화금속,자동차 신품 부품 제조업,자동차부품·건축자재(관이음쇠) 제조·판매,자동차 신품 부품 제조업 / 자동차부품·건축자재(관이음쇠) 제조·판매,KRX_KIND_LISTED_COMPANY,https://kind.krx.co.kr/corpgeneral/corpList.do?method=download&searchType=13,2026-07-18T19:41:51+09:00
012320,경동인베스트,기타 금융업,지주회사,기타 금융업 / 지주회사,KRX_KIND_LISTED_COMPANY,https://kind.krx.co.kr/corpgeneral/corpList.do?method=download&searchType=13,2026-07-18T19:41:51+09:00
012330,현대모비스,자동차 신품 부품 제조업,자동차A·S용 부품·컨테이너,자동차 신품 부품 제조업 / 자동차A·S용 부품·컨테이너,KRX_KIND_LISTED_COMPANY,https://kind.krx.co.kr/corpgeneral/corpList.do?method=download&searchType=13,2026-07-18T19:41:51+09:00
012340,뉴인텍,자동차 신품 부품 제조업,친환경 차량용 커패시터,자동차 신품 부품 제조업 / 친환경 차량용 커패시터,KRX_KIND_LISTED_COMPANY,https://kind.krx.co.kr/corpgeneral/corpList.do?method=download&searchType=13,2026-07-18T19:41:51+09:00
012450,한화에어로스페이스,"항공기,우주선 및 부품 제조업",항공기엔진·특수방산장비 제조·정비사업,"항공기,우주선 및 부품 제조업 / 항공기엔진·특수방산장비 제조·정비사업",KRX_KIND_LISTED_COMPANY,https://kind.krx.co.kr/corpgeneral/corpList.do?method=download&searchType=13,2026-07-18T19:41:51+09:00
012610,경인양행,기초 화학물질 제조업,반응성염료·직접염료·산성염료,기초 화학물질 제조업 / 반응성염료·직접염료·산성염료,KRX_KIND_LISTED_COMPANY,https://kind.krx.co.kr/corpgeneral/corpList.do?method=download&searchType=13,2026-07-18T19:41:51+09:00
012620,원일특강,1차 철강 제조업,특수강,1차 철강 제조업 / 특수강,KRX_KIND_LISTED_COMPANY,https://kind.krx.co.kr/corpgeneral/corpList.do?method=download&searchType=13,2026-07-18T19:41:51+09:00
012630,HDC,기타 금융업,지주회사,기타 금융업 / 지주회사,KRX_KIND_LISTED_COMPANY,https://kind.krx.co.kr/corpgeneral/corpList.do?method=download&searchType=13,2026-07-18T19:41:51+09:00
012690,모나리자,기타 종이 및 판지 제품 제조업,화장지·미용티슈 제조·도매,기타 종이 및 판지 제품 제조업 / 화장지·미용티슈 제조·도매,KRX_KIND_LISTED_COMPANY,https://kind.krx.co.kr/corpgeneral/corpList.do?method=download&searchType=13,2026-07-18T19:41:51+09:00
012700,리드코프,기타 전문 도매업,화공약품운반,기타 전문 도매업 / 화공약품운반,KRX_KIND_LISTED_COMPANY,https://kind.krx.co.kr/corpgeneral/corpList.do?method=download&searchType=13,2026-07-18T19:41:51+09:00
012750,에스원,"경비, 경호 및 탐정업",부가통신 서비스(경비)·안전관리용역·CCTV카메라,"경비, 경호 및 탐정업 / 부가통신 서비스(경비)·안전관리용역·CCTV카메라",KRX_KIND_LISTED_COMPANY,https://kind.krx.co.kr/corpgeneral/corpList.do?method=download&searchType=13,2026-07-18T19:41:51+09:00
012790,신일제약,의약품 제조업,디펜플라스타·맥스케어·트레스,의약품 제조업 / 디펜플라스타·맥스케어·트레스,KRX_KIND_LISTED_COMPANY,https://kind.krx.co.kr/corpgeneral/corpList.do?method=download&searchType=13,2026-07-18T19:41:51+09:00
012800,대창,1차 비철금속 제조업,황동봉·동합금괴 제조·판매,1차 비철금속 제조업 / 황동봉·동합금괴 제조·판매,KRX_KIND_LISTED_COMPANY,https://kind.krx.co.kr/corpgeneral/corpList.do?method=download&searchType=13,2026-07-18T19:41:51+09:00
012860,모베이스전자,자동차 신품 부품 제조업,스마트키·스위치,자동차 신품 부품 제조업 / 스마트키·스위치,KRX_KIND_LISTED_COMPANY,https://kind.krx.co.kr/corpgeneral/corpList.do?method=download&searchType=13,2026-07-18T19:41:51+09:00
013000,세우글로벌,기타 전문 도매업,화공약품.엔지니어링 플라스틱·페놀계제품·석유화학제품 판매,기타 전문 도매업 / 화공약품.엔지니어링 플라스틱·페놀계제품·석유화학제품 판매,KRX_KIND_LISTED_COMPANY,https://kind.krx.co.kr/corpgeneral/corpList.do?method=download&searchType=13,2026-07-18T19:41:51+09:00
013030,하이록코리아,1차 철강 제조업,관이음쇠,1차 철강 제조업 / 관이음쇠,KRX_KIND_LISTED_COMPANY,https://kind.krx.co.kr/corpgeneral/corpList.do?method=download&searchType=13,2026-07-18T19:41:51+09:00
013120,동원개발,건물 건설업,도급공사,건물 건설업 / 도급공사,KRX_KIND_LISTED_COMPANY,https://kind.krx.co.kr/corpgeneral/corpList.do?method=download&searchType=13,2026-07-18T19:41:51+09:00
013310,아진산업,자동차 신품 부품 제조업,자동차 차체 부품,자동차 신품 부품 제조업 / 자동차 차체 부품,KRX_KIND_LISTED_COMPANY,https://kind.krx.co.kr/corpgeneral/corpList.do?method=download&searchType=13,2026-07-18T19:41:51+09:00
013360,일성건설,토목 건설업,건축공사·토목공사·전기공사,토목 건설업 / 건축공사·토목공사·전기공사,KRX_KIND_LISTED_COMPANY,https://kind.krx.co.kr/corpgeneral/corpList.do?method=download&searchType=13,2026-07-18T19:41:51+09:00
013520,화승코퍼레이션,자동차 신품 부품 제조업,산업용 고무제품(호스시트·벨트·펜더 등) 제조,자동차 신품 부품 제조업 / 산업용 고무제품(호스시트·벨트·펜더 등) 제조,KRX_KIND_LISTED_COMPANY,https://kind.krx.co.kr/corpgeneral/corpList.do?method=download&searchType=13,2026-07-18T19:41:51+09:00
013570,디와이,기타 금융업,자동차부품·유공압기기·소각로,기타 금융업 / 자동차부품·유공압기기·소각로,KRX_KIND_LISTED_COMPANY,https://kind.krx.co.kr/corpgeneral/corpList.do?method=download&searchType=13,2026-07-18T19:41:51+09:00
013580,계룡건설산업,토목 건설업,건축공사·주택공사·토목공사,토목 건설업 / 건축공사·주택공사·토목공사,KRX_KIND_LISTED_COMPANY,https://kind.krx.co.kr/corpgeneral/corpList.do?method=download&searchType=13,2026-07-18T19:41:51+09:00
013700,까뮤이앤씨,건물 건설업,토목공사·건축공사·부동산 임대,건물 건설업 / 토목공사·건축공사·부동산 임대,KRX_KIND_LISTED_COMPANY,https://kind.krx.co.kr/corpgeneral/corpList.do?method=download&searchType=13,2026-07-18T19:41:51+09:00
013720,청보,자동차 신품 부품 제조업,엔진부품,자동차 신품 부품 제조업 / 엔진부품,KRX_KIND_LISTED_COMPANY,https://kind.krx.co.kr/corpgeneral/corpList.do?method=download&searchType=13,2026-07-18T19:41:51+09:00
013810,스페코,특수 목적용 기계 제조업,아스팔트믹싱플랜트,특수 목적용 기계 제조업 / 아스팔트믹싱플랜트,KRX_KIND_LISTED_COMPANY,https://kind.krx.co.kr/corpgeneral/corpList.do?method=download&searchType=13,2026-07-18T19:41:51+09:00
013870,지엠비코리아,자동차 신품 부품 제조업,V·S·EWP,자동차 신품 부품 제조업 / V·S·EWP,KRX_KIND_LISTED_COMPANY,https://kind.krx.co.kr/corpgeneral/corpList.do?method=download&searchType=13,2026-07-18T19:41:51+09:00
013890,지누스,가구 제조업,매트리스 및 가구제품,가구 제조업 / 매트리스 및 가구제품,KRX_KIND_LISTED_COMPANY,https://kind.krx.co.kr/corpgeneral/corpList.do?method=download&searchType=13,2026-07-18T19:41:51+09:00
013990,아가방컴퍼니,생활용품 도매업,유아용 의류 및 용품,생활용품 도매업 / 유아용 의류 및 용품,KRX_KIND_LISTED_COMPANY,https://kind.krx.co.kr/corpgeneral/corpList.do?method=download&searchType=13,2026-07-18T19:41:51+09:00
014100,메디앙스,상품 종합 도매업,누크·비비생활용품·비앙또마망,상품 종합 도매업 / 누크·비비생활용품·비앙또마망,KRX_KIND_LISTED_COMPANY,https://kind.krx.co.kr/corpgeneral/corpList.do?method=download&searchType=13,2026-07-18T19:41:51+09:00
014130,한익스프레스,도로 화물 운송업,특수화물 운송(유류·화학류·벌크제품 등),도로 화물 운송업 / 특수화물 운송(유류·화학류·벌크제품 등),KRX_KIND_LISTED_COMPANY,https://kind.krx.co.kr/corpgeneral/corpList.do?method=download&searchType=13,2026-07-18T19:41:51+09:00
014160,대영포장,"골판지, 종이 상자 및 종이용기 제조업",골판지원단·골판지상자 제조,"골판지, 종이 상자 및 종이용기 제조업 / 골판지원단·골판지상자 제조",KRX_KIND_LISTED_COMPANY,https://kind.krx.co.kr/corpgeneral/corpList.do?method=download&searchType=13,2026-07-18T19:41:51+09:00
014190,원익큐브,기타 전문 도매업,MMA·BAM·PC,기타 전문 도매업 / MMA·BAM·PC,KRX_KIND_LISTED_COMPANY,https://kind.krx.co.kr/corpgeneral/corpList.do?method=download&searchType=13,2026-07-18T19:41:51+09:00
014280,금강공업,1차 철강 제조업,건설가설재·강관·거푸집 제조,1차 철강 제조업 / 건설가설재·강관·거푸집 제조,KRX_KIND_LISTED_COMPANY,https://kind.krx.co.kr/corpgeneral/corpList.do?method=download&searchType=13,2026-07-18T19:41:51+09:00
014440,영보화학,플라스틱제품 제조업,가교발포폴리에틸렌(아티론·영보드) 제조·판매,플라스틱제품 제조업 / 가교발포폴리에틸렌(아티론·영보드) 제조·판매,KRX_KIND_LISTED_COMPANY,https://kind.krx.co.kr/corpgeneral/corpList.do?method=download&searchType=13,2026-07-18T19:41:51+09:00
014470,부방,부동산 임대 및 공급업,자회사관리·부동산임대,부동산 임대 및 공급업 / 자회사관리·부동산임대,KRX_KIND_LISTED_COMPANY,https://kind.krx.co.kr/corpgeneral/corpList.do?method=download&searchType=13,2026-07-18T19:41:51+09:00
014530,극동유화,석유 정제품 제조업,윤활유·유동파라핀·왁스,석유 정제품 제조업 / 윤활유·유동파라핀·왁스,KRX_KIND_LISTED_COMPANY,https://kind.krx.co.kr/corpgeneral/corpList.do?method=download&searchType=13,2026-07-18T19:41:51+09:00
014570,고려제약,의약품 제조업,하벤(종합감기약)·뉴로메드(치매치료제)등,의약품 제조업 / 하벤(종합감기약)·뉴로메드(치매치료제)등,KRX_KIND_LISTED_COMPANY,https://kind.krx.co.kr/corpgeneral/corpList.do?method=download&searchType=13,2026-07-18T19:41:51+09:00
014580,태경비케이,"시멘트, 석회, 플라스터 및 그 제품 제조업",생석회·소석회·석회비료 제조,"시멘트, 석회, 플라스터 및 그 제품 제조업 / 생석회·소석회·석회비료 제조",KRX_KIND_LISTED_COMPANY,https://kind.krx.co.kr/corpgeneral/corpList.do?method=download&searchType=13,2026-07-18T19:41:51+09:00
014620,성광벤드,1차 철강 제조업,관이음쇠,1차 철강 제조업 / 관이음쇠,KRX_KIND_LISTED_COMPANY,https://kind.krx.co.kr/corpgeneral/corpList.do?method=download&searchType=13,2026-07-18T19:41:51+09:00
014680,한솔케미칼,기초 화학물질 제조업,과산화수소·라텍스·요소수지,기초 화학물질 제조업 / 과산화수소·라텍스·요소수지,KRX_KIND_LISTED_COMPANY,https://kind.krx.co.kr/corpgeneral/corpList.do?method=download&searchType=13,2026-07-18T19:41:51+09:00
014710,사조씨푸드,수산물 가공 및 저장 처리업,횟감용 참치 및 기타 일반수산물,수산물 가공 및 저장 처리업 / 횟감용 참치 및 기타 일반수산물,KRX_KIND_LISTED_COMPANY,https://kind.krx.co.kr/corpgeneral/corpList.do?method=download&searchType=13,2026-07-18T19:41:51+09:00
014790,HL D&I,토목 건설업,토목·건축·전기,토목 건설업 / 토목·건축·전기,KRX_KIND_LISTED_COMPANY,https://kind.krx.co.kr/corpgeneral/corpList.do?method=download&searchType=13,2026-07-18T19:41:51+09:00
014820,동원시스템즈,플라스틱제품 제조업,포장용 플라스틱제품 제조 외,플라스틱제품 제조업 / 포장용 플라스틱제품 제조 외,KRX_KIND_LISTED_COMPANY,https://kind.krx.co.kr/corpgeneral/corpList.do?method=download&searchType=13,2026-07-18T19:41:51+09:00
014830,유니드,기초 화학물질 제조업,탄산칼륨·가성칼륨·가성카리,기초 화학물질 제조업 / 탄산칼륨·가성칼륨·가성카리,KRX_KIND_LISTED_COMPANY,https://kind.krx.co.kr/corpgeneral/corpList.do?method=download&searchType=13,2026-07-18T19:41:51+09:00
014910,성문전자,전자부품 제조업,콘덴서용 증착필름·압력분무식 플러스자동도포기 제조·판매,전자부품 제조업 / 콘덴서용 증착필름·압력분무식 플러스자동도포기 제조·판매,KRX_KIND_LISTED_COMPANY,https://kind.krx.co.kr/corpgeneral/corpList.do?method=download&searchType=13,2026-07-18T19:41:51+09:00
014940,오리엔탈정공,일반 목적용 기계 제조업,선박용 기계제품(크레인 등),일반 목적용 기계 제조업 / 선박용 기계제품(크레인 등),KRX_KIND_LISTED_COMPANY,https://kind.krx.co.kr/corpgeneral/corpList.do?method=download&searchType=13,2026-07-18T19:41:51+09:00
014950,삼익제약,의약품 제조업,완제의약품 제조 및 CMO,의약품 제조업 / 완제의약품 제조 및 CMO,KRX_KIND_LISTED_COMPANY,https://kind.krx.co.kr/corpgeneral/corpList.do?method=download&searchType=13,2026-07-18T19:41:51+09:00
014970,삼륭물산,"골판지, 종이 상자 및 종이용기 제조업",카톤팩,"골판지, 종이 상자 및 종이용기 제조업 / 카톤팩",KRX_KIND_LISTED_COMPANY,https://kind.krx.co.kr/corpgeneral/corpList.do?method=download&searchType=13,2026-07-18T19:41:51+09:00
014990,인디에프,봉제의복 제조업,여성의류·남성의류·캐쥬얼웨어 제조,봉제의복 제조업 / 여성의류·남성의류·캐쥬얼웨어 제조,KRX_KIND_LISTED_COMPANY,https://kind.krx.co.kr/corpgeneral/corpList.do?method=download&searchType=13,2026-07-18T19:41:51+09:00
015020,이스타코,부동산 임대 및 공급업,부동산 분양·입시학원 운영,부동산 임대 및 공급업 / 부동산 분양·입시학원 운영,KRX_KIND_LISTED_COMPANY,https://kind.krx.co.kr/corpgeneral/corpList.do?method=download&searchType=13,2026-07-18T19:41:51+09:00
015230,대창단조,자동차 신품 부품 제조업,자동차·중장비 부품(크랭크샤프트·트랙링크조립체,자동차 신품 부품 제조업 / 자동차·중장비 부품(크랭크샤프트·트랙링크조립체,KRX_KIND_LISTED_COMPANY,https://kind.krx.co.kr/corpgeneral/corpList.do?method=download&searchType=13,2026-07-18T19:41:51+09:00
015260,에이엔피,전자부품 제조업,전자부품(인쇄회로기판)·무정전 전원공급장치 제조,전자부품 제조업 / 전자부품(인쇄회로기판)·무정전 전원공급장치 제조,KRX_KIND_LISTED_COMPANY,https://kind.krx.co.kr/corpgeneral/corpList.do?method=download&searchType=13,2026-07-18T19:41:51+09:00
015360,INVENI,회사 본부 및 경영 컨설팅 서비스업,지주사업,회사 본부 및 경영 컨설팅 서비스업 / 지주사업,KRX_KIND_LISTED_COMPANY,https://kind.krx.co.kr/corpgeneral/corpList.do?method=download&searchType=13,2026-07-18T19:41:51+09:00
015590,DKME,일반 목적용 기계 제조업,열교환기·압력용기·저장탱크,일반 목적용 기계 제조업 / 열교환기·압력용기·저장탱크,KRX_KIND_LISTED_COMPANY,https://kind.krx.co.kr/corpgeneral/corpList.do?method=download&searchType=13,2026-07-18T19:41:51+09:00
015710,코콤,통신 및 방송 장비 제조업,비디오도어폰,통신 및 방송 장비 제조업 / 비디오도어폰,KRX_KIND_LISTED_COMPANY,https://kind.krx.co.kr/corpgeneral/corpList.do?method=download&searchType=13,2026-07-18T19:41:51+09:00
015750,성우하이텍,자동차 신품 부품 제조업,자동차범퍼,자동차 신품 부품 제조업 / 자동차범퍼,KRX_KIND_LISTED_COMPANY,https://kind.krx.co.kr/corpgeneral/corpList.do?method=download&searchType=13,2026-07-18T19:41:51+09:00
015760,한국전력공사,전기업,전력자원개발·발전·송전,전기업 / 전력자원개발·발전·송전,KRX_KIND_LISTED_COMPANY,https://kind.krx.co.kr/corpgeneral/corpList.do?method=download&searchType=13,2026-07-18T19:41:51+09:00
015860,일진홀딩스,기타 금융업,전기산업용기기(개폐기·차단기·배전반),기타 금융업 / 전기산업용기기(개폐기·차단기·배전반),KRX_KIND_LISTED_COMPANY,https://kind.krx.co.kr/corpgeneral/corpList.do?method=download&searchType=13,2026-07-18T19:41:51+09:00
015890,태경산업,기초 화학물질 제조업,제강용 정련제(프락스)·카바이드·중질탈산칼슘 제조,기초 화학물질 제조업 / 제강용 정련제(프락스)·카바이드·중질탈산칼슘 제조,KRX_KIND_LISTED_COMPANY,https://kind.krx.co.kr/corpgeneral/corpList.do?method=download&searchType=13,2026-07-18T19:41:51+09:00
016090,대현,봉제의복 제조업,여성의류 및 악세사리류 제조·도매·유통(백화점),봉제의복 제조업 / 여성의류 및 악세사리류 제조·도매·유통(백화점),KRX_KIND_LISTED_COMPANY,https://kind.krx.co.kr/corpgeneral/corpList.do?method=download&searchType=13,2026-07-18T19:41:51+09:00
016100,리더스코스메틱,"골판지, 종이 상자 및 종이용기 제조업",화장품,"골판지, 종이 상자 및 종이용기 제조업 / 화장품",KRX_KIND_LISTED_COMPANY,https://kind.krx.co.kr/corpgeneral/corpList.do?method=download&searchType=13,2026-07-18T19:41:51+09:00
016250,SGC E&C,건물 건설업,건축공사·플랜트설비·토목공사,건물 건설업 / 건축공사·플랜트설비·토목공사,KRX_KIND_LISTED_COMPANY,https://kind.krx.co.kr/corpgeneral/corpList.do?method=download&searchType=13,2026-07-18T19:41:51+09:00
016360,삼성증권,금융 지원 서비스업,유가증권의 매매·위탁매매·인수주선,금융 지원 서비스업 / 유가증권의 매매·위탁매매·인수주선,KRX_KIND_LISTED_COMPANY,https://kind.krx.co.kr/corpgeneral/corpList.do?method=download&searchType=13,2026-07-18T19:41:51+09:00
016380,KG스틸,1차 철강 제조업,철강재(냉연강판·아연도강판·칼라강판,1차 철강 제조업 / 철강재(냉연강판·아연도강판·칼라강판,KRX_KIND_LISTED_COMPANY,https://kind.krx.co.kr/corpgeneral/corpList.do?method=download&searchType=13,2026-07-18T19:41:51+09:00
016450,한세예스24홀딩스,봉제의복 제조업,의류(니트) 제조·도소매·원단 제조,봉제의복 제조업 / 의류(니트) 제조·도소매·원단 제조,KRX_KIND_LISTED_COMPANY,https://kind.krx.co.kr/corpgeneral/corpList.do?method=download&searchType=13,2026-07-18T19:41:51+09:00
016580,환인제약,의약품 제조업,의약품(신경정신질환치료제·소화기관용약제·연고) 제조,의약품 제조업 / 의약품(신경정신질환치료제·소화기관용약제·연고) 제조,KRX_KIND_LISTED_COMPANY,https://kind.krx.co.kr/corpgeneral/corpList.do?method=download&searchType=13,2026-07-18T19:41:51+09:00
016590,신대양제지,"골판지, 종이 상자 및 종이용기 제조업",골판지용 골심지·라이너지 제조·수출입,"골판지, 종이 상자 및 종이용기 제조업 / 골판지용 골심지·라이너지 제조·수출입",KRX_KIND_LISTED_COMPANY,https://kind.krx.co.kr/corpgeneral/corpList.do?method=download&searchType=13,2026-07-18T19:41:51+09:00
016600,큐캐피탈,기타 금융업,사모투자(PEF)·벤처투자,기타 금융업 / 사모투자(PEF)·벤처투자,KRX_KIND_LISTED_COMPANY,https://kind.krx.co.kr/corpgeneral/corpList.do?method=download&searchType=13,2026-07-18T19:41:51+09:00
016610,DB증권,금융 지원 서비스업,유가증권·위탁매매·인수,금융 지원 서비스업 / 유가증권·위탁매매·인수,KRX_KIND_LISTED_COMPANY,https://kind.krx.co.kr/corpgeneral/corpList.do?method=download&searchType=13,2026-07-18T19:41:51+09:00
016670,디모아,기타 전문 도매업,h·w·s,기타 전문 도매업 / h·w·s,KRX_KIND_LISTED_COMPANY,https://kind.krx.co.kr/corpgeneral/corpList.do?method=download&searchType=13,2026-07-18T19:41:51+09:00
016710,대성홀딩스,회사 본부 및 경영 컨설팅 서비스업,도시가스·일반가스 공급·가스기기,회사 본부 및 경영 컨설팅 서비스업 / 도시가스·일반가스 공급·가스기기,KRX_KIND_LISTED_COMPANY,https://kind.krx.co.kr/corpgeneral/corpList.do?method=download&searchType=13,2026-07-18T19:41:51+09:00
016740,두올,자동차 신품 부품 제조업,시트 커버 및 시트 원단,자동차 신품 부품 제조업 / 시트 커버 및 시트 원단,KRX_KIND_LISTED_COMPANY,https://kind.krx.co.kr/corpgeneral/corpList.do?method=download&searchType=13,2026-07-18T19:41:51+09:00
016790,현대사료,동물용 사료 및 조제식품 제조업,양계·양돈 배합사료,동물용 사료 및 조제식품 제조업 / 양계·양돈 배합사료,KRX_KIND_LISTED_COMPANY,https://kind.krx.co.kr/corpgeneral/corpList.do?method=download&searchType=13,2026-07-18T19:41:51+09:00
016800,퍼시스,가구 제조업,사무용 가구·의자·책상,가구 제조업 / 사무용 가구·의자·책상,KRX_KIND_LISTED_COMPANY,https://kind.krx.co.kr/corpgeneral/corpList.do?method=download&searchType=13,2026-07-18T19:41:51+09:00
016880,웅진,기타 금융업,교육서비스(웅진아이큐·중.고교학습·어린이마을),기타 금융업 / 교육서비스(웅진아이큐·중.고교학습·어린이마을),KRX_KIND_LISTED_COMPANY,https://kind.krx.co.kr/corpgeneral/corpList.do?method=download&searchType=13,2026-07-18T19:41:51+09:00
016920,카스,기계장비 및 관련 물품 도매업,전자저울·로드셀,기계장비 및 관련 물품 도매업 / 전자저울·로드셀,KRX_KIND_LISTED_COMPANY,https://kind.krx.co.kr/corpgeneral/corpList.do?method=download&searchType=13,2026-07-18T19:41:51+09:00
017000,신원종합개발,건물 건설업,토건,건물 건설업 / 토건,KRX_KIND_LISTED_COMPANY,https://kind.krx.co.kr/corpgeneral/corpList.do?method=download&searchType=13,2026-07-18T19:41:51+09:00
017040,광명전기,"전동기, 발전기 및 전기 변환 · 공급 · 제어 장치 제조업",수배전반·가스절연개폐장치·빌딩자동화시스템,"전동기, 발전기 및 전기 변환 · 공급 · 제어 장치 제조업 / 수배전반·가스절연개폐장치·빌딩자동화시스템",KRX_KIND_LISTED_COMPANY,https://kind.krx.co.kr/corpgeneral/corpList.do?method=download&searchType=13,2026-07-18T19:41:51+09:00
017180,명문제약,의약품 제조업,의약품(ROBAXIN 주사·KIMITE패취) 제조·판매,의약품 제조업 / 의약품(ROBAXIN 주사·KIMITE패취) 제조·판매,KRX_KIND_LISTED_COMPANY,https://kind.krx.co.kr/corpgeneral/corpList.do?method=download&searchType=13,2026-07-18T19:41:51+09:00
017250,인터엠,영상 및 음향기기 제조업,음향기기,영상 및 음향기기 제조업 / 음향기기,KRX_KIND_LISTED_COMPANY,https://kind.krx.co.kr/corpgeneral/corpList.do?method=download&searchType=13,2026-07-18T19:41:51+09:00
017370,우신시스템,특수 목적용 기계 제조업,자동차차체자동설비·2차전지설비·자동차부품,특수 목적용 기계 제조업 / 자동차차체자동설비·2차전지설비·자동차부품,KRX_KIND_LISTED_COMPANY,https://kind.krx.co.kr/corpgeneral/corpList.do?method=download&searchType=13,2026-07-18T19:41:51+09:00
017390,서울도시가스,연료용 가스 제조 및 배관공급업,도시가스공급·가스공급설비공사,연료용 가스 제조 및 배관공급업 / 도시가스공급·가스공급설비공사,KRX_KIND_LISTED_COMPANY,https://kind.krx.co.kr/corpgeneral/corpList.do?method=download&searchType=13,2026-07-18T19:41:51+09:00
017480,삼현철강,1차 철강 제조업,후판·열연후판·산세판박,1차 철강 제조업 / 후판·열연후판·산세판박,KRX_KIND_LISTED_COMPANY,https://kind.krx.co.kr/corpgeneral/corpList.do?method=download&searchType=13,2026-07-18T19:41:51+09:00
017510,세명전기,기타 금속 가공제품 제조업,154kV·345kV·765kV 송전,기타 금속 가공제품 제조업 / 154kV·345kV·765kV 송전,KRX_KIND_LISTED_COMPANY,https://kind.krx.co.kr/corpgeneral/corpList.do?method=download&searchType=13,2026-07-18T19:41:51+09:00
017550,수산세보틱스,특수 목적용 기계 제조업,유압브레이커·트럭크레인·플라즈마 파암장비,특수 목적용 기계 제조업 / 유압브레이커·트럭크레인·플라즈마 파암장비,KRX_KIND_LISTED_COMPANY,https://kind.krx.co.kr/corpgeneral/corpList.do?method=download&searchType=13,2026-07-18T19:41:51+09:00
017650,대림제지,기타 종이 및 판지 제품 제조업,골판지원지,기타 종이 및 판지 제품 제조업 / 골판지원지,KRX_KIND_LISTED_COMPANY,https://kind.krx.co.kr/corpgeneral/corpList.do?method=download&searchType=13,2026-07-18T19:41:51+09:00
017670,SK텔레콤,전기 통신업,이동전화·무선호출서비스·부가통신,전기 통신업 / 이동전화·무선호출서비스·부가통신,KRX_KIND_LISTED_COMPANY,https://kind.krx.co.kr/corpgeneral/corpList.do?method=download&searchType=13,2026-07-18T19:41:51+09:00
017800,현대엘리베이터,일반 목적용 기계 제조업,엘리베이터·에스컬레이터·공항,일반 목적용 기계 제조업 / 엘리베이터·에스컬레이터·공항,KRX_KIND_LISTED_COMPANY,https://kind.krx.co.kr/corpgeneral/corpList.do?method=download&searchType=13,2026-07-18T19:41:51+09:00
017810,풀무원,기타 식품 제조업,두부류·생면류·나물류,기타 식품 제조업 / 두부류·생면류·나물류,KRX_KIND_LISTED_COMPANY,https://kind.krx.co.kr/corpgeneral/corpList.do?method=download&searchType=13,2026-07-18T19:41:51+09:00
017860,DS단석,기타 화학제품 제조업,바이오에너지,기타 화학제품 제조업 / 바이오에너지,KRX_KIND_LISTED_COMPANY,https://kind.krx.co.kr/corpgeneral/corpList.do?method=download&searchType=13,2026-07-18T19:41:51+09:00
017890,한국알콜,기타 화학제품 제조업,주정,기타 화학제품 제조업 / 주정,KRX_KIND_LISTED_COMPANY,https://kind.krx.co.kr/corpgeneral/corpList.do?method=download&searchType=13,2026-07-18T19:41:51+09:00
017900,광전자,반도체 제조업,트랜지스터·SMD TR·발광소자,반도체 제조업 / 트랜지스터·SMD TR·발광소자,KRX_KIND_LISTED_COMPANY,https://kind.krx.co.kr/corpgeneral/corpList.do?method=download&searchType=13,2026-07-18T19:41:51+09:00
017940,E1,기타 전문 도매업,LPG(프로판·부탄가스)·가스기기판매,기타 전문 도매업 / LPG(프로판·부탄가스)·가스기기판매,KRX_KIND_LISTED_COMPANY,https://kind.krx.co.kr/corpgeneral/corpList.do?method=download&searchType=13,2026-07-18T19:41:51+09:00
017960,한국카본,"구조용 금속제품, 탱크 및 증기발생기 제조업",탄소섬유(카본프리프레그(낚시대·테니스라켓·골프 Shaft,"구조용 금속제품, 탱크 및 증기발생기 제조업 / 탄소섬유(카본프리프레그(낚시대·테니스라켓·골프 Shaft",KRX_KIND_LISTED_COMPANY,https://kind.krx.co.kr/corpgeneral/corpList.do?method=download&searchType=13,2026-07-18T19:41:51+09:00
018000,유니슨,일반 목적용 기계 제조업,풍력발전기·풍력타워,일반 목적용 기계 제조업 / 풍력발전기·풍력타워,KRX_KIND_LISTED_COMPANY,https://kind.krx.co.kr/corpgeneral/corpList.do?method=download&searchType=13,2026-07-18T19:41:51+09:00
018120,진로발효,알코올음료 제조업,주정,알코올음료 제조업 / 주정,KRX_KIND_LISTED_COMPANY,https://kind.krx.co.kr/corpgeneral/corpList.do?method=download&searchType=13,2026-07-18T19:41:51+09:00
018250,애경산업,기타 화학제품 제조업,Age 20's·루나·트리오,기타 화학제품 제조업 / Age 20's·루나·트리오,KRX_KIND_LISTED_COMPANY,https://kind.krx.co.kr/corpgeneral/corpList.do?method=download&searchType=13,2026-07-18T19:41:51+09:00
018260,삼성에스디에스,"컴퓨터 프로그래밍, 시스템 통합 및 관리업",IT서비스·물류BPO,"컴퓨터 프로그래밍, 시스템 통합 및 관리업 / IT서비스·물류BPO",KRX_KIND_LISTED_COMPANY,https://kind.krx.co.kr/corpgeneral/corpList.do?method=download&searchType=13,2026-07-18T19:41:51+09:00
018290,브이티,기타 화학제품 제조업,화장품·라미네이팅필름·라미네이팅기계,기타 화학제품 제조업 / 화장품·라미네이팅필름·라미네이팅기계,KRX_KIND_LISTED_COMPANY,https://kind.krx.co.kr/corpgeneral/corpList.do?method=download&searchType=13,2026-07-18T19:41:51+09:00
018310,삼목에스폼,"구조용 금속제품, 탱크 및 증기발생기 제조업",갱폼·알루미늄폼·특수폼,"구조용 금속제품, 탱크 및 증기발생기 제조업 / 갱폼·알루미늄폼·특수폼",KRX_KIND_LISTED_COMPANY,https://kind.krx.co.kr/corpgeneral/corpList.do?method=download&searchType=13,2026-07-18T19:41:51+09:00
018470,조일알미늄,1차 비철금속 제조업,알루미늄판 제조·도매,1차 비철금속 제조업 / 알루미늄판 제조·도매,KRX_KIND_LISTED_COMPANY,https://kind.krx.co.kr/corpgeneral/corpList.do?method=download&searchType=13,2026-07-18T19:41:51+09:00
018500,동원금속,자동차 신품 부품 제조업,자동차부품(도어후레임·머플러·임팩트빔),자동차 신품 부품 제조업 / 자동차부품(도어후레임·머플러·임팩트빔),KRX_KIND_LISTED_COMPANY,https://kind.krx.co.kr/corpgeneral/corpList.do?method=download&searchType=13,2026-07-18T19:41:51+09:00
018620,우진비앤지,의약품 제조업,슈퍼티아·안티펜SM,의약품 제조업 / 슈퍼티아·안티펜SM,KRX_KIND_LISTED_COMPANY,https://kind.krx.co.kr/corpgeneral/corpList.do?method=download&searchType=13,2026-07-18T19:41:51+09:00
018670,SK가스,기타 전문 도매업,액화석유가스·가스기기 판매·수입,기타 전문 도매업 / 액화석유가스·가스기기 판매·수입,KRX_KIND_LISTED_COMPANY,https://kind.krx.co.kr/corpgeneral/corpList.do?method=download&searchType=13,2026-07-18T19:41:51+09:00
018680,서울제약,의약품 제조업,정제·연질캅셀제·경질캅셀제,의약품 제조업 / 정제·연질캅셀제·경질캅셀제,KRX_KIND_LISTED_COMPANY,https://kind.krx.co.kr/corpgeneral/corpList.do?method=download&searchType=13,2026-07-18T19:41:51+09:00
018700,졸스,생활용품 도매업,지제품,생활용품 도매업 / 지제품,KRX_KIND_LISTED_COMPANY,https://kind.krx.co.kr/corpgeneral/corpList.do?method=download&searchType=13,2026-07-18T19:41:51+09:00
018880,한온시스템,일반 목적용 기계 제조업,자동차용부품(라디에이터·히터·에어콘,일반 목적용 기계 제조업 / 자동차용부품(라디에이터·히터·에어콘,KRX_KIND_LISTED_COMPANY,https://kind.krx.co.kr/corpgeneral/corpList.do?method=download&searchType=13,2026-07-18T19:41:51+09:00
019010,베뉴지,종합 소매업,백화점·예식장업,종합 소매업 / 백화점·예식장업,KRX_KIND_LISTED_COMPANY,https://kind.krx.co.kr/corpgeneral/corpList.do?method=download&searchType=13,2026-07-18T19:41:51+09:00
019170,신풍제약,의약품 제조업,의약품(항생제·혈전용해제·향정신성약품,의약품 제조업 / 의약품(항생제·혈전용해제·향정신성약품,KRX_KIND_LISTED_COMPANY,https://kind.krx.co.kr/corpgeneral/corpList.do?method=download&searchType=13,2026-07-18T19:41:51+09:00
019180,티에이치엔,기타 전기장비 제조업,자동차부품(전기배선장치류) 제조·도매,기타 전기장비 제조업 / 자동차부품(전기배선장치류) 제조·도매,KRX_KIND_LISTED_COMPANY,https://kind.krx.co.kr/corpgeneral/corpList.do?method=download&searchType=13,2026-07-18T19:41:51+09:00
019210,와이지-원,기타 금속 가공제품 제조업,엔드밀·탭·드릴,기타 금속 가공제품 제조업 / 엔드밀·탭·드릴,KRX_KIND_LISTED_COMPANY,https://kind.krx.co.kr/corpgeneral/corpList.do?method=download&searchType=13,2026-07-18T19:41:51+09:00
019490,엑시큐어하이트론,영상 및 음향기기 제조업,영상음향기기(보안시스템·CCTV용 모니터·CRT,영상 및 음향기기 제조업 / 영상음향기기(보안시스템·CCTV용 모니터·CRT,KRX_KIND_LISTED_COMPANY,https://kind.krx.co.kr/corpgeneral/corpList.do?method=download&searchType=13,2026-07-18T19:41:51+09:00
019540,일지테크,자동차 신품 부품 제조업,차체(라지에타·팩케이지·씨트 크로스,자동차 신품 부품 제조업 / 차체(라지에타·팩케이지·씨트 크로스,KRX_KIND_LISTED_COMPANY,https://kind.krx.co.kr/corpgeneral/corpList.do?method=download&searchType=13,2026-07-18T19:41:51+09:00
019550,SBI인베스트먼트,신탁업 및 집합투자업,벤처캐피탈,신탁업 및 집합투자업 / 벤처캐피탈,KRX_KIND_LISTED_COMPANY,https://kind.krx.co.kr/corpgeneral/corpList.do?method=download&searchType=13,2026-07-18T19:41:51+09:00
019570,플루토스,신탁업 및 집합투자업,금융투자,신탁업 및 집합투자업 / 금융투자,KRX_KIND_LISTED_COMPANY,https://kind.krx.co.kr/corpgeneral/corpList.do?method=download&searchType=13,2026-07-18T19:41:51+09:00
019660,글로본,상품 종합 도매업,화장품 외,상품 종합 도매업 / 화장품 외,KRX_KIND_LISTED_COMPANY,https://kind.krx.co.kr/corpgeneral/corpList.do?method=download&searchType=13,2026-07-18T19:41:51+09:00
019680,대교,초등 교육기관,학습지·참고서 출판·건설업,초등 교육기관 / 학습지·참고서 출판·건설업,KRX_KIND_LISTED_COMPANY,https://kind.krx.co.kr/corpgeneral/corpList.do?method=download&searchType=13,2026-07-18T19:41:51+09:00
019770,서연탑메탈,특수 목적용 기계 제조업,자동차금형.건설중장비 부품,특수 목적용 기계 제조업 / 자동차금형.건설중장비 부품,KRX_KIND_LISTED_COMPANY,https://kind.krx.co.kr/corpgeneral/corpList.do?method=download&searchType=13,2026-07-18T19:41:51+09:00
019990,에너토크,일반 목적용 기계 제조업,전동액츄에이터,일반 목적용 기계 제조업 / 전동액츄에이터,KRX_KIND_LISTED_COMPANY,https://kind.krx.co.kr/corpgeneral/corpList.do?method=download&searchType=13,2026-07-18T19:41:51+09:00
020000,한섬,봉제의복 제조업,여성의류·금속 액세서리·신발,봉제의복 제조업 / 여성의류·금속 액세서리·신발,KRX_KIND_LISTED_COMPANY,https://kind.krx.co.kr/corpgeneral/corpList.do?method=download&searchType=13,2026-07-18T19:41:51+09:00
020120,키다리스튜디오,"자료처리, 호스팅, 포털 및 기타 인터넷 정보매개 서비스업",웹툰·웹소설 플랫폼 서비스 및 출판·영상콘텐츠 제작 및 유통,"자료처리, 호스팅, 포털 및 기타 인터넷 정보매개 서비스업 / 웹툰·웹소설 플랫폼 서비스 및 출판·영상콘텐츠 제작 및 유통",KRX_KIND_LISTED_COMPANY,https://kind.krx.co.kr/corpgeneral/corpList.do?method=download&searchType=13,2026-07-18T19:41:51+09:00
020150,롯데에너지머티리얼즈,전자부품 제조업,인쇄회로기판(PCB)용 전해동박(ACF·UCF)·에폭시용 동박,전자부품 제조업 / 인쇄회로기판(PCB)용 전해동박(ACF·UCF)·에폭시용 동박,KRX_KIND_LISTED_COMPANY,https://kind.krx.co.kr/corpgeneral/corpList.do?method=download&searchType=13,2026-07-18T19:41:51+09:00
020180,대신정보통신,"컴퓨터 프로그래밍, 시스템 통합 및 관리업",디지털서비스·SI서비스·산업용 PDA,"컴퓨터 프로그래밍, 시스템 통합 및 관리업 / 디지털서비스·SI서비스·산업용 PDA",KRX_KIND_LISTED_COMPANY,https://kind.krx.co.kr/corpgeneral/corpList.do?method=download&searchType=13,2026-07-18T19:41:51+09:00
020400,대동금속,금속 주조업,농기계 주문제품 및 상용차 실린더 헤드·경승용차 실린더 브록 외,금속 주조업 / 농기계 주문제품 및 상용차 실린더 헤드·경승용차 실린더 브록 외,KRX_KIND_LISTED_COMPANY,https://kind.krx.co.kr/corpgeneral/corpList.do?method=download&searchType=13,2026-07-18T19:41:51+09:00
020560,아시아나항공,항공 여객 운송업,항공운송(여객운송·화물운송)·항공기 제조,항공 여객 운송업 / 항공운송(여객운송·화물운송)·항공기 제조,KRX_KIND_LISTED_COMPANY,https://kind.krx.co.kr/corpgeneral/corpList.do?method=download&searchType=13,2026-07-18T19:41:51+09:00
020710,시공테크,전문디자인업,박물관·전시관·엑스포,전문디자인업 / 박물관·전시관·엑스포,KRX_KIND_LISTED_COMPANY,https://kind.krx.co.kr/corpgeneral/corpList.do?method=download&searchType=13,2026-07-18T19:41:51+09:00
020760,일진디스플,반도체 제조업,박막액정표시장치(TFT-LCD) 패널·LT(리튬탄탈에이트)웨이퍼·분말야금제품(초고압용공구),반도체 제조업 / 박막액정표시장치(TFT-LCD) 패널·LT(리튬탄탈에이트)웨이퍼·분말야금제품(초고압용공구),KRX_KIND_LISTED_COMPANY,https://kind.krx.co.kr/corpgeneral/corpList.do?method=download&searchType=13,2026-07-18T19:41:51+09:00
021040,대호특수강,1차 철강 제조업,냉간압조용선재,1차 철강 제조업 / 냉간압조용선재,KRX_KIND_LISTED_COMPANY,https://kind.krx.co.kr/corpgeneral/corpList.do?method=download&searchType=13,2026-07-18T19:41:51+09:00
021050,서원,금속 주조업,비철금속(황동 빌레트·인코트) 제조·재생원료생산,금속 주조업 / 비철금속(황동 빌레트·인코트) 제조·재생원료생산,KRX_KIND_LISTED_COMPANY,https://kind.krx.co.kr/corpgeneral/corpList.do?method=download&searchType=13,2026-07-18T19:41:51+09:00
021080,에이티넘인베스트,신탁업 및 집합투자업,벤처캐피탈,신탁업 및 집합투자업 / 벤처캐피탈,KRX_KIND_LISTED_COMPANY,https://kind.krx.co.kr/corpgeneral/corpList.do?method=download&searchType=13,2026-07-18T19:41:51+09:00
021240,코웨이,그외 기타 개인 서비스업,렌탈 서비스(정수기·비데·필터교환 등),그외 기타 개인 서비스업 / 렌탈 서비스(정수기·비데·필터교환 등),KRX_KIND_LISTED_COMPANY,https://kind.krx.co.kr/corpgeneral/corpList.do?method=download&searchType=13,2026-07-18T19:41:51+09:00
021320,KCC건설,건물 건설업,토목 건축공사·분양공사,건물 건설업 / 토목 건축공사·분양공사,KRX_KIND_LISTED_COMPANY,https://kind.krx.co.kr/corpgeneral/corpList.do?method=download&searchType=13,2026-07-18T19:41:51+09:00
021650,한국큐빅,플라스틱제품 제조업,Curl Fit(표면처리사업),플라스틱제품 제조업 / Curl Fit(표면처리사업),KRX_KIND_LISTED_COMPANY,https://kind.krx.co.kr/corpgeneral/corpList.do?method=download&searchType=13,2026-07-18T19:41:51+09:00
021820,세원정공,자동차 신품 부품 제조업,자동차부품(차체류·램프류) 제조,자동차 신품 부품 제조업 / 자동차부품(차체류·램프류) 제조,KRX_KIND_LISTED_COMPANY,https://kind.krx.co.kr/corpgeneral/corpList.do?method=download&searchType=13,2026-07-18T19:41:51+09:00
021880,메이슨캐피탈,기타 금융업,리스수입,기타 금융업 / 리스수입,KRX_KIND_LISTED_COMPANY,https://kind.krx.co.kr/corpgeneral/corpList.do?method=download&searchType=13,2026-07-18T19:41:51+09:00
022100,포스코DX,"건축기술, 엔지니어링 및 관련 기술 서비스업",EIC 자동화 엔지니어링 및 IT서비스,"건축기술, 엔지니어링 및 관련 기술 서비스업 / EIC 자동화 엔지니어링 및 IT서비스",KRX_KIND_LISTED_COMPANY,https://kind.krx.co.kr/corpgeneral/corpList.do?method=download&searchType=13,2026-07-18T19:41:51+09:00
022220,티케이지애강,플라스틱제품 제조업,PB·CPVC 파이프·연결구,플라스틱제품 제조업 / PB·CPVC 파이프·연결구,KRX_KIND_LISTED_COMPANY,https://kind.krx.co.kr/corpgeneral/corpList.do?method=download&searchType=13,2026-07-18T19:41:51+09:00
023000,삼원강재,자동차 신품 부품 제조업,열간압연제품(평강·봉강·특수이형강,자동차 신품 부품 제조업 / 열간압연제품(평강·봉강·특수이형강,KRX_KIND_LISTED_COMPANY,https://kind.krx.co.kr/corpgeneral/corpList.do?method=download&searchType=13,2026-07-18T19:41:51+09:00
023150,MH에탄올,알코올음료 제조업,주정·탄산가스 제조,알코올음료 제조업 / 주정·탄산가스 제조,KRX_KIND_LISTED_COMPANY,https://kind.krx.co.kr/corpgeneral/corpList.do?method=download&searchType=13,2026-07-18T19:41:51+09:00
023160,태광,1차 철강 제조업,각종 배관자재·관이음쇠류 제조 및 판매,1차 철강 제조업 / 각종 배관자재·관이음쇠류 제조 및 판매,KRX_KIND_LISTED_COMPANY,https://kind.krx.co.kr/corpgeneral/corpList.do?method=download&searchType=13,2026-07-18T19:41:51+09:00
023350,한국종합기술,"건축기술, 엔지니어링 및 관련 기술 서비스업",토목설계·건축설계·감리,"건축기술, 엔지니어링 및 관련 기술 서비스업 / 토목설계·건축설계·감리",KRX_KIND_LISTED_COMPANY,https://kind.krx.co.kr/corpgeneral/corpList.do?method=download&searchType=13,2026-07-18T19:41:51+09:00
023410,유진기업,"시멘트, 석회, 플라스터 및 그 제품 제조업",레미콘,"시멘트, 석회, 플라스터 및 그 제품 제조업 / 레미콘",KRX_KIND_LISTED_COMPANY,https://kind.krx.co.kr/corpgeneral/corpList.do?method=download&searchType=13,2026-07-18T19:41:51+09:00
023440,제이스코홀딩스,1차 철강 제조업,연강선재·경강선재·CHQ외,1차 철강 제조업 / 연강선재·경강선재·CHQ외,KRX_KIND_LISTED_COMPANY,https://kind.krx.co.kr/corpgeneral/corpList.do?method=download&searchType=13,2026-07-18T19:41:51+09:00
023450,동남합성,기초 화학물질 제조업,계면활성제·정밀화학품 제조·도매,기초 화학물질 제조업 / 계면활성제·정밀화학품 제조·도매,KRX_KIND_LISTED_COMPANY,https://kind.krx.co.kr/corpgeneral/corpList.do?method=download&searchType=13,2026-07-18T19:41:51+09:00
023530,롯데쇼핑,종합 소매업,백화점(의류·식품 및 잡화)·할인점 운영,종합 소매업 / 백화점(의류·식품 및 잡화)·할인점 운영,KRX_KIND_LISTED_COMPANY,https://kind.krx.co.kr/corpgeneral/corpList.do?method=download&searchType=13,2026-07-18T19:41:51+09:00
023590,다우기술,"자료처리, 호스팅, 포털 및 기타 인터넷 정보매개 서비스업",인터넷솔루션 개발·도매·IT컨설팅,"자료처리, 호스팅, 포털 및 기타 인터넷 정보매개 서비스업 / 인터넷솔루션 개발·도매·IT컨설팅",KRX_KIND_LISTED_COMPANY,https://kind.krx.co.kr/corpgeneral/corpList.do?method=download&searchType=13,2026-07-18T19:41:51+09:00
023600,삼보판지,"펄프, 종이 및 판지 제조업",골판지·골판지상자,"펄프, 종이 및 판지 제조업 / 골판지·골판지상자",KRX_KIND_LISTED_COMPANY,https://kind.krx.co.kr/corpgeneral/corpList.do?method=download&searchType=13,2026-07-18T19:41:51+09:00
023760,한국캐피탈,기타 금융업,리스수수료,기타 금융업 / 리스수수료,KRX_KIND_LISTED_COMPANY,https://kind.krx.co.kr/corpgeneral/corpList.do?method=download&searchType=13,2026-07-18T19:41:51+09:00
023770,플레이위드,소프트웨어 개발 및 공급업,게임소프트웨어,소프트웨어 개발 및 공급업 / 게임소프트웨어,KRX_KIND_LISTED_COMPANY,https://kind.krx.co.kr/corpgeneral/corpList.do?method=download&searchType=13,2026-07-18T19:41:51+09:00
023790,동일스틸럭스,1차 철강 제조업,봉강,1차 철강 제조업 / 봉강,KRX_KIND_LISTED_COMPANY,https://kind.krx.co.kr/corpgeneral/corpList.do?method=download&searchType=13,2026-07-18T19:41:51+09:00
023800,인지컨트롤스,자동차 신품 부품 제조업,자동차부품(터머스위치·터머스탯) 제조,자동차 신품 부품 제조업 / 자동차부품(터머스위치·터머스탯) 제조,KRX_KIND_LISTED_COMPANY,https://kind.krx.co.kr/corpgeneral/corpList.do?method=download&searchType=13,2026-07-18T19:41:51+09:00
023810,인팩,자동차 신품 부품 제조업,자동차용 케이블·전자정보통신관련기기 제조·도매,자동차 신품 부품 제조업 / 자동차용 케이블·전자정보통신관련기기 제조·도매,KRX_KIND_LISTED_COMPANY,https://kind.krx.co.kr/corpgeneral/corpList.do?method=download&searchType=13,2026-07-18T19:41:51+09:00
023900,풍국주정,알코올음료 제조업,발효주정,알코올음료 제조업 / 발효주정,KRX_KIND_LISTED_COMPANY,https://kind.krx.co.kr/corpgeneral/corpList.do?method=download&searchType=13,2026-07-18T19:41:51+09:00
023910,대한약품,의약품 제조업,수액제,의약품 제조업 / 수액제,KRX_KIND_LISTED_COMPANY,https://kind.krx.co.kr/corpgeneral/corpList.do?method=download&searchType=13,2026-07-18T19:41:51+09:00
023960,에쓰씨엔지니어링,토목 건설업,기술용역(건축설계) 서비스·화학플랜트 설비·기계 제작(음식료,토목 건설업 / 기술용역(건축설계) 서비스·화학플랜트 설비·기계 제작(음식료,KRX_KIND_LISTED_COMPANY,https://kind.krx.co.kr/corpgeneral/corpList.do?method=download&searchType=13,2026-07-18T19:41:51+09:00
024060,흥구석유,기타 전문 도매업,휘발유등,기타 전문 도매업 / 휘발유등,KRX_KIND_LISTED_COMPANY,https://kind.krx.co.kr/corpgeneral/corpList.do?method=download&searchType=13,2026-07-18T19:41:51+09:00
024070,WISCOM,플라스틱제품 제조업,플라스틱제품(PVC컴파운드·ABS·PS가공) 제조,플라스틱제품 제조업 / 플라스틱제품(PVC컴파운드·ABS·PS가공) 제조,KRX_KIND_LISTED_COMPANY,https://kind.krx.co.kr/corpgeneral/corpList.do?method=download&searchType=13,2026-07-18T19:41:51+09:00
024090,디씨엠,1차 철강 제조업,PCM(칼라강판)·라미네이트강판·산업용필름 제조,1차 철강 제조업 / PCM(칼라강판)·라미네이트강판·산업용필름 제조,KRX_KIND_LISTED_COMPANY,https://kind.krx.co.kr/corpgeneral/corpList.do?method=download&searchType=13,2026-07-18T19:41:51+09:00
024110,기업은행,은행 및 저축기관,은행업,은행 및 저축기관 / 은행업,KRX_KIND_LISTED_COMPANY,https://kind.krx.co.kr/corpgeneral/corpList.do?method=download&searchType=13,2026-07-18T19:41:51+09:00
024120,KB오토시스,자동차 신품 부품 제조업,브레이크패드,자동차 신품 부품 제조업 / 브레이크패드,KRX_KIND_LISTED_COMPANY,https://kind.krx.co.kr/corpgeneral/corpList.do?method=download&searchType=13,2026-07-18T19:41:51+09:00
024720,콜마홀딩스,기타 금융업,경영컨설팅·무역·과학및기술서비스업,기타 금융업 / 경영컨설팅·무역·과학및기술서비스업,KRX_KIND_LISTED_COMPANY,https://kind.krx.co.kr/corpgeneral/corpList.do?method=download&searchType=13,2026-07-18T19:41:51+09:00
024740,한일단조,자동차 신품 부품 제조업,단조품,자동차 신품 부품 제조업 / 단조품,KRX_KIND_LISTED_COMPANY,https://kind.krx.co.kr/corpgeneral/corpList.do?method=download&searchType=13,2026-07-18T19:41:51+09:00
024800,유성티엔에스,육상 여객 운송업,운송·C형강·차량정비,육상 여객 운송업 / 운송·C형강·차량정비,KRX_KIND_LISTED_COMPANY,https://kind.krx.co.kr/corpgeneral/corpList.do?method=download&searchType=13,2026-07-18T19:41:51+09:00
024830,세원물산,자동차 신품 부품 제조업,라디에이터서포터,자동차 신품 부품 제조업 / 라디에이터서포터,KRX_KIND_LISTED_COMPANY,https://kind.krx.co.kr/corpgeneral/corpList.do?method=download&searchType=13,2026-07-18T19:41:51+09:00
024840,KBI메탈,1차 비철금속 제조업,동ROD·모터코어,1차 비철금속 제조업 / 동ROD·모터코어,KRX_KIND_LISTED_COMPANY,https://kind.krx.co.kr/corpgeneral/corpList.do?method=download&searchType=13,2026-07-18T19:41:51+09:00
024850,HLB이노베이션,전자부품 제조업,리드프레임,전자부품 제조업 / 리드프레임,KRX_KIND_LISTED_COMPANY,https://kind.krx.co.kr/corpgeneral/corpList.do?method=download&searchType=13,2026-07-18T19:41:51+09:00
024880,케이피에프,기타 금속 가공제품 제조업,볼트류,기타 금속 가공제품 제조업 / 볼트류,KRX_KIND_LISTED_COMPANY,https://kind.krx.co.kr/corpgeneral/corpList.do?method=download&searchType=13,2026-07-18T19:41:51+09:00
024890,대원화성,플라스틱제품 제조업,합성피혁·벽지·DMF(폐용수)정제,플라스틱제품 제조업 / 합성피혁·벽지·DMF(폐용수)정제,KRX_KIND_LISTED_COMPANY,https://kind.krx.co.kr/corpgeneral/corpList.do?method=download&searchType=13,2026-07-18T19:41:51+09:00
024900,디와이덕양,자동차 신품 부품 제조업,자동차부품(CRASH PAD·TRIM PANEL) 제조·판매,자동차 신품 부품 제조업 / 자동차부품(CRASH PAD·TRIM PANEL) 제조·판매,KRX_KIND_LISTED_COMPANY,https://kind.krx.co.kr/corpgeneral/corpList.do?method=download&searchType=13,2026-07-18T19:41:51+09:00
024910,경창산업,자동차 신품 부품 제조업,각종 케이블·개폐랫치·리저브탱크,자동차 신품 부품 제조업 / 각종 케이블·개폐랫치·리저브탱크,KRX_KIND_LISTED_COMPANY,https://kind.krx.co.kr/corpgeneral/corpList.do?method=download&searchType=13,2026-07-18T19:41:51+09:00
024940,PN풍년,생활용품 도매업,압력솥,생활용품 도매업 / 압력솥,KRX_KIND_LISTED_COMPANY,https://kind.krx.co.kr/corpgeneral/corpList.do?method=download&searchType=13,2026-07-18T19:41:51+09:00
024950,삼천리자전거,생활용품 도매업,자전거,생활용품 도매업 / 자전거,KRX_KIND_LISTED_COMPANY,https://kind.krx.co.kr/corpgeneral/corpList.do?method=download&searchType=13,2026-07-18T19:41:51+09:00
025000,KPX케미칼,기초 화학물질 제조업,PPG·PU RESIN·우레탄수지,기초 화학물질 제조업 / PPG·PU RESIN·우레탄수지,KRX_KIND_LISTED_COMPANY,https://kind.krx.co.kr/corpgeneral/corpList.do?method=download&searchType=13,2026-07-18T19:41:51+09:00
025320,시노펙스,전자부품 제조업,전자부품·필터,전자부품 제조업 / 전자부품·필터,KRX_KIND_LISTED_COMPANY,https://kind.krx.co.kr/corpgeneral/corpList.do?method=download&searchType=13,2026-07-18T19:41:51+09:00
025440,DH오토웨어,영상 및 음향기기 제조업,카 인포테인먼트용 영상·음향기기·차체 자동화설비 및 조립용 지그 제조,영상 및 음향기기 제조업 / 카 인포테인먼트용 영상·음향기기·차체 자동화설비 및 조립용 지그 제조,KRX_KIND_LISTED_COMPANY,https://kind.krx.co.kr/corpgeneral/corpList.do?method=download&searchType=13,2026-07-18T19:41:51+09:00
025530,에스제이엠홀딩스,자동차 부품 및 내장품 판매업,지주회사및경영자문,자동차 부품 및 내장품 판매업 / 지주회사및경영자문,KRX_KIND_LISTED_COMPANY,https://kind.krx.co.kr/corpgeneral/corpList.do?method=download&searchType=13,2026-07-18T19:41:51+09:00
025540,한국단자공업,"전동기, 발전기 및 전기 변환 · 공급 · 제어 장치 제조업",전기변환장치(광커넥터·통신용콘넥터·정밀압착단자설계) 제조,"전동기, 발전기 및 전기 변환 · 공급 · 제어 장치 제조업 / 전기변환장치(광커넥터·통신용콘넥터·정밀압착단자설계) 제조",KRX_KIND_LISTED_COMPANY,https://kind.krx.co.kr/corpgeneral/corpList.do?method=download&searchType=13,2026-07-18T19:41:51+09:00
025550,한국선재,1차 철강 제조업,철강선재류,1차 철강 제조업 / 철강선재류,KRX_KIND_LISTED_COMPANY,https://kind.krx.co.kr/corpgeneral/corpList.do?method=download&searchType=13,2026-07-18T19:41:51+09:00
025560,미래산업,"측정, 시험, 항해, 제어 및 기타 정밀기기 제조업; 광학기기 제외",PCB마운터·반도체검사장비(반도체테스트핸들러)·LCD 검사장비,"측정, 시험, 항해, 제어 및 기타 정밀기기 제조업; 광학기기 제외 / PCB마운터·반도체검사장비(반도체테스트핸들러)·LCD 검사장비",KRX_KIND_LISTED_COMPANY,https://kind.krx.co.kr/corpgeneral/corpList.do?method=download&searchType=13,2026-07-18T19:41:51+09:00
025620,차AI헬스케어,기타 화학제품 제조업,화장품 제조 판매,기타 화학제품 제조업 / 화장품 제조 판매,KRX_KIND_LISTED_COMPANY,https://kind.krx.co.kr/corpgeneral/corpList.do?method=download&searchType=13,2026-07-18T19:41:51+09:00
025750,한솔홈데코,제재 및 목재 가공업,PB·MDF·바닥재,제재 및 목재 가공업 / PB·MDF·바닥재,KRX_KIND_LISTED_COMPANY,https://kind.krx.co.kr/corpgeneral/corpList.do?method=download&searchType=13,2026-07-18T19:41:51+09:00
025770,한국정보통신,전기 통신업,신용카드부가통신업(VAN)·전자지급결제대행업(PG),전기 통신업 / 신용카드부가통신업(VAN)·전자지급결제대행업(PG),KRX_KIND_LISTED_COMPANY,https://kind.krx.co.kr/corpgeneral/corpList.do?method=download&searchType=13,2026-07-18T19:41:51+09:00
025820,이구산업,1차 비철금속 제조업,동판.조·황동판.조·인청동판.조 제조,1차 비철금속 제조업 / 동판.조·황동판.조·인청동판.조 제조,KRX_KIND_LISTED_COMPANY,https://kind.krx.co.kr/corpgeneral/corpList.do?method=download&searchType=13,2026-07-18T19:41:51+09:00
025860,남해화학,"비료, 농약 및 살균, 살충제 제조업",비료(요소·복합비료)·공업제품원료 제조,"비료, 농약 및 살균, 살충제 제조업 / 비료(요소·복합비료)·공업제품원료 제조",KRX_KIND_LISTED_COMPANY,https://kind.krx.co.kr/corpgeneral/corpList.do?method=download&searchType=13,2026-07-18T19:41:51+09:00
025870,신라에스지,음·식료품 및 담배 도매업,수산물도매,음·식료품 및 담배 도매업 / 수산물도매,KRX_KIND_LISTED_COMPANY,https://kind.krx.co.kr/corpgeneral/corpList.do?method=download&searchType=13,2026-07-18T19:41:51+09:00
025880,케이씨피드,동물용 사료 및 조제식품 제조업,사료,동물용 사료 및 조제식품 제조업 / 사료,KRX_KIND_LISTED_COMPANY,https://kind.krx.co.kr/corpgeneral/corpList.do?method=download&searchType=13,2026-07-18T19:41:51+09:00
025890,한국주강,특수 목적용 기계 제조업,주강·주물 제조·도매,특수 목적용 기계 제조업 / 주강·주물 제조·도매,KRX_KIND_LISTED_COMPANY,https://kind.krx.co.kr/corpgeneral/corpList.do?method=download&searchType=13,2026-07-18T19:41:51+09:00
025900,동화기업,나무제품 제조업,PB·MDF·표면재,나무제품 제조업 / PB·MDF·표면재,KRX_KIND_LISTED_COMPANY,https://kind.krx.co.kr/corpgeneral/corpList.do?method=download&searchType=13,2026-07-18T19:41:51+09:00
025950,동신건설,토목 건설업,토목,토목 건설업 / 토목,KRX_KIND_LISTED_COMPANY,https://kind.krx.co.kr/corpgeneral/corpList.do?method=download&searchType=13,2026-07-18T19:41:51+09:00
025980,아난티,일반 및 생활 숙박시설 운영업,리조트 운영 및 분양,일반 및 생활 숙박시설 운영업 / 리조트 운영 및 분양,KRX_KIND_LISTED_COMPANY,https://kind.krx.co.kr/corpgeneral/corpList.do?method=download&searchType=13,2026-07-18T19:41:51+09:00
026040,제이에스티나,귀금속 및 장신용품 제조업,주얼리·가죽제품·손목시계,귀금속 및 장신용품 제조업 / 주얼리·가죽제품·손목시계,KRX_KIND_LISTED_COMPANY,https://kind.krx.co.kr/corpgeneral/corpList.do?method=download&searchType=13,2026-07-18T19:41:51+09:00
026150,특수건설,토목 건설업,보링,토목 건설업 / 보링,KRX_KIND_LISTED_COMPANY,https://kind.krx.co.kr/corpgeneral/corpList.do?method=download&searchType=13,2026-07-18T19:41:51+09:00
026890,스틱인베스트먼트,신탁업 및 집합투자업,사모펀드(PEF),신탁업 및 집합투자업 / 사모펀드(PEF),KRX_KIND_LISTED_COMPANY,https://kind.krx.co.kr/corpgeneral/corpList.do?method=download&searchType=13,2026-07-18T19:41:51+09:00
026910,광진실업,1차 철강 제조업,마봉,1차 철강 제조업 / 마봉,KRX_KIND_LISTED_COMPANY,https://kind.krx.co.kr/corpgeneral/corpList.do?method=download&searchType=13,2026-07-18T19:41:51+09:00
026940,부국철강,1차 철강 제조업,철강,1차 철강 제조업 / 철강,KRX_KIND_LISTED_COMPANY,https://kind.krx.co.kr/corpgeneral/corpList.do?method=download&searchType=13,2026-07-18T19:41:51+09:00
026960,동서,음·식료품 및 담배 도매업,식품 유통·다류 및 연포장재 제조 등,음·식료품 및 담배 도매업 / 식품 유통·다류 및 연포장재 제조 등,KRX_KIND_LISTED_COMPANY,https://kind.krx.co.kr/corpgeneral/corpList.do?method=download&searchType=13,2026-07-18T19:41:51+09:00
027040,서울전자통신,"전동기, 발전기 및 전기 변환 · 공급 · 제어 장치 제조업",전자변성기·무역업(트랜스포머자재),"전동기, 발전기 및 전기 변환 · 공급 · 제어 장치 제조업 / 전자변성기·무역업(트랜스포머자재)",KRX_KIND_LISTED_COMPANY,https://kind.krx.co.kr/corpgeneral/corpList.do?method=download&searchType=13,2026-07-18T19:41:51+09:00
027050,코리아나,기타 화학제품 제조업,화장품,기타 화학제품 제조업 / 화장품,KRX_KIND_LISTED_COMPANY,https://kind.krx.co.kr/corpgeneral/corpList.do?method=download&searchType=13,2026-07-18T19:41:51+09:00
027360,아주IB투자,기타 금융업,,기타 금융업,KRX_KIND_LISTED_COMPANY,https://kind.krx.co.kr/corpgeneral/corpList.do?method=download&searchType=13,2026-07-18T19:41:51+09:00
027410,BGF,기타 금융업,지주회사,기타 금융업 / 지주회사,KRX_KIND_LISTED_COMPANY,https://kind.krx.co.kr/corpgeneral/corpList.do?method=download&searchType=13,2026-07-18T19:41:51+09:00
027580,상보,플라스틱제품 제조업,광학필름·윈도우필름·미디어필름,플라스틱제품 제조업 / 광학필름·윈도우필름·미디어필름,KRX_KIND_LISTED_COMPANY,https://kind.krx.co.kr/corpgeneral/corpList.do?method=download&searchType=13,2026-07-18T19:41:51+09:00
027710,팜스토리,동물용 사료 및 조제식품 제조업,사료,동물용 사료 및 조제식품 제조업 / 사료,KRX_KIND_LISTED_COMPANY,https://kind.krx.co.kr/corpgeneral/corpList.do?method=download&searchType=13,2026-07-18T19:41:51+09:00
027740,마니커,"도축, 육류 가공 및 저장 처리업",닭고기·햄·계육가공제품,"도축, 육류 가공 및 저장 처리업 / 닭고기·햄·계육가공제품",KRX_KIND_LISTED_COMPANY,https://kind.krx.co.kr/corpgeneral/corpList.do?method=download&searchType=13,2026-07-18T19:41:51+09:00
027830,대성창투,신탁업 및 집합투자업,투자서비스,신탁업 및 집합투자업 / 투자서비스,KRX_KIND_LISTED_COMPANY,https://kind.krx.co.kr/corpgeneral/corpList.do?method=download&searchType=13,2026-07-18T19:41:51+09:00
027970,한국제지,"펄프, 종이 및 판지 제조업",펄프·종이 및 판지 제조업(031701),"펄프, 종이 및 판지 제조업 / 펄프·종이 및 판지 제조업(031701)",KRX_KIND_LISTED_COMPANY,https://kind.krx.co.kr/corpgeneral/corpList.do?method=download&searchType=13,2026-07-18T19:41:51+09:00
028050,삼성E&A,"건축기술, 엔지니어링 및 관련 기술 서비스업",산업설비·건물·구축물,"건축기술, 엔지니어링 및 관련 기술 서비스업 / 산업설비·건물·구축물",KRX_KIND_LISTED_COMPANY,https://kind.krx.co.kr/corpgeneral/corpList.do?method=download&searchType=13,2026-07-18T19:41:51+09:00
028080,휴맥스홀딩스,"컴퓨터 프로그래밍, 시스템 통합 및 관리업",지주사업·IT서비스사업,"컴퓨터 프로그래밍, 시스템 통합 및 관리업 / 지주사업·IT서비스사업",KRX_KIND_LISTED_COMPANY,https://kind.krx.co.kr/corpgeneral/corpList.do?method=download&searchType=13,2026-07-18T19:41:51+09:00
028100,동아지질,기반조성 및 시설물 축조관련 전문공사업,보링그라우팅공사·토공사·철근콘크리트공사,기반조성 및 시설물 축조관련 전문공사업 / 보링그라우팅공사·토공사·철근콘크리트공사,KRX_KIND_LISTED_COMPANY,https://kind.krx.co.kr/corpgeneral/corpList.do?method=download&searchType=13,2026-07-18T19:41:51+09:00
028260,삼성물산,기타 전문 도매업,도소매·건설·남자용 정장 제조업 등,기타 전문 도매업 / 도소매·건설·남자용 정장 제조업 등,KRX_KIND_LISTED_COMPANY,https://kind.krx.co.kr/corpgeneral/corpList.do?method=download&searchType=13,2026-07-18T19:41:51+09:00
028300,HLB,의료용품 및 기타 의약 관련제품 제조업,의료기기·의약외품 등,의료용품 및 기타 의약 관련제품 제조업 / 의료기기·의약외품 등,KRX_KIND_LISTED_COMPANY,https://kind.krx.co.kr/corpgeneral/corpList.do?method=download&searchType=13,2026-07-18T19:41:51+09:00
028670,팬오션,해상 운송업,해상화물운송(외항·운수보관),해상 운송업 / 해상화물운송(외항·운수보관),KRX_KIND_LISTED_COMPANY,https://kind.krx.co.kr/corpgeneral/corpList.do?method=download&searchType=13,2026-07-18T19:41:51+09:00
029460,케이씨,"측정, 시험, 항해, 제어 및 기타 정밀기기 제조업; 광학기기 제외",가스·Chemical 공급 장치 등 제조 및 판매,"측정, 시험, 항해, 제어 및 기타 정밀기기 제조업; 광학기기 제외 / 가스·Chemical 공급 장치 등 제조 및 판매",KRX_KIND_LISTED_COMPANY,https://kind.krx.co.kr/corpgeneral/corpList.do?method=download&searchType=13,2026-07-18T19:41:51+09:00
029480,광무,통신 및 방송 장비 제조업,네트워크 통합사업·네트워크 장비·光 전송장비,통신 및 방송 장비 제조업 / 네트워크 통합사업·네트워크 장비·光 전송장비,KRX_KIND_LISTED_COMPANY,https://kind.krx.co.kr/corpgeneral/corpList.do?method=download&searchType=13,2026-07-18T19:41:51+09:00
029530,신도리코,컴퓨터 및 주변장치 제조업,복사기·3D프린터·프린터,컴퓨터 및 주변장치 제조업 / 복사기·3D프린터·프린터,KRX_KIND_LISTED_COMPANY,https://kind.krx.co.kr/corpgeneral/corpList.do?method=download&searchType=13,2026-07-18T19:41:51+09:00
029780,삼성카드,기타 금융업,신용카드업·상품신용판매·현금서비스,기타 금융업 / 신용카드업·상품신용판매·현금서비스,KRX_KIND_LISTED_COMPANY,https://kind.krx.co.kr/corpgeneral/corpList.do?method=download&searchType=13,2026-07-18T19:41:51+09:00
030000,제일기획,광고업,광고 대행·광고물·영화 제작,광고업 / 광고 대행·광고물·영화 제작,KRX_KIND_LISTED_COMPANY,https://kind.krx.co.kr/corpgeneral/corpList.do?method=download&searchType=13,2026-07-18T19:41:51+09:00
030190,NICE평가정보,기타 정보 서비스업,개인 및 기업정보·솔루션,기타 정보 서비스업 / 개인 및 기업정보·솔루션,KRX_KIND_LISTED_COMPANY,https://kind.krx.co.kr/corpgeneral/corpList.do?method=download&searchType=13,2026-07-18T19:41:51+09:00
030200,케이티,전기 통신업,유무선통신사업·공중전기통신사업·인터넷,전기 통신업 / 유무선통신사업·공중전기통신사업·인터넷,KRX_KIND_LISTED_COMPANY,https://kind.krx.co.kr/corpgeneral/corpList.do?method=download&searchType=13,2026-07-18T19:41:51+09:00
030210,다올투자증권,금융 지원 서비스업,금융업·서비스·부동산,금융 지원 서비스업 / 금융업·서비스·부동산,KRX_KIND_LISTED_COMPANY,https://kind.krx.co.kr/corpgeneral/corpList.do?method=download&searchType=13,2026-07-18T19:41:51+09:00
030350,드래곤플라이,소프트웨어 개발 및 공급업,온라인게임,소프트웨어 개발 및 공급업 / 온라인게임,KRX_KIND_LISTED_COMPANY,https://kind.krx.co.kr/corpgeneral/corpList.do?method=download&searchType=13,2026-07-18T19:41:51+09:00
030520,한글과컴퓨터,소프트웨어 개발 및 공급업,오피스소프트웨어,소프트웨어 개발 및 공급업 / 오피스소프트웨어,KRX_KIND_LISTED_COMPANY,https://kind.krx.co.kr/corpgeneral/corpList.do?method=download&searchType=13,2026-07-18T19:41:51+09:00
030530,원익홀딩스,기초 화학물질 제조업,가스캐비닛,기초 화학물질 제조업 / 가스캐비닛,KRX_KIND_LISTED_COMPANY,https://kind.krx.co.kr/corpgeneral/corpList.do?method=download&searchType=13,2026-07-18T19:41:51+09:00
030610,교보증권,금융 지원 서비스업,유가증권 매매·중개·대리,금융 지원 서비스업 / 유가증권 매매·중개·대리,KRX_KIND_LISTED_COMPANY,https://kind.krx.co.kr/corpgeneral/corpList.do?method=download&searchType=13,2026-07-18T19:41:51+09:00
030720,동원수산,어로 어업,원양어업·수산물 제조·가공,어로 어업 / 원양어업·수산물 제조·가공,KRX_KIND_LISTED_COMPANY,https://kind.krx.co.kr/corpgeneral/corpList.do?method=download&searchType=13,2026-07-18T19:41:51+09:00
030960,양지사,인쇄 및 인쇄관련 산업,다이어리,인쇄 및 인쇄관련 산업 / 다이어리,KRX_KIND_LISTED_COMPANY,https://kind.krx.co.kr/corpgeneral/corpList.do?method=download&searchType=13,2026-07-18T19:41:51+09:00
031210,서울보증보험,보험업,보증보험·신용보험 등,보험업 / 보증보험·신용보험 등,KRX_KIND_LISTED_COMPANY,https://kind.krx.co.kr/corpgeneral/corpList.do?method=download&searchType=13,2026-07-18T19:41:51+09:00
031310,아이즈비전,전기 통신업,홈쇼핑(아이즈홈쇼핑)·국제전화(아이즈텔)·가정용유무선 전화기판매(TopPhone),전기 통신업 / 홈쇼핑(아이즈홈쇼핑)·국제전화(아이즈텔)·가정용유무선 전화기판매(TopPhone),KRX_KIND_LISTED_COMPANY,https://kind.krx.co.kr/corpgeneral/corpList.do?method=download&searchType=13,2026-07-18T19:41:51+09:00
031330,에스에이엠티,기계장비 및 관련 물품 도매업,반도체(메모리·비메모리)·CPU,기계장비 및 관련 물품 도매업 / 반도체(메모리·비메모리)·CPU,KRX_KIND_LISTED_COMPANY,https://kind.krx.co.kr/corpgeneral/corpList.do?method=download&searchType=13,2026-07-18T19:41:51+09:00
031430,신세계인터내셔날,"섬유, 의복, 신발 및 가죽제품 소매업",섬유·의복·신발 및 가죽제품 소매,"섬유, 의복, 신발 및 가죽제품 소매업 / 섬유·의복·신발 및 가죽제품 소매",KRX_KIND_LISTED_COMPANY,https://kind.krx.co.kr/corpgeneral/corpList.do?method=download&searchType=13,2026-07-18T19:41:51+09:00
031440,신세계푸드,음식점업,단체급식·식자재유통·외식,음식점업 / 단체급식·식자재유통·외식,KRX_KIND_LISTED_COMPANY,https://kind.krx.co.kr/corpgeneral/corpList.do?method=download&searchType=13,2026-07-18T19:41:51+09:00
031510,오스템,자동차 신품 부품 제조업,휠,자동차 신품 부품 제조업 / 휠,KRX_KIND_LISTED_COMPANY,https://kind.krx.co.kr/corpgeneral/corpList.do?method=download&searchType=13,2026-07-18T19:41:51+09:00
031820,아이티센씨티에스,"컴퓨터 프로그래밍, 시스템 통합 및 관리업",시스템(네트웍) 구축·데이터통신장비(모뎀·먹스),"컴퓨터 프로그래밍, 시스템 통합 및 관리업 / 시스템(네트웍) 구축·데이터통신장비(모뎀·먹스)",KRX_KIND_LISTED_COMPANY,https://kind.krx.co.kr/corpgeneral/corpList.do?method=download&searchType=13,2026-07-18T19:41:51+09:00
031860,디에이치엑스컴퍼니,상품 종합 도매업,FLC,상품 종합 도매업 / FLC,KRX_KIND_LISTED_COMPANY,https://kind.krx.co.kr/corpgeneral/corpList.do?method=download&searchType=13,2026-07-18T19:41:51+09:00
031980,피에스케이홀딩스,특수 목적용 기계 제조업,Descum·Reflow,특수 목적용 기계 제조업 / Descum·Reflow,KRX_KIND_LISTED_COMPANY,https://kind.krx.co.kr/corpgeneral/corpList.do?method=download&searchType=13,2026-07-18T19:41:51+09:00
032080,아즈텍WB,"섬유제품 염색, 정리 및 마무리 가공업",직물,"섬유제품 염색, 정리 및 마무리 가공업 / 직물",KRX_KIND_LISTED_COMPANY,https://kind.krx.co.kr/corpgeneral/corpList.do?method=download&searchType=13,2026-07-18T19:41:51+09:00
032190,다우데이타,기계장비 및 관련 물품 도매업,Autodesk 제품군 및 보안·백신 소프트웨어 등,기계장비 및 관련 물품 도매업 / Autodesk 제품군 및 보안·백신 소프트웨어 등,KRX_KIND_LISTED_COMPANY,https://kind.krx.co.kr/corpgeneral/corpList.do?method=download&searchType=13,2026-07-18T19:41:51+09:00
032280,삼일,도로 화물 운송업,운송 및 하역수입,도로 화물 운송업 / 운송 및 하역수입,KRX_KIND_LISTED_COMPANY,https://kind.krx.co.kr/corpgeneral/corpList.do?method=download&searchType=13,2026-07-18T19:41:51+09:00
032300,한국파마,의약품 제조업,완제의약품(정신신경계·소화기계·순환기계,의약품 제조업 / 완제의약품(정신신경계·소화기계·순환기계,KRX_KIND_LISTED_COMPANY,https://kind.krx.co.kr/corpgeneral/corpList.do?method=download&searchType=13,2026-07-18T19:41:51+09:00
032350,롯데관광개발,여행사 및 기타 여행보조 서비스업,국내외여행알선·관광개발·전세운수,여행사 및 기타 여행보조 서비스업 / 국내외여행알선·관광개발·전세운수,KRX_KIND_LISTED_COMPANY,https://kind.krx.co.kr/corpgeneral/corpList.do?method=download&searchType=13,2026-07-18T19:41:51+09:00
032500,케이엠더블유,통신 및 방송 장비 제조업,RF 부품 및 중계기,통신 및 방송 장비 제조업 / RF 부품 및 중계기,KRX_KIND_LISTED_COMPANY,https://kind.krx.co.kr/corpgeneral/corpList.do?method=download&searchType=13,2026-07-18T19:41:51+09:00
032540,TJ미디어,영상 및 음향기기 제조업,영상음향반주기,영상 및 음향기기 제조업 / 영상음향반주기,KRX_KIND_LISTED_COMPANY,https://kind.krx.co.kr/corpgeneral/corpList.do?method=download&searchType=13,2026-07-18T19:41:51+09:00
032560,황금에스티,1차 비철금속 제조업,스테인레스 냉연·열연,1차 비철금속 제조업 / 스테인레스 냉연·열연,KRX_KIND_LISTED_COMPANY,https://kind.krx.co.kr/corpgeneral/corpList.do?method=download&searchType=13,2026-07-18T19:41:51+09:00
032580,피델릭스,반도체 제조업,PSRAM 및 LPSDRAM,반도체 제조업 / PSRAM 및 LPSDRAM,KRX_KIND_LISTED_COMPANY,https://kind.krx.co.kr/corpgeneral/corpList.do?method=download&searchType=13,2026-07-18T19:41:51+09:00
032620,GC메디아이,소프트웨어 개발 및 공급업,의사랑·유팜·미소몰,소프트웨어 개발 및 공급업 / 의사랑·유팜·미소몰,KRX_KIND_LISTED_COMPANY,https://kind.krx.co.kr/corpgeneral/corpList.do?method=download&searchType=13,2026-07-18T19:41:51+09:00
032640,LG유플러스,전기 통신업,개인휴대통신서비스·음성서비스·데이터서비스,전기 통신업 / 개인휴대통신서비스·음성서비스·데이터서비스,KRX_KIND_LISTED_COMPANY,https://kind.krx.co.kr/corpgeneral/corpList.do?method=download&searchType=13,2026-07-18T19:41:51+09:00
032680,소프트센,기타 정보 서비스업,전산기기 및 정보통신공사,기타 정보 서비스업 / 전산기기 및 정보통신공사,KRX_KIND_LISTED_COMPANY,https://kind.krx.co.kr/corpgeneral/corpList.do?method=download&searchType=13,2026-07-18T19:41:51+09:00
032750,삼진,통신 및 방송 장비 제조업,리모컨,통신 및 방송 장비 제조업 / 리모컨,KRX_KIND_LISTED_COMPANY,https://kind.krx.co.kr/corpgeneral/corpList.do?method=download&searchType=13,2026-07-18T19:41:51+09:00
032790,엠젠솔루션,기계장비 및 관련 물품 도매업,프린터형상기·광통신장비·Bio이종장기,기계장비 및 관련 물품 도매업 / 프린터형상기·광통신장비·Bio이종장기,KRX_KIND_LISTED_COMPANY,https://kind.krx.co.kr/corpgeneral/corpList.do?method=download&searchType=13,2026-07-18T19:41:51+09:00
032800,판타지오,창작 및 예술관련 서비스업,서비스,창작 및 예술관련 서비스업 / 서비스,KRX_KIND_LISTED_COMPANY,https://kind.krx.co.kr/corpgeneral/corpList.do?method=download&searchType=13,2026-07-18T19:41:51+09:00
032820,우리기술,"전동기, 발전기 및 전기 변환 · 공급 · 제어 장치 제조업",시스템사업·정보통신사업,"전동기, 발전기 및 전기 변환 · 공급 · 제어 장치 제조업 / 시스템사업·정보통신사업",KRX_KIND_LISTED_COMPANY,https://kind.krx.co.kr/corpgeneral/corpList.do?method=download&searchType=13,2026-07-18T19:41:51+09:00
032830,삼성생명,보험업,생명보험·부동산 임대,보험업 / 생명보험·부동산 임대,KRX_KIND_LISTED_COMPANY,https://kind.krx.co.kr/corpgeneral/corpList.do?method=download&searchType=13,2026-07-18T19:41:51+09:00
032850,비트컴퓨터,소프트웨어 개발 및 공급업,의료정보시스템,소프트웨어 개발 및 공급업 / 의료정보시스템,KRX_KIND_LISTED_COMPANY,https://kind.krx.co.kr/corpgeneral/corpList.do?method=download&searchType=13,2026-07-18T19:41:51+09:00
032860,더라미,"해체, 선별 및 원료 재생업",화장품·철스크랩,"해체, 선별 및 원료 재생업 / 화장품·철스크랩",KRX_KIND_LISTED_COMPANY,https://kind.krx.co.kr/corpgeneral/corpList.do?method=download&searchType=13,2026-07-18T19:41:51+09:00
032940,원익,기계장비 및 관련 물품 도매업,Quartz·HIC·의료기기,기계장비 및 관련 물품 도매업 / Quartz·HIC·의료기기,KRX_KIND_LISTED_COMPANY,https://kind.krx.co.kr/corpgeneral/corpList.do?method=download&searchType=13,2026-07-18T19:41:51+09:00
032960,동일기연,전자부품 제조업,EMI,전자부품 제조업 / EMI,KRX_KIND_LISTED_COMPANY,https://kind.krx.co.kr/corpgeneral/corpList.do?method=download&searchType=13,2026-07-18T19:41:51+09:00
033050,제이엠아이,기타 화학제품 제조업,CD복제품,기타 화학제품 제조업 / CD복제품,KRX_KIND_LISTED_COMPANY,https://kind.krx.co.kr/corpgeneral/corpList.do?method=download&searchType=13,2026-07-18T19:41:51+09:00
033100,제룡전기,"전동기, 발전기 및 전기 변환 · 공급 · 제어 장치 제조업",송배전용금구류·변압기,"전동기, 발전기 및 전기 변환 · 공급 · 제어 장치 제조업 / 송배전용금구류·변압기",KRX_KIND_LISTED_COMPANY,https://kind.krx.co.kr/corpgeneral/corpList.do?method=download&searchType=13,2026-07-18T19:41:51+09:00
033130,디지틀조선,"자료처리, 호스팅, 포털 및 기타 인터넷 정보매개 서비스업",위성서비스,"자료처리, 호스팅, 포털 및 기타 인터넷 정보매개 서비스업 / 위성서비스",KRX_KIND_LISTED_COMPANY,https://kind.krx.co.kr/corpgeneral/corpList.do?method=download&searchType=13,2026-07-18T19:41:51+09:00
033160,엠케이전자,전자부품 제조업,반도체용세금선,전자부품 제조업 / 반도체용세금선,KRX_KIND_LISTED_COMPANY,https://kind.krx.co.kr/corpgeneral/corpList.do?method=download&searchType=13,2026-07-18T19:41:51+09:00
033170,시그네틱스,반도체 제조업,반도체 패키징,반도체 제조업 / 반도체 패키징,KRX_KIND_LISTED_COMPANY,https://kind.krx.co.kr/corpgeneral/corpList.do?method=download&searchType=13,2026-07-18T19:41:51+09:00
033200,모아텍,전자부품 제조업,위치제어용초정및소형모터,전자부품 제조업 / 위치제어용초정및소형모터,KRX_KIND_LISTED_COMPANY,https://kind.krx.co.kr/corpgeneral/corpList.do?method=download&searchType=13,2026-07-18T19:41:51+09:00
033230,인성정보,"컴퓨터 프로그래밍, 시스템 통합 및 관리업",넷트워크 관련 장비 및 솔루션,"컴퓨터 프로그래밍, 시스템 통합 및 관리업 / 넷트워크 관련 장비 및 솔루션",KRX_KIND_LISTED_COMPANY,https://kind.krx.co.kr/corpgeneral/corpList.do?method=download&searchType=13,2026-07-18T19:41:51+09:00
033240,자화전자,전자부품 제조업,Bonded magenet·플라스틱자성제품·티탄산 바륨계 반도체소자,전자부품 제조업 / Bonded magenet·플라스틱자성제품·티탄산 바륨계 반도체소자,KRX_KIND_LISTED_COMPANY,https://kind.krx.co.kr/corpgeneral/corpList.do?method=download&searchType=13,2026-07-18T19:41:51+09:00
033250,체시스,자동차 신품 부품 제조업,자동차부품·뒷차축 제조,자동차 신품 부품 제조업 / 자동차부품·뒷차축 제조,KRX_KIND_LISTED_COMPANY,https://kind.krx.co.kr/corpgeneral/corpList.do?method=download&searchType=13,2026-07-18T19:41:51+09:00
033270,유나이티드,의약품 제조업,홈타민 진생연질60C(비타민제)·항암제·항생제,의약품 제조업 / 홈타민 진생연질60C(비타민제)·항암제·항생제,KRX_KIND_LISTED_COMPANY,https://kind.krx.co.kr/corpgeneral/corpList.do?method=download&searchType=13,2026-07-18T19:41:51+09:00
033290,로젠,"섬유, 의복, 신발 및 가죽제품 소매업",의복·잡화·콘덴서,"섬유, 의복, 신발 및 가죽제품 소매업 / 의복·잡화·콘덴서",KRX_KIND_LISTED_COMPANY,https://kind.krx.co.kr/corpgeneral/corpList.do?method=download&searchType=13,2026-07-18T19:41:51+09:00
033310,엠투엔,전자부품 제조업,산업용자동제어반기기,전자부품 제조업 / 산업용자동제어반기기,KRX_KIND_LISTED_COMPANY,https://kind.krx.co.kr/corpgeneral/corpList.do?method=download&searchType=13,2026-07-18T19:41:51+09:00
033320,제이씨현시스템,기계장비 및 관련 물품 도매업,메인보드·그래픽카드,기계장비 및 관련 물품 도매업 / 메인보드·그래픽카드,KRX_KIND_LISTED_COMPANY,https://kind.krx.co.kr/corpgeneral/corpList.do?method=download&searchType=13,2026-07-18T19:41:51+09:00
033340,좋은사람들,봉제의복 제조업,패션내의,봉제의복 제조업 / 패션내의,KRX_KIND_LISTED_COMPANY,https://kind.krx.co.kr/corpgeneral/corpList.do?method=download&searchType=13,2026-07-18T19:41:51+09:00
033500,동성화인텍,기초 화학물질 제조업,초저온 보냉재,기초 화학물질 제조업 / 초저온 보냉재,KRX_KIND_LISTED_COMPANY,https://kind.krx.co.kr/corpgeneral/corpList.do?method=download&searchType=13,2026-07-18T19:41:51+09:00
033530,SJG세종,자동차 신품 부품 제조업,자동차부품·자동차소음기(머플러)·배기가스정화기,자동차 신품 부품 제조업 / 자동차부품·자동차소음기(머플러)·배기가스정화기,KRX_KIND_LISTED_COMPANY,https://kind.krx.co.kr/corpgeneral/corpList.do?method=download&searchType=13,2026-07-18T19:41:51+09:00
033540,파라텍,특수 목적용 기계 제조업,소방기기,특수 목적용 기계 제조업 / 소방기기,KRX_KIND_LISTED_COMPANY,https://kind.krx.co.kr/corpgeneral/corpList.do?method=download&searchType=13,2026-07-18T19:41:51+09:00
033560,블루콤,영상 및 음향기기 제조업,블루투스헤드셋,영상 및 음향기기 제조업 / 블루투스헤드셋,KRX_KIND_LISTED_COMPANY,https://kind.krx.co.kr/corpgeneral/corpList.do?method=download&searchType=13,2026-07-18T19:41:51+09:00
033640,네패스,반도체 제조업,반도체및TFT-LCD용현상액,반도체 제조업 / 반도체및TFT-LCD용현상액,KRX_KIND_LISTED_COMPANY,https://kind.krx.co.kr/corpgeneral/corpList.do?method=download&searchType=13,2026-07-18T19:41:51+09:00
033780,케이티앤지,담배 제조업,잎담배·제조담배·홍삼,담배 제조업 / 잎담배·제조담배·홍삼,KRX_KIND_LISTED_COMPANY,https://kind.krx.co.kr/corpgeneral/corpList.do?method=download&searchType=13,2026-07-18T19:41:51+09:00
033790,피노,일차전지 및 이차전지 제조업,전구체·관련 소재,일차전지 및 이차전지 제조업 / 전구체·관련 소재,KRX_KIND_LISTED_COMPANY,https://kind.krx.co.kr/corpgeneral/corpList.do?method=download&searchType=13,2026-07-18T19:41:51+09:00
033830,티비씨,텔레비전 방송업,텔레비젼 방송·문화서비스·광고,텔레비전 방송업 / 텔레비젼 방송·문화서비스·광고,KRX_KIND_LISTED_COMPANY,https://kind.krx.co.kr/corpgeneral/corpList.do?method=download&searchType=13,2026-07-18T19:41:51+09:00
033920,무학,알코올음료 제조업,소주,알코올음료 제조업 / 소주,KRX_KIND_LISTED_COMPANY,https://kind.krx.co.kr/corpgeneral/corpList.do?method=download&searchType=13,2026-07-18T19:41:51+09:00
034020,두산에너빌리티,일반 목적용 기계 제조업,기관·터어빈·선박용엔진,일반 목적용 기계 제조업 / 기관·터어빈·선박용엔진,KRX_KIND_LISTED_COMPANY,https://kind.krx.co.kr/corpgeneral/corpList.do?method=download&searchType=13,2026-07-18T19:41:51+09:00
034120,SBS,텔레비전 방송업,TV·라디오방송·광고,텔레비전 방송업 / TV·라디오방송·광고,KRX_KIND_LISTED_COMPANY,https://kind.krx.co.kr/corpgeneral/corpList.do?method=download&searchType=13,2026-07-18T19:41:51+09:00
034220,LG디스플레이,전자부품 제조업,고화질·초대형·폴더블 고부가가치 디스플레이 제품 개발,전자부품 제조업 / 고화질·초대형·폴더블 고부가가치 디스플레이 제품 개발,KRX_KIND_LISTED_COMPANY,https://kind.krx.co.kr/corpgeneral/corpList.do?method=download&searchType=13,2026-07-18T19:41:51+09:00
034230,파라다이스,유원지 및 기타 오락관련 서비스업,카지노·호텔·복합리조트,유원지 및 기타 오락관련 서비스업 / 카지노·호텔·복합리조트,KRX_KIND_LISTED_COMPANY,https://kind.krx.co.kr/corpgeneral/corpList.do?method=download&searchType=13,2026-07-18T19:41:51+09:00
034310,NICE,회사 본부 및 경영 컨설팅 서비스업,기업신용분석·유가증권등급평정·기업정보,회사 본부 및 경영 컨설팅 서비스업 / 기업신용분석·유가증권등급평정·기업정보,KRX_KIND_LISTED_COMPANY,https://kind.krx.co.kr/corpgeneral/corpList.do?method=download&searchType=13,2026-07-18T19:41:51+09:00
034590,인천도시가스,연료용 가스 제조 및 배관공급업,도시가스 공급·가스설비공사,연료용 가스 제조 및 배관공급업 / 도시가스 공급·가스설비공사,KRX_KIND_LISTED_COMPANY,https://kind.krx.co.kr/corpgeneral/corpList.do?method=download&searchType=13,2026-07-18T19:41:51+09:00
034730,SK,기타 금융업,지주회사·시스템통합(SI)·정보통신사업 관련 컨설팅,기타 금융업 / 지주회사·시스템통합(SI)·정보통신사업 관련 컨설팅,KRX_KIND_LISTED_COMPANY,https://kind.krx.co.kr/corpgeneral/corpList.do?method=download&searchType=13,2026-07-18T19:41:51+09:00
034810,해성산업,기타 금융업,시설관리 용역 및 부동산 임대,기타 금융업 / 시설관리 용역 및 부동산 임대,KRX_KIND_LISTED_COMPANY,https://kind.krx.co.kr/corpgeneral/corpList.do?method=download&searchType=13,2026-07-18T19:41:51+09:00
034830,한국토지신탁,신탁업 및 집합투자업,부동산신탁 등,신탁업 및 집합투자업 / 부동산신탁 등,KRX_KIND_LISTED_COMPANY,https://kind.krx.co.kr/corpgeneral/corpList.do?method=download&searchType=13,2026-07-18T19:41:51+09:00
034940,조아제약,의약품 제조업,의약품·의약부외품·보건보조식품,의약품 제조업 / 의약품·의약부외품·보건보조식품,KRX_KIND_LISTED_COMPANY,https://kind.krx.co.kr/corpgeneral/corpList.do?method=download&searchType=13,2026-07-18T19:41:51+09:00
034950,한국기업평가,기타 사업지원 서비스업,신용평가·컨설팅·위험관리솔루션,기타 사업지원 서비스업 / 신용평가·컨설팅·위험관리솔루션,KRX_KIND_LISTED_COMPANY,https://kind.krx.co.kr/corpgeneral/corpList.do?method=download&searchType=13,2026-07-18T19:41:51+09:00
035000,HS애드,광고업,광고,광고업 / 광고,KRX_KIND_LISTED_COMPANY,https://kind.krx.co.kr/corpgeneral/corpList.do?method=download&searchType=13,2026-07-18T19:41:51+09:00
035080,그래디언트,무점포 소매업,전자상거래,무점포 소매업 / 전자상거래,KRX_KIND_LISTED_COMPANY,https://kind.krx.co.kr/corpgeneral/corpList.do?method=download&searchType=13,2026-07-18T19:41:51+09:00
035150,백산,플라스틱제품 제조업,P.U.인조피혁·부직포인공피혁 제조·무역,플라스틱제품 제조업 / P.U.인조피혁·부직포인공피혁 제조·무역,KRX_KIND_LISTED_COMPANY,https://kind.krx.co.kr/corpgeneral/corpList.do?method=download&searchType=13,2026-07-18T19:41:51+09:00
035200,프럼파스트,플라스틱제품 제조업,주택건설용 플라스틱 배관,플라스틱제품 제조업 / 주택건설용 플라스틱 배관,KRX_KIND_LISTED_COMPANY,https://kind.krx.co.kr/corpgeneral/corpList.do?method=download&searchType=13,2026-07-18T19:41:51+09:00
035250,강원랜드,유원지 및 기타 오락관련 서비스업,카지노·관광호텔·골프장,유원지 및 기타 오락관련 서비스업 / 카지노·관광호텔·골프장,KRX_KIND_LISTED_COMPANY,https://kind.krx.co.kr/corpgeneral/corpList.do?method=download&searchType=13,2026-07-18T19:41:51+09:00
035290,골드앤에스,"서적, 잡지 및 기타 인쇄물 출판업",방과후컴퓨터상설반·교재및CD,"서적, 잡지 및 기타 인쇄물 출판업 / 방과후컴퓨터상설반·교재및CD",KRX_KIND_LISTED_COMPANY,https://kind.krx.co.kr/corpgeneral/corpList.do?method=download&searchType=13,2026-07-18T19:41:51+09:00
035420,NAVER,"자료처리, 호스팅, 포털 및 기타 인터넷 정보매개 서비스업",포털 서비스 및 온라인 광고,"자료처리, 호스팅, 포털 및 기타 인터넷 정보매개 서비스업 / 포털 서비스 및 온라인 광고",KRX_KIND_LISTED_COMPANY,https://kind.krx.co.kr/corpgeneral/corpList.do?method=download&searchType=13,2026-07-18T19:41:51+09:00
035460,기산텔레콤,통신 및 방송 장비 제조업,광모듈·에코 켄슬러·중계기,통신 및 방송 장비 제조업 / 광모듈·에코 켄슬러·중계기,KRX_KIND_LISTED_COMPANY,https://kind.krx.co.kr/corpgeneral/corpList.do?method=download&searchType=13,2026-07-18T19:41:51+09:00
035510,신세계I&C,"컴퓨터 프로그래밍, 시스템 통합 및 관리업",IT시스템 개발·운영 및 유지보수·IT 컨설팅,"컴퓨터 프로그래밍, 시스템 통합 및 관리업 / IT시스템 개발·운영 및 유지보수·IT 컨설팅",KRX_KIND_LISTED_COMPANY,https://kind.krx.co.kr/corpgeneral/corpList.do?method=download&searchType=13,2026-07-18T19:41:51+09:00
035600,KG이니시스,소프트웨어 개발 및 공급업,전자지불서비스,소프트웨어 개발 및 공급업 / 전자지불서비스,KRX_KIND_LISTED_COMPANY,https://kind.krx.co.kr/corpgeneral/corpList.do?method=download&searchType=13,2026-07-18T19:41:51+09:00
035610,솔본,회사 본부 및 경영 컨설팅 서비스업,경영자문 및 지주사업,회사 본부 및 경영 컨설팅 서비스업 / 경영자문 및 지주사업,KRX_KIND_LISTED_COMPANY,https://kind.krx.co.kr/corpgeneral/corpList.do?method=download&searchType=13,2026-07-18T19:41:51+09:00
035620,바른손이앤에이,"영화, 비디오물, 방송프로그램 제작 및 배급업",영화 및 콘텐츠 투자배급,"영화, 비디오물, 방송프로그램 제작 및 배급업 / 영화 및 콘텐츠 투자배급",KRX_KIND_LISTED_COMPANY,https://kind.krx.co.kr/corpgeneral/corpList.do?method=download&searchType=13,2026-07-18T19:41:51+09:00
035720,카카오,"자료처리, 호스팅, 포털 및 기타 인터넷 정보매개 서비스업",인터넷 서비스(인터넷 광고),"자료처리, 호스팅, 포털 및 기타 인터넷 정보매개 서비스업 / 인터넷 서비스(인터넷 광고)",KRX_KIND_LISTED_COMPANY,https://kind.krx.co.kr/corpgeneral/corpList.do?method=download&searchType=13,2026-07-18T19:41:51+09:00
035760,CJ ENM,텔레비전 방송업,의류·생활주방·가전제품,텔레비전 방송업 / 의류·생활주방·가전제품,KRX_KIND_LISTED_COMPANY,https://kind.krx.co.kr/corpgeneral/corpList.do?method=download&searchType=13,2026-07-18T19:41:51+09:00
035810,이지홀딩스,동물용 사료 및 조제식품 제조업,지주회사,동물용 사료 및 조제식품 제조업 / 지주회사,KRX_KIND_LISTED_COMPANY,https://kind.krx.co.kr/corpgeneral/corpList.do?method=download&searchType=13,2026-07-18T19:41:51+09:00
035890,서희건설,건물 건설업,토목·건축·부동산임대업,건물 건설업 / 토목·건축·부동산임대업,KRX_KIND_LISTED_COMPANY,https://kind.krx.co.kr/corpgeneral/corpList.do?method=download&searchType=13,2026-07-18T19:41:51+09:00
035900,JYP Ent.,오디오물 출판 및 원판 녹음업,오디오물 출판 및 원판 녹음 관련 제품,오디오물 출판 및 원판 녹음업 / 오디오물 출판 및 원판 녹음 관련 제품,KRX_KIND_LISTED_COMPANY,https://kind.krx.co.kr/corpgeneral/corpList.do?method=download&searchType=13,2026-07-18T19:41:51+09:00
036000,예림당,"서적, 잡지 및 기타 인쇄물 출판업",무선가입자망 단말기 및 차량용핸즈프리,"서적, 잡지 및 기타 인쇄물 출판업 / 무선가입자망 단말기 및 차량용핸즈프리",KRX_KIND_LISTED_COMPANY,https://kind.krx.co.kr/corpgeneral/corpList.do?method=download&searchType=13,2026-07-18T19:41:51+09:00
036010,아비코전자,전자부품 제조업,인덕터·저항기,전자부품 제조업 / 인덕터·저항기,KRX_KIND_LISTED_COMPANY,https://kind.krx.co.kr/corpgeneral/corpList.do?method=download&searchType=13,2026-07-18T19:41:51+09:00
036030,케이티알파,상품 중개업,커머스·콘텐츠·ICT,상품 중개업 / 커머스·콘텐츠·ICT,KRX_KIND_LISTED_COMPANY,https://kind.krx.co.kr/corpgeneral/corpList.do?method=download&searchType=13,2026-07-18T19:41:51+09:00
036090,위지트,특수 목적용 기계 제조업,LCD 반도체,특수 목적용 기계 제조업 / LCD 반도체,KRX_KIND_LISTED_COMPANY,https://kind.krx.co.kr/corpgeneral/corpList.do?method=download&searchType=13,2026-07-18T19:41:51+09:00
036120,서울평가정보,기타 정보 서비스업,신용조회·채권추심·신용조사,기타 정보 서비스업 / 신용조회·채권추심·신용조사,KRX_KIND_LISTED_COMPANY,https://kind.krx.co.kr/corpgeneral/corpList.do?method=download&searchType=13,2026-07-18T19:41:51+09:00
036170,에이치엠넥스,반도체 제조업,LED패키지,반도체 제조업 / LED패키지,KRX_KIND_LISTED_COMPANY,https://kind.krx.co.kr/corpgeneral/corpList.do?method=download&searchType=13,2026-07-18T19:41:51+09:00
036190,금화피에스시,전기 및 통신 공사업,설비·철물·전기,전기 및 통신 공사업 / 설비·철물·전기,KRX_KIND_LISTED_COMPANY,https://kind.krx.co.kr/corpgeneral/corpList.do?method=download&searchType=13,2026-07-18T19:41:51+09:00
036200,유니셈,특수 목적용 기계 제조업,반도체장비(DryGasScrubber),특수 목적용 기계 제조업 / 반도체장비(DryGasScrubber),KRX_KIND_LISTED_COMPANY,https://kind.krx.co.kr/corpgeneral/corpList.do?method=download&searchType=13,2026-07-18T19:41:51+09:00
036220,오상헬스케어,의료용 기기 제조업,생화학 측정기 및 센서·면역진단기기 및 마커·분자진단기기 및 시약 등,의료용 기기 제조업 / 생화학 측정기 및 센서·면역진단기기 및 마커·분자진단기기 및 시약 등,KRX_KIND_LISTED_COMPANY,https://kind.krx.co.kr/corpgeneral/corpList.do?method=download&searchType=13,2026-07-18T19:41:51+09:00
036420,콘텐트리중앙,"영화, 비디오물, 방송프로그램 제작 및 배급업",영화 및 방송프로그램 제작·유통·광고,"영화, 비디오물, 방송프로그램 제작 및 배급업 / 영화 및 방송프로그램 제작·유통·광고",KRX_KIND_LISTED_COMPANY,https://kind.krx.co.kr/corpgeneral/corpList.do?method=download&searchType=13,2026-07-18T19:41:51+09:00
036460,한국가스공사,연료용 가스 제조 및 배관공급업,액화천연가스 공급·제조·도매,연료용 가스 제조 및 배관공급업 / 액화천연가스 공급·제조·도매,KRX_KIND_LISTED_COMPANY,https://kind.krx.co.kr/corpgeneral/corpList.do?method=download&searchType=13,2026-07-18T19:41:51+09:00
036480,대성미생물,의약품 제조업,동물용 의약품·미생물제재,의약품 제조업 / 동물용 의약품·미생물제재,KRX_KIND_LISTED_COMPANY,https://kind.krx.co.kr/corpgeneral/corpList.do?method=download&searchType=13,2026-07-18T19:41:51+09:00
036530,SNT홀딩스,기타 금융업,지배·경영지도·정리,기타 금융업 / 지배·경영지도·정리,KRX_KIND_LISTED_COMPANY,https://kind.krx.co.kr/corpgeneral/corpList.do?method=download&searchType=13,2026-07-18T19:41:51+09:00
036540,SFA반도체,반도체 제조업,반도체패키지(SOP·DIP·QFP),반도체 제조업 / 반도체패키지(SOP·DIP·QFP),KRX_KIND_LISTED_COMPANY,https://kind.krx.co.kr/corpgeneral/corpList.do?method=download&searchType=13,2026-07-18T19:41:51+09:00
036560,KZ정밀,일반 목적용 기계 제조업,펌프·밸브·주물,일반 목적용 기계 제조업 / 펌프·밸브·주물,KRX_KIND_LISTED_COMPANY,https://kind.krx.co.kr/corpgeneral/corpList.do?method=download&searchType=13,2026-07-18T19:41:51+09:00
036570,NC,소프트웨어 개발 및 공급업,인터넷머그게임(리니지)·그룹웨어·인터넷커뮤니티 개발,소프트웨어 개발 및 공급업 / 인터넷머그게임(리니지)·그룹웨어·인터넷커뮤니티 개발,KRX_KIND_LISTED_COMPANY,https://kind.krx.co.kr/corpgeneral/corpList.do?method=download&searchType=13,2026-07-18T19:41:51+09:00
036580,팜스코,"곡물가공품, 전분 및 전분제품 제조업",배합사료 제조·도매,"곡물가공품, 전분 및 전분제품 제조업 / 배합사료 제조·도매",KRX_KIND_LISTED_COMPANY,https://kind.krx.co.kr/corpgeneral/corpList.do?method=download&searchType=13,2026-07-18T19:41:51+09:00
036620,감성코퍼레이션,기타 전문 도매업,의류·의류디자인·휴대폰 주변기기,기타 전문 도매업 / 의류·의류디자인·휴대폰 주변기기,KRX_KIND_LISTED_COMPANY,https://kind.krx.co.kr/corpgeneral/corpList.do?method=download&searchType=13,2026-07-18T19:41:51+09:00
036630,세종텔레콤,전기 및 통신 공사업,WLL·GPS·위성DMB,전기 및 통신 공사업 / WLL·GPS·위성DMB,KRX_KIND_LISTED_COMPANY,https://kind.krx.co.kr/corpgeneral/corpList.do?method=download&searchType=13,2026-07-18T19:41:51+09:00
036640,HRS,합성고무 및 플라스틱 물질 제조업,실리콘 컴파운드제품 제조,합성고무 및 플라스틱 물질 제조업 / 실리콘 컴파운드제품 제조,KRX_KIND_LISTED_COMPANY,https://kind.krx.co.kr/corpgeneral/corpList.do?method=download&searchType=13,2026-07-18T19:41:51+09:00
036670,삼양케이씨아이,기타 화학제품 제조업,폴리머·레진·계면활성제,기타 화학제품 제조업 / 폴리머·레진·계면활성제,KRX_KIND_LISTED_COMPANY,https://kind.krx.co.kr/corpgeneral/corpList.do?method=download&searchType=13,2026-07-18T19:41:51+09:00
036690,코맥스,통신 및 방송 장비 제조업,홈네트워크시스템·CCTV 방송설비,통신 및 방송 장비 제조업 / 홈네트워크시스템·CCTV 방송설비,KRX_KIND_LISTED_COMPANY,https://kind.krx.co.kr/corpgeneral/corpList.do?method=download&searchType=13,2026-07-18T19:41:51+09:00
036710,심텍홀딩스,회사 본부 및 경영 컨설팅 서비스업,반도체용 인쇄회로기판,회사 본부 및 경영 컨설팅 서비스업 / 반도체용 인쇄회로기판,KRX_KIND_LISTED_COMPANY,https://kind.krx.co.kr/corpgeneral/corpList.do?method=download&searchType=13,2026-07-18T19:41:51+09:00
036800,나이스정보통신,전기 통신업,카드 VAN사업,전기 통신업 / 카드 VAN사업,KRX_KIND_LISTED_COMPANY,https://kind.krx.co.kr/corpgeneral/corpList.do?method=download&searchType=13,2026-07-18T19:41:51+09:00
036810,에프에스티,전자부품 제조업,펠리클(반도체부품)·칠러장비·반도체유통,전자부품 제조업 / 펠리클(반도체부품)·칠러장비·반도체유통,KRX_KIND_LISTED_COMPANY,https://kind.krx.co.kr/corpgeneral/corpList.do?method=download&searchType=13,2026-07-18T19:41:51+09:00
036830,솔브레인홀딩스,회사 본부 및 경영 컨설팅 서비스업,반도체·디스플레이·2차전지 공정용 화학제품,회사 본부 및 경영 컨설팅 서비스업 / 반도체·디스플레이·2차전지 공정용 화학제품,KRX_KIND_LISTED_COMPANY,https://kind.krx.co.kr/corpgeneral/corpList.do?method=download&searchType=13,2026-07-18T19:41:51+09:00
036890,진성티이씨,특수 목적용 기계 제조업,트랙롤라. 플로팅 씰,특수 목적용 기계 제조업 / 트랙롤라. 플로팅 씰,KRX_KIND_LISTED_COMPANY,https://kind.krx.co.kr/corpgeneral/corpList.do?method=download&searchType=13,2026-07-18T19:41:51+09:00
036930,주성엔지니어링,특수 목적용 기계 제조업,LP CVD,특수 목적용 기계 제조업 / LP CVD,KRX_KIND_LISTED_COMPANY,https://kind.krx.co.kr/corpgeneral/corpList.do?method=download&searchType=13,2026-07-18T19:41:51+09:00
037030,파워넷,"전동기, 발전기 및 전기 변환 · 공급 · 제어 장치 제조업",전력변환장치,"전동기, 발전기 및 전기 변환 · 공급 · 제어 장치 제조업 / 전력변환장치",KRX_KIND_LISTED_COMPANY,https://kind.krx.co.kr/corpgeneral/corpList.do?method=download&searchType=13,2026-07-18T19:41:51+09:00
037070,파세코,가정용 기기 제조업,창문형에어컨·석유스토브,가정용 기기 제조업 / 창문형에어컨·석유스토브,KRX_KIND_LISTED_COMPANY,https://kind.krx.co.kr/corpgeneral/corpList.do?method=download&searchType=13,2026-07-18T19:41:51+09:00
037230,한국팩키지,"골판지, 종이 상자 및 종이용기 제조업",카톤팩·골판지 상자,"골판지, 종이 상자 및 종이용기 제조업 / 카톤팩·골판지 상자",KRX_KIND_LISTED_COMPANY,https://kind.krx.co.kr/corpgeneral/corpList.do?method=download&searchType=13,2026-07-18T19:41:51+09:00
037270,YG PLUS,"자료처리, 호스팅, 포털 및 기타 인터넷 정보매개 서비스업",광고대행·광고물 제작,"자료처리, 호스팅, 포털 및 기타 인터넷 정보매개 서비스업 / 광고대행·광고물 제작",KRX_KIND_LISTED_COMPANY,https://kind.krx.co.kr/corpgeneral/corpList.do?method=download&searchType=13,2026-07-18T19:41:51+09:00
037330,인지디스플레,전자부품 제조업,TFT-LCDCHASSIS·TFT-LCDLAMPREFLECTOR·ICLEADFRAME,전자부품 제조업 / TFT-LCDCHASSIS·TFT-LCDLAMPREFLECTOR·ICLEADFRAME,KRX_KIND_LISTED_COMPANY,https://kind.krx.co.kr/corpgeneral/corpList.do?method=download&searchType=13,2026-07-18T19:41:51+09:00
037350,성도이엔지,"건축기술, 엔지니어링 및 관련 기술 서비스업",반도체크린룸 시공·반도체장비제조,"건축기술, 엔지니어링 및 관련 기술 서비스업 / 반도체크린룸 시공·반도체장비제조",KRX_KIND_LISTED_COMPANY,https://kind.krx.co.kr/corpgeneral/corpList.do?method=download&searchType=13,2026-07-18T19:41:51+09:00
037370,EG,기초 화학물질 제조업,산화철·대기수처리방지시설·무역,기초 화학물질 제조업 / 산화철·대기수처리방지시설·무역,KRX_KIND_LISTED_COMPANY,https://kind.krx.co.kr/corpgeneral/corpList.do?method=download&searchType=13,2026-07-18T19:41:51+09:00
037400,우리엔터프라이즈,상품 종합 도매업,변환장치 제조업 백열전구·형광등,상품 종합 도매업 / 변환장치 제조업 백열전구·형광등,KRX_KIND_LISTED_COMPANY,https://kind.krx.co.kr/corpgeneral/corpList.do?method=download&searchType=13,2026-07-18T19:41:51+09:00
037440,희림,"건축기술, 엔지니어링 및 관련 기술 서비스업",설계 및 감리용역,"건축기술, 엔지니어링 및 관련 기술 서비스업 / 설계 및 감리용역",KRX_KIND_LISTED_COMPANY,https://kind.krx.co.kr/corpgeneral/corpList.do?method=download&searchType=13,2026-07-18T19:41:51+09:00
037460,삼지전자,통신 및 방송 장비 제조업,통신기기·정보기기·BACKLIGHTUNIT사업,통신 및 방송 장비 제조업 / 통신기기·정보기기·BACKLIGHTUNIT사업,KRX_KIND_LISTED_COMPANY,https://kind.krx.co.kr/corpgeneral/corpList.do?method=download&searchType=13,2026-07-18T19:41:51+09:00
037560,LG헬로비전,텔레비전 방송업,케이블TV·인터넷서비스 등,텔레비전 방송업 / 케이블TV·인터넷서비스 등,KRX_KIND_LISTED_COMPANY,https://kind.krx.co.kr/corpgeneral/corpList.do?method=download&searchType=13,2026-07-18T19:41:51+09:00
037710,광주신세계,종합 소매업,백화점,종합 소매업 / 백화점,KRX_KIND_LISTED_COMPANY,https://kind.krx.co.kr/corpgeneral/corpList.do?method=download&searchType=13,2026-07-18T19:41:51+09:00
037760,쎄니트,1차 철강 제조업,스테인레스 냉연강판,1차 철강 제조업 / 스테인레스 냉연강판,KRX_KIND_LISTED_COMPANY,https://kind.krx.co.kr/corpgeneral/corpList.do?method=download&searchType=13,2026-07-18T19:41:51+09:00
037950,엘컴텍,전자부품 제조업,BLU(Back Light Unit)·CCM(Compact Camera Module)·Displ…,전자부품 제조업 / BLU(Back Light Unit)·CCM(Compact Camera Module)·Displ…,KRX_KIND_LISTED_COMPANY,https://kind.krx.co.kr/corpgeneral/corpList.do?method=download&searchType=13,2026-07-18T19:41:51+09:00
038010,제일테크노스,"구조용 금속제품, 탱크 및 증기발생기 제조업",DECK PLATE,"구조용 금속제품, 탱크 및 증기발생기 제조업 / DECK PLATE",KRX_KIND_LISTED_COMPANY,https://kind.krx.co.kr/corpgeneral/corpList.do?method=download&searchType=13,2026-07-18T19:41:51+09:00
038060,루멘스,반도체 제조업,LED개발 및 제조,반도체 제조업 / LED개발 및 제조,KRX_KIND_LISTED_COMPANY,https://kind.krx.co.kr/corpgeneral/corpList.do?method=download&searchType=13,2026-07-18T19:41:51+09:00
038070,서린바이오,기타 전문 도매업,생명과학연구기기및시약,기타 전문 도매업 / 생명과학연구기기및시약,KRX_KIND_LISTED_COMPANY,https://kind.krx.co.kr/corpgeneral/corpList.do?method=download&searchType=13,2026-07-18T19:41:51+09:00
038110,에코플라스틱,자동차 신품 부품 제조업,BUMPER 및 자동차TRIM류,자동차 신품 부품 제조업 / BUMPER 및 자동차TRIM류,KRX_KIND_LISTED_COMPANY,https://kind.krx.co.kr/corpgeneral/corpList.do?method=download&searchType=13,2026-07-18T19:41:51+09:00
038290,마크로젠,"그외 기타 전문, 과학 및 기술 서비스업",DNA Sequencing·Microarray·Genetically Engineered Mouse,"그외 기타 전문, 과학 및 기술 서비스업 / DNA Sequencing·Microarray·Genetically Engineered Mouse",KRX_KIND_LISTED_COMPANY,https://kind.krx.co.kr/corpgeneral/corpList.do?method=download&searchType=13,2026-07-18T19:41:51+09:00
038390,레드캡투어,여행사 및 기타 여행보조 서비스업,여행알선·렌터카,여행사 및 기타 여행보조 서비스업 / 여행알선·렌터카,KRX_KIND_LISTED_COMPANY,https://kind.krx.co.kr/corpgeneral/corpList.do?method=download&searchType=13,2026-07-18T19:41:51+09:00
038460,바이오스마트,전자부품 제조업,M·S 카드제조업·IC 카드제조,전자부품 제조업 / M·S 카드제조업·IC 카드제조,KRX_KIND_LISTED_COMPANY,https://kind.krx.co.kr/corpgeneral/corpList.do?method=download&searchType=13,2026-07-18T19:41:51+09:00
038500,삼표시멘트,기타 비금속 광물제품 제조업,시멘트 제품,기타 비금속 광물제품 제조업 / 시멘트 제품,KRX_KIND_LISTED_COMPANY,https://kind.krx.co.kr/corpgeneral/corpList.do?method=download&searchType=13,2026-07-18T19:41:51+09:00
038530,케이바이오랩스,생활용품 도매업,실험용 시약·과학기자재 등,생활용품 도매업 / 실험용 시약·과학기자재 등,KRX_KIND_LISTED_COMPANY,https://kind.krx.co.kr/corpgeneral/corpList.do?method=download&searchType=13,2026-07-18T19:41:51+09:00
038540,상상인,"컴퓨터 프로그래밍, 시스템 통합 및 관리업",IT 통합 솔루션,"컴퓨터 프로그래밍, 시스템 통합 및 관리업 / IT 통합 솔루션",KRX_KIND_LISTED_COMPANY,https://kind.krx.co.kr/corpgeneral/corpList.do?method=download&searchType=13,2026-07-18T19:41:51+09:00
038620,위즈코프,연료 소매업,인터넷 인프라 및 응용,연료 소매업 / 인터넷 인프라 및 응용,KRX_KIND_LISTED_COMPANY,https://kind.krx.co.kr/corpgeneral/corpList.do?method=download&searchType=13,2026-07-18T19:41:51+09:00
038680,에스넷,"컴퓨터 프로그래밍, 시스템 통합 및 관리업",네트워크장비 설치 및 납품·유지보수,"컴퓨터 프로그래밍, 시스템 통합 및 관리업 / 네트워크장비 설치 및 납품·유지보수",KRX_KIND_LISTED_COMPANY,https://kind.krx.co.kr/corpgeneral/corpList.do?method=download&searchType=13,2026-07-18T19:41:51+09:00
038870,에코심플렉스,사업시설 유지·관리 서비스업,판매시점정보시스템(POS)·금전등록기,사업시설 유지·관리 서비스업 / 판매시점정보시스템(POS)·금전등록기,KRX_KIND_LISTED_COMPANY,https://kind.krx.co.kr/corpgeneral/corpList.do?method=download&searchType=13,2026-07-18T19:41:51+09:00
038880,아이에이,전자부품 제조업,반도체 및 모듈·제어기,전자부품 제조업 / 반도체 및 모듈·제어기,KRX_KIND_LISTED_COMPANY,https://kind.krx.co.kr/corpgeneral/corpList.do?method=download&searchType=13,2026-07-18T19:41:51+09:00
038950,파인디지털,통신 및 방송 장비 제조업,원격 RF 감시장치·디지털 광 중계기·노드분배기,통신 및 방송 장비 제조업 / 원격 RF 감시장치·디지털 광 중계기·노드분배기,KRX_KIND_LISTED_COMPANY,https://kind.krx.co.kr/corpgeneral/corpList.do?method=download&searchType=13,2026-07-18T19:41:51+09:00
039010,현대에이치티,통신 및 방송 장비 제조업,스마트홈 제조,통신 및 방송 장비 제조업 / 스마트홈 제조,KRX_KIND_LISTED_COMPANY,https://kind.krx.co.kr/corpgeneral/corpList.do?method=download&searchType=13,2026-07-18T19:41:51+09:00
039020,이건홀딩스,제재 및 목재 가공업,창호,제재 및 목재 가공업 / 창호,KRX_KIND_LISTED_COMPANY,https://kind.krx.co.kr/corpgeneral/corpList.do?method=download&searchType=13,2026-07-18T19:41:51+09:00
039030,이오테크닉스,특수 목적용 기계 제조업,레이저 마커 및 레이저 응용기기,특수 목적용 기계 제조업 / 레이저 마커 및 레이저 응용기기,KRX_KIND_LISTED_COMPANY,https://kind.krx.co.kr/corpgeneral/corpList.do?method=download&searchType=13,2026-07-18T19:41:51+09:00
039130,하나투어,여행사 및 기타 여행보조 서비스업,일반여행알선·컴퓨터프로그램 개발·보급,여행사 및 기타 여행보조 서비스업 / 일반여행알선·컴퓨터프로그램 개발·보급,KRX_KIND_LISTED_COMPANY,https://kind.krx.co.kr/corpgeneral/corpList.do?method=download&searchType=13,2026-07-18T19:41:51+09:00
039200,오스코텍,의약품 제조업,신약연구개발,의약품 제조업 / 신약연구개발,KRX_KIND_LISTED_COMPANY,https://kind.krx.co.kr/corpgeneral/corpList.do?method=download&searchType=13,2026-07-18T19:41:51+09:00
039240,경남스틸,1차 철강 제조업,냉연강판·아연도강판·산세코일,1차 철강 제조업 / 냉연강판·아연도강판·산세코일,KRX_KIND_LISTED_COMPANY,https://kind.krx.co.kr/corpgeneral/corpList.do?method=download&searchType=13,2026-07-18T19:41:51+09:00
039290,인포뱅크,기타 정보 서비스업,모바일메시징서비스·휴대폰단말기용S·W개발용역,기타 정보 서비스업 / 모바일메시징서비스·휴대폰단말기용S·W개발용역,KRX_KIND_LISTED_COMPANY,https://kind.krx.co.kr/corpgeneral/corpList.do?method=download&searchType=13,2026-07-18T19:41:51+09:00
039310,세중,소프트웨어 개발 및 공급업,여행,소프트웨어 개발 및 공급업 / 여행,KRX_KIND_LISTED_COMPANY,https://kind.krx.co.kr/corpgeneral/corpList.do?method=download&searchType=13,2026-07-18T19:41:51+09:00
039340,한국경제TV,텔레비전 방송업,광고수입·협찬수입,텔레비전 방송업 / 광고수입·협찬수입,KRX_KIND_LISTED_COMPANY,https://kind.krx.co.kr/corpgeneral/corpList.do?method=download&searchType=13,2026-07-18T19:41:51+09:00
039420,케이엘넷,전기 통신업,EC·EDI,전기 통신업 / EC·EDI,KRX_KIND_LISTED_COMPANY,https://kind.krx.co.kr/corpgeneral/corpList.do?method=download&searchType=13,2026-07-18T19:41:51+09:00
039440,에스티아이,특수 목적용 기계 제조업,Chemical 중앙공급시스템(C.C.S.S)·세정·식각시스템,특수 목적용 기계 제조업 / Chemical 중앙공급시스템(C.C.S.S)·세정·식각시스템,KRX_KIND_LISTED_COMPANY,https://kind.krx.co.kr/corpgeneral/corpList.do?method=download&searchType=13,2026-07-18T19:41:51+09:00
039490,키움증권,금융 지원 서비스업,유가증권의 매매·위탁·인수,금융 지원 서비스업 / 유가증권의 매매·위탁·인수,KRX_KIND_LISTED_COMPANY,https://kind.krx.co.kr/corpgeneral/corpList.do?method=download&searchType=13,2026-07-18T19:41:51+09:00
039560,다산네트웍스,통신 및 방송 장비 제조업,네트워크 통신장비,통신 및 방송 장비 제조업 / 네트워크 통신장비,KRX_KIND_LISTED_COMPANY,https://kind.krx.co.kr/corpgeneral/corpList.do?method=download&searchType=13,2026-07-18T19:41:51+09:00
039570,HDC랩스,전기 및 통신 공사업,기계설비공사·스마트홈·지능형 빌딩,전기 및 통신 공사업 / 기계설비공사·스마트홈·지능형 빌딩,KRX_KIND_LISTED_COMPANY,https://kind.krx.co.kr/corpgeneral/corpList.do?method=download&searchType=13,2026-07-18T19:41:51+09:00
039610,화성밸브,일반 목적용 기계 제조업,가스밸브·매몰용접용 볼밸브·온수분배기,일반 목적용 기계 제조업 / 가스밸브·매몰용접용 볼밸브·온수분배기,KRX_KIND_LISTED_COMPANY,https://kind.krx.co.kr/corpgeneral/corpList.do?method=download&searchType=13,2026-07-18T19:41:51+09:00
039740,한국정보공학,기타 전문 도매업,그룹웨어·자료관리시스템,기타 전문 도매업 / 그룹웨어·자료관리시스템,KRX_KIND_LISTED_COMPANY,https://kind.krx.co.kr/corpgeneral/corpList.do?method=download&searchType=13,2026-07-18T19:41:51+09:00
039830,오로라,전문디자인업,캐릭터디자인·캐릭터완구 등,전문디자인업 / 캐릭터디자인·캐릭터완구 등,KRX_KIND_LISTED_COMPANY,https://kind.krx.co.kr/corpgeneral/corpList.do?method=download&searchType=13,2026-07-18T19:41:51+09:00
039840,디오,의료용 기기 제조업,자동포장기계,의료용 기기 제조업 / 자동포장기계,KRX_KIND_LISTED_COMPANY,https://kind.krx.co.kr/corpgeneral/corpList.do?method=download&searchType=13,2026-07-18T19:41:51+09:00
039860,나노엔텍,의료용 기기 제조업,의료기기 및 실험기기,의료용 기기 제조업 / 의료기기 및 실험기기,KRX_KIND_LISTED_COMPANY,https://kind.krx.co.kr/corpgeneral/corpList.do?method=download&searchType=13,2026-07-18T19:41:51+09:00
039980,폴라리스AI,"컴퓨터 프로그래밍, 시스템 통합 및 관리업",TRS통신·Kipling Bag외,"컴퓨터 프로그래밍, 시스템 통합 및 관리업 / TRS통신·Kipling Bag외",KRX_KIND_LISTED_COMPANY,https://kind.krx.co.kr/corpgeneral/corpList.do?method=download&searchType=13,2026-07-18T19:41:51+09:00
040160,누리플렉스,소프트웨어 개발 및 공급업,지능형검침인프라(AMI)·에너지관리시스템·플랫폼 SW,소프트웨어 개발 및 공급업 / 지능형검침인프라(AMI)·에너지관리시스템·플랫폼 SW,KRX_KIND_LISTED_COMPANY,https://kind.krx.co.kr/corpgeneral/corpList.do?method=download&searchType=13,2026-07-18T19:41:51+09:00
040300,YTN,"영화, 비디오물, 방송프로그램 제작 및 배급업",광고·협찬 및 프로그램 제작,"영화, 비디오물, 방송프로그램 제작 및 배급업 / 광고·협찬 및 프로그램 제작",KRX_KIND_LISTED_COMPANY,https://kind.krx.co.kr/corpgeneral/corpList.do?method=download&searchType=13,2026-07-18T19:41:51+09:00
040350,크레오에스지,"컴퓨터 프로그래밍, 시스템 통합 및 관리업",시스템통합·지능형교통시스템,"컴퓨터 프로그래밍, 시스템 통합 및 관리업 / 시스템통합·지능형교통시스템",KRX_KIND_LISTED_COMPANY,https://kind.krx.co.kr/corpgeneral/corpList.do?method=download&searchType=13,2026-07-18T19:41:51+09:00
040420,정상제이엘에스,일반 교습 학원,어학교육업,일반 교습 학원 / 어학교육업,KRX_KIND_LISTED_COMPANY,https://kind.krx.co.kr/corpgeneral/corpList.do?method=download&searchType=13,2026-07-18T19:41:51+09:00
040610,SG&G,자동차 신품 부품 제조업,생활정보신문,자동차 신품 부품 제조업 / 생활정보신문,KRX_KIND_LISTED_COMPANY,https://kind.krx.co.kr/corpgeneral/corpList.do?method=download&searchType=13,2026-07-18T19:41:51+09:00
040910,아이씨디,특수 목적용 기계 제조업,건식세정기·LCD·반도체 장비,특수 목적용 기계 제조업 / 건식세정기·LCD·반도체 장비,KRX_KIND_LISTED_COMPANY,https://kind.krx.co.kr/corpgeneral/corpList.do?method=download&searchType=13,2026-07-18T19:41:51+09:00
041020,폴라리스오피스,소프트웨어 개발 및 공급업,시스템 소프트웨어,소프트웨어 개발 및 공급업 / 시스템 소프트웨어,KRX_KIND_LISTED_COMPANY,https://kind.krx.co.kr/corpgeneral/corpList.do?method=download&searchType=13,2026-07-18T19:41:51+09:00
041190,우리기술투자,기타 금융업,창업자에 대한 투자 및 융자,기타 금융업 / 창업자에 대한 투자 및 융자,KRX_KIND_LISTED_COMPANY,https://kind.krx.co.kr/corpgeneral/corpList.do?method=download&searchType=13,2026-07-18T19:41:51+09:00
041440,현대에버다임,특수 목적용 기계 제조업,콘크리트펌프트럭·중장비개량사업,특수 목적용 기계 제조업 / 콘크리트펌프트럭·중장비개량사업,KRX_KIND_LISTED_COMPANY,https://kind.krx.co.kr/corpgeneral/corpList.do?method=download&searchType=13,2026-07-18T19:41:51+09:00
041460,한국전자인증,소프트웨어 개발 및 공급업,개인용이메일 보안·인증업무·전자상거래관련 인증서비스,소프트웨어 개발 및 공급업 / 개인용이메일 보안·인증업무·전자상거래관련 인증서비스,KRX_KIND_LISTED_COMPANY,https://kind.krx.co.kr/corpgeneral/corpList.do?method=download&searchType=13,2026-07-18T19:41:51+09:00
041510,에스엠,오디오물 출판 및 원판 녹음업,음반(CD·MC)·연예 대리,오디오물 출판 및 원판 녹음업 / 음반(CD·MC)·연예 대리,KRX_KIND_LISTED_COMPANY,https://kind.krx.co.kr/corpgeneral/corpList.do?method=download&searchType=13,2026-07-18T19:41:51+09:00
041520,이엘씨,"측정, 시험, 항해, 제어 및 기타 정밀기기 제조업; 광학기기 제외",반도체장비용 유량계와 유량 제어장치,"측정, 시험, 항해, 제어 및 기타 정밀기기 제조업; 광학기기 제외 / 반도체장비용 유량계와 유량 제어장치",KRX_KIND_LISTED_COMPANY,https://kind.krx.co.kr/corpgeneral/corpList.do?method=download&searchType=13,2026-07-18T19:41:51+09:00
041590,플래스크,실내건축 및 건축마무리 공사업,실내건축 등,실내건축 및 건축마무리 공사업 / 실내건축 등,KRX_KIND_LISTED_COMPANY,https://kind.krx.co.kr/corpgeneral/corpList.do?method=download&searchType=13,2026-07-18T19:41:51+09:00
041650,상신브레이크,자동차 신품 부품 제조업,자동차 브레이크 슈 어셈블리·브레이크패드 제조·군납업,자동차 신품 부품 제조업 / 자동차 브레이크 슈 어셈블리·브레이크패드 제조·군납업,KRX_KIND_LISTED_COMPANY,https://kind.krx.co.kr/corpgeneral/corpList.do?method=download&searchType=13,2026-07-18T19:41:51+09:00
041830,인바디,의료용 기기 제조업,정밀 체성분 분석기,의료용 기기 제조업 / 정밀 체성분 분석기,KRX_KIND_LISTED_COMPANY,https://kind.krx.co.kr/corpgeneral/corpList.do?method=download&searchType=13,2026-07-18T19:41:51+09:00
041910,폴라리스AI파마,의약품 제조업,원료의약품,의약품 제조업 / 원료의약품,KRX_KIND_LISTED_COMPANY,https://kind.krx.co.kr/corpgeneral/corpList.do?method=download&searchType=13,2026-07-18T19:41:51+09:00
041920,메디아나,의료용 기기 제조업,환자감시장치·자동심장 제세동기(AED),의료용 기기 제조업 / 환자감시장치·자동심장 제세동기(AED),KRX_KIND_LISTED_COMPANY,https://kind.krx.co.kr/corpgeneral/corpList.do?method=download&searchType=13,2026-07-18T19:41:51+09:00
041930,SY동아,고무제품 제조업,자동차용 고무부품,고무제품 제조업 / 자동차용 고무부품,KRX_KIND_LISTED_COMPANY,https://kind.krx.co.kr/corpgeneral/corpList.do?method=download&searchType=13,2026-07-18T19:41:51+09:00
041960,코미팜,의약품 제조업,동물약품,의약품 제조업 / 동물약품,KRX_KIND_LISTED_COMPANY,https://kind.krx.co.kr/corpgeneral/corpList.do?method=download&searchType=13,2026-07-18T19:41:51+09:00
042000,카페24,"자료처리, 호스팅, 포털 및 기타 인터넷 정보매개 서비스업",쇼핑몰솔루션·광고솔루션·호스팅솔루션,"자료처리, 호스팅, 포털 및 기타 인터넷 정보매개 서비스업 / 쇼핑몰솔루션·광고솔루션·호스팅솔루션",KRX_KIND_LISTED_COMPANY,https://kind.krx.co.kr/corpgeneral/corpList.do?method=download&searchType=13,2026-07-18T19:41:51+09:00
042040,케이피엠테크,기타 전문 도매업,표면처리약품·전자동 도금설비,기타 전문 도매업 / 표면처리약품·전자동 도금설비,KRX_KIND_LISTED_COMPANY,https://kind.krx.co.kr/corpgeneral/corpList.do?method=download&searchType=13,2026-07-18T19:41:51+09:00
042110,에스씨디,가정용 기기 제조업,전자렌지용 MOTOR 및 냉장고용 TIMER,가정용 기기 제조업 / 전자렌지용 MOTOR 및 냉장고용 TIMER,KRX_KIND_LISTED_COMPANY,https://kind.krx.co.kr/corpgeneral/corpList.do?method=download&searchType=13,2026-07-18T19:41:51+09:00
042370,비츠로테크,기타 금융업,차단기·개폐기,기타 금융업 / 차단기·개폐기,KRX_KIND_LISTED_COMPANY,https://kind.krx.co.kr/corpgeneral/corpList.do?method=download&searchType=13,2026-07-18T19:41:51+09:00
042420,네오위즈홀딩스,소프트웨어 개발 및 공급업,지주사업,소프트웨어 개발 및 공급업 / 지주사업,KRX_KIND_LISTED_COMPANY,https://kind.krx.co.kr/corpgeneral/corpList.do?method=download&searchType=13,2026-07-18T19:41:51+09:00
042500,링네트,"컴퓨터 프로그래밍, 시스템 통합 및 관리업",네트워크 구축(Network Integration),"컴퓨터 프로그래밍, 시스템 통합 및 관리업 / 네트워크 구축(Network Integration)",KRX_KIND_LISTED_COMPANY,https://kind.krx.co.kr/corpgeneral/corpList.do?method=download&searchType=13,2026-07-18T19:41:51+09:00
042510,라온시큐어,소프트웨어 개발 및 공급업,소프트웨어 개발 및 공급,소프트웨어 개발 및 공급업 / 소프트웨어 개발 및 공급,KRX_KIND_LISTED_COMPANY,https://kind.krx.co.kr/corpgeneral/corpList.do?method=download&searchType=13,2026-07-18T19:41:51+09:00
042520,한스바이오메드,의료용품 및 기타 의약 관련제품 제조업,인체이식용조직(인조피부·인조뼈)·의료용시술재료(가슴보형물),의료용품 및 기타 의약 관련제품 제조업 / 인체이식용조직(인조피부·인조뼈)·의료용시술재료(가슴보형물),KRX_KIND_LISTED_COMPANY,https://kind.krx.co.kr/corpgeneral/corpList.do?method=download&searchType=13,2026-07-18T19:41:51+09:00
042600,새로닉스,전자부품 제조업,광학시트·FFC,전자부품 제조업 / 광학시트·FFC,KRX_KIND_LISTED_COMPANY,https://kind.krx.co.kr/corpgeneral/corpList.do?method=download&searchType=13,2026-07-18T19:41:51+09:00
042660,한화오션,선박 및 보트 건조업,선박 제조,선박 및 보트 건조업 / 선박 제조,KRX_KIND_LISTED_COMPANY,https://kind.krx.co.kr/corpgeneral/corpList.do?method=download&searchType=13,2026-07-18T19:41:51+09:00
042700,한미반도체,특수 목적용 기계 제조업,반도체 후공정장비·반도체금형 제조·부동산 매매,특수 목적용 기계 제조업 / 반도체 후공정장비·반도체금형 제조·부동산 매매,KRX_KIND_LISTED_COMPANY,https://kind.krx.co.kr/corpgeneral/corpList.do?method=download&searchType=13,2026-07-18T19:41:51+09:00
042940,상지건설,건물 건설업,건설업·고급빌라 건축 및 일반 건축·주택공급 등,건물 건설업 / 건설업·고급빌라 건축 및 일반 건축·주택공급 등,KRX_KIND_LISTED_COMPANY,https://kind.krx.co.kr/corpgeneral/corpList.do?method=download&searchType=13,2026-07-18T19:41:51+09:00
043090,더테크놀로지,기타 전문 도매업,바이오리엑터(Bioreactor·생물반응기),기타 전문 도매업 / 바이오리엑터(Bioreactor·생물반응기),KRX_KIND_LISTED_COMPANY,https://kind.krx.co.kr/corpgeneral/corpList.do?method=download&searchType=13,2026-07-18T19:41:51+09:00
043100,알파AI,의료용 기기 제조업,가정용 온열치료기·의료기구,의료용 기기 제조업 / 가정용 온열치료기·의료기구,KRX_KIND_LISTED_COMPANY,https://kind.krx.co.kr/corpgeneral/corpList.do?method=download&searchType=13,2026-07-18T19:41:51+09:00
043150,바텍,의료용 기기 제조업,치과용 디지털 X-ray기기 (파노라마·CT) 및 구강스캐너 등,의료용 기기 제조업 / 치과용 디지털 X-ray기기 (파노라마·CT) 및 구강스캐너 등,KRX_KIND_LISTED_COMPANY,https://kind.krx.co.kr/corpgeneral/corpList.do?method=download&searchType=13,2026-07-18T19:41:51+09:00
043200,파루,"전동기, 발전기 및 전기 변환 · 공급 · 제어 장치 제조업",온습도 조절기(에어쿨)·무인방제기(야호),"전동기, 발전기 및 전기 변환 · 공급 · 제어 장치 제조업 / 온습도 조절기(에어쿨)·무인방제기(야호)",KRX_KIND_LISTED_COMPANY,https://kind.krx.co.kr/corpgeneral/corpList.do?method=download&searchType=13,2026-07-18T19:41:51+09:00
043220,티에스넥스젠,특수 목적용 기계 제조업,발전설비 Damper·전력설비 Busway,특수 목적용 기계 제조업 / 발전설비 Damper·전력설비 Busway,KRX_KIND_LISTED_COMPANY,https://kind.krx.co.kr/corpgeneral/corpList.do?method=download&searchType=13,2026-07-18T19:41:51+09:00
043260,성호전자,전자부품 제조업,전원공급장치·필름콘덴서,전자부품 제조업 / 전원공급장치·필름콘덴서,KRX_KIND_LISTED_COMPANY,https://kind.krx.co.kr/corpgeneral/corpList.do?method=download&searchType=13,2026-07-18T19:41:51+09:00
043340,에쎈테크,일반 목적용 기계 제조업,LPG밸브,일반 목적용 기계 제조업 / LPG밸브,KRX_KIND_LISTED_COMPANY,https://kind.krx.co.kr/corpgeneral/corpList.do?method=download&searchType=13,2026-07-18T19:41:51+09:00
043360,디지아이,컴퓨터 및 주변장치 제조업,잉크젯 플로터·커팅 플로터,컴퓨터 및 주변장치 제조업 / 잉크젯 플로터·커팅 플로터,KRX_KIND_LISTED_COMPANY,https://kind.krx.co.kr/corpgeneral/corpList.do?method=download&searchType=13,2026-07-18T19:41:51+09:00
043370,피에이치에이,자동차 신품 부품 제조업,자동차용 도어랫치·도어힌지,자동차 신품 부품 제조업 / 자동차용 도어랫치·도어힌지,KRX_KIND_LISTED_COMPANY,https://kind.krx.co.kr/corpgeneral/corpList.do?method=download&searchType=13,2026-07-18T19:41:51+09:00
043590,웰킵스하이텍,반도체 제조업,DRIVER-IC·DDI Package·트랜스포머,반도체 제조업 / DRIVER-IC·DDI Package·트랜스포머,KRX_KIND_LISTED_COMPANY,https://kind.krx.co.kr/corpgeneral/corpList.do?method=download&searchType=13,2026-07-18T19:41:51+09:00
043610,KT지니뮤직,영상·오디오물 제공 서비스업,디지털 음악 서비스 및 음원유통,영상·오디오물 제공 서비스업 / 디지털 음악 서비스 및 음원유통,KRX_KIND_LISTED_COMPANY,https://kind.krx.co.kr/corpgeneral/corpList.do?method=download&searchType=13,2026-07-18T19:41:51+09:00
043650,국순당,알코올음료 제조업,탁주 및 약주,알코올음료 제조업 / 탁주 및 약주,KRX_KIND_LISTED_COMPANY,https://kind.krx.co.kr/corpgeneral/corpList.do?method=download&searchType=13,2026-07-18T19:41:51+09:00
043710,코스리거글로벌,기타 전문 도매업,의약품 도매 및 화장품 도소매,기타 전문 도매업 / 의약품 도매 및 화장품 도소매,KRX_KIND_LISTED_COMPANY,https://kind.krx.co.kr/corpgeneral/corpList.do?method=download&searchType=13,2026-07-18T19:41:51+09:00
043910,자연과환경,"시멘트, 석회, 플라스터 및 그 제품 제조업",스테인레스파이프·다공성식생블록·조경원예자재,"시멘트, 석회, 플라스터 및 그 제품 제조업 / 스테인레스파이프·다공성식생블록·조경원예자재",KRX_KIND_LISTED_COMPANY,https://kind.krx.co.kr/corpgeneral/corpList.do?method=download&searchType=13,2026-07-18T19:41:51+09:00
044180,KD,건물 건설업,건설사업(완성건물),건물 건설업 / 건설사업(완성건물),KRX_KIND_LISTED_COMPANY,https://kind.krx.co.kr/corpgeneral/corpList.do?method=download&searchType=13,2026-07-18T19:41:51+09:00
044340,위닉스,가정용 기기 제조업,일반목적용 기계제조업,가정용 기기 제조업 / 일반목적용 기계제조업,KRX_KIND_LISTED_COMPANY,https://kind.krx.co.kr/corpgeneral/corpList.do?method=download&searchType=13,2026-07-18T19:41:51+09:00
044380,주연테크,컴퓨터 및 주변장치 제조업,각종컴퓨터·주변기기 제조·소프트웨어 개발,컴퓨터 및 주변장치 제조업 / 각종컴퓨터·주변기기 제조·소프트웨어 개발,KRX_KIND_LISTED_COMPANY,https://kind.krx.co.kr/corpgeneral/corpList.do?method=download&searchType=13,2026-07-18T19:41:51+09:00
044450,KSS해운,해상 운송업,특수화물해상운송(액화가스·LPG·암모니아,해상 운송업 / 특수화물해상운송(액화가스·LPG·암모니아,KRX_KIND_LISTED_COMPANY,https://kind.krx.co.kr/corpgeneral/corpList.do?method=download&searchType=13,2026-07-18T19:41:51+09:00
044480,빌리언스,창작 및 예술관련 서비스업,콘돔·고무골무·의료용 장갑,창작 및 예술관련 서비스업 / 콘돔·고무골무·의료용 장갑,KRX_KIND_LISTED_COMPANY,https://kind.krx.co.kr/corpgeneral/corpList.do?method=download&searchType=13,2026-07-18T19:41:51+09:00
044490,태웅,기타 금속 가공제품 제조업,자유형단조품,기타 금속 가공제품 제조업 / 자유형단조품,KRX_KIND_LISTED_COMPANY,https://kind.krx.co.kr/corpgeneral/corpList.do?method=download&searchType=13,2026-07-18T19:41:51+09:00
044780,에이치케이,특수 목적용 기계 제조업,레이저가공 절단기,특수 목적용 기계 제조업 / 레이저가공 절단기,KRX_KIND_LISTED_COMPANY,https://kind.krx.co.kr/corpgeneral/corpList.do?method=download&searchType=13,2026-07-18T19:41:51+09:00
044820,코스맥스비티아이,기타 금융업,화장품·의약부외품 제조·도매,기타 금융업 / 화장품·의약부외품 제조·도매,KRX_KIND_LISTED_COMPANY,https://kind.krx.co.kr/corpgeneral/corpList.do?method=download&searchType=13,2026-07-18T19:41:51+09:00
044960,이글벳,기타 전문 도매업,아바텍·아목사실린사 등,기타 전문 도매업 / 아바텍·아목사실린사 등,KRX_KIND_LISTED_COMPANY,https://kind.krx.co.kr/corpgeneral/corpList.do?method=download&searchType=13,2026-07-18T19:41:51+09:00
044990,에이치엔에스하이텍,전자부품 제조업,ACF(이방성전도필름)·수정진동자·수정발진기,전자부품 제조업 / ACF(이방성전도필름)·수정진동자·수정발진기,KRX_KIND_LISTED_COMPANY,https://kind.krx.co.kr/corpgeneral/corpList.do?method=download&searchType=13,2026-07-18T19:41:51+09:00
045060,오공,기타 화학제품 제조업,접착제·씰란트·광택제,기타 화학제품 제조업 / 접착제·씰란트·광택제,KRX_KIND_LISTED_COMPANY,https://kind.krx.co.kr/corpgeneral/corpList.do?method=download&searchType=13,2026-07-18T19:41:51+09:00
045100,한양이엔지,"건축기술, 엔지니어링 및 관련 기술 서비스업",반도체배관설비,"건축기술, 엔지니어링 및 관련 기술 서비스업 / 반도체배관설비",KRX_KIND_LISTED_COMPANY,https://kind.krx.co.kr/corpgeneral/corpList.do?method=download&searchType=13,2026-07-18T19:41:51+09:00
045300,성우테크론,전자부품 제조업,리드프레임·반도체검사장비,전자부품 제조업 / 리드프레임·반도체검사장비,KRX_KIND_LISTED_COMPANY,https://kind.krx.co.kr/corpgeneral/corpList.do?method=download&searchType=13,2026-07-18T19:41:51+09:00
045340,토탈소프트,소프트웨어 개발 및 공급업,해운물류소프트웨어 (CATOS 등),소프트웨어 개발 및 공급업 / 해운물류소프트웨어 (CATOS 등),KRX_KIND_LISTED_COMPANY,https://kind.krx.co.kr/corpgeneral/corpList.do?method=download&searchType=13,2026-07-18T19:41:51+09:00
045390,대아티아이,기타 전기장비 제조업,철도신호제어시스템 등,기타 전기장비 제조업 / 철도신호제어시스템 등,KRX_KIND_LISTED_COMPANY,https://kind.krx.co.kr/corpgeneral/corpList.do?method=download&searchType=13,2026-07-18T19:41:51+09:00
045510,정원엔시스,기계장비 및 관련 물품 도매업,SI(시스템통합) 관련 소프트웨어·중.대형 고속 레이져 프린터,기계장비 및 관련 물품 도매업 / SI(시스템통합) 관련 소프트웨어·중.대형 고속 레이져 프린터,KRX_KIND_LISTED_COMPANY,https://kind.krx.co.kr/corpgeneral/corpList.do?method=download&searchType=13,2026-07-18T19:41:51+09:00
045520,크린앤사이언스,일반 목적용 기계 제조업,자동차용 여과지,일반 목적용 기계 제조업 / 자동차용 여과지,KRX_KIND_LISTED_COMPANY,https://kind.krx.co.kr/corpgeneral/corpList.do?method=download&searchType=13,2026-07-18T19:41:51+09:00
045660,에이텍,일반 목적용 기계 제조업,PC·모니터,일반 목적용 기계 제조업 / PC·모니터,KRX_KIND_LISTED_COMPANY,https://kind.krx.co.kr/corpgeneral/corpList.do?method=download&searchType=13,2026-07-18T19:41:51+09:00
045970,코아시아,전자부품 제조업,LED패키지,전자부품 제조업 / LED패키지,KRX_KIND_LISTED_COMPANY,https://kind.krx.co.kr/corpgeneral/corpList.do?method=download&searchType=13,2026-07-18T19:41:51+09:00
046070,코다코,자동차 신품 부품 제조업,Oil Pump·Throttle Body,자동차 신품 부품 제조업 / Oil Pump·Throttle Body,KRX_KIND_LISTED_COMPANY,https://kind.krx.co.kr/corpgeneral/corpList.do?method=download&searchType=13,2026-07-18T19:41:51+09:00
046120,오르비텍,기타 과학기술 서비스업,방사선안전관리·항공기 정밀부품 제조 등,기타 과학기술 서비스업 / 방사선안전관리·항공기 정밀부품 제조 등,KRX_KIND_LISTED_COMPANY,https://kind.krx.co.kr/corpgeneral/corpList.do?method=download&searchType=13,2026-07-18T19:41:51+09:00
046210,HLB파나진,의료용품 및 기타 의약 관련제품 제조업,의료용품및 기타 의약관련 제품 제조업,의료용품 및 기타 의약 관련제품 제조업 / 의료용품및 기타 의약관련 제품 제조업,KRX_KIND_LISTED_COMPANY,https://kind.krx.co.kr/corpgeneral/corpList.do?method=download&searchType=13,2026-07-18T19:41:51+09:00
046310,백금T&A,통신 및 방송 장비 제조업,레이더디텍터,통신 및 방송 장비 제조업 / 레이더디텍터,KRX_KIND_LISTED_COMPANY,https://kind.krx.co.kr/corpgeneral/corpList.do?method=download&searchType=13,2026-07-18T19:41:51+09:00
046390,삼화네트웍스,"영화, 비디오물, 방송프로그램 제작 및 배급업",영상 콘텐츠,"영화, 비디오물, 방송프로그램 제작 및 배급업 / 영상 콘텐츠",KRX_KIND_LISTED_COMPANY,https://kind.krx.co.kr/corpgeneral/corpList.do?method=download&searchType=13,2026-07-18T19:41:51+09:00
046440,KG파이낸셜,소프트웨어 개발 및 공급업,유무선전화결제서비스,소프트웨어 개발 및 공급업 / 유무선전화결제서비스,KRX_KIND_LISTED_COMPANY,https://kind.krx.co.kr/corpgeneral/corpList.do?method=download&searchType=13,2026-07-18T19:41:51+09:00
046890,서울반도체,반도체 제조업,Display·Chip LED·Lamp,반도체 제조업 / Display·Chip LED·Lamp,KRX_KIND_LISTED_COMPANY,https://kind.krx.co.kr/corpgeneral/corpList.do?method=download&searchType=13,2026-07-18T19:41:51+09:00
046940,우원개발,기반조성 및 시설물 축조관련 전문공사업,토공사,기반조성 및 시설물 축조관련 전문공사업 / 토공사,KRX_KIND_LISTED_COMPANY,https://kind.krx.co.kr/corpgeneral/corpList.do?method=download&searchType=13,2026-07-18T19:41:51+09:00
046970,우리로,기타 전문 도매업,광분배기(웨이퍼·칩·모듈),기타 전문 도매업 / 광분배기(웨이퍼·칩·모듈),KRX_KIND_LISTED_COMPANY,https://kind.krx.co.kr/corpgeneral/corpList.do?method=download&searchType=13,2026-07-18T19:41:51+09:00
047040,대우건설,건물 건설업,아파트건설·토목공사·건축공사,건물 건설업 / 아파트건설·토목공사·건축공사,KRX_KIND_LISTED_COMPANY,https://kind.krx.co.kr/corpgeneral/corpList.do?method=download&searchType=13,2026-07-18T19:41:51+09:00
047050,포스코인터내셔널,상품 중개업,영업활동의 주요 품목으로 에너지 사업내 천연가스 발전·태양력·풍력,상품 중개업 / 영업활동의 주요 품목으로 에너지 사업내 천연가스 발전·태양력·풍력,KRX_KIND_LISTED_COMPANY,https://kind.krx.co.kr/corpgeneral/corpList.do?method=download&searchType=13,2026-07-18T19:41:51+09:00
047080,한빛소프트,소프트웨어 개발 및 공급업,게임(스타크래프트 등)·교육·솔루션,소프트웨어 개발 및 공급업 / 게임(스타크래프트 등)·교육·솔루션,KRX_KIND_LISTED_COMPANY,https://kind.krx.co.kr/corpgeneral/corpList.do?method=download&searchType=13,2026-07-18T19:41:51+09:00
047310,파워로직스,"전동기, 발전기 및 전기 변환 · 공급 · 제어 장치 제조업",2차전지 보호회로 및 배터리팩·카메라모듈,"전동기, 발전기 및 전기 변환 · 공급 · 제어 장치 제조업 / 2차전지 보호회로 및 배터리팩·카메라모듈",KRX_KIND_LISTED_COMPANY,https://kind.krx.co.kr/corpgeneral/corpList.do?method=download&searchType=13,2026-07-18T19:41:51+09:00
047400,유니온머티리얼,"내화, 비내화 요업제품 제조업",페라이트·세라믹 제조·도매,"내화, 비내화 요업제품 제조업 / 페라이트·세라믹 제조·도매",KRX_KIND_LISTED_COMPANY,https://kind.krx.co.kr/corpgeneral/corpList.do?method=download&searchType=13,2026-07-18T19:41:51+09:00
047560,이스트소프트,소프트웨어 개발 및 공급업,온라인게임(카발온라인)·알툴즈S·W,소프트웨어 개발 및 공급업 / 온라인게임(카발온라인)·알툴즈S·W,KRX_KIND_LISTED_COMPANY,https://kind.krx.co.kr/corpgeneral/corpList.do?method=download&searchType=13,2026-07-18T19:41:51+09:00
047770,코데즈컴바인,봉제의복 제조업,패션의류,봉제의복 제조업 / 패션의류,KRX_KIND_LISTED_COMPANY,https://kind.krx.co.kr/corpgeneral/corpList.do?method=download&searchType=13,2026-07-18T19:41:51+09:00
047810,한국항공우주,"항공기,우주선 및 부품 제조업",정부방산 및 완제기 수출(T-50계열·KUH계열·KT-1계열 등),"항공기,우주선 및 부품 제조업 / 정부방산 및 완제기 수출(T-50계열·KUH계열·KT-1계열 등)",KRX_KIND_LISTED_COMPANY,https://kind.krx.co.kr/corpgeneral/corpList.do?method=download&searchType=13,2026-07-18T19:41:51+09:00
047820,초록뱀미디어,"영화, 비디오물, 방송프로그램 제작 및 배급업",방송프로그램 제작 및 공급,"영화, 비디오물, 방송프로그램 제작 및 배급업 / 방송프로그램 제작 및 공급",KRX_KIND_LISTED_COMPANY,https://kind.krx.co.kr/corpgeneral/corpList.do?method=download&searchType=13,2026-07-18T19:41:51+09:00
047920,HLB제약,자연과학 및 공학 연구개발업,씨트리시메티딘정·로자틴정,자연과학 및 공학 연구개발업 / 씨트리시메티딘정·로자틴정,KRX_KIND_LISTED_COMPANY,https://kind.krx.co.kr/corpgeneral/corpList.do?method=download&searchType=13,2026-07-18T19:41:51+09:00
048410,현대바이오,기타 화학제품 제조업,화장품 및 화장품원료,기타 화학제품 제조업 / 화장품 및 화장품원료,KRX_KIND_LISTED_COMPANY,https://kind.krx.co.kr/corpgeneral/corpList.do?method=download&searchType=13,2026-07-18T19:41:51+09:00
048430,유라테크,"전동기, 발전기 및 전기 변환 · 공급 · 제어 장치 제조업",점화코일·스파크플러그,"전동기, 발전기 및 전기 변환 · 공급 · 제어 장치 제조업 / 점화코일·스파크플러그",KRX_KIND_LISTED_COMPANY,https://kind.krx.co.kr/corpgeneral/corpList.do?method=download&searchType=13,2026-07-18T19:41:51+09:00
048470,대동스틸,기타 전문 도매업,열연박판·후판·무늬강판 외,기타 전문 도매업 / 열연박판·후판·무늬강판 외,KRX_KIND_LISTED_COMPANY,https://kind.krx.co.kr/corpgeneral/corpList.do?method=download&searchType=13,2026-07-18T19:41:51+09:00
048530,인트론바이오,기초 의약물질 제조업,바이오 신약·분자진단제품·동물용항생제대체재,기초 의약물질 제조업 / 바이오 신약·분자진단제품·동물용항생제대체재,KRX_KIND_LISTED_COMPANY,https://kind.krx.co.kr/corpgeneral/corpList.do?method=download&searchType=13,2026-07-18T19:41:51+09:00
048550,SM C&C,광고업,영상콘텐츠 제작 및 매니지먼트·광고·여행,광고업 / 영상콘텐츠 제작 및 매니지먼트·광고·여행,KRX_KIND_LISTED_COMPANY,https://kind.krx.co.kr/corpgeneral/corpList.do?method=download&searchType=13,2026-07-18T19:41:51+09:00
048770,TPC로보틱스,일반 목적용 기계 제조업,구동기기(실린더)·방향제어기(밸브),일반 목적용 기계 제조업 / 구동기기(실린더)·방향제어기(밸브),KRX_KIND_LISTED_COMPANY,https://kind.krx.co.kr/corpgeneral/corpList.do?method=download&searchType=13,2026-07-18T19:41:51+09:00
048830,엔피케이,합성고무 및 플라스틱 물질 제조업,합성고무 및 플라스틱물질 제조업,합성고무 및 플라스틱 물질 제조업 / 합성고무 및 플라스틱물질 제조업,KRX_KIND_LISTED_COMPANY,https://kind.krx.co.kr/corpgeneral/corpList.do?method=download&searchType=13,2026-07-18T19:41:51+09:00
048870,시너지이노베이션,의료용 기기 제조업,카메라 어플리케이션 프로세서(CAP),의료용 기기 제조업 / 카메라 어플리케이션 프로세서(CAP),KRX_KIND_LISTED_COMPANY,https://kind.krx.co.kr/corpgeneral/corpList.do?method=download&searchType=13,2026-07-18T19:41:51+09:00
048910,대원미디어,기타 전문 도매업,캐릭터 사업·만화영화 제작,기타 전문 도매업 / 캐릭터 사업·만화영화 제작,KRX_KIND_LISTED_COMPANY,https://kind.krx.co.kr/corpgeneral/corpList.do?method=download&searchType=13,2026-07-18T19:41:51+09:00
049070,인탑스,통신 및 방송 장비 제조업,휴대용단말기 부품·가전 부품·자동차 부품,통신 및 방송 장비 제조업 / 휴대용단말기 부품·가전 부품·자동차 부품,KRX_KIND_LISTED_COMPANY,https://kind.krx.co.kr/corpgeneral/corpList.do?method=download&searchType=13,2026-07-18T19:41:51+09:00
049080,기가레인,전자부품 제조업,RF통신부품 및 반도체 장비,전자부품 제조업 / RF통신부품 및 반도체 장비,KRX_KIND_LISTED_COMPANY,https://kind.krx.co.kr/corpgeneral/corpList.do?method=download&searchType=13,2026-07-18T19:41:51+09:00
049120,파인디앤씨,전자부품 제조업,CHASSIS·금형,전자부품 제조업 / CHASSIS·금형,KRX_KIND_LISTED_COMPANY,https://kind.krx.co.kr/corpgeneral/corpList.do?method=download&searchType=13,2026-07-18T19:41:51+09:00
049180,셀루메드,기초 의약물질 제조업,의료기기·바이오시밀러 및 헬스케어사업,기초 의약물질 제조업 / 의료기기·바이오시밀러 및 헬스케어사업,KRX_KIND_LISTED_COMPANY,https://kind.krx.co.kr/corpgeneral/corpList.do?method=download&searchType=13,2026-07-18T19:41:51+09:00
049430,코메론,"측정, 시험, 항해, 제어 및 기타 정밀기기 제조업; 광학기기 제외",줄자·냉간압연,"측정, 시험, 항해, 제어 및 기타 정밀기기 제조업; 광학기기 제외 / 줄자·냉간압연",KRX_KIND_LISTED_COMPANY,https://kind.krx.co.kr/corpgeneral/corpList.do?method=download&searchType=13,2026-07-18T19:41:51+09:00
049470,비트플래닛,소프트웨어 개발 및 공급업,SI·소프트웨어,소프트웨어 개발 및 공급업 / SI·소프트웨어,KRX_KIND_LISTED_COMPANY,https://kind.krx.co.kr/corpgeneral/corpList.do?method=download&searchType=13,2026-07-18T19:41:51+09:00
049480,오픈베이스,"컴퓨터 프로그래밍, 시스템 통합 및 관리업",트래픽솔루션(웹스위치·트래픽서버),"컴퓨터 프로그래밍, 시스템 통합 및 관리업 / 트래픽솔루션(웹스위치·트래픽서버)",KRX_KIND_LISTED_COMPANY,https://kind.krx.co.kr/corpgeneral/corpList.do?method=download&searchType=13,2026-07-18T19:41:51+09:00
049520,유아이엘,전자부품 제조업,스마트폰 기구부품(키버튼·금속부품·부자재,전자부품 제조업 / 스마트폰 기구부품(키버튼·금속부품·부자재,KRX_KIND_LISTED_COMPANY,https://kind.krx.co.kr/corpgeneral/corpList.do?method=download&searchType=13,2026-07-18T19:41:51+09:00
049550,잉크테크,기타 화학제품 제조업,잉크젯프린터용 잉크카트리지·재충전 잉크,기타 화학제품 제조업 / 잉크젯프린터용 잉크카트리지·재충전 잉크,KRX_KIND_LISTED_COMPANY,https://kind.krx.co.kr/corpgeneral/corpList.do?method=download&searchType=13,2026-07-18T19:41:51+09:00
049630,재영솔루텍,사진장비 및 광학기기 제조업,플라스틱 사출금형,사진장비 및 광학기기 제조업 / 플라스틱 사출금형,KRX_KIND_LISTED_COMPANY,https://kind.krx.co.kr/corpgeneral/corpList.do?method=download&searchType=13,2026-07-18T19:41:51+09:00
049720,고려신용정보,기타 사업지원 서비스업,채권추심·신용조사,기타 사업지원 서비스업 / 채권추심·신용조사,KRX_KIND_LISTED_COMPANY,https://kind.krx.co.kr/corpgeneral/corpList.do?method=download&searchType=13,2026-07-18T19:41:51+09:00
049800,우진플라임,특수 목적용 기계 제조업,플라스틱사출성형기 제조·판매,특수 목적용 기계 제조업 / 플라스틱사출성형기 제조·판매,KRX_KIND_LISTED_COMPANY,https://kind.krx.co.kr/corpgeneral/corpList.do?method=download&searchType=13,2026-07-18T19:41:51+09:00
049830,승일,기타 금속 가공제품 제조업,에어졸캔·에어졸발브·일반관,기타 금속 가공제품 제조업 / 에어졸캔·에어졸발브·일반관,KRX_KIND_LISTED_COMPANY,https://kind.krx.co.kr/corpgeneral/corpList.do?method=download&searchType=13,2026-07-18T19:41:51+09:00
049950,미래컴퍼니,특수 목적용 기계 제조업,EdgeGrinder,특수 목적용 기계 제조업 / EdgeGrinder,KRX_KIND_LISTED_COMPANY,https://kind.krx.co.kr/corpgeneral/corpList.do?method=download&searchType=13,2026-07-18T19:41:51+09:00
049960,쎌바이오텍,기초 의약물질 제조업,유산균 원말 및 완제품,기초 의약물질 제조업 / 유산균 원말 및 완제품,KRX_KIND_LISTED_COMPANY,https://kind.krx.co.kr/corpgeneral/corpList.do?method=download&searchType=13,2026-07-18T19:41:51+09:00
050090,비케이홀딩스,광고업,광고,광고업 / 광고,KRX_KIND_LISTED_COMPANY,https://kind.krx.co.kr/corpgeneral/corpList.do?method=download&searchType=13,2026-07-18T19:41:51+09:00
050110,캠시스,전자부품 제조업,휴대폰용 카메라모듈,전자부품 제조업 / 휴대폰용 카메라모듈,KRX_KIND_LISTED_COMPANY,https://kind.krx.co.kr/corpgeneral/corpList.do?method=download&searchType=13,2026-07-18T19:41:51+09:00
050120,ES큐브,생활용품 도매업,텐트·원 ·부자재,생활용품 도매업 / 텐트·원 ·부자재,KRX_KIND_LISTED_COMPANY,https://kind.krx.co.kr/corpgeneral/corpList.do?method=download&searchType=13,2026-07-18T19:41:51+09:00
050760,에스폴리텍,플라스틱제품 제조업,유무선 통신용 소프트웨어,플라스틱제품 제조업 / 유무선 통신용 소프트웨어,KRX_KIND_LISTED_COMPANY,https://kind.krx.co.kr/corpgeneral/corpList.do?method=download&searchType=13,2026-07-18T19:41:51+09:00
050860,아세아텍,특수 목적용 기계 제조업,농기계(관리기·SS기·이앙기) 제조,특수 목적용 기계 제조업 / 농기계(관리기·SS기·이앙기) 제조,KRX_KIND_LISTED_COMPANY,https://kind.krx.co.kr/corpgeneral/corpList.do?method=download&searchType=13,2026-07-18T19:41:51+09:00
050890,쏠리드,통신 및 방송 장비 제조업,이동통신중계기·위성DMB용중계기,통신 및 방송 장비 제조업 / 이동통신중계기·위성DMB용중계기,KRX_KIND_LISTED_COMPANY,https://kind.krx.co.kr/corpgeneral/corpList.do?method=download&searchType=13,2026-07-18T19:41:51+09:00
050960,수산아이앤티,소프트웨어 개발 및 공급업,공유단말접속관리서비스·보안솔루션 등,소프트웨어 개발 및 공급업 / 공유단말접속관리서비스·보안솔루션 등,KRX_KIND_LISTED_COMPANY,https://kind.krx.co.kr/corpgeneral/corpList.do?method=download&searchType=13,2026-07-18T19:41:51+09:00
051160,지어소프트,소프트웨어 개발 및 공급업,Mobile Solution & Platform·Internet GIS·Mobile Service,소프트웨어 개발 및 공급업 / Mobile Solution & Platform·Internet GIS·Mobile Service,KRX_KIND_LISTED_COMPANY,https://kind.krx.co.kr/corpgeneral/corpList.do?method=download&searchType=13,2026-07-18T19:41:51+09:00
051360,토비스,영상 및 음향기기 제조업,Gaming모니터,영상 및 음향기기 제조업 / Gaming모니터,KRX_KIND_LISTED_COMPANY,https://kind.krx.co.kr/corpgeneral/corpList.do?method=download&searchType=13,2026-07-18T19:41:51+09:00
051370,인터플렉스,전자부품 제조업,연성회로기판(Flexible PCB),전자부품 제조업 / 연성회로기판(Flexible PCB),KRX_KIND_LISTED_COMPANY,https://kind.krx.co.kr/corpgeneral/corpList.do?method=download&searchType=13,2026-07-18T19:41:51+09:00
051380,피씨디렉트,기계장비 및 관련 물품 도매업,스토리지(HDD)·프로세서(CPU)·Memory,기계장비 및 관련 물품 도매업 / 스토리지(HDD)·프로세서(CPU)·Memory,KRX_KIND_LISTED_COMPANY,https://kind.krx.co.kr/corpgeneral/corpList.do?method=download&searchType=13,2026-07-18T19:41:51+09:00
051390,YW,상품 종합 도매업,도소매,상품 종합 도매업 / 도소매,KRX_KIND_LISTED_COMPANY,https://kind.krx.co.kr/corpgeneral/corpList.do?method=download&searchType=13,2026-07-18T19:41:51+09:00
051490,나라엠앤디,특수 목적용 기계 제조업,금형·사출 및 판금부품,특수 목적용 기계 제조업 / 금형·사출 및 판금부품,KRX_KIND_LISTED_COMPANY,https://kind.krx.co.kr/corpgeneral/corpList.do?method=download&searchType=13,2026-07-18T19:41:51+09:00
051500,CJ프레시웨이,음·식료품 및 담배 도매업,식자재유통·단체급식,음·식료품 및 담배 도매업 / 식자재유통·단체급식,KRX_KIND_LISTED_COMPANY,https://kind.krx.co.kr/corpgeneral/corpList.do?method=download&searchType=13,2026-07-18T19:41:51+09:00
051600,한전KPS,전기 및 통신 공사업,일반전기공사·발전설비정비공사·점검,전기 및 통신 공사업 / 일반전기공사·발전설비정비공사·점검,KRX_KIND_LISTED_COMPANY,https://kind.krx.co.kr/corpgeneral/corpList.do?method=download&searchType=13,2026-07-18T19:41:51+09:00
051630,진양화학,플라스틱제품 제조업,레쟈·바닥재 제조,플라스틱제품 제조업 / 레쟈·바닥재 제조,KRX_KIND_LISTED_COMPANY,https://kind.krx.co.kr/corpgeneral/corpList.do?method=download&searchType=13,2026-07-18T19:41:51+09:00
051780,큐로홀딩스,음·식료품 및 담배 소매업,DTIS·Probe Card·H.F PCB,음·식료품 및 담배 소매업 / DTIS·Probe Card·H.F PCB,KRX_KIND_LISTED_COMPANY,https://kind.krx.co.kr/corpgeneral/corpList.do?method=download&searchType=13,2026-07-18T19:41:51+09:00
051900,LG생활건강,기타 화학제품 제조업,화장품·생활용품 제조·도매,기타 화학제품 제조업 / 화장품·생활용품 제조·도매,KRX_KIND_LISTED_COMPANY,https://kind.krx.co.kr/corpgeneral/corpList.do?method=download&searchType=13,2026-07-18T19:41:51+09:00
051910,LG화학,기초 화학물질 제조업,유화·기능·합성수지,기초 화학물질 제조업 / 유화·기능·합성수지,KRX_KIND_LISTED_COMPANY,https://kind.krx.co.kr/corpgeneral/corpList.do?method=download&searchType=13,2026-07-18T19:41:51+09:00
051980,중앙첨단소재,통신 및 방송 장비 제조업,통신장비 등,통신 및 방송 장비 제조업 / 통신장비 등,KRX_KIND_LISTED_COMPANY,https://kind.krx.co.kr/corpgeneral/corpList.do?method=download&searchType=13,2026-07-18T19:41:51+09:00
052020,에스티큐브,기계장비 및 관련 물품 도매업,전자부품·정보통신기기·지능형로봇외,기계장비 및 관련 물품 도매업 / 전자부품·정보통신기기·지능형로봇외,KRX_KIND_LISTED_COMPANY,https://kind.krx.co.kr/corpgeneral/corpList.do?method=download&searchType=13,2026-07-18T19:41:51+09:00
052220,iMBC,영상·오디오물 제공 서비스업,디지털콘텐츠·웹에이젼시,영상·오디오물 제공 서비스업 / 디지털콘텐츠·웹에이젼시,KRX_KIND_LISTED_COMPANY,https://kind.krx.co.kr/corpgeneral/corpList.do?method=download&searchType=13,2026-07-18T19:41:51+09:00
052260,현대바이오랜드,기타 화학제품 제조업,천연물질 추출물·미생물 배양제품,기타 화학제품 제조업 / 천연물질 추출물·미생물 배양제품,KRX_KIND_LISTED_COMPANY,https://kind.krx.co.kr/corpgeneral/corpList.do?method=download&searchType=13,2026-07-18T19:41:51+09:00
052300,오션인더블유,상품 종합 도매업,운송,상품 종합 도매업 / 운송,KRX_KIND_LISTED_COMPANY,https://kind.krx.co.kr/corpgeneral/corpList.do?method=download&searchType=13,2026-07-18T19:41:51+09:00
052330,코텍,영상 및 음향기기 제조업,산업용 모니터,영상 및 음향기기 제조업 / 산업용 모니터,KRX_KIND_LISTED_COMPANY,https://kind.krx.co.kr/corpgeneral/corpList.do?method=download&searchType=13,2026-07-18T19:41:51+09:00
052400,코나아이,소프트웨어 개발 및 공급업,전자화폐·단말기·수집,소프트웨어 개발 및 공급업 / 전자화폐·단말기·수집,KRX_KIND_LISTED_COMPANY,https://kind.krx.co.kr/corpgeneral/corpList.do?method=download&searchType=13,2026-07-18T19:41:51+09:00
052420,오성첨단소재,플라스틱제품 제조업,보호·기능성 필름,플라스틱제품 제조업 / 보호·기능성 필름,KRX_KIND_LISTED_COMPANY,https://kind.krx.co.kr/corpgeneral/corpList.do?method=download&searchType=13,2026-07-18T19:41:51+09:00
052460,아이크래프트,"컴퓨터 프로그래밍, 시스템 통합 및 관리업",인터넷핵심망(CCR·MCR·NAS등),"컴퓨터 프로그래밍, 시스템 통합 및 관리업 / 인터넷핵심망(CCR·MCR·NAS등)",KRX_KIND_LISTED_COMPANY,https://kind.krx.co.kr/corpgeneral/corpList.do?method=download&searchType=13,2026-07-18T19:41:51+09:00
052600,한네트,전기 통신업,현금서비스·예금인출,전기 통신업 / 현금서비스·예금인출,KRX_KIND_LISTED_COMPANY,https://kind.krx.co.kr/corpgeneral/corpList.do?method=download&searchType=13,2026-07-18T19:41:51+09:00
052690,한전기술,"건축기술, 엔지니어링 및 관련 기술 서비스업",원자력발전소 설계 등,"건축기술, 엔지니어링 및 관련 기술 서비스업 / 원자력발전소 설계 등",KRX_KIND_LISTED_COMPANY,https://kind.krx.co.kr/corpgeneral/corpList.do?method=download&searchType=13,2026-07-18T19:41:51+09:00
052710,아모텍,전자부품 제조업,칩바리스터·아몰퍼스코어,전자부품 제조업 / 칩바리스터·아몰퍼스코어,KRX_KIND_LISTED_COMPANY,https://kind.krx.co.kr/corpgeneral/corpList.do?method=download&searchType=13,2026-07-18T19:41:51+09:00
052770,아이톡시,소프트웨어 개발 및 공급업,게임,소프트웨어 개발 및 공급업 / 게임,KRX_KIND_LISTED_COMPANY,https://kind.krx.co.kr/corpgeneral/corpList.do?method=download&searchType=13,2026-07-18T19:41:51+09:00
052790,액토즈소프트,소프트웨어 개발 및 공급업,온라인 게임 및 모바일 게임,소프트웨어 개발 및 공급업 / 온라인 게임 및 모바일 게임,KRX_KIND_LISTED_COMPANY,https://kind.krx.co.kr/corpgeneral/corpList.do?method=download&searchType=13,2026-07-18T19:41:51+09:00
052860,아이앤씨,반도체 제조업,지상파 DMB용 수신칩(모바일 TV용 SoC),반도체 제조업 / 지상파 DMB용 수신칩(모바일 TV용 SoC),KRX_KIND_LISTED_COMPANY,https://kind.krx.co.kr/corpgeneral/corpList.do?method=download&searchType=13,2026-07-18T19:41:51+09:00
052900,KX하이텍,플라스틱제품 제조업,TRAY(반도체Packing재료),플라스틱제품 제조업 / TRAY(반도체Packing재료),KRX_KIND_LISTED_COMPANY,https://kind.krx.co.kr/corpgeneral/corpList.do?method=download&searchType=13,2026-07-18T19:41:51+09:00
052960,태양3C,자동차 부품 및 내장품 판매업,와이어링 하네스 커넥터·초음파 프로브 케이블,자동차 부품 및 내장품 판매업 / 와이어링 하네스 커넥터·초음파 프로브 케이블,KRX_KIND_LISTED_COMPANY,https://kind.krx.co.kr/corpgeneral/corpList.do?method=download&searchType=13,2026-07-18T19:41:51+09:00
053030,바이넥스,의약품 제조업,정장제·소화제,의약품 제조업 / 정장제·소화제,KRX_KIND_LISTED_COMPANY,https://kind.krx.co.kr/corpgeneral/corpList.do?method=download&searchType=13,2026-07-18T19:41:51+09:00
053050,지에스이,연료용 가스 제조 및 배관공급업,도시가스,연료용 가스 제조 및 배관공급업 / 도시가스,KRX_KIND_LISTED_COMPANY,https://kind.krx.co.kr/corpgeneral/corpList.do?method=download&searchType=13,2026-07-18T19:41:51+09:00
053060,세동,자동차 신품 부품 제조업,도어벨트·몰딩,자동차 신품 부품 제조업 / 도어벨트·몰딩,KRX_KIND_LISTED_COMPANY,https://kind.krx.co.kr/corpgeneral/corpList.do?method=download&searchType=13,2026-07-18T19:41:51+09:00
053080,케이엔솔,일반 목적용 기계 제조업,클린룸 설비,일반 목적용 기계 제조업 / 클린룸 설비,KRX_KIND_LISTED_COMPANY,https://kind.krx.co.kr/corpgeneral/corpList.do?method=download&searchType=13,2026-07-18T19:41:51+09:00
053160,프리엠스,"전동기, 발전기 및 전기 변환 · 공급 · 제어 장치 제조업",건설장비용 전장품·제어기,"전동기, 발전기 및 전기 변환 · 공급 · 제어 장치 제조업 / 건설장비용 전장품·제어기",KRX_KIND_LISTED_COMPANY,https://kind.krx.co.kr/corpgeneral/corpList.do?method=download&searchType=13,2026-07-18T19:41:51+09:00
053210,케이티스카이라이프,텔레비전 방송업,위성방송서비스,텔레비전 방송업 / 위성방송서비스,KRX_KIND_LISTED_COMPANY,https://kind.krx.co.kr/corpgeneral/corpList.do?method=download&searchType=13,2026-07-18T19:41:51+09:00
053260,금강철강,1차 철강 제조업,냉연압연강판·산세코일,1차 철강 제조업 / 냉연압연강판·산세코일,KRX_KIND_LISTED_COMPANY,https://kind.krx.co.kr/corpgeneral/corpList.do?method=download&searchType=13,2026-07-18T19:41:51+09:00
053270,구영테크,자동차 신품 부품 제조업,엔진 브라켓(Engine Bracket) 등,자동차 신품 부품 제조업 / 엔진 브라켓(Engine Bracket) 등,KRX_KIND_LISTED_COMPANY,https://kind.krx.co.kr/corpgeneral/corpList.do?method=download&searchType=13,2026-07-18T19:41:51+09:00
053280,예스24,무점포 소매업,도서·음반·DVD,무점포 소매업 / 도서·음반·DVD,KRX_KIND_LISTED_COMPANY,https://kind.krx.co.kr/corpgeneral/corpList.do?method=download&searchType=13,2026-07-18T19:41:51+09:00
053290,NE능률,"서적, 잡지 및 기타 인쇄물 출판업",영어학습교재,"서적, 잡지 및 기타 인쇄물 출판업 / 영어학습교재",KRX_KIND_LISTED_COMPANY,https://kind.krx.co.kr/corpgeneral/corpList.do?method=download&searchType=13,2026-07-18T19:41:51+09:00
053300,한국정보인증,소프트웨어 개발 및 공급업,공인인증서·PKI솔루션 등,소프트웨어 개발 및 공급업 / 공인인증서·PKI솔루션 등,KRX_KIND_LISTED_COMPANY,https://kind.krx.co.kr/corpgeneral/corpList.do?method=download&searchType=13,2026-07-18T19:41:51+09:00
053350,이니텍,소프트웨어 개발 및 공급업,정보보안 및 인증솔루션,소프트웨어 개발 및 공급업 / 정보보안 및 인증솔루션,KRX_KIND_LISTED_COMPANY,https://kind.krx.co.kr/corpgeneral/corpList.do?method=download&searchType=13,2026-07-18T19:41:51+09:00
053450,세코닉스,사진장비 및 광학기기 제조업,모바일용 카메라렌즈·차량용 카메라 및 광학부품,사진장비 및 광학기기 제조업 / 모바일용 카메라렌즈·차량용 카메라 및 광학부품,KRX_KIND_LISTED_COMPANY,https://kind.krx.co.kr/corpgeneral/corpList.do?method=download&searchType=13,2026-07-18T19:41:51+09:00
053580,웹케시,소프트웨어 개발 및 공급업,에스이알피·브랜치·인하우스,소프트웨어 개발 및 공급업 / 에스이알피·브랜치·인하우스,KRX_KIND_LISTED_COMPANY,https://kind.krx.co.kr/corpgeneral/corpList.do?method=download&searchType=13,2026-07-18T19:41:51+09:00
053610,프로텍,특수 목적용 기계 제조업,Dispenser·Tray Feeder·공압실린더,특수 목적용 기계 제조업 / Dispenser·Tray Feeder·공압실린더,KRX_KIND_LISTED_COMPANY,https://kind.krx.co.kr/corpgeneral/corpList.do?method=download&searchType=13,2026-07-18T19:41:51+09:00
053620,태양,기타 금속 가공제품 제조업,휴대용 부탄가스·에어졸캔·외주수탁품,기타 금속 가공제품 제조업 / 휴대용 부탄가스·에어졸캔·외주수탁품,KRX_KIND_LISTED_COMPANY,https://kind.krx.co.kr/corpgeneral/corpList.do?method=download&searchType=13,2026-07-18T19:41:51+09:00
053690,한미글로벌,"건축기술, 엔지니어링 및 관련 기술 서비스업",건축 설계·감리·건축공사,"건축기술, 엔지니어링 및 관련 기술 서비스업 / 건축 설계·감리·건축공사",KRX_KIND_LISTED_COMPANY,https://kind.krx.co.kr/corpgeneral/corpList.do?method=download&searchType=13,2026-07-18T19:41:51+09:00
053700,삼보모터스,자동차 신품 부품 제조업,증명서 자동발급기,자동차 신품 부품 제조업 / 증명서 자동발급기,KRX_KIND_LISTED_COMPANY,https://kind.krx.co.kr/corpgeneral/corpList.do?method=download&searchType=13,2026-07-18T19:41:51+09:00
053800,안랩,소프트웨어 개발 및 공급업,바이러스백신 프로그램,소프트웨어 개발 및 공급업 / 바이러스백신 프로그램,KRX_KIND_LISTED_COMPANY,https://kind.krx.co.kr/corpgeneral/corpList.do?method=download&searchType=13,2026-07-18T19:41:51+09:00
053950,경남제약,의약품 제조업,의약품,의약품 제조업 / 의약품,KRX_KIND_LISTED_COMPANY,https://kind.krx.co.kr/corpgeneral/corpList.do?method=download&searchType=13,2026-07-18T19:41:51+09:00
053980,오상자이엘,소프트웨어 개발 및 공급업,CATIA Solution,소프트웨어 개발 및 공급업 / CATIA Solution,KRX_KIND_LISTED_COMPANY,https://kind.krx.co.kr/corpgeneral/corpList.do?method=download&searchType=13,2026-07-18T19:41:51+09:00
054040,한국컴퓨터,전자부품 제조업,PCB Assembly (PBA),전자부품 제조업 / PCB Assembly (PBA),KRX_KIND_LISTED_COMPANY,https://kind.krx.co.kr/corpgeneral/corpList.do?method=download&searchType=13,2026-07-18T19:41:51+09:00
054050,NH농우바이오,작물 재배업,고추·수박·참외(메론),작물 재배업 / 고추·수박·참외(메론),KRX_KIND_LISTED_COMPANY,https://kind.krx.co.kr/corpgeneral/corpList.do?method=download&searchType=13,2026-07-18T19:41:51+09:00
054090,삼진엘앤디,그외 기타 제품 제조업,몰드프레임·TFT-LCD BLU,그외 기타 제품 제조업 / 몰드프레임·TFT-LCD BLU,KRX_KIND_LISTED_COMPANY,https://kind.krx.co.kr/corpgeneral/corpList.do?method=download&searchType=13,2026-07-18T19:41:51+09:00
054180,메디콕스,선박 및 보트 건조업,XML·SGML 관련 제품 및 솔루션,선박 및 보트 건조업 / XML·SGML 관련 제품 및 솔루션,KRX_KIND_LISTED_COMPANY,https://kind.krx.co.kr/corpgeneral/corpList.do?method=download&searchType=13,2026-07-18T19:41:51+09:00
054210,이랜텍,전자부품 제조업,Battery Pack,전자부품 제조업 / Battery Pack,KRX_KIND_LISTED_COMPANY,https://kind.krx.co.kr/corpgeneral/corpList.do?method=download&searchType=13,2026-07-18T19:41:51+09:00
054220,비츠로시스,"전동기, 발전기 및 전기 변환 · 공급 · 제어 장치 제조업",원방감시제어시스템·분산제어시스템,"전동기, 발전기 및 전기 변환 · 공급 · 제어 장치 제조업 / 원방감시제어시스템·분산제어시스템",KRX_KIND_LISTED_COMPANY,https://kind.krx.co.kr/corpgeneral/corpList.do?method=download&searchType=13,2026-07-18T19:41:51+09:00
054300,팬스타엔터프라이즈,일반 목적용 기계 제조업,자동차 정비용 리프트,일반 목적용 기계 제조업 / 자동차 정비용 리프트,KRX_KIND_LISTED_COMPANY,https://kind.krx.co.kr/corpgeneral/corpList.do?method=download&searchType=13,2026-07-18T19:41:51+09:00
054410,케이피티유,"섬유, 의복, 신발 및 가죽제품 소매업",Vacuum Treatment·Plasma Surface Treatment,"섬유, 의복, 신발 및 가죽제품 소매업 / Vacuum Treatment·Plasma Surface Treatment",KRX_KIND_LISTED_COMPANY,https://kind.krx.co.kr/corpgeneral/corpList.do?method=download&searchType=13,2026-07-18T19:41:51+09:00
054450,텔레칩스,반도체 제조업,디지털미디어프로세서·발신자정보표시칩,반도체 제조업 / 디지털미디어프로세서·발신자정보표시칩,KRX_KIND_LISTED_COMPANY,https://kind.krx.co.kr/corpgeneral/corpList.do?method=download&searchType=13,2026-07-18T19:41:51+09:00
054540,삼영엠텍,"구조용 금속제품, 탱크 및 증기발생기 제조업",구조용 특수장치·교량부품,"구조용 금속제품, 탱크 및 증기발생기 제조업 / 구조용 특수장치·교량부품",KRX_KIND_LISTED_COMPANY,https://kind.krx.co.kr/corpgeneral/corpList.do?method=download&searchType=13,2026-07-18T19:41:51+09:00
054620,APS,기타 금융업,인터넷 트래픽 솔루션,기타 금융업 / 인터넷 트래픽 솔루션,KRX_KIND_LISTED_COMPANY,https://kind.krx.co.kr/corpgeneral/corpList.do?method=download&searchType=13,2026-07-18T19:41:51+09:00
054670,대한뉴팜,의약품 제조업,동물약품·인체약품,의약품 제조업 / 동물약품·인체약품,KRX_KIND_LISTED_COMPANY,https://kind.krx.co.kr/corpgeneral/corpList.do?method=download&searchType=13,2026-07-18T19:41:51+09:00
054780,키이스트,"영화, 비디오물, 방송프로그램 제작 및 배급업",멀티미디어 SI,"영화, 비디오물, 방송프로그램 제작 및 배급업 / 멀티미디어 SI",KRX_KIND_LISTED_COMPANY,https://kind.krx.co.kr/corpgeneral/corpList.do?method=download&searchType=13,2026-07-18T19:41:51+09:00
054800,아이디스홀딩스,기타 전문 서비스업,비금융지주회사,기타 전문 서비스업 / 비금융지주회사,KRX_KIND_LISTED_COMPANY,https://kind.krx.co.kr/corpgeneral/corpList.do?method=download&searchType=13,2026-07-18T19:41:51+09:00
054920,한컴위드,소프트웨어 개발 및 공급업,전자상거래 보안 솔루션,소프트웨어 개발 및 공급업 / 전자상거래 보안 솔루션,KRX_KIND_LISTED_COMPANY,https://kind.krx.co.kr/corpgeneral/corpList.do?method=download&searchType=13,2026-07-18T19:41:51+09:00
054930,유신,"건축기술, 엔지니어링 및 관련 기술 서비스업",토목설계 및 감리,"건축기술, 엔지니어링 및 관련 기술 서비스업 / 토목설계 및 감리",KRX_KIND_LISTED_COMPANY,https://kind.krx.co.kr/corpgeneral/corpList.do?method=download&searchType=13,2026-07-18T19:41:51+09:00
054940,엑사이엔씨,실내건축 및 건축마무리 공사업,실내건축 공사업,실내건축 및 건축마무리 공사업 / 실내건축 공사업,KRX_KIND_LISTED_COMPANY,https://kind.krx.co.kr/corpgeneral/corpList.do?method=download&searchType=13,2026-07-18T19:41:51+09:00
054950,제이브이엠,일반 목적용 기계 제조업,전자동 정제·분류 및 포장시스템,일반 목적용 기계 제조업 / 전자동 정제·분류 및 포장시스템,KRX_KIND_LISTED_COMPANY,https://kind.krx.co.kr/corpgeneral/corpList.do?method=download&searchType=13,2026-07-18T19:41:51+09:00
055490,테이팩스,플라스틱제품 제조업,OCA·2차전지용 테이프·산업용 랩 등,플라스틱제품 제조업 / OCA·2차전지용 테이프·산업용 랩 등,KRX_KIND_LISTED_COMPANY,https://kind.krx.co.kr/corpgeneral/corpList.do?method=download&searchType=13,2026-07-18T19:41:51+09:00
055550,신한지주,기타 금융업,금융지주회사,기타 금융업 / 금융지주회사,KRX_KIND_LISTED_COMPANY,https://kind.krx.co.kr/corpgeneral/corpList.do?method=download&searchType=13,2026-07-18T19:41:51+09:00
056080,유진로봇,특수 목적용 기계 제조업,청소로봇·완구류외,특수 목적용 기계 제조업 / 청소로봇·완구류외,KRX_KIND_LISTED_COMPANY,https://kind.krx.co.kr/corpgeneral/corpList.do?method=download&searchType=13,2026-07-18T19:41:51+09:00
056090,시지메드텍,의료용 기기 제조업,정형외과용 신체보정용 의료기기,의료용 기기 제조업 / 정형외과용 신체보정용 의료기기,KRX_KIND_LISTED_COMPANY,https://kind.krx.co.kr/corpgeneral/corpList.do?method=download&searchType=13,2026-07-18T19:41:51+09:00
056190,SFA,특수 목적용 기계 제조업,디스플레이·2차전지·반도체 제조설비 및 공장자동화기기,특수 목적용 기계 제조업 / 디스플레이·2차전지·반도체 제조설비 및 공장자동화기기,KRX_KIND_LISTED_COMPANY,https://kind.krx.co.kr/corpgeneral/corpList.do?method=download&searchType=13,2026-07-18T19:41:51+09:00
056360,코위버,통신 및 방송 장비 제조업,가입가계 가입자계 광단국장치·SONs-51·OMS-155M,통신 및 방송 장비 제조업 / 가입가계 가입자계 광단국장치·SONs-51·OMS-155M,KRX_KIND_LISTED_COMPANY,https://kind.krx.co.kr/corpgeneral/corpList.do?method=download&searchType=13,2026-07-18T19:41:51+09:00
056700,신화인터텍,플라스틱제품 제조업,디스플레이 BLU용 광학필름,플라스틱제품 제조업 / 디스플레이 BLU용 광학필름,KRX_KIND_LISTED_COMPANY,https://kind.krx.co.kr/corpgeneral/corpList.do?method=download&searchType=13,2026-07-18T19:41:51+09:00
056730,CNT85,건물 건설업,산업설비 제조외,건물 건설업 / 산업설비 제조외,KRX_KIND_LISTED_COMPANY,https://kind.krx.co.kr/corpgeneral/corpList.do?method=download&searchType=13,2026-07-18T19:41:51+09:00
057030,YBM넷,교육지원 서비스업,온라인교육·수수료수입 등,교육지원 서비스업 / 온라인교육·수수료수입 등,KRX_KIND_LISTED_COMPANY,https://kind.krx.co.kr/corpgeneral/corpList.do?method=download&searchType=13,2026-07-18T19:41:51+09:00
057050,현대홈쇼핑,무점포 소매업,TV홈쇼핑 도소매·홈쇼핑프로그램 제작,무점포 소매업 / TV홈쇼핑 도소매·홈쇼핑프로그램 제작,KRX_KIND_LISTED_COMPANY,https://kind.krx.co.kr/corpgeneral/corpList.do?method=download&searchType=13,2026-07-18T19:41:51+09:00
057540,옴니시스템,"측정, 시험, 항해, 제어 및 기타 정밀기기 제조업; 광학기기 제외",전자식전력량계·설비미터·원격검침시스템,"측정, 시험, 항해, 제어 및 기타 정밀기기 제조업; 광학기기 제외 / 전자식전력량계·설비미터·원격검침시스템",KRX_KIND_LISTED_COMPANY,https://kind.krx.co.kr/corpgeneral/corpList.do?method=download&searchType=13,2026-07-18T19:41:51+09:00
057680,티사이언티픽,소프트웨어 개발 및 공급업,모바일쿠폰,소프트웨어 개발 및 공급업 / 모바일쿠폰,KRX_KIND_LISTED_COMPANY,https://kind.krx.co.kr/corpgeneral/corpList.do?method=download&searchType=13,2026-07-18T19:41:51+09:00
058110,멕아이씨에스,의료용 기기 제조업,인공호흡기,의료용 기기 제조업 / 인공호흡기,KRX_KIND_LISTED_COMPANY,https://kind.krx.co.kr/corpgeneral/corpList.do?method=download&searchType=13,2026-07-18T19:41:51+09:00
058400,KNN,텔레비전 방송업,방송프로그램 제작 및 송출,텔레비전 방송업 / 방송프로그램 제작 및 송출,KRX_KIND_LISTED_COMPANY,https://kind.krx.co.kr/corpgeneral/corpList.do?method=download&searchType=13,2026-07-18T19:41:51+09:00
058430,포스코스틸리온,1차 철강 제조업,용융아연도금강판·용융알루미늄도금강판·칼라도장강판,1차 철강 제조업 / 용융아연도금강판·용융알루미늄도금강판·칼라도장강판,KRX_KIND_LISTED_COMPANY,https://kind.krx.co.kr/corpgeneral/corpList.do?method=download&searchType=13,2026-07-18T19:41:51+09:00
058450,한주에이알티,"영화, 비디오물, 방송프로그램 제작 및 배급업",컴퓨터·복사기 등의 부품,"영화, 비디오물, 방송프로그램 제작 및 배급업 / 컴퓨터·복사기 등의 부품",KRX_KIND_LISTED_COMPANY,https://kind.krx.co.kr/corpgeneral/corpList.do?method=download&searchType=13,2026-07-18T19:41:51+09:00
058470,리노공업,전자부품 제조업,리노핀·반도체 소켓 등,전자부품 제조업 / 리노핀·반도체 소켓 등,KRX_KIND_LISTED_COMPANY,https://kind.krx.co.kr/corpgeneral/corpList.do?method=download&searchType=13,2026-07-18T19:41:51+09:00
058610,에스피지,"전동기, 발전기 및 전기 변환 · 공급 · 제어 장치 제조업",소형 Geared Motor,"전동기, 발전기 및 전기 변환 · 공급 · 제어 장치 제조업 / 소형 Geared Motor",KRX_KIND_LISTED_COMPANY,https://kind.krx.co.kr/corpgeneral/corpList.do?method=download&searchType=13,2026-07-18T19:41:51+09:00
058630,엠게임,소프트웨어 개발 및 공급업,온라인 게임 개발 및 퍼블리싱(열혈강호온라인·홀릭2·영웅),소프트웨어 개발 및 공급업 / 온라인 게임 개발 및 퍼블리싱(열혈강호온라인·홀릭2·영웅),KRX_KIND_LISTED_COMPANY,https://kind.krx.co.kr/corpgeneral/corpList.do?method=download&searchType=13,2026-07-18T19:41:51+09:00
058650,세아홀딩스,1차 철강 제조업,지주회사·투자 및 경영컨설팅·부동산 임대,1차 철강 제조업 / 지주회사·투자 및 경영컨설팅·부동산 임대,KRX_KIND_LISTED_COMPANY,https://kind.krx.co.kr/corpgeneral/corpList.do?method=download&searchType=13,2026-07-18T19:41:51+09:00
058730,다스코,"구조용 금속제품, 탱크 및 증기발생기 제조업",데크플레이트·도로안전시설물(가드레일·강재방호책),"구조용 금속제품, 탱크 및 증기발생기 제조업 / 데크플레이트·도로안전시설물(가드레일·강재방호책)",KRX_KIND_LISTED_COMPANY,https://kind.krx.co.kr/corpgeneral/corpList.do?method=download&searchType=13,2026-07-18T19:41:51+09:00
058820,CMG제약,의약품 제조업,의약품,의약품 제조업 / 의약품,KRX_KIND_LISTED_COMPANY,https://kind.krx.co.kr/corpgeneral/corpList.do?method=download&searchType=13,2026-07-18T19:41:51+09:00
058850,KTcs,기타 정보 서비스업,전화번호검색 데이타제공·콜센터 운영,기타 정보 서비스업 / 전화번호검색 데이타제공·콜센터 운영,KRX_KIND_LISTED_COMPANY,https://kind.krx.co.kr/corpgeneral/corpList.do?method=download&searchType=13,2026-07-18T19:41:51+09:00
058860,KTis,기타 정보 서비스업,114전화번호안내·고객센터,기타 정보 서비스업 / 114전화번호안내·고객센터,KRX_KIND_LISTED_COMPANY,https://kind.krx.co.kr/corpgeneral/corpList.do?method=download&searchType=13,2026-07-18T19:41:51+09:00
058970,엠로,소프트웨어 개발 및 공급업,기업용 공급망관리 소프트웨어·AI 디지털혁신 소프트웨어·공급망관리 클라우드 서비스,소프트웨어 개발 및 공급업 / 기업용 공급망관리 소프트웨어·AI 디지털혁신 소프트웨어·공급망관리 클라우드 서비스,KRX_KIND_LISTED_COMPANY,https://kind.krx.co.kr/corpgeneral/corpList.do?method=download&searchType=13,2026-07-18T19:41:51+09:00
059090,미코,반도체 제조업,반도체 및 디스플레이 부품 제조,반도체 제조업 / 반도체 및 디스플레이 부품 제조,KRX_KIND_LISTED_COMPANY,https://kind.krx.co.kr/corpgeneral/corpList.do?method=download&searchType=13,2026-07-18T19:41:51+09:00
059100,아이컴포넌트,전자부품 제조업,액정평판디스플레이용 플라스틱 박판필름 제조업,전자부품 제조업 / 액정평판디스플레이용 플라스틱 박판필름 제조업,KRX_KIND_LISTED_COMPANY,https://kind.krx.co.kr/corpgeneral/corpList.do?method=download&searchType=13,2026-07-18T19:41:51+09:00
059120,아진엑스텍,반도체 제조업,전자집적회로·모션제어칩,반도체 제조업 / 전자집적회로·모션제어칩,KRX_KIND_LISTED_COMPANY,https://kind.krx.co.kr/corpgeneral/corpList.do?method=download&searchType=13,2026-07-18T19:41:51+09:00
059180,엔더블유시,통신 및 방송 장비 제조업,FTTH Drop·FTTH 커넥터류·5G CPRI,통신 및 방송 장비 제조업 / FTTH Drop·FTTH 커넥터류·5G CPRI,KRX_KIND_LISTED_COMPANY,https://kind.krx.co.kr/corpgeneral/corpList.do?method=download&searchType=13,2026-07-18T19:41:51+09:00
059210,메타바이오메드,의료용품 및 기타 의약 관련제품 제조업,생체분해성봉합사·근관충전재,의료용품 및 기타 의약 관련제품 제조업 / 생체분해성봉합사·근관충전재,KRX_KIND_LISTED_COMPANY,https://kind.krx.co.kr/corpgeneral/corpList.do?method=download&searchType=13,2026-07-18T19:41:51+09:00
059270,해성에어로보틱스,기타 금속 가공제품 제조업,기어 및 동력전달장치,기타 금속 가공제품 제조업 / 기어 및 동력전달장치,KRX_KIND_LISTED_COMPANY,https://kind.krx.co.kr/corpgeneral/corpList.do?method=download&searchType=13,2026-07-18T19:41:51+09:00
060150,인선이엔티,폐기물 처리업,건축폐기물처리,폐기물 처리업 / 건축폐기물처리,KRX_KIND_LISTED_COMPANY,https://kind.krx.co.kr/corpgeneral/corpList.do?method=download&searchType=13,2026-07-18T19:41:51+09:00
060230,제이케이시냅스,기타 화학제품 제조업,화학제품 및 전자재료,기타 화학제품 제조업 / 화학제품 및 전자재료,KRX_KIND_LISTED_COMPANY,https://kind.krx.co.kr/corpgeneral/corpList.do?method=download&searchType=13,2026-07-18T19:41:51+09:00
060240,스타코링크,선박 및 보트 건조업,모바일게임(열혈강호·검과마법),선박 및 보트 건조업 / 모바일게임(열혈강호·검과마법),KRX_KIND_LISTED_COMPANY,https://kind.krx.co.kr/corpgeneral/corpList.do?method=download&searchType=13,2026-07-18T19:41:51+09:00
060250,NHN KCP,금융 지원 서비스업,전자결제서비스업,금융 지원 서비스업 / 전자결제서비스업,KRX_KIND_LISTED_COMPANY,https://kind.krx.co.kr/corpgeneral/corpList.do?method=download&searchType=13,2026-07-18T19:41:51+09:00
060260,뉴보텍,플라스틱제품 제조업,고강성 PVC DC·HDPE 등,플라스틱제품 제조업 / 고강성 PVC DC·HDPE 등,KRX_KIND_LISTED_COMPANY,https://kind.krx.co.kr/corpgeneral/corpList.do?method=download&searchType=13,2026-07-18T19:41:51+09:00
060280,큐렉소,기타 상품 전문 소매업,만화단행본·정기간행물,기타 상품 전문 소매업 / 만화단행본·정기간행물,KRX_KIND_LISTED_COMPANY,https://kind.krx.co.kr/corpgeneral/corpList.do?method=download&searchType=13,2026-07-18T19:41:51+09:00
060310,3S,"측정, 시험, 항해, 제어 및 기타 정밀기기 제조업; 광학기기 제외",반도체 웨이퍼 캐리어,"측정, 시험, 항해, 제어 및 기타 정밀기기 제조업; 광학기기 제외 / 반도체 웨이퍼 캐리어",KRX_KIND_LISTED_COMPANY,https://kind.krx.co.kr/corpgeneral/corpList.do?method=download&searchType=13,2026-07-18T19:41:51+09:00
060370,LS마린솔루션,전기 및 통신 공사업,해저케이블등의 건설 및 유지보수 업무,전기 및 통신 공사업 / 해저케이블등의 건설 및 유지보수 업무,KRX_KIND_LISTED_COMPANY,https://kind.krx.co.kr/corpgeneral/corpList.do?method=download&searchType=13,2026-07-18T19:41:51+09:00
060380,동양에스텍,1차 철강 제조업,열연박판·열연후판·무늬강판,1차 철강 제조업 / 열연박판·열연후판·무늬강판,KRX_KIND_LISTED_COMPANY,https://kind.krx.co.kr/corpgeneral/corpList.do?method=download&searchType=13,2026-07-18T19:41:51+09:00
060480,국일신동,1차 비철금속 제조업,황동봉,1차 비철금속 제조업 / 황동봉,KRX_KIND_LISTED_COMPANY,https://kind.krx.co.kr/corpgeneral/corpList.do?method=download&searchType=13,2026-07-18T19:41:51+09:00
060540,에스에이티,"측정, 시험, 항해, 제어 및 기타 정밀기기 제조업; 광학기기 제외",교통관련장비(고정식축중기·이동식축중기 등),"측정, 시험, 항해, 제어 및 기타 정밀기기 제조업; 광학기기 제외 / 교통관련장비(고정식축중기·이동식축중기 등)",KRX_KIND_LISTED_COMPANY,https://kind.krx.co.kr/corpgeneral/corpList.do?method=download&searchType=13,2026-07-18T19:41:51+09:00
060560,HC홈센타,기타 전문 도매업,건축자재·레미콘,기타 전문 도매업 / 건축자재·레미콘,KRX_KIND_LISTED_COMPANY,https://kind.krx.co.kr/corpgeneral/corpList.do?method=download&searchType=13,2026-07-18T19:41:51+09:00
060570,드림어스컴퍼니,영상·오디오물 제공 서비스업,온라인 음악 서비스,영상·오디오물 제공 서비스업 / 온라인 음악 서비스,KRX_KIND_LISTED_COMPANY,https://kind.krx.co.kr/corpgeneral/corpList.do?method=download&searchType=13,2026-07-18T19:41:51+09:00
060590,씨티씨바이오,의약품 제조업,동물용항병원성제품·생균효소제,의약품 제조업 / 동물용항병원성제품·생균효소제,KRX_KIND_LISTED_COMPANY,https://kind.krx.co.kr/corpgeneral/corpList.do?method=download&searchType=13,2026-07-18T19:41:51+09:00
060720,KH바텍,전자부품 제조업,휴대폰부품(SHIELD·BRACKET),전자부품 제조업 / 휴대폰부품(SHIELD·BRACKET),KRX_KIND_LISTED_COMPANY,https://kind.krx.co.kr/corpgeneral/corpList.do?method=download&searchType=13,2026-07-18T19:41:51+09:00
060850,영림원소프트랩,소프트웨어 개발 및 공급업,ERP Package·유지 관리 등,소프트웨어 개발 및 공급업 / ERP Package·유지 관리 등,KRX_KIND_LISTED_COMPANY,https://kind.krx.co.kr/corpgeneral/corpList.do?method=download&searchType=13,2026-07-18T19:41:51+09:00
060900,에이전트AI,전기업,풍력 및 태양광 발전업,전기업 / 풍력 및 태양광 발전업,KRX_KIND_LISTED_COMPANY,https://kind.krx.co.kr/corpgeneral/corpList.do?method=download&searchType=13,2026-07-18T19:41:51+09:00
060980,HL홀딩스,기타 금융업,지주회사 및 경영컨설팅 서비스업,기타 금융업 / 지주회사 및 경영컨설팅 서비스업,KRX_KIND_LISTED_COMPANY,https://kind.krx.co.kr/corpgeneral/corpList.do?method=download&searchType=13,2026-07-18T19:41:51+09:00
061040,알에프텍,통신 및 방송 장비 제조업,핸드폰 충전기·핸즈프리,통신 및 방송 장비 제조업 / 핸드폰 충전기·핸즈프리,KRX_KIND_LISTED_COMPANY,https://kind.krx.co.kr/corpgeneral/corpList.do?method=download&searchType=13,2026-07-18T19:41:51+09:00
061090,세나테크놀로지,통신 및 방송 장비 제조업,메시통신제품·스마트 헬멧,통신 및 방송 장비 제조업 / 메시통신제품·스마트 헬멧,KRX_KIND_LISTED_COMPANY,https://kind.krx.co.kr/corpgeneral/corpList.do?method=download&searchType=13,2026-07-18T19:41:51+09:00
061250,화일약품,의약품 제조업,의약품 원료,의약품 제조업 / 의약품 원료,KRX_KIND_LISTED_COMPANY,https://kind.krx.co.kr/corpgeneral/corpList.do?method=download&searchType=13,2026-07-18T19:41:51+09:00
061970,LB세미콘,반도체 제조업,골드범핑·솔더범핑 등,반도체 제조업 / 골드범핑·솔더범핑 등,KRX_KIND_LISTED_COMPANY,https://kind.krx.co.kr/corpgeneral/corpList.do?method=download&searchType=13,2026-07-18T19:41:51+09:00
062040,산일전기,"전동기, 발전기 및 전기 변환 · 공급 · 제어 장치 제조업",유입·몰드·주상,"전동기, 발전기 및 전기 변환 · 공급 · 제어 장치 제조업 / 유입·몰드·주상",KRX_KIND_LISTED_COMPANY,https://kind.krx.co.kr/corpgeneral/corpList.do?method=download&searchType=13,2026-07-18T19:41:51+09:00
062970,한국첨단소재,통신 및 방송 장비 제조업,데이터센터용 AWG·통신용 AWG·스플리터,통신 및 방송 장비 제조업 / 데이터센터용 AWG·통신용 AWG·스플리터,KRX_KIND_LISTED_COMPANY,https://kind.krx.co.kr/corpgeneral/corpList.do?method=download&searchType=13,2026-07-18T19:41:51+09:00
063080,컴투스홀딩스,소프트웨어 개발 및 공급업,모바일게임,소프트웨어 개발 및 공급업 / 모바일게임,KRX_KIND_LISTED_COMPANY,https://kind.krx.co.kr/corpgeneral/corpList.do?method=download&searchType=13,2026-07-18T19:41:51+09:00
063160,종근당바이오,의약품 제조업,의약품·원료의약품 제조,의약품 제조업 / 의약품·원료의약품 제조,KRX_KIND_LISTED_COMPANY,https://kind.krx.co.kr/corpgeneral/corpList.do?method=download&searchType=13,2026-07-18T19:41:51+09:00
063170,서울옥션,상품 중개업,미술품경매,상품 중개업 / 미술품경매,KRX_KIND_LISTED_COMPANY,https://kind.krx.co.kr/corpgeneral/corpList.do?method=download&searchType=13,2026-07-18T19:41:51+09:00
063440,SM Life Design,기록매체 복제업,추첨식복권 제조·일반출판 인쇄·CD ·DVD 복제,기록매체 복제업 / 추첨식복권 제조·일반출판 인쇄·CD ·DVD 복제,KRX_KIND_LISTED_COMPANY,https://kind.krx.co.kr/corpgeneral/corpList.do?method=download&searchType=13,2026-07-18T19:41:51+09:00
063570,NICE인프라,기타 사업지원 서비스업,ATM관리사업·CD-VAN사업,기타 사업지원 서비스업 / ATM관리사업·CD-VAN사업,KRX_KIND_LISTED_COMPANY,https://kind.krx.co.kr/corpgeneral/corpList.do?method=download&searchType=13,2026-07-18T19:41:51+09:00
063760,이엘피,"측정, 시험, 항해, 제어 및 기타 정밀기기 제조업; 광학기기 제외",OLED 패널검사기 등,"측정, 시험, 항해, 제어 및 기타 정밀기기 제조업; 광학기기 제외 / OLED 패널검사기 등",KRX_KIND_LISTED_COMPANY,https://kind.krx.co.kr/corpgeneral/corpList.do?method=download&searchType=13,2026-07-18T19:41:51+09:00
064090,인크레더블버즈,상품 종합 도매업,Jayjun·Nerdy 외,상품 종합 도매업 / Jayjun·Nerdy 외,KRX_KIND_LISTED_COMPANY,https://kind.krx.co.kr/corpgeneral/corpList.do?method=download&searchType=13,2026-07-18T19:41:51+09:00
064240,홈캐스트,기타 전문 도매업,디지털 셋톱박스,기타 전문 도매업 / 디지털 셋톱박스,KRX_KIND_LISTED_COMPANY,https://kind.krx.co.kr/corpgeneral/corpList.do?method=download&searchType=13,2026-07-18T19:41:51+09:00
064260,다날,소프트웨어 개발 및 공급업,모바일콘텐츠 및 유무선전화결제,소프트웨어 개발 및 공급업 / 모바일콘텐츠 및 유무선전화결제,KRX_KIND_LISTED_COMPANY,https://kind.krx.co.kr/corpgeneral/corpList.do?method=download&searchType=13,2026-07-18T19:41:51+09:00
064290,인텍플러스,특수 목적용 기계 제조업,LED 외관검사장비·반도체 외관검사장비·태양전지 외관검사장비등,특수 목적용 기계 제조업 / LED 외관검사장비·반도체 외관검사장비·태양전지 외관검사장비등,KRX_KIND_LISTED_COMPANY,https://kind.krx.co.kr/corpgeneral/corpList.do?method=download&searchType=13,2026-07-18T19:41:51+09:00
064350,현대로템,그외 기타 운송장비 제조업,철도차량·특수중기·산업기계,그외 기타 운송장비 제조업 / 철도차량·특수중기·산업기계,KRX_KIND_LISTED_COMPANY,https://kind.krx.co.kr/corpgeneral/corpList.do?method=download&searchType=13,2026-07-18T19:41:51+09:00
064400,LG씨엔에스,"컴퓨터 프로그래밍, 시스템 통합 및 관리업",컨설팅·시스템 구축·운영,"컴퓨터 프로그래밍, 시스템 통합 및 관리업 / 컨설팅·시스템 구축·운영",KRX_KIND_LISTED_COMPANY,https://kind.krx.co.kr/corpgeneral/corpList.do?method=download&searchType=13,2026-07-18T19:41:51+09:00
064480,브리지텍,소프트웨어 개발 및 공급업,컨택센터솔루션·BcN솔루션·ASP서비스사업,소프트웨어 개발 및 공급업 / 컨택센터솔루션·BcN솔루션·ASP서비스사업,KRX_KIND_LISTED_COMPANY,https://kind.krx.co.kr/corpgeneral/corpList.do?method=download&searchType=13,2026-07-18T19:41:51+09:00
064520,테크엘,반도체 제조업,메모리 카드·스마트 카드 등,반도체 제조업 / 메모리 카드·스마트 카드 등,KRX_KIND_LISTED_COMPANY,https://kind.krx.co.kr/corpgeneral/corpList.do?method=download&searchType=13,2026-07-18T19:41:51+09:00
064550,바이오니아,의료용품 및 기타 의약 관련제품 제조업,합성유전자·시약및유전자분석장비,의료용품 및 기타 의약 관련제품 제조업 / 합성유전자·시약및유전자분석장비,KRX_KIND_LISTED_COMPANY,https://kind.krx.co.kr/corpgeneral/corpList.do?method=download&searchType=13,2026-07-18T19:41:51+09:00
064760,티씨케이,기타 비금속 광물제품 제조업,반도체 제조공정용 고순도 흑연제품,기타 비금속 광물제품 제조업 / 반도체 제조공정용 고순도 흑연제품,KRX_KIND_LISTED_COMPANY,https://kind.krx.co.kr/corpgeneral/corpList.do?method=download&searchType=13,2026-07-18T19:41:51+09:00
064800,포니링크,"섬유, 의복, 신발 및 가죽제품 소매업",의류제품,"섬유, 의복, 신발 및 가죽제품 소매업 / 의류제품",KRX_KIND_LISTED_COMPANY,https://kind.krx.co.kr/corpgeneral/corpList.do?method=download&searchType=13,2026-07-18T19:41:51+09:00
064820,케이프,선박 및 보트 건조업,선박엔진용실린더라이너,선박 및 보트 건조업 / 선박엔진용실린더라이너,KRX_KIND_LISTED_COMPANY,https://kind.krx.co.kr/corpgeneral/corpList.do?method=download&searchType=13,2026-07-18T19:41:51+09:00
064850,에프앤가이드,기타 정보 서비스업,금융정보서비스·INDEX·펀드평가 등,기타 정보 서비스업 / 금융정보서비스·INDEX·펀드평가 등,KRX_KIND_LISTED_COMPANY,https://kind.krx.co.kr/corpgeneral/corpList.do?method=download&searchType=13,2026-07-18T19:41:51+09:00
064960,SNT모티브,자동차 신품 부품 제조업,자동차부품(서스펜션모듈·전장품·속옵서버,자동차 신품 부품 제조업 / 자동차부품(서스펜션모듈·전장품·속옵서버,KRX_KIND_LISTED_COMPANY,https://kind.krx.co.kr/corpgeneral/corpList.do?method=download&searchType=13,2026-07-18T19:41:51+09:00
065060,지엔코,봉제의복 제조업,캐쥬얼의류(Thursday Island·TI FOR MEN),봉제의복 제조업 / 캐쥬얼의류(Thursday Island·TI FOR MEN),KRX_KIND_LISTED_COMPANY,https://kind.krx.co.kr/corpgeneral/corpList.do?method=download&searchType=13,2026-07-18T19:41:51+09:00
065130,탑엔지니어링,특수 목적용 기계 제조업,LCD Cell Line 자동화 장치,특수 목적용 기계 제조업 / LCD Cell Line 자동화 장치,KRX_KIND_LISTED_COMPANY,https://kind.krx.co.kr/corpgeneral/corpList.do?method=download&searchType=13,2026-07-18T19:41:51+09:00
065150,대산F&B,음·식료품 및 담배 도매업,외식프랜차이즈사업·육류가공·식자재유통등,음·식료품 및 담배 도매업 / 외식프랜차이즈사업·육류가공·식자재유통등,KRX_KIND_LISTED_COMPANY,https://kind.krx.co.kr/corpgeneral/corpList.do?method=download&searchType=13,2026-07-18T19:41:51+09:00
065170,비엘팜텍,음·식료품 및 담배 도매업,건강보조식품 등,음·식료품 및 담배 도매업 / 건강보조식품 등,KRX_KIND_LISTED_COMPANY,https://kind.krx.co.kr/corpgeneral/corpList.do?method=download&searchType=13,2026-07-18T19:41:51+09:00
065350,신성델타테크,가정용 기기 제조업,세탁기·자동차·에어컨 및 LCD 부품,가정용 기기 제조업 / 세탁기·자동차·에어컨 및 LCD 부품,KRX_KIND_LISTED_COMPANY,https://kind.krx.co.kr/corpgeneral/corpList.do?method=download&searchType=13,2026-07-18T19:41:51+09:00
065370,위세아이텍,소프트웨어 개발 및 공급업,빅데이터분석·인공지능·데이터품질관리 솔루션,소프트웨어 개발 및 공급업 / 빅데이터분석·인공지능·데이터품질관리 솔루션,KRX_KIND_LISTED_COMPANY,https://kind.krx.co.kr/corpgeneral/corpList.do?method=download&searchType=13,2026-07-18T19:41:51+09:00
065420,에스아이리소스,기타 화학제품 제조업,유연탄,기타 화학제품 제조업 / 유연탄,KRX_KIND_LISTED_COMPANY,https://kind.krx.co.kr/corpgeneral/corpList.do?method=download&searchType=13,2026-07-18T19:41:51+09:00
065440,이루온,소프트웨어 개발 및 공급업,이동통신 핵심망 및 서비스망 솔루션 개발 공급,소프트웨어 개발 및 공급업 / 이동통신 핵심망 및 서비스망 솔루션 개발 공급,KRX_KIND_LISTED_COMPANY,https://kind.krx.co.kr/corpgeneral/corpList.do?method=download&searchType=13,2026-07-18T19:41:51+09:00
065450,빅텍,"측정, 시험, 항해, 제어 및 기타 정밀기기 제조업; 광학기기 제외",전자전시스템 장치류,"측정, 시험, 항해, 제어 및 기타 정밀기기 제조업; 광학기기 제외 / 전자전시스템 장치류",KRX_KIND_LISTED_COMPANY,https://kind.krx.co.kr/corpgeneral/corpList.do?method=download&searchType=13,2026-07-18T19:41:51+09:00
065500,오리엔트정공,자동차 신품 부품 제조업,하우징·리테이너베어링,자동차 신품 부품 제조업 / 하우징·리테이너베어링,KRX_KIND_LISTED_COMPANY,https://kind.krx.co.kr/corpgeneral/corpList.do?method=download&searchType=13,2026-07-18T19:41:51+09:00
065510,휴비츠,의료용 기기 제조업,자동검안기·자동렌즈미터,의료용 기기 제조업 / 자동검안기·자동렌즈미터,KRX_KIND_LISTED_COMPANY,https://kind.krx.co.kr/corpgeneral/corpList.do?method=download&searchType=13,2026-07-18T19:41:51+09:00
065530,와이어블,전기 통신업,공용기지국건설·관리,전기 통신업 / 공용기지국건설·관리,KRX_KIND_LISTED_COMPANY,https://kind.krx.co.kr/corpgeneral/corpList.do?method=download&searchType=13,2026-07-18T19:41:51+09:00
065570,삼영이엔씨,통신 및 방송 장비 제조업,GMDSS장비·GPS플로터 등,통신 및 방송 장비 제조업 / GMDSS장비·GPS플로터 등,KRX_KIND_LISTED_COMPANY,https://kind.krx.co.kr/corpgeneral/corpList.do?method=download&searchType=13,2026-07-18T19:41:51+09:00
065650,하이퍼코퍼레이션,기계장비 및 관련 물품 도매업,음반재킷 제작,기계장비 및 관련 물품 도매업 / 음반재킷 제작,KRX_KIND_LISTED_COMPANY,https://kind.krx.co.kr/corpgeneral/corpList.do?method=download&searchType=13,2026-07-18T19:41:51+09:00
065660,안트로젠,기타 전문 도매업,줄기세포치료제,기타 전문 도매업 / 줄기세포치료제,KRX_KIND_LISTED_COMPANY,https://kind.krx.co.kr/corpgeneral/corpList.do?method=download&searchType=13,2026-07-18T19:41:51+09:00
065680,우주일렉트로,전자부품 제조업,정보통신용 초정밀커넥터,전자부품 제조업 / 정보통신용 초정밀커넥터,KRX_KIND_LISTED_COMPANY,https://kind.krx.co.kr/corpgeneral/corpList.do?method=download&searchType=13,2026-07-18T19:41:51+09:00
065690,파커스,고무제품 제조업,프린터 부품·LED 조명기기·및 헬스케어 제품 제조업체,고무제품 제조업 / 프린터 부품·LED 조명기기·및 헬스케어 제품 제조업체,KRX_KIND_LISTED_COMPANY,https://kind.krx.co.kr/corpgeneral/corpList.do?method=download&searchType=13,2026-07-18T19:41:51+09:00
065710,서호전기,"전동기, 발전기 및 전기 변환 · 공급 · 제어 장치 제조업",항만크레인·구동전기장치,"전동기, 발전기 및 전기 변환 · 공급 · 제어 장치 제조업 / 항만크레인·구동전기장치",KRX_KIND_LISTED_COMPANY,https://kind.krx.co.kr/corpgeneral/corpList.do?method=download&searchType=13,2026-07-18T19:41:51+09:00
065770,CS,통신 및 방송 장비 제조업,이동통신중계기·위성방송(DMB)중계기(Gap-Filler),통신 및 방송 장비 제조업 / 이동통신중계기·위성방송(DMB)중계기(Gap-Filler),KRX_KIND_LISTED_COMPANY,https://kind.krx.co.kr/corpgeneral/corpList.do?method=download&searchType=13,2026-07-18T19:41:51+09:00
065950,웰크론,직물직조 및 직물제품 제조업,기능성 침구용품·크리너·필터,직물직조 및 직물제품 제조업 / 기능성 침구용품·크리너·필터,KRX_KIND_LISTED_COMPANY,https://kind.krx.co.kr/corpgeneral/corpList.do?method=download&searchType=13,2026-07-18T19:41:51+09:00
066130,하츠,가정용 기기 제조업,레인지후드·빌트인 기기 등,가정용 기기 제조업 / 레인지후드·빌트인 기기 등,KRX_KIND_LISTED_COMPANY,https://kind.krx.co.kr/corpgeneral/corpList.do?method=download&searchType=13,2026-07-18T19:41:51+09:00
066310,큐에스아이,반도체 제조업,레이저다이오드(LaserDiode),반도체 제조업 / 레이저다이오드(LaserDiode),KRX_KIND_LISTED_COMPANY,https://kind.krx.co.kr/corpgeneral/corpList.do?method=download&searchType=13,2026-07-18T19:41:51+09:00
066360,체리부로,"도축, 육류 가공 및 저장 처리업",육계·사료,"도축, 육류 가공 및 저장 처리업 / 육계·사료",KRX_KIND_LISTED_COMPANY,https://kind.krx.co.kr/corpgeneral/corpList.do?method=download&searchType=13,2026-07-18T19:41:51+09:00
066410,버킷스튜디오,전기 통신업,DVD타이틀,전기 통신업 / DVD타이틀,KRX_KIND_LISTED_COMPANY,https://kind.krx.co.kr/corpgeneral/corpList.do?method=download&searchType=13,2026-07-18T19:41:51+09:00
066430,아이로보틱스,기타 전문 도매업,VCI·LDPE필름 외,기타 전문 도매업 / VCI·LDPE필름 외,KRX_KIND_LISTED_COMPANY,https://kind.krx.co.kr/corpgeneral/corpList.do?method=download&searchType=13,2026-07-18T19:41:51+09:00
066570,LG전자,통신 및 방송 장비 제조업,이동통신단말기·C-TV·V.C.R.,통신 및 방송 장비 제조업 / 이동통신단말기·C-TV·V.C.R.,KRX_KIND_LISTED_COMPANY,https://kind.krx.co.kr/corpgeneral/corpList.do?method=download&searchType=13,2026-07-18T19:41:51+09:00
066590,스모트로닉,자동차 신품 부품 제조업,엔진·조향 및 기아변속기 부품,자동차 신품 부품 제조업 / 엔진·조향 및 기아변속기 부품,KRX_KIND_LISTED_COMPANY,https://kind.krx.co.kr/corpgeneral/corpList.do?method=download&searchType=13,2026-07-18T19:41:51+09:00
066620,국보디자인,실내건축 및 건축마무리 공사업,인테리어디자인,실내건축 및 건축마무리 공사업 / 인테리어디자인,KRX_KIND_LISTED_COMPANY,https://kind.krx.co.kr/corpgeneral/corpList.do?method=download&searchType=13,2026-07-18T19:41:51+09:00
066670,디티씨,부동산 임대 및 공급업,LCD Module,부동산 임대 및 공급업 / LCD Module,KRX_KIND_LISTED_COMPANY,https://kind.krx.co.kr/corpgeneral/corpList.do?method=download&searchType=13,2026-07-18T19:41:51+09:00
066700,테라젠이텍스,의약품 제조업,Loading·Unloading System·PCB Bonding System,의약품 제조업 / Loading·Unloading System·PCB Bonding System,KRX_KIND_LISTED_COMPANY,https://kind.krx.co.kr/corpgeneral/corpList.do?method=download&searchType=13,2026-07-18T19:41:51+09:00
066790,씨씨에스,텔레비전 방송업,케이블TV서비스 및 초고속인터넷서비스,텔레비전 방송업 / 케이블TV서비스 및 초고속인터넷서비스,KRX_KIND_LISTED_COMPANY,https://kind.krx.co.kr/corpgeneral/corpList.do?method=download&searchType=13,2026-07-18T19:41:51+09:00
066830,제노텍,기타 화학제품 제조업,원료의약품·합성유전자·체외진단 분석기용 시약,기타 화학제품 제조업 / 원료의약품·합성유전자·체외진단 분석기용 시약,KRX_KIND_LISTED_COMPANY,https://kind.krx.co.kr/corpgeneral/corpList.do?method=download&searchType=13,2026-07-18T19:41:51+09:00
066900,디에이피,전자부품 제조업,Build-Up PCB(인쇄회로기판),전자부품 제조업 / Build-Up PCB(인쇄회로기판),KRX_KIND_LISTED_COMPANY,https://kind.krx.co.kr/corpgeneral/corpList.do?method=download&searchType=13,2026-07-18T19:41:51+09:00
066910,손오공,기타 전문 도매업,완구·게임·캐릭터수입수수료,기타 전문 도매업 / 완구·게임·캐릭터수입수수료,KRX_KIND_LISTED_COMPANY,https://kind.krx.co.kr/corpgeneral/corpList.do?method=download&searchType=13,2026-07-18T19:41:51+09:00
066970,엘앤에프,일차전지 및 이차전지 제조업,이차전지 양극활물질,일차전지 및 이차전지 제조업 / 이차전지 양극활물질,KRX_KIND_LISTED_COMPANY,https://kind.krx.co.kr/corpgeneral/corpList.do?method=download&searchType=13,2026-07-18T19:41:51+09:00
066980,한성크린텍,"건축기술, 엔지니어링 및 관련 기술 서비스업",수처리설비EPC,"건축기술, 엔지니어링 및 관련 기술 서비스업 / 수처리설비EPC",KRX_KIND_LISTED_COMPANY,https://kind.krx.co.kr/corpgeneral/corpList.do?method=download&searchType=13,2026-07-18T19:41:51+09:00
067000,조이시티,소프트웨어 개발 및 공급업,온라인게임(프리스타일농구),소프트웨어 개발 및 공급업 / 온라인게임(프리스타일농구),KRX_KIND_LISTED_COMPANY,https://kind.krx.co.kr/corpgeneral/corpList.do?method=download&searchType=13,2026-07-18T19:41:51+09:00
067010,이씨에스,"컴퓨터 프로그래밍, 시스템 통합 및 관리업",컨택센터용교환시스템·업무용교환시스템,"컴퓨터 프로그래밍, 시스템 통합 및 관리업 / 컨택센터용교환시스템·업무용교환시스템",KRX_KIND_LISTED_COMPANY,https://kind.krx.co.kr/corpgeneral/corpList.do?method=download&searchType=13,2026-07-18T19:41:51+09:00
067080,대화제약,의약품 제조업,후로스판·세파메칠 등,의약품 제조업 / 후로스판·세파메칠 등,KRX_KIND_LISTED_COMPANY,https://kind.krx.co.kr/corpgeneral/corpList.do?method=download&searchType=13,2026-07-18T19:41:51+09:00
067160,SOOP,소프트웨어 개발 및 공급업,1인미디어플랫폼,소프트웨어 개발 및 공급업 / 1인미디어플랫폼,KRX_KIND_LISTED_COMPANY,https://kind.krx.co.kr/corpgeneral/corpList.do?method=download&searchType=13,2026-07-18T19:41:51+09:00
067170,오텍,자동차 재제조 부품 제조업,냉동 및 내장탑차·앰블란스,자동차 재제조 부품 제조업 / 냉동 및 내장탑차·앰블란스,KRX_KIND_LISTED_COMPANY,https://kind.krx.co.kr/corpgeneral/corpList.do?method=download&searchType=13,2026-07-18T19:41:51+09:00
067280,멀티캠퍼스,기타 교육기관,성인·기업전문 교육서비스,기타 교육기관 / 성인·기업전문 교육서비스,KRX_KIND_LISTED_COMPANY,https://kind.krx.co.kr/corpgeneral/corpList.do?method=download&searchType=13,2026-07-18T19:41:51+09:00
067290,JW신약,의약품 제조업,매니큐어세트·손톱깎이,의약품 제조업 / 매니큐어세트·손톱깎이,KRX_KIND_LISTED_COMPANY,https://kind.krx.co.kr/corpgeneral/corpList.do?method=download&searchType=13,2026-07-18T19:41:51+09:00
067310,하나마이크론,반도체 제조업,반도체패키징·IOT,반도체 제조업 / 반도체패키징·IOT,KRX_KIND_LISTED_COMPANY,https://kind.krx.co.kr/corpgeneral/corpList.do?method=download&searchType=13,2026-07-18T19:41:51+09:00
067370,선바이오,의약품 제조업,PEG유도체 제품 (62%)·기술료수입 (38%),의약품 제조업 / PEG유도체 제품 (62%)·기술료수입 (38%),KRX_KIND_LISTED_COMPANY,https://kind.krx.co.kr/corpgeneral/corpList.do?method=download&searchType=13,2026-07-18T19:41:51+09:00
067390,아스트,"항공기,우주선 및 부품 제조업",항공기용 부품 제조 및 동체 조립,"항공기,우주선 및 부품 제조업 / 항공기용 부품 제조 및 동체 조립",KRX_KIND_LISTED_COMPANY,https://kind.krx.co.kr/corpgeneral/corpList.do?method=download&searchType=13,2026-07-18T19:41:51+09:00
067570,엔브이에이치코리아,자동차 신품 부품 제조업,헤드라이너·NVH부품,자동차 신품 부품 제조업 / 헤드라이너·NVH부품,KRX_KIND_LISTED_COMPANY,https://kind.krx.co.kr/corpgeneral/corpList.do?method=download&searchType=13,2026-07-18T19:41:51+09:00
067630,HLB생명과학,의료용품 및 기타 의약 관련제품 제조업,ESCO 사업·신재생에너지 사업,의료용품 및 기타 의약 관련제품 제조업 / ESCO 사업·신재생에너지 사업,KRX_KIND_LISTED_COMPANY,https://kind.krx.co.kr/corpgeneral/corpList.do?method=download&searchType=13,2026-07-18T19:41:51+09:00
067730,로지시스,"컴퓨터 프로그래밍, 시스템 통합 및 관리업",전산장비 판매 및 유지보수·VAN기기 대행관리,"컴퓨터 프로그래밍, 시스템 통합 및 관리업 / 전산장비 판매 및 유지보수·VAN기기 대행관리",KRX_KIND_LISTED_COMPANY,https://kind.krx.co.kr/corpgeneral/corpList.do?method=download&searchType=13,2026-07-18T19:41:51+09:00
067770,세진티에스,전자부품 제조업,LED·LCD용 광기능성 시트,전자부품 제조업 / LED·LCD용 광기능성 시트,KRX_KIND_LISTED_COMPANY,https://kind.krx.co.kr/corpgeneral/corpList.do?method=download&searchType=13,2026-07-18T19:41:51+09:00
067830,세이브존I&C,종합 소매업,대형할인점(백화점)·부동산 임대·주차장,종합 소매업 / 대형할인점(백화점)·부동산 임대·주차장,KRX_KIND_LISTED_COMPANY,https://kind.krx.co.kr/corpgeneral/corpList.do?method=download&searchType=13,2026-07-18T19:41:51+09:00
067900,와이엔텍,폐기물 처리업,사업장폐기물중간및최종처리·전문건설·골재제조,폐기물 처리업 / 사업장폐기물중간및최종처리·전문건설·골재제조,KRX_KIND_LISTED_COMPANY,https://kind.krx.co.kr/corpgeneral/corpList.do?method=download&searchType=13,2026-07-18T19:41:51+09:00
067920,이글루,기타 정보 서비스업,통합보안관리솔루션·보안관제서비스,기타 정보 서비스업 / 통합보안관리솔루션·보안관제서비스,KRX_KIND_LISTED_COMPANY,https://kind.krx.co.kr/corpgeneral/corpList.do?method=download&searchType=13,2026-07-18T19:41:51+09:00
067990,도이치모터스,자동차 판매업,수입자동차,자동차 판매업 / 수입자동차,KRX_KIND_LISTED_COMPANY,https://kind.krx.co.kr/corpgeneral/corpList.do?method=download&searchType=13,2026-07-18T19:41:51+09:00
068050,팬엔터테인먼트,"영화, 비디오물, 방송프로그램 제작 및 배급업",방송영상물·음반,"영화, 비디오물, 방송프로그램 제작 및 배급업 / 방송영상물·음반",KRX_KIND_LISTED_COMPANY,https://kind.krx.co.kr/corpgeneral/corpList.do?method=download&searchType=13,2026-07-18T19:41:51+09:00
068100,케이웨더,일반 목적용 기계 제조업,공기개선솔루션·기상데이터·공기측정솔루션 등,일반 목적용 기계 제조업 / 공기개선솔루션·기상데이터·공기측정솔루션 등,KRX_KIND_LISTED_COMPANY,https://kind.krx.co.kr/corpgeneral/corpList.do?method=download&searchType=13,2026-07-18T19:41:51+09:00
068240,다원시스,"전동기, 발전기 및 전기 변환 · 공급 · 제어 장치 제조업",핵융합 전원장치·플라즈마 전원장치·태양광 CVD 전원장치,"전동기, 발전기 및 전기 변환 · 공급 · 제어 장치 제조업 / 핵융합 전원장치·플라즈마 전원장치·태양광 CVD 전원장치",KRX_KIND_LISTED_COMPANY,https://kind.krx.co.kr/corpgeneral/corpList.do?method=download&searchType=13,2026-07-18T19:41:51+09:00
068270,셀트리온,기초 의약물질 제조업,램시마·트룩시마·허쥬마,기초 의약물질 제조업 / 램시마·트룩시마·허쥬마,KRX_KIND_LISTED_COMPANY,https://kind.krx.co.kr/corpgeneral/corpList.do?method=download&searchType=13,2026-07-18T19:41:51+09:00
068290,삼성출판사,"서적, 잡지 및 기타 인쇄물 출판업",서적 출판·인쇄·소매,"서적, 잡지 및 기타 인쇄물 출판업 / 서적 출판·인쇄·소매",KRX_KIND_LISTED_COMPANY,https://kind.krx.co.kr/corpgeneral/corpList.do?method=download&searchType=13,2026-07-18T19:41:51+09:00
068330,일신바이오,일반 목적용 기계 제조업,초저온냉동고및동결건조기,일반 목적용 기계 제조업 / 초저온냉동고및동결건조기,KRX_KIND_LISTED_COMPANY,https://kind.krx.co.kr/corpgeneral/corpList.do?method=download&searchType=13,2026-07-18T19:41:51+09:00
068760,셀트리온제약,의약품 제조업,고덱스 캡슐 외,의약품 제조업 / 고덱스 캡슐 외,KRX_KIND_LISTED_COMPANY,https://kind.krx.co.kr/corpgeneral/corpList.do?method=download&searchType=13,2026-07-18T19:41:51+09:00
068790,DMS,특수 목적용 기계 제조업,LCD 제조장비,특수 목적용 기계 제조업 / LCD 제조장비,KRX_KIND_LISTED_COMPANY,https://kind.krx.co.kr/corpgeneral/corpList.do?method=download&searchType=13,2026-07-18T19:41:51+09:00
068930,디지털대성,일반 교습 학원,온라인 강의·오프라인 학원·교재,일반 교습 학원 / 온라인 강의·오프라인 학원·교재,KRX_KIND_LISTED_COMPANY,https://kind.krx.co.kr/corpgeneral/corpList.do?method=download&searchType=13,2026-07-18T19:41:51+09:00
068940,셀피글로벌,전자부품 제조업,신용카드 및 전자화폐 등,전자부품 제조업 / 신용카드 및 전자화폐 등,KRX_KIND_LISTED_COMPANY,https://kind.krx.co.kr/corpgeneral/corpList.do?method=download&searchType=13,2026-07-18T19:41:51+09:00
069080,웹젠,소프트웨어 개발 및 공급업,3D 온라인게임 '뮤(MU)',소프트웨어 개발 및 공급업 / 3D 온라인게임 '뮤(MU)',KRX_KIND_LISTED_COMPANY,https://kind.krx.co.kr/corpgeneral/corpList.do?method=download&searchType=13,2026-07-18T19:41:51+09:00
069140,누리플랜,"구조용 금속제품, 탱크 및 증기발생기 제조업",경관조명·경관시설,"구조용 금속제품, 탱크 및 증기발생기 제조업 / 경관조명·경관시설",KRX_KIND_LISTED_COMPANY,https://kind.krx.co.kr/corpgeneral/corpList.do?method=download&searchType=13,2026-07-18T19:41:51+09:00
069260,티케이지휴켐스,기타 화학제품 제조업,화합물·화학제품 제조,기타 화학제품 제조업 / 화합물·화학제품 제조,KRX_KIND_LISTED_COMPANY,https://kind.krx.co.kr/corpgeneral/corpList.do?method=download&searchType=13,2026-07-18T19:41:51+09:00
069330,유아이디,전자부품 제조업,ITO COATING·GLASS LAMINATION,전자부품 제조업 / ITO COATING·GLASS LAMINATION,KRX_KIND_LISTED_COMPANY,https://kind.krx.co.kr/corpgeneral/corpList.do?method=download&searchType=13,2026-07-18T19:41:51+09:00
069410,엔텔스,소프트웨어 개발 및 공급업,운용지원솔루션,소프트웨어 개발 및 공급업 / 운용지원솔루션,KRX_KIND_LISTED_COMPANY,https://kind.krx.co.kr/corpgeneral/corpList.do?method=download&searchType=13,2026-07-18T19:41:51+09:00
069460,대호에이엘,1차 비철금속 제조업,알루미늄 환절판 제조·도매·무역,1차 비철금속 제조업 / 알루미늄 환절판 제조·도매·무역,KRX_KIND_LISTED_COMPANY,https://kind.krx.co.kr/corpgeneral/corpList.do?method=download&searchType=13,2026-07-18T19:41:51+09:00
069510,에스텍,영상 및 음향기기 제조업,스피커 및 스피커시스템,영상 및 음향기기 제조업 / 스피커 및 스피커시스템,KRX_KIND_LISTED_COMPANY,https://kind.krx.co.kr/corpgeneral/corpList.do?method=download&searchType=13,2026-07-18T19:41:51+09:00
069540,빛과전자,통신 및 방송 장비 제조업,기타무선통신장비제조업,통신 및 방송 장비 제조업 / 기타무선통신장비제조업,KRX_KIND_LISTED_COMPANY,https://kind.krx.co.kr/corpgeneral/corpList.do?method=download&searchType=13,2026-07-18T19:41:51+09:00
069620,대웅제약,의약품 제조업,양약·의료기기 제조·화장품,의약품 제조업 / 양약·의료기기 제조·화장품,KRX_KIND_LISTED_COMPANY,https://kind.krx.co.kr/corpgeneral/corpList.do?method=download&searchType=13,2026-07-18T19:41:51+09:00
069640,한세엠케이,"섬유, 의복, 신발 및 가죽제품 소매업",케주얼웨어(BUCKAROO·TBJ 등),"섬유, 의복, 신발 및 가죽제품 소매업 / 케주얼웨어(BUCKAROO·TBJ 등)",KRX_KIND_LISTED_COMPANY,https://kind.krx.co.kr/corpgeneral/corpList.do?method=download&searchType=13,2026-07-18T19:41:51+09:00
069730,DSR제강,1차 철강 제조업,와이어로프·각종 경강선·철선제품,1차 철강 제조업 / 와이어로프·각종 경강선·철선제품,KRX_KIND_LISTED_COMPANY,https://kind.krx.co.kr/corpgeneral/corpList.do?method=download&searchType=13,2026-07-18T19:41:51+09:00
069920,엑시온그룹,무점포 소매업,해외·국내상품 소싱 및 판매대행 서비스,무점포 소매업 / 해외·국내상품 소싱 및 판매대행 서비스,KRX_KIND_LISTED_COMPANY,https://kind.krx.co.kr/corpgeneral/corpList.do?method=download&searchType=13,2026-07-18T19:41:51+09:00
069960,현대백화점,종합 소매업,백화점,종합 소매업 / 백화점,KRX_KIND_LISTED_COMPANY,https://kind.krx.co.kr/corpgeneral/corpList.do?method=download&searchType=13,2026-07-18T19:41:51+09:00
070300,엑스큐어,소프트웨어 개발 및 공급업,USIM카드·금융카드,소프트웨어 개발 및 공급업 / USIM카드·금융카드,KRX_KIND_LISTED_COMPANY,https://kind.krx.co.kr/corpgeneral/corpList.do?method=download&searchType=13,2026-07-18T19:41:51+09:00
070590,인티큐브,"컴퓨터 프로그래밍, 시스템 통합 및 관리업",기업통신 및 무선인터넷,"컴퓨터 프로그래밍, 시스템 통합 및 관리업 / 기업통신 및 무선인터넷",KRX_KIND_LISTED_COMPANY,https://kind.krx.co.kr/corpgeneral/corpList.do?method=download&searchType=13,2026-07-18T19:41:51+09:00
070960,모나용평,일반 및 생활 숙박시설 운영업,리조트 운영·콘도 분양,일반 및 생활 숙박시설 운영업 / 리조트 운영·콘도 분양,KRX_KIND_LISTED_COMPANY,https://kind.krx.co.kr/corpgeneral/corpList.do?method=download&searchType=13,2026-07-18T19:41:51+09:00
071050,한국금융지주,기타 금융업,금융지주회사,기타 금융업 / 금융지주회사,KRX_KIND_LISTED_COMPANY,https://kind.krx.co.kr/corpgeneral/corpList.do?method=download&searchType=13,2026-07-18T19:41:51+09:00
071090,하이스틸,1차 철강 제조업,강관 제조·도매,1차 철강 제조업 / 강관 제조·도매,KRX_KIND_LISTED_COMPANY,https://kind.krx.co.kr/corpgeneral/corpList.do?method=download&searchType=13,2026-07-18T19:41:51+09:00
071200,인피니트헬스케어,소프트웨어 개발 및 공급업,의료영상저장전송시스템(PACS),소프트웨어 개발 및 공급업 / 의료영상저장전송시스템(PACS),KRX_KIND_LISTED_COMPANY,https://kind.krx.co.kr/corpgeneral/corpList.do?method=download&searchType=13,2026-07-18T19:41:51+09:00
071280,로체시스템즈,특수 목적용 기계 제조업,LCD 제조용 이송장비,특수 목적용 기계 제조업 / LCD 제조용 이송장비,KRX_KIND_LISTED_COMPANY,https://kind.krx.co.kr/corpgeneral/corpList.do?method=download&searchType=13,2026-07-18T19:41:51+09:00
071320,지역난방공사,"증기, 냉·온수 및 공기조절 공급업",집단에너지공급 및 전기·증기 생산·판매,"증기, 냉·온수 및 공기조절 공급업 / 집단에너지공급 및 전기·증기 생산·판매",KRX_KIND_LISTED_COMPANY,https://kind.krx.co.kr/corpgeneral/corpList.do?method=download&searchType=13,2026-07-18T19:41:51+09:00
071670,에이테크솔루션,특수 목적용 기계 제조업,대형정밀금형(가전·자동차용 등),특수 목적용 기계 제조업 / 대형정밀금형(가전·자동차용 등),KRX_KIND_LISTED_COMPANY,https://kind.krx.co.kr/corpgeneral/corpList.do?method=download&searchType=13,2026-07-18T19:41:51+09:00
071840,롯데하이마트,가전제품 및 정보통신장비 소매업,가전제품·잡화 도소매·부동산 임대,가전제품 및 정보통신장비 소매업 / 가전제품·잡화 도소매·부동산 임대,KRX_KIND_LISTED_COMPANY,https://kind.krx.co.kr/corpgeneral/corpList.do?method=download&searchType=13,2026-07-18T19:41:51+09:00
071850,캐스텍코리아,자동차 신품 부품 제조업,자동차용 터보차저 부품,자동차 신품 부품 제조업 / 자동차용 터보차저 부품,KRX_KIND_LISTED_COMPANY,https://kind.krx.co.kr/corpgeneral/corpList.do?method=download&searchType=13,2026-07-18T19:41:51+09:00
071950,코아스,가구 제조업,사무용가구·금속가구 도매·제조,가구 제조업 / 사무용가구·금속가구 도매·제조,KRX_KIND_LISTED_COMPANY,https://kind.krx.co.kr/corpgeneral/corpList.do?method=download&searchType=13,2026-07-18T19:41:51+09:00
071970,HD현대마린엔진,일반 목적용 기계 제조업,조선기자재·기계부품,일반 목적용 기계 제조업 / 조선기자재·기계부품,KRX_KIND_LISTED_COMPANY,https://kind.krx.co.kr/corpgeneral/corpList.do?method=download&searchType=13,2026-07-18T19:41:51+09:00
072020,중앙백신,기초 의약물질 제조업,동물용백신,기초 의약물질 제조업 / 동물용백신,KRX_KIND_LISTED_COMPANY,https://kind.krx.co.kr/corpgeneral/corpList.do?method=download&searchType=13,2026-07-18T19:41:51+09:00
072130,유엔젤,"자료처리, 호스팅, 포털 및 기타 인터넷 정보매개 서비스업",소프트웨어(무선인터넷 솔루션·ASP통신사업자용 지능망솔루션 및 단문메세지센터) 개발·공급,"자료처리, 호스팅, 포털 및 기타 인터넷 정보매개 서비스업 / 소프트웨어(무선인터넷 솔루션·ASP통신사업자용 지능망솔루션 및 단문메세지센터) 개발·공급",KRX_KIND_LISTED_COMPANY,https://kind.krx.co.kr/corpgeneral/corpList.do?method=download&searchType=13,2026-07-18T19:41:51+09:00
072470,우리산업홀딩스,자동차 신품 부품 제조업,HVAC ACTUATOR (자동차 공조장치 부품 등),자동차 신품 부품 제조업 / HVAC ACTUATOR (자동차 공조장치 부품 등),KRX_KIND_LISTED_COMPANY,https://kind.krx.co.kr/corpgeneral/corpList.do?method=download&searchType=13,2026-07-18T19:41:51+09:00
072710,농심홀딩스,기타 금융업,지주회사·투자자문·경영컨설팅 서비스,기타 금융업 / 지주회사·투자자문·경영컨설팅 서비스,KRX_KIND_LISTED_COMPANY,https://kind.krx.co.kr/corpgeneral/corpList.do?method=download&searchType=13,2026-07-18T19:41:51+09:00
072770,멤레이비티,"컴퓨터 프로그래밍, 시스템 통합 및 관리업",무선인터넷플랫폼,"컴퓨터 프로그래밍, 시스템 통합 및 관리업 / 무선인터넷플랫폼",KRX_KIND_LISTED_COMPANY,https://kind.krx.co.kr/corpgeneral/corpList.do?method=download&searchType=13,2026-07-18T19:41:51+09:00
072870,메가스터디,"서적, 잡지 및 기타 인쇄물 출판업",온라인강의·교재판매,"서적, 잡지 및 기타 인쇄물 출판업 / 온라인강의·교재판매",KRX_KIND_LISTED_COMPANY,https://kind.krx.co.kr/corpgeneral/corpList.do?method=download&searchType=13,2026-07-18T19:41:51+09:00
072950,빛샘전자,전자부품 제조업,전광판용 LED 모듈·LED 전광판·광접속함체,전자부품 제조업 / 전광판용 LED 모듈·LED 전광판·광접속함체,KRX_KIND_LISTED_COMPANY,https://kind.krx.co.kr/corpgeneral/corpList.do?method=download&searchType=13,2026-07-18T19:41:51+09:00
072990,에이치시티,기타 과학기술 서비스업,기술검사서비스,기타 과학기술 서비스업 / 기술검사서비스,KRX_KIND_LISTED_COMPANY,https://kind.krx.co.kr/corpgeneral/corpList.do?method=download&searchType=13,2026-07-18T19:41:51+09:00
073010,케이에스피,일반 목적용 기계 제조업,선박용엔진밸브·형단조품,일반 목적용 기계 제조업 / 선박용엔진밸브·형단조품,KRX_KIND_LISTED_COMPANY,https://kind.krx.co.kr/corpgeneral/corpList.do?method=download&searchType=13,2026-07-18T19:41:51+09:00
073110,엘엠에스,전자부품 제조업,프리즘시트,전자부품 제조업 / 프리즘시트,KRX_KIND_LISTED_COMPANY,https://kind.krx.co.kr/corpgeneral/corpList.do?method=download&searchType=13,2026-07-18T19:41:51+09:00
073190,듀오백,가구 제조업,사무용 및 가정용 의자,가구 제조업 / 사무용 및 가정용 의자,KRX_KIND_LISTED_COMPANY,https://kind.krx.co.kr/corpgeneral/corpList.do?method=download&searchType=13,2026-07-18T19:41:51+09:00
073240,금호타이어,고무제품 제조업,타이어·튜브 제조·도매,고무제품 제조업 / 타이어·튜브 제조·도매,KRX_KIND_LISTED_COMPANY,https://kind.krx.co.kr/corpgeneral/corpList.do?method=download&searchType=13,2026-07-18T19:41:51+09:00
073490,LIG아큐버,통신 및 방송 장비 제조업,통신용 시험 및 계측장비,통신 및 방송 장비 제조업 / 통신용 시험 및 계측장비,KRX_KIND_LISTED_COMPANY,https://kind.krx.co.kr/corpgeneral/corpList.do?method=download&searchType=13,2026-07-18T19:41:51+09:00
073540,에프알텍,통신 및 방송 장비 제조업,이동통신용중계기,통신 및 방송 장비 제조업 / 이동통신용중계기,KRX_KIND_LISTED_COMPANY,https://kind.krx.co.kr/corpgeneral/corpList.do?method=download&searchType=13,2026-07-18T19:41:51+09:00
073560,우리손에프앤지,"도축, 육류 가공 및 저장 처리업",양돈업·도축업,"도축, 육류 가공 및 저장 처리업 / 양돈업·도축업",KRX_KIND_LISTED_COMPANY,https://kind.krx.co.kr/corpgeneral/corpList.do?method=download&searchType=13,2026-07-18T19:41:51+09:00
073570,리튬포어스,그외 기타 제품 제조업,휴대폰액세서리의 제조·판매,그외 기타 제품 제조업 / 휴대폰액세서리의 제조·판매,KRX_KIND_LISTED_COMPANY,https://kind.krx.co.kr/corpgeneral/corpList.do?method=download&searchType=13,2026-07-18T19:41:51+09:00
073640,테라사이언스,기타 금속 가공제품 제조업,유압용 관이음쇠,기타 금속 가공제품 제조업 / 유압용 관이음쇠,KRX_KIND_LISTED_COMPANY,https://kind.krx.co.kr/corpgeneral/corpList.do?method=download&searchType=13,2026-07-18T19:41:51+09:00
074430,아미노로직스,기초 의약물질 제조업,DVR용 영상처리 칩,기초 의약물질 제조업 / DVR용 영상처리 칩,KRX_KIND_LISTED_COMPANY,https://kind.krx.co.kr/corpgeneral/corpList.do?method=download&searchType=13,2026-07-18T19:41:51+09:00
074600,원익QnC,유리 및 유리제품 제조업,반도체용 석영유리,유리 및 유리제품 제조업 / 반도체용 석영유리,KRX_KIND_LISTED_COMPANY,https://kind.krx.co.kr/corpgeneral/corpList.do?method=download&searchType=13,2026-07-18T19:41:51+09:00
074610,이엔플러스,일반 목적용 기계 제조업,소방자동차 제조,일반 목적용 기계 제조업 / 소방자동차 제조,KRX_KIND_LISTED_COMPANY,https://kind.krx.co.kr/corpgeneral/corpList.do?method=download&searchType=13,2026-07-18T19:41:51+09:00
075130,플랜티넷,"컴퓨터 프로그래밍, 시스템 통합 및 관리업",유해사이트차단서비스,"컴퓨터 프로그래밍, 시스템 통합 및 관리업 / 유해사이트차단서비스",KRX_KIND_LISTED_COMPANY,https://kind.krx.co.kr/corpgeneral/corpList.do?method=download&searchType=13,2026-07-18T19:41:51+09:00
075180,새론오토모티브,자동차 신품 부품 제조업,자동차부품(브레이크패드·라이닝),자동차 신품 부품 제조업 / 자동차부품(브레이크패드·라이닝),KRX_KIND_LISTED_COMPANY,https://kind.krx.co.kr/corpgeneral/corpList.do?method=download&searchType=13,2026-07-18T19:41:51+09:00
075580,세진중공업,선박 및 보트 건조업,선박 Deck House·LPG Tank·Upper Deck Unit,선박 및 보트 건조업 / 선박 Deck House·LPG Tank·Upper Deck Unit,KRX_KIND_LISTED_COMPANY,https://kind.krx.co.kr/corpgeneral/corpList.do?method=download&searchType=13,2026-07-18T19:41:51+09:00
075970,동국알앤에스,기타 비금속 광물제품 제조업,내화물,기타 비금속 광물제품 제조업 / 내화물,KRX_KIND_LISTED_COMPANY,https://kind.krx.co.kr/corpgeneral/corpList.do?method=download&searchType=13,2026-07-18T19:41:51+09:00
076080,웰크론한텍,건물 건설업,에너지절감설비·자동화배합설비·환경설비,건물 건설업 / 에너지절감설비·자동화배합설비·환경설비,KRX_KIND_LISTED_COMPANY,https://kind.krx.co.kr/corpgeneral/corpList.do?method=download&searchType=13,2026-07-18T19:41:51+09:00
076340,지에이이노더스,기반조성 및 시설물 축조관련 전문공사업,수중공사·준설공사 등,기반조성 및 시설물 축조관련 전문공사업 / 수중공사·준설공사 등,KRX_KIND_LISTED_COMPANY,https://kind.krx.co.kr/corpgeneral/corpList.do?method=download&searchType=13,2026-07-18T19:41:51+09:00
076610,해성옵틱스,사진장비 및 광학기기 제조업,휴대폰용 렌즈모듈 및 카메라모듈,사진장비 및 광학기기 제조업 / 휴대폰용 렌즈모듈 및 카메라모듈,KRX_KIND_LISTED_COMPANY,https://kind.krx.co.kr/corpgeneral/corpList.do?method=download&searchType=13,2026-07-18T19:41:51+09:00
077360,덕산하이메탈,반도체 제조업,솔더볼(Solderball),반도체 제조업 / 솔더볼(Solderball),KRX_KIND_LISTED_COMPANY,https://kind.krx.co.kr/corpgeneral/corpList.do?method=download&searchType=13,2026-07-18T19:41:51+09:00
077500,유니퀘스트,기계장비 및 관련 물품 도매업,반도체직접회로 도매·무역·제조,기계장비 및 관련 물품 도매업 / 반도체직접회로 도매·무역·제조,KRX_KIND_LISTED_COMPANY,https://kind.krx.co.kr/corpgeneral/corpList.do?method=download&searchType=13,2026-07-18T19:41:51+09:00
077970,STX엔진,일반 목적용 기계 제조업,엔진·터빈·내연기관 제조,일반 목적용 기계 제조업 / 엔진·터빈·내연기관 제조,KRX_KIND_LISTED_COMPANY,https://kind.krx.co.kr/corpgeneral/corpList.do?method=download&searchType=13,2026-07-18T19:41:51+09:00
078000,텔코웨어,"자료처리, 호스팅, 포털 및 기타 인터넷 정보매개 서비스업",소프트웨어(핵심망솔루션·무선데이터솔루션·요소기술) 개발,"자료처리, 호스팅, 포털 및 기타 인터넷 정보매개 서비스업 / 소프트웨어(핵심망솔루션·무선데이터솔루션·요소기술) 개발",KRX_KIND_LISTED_COMPANY,https://kind.krx.co.kr/corpgeneral/corpList.do?method=download&searchType=13,2026-07-18T19:41:51+09:00
078020,LS증권,금융 지원 서비스업,유가증권위탁매매,금융 지원 서비스업 / 유가증권위탁매매,KRX_KIND_LISTED_COMPANY,https://kind.krx.co.kr/corpgeneral/corpList.do?method=download&searchType=13,2026-07-18T19:41:51+09:00
078070,유비쿼스홀딩스,기타 금융업,지주회사·자회사관리·부동산임대,기타 금융업 / 지주회사·자회사관리·부동산임대,KRX_KIND_LISTED_COMPANY,https://kind.krx.co.kr/corpgeneral/corpList.do?method=download&searchType=13,2026-07-18T19:41:51+09:00
078130,국일제지,기타 종이 및 판지 제품 제조업,산업용 및 가정용 지류(강판간지·다공지 등),기타 종이 및 판지 제품 제조업 / 산업용 및 가정용 지류(강판간지·다공지 등),KRX_KIND_LISTED_COMPANY,https://kind.krx.co.kr/corpgeneral/corpList.do?method=download&searchType=13,2026-07-18T19:41:51+09:00
078140,대봉엘에스,의약품 제조업,원료의약품·화장품원료,의약품 제조업 / 원료의약품·화장품원료,KRX_KIND_LISTED_COMPANY,https://kind.krx.co.kr/corpgeneral/corpList.do?method=download&searchType=13,2026-07-18T19:41:51+09:00
078150,HB테크놀러지,특수 목적용 기계 제조업,TFT-LCD검사장비,특수 목적용 기계 제조업 / TFT-LCD검사장비,KRX_KIND_LISTED_COMPANY,https://kind.krx.co.kr/corpgeneral/corpList.do?method=download&searchType=13,2026-07-18T19:41:51+09:00
078160,메디포스트,기초 의약물질 제조업,제대혈은행,기초 의약물질 제조업 / 제대혈은행,KRX_KIND_LISTED_COMPANY,https://kind.krx.co.kr/corpgeneral/corpList.do?method=download&searchType=13,2026-07-18T19:41:51+09:00
078340,컴투스,소프트웨어 개발 및 공급업,모바일게임,소프트웨어 개발 및 공급업 / 모바일게임,KRX_KIND_LISTED_COMPANY,https://kind.krx.co.kr/corpgeneral/corpList.do?method=download&searchType=13,2026-07-18T19:41:51+09:00
078350,한양디지텍,반도체 제조업,메모리 모듈,반도체 제조업 / 메모리 모듈,KRX_KIND_LISTED_COMPANY,https://kind.krx.co.kr/corpgeneral/corpList.do?method=download&searchType=13,2026-07-18T19:41:51+09:00
078520,에이블씨엔씨,기타 화학제품 제조업,화장품 제조·도소매·소프트웨어 자문,기타 화학제품 제조업 / 화장품 제조·도소매·소프트웨어 자문,KRX_KIND_LISTED_COMPANY,https://kind.krx.co.kr/corpgeneral/corpList.do?method=download&searchType=13,2026-07-18T19:41:51+09:00
078590,휴림에이텍,자동차 신품 부품 제조업,자동차내장카페트,자동차 신품 부품 제조업 / 자동차내장카페트,KRX_KIND_LISTED_COMPANY,https://kind.krx.co.kr/corpgeneral/corpList.do?method=download&searchType=13,2026-07-18T19:41:51+09:00
078600,대주전자재료,전자부품 제조업,전도성페이스트·태양전지 페이스트·고분자재료,전자부품 제조업 / 전도성페이스트·태양전지 페이스트·고분자재료,KRX_KIND_LISTED_COMPANY,https://kind.krx.co.kr/corpgeneral/corpList.do?method=download&searchType=13,2026-07-18T19:41:51+09:00
078860,아이오케이이엔엠,"영화, 비디오물, 방송프로그램 제작 및 배급업",연예인 매니지먼트,"영화, 비디오물, 방송프로그램 제작 및 배급업 / 연예인 매니지먼트",KRX_KIND_LISTED_COMPANY,https://kind.krx.co.kr/corpgeneral/corpList.do?method=download&searchType=13,2026-07-18T19:41:51+09:00
078890,가온그룹,통신 및 방송 장비 제조업,디지털셋톱박스,통신 및 방송 장비 제조업 / 디지털셋톱박스,KRX_KIND_LISTED_COMPANY,https://kind.krx.co.kr/corpgeneral/corpList.do?method=download&searchType=13,2026-07-18T19:41:51+09:00
078930,GS,기타 금융업,지주회사·부동산 임대,기타 금융업 / 지주회사·부동산 임대,KRX_KIND_LISTED_COMPANY,https://kind.krx.co.kr/corpgeneral/corpList.do?method=download&searchType=13,2026-07-18T19:41:51+09:00
079000,와토스코리아,플라스틱제품 제조업,위생도기용부속(양변기용),플라스틱제품 제조업 / 위생도기용부속(양변기용),KRX_KIND_LISTED_COMPANY,https://kind.krx.co.kr/corpgeneral/corpList.do?method=download&searchType=13,2026-07-18T19:41:51+09:00
079160,CJ CGV,"영화, 비디오물, 방송프로그램 제작 및 배급업",영화상영·영화관 운영,"영화, 비디오물, 방송프로그램 제작 및 배급업 / 영화상영·영화관 운영",KRX_KIND_LISTED_COMPANY,https://kind.krx.co.kr/corpgeneral/corpList.do?method=download&searchType=13,2026-07-18T19:41:51+09:00
079170,한창산업,1차 비철금속 제조업,아연말·리튬브로마이드·산화망간,1차 비철금속 제조업 / 아연말·리튬브로마이드·산화망간,KRX_KIND_LISTED_COMPANY,https://kind.krx.co.kr/corpgeneral/corpList.do?method=download&searchType=13,2026-07-18T19:41:51+09:00
079190,케스피온,통신 및 방송 장비 제조업,휴대폰안테나,통신 및 방송 장비 제조업 / 휴대폰안테나,KRX_KIND_LISTED_COMPANY,https://kind.krx.co.kr/corpgeneral/corpList.do?method=download&searchType=13,2026-07-18T19:41:51+09:00
079370,제우스,특수 목적용 기계 제조업,LCD제조용장비,특수 목적용 기계 제조업 / LCD제조용장비,KRX_KIND_LISTED_COMPANY,https://kind.krx.co.kr/corpgeneral/corpList.do?method=download&searchType=13,2026-07-18T19:41:51+09:00
079430,현대리바트,가구 제조업,일반목재가구(책상·침실가구)·주방가구,가구 제조업 / 일반목재가구(책상·침실가구)·주방가구,KRX_KIND_LISTED_COMPANY,https://kind.krx.co.kr/corpgeneral/corpList.do?method=download&searchType=13,2026-07-18T19:41:51+09:00
079550,LIG디펜스앤에어로스페이스,무기 및 총포탄 제조업,정밀유도무기 등,무기 및 총포탄 제조업 / 정밀유도무기 등,KRX_KIND_LISTED_COMPANY,https://kind.krx.co.kr/corpgeneral/corpList.do?method=download&searchType=13,2026-07-18T19:41:51+09:00
079650,서산,"시멘트, 석회, 플라스터 및 그 제품 제조업",레미콘·전주·고강도파일,"시멘트, 석회, 플라스터 및 그 제품 제조업 / 레미콘·전주·고강도파일",KRX_KIND_LISTED_COMPANY,https://kind.krx.co.kr/corpgeneral/corpList.do?method=download&searchType=13,2026-07-18T19:41:51+09:00
079810,APS이노베이션,기타 전기장비 제조업,FPD공정검사장비,기타 전기장비 제조업 / FPD공정검사장비,KRX_KIND_LISTED_COMPANY,https://kind.krx.co.kr/corpgeneral/corpList.do?method=download&searchType=13,2026-07-18T19:41:51+09:00
079900,전진건설로봇,특수 목적용 기계 제조업,콘크리트 펌프카,특수 목적용 기계 제조업 / 콘크리트 펌프카,KRX_KIND_LISTED_COMPANY,https://kind.krx.co.kr/corpgeneral/corpList.do?method=download&searchType=13,2026-07-18T19:41:51+09:00
079940,가비아,소프트웨어 개발 및 공급업,도메인·호스팅,소프트웨어 개발 및 공급업 / 도메인·호스팅,KRX_KIND_LISTED_COMPANY,https://kind.krx.co.kr/corpgeneral/corpList.do?method=download&searchType=13,2026-07-18T19:41:51+09:00
079950,인베니아,특수 목적용 기계 제조업,Dry Etcher·진공합착기·LCD Panel 검사장비,특수 목적용 기계 제조업 / Dry Etcher·진공합착기·LCD Panel 검사장비,KRX_KIND_LISTED_COMPANY,https://kind.krx.co.kr/corpgeneral/corpList.do?method=download&searchType=13,2026-07-18T19:41:51+09:00
079960,동양이엔피,"전동기, 발전기 및 전기 변환 · 공급 · 제어 장치 제조업",휴대폰용·OA기기및통신장비용·디지털가전용전원공급장치,"전동기, 발전기 및 전기 변환 · 공급 · 제어 장치 제조업 / 휴대폰용·OA기기및통신장비용·디지털가전용전원공급장치",KRX_KIND_LISTED_COMPANY,https://kind.krx.co.kr/corpgeneral/corpList.do?method=download&searchType=13,2026-07-18T19:41:51+09:00
079970,투비소프트,소프트웨어 개발 및 공급업,MiPlatform·X Platform,소프트웨어 개발 및 공급업 / MiPlatform·X Platform,KRX_KIND_LISTED_COMPANY,https://kind.krx.co.kr/corpgeneral/corpList.do?method=download&searchType=13,2026-07-18T19:41:51+09:00
079980,휴비스,화학섬유 제조업,합성섬유(폴리에스테르원사·원면)·재생섬유,화학섬유 제조업 / 합성섬유(폴리에스테르원사·원면)·재생섬유,KRX_KIND_LISTED_COMPANY,https://kind.krx.co.kr/corpgeneral/corpList.do?method=download&searchType=13,2026-07-18T19:41:51+09:00
080010,이상네트웍스,상품 중개업,기업간전자상거래서비스,상품 중개업 / 기업간전자상거래서비스,KRX_KIND_LISTED_COMPANY,https://kind.krx.co.kr/corpgeneral/corpList.do?method=download&searchType=13,2026-07-18T19:41:51+09:00
080160,모두투어,여행사 및 기타 여행보조 서비스업,항공권판매수수료·해외여행알선,여행사 및 기타 여행보조 서비스업 / 항공권판매수수료·해외여행알선,KRX_KIND_LISTED_COMPANY,https://kind.krx.co.kr/corpgeneral/corpList.do?method=download&searchType=13,2026-07-18T19:41:51+09:00
080220,제주반도체,반도체 제조업,모바일용 LP DDR SDRAM·CRAM·SRAM,반도체 제조업 / 모바일용 LP DDR SDRAM·CRAM·SRAM,KRX_KIND_LISTED_COMPANY,https://kind.krx.co.kr/corpgeneral/corpList.do?method=download&searchType=13,2026-07-18T19:41:51+09:00
080420,모다이노칩,"섬유, 의복, 신발 및 가죽제품 소매업",ESD필터·칩바리스터,"섬유, 의복, 신발 및 가죽제품 소매업 / ESD필터·칩바리스터",KRX_KIND_LISTED_COMPANY,https://kind.krx.co.kr/corpgeneral/corpList.do?method=download&searchType=13,2026-07-18T19:41:51+09:00
080470,성창오토텍,자동차 신품 부품 제조업,차량용 에어컨필터·차량용인버터 등,자동차 신품 부품 제조업 / 차량용 에어컨필터·차량용인버터 등,KRX_KIND_LISTED_COMPANY,https://kind.krx.co.kr/corpgeneral/corpList.do?method=download&searchType=13,2026-07-18T19:41:51+09:00
080520,오디텍,반도체 제조업,광반도체·소자 및 모듈,반도체 제조업 / 광반도체·소자 및 모듈,KRX_KIND_LISTED_COMPANY,https://kind.krx.co.kr/corpgeneral/corpList.do?method=download&searchType=13,2026-07-18T19:41:51+09:00
080530,코디,기타 화학제품 제조업,화장품 및 용기 제조,기타 화학제품 제조업 / 화장품 및 용기 제조,KRX_KIND_LISTED_COMPANY,https://kind.krx.co.kr/corpgeneral/corpList.do?method=download&searchType=13,2026-07-18T19:41:51+09:00
080580,오킨스전자,전자부품 제조업,반도체 검사용 소켓,전자부품 제조업 / 반도체 검사용 소켓,KRX_KIND_LISTED_COMPANY,https://kind.krx.co.kr/corpgeneral/corpList.do?method=download&searchType=13,2026-07-18T19:41:51+09:00
080720,한국유니온제약,의약품 제조업,항생제·순환기계·근골격계,의약품 제조업 / 항생제·순환기계·근골격계,KRX_KIND_LISTED_COMPANY,https://kind.krx.co.kr/corpgeneral/corpList.do?method=download&searchType=13,2026-07-18T19:41:51+09:00
081000,일진다이아,기타 화학제품 제조업,공업용 합성다이아몬드 제조·도매·수출입,기타 화학제품 제조업 / 공업용 합성다이아몬드 제조·도매·수출입,KRX_KIND_LISTED_COMPANY,https://kind.krx.co.kr/corpgeneral/corpList.do?method=download&searchType=13,2026-07-18T19:41:51+09:00
081150,티플랙스,1차 비철금속 제조업,스텐레스봉·판(열간제품) 제조·도매,1차 비철금속 제조업 / 스텐레스봉·판(열간제품) 제조·도매,KRX_KIND_LISTED_COMPANY,https://kind.krx.co.kr/corpgeneral/corpList.do?method=download&searchType=13,2026-07-18T19:41:51+09:00
081180,쎄크,일반 목적용 기계 제조업,X-ray 검사장비·LINAC·Tabletop SEM,일반 목적용 기계 제조업 / X-ray 검사장비·LINAC·Tabletop SEM,KRX_KIND_LISTED_COMPANY,https://kind.krx.co.kr/corpgeneral/corpList.do?method=download&searchType=13,2026-07-18T19:41:51+09:00
081580,성우전자,통신 및 방송 장비 제조업,휴대폰금속프레스부품(전자파차단ShieldCan),통신 및 방송 장비 제조업 / 휴대폰금속프레스부품(전자파차단ShieldCan),KRX_KIND_LISTED_COMPANY,https://kind.krx.co.kr/corpgeneral/corpList.do?method=download&searchType=13,2026-07-18T19:41:51+09:00
081660,미스토홀딩스,생활용품 도매업,스포츠의류·신발·가방,생활용품 도매업 / 스포츠의류·신발·가방,KRX_KIND_LISTED_COMPANY,https://kind.krx.co.kr/corpgeneral/corpList.do?method=download&searchType=13,2026-07-18T19:41:51+09:00
082210,옵트론텍,사진장비 및 광학기기 제조업,IRFilter·Grating,사진장비 및 광학기기 제조업 / IRFilter·Grating,KRX_KIND_LISTED_COMPANY,https://kind.krx.co.kr/corpgeneral/corpList.do?method=download&searchType=13,2026-07-18T19:41:51+09:00
082270,젬백스,특수 목적용 기계 제조업,ChemicalAirFilter·GasScrubber,특수 목적용 기계 제조업 / ChemicalAirFilter·GasScrubber,KRX_KIND_LISTED_COMPANY,https://kind.krx.co.kr/corpgeneral/corpList.do?method=download&searchType=13,2026-07-18T19:41:51+09:00
082640,동양생명,보험업,생명보험,보험업 / 생명보험,KRX_KIND_LISTED_COMPANY,https://kind.krx.co.kr/corpgeneral/corpList.do?method=download&searchType=13,2026-07-18T19:41:51+09:00
082660,코스나인,기타 화학제품 제조업,화장품,기타 화학제품 제조업 / 화장품,KRX_KIND_LISTED_COMPANY,https://kind.krx.co.kr/corpgeneral/corpList.do?method=download&searchType=13,2026-07-18T19:41:51+09:00
082740,한화엔진,일반 목적용 기계 제조업,대형선박용엔진·내연발전엔진,일반 목적용 기계 제조업 / 대형선박용엔진·내연발전엔진,KRX_KIND_LISTED_COMPANY,https://kind.krx.co.kr/corpgeneral/corpList.do?method=download&searchType=13,2026-07-18T19:41:51+09:00
082800,비보존 제약,의약품 제조업,완제의약품제조,의약품 제조업 / 완제의약품제조,KRX_KIND_LISTED_COMPANY,https://kind.krx.co.kr/corpgeneral/corpList.do?method=download&searchType=13,2026-07-18T19:41:51+09:00
082850,우리바이오,기타 식품 제조업,건강기능식품 개발 제조 및 스마트팜 연구개발,기타 식품 제조업 / 건강기능식품 개발 제조 및 스마트팜 연구개발,KRX_KIND_LISTED_COMPANY,https://kind.krx.co.kr/corpgeneral/corpList.do?method=download&searchType=13,2026-07-18T19:41:51+09:00
082920,비츠로셀,일차전지 및 이차전지 제조업,리튬1차전지,일차전지 및 이차전지 제조업 / 리튬1차전지,KRX_KIND_LISTED_COMPANY,https://kind.krx.co.kr/corpgeneral/corpList.do?method=download&searchType=13,2026-07-18T19:41:51+09:00
083310,엘오티베큠,특수 목적용 기계 제조업,반도체제조용진공펌프,특수 목적용 기계 제조업 / 반도체제조용진공펌프,KRX_KIND_LISTED_COMPANY,https://kind.krx.co.kr/corpgeneral/corpList.do?method=download&searchType=13,2026-07-18T19:41:51+09:00
083420,그린케미칼,기타 화학제품 제조업,비이온계면활성제 제조·도매,기타 화학제품 제조업 / 비이온계면활성제 제조·도매,KRX_KIND_LISTED_COMPANY,https://kind.krx.co.kr/corpgeneral/corpList.do?method=download&searchType=13,2026-07-18T19:41:51+09:00
083450,GST,특수 목적용 기계 제조업,GasScrubber·Chiller,특수 목적용 기계 제조업 / GasScrubber·Chiller,KRX_KIND_LISTED_COMPANY,https://kind.krx.co.kr/corpgeneral/corpList.do?method=download&searchType=13,2026-07-18T19:41:51+09:00
083470,이엠앤아이,기초 화학물질 제조업,OLED 유무기 소재 개발 및 판매,기초 화학물질 제조업 / OLED 유무기 소재 개발 및 판매,KRX_KIND_LISTED_COMPANY,https://kind.krx.co.kr/corpgeneral/corpList.do?method=download&searchType=13,2026-07-18T19:41:51+09:00
083500,에프엔에스테크,특수 목적용 기계 제조업,OLED·LCD 제조 공정 장비,특수 목적용 기계 제조업 / OLED·LCD 제조 공정 장비,KRX_KIND_LISTED_COMPANY,https://kind.krx.co.kr/corpgeneral/corpList.do?method=download&searchType=13,2026-07-18T19:41:51+09:00
083550,케이엠,기타 섬유제품 제조업,클린룸용Wiper,기타 섬유제품 제조업 / 클린룸용Wiper,KRX_KIND_LISTED_COMPANY,https://kind.krx.co.kr/corpgeneral/corpList.do?method=download&searchType=13,2026-07-18T19:41:51+09:00
083640,인콘,상품 종합 도매업,영상보안장비 및 영상보안솔루션,상품 종합 도매업 / 영상보안장비 및 영상보안솔루션,KRX_KIND_LISTED_COMPANY,https://kind.krx.co.kr/corpgeneral/corpList.do?method=download&searchType=13,2026-07-18T19:41:51+09:00
083650,비에이치아이,일반 목적용 기계 제조업,보일러·열교환기등,일반 목적용 기계 제조업 / 보일러·열교환기등,KRX_KIND_LISTED_COMPANY,https://kind.krx.co.kr/corpgeneral/corpList.do?method=download&searchType=13,2026-07-18T19:41:51+09:00
083660,CSA 코스믹,기타 화학제품 제조업,화장품 제조 및 판매,기타 화학제품 제조업 / 화장품 제조 및 판매,KRX_KIND_LISTED_COMPANY,https://kind.krx.co.kr/corpgeneral/corpList.do?method=download&searchType=13,2026-07-18T19:41:51+09:00
083790,CG인바이츠,자연과학 및 공학 연구개발업,아셀렉스,자연과학 및 공학 연구개발업 / 아셀렉스,KRX_KIND_LISTED_COMPANY,https://kind.krx.co.kr/corpgeneral/corpList.do?method=download&searchType=13,2026-07-18T19:41:51+09:00
083930,아바코,특수 목적용 기계 제조업,평판디스플레이제조용장비,특수 목적용 기계 제조업 / 평판디스플레이제조용장비,KRX_KIND_LISTED_COMPANY,https://kind.krx.co.kr/corpgeneral/corpList.do?method=download&searchType=13,2026-07-18T19:41:51+09:00
084010,대한제강,1차 철강 제조업,제강·철재·철근,1차 철강 제조업 / 제강·철재·철근,KRX_KIND_LISTED_COMPANY,https://kind.krx.co.kr/corpgeneral/corpList.do?method=download&searchType=13,2026-07-18T19:41:51+09:00
084110,휴온스글로벌,의약품 제조업,의약품제조업,의약품 제조업 / 의약품제조업,KRX_KIND_LISTED_COMPANY,https://kind.krx.co.kr/corpgeneral/corpList.do?method=download&searchType=13,2026-07-18T19:41:51+09:00
084180,수성웹툰,일반 목적용 기계 제조업,전동지게차,일반 목적용 기계 제조업 / 전동지게차,KRX_KIND_LISTED_COMPANY,https://kind.krx.co.kr/corpgeneral/corpList.do?method=download&searchType=13,2026-07-18T19:41:51+09:00
084370,유진테크,특수 목적용 기계 제조업,실리콘질화막증착용LP-CVD,특수 목적용 기계 제조업 / 실리콘질화막증착용LP-CVD,KRX_KIND_LISTED_COMPANY,https://kind.krx.co.kr/corpgeneral/corpList.do?method=download&searchType=13,2026-07-18T19:41:51+09:00
084440,유비온,소프트웨어 개발 및 공급업,학습관리시스템 등 에듀테크 플랫폼 (코스모스) 및 교육서비스,소프트웨어 개발 및 공급업 / 학습관리시스템 등 에듀테크 플랫폼 (코스모스) 및 교육서비스,KRX_KIND_LISTED_COMPANY,https://kind.krx.co.kr/corpgeneral/corpList.do?method=download&searchType=13,2026-07-18T19:41:51+09:00
084650,랩지노믹스,자연과학 및 공학 연구개발업,체외진단 서비스 및 제품,자연과학 및 공학 연구개발업 / 체외진단 서비스 및 제품,KRX_KIND_LISTED_COMPANY,https://kind.krx.co.kr/corpgeneral/corpList.do?method=download&searchType=13,2026-07-18T19:41:51+09:00
084670,동양고속,육상 여객 운송업,고속버스 운송·부동산 임대,육상 여객 운송업 / 고속버스 운송·부동산 임대,KRX_KIND_LISTED_COMPANY,https://kind.krx.co.kr/corpgeneral/corpList.do?method=download&searchType=13,2026-07-18T19:41:51+09:00
084680,이월드,귀금속 및 장신용품 제조업,놀이시설 운영·입장료·식음료 소매,귀금속 및 장신용품 제조업 / 놀이시설 운영·입장료·식음료 소매,KRX_KIND_LISTED_COMPANY,https://kind.krx.co.kr/corpgeneral/corpList.do?method=download&searchType=13,2026-07-18T19:41:51+09:00
084690,대상홀딩스,기타 금융업,지주회사,기타 금융업 / 지주회사,KRX_KIND_LISTED_COMPANY,https://kind.krx.co.kr/corpgeneral/corpList.do?method=download&searchType=13,2026-07-18T19:41:51+09:00
084730,팅크웨어,통신 및 방송 장비 제조업,내비게이션·블랙박스·태블릿 및 위치정보서비스,통신 및 방송 장비 제조업 / 내비게이션·블랙박스·태블릿 및 위치정보서비스,KRX_KIND_LISTED_COMPANY,https://kind.krx.co.kr/corpgeneral/corpList.do?method=download&searchType=13,2026-07-18T19:41:51+09:00
084850,아이티엠반도체,전자부품 제조업,배터리 보호회로,전자부품 제조업 / 배터리 보호회로,KRX_KIND_LISTED_COMPANY,https://kind.krx.co.kr/corpgeneral/corpList.do?method=download&searchType=13,2026-07-18T19:41:51+09:00
084870,티비에이치글로벌,봉제의복 제조업,캐주얼의류·여성의류·남성의류 제조,봉제의복 제조업 / 캐주얼의류·여성의류·남성의류 제조,KRX_KIND_LISTED_COMPANY,https://kind.krx.co.kr/corpgeneral/corpList.do?method=download&searchType=13,2026-07-18T19:41:51+09:00
084990,헬릭스미스,자연과학 및 공학 연구개발업,바이오신약·천연물신약 연구개발,자연과학 및 공학 연구개발업 / 바이오신약·천연물신약 연구개발,KRX_KIND_LISTED_COMPANY,https://kind.krx.co.kr/corpgeneral/corpList.do?method=download&searchType=13,2026-07-18T19:41:51+09:00
085310,엔케이,"구조용 금속제품, 탱크 및 증기발생기 제조업",고압가스용기·선박용·육상용 소화설비장치,"구조용 금속제품, 탱크 및 증기발생기 제조업 / 고압가스용기·선박용·육상용 소화설비장치",KRX_KIND_LISTED_COMPANY,https://kind.krx.co.kr/corpgeneral/corpList.do?method=download&searchType=13,2026-07-18T19:41:51+09:00
085620,미래에셋생명,보험업,생명보험상품,보험업 / 생명보험상품,KRX_KIND_LISTED_COMPANY,https://kind.krx.co.kr/corpgeneral/corpList.do?method=download&searchType=13,2026-07-18T19:41:51+09:00
085660,차바이오텍,기초 의약물질 제조업,세포치료제 개발·제대혈 보관 등,기초 의약물질 제조업 / 세포치료제 개발·제대혈 보관 등,KRX_KIND_LISTED_COMPANY,https://kind.krx.co.kr/corpgeneral/corpList.do?method=download&searchType=13,2026-07-18T19:41:51+09:00
085670,뉴프렉스,전자부품 제조업,연성인쇄회로기판,전자부품 제조업 / 연성인쇄회로기판,KRX_KIND_LISTED_COMPANY,https://kind.krx.co.kr/corpgeneral/corpList.do?method=download&searchType=13,2026-07-18T19:41:51+09:00
085810,알티캐스트,소프트웨어 개발 및 공급업,디지털 방송용 소프트웨어(셋톱박스용 미들웨어 등)·CAS(수신제한시스템),소프트웨어 개발 및 공급업 / 디지털 방송용 소프트웨어(셋톱박스용 미들웨어 등)·CAS(수신제한시스템),KRX_KIND_LISTED_COMPANY,https://kind.krx.co.kr/corpgeneral/corpList.do?method=download&searchType=13,2026-07-18T19:41:51+09:00
085910,네오티스,자동차 신품 부품 제조업,마이크로비트·샤프트,자동차 신품 부품 제조업 / 마이크로비트·샤프트,KRX_KIND_LISTED_COMPANY,https://kind.krx.co.kr/corpgeneral/corpList.do?method=download&searchType=13,2026-07-18T19:41:51+09:00
086040,바이오톡스텍,자연과학 및 공학 연구개발업,안전성평가·유효성평가,자연과학 및 공학 연구개발업 / 안전성평가·유효성평가,KRX_KIND_LISTED_COMPANY,https://kind.krx.co.kr/corpgeneral/corpList.do?method=download&searchType=13,2026-07-18T19:41:51+09:00
086060,진바이오텍,산업용 농·축산물 및 동·식물 도매업,펩소이젠(식물성단백질)·바이오스타치(가공전분)·나투포멘(친환경생균제),산업용 농·축산물 및 동·식물 도매업 / 펩소이젠(식물성단백질)·바이오스타치(가공전분)·나투포멘(친환경생균제),KRX_KIND_LISTED_COMPANY,https://kind.krx.co.kr/corpgeneral/corpList.do?method=download&searchType=13,2026-07-18T19:41:51+09:00
086220,광동헬스바이오,기타 식품 제조업,건강기능식품,기타 식품 제조업 / 건강기능식품,KRX_KIND_LISTED_COMPANY,https://kind.krx.co.kr/corpgeneral/corpList.do?method=download&searchType=13,2026-07-18T19:41:51+09:00
086280,현대글로비스,기타 운송관련 서비스업,화물운송주선·화물포장·자동차 수리,기타 운송관련 서비스업 / 화물운송주선·화물포장·자동차 수리,KRX_KIND_LISTED_COMPANY,https://kind.krx.co.kr/corpgeneral/corpList.do?method=download&searchType=13,2026-07-18T19:41:51+09:00
086390,유니테스트,특수 목적용 기계 제조업,반도체메모리주검사장비생산(메모리컴포넌트테스터·메모리모듈테스트),특수 목적용 기계 제조업 / 반도체메모리주검사장비생산(메모리컴포넌트테스터·메모리모듈테스트),KRX_KIND_LISTED_COMPANY,https://kind.krx.co.kr/corpgeneral/corpList.do?method=download&searchType=13,2026-07-18T19:41:51+09:00
086450,동국제약,의약품 제조업,인사돌·복합마데카솔·파미레이,의약품 제조업 / 인사돌·복합마데카솔·파미레이,KRX_KIND_LISTED_COMPANY,https://kind.krx.co.kr/corpgeneral/corpList.do?method=download&searchType=13,2026-07-18T19:41:51+09:00
086520,에코프로,기타 금융업,환경소재·화학필터·이차전지소재등,기타 금융업 / 환경소재·화학필터·이차전지소재등,KRX_KIND_LISTED_COMPANY,https://kind.krx.co.kr/corpgeneral/corpList.do?method=download&searchType=13,2026-07-18T19:41:51+09:00
086670,비엠티,일반 목적용 기계 제조업,정밀계장용피팅및밸브류·전원분배장치(MCPD),일반 목적용 기계 제조업 / 정밀계장용피팅및밸브류·전원분배장치(MCPD),KRX_KIND_LISTED_COMPANY,https://kind.krx.co.kr/corpgeneral/corpList.do?method=download&searchType=13,2026-07-18T19:41:51+09:00
086710,선진뷰티사이언스,기타 화학제품 제조업,화장품 원료,기타 화학제품 제조업 / 화장품 원료,KRX_KIND_LISTED_COMPANY,https://kind.krx.co.kr/corpgeneral/corpList.do?method=download&searchType=13,2026-07-18T19:41:51+09:00
086790,하나금융지주,기타 금융업,기타 금융,기타 금융업 / 기타 금융,KRX_KIND_LISTED_COMPANY,https://kind.krx.co.kr/corpgeneral/corpList.do?method=download&searchType=13,2026-07-18T19:41:51+09:00
086820,바이오솔루션,기초 의약물질 제조업,세포치료제·인체조직모델 등,기초 의약물질 제조업 / 세포치료제·인체조직모델 등,KRX_KIND_LISTED_COMPANY,https://kind.krx.co.kr/corpgeneral/corpList.do?method=download&searchType=13,2026-07-18T19:41:51+09:00
086890,이수앱지스,의료용품 및 기타 의약 관련제품 제조업,항체치료제·효소치료제,의료용품 및 기타 의약 관련제품 제조업 / 항체치료제·효소치료제,KRX_KIND_LISTED_COMPANY,https://kind.krx.co.kr/corpgeneral/corpList.do?method=download&searchType=13,2026-07-18T19:41:51+09:00
086900,메디톡스,기초 의약물질 제조업,의약품원료(A형·B형 보툴리늄독소 단백질치료제) 제조·연구,기초 의약물질 제조업 / 의약품원료(A형·B형 보툴리늄독소 단백질치료제) 제조·연구,KRX_KIND_LISTED_COMPANY,https://kind.krx.co.kr/corpgeneral/corpList.do?method=download&searchType=13,2026-07-18T19:41:51+09:00
086960,MDS테크,소프트웨어 개발 및 공급업,임베디드개발솔루션·임베디드소프트웨어,소프트웨어 개발 및 공급업 / 임베디드개발솔루션·임베디드소프트웨어,KRX_KIND_LISTED_COMPANY,https://kind.krx.co.kr/corpgeneral/corpList.do?method=download&searchType=13,2026-07-18T19:41:51+09:00
086980,쇼박스,"영화, 비디오물, 방송프로그램 제작 및 배급업",영화투자및배급,"영화, 비디오물, 방송프로그램 제작 및 배급업 / 영화투자및배급",KRX_KIND_LISTED_COMPANY,https://kind.krx.co.kr/corpgeneral/corpList.do?method=download&searchType=13,2026-07-18T19:41:51+09:00
087010,펩트론,기초 의약물질 제조업,약효지속성 의약품 및 펩타이드 소재,기초 의약물질 제조업 / 약효지속성 의약품 및 펩타이드 소재,KRX_KIND_LISTED_COMPANY,https://kind.krx.co.kr/corpgeneral/corpList.do?method=download&searchType=13,2026-07-18T19:41:51+09:00
087260,모바일어플라이언스,소프트웨어 개발 및 공급업,블랙박스·내비게이션·HUD,소프트웨어 개발 및 공급업 / 블랙박스·내비게이션·HUD,KRX_KIND_LISTED_COMPANY,https://kind.krx.co.kr/corpgeneral/corpList.do?method=download&searchType=13,2026-07-18T19:41:51+09:00
087600,픽셀플러스,전자부품 제조업,CMOS 이미지센서 및 칩셋,전자부품 제조업 / CMOS 이미지센서 및 칩셋,KRX_KIND_LISTED_COMPANY,https://kind.krx.co.kr/corpgeneral/corpList.do?method=download&searchType=13,2026-07-18T19:41:51+09:00
088130,동아엘텍,특수 목적용 기계 제조업,LCD검사장비,특수 목적용 기계 제조업 / LCD검사장비,KRX_KIND_LISTED_COMPANY,https://kind.krx.co.kr/corpgeneral/corpList.do?method=download&searchType=13,2026-07-18T19:41:51+09:00
088260,이리츠코크렙,부동산 임대 및 공급업,부동산투자회사,부동산 임대 및 공급업 / 부동산투자회사,KRX_KIND_LISTED_COMPANY,https://kind.krx.co.kr/corpgeneral/corpList.do?method=download&searchType=13,2026-07-18T19:41:51+09:00
088280,쏘닉스,반도체 제조업,RF필터 파운드리,반도체 제조업 / RF필터 파운드리,KRX_KIND_LISTED_COMPANY,https://kind.krx.co.kr/corpgeneral/corpList.do?method=download&searchType=13,2026-07-18T19:41:51+09:00
088290,이원컴포텍,자동차 신품 부품 제조업,에어서스펜션 시트·일반고정형 시트·스프링서스펜션 시트,자동차 신품 부품 제조업 / 에어서스펜션 시트·일반고정형 시트·스프링서스펜션 시트,KRX_KIND_LISTED_COMPANY,https://kind.krx.co.kr/corpgeneral/corpList.do?method=download&searchType=13,2026-07-18T19:41:51+09:00
088340,유라클,소프트웨어 개발 및 공급업,모바일 앱 개발 플랫폼,소프트웨어 개발 및 공급업 / 모바일 앱 개발 플랫폼,KRX_KIND_LISTED_COMPANY,https://kind.krx.co.kr/corpgeneral/corpList.do?method=download&searchType=13,2026-07-18T19:41:51+09:00
088350,한화생명,보험업,생명보험,보험업 / 생명보험,KRX_KIND_LISTED_COMPANY,https://kind.krx.co.kr/corpgeneral/corpList.do?method=download&searchType=13,2026-07-18T19:41:51+09:00
088390,이녹스,그외 기타 운송장비 제조업,지주업,그외 기타 운송장비 제조업 / 지주업,KRX_KIND_LISTED_COMPANY,https://kind.krx.co.kr/corpgeneral/corpList.do?method=download&searchType=13,2026-07-18T19:41:51+09:00
088790,진도,기타 전문 도매업,모피제품 제조·가공,기타 전문 도매업 / 모피제품 제조·가공,KRX_KIND_LISTED_COMPANY,https://kind.krx.co.kr/corpgeneral/corpList.do?method=download&searchType=13,2026-07-18T19:41:51+09:00
088800,에이스테크,통신 및 방송 장비 제조업,단말기용안테나·기지국용안테나,통신 및 방송 장비 제조업 / 단말기용안테나·기지국용안테나,KRX_KIND_LISTED_COMPANY,https://kind.krx.co.kr/corpgeneral/corpList.do?method=download&searchType=13,2026-07-18T19:41:51+09:00
088910,동우팜투테이블,"도축, 육류 가공 및 저장 처리업",육계·삼계,"도축, 육류 가공 및 저장 처리업 / 육계·삼계",KRX_KIND_LISTED_COMPANY,https://kind.krx.co.kr/corpgeneral/corpList.do?method=download&searchType=13,2026-07-18T19:41:51+09:00
088980,맥쿼리인프라,신탁업 및 집합투자업,증권투자회사,신탁업 및 집합투자업 / 증권투자회사,KRX_KIND_LISTED_COMPANY,https://kind.krx.co.kr/corpgeneral/corpList.do?method=download&searchType=13,2026-07-18T19:41:51+09:00
089010,켐트로닉스,기타 화학제품 제조업,Touch IC 및 PBA·TG·EMC,기타 화학제품 제조업 / Touch IC 및 PBA·TG·EMC,KRX_KIND_LISTED_COMPANY,https://kind.krx.co.kr/corpgeneral/corpList.do?method=download&searchType=13,2026-07-18T19:41:51+09:00
089030,테크윙,특수 목적용 기계 제조업,반도체테스트핸들러·C.O.K(Change Over Kit),특수 목적용 기계 제조업 / 반도체테스트핸들러·C.O.K(Change Over Kit),KRX_KIND_LISTED_COMPANY,https://kind.krx.co.kr/corpgeneral/corpList.do?method=download&searchType=13,2026-07-18T19:41:51+09:00
089140,넥스턴앤롤코리아,특수 목적용 기계 제조업,CNC자동선반,특수 목적용 기계 제조업 / CNC자동선반,KRX_KIND_LISTED_COMPANY,https://kind.krx.co.kr/corpgeneral/corpList.do?method=download&searchType=13,2026-07-18T19:41:51+09:00
089150,케이씨티,"컴퓨터 프로그래밍, 시스템 통합 및 관리업",금융단말시스템·복표발매기·마권발매기,"컴퓨터 프로그래밍, 시스템 통합 및 관리업 / 금융단말시스템·복표발매기·마권발매기",KRX_KIND_LISTED_COMPANY,https://kind.krx.co.kr/corpgeneral/corpList.do?method=download&searchType=13,2026-07-18T19:41:51+09:00
089230,THE E&M,기타 정보 서비스업,인터넷 개인방송 플랫폼,기타 정보 서비스업 / 인터넷 개인방송 플랫폼,KRX_KIND_LISTED_COMPANY,https://kind.krx.co.kr/corpgeneral/corpList.do?method=download&searchType=13,2026-07-18T19:41:51+09:00
089470,HDC현대EP,기타 화학제품 제조업,합성수지(PP컴파운딩가공·자동차범퍼·내장제) 제조,기타 화학제품 제조업 / 합성수지(PP컴파운딩가공·자동차범퍼·내장제) 제조,KRX_KIND_LISTED_COMPANY,https://kind.krx.co.kr/corpgeneral/corpList.do?method=download&searchType=13,2026-07-18T19:41:51+09:00
089590,제주항공,항공 여객 운송업,여객운송서비스·화물운송서비스,항공 여객 운송업 / 여객운송서비스·화물운송서비스,KRX_KIND_LISTED_COMPANY,https://kind.krx.co.kr/corpgeneral/corpList.do?method=download&searchType=13,2026-07-18T19:41:51+09:00
089600,KT나스미디어,광고업,광고매체 판매,광고업 / 광고매체 판매,KRX_KIND_LISTED_COMPANY,https://kind.krx.co.kr/corpgeneral/corpList.do?method=download&searchType=13,2026-07-18T19:41:51+09:00
089790,제이티,특수 목적용 기계 제조업,반도체장비(Burn-in Sorter 등),특수 목적용 기계 제조업 / 반도체장비(Burn-in Sorter 등),KRX_KIND_LISTED_COMPANY,https://kind.krx.co.kr/corpgeneral/corpList.do?method=download&searchType=13,2026-07-18T19:41:51+09:00
089850,유비벨록스,소프트웨어 개발 및 공급업,모바일플랫폼 및 모바일솔루션·스마트카드 등,소프트웨어 개발 및 공급업 / 모바일플랫폼 및 모바일솔루션·스마트카드 등,KRX_KIND_LISTED_COMPANY,https://kind.krx.co.kr/corpgeneral/corpList.do?method=download&searchType=13,2026-07-18T19:41:51+09:00
089860,롯데렌탈,운송장비 임대업,렌터카·카셰어링(그린카)·중고차매매,운송장비 임대업 / 렌터카·카셰어링(그린카)·중고차매매,KRX_KIND_LISTED_COMPANY,https://kind.krx.co.kr/corpgeneral/corpList.do?method=download&searchType=13,2026-07-18T19:41:51+09:00
089890,코세스,특수 목적용 기계 제조업,반도체SolderBall부착장비등,특수 목적용 기계 제조업 / 반도체SolderBall부착장비등,KRX_KIND_LISTED_COMPANY,https://kind.krx.co.kr/corpgeneral/corpList.do?method=download&searchType=13,2026-07-18T19:41:51+09:00
089970,브이엠,특수 목적용 기계 제조업,300mm Poly Etch System,특수 목적용 기계 제조업 / 300mm Poly Etch System,KRX_KIND_LISTED_COMPANY,https://kind.krx.co.kr/corpgeneral/corpList.do?method=download&searchType=13,2026-07-18T19:41:51+09:00
089980,상아프론테크,플라스틱제품 제조업,LCD부품·사무기기부품·PCB부품,플라스틱제품 제조업 / LCD부품·사무기기부품·PCB부품,KRX_KIND_LISTED_COMPANY,https://kind.krx.co.kr/corpgeneral/corpList.do?method=download&searchType=13,2026-07-18T19:41:51+09:00
090080,평화산업,자동차 신품 부품 제조업,자동차부품(방진고무·방류고무(COVER류·CUP류),자동차 신품 부품 제조업 / 자동차부품(방진고무·방류고무(COVER류·CUP류),KRX_KIND_LISTED_COMPANY,https://kind.krx.co.kr/corpgeneral/corpList.do?method=download&searchType=13,2026-07-18T19:41:51+09:00
090150,아이윈,자동차 신품 부품 제조업,시트히터,자동차 신품 부품 제조업 / 시트히터,KRX_KIND_LISTED_COMPANY,https://kind.krx.co.kr/corpgeneral/corpList.do?method=download&searchType=13,2026-07-18T19:41:51+09:00
090350,노루페인트,기타 화학제품 제조업,페인트 제조,기타 화학제품 제조업 / 페인트 제조,KRX_KIND_LISTED_COMPANY,https://kind.krx.co.kr/corpgeneral/corpList.do?method=download&searchType=13,2026-07-18T19:41:51+09:00
090360,로보스타,특수 목적용 기계 제조업,제조용 로봇·FPD 장비·IT부품 제조장비,특수 목적용 기계 제조업 / 제조용 로봇·FPD 장비·IT부품 제조장비,KRX_KIND_LISTED_COMPANY,https://kind.krx.co.kr/corpgeneral/corpList.do?method=download&searchType=13,2026-07-18T19:41:51+09:00
090370,메타랩스,봉제의복 제조업,여성용 의류(캐쥬얼티셔츠·바지) 제조,봉제의복 제조업 / 여성용 의류(캐쥬얼티셔츠·바지) 제조,KRX_KIND_LISTED_COMPANY,https://kind.krx.co.kr/corpgeneral/corpList.do?method=download&searchType=13,2026-07-18T19:41:51+09:00
090410,덕신이피씨,"구조용 금속제품, 탱크 및 증기발생기 제조업",일체형 데크플레이트 등,"구조용 금속제품, 탱크 및 증기발생기 제조업 / 일체형 데크플레이트 등",KRX_KIND_LISTED_COMPANY,https://kind.krx.co.kr/corpgeneral/corpList.do?method=download&searchType=13,2026-07-18T19:41:51+09:00
090430,아모레퍼시픽,기타 화학제품 제조업,화장품·생활용품 제조·판매,기타 화학제품 제조업 / 화장품·생활용품 제조·판매,KRX_KIND_LISTED_COMPANY,https://kind.krx.co.kr/corpgeneral/corpList.do?method=download&searchType=13,2026-07-18T19:41:51+09:00
090460,비에이치,전자부품 제조업,FPCB (연성인쇄회로기판),전자부품 제조업 / FPCB (연성인쇄회로기판),KRX_KIND_LISTED_COMPANY,https://kind.krx.co.kr/corpgeneral/corpList.do?method=download&searchType=13,2026-07-18T19:41:51+09:00
090470,제이스로보틱스,특수 목적용 기계 제조업,기계장비(디스플레이장비),특수 목적용 기계 제조업 / 기계장비(디스플레이장비),KRX_KIND_LISTED_COMPANY,https://kind.krx.co.kr/corpgeneral/corpList.do?method=download&searchType=13,2026-07-18T19:41:51+09:00
090710,휴림로봇,특수 목적용 기계 제조업,제조업용로봇및서비스로봇,특수 목적용 기계 제조업 / 제조업용로봇및서비스로봇,KRX_KIND_LISTED_COMPANY,https://kind.krx.co.kr/corpgeneral/corpList.do?method=download&searchType=13,2026-07-18T19:41:51+09:00
090850,현대이지웰,소프트웨어 개발 및 공급업,선택적복리후생서비스,소프트웨어 개발 및 공급업 / 선택적복리후생서비스,KRX_KIND_LISTED_COMPANY,https://kind.krx.co.kr/corpgeneral/corpList.do?method=download&searchType=13,2026-07-18T19:41:51+09:00
091120,이엠텍,전자부품 제조업,마이크로스피커·리시버,전자부품 제조업 / 마이크로스피커·리시버,KRX_KIND_LISTED_COMPANY,https://kind.krx.co.kr/corpgeneral/corpList.do?method=download&searchType=13,2026-07-18T19:41:51+09:00
091340,S&K폴리텍,전자부품 제조업,고밀도폴리우레탄폼시트,전자부품 제조업 / 고밀도폴리우레탄폼시트,KRX_KIND_LISTED_COMPANY,https://kind.krx.co.kr/corpgeneral/corpList.do?method=download&searchType=13,2026-07-18T19:41:51+09:00
091440,한울소재과학,통신 및 방송 장비 제조업,광전송장비,통신 및 방송 장비 제조업 / 광전송장비,KRX_KIND_LISTED_COMPANY,https://kind.krx.co.kr/corpgeneral/corpList.do?method=download&searchType=13,2026-07-18T19:41:51+09:00
091580,상신이디피,일차전지 및 이차전지 제조업,2차전지부품,일차전지 및 이차전지 제조업 / 2차전지부품,KRX_KIND_LISTED_COMPANY,https://kind.krx.co.kr/corpgeneral/corpList.do?method=download&searchType=13,2026-07-18T19:41:51+09:00
091590,남화토건,건물 건설업,건축공사·토목공사,건물 건설업 / 건축공사·토목공사,KRX_KIND_LISTED_COMPANY,https://kind.krx.co.kr/corpgeneral/corpList.do?method=download&searchType=13,2026-07-18T19:41:51+09:00
091700,파트론,전자부품 제조업,카메라모듈·안테나·센서류 등,전자부품 제조업 / 카메라모듈·안테나·센서류 등,KRX_KIND_LISTED_COMPANY,https://kind.krx.co.kr/corpgeneral/corpList.do?method=download&searchType=13,2026-07-18T19:41:51+09:00
091810,트리니티항공,항공 여객 운송업,저가 항공운송,항공 여객 운송업 / 저가 항공운송,KRX_KIND_LISTED_COMPANY,https://kind.krx.co.kr/corpgeneral/corpList.do?method=download&searchType=13,2026-07-18T19:41:51+09:00
091970,LSK아이로봇,플라스틱제품 제조업,투명전도성관련제품,플라스틱제품 제조업 / 투명전도성관련제품,KRX_KIND_LISTED_COMPANY,https://kind.krx.co.kr/corpgeneral/corpList.do?method=download&searchType=13,2026-07-18T19:41:51+09:00
092040,아미코젠,기타 식품 제조업,제약용 특수효소 및 효소기반 바이오신소재,기타 식품 제조업 / 제약용 특수효소 및 효소기반 바이오신소재,KRX_KIND_LISTED_COMPANY,https://kind.krx.co.kr/corpgeneral/corpList.do?method=download&searchType=13,2026-07-18T19:41:51+09:00
092070,디엔에프,기타 화학제품 제조업,반도체배선박막재료(알루미늄전구체),기타 화학제품 제조업 / 반도체배선박막재료(알루미늄전구체),KRX_KIND_LISTED_COMPANY,https://kind.krx.co.kr/corpgeneral/corpList.do?method=download&searchType=13,2026-07-18T19:41:51+09:00
092130,이크레더블,기타 정보 서비스업,전자신용인증서비스(정보)·소프트웨어 개발,기타 정보 서비스업 / 전자신용인증서비스(정보)·소프트웨어 개발,KRX_KIND_LISTED_COMPANY,https://kind.krx.co.kr/corpgeneral/corpList.do?method=download&searchType=13,2026-07-18T19:41:51+09:00
092190,서울바이오시스,반도체 제조업,Visible LED·UV LED,반도체 제조업 / Visible LED·UV LED,KRX_KIND_LISTED_COMPANY,https://kind.krx.co.kr/corpgeneral/corpList.do?method=download&searchType=13,2026-07-18T19:41:51+09:00
092200,디아이씨,자동차 신품 부품 제조업,자동차부품(트란스밋숀·프런트액슬·기어,자동차 신품 부품 제조업 / 자동차부품(트란스밋숀·프런트액슬·기어,KRX_KIND_LISTED_COMPANY,https://kind.krx.co.kr/corpgeneral/corpList.do?method=download&searchType=13,2026-07-18T19:41:51+09:00
092220,KEC,반도체 제조업,반도체 제조,반도체 제조업 / 반도체 제조,KRX_KIND_LISTED_COMPANY,https://kind.krx.co.kr/corpgeneral/corpList.do?method=download&searchType=13,2026-07-18T19:41:51+09:00
092230,KPX홀딩스,기초 화학물질 제조업,지주회사,기초 화학물질 제조업 / 지주회사,KRX_KIND_LISTED_COMPANY,https://kind.krx.co.kr/corpgeneral/corpList.do?method=download&searchType=13,2026-07-18T19:41:51+09:00
092300,현우산업,전자부품 제조업,인쇄회로판(PCB),전자부품 제조업 / 인쇄회로판(PCB),KRX_KIND_LISTED_COMPANY,https://kind.krx.co.kr/corpgeneral/corpList.do?method=download&searchType=13,2026-07-18T19:41:51+09:00
092440,기신정기,특수 목적용 기계 제조업,몰드베이스·금형부품·정밀기계기구 제조,특수 목적용 기계 제조업 / 몰드베이스·금형부품·정밀기계기구 제조,KRX_KIND_LISTED_COMPANY,https://kind.krx.co.kr/corpgeneral/corpList.do?method=download&searchType=13,2026-07-18T19:41:51+09:00
092460,한라IMS,선박 및 보트 건조업,선용원격자동측정시스템·선용원격자동경보시스템,선박 및 보트 건조업 / 선용원격자동측정시스템·선용원격자동경보시스템,KRX_KIND_LISTED_COMPANY,https://kind.krx.co.kr/corpgeneral/corpList.do?method=download&searchType=13,2026-07-18T19:41:51+09:00
092590,럭스피아,반도체 제조업,LED 패키지·LED 모듈,반도체 제조업 / LED 패키지·LED 모듈,KRX_KIND_LISTED_COMPANY,https://kind.krx.co.kr/corpgeneral/corpList.do?method=download&searchType=13,2026-07-18T19:41:51+09:00
092600,앤씨앤,반도체 제조업,차량용 블랙박스·영상처리용 시스템반도체,반도체 제조업 / 차량용 블랙박스·영상처리용 시스템반도체,KRX_KIND_LISTED_COMPANY,https://kind.krx.co.kr/corpgeneral/corpList.do?method=download&searchType=13,2026-07-18T19:41:51+09:00
092730,네오팜,기타 화학제품 제조업,생체기능성(아토피)보습제,기타 화학제품 제조업 / 생체기능성(아토피)보습제,KRX_KIND_LISTED_COMPANY,https://kind.krx.co.kr/corpgeneral/corpList.do?method=download&searchType=13,2026-07-18T19:41:51+09:00
092780,DYP,자동차용 엔진 및 자동차 제조업,자동차엔진용 피스톤,자동차용 엔진 및 자동차 제조업 / 자동차엔진용 피스톤,KRX_KIND_LISTED_COMPANY,https://kind.krx.co.kr/corpgeneral/corpList.do?method=download&searchType=13,2026-07-18T19:41:51+09:00
092790,넥스틸,1차 철강 제조업,OCTG Pipe·Line Pipe·Standard Pipe,1차 철강 제조업 / OCTG Pipe·Line Pipe·Standard Pipe,KRX_KIND_LISTED_COMPANY,https://kind.krx.co.kr/corpgeneral/corpList.do?method=download&searchType=13,2026-07-18T19:41:51+09:00
092870,엑시콘,특수 목적용 기계 제조업,반도체 검사장비,특수 목적용 기계 제조업 / 반도체 검사장비,KRX_KIND_LISTED_COMPANY,https://kind.krx.co.kr/corpgeneral/corpList.do?method=download&searchType=13,2026-07-18T19:41:51+09:00
093050,LF,봉제의복 제조업,기성복·의류·잡화,봉제의복 제조업 / 기성복·의류·잡화,KRX_KIND_LISTED_COMPANY,https://kind.krx.co.kr/corpgeneral/corpList.do?method=download&searchType=13,2026-07-18T19:41:51+09:00
093190,빅솔론,컴퓨터 및 주변장치 제조업,POS용프린터·프린팅메카니즘,컴퓨터 및 주변장치 제조업 / POS용프린터·프린팅메카니즘,KRX_KIND_LISTED_COMPANY,https://kind.krx.co.kr/corpgeneral/corpList.do?method=download&searchType=13,2026-07-18T19:41:51+09:00
093240,형지엘리트,봉제의복 제조업,학생복·스포츠의류·작업복 제조,봉제의복 제조업 / 학생복·스포츠의류·작업복 제조,KRX_KIND_LISTED_COMPANY,https://kind.krx.co.kr/corpgeneral/corpList.do?method=download&searchType=13,2026-07-18T19:41:51+09:00
093320,케이아이엔엑스,"자료처리, 호스팅, 포털 및 기타 인터넷 정보매개 서비스업",인터넷연동서비스 등,"자료처리, 호스팅, 포털 및 기타 인터넷 정보매개 서비스업 / 인터넷연동서비스 등",KRX_KIND_LISTED_COMPANY,https://kind.krx.co.kr/corpgeneral/corpList.do?method=download&searchType=13,2026-07-18T19:41:51+09:00
093370,후성,기초 화학물질 제조업,불소화물 제조·도매,기초 화학물질 제조업 / 불소화물 제조·도매,KRX_KIND_LISTED_COMPANY,https://kind.krx.co.kr/corpgeneral/corpList.do?method=download&searchType=13,2026-07-18T19:41:51+09:00
093380,풍강,기타 금속 가공제품 제조업,자동차용너트류,기타 금속 가공제품 제조업 / 자동차용너트류,KRX_KIND_LISTED_COMPANY,https://kind.krx.co.kr/corpgeneral/corpList.do?method=download&searchType=13,2026-07-18T19:41:51+09:00
093510,엔지브이아이,자동차 신품 부품 제조업,천연가스자동차용 연료저장장치 등,자동차 신품 부품 제조업 / 천연가스자동차용 연료저장장치 등,KRX_KIND_LISTED_COMPANY,https://kind.krx.co.kr/corpgeneral/corpList.do?method=download&searchType=13,2026-07-18T19:41:51+09:00
093520,매커스,기계장비 및 관련 물품 도매업,자일링스(Xilinx)비메모리반도체(PLDchip)유통,기계장비 및 관련 물품 도매업 / 자일링스(Xilinx)비메모리반도체(PLDchip)유통,KRX_KIND_LISTED_COMPANY,https://kind.krx.co.kr/corpgeneral/corpList.do?method=download&searchType=13,2026-07-18T19:41:51+09:00
093640,케이알엠,반도체 제조업,멀티미디어반도체,반도체 제조업 / 멀티미디어반도체,KRX_KIND_LISTED_COMPANY,https://kind.krx.co.kr/corpgeneral/corpList.do?method=download&searchType=13,2026-07-18T19:41:51+09:00
093920,서원인텍,통신 및 방송 장비 제조업,휴대폰용키패드및부자재,통신 및 방송 장비 제조업 / 휴대폰용키패드및부자재,KRX_KIND_LISTED_COMPANY,https://kind.krx.co.kr/corpgeneral/corpList.do?method=download&searchType=13,2026-07-18T19:41:51+09:00
094170,동운아나텍,반도체 제조업,아날로그 반도체,반도체 제조업 / 아날로그 반도체,KRX_KIND_LISTED_COMPANY,https://kind.krx.co.kr/corpgeneral/corpList.do?method=download&searchType=13,2026-07-18T19:41:51+09:00
094280,효성 ITX,기타 사업지원 서비스업,컨택센터서비스·Cloud솔루션·CDN,기타 사업지원 서비스업 / 컨택센터서비스·Cloud솔루션·CDN,KRX_KIND_LISTED_COMPANY,https://kind.krx.co.kr/corpgeneral/corpList.do?method=download&searchType=13,2026-07-18T19:41:51+09:00
094360,칩스앤미디어,반도체 제조업,비디오 IP,반도체 제조업 / 비디오 IP,KRX_KIND_LISTED_COMPANY,https://kind.krx.co.kr/corpgeneral/corpList.do?method=download&searchType=13,2026-07-18T19:41:51+09:00
094480,갤럭시아머니트리,소프트웨어 개발 및 공급업,전자결제,소프트웨어 개발 및 공급업 / 전자결제,KRX_KIND_LISTED_COMPANY,https://kind.krx.co.kr/corpgeneral/corpList.do?method=download&searchType=13,2026-07-18T19:41:51+09:00
094800,맵스리얼티,신탁업 및 집합투자업,,신탁업 및 집합투자업,KRX_KIND_LISTED_COMPANY,https://kind.krx.co.kr/corpgeneral/corpList.do?method=download&searchType=13,2026-07-18T19:41:51+09:00
094820,일진파워,전기 및 통신 공사업,열교환기·압력용기,전기 및 통신 공사업 / 열교환기·압력용기,KRX_KIND_LISTED_COMPANY,https://kind.krx.co.kr/corpgeneral/corpList.do?method=download&searchType=13,2026-07-18T19:41:51+09:00
094840,슈프리마에이치큐,통신 및 방송 장비 제조업,지문인식솔루션및시스템,통신 및 방송 장비 제조업 / 지문인식솔루션및시스템,KRX_KIND_LISTED_COMPANY,https://kind.krx.co.kr/corpgeneral/corpList.do?method=download&searchType=13,2026-07-18T19:41:51+09:00
094850,참좋은여행,여행사 및 기타 여행보조 서비스업,여행상품,여행사 및 기타 여행보조 서비스업 / 여행상품,KRX_KIND_LISTED_COMPANY,https://kind.krx.co.kr/corpgeneral/corpList.do?method=download&searchType=13,2026-07-18T19:41:51+09:00
094860,네오리진,소프트웨어 개발 및 공급업,게임소프트웨어 제작 및 판매,소프트웨어 개발 및 공급업 / 게임소프트웨어 제작 및 판매,KRX_KIND_LISTED_COMPANY,https://kind.krx.co.kr/corpgeneral/corpList.do?method=download&searchType=13,2026-07-18T19:41:51+09:00
094940,푸른로보틱스,컴퓨터 및 주변장치 제조업,금융자동화기기모듈·역무자동화기기모듈·특수단말시스템,컴퓨터 및 주변장치 제조업 / 금융자동화기기모듈·역무자동화기기모듈·특수단말시스템,KRX_KIND_LISTED_COMPANY,https://kind.krx.co.kr/corpgeneral/corpList.do?method=download&searchType=13,2026-07-18T19:41:51+09:00
094970,제이엠티,전자부품 제조업,LCD패널용PBA,전자부품 제조업 / LCD패널용PBA,KRX_KIND_LISTED_COMPANY,https://kind.krx.co.kr/corpgeneral/corpList.do?method=download&searchType=13,2026-07-18T19:41:51+09:00
095190,신화프리텍,기타 금속 가공제품 제조업,CNC공작기계등,기타 금속 가공제품 제조업 / CNC공작기계등,KRX_KIND_LISTED_COMPANY,https://kind.krx.co.kr/corpgeneral/corpList.do?method=download&searchType=13,2026-07-18T19:41:51+09:00
095270,웨이브일렉트로,"측정, 시험, 항해, 제어 및 기타 정밀기기 제조업; 광학기기 제외",이동통신중계기용전력증폭기,"측정, 시험, 항해, 제어 및 기타 정밀기기 제조업; 광학기기 제외 / 이동통신중계기용전력증폭기",KRX_KIND_LISTED_COMPANY,https://kind.krx.co.kr/corpgeneral/corpList.do?method=download&searchType=13,2026-07-18T19:41:51+09:00
095340,ISC,기계장비 및 관련 물품 도매업,반도체테스트소켓,기계장비 및 관련 물품 도매업 / 반도체테스트소켓,KRX_KIND_LISTED_COMPANY,https://kind.krx.co.kr/corpgeneral/corpList.do?method=download&searchType=13,2026-07-18T19:41:51+09:00
095500,미래나노텍,플라스틱제품 제조업,LCDBLU용광학필름,플라스틱제품 제조업 / LCDBLU용광학필름,KRX_KIND_LISTED_COMPANY,https://kind.krx.co.kr/corpgeneral/corpList.do?method=download&searchType=13,2026-07-18T19:41:51+09:00
095570,AJ네트웍스,산업용 기계 및 장비 임대업,렌탈(파렛트·OA장비·건설장비),산업용 기계 및 장비 임대업 / 렌탈(파렛트·OA장비·건설장비),KRX_KIND_LISTED_COMPANY,https://kind.krx.co.kr/corpgeneral/corpList.do?method=download&searchType=13,2026-07-18T19:41:51+09:00
095610,테스,특수 목적용 기계 제조업,반도체장비(화학증착장비),특수 목적용 기계 제조업 / 반도체장비(화학증착장비),KRX_KIND_LISTED_COMPANY,https://kind.krx.co.kr/corpgeneral/corpList.do?method=download&searchType=13,2026-07-18T19:41:51+09:00
095660,네오위즈,소프트웨어 개발 및 공급업,피망·스페셜포스,소프트웨어 개발 및 공급업 / 피망·스페셜포스,KRX_KIND_LISTED_COMPANY,https://kind.krx.co.kr/corpgeneral/corpList.do?method=download&searchType=13,2026-07-18T19:41:51+09:00
095700,제넥신,자연과학 및 공학 연구개발업,항체융합단백질 치료제 및 유전자치료 백신개발,자연과학 및 공학 연구개발업 / 항체융합단백질 치료제 및 유전자치료 백신개발,KRX_KIND_LISTED_COMPANY,https://kind.krx.co.kr/corpgeneral/corpList.do?method=download&searchType=13,2026-07-18T19:41:51+09:00
095720,웅진씽크빅,초등 교육기관,기타출판 제조·서적·교구,초등 교육기관 / 기타출판 제조·서적·교구,KRX_KIND_LISTED_COMPANY,https://kind.krx.co.kr/corpgeneral/corpList.do?method=download&searchType=13,2026-07-18T19:41:51+09:00
095910,에스에너지,"전동기, 발전기 및 전기 변환 · 공급 · 제어 장치 제조업",태양광발전시스템·태양전지모듈,"전동기, 발전기 및 전기 변환 · 공급 · 제어 장치 제조업 / 태양광발전시스템·태양전지모듈",KRX_KIND_LISTED_COMPANY,https://kind.krx.co.kr/corpgeneral/corpList.do?method=download&searchType=13,2026-07-18T19:41:51+09:00
096240,크레버스,일반 교습 학원,청담어학원,일반 교습 학원 / 청담어학원,KRX_KIND_LISTED_COMPANY,https://kind.krx.co.kr/corpgeneral/corpList.do?method=download&searchType=13,2026-07-18T19:41:51+09:00
096250,와이즈넛,소프트웨어 개발 및 공급업,검색엔진·챗봇·클라우드서비스,소프트웨어 개발 및 공급업 / 검색엔진·챗봇·클라우드서비스,KRX_KIND_LISTED_COMPANY,https://kind.krx.co.kr/corpgeneral/corpList.do?method=download&searchType=13,2026-07-18T19:41:51+09:00
096350,대창솔루션,"구조용 금속제품, 탱크 및 증기발생기 제조업",내연기관구조재(선박엔진용MBS),"구조용 금속제품, 탱크 및 증기발생기 제조업 / 내연기관구조재(선박엔진용MBS)",KRX_KIND_LISTED_COMPANY,https://kind.krx.co.kr/corpgeneral/corpList.do?method=download&searchType=13,2026-07-18T19:41:51+09:00
096530,씨젠,의료용품 및 기타 의약 관련제품 제조업,호흡기성 병원체 검사제품·성감염증원인균 검사제품,의료용품 및 기타 의약 관련제품 제조업 / 호흡기성 병원체 검사제품·성감염증원인균 검사제품,KRX_KIND_LISTED_COMPANY,https://kind.krx.co.kr/corpgeneral/corpList.do?method=download&searchType=13,2026-07-18T19:41:51+09:00
096610,알에프세미,반도체 제조업,ECM Chip·TVS Diode·Driver IC,반도체 제조업 / ECM Chip·TVS Diode·Driver IC,KRX_KIND_LISTED_COMPANY,https://kind.krx.co.kr/corpgeneral/corpList.do?method=download&searchType=13,2026-07-18T19:41:51+09:00
096630,에스코넥,통신 및 방송 장비 제조업,WaferProber,통신 및 방송 장비 제조업 / WaferProber,KRX_KIND_LISTED_COMPANY,https://kind.krx.co.kr/corpgeneral/corpList.do?method=download&searchType=13,2026-07-18T19:41:51+09:00
096690,에이루트,컴퓨터 및 주변장치 제조업,POS프린터·Mobile프린터·Label프린터,컴퓨터 및 주변장치 제조업 / POS프린터·Mobile프린터·Label프린터,KRX_KIND_LISTED_COMPANY,https://kind.krx.co.kr/corpgeneral/corpList.do?method=download&searchType=13,2026-07-18T19:41:51+09:00
096760,JW홀딩스,기타 금융업,의약품 수출입업,기타 금융업 / 의약품 수출입업,KRX_KIND_LISTED_COMPANY,https://kind.krx.co.kr/corpgeneral/corpList.do?method=download&searchType=13,2026-07-18T19:41:51+09:00
096770,SK이노베이션,석유 정제품 제조업,석유정제·석유화학제품·윤활유제품,석유 정제품 제조업 / 석유정제·석유화학제품·윤활유제품,KRX_KIND_LISTED_COMPANY,https://kind.krx.co.kr/corpgeneral/corpList.do?method=download&searchType=13,2026-07-18T19:41:51+09:00
096870,엘디티,반도체 제조업,OLED구동IC·LED구동IC·LCD구동IC,반도체 제조업 / OLED구동IC·LED구동IC·LCD구동IC,KRX_KIND_LISTED_COMPANY,https://kind.krx.co.kr/corpgeneral/corpList.do?method=download&searchType=13,2026-07-18T19:41:51+09:00
097230,HJ중공업,토목 건설업,선박건조·기계플랜트 제조·토목공사,토목 건설업 / 선박건조·기계플랜트 제조·토목공사,KRX_KIND_LISTED_COMPANY,https://kind.krx.co.kr/corpgeneral/corpList.do?method=download&searchType=13,2026-07-18T19:41:51+09:00
097520,엠씨넥스,영상 및 음향기기 제조업,모바일 카메라모듈·전장 카메라모듈·블랙박스,영상 및 음향기기 제조업 / 모바일 카메라모듈·전장 카메라모듈·블랙박스,KRX_KIND_LISTED_COMPANY,https://kind.krx.co.kr/corpgeneral/corpList.do?method=download&searchType=13,2026-07-18T19:41:51+09:00
097780,에코볼트,자동차 신품 부품 제조업,자동차 신품 부품,자동차 신품 부품 제조업 / 자동차 신품 부품,KRX_KIND_LISTED_COMPANY,https://kind.krx.co.kr/corpgeneral/corpList.do?method=download&searchType=13,2026-07-18T19:41:51+09:00
097800,윈팩,반도체 제조업,반도체 패키징 및 테스트,반도체 제조업 / 반도체 패키징 및 테스트,KRX_KIND_LISTED_COMPANY,https://kind.krx.co.kr/corpgeneral/corpList.do?method=download&searchType=13,2026-07-18T19:41:51+09:00
097870,효성오앤비,"비료, 농약 및 살균, 살충제 제조업",혼합유박비료·유기복합비료·혼합유기질비료,"비료, 농약 및 살균, 살충제 제조업 / 혼합유박비료·유기복합비료·혼합유기질비료",KRX_KIND_LISTED_COMPANY,https://kind.krx.co.kr/corpgeneral/corpList.do?method=download&searchType=13,2026-07-18T19:41:51+09:00
097950,CJ제일제당,기타 식품 제조업,설탕·소맥분·조미식품,기타 식품 제조업 / 설탕·소맥분·조미식품,KRX_KIND_LISTED_COMPANY,https://kind.krx.co.kr/corpgeneral/corpList.do?method=download&searchType=13,2026-07-18T19:41:51+09:00
098070,한텍,"구조용 금속제품, 탱크 및 증기발생기 제조업",열교환기 등 화공기기·저장용 탱크,"구조용 금속제품, 탱크 및 증기발생기 제조업 / 열교환기 등 화공기기·저장용 탱크",KRX_KIND_LISTED_COMPANY,https://kind.krx.co.kr/corpgeneral/corpList.do?method=download&searchType=13,2026-07-18T19:41:51+09:00
098120,마이크로컨텍솔,전자부품 제조업,BGA IC Burn-In Socket·DRAM Module Socket,전자부품 제조업 / BGA IC Burn-In Socket·DRAM Module Socket,KRX_KIND_LISTED_COMPANY,https://kind.krx.co.kr/corpgeneral/corpList.do?method=download&searchType=13,2026-07-18T19:41:51+09:00
098460,고영,특수 목적용 기계 제조업,전자제품및반도체생산용 3차원 납도포검사장비,특수 목적용 기계 제조업 / 전자제품및반도체생산용 3차원 납도포검사장비,KRX_KIND_LISTED_COMPANY,https://kind.krx.co.kr/corpgeneral/corpList.do?method=download&searchType=13,2026-07-18T19:41:51+09:00
098660,에스티오,봉제의복 제조업,셔츠·자켓·바지,봉제의복 제조업 / 셔츠·자켓·바지,KRX_KIND_LISTED_COMPANY,https://kind.krx.co.kr/corpgeneral/corpList.do?method=download&searchType=13,2026-07-18T19:41:51+09:00
099190,아이센스,의료용 기기 제조업,혈당측정스트립·혈당측정기기 등,의료용 기기 제조업 / 혈당측정스트립·혈당측정기기 등,KRX_KIND_LISTED_COMPANY,https://kind.krx.co.kr/corpgeneral/corpList.do?method=download&searchType=13,2026-07-18T19:41:51+09:00
099220,SDN,기계장비 및 관련 물품 도매업,태양광기자재 및 선박용엔진 도매·태양광발전시스템 구축 및 설계,기계장비 및 관련 물품 도매업 / 태양광기자재 및 선박용엔진 도매·태양광발전시스템 구축 및 설계,KRX_KIND_LISTED_COMPANY,https://kind.krx.co.kr/corpgeneral/corpList.do?method=download&searchType=13,2026-07-18T19:41:51+09:00
099320,쎄트렉아이,"항공기,우주선 및 부품 제조업",인공위성시스템·위성지상국·위성부분품 개발 및 제조,"항공기,우주선 및 부품 제조업 / 인공위성시스템·위성지상국·위성부분품 개발 및 제조",KRX_KIND_LISTED_COMPANY,https://kind.krx.co.kr/corpgeneral/corpList.do?method=download&searchType=13,2026-07-18T19:41:51+09:00
099390,브레인즈컴퍼니,소프트웨어 개발 및 공급업,IT 인프라 통합관리 솔루션,소프트웨어 개발 및 공급업 / IT 인프라 통합관리 솔루션,KRX_KIND_LISTED_COMPANY,https://kind.krx.co.kr/corpgeneral/corpList.do?method=download&searchType=13,2026-07-18T19:41:51+09:00
099410,동방선기,선박 및 보트 건조업,조선기자재·선박용 배관,선박 및 보트 건조업 / 조선기자재·선박용 배관,KRX_KIND_LISTED_COMPANY,https://kind.krx.co.kr/corpgeneral/corpList.do?method=download&searchType=13,2026-07-18T19:41:51+09:00
099430,바이오플러스,기초 의약물질 제조업,생체재료 개질 기술을 사용한 히알루론산(HA) 기반 더말필러·유착방지제 및 그 응용제품,기초 의약물질 제조업 / 생체재료 개질 기술을 사용한 히알루론산(HA) 기반 더말필러·유착방지제 및 그 응용제품,KRX_KIND_LISTED_COMPANY,https://kind.krx.co.kr/corpgeneral/corpList.do?method=download&searchType=13,2026-07-18T19:41:51+09:00
099440,스맥,특수 목적용 기계 제조업,공작기계 및 산업용로봇제조,특수 목적용 기계 제조업 / 공작기계 및 산업용로봇제조,KRX_KIND_LISTED_COMPANY,https://kind.krx.co.kr/corpgeneral/corpList.do?method=download&searchType=13,2026-07-18T19:41:51+09:00
099520,DGI,영상 및 음향기기 제조업,DVR·유선통신기기 제조·무역,영상 및 음향기기 제조업 / DVR·유선통신기기 제조·무역,KRX_KIND_LISTED_COMPANY,https://kind.krx.co.kr/corpgeneral/corpList.do?method=download&searchType=13,2026-07-18T19:41:51+09:00
099750,이지케어텍,소프트웨어 개발 및 공급업,의료정보시스템,소프트웨어 개발 및 공급업 / 의료정보시스템,KRX_KIND_LISTED_COMPANY,https://kind.krx.co.kr/corpgeneral/corpList.do?method=download&searchType=13,2026-07-18T19:41:51+09:00
100030,인지소프트,소프트웨어 개발 및 공급업,금융솔루션·동기화솔루션,소프트웨어 개발 및 공급업 / 금융솔루션·동기화솔루션,KRX_KIND_LISTED_COMPANY,https://kind.krx.co.kr/corpgeneral/corpList.do?method=download&searchType=13,2026-07-18T19:41:51+09:00
100090,SK오션플랜트,1차 철강 제조업,해상풍력 하부구조물,1차 철강 제조업 / 해상풍력 하부구조물,KRX_KIND_LISTED_COMPANY,https://kind.krx.co.kr/corpgeneral/corpList.do?method=download&searchType=13,2026-07-18T19:41:51+09:00
100120,뷰웍스,의료용 기기 제조업,X-Ray Detector,의료용 기기 제조업 / X-Ray Detector,KRX_KIND_LISTED_COMPANY,https://kind.krx.co.kr/corpgeneral/corpList.do?method=download&searchType=13,2026-07-18T19:41:51+09:00
100130,동국S&C,"구조용 금속제품, 탱크 및 증기발생기 제조업",Wind-Tower,"구조용 금속제품, 탱크 및 증기발생기 제조업 / Wind-Tower",KRX_KIND_LISTED_COMPANY,https://kind.krx.co.kr/corpgeneral/corpList.do?method=download&searchType=13,2026-07-18T19:41:51+09:00
100220,비상교육,"서적, 잡지 및 기타 인쇄물 출판업",참고서 출판·소프트웨어 개발·공급,"서적, 잡지 및 기타 인쇄물 출판업 / 참고서 출판·소프트웨어 개발·공급",KRX_KIND_LISTED_COMPANY,https://kind.krx.co.kr/corpgeneral/corpList.do?method=download&searchType=13,2026-07-18T19:41:51+09:00
100250,진양홀딩스,플라스틱제품 제조업,투자·경영컨설팅,플라스틱제품 제조업 / 투자·경영컨설팅,KRX_KIND_LISTED_COMPANY,https://kind.krx.co.kr/corpgeneral/corpList.do?method=download&searchType=13,2026-07-18T19:41:51+09:00
100590,머큐리,통신 및 방송 장비 제조업,AP 단말기·광섬유 및 광케이블·위성통신 전송장비,통신 및 방송 장비 제조업 / AP 단말기·광섬유 및 광케이블·위성통신 전송장비,KRX_KIND_LISTED_COMPANY,https://kind.krx.co.kr/corpgeneral/corpList.do?method=download&searchType=13,2026-07-18T19:41:51+09:00
100660,서암기계공업,일반 목적용 기계 제조업,공작기계부품(정밀기어·척)·산업기계 제조부동산 임대,일반 목적용 기계 제조업 / 공작기계부품(정밀기어·척)·산업기계 제조부동산 임대,KRX_KIND_LISTED_COMPANY,https://kind.krx.co.kr/corpgeneral/corpList.do?method=download&searchType=13,2026-07-18T19:41:51+09:00
100700,세운메디칼,의료용품 및 기타 의약 관련제품 제조업,의료용구(체액배출기·도뇨관) 제조·도매,의료용품 및 기타 의약 관련제품 제조업 / 의료용구(체액배출기·도뇨관) 제조·도매,KRX_KIND_LISTED_COMPANY,https://kind.krx.co.kr/corpgeneral/corpList.do?method=download&searchType=13,2026-07-18T19:41:51+09:00
100790,미래에셋벤처투자,기타 금융업,중소기업 창업투자 관련 고유계정·투자조합 관련 수익,기타 금융업 / 중소기업 창업투자 관련 고유계정·투자조합 관련 수익,KRX_KIND_LISTED_COMPANY,https://kind.krx.co.kr/corpgeneral/corpList.do?method=download&searchType=13,2026-07-18T19:41:51+09:00
100840,SNT에너지,일반 목적용 기계 제조업,공냉식 열교환장치·폐열회수장치 제조,일반 목적용 기계 제조업 / 공냉식 열교환장치·폐열회수장치 제조,KRX_KIND_LISTED_COMPANY,https://kind.krx.co.kr/corpgeneral/corpList.do?method=download&searchType=13,2026-07-18T19:41:51+09:00
101000,KS인더스트리,특수 목적용 기계 제조업,선박용 크레인·선박구성부품·선박의장품,특수 목적용 기계 제조업 / 선박용 크레인·선박구성부품·선박의장품,KRX_KIND_LISTED_COMPANY,https://kind.krx.co.kr/corpgeneral/corpList.do?method=download&searchType=13,2026-07-18T19:41:51+09:00
101140,인바이오젠,기계장비 및 관련 물품 도매업,신발·의류·스포츠용품 도매,기계장비 및 관련 물품 도매업 / 신발·의류·스포츠용품 도매,KRX_KIND_LISTED_COMPANY,https://kind.krx.co.kr/corpgeneral/corpList.do?method=download&searchType=13,2026-07-18T19:41:51+09:00
101160,월덱스,전자부품 제조업,반도체용링및전극,전자부품 제조업 / 반도체용링및전극,KRX_KIND_LISTED_COMPANY,https://kind.krx.co.kr/corpgeneral/corpList.do?method=download&searchType=13,2026-07-18T19:41:51+09:00
101170,우림피티에스,일반 목적용 기계 제조업,트랜스미션·감속기·기어전동축 제조,일반 목적용 기계 제조업 / 트랜스미션·감속기·기어전동축 제조,KRX_KIND_LISTED_COMPANY,https://kind.krx.co.kr/corpgeneral/corpList.do?method=download&searchType=13,2026-07-18T19:41:51+09:00
101240,씨큐브,기초 화학물질 제조업,진주광택안료,기초 화학물질 제조업 / 진주광택안료,KRX_KIND_LISTED_COMPANY,https://kind.krx.co.kr/corpgeneral/corpList.do?method=download&searchType=13,2026-07-18T19:41:51+09:00
101330,모베이스,통신 및 방송 장비 제조업,휴대전화 케이스,통신 및 방송 장비 제조업 / 휴대전화 케이스,KRX_KIND_LISTED_COMPANY,https://kind.krx.co.kr/corpgeneral/corpList.do?method=download&searchType=13,2026-07-18T19:41:51+09:00
101360,에코앤드림,일차전지 및 이차전지 제조업,배출가스 저감용 촉매 및 이차전지 양극활물질 전구체,일차전지 및 이차전지 제조업 / 배출가스 저감용 촉매 및 이차전지 양극활물질 전구체,KRX_KIND_LISTED_COMPANY,https://kind.krx.co.kr/corpgeneral/corpList.do?method=download&searchType=13,2026-07-18T19:41:51+09:00
101400,엔시트론,반도체 제조업,디지털오디오앰프칩,반도체 제조업 / 디지털오디오앰프칩,KRX_KIND_LISTED_COMPANY,https://kind.krx.co.kr/corpgeneral/corpList.do?method=download&searchType=13,2026-07-18T19:41:51+09:00
101490,에스앤에스텍,전자부품 제조업,블랭크마스크,전자부품 제조업 / 블랭크마스크,KRX_KIND_LISTED_COMPANY,https://kind.krx.co.kr/corpgeneral/corpList.do?method=download&searchType=13,2026-07-18T19:41:51+09:00
101530,해태제과식품,기타 식품 제조업,홈런볼·오예스·맛동산,기타 식품 제조업 / 홈런볼·오예스·맛동산,KRX_KIND_LISTED_COMPANY,https://kind.krx.co.kr/corpgeneral/corpList.do?method=download&searchType=13,2026-07-18T19:41:51+09:00
101670,하이드로리튬,"구조용 금속제품, 탱크 및 증기발생기 제조업",영구앵커·교량용케이블·타이케이블,"구조용 금속제품, 탱크 및 증기발생기 제조업 / 영구앵커·교량용케이블·타이케이블",KRX_KIND_LISTED_COMPANY,https://kind.krx.co.kr/corpgeneral/corpList.do?method=download&searchType=13,2026-07-18T19:41:51+09:00
101680,한국정밀기계,특수 목적용 기계 제조업,금속절삭가공기계(수치제어식 수평보링머신·오면가공기·수직선반,특수 목적용 기계 제조업 / 금속절삭가공기계(수치제어식 수평보링머신·오면가공기·수직선반,KRX_KIND_LISTED_COMPANY,https://kind.krx.co.kr/corpgeneral/corpList.do?method=download&searchType=13,2026-07-18T19:41:51+09:00
101730,위메이드맥스,소프트웨어 개발 및 공급업,실크로드 온라인,소프트웨어 개발 및 공급업 / 실크로드 온라인,KRX_KIND_LISTED_COMPANY,https://kind.krx.co.kr/corpgeneral/corpList.do?method=download&searchType=13,2026-07-18T19:41:51+09:00
101930,인화정공,선박 및 보트 건조업,선박엔진부품,선박 및 보트 건조업 / 선박엔진부품,KRX_KIND_LISTED_COMPANY,https://kind.krx.co.kr/corpgeneral/corpList.do?method=download&searchType=13,2026-07-18T19:41:51+09:00
101970,우양에이치씨,"구조용 금속제품, 탱크 및 증기발생기 제조업",화공 플랜트·에너지 플랜트,"구조용 금속제품, 탱크 및 증기발생기 제조업 / 화공 플랜트·에너지 플랜트",KRX_KIND_LISTED_COMPANY,https://kind.krx.co.kr/corpgeneral/corpList.do?method=download&searchType=13,2026-07-18T19:41:51+09:00
102120,어보브반도체,반도체 제조업,반도체·전자제품·마이크로컨트롤라,반도체 제조업 / 반도체·전자제품·마이크로컨트롤라,KRX_KIND_LISTED_COMPANY,https://kind.krx.co.kr/corpgeneral/corpList.do?method=download&searchType=13,2026-07-18T19:41:51+09:00
102260,동성케미컬,합성고무 및 플라스틱 물질 제조업,,합성고무 및 플라스틱 물질 제조업,KRX_KIND_LISTED_COMPANY,https://kind.krx.co.kr/corpgeneral/corpList.do?method=download&searchType=13,2026-07-18T19:41:51+09:00
102370,케이옥션,상품 중개업,미술품 경매 및 판매,상품 중개업 / 미술품 경매 및 판매,KRX_KIND_LISTED_COMPANY,https://kind.krx.co.kr/corpgeneral/corpList.do?method=download&searchType=13,2026-07-18T19:41:51+09:00
102460,이연제약,의약품 제조업,항생제·순환기제,의약품 제조업 / 항생제·순환기제,KRX_KIND_LISTED_COMPANY,https://kind.krx.co.kr/corpgeneral/corpList.do?method=download&searchType=13,2026-07-18T19:41:51+09:00
102710,이엔에프테크놀로지,기타 화학제품 제조업,LCD·반도체용 케미칼,기타 화학제품 제조업 / LCD·반도체용 케미칼,KRX_KIND_LISTED_COMPANY,https://kind.krx.co.kr/corpgeneral/corpList.do?method=download&searchType=13,2026-07-18T19:41:51+09:00
102940,코오롱생명과학,기초 의약물질 제조업,항균제·수처리제·원료의약 등,기초 의약물질 제조업 / 항균제·수처리제·원료의약 등,KRX_KIND_LISTED_COMPANY,https://kind.krx.co.kr/corpgeneral/corpList.do?method=download&searchType=13,2026-07-18T19:41:51+09:00
102950,아하,전자부품 제조업,전자칠판·전자교탁 등,전자부품 제조업 / 전자칠판·전자교탁 등,KRX_KIND_LISTED_COMPANY,https://kind.krx.co.kr/corpgeneral/corpList.do?method=download&searchType=13,2026-07-18T19:41:51+09:00
103140,풍산,1차 비철금속 제조업,,1차 비철금속 제조업,KRX_KIND_LISTED_COMPANY,https://kind.krx.co.kr/corpgeneral/corpList.do?method=download&searchType=13,2026-07-18T19:41:51+09:00
103230,에스앤더블류,일반 목적용 기계 제조업,디젤엔진부품·산업부품·단조품,일반 목적용 기계 제조업 / 디젤엔진부품·산업부품·단조품,KRX_KIND_LISTED_COMPANY,https://kind.krx.co.kr/corpgeneral/corpList.do?method=download&searchType=13,2026-07-18T19:41:51+09:00
103590,일진전기,절연선 및 케이블 제조업,,절연선 및 케이블 제조업,KRX_KIND_LISTED_COMPANY,https://kind.krx.co.kr/corpgeneral/corpList.do?method=download&searchType=13,2026-07-18T19:41:51+09:00
103660,씨앗,기타 화학제품 제조업,잉크리본·인화지,기타 화학제품 제조업 / 잉크리본·인화지,KRX_KIND_LISTED_COMPANY,https://kind.krx.co.kr/corpgeneral/corpList.do?method=download&searchType=13,2026-07-18T19:41:51+09:00
103840,우양,"과실, 채소 가공 및 저장 처리업",HMR·음료 베이스·퓨레 등,"과실, 채소 가공 및 저장 처리업 / HMR·음료 베이스·퓨레 등",KRX_KIND_LISTED_COMPANY,https://kind.krx.co.kr/corpgeneral/corpList.do?method=download&searchType=13,2026-07-18T19:41:51+09:00
104040,디에스엠,자동차 신품 부품 제조업,자동차부품(시트·도어) 제조,자동차 신품 부품 제조업 / 자동차부품(시트·도어) 제조,KRX_KIND_LISTED_COMPANY,https://kind.krx.co.kr/corpgeneral/corpList.do?method=download&searchType=13,2026-07-18T19:41:51+09:00
104200,NHN벅스,기타 정보 서비스업,디지털음원유통·온라인음악서비스,기타 정보 서비스업 / 디지털음원유통·온라인음악서비스,KRX_KIND_LISTED_COMPANY,https://kind.krx.co.kr/corpgeneral/corpList.do?method=download&searchType=13,2026-07-18T19:41:51+09:00
104460,디와이피엔에프,일반 목적용 기계 제조업,뉴메틱 컨베잉 시스템(분체이송시스템),일반 목적용 기계 제조업 / 뉴메틱 컨베잉 시스템(분체이송시스템),KRX_KIND_LISTED_COMPANY,https://kind.krx.co.kr/corpgeneral/corpList.do?method=download&searchType=13,2026-07-18T19:41:51+09:00
104480,티케이케미칼,화학섬유 제조업,수지·폴리에스터·스판덱스,화학섬유 제조업 / 수지·폴리에스터·스판덱스,KRX_KIND_LISTED_COMPANY,https://kind.krx.co.kr/corpgeneral/corpList.do?method=download&searchType=13,2026-07-18T19:41:51+09:00
104540,코렌텍,의료용 기기 제조업,인공고관절·인공슬관절 등,의료용 기기 제조업 / 인공고관절·인공슬관절 등,KRX_KIND_LISTED_COMPANY,https://kind.krx.co.kr/corpgeneral/corpList.do?method=download&searchType=13,2026-07-18T19:41:51+09:00
104620,노랑풍선,여행사 및 기타 여행보조 서비스업,국내외여행 알선·항공권 판매,여행사 및 기타 여행보조 서비스업 / 국내외여행 알선·항공권 판매,KRX_KIND_LISTED_COMPANY,https://kind.krx.co.kr/corpgeneral/corpList.do?method=download&searchType=13,2026-07-18T19:41:51+09:00
104700,한국철강,1차 철강 제조업,철근,1차 철강 제조업 / 철근,KRX_KIND_LISTED_COMPANY,https://kind.krx.co.kr/corpgeneral/corpList.do?method=download&searchType=13,2026-07-18T19:41:51+09:00
104830,원익머트리얼즈,기초 화학물질 제조업,저메인가스·디실란·아산화질소,기초 화학물질 제조업 / 저메인가스·디실란·아산화질소,KRX_KIND_LISTED_COMPANY,https://kind.krx.co.kr/corpgeneral/corpList.do?method=download&searchType=13,2026-07-18T19:41:51+09:00
105330,케이엔더블유,자동차 신품 부품 제조업,Blanket·DOF·보호필름,자동차 신품 부품 제조업 / Blanket·DOF·보호필름,KRX_KIND_LISTED_COMPANY,https://kind.krx.co.kr/corpgeneral/corpList.do?method=download&searchType=13,2026-07-18T19:41:51+09:00
105550,엣지파운드리,전자부품 제조업,자동차용 센서(APS·TPS·IAPS,전자부품 제조업 / 자동차용 센서(APS·TPS·IAPS,KRX_KIND_LISTED_COMPANY,https://kind.krx.co.kr/corpgeneral/corpList.do?method=download&searchType=13,2026-07-18T19:41:51+09:00
105560,KB금융,기타 금융업,,기타 금융업,KRX_KIND_LISTED_COMPANY,https://kind.krx.co.kr/corpgeneral/corpList.do?method=download&searchType=13,2026-07-18T19:41:51+09:00
105630,한세실업,봉제의복 제조업,의류 완제품,봉제의복 제조업 / 의류 완제품,KRX_KIND_LISTED_COMPANY,https://kind.krx.co.kr/corpgeneral/corpList.do?method=download&searchType=13,2026-07-18T19:41:51+09:00
105740,디케이락,일반 목적용 기계 제조업,계장용 피팅 및 밸브,일반 목적용 기계 제조업 / 계장용 피팅 및 밸브,KRX_KIND_LISTED_COMPANY,https://kind.krx.co.kr/corpgeneral/corpList.do?method=download&searchType=13,2026-07-18T19:41:51+09:00
105760,포스뱅크,일반 목적용 기계 제조업,POS 단말기·KIOSK 단말기,일반 목적용 기계 제조업 / POS 단말기·KIOSK 단말기,KRX_KIND_LISTED_COMPANY,https://kind.krx.co.kr/corpgeneral/corpList.do?method=download&searchType=13,2026-07-18T19:41:51+09:00
105840,우진,"측정, 시험, 항해, 제어 및 기타 정밀기기 제조업; 광학기기 제외",원전용계측기,"측정, 시험, 항해, 제어 및 기타 정밀기기 제조업; 광학기기 제외 / 원전용계측기",KRX_KIND_LISTED_COMPANY,https://kind.krx.co.kr/corpgeneral/corpList.do?method=download&searchType=13,2026-07-18T19:41:51+09:00
106080,케이이엠텍,전자부품 제조업,IR필터 및 이차전지 부품(Can·Cap Ass'y),전자부품 제조업 / IR필터 및 이차전지 부품(Can·Cap Ass'y),KRX_KIND_LISTED_COMPANY,https://kind.krx.co.kr/corpgeneral/corpList.do?method=download&searchType=13,2026-07-18T19:41:51+09:00
106190,하이텍팜,기초 의약물질 제조업,주사제용 무균 원료의약품(Sterile Imipenem 외),기초 의약물질 제조업 / 주사제용 무균 원료의약품(Sterile Imipenem 외),KRX_KIND_LISTED_COMPANY,https://kind.krx.co.kr/corpgeneral/corpList.do?method=download&searchType=13,2026-07-18T19:41:51+09:00
106240,파인테크닉스,전구 및 조명장치 제조업,LED조명기기,전구 및 조명장치 제조업 / LED조명기기,KRX_KIND_LISTED_COMPANY,https://kind.krx.co.kr/corpgeneral/corpList.do?method=download&searchType=13,2026-07-18T19:41:51+09:00
107590,미원홀딩스,기타 금융업,도료첨가제,기타 금융업 / 도료첨가제,KRX_KIND_LISTED_COMPANY,https://kind.krx.co.kr/corpgeneral/corpList.do?method=download&searchType=13,2026-07-18T19:41:51+09:00
107600,새빗켐,기타 화학제품 제조업,폐전지재활용소재·폐산재활용,기타 화학제품 제조업 / 폐전지재활용소재·폐산재활용,KRX_KIND_LISTED_COMPANY,https://kind.krx.co.kr/corpgeneral/corpList.do?method=download&searchType=13,2026-07-18T19:41:51+09:00
107640,한중엔시에스,"전동기, 발전기 및 전기 변환 · 공급 · 제어 장치 제조업",수냉식 냉각시스템 ESS Parts·공랭식 ESS Module Parts·EV Module 및…,"전동기, 발전기 및 전기 변환 · 공급 · 제어 장치 제조업 / 수냉식 냉각시스템 ESS Parts·공랭식 ESS Module Parts·EV Module 및…",KRX_KIND_LISTED_COMPANY,https://kind.krx.co.kr/corpgeneral/corpList.do?method=download&searchType=13,2026-07-18T19:41:51+09:00
108230,톱텍,특수 목적용 기계 제조업,디스플레이 자동화설비,특수 목적용 기계 제조업 / 디스플레이 자동화설비,KRX_KIND_LISTED_COMPANY,https://kind.krx.co.kr/corpgeneral/corpList.do?method=download&searchType=13,2026-07-18T19:41:51+09:00
108320,LX세미콘,반도체 제조업,Display Driver IC,반도체 제조업 / Display Driver IC,KRX_KIND_LISTED_COMPANY,https://kind.krx.co.kr/corpgeneral/corpList.do?method=download&searchType=13,2026-07-18T19:41:51+09:00
108380,대양전기공업,선박 및 보트 건조업,해상용 조명등기구·(함정용)전자시스템·배전반류 등,선박 및 보트 건조업 / 해상용 조명등기구·(함정용)전자시스템·배전반류 등,KRX_KIND_LISTED_COMPANY,https://kind.krx.co.kr/corpgeneral/corpList.do?method=download&searchType=13,2026-07-18T19:41:51+09:00
108490,로보티즈,특수 목적용 기계 제조업,솔루션(로봇 엑츄에이터 모듈과 구동 소프트웨어)·에듀테인먼트 로봇·로봇 플랫폼,특수 목적용 기계 제조업 / 솔루션(로봇 엑츄에이터 모듈과 구동 소프트웨어)·에듀테인먼트 로봇·로봇 플랫폼,KRX_KIND_LISTED_COMPANY,https://kind.krx.co.kr/corpgeneral/corpList.do?method=download&searchType=13,2026-07-18T19:41:51+09:00
108670,LX하우시스,플라스틱제품 제조업,창호재·자동차부품 등,플라스틱제품 제조업 / 창호재·자동차부품 등,KRX_KIND_LISTED_COMPANY,https://kind.krx.co.kr/corpgeneral/corpList.do?method=download&searchType=13,2026-07-18T19:41:51+09:00
108860,셀바스AI,소프트웨어 개발 및 공급업,인공지능 솔루션 등,소프트웨어 개발 및 공급업 / 인공지능 솔루션 등,KRX_KIND_LISTED_COMPANY,https://kind.krx.co.kr/corpgeneral/corpList.do?method=download&searchType=13,2026-07-18T19:41:51+09:00
109070,주성코퍼레이션,통신 및 방송 장비 제조업,ICS중계기·블랙박스,통신 및 방송 장비 제조업 / ICS중계기·블랙박스,KRX_KIND_LISTED_COMPANY,https://kind.krx.co.kr/corpgeneral/corpList.do?method=download&searchType=13,2026-07-18T19:41:51+09:00
109080,옵티시스,통신 및 방송 장비 제조업,광링크 모듈 등,통신 및 방송 장비 제조업 / 광링크 모듈 등,KRX_KIND_LISTED_COMPANY,https://kind.krx.co.kr/corpgeneral/corpList.do?method=download&searchType=13,2026-07-18T19:41:51+09:00
109610,에스와이,"구조용 금속제품, 탱크 및 증기발생기 제조업",샌드위치 패널,"구조용 금속제품, 탱크 및 증기발생기 제조업 / 샌드위치 패널",KRX_KIND_LISTED_COMPANY,https://kind.krx.co.kr/corpgeneral/corpList.do?method=download&searchType=13,2026-07-18T19:41:51+09:00
109670,씨싸이트,봉제의복 제조업,니트류 OEM,봉제의복 제조업 / 니트류 OEM,KRX_KIND_LISTED_COMPANY,https://kind.krx.co.kr/corpgeneral/corpList.do?method=download&searchType=13,2026-07-18T19:41:51+09:00
109740,디에스케이,특수 목적용 기계 제조업,FPD(Flat Panel Display 평판디스플레이)용 Bonding System 및 In-…,특수 목적용 기계 제조업 / FPD(Flat Panel Display 평판디스플레이)용 Bonding System 및 In-…,KRX_KIND_LISTED_COMPANY,https://kind.krx.co.kr/corpgeneral/corpList.do?method=download&searchType=13,2026-07-18T19:41:51+09:00
109820,진매트릭스,자연과학 및 공학 연구개발업,B형간염치료제 내성진단·C형간염바이러스 유전형진단·자궁경부암유발바이러스 유전형진단,자연과학 및 공학 연구개발업 / B형간염치료제 내성진단·C형간염바이러스 유전형진단·자궁경부암유발바이러스 유전형진단,KRX_KIND_LISTED_COMPANY,https://kind.krx.co.kr/corpgeneral/corpList.do?method=download&searchType=13,2026-07-18T19:41:51+09:00
109860,동일금속,금속 주조업,크롤러크레인용 트랙슈 어셈블리·굴삭기용 아이들러 트랙슈 스프링 등,금속 주조업 / 크롤러크레인용 트랙슈 어셈블리·굴삭기용 아이들러 트랙슈 스프링 등,KRX_KIND_LISTED_COMPANY,https://kind.krx.co.kr/corpgeneral/corpList.do?method=download&searchType=13,2026-07-18T19:41:51+09:00
109960,앱토크롬,기타 전문 도매업,모바일게임 퍼블리싱·바이오의약품 연구개발업 및 판매·생산설비 및 연구장비의 대여 및 판매,기타 전문 도매업 / 모바일게임 퍼블리싱·바이오의약품 연구개발업 및 판매·생산설비 및 연구장비의 대여 및 판매,KRX_KIND_LISTED_COMPANY,https://kind.krx.co.kr/corpgeneral/corpList.do?method=download&searchType=13,2026-07-18T19:41:51+09:00
110020,전진바이오팜,기타 화학제품 제조업,방충방향제·유해동물피해감소제·기생충피해감소제,기타 화학제품 제조업 / 방충방향제·유해동물피해감소제·기생충피해감소제,KRX_KIND_LISTED_COMPANY,https://kind.krx.co.kr/corpgeneral/corpList.do?method=download&searchType=13,2026-07-18T19:41:51+09:00
110790,크리스에프앤씨,봉제의복 제조업,골프웨어,봉제의복 제조업 / 골프웨어,KRX_KIND_LISTED_COMPANY,https://kind.krx.co.kr/corpgeneral/corpList.do?method=download&searchType=13,2026-07-18T19:41:51+09:00
110990,디아이티,특수 목적용 기계 제조업,반도체 제조 장비,특수 목적용 기계 제조업 / 반도체 제조 장비,KRX_KIND_LISTED_COMPANY,https://kind.krx.co.kr/corpgeneral/corpList.do?method=download&searchType=13,2026-07-18T19:41:51+09:00
111110,호전실업,봉제의복 제조업,스포츠웨어 및 아웃도어 웨어 OEM,봉제의복 제조업 / 스포츠웨어 및 아웃도어 웨어 OEM,KRX_KIND_LISTED_COMPANY,https://kind.krx.co.kr/corpgeneral/corpList.do?method=download&searchType=13,2026-07-18T19:41:51+09:00
111380,동인기연,"가죽, 가방 및 유사제품 제조업",스포츠용품(등산용가방·골프백)·금속압형제품,"가죽, 가방 및 유사제품 제조업 / 스포츠용품(등산용가방·골프백)·금속압형제품",KRX_KIND_LISTED_COMPANY,https://kind.krx.co.kr/corpgeneral/corpList.do?method=download&searchType=13,2026-07-18T19:41:51+09:00
111710,남화산업,스포츠 서비스업,골프장 서비스,스포츠 서비스업 / 골프장 서비스,KRX_KIND_LISTED_COMPANY,https://kind.krx.co.kr/corpgeneral/corpList.do?method=download&searchType=13,2026-07-18T19:41:51+09:00
111770,영원무역,상품 종합 도매업,스포츠의류,상품 종합 도매업 / 스포츠의류,KRX_KIND_LISTED_COMPANY,https://kind.krx.co.kr/corpgeneral/corpList.do?method=download&searchType=13,2026-07-18T19:41:51+09:00
112040,위메이드,소프트웨어 개발 및 공급업,미르의전설2·미르4,소프트웨어 개발 및 공급업 / 미르의전설2·미르4,KRX_KIND_LISTED_COMPANY,https://kind.krx.co.kr/corpgeneral/corpList.do?method=download&searchType=13,2026-07-18T19:41:51+09:00
112190,KC산업,토목 건설업,철강보강콘크리트제품,토목 건설업 / 철강보강콘크리트제품,KRX_KIND_LISTED_COMPANY,https://kind.krx.co.kr/corpgeneral/corpList.do?method=download&searchType=13,2026-07-18T19:41:51+09:00
112290,와이씨켐,기타 화학제품 제조업,반도체 및 디스플레이용 화학소재,기타 화학제품 제조업 / 반도체 및 디스플레이용 화학소재,KRX_KIND_LISTED_COMPANY,https://kind.krx.co.kr/corpgeneral/corpList.do?method=download&searchType=13,2026-07-18T19:41:51+09:00
112610,씨에스윈드,"구조용 금속제품, 탱크 및 증기발생기 제조업",풍력발전타워 제조,"구조용 금속제품, 탱크 및 증기발생기 제조업 / 풍력발전타워 제조",KRX_KIND_LISTED_COMPANY,https://kind.krx.co.kr/corpgeneral/corpList.do?method=download&searchType=13,2026-07-18T19:41:51+09:00
113810,디젠스,자동차 신품 부품 제조업,자동차용 소음기(머플러),자동차 신품 부품 제조업 / 자동차용 소음기(머플러),KRX_KIND_LISTED_COMPANY,https://kind.krx.co.kr/corpgeneral/corpList.do?method=download&searchType=13,2026-07-18T19:41:51+09:00
114090,GKL,유원지 및 기타 오락관련 서비스업,카지노,유원지 및 기타 오락관련 서비스업 / 카지노,KRX_KIND_LISTED_COMPANY,https://kind.krx.co.kr/corpgeneral/corpList.do?method=download&searchType=13,2026-07-18T19:41:51+09:00
114190,강원에너지,기타 전기장비 제조업,플랜트설비(산업용 보일러),기타 전기장비 제조업 / 플랜트설비(산업용 보일러),KRX_KIND_LISTED_COMPANY,https://kind.krx.co.kr/corpgeneral/corpList.do?method=download&searchType=13,2026-07-18T19:41:51+09:00
114450,그린생명과학,기초 의약물질 제조업,의약품 중간체 등,기초 의약물질 제조업 / 의약품 중간체 등,KRX_KIND_LISTED_COMPANY,https://kind.krx.co.kr/corpgeneral/corpList.do?method=download&searchType=13,2026-07-18T19:41:51+09:00
114630,폴라리스우노,화학섬유 제조업,PVC가발사·난연고열사,화학섬유 제조업 / PVC가발사·난연고열사,KRX_KIND_LISTED_COMPANY,https://kind.krx.co.kr/corpgeneral/corpList.do?method=download&searchType=13,2026-07-18T19:41:51+09:00
114810,한솔아이원스,특수 목적용 기계 제조업,반도체 장비 부품 제조 및 세정·LCD 장비 부품 제조,특수 목적용 기계 제조업 / 반도체 장비 부품 제조 및 세정·LCD 장비 부품 제조,KRX_KIND_LISTED_COMPANY,https://kind.krx.co.kr/corpgeneral/corpList.do?method=download&searchType=13,2026-07-18T19:41:51+09:00
114840,아이패밀리에스씨,기타 화학제품 제조업,색조화장품 브랜드 `롬앤(Rom&nd)'·IT기반 웨딩서비스 브랜드 `아이웨딩`,기타 화학제품 제조업 / 색조화장품 브랜드 `롬앤(Rom&nd)'·IT기반 웨딩서비스 브랜드 `아이웨딩`,KRX_KIND_LISTED_COMPANY,https://kind.krx.co.kr/corpgeneral/corpList.do?method=download&searchType=13,2026-07-18T19:41:51+09:00
114920,대주이엔티,1차 철강 제조업,이중보온관·엘리베이터 가이드 레일,1차 철강 제조업 / 이중보온관·엘리베이터 가이드 레일,KRX_KIND_LISTED_COMPANY,https://kind.krx.co.kr/corpgeneral/corpList.do?method=download&searchType=13,2026-07-18T19:41:51+09:00
115160,휴맥스,기계장비 및 관련 물품 도매업,셋톱박스,기계장비 및 관련 물품 도매업 / 셋톱박스,KRX_KIND_LISTED_COMPANY,https://kind.krx.co.kr/corpgeneral/corpList.do?method=download&searchType=13,2026-07-18T19:41:51+09:00
115180,큐리언트,자연과학 및 공학 연구개발업,저분자 혁신신약,자연과학 및 공학 연구개발업 / 저분자 혁신신약,KRX_KIND_LISTED_COMPANY,https://kind.krx.co.kr/corpgeneral/corpList.do?method=download&searchType=13,2026-07-18T19:41:51+09:00
115310,인포바인,전기 통신업,휴대폰인증서보관서비스(UBIKey),전기 통신업 / 휴대폰인증서보관서비스(UBIKey),KRX_KIND_LISTED_COMPANY,https://kind.krx.co.kr/corpgeneral/corpList.do?method=download&searchType=13,2026-07-18T19:41:51+09:00
115440,우리넷,통신 및 방송 장비 제조업,광전송장비(MSPP)·교환장비(AGW),통신 및 방송 장비 제조업 / 광전송장비(MSPP)·교환장비(AGW),KRX_KIND_LISTED_COMPANY,https://kind.krx.co.kr/corpgeneral/corpList.do?method=download&searchType=13,2026-07-18T19:41:51+09:00
115450,HLB테라퓨틱스,기타 전문 도매업,임베디드 GUI 미들웨어 FXUI-2D·FXUI-3D,기타 전문 도매업 / 임베디드 GUI 미들웨어 FXUI-2D·FXUI-3D,KRX_KIND_LISTED_COMPANY,https://kind.krx.co.kr/corpgeneral/corpList.do?method=download&searchType=13,2026-07-18T19:41:51+09:00
115480,씨유메디칼,의료용 기기 제조업,심장제세동기,의료용 기기 제조업 / 심장제세동기,KRX_KIND_LISTED_COMPANY,https://kind.krx.co.kr/corpgeneral/corpList.do?method=download&searchType=13,2026-07-18T19:41:51+09:00
115500,케이씨에스,"컴퓨터 프로그래밍, 시스템 통합 및 관리업",컴퓨터시스템 통합 구축 및 철도 도로 교통인프라,"컴퓨터 프로그래밍, 시스템 통합 및 관리업 / 컴퓨터시스템 통합 구축 및 철도 도로 교통인프라",KRX_KIND_LISTED_COMPANY,https://kind.krx.co.kr/corpgeneral/corpList.do?method=download&searchType=13,2026-07-18T19:41:51+09:00
115530,씨엔플러스,전자부품 제조업,커넥터,전자부품 제조업 / 커넥터,KRX_KIND_LISTED_COMPANY,https://kind.krx.co.kr/corpgeneral/corpList.do?method=download&searchType=13,2026-07-18T19:41:51+09:00
115570,스타플렉스,플라스틱제품 제조업,광고용플렉스(조명용·비조명용),플라스틱제품 제조업 / 광고용플렉스(조명용·비조명용),KRX_KIND_LISTED_COMPANY,https://kind.krx.co.kr/corpgeneral/corpList.do?method=download&searchType=13,2026-07-18T19:41:51+09:00
115610,이미지스,반도체 제조업,터치스크린칩·햅틱칩,반도체 제조업 / 터치스크린칩·햅틱칩,KRX_KIND_LISTED_COMPANY,https://kind.krx.co.kr/corpgeneral/corpList.do?method=download&searchType=13,2026-07-18T19:41:51+09:00
116100,태양기계,자동차 신품 부품 제조업,엔진부품,자동차 신품 부품 제조업 / 엔진부품,KRX_KIND_LISTED_COMPANY,https://kind.krx.co.kr/corpgeneral/corpList.do?method=download&searchType=13,2026-07-18T19:41:51+09:00
117580,대성에너지,연료용 가스 제조 및 배관공급업,천연가스,연료용 가스 제조 및 배관공급업 / 천연가스,KRX_KIND_LISTED_COMPANY,https://kind.krx.co.kr/corpgeneral/corpList.do?method=download&searchType=13,2026-07-18T19:41:51+09:00
117670,알파칩스,반도체 제조업,시스템 반도체 개발,반도체 제조업 / 시스템 반도체 개발,KRX_KIND_LISTED_COMPANY,https://kind.krx.co.kr/corpgeneral/corpList.do?method=download&searchType=13,2026-07-18T19:41:51+09:00
117730,티로보틱스,특수 목적용 기계 제조업,중대형 시스템·중대형 로봇,특수 목적용 기계 제조업 / 중대형 시스템·중대형 로봇,KRX_KIND_LISTED_COMPANY,https://kind.krx.co.kr/corpgeneral/corpList.do?method=download&searchType=13,2026-07-18T19:41:51+09:00
118000,메타케어,기계장비 및 관련 물품 도매업,의약품·의료소모품·의료기기 도매,기계장비 및 관련 물품 도매업 / 의약품·의료소모품·의료기기 도매,KRX_KIND_LISTED_COMPANY,https://kind.krx.co.kr/corpgeneral/corpList.do?method=download&searchType=13,2026-07-18T19:41:51+09:00
118990,모트렉스,자동차 신품 부품 제조업,차량용 인포테인먼트,자동차 신품 부품 제조업 / 차량용 인포테인먼트,KRX_KIND_LISTED_COMPANY,https://kind.krx.co.kr/corpgeneral/corpList.do?method=download&searchType=13,2026-07-18T19:41:51+09:00
119500,포메탈,기타 금속 가공제품 제조업,자동차·풍력·방위산업,기타 금속 가공제품 제조업 / 자동차·풍력·방위산업,KRX_KIND_LISTED_COMPANY,https://kind.krx.co.kr/corpgeneral/corpList.do?method=download&searchType=13,2026-07-18T19:41:51+09:00
119610,인터로조,의료용 기기 제조업,콘텍트렌즈(소프트렌즈·원데이렌즈·하드렌즈 등),의료용 기기 제조업 / 콘텍트렌즈(소프트렌즈·원데이렌즈·하드렌즈 등),KRX_KIND_LISTED_COMPANY,https://kind.krx.co.kr/corpgeneral/corpList.do?method=download&searchType=13,2026-07-18T19:41:51+09:00
119650,KC코트렐,일반 목적용 기계 제조업,전기집진기 등,일반 목적용 기계 제조업 / 전기집진기 등,KRX_KIND_LISTED_COMPANY,https://kind.krx.co.kr/corpgeneral/corpList.do?method=download&searchType=13,2026-07-18T19:41:51+09:00
119830,아이텍,"그외 기타 전문, 과학 및 기술 서비스업",비메모리 반도체 테스트,"그외 기타 전문, 과학 및 기술 서비스업 / 비메모리 반도체 테스트",KRX_KIND_LISTED_COMPANY,https://kind.krx.co.kr/corpgeneral/corpList.do?method=download&searchType=13,2026-07-18T19:41:51+09:00
119850,지엔씨에너지,"전동기, 발전기 및 전기 변환 · 공급 · 제어 장치 제조업",비상발전기·소형열병합발전설비·바이오가스발전설비,"전동기, 발전기 및 전기 변환 · 공급 · 제어 장치 제조업 / 비상발전기·소형열병합발전설비·바이오가스발전설비",KRX_KIND_LISTED_COMPANY,https://kind.krx.co.kr/corpgeneral/corpList.do?method=download&searchType=13,2026-07-18T19:41:51+09:00
120030,조선선재,기타 금속 가공제품 제조업,용접재료,기타 금속 가공제품 제조업 / 용접재료,KRX_KIND_LISTED_COMPANY,https://kind.krx.co.kr/corpgeneral/corpList.do?method=download&searchType=13,2026-07-18T19:41:51+09:00
120110,코오롱인더,화학섬유 제조업,산업자재·화학·필름,화학섬유 제조업 / 산업자재·화학·필름,KRX_KIND_LISTED_COMPANY,https://kind.krx.co.kr/corpgeneral/corpList.do?method=download&searchType=13,2026-07-18T19:41:51+09:00
120240,대정화금,기초 화학물질 제조업,시약·원료의약품,기초 화학물질 제조업 / 시약·원료의약품,KRX_KIND_LISTED_COMPANY,https://kind.krx.co.kr/corpgeneral/corpList.do?method=download&searchType=13,2026-07-18T19:41:51+09:00
121060,유니포인트,"컴퓨터 프로그래밍, 시스템 통합 및 관리업",소프트웨어 개발·도소매컴퓨터시스템 설계·자문,"컴퓨터 프로그래밍, 시스템 통합 및 관리업 / 소프트웨어 개발·도소매컴퓨터시스템 설계·자문",KRX_KIND_LISTED_COMPANY,https://kind.krx.co.kr/corpgeneral/corpList.do?method=download&searchType=13,2026-07-18T19:41:51+09:00
121440,골프존홀딩스,상품 중개업,골프시뮬레이터,상품 중개업 / 골프시뮬레이터,KRX_KIND_LISTED_COMPANY,https://kind.krx.co.kr/corpgeneral/corpList.do?method=download&searchType=13,2026-07-18T19:41:51+09:00
121600,나노신소재,기타 화학제품 제조업,인듐계 산화물 TCO Target·반도체 CMP Slurry 등,기타 화학제품 제조업 / 인듐계 산화물 TCO Target·반도체 CMP Slurry 등,KRX_KIND_LISTED_COMPANY,https://kind.krx.co.kr/corpgeneral/corpList.do?method=download&searchType=13,2026-07-18T19:41:51+09:00
121800,비덴트,통신 및 방송 장비 제조업,방송용 LCD모니터,통신 및 방송 장비 제조업 / 방송용 LCD모니터,KRX_KIND_LISTED_COMPANY,https://kind.krx.co.kr/corpgeneral/corpList.do?method=download&searchType=13,2026-07-18T19:41:51+09:00
121850,코이즈,플라스틱제품 제조업,보호필름·도광판·백코팅,플라스틱제품 제조업 / 보호필름·도광판·백코팅,KRX_KIND_LISTED_COMPANY,https://kind.krx.co.kr/corpgeneral/corpList.do?method=download&searchType=13,2026-07-18T19:41:51+09:00
121890,에스디시스템,전자부품 제조업,요금징수시스템·지능형교통시스템·하이패스단말기,전자부품 제조업 / 요금징수시스템·지능형교통시스템·하이패스단말기,KRX_KIND_LISTED_COMPANY,https://kind.krx.co.kr/corpgeneral/corpList.do?method=download&searchType=13,2026-07-18T19:41:51+09:00
122310,제노레이,의료용 기기 제조업,의료용 방사선 진단기기,의료용 기기 제조업 / 의료용 방사선 진단기기,KRX_KIND_LISTED_COMPANY,https://kind.krx.co.kr/corpgeneral/corpList.do?method=download&searchType=13,2026-07-18T19:41:51+09:00
122350,삼기,자동차 신품 부품 제조업,자동차부품,자동차 신품 부품 제조업 / 자동차부품,KRX_KIND_LISTED_COMPANY,https://kind.krx.co.kr/corpgeneral/corpList.do?method=download&searchType=13,2026-07-18T19:41:51+09:00
122450,KX,텔레비전 방송업,방송채널사업 및 방송송출서비스,텔레비전 방송업 / 방송채널사업 및 방송송출서비스,KRX_KIND_LISTED_COMPANY,https://kind.krx.co.kr/corpgeneral/corpList.do?method=download&searchType=13,2026-07-18T19:41:51+09:00
122640,예스티,특수 목적용 기계 제조업,반도체 및 디스플레이 제조 장비,특수 목적용 기계 제조업 / 반도체 및 디스플레이 제조 장비,KRX_KIND_LISTED_COMPANY,https://kind.krx.co.kr/corpgeneral/corpList.do?method=download&searchType=13,2026-07-18T19:41:51+09:00
122690,서진오토모티브,자동차 신품 부품 제조업,Clutch·Flywheel·Driveplate,자동차 신품 부품 제조업 / Clutch·Flywheel·Driveplate,KRX_KIND_LISTED_COMPANY,https://kind.krx.co.kr/corpgeneral/corpList.do?method=download&searchType=13,2026-07-18T19:41:51+09:00
122830,원포유,소프트웨어 개발 및 공급업,비대면서비스플랫폼·인공지능,소프트웨어 개발 및 공급업 / 비대면서비스플랫폼·인공지능,KRX_KIND_LISTED_COMPANY,https://kind.krx.co.kr/corpgeneral/corpList.do?method=download&searchType=13,2026-07-18T19:41:51+09:00
122870,와이지엔터테인먼트,오디오물 출판 및 원판 녹음업,음악 및 기타 오디오물 출판·신인 아티스트 육성 및 매니지먼트,오디오물 출판 및 원판 녹음업 / 음악 및 기타 오디오물 출판·신인 아티스트 육성 및 매니지먼트,KRX_KIND_LISTED_COMPANY,https://kind.krx.co.kr/corpgeneral/corpList.do?method=download&searchType=13,2026-07-18T19:41:51+09:00
122900,아이마켓코리아,상품 종합 도매업,B2B 전자상거래,상품 종합 도매업 / B2B 전자상거래,KRX_KIND_LISTED_COMPANY,https://kind.krx.co.kr/corpgeneral/corpList.do?method=download&searchType=13,2026-07-18T19:41:51+09:00
122990,와이솔,전자부품 제조업,SAW Filter·Wafer Chip·Duplexer,전자부품 제조업 / SAW Filter·Wafer Chip·Duplexer,KRX_KIND_LISTED_COMPANY,https://kind.krx.co.kr/corpgeneral/corpList.do?method=download&searchType=13,2026-07-18T19:41:51+09:00
123010,알엔티엑스,전자부품 제조업,이미지센서 패키징,전자부품 제조업 / 이미지센서 패키징,KRX_KIND_LISTED_COMPANY,https://kind.krx.co.kr/corpgeneral/corpList.do?method=download&searchType=13,2026-07-18T19:41:51+09:00
123040,엠에스오토텍,자동차 신품 부품 제조업,자동차 차체 부품,자동차 신품 부품 제조업 / 자동차 차체 부품,KRX_KIND_LISTED_COMPANY,https://kind.krx.co.kr/corpgeneral/corpList.do?method=download&searchType=13,2026-07-18T19:41:51+09:00
123330,제닉,기타 화학제품 제조업,하이드로겔 마스크 팩·기타화장품,기타 화학제품 제조업 / 하이드로겔 마스크 팩·기타화장품,KRX_KIND_LISTED_COMPANY,https://kind.krx.co.kr/corpgeneral/corpList.do?method=download&searchType=13,2026-07-18T19:41:51+09:00
123410,코리아에프티,자동차 신품 부품 제조업,캐니스터·플라스틱필러넥·의장부품,자동차 신품 부품 제조업 / 캐니스터·플라스틱필러넥·의장부품,KRX_KIND_LISTED_COMPANY,https://kind.krx.co.kr/corpgeneral/corpList.do?method=download&searchType=13,2026-07-18T19:41:51+09:00
123420,위메이드플레이,소프트웨어 개발 및 공급업,모바일게임,소프트웨어 개발 및 공급업 / 모바일게임,KRX_KIND_LISTED_COMPANY,https://kind.krx.co.kr/corpgeneral/corpList.do?method=download&searchType=13,2026-07-18T19:41:51+09:00
123570,이엠넷,광고업,온라인 검색광고 대행,광고업 / 온라인 검색광고 대행,KRX_KIND_LISTED_COMPANY,https://kind.krx.co.kr/corpgeneral/corpList.do?method=download&searchType=13,2026-07-18T19:41:51+09:00
123690,한국화장품,생활용품 도매업,화장품,생활용품 도매업 / 화장품,KRX_KIND_LISTED_COMPANY,https://kind.krx.co.kr/corpgeneral/corpList.do?method=download&searchType=13,2026-07-18T19:41:51+09:00
123700,에스제이엠,자동차 신품 부품 제조업,자동차및산업용Bellows,자동차 신품 부품 제조업 / 자동차및산업용Bellows,KRX_KIND_LISTED_COMPANY,https://kind.krx.co.kr/corpgeneral/corpList.do?method=download&searchType=13,2026-07-18T19:41:51+09:00
123750,알톤,그외 기타 운송장비 제조업,전기 및 일반자전거 등,그외 기타 운송장비 제조업 / 전기 및 일반자전거 등,KRX_KIND_LISTED_COMPANY,https://kind.krx.co.kr/corpgeneral/corpList.do?method=download&searchType=13,2026-07-18T19:41:51+09:00
123840,뉴온,기타 식품 제조업,건강기능식품 및 생활용품 외,기타 식품 제조업 / 건강기능식품 및 생활용품 외,KRX_KIND_LISTED_COMPANY,https://kind.krx.co.kr/corpgeneral/corpList.do?method=download&searchType=13,2026-07-18T19:41:51+09:00
123860,아나패스,반도체 제조업,Timing Controller(TCON),반도체 제조업 / Timing Controller(TCON),KRX_KIND_LISTED_COMPANY,https://kind.krx.co.kr/corpgeneral/corpList.do?method=download&searchType=13,2026-07-18T19:41:51+09:00
123890,한국자산신탁,신탁업 및 집합투자업,부동산 신탁 서비스·REITs,신탁업 및 집합투자업 / 부동산 신탁 서비스·REITs,KRX_KIND_LISTED_COMPANY,https://kind.krx.co.kr/corpgeneral/corpList.do?method=download&searchType=13,2026-07-18T19:41:51+09:00
124500,아이티센글로벌,"컴퓨터 프로그래밍, 시스템 통합 및 관리업",시스템통합 및 IT서비스,"컴퓨터 프로그래밍, 시스템 통합 및 관리업 / 시스템통합 및 IT서비스",KRX_KIND_LISTED_COMPANY,https://kind.krx.co.kr/corpgeneral/corpList.do?method=download&searchType=13,2026-07-18T19:41:51+09:00
124560,태웅로직스,기타 운송관련 서비스업,3자물류주선 (복합운송·프로젝트운송·CIS운송 등),기타 운송관련 서비스업 / 3자물류주선 (복합운송·프로젝트운송·CIS운송 등),KRX_KIND_LISTED_COMPANY,https://kind.krx.co.kr/corpgeneral/corpList.do?method=download&searchType=13,2026-07-18T19:41:51+09:00
125020,티씨머티리얼즈,절연선 및 케이블 제조업,에나멜동선·초고압케이블·각동선,절연선 및 케이블 제조업 / 에나멜동선·초고압케이블·각동선,KRX_KIND_LISTED_COMPANY,https://kind.krx.co.kr/corpgeneral/corpList.do?method=download&searchType=13,2026-07-18T19:41:51+09:00
125210,아모그린텍,전자부품 제조업,비정질 및 나노결정립을 이용한 자성부품 및 전류센서,전자부품 제조업 / 비정질 및 나노결정립을 이용한 자성부품 및 전류센서,KRX_KIND_LISTED_COMPANY,https://kind.krx.co.kr/corpgeneral/corpList.do?method=download&searchType=13,2026-07-18T19:41:51+09:00
125490,한라캐스트,자동차 신품 부품 제조업,마그네슘 및 알루미늄 다이캐스팅 제품(차량·가전용 경량화 소재 부품),자동차 신품 부품 제조업 / 마그네슘 및 알루미늄 다이캐스팅 제품(차량·가전용 경량화 소재 부품),KRX_KIND_LISTED_COMPANY,https://kind.krx.co.kr/corpgeneral/corpList.do?method=download&searchType=13,2026-07-18T19:41:51+09:00
126340,비나텍,일차전지 및 이차전지 제조업,초고용량 커패시터(슈퍼커패시터),일차전지 및 이차전지 제조업 / 초고용량 커패시터(슈퍼커패시터),KRX_KIND_LISTED_COMPANY,https://kind.krx.co.kr/corpgeneral/corpList.do?method=download&searchType=13,2026-07-18T19:41:51+09:00
126560,현대퓨처넷,전기 통신업,디지털 사이니지·기업 메시징 등,전기 통신업 / 디지털 사이니지·기업 메시징 등,KRX_KIND_LISTED_COMPANY,https://kind.krx.co.kr/corpgeneral/corpList.do?method=download&searchType=13,2026-07-18T19:41:51+09:00
126600,BGF에코머티리얼즈,합성고무 및 플라스틱 물질 제조업,엔지니어링 플라스틱 칩,합성고무 및 플라스틱 물질 제조업 / 엔지니어링 플라스틱 칩,KRX_KIND_LISTED_COMPANY,https://kind.krx.co.kr/corpgeneral/corpList.do?method=download&searchType=13,2026-07-18T19:41:51+09:00
126640,화신정공,자동차 신품 부품 제조업,자동차부품,자동차 신품 부품 제조업 / 자동차부품,KRX_KIND_LISTED_COMPANY,https://kind.krx.co.kr/corpgeneral/corpList.do?method=download&searchType=13,2026-07-18T19:41:51+09:00
126700,하이비젼시스템,사진장비 및 광학기기 제조업,카메라모듈 제조검사용 장비,사진장비 및 광학기기 제조업 / 카메라모듈 제조검사용 장비,KRX_KIND_LISTED_COMPANY,https://kind.krx.co.kr/corpgeneral/corpList.do?method=download&searchType=13,2026-07-18T19:41:51+09:00
126720,수산인더스트리,전기 및 통신 공사업,전력발전설비 정비 용역,전기 및 통신 공사업 / 전력발전설비 정비 용역,KRX_KIND_LISTED_COMPANY,https://kind.krx.co.kr/corpgeneral/corpList.do?method=download&searchType=13,2026-07-18T19:41:51+09:00
126730,코칩,전자부품 제조업,소형 및 초소형 슈퍼커패시터,전자부품 제조업 / 소형 및 초소형 슈퍼커패시터,KRX_KIND_LISTED_COMPANY,https://kind.krx.co.kr/corpgeneral/corpList.do?method=download&searchType=13,2026-07-18T19:41:51+09:00
126880,제이엔케이글로벌,일반 목적용 기계 제조업,산업용가열로·수소충전소,일반 목적용 기계 제조업 / 산업용가열로·수소충전소,KRX_KIND_LISTED_COMPANY,https://kind.krx.co.kr/corpgeneral/corpList.do?method=download&searchType=13,2026-07-18T19:41:51+09:00
127120,제이에스링크,자연과학 및 공학 연구개발업,유전체분석(EGIS)·개인유전체분석(DNAGPS),자연과학 및 공학 연구개발업 / 유전체분석(EGIS)·개인유전체분석(DNAGPS),KRX_KIND_LISTED_COMPANY,https://kind.krx.co.kr/corpgeneral/corpList.do?method=download&searchType=13,2026-07-18T19:41:51+09:00
127710,아시아경제,"자료처리, 호스팅, 포털 및 기타 인터넷 정보매개 서비스업",광고 및 콘텐츠,"자료처리, 호스팅, 포털 및 기타 인터넷 정보매개 서비스업 / 광고 및 콘텐츠",KRX_KIND_LISTED_COMPANY,https://kind.krx.co.kr/corpgeneral/corpList.do?method=download&searchType=13,2026-07-18T19:41:51+09:00
127980,화인써키트,전자부품 제조업,인쇄회로기판(PCB),전자부품 제조업 / 인쇄회로기판(PCB),KRX_KIND_LISTED_COMPANY,https://kind.krx.co.kr/corpgeneral/corpList.do?method=download&searchType=13,2026-07-18T19:41:51+09:00
128540,에코캡,자동차 신품 부품 제조업,자동차 부품(전선·케이블·벌브소켓,자동차 신품 부품 제조업 / 자동차 부품(전선·케이블·벌브소켓,KRX_KIND_LISTED_COMPANY,https://kind.krx.co.kr/corpgeneral/corpList.do?method=download&searchType=13,2026-07-18T19:41:51+09:00
128660,피제이메탈,1차 비철금속 제조업,탈산제·조재제,1차 비철금속 제조업 / 탈산제·조재제,KRX_KIND_LISTED_COMPANY,https://kind.krx.co.kr/corpgeneral/corpList.do?method=download&searchType=13,2026-07-18T19:41:51+09:00
128820,대성산업,연료 소매업,주요소운영·기계판매 등,연료 소매업 / 주요소운영·기계판매 등,KRX_KIND_LISTED_COMPANY,https://kind.krx.co.kr/corpgeneral/corpList.do?method=download&searchType=13,2026-07-18T19:41:51+09:00
128940,한미약품,의약품 제조업,의약품,의약품 제조업 / 의약품,KRX_KIND_LISTED_COMPANY,https://kind.krx.co.kr/corpgeneral/corpList.do?method=download&searchType=13,2026-07-18T19:41:51+09:00
129260,인터지스,도로 화물 운송업,화물운송·알선·하역,도로 화물 운송업 / 화물운송·알선·하역,KRX_KIND_LISTED_COMPANY,https://kind.krx.co.kr/corpgeneral/corpList.do?method=download&searchType=13,2026-07-18T19:41:51+09:00
129890,앱코,컴퓨터 및 주변장치 제조업,게이밍기어·뉴라이프가전 등,컴퓨터 및 주변장치 제조업 / 게이밍기어·뉴라이프가전 등,KRX_KIND_LISTED_COMPANY,https://kind.krx.co.kr/corpgeneral/corpList.do?method=download&searchType=13,2026-07-18T19:41:51+09:00
129920,대성하이텍,특수 목적용 기계 제조업,정밀부품·스위스턴 자동선반·컴팩트 머시닝센터,특수 목적용 기계 제조업 / 정밀부품·스위스턴 자동선반·컴팩트 머시닝센터,KRX_KIND_LISTED_COMPANY,https://kind.krx.co.kr/corpgeneral/corpList.do?method=download&searchType=13,2026-07-18T19:41:51+09:00
130500,GH신소재,기타 섬유제품 제조업,자동차용 부직포·폴리우레탄 폼,기타 섬유제품 제조업 / 자동차용 부직포·폴리우레탄 폼,KRX_KIND_LISTED_COMPANY,https://kind.krx.co.kr/corpgeneral/corpList.do?method=download&searchType=13,2026-07-18T19:41:51+09:00
130580,나이스디앤비,기타 사업지원 서비스업,기업신용조사 보고서,기타 사업지원 서비스업 / 기업신용조사 보고서,KRX_KIND_LISTED_COMPANY,https://kind.krx.co.kr/corpgeneral/corpList.do?method=download&searchType=13,2026-07-18T19:41:51+09:00
130660,한전산업,"건축기술, 엔지니어링 및 관련 기술 서비스업",발전설비 운전·정비·전기검침,"건축기술, 엔지니어링 및 관련 기술 서비스업 / 발전설비 운전·정비·전기검침",KRX_KIND_LISTED_COMPANY,https://kind.krx.co.kr/corpgeneral/corpList.do?method=download&searchType=13,2026-07-18T19:41:51+09:00
130740,티피씨글로벌,자동차 신품 부품 제조업,정밀인발강관·정밀강관·Water pipe,자동차 신품 부품 제조업 / 정밀인발강관·정밀강관·Water pipe,KRX_KIND_LISTED_COMPANY,https://kind.krx.co.kr/corpgeneral/corpList.do?method=download&searchType=13,2026-07-18T19:41:51+09:00
131030,옵투스제약,의약품 제조업,티어린프리점안액,의약품 제조업 / 티어린프리점안액,KRX_KIND_LISTED_COMPANY,https://kind.krx.co.kr/corpgeneral/corpList.do?method=download&searchType=13,2026-07-18T19:41:51+09:00
131090,시큐브,소프트웨어 개발 및 공급업,시스템보안관리솔루션·정보유출방지솔루션,소프트웨어 개발 및 공급업 / 시스템보안관리솔루션·정보유출방지솔루션,KRX_KIND_LISTED_COMPANY,https://kind.krx.co.kr/corpgeneral/corpList.do?method=download&searchType=13,2026-07-18T19:41:51+09:00
131100,티엔엔터테인먼트,"영화, 비디오물, 방송프로그램 제작 및 배급업",연예인 매니지먼트·계육·식음료,"영화, 비디오물, 방송프로그램 제작 및 배급업 / 연예인 매니지먼트·계육·식음료",KRX_KIND_LISTED_COMPANY,https://kind.krx.co.kr/corpgeneral/corpList.do?method=download&searchType=13,2026-07-18T19:41:51+09:00
131180,딜리,컴퓨터 및 주변장치 제조업,디지털 UV 프린터,컴퓨터 및 주변장치 제조업 / 디지털 UV 프린터,KRX_KIND_LISTED_COMPANY,https://kind.krx.co.kr/corpgeneral/corpList.do?method=download&searchType=13,2026-07-18T19:41:51+09:00
131220,대한과학,기계장비 및 관련 물품 도매업,의료·정밀 및 연구실험기기 제조 및 유통,기계장비 및 관련 물품 도매업 / 의료·정밀 및 연구실험기기 제조 및 유통,KRX_KIND_LISTED_COMPANY,https://kind.krx.co.kr/corpgeneral/corpList.do?method=download&searchType=13,2026-07-18T19:41:51+09:00
131290,티에스이,"측정, 시험, 항해, 제어 및 기타 정밀기기 제조업; 광학기기 제외",Probe Card·Test Interface Board·OLED Test Equipment,"측정, 시험, 항해, 제어 및 기타 정밀기기 제조업; 광학기기 제외 / Probe Card·Test Interface Board·OLED Test Equipment",KRX_KIND_LISTED_COMPANY,https://kind.krx.co.kr/corpgeneral/corpList.do?method=download&searchType=13,2026-07-18T19:41:51+09:00
131370,알서포트,소프트웨어 개발 및 공급업,원격지원·제어 솔루션,소프트웨어 개발 및 공급업 / 원격지원·제어 솔루션,KRX_KIND_LISTED_COMPANY,https://kind.krx.co.kr/corpgeneral/corpList.do?method=download&searchType=13,2026-07-18T19:41:51+09:00
131400,이브이첨단소재,전자부품 제조업,연성회로기판,전자부품 제조업 / 연성회로기판,KRX_KIND_LISTED_COMPANY,https://kind.krx.co.kr/corpgeneral/corpList.do?method=download&searchType=13,2026-07-18T19:41:51+09:00
131760,파인텍,특수 목적용 기계 제조업,OLED 제조장비,특수 목적용 기계 제조업 / OLED 제조장비,KRX_KIND_LISTED_COMPANY,https://kind.krx.co.kr/corpgeneral/corpList.do?method=download&searchType=13,2026-07-18T19:41:51+09:00
131970,두산테스나,"그외 기타 전문, 과학 및 기술 서비스업",반도체 테스트,"그외 기타 전문, 과학 및 기술 서비스업 / 반도체 테스트",KRX_KIND_LISTED_COMPANY,https://kind.krx.co.kr/corpgeneral/corpList.do?method=download&searchType=13,2026-07-18T19:41:51+09:00
133750,메가엠디,일반 교습 학원,의학·치의학·법학 전문대학원,일반 교습 학원 / 의학·치의학·법학 전문대학원,KRX_KIND_LISTED_COMPANY,https://kind.krx.co.kr/corpgeneral/corpList.do?method=download&searchType=13,2026-07-18T19:41:51+09:00
133820,화인베스틸,1차 철강 제조업,조선용 형강(부등변 부등후 앵글·부등호 앵글·등변앵글 평철 등),1차 철강 제조업 / 조선용 형강(부등변 부등후 앵글·부등호 앵글·등변앵글 평철 등),KRX_KIND_LISTED_COMPANY,https://kind.krx.co.kr/corpgeneral/corpList.do?method=download&searchType=13,2026-07-18T19:41:51+09:00
134060,이퓨쳐,"서적, 잡지 및 기타 인쇄물 출판업",Smart Phonics 등(외국어 어학교재),"서적, 잡지 및 기타 인쇄물 출판업 / Smart Phonics 등(외국어 어학교재)",KRX_KIND_LISTED_COMPANY,https://kind.krx.co.kr/corpgeneral/corpList.do?method=download&searchType=13,2026-07-18T19:41:51+09:00
134380,미원화학,기타 화학제품 제조업,계면활성제·황산및분황,기타 화학제품 제조업 / 계면활성제·황산및분황,KRX_KIND_LISTED_COMPANY,https://kind.krx.co.kr/corpgeneral/corpList.do?method=download&searchType=13,2026-07-18T19:41:51+09:00
134580,탑코미디어,"자료처리, 호스팅, 포털 및 기타 인터넷 정보매개 서비스업",웹툰·만화,"자료처리, 호스팅, 포털 및 기타 인터넷 정보매개 서비스업 / 웹툰·만화",KRX_KIND_LISTED_COMPANY,https://kind.krx.co.kr/corpgeneral/corpList.do?method=download&searchType=13,2026-07-18T19:41:51+09:00
134790,시디즈,가구 제조업,의자,가구 제조업 / 의자,KRX_KIND_LISTED_COMPANY,https://kind.krx.co.kr/corpgeneral/corpList.do?method=download&searchType=13,2026-07-18T19:41:51+09:00
136150,원일티엔아이,일반 목적용 기계 제조업,수소저장합금·고압연소식기화기,일반 목적용 기계 제조업 / 수소저장합금·고압연소식기화기,KRX_KIND_LISTED_COMPANY,https://kind.krx.co.kr/corpgeneral/corpList.do?method=download&searchType=13,2026-07-18T19:41:51+09:00
136410,아셈스,플라스틱제품 제조업,핫멜트 접착 필름,플라스틱제품 제조업 / 핫멜트 접착 필름,KRX_KIND_LISTED_COMPANY,https://kind.krx.co.kr/corpgeneral/corpList.do?method=download&searchType=13,2026-07-18T19:41:51+09:00
136480,하림,"도축, 육류 가공 및 저장 처리업",육계·육계가공식품,"도축, 육류 가공 및 저장 처리업 / 육계·육계가공식품",KRX_KIND_LISTED_COMPANY,https://kind.krx.co.kr/corpgeneral/corpList.do?method=download&searchType=13,2026-07-18T19:41:51+09:00
136490,선진,동물용 사료 및 조제식품 제조업,조제동물사료,동물용 사료 및 조제식품 제조업 / 조제동물사료,KRX_KIND_LISTED_COMPANY,https://kind.krx.co.kr/corpgeneral/corpList.do?method=download&searchType=13,2026-07-18T19:41:51+09:00
136540,윈스테크넷,"컴퓨터 프로그래밍, 시스템 통합 및 관리업",네크워크보안장비(IPS·안티 DDoS),"컴퓨터 프로그래밍, 시스템 통합 및 관리업 / 네크워크보안장비(IPS·안티 DDoS)",KRX_KIND_LISTED_COMPANY,https://kind.krx.co.kr/corpgeneral/corpList.do?method=download&searchType=13,2026-07-18T19:41:51+09:00
136660,큐엠씨,특수 목적용 기계 제조업,반도체·LED·FPD 제조 및 검사 장비,특수 목적용 기계 제조업 / 반도체·LED·FPD 제조 및 검사 장비,KRX_KIND_LISTED_COMPANY,https://kind.krx.co.kr/corpgeneral/corpList.do?method=download&searchType=13,2026-07-18T19:41:51+09:00
137080,나래나노텍,특수 목적용 기계 제조업,디스플레이 장비 (포토·코팅·모듈 장비),특수 목적용 기계 제조업 / 디스플레이 장비 (포토·코팅·모듈 장비),KRX_KIND_LISTED_COMPANY,https://kind.krx.co.kr/corpgeneral/corpList.do?method=download&searchType=13,2026-07-18T19:41:51+09:00
137310,에스디바이오센서,의료용 기기 제조업,STANDARD Q 항원·항체 진단키트(COVID-19 진단키트),의료용 기기 제조업 / STANDARD Q 항원·항체 진단키트(COVID-19 진단키트),KRX_KIND_LISTED_COMPANY,https://kind.krx.co.kr/corpgeneral/corpList.do?method=download&searchType=13,2026-07-18T19:41:51+09:00
137400,피엔티,특수 목적용 기계 제조업,2차전지 및 전자소재용 Roll-to-Roll 장비,특수 목적용 기계 제조업 / 2차전지 및 전자소재용 Roll-to-Roll 장비,KRX_KIND_LISTED_COMPANY,https://kind.krx.co.kr/corpgeneral/corpList.do?method=download&searchType=13,2026-07-18T19:41:51+09:00
137940,넥스트아이,"측정, 시험, 항해, 제어 및 기타 정밀기기 제조업; 광학기기 제외",LCD 편광필름 검사장비·BLU 검사장비 등,"측정, 시험, 항해, 제어 및 기타 정밀기기 제조업; 광학기기 제외 / LCD 편광필름 검사장비·BLU 검사장비 등",KRX_KIND_LISTED_COMPANY,https://kind.krx.co.kr/corpgeneral/corpList.do?method=download&searchType=13,2026-07-18T19:41:51+09:00
137950,제이씨케미칼,기타 화학제품 제조업,바이오디젤·바이오중유 등,기타 화학제품 제조업 / 바이오디젤·바이오중유 등,KRX_KIND_LISTED_COMPANY,https://kind.krx.co.kr/corpgeneral/corpList.do?method=download&searchType=13,2026-07-18T19:41:51+09:00
138040,메리츠금융지주,기타 금융업,투자사업,기타 금융업 / 투자사업,KRX_KIND_LISTED_COMPANY,https://kind.krx.co.kr/corpgeneral/corpList.do?method=download&searchType=13,2026-07-18T19:41:51+09:00
138070,신진에스엠,기타 금속 가공제품 제조업,표준 플레이트,기타 금속 가공제품 제조업 / 표준 플레이트,KRX_KIND_LISTED_COMPANY,https://kind.krx.co.kr/corpgeneral/corpList.do?method=download&searchType=13,2026-07-18T19:41:51+09:00
138080,오이솔루션,통신 및 방송 장비 제조업,광트랜시버,통신 및 방송 장비 제조업 / 광트랜시버,KRX_KIND_LISTED_COMPANY,https://kind.krx.co.kr/corpgeneral/corpList.do?method=download&searchType=13,2026-07-18T19:41:51+09:00
138360,앤로보틱스,특수 목적용 기계 제조업,기계제조,특수 목적용 기계 제조업 / 기계제조,KRX_KIND_LISTED_COMPANY,https://kind.krx.co.kr/corpgeneral/corpList.do?method=download&searchType=13,2026-07-18T19:41:51+09:00
138610,나이벡,의료용품 및 기타 의약 관련제품 제조업,치아미백제·치과용 골이식재,의료용품 및 기타 의약 관련제품 제조업 / 치아미백제·치과용 골이식재,KRX_KIND_LISTED_COMPANY,https://kind.krx.co.kr/corpgeneral/corpList.do?method=download&searchType=13,2026-07-18T19:41:51+09:00
138930,BNK금융지주,기타 금융업,금융지주회사,기타 금융업 / 금융지주회사,KRX_KIND_LISTED_COMPANY,https://kind.krx.co.kr/corpgeneral/corpList.do?method=download&searchType=13,2026-07-18T19:41:51+09:00
139130,iM금융지주,기타 금융업,지주회사,기타 금융업 / 지주회사,KRX_KIND_LISTED_COMPANY,https://kind.krx.co.kr/corpgeneral/corpList.do?method=download&searchType=13,2026-07-18T19:41:51+09:00
139480,이마트,종합 소매업,대형마트,종합 소매업 / 대형마트,KRX_KIND_LISTED_COMPANY,https://kind.krx.co.kr/corpgeneral/corpList.do?method=download&searchType=13,2026-07-18T19:41:51+09:00
139670,키네마스터,소프트웨어 개발 및 공급업,NexMFW·NexPlayer EMB,소프트웨어 개발 및 공급업 / NexMFW·NexPlayer EMB,KRX_KIND_LISTED_COMPANY,https://kind.krx.co.kr/corpgeneral/corpList.do?method=download&searchType=13,2026-07-18T19:41:51+09:00
139990,아주스틸,1차 철강 제조업,프리미엄 가전용 고품질 컬러강판·건자재 등,1차 철강 제조업 / 프리미엄 가전용 고품질 컬러강판·건자재 등,KRX_KIND_LISTED_COMPANY,https://kind.krx.co.kr/corpgeneral/corpList.do?method=download&searchType=13,2026-07-18T19:41:51+09:00
140070,서플러스글로벌,기계장비 및 관련 물품 도매업,반도체 제조용 장비·유휴기계설비 도소매,기계장비 및 관련 물품 도매업 / 반도체 제조용 장비·유휴기계설비 도소매,KRX_KIND_LISTED_COMPANY,https://kind.krx.co.kr/corpgeneral/corpList.do?method=download&searchType=13,2026-07-18T19:41:51+09:00
140410,메지온,자연과학 및 공학 연구개발업,발기부전증치료제·전립선비대증치료제,자연과학 및 공학 연구개발업 / 발기부전증치료제·전립선비대증치료제,KRX_KIND_LISTED_COMPANY,https://kind.krx.co.kr/corpgeneral/corpList.do?method=download&searchType=13,2026-07-18T19:41:51+09:00
140430,카티스,"컴퓨터 프로그래밍, 시스템 통합 및 관리업",산업인프라 보안플랫폼,"컴퓨터 프로그래밍, 시스템 통합 및 관리업 / 산업인프라 보안플랫폼",KRX_KIND_LISTED_COMPANY,https://kind.krx.co.kr/corpgeneral/corpList.do?method=download&searchType=13,2026-07-18T19:41:51+09:00
140520,대창스틸,1차 철강 제조업,냉연강판·이중바닥재,1차 철강 제조업 / 냉연강판·이중바닥재,KRX_KIND_LISTED_COMPANY,https://kind.krx.co.kr/corpgeneral/corpList.do?method=download&searchType=13,2026-07-18T19:41:51+09:00
140610,엔솔바이오사이언스,자연과학 및 공학 연구개발업,퇴행성디스크 치료제·골관절염 치료제·동물용 골관절염 치료제,자연과학 및 공학 연구개발업 / 퇴행성디스크 치료제·골관절염 치료제·동물용 골관절염 치료제,KRX_KIND_LISTED_COMPANY,https://kind.krx.co.kr/corpgeneral/corpList.do?method=download&searchType=13,2026-07-18T19:41:51+09:00
140660,위월드,통신 및 방송 장비 제조업,이동위성통신안테나·위성방송시스템,통신 및 방송 장비 제조업 / 이동위성통신안테나·위성방송시스템,KRX_KIND_LISTED_COMPANY,https://kind.krx.co.kr/corpgeneral/corpList.do?method=download&searchType=13,2026-07-18T19:41:51+09:00
140670,알에스오토메이션,전자부품 제조업,모션제어기·드라이브·에너지제어장치,전자부품 제조업 / 모션제어기·드라이브·에너지제어장치,KRX_KIND_LISTED_COMPANY,https://kind.krx.co.kr/corpgeneral/corpList.do?method=download&searchType=13,2026-07-18T19:41:51+09:00
140860,파크시스템스,"측정, 시험, 항해, 제어 및 기타 정밀기기 제조업; 광학기기 제외",연구용 및 산업용 원자현미경,"측정, 시험, 항해, 제어 및 기타 정밀기기 제조업; 광학기기 제외 / 연구용 및 산업용 원자현미경",KRX_KIND_LISTED_COMPANY,https://kind.krx.co.kr/corpgeneral/corpList.do?method=download&searchType=13,2026-07-18T19:41:51+09:00
141000,비아트론,특수 목적용 기계 제조업,디스플레이 및 반도체 제조용 장비,특수 목적용 기계 제조업 / 디스플레이 및 반도체 제조용 장비,KRX_KIND_LISTED_COMPANY,https://kind.krx.co.kr/corpgeneral/corpList.do?method=download&searchType=13,2026-07-18T19:41:51+09:00
141080,리가켐바이오,자연과학 및 공학 연구개발업,ADC 신약연구개발,자연과학 및 공학 연구개발업 / ADC 신약연구개발,KRX_KIND_LISTED_COMPANY,https://kind.krx.co.kr/corpgeneral/corpList.do?method=download&searchType=13,2026-07-18T19:41:51+09:00
142210,유니트론텍,자동차 부품 및 내장품 판매업,메모리·비메모리반도체·디스플레이 모듈,자동차 부품 및 내장품 판매업 / 메모리·비메모리반도체·디스플레이 모듈,KRX_KIND_LISTED_COMPANY,https://kind.krx.co.kr/corpgeneral/corpList.do?method=download&searchType=13,2026-07-18T19:41:51+09:00
142280,녹십자엠에스,의료용품 및 기타 의약 관련제품 제조업,혈액백·진단시약·혈액투석액,의료용품 및 기타 의약 관련제품 제조업 / 혈액백·진단시약·혈액투석액,KRX_KIND_LISTED_COMPANY,https://kind.krx.co.kr/corpgeneral/corpList.do?method=download&searchType=13,2026-07-18T19:41:51+09:00
142760,모아라이프플러스,자연과학 및 공학 연구개발업,자궁경부상피이형증 치료제·자궁경부전암 치료백신,자연과학 및 공학 연구개발업 / 자궁경부상피이형증 치료제·자궁경부전암 치료백신,KRX_KIND_LISTED_COMPANY,https://kind.krx.co.kr/corpgeneral/corpList.do?method=download&searchType=13,2026-07-18T19:41:51+09:00
143160,아이디스,통신 및 방송 장비 제조업,영상보안장치(DVR·NVR·IP-Camera 등),통신 및 방송 장비 제조업 / 영상보안장치(DVR·NVR·IP-Camera 등),KRX_KIND_LISTED_COMPANY,https://kind.krx.co.kr/corpgeneral/corpList.do?method=download&searchType=13,2026-07-18T19:41:51+09:00
143210,핸즈코퍼레이션,자동차 신품 부품 제조업,자동차 알루미늄 휠,자동차 신품 부품 제조업 / 자동차 알루미늄 휠,KRX_KIND_LISTED_COMPANY,https://kind.krx.co.kr/corpgeneral/corpList.do?method=download&searchType=13,2026-07-18T19:41:51+09:00
143240,사람인,"자료처리, 호스팅, 포털 및 기타 인터넷 정보매개 서비스업",온라인 채용광고(취업포털)·인재파견·취업지원 등,"자료처리, 호스팅, 포털 및 기타 인터넷 정보매개 서비스업 / 온라인 채용광고(취업포털)·인재파견·취업지원 등",KRX_KIND_LISTED_COMPANY,https://kind.krx.co.kr/corpgeneral/corpList.do?method=download&searchType=13,2026-07-18T19:41:51+09:00
143540,영우디에스피,특수 목적용 기계 제조업,OLED·LCD 디스플레이 검사장비,특수 목적용 기계 제조업 / OLED·LCD 디스플레이 검사장비,KRX_KIND_LISTED_COMPANY,https://kind.krx.co.kr/corpgeneral/corpList.do?method=download&searchType=13,2026-07-18T19:41:51+09:00
144510,지씨셀,"그외 기타 전문, 과학 및 기술 서비스업",세포치료제·검체검사서비스·제대혈은행,"그외 기타 전문, 과학 및 기술 서비스업 / 세포치료제·검체검사서비스·제대혈은행",KRX_KIND_LISTED_COMPANY,https://kind.krx.co.kr/corpgeneral/corpList.do?method=download&searchType=13,2026-07-18T19:41:51+09:00
144960,뉴파워프라즈마,특수 목적용 기계 제조업,플라즈마 세정기(Remote Plasma Cleaning Generator),특수 목적용 기계 제조업 / 플라즈마 세정기(Remote Plasma Cleaning Generator),KRX_KIND_LISTED_COMPANY,https://kind.krx.co.kr/corpgeneral/corpList.do?method=download&searchType=13,2026-07-18T19:41:51+09:00
145020,휴젤,기초 의약물질 제조업,보툴리눔톡신·필러,기초 의약물질 제조업 / 보툴리눔톡신·필러,KRX_KIND_LISTED_COMPANY,https://kind.krx.co.kr/corpgeneral/corpList.do?method=download&searchType=13,2026-07-18T19:41:51+09:00
145170,노브랜드,편조의복 제조업,Knit·Woven 의류,편조의복 제조업 / Knit·Woven 의류,KRX_KIND_LISTED_COMPANY,https://kind.krx.co.kr/corpgeneral/corpList.do?method=download&searchType=13,2026-07-18T19:41:51+09:00
145210,다이나믹디자인,특수 목적용 기계 제조업,타이어 금형·타이어 제조설비,특수 목적용 기계 제조업 / 타이어 금형·타이어 제조설비,KRX_KIND_LISTED_COMPANY,https://kind.krx.co.kr/corpgeneral/corpList.do?method=download&searchType=13,2026-07-18T19:41:51+09:00
145270,케이탑리츠,부동산 임대 및 공급업,부동산 임대,부동산 임대 및 공급업 / 부동산 임대,KRX_KIND_LISTED_COMPANY,https://kind.krx.co.kr/corpgeneral/corpList.do?method=download&searchType=13,2026-07-18T19:41:51+09:00
145720,덴티움,의료용 기기 제조업,치과용 기기 제조업,의료용 기기 제조업 / 치과용 기기 제조업,KRX_KIND_LISTED_COMPANY,https://kind.krx.co.kr/corpgeneral/corpList.do?method=download&searchType=13,2026-07-18T19:41:51+09:00
145990,삼양사,기타 식품 제조업,설탕,기타 식품 제조업 / 설탕,KRX_KIND_LISTED_COMPANY,https://kind.krx.co.kr/corpgeneral/corpList.do?method=download&searchType=13,2026-07-18T19:41:51+09:00
146060,율촌,1차 철강 제조업,냉간인발강관(파이프),1차 철강 제조업 / 냉간인발강관(파이프),KRX_KIND_LISTED_COMPANY,https://kind.krx.co.kr/corpgeneral/corpList.do?method=download&searchType=13,2026-07-18T19:41:51+09:00
146320,비씨엔씨,반도체 제조업,반도체용 합성쿼츠 포커스링,반도체 제조업 / 반도체용 합성쿼츠 포커스링,KRX_KIND_LISTED_COMPANY,https://kind.krx.co.kr/corpgeneral/corpList.do?method=download&searchType=13,2026-07-18T19:41:51+09:00
147760,피엠티,"측정, 시험, 항해, 제어 및 기타 정밀기기 제조업; 광학기기 제외",반도체 검사용 프로브카드,"측정, 시험, 항해, 제어 및 기타 정밀기기 제조업; 광학기기 제외 / 반도체 검사용 프로브카드",KRX_KIND_LISTED_COMPANY,https://kind.krx.co.kr/corpgeneral/corpList.do?method=download&searchType=13,2026-07-18T19:41:51+09:00
147830,제룡산업,"구조용 금속제품, 탱크 및 증기발생기 제조업",송배전 금구류 및 합성수지 제품,"구조용 금속제품, 탱크 및 증기발생기 제조업 / 송배전 금구류 및 합성수지 제품",KRX_KIND_LISTED_COMPANY,https://kind.krx.co.kr/corpgeneral/corpList.do?method=download&searchType=13,2026-07-18T19:41:51+09:00
148150,세경하이테크,전자부품 제조업,DECO Film 및 기타 TAPE 제조,전자부품 제조업 / DECO Film 및 기타 TAPE 제조,KRX_KIND_LISTED_COMPANY,https://kind.krx.co.kr/corpgeneral/corpList.do?method=download&searchType=13,2026-07-18T19:41:51+09:00
148250,알엔투테크놀로지,전자부품 제조업,이동통신부품(커플러)·의료기기용기판·파우더,전자부품 제조업 / 이동통신부품(커플러)·의료기기용기판·파우더,KRX_KIND_LISTED_COMPANY,https://kind.krx.co.kr/corpgeneral/corpList.do?method=download&searchType=13,2026-07-18T19:41:51+09:00
148780,비큐AI,소프트웨어 개발 및 공급업,AIsurfer·RDPLINE 등,소프트웨어 개발 및 공급업 / AIsurfer·RDPLINE 등,KRX_KIND_LISTED_COMPANY,https://kind.krx.co.kr/corpgeneral/corpList.do?method=download&searchType=13,2026-07-18T19:41:51+09:00
148930,에이치와이티씨,기타 금속 가공제품 제조업,2차전지 장비 초정밀 부품,기타 금속 가공제품 제조업 / 2차전지 장비 초정밀 부품,KRX_KIND_LISTED_COMPANY,https://kind.krx.co.kr/corpgeneral/corpList.do?method=download&searchType=13,2026-07-18T19:41:51+09:00
149010,아이케이세미콘,반도체 제조업,비메모리 반도체,반도체 제조업 / 비메모리 반도체,KRX_KIND_LISTED_COMPANY,https://kind.krx.co.kr/corpgeneral/corpList.do?method=download&searchType=13,2026-07-18T19:41:51+09:00
149950,아바텍,전자부품 제조업,Glass Slimming & ITO코팅 제품·PDP필터,전자부품 제조업 / Glass Slimming & ITO코팅 제품·PDP필터,KRX_KIND_LISTED_COMPANY,https://kind.krx.co.kr/corpgeneral/corpList.do?method=download&searchType=13,2026-07-18T19:41:51+09:00
149980,하이로닉,의료용 기기 제조업,피부미용 의료기기,의료용 기기 제조업 / 피부미용 의료기기,KRX_KIND_LISTED_COMPANY,https://kind.krx.co.kr/corpgeneral/corpList.do?method=download&searchType=13,2026-07-18T19:41:51+09:00
150900,파수AI,소프트웨어 개발 및 공급업,기업용 문서보안 솔루션,소프트웨어 개발 및 공급업 / 기업용 문서보안 솔루션,KRX_KIND_LISTED_COMPANY,https://kind.krx.co.kr/corpgeneral/corpList.do?method=download&searchType=13,2026-07-18T19:41:51+09:00
151860,KG에코솔루션,자동차 차체나 트레일러 제조업,집단에너지(스팀)·산화동·폐기물 소각,자동차 차체나 트레일러 제조업 / 집단에너지(스팀)·산화동·폐기물 소각,KRX_KIND_LISTED_COMPANY,https://kind.krx.co.kr/corpgeneral/corpList.do?method=download&searchType=13,2026-07-18T19:41:51+09:00
153460,네이블,소프트웨어 개발 및 공급업,유무선융합 인프라·클라이언트 및 All-IP 통신보안,소프트웨어 개발 및 공급업 / 유무선융합 인프라·클라이언트 및 All-IP 통신보안,KRX_KIND_LISTED_COMPANY,https://kind.krx.co.kr/corpgeneral/corpList.do?method=download&searchType=13,2026-07-18T19:41:51+09:00
153490,우리이앤엘하루틴,반도체 제조업,LED 패키지,반도체 제조업 / LED 패키지,KRX_KIND_LISTED_COMPANY,https://kind.krx.co.kr/corpgeneral/corpList.do?method=download&searchType=13,2026-07-18T19:41:51+09:00
153710,옵티팜,의료용품 및 기타 의약 관련제품 제조업,옵티케어·메디피그 등,의료용품 및 기타 의약 관련제품 제조업 / 옵티케어·메디피그 등,KRX_KIND_LISTED_COMPANY,https://kind.krx.co.kr/corpgeneral/corpList.do?method=download&searchType=13,2026-07-18T19:41:51+09:00
153890,져스텍,"전동기, 발전기 및 전기 변환 · 공급 · 제어 장치 제조업",반도체 및 디스플레이 모션시스템,"전동기, 발전기 및 전기 변환 · 공급 · 제어 장치 제조업 / 반도체 및 디스플레이 모션시스템",KRX_KIND_LISTED_COMPANY,https://kind.krx.co.kr/corpgeneral/corpList.do?method=download&searchType=13,2026-07-18T19:41:51+09:00
154030,아시아종묘,작물 재배업,종자,작물 재배업 / 종자,KRX_KIND_LISTED_COMPANY,https://kind.krx.co.kr/corpgeneral/corpList.do?method=download&searchType=13,2026-07-18T19:41:51+09:00
154040,다산솔루에타,전자부품 제조업,전자파 차폐소재,전자부품 제조업 / 전자파 차폐소재,KRX_KIND_LISTED_COMPANY,https://kind.krx.co.kr/corpgeneral/corpList.do?method=download&searchType=13,2026-07-18T19:41:51+09:00
155650,와이엠씨,전자부품 제조업,FPD 패널용 Target·Backing Plate 등,전자부품 제조업 / FPD 패널용 Target·Backing Plate 등,KRX_KIND_LISTED_COMPANY,https://kind.krx.co.kr/corpgeneral/corpList.do?method=download&searchType=13,2026-07-18T19:41:51+09:00
155660,DSR,1차 비철금속 제조업,합섬섬유로프,1차 비철금속 제조업 / 합섬섬유로프,KRX_KIND_LISTED_COMPANY,https://kind.krx.co.kr/corpgeneral/corpList.do?method=download&searchType=13,2026-07-18T19:41:51+09:00
156100,엘앤케이바이오,의료용 기기 제조업,척추 임플란트,의료용 기기 제조업 / 척추 임플란트,KRX_KIND_LISTED_COMPANY,https://kind.krx.co.kr/corpgeneral/corpList.do?method=download&searchType=13,2026-07-18T19:41:51+09:00
158430,아톤,소프트웨어 개발 및 공급업,모바일금융솔루션·mOTP 개발,소프트웨어 개발 및 공급업 / 모바일금융솔루션·mOTP 개발,KRX_KIND_LISTED_COMPANY,https://kind.krx.co.kr/corpgeneral/corpList.do?method=download&searchType=13,2026-07-18T19:41:51+09:00
159010,아스플로,일반 목적용 기계 제조업,강관·피팅·밸브류 등,일반 목적용 기계 제조업 / 강관·피팅·밸브류 등,KRX_KIND_LISTED_COMPANY,https://kind.krx.co.kr/corpgeneral/corpList.do?method=download&searchType=13,2026-07-18T19:41:51+09:00
159580,제로투세븐,생활용품 도매업,유아동복 및 용품,생활용품 도매업 / 유아동복 및 용품,KRX_KIND_LISTED_COMPANY,https://kind.krx.co.kr/corpgeneral/corpList.do?method=download&searchType=13,2026-07-18T19:41:51+09:00
159910,에코글로우,기타 화학제품 제조업,화장품제조·마스크,기타 화학제품 제조업 / 화장품제조·마스크,KRX_KIND_LISTED_COMPANY,https://kind.krx.co.kr/corpgeneral/corpList.do?method=download&searchType=13,2026-07-18T19:41:51+09:00
160190,하이젠알앤엠,"전동기, 발전기 및 전기 변환 · 공급 · 제어 장치 제조업",전동기 및 발전기 (범용모터·서보모터),"전동기, 발전기 및 전기 변환 · 공급 · 제어 장치 제조업 / 전동기 및 발전기 (범용모터·서보모터)",KRX_KIND_LISTED_COMPANY,https://kind.krx.co.kr/corpgeneral/corpList.do?method=download&searchType=13,2026-07-18T19:41:51+09:00
160550,NEW,"영화, 비디오물, 방송프로그램 제작 및 배급업",영화 투자 및 배급,"영화, 비디오물, 방송프로그램 제작 및 배급업 / 영화 투자 및 배급",KRX_KIND_LISTED_COMPANY,https://kind.krx.co.kr/corpgeneral/corpList.do?method=download&searchType=13,2026-07-18T19:41:51+09:00
160980,싸이맥스,특수 목적용 기계 제조업,웨이퍼 이송장치(Cluster Tool·EFEM·LPM 등),특수 목적용 기계 제조업 / 웨이퍼 이송장치(Cluster Tool·EFEM·LPM 등),KRX_KIND_LISTED_COMPANY,https://kind.krx.co.kr/corpgeneral/corpList.do?method=download&searchType=13,2026-07-18T19:41:51+09:00
161000,애경케미칼,기초 화학물질 제조업,무수프탈산 등,기초 화학물질 제조업 / 무수프탈산 등,KRX_KIND_LISTED_COMPANY,https://kind.krx.co.kr/corpgeneral/corpList.do?method=download&searchType=13,2026-07-18T19:41:51+09:00
161390,한국타이어앤테크놀로지,고무제품 제조업,타이어 제조,고무제품 제조업 / 타이어 제조,KRX_KIND_LISTED_COMPANY,https://kind.krx.co.kr/corpgeneral/corpList.do?method=download&searchType=13,2026-07-18T19:41:51+09:00
161580,필옵틱스,특수 목적용 기계 제조업,디스플레이 및 반도체 제조공정용 제작,특수 목적용 기계 제조업 / 디스플레이 및 반도체 제조공정용 제작,KRX_KIND_LISTED_COMPANY,https://kind.krx.co.kr/corpgeneral/corpList.do?method=download&searchType=13,2026-07-18T19:41:51+09:00
161890,한국콜마,기타 화학제품 제조업,화장품·의약품,기타 화학제품 제조업 / 화장품·의약품,KRX_KIND_LISTED_COMPANY,https://kind.krx.co.kr/corpgeneral/corpList.do?method=download&searchType=13,2026-07-18T19:41:51+09:00
162120,루켄테크놀러지스,기타 전기장비 제조업,Vertical Probe Card. Test Socket. Probe Station & Uni…,기타 전기장비 제조업 / Vertical Probe Card. Test Socket. Probe Station & Uni…,KRX_KIND_LISTED_COMPANY,https://kind.krx.co.kr/corpgeneral/corpList.do?method=download&searchType=13,2026-07-18T19:41:51+09:00
162300,신스틸,1차 철강 제조업,컬러강판·아연도금강판 등 강판류,1차 철강 제조업 / 컬러강판·아연도금강판 등 강판류,KRX_KIND_LISTED_COMPANY,https://kind.krx.co.kr/corpgeneral/corpList.do?method=download&searchType=13,2026-07-18T19:41:51+09:00
163280,에어레인,일반 목적용 기계 제조업,기체분리막 모듈 및 시스템,일반 목적용 기계 제조업 / 기체분리막 모듈 및 시스템,KRX_KIND_LISTED_COMPANY,https://kind.krx.co.kr/corpgeneral/corpList.do?method=download&searchType=13,2026-07-18T19:41:51+09:00
163560,동일고무벨트,고무제품 제조업,산업용고무제품·종합고무부품,고무제품 제조업 / 산업용고무제품·종합고무부품,KRX_KIND_LISTED_COMPANY,https://kind.krx.co.kr/corpgeneral/corpList.do?method=download&searchType=13,2026-07-18T19:41:51+09:00
163730,핑거,소프트웨어 개발 및 공급업,스마트 금융 플랫폼·핀테크 금융 솔루션,소프트웨어 개발 및 공급업 / 스마트 금융 플랫폼·핀테크 금융 솔루션,KRX_KIND_LISTED_COMPANY,https://kind.krx.co.kr/corpgeneral/corpList.do?method=download&searchType=13,2026-07-18T19:41:51+09:00
166090,하나머티리얼즈,반도체 제조업,실리콘부품·세라믹부품·특수가스,반도체 제조업 / 실리콘부품·세라믹부품·특수가스,KRX_KIND_LISTED_COMPANY,https://kind.krx.co.kr/corpgeneral/corpList.do?method=download&searchType=13,2026-07-18T19:41:51+09:00
166480,코아스템켐온,의약품 제조업,줄기세포 치료제,의약품 제조업 / 줄기세포 치료제,KRX_KIND_LISTED_COMPANY,https://kind.krx.co.kr/corpgeneral/corpList.do?method=download&searchType=13,2026-07-18T19:41:51+09:00
168330,내츄럴엔도텍,자연과학 및 공학 연구개발업,백수오 여성호르몬제·백수오등복합추출물(원료),자연과학 및 공학 연구개발업 / 백수오 여성호르몬제·백수오등복합추출물(원료),KRX_KIND_LISTED_COMPANY,https://kind.krx.co.kr/corpgeneral/corpList.do?method=download&searchType=13,2026-07-18T19:41:51+09:00
168360,펨트론,특수 목적용 기계 제조업,3D 정밀측정 검사장비,특수 목적용 기계 제조업 / 3D 정밀측정 검사장비,KRX_KIND_LISTED_COMPANY,https://kind.krx.co.kr/corpgeneral/corpList.do?method=download&searchType=13,2026-07-18T19:41:51+09:00
169330,엠브레인,시장조사 및 여론조사업,온라인 및 오프라인 리서치,시장조사 및 여론조사업 / 온라인 및 오프라인 리서치,KRX_KIND_LISTED_COMPANY,https://kind.krx.co.kr/corpgeneral/corpList.do?method=download&searchType=13,2026-07-18T19:41:51+09:00
169670,코스텍시스템,특수 목적용 기계 제조업,반도체 웨이퍼 이송장비·본딩장비,특수 목적용 기계 제조업 / 반도체 웨이퍼 이송장비·본딩장비,KRX_KIND_LISTED_COMPANY,https://kind.krx.co.kr/corpgeneral/corpList.do?method=download&searchType=13,2026-07-18T19:41:51+09:00
170030,현대공업,자동차 신품 부품 제조업,시트패드·암레스트·헤드레스트,자동차 신품 부품 제조업 / 시트패드·암레스트·헤드레스트,KRX_KIND_LISTED_COMPANY,https://kind.krx.co.kr/corpgeneral/corpList.do?method=download&searchType=13,2026-07-18T19:41:51+09:00
170790,파이오링크,통신 및 방송 장비 제조업,ADC(서버부하 분산장치)·보안스위치·웹방화벽,통신 및 방송 장비 제조업 / ADC(서버부하 분산장치)·보안스위치·웹방화벽,KRX_KIND_LISTED_COMPANY,https://kind.krx.co.kr/corpgeneral/corpList.do?method=download&searchType=13,2026-07-18T19:41:51+09:00
170900,동아에스티,의약품 제조업,스티렌·자이데나,의약품 제조업 / 스티렌·자이데나,KRX_KIND_LISTED_COMPANY,https://kind.krx.co.kr/corpgeneral/corpList.do?method=download&searchType=13,2026-07-18T19:41:51+09:00
170920,엘티씨,기초 화학물질 제조업,FPD(LCD·OLED) 및 반도체용 박리액,기초 화학물질 제조업 / FPD(LCD·OLED) 및 반도체용 박리액,KRX_KIND_LISTED_COMPANY,https://kind.krx.co.kr/corpgeneral/corpList.do?method=download&searchType=13,2026-07-18T19:41:51+09:00
171010,램테크놀러지,기초 화학물질 제조업,반도체 식각액·박리액·세정액 등,기초 화학물질 제조업 / 반도체 식각액·박리액·세정액 등,KRX_KIND_LISTED_COMPANY,https://kind.krx.co.kr/corpgeneral/corpList.do?method=download&searchType=13,2026-07-18T19:41:51+09:00
171090,선익시스템,특수 목적용 기계 제조업,OLED 증착장비,특수 목적용 기계 제조업 / OLED 증착장비,KRX_KIND_LISTED_COMPANY,https://kind.krx.co.kr/corpgeneral/corpList.do?method=download&searchType=13,2026-07-18T19:41:51+09:00
171120,라이온켐텍,기타 화학제품 제조업,합성왁스·인조대리석,기타 화학제품 제조업 / 합성왁스·인조대리석,KRX_KIND_LISTED_COMPANY,https://kind.krx.co.kr/corpgeneral/corpList.do?method=download&searchType=13,2026-07-18T19:41:51+09:00
172670,에이엘티,반도체 제조업,반도체 테스트 및 패키징(반도체 후공정),반도체 제조업 / 반도체 테스트 및 패키징(반도체 후공정),KRX_KIND_LISTED_COMPANY,https://kind.krx.co.kr/corpgeneral/corpList.do?method=download&searchType=13,2026-07-18T19:41:51+09:00
173130,오파스넷,"컴퓨터 프로그래밍, 시스템 통합 및 관리업",네트워크 구축 및 유지보수,"컴퓨터 프로그래밍, 시스템 통합 및 관리업 / 네트워크 구축 및 유지보수",KRX_KIND_LISTED_COMPANY,https://kind.krx.co.kr/corpgeneral/corpList.do?method=download&searchType=13,2026-07-18T19:41:51+09:00
173940,에프엔씨엔터,창작 및 예술관련 서비스업,콘서트·음반·음원,창작 및 예술관련 서비스업 / 콘서트·음반·음원,KRX_KIND_LISTED_COMPANY,https://kind.krx.co.kr/corpgeneral/corpList.do?method=download&searchType=13,2026-07-18T19:41:51+09:00
174900,앱클론,의료용품 및 기타 의약 관련제품 제조업,항체의약품,의료용품 및 기타 의약 관련제품 제조업 / 항체의약품,KRX_KIND_LISTED_COMPANY,https://kind.krx.co.kr/corpgeneral/corpList.do?method=download&searchType=13,2026-07-18T19:41:51+09:00
175140,휴먼테크놀로지,통신 및 방송 장비 제조업,웨어러블 디바이스·모바일 라우터,통신 및 방송 장비 제조업 / 웨어러블 디바이스·모바일 라우터,KRX_KIND_LISTED_COMPANY,https://kind.krx.co.kr/corpgeneral/corpList.do?method=download&searchType=13,2026-07-18T19:41:51+09:00
175250,아이큐어,기타 화학제품 제조업,플라스타·의약 및 의약외품 패취등·마스크팩,기타 화학제품 제조업 / 플라스타·의약 및 의약외품 패취등·마스크팩,KRX_KIND_LISTED_COMPANY,https://kind.krx.co.kr/corpgeneral/corpList.do?method=download&searchType=13,2026-07-18T19:41:51+09:00
175330,JB금융지주,기타 금융업,금융지주 회사,기타 금융업 / 금융지주 회사,KRX_KIND_LISTED_COMPANY,https://kind.krx.co.kr/corpgeneral/corpList.do?method=download&searchType=13,2026-07-18T19:41:51+09:00
176590,코나솔,기타 금속 가공제품 제조업,합금강·기계부품 제조,기타 금속 가공제품 제조업 / 합금강·기계부품 제조,KRX_KIND_LISTED_COMPANY,https://kind.krx.co.kr/corpgeneral/corpList.do?method=download&searchType=13,2026-07-18T19:41:51+09:00
176750,듀켐바이오,의약품 제조업,방사성의약품,의약품 제조업 / 방사성의약품,KRX_KIND_LISTED_COMPANY,https://kind.krx.co.kr/corpgeneral/corpList.do?method=download&searchType=13,2026-07-18T19:41:51+09:00
177350,베셀,플라스틱제품 제조업,디스플레이 제조장비,플라스틱제품 제조업 / 디스플레이 제조장비,KRX_KIND_LISTED_COMPANY,https://kind.krx.co.kr/corpgeneral/corpList.do?method=download&searchType=13,2026-07-18T19:41:51+09:00
177830,파버나인,전자부품 제조업,알루미늄 소재 TV 외관재(프레임·스탠드),전자부품 제조업 / 알루미늄 소재 TV 외관재(프레임·스탠드),KRX_KIND_LISTED_COMPANY,https://kind.krx.co.kr/corpgeneral/corpList.do?method=download&searchType=13,2026-07-18T19:41:51+09:00
177900,쓰리에이로직스,반도체 제조업,NFC·IoT SoC 및 모듈,반도체 제조업 / NFC·IoT SoC 및 모듈,KRX_KIND_LISTED_COMPANY,https://kind.krx.co.kr/corpgeneral/corpList.do?method=download&searchType=13,2026-07-18T19:41:51+09:00
178320,서진시스템,기타 전기장비 제조업,통신장비부품·휴대폰부품(메탈케이스 등),기타 전기장비 제조업 / 통신장비부품·휴대폰부품(메탈케이스 등),KRX_KIND_LISTED_COMPANY,https://kind.krx.co.kr/corpgeneral/corpList.do?method=download&searchType=13,2026-07-18T19:41:51+09:00
178600,대동고려삼,기타 식품 제조업,인삼식품(홍삼진액·홍삼정),기타 식품 제조업 / 인삼식품(홍삼진액·홍삼정),KRX_KIND_LISTED_COMPANY,https://kind.krx.co.kr/corpgeneral/corpList.do?method=download&searchType=13,2026-07-18T19:41:51+09:00
178780,일월지엠엘,상품 종합 도매업,전기 및 온수매트,상품 종합 도매업 / 전기 및 온수매트,KRX_KIND_LISTED_COMPANY,https://kind.krx.co.kr/corpgeneral/corpList.do?method=download&searchType=13,2026-07-18T19:41:51+09:00
178920,PI첨단소재,플라스틱제품 제조업,PI(Polyimide)제품,플라스틱제품 제조업 / PI(Polyimide)제품,KRX_KIND_LISTED_COMPANY,https://kind.krx.co.kr/corpgeneral/corpList.do?method=download&searchType=13,2026-07-18T19:41:51+09:00
179290,엠아이텍,의료용 기기 제조업,비혈관 스텐트 및 체외충격파 쇄석기,의료용 기기 제조업 / 비혈관 스텐트 및 체외충격파 쇄석기,KRX_KIND_LISTED_COMPANY,https://kind.krx.co.kr/corpgeneral/corpList.do?method=download&searchType=13,2026-07-18T19:41:51+09:00
179530,애드바이오텍,의약품 제조업,동물용약품·영양제·단미사료(네오폐녹스),의약품 제조업 / 동물용약품·영양제·단미사료(네오폐녹스),KRX_KIND_LISTED_COMPANY,https://kind.krx.co.kr/corpgeneral/corpList.do?method=download&searchType=13,2026-07-18T19:41:51+09:00
179720,머니무브,기타 금융업,신용평가솔루션·온라인투자연계금융서비스,기타 금융업 / 신용평가솔루션·온라인투자연계금융서비스,KRX_KIND_LISTED_COMPANY,https://kind.krx.co.kr/corpgeneral/corpList.do?method=download&searchType=13,2026-07-18T19:41:51+09:00
179900,유티아이,전자부품 제조업,카메라 윈도우,전자부품 제조업 / 카메라 윈도우,KRX_KIND_LISTED_COMPANY,https://kind.krx.co.kr/corpgeneral/corpList.do?method=download&searchType=13,2026-07-18T19:41:51+09:00
180060,탑선,기타 전기장비 제조업,태양광 모듈,기타 전기장비 제조업 / 태양광 모듈,KRX_KIND_LISTED_COMPANY,https://kind.krx.co.kr/corpgeneral/corpList.do?method=download&searchType=13,2026-07-18T19:41:51+09:00
180400,DXVX,기타 과학기술 서비스업,BAC DNA CHIP,기타 과학기술 서비스업 / BAC DNA CHIP,KRX_KIND_LISTED_COMPANY,https://kind.krx.co.kr/corpgeneral/corpList.do?method=download&searchType=13,2026-07-18T19:41:51+09:00
180640,한진칼,기타 금융업,지주사업·경영자문 및 컨설팅,기타 금융업 / 지주사업·경영자문 및 컨설팅,KRX_KIND_LISTED_COMPANY,https://kind.krx.co.kr/corpgeneral/corpList.do?method=download&searchType=13,2026-07-18T19:41:51+09:00
181710,NHN,소프트웨어 개발 및 공급업,한게임,소프트웨어 개발 및 공급업 / 한게임,KRX_KIND_LISTED_COMPANY,https://kind.krx.co.kr/corpgeneral/corpList.do?method=download&searchType=13,2026-07-18T19:41:51+09:00
182360,큐브엔터,오디오물 출판 및 원판 녹음업,음반음원·콘서트·아티스트매니지먼트,오디오물 출판 및 원판 녹음업 / 음반음원·콘서트·아티스트매니지먼트,KRX_KIND_LISTED_COMPANY,https://kind.krx.co.kr/corpgeneral/corpList.do?method=download&searchType=13,2026-07-18T19:41:51+09:00
182400,엔케이젠바이오텍코리아,기초 의약물질 제조업,연구용 시약·NK Vue® KIT·SuperNK,기초 의약물질 제조업 / 연구용 시약·NK Vue® KIT·SuperNK,KRX_KIND_LISTED_COMPANY,https://kind.krx.co.kr/corpgeneral/corpList.do?method=download&searchType=13,2026-07-18T19:41:51+09:00
183190,아세아시멘트,"시멘트, 석회, 플라스터 및 그 제품 제조업",시멘트·레미콘·몰탈,"시멘트, 석회, 플라스터 및 그 제품 제조업 / 시멘트·레미콘·몰탈",KRX_KIND_LISTED_COMPANY,https://kind.krx.co.kr/corpgeneral/corpList.do?method=download&searchType=13,2026-07-18T19:41:51+09:00
183300,코미코,특수 목적용 기계 제조업,반도체 부품 세정 및 코팅,특수 목적용 기계 제조업 / 반도체 부품 세정 및 코팅,KRX_KIND_LISTED_COMPANY,https://kind.krx.co.kr/corpgeneral/corpList.do?method=download&searchType=13,2026-07-18T19:41:51+09:00
183490,엔지켐생명과학,기초 의약물질 제조업,EC-18(신약)·원료의약품,기초 의약물질 제조업 / EC-18(신약)·원료의약품,KRX_KIND_LISTED_COMPANY,https://kind.krx.co.kr/corpgeneral/corpList.do?method=download&searchType=13,2026-07-18T19:41:51+09:00
184230,SGA솔루션즈,소프트웨어 개발 및 공급업,보안솔루션,소프트웨어 개발 및 공급업 / 보안솔루션,KRX_KIND_LISTED_COMPANY,https://kind.krx.co.kr/corpgeneral/corpList.do?method=download&searchType=13,2026-07-18T19:41:51+09:00
185190,수프로,산업용 농·축산물 및 동·식물 도매업,조경수용 수목,산업용 농·축산물 및 동·식물 도매업 / 조경수용 수목,KRX_KIND_LISTED_COMPANY,https://kind.krx.co.kr/corpgeneral/corpList.do?method=download&searchType=13,2026-07-18T19:41:51+09:00
185490,아이진,자연과학 및 공학 연구개발업,당뇨성망막병증 치료제·욕창치료제·대상포진백신,자연과학 및 공학 연구개발업 / 당뇨성망막병증 치료제·욕창치료제·대상포진백신,KRX_KIND_LISTED_COMPANY,https://kind.krx.co.kr/corpgeneral/corpList.do?method=download&searchType=13,2026-07-18T19:41:51+09:00
185750,종근당,의약품 제조업,딜라트렌·리피로우,의약품 제조업 / 딜라트렌·리피로우,KRX_KIND_LISTED_COMPANY,https://kind.krx.co.kr/corpgeneral/corpList.do?method=download&searchType=13,2026-07-18T19:41:51+09:00
186230,그린플러스,1차 비철금속 제조업,첨단유리온실·온실용자재설치공사·알루미늄 압출,1차 비철금속 제조업 / 첨단유리온실·온실용자재설치공사·알루미늄 압출,KRX_KIND_LISTED_COMPANY,https://kind.krx.co.kr/corpgeneral/corpList.do?method=download&searchType=13,2026-07-18T19:41:51+09:00
187220,디티앤씨,기타 과학기술 서비스업,전기전자규격 인증서비스,기타 과학기술 서비스업 / 전기전자규격 인증서비스,KRX_KIND_LISTED_COMPANY,https://kind.krx.co.kr/corpgeneral/corpList.do?method=download&searchType=13,2026-07-18T19:41:51+09:00
187270,신화콘텍,"전동기, 발전기 및 전기 변환 · 공급 · 제어 장치 제조업",커넥터(정보통신기기용·디스플레이용·HDD용 등),"전동기, 발전기 및 전기 변환 · 공급 · 제어 장치 제조업 / 커넥터(정보통신기기용·디스플레이용·HDD용 등)",KRX_KIND_LISTED_COMPANY,https://kind.krx.co.kr/corpgeneral/corpList.do?method=download&searchType=13,2026-07-18T19:41:51+09:00
187420,HLB제넥스,기초 의약물질 제조업,산업용 효소,기초 의약물질 제조업 / 산업용 효소,KRX_KIND_LISTED_COMPANY,https://kind.krx.co.kr/corpgeneral/corpList.do?method=download&searchType=13,2026-07-18T19:41:51+09:00
187660,페니트리움바이오,자연과학 및 공학 연구개발업,임상 CRO 서비스,자연과학 및 공학 연구개발업 / 임상 CRO 서비스,KRX_KIND_LISTED_COMPANY,https://kind.krx.co.kr/corpgeneral/corpList.do?method=download&searchType=13,2026-07-18T19:41:51+09:00
187790,나노,기초 화학물질 제조업,SCR촉매,기초 화학물질 제조업 / SCR촉매,KRX_KIND_LISTED_COMPANY,https://kind.krx.co.kr/corpgeneral/corpList.do?method=download&searchType=13,2026-07-18T19:41:51+09:00
187870,디바이스,특수 목적용 기계 제조업,OLED용 FM MASK 세정장비,특수 목적용 기계 제조업 / OLED용 FM MASK 세정장비,KRX_KIND_LISTED_COMPANY,https://kind.krx.co.kr/corpgeneral/corpList.do?method=download&searchType=13,2026-07-18T19:41:51+09:00
188040,바이오포트,기타 식품 제조업,후라이드오징어튀김·유자생강차 등 스낵 및 음료,기타 식품 제조업 / 후라이드오징어튀김·유자생강차 등 스낵 및 음료,KRX_KIND_LISTED_COMPANY,https://kind.krx.co.kr/corpgeneral/corpList.do?method=download&searchType=13,2026-07-18T19:41:51+09:00
188260,세니젠,그외 기타 제품 제조업,Genelix·Genext·Geneka 등,그외 기타 제품 제조업 / Genelix·Genext·Geneka 등,KRX_KIND_LISTED_COMPANY,https://kind.krx.co.kr/corpgeneral/corpList.do?method=download&searchType=13,2026-07-18T19:41:51+09:00
189300,인텔리안테크,통신 및 방송 장비 제조업,위성통신 안테나·해상용 위성방송 수신안테나,통신 및 방송 장비 제조업 / 위성통신 안테나·해상용 위성방송 수신안테나,KRX_KIND_LISTED_COMPANY,https://kind.krx.co.kr/corpgeneral/corpList.do?method=download&searchType=13,2026-07-18T19:41:51+09:00
189330,씨이랩,소프트웨어 개발 및 공급업,빅데이터플랫폼,소프트웨어 개발 및 공급업 / 빅데이터플랫폼,KRX_KIND_LISTED_COMPANY,https://kind.krx.co.kr/corpgeneral/corpList.do?method=download&searchType=13,2026-07-18T19:41:51+09:00
189350,코셋,통신 및 방송 장비 제조업,광통신용 증폭기,통신 및 방송 장비 제조업 / 광통신용 증폭기,KRX_KIND_LISTED_COMPANY,https://kind.krx.co.kr/corpgeneral/corpList.do?method=download&searchType=13,2026-07-18T19:41:51+09:00
189690,포시에스,소프트웨어 개발 및 공급업,기업용 리포팅 소프트웨어 솔루션(OZ-Report 등),소프트웨어 개발 및 공급업 / 기업용 리포팅 소프트웨어 솔루션(OZ-Report 등),KRX_KIND_LISTED_COMPANY,https://kind.krx.co.kr/corpgeneral/corpList.do?method=download&searchType=13,2026-07-18T19:41:51+09:00
189860,서전기전,"전동기, 발전기 및 전기 변환 · 공급 · 제어 장치 제조업",수배전반·전력기기·전기공사,"전동기, 발전기 및 전기 변환 · 공급 · 제어 장치 제조업 / 수배전반·전력기기·전기공사",KRX_KIND_LISTED_COMPANY,https://kind.krx.co.kr/corpgeneral/corpList.do?method=download&searchType=13,2026-07-18T19:41:51+09:00
189980,흥국에프엔비,비알코올음료 및 얼음 제조업,과일음료(에이드베이스·스무디·착즙쥬스 등),비알코올음료 및 얼음 제조업 / 과일음료(에이드베이스·스무디·착즙쥬스 등),KRX_KIND_LISTED_COMPANY,https://kind.krx.co.kr/corpgeneral/corpList.do?method=download&searchType=13,2026-07-18T19:41:51+09:00
190510,나무가,전자부품 제조업,스마트폰 카메라모듈·노트북 카메라모듈,전자부품 제조업 / 스마트폰 카메라모듈·노트북 카메라모듈,KRX_KIND_LISTED_COMPANY,https://kind.krx.co.kr/corpgeneral/corpList.do?method=download&searchType=13,2026-07-18T19:41:51+09:00
190650,코리아에셋투자증권,금융 지원 서비스업,IB금융자문·채권인수 및 매매·투자중개,금융 지원 서비스업 / IB금융자문·채권인수 및 매매·투자중개,KRX_KIND_LISTED_COMPANY,https://kind.krx.co.kr/corpgeneral/corpList.do?method=download&searchType=13,2026-07-18T19:41:51+09:00
191410,육일씨엔에쓰,전자부품 제조업,IT용 Cover Glass,전자부품 제조업 / IT용 Cover Glass,KRX_KIND_LISTED_COMPANY,https://kind.krx.co.kr/corpgeneral/corpList.do?method=download&searchType=13,2026-07-18T19:41:51+09:00
191420,테고사이언스,기초 의약물질 제조업,피부세포치료제,기초 의약물질 제조업 / 피부세포치료제,KRX_KIND_LISTED_COMPANY,https://kind.krx.co.kr/corpgeneral/corpList.do?method=download&searchType=13,2026-07-18T19:41:51+09:00
191600,블루탑,전자부품 제조업,,전자부품 제조업,KRX_KIND_LISTED_COMPANY,https://kind.krx.co.kr/corpgeneral/corpList.do?method=download&searchType=13,2026-07-18T19:41:51+09:00
192080,더블유게임즈,소프트웨어 개발 및 공급업,모바일게임,소프트웨어 개발 및 공급업 / 모바일게임,KRX_KIND_LISTED_COMPANY,https://kind.krx.co.kr/corpgeneral/corpList.do?method=download&searchType=13,2026-07-18T19:41:51+09:00
192250,케이사인,소프트웨어 개발 및 공급업,,소프트웨어 개발 및 공급업,KRX_KIND_LISTED_COMPANY,https://kind.krx.co.kr/corpgeneral/corpList.do?method=download&searchType=13,2026-07-18T19:41:51+09:00
192390,윈하이텍,"구조용 금속제품, 탱크 및 증기발생기 제조업",데크 플레이트(건설용거푸집),"구조용 금속제품, 탱크 및 증기발생기 제조업 / 데크 플레이트(건설용거푸집)",KRX_KIND_LISTED_COMPANY,https://kind.krx.co.kr/corpgeneral/corpList.do?method=download&searchType=13,2026-07-18T19:41:51+09:00
192400,쿠쿠홀딩스,기타 금융업,주방용 전기기기 제조업,기타 금융업 / 주방용 전기기기 제조업,KRX_KIND_LISTED_COMPANY,https://kind.krx.co.kr/corpgeneral/corpList.do?method=download&searchType=13,2026-07-18T19:41:51+09:00
192410,오늘이엔엠,통신 및 방송 장비 제조업,지능형서비스로봇·기지국안테나·여행,통신 및 방송 장비 제조업 / 지능형서비스로봇·기지국안테나·여행,KRX_KIND_LISTED_COMPANY,https://kind.krx.co.kr/corpgeneral/corpList.do?method=download&searchType=13,2026-07-18T19:41:51+09:00
192440,슈피겐코리아,그외 기타 제품 제조업,핸드폰 케이스·액정보호필름,그외 기타 제품 제조업 / 핸드폰 케이스·액정보호필름,KRX_KIND_LISTED_COMPANY,https://kind.krx.co.kr/corpgeneral/corpList.do?method=download&searchType=13,2026-07-18T19:41:51+09:00
192650,드림텍,전자부품 제조업,모바일 PBA·지문인식 모듈·전장 LED 모듈 등,전자부품 제조업 / 모바일 PBA·지문인식 모듈·전장 LED 모듈 등,KRX_KIND_LISTED_COMPANY,https://kind.krx.co.kr/corpgeneral/corpList.do?method=download&searchType=13,2026-07-18T19:41:51+09:00
192820,코스맥스,기타 화학제품 제조업,화장품,기타 화학제품 제조업 / 화장품,KRX_KIND_LISTED_COMPANY,https://kind.krx.co.kr/corpgeneral/corpList.do?method=download&searchType=13,2026-07-18T19:41:51+09:00
193250,링크드,전자부품 제조업,휴대폰용 진동모터,전자부품 제조업 / 휴대폰용 진동모터,KRX_KIND_LISTED_COMPANY,https://kind.krx.co.kr/corpgeneral/corpList.do?method=download&searchType=13,2026-07-18T19:41:51+09:00
194370,제이에스코퍼레이션,"가죽, 가방 및 유사제품 제조업",핸드백 및 지갑,"가죽, 가방 및 유사제품 제조업 / 핸드백 및 지갑",KRX_KIND_LISTED_COMPANY,https://kind.krx.co.kr/corpgeneral/corpList.do?method=download&searchType=13,2026-07-18T19:41:51+09:00
194480,데브시스터즈,소프트웨어 개발 및 공급업,모바일 게임,소프트웨어 개발 및 공급업 / 모바일 게임,KRX_KIND_LISTED_COMPANY,https://kind.krx.co.kr/corpgeneral/corpList.do?method=download&searchType=13,2026-07-18T19:41:51+09:00
194700,노바렉스,기타 식품 제조업,건강기능식품 제조,기타 식품 제조업 / 건강기능식품 제조,KRX_KIND_LISTED_COMPANY,https://kind.krx.co.kr/corpgeneral/corpList.do?method=download&searchType=13,2026-07-18T19:41:51+09:00
195500,마니커에프앤지,"도축, 육류 가공 및 저장 처리업",육가공품·튀김류·패티류,"도축, 육류 가공 및 저장 처리업 / 육가공품·튀김류·패티류",KRX_KIND_LISTED_COMPANY,https://kind.krx.co.kr/corpgeneral/corpList.do?method=download&searchType=13,2026-07-18T19:41:51+09:00
195870,해성디에스,전자부품 제조업,반도체 패키지용 Substrate,전자부품 제조업 / 반도체 패키지용 Substrate,KRX_KIND_LISTED_COMPANY,https://kind.krx.co.kr/corpgeneral/corpList.do?method=download&searchType=13,2026-07-18T19:41:51+09:00
195940,HK이노엔,의약품 제조업,전문의약품·숙취해소음료,의약품 제조업 / 전문의약품·숙취해소음료,KRX_KIND_LISTED_COMPANY,https://kind.krx.co.kr/corpgeneral/corpList.do?method=download&searchType=13,2026-07-18T19:41:51+09:00
195990,루트K,특수 목적용 기계 제조업,소형 머시닝센터,특수 목적용 기계 제조업 / 소형 머시닝센터,KRX_KIND_LISTED_COMPANY,https://kind.krx.co.kr/corpgeneral/corpList.do?method=download&searchType=13,2026-07-18T19:41:51+09:00
196170,알테오젠,자연과학 및 공학 연구개발업,바이오시밀러 및 바이오베터,자연과학 및 공학 연구개발업 / 바이오시밀러 및 바이오베터,KRX_KIND_LISTED_COMPANY,https://kind.krx.co.kr/corpgeneral/corpList.do?method=download&searchType=13,2026-07-18T19:41:51+09:00
196300,HLB펩,기초 의약물질 제조업,펩타이드 바이오소재 및 아미노산 펩타이드 신약,기초 의약물질 제조업 / 펩타이드 바이오소재 및 아미노산 펩타이드 신약,KRX_KIND_LISTED_COMPANY,https://kind.krx.co.kr/corpgeneral/corpList.do?method=download&searchType=13,2026-07-18T19:41:51+09:00
196450,코아시아씨엠,사진장비 및 광학기기 제조업,휴대폰용카메라렌즈모듈제조,사진장비 및 광학기기 제조업 / 휴대폰용카메라렌즈모듈제조,KRX_KIND_LISTED_COMPANY,https://kind.krx.co.kr/corpgeneral/corpList.do?method=download&searchType=13,2026-07-18T19:41:51+09:00
196490,디에이테크놀로지,특수 목적용 기계 제조업,2차전지설비,특수 목적용 기계 제조업 / 2차전지설비,KRX_KIND_LISTED_COMPANY,https://kind.krx.co.kr/corpgeneral/corpList.do?method=download&searchType=13,2026-07-18T19:41:51+09:00
196700,웹스,합성고무 및 플라스틱 물질 제조업,기능성 컴파운드·건축외장자재,합성고무 및 플라스틱 물질 제조업 / 기능성 컴파운드·건축외장자재,KRX_KIND_LISTED_COMPANY,https://kind.krx.co.kr/corpgeneral/corpList.do?method=download&searchType=13,2026-07-18T19:41:51+09:00
197140,디지캡,소프트웨어 개발 및 공급업,보호솔루션·방송서비스솔루션 등,소프트웨어 개발 및 공급업 / 보호솔루션·방송서비스솔루션 등,KRX_KIND_LISTED_COMPANY,https://kind.krx.co.kr/corpgeneral/corpList.do?method=download&searchType=13,2026-07-18T19:41:51+09:00
198080,캐프,전자부품 제조업,스마트폰 OLED용 FPCA,전자부품 제조업 / 스마트폰 OLED용 FPCA,KRX_KIND_LISTED_COMPANY,https://kind.krx.co.kr/corpgeneral/corpList.do?method=download&searchType=13,2026-07-18T19:41:51+09:00
198440,강동씨앤엘,"시멘트, 석회, 플라스터 및 그 제품 제조업",시멘트·레미콘,"시멘트, 석회, 플라스터 및 그 제품 제조업 / 시멘트·레미콘",KRX_KIND_LISTED_COMPANY,https://kind.krx.co.kr/corpgeneral/corpList.do?method=download&searchType=13,2026-07-18T19:41:51+09:00
198940,한주라이트메탈,1차 비철금속 제조업,알루미늄 기반 경량화 자동차 부품,1차 비철금속 제조업 / 알루미늄 기반 경량화 자동차 부품,KRX_KIND_LISTED_COMPANY,https://kind.krx.co.kr/corpgeneral/corpList.do?method=download&searchType=13,2026-07-18T19:41:51+09:00
199150,데이터스트림즈,소프트웨어 개발 및 공급업,TeraStream,소프트웨어 개발 및 공급업 / TeraStream,KRX_KIND_LISTED_COMPANY,https://kind.krx.co.kr/corpgeneral/corpList.do?method=download&searchType=13,2026-07-18T19:41:51+09:00
199290,바이오프로테크,의료용 기기 제조업,심전도 측정용 전극 등,의료용 기기 제조업 / 심전도 측정용 전극 등,KRX_KIND_LISTED_COMPANY,https://kind.krx.co.kr/corpgeneral/corpList.do?method=download&searchType=13,2026-07-18T19:41:51+09:00
199430,케이엔알시스템,"측정, 시험, 항해, 제어 및 기타 정밀기기 제조업; 광학기기 제외",특수목적 시험장비·산업용로봇,"측정, 시험, 항해, 제어 및 기타 정밀기기 제조업; 광학기기 제외 / 특수목적 시험장비·산업용로봇",KRX_KIND_LISTED_COMPANY,https://kind.krx.co.kr/corpgeneral/corpList.do?method=download&searchType=13,2026-07-18T19:41:51+09:00
199480,뱅크웨어글로벌,소프트웨어 개발 및 공급업,국내외 은행 및 금융기업 대상 코어뱅킹 소프트웨어,소프트웨어 개발 및 공급업 / 국내외 은행 및 금융기업 대상 코어뱅킹 소프트웨어,KRX_KIND_LISTED_COMPANY,https://kind.krx.co.kr/corpgeneral/corpList.do?method=download&searchType=13,2026-07-18T19:41:51+09:00
199550,레이저옵텍,의료용 기기 제조업,레이저 기반 피부미용기기 및 질환치료기기,의료용 기기 제조업 / 레이저 기반 피부미용기기 및 질환치료기기,KRX_KIND_LISTED_COMPANY,https://kind.krx.co.kr/corpgeneral/corpList.do?method=download&searchType=13,2026-07-18T19:41:51+09:00
199730,바이오인프라,자연과학 및 공학 연구개발업,생동성시험·검체 분석,자연과학 및 공학 연구개발업 / 생동성시험·검체 분석,KRX_KIND_LISTED_COMPANY,https://kind.krx.co.kr/corpgeneral/corpList.do?method=download&searchType=13,2026-07-18T19:41:51+09:00
199800,툴젠,자연과학 및 공학 연구개발업,유전자교정 플랫폼 관련 제품,자연과학 및 공학 연구개발업 / 유전자교정 플랫폼 관련 제품,KRX_KIND_LISTED_COMPANY,https://kind.krx.co.kr/corpgeneral/corpList.do?method=download&searchType=13,2026-07-18T19:41:51+09:00
199820,제일일렉트릭,"전동기, 발전기 및 전기 변환 · 공급 · 제어 장치 제조업",PCB Assay·배선기구·분전반 등,"전동기, 발전기 및 전기 변환 · 공급 · 제어 장치 제조업 / PCB Assay·배선기구·분전반 등",KRX_KIND_LISTED_COMPANY,https://kind.krx.co.kr/corpgeneral/corpList.do?method=download&searchType=13,2026-07-18T19:41:51+09:00
200130,콜마비앤에이치,기초 의약물질 제조업,건강기능식품,기초 의약물질 제조업 / 건강기능식품,KRX_KIND_LISTED_COMPANY,https://kind.krx.co.kr/corpgeneral/corpList.do?method=download&searchType=13,2026-07-18T19:41:51+09:00
200230,텔콘RF제약,의약품 제조업,RF 통신부품(케이블 어셈블리·커넥터 등),의약품 제조업 / RF 통신부품(케이블 어셈블리·커넥터 등),KRX_KIND_LISTED_COMPANY,https://kind.krx.co.kr/corpgeneral/corpList.do?method=download&searchType=13,2026-07-18T19:41:51+09:00
200350,아티스트스튜디오,"영화, 비디오물, 방송프로그램 제작 및 배급업",드라마 제작,"영화, 비디오물, 방송프로그램 제작 및 배급업 / 드라마 제작",KRX_KIND_LISTED_COMPANY,https://kind.krx.co.kr/corpgeneral/corpList.do?method=download&searchType=13,2026-07-18T19:41:51+09:00
200470,에이팩트,반도체 제조업,메모리 반도체 테스트,반도체 제조업 / 메모리 반도체 테스트,KRX_KIND_LISTED_COMPANY,https://kind.krx.co.kr/corpgeneral/corpList.do?method=download&searchType=13,2026-07-18T19:41:51+09:00
200580,메디쎄이,의료용 기기 제조업,정형외과용 척추임플란트,의료용 기기 제조업 / 정형외과용 척추임플란트,KRX_KIND_LISTED_COMPANY,https://kind.krx.co.kr/corpgeneral/corpList.do?method=download&searchType=13,2026-07-18T19:41:51+09:00
200670,휴메딕스,의약품 제조업,히알루론산 관절염치료제·히알루론산 더말필러,의약품 제조업 / 히알루론산 관절염치료제·히알루론산 더말필러,KRX_KIND_LISTED_COMPANY,https://kind.krx.co.kr/corpgeneral/corpList.do?method=download&searchType=13,2026-07-18T19:41:51+09:00
200710,에이디테크놀로지,반도체 제조업,주문형 반도체,반도체 제조업 / 주문형 반도체,KRX_KIND_LISTED_COMPANY,https://kind.krx.co.kr/corpgeneral/corpList.do?method=download&searchType=13,2026-07-18T19:41:51+09:00
200780,비씨월드제약,의약품 제조업,마취통증약·순환계약·항생제,의약품 제조업 / 마취통증약·순환계약·항생제,KRX_KIND_LISTED_COMPANY,https://kind.krx.co.kr/corpgeneral/corpList.do?method=download&searchType=13,2026-07-18T19:41:51+09:00
200880,서연이화,자동차 신품 부품 제조업,자동차 도어 트림 및 시트,자동차 신품 부품 제조업 / 자동차 도어 트림 및 시트,KRX_KIND_LISTED_COMPANY,https://kind.krx.co.kr/corpgeneral/corpList.do?method=download&searchType=13,2026-07-18T19:41:51+09:00
201490,미투온,소프트웨어 개발 및 공급업,소셜 카지노 게임,소프트웨어 개발 및 공급업 / 소셜 카지노 게임,KRX_KIND_LISTED_COMPANY,https://kind.krx.co.kr/corpgeneral/corpList.do?method=download&searchType=13,2026-07-18T19:41:51+09:00
202960,판도라티비,소프트웨어 개발 및 공급업,판도라TV·KM 플레이어,소프트웨어 개발 및 공급업 / 판도라TV·KM 플레이어,KRX_KIND_LISTED_COMPANY,https://kind.krx.co.kr/corpgeneral/corpList.do?method=download&searchType=13,2026-07-18T19:41:51+09:00
203400,에이비온,자연과학 및 공학 연구개발업,표적 항암제·바이오 베터 신약,자연과학 및 공학 연구개발업 / 표적 항암제·바이오 베터 신약,KRX_KIND_LISTED_COMPANY,https://kind.krx.co.kr/corpgeneral/corpList.do?method=download&searchType=13,2026-07-18T19:41:51+09:00
203450,유니온바이오메트릭스,통신 및 방송 장비 제조업,지문인식출입통제기,통신 및 방송 장비 제조업 / 지문인식출입통제기,KRX_KIND_LISTED_COMPANY,https://kind.krx.co.kr/corpgeneral/corpList.do?method=download&searchType=13,2026-07-18T19:41:51+09:00
203650,드림시큐리티,소프트웨어 개발 및 공급업,정보보안솔루션,소프트웨어 개발 및 공급업 / 정보보안솔루션,KRX_KIND_LISTED_COMPANY,https://kind.krx.co.kr/corpgeneral/corpList.do?method=download&searchType=13,2026-07-18T19:41:51+09:00
204020,그리티,봉제의복 제조업,내의(원더브라·플레이텍스·미싱도로시,봉제의복 제조업 / 내의(원더브라·플레이텍스·미싱도로시,KRX_KIND_LISTED_COMPANY,https://kind.krx.co.kr/corpgeneral/corpList.do?method=download&searchType=13,2026-07-18T19:41:51+09:00
204270,제이앤티씨,전자부품 제조업,강화유리·커넥터,전자부품 제조업 / 강화유리·커넥터,KRX_KIND_LISTED_COMPANY,https://kind.krx.co.kr/corpgeneral/corpList.do?method=download&searchType=13,2026-07-18T19:41:51+09:00
204320,HL만도,자동차 신품 부품 제조업,제동장치·조향장치·현가장치,자동차 신품 부품 제조업 / 제동장치·조향장치·현가장치,KRX_KIND_LISTED_COMPANY,https://kind.krx.co.kr/corpgeneral/corpList.do?method=download&searchType=13,2026-07-18T19:41:51+09:00
204610,티쓰리,소프트웨어 개발 및 공급업,온라인 및 모바일 게임 등,소프트웨어 개발 및 공급업 / 온라인 및 모바일 게임 등,KRX_KIND_LISTED_COMPANY,https://kind.krx.co.kr/corpgeneral/corpList.do?method=download&searchType=13,2026-07-18T19:41:51+09:00
204620,글로벌텍스프리,금융 지원 서비스업,환급창구운영사업,금융 지원 서비스업 / 환급창구운영사업,KRX_KIND_LISTED_COMPANY,https://kind.krx.co.kr/corpgeneral/corpList.do?method=download&searchType=13,2026-07-18T19:41:51+09:00
204840,지엘팜텍,생활용품 도매업,의약품 연구개발업,생활용품 도매업 / 의약품 연구개발업,KRX_KIND_LISTED_COMPANY,https://kind.krx.co.kr/corpgeneral/corpList.do?method=download&searchType=13,2026-07-18T19:41:51+09:00
205100,엑셈,소프트웨어 개발 및 공급업,IT 시스템 성능관리 및 AI데이터 저장관리,소프트웨어 개발 및 공급업 / IT 시스템 성능관리 및 AI데이터 저장관리,KRX_KIND_LISTED_COMPANY,https://kind.krx.co.kr/corpgeneral/corpList.do?method=download&searchType=13,2026-07-18T19:41:51+09:00
205470,휴마시스,의료용품 및 기타 의약 관련제품 제조업,체외진단키트,의료용품 및 기타 의약 관련제품 제조업 / 체외진단키트,KRX_KIND_LISTED_COMPANY,https://kind.krx.co.kr/corpgeneral/corpList.do?method=download&searchType=13,2026-07-18T19:41:51+09:00
205500,넥써쓰,소프트웨어 개발 및 공급업,모바일게임,소프트웨어 개발 및 공급업 / 모바일게임,KRX_KIND_LISTED_COMPANY,https://kind.krx.co.kr/corpgeneral/corpList.do?method=download&searchType=13,2026-07-18T19:41:51+09:00
206400,베노티앤알,실내건축 및 건축마무리 공사업,웹게임·모바일게임,실내건축 및 건축마무리 공사업 / 웹게임·모바일게임,KRX_KIND_LISTED_COMPANY,https://kind.krx.co.kr/corpgeneral/corpList.do?method=download&searchType=13,2026-07-18T19:41:51+09:00
206560,덱스터,"영화, 비디오물, 방송프로그램 제작 및 배급업",시각효과(Visual Effect·VFX),"영화, 비디오물, 방송프로그램 제작 및 배급업 / 시각효과(Visual Effect·VFX)",KRX_KIND_LISTED_COMPANY,https://kind.krx.co.kr/corpgeneral/corpList.do?method=download&searchType=13,2026-07-18T19:41:51+09:00
206640,바디텍메드,의료용품 및 기타 의약 관련제품 제조업,면역진단기기 및 카트리지,의료용품 및 기타 의약 관련제품 제조업 / 면역진단기기 및 카트리지,KRX_KIND_LISTED_COMPANY,https://kind.krx.co.kr/corpgeneral/corpList.do?method=download&searchType=13,2026-07-18T19:41:51+09:00
206650,유바이오로직스,의약품 제조업,경구용 콜레라 백신·바이오의약품 수탁 연구 및 제조,의약품 제조업 / 경구용 콜레라 백신·바이오의약품 수탁 연구 및 제조,KRX_KIND_LISTED_COMPANY,https://kind.krx.co.kr/corpgeneral/corpList.do?method=download&searchType=13,2026-07-18T19:41:51+09:00
206950,볼빅,운동 및 경기용구 제조업,골프공,운동 및 경기용구 제조업 / 골프공,KRX_KIND_LISTED_COMPANY,https://kind.krx.co.kr/corpgeneral/corpList.do?method=download&searchType=13,2026-07-18T19:41:51+09:00
207490,에이펙스인텍,전구 및 조명장치 제조업,LED조명장치 등,전구 및 조명장치 제조업 / LED조명장치 등,KRX_KIND_LISTED_COMPANY,https://kind.krx.co.kr/corpgeneral/corpList.do?method=download&searchType=13,2026-07-18T19:41:51+09:00
207760,미스터블루,기타 정보 서비스업,온라인 만화 콘텐츠 서비스 및 제공·만화 출판,기타 정보 서비스업 / 온라인 만화 콘텐츠 서비스 및 제공·만화 출판,KRX_KIND_LISTED_COMPANY,https://kind.krx.co.kr/corpgeneral/corpList.do?method=download&searchType=13,2026-07-18T19:41:51+09:00
207940,삼성바이오로직스,기초 의약물질 제조업,바이오의약품,기초 의약물질 제조업 / 바이오의약품,KRX_KIND_LISTED_COMPANY,https://kind.krx.co.kr/corpgeneral/corpList.do?method=download&searchType=13,2026-07-18T19:41:51+09:00
208140,정다운,"도축, 육류 가공 및 저장 처리업",통오리·정육·오리털,"도축, 육류 가공 및 저장 처리업 / 통오리·정육·오리털",KRX_KIND_LISTED_COMPANY,https://kind.krx.co.kr/corpgeneral/corpList.do?method=download&searchType=13,2026-07-18T19:41:51+09:00
208350,지란지교시큐리티,소프트웨어 개발 및 공급업,보안 소프트웨어,소프트웨어 개발 및 공급업 / 보안 소프트웨어,KRX_KIND_LISTED_COMPANY,https://kind.krx.co.kr/corpgeneral/corpList.do?method=download&searchType=13,2026-07-18T19:41:51+09:00
208370,셀바스헬스케어,의료용 기기 제조업,체성분측정기·혈압계·점자정보단말기,의료용 기기 제조업 / 체성분측정기·혈압계·점자정보단말기,KRX_KIND_LISTED_COMPANY,https://kind.krx.co.kr/corpgeneral/corpList.do?method=download&searchType=13,2026-07-18T19:41:51+09:00
208640,썸에이지,소프트웨어 개발 및 공급업,소프트웨어 개발 및 공급업,소프트웨어 개발 및 공급업 / 소프트웨어 개발 및 공급업,KRX_KIND_LISTED_COMPANY,https://kind.krx.co.kr/corpgeneral/corpList.do?method=download&searchType=13,2026-07-18T19:41:51+09:00
208710,포톤,전자부품 제조업,모바일용 카메라모듈 부품외,전자부품 제조업 / 모바일용 카메라모듈 부품외,KRX_KIND_LISTED_COMPANY,https://kind.krx.co.kr/corpgeneral/corpList.do?method=download&searchType=13,2026-07-18T19:41:51+09:00
208850,이비테크,기타 전기장비 제조업,전자가속기 제조 및 전자선조사서비스,기타 전기장비 제조업 / 전자가속기 제조 및 전자선조사서비스,KRX_KIND_LISTED_COMPANY,https://kind.krx.co.kr/corpgeneral/corpList.do?method=download&searchType=13,2026-07-18T19:41:51+09:00
208860,다산디엠씨,소프트웨어 개발 및 공급업,Nav-Link 솔루션·BringGo 어플리케이션 등,소프트웨어 개발 및 공급업 / Nav-Link 솔루션·BringGo 어플리케이션 등,KRX_KIND_LISTED_COMPANY,https://kind.krx.co.kr/corpgeneral/corpList.do?method=download&searchType=13,2026-07-18T19:41:51+09:00
208890,미래엔에듀파트너,교육지원 서비스업,방과후 교육,교육지원 서비스업 / 방과후 교육,KRX_KIND_LISTED_COMPANY,https://kind.krx.co.kr/corpgeneral/corpList.do?method=download&searchType=13,2026-07-18T19:41:51+09:00
209640,와이제이링크,특수 목적용 기계 제조업,SMT(PCB 표면실장) 이송 및 추적장비 등 스마트 공정장비,특수 목적용 기계 제조업 / SMT(PCB 표면실장) 이송 및 추적장비 등 스마트 공정장비,KRX_KIND_LISTED_COMPANY,https://kind.krx.co.kr/corpgeneral/corpList.do?method=download&searchType=13,2026-07-18T19:41:51+09:00
210120,캔버스엔,"영화, 비디오물, 방송프로그램 제작 및 배급업",방송영상 제작·공급,"영화, 비디오물, 방송프로그램 제작 및 배급업 / 방송영상 제작·공급",KRX_KIND_LISTED_COMPANY,https://kind.krx.co.kr/corpgeneral/corpList.do?method=download&searchType=13,2026-07-18T19:41:51+09:00
210540,디와이파워,특수 목적용 기계 제조업,유공압기기 등,특수 목적용 기계 제조업 / 유공압기기 등,KRX_KIND_LISTED_COMPANY,https://kind.krx.co.kr/corpgeneral/corpList.do?method=download&searchType=13,2026-07-18T19:41:51+09:00
210980,SK디앤디,부동산 임대 및 공급업,비주거용 부동산개발 및 임대(오피스·지식산업센터·호텔 등),부동산 임대 및 공급업 / 비주거용 부동산개발 및 임대(오피스·지식산업센터·호텔 등),KRX_KIND_LISTED_COMPANY,https://kind.krx.co.kr/corpgeneral/corpList.do?method=download&searchType=13,2026-07-18T19:41:51+09:00
211050,인카금융서비스,보험 및 연금관련 서비스업,보험 판매,보험 및 연금관련 서비스업 / 보험 판매,KRX_KIND_LISTED_COMPANY,https://kind.krx.co.kr/corpgeneral/corpList.do?method=download&searchType=13,2026-07-18T19:41:51+09:00
211270,AP위성,통신 및 방송 장비 제조업,위성통신 단말기,통신 및 방송 장비 제조업 / 위성통신 단말기,KRX_KIND_LISTED_COMPANY,https://kind.krx.co.kr/corpgeneral/corpList.do?method=download&searchType=13,2026-07-18T19:41:51+09:00
212310,오건에코텍,의료용 기기 제조업,척추용 임플란트 등,의료용 기기 제조업 / 척추용 임플란트 등,KRX_KIND_LISTED_COMPANY,https://kind.krx.co.kr/corpgeneral/corpList.do?method=download&searchType=13,2026-07-18T19:41:51+09:00
212560,네오오토,자동차 신품 부품 제조업,자동차부품(피니언기어·디프어셈블리·대형기어),자동차 신품 부품 제조업 / 자동차부품(피니언기어·디프어셈블리·대형기어),KRX_KIND_LISTED_COMPANY,https://kind.krx.co.kr/corpgeneral/corpList.do?method=download&searchType=13,2026-07-18T19:41:51+09:00
212710,아이에스티이,반도체 제조업,반도체 제조용 장비,반도체 제조업 / 반도체 제조용 장비,KRX_KIND_LISTED_COMPANY,https://kind.krx.co.kr/corpgeneral/corpList.do?method=download&searchType=13,2026-07-18T19:41:51+09:00
213420,덕산네오룩스,전자부품 제조업,HTL(정공수송층)·HIL(정공주입층)·RED HOST,전자부품 제조업 / HTL(정공수송층)·HIL(정공주입층)·RED HOST,KRX_KIND_LISTED_COMPANY,https://kind.krx.co.kr/corpgeneral/corpList.do?method=download&searchType=13,2026-07-18T19:41:51+09:00
213500,한솔제지,"펄프, 종이 및 판지 제조업",인쇄용지·산업용지·특수지 제조 및 판매,"펄프, 종이 및 판지 제조업 / 인쇄용지·산업용지·특수지 제조 및 판매",KRX_KIND_LISTED_COMPANY,https://kind.krx.co.kr/corpgeneral/corpList.do?method=download&searchType=13,2026-07-18T19:41:51+09:00
214150,클래시스,의료용 기기 제조업,미용의료기기,의료용 기기 제조업 / 미용의료기기,KRX_KIND_LISTED_COMPANY,https://kind.krx.co.kr/corpgeneral/corpList.do?method=download&searchType=13,2026-07-18T19:41:51+09:00
214180,헥토이노베이션,기타 정보 서비스업,휴대폰부가서비스,기타 정보 서비스업 / 휴대폰부가서비스,KRX_KIND_LISTED_COMPANY,https://kind.krx.co.kr/corpgeneral/corpList.do?method=download&searchType=13,2026-07-18T19:41:51+09:00
214260,라파스,기타 화학제품 제조업,마이크로니들 패치 제품(의약품패치·의료기기패치·미용패치 등),기타 화학제품 제조업 / 마이크로니들 패치 제품(의약품패치·의료기기패치·미용패치 등),KRX_KIND_LISTED_COMPANY,https://kind.krx.co.kr/corpgeneral/corpList.do?method=download&searchType=13,2026-07-18T19:41:51+09:00
214270,FSN,소프트웨어 개발 및 공급업,카울리,소프트웨어 개발 및 공급업 / 카울리,KRX_KIND_LISTED_COMPANY,https://kind.krx.co.kr/corpgeneral/corpList.do?method=download&searchType=13,2026-07-18T19:41:51+09:00
214320,이노션,광고업,광고대행 및 광고물의 제작 등,광고업 / 광고대행 및 광고물의 제작 등,KRX_KIND_LISTED_COMPANY,https://kind.krx.co.kr/corpgeneral/corpList.do?method=download&searchType=13,2026-07-18T19:41:51+09:00
214330,금호에이치티,자동차 신품 부품 제조업,자동차용 전구 및 LED모듈,자동차 신품 부품 제조업 / 자동차용 전구 및 LED모듈,KRX_KIND_LISTED_COMPANY,https://kind.krx.co.kr/corpgeneral/corpList.do?method=download&searchType=13,2026-07-18T19:41:51+09:00
214370,케어젠,기초 의약물질 제조업,성장인자·바이오미메틱펩타이드 기반 안면·두피,기초 의약물질 제조업 / 성장인자·바이오미메틱펩타이드 기반 안면·두피,KRX_KIND_LISTED_COMPANY,https://kind.krx.co.kr/corpgeneral/corpList.do?method=download&searchType=13,2026-07-18T19:41:51+09:00
214390,경보제약,기초 의약물질 제조업,아토르바스타틴·세프티족심·세프트리약손,기초 의약물질 제조업 / 아토르바스타틴·세프티족심·세프트리약손,KRX_KIND_LISTED_COMPANY,https://kind.krx.co.kr/corpgeneral/corpList.do?method=download&searchType=13,2026-07-18T19:41:51+09:00
214420,토니모리,기타 화학제품 제조업,스킨케어 베이직·포인트 메이크업·스킨케어 스페셜,기타 화학제품 제조업 / 스킨케어 베이직·포인트 메이크업·스킨케어 스페셜,KRX_KIND_LISTED_COMPANY,https://kind.krx.co.kr/corpgeneral/corpList.do?method=download&searchType=13,2026-07-18T19:41:51+09:00
214430,아이쓰리시스템,전자부품 제조업,적외선 영상센서·엑스레이 영상센서,전자부품 제조업 / 적외선 영상센서·엑스레이 영상센서,KRX_KIND_LISTED_COMPANY,https://kind.krx.co.kr/corpgeneral/corpList.do?method=download&searchType=13,2026-07-18T19:41:51+09:00
214450,파마리서치,의료용품 및 기타 의약 관련제품 제조업,재생의약품,의료용품 및 기타 의약 관련제품 제조업 / 재생의약품,KRX_KIND_LISTED_COMPANY,https://kind.krx.co.kr/corpgeneral/corpList.do?method=download&searchType=13,2026-07-18T19:41:51+09:00
214610,롤링스톤,의료용 기기 제조업,체외진단용 의료기기,의료용 기기 제조업 / 체외진단용 의료기기,KRX_KIND_LISTED_COMPANY,https://kind.krx.co.kr/corpgeneral/corpList.do?method=download&searchType=13,2026-07-18T19:41:51+09:00
214680,디알텍,의료용 기기 제조업,X-ray Detector·X-ray System,의료용 기기 제조업 / X-ray Detector·X-ray System,KRX_KIND_LISTED_COMPANY,https://kind.krx.co.kr/corpgeneral/corpList.do?method=download&searchType=13,2026-07-18T19:41:51+09:00
215000,골프존,소프트웨어 개발 및 공급업,골프시뮬레이터,소프트웨어 개발 및 공급업 / 골프시뮬레이터,KRX_KIND_LISTED_COMPANY,https://kind.krx.co.kr/corpgeneral/corpList.do?method=download&searchType=13,2026-07-18T19:41:51+09:00
215090,솔디펜스,"측정, 시험, 항해, 제어 및 기타 정밀기기 제조업; 광학기기 제외",■ 회로카드조립체(프로세서보드용),"측정, 시험, 항해, 제어 및 기타 정밀기기 제조업; 광학기기 제외 / ■ 회로카드조립체(프로세서보드용)",KRX_KIND_LISTED_COMPANY,https://kind.krx.co.kr/corpgeneral/corpList.do?method=download&searchType=13,2026-07-18T19:41:51+09:00
215100,로보로보,기타 전기장비 제조업,교육용로봇,기타 전기장비 제조업 / 교육용로봇,KRX_KIND_LISTED_COMPANY,https://kind.krx.co.kr/corpgeneral/corpList.do?method=download&searchType=13,2026-07-18T19:41:51+09:00
215200,메가스터디교육,일반 교습 학원,오프라인 학원·온라인 강의,일반 교습 학원 / 오프라인 학원·온라인 강의,KRX_KIND_LISTED_COMPANY,https://kind.krx.co.kr/corpgeneral/corpList.do?method=download&searchType=13,2026-07-18T19:41:51+09:00
215360,우리산업,자동차 신품 부품 제조업,ACTUATOR 등,자동차 신품 부품 제조업 / ACTUATOR 등,KRX_KIND_LISTED_COMPANY,https://kind.krx.co.kr/corpgeneral/corpList.do?method=download&searchType=13,2026-07-18T19:41:51+09:00
215380,우정바이오,자연과학 및 공학 연구개발업,동물실험·CRO서비스·사육장비,자연과학 및 공학 연구개발업 / 동물실험·CRO서비스·사육장비,KRX_KIND_LISTED_COMPANY,https://kind.krx.co.kr/corpgeneral/corpList.do?method=download&searchType=13,2026-07-18T19:41:51+09:00
215480,토박스코리아,"섬유, 의복, 신발 및 가죽제품 소매업",유아동 신발,"섬유, 의복, 신발 및 가죽제품 소매업 / 유아동 신발",KRX_KIND_LISTED_COMPANY,https://kind.krx.co.kr/corpgeneral/corpList.do?method=download&searchType=13,2026-07-18T19:41:51+09:00
215570,크로넥스,자연과학 및 공학 연구개발업,CRO 및 생물종(미니피그),자연과학 및 공학 연구개발업 / CRO 및 생물종(미니피그),KRX_KIND_LISTED_COMPANY,https://kind.krx.co.kr/corpgeneral/corpList.do?method=download&searchType=13,2026-07-18T19:41:51+09:00
215600,신라젠,자연과학 및 공학 연구개발업,펙사벡(바이러스 항암면역치료제),자연과학 및 공학 연구개발업 / 펙사벡(바이러스 항암면역치료제),KRX_KIND_LISTED_COMPANY,https://kind.krx.co.kr/corpgeneral/corpList.do?method=download&searchType=13,2026-07-18T19:41:51+09:00
215790,이노인스트루먼트,통신 및 방송 장비 제조업,기업 인수 합병,통신 및 방송 장비 제조업 / 기업 인수 합병,KRX_KIND_LISTED_COMPANY,https://kind.krx.co.kr/corpgeneral/corpList.do?method=download&searchType=13,2026-07-18T19:41:51+09:00
216050,인크로스,광고업,미디어렙서비스,광고업 / 미디어렙서비스,KRX_KIND_LISTED_COMPANY,https://kind.krx.co.kr/corpgeneral/corpList.do?method=download&searchType=13,2026-07-18T19:41:51+09:00
216080,제테마,의료용품 및 기타 의약 관련제품 제조업,히알루론산 필러(조직수복용생체재료)·피부과용 레이저 의료기기·리프팅실 등,의료용품 및 기타 의약 관련제품 제조업 / 히알루론산 필러(조직수복용생체재료)·피부과용 레이저 의료기기·리프팅실 등,KRX_KIND_LISTED_COMPANY,https://kind.krx.co.kr/corpgeneral/corpList.do?method=download&searchType=13,2026-07-18T19:41:51+09:00
216400,인바이츠바이오코아,자연과학 및 공학 연구개발업,CRO(분석·생동·임상) 서비스,자연과학 및 공학 연구개발업 / CRO(분석·생동·임상) 서비스,KRX_KIND_LISTED_COMPANY,https://kind.krx.co.kr/corpgeneral/corpList.do?method=download&searchType=13,2026-07-18T19:41:51+09:00
217190,제너셈,특수 목적용 기계 제조업,반도체 후공정 장비,특수 목적용 기계 제조업 / 반도체 후공정 장비,KRX_KIND_LISTED_COMPANY,https://kind.krx.co.kr/corpgeneral/corpList.do?method=download&searchType=13,2026-07-18T19:41:51+09:00
217270,넵튠,소프트웨어 개발 및 공급업,모바일게임,소프트웨어 개발 및 공급업 / 모바일게임,KRX_KIND_LISTED_COMPANY,https://kind.krx.co.kr/corpgeneral/corpList.do?method=download&searchType=13,2026-07-18T19:41:51+09:00
217320,썬테크,"전동기, 발전기 및 전기 변환 · 공급 · 제어 장치 제조업",자기진단형 발전기·영구자석 회전자 발전기,"전동기, 발전기 및 전기 변환 · 공급 · 제어 장치 제조업 / 자기진단형 발전기·영구자석 회전자 발전기",KRX_KIND_LISTED_COMPANY,https://kind.krx.co.kr/corpgeneral/corpList.do?method=download&searchType=13,2026-07-18T19:41:51+09:00
217330,싸이토젠,자연과학 및 공학 연구개발업,CTC 기반 Liquid Biopsy 응용사업 및 플랫폼,자연과학 및 공학 연구개발업 / CTC 기반 Liquid Biopsy 응용사업 및 플랫폼,KRX_KIND_LISTED_COMPANY,https://kind.krx.co.kr/corpgeneral/corpList.do?method=download&searchType=13,2026-07-18T19:41:51+09:00
217480,에스디생명공학,기타 화학제품 제조업,마스크팩·기초화장품,기타 화학제품 제조업 / 마스크팩·기초화장품,KRX_KIND_LISTED_COMPANY,https://kind.krx.co.kr/corpgeneral/corpList.do?method=download&searchType=13,2026-07-18T19:41:51+09:00
217500,러셀,특수 목적용 기계 제조업,반도체장비 리퍼비시,특수 목적용 기계 제조업 / 반도체장비 리퍼비시,KRX_KIND_LISTED_COMPANY,https://kind.krx.co.kr/corpgeneral/corpList.do?method=download&searchType=13,2026-07-18T19:41:51+09:00
217590,티엠씨,절연선 및 케이블 제조업,선박용케이블·해양용케이블·전력용케이블,절연선 및 케이블 제조업 / 선박용케이블·해양용케이블·전력용케이블,KRX_KIND_LISTED_COMPANY,https://kind.krx.co.kr/corpgeneral/corpList.do?method=download&searchType=13,2026-07-18T19:41:51+09:00
217730,강스템바이오텍,기초 의약물질 제조업,줄기세포치료제,기초 의약물질 제조업 / 줄기세포치료제,KRX_KIND_LISTED_COMPANY,https://kind.krx.co.kr/corpgeneral/corpList.do?method=download&searchType=13,2026-07-18T19:41:51+09:00
217820,원익피앤이,특수 목적용 기계 제조업,2차전지 자동화 설비,특수 목적용 기계 제조업 / 2차전지 자동화 설비,KRX_KIND_LISTED_COMPANY,https://kind.krx.co.kr/corpgeneral/corpList.do?method=download&searchType=13,2026-07-18T19:41:51+09:00
217880,틸론,소프트웨어 개발 및 공급업,가상화 솔루션(D·A·V,소프트웨어 개발 및 공급업 / 가상화 솔루션(D·A·V,KRX_KIND_LISTED_COMPANY,https://kind.krx.co.kr/corpgeneral/corpList.do?method=download&searchType=13,2026-07-18T19:41:51+09:00
217910,에스제이켐,기초 화학물질 제조업,수처리응집제·폴리프로필렌,기초 화학물질 제조업 / 수처리응집제·폴리프로필렌,KRX_KIND_LISTED_COMPANY,https://kind.krx.co.kr/corpgeneral/corpList.do?method=download&searchType=13,2026-07-18T19:41:51+09:00
217950,파마리서치바이오,의약품 제조업,메디컬 에스테틱·생물학적 제재,의약품 제조업 / 메디컬 에스테틱·생물학적 제재,KRX_KIND_LISTED_COMPANY,https://kind.krx.co.kr/corpgeneral/corpList.do?method=download&searchType=13,2026-07-18T19:41:51+09:00
218150,미래생명자원,동물용 사료 및 조제식품 제조업,동물용 사료 및 조제식품 제조업,동물용 사료 및 조제식품 제조업 / 동물용 사료 및 조제식품 제조업,KRX_KIND_LISTED_COMPANY,https://kind.krx.co.kr/corpgeneral/corpList.do?method=download&searchType=13,2026-07-18T19:41:51+09:00
218410,RFHIC,통신 및 방송 장비 제조업,GaN 트랜지스터,통신 및 방송 장비 제조업 / GaN 트랜지스터,KRX_KIND_LISTED_COMPANY,https://kind.krx.co.kr/corpgeneral/corpList.do?method=download&searchType=13,2026-07-18T19:41:51+09:00
219130,타이거일렉,전자부품 제조업,인쇄회로기판 제조업,전자부품 제조업 / 인쇄회로기판 제조업,KRX_KIND_LISTED_COMPANY,https://kind.krx.co.kr/corpgeneral/corpList.do?method=download&searchType=13,2026-07-18T19:41:51+09:00
219420,링크제니시스,소프트웨어 개발 및 공급업,반도체·디스플레이·자동화 S,소프트웨어 개발 및 공급업 / 반도체·디스플레이·자동화 S,KRX_KIND_LISTED_COMPANY,https://kind.krx.co.kr/corpgeneral/corpList.do?method=download&searchType=13,2026-07-18T19:41:51+09:00
219550,디와이디,생활용품 도매업,화장품 유통,생활용품 도매업 / 화장품 유통,KRX_KIND_LISTED_COMPANY,https://kind.krx.co.kr/corpgeneral/corpList.do?method=download&searchType=13,2026-07-18T19:41:51+09:00
219750,한국비티비,의료용 기기 제조업,의료기기 및 미용기기,의료용 기기 제조업 / 의료기기 및 미용기기,KRX_KIND_LISTED_COMPANY,https://kind.krx.co.kr/corpgeneral/corpList.do?method=download&searchType=13,2026-07-18T19:41:51+09:00
220100,퓨쳐켐,의약품 제조업,PET 방사성의약품·자동합성장치·합성시약 및 전구체,의약품 제조업 / PET 방사성의약품·자동합성장치·합성시약 및 전구체,KRX_KIND_LISTED_COMPANY,https://kind.krx.co.kr/corpgeneral/corpList.do?method=download&searchType=13,2026-07-18T19:41:51+09:00
220180,핸디소프트,소프트웨어 개발 및 공급업,EKP·BPM·네트워크장비,소프트웨어 개발 및 공급업 / EKP·BPM·네트워크장비,KRX_KIND_LISTED_COMPANY,https://kind.krx.co.kr/corpgeneral/corpList.do?method=download&searchType=13,2026-07-18T19:41:51+09:00
220260,켐트로스,기타 화학제품 제조업,기타화학제품 제조업,기타 화학제품 제조업 / 기타화학제품 제조업,KRX_KIND_LISTED_COMPANY,https://kind.krx.co.kr/corpgeneral/corpList.do?method=download&searchType=13,2026-07-18T19:41:51+09:00
221800,지구홀딩스,기타 과학기술 서비스업,체외진단검사서비스·의료IT솔루션,기타 과학기술 서비스업 / 체외진단검사서비스·의료IT솔루션,KRX_KIND_LISTED_COMPANY,https://kind.krx.co.kr/corpgeneral/corpList.do?method=download&searchType=13,2026-07-18T19:41:51+09:00
221840,하이즈항공,"항공기,우주선 및 부품 제조업",B787 날개구조물 등,"항공기,우주선 및 부품 제조업 / B787 날개구조물 등",KRX_KIND_LISTED_COMPANY,https://kind.krx.co.kr/corpgeneral/corpList.do?method=download&searchType=13,2026-07-18T19:41:51+09:00
221980,케이디켐,기타 화학제품 제조업,PVC 안정제,기타 화학제품 제조업 / PVC 안정제,KRX_KIND_LISTED_COMPANY,https://kind.krx.co.kr/corpgeneral/corpList.do?method=download&searchType=13,2026-07-18T19:41:51+09:00
222040,코스맥스엔비티,기타 식품 제조업,건강기능식품,기타 식품 제조업 / 건강기능식품,KRX_KIND_LISTED_COMPANY,https://kind.krx.co.kr/corpgeneral/corpList.do?method=download&searchType=13,2026-07-18T19:41:51+09:00
222080,SFA넥셀,특수 목적용 기계 제조업,이차전지 전극공정 장비·증착·검사·측정 장비,특수 목적용 기계 제조업 / 이차전지 전극공정 장비·증착·검사·측정 장비,KRX_KIND_LISTED_COMPANY,https://kind.krx.co.kr/corpgeneral/corpList.do?method=download&searchType=13,2026-07-18T19:41:51+09:00
222110,팬젠,의약품 제조업,바이오시밀러 의약품 개발·바이오의약품 개발 기술이전 서비스 등,의약품 제조업 / 바이오시밀러 의약품 개발·바이오의약품 개발 기술이전 서비스 등,KRX_KIND_LISTED_COMPANY,https://kind.krx.co.kr/corpgeneral/corpList.do?method=download&searchType=13,2026-07-18T19:41:51+09:00
222420,쎄노텍,기타 비금속 광물제품 제조업,세라믹 비드,기타 비금속 광물제품 제조업 / 세라믹 비드,KRX_KIND_LISTED_COMPANY,https://kind.krx.co.kr/corpgeneral/corpList.do?method=download&searchType=13,2026-07-18T19:41:51+09:00
222670,플럼라인생명과학,자연과학 및 공학 연구개발업,강아지암치료제·돼지DNA테라피,자연과학 및 공학 연구개발업 / 강아지암치료제·돼지DNA테라피,KRX_KIND_LISTED_COMPANY,https://kind.krx.co.kr/corpgeneral/corpList.do?method=download&searchType=13,2026-07-18T19:41:51+09:00
222800,심텍,전자부품 제조업,반도체용 인쇄회로기판,전자부품 제조업 / 반도체용 인쇄회로기판,KRX_KIND_LISTED_COMPANY,https://kind.krx.co.kr/corpgeneral/corpList.do?method=download&searchType=13,2026-07-18T19:41:51+09:00
222980,한국맥널티,기타 식품 제조업,커피 및 의약품,기타 식품 제조업 / 커피 및 의약품,KRX_KIND_LISTED_COMPANY,https://kind.krx.co.kr/corpgeneral/corpList.do?method=download&searchType=13,2026-07-18T19:41:51+09:00
223220,로지스몬,기타 운송관련 서비스업,모바일 컨텐츠 개발 및 유통,기타 운송관련 서비스업 / 모바일 컨텐츠 개발 및 유통,KRX_KIND_LISTED_COMPANY,https://kind.krx.co.kr/corpgeneral/corpList.do?method=download&searchType=13,2026-07-18T19:41:51+09:00
223250,드림씨아이에스,자연과학 및 공학 연구개발업,시판후조사대행(rPMS),자연과학 및 공학 연구개발업 / 시판후조사대행(rPMS),KRX_KIND_LISTED_COMPANY,https://kind.krx.co.kr/corpgeneral/corpList.do?method=download&searchType=13,2026-07-18T19:41:51+09:00
223310,사토시홀딩스,상품 종합 도매업,건강기능식품,상품 종합 도매업 / 건강기능식품,KRX_KIND_LISTED_COMPANY,https://kind.krx.co.kr/corpgeneral/corpList.do?method=download&searchType=13,2026-07-18T19:41:51+09:00
224060,더코디,전자부품 제조업,반도체 및 평판디스플레이 제조용 장비(IRIS·LOZIX·HP,전자부품 제조업 / 반도체 및 평판디스플레이 제조용 장비(IRIS·LOZIX·HP,KRX_KIND_LISTED_COMPANY,https://kind.krx.co.kr/corpgeneral/corpList.do?method=download&searchType=13,2026-07-18T19:41:51+09:00
224110,에이텍모빌리티,통신 및 방송 장비 제조업,교통카드단말기,통신 및 방송 장비 제조업 / 교통카드단말기,KRX_KIND_LISTED_COMPANY,https://kind.krx.co.kr/corpgeneral/corpList.do?method=download&searchType=13,2026-07-18T19:41:51+09:00
224760,엔에스컴퍼니,토목 건설업,산업플랜트 건설 및 경상정비·자동차부품제조판매,토목 건설업 / 산업플랜트 건설 및 경상정비·자동차부품제조판매,KRX_KIND_LISTED_COMPANY,https://kind.krx.co.kr/corpgeneral/corpList.do?method=download&searchType=13,2026-07-18T19:41:51+09:00
224810,엄지하우스,실내건축 및 건축마무리 공사업,실내건축업·분양공사 및 디자인 설계,실내건축 및 건축마무리 공사업 / 실내건축업·분양공사 및 디자인 설계,KRX_KIND_LISTED_COMPANY,https://kind.krx.co.kr/corpgeneral/corpList.do?method=download&searchType=13,2026-07-18T19:41:51+09:00
225190,LK삼양,사진장비 및 광학기기 제조업,디지털 카메라용 교환렌즈,사진장비 및 광학기기 제조업 / 디지털 카메라용 교환렌즈,KRX_KIND_LISTED_COMPANY,https://kind.krx.co.kr/corpgeneral/corpList.do?method=download&searchType=13,2026-07-18T19:41:51+09:00
225220,제놀루션,기초 의약물질 제조업,핵산추출기기 및 시약·RNAi 사업 등,기초 의약물질 제조업 / 핵산추출기기 및 시약·RNAi 사업 등,KRX_KIND_LISTED_COMPANY,https://kind.krx.co.kr/corpgeneral/corpList.do?method=download&searchType=13,2026-07-18T19:41:51+09:00
225430,케이엠제약,기타 화학제품 제조업,구강제품·화장품·기타 생활용품,기타 화학제품 제조업 / 구강제품·화장품·기타 생활용품,KRX_KIND_LISTED_COMPANY,https://kind.krx.co.kr/corpgeneral/corpList.do?method=download&searchType=13,2026-07-18T19:41:51+09:00
225530,HC보광산업,기타 비금속 광물제품 제조업,콘크리트용 부순골재·아스콘·레미콘,기타 비금속 광물제품 제조업 / 콘크리트용 부순골재·아스콘·레미콘,KRX_KIND_LISTED_COMPANY,https://kind.krx.co.kr/corpgeneral/corpList.do?method=download&searchType=13,2026-07-18T19:41:51+09:00
225570,넥슨게임즈,소프트웨어 개발 및 공급업,온라인 및 모바일 게임,소프트웨어 개발 및 공급업 / 온라인 및 모바일 게임,KRX_KIND_LISTED_COMPANY,https://kind.krx.co.kr/corpgeneral/corpList.do?method=download&searchType=13,2026-07-18T19:41:51+09:00
225590,패션플랫폼,봉제의복 제조업,여성복,봉제의복 제조업 / 여성복,KRX_KIND_LISTED_COMPANY,https://kind.krx.co.kr/corpgeneral/corpList.do?method=download&searchType=13,2026-07-18T19:41:51+09:00
226320,잇츠한불,기타 화학제품 제조업,스킨케어 베이직·포인트 메이크업·스킨케어 스페셜,기타 화학제품 제조업 / 스킨케어 베이직·포인트 메이크업·스킨케어 스페셜,KRX_KIND_LISTED_COMPANY,https://kind.krx.co.kr/corpgeneral/corpList.do?method=download&searchType=13,2026-07-18T19:41:51+09:00
226330,신테카바이오,소프트웨어 개발 및 공급업,유전체 빅데이터 기반의 AI신약개발 및 정밀의료서비스,소프트웨어 개발 및 공급업 / 유전체 빅데이터 기반의 AI신약개발 및 정밀의료서비스,KRX_KIND_LISTED_COMPANY,https://kind.krx.co.kr/corpgeneral/corpList.do?method=download&searchType=13,2026-07-18T19:41:51+09:00
226340,본느,기타 화학제품 제조업,기업인수합병,기타 화학제품 제조업 / 기업인수합병,KRX_KIND_LISTED_COMPANY,https://kind.krx.co.kr/corpgeneral/corpList.do?method=download&searchType=13,2026-07-18T19:41:51+09:00
226400,오스테오닉,의료용 기기 제조업,골접합 및 재건용 금속소재 및 생체복합재료 기반 임플란트,의료용 기기 제조업 / 골접합 및 재건용 금속소재 및 생체복합재료 기반 임플란트,KRX_KIND_LISTED_COMPANY,https://kind.krx.co.kr/corpgeneral/corpList.do?method=download&searchType=13,2026-07-18T19:41:51+09:00
226590,엠디바이스,전자부품 제조업,반도체기억장치,전자부품 제조업 / 반도체기억장치,KRX_KIND_LISTED_COMPANY,https://kind.krx.co.kr/corpgeneral/corpList.do?method=download&searchType=13,2026-07-18T19:41:51+09:00
226950,올릭스,자연과학 및 공학 연구개발업,siRNA 신약 개발,자연과학 및 공학 연구개발업 / siRNA 신약 개발,KRX_KIND_LISTED_COMPANY,https://kind.krx.co.kr/corpgeneral/corpList.do?method=download&searchType=13,2026-07-18T19:41:51+09:00
227420,도부,직물직조 및 직물제품 제조업,산업용 마스크 제조·화재대피용 마스크,직물직조 및 직물제품 제조업 / 산업용 마스크 제조·화재대피용 마스크,KRX_KIND_LISTED_COMPANY,https://kind.krx.co.kr/corpgeneral/corpList.do?method=download&searchType=13,2026-07-18T19:41:51+09:00
227610,아우딘퓨쳐스,기타 화학제품 제조업,기초화장품·마스크팩 등,기타 화학제품 제조업 / 기초화장품·마스크팩 등,KRX_KIND_LISTED_COMPANY,https://kind.krx.co.kr/corpgeneral/corpList.do?method=download&searchType=13,2026-07-18T19:41:51+09:00
227840,현대코퍼레이션홀딩스,음·식료품 및 담배 도매업,브랜드사업·육류유통,음·식료품 및 담배 도매업 / 브랜드사업·육류유통,KRX_KIND_LISTED_COMPANY,https://kind.krx.co.kr/corpgeneral/corpList.do?method=download&searchType=13,2026-07-18T19:41:51+09:00
227950,엔투텍,특수 목적용 기계 제조업,반도체장비 부품 제조업,특수 목적용 기계 제조업 / 반도체장비 부품 제조업,KRX_KIND_LISTED_COMPANY,https://kind.krx.co.kr/corpgeneral/corpList.do?method=download&searchType=13,2026-07-18T19:41:51+09:00
228340,동양파일,"시멘트, 석회, 플라스터 및 그 제품 제조업",PHC파일,"시멘트, 석회, 플라스터 및 그 제품 제조업 / PHC파일",KRX_KIND_LISTED_COMPANY,https://kind.krx.co.kr/corpgeneral/corpList.do?method=download&searchType=13,2026-07-18T19:41:51+09:00
228670,레이,의료용 기기 제조업,디지털 치료솔루션(CT scan 장비·3D 프린터)·디지털 진단시스템(X-ray,의료용 기기 제조업 / 디지털 치료솔루션(CT scan 장비·3D 프린터)·디지털 진단시스템(X-ray,KRX_KIND_LISTED_COMPANY,https://kind.krx.co.kr/corpgeneral/corpList.do?method=download&searchType=13,2026-07-18T19:41:51+09:00
228760,지노믹트리,자연과학 및 공학 연구개발업,암 조기진단 제품,자연과학 및 공학 연구개발업 / 암 조기진단 제품,KRX_KIND_LISTED_COMPANY,https://kind.krx.co.kr/corpgeneral/corpList.do?method=download&searchType=13,2026-07-18T19:41:51+09:00
228850,레이언스,의료용 기기 제조업,TFT Detector·CMOS Detector·I,의료용 기기 제조업 / TFT Detector·CMOS Detector·I,KRX_KIND_LISTED_COMPANY,https://kind.krx.co.kr/corpgeneral/corpList.do?method=download&searchType=13,2026-07-18T19:41:51+09:00
229000,젠큐릭스,의료용품 및 기타 의약 관련제품 제조업,유방암 예후진단 및 폐암·대장암 동반진단 제품·검사서비스,의료용품 및 기타 의약 관련제품 제조업 / 유방암 예후진단 및 폐암·대장암 동반진단 제품·검사서비스,KRX_KIND_LISTED_COMPANY,https://kind.krx.co.kr/corpgeneral/corpList.do?method=download&searchType=13,2026-07-18T19:41:51+09:00
229500,노브메타파마,자연과학 및 공학 연구개발업,대사질환 신약 개발 및 건강기능식픔,자연과학 및 공학 연구개발업 / 대사질환 신약 개발 및 건강기능식픔,KRX_KIND_LISTED_COMPANY,https://kind.krx.co.kr/corpgeneral/corpList.do?method=download&searchType=13,2026-07-18T19:41:51+09:00
229640,LS에코에너지,기타 금융업,,기타 금융업,KRX_KIND_LISTED_COMPANY,https://kind.krx.co.kr/corpgeneral/corpList.do?method=download&searchType=13,2026-07-18T19:41:51+09:00
230240,에치에프알,통신 및 방송 장비 제조업,유선 및 무선통신장비 제조 및 제조서비스,통신 및 방송 장비 제조업 / 유선 및 무선통신장비 제조 및 제조서비스,KRX_KIND_LISTED_COMPANY,https://kind.krx.co.kr/corpgeneral/corpList.do?method=download&searchType=13,2026-07-18T19:41:51+09:00
232140,와이씨,특수 목적용 기계 제조업,메모리 웨이퍼 테스터,특수 목적용 기계 제조업 / 메모리 웨이퍼 테스터,KRX_KIND_LISTED_COMPANY,https://kind.krx.co.kr/corpgeneral/corpList.do?method=download&searchType=13,2026-07-18T19:41:51+09:00
232530,이엠티,일차전지 및 이차전지 제조업,이차전지 양극재용 전구체,일차전지 및 이차전지 제조업 / 이차전지 양극재용 전구체,KRX_KIND_LISTED_COMPANY,https://kind.krx.co.kr/corpgeneral/corpList.do?method=download&searchType=13,2026-07-18T19:41:51+09:00
232680,라온로보틱스,특수 목적용 기계 제조업,반도체 및 FPD용 로봇시스템,특수 목적용 기계 제조업 / 반도체 및 FPD용 로봇시스템,KRX_KIND_LISTED_COMPANY,https://kind.krx.co.kr/corpgeneral/corpList.do?method=download&searchType=13,2026-07-18T19:41:51+09:00
232830,아이티센피엔에스,소프트웨어 개발 및 공급업,디지털 금융 서비스 구축·모바일 보안솔루션·생체인증 전자서명,소프트웨어 개발 및 공급업 / 디지털 금융 서비스 구축·모바일 보안솔루션·생체인증 전자서명,KRX_KIND_LISTED_COMPANY,https://kind.krx.co.kr/corpgeneral/corpList.do?method=download&searchType=13,2026-07-18T19:41:51+09:00
233250,메디안디노스틱,의료용품 및 기타 의약 관련제품 제조업,동물질병 체외진단키트 및 진단용 시약,의료용품 및 기타 의약 관련제품 제조업 / 동물질병 체외진단키트 및 진단용 시약,KRX_KIND_LISTED_COMPANY,https://kind.krx.co.kr/corpgeneral/corpList.do?method=download&searchType=13,2026-07-18T19:41:51+09:00
233990,질경이,기타 화학제품 제조업,여성청결제 및 질염치료제 개발,기타 화학제품 제조업 / 여성청결제 및 질염치료제 개발,KRX_KIND_LISTED_COMPANY,https://kind.krx.co.kr/corpgeneral/corpList.do?method=download&searchType=13,2026-07-18T19:41:51+09:00
234030,싸이닉솔루션,반도체 제조업,ASIC·ASSP·용역,반도체 제조업 / ASIC·ASSP·용역,KRX_KIND_LISTED_COMPANY,https://kind.krx.co.kr/corpgeneral/corpList.do?method=download&searchType=13,2026-07-18T19:41:51+09:00
234070,에이원큐브텍,산업용 기계 및 장비 임대업,TS패널·테이블폼·알루미늄 거푸집,산업용 기계 및 장비 임대업 / TS패널·테이블폼·알루미늄 거푸집,KRX_KIND_LISTED_COMPANY,https://kind.krx.co.kr/corpgeneral/corpList.do?method=download&searchType=13,2026-07-18T19:41:51+09:00
234080,JW생명과학,의약품 제조업,기초수액·TPN·특수수액,의약품 제조업 / 기초수액·TPN·특수수액,KRX_KIND_LISTED_COMPANY,https://kind.krx.co.kr/corpgeneral/corpList.do?method=download&searchType=13,2026-07-18T19:41:51+09:00
234100,폴라리스세원,자동차 신품 부품 제조업,자동차 공조장치 부품,자동차 신품 부품 제조업 / 자동차 공조장치 부품,KRX_KIND_LISTED_COMPANY,https://kind.krx.co.kr/corpgeneral/corpList.do?method=download&searchType=13,2026-07-18T19:41:51+09:00
234300,에스트래픽,"컴퓨터 프로그래밍, 시스템 통합 및 관리업",교통관련 솔루션 개발·시스템통합 S·W 개발,"컴퓨터 프로그래밍, 시스템 통합 및 관리업 / 교통관련 솔루션 개발·시스템통합 S·W 개발",KRX_KIND_LISTED_COMPANY,https://kind.krx.co.kr/corpgeneral/corpList.do?method=download&searchType=13,2026-07-18T19:41:51+09:00
234340,헥토파이낸셜,금융 지원 서비스업,가상계좌중계·간편현금결제,금융 지원 서비스업 / 가상계좌중계·간편현금결제,KRX_KIND_LISTED_COMPANY,https://kind.krx.co.kr/corpgeneral/corpList.do?method=download&searchType=13,2026-07-18T19:41:51+09:00
234690,녹십자웰빙,의약품 제조업,전문의약품·건강기능식품,의약품 제조업 / 전문의약품·건강기능식품,KRX_KIND_LISTED_COMPANY,https://kind.krx.co.kr/corpgeneral/corpList.do?method=download&searchType=13,2026-07-18T19:41:51+09:00
234920,자이글,가정용 기기 제조업,적외선 가열 조리기,가정용 기기 제조업 / 적외선 가열 조리기,KRX_KIND_LISTED_COMPANY,https://kind.krx.co.kr/corpgeneral/corpList.do?method=download&searchType=13,2026-07-18T19:41:51+09:00
235980,메드팩토,자연과학 및 공학 연구개발업,항암제 신약개발,자연과학 및 공학 연구개발업 / 항암제 신약개발,KRX_KIND_LISTED_COMPANY,https://kind.krx.co.kr/corpgeneral/corpList.do?method=download&searchType=13,2026-07-18T19:41:51+09:00
236030,씨알푸드,"곡물가공품, 전분 및 전분제품 제조업",시리얼·시리얼바,"곡물가공품, 전분 및 전분제품 제조업 / 시리얼·시리얼바",KRX_KIND_LISTED_COMPANY,https://kind.krx.co.kr/corpgeneral/corpList.do?method=download&searchType=13,2026-07-18T19:41:51+09:00
236200,슈프리마,통신 및 방송 장비 제조업,바이오인식 관련 제품,통신 및 방송 장비 제조업 / 바이오인식 관련 제품,KRX_KIND_LISTED_COMPANY,https://kind.krx.co.kr/corpgeneral/corpList.do?method=download&searchType=13,2026-07-18T19:41:51+09:00
236340,메디젠휴먼케어,자연과학 및 공학 연구개발업,M-CHECK (개인별 유전적 질병 예측 서비스),자연과학 및 공학 연구개발업 / M-CHECK (개인별 유전적 질병 예측 서비스),KRX_KIND_LISTED_COMPANY,https://kind.krx.co.kr/corpgeneral/corpList.do?method=download&searchType=13,2026-07-18T19:41:51+09:00
236810,엔비티,광고업,모바일 포인트 광고 플랫폼,광고업 / 모바일 포인트 광고 플랫폼,KRX_KIND_LISTED_COMPANY,https://kind.krx.co.kr/corpgeneral/corpList.do?method=download&searchType=13,2026-07-18T19:41:51+09:00
237690,에스티팜,의약품 제조업,원료의약품,의약품 제조업 / 원료의약품,KRX_KIND_LISTED_COMPANY,https://kind.krx.co.kr/corpgeneral/corpList.do?method=download&searchType=13,2026-07-18T19:41:51+09:00
237750,피앤씨테크,"전동기, 발전기 및 전기 변환 · 공급 · 제어 장치 제조업",배전자동화단말장치,"전동기, 발전기 및 전기 변환 · 공급 · 제어 장치 제조업 / 배전자동화단말장치",KRX_KIND_LISTED_COMPANY,https://kind.krx.co.kr/corpgeneral/corpList.do?method=download&searchType=13,2026-07-18T19:41:51+09:00
237820,플레이디,광고업,온라인 광고 대행,광고업 / 온라인 광고 대행,KRX_KIND_LISTED_COMPANY,https://kind.krx.co.kr/corpgeneral/corpList.do?method=download&searchType=13,2026-07-18T19:41:51+09:00
237880,클리오,기타 화학제품 제조업,색조화장품·기초화장품,기타 화학제품 제조업 / 색조화장품·기초화장품,KRX_KIND_LISTED_COMPANY,https://kind.krx.co.kr/corpgeneral/corpList.do?method=download&searchType=13,2026-07-18T19:41:51+09:00
238090,앤디포스,플라스틱제품 제조업,TSP용 양면 테이프·윈도우 필름,플라스틱제품 제조업 / TSP용 양면 테이프·윈도우 필름,KRX_KIND_LISTED_COMPANY,https://kind.krx.co.kr/corpgeneral/corpList.do?method=download&searchType=13,2026-07-18T19:41:51+09:00
238120,얼라인드,사진장비 및 광학기기 제조업,자동세포카운팅시스템·생체조직투명화시스템·디지털세포이미징시스템,사진장비 및 광학기기 제조업 / 자동세포카운팅시스템·생체조직투명화시스템·디지털세포이미징시스템,KRX_KIND_LISTED_COMPANY,https://kind.krx.co.kr/corpgeneral/corpList.do?method=download&searchType=13,2026-07-18T19:41:51+09:00
238200,비피도,기타 식품 제조업,프로바이오틱스 관련 완제품 및 균주 원말 등,기타 식품 제조업 / 프로바이오틱스 관련 완제품 및 균주 원말 등,KRX_KIND_LISTED_COMPANY,https://kind.krx.co.kr/corpgeneral/corpList.do?method=download&searchType=13,2026-07-18T19:41:51+09:00
238490,힘스,특수 목적용 기계 제조업,OLED Mask 인장기·OLED Mask 검사기 등,특수 목적용 기계 제조업 / OLED Mask 인장기·OLED Mask 검사기 등,KRX_KIND_LISTED_COMPANY,https://kind.krx.co.kr/corpgeneral/corpList.do?method=download&searchType=13,2026-07-18T19:41:51+09:00
238500,솔루믹스,"그외 기타 전문, 과학 및 기술 서비스업",모듈·퍼스널 모빌리티기기,"그외 기타 전문, 과학 및 기술 서비스업 / 모듈·퍼스널 모빌리티기기",KRX_KIND_LISTED_COMPANY,https://kind.krx.co.kr/corpgeneral/corpList.do?method=download&searchType=13,2026-07-18T19:41:51+09:00
239340,이스트에이드,"자료처리, 호스팅, 포털 및 기타 인터넷 정보매개 서비스업",줌닷컴·뉴썸 등,"자료처리, 호스팅, 포털 및 기타 인터넷 정보매개 서비스업 / 줌닷컴·뉴썸 등",KRX_KIND_LISTED_COMPANY,https://kind.krx.co.kr/corpgeneral/corpList.do?method=download&searchType=13,2026-07-18T19:41:51+09:00
239610,에이치엘사이언스,기타 식품 제조업,건강기능식품 등,기타 식품 제조업 / 건강기능식품 등,KRX_KIND_LISTED_COMPANY,https://kind.krx.co.kr/corpgeneral/corpList.do?method=download&searchType=13,2026-07-18T19:41:51+09:00
239890,피엔에이치테크,기초 화학물질 제조업,OLED 소재,기초 화학물질 제조업 / OLED 소재,KRX_KIND_LISTED_COMPANY,https://kind.krx.co.kr/corpgeneral/corpList.do?method=download&searchType=13,2026-07-18T19:41:51+09:00
240550,동방메디컬,의료용 기기 제조업,필러·한방침,의료용 기기 제조업 / 필러·한방침,KRX_KIND_LISTED_COMPANY,https://kind.krx.co.kr/corpgeneral/corpList.do?method=download&searchType=13,2026-07-18T19:41:51+09:00
240600,유진테크놀로지,기타 금속 가공제품 제조업,이차전지 정밀금형 외,기타 금속 가공제품 제조업 / 이차전지 정밀금형 외,KRX_KIND_LISTED_COMPANY,https://kind.krx.co.kr/corpgeneral/corpList.do?method=download&searchType=13,2026-07-18T19:41:51+09:00
240810,원익IPS,특수 목적용 기계 제조업,반도체 제조용 기계,특수 목적용 기계 제조업 / 반도체 제조용 기계,KRX_KIND_LISTED_COMPANY,https://kind.krx.co.kr/corpgeneral/corpList.do?method=download&searchType=13,2026-07-18T19:41:51+09:00
241520,DSC인베스트먼트,신탁업 및 집합투자업,투자조합 결성 및 투자,신탁업 및 집합투자업 / 투자조합 결성 및 투자,KRX_KIND_LISTED_COMPANY,https://kind.krx.co.kr/corpgeneral/corpList.do?method=download&searchType=13,2026-07-18T19:41:51+09:00
241560,두산밥캣,특수 목적용 기계 제조업,Compact Equipment·Heavy Equipment·Portable Power,특수 목적용 기계 제조업 / Compact Equipment·Heavy Equipment·Portable Power,KRX_KIND_LISTED_COMPANY,https://kind.krx.co.kr/corpgeneral/corpList.do?method=download&searchType=13,2026-07-18T19:41:51+09:00
241590,화승엔터프라이즈,신발 및 신발 부분품 제조업,,신발 및 신발 부분품 제조업,KRX_KIND_LISTED_COMPANY,https://kind.krx.co.kr/corpgeneral/corpList.do?method=download&searchType=13,2026-07-18T19:41:51+09:00
241690,유니테크노,자동차 신품 부품 제조업,자동차 부품·전기차 부품·배터리 셀케이스,자동차 신품 부품 제조업 / 자동차 부품·전기차 부품·배터리 셀케이스,KRX_KIND_LISTED_COMPANY,https://kind.krx.co.kr/corpgeneral/corpList.do?method=download&searchType=13,2026-07-18T19:41:51+09:00
241710,코스메카코리아,기타 화학제품 제조업,화장품 OEM·ODM,기타 화학제품 제조업 / 화장품 OEM·ODM,KRX_KIND_LISTED_COMPANY,https://kind.krx.co.kr/corpgeneral/corpList.do?method=download&searchType=13,2026-07-18T19:41:51+09:00
241770,메카로,반도체 제조업,반도체용 전구체 및 히터블록,반도체 제조업 / 반도체용 전구체 및 히터블록,KRX_KIND_LISTED_COMPANY,https://kind.krx.co.kr/corpgeneral/corpList.do?method=download&searchType=13,2026-07-18T19:41:51+09:00
241790,티이엠씨씨엔에스,특수 목적용 기계 제조업,반도체 케미칼 및 특수가스·반도체 장비,특수 목적용 기계 제조업 / 반도체 케미칼 및 특수가스·반도체 장비,KRX_KIND_LISTED_COMPANY,https://kind.krx.co.kr/corpgeneral/corpList.do?method=download&searchType=13,2026-07-18T19:41:51+09:00
241820,피씨엘,의료용품 및 기타 의약 관련제품 제조업,다중 체외진단 제품·플랫폼서비스,의료용품 및 기타 의약 관련제품 제조업 / 다중 체외진단 제품·플랫폼서비스,KRX_KIND_LISTED_COMPANY,https://kind.krx.co.kr/corpgeneral/corpList.do?method=download&searchType=13,2026-07-18T19:41:51+09:00
241840,에이스토리,"영화, 비디오물, 방송프로그램 제작 및 배급업",방송프로그램 제작,"영화, 비디오물, 방송프로그램 제작 및 배급업 / 방송프로그램 제작",KRX_KIND_LISTED_COMPANY,https://kind.krx.co.kr/corpgeneral/corpList.do?method=download&searchType=13,2026-07-18T19:41:51+09:00
242040,나무기술,소프트웨어 개발 및 공급업,응용소프트웨어 개발 및 공급업,소프트웨어 개발 및 공급업 / 응용소프트웨어 개발 및 공급업,KRX_KIND_LISTED_COMPANY,https://kind.krx.co.kr/corpgeneral/corpList.do?method=download&searchType=13,2026-07-18T19:41:51+09:00
243070,휴온스,의약품 제조업,전문의약품·일반의약품,의약품 제조업 / 전문의약품·일반의약품,KRX_KIND_LISTED_COMPANY,https://kind.krx.co.kr/corpgeneral/corpList.do?method=download&searchType=13,2026-07-18T19:41:51+09:00
243840,신흥에스이씨,일차전지 및 이차전지 제조업,2차전지용 안전 부품(Cap Assembly·CID),일차전지 및 이차전지 제조업 / 2차전지용 안전 부품(Cap Assembly·CID),KRX_KIND_LISTED_COMPANY,https://kind.krx.co.kr/corpgeneral/corpList.do?method=download&searchType=13,2026-07-18T19:41:51+09:00
243870,아이티센코어,"컴퓨터 프로그래밍, 시스템 통합 및 관리업",건설ERP·내부통제솔루션·공간관리솔루션,"컴퓨터 프로그래밍, 시스템 통합 및 관리업 / 건설ERP·내부통제솔루션·공간관리솔루션",KRX_KIND_LISTED_COMPANY,https://kind.krx.co.kr/corpgeneral/corpList.do?method=download&searchType=13,2026-07-18T19:41:51+09:00
244460,올리패스,기초 의약물질 제조업,인공유전자 플랫폼(OliPass PNA) 기술을 활용한 RNA치료제 신약개발,기초 의약물질 제조업 / 인공유전자 플랫폼(OliPass PNA) 기술을 활용한 RNA치료제 신약개발,KRX_KIND_LISTED_COMPANY,https://kind.krx.co.kr/corpgeneral/corpList.do?method=download&searchType=13,2026-07-18T19:41:51+09:00
244880,나눔테크,의료용 기기 제조업,자동심장충격기·골밀도진단기,의료용 기기 제조업 / 자동심장충격기·골밀도진단기,KRX_KIND_LISTED_COMPANY,https://kind.krx.co.kr/corpgeneral/corpList.do?method=download&searchType=13,2026-07-18T19:41:51+09:00
244920,에이플러스에셋,보험 및 연금관련 서비스업,보험대리 및 중개업,보험 및 연금관련 서비스업 / 보험대리 및 중개업,KRX_KIND_LISTED_COMPANY,https://kind.krx.co.kr/corpgeneral/corpList.do?method=download&searchType=13,2026-07-18T19:41:51+09:00
245450,씨앤에스링크,통신 및 방송 장비 제조업,내비게이션·LTE Router·블랙박스,통신 및 방송 장비 제조업 / 내비게이션·LTE Router·블랙박스,KRX_KIND_LISTED_COMPANY,https://kind.krx.co.kr/corpgeneral/corpList.do?method=download&searchType=13,2026-07-18T19:41:51+09:00
245620,EDGC,자연과학 및 공학 연구개발업,유전체 분석 진단 서비스,자연과학 및 공학 연구개발업 / 유전체 분석 진단 서비스,KRX_KIND_LISTED_COMPANY,https://kind.krx.co.kr/corpgeneral/corpList.do?method=download&searchType=13,2026-07-18T19:41:51+09:00
246250,에스엘에스바이오,"그외 기타 전문, 과학 및 기술 서비스업",의약품 품질관리·신약개발지원·체외진단기기,"그외 기타 전문, 과학 및 기술 서비스업 / 의약품 품질관리·신약개발지원·체외진단기기",KRX_KIND_LISTED_COMPANY,https://kind.krx.co.kr/corpgeneral/corpList.do?method=download&searchType=13,2026-07-18T19:41:51+09:00
246690,TS인베스트먼트,신탁업 및 집합투자업,투자조합 결성 및 투자,신탁업 및 집합투자업 / 투자조합 결성 및 투자,KRX_KIND_LISTED_COMPANY,https://kind.krx.co.kr/corpgeneral/corpList.do?method=download&searchType=13,2026-07-18T19:41:51+09:00
246710,티앤알바이오팹,기초 의약물질 제조업,생분해성 의료기기·3D 바이오프린팅 시스템·바이오잉크,기초 의약물질 제조업 / 생분해성 의료기기·3D 바이오프린팅 시스템·바이오잉크,KRX_KIND_LISTED_COMPANY,https://kind.krx.co.kr/corpgeneral/corpList.do?method=download&searchType=13,2026-07-18T19:41:51+09:00
246720,아스타,의료용품 및 기타 의약 관련제품 제조업,MALDI-TOF 질량분석기 기반 진단시스템,의료용품 및 기타 의약 관련제품 제조업 / MALDI-TOF 질량분석기 기반 진단시스템,KRX_KIND_LISTED_COMPANY,https://kind.krx.co.kr/corpgeneral/corpList.do?method=download&searchType=13,2026-07-18T19:41:51+09:00
246960,SCL사이언스,의료용품 및 기타 의약 관련제품 제조업,의료용지혈제·밀폐제 및 접착제,의료용품 및 기타 의약 관련제품 제조업 / 의료용지혈제·밀폐제 및 접착제,KRX_KIND_LISTED_COMPANY,https://kind.krx.co.kr/corpgeneral/corpList.do?method=download&searchType=13,2026-07-18T19:41:51+09:00
247540,에코프로비엠,일차전지 및 이차전지 제조업,양극활물질,일차전지 및 이차전지 제조업 / 양극활물질,KRX_KIND_LISTED_COMPANY,https://kind.krx.co.kr/corpgeneral/corpList.do?method=download&searchType=13,2026-07-18T19:41:51+09:00
247660,나노씨엠에스,전자부품 제조업,근적외선 흡수·반사 안료·자외선 유기형광 안료,전자부품 제조업 / 근적외선 흡수·반사 안료·자외선 유기형광 안료,KRX_KIND_LISTED_COMPANY,https://kind.krx.co.kr/corpgeneral/corpList.do?method=download&searchType=13,2026-07-18T19:41:51+09:00
248070,솔루엠,전자부품 제조업,POWER·3in1 Board·ESL 등,전자부품 제조업 / POWER·3in1 Board·ESL 등,KRX_KIND_LISTED_COMPANY,https://kind.krx.co.kr/corpgeneral/corpList.do?method=download&searchType=13,2026-07-18T19:41:51+09:00
248170,샘표식품,기타 식품 제조업,간장,기타 식품 제조업 / 간장,KRX_KIND_LISTED_COMPANY,https://kind.krx.co.kr/corpgeneral/corpList.do?method=download&searchType=13,2026-07-18T19:41:51+09:00
249420,일동제약,의약품 제조업,아로나민·후루마린·큐란,의약품 제조업 / 아로나민·후루마린·큐란,KRX_KIND_LISTED_COMPANY,https://kind.krx.co.kr/corpgeneral/corpList.do?method=download&searchType=13,2026-07-18T19:41:51+09:00
250000,보라티알,음·식료품 및 담배 도매업,유가공품·소스류·파스타류,음·식료품 및 담배 도매업 / 유가공품·소스류·파스타류,KRX_KIND_LISTED_COMPANY,https://kind.krx.co.kr/corpgeneral/corpList.do?method=download&searchType=13,2026-07-18T19:41:51+09:00
250030,진코스텍,기타 화학제품 제조업,마스크팩 ODM·OEM·하이드로겔 마스크팩,기타 화학제품 제조업 / 마스크팩 ODM·OEM·하이드로겔 마스크팩,KRX_KIND_LISTED_COMPANY,https://kind.krx.co.kr/corpgeneral/corpList.do?method=download&searchType=13,2026-07-18T19:41:51+09:00
250060,모비스,"컴퓨터 프로그래밍, 시스템 통합 및 관리업",핵융합 제어솔루션 및 스마트팩토리 통합솔루션,"컴퓨터 프로그래밍, 시스템 통합 및 관리업 / 핵융합 제어솔루션 및 스마트팩토리 통합솔루션",KRX_KIND_LISTED_COMPANY,https://kind.krx.co.kr/corpgeneral/corpList.do?method=download&searchType=13,2026-07-18T19:41:51+09:00
250930,예선테크,플라스틱제품 제조업,기업인수합병,플라스틱제품 제조업 / 기업인수합병,KRX_KIND_LISTED_COMPANY,https://kind.krx.co.kr/corpgeneral/corpList.do?method=download&searchType=13,2026-07-18T19:41:51+09:00
251120,바이오에프디엔씨,기초 의약물질 제조업,식물세포 유래 유효물질 및 약리물질,기초 의약물질 제조업 / 식물세포 유래 유효물질 및 약리물질,KRX_KIND_LISTED_COMPANY,https://kind.krx.co.kr/corpgeneral/corpList.do?method=download&searchType=13,2026-07-18T19:41:51+09:00
251270,넷마블,소프트웨어 개발 및 공급업,온라인·모바일 게임 소프트웨어 개발 및 공급,소프트웨어 개발 및 공급업 / 온라인·모바일 게임 소프트웨어 개발 및 공급,KRX_KIND_LISTED_COMPANY,https://kind.krx.co.kr/corpgeneral/corpList.do?method=download&searchType=13,2026-07-18T19:41:51+09:00
251280,안지오랩,자연과학 및 공학 연구개발업,신약개발 및 체지방 감소 건강기능식품,자연과학 및 공학 연구개발업 / 신약개발 및 체지방 감소 건강기능식품,KRX_KIND_LISTED_COMPANY,https://kind.krx.co.kr/corpgeneral/corpList.do?method=download&searchType=13,2026-07-18T19:41:51+09:00
251370,와이엠티,기초 화학물질 제조업,PCB·반도체 및 디스플레이 제조용 화학소재 등,기초 화학물질 제조업 / PCB·반도체 및 디스플레이 제조용 화학소재 등,KRX_KIND_LISTED_COMPANY,https://kind.krx.co.kr/corpgeneral/corpList.do?method=download&searchType=13,2026-07-18T19:41:51+09:00
251630,브이원텍,특수 목적용 기계 제조업,LCD·OLED 압흔검사기·2차전지 검사장비,특수 목적용 기계 제조업 / LCD·OLED 압흔검사기·2차전지 검사장비,KRX_KIND_LISTED_COMPANY,https://kind.krx.co.kr/corpgeneral/corpList.do?method=download&searchType=13,2026-07-18T19:41:51+09:00
251970,펌텍코리아,플라스틱제품 제조업,화장품 용기,플라스틱제품 제조업 / 화장품 용기,KRX_KIND_LISTED_COMPANY,https://kind.krx.co.kr/corpgeneral/corpList.do?method=download&searchType=13,2026-07-18T19:41:51+09:00
252500,세화피앤씨,기타 화학제품 제조업,염모제 등,기타 화학제품 제조업 / 염모제 등,KRX_KIND_LISTED_COMPANY,https://kind.krx.co.kr/corpgeneral/corpList.do?method=download&searchType=13,2026-07-18T19:41:51+09:00
252990,샘씨엔에스,전자부품 제조업,세라믹 STF(다층 세라믹 기판),전자부품 제조업 / 세라믹 STF(다층 세라믹 기판),KRX_KIND_LISTED_COMPANY,https://kind.krx.co.kr/corpgeneral/corpList.do?method=download&searchType=13,2026-07-18T19:41:51+09:00
253450,스튜디오드래곤,"영화, 비디오물, 방송프로그램 제작 및 배급업",드라마 제작·판매,"영화, 비디오물, 방송프로그램 제작 및 배급업 / 드라마 제작·판매",KRX_KIND_LISTED_COMPANY,https://kind.krx.co.kr/corpgeneral/corpList.do?method=download&searchType=13,2026-07-18T19:41:51+09:00
253590,네오셈,특수 목적용 기계 제조업,반도체 검사장비,특수 목적용 기계 제조업 / 반도체 검사장비,KRX_KIND_LISTED_COMPANY,https://kind.krx.co.kr/corpgeneral/corpList.do?method=download&searchType=13,2026-07-18T19:41:51+09:00
253610,루트락,기타 전문 도매업,인공슬관절·척추 임플란트(의료기기 도·소매),기타 전문 도매업 / 인공슬관절·척추 임플란트(의료기기 도·소매),KRX_KIND_LISTED_COMPANY,https://kind.krx.co.kr/corpgeneral/corpList.do?method=download&searchType=13,2026-07-18T19:41:51+09:00
253840,수젠텍,의료용품 및 기타 의약 관련제품 제조업,체외진단 기기 및 시약,의료용품 및 기타 의약 관련제품 제조업 / 체외진단 기기 및 시약,KRX_KIND_LISTED_COMPANY,https://kind.krx.co.kr/corpgeneral/corpList.do?method=download&searchType=13,2026-07-18T19:41:51+09:00
254120,자비스,특수 목적용 기계 제조업,자동엑스레이검사장비,특수 목적용 기계 제조업 / 자동엑스레이검사장비,KRX_KIND_LISTED_COMPANY,https://kind.krx.co.kr/corpgeneral/corpList.do?method=download&searchType=13,2026-07-18T19:41:51+09:00
254160,제이엠멀티,제재 및 목재 가공업,목재 데크로드 시스템,제재 및 목재 가공업 / 목재 데크로드 시스템,KRX_KIND_LISTED_COMPANY,https://kind.krx.co.kr/corpgeneral/corpList.do?method=download&searchType=13,2026-07-18T19:41:51+09:00
254490,미래반도체,기타 전문 도매업,반도체,기타 전문 도매업 / 반도체,KRX_KIND_LISTED_COMPANY,https://kind.krx.co.kr/corpgeneral/corpList.do?method=download&searchType=13,2026-07-18T19:41:51+09:00
255220,SG,기타 비금속 광물제품 제조업,아스콘,기타 비금속 광물제품 제조업 / 아스콘,KRX_KIND_LISTED_COMPANY,https://kind.krx.co.kr/corpgeneral/corpList.do?method=download&searchType=13,2026-07-18T19:41:51+09:00
255440,야스,특수 목적용 기계 제조업,OLED 증착기·OLED 증착원,특수 목적용 기계 제조업 / OLED 증착기·OLED 증착원,KRX_KIND_LISTED_COMPANY,https://kind.krx.co.kr/corpgeneral/corpList.do?method=download&searchType=13,2026-07-18T19:41:51+09:00
256150,한독크린텍,일반 목적용 기계 제조업,정수기 필터,일반 목적용 기계 제조업 / 정수기 필터,KRX_KIND_LISTED_COMPANY,https://kind.krx.co.kr/corpgeneral/corpList.do?method=download&searchType=13,2026-07-18T19:41:51+09:00
256630,포인트엔지니어링,기타 금속 가공제품 제조업,디스플레이 및 반도체 장비 부품,기타 금속 가공제품 제조업 / 디스플레이 및 반도체 장비 부품,KRX_KIND_LISTED_COMPANY,https://kind.krx.co.kr/corpgeneral/corpList.do?method=download&searchType=13,2026-07-18T19:41:51+09:00
256840,한국비엔씨,기초 의약물질 제조업,필러 등 생체재료의료물질 개발,기초 의약물질 제조업 / 필러 등 생체재료의료물질 개발,KRX_KIND_LISTED_COMPANY,https://kind.krx.co.kr/corpgeneral/corpList.do?method=download&searchType=13,2026-07-18T19:41:51+09:00
256940,킵스파마,의약품 제조업,OLED 마스크 인장기,의약품 제조업 / OLED 마스크 인장기,KRX_KIND_LISTED_COMPANY,https://kind.krx.co.kr/corpgeneral/corpList.do?method=download&searchType=13,2026-07-18T19:41:51+09:00
257370,피엔티엠에스,특수 목적용 기계 제조업,2차전지 분리막 제조설비·디스플레이용 생산설비,특수 목적용 기계 제조업 / 2차전지 분리막 제조설비·디스플레이용 생산설비,KRX_KIND_LISTED_COMPANY,https://kind.krx.co.kr/corpgeneral/corpList.do?method=download&searchType=13,2026-07-18T19:41:51+09:00
257720,실리콘투,상품 종합 도매업,화장품 유통,상품 종합 도매업 / 화장품 유통,KRX_KIND_LISTED_COMPANY,https://kind.krx.co.kr/corpgeneral/corpList.do?method=download&searchType=13,2026-07-18T19:41:51+09:00
258050,테크트랜스,기타 금속 가공제품 제조업,비철금속표면처리장비 및 솔루션,기타 금속 가공제품 제조업 / 비철금속표면처리장비 및 솔루션,KRX_KIND_LISTED_COMPANY,https://kind.krx.co.kr/corpgeneral/corpList.do?method=download&searchType=13,2026-07-18T19:41:51+09:00
258610,케일럼,"구조용 금속제품, 탱크 및 증기발생기 제조업",지열발전설비·항공기MRO·항공부품제조,"구조용 금속제품, 탱크 및 증기발생기 제조업 / 지열발전설비·항공기MRO·항공부품제조",KRX_KIND_LISTED_COMPANY,https://kind.krx.co.kr/corpgeneral/corpList.do?method=download&searchType=13,2026-07-18T19:41:51+09:00
258790,소프트캠프,소프트웨어 개발 및 공급업,통합보안솔루션,소프트웨어 개발 및 공급업 / 통합보안솔루션,KRX_KIND_LISTED_COMPANY,https://kind.krx.co.kr/corpgeneral/corpList.do?method=download&searchType=13,2026-07-18T19:41:51+09:00
258830,세종메디칼,의료용 기기 제조업,복강경수술용 투관침 등,의료용 기기 제조업 / 복강경수술용 투관침 등,KRX_KIND_LISTED_COMPANY,https://kind.krx.co.kr/corpgeneral/corpList.do?method=download&searchType=13,2026-07-18T19:41:51+09:00
259630,엠플러스,특수 목적용 기계 제조업,이차전지 자동화 조립설비,특수 목적용 기계 제조업 / 이차전지 자동화 조립설비,KRX_KIND_LISTED_COMPANY,https://kind.krx.co.kr/corpgeneral/corpList.do?method=download&searchType=13,2026-07-18T19:41:51+09:00
259960,크래프톤,소프트웨어 개발 및 공급업,<배틀그라운드> 등 게임 소프트웨어,소프트웨어 개발 및 공급업 / <배틀그라운드> 등 게임 소프트웨어,KRX_KIND_LISTED_COMPANY,https://kind.krx.co.kr/corpgeneral/corpList.do?method=download&searchType=13,2026-07-18T19:41:51+09:00
260660,알리코제약,의료용품 및 기타 의약 관련제품 제조업,완제 의약품,의료용품 및 기타 의약 관련제품 제조업 / 완제 의약품,KRX_KIND_LISTED_COMPANY,https://kind.krx.co.kr/corpgeneral/corpList.do?method=download&searchType=13,2026-07-18T19:41:51+09:00
260870,SK시그넷,"전동기, 발전기 및 전기 변환 · 공급 · 제어 장치 제조업",전기차 충전기,"전동기, 발전기 및 전기 변환 · 공급 · 제어 장치 제조업 / 전기차 충전기",KRX_KIND_LISTED_COMPANY,https://kind.krx.co.kr/corpgeneral/corpList.do?method=download&searchType=13,2026-07-18T19:41:51+09:00
260930,씨티케이,기타 화학제품 제조업,완제 화장품 (색조 및 기초),기타 화학제품 제조업 / 완제 화장품 (색조 및 기초),KRX_KIND_LISTED_COMPANY,https://kind.krx.co.kr/corpgeneral/corpList.do?method=download&searchType=13,2026-07-18T19:41:51+09:00
260970,에스앤디,기타 식품 제조업,일반기능식품소재·건강기능식품소재,기타 식품 제조업 / 일반기능식품소재·건강기능식품소재,KRX_KIND_LISTED_COMPANY,https://kind.krx.co.kr/corpgeneral/corpList.do?method=download&searchType=13,2026-07-18T19:41:51+09:00
261200,덴티스,의료용 기기 제조업,임플란트외,의료용 기기 제조업 / 임플란트외,KRX_KIND_LISTED_COMPANY,https://kind.krx.co.kr/corpgeneral/corpList.do?method=download&searchType=13,2026-07-18T19:41:51+09:00
261520,이지스,소프트웨어 개발 및 공급업,디지털트윈 플랫폼,소프트웨어 개발 및 공급업 / 디지털트윈 플랫폼,KRX_KIND_LISTED_COMPANY,https://kind.krx.co.kr/corpgeneral/corpList.do?method=download&searchType=13,2026-07-18T19:41:51+09:00
261780,아리바이오LAB,자연과학 및 공학 연구개발업,백신 및 면역증강제 등,자연과학 및 공학 연구개발업 / 백신 및 면역증강제 등,KRX_KIND_LISTED_COMPANY,https://kind.krx.co.kr/corpgeneral/corpList.do?method=download&searchType=13,2026-07-18T19:41:51+09:00
262260,에이프로,기타 전기장비 제조업,2차전지 장비 등(일반충방전기·고온가압 충방전기 등),기타 전기장비 제조업 / 2차전지 장비 등(일반충방전기·고온가압 충방전기 등),KRX_KIND_LISTED_COMPANY,https://kind.krx.co.kr/corpgeneral/corpList.do?method=download&searchType=13,2026-07-18T19:41:51+09:00
262840,아이퀘스트,소프트웨어 개발 및 공급업,패키지 ERP·구축형 ERP 등,소프트웨어 개발 및 공급업 / 패키지 ERP·구축형 ERP 등,KRX_KIND_LISTED_COMPANY,https://kind.krx.co.kr/corpgeneral/corpList.do?method=download&searchType=13,2026-07-18T19:41:51+09:00
263020,디케이앤디,플라스틱제품 제조업,합성피혁 및 부직포,플라스틱제품 제조업 / 합성피혁 및 부직포,KRX_KIND_LISTED_COMPANY,https://kind.krx.co.kr/corpgeneral/corpList.do?method=download&searchType=13,2026-07-18T19:41:51+09:00
263050,유틸렉스,기초 의약물질 제조업,면역항암 세포치료제·면역항암 항체치료제,기초 의약물질 제조업 / 면역항암 세포치료제·면역항암 항체치료제,KRX_KIND_LISTED_COMPANY,https://kind.krx.co.kr/corpgeneral/corpList.do?method=download&searchType=13,2026-07-18T19:41:51+09:00
263600,덕우전자,전자부품 제조업,카메라 모듈 부품,전자부품 제조업 / 카메라 모듈 부품,KRX_KIND_LISTED_COMPANY,https://kind.krx.co.kr/corpgeneral/corpList.do?method=download&searchType=13,2026-07-18T19:41:51+09:00
263690,디알젬,의료용 기기 제조업,진단용 엑스선 촬영장치 및 부분품·X-ray 제너레이터 외,의료용 기기 제조업 / 진단용 엑스선 촬영장치 및 부분품·X-ray 제너레이터 외,KRX_KIND_LISTED_COMPANY,https://kind.krx.co.kr/corpgeneral/corpList.do?method=download&searchType=13,2026-07-18T19:41:51+09:00
263700,케어랩스,광고업,헬스케어 미디어플랫폼·헬스케어 디지털마케팅·헬스케어 솔루션,광고업 / 헬스케어 미디어플랫폼·헬스케어 디지털마케팅·헬스케어 솔루션,KRX_KIND_LISTED_COMPANY,https://kind.krx.co.kr/corpgeneral/corpList.do?method=download&searchType=13,2026-07-18T19:41:51+09:00
263720,디앤씨미디어,"서적, 잡지 및 기타 인쇄물 출판업",웹소설 콘텐츠,"서적, 잡지 및 기타 인쇄물 출판업 / 웹소설 콘텐츠",KRX_KIND_LISTED_COMPANY,https://kind.krx.co.kr/corpgeneral/corpList.do?method=download&searchType=13,2026-07-18T19:41:51+09:00
263750,펄어비스,소프트웨어 개발 및 공급업,게임 개발 서비스(검은사막 및 붉은사막),소프트웨어 개발 및 공급업 / 게임 개발 서비스(검은사막 및 붉은사막),KRX_KIND_LISTED_COMPANY,https://kind.krx.co.kr/corpgeneral/corpList.do?method=download&searchType=13,2026-07-18T19:41:51+09:00
263770,유에스티,1차 철강 제조업,스테인레스강관,1차 철강 제조업 / 스테인레스강관,KRX_KIND_LISTED_COMPANY,https://kind.krx.co.kr/corpgeneral/corpList.do?method=download&searchType=13,2026-07-18T19:41:51+09:00
263800,데이타솔루션,기계장비 및 관련 물품 도매업,EMC스토리지·SPSS·SI,기계장비 및 관련 물품 도매업 / EMC스토리지·SPSS·SI,KRX_KIND_LISTED_COMPANY,https://kind.krx.co.kr/corpgeneral/corpList.do?method=download&searchType=13,2026-07-18T19:41:51+09:00
263810,상신전자,전자부품 제조업,노이즈필터(48.81%)·코일(19.33%)·리액터(10.75%),전자부품 제조업 / 노이즈필터(48.81%)·코일(19.33%)·리액터(10.75%),KRX_KIND_LISTED_COMPANY,https://kind.krx.co.kr/corpgeneral/corpList.do?method=download&searchType=13,2026-07-18T19:41:51+09:00
263860,지니언스,소프트웨어 개발 및 공급업,네트워크 접근 제어 솔루션(NAC)·단말기반 지능형 위협 탐지 대응 솔루션(EDR),소프트웨어 개발 및 공급업 / 네트워크 접근 제어 솔루션(NAC)·단말기반 지능형 위협 탐지 대응 솔루션(EDR),KRX_KIND_LISTED_COMPANY,https://kind.krx.co.kr/corpgeneral/corpList.do?method=download&searchType=13,2026-07-18T19:41:51+09:00
263920,휴엠앤씨,그외 기타 제품 제조업,유리용기·화장용 스펀지·퍼프,그외 기타 제품 제조업 / 유리용기·화장용 스펀지·퍼프,KRX_KIND_LISTED_COMPANY,https://kind.krx.co.kr/corpgeneral/corpList.do?method=download&searchType=13,2026-07-18T19:41:51+09:00
264450,유비쿼스,통신 및 방송 장비 제조업,스위치·FTTH,통신 및 방송 장비 제조업 / 스위치·FTTH,KRX_KIND_LISTED_COMPANY,https://kind.krx.co.kr/corpgeneral/corpList.do?method=download&searchType=13,2026-07-18T19:41:51+09:00
264660,씨앤지하이테크,특수 목적용 기계 제조업,약액혼합공급장치·화학약품재생장치,특수 목적용 기계 제조업 / 약액혼합공급장치·화학약품재생장치,KRX_KIND_LISTED_COMPANY,https://kind.krx.co.kr/corpgeneral/corpList.do?method=download&searchType=13,2026-07-18T19:41:51+09:00
264850,이랜시스,전자부품 제조업,비데도어락부품,전자부품 제조업 / 비데도어락부품,KRX_KIND_LISTED_COMPANY,https://kind.krx.co.kr/corpgeneral/corpList.do?method=download&searchType=13,2026-07-18T19:41:51+09:00
264900,크라운제과,"떡, 빵 및 과자류 제조업",비스킷·스낵·당과,"떡, 빵 및 과자류 제조업 / 비스킷·스낵·당과",KRX_KIND_LISTED_COMPANY,https://kind.krx.co.kr/corpgeneral/corpList.do?method=download&searchType=13,2026-07-18T19:41:51+09:00
265520,AP시스템,특수 목적용 기계 제조업,디스플레이 제조 장비,특수 목적용 기계 제조업 / 디스플레이 제조 장비,KRX_KIND_LISTED_COMPANY,https://kind.krx.co.kr/corpgeneral/corpList.do?method=download&searchType=13,2026-07-18T19:41:51+09:00
265560,영화테크,자동차 신품 부품 제조업,자동차 정션박스 등,자동차 신품 부품 제조업 / 자동차 정션박스 등,KRX_KIND_LISTED_COMPANY,https://kind.krx.co.kr/corpgeneral/corpList.do?method=download&searchType=13,2026-07-18T19:41:51+09:00
265740,엔에프씨,기타 화학제품 제조업,화장품 원료 제조 및 판매,기타 화학제품 제조업 / 화장품 원료 제조 및 판매,KRX_KIND_LISTED_COMPANY,https://kind.krx.co.kr/corpgeneral/corpList.do?method=download&searchType=13,2026-07-18T19:41:51+09:00
266170,레드우즈,"영화, 비디오물, 방송프로그램 제작 및 배급업",TV 드라마 등,"영화, 비디오물, 방송프로그램 제작 및 배급업 / TV 드라마 등",KRX_KIND_LISTED_COMPANY,https://kind.krx.co.kr/corpgeneral/corpList.do?method=download&searchType=13,2026-07-18T19:41:51+09:00
266350,팡스카이,소프트웨어 개발 및 공급업,게임 개발 및 리퍼블리싱,소프트웨어 개발 및 공급업 / 게임 개발 및 리퍼블리싱,KRX_KIND_LISTED_COMPANY,https://kind.krx.co.kr/corpgeneral/corpList.do?method=download&searchType=13,2026-07-18T19:41:51+09:00
266470,바이오인프라생명과학,자연과학 및 공학 연구개발업,I-FINDER(바이오마커 진단),자연과학 및 공학 연구개발업 / I-FINDER(바이오마커 진단),KRX_KIND_LISTED_COMPANY,https://kind.krx.co.kr/corpgeneral/corpList.do?method=download&searchType=13,2026-07-18T19:41:51+09:00
267080,세븐브로이맥주,알코올음료 제조업,맥주 등 주류 및 음료,알코올음료 제조업 / 맥주 등 주류 및 음료,KRX_KIND_LISTED_COMPANY,https://kind.krx.co.kr/corpgeneral/corpList.do?method=download&searchType=13,2026-07-18T19:41:51+09:00
267250,HD현대,기타 금융업,지주회사,기타 금융업 / 지주회사,KRX_KIND_LISTED_COMPANY,https://kind.krx.co.kr/corpgeneral/corpList.do?method=download&searchType=13,2026-07-18T19:41:51+09:00
267260,HD현대일렉트릭,"전동기, 발전기 및 전기 변환 · 공급 · 제어 장치 제조업",변압기·고압차단기·회전기,"전동기, 발전기 및 전기 변환 · 공급 · 제어 장치 제조업 / 변압기·고압차단기·회전기",KRX_KIND_LISTED_COMPANY,https://kind.krx.co.kr/corpgeneral/corpList.do?method=download&searchType=13,2026-07-18T19:41:51+09:00
267270,HD건설기계,특수 목적용 기계 제조업,굴삭기·지게차·휠로더 등,특수 목적용 기계 제조업 / 굴삭기·지게차·휠로더 등,KRX_KIND_LISTED_COMPANY,https://kind.krx.co.kr/corpgeneral/corpList.do?method=download&searchType=13,2026-07-18T19:41:51+09:00
267290,경동도시가스,연료용 가스 제조 및 배관공급업,도시가스,연료용 가스 제조 및 배관공급업 / 도시가스,KRX_KIND_LISTED_COMPANY,https://kind.krx.co.kr/corpgeneral/corpList.do?method=download&searchType=13,2026-07-18T19:41:51+09:00
267320,나인테크,특수 목적용 기계 제조업,이차전지 제조 장비,특수 목적용 기계 제조업 / 이차전지 제조 장비,KRX_KIND_LISTED_COMPANY,https://kind.krx.co.kr/corpgeneral/corpList.do?method=download&searchType=13,2026-07-18T19:41:51+09:00
267790,배럴,봉제의복 제조업,래쉬가드 및 워터스포츠 등,봉제의복 제조업 / 래쉬가드 및 워터스포츠 등,KRX_KIND_LISTED_COMPANY,https://kind.krx.co.kr/corpgeneral/corpList.do?method=download&searchType=13,2026-07-18T19:41:51+09:00
267850,아시아나IDT,"컴퓨터 프로그래밍, 시스템 통합 및 관리업",IT 서비스·IT 솔루션,"컴퓨터 프로그래밍, 시스템 통합 및 관리업 / IT 서비스·IT 솔루션",KRX_KIND_LISTED_COMPANY,https://kind.krx.co.kr/corpgeneral/corpList.do?method=download&searchType=13,2026-07-18T19:41:51+09:00
267980,매일유업,동·식물성 유지 및 낙농제품 제조업,유제품(우유·분유·발효유,동·식물성 유지 및 낙농제품 제조업 / 유제품(우유·분유·발효유,KRX_KIND_LISTED_COMPANY,https://kind.krx.co.kr/corpgeneral/corpList.do?method=download&searchType=13,2026-07-18T19:41:51+09:00
268280,미원에스씨,기초 화학물질 제조업,에너지경화수지,기초 화학물질 제조업 / 에너지경화수지,KRX_KIND_LISTED_COMPANY,https://kind.krx.co.kr/corpgeneral/corpList.do?method=download&searchType=13,2026-07-18T19:41:51+09:00
269620,시스웍,"측정, 시험, 항해, 제어 및 기타 정밀기기 제조업; 광학기기 제외",클린룸 제어시스템·BLDC모터·공조장치 제어기 등,"측정, 시험, 항해, 제어 및 기타 정밀기기 제조업; 광학기기 제외 / 클린룸 제어시스템·BLDC모터·공조장치 제어기 등",KRX_KIND_LISTED_COMPANY,https://kind.krx.co.kr/corpgeneral/corpList.do?method=download&searchType=13,2026-07-18T19:41:51+09:00
270210,에스알바이오텍,기타 화학제품 제조업,화장품 제조 및 유통,기타 화학제품 제조업 / 화장품 제조 및 유통,KRX_KIND_LISTED_COMPANY,https://kind.krx.co.kr/corpgeneral/corpList.do?method=download&searchType=13,2026-07-18T19:41:51+09:00
270520,앱튼,"건축기술, 엔지니어링 및 관련 기술 서비스업",지열냉난방시스템,"건축기술, 엔지니어링 및 관련 기술 서비스업 / 지열냉난방시스템",KRX_KIND_LISTED_COMPANY,https://kind.krx.co.kr/corpgeneral/corpList.do?method=download&searchType=13,2026-07-18T19:41:51+09:00
270660,에브리봇,가정용 기기 제조업,물걸레 로봇청소기·흡입형 로봇청소기,가정용 기기 제조업 / 물걸레 로봇청소기·흡입형 로봇청소기,KRX_KIND_LISTED_COMPANY,https://kind.krx.co.kr/corpgeneral/corpList.do?method=download&searchType=13,2026-07-18T19:41:51+09:00
270870,뉴트리,기타 식품 제조업,에버콜라겐·지노마스터 등,기타 식품 제조업 / 에버콜라겐·지노마스터 등,KRX_KIND_LISTED_COMPANY,https://kind.krx.co.kr/corpgeneral/corpList.do?method=download&searchType=13,2026-07-18T19:41:51+09:00
271560,오리온,기타 식품 제조업,스낵 등 과자류,기타 식품 제조업 / 스낵 등 과자류,KRX_KIND_LISTED_COMPANY,https://kind.krx.co.kr/corpgeneral/corpList.do?method=download&searchType=13,2026-07-18T19:41:51+09:00
271830,팸텍,특수 목적용 기계 제조업,카메라모듈 검사장비·반도체 검사장비,특수 목적용 기계 제조업 / 카메라모듈 검사장비·반도체 검사장비,KRX_KIND_LISTED_COMPANY,https://kind.krx.co.kr/corpgeneral/corpList.do?method=download&searchType=13,2026-07-18T19:41:51+09:00
271940,일진하이솔루스,그외 기타 운송장비 제조업,수소승용용기·매연저감장치 등,그외 기타 운송장비 제조업 / 수소승용용기·매연저감장치 등,KRX_KIND_LISTED_COMPANY,https://kind.krx.co.kr/corpgeneral/corpList.do?method=download&searchType=13,2026-07-18T19:41:51+09:00
271980,제일약품,의약품 제조업,의약품,의약품 제조업 / 의약품,KRX_KIND_LISTED_COMPANY,https://kind.krx.co.kr/corpgeneral/corpList.do?method=download&searchType=13,2026-07-18T19:41:51+09:00
272110,케이엔제이,반도체 제조업,Edge Grinder·CVD-SiC Ring,반도체 제조업 / Edge Grinder·CVD-SiC Ring,KRX_KIND_LISTED_COMPANY,https://kind.krx.co.kr/corpgeneral/corpList.do?method=download&searchType=13,2026-07-18T19:41:51+09:00
272210,한화시스템,전자부품 제조업,정밀기기(육해공군관련전자제어시스템·열영상감시장비·탐지추적장치,전자부품 제조업 / 정밀기기(육해공군관련전자제어시스템·열영상감시장비·탐지추적장치,KRX_KIND_LISTED_COMPANY,https://kind.krx.co.kr/corpgeneral/corpList.do?method=download&searchType=13,2026-07-18T19:41:51+09:00
272290,이녹스첨단소재,전자부품 제조업,FPCB소재·반도체 및 디스플레이 소재,전자부품 제조업 / FPCB소재·반도체 및 디스플레이 소재,KRX_KIND_LISTED_COMPANY,https://kind.krx.co.kr/corpgeneral/corpList.do?method=download&searchType=13,2026-07-18T19:41:51+09:00
272450,진에어,항공 여객 운송업,여객·화물 등 항공운송,항공 여객 운송업 / 여객·화물 등 항공운송,KRX_KIND_LISTED_COMPANY,https://kind.krx.co.kr/corpgeneral/corpList.do?method=download&searchType=13,2026-07-18T19:41:51+09:00
272550,삼양패키징,플라스틱제품 제조업,PET 용기 및 아셉틱 OEM,플라스틱제품 제조업 / PET 용기 및 아셉틱 OEM,KRX_KIND_LISTED_COMPANY,https://kind.krx.co.kr/corpgeneral/corpList.do?method=download&searchType=13,2026-07-18T19:41:51+09:00
273060,와이즈버즈,광고업,광고대행,광고업 / 광고대행,KRX_KIND_LISTED_COMPANY,https://kind.krx.co.kr/corpgeneral/corpList.do?method=download&searchType=13,2026-07-18T19:41:51+09:00
273640,와이엠텍,"전동기, 발전기 및 전기 변환 · 공급 · 제어 장치 제조업",계전기(EV Relay),"전동기, 발전기 및 전기 변환 · 공급 · 제어 장치 제조업 / 계전기(EV Relay)",KRX_KIND_LISTED_COMPANY,https://kind.krx.co.kr/corpgeneral/corpList.do?method=download&searchType=13,2026-07-18T19:41:51+09:00
274090,켄코아에어로스페이스,"항공기,우주선 및 부품 제조업",항공가공품 및 조립품,"항공기,우주선 및 부품 제조업 / 항공가공품 및 조립품",KRX_KIND_LISTED_COMPANY,https://kind.krx.co.kr/corpgeneral/corpList.do?method=download&searchType=13,2026-07-18T19:41:51+09:00
274400,이노시뮬레이션,소프트웨어 개발 및 공급업,스마트 모빌리티 시뮬레이터·XR 가상훈련 시스템 등,소프트웨어 개발 및 공급업 / 스마트 모빌리티 시뮬레이터·XR 가상훈련 시스템 등,KRX_KIND_LISTED_COMPANY,https://kind.krx.co.kr/corpgeneral/corpList.do?method=download&searchType=13,2026-07-18T19:41:51+09:00
275630,에스에스알,소프트웨어 개발 및 공급업,취약점 진단 솔루션·모의해킹 컨설팅,소프트웨어 개발 및 공급업 / 취약점 진단 솔루션·모의해킹 컨설팅,KRX_KIND_LISTED_COMPANY,https://kind.krx.co.kr/corpgeneral/corpList.do?method=download&searchType=13,2026-07-18T19:41:51+09:00
276040,스코넥,소프트웨어 개발 및 공급업,XR 교육·훈련 시스템·VR 게임 콘텐츠 등,소프트웨어 개발 및 공급업 / XR 교육·훈련 시스템·VR 게임 콘텐츠 등,KRX_KIND_LISTED_COMPANY,https://kind.krx.co.kr/corpgeneral/corpList.do?method=download&searchType=13,2026-07-18T19:41:51+09:00
276240,엘리비젼,영상 및 음향기기 제조업,디지털 사이니지·키오스크 등,영상 및 음향기기 제조업 / 디지털 사이니지·키오스크 등,KRX_KIND_LISTED_COMPANY,https://kind.krx.co.kr/corpgeneral/corpList.do?method=download&searchType=13,2026-07-18T19:41:51+09:00
276730,한울앤제주,알코올음료 제조업,맥주,알코올음료 제조업 / 맥주,KRX_KIND_LISTED_COMPANY,https://kind.krx.co.kr/corpgeneral/corpList.do?method=download&searchType=13,2026-07-18T19:41:51+09:00
277070,린드먼아시아,신탁업 및 집합투자업,투자조합·PEF 결성 및 투자,신탁업 및 집합투자업 / 투자조합·PEF 결성 및 투자,KRX_KIND_LISTED_COMPANY,https://kind.krx.co.kr/corpgeneral/corpList.do?method=download&searchType=13,2026-07-18T19:41:51+09:00
277410,인산가,기타 식품 제조업,죽염 및 죽염응용식품,기타 식품 제조업 / 죽염 및 죽염응용식품,KRX_KIND_LISTED_COMPANY,https://kind.krx.co.kr/corpgeneral/corpList.do?method=download&searchType=13,2026-07-18T19:41:51+09:00
277810,레인보우로보틱스,특수 목적용 기계 제조업,협동로봇·천문마운트시스템·이족보행로봇 등,특수 목적용 기계 제조업 / 협동로봇·천문마운트시스템·이족보행로봇 등,KRX_KIND_LISTED_COMPANY,https://kind.krx.co.kr/corpgeneral/corpList.do?method=download&searchType=13,2026-07-18T19:41:51+09:00
277880,티에스아이,특수 목적용 기계 제조업,2차전지 장비(믹싱시스템·믹싱제작품·믹싱 공사,특수 목적용 기계 제조업 / 2차전지 장비(믹싱시스템·믹싱제작품·믹싱 공사,KRX_KIND_LISTED_COMPANY,https://kind.krx.co.kr/corpgeneral/corpList.do?method=download&searchType=13,2026-07-18T19:41:51+09:00
278280,천보,기초 화학물질 제조업,디스플레이 소재·반도체 공정 소재·2차전지 소재,기초 화학물질 제조업 / 디스플레이 소재·반도체 공정 소재·2차전지 소재,KRX_KIND_LISTED_COMPANY,https://kind.krx.co.kr/corpgeneral/corpList.do?method=download&searchType=13,2026-07-18T19:41:51+09:00
278470,에이피알,기타 화학제품 제조업,화장품·피부미용기기 등,기타 화학제품 제조업 / 화장품·피부미용기기 등,KRX_KIND_LISTED_COMPANY,https://kind.krx.co.kr/corpgeneral/corpList.do?method=download&searchType=13,2026-07-18T19:41:51+09:00
278650,HLB바이오스텝,자연과학 및 공학 연구개발업,비임상실험 유효성(약리)평가,자연과학 및 공학 연구개발업 / 비임상실험 유효성(약리)평가,KRX_KIND_LISTED_COMPANY,https://kind.krx.co.kr/corpgeneral/corpList.do?method=download&searchType=13,2026-07-18T19:41:51+09:00
278990,EMB,"전동기, 발전기 및 전기 변환 · 공급 · 제어 장치 제조업",태양광ESS·휴대폰 액세서리,"전동기, 발전기 및 전기 변환 · 공급 · 제어 장치 제조업 / 태양광ESS·휴대폰 액세서리",KRX_KIND_LISTED_COMPANY,https://kind.krx.co.kr/corpgeneral/corpList.do?method=download&searchType=13,2026-07-18T19:41:51+09:00
279060,이노벡스,"측정, 시험, 항해, 제어 및 기타 정밀기기 제조업; 광학기기 제외",2차전지활성화공정장비·TAS(지하철터널내영상광고장치)·WING TV(회전식 LED바를 이용한 영…,"측정, 시험, 항해, 제어 및 기타 정밀기기 제조업; 광학기기 제외 / 2차전지활성화공정장비·TAS(지하철터널내영상광고장치)·WING TV(회전식 LED바를 이용한 영…",KRX_KIND_LISTED_COMPANY,https://kind.krx.co.kr/corpgeneral/corpList.do?method=download&searchType=13,2026-07-18T19:41:51+09:00
279570,케이뱅크,은행 및 저축기관,은행 및 저축기관,은행 및 저축기관 / 은행 및 저축기관,KRX_KIND_LISTED_COMPANY,https://kind.krx.co.kr/corpgeneral/corpList.do?method=download&searchType=13,2026-07-18T19:41:51+09:00
279600,미디어젠,소프트웨어 개발 및 공급업,음성인식 소프트웨어 기술개발,소프트웨어 개발 및 공급업 / 음성인식 소프트웨어 기술개발,KRX_KIND_LISTED_COMPANY,https://kind.krx.co.kr/corpgeneral/corpList.do?method=download&searchType=13,2026-07-18T19:41:51+09:00
280360,롯데웰푸드,기타 식품 제조업,껌·캔디·초코,기타 식품 제조업 / 껌·캔디·초코,KRX_KIND_LISTED_COMPANY,https://kind.krx.co.kr/corpgeneral/corpList.do?method=download&searchType=13,2026-07-18T19:41:51+09:00
281740,레이크머티리얼즈,기타 화학제품 제조업,LED·반도체 소재 및 석유화학촉매,기타 화학제품 제조업 / LED·반도체 소재 및 석유화학촉매,KRX_KIND_LISTED_COMPANY,https://kind.krx.co.kr/corpgeneral/corpList.do?method=download&searchType=13,2026-07-18T19:41:51+09:00
281820,케이씨텍,"측정, 시험, 항해, 제어 및 기타 정밀기기 제조업; 광학기기 제외",반도체·디스플레이 제조 장비,"측정, 시험, 항해, 제어 및 기타 정밀기기 제조업; 광학기기 제외 / 반도체·디스플레이 제조 장비",KRX_KIND_LISTED_COMPANY,https://kind.krx.co.kr/corpgeneral/corpList.do?method=download&searchType=13,2026-07-18T19:41:51+09:00
282330,BGF리테일,종합 소매업,체인화 편의점,종합 소매업 / 체인화 편의점,KRX_KIND_LISTED_COMPANY,https://kind.krx.co.kr/corpgeneral/corpList.do?method=download&searchType=13,2026-07-18T19:41:51+09:00
282720,금양그린파워,전기 및 통신 공사업,플랜트·발전소 및 신재생에너지 발전소 공사 및 용역,전기 및 통신 공사업 / 플랜트·발전소 및 신재생에너지 발전소 공사 및 용역,KRX_KIND_LISTED_COMPANY,https://kind.krx.co.kr/corpgeneral/corpList.do?method=download&searchType=13,2026-07-18T19:41:51+09:00
282880,코윈테크,특수 목적용 기계 제조업,공정자동화설비(2차전지·석유화학·반도체,특수 목적용 기계 제조업 / 공정자동화설비(2차전지·석유화학·반도체,KRX_KIND_LISTED_COMPANY,https://kind.krx.co.kr/corpgeneral/corpList.do?method=download&searchType=13,2026-07-18T19:41:51+09:00
284620,카이노스메드,자연과학 및 공학 연구개발업,기업인수합병,자연과학 및 공학 연구개발업 / 기업인수합병,KRX_KIND_LISTED_COMPANY,https://kind.krx.co.kr/corpgeneral/corpList.do?method=download&searchType=13,2026-07-18T19:41:51+09:00
284740,쿠쿠홈시스,개인 및 가정용품 임대업,정수기·공기청정기 등,개인 및 가정용품 임대업 / 정수기·공기청정기 등,KRX_KIND_LISTED_COMPANY,https://kind.krx.co.kr/corpgeneral/corpList.do?method=download&searchType=13,2026-07-18T19:41:51+09:00
285130,SK케미칼,합성고무 및 플라스틱 물질 제조업,PETG 수지·PET 수지·바이오디젤,합성고무 및 플라스틱 물질 제조업 / PETG 수지·PET 수지·바이오디젤,KRX_KIND_LISTED_COMPANY,https://kind.krx.co.kr/corpgeneral/corpList.do?method=download&searchType=13,2026-07-18T19:41:51+09:00
285490,노바텍,그외 기타 제품 제조업,Magnet·Shield Magnet·심재,그외 기타 제품 제조업 / Magnet·Shield Magnet·심재,KRX_KIND_LISTED_COMPANY,https://kind.krx.co.kr/corpgeneral/corpList.do?method=download&searchType=13,2026-07-18T19:41:51+09:00
285800,진영,플라스틱제품 제조업,가구용 ASA플라스틱 시트·엣지밴드,플라스틱제품 제조업 / 가구용 ASA플라스틱 시트·엣지밴드,KRX_KIND_LISTED_COMPANY,https://kind.krx.co.kr/corpgeneral/corpList.do?method=download&searchType=13,2026-07-18T19:41:51+09:00
286750,나노실리칸첨단소재,기초 화학물질 제조업,보안응용제품(M-tag 및 M-pac)·보안소재제품(M-secuprint),기초 화학물질 제조업 / 보안응용제품(M-tag 및 M-pac)·보안소재제품(M-secuprint),KRX_KIND_LISTED_COMPANY,https://kind.krx.co.kr/corpgeneral/corpList.do?method=download&searchType=13,2026-07-18T19:41:51+09:00
286940,롯데이노베이트,"컴퓨터 프로그래밍, 시스템 통합 및 관리업",SM·SI,"컴퓨터 프로그래밍, 시스템 통합 및 관리업 / SM·SI",KRX_KIND_LISTED_COMPANY,https://kind.krx.co.kr/corpgeneral/corpList.do?method=download&searchType=13,2026-07-18T19:41:51+09:00
287840,인투셀,자연과학 및 공학 연구개발업,ADC 링커·톡신 플랫폼 기술,자연과학 및 공학 연구개발업 / ADC 링커·톡신 플랫폼 기술,KRX_KIND_LISTED_COMPANY,https://kind.krx.co.kr/corpgeneral/corpList.do?method=download&searchType=13,2026-07-18T19:41:51+09:00
288180,케이피항공산업,"항공기,우주선 및 부품 제조업",항공기 및 우주 방산 구조물 제작,"항공기,우주선 및 부품 제조업 / 항공기 및 우주 방산 구조물 제작",KRX_KIND_LISTED_COMPANY,https://kind.krx.co.kr/corpgeneral/corpList.do?method=download&searchType=13,2026-07-18T19:41:51+09:00
288330,파라택시스코리아,"그외 기타 전문, 과학 및 기술 서비스업",펠리노-1 단백질 저해제·오토택신 저해제,"그외 기타 전문, 과학 및 기술 서비스업 / 펠리노-1 단백질 저해제·오토택신 저해제",KRX_KIND_LISTED_COMPANY,https://kind.krx.co.kr/corpgeneral/corpList.do?method=download&searchType=13,2026-07-18T19:41:51+09:00
288620,에스프리즘,"전동기, 발전기 및 전기 변환 · 공급 · 제어 장치 제조업",건물용 연료전지·발전용 연료전지,"전동기, 발전기 및 전기 변환 · 공급 · 제어 장치 제조업 / 건물용 연료전지·발전용 연료전지",KRX_KIND_LISTED_COMPANY,https://kind.krx.co.kr/corpgeneral/corpList.do?method=download&searchType=13,2026-07-18T19:41:51+09:00
288980,모아데이타,소프트웨어 개발 및 공급업,인공지능 기반 ICT 시스템 이상탐지 및 예측 솔루션,소프트웨어 개발 및 공급업 / 인공지능 기반 ICT 시스템 이상탐지 및 예측 솔루션,KRX_KIND_LISTED_COMPANY,https://kind.krx.co.kr/corpgeneral/corpList.do?method=download&searchType=13,2026-07-18T19:41:51+09:00
289010,아이스크림에듀,"서적, 잡지 및 기타 인쇄물 출판업",아이스크림홈런,"서적, 잡지 및 기타 인쇄물 출판업 / 아이스크림홈런",KRX_KIND_LISTED_COMPANY,https://kind.krx.co.kr/corpgeneral/corpList.do?method=download&searchType=13,2026-07-18T19:41:51+09:00
289080,SV인베스트먼트,기타 금융업,중소·벤처기업 투자 및 육성,기타 금융업 / 중소·벤처기업 투자 및 육성,KRX_KIND_LISTED_COMPANY,https://kind.krx.co.kr/corpgeneral/corpList.do?method=download&searchType=13,2026-07-18T19:41:51+09:00
289170,바이오텐,기타 식품 제조업,일반식품·건강기능식품·보조사료,기타 식품 제조업 / 일반식품·건강기능식품·보조사료,KRX_KIND_LISTED_COMPANY,https://kind.krx.co.kr/corpgeneral/corpList.do?method=download&searchType=13,2026-07-18T19:41:51+09:00
289220,자이언트스텝,"영화, 비디오물, 방송프로그램 제작 및 배급업",광고VFX·영상VFX 및 리얼타임 콘텐츠 제작,"영화, 비디오물, 방송프로그램 제작 및 배급업 / 광고VFX·영상VFX 및 리얼타임 콘텐츠 제작",KRX_KIND_LISTED_COMPANY,https://kind.krx.co.kr/corpgeneral/corpList.do?method=download&searchType=13,2026-07-18T19:41:51+09:00
289930,웨이비스,반도체 제조업,GaN RF 칩·패키지 트랜지스터·모듈 등,반도체 제조업 / GaN RF 칩·패키지 트랜지스터·모듈 등,KRX_KIND_LISTED_COMPANY,https://kind.krx.co.kr/corpgeneral/corpList.do?method=download&searchType=13,2026-07-18T19:41:51+09:00
290090,트윔,소프트웨어 개발 및 공급업,AI 기반 스마트팩토리 검사 소프트웨어 및 설비,소프트웨어 개발 및 공급업 / AI 기반 스마트팩토리 검사 소프트웨어 및 설비,KRX_KIND_LISTED_COMPANY,https://kind.krx.co.kr/corpgeneral/corpList.do?method=download&searchType=13,2026-07-18T19:41:51+09:00
290120,DH오토리드,자동차 신품 부품 제조업,자동차 스티어링휠,자동차 신품 부품 제조업 / 자동차 스티어링휠,KRX_KIND_LISTED_COMPANY,https://kind.krx.co.kr/corpgeneral/corpList.do?method=download&searchType=13,2026-07-18T19:41:51+09:00
290270,휴네시온,소프트웨어 개발 및 공급업,망간자료전송(i-oneNet),소프트웨어 개발 및 공급업 / 망간자료전송(i-oneNet),KRX_KIND_LISTED_COMPANY,https://kind.krx.co.kr/corpgeneral/corpList.do?method=download&searchType=13,2026-07-18T19:41:51+09:00
290520,신도기연,특수 목적용 기계 제조업,OLED용 후공정장비(라미네이터·오토클레이브 등),특수 목적용 기계 제조업 / OLED용 후공정장비(라미네이터·오토클레이브 등),KRX_KIND_LISTED_COMPANY,https://kind.krx.co.kr/corpgeneral/corpList.do?method=download&searchType=13,2026-07-18T19:41:51+09:00
290550,디케이티,전자부품 제조업,스마트폰용 FPCA,전자부품 제조업 / 스마트폰용 FPCA,KRX_KIND_LISTED_COMPANY,https://kind.krx.co.kr/corpgeneral/corpList.do?method=download&searchType=13,2026-07-18T19:41:51+09:00
290560,파라택시스이더리움,소프트웨어 개발 및 공급업,DB보안솔루션 등,소프트웨어 개발 및 공급업 / DB보안솔루션 등,KRX_KIND_LISTED_COMPANY,https://kind.krx.co.kr/corpgeneral/corpList.do?method=download&searchType=13,2026-07-18T19:41:51+09:00
290650,엘앤씨바이오,의약품 제조업,인체조직(피부·뼈·연골),의약품 제조업 / 인체조직(피부·뼈·연골),KRX_KIND_LISTED_COMPANY,https://kind.krx.co.kr/corpgeneral/corpList.do?method=download&searchType=13,2026-07-18T19:41:51+09:00
290660,다이나믹솔루션,의료용 기기 제조업,라파엘스마트글러브 외,의료용 기기 제조업 / 라파엘스마트글러브 외,KRX_KIND_LISTED_COMPANY,https://kind.krx.co.kr/corpgeneral/corpList.do?method=download&searchType=13,2026-07-18T19:41:51+09:00
290670,대보마그네틱,기타 전기장비 제조업,전자석탈철기·자력선별기,기타 전기장비 제조업 / 전자석탈철기·자력선별기,KRX_KIND_LISTED_COMPANY,https://kind.krx.co.kr/corpgeneral/corpList.do?method=download&searchType=13,2026-07-18T19:41:51+09:00
290690,소룩스,전구 및 조명장치 제조업,실내등(형광등·LED등)·실외등,전구 및 조명장치 제조업 / 실내등(형광등·LED등)·실외등,KRX_KIND_LISTED_COMPANY,https://kind.krx.co.kr/corpgeneral/corpList.do?method=download&searchType=13,2026-07-18T19:41:51+09:00
290720,푸드나무,무점포 소매업,,무점포 소매업,KRX_KIND_LISTED_COMPANY,https://kind.krx.co.kr/corpgeneral/corpList.do?method=download&searchType=13,2026-07-18T19:41:51+09:00
290740,액트로,전자부품 제조업,모바일용 액츄에이터 및 조립자동화 설비,전자부품 제조업 / 모바일용 액츄에이터 및 조립자동화 설비,KRX_KIND_LISTED_COMPANY,https://kind.krx.co.kr/corpgeneral/corpList.do?method=download&searchType=13,2026-07-18T19:41:51+09:00
291230,엔피,기타 사업지원 서비스업,브랜드 익스피어리언스·XR 콘텐츠·메타버스,기타 사업지원 서비스업 / 브랜드 익스피어리언스·XR 콘텐츠·메타버스,KRX_KIND_LISTED_COMPANY,https://kind.krx.co.kr/corpgeneral/corpList.do?method=download&searchType=13,2026-07-18T19:41:51+09:00
291650,압타머사이언스,자연과학 및 공학 연구개발업,압타머기반 신약개발 및 진단제품 개발,자연과학 및 공학 연구개발업 / 압타머기반 신약개발 및 진단제품 개발,KRX_KIND_LISTED_COMPANY,https://kind.krx.co.kr/corpgeneral/corpList.do?method=download&searchType=13,2026-07-18T19:41:51+09:00
291810,핀텔,소프트웨어 개발 및 공급업,AI 영상 분석 솔루션 및 소프트웨어,소프트웨어 개발 및 공급업 / AI 영상 분석 솔루션 및 소프트웨어,KRX_KIND_LISTED_COMPANY,https://kind.krx.co.kr/corpgeneral/corpList.do?method=download&searchType=13,2026-07-18T19:41:51+09:00
293480,하나제약,의약품 제조업,완제의약품,의약품 제조업 / 완제의약품,KRX_KIND_LISTED_COMPANY,https://kind.krx.co.kr/corpgeneral/corpList.do?method=download&searchType=13,2026-07-18T19:41:51+09:00
293490,카카오게임즈,소프트웨어 개발 및 공급업,모바일·PC게임 퍼블리싱,소프트웨어 개발 및 공급업 / 모바일·PC게임 퍼블리싱,KRX_KIND_LISTED_COMPANY,https://kind.krx.co.kr/corpgeneral/corpList.do?method=download&searchType=13,2026-07-18T19:41:51+09:00
293580,나우IB,기타 금융업,투자조합·PEF 결성 및 투자,기타 금융업 / 투자조합·PEF 결성 및 투자,KRX_KIND_LISTED_COMPANY,https://kind.krx.co.kr/corpgeneral/corpList.do?method=download&searchType=13,2026-07-18T19:41:51+09:00
293780,압타바이오,자연과학 및 공학 연구개발업,용역매출·유전자전달체·압타머연구용시약,자연과학 및 공학 연구개발업 / 용역매출·유전자전달체·압타머연구용시약,KRX_KIND_LISTED_COMPANY,https://kind.krx.co.kr/corpgeneral/corpList.do?method=download&searchType=13,2026-07-18T19:41:51+09:00
293940,신한알파리츠,부동산 임대 및 공급업,비거주 부동산 임대 서비스업,부동산 임대 및 공급업 / 비거주 부동산 임대 서비스업,KRX_KIND_LISTED_COMPANY,https://kind.krx.co.kr/corpgeneral/corpList.do?method=download&searchType=13,2026-07-18T19:41:51+09:00
294090,이오플로우,의료용 기기 제조업,웨어러블 인슐린펌프,의료용 기기 제조업 / 웨어러블 인슐린펌프,KRX_KIND_LISTED_COMPANY,https://kind.krx.co.kr/corpgeneral/corpList.do?method=download&searchType=13,2026-07-18T19:41:51+09:00
294140,레몬,화학섬유 제조업,EMI Shield Can·나노멤브레인 등,화학섬유 제조업 / EMI Shield Can·나노멤브레인 등,KRX_KIND_LISTED_COMPANY,https://kind.krx.co.kr/corpgeneral/corpList.do?method=download&searchType=13,2026-07-18T19:41:51+09:00
294570,쿠콘,기타 정보 서비스업,페이먼트서비스(65.2%)·데이터서비스(29.1%) 등,기타 정보 서비스업 / 페이먼트서비스(65.2%)·데이터서비스(29.1%) 등,KRX_KIND_LISTED_COMPANY,https://kind.krx.co.kr/corpgeneral/corpList.do?method=download&searchType=13,2026-07-18T19:41:51+09:00
294630,서남,기타 전기장비 제조업,고온초전도선재,기타 전기장비 제조업 / 고온초전도선재,KRX_KIND_LISTED_COMPANY,https://kind.krx.co.kr/corpgeneral/corpList.do?method=download&searchType=13,2026-07-18T19:41:51+09:00
294870,IPARK현대산업개발,건물 건설업,외주주택·자체공사·일반건축,건물 건설업 / 외주주택·자체공사·일반건축,KRX_KIND_LISTED_COMPANY,https://kind.krx.co.kr/corpgeneral/corpList.do?method=download&searchType=13,2026-07-18T19:41:51+09:00
295310,에이치브이엠,1차 비철금속 제조업,Ni계 합금·Fe계 합금·스퍼터링타겟,1차 비철금속 제조업 / Ni계 합금·Fe계 합금·스퍼터링타겟,KRX_KIND_LISTED_COMPANY,https://kind.krx.co.kr/corpgeneral/corpList.do?method=download&searchType=13,2026-07-18T19:41:51+09:00
296160,프로젠,자연과학 및 공학 연구개발업,바이오의약품,자연과학 및 공학 연구개발업 / 바이오의약품,KRX_KIND_LISTED_COMPANY,https://kind.krx.co.kr/corpgeneral/corpList.do?method=download&searchType=13,2026-07-18T19:41:51+09:00
296520,가이아코퍼레이션,생활용품 도매업,유아용품·완구·굿즈,생활용품 도매업 / 유아용품·완구·굿즈,KRX_KIND_LISTED_COMPANY,https://kind.krx.co.kr/corpgeneral/corpList.do?method=download&searchType=13,2026-07-18T19:41:51+09:00
296640,이노에이엑스,소프트웨어 개발 및 공급업,InnoRules·InnoProduct,소프트웨어 개발 및 공급업 / InnoRules·InnoProduct,KRX_KIND_LISTED_COMPANY,https://kind.krx.co.kr/corpgeneral/corpList.do?method=download&searchType=13,2026-07-18T19:41:51+09:00
297090,씨에스베어링,일반 목적용 기계 제조업,풍력용 선회베어링·산업용 선회베어링,일반 목적용 기계 제조업 / 풍력용 선회베어링·산업용 선회베어링,KRX_KIND_LISTED_COMPANY,https://kind.krx.co.kr/corpgeneral/corpList.do?method=download&searchType=13,2026-07-18T19:41:51+09:00
297570,아틀라스링크,통신 및 방송 장비 제조업,안드로이드 OTT 멀티미디어 디바이스,통신 및 방송 장비 제조업 / 안드로이드 OTT 멀티미디어 디바이스,KRX_KIND_LISTED_COMPANY,https://kind.krx.co.kr/corpgeneral/corpList.do?method=download&searchType=13,2026-07-18T19:41:51+09:00
297890,HB솔루션,특수 목적용 기계 제조업,디스플레이 제조용 장비(도포기·조립기·검사기),특수 목적용 기계 제조업 / 디스플레이 제조용 장비(도포기·조립기·검사기),KRX_KIND_LISTED_COMPANY,https://kind.krx.co.kr/corpgeneral/corpList.do?method=download&searchType=13,2026-07-18T19:41:51+09:00
298000,효성화학,기초 화학물질 제조업,,기초 화학물질 제조업,KRX_KIND_LISTED_COMPANY,https://kind.krx.co.kr/corpgeneral/corpList.do?method=download&searchType=13,2026-07-18T19:41:51+09:00
298020,효성티앤씨,화학섬유 제조업,섬유·산업자재·화학,화학섬유 제조업 / 섬유·산업자재·화학,KRX_KIND_LISTED_COMPANY,https://kind.krx.co.kr/corpgeneral/corpList.do?method=download&searchType=13,2026-07-18T19:41:51+09:00
298040,효성중공업,"전동기, 발전기 및 전기 변환 · 공급 · 제어 장치 제조업",,"전동기, 발전기 및 전기 변환 · 공급 · 제어 장치 제조업",KRX_KIND_LISTED_COMPANY,https://kind.krx.co.kr/corpgeneral/corpList.do?method=download&searchType=13,2026-07-18T19:41:51+09:00
298050,HS효성첨단소재,화학섬유 제조업,PET타이어코드,화학섬유 제조업 / PET타이어코드,KRX_KIND_LISTED_COMPANY,https://kind.krx.co.kr/corpgeneral/corpList.do?method=download&searchType=13,2026-07-18T19:41:51+09:00
298060,풍전약품,의약품 제조업,세포치료제,의약품 제조업 / 세포치료제,KRX_KIND_LISTED_COMPANY,https://kind.krx.co.kr/corpgeneral/corpList.do?method=download&searchType=13,2026-07-18T19:41:51+09:00
298380,에이비엘바이오,기초 의약물질 제조업,항체의약품 연구개발,기초 의약물질 제조업 / 항체의약품 연구개발,KRX_KIND_LISTED_COMPANY,https://kind.krx.co.kr/corpgeneral/corpList.do?method=download&searchType=13,2026-07-18T19:41:51+09:00
298540,더네이쳐홀딩스,의복 액세서리 제조업,의류·여행용 가방 및 잡화류,의복 액세서리 제조업 / 의류·여행용 가방 및 잡화류,KRX_KIND_LISTED_COMPANY,https://kind.krx.co.kr/corpgeneral/corpList.do?method=download&searchType=13,2026-07-18T19:41:51+09:00
298690,에어부산,항공 여객 운송업,항공 여객 및 화물 운송,항공 여객 운송업 / 항공 여객 및 화물 운송,KRX_KIND_LISTED_COMPANY,https://kind.krx.co.kr/corpgeneral/corpList.do?method=download&searchType=13,2026-07-18T19:41:51+09:00
298830,슈어소프트테크,소프트웨어 개발 및 공급업,소프트웨어 자동화 검증 플랫폼,소프트웨어 개발 및 공급업 / 소프트웨어 자동화 검증 플랫폼,KRX_KIND_LISTED_COMPANY,https://kind.krx.co.kr/corpgeneral/corpList.do?method=download&searchType=13,2026-07-18T19:41:51+09:00
299030,하나기술,특수 목적용 기계 제조업,이차전지 양산 자동화 설비 제조,특수 목적용 기계 제조업 / 이차전지 양산 자동화 설비 제조,KRX_KIND_LISTED_COMPANY,https://kind.krx.co.kr/corpgeneral/corpList.do?method=download&searchType=13,2026-07-18T19:41:51+09:00
299170,더블유에스아이,생활용품 도매업,의약품·의료기기 도소매,생활용품 도매업 / 의약품·의료기기 도소매,KRX_KIND_LISTED_COMPANY,https://kind.krx.co.kr/corpgeneral/corpList.do?method=download&searchType=13,2026-07-18T19:41:51+09:00
299480,지앤이헬스케어,기타 섬유제품 제조업,면생리대,기타 섬유제품 제조업 / 면생리대,KRX_KIND_LISTED_COMPANY,https://kind.krx.co.kr/corpgeneral/corpList.do?method=download&searchType=13,2026-07-18T19:41:51+09:00
299660,셀리드,자연과학 및 공학 연구개발업,항암면역치료백신,자연과학 및 공학 연구개발업 / 항암면역치료백신,KRX_KIND_LISTED_COMPANY,https://kind.krx.co.kr/corpgeneral/corpList.do?method=download&searchType=13,2026-07-18T19:41:51+09:00
299900,위지윅스튜디오,"영화, 비디오물, 방송프로그램 제작 및 배급업",VFX·뉴미디어 등 특수영상 컨텐츠 제작,"영화, 비디오물, 방송프로그램 제작 및 배급업 / VFX·뉴미디어 등 특수영상 컨텐츠 제작",KRX_KIND_LISTED_COMPANY,https://kind.krx.co.kr/corpgeneral/corpList.do?method=download&searchType=13,2026-07-18T19:41:51+09:00
300080,플리토,"자료처리, 호스팅, 포털 및 기타 인터넷 정보매개 서비스업",언어 데이터 구축 및 판매,"자료처리, 호스팅, 포털 및 기타 인터넷 정보매개 서비스업 / 언어 데이터 구축 및 판매",KRX_KIND_LISTED_COMPANY,https://kind.krx.co.kr/corpgeneral/corpList.do?method=download&searchType=13,2026-07-18T19:41:51+09:00
300120,라온피플,소프트웨어 개발 및 공급업,카메라 모듈 검사기·AI 머신비전·골프센서,소프트웨어 개발 및 공급업 / 카메라 모듈 검사기·AI 머신비전·골프센서,KRX_KIND_LISTED_COMPANY,https://kind.krx.co.kr/corpgeneral/corpList.do?method=download&searchType=13,2026-07-18T19:41:51+09:00
300720,한일시멘트,"시멘트, 석회, 플라스터 및 그 제품 제조업",시멘트·레미콘·레미탈,"시멘트, 석회, 플라스터 및 그 제품 제조업 / 시멘트·레미콘·레미탈",KRX_KIND_LISTED_COMPANY,https://kind.krx.co.kr/corpgeneral/corpList.do?method=download&searchType=13,2026-07-18T19:41:51+09:00
301300,바이브컴퍼니,소프트웨어 개발 및 공급업,소셜 빅데이터 기반 인공지능 서비스 (소셜메트릭스)·문제 해결 솔루션 (AI Solver),소프트웨어 개발 및 공급업 / 소셜 빅데이터 기반 인공지능 서비스 (소셜메트릭스)·문제 해결 솔루션 (AI Solver),KRX_KIND_LISTED_COMPANY,https://kind.krx.co.kr/corpgeneral/corpList.do?method=download&searchType=13,2026-07-18T19:41:51+09:00
302430,이노메트리,특수 목적용 기계 제조업,엑스레이검사 장비,특수 목적용 기계 제조업 / 엑스레이검사 장비,KRX_KIND_LISTED_COMPANY,https://kind.krx.co.kr/corpgeneral/corpList.do?method=download&searchType=13,2026-07-18T19:41:51+09:00
302440,SK바이오사이언스,기초 의약물질 제조업,백신 제품 및 제제,기초 의약물질 제조업 / 백신 제품 및 제제,KRX_KIND_LISTED_COMPANY,https://kind.krx.co.kr/corpgeneral/corpList.do?method=download&searchType=13,2026-07-18T19:41:51+09:00
302550,리메드,의료용 기기 제조업,자기장 치료기기,의료용 기기 제조업 / 자기장 치료기기,KRX_KIND_LISTED_COMPANY,https://kind.krx.co.kr/corpgeneral/corpList.do?method=download&searchType=13,2026-07-18T19:41:51+09:00
302920,더콘텐츠온,"영화, 비디오물, 방송프로그램 제작 및 배급업",영화제작·투자·배급 및 영화디지털배급,"영화, 비디오물, 방송프로그램 제작 및 배급업 / 영화제작·투자·배급 및 영화디지털배급",KRX_KIND_LISTED_COMPANY,https://kind.krx.co.kr/corpgeneral/corpList.do?method=download&searchType=13,2026-07-18T19:41:51+09:00
303030,지니틱스,반도체 제조업,반도체 IC,반도체 제조업 / 반도체 IC,KRX_KIND_LISTED_COMPANY,https://kind.krx.co.kr/corpgeneral/corpList.do?method=download&searchType=13,2026-07-18T19:41:51+09:00
303360,프로티아,의료용 기기 제조업,알레르기 진단 제품,의료용 기기 제조업 / 알레르기 진단 제품,KRX_KIND_LISTED_COMPANY,https://kind.krx.co.kr/corpgeneral/corpList.do?method=download&searchType=13,2026-07-18T19:41:51+09:00
303530,이노뎁,소프트웨어 개발 및 공급업,영상인식 및 데이터플랫폼 솔루션,소프트웨어 개발 및 공급업 / 영상인식 및 데이터플랫폼 솔루션,KRX_KIND_LISTED_COMPANY,https://kind.krx.co.kr/corpgeneral/corpList.do?method=download&searchType=13,2026-07-18T19:41:51+09:00
303810,동국생명과학,의약품 제조업,조영제 완제 및 원료·의료기기 유통,의약품 제조업 / 조영제 완제 및 원료·의료기기 유통,KRX_KIND_LISTED_COMPANY,https://kind.krx.co.kr/corpgeneral/corpList.do?method=download&searchType=13,2026-07-18T19:41:51+09:00
304100,솔트룩스,소프트웨어 개발 및 공급업,인공지능 및 빅데이터 소프트웨어,소프트웨어 개발 및 공급업 / 인공지능 및 빅데이터 소프트웨어,KRX_KIND_LISTED_COMPANY,https://kind.krx.co.kr/corpgeneral/corpList.do?method=download&searchType=13,2026-07-18T19:41:51+09:00
304360,에스바이오메딕스,의약품 제조업,줄기세포 치료제 연구 및 개발,의약품 제조업 / 줄기세포 치료제 연구 및 개발,KRX_KIND_LISTED_COMPANY,https://kind.krx.co.kr/corpgeneral/corpList.do?method=download&searchType=13,2026-07-18T19:41:51+09:00
304840,피플바이오,의료용품 및 기타 의약 관련제품 제조업,올리고머화 베타-아밀로이드 검사제품(알츠하이머병 진단),의료용품 및 기타 의약 관련제품 제조업 / 올리고머화 베타-아밀로이드 검사제품(알츠하이머병 진단),KRX_KIND_LISTED_COMPANY,https://kind.krx.co.kr/corpgeneral/corpList.do?method=download&searchType=13,2026-07-18T19:41:51+09:00
305090,마이크로디지탈,의료용 기기 제조업,바이오 분석 시스템·메디칼 자동화 시스템,의료용 기기 제조업 / 바이오 분석 시스템·메디칼 자동화 시스템,KRX_KIND_LISTED_COMPANY,https://kind.krx.co.kr/corpgeneral/corpList.do?method=download&searchType=13,2026-07-18T19:41:51+09:00
306040,에스제이그룹,"가죽, 가방 및 유사제품 제조업",캉골 가방·모자·헬렌카민스키 모자,"가죽, 가방 및 유사제품 제조업 / 캉골 가방·모자·헬렌카민스키 모자",KRX_KIND_LISTED_COMPANY,https://kind.krx.co.kr/corpgeneral/corpList.do?method=download&searchType=13,2026-07-18T19:41:51+09:00
306200,세아제강,1차 철강 제조업,강관,1차 철강 제조업 / 강관,KRX_KIND_LISTED_COMPANY,https://kind.krx.co.kr/corpgeneral/corpList.do?method=download&searchType=13,2026-07-18T19:41:51+09:00
306620,지아이에스,특수 목적용 기계 제조업,기업인수합병,특수 목적용 기계 제조업 / 기업인수합병,KRX_KIND_LISTED_COMPANY,https://kind.krx.co.kr/corpgeneral/corpList.do?method=download&searchType=13,2026-07-18T19:41:51+09:00
307180,아이엘,전구 및 조명장치 제조업,LED용 실리콘렌즈 외,전구 및 조명장치 제조업 / LED용 실리콘렌즈 외,KRX_KIND_LISTED_COMPANY,https://kind.krx.co.kr/corpgeneral/corpList.do?method=download&searchType=13,2026-07-18T19:41:51+09:00
307280,원바이오젠,의료용품 및 기타 의약 관련제품 제조업,창상피복제·습윤드레싱제,의료용품 및 기타 의약 관련제품 제조업 / 창상피복제·습윤드레싱제,KRX_KIND_LISTED_COMPANY,https://kind.krx.co.kr/corpgeneral/corpList.do?method=download&searchType=13,2026-07-18T19:41:51+09:00
307750,국전,의약품 제조업,기업 인수 및 합병,의약품 제조업 / 기업 인수 및 합병,KRX_KIND_LISTED_COMPANY,https://kind.krx.co.kr/corpgeneral/corpList.do?method=download&searchType=13,2026-07-18T19:41:51+09:00
307870,비투엔,소프트웨어 개발 및 공급업,데이터컨설팅·품질관리 솔루션,소프트웨어 개발 및 공급업 / 데이터컨설팅·품질관리 솔루션,KRX_KIND_LISTED_COMPANY,https://kind.krx.co.kr/corpgeneral/corpList.do?method=download&searchType=13,2026-07-18T19:41:51+09:00
307930,컴퍼니케이,기타 금융업,중소 벤처기업 투자,기타 금융업 / 중소 벤처기업 투자,KRX_KIND_LISTED_COMPANY,https://kind.krx.co.kr/corpgeneral/corpList.do?method=download&searchType=13,2026-07-18T19:41:51+09:00
307950,현대오토에버,소프트웨어 개발 및 공급업,차량SW·내비게이션·스마트팩토리,소프트웨어 개발 및 공급업 / 차량SW·내비게이션·스마트팩토리,KRX_KIND_LISTED_COMPANY,https://kind.krx.co.kr/corpgeneral/corpList.do?method=download&searchType=13,2026-07-18T19:41:51+09:00
308080,바이젠셀,자연과학 및 공학 연구개발업,면역세포치료제 (면역항암제·면역조절치료제 등),자연과학 및 공학 연구개발업 / 면역세포치료제 (면역항암제·면역조절치료제 등),KRX_KIND_LISTED_COMPANY,https://kind.krx.co.kr/corpgeneral/corpList.do?method=download&searchType=13,2026-07-18T19:41:51+09:00
308100,형지글로벌,"섬유, 의복, 신발 및 가죽제품 소매업",골프의류 및 골프잡화,"섬유, 의복, 신발 및 가죽제품 소매업 / 골프의류 및 골프잡화",KRX_KIND_LISTED_COMPANY,https://kind.krx.co.kr/corpgeneral/corpList.do?method=download&searchType=13,2026-07-18T19:41:51+09:00
308170,씨티알모빌리티,자동차 신품 부품 제조업,이너레이스·오디 클러치보스·로터샤프트,자동차 신품 부품 제조업 / 이너레이스·오디 클러치보스·로터샤프트,KRX_KIND_LISTED_COMPANY,https://kind.krx.co.kr/corpgeneral/corpList.do?method=download&searchType=13,2026-07-18T19:41:51+09:00
308430,셀비온,의약품 제조업,셀비온그린주·셀비온메브로페닌주·도페정 등,의약품 제조업 / 셀비온그린주·셀비온메브로페닌주·도페정 등,KRX_KIND_LISTED_COMPANY,https://kind.krx.co.kr/corpgeneral/corpList.do?method=download&searchType=13,2026-07-18T19:41:51+09:00
309710,아이티켐,기초 의약물질 제조업,원료의약품·의약품중간체 및 전자재료 등,기초 의약물질 제조업 / 원료의약품·의약품중간체 및 전자재료 등,KRX_KIND_LISTED_COMPANY,https://kind.krx.co.kr/corpgeneral/corpList.do?method=download&searchType=13,2026-07-18T19:41:51+09:00
309930,조이웍스앤코,기타 생활용품 소매업,기업인수합병,기타 생활용품 소매업 / 기업인수합병,KRX_KIND_LISTED_COMPANY,https://kind.krx.co.kr/corpgeneral/corpList.do?method=download&searchType=13,2026-07-18T19:41:51+09:00
309960,LB인베스트먼트,기타 금융업,중소기업 창업투자,기타 금융업 / 중소기업 창업투자,KRX_KIND_LISTED_COMPANY,https://kind.krx.co.kr/corpgeneral/corpList.do?method=download&searchType=13,2026-07-18T19:41:51+09:00
310200,애니플러스,"영화, 비디오물, 방송프로그램 제작 및 배급업",방송통신사업,"영화, 비디오물, 방송프로그램 제작 및 배급업 / 방송통신사업",KRX_KIND_LISTED_COMPANY,https://kind.krx.co.kr/corpgeneral/corpList.do?method=download&searchType=13,2026-07-18T19:41:51+09:00
310210,보로노이,자연과학 및 공학 연구개발업,표적치료제,자연과학 및 공학 연구개발업 / 표적치료제,KRX_KIND_LISTED_COMPANY,https://kind.krx.co.kr/corpgeneral/corpList.do?method=download&searchType=13,2026-07-18T19:41:51+09:00
310870,디와이씨,자동차 신품 부품 제조업,자동차 부품,자동차 신품 부품 제조업 / 자동차 부품,KRX_KIND_LISTED_COMPANY,https://kind.krx.co.kr/corpgeneral/corpList.do?method=download&searchType=13,2026-07-18T19:41:51+09:00
311060,엘에이티,특수 목적용 기계 제조업,In-Line Sputter·OLED 패널 청정물류 이송 장비 등,특수 목적용 기계 제조업 / In-Line Sputter·OLED 패널 청정물류 이송 장비 등,KRX_KIND_LISTED_COMPANY,https://kind.krx.co.kr/corpgeneral/corpList.do?method=download&searchType=13,2026-07-18T19:41:51+09:00
311320,지오엘리먼트,전자부품 제조업,센서·캐니스터,전자부품 제조업 / 센서·캐니스터,KRX_KIND_LISTED_COMPANY,https://kind.krx.co.kr/corpgeneral/corpList.do?method=download&searchType=13,2026-07-18T19:41:51+09:00
311390,네오크레마,기타 식품 제조업,기능성 식품 원료,기타 식품 제조업 / 기능성 식품 원료,KRX_KIND_LISTED_COMPANY,https://kind.krx.co.kr/corpgeneral/corpList.do?method=download&searchType=13,2026-07-18T19:41:51+09:00
311690,CJ 바이오사이언스,자연과학 및 공학 연구개발업,생명정보 플랫폼·마이크로바이옴 분석 서비스,자연과학 및 공학 연구개발업 / 생명정보 플랫폼·마이크로바이옴 분석 서비스,KRX_KIND_LISTED_COMPANY,https://kind.krx.co.kr/corpgeneral/corpList.do?method=download&searchType=13,2026-07-18T19:41:51+09:00
311960,인터로이드,소프트웨어 개발 및 공급업,건강기능식품·AI솔루션·분자진단키트,소프트웨어 개발 및 공급업 / 건강기능식품·AI솔루션·분자진단키트,KRX_KIND_LISTED_COMPANY,https://kind.krx.co.kr/corpgeneral/corpList.do?method=download&searchType=13,2026-07-18T19:41:51+09:00
312610,에이에프더블류,1차 비철금속 제조업,음극마찰용접단자,1차 비철금속 제조업 / 음극마찰용접단자,KRX_KIND_LISTED_COMPANY,https://kind.krx.co.kr/corpgeneral/corpList.do?method=download&searchType=13,2026-07-18T19:41:51+09:00
313760,캐리,"전동기, 발전기 및 전기 변환 · 공급 · 제어 장치 제조업",태양광 인버터 등,"전동기, 발전기 및 전기 변환 · 공급 · 제어 장치 제조업 / 태양광 인버터 등",KRX_KIND_LISTED_COMPANY,https://kind.krx.co.kr/corpgeneral/corpList.do?method=download&searchType=13,2026-07-18T19:41:51+09:00
314130,지놈앤컴퍼니,기초 의약물질 제조업,마이크로바이옴 기반 치료제·화장품·건강기능식품,기초 의약물질 제조업 / 마이크로바이옴 기반 치료제·화장품·건강기능식품,KRX_KIND_LISTED_COMPANY,https://kind.krx.co.kr/corpgeneral/corpList.do?method=download&searchType=13,2026-07-18T19:41:51+09:00
314140,알피바이오,의약품 제조업,연질캡슐 제형의 의약품 및 건강기능식품,의약품 제조업 / 연질캡슐 제형의 의약품 및 건강기능식품,KRX_KIND_LISTED_COMPANY,https://kind.krx.co.kr/corpgeneral/corpList.do?method=download&searchType=13,2026-07-18T19:41:51+09:00
314930,바이오다인,의료용 기기 제조업,액상세포검사 장비 및 소모품,의료용 기기 제조업 / 액상세포검사 장비 및 소모품,KRX_KIND_LISTED_COMPANY,https://kind.krx.co.kr/corpgeneral/corpList.do?method=download&searchType=13,2026-07-18T19:41:51+09:00
315640,딥노이드,소프트웨어 개발 및 공급업,의료 인공지능플랫폼·인공지능 임상의사결정 시스템,소프트웨어 개발 및 공급업 / 의료 인공지능플랫폼·인공지능 임상의사결정 시스템,KRX_KIND_LISTED_COMPANY,https://kind.krx.co.kr/corpgeneral/corpList.do?method=download&searchType=13,2026-07-18T19:41:51+09:00
316140,우리금융지주,기타 금융업,금융지주,기타 금융업 / 금융지주,KRX_KIND_LISTED_COMPANY,https://kind.krx.co.kr/corpgeneral/corpList.do?method=download&searchType=13,2026-07-18T19:41:51+09:00
317120,라닉스,반도체 제조업,자동차 및 IoT 통신·보안솔루션,반도체 제조업 / 자동차 및 IoT 통신·보안솔루션,KRX_KIND_LISTED_COMPANY,https://kind.krx.co.kr/corpgeneral/corpList.do?method=download&searchType=13,2026-07-18T19:41:51+09:00
317240,TS트릴리온,기타 화학제품 제조업,기업인수합병,기타 화학제품 제조업 / 기업인수합병,KRX_KIND_LISTED_COMPANY,https://kind.krx.co.kr/corpgeneral/corpList.do?method=download&searchType=13,2026-07-18T19:41:51+09:00
317330,덕산테코피아,기타 화학제품 제조업,OLED 소재·반도체 소재,기타 화학제품 제조업 / OLED 소재·반도체 소재,KRX_KIND_LISTED_COMPANY,https://kind.krx.co.kr/corpgeneral/corpList.do?method=download&searchType=13,2026-07-18T19:41:51+09:00
317400,자이에스앤디,부동산 임대 및 공급업,부동산 관리·정보통신 공사·아파트 AS 및 옵션 제품 공급,부동산 임대 및 공급업 / 부동산 관리·정보통신 공사·아파트 AS 및 옵션 제품 공급,KRX_KIND_LISTED_COMPANY,https://kind.krx.co.kr/corpgeneral/corpList.do?method=download&searchType=13,2026-07-18T19:41:51+09:00
317450,명인제약,의약품 제조업,신경정신계열·구강계열 완제의약품,의약품 제조업 / 신경정신계열·구강계열 완제의약품,KRX_KIND_LISTED_COMPANY,https://kind.krx.co.kr/corpgeneral/corpList.do?method=download&searchType=13,2026-07-18T19:41:51+09:00
317530,에피소드컴퍼니,"영화, 비디오물, 방송프로그램 제작 및 배급업",영상 콘텐츠(30.05%)·공연(29.76%)·키즈카페(17.38%),"영화, 비디오물, 방송프로그램 제작 및 배급업 / 영상 콘텐츠(30.05%)·공연(29.76%)·키즈카페(17.38%)",KRX_KIND_LISTED_COMPANY,https://kind.krx.co.kr/corpgeneral/corpList.do?method=download&searchType=13,2026-07-18T19:41:51+09:00
317690,퀀타매트릭스,의료용 기기 제조업,신속항균제검사 장비 및 키트,의료용 기기 제조업 / 신속항균제검사 장비 및 키트,KRX_KIND_LISTED_COMPANY,https://kind.krx.co.kr/corpgeneral/corpList.do?method=download&searchType=13,2026-07-18T19:41:51+09:00
317770,엑스페릭스,전자부품 제조업,지문인식 등록·인증 기기 및 솔루션,전자부품 제조업 / 지문인식 등록·인증 기기 및 솔루션,KRX_KIND_LISTED_COMPANY,https://kind.krx.co.kr/corpgeneral/corpList.do?method=download&searchType=13,2026-07-18T19:41:51+09:00
317830,에스피시스템스,특수 목적용 기계 제조업,산업용 갠트리 로봇,특수 목적용 기계 제조업 / 산업용 갠트리 로봇,KRX_KIND_LISTED_COMPANY,https://kind.krx.co.kr/corpgeneral/corpList.do?method=download&searchType=13,2026-07-18T19:41:51+09:00
317850,대모,특수 목적용 기계 제조업,유압브레이커·특수장비·부품,특수 목적용 기계 제조업 / 유압브레이커·특수장비·부품,KRX_KIND_LISTED_COMPANY,https://kind.krx.co.kr/corpgeneral/corpList.do?method=download&searchType=13,2026-07-18T19:41:51+09:00
317860,노드메이슨,기타 화학제품 제조업,헉슬리·Huxley 화장품(스킨케어 스페셜·스킨케어베이직),기타 화학제품 제조업 / 헉슬리·Huxley 화장품(스킨케어 스페셜·스킨케어베이직),KRX_KIND_LISTED_COMPANY,https://kind.krx.co.kr/corpgeneral/corpList.do?method=download&searchType=13,2026-07-18T19:41:51+09:00
317870,엔바이오니아,그외 기타 제품 제조업,양전하필터(정수기),그외 기타 제품 제조업 / 양전하필터(정수기),KRX_KIND_LISTED_COMPANY,https://kind.krx.co.kr/corpgeneral/corpList.do?method=download&searchType=13,2026-07-18T19:41:51+09:00
318000,KBG,합성고무 및 플라스틱 물질 제조업,실리콘 소재(실란 모노머·실리콘 레진&폴리머·실리콘 융합소재),합성고무 및 플라스틱 물질 제조업 / 실리콘 소재(실란 모노머·실리콘 레진&폴리머·실리콘 융합소재),KRX_KIND_LISTED_COMPANY,https://kind.krx.co.kr/corpgeneral/corpList.do?method=download&searchType=13,2026-07-18T19:41:51+09:00
318010,팜스빌,기타 식품 제조업,다이어트 제품 및 건강기능 관련 제품,기타 식품 제조업 / 다이어트 제품 및 건강기능 관련 제품,KRX_KIND_LISTED_COMPANY,https://kind.krx.co.kr/corpgeneral/corpList.do?method=download&searchType=13,2026-07-18T19:41:51+09:00
318020,포인트모바일,컴퓨터 및 주변장치 제조업,산업용 PDA,컴퓨터 및 주변장치 제조업 / 산업용 PDA,KRX_KIND_LISTED_COMPANY,https://kind.krx.co.kr/corpgeneral/corpList.do?method=download&searchType=13,2026-07-18T19:41:51+09:00
318060,그래피,합성고무 및 플라스틱 물질 제조업,형상기억 투명교정장치·3D프린팅 소재·질소경화기 등,합성고무 및 플라스틱 물질 제조업 / 형상기억 투명교정장치·3D프린팅 소재·질소경화기 등,KRX_KIND_LISTED_COMPANY,https://kind.krx.co.kr/corpgeneral/corpList.do?method=download&searchType=13,2026-07-18T19:41:51+09:00
318160,셀바이오휴먼텍,기타 섬유제품 제조업,마스크팩 섬유소재(시트),기타 섬유제품 제조업 / 마스크팩 섬유소재(시트),KRX_KIND_LISTED_COMPANY,https://kind.krx.co.kr/corpgeneral/corpList.do?method=download&searchType=13,2026-07-18T19:41:51+09:00
318410,비비씨,기타 화학제품 제조업,덴탈 케어용 소재(테이퍼모 등),기타 화학제품 제조업 / 덴탈 케어용 소재(테이퍼모 등),KRX_KIND_LISTED_COMPANY,https://kind.krx.co.kr/corpgeneral/corpList.do?method=download&searchType=13,2026-07-18T19:41:51+09:00
318660,타임기술,소프트웨어 개발 및 공급업,ILS(종합군수지원)·IETM(전자식기술교범)·CBT(전자식교보재),소프트웨어 개발 및 공급업 / ILS(종합군수지원)·IETM(전자식기술교범)·CBT(전자식교보재),KRX_KIND_LISTED_COMPANY,https://kind.krx.co.kr/corpgeneral/corpList.do?method=download&searchType=13,2026-07-18T19:41:51+09:00
319400,현대무벡스,일반 목적용 기계 제조업,물류자동화·IT서비스,일반 목적용 기계 제조업 / 물류자동화·IT서비스,KRX_KIND_LISTED_COMPANY,https://kind.krx.co.kr/corpgeneral/corpList.do?method=download&searchType=13,2026-07-18T19:41:51+09:00
319660,피에스케이,특수 목적용 기계 제조업,드라이스트립·드라이클리닝,특수 목적용 기계 제조업 / 드라이스트립·드라이클리닝,KRX_KIND_LISTED_COMPANY,https://kind.krx.co.kr/corpgeneral/corpList.do?method=download&searchType=13,2026-07-18T19:41:51+09:00
320000,한울반도체,특수 목적용 기계 제조업,비전검사장비,특수 목적용 기계 제조업 / 비전검사장비,KRX_KIND_LISTED_COMPANY,https://kind.krx.co.kr/corpgeneral/corpList.do?method=download&searchType=13,2026-07-18T19:41:51+09:00
321260,프로이천,반도체 제조업,반도체검사장치 Probe Card,반도체 제조업 / 반도체검사장치 Probe Card,KRX_KIND_LISTED_COMPANY,https://kind.krx.co.kr/corpgeneral/corpList.do?method=download&searchType=13,2026-07-18T19:41:51+09:00
321370,센서뷰,전자부품 제조업,T&M 케이블·초소형 전송선로,전자부품 제조업 / T&M 케이블·초소형 전송선로,KRX_KIND_LISTED_COMPANY,https://kind.krx.co.kr/corpgeneral/corpList.do?method=download&searchType=13,2026-07-18T19:41:51+09:00
321550,티움바이오,자연과학 및 공학 연구개발업,특발성폐섬유증 치료제·면역항암제·자궁내막증치료제,자연과학 및 공학 연구개발업 / 특발성폐섬유증 치료제·면역항암제·자궁내막증치료제,KRX_KIND_LISTED_COMPANY,https://kind.krx.co.kr/corpgeneral/corpList.do?method=download&searchType=13,2026-07-18T19:41:51+09:00
321820,아티스트컴퍼니,창작 및 예술관련 서비스업,빅데이터·인공지능 마케팅플랫폼 및 데이터플랫폼,창작 및 예술관련 서비스업 / 빅데이터·인공지능 마케팅플랫폼 및 데이터플랫폼,KRX_KIND_LISTED_COMPANY,https://kind.krx.co.kr/corpgeneral/corpList.do?method=download&searchType=13,2026-07-18T19:41:51+09:00
322000,HD현대에너지솔루션,반도체 제조업,태양광 셀·모듈·PV시스템·ESS,반도체 제조업 / 태양광 셀·모듈·PV시스템·ESS,KRX_KIND_LISTED_COMPANY,https://kind.krx.co.kr/corpgeneral/corpList.do?method=download&searchType=13,2026-07-18T19:41:51+09:00
322180,LS티라유텍,소프트웨어 개발 및 공급업,스마트팩토리 솔루션,소프트웨어 개발 및 공급업 / 스마트팩토리 솔루션,KRX_KIND_LISTED_COMPANY,https://kind.krx.co.kr/corpgeneral/corpList.do?method=download&searchType=13,2026-07-18T19:41:51+09:00
322310,오로스테크놀로지,특수 목적용 기계 제조업,반도체 Overlay 계측 장비,특수 목적용 기계 제조업 / 반도체 Overlay 계측 장비,KRX_KIND_LISTED_COMPANY,https://kind.krx.co.kr/corpgeneral/corpList.do?method=download&searchType=13,2026-07-18T19:41:51+09:00
322510,제이엘케이,소프트웨어 개발 및 공급업,인공지능 기반 의료영상 진단 플랫폼·인공지능 기반 산업용 X-ray 판독시스템,소프트웨어 개발 및 공급업 / 인공지능 기반 의료영상 진단 플랫폼·인공지능 기반 산업용 X-ray 판독시스템,KRX_KIND_LISTED_COMPANY,https://kind.krx.co.kr/corpgeneral/corpList.do?method=download&searchType=13,2026-07-18T19:41:51+09:00
322780,코퍼스코리아,"영화, 비디오물, 방송프로그램 제작 및 배급업",콘텐츠 배급 및 제작,"영화, 비디오물, 방송프로그램 제작 및 배급업 / 콘텐츠 배급 및 제작",KRX_KIND_LISTED_COMPANY,https://kind.krx.co.kr/corpgeneral/corpList.do?method=download&searchType=13,2026-07-18T19:41:51+09:00
322970,무진메디,자연과학 및 공학 연구개발업,NANO-MEDICINE 전문회사·LNP(지질나노입자)를 이용한 원료 소재 및 개량·신약 개발,자연과학 및 공학 연구개발업 / NANO-MEDICINE 전문회사·LNP(지질나노입자)를 이용한 원료 소재 및 개량·신약 개발,KRX_KIND_LISTED_COMPANY,https://kind.krx.co.kr/corpgeneral/corpList.do?method=download&searchType=13,2026-07-18T19:41:51+09:00
323280,태성,특수 목적용 기계 제조업,PCB 자동화 설비,특수 목적용 기계 제조업 / PCB 자동화 설비,KRX_KIND_LISTED_COMPANY,https://kind.krx.co.kr/corpgeneral/corpList.do?method=download&searchType=13,2026-07-18T19:41:51+09:00
323350,다원넥스뷰,특수 목적용 기계 제조업,LSMB(Laser Micro Bonding System),특수 목적용 기계 제조업 / LSMB(Laser Micro Bonding System),KRX_KIND_LISTED_COMPANY,https://kind.krx.co.kr/corpgeneral/corpList.do?method=download&searchType=13,2026-07-18T19:41:51+09:00
323410,카카오뱅크,은행 및 저축기관,은행 및 금융서비스,은행 및 저축기관 / 은행 및 금융서비스,KRX_KIND_LISTED_COMPANY,https://kind.krx.co.kr/corpgeneral/corpList.do?method=download&searchType=13,2026-07-18T19:41:51+09:00
323990,박셀바이오,자연과학 및 공학 연구개발업,항암면역세포치료제(자연살해세포·수지상세포·CAR-T 및 인터루킨 기반 항암제),자연과학 및 공학 연구개발업 / 항암면역세포치료제(자연살해세포·수지상세포·CAR-T 및 인터루킨 기반 항암제),KRX_KIND_LISTED_COMPANY,https://kind.krx.co.kr/corpgeneral/corpList.do?method=download&searchType=13,2026-07-18T19:41:51+09:00
326030,에스케이바이오팜,자연과학 및 공학 연구개발업,신경질환 및 정신질환을 포함한 중추신경 관련 신약 개발,자연과학 및 공학 연구개발업 / 신경질환 및 정신질환을 포함한 중추신경 관련 신약 개발,KRX_KIND_LISTED_COMPANY,https://kind.krx.co.kr/corpgeneral/corpList.do?method=download&searchType=13,2026-07-18T19:41:51+09:00
327260,RF머트리얼즈,전자부품 제조업,광통신·RF통신용 패키지,전자부품 제조업 / 광통신·RF통신용 패키지,KRX_KIND_LISTED_COMPANY,https://kind.krx.co.kr/corpgeneral/corpList.do?method=download&searchType=13,2026-07-18T19:41:51+09:00
327610,펨토바이오메드,의료용 기기 제조업,CellShot 플랫폼·CellShot 기반 항암백신치료 제품군·CellShot 기반 자가면역질…,의료용 기기 제조업 / CellShot 플랫폼·CellShot 기반 항암백신치료 제품군·CellShot 기반 자가면역질…,KRX_KIND_LISTED_COMPANY,https://kind.krx.co.kr/corpgeneral/corpList.do?method=download&searchType=13,2026-07-18T19:41:51+09:00
328130,루닛,소프트웨어 개발 및 공급업,Lunit INSIGHT,소프트웨어 개발 및 공급업 / Lunit INSIGHT,KRX_KIND_LISTED_COMPANY,https://kind.krx.co.kr/corpgeneral/corpList.do?method=download&searchType=13,2026-07-18T19:41:51+09:00
328380,솔트웨어,"컴퓨터 프로그래밍, 시스템 통합 및 관리업",enView,"컴퓨터 프로그래밍, 시스템 통합 및 관리업 / enView",KRX_KIND_LISTED_COMPANY,https://kind.krx.co.kr/corpgeneral/corpList.do?method=download&searchType=13,2026-07-18T19:41:51+09:00
329180,HD현대중공업,선박 및 보트 건조업,선박·해양플랜트 및 엔진기계 등,선박 및 보트 건조업 / 선박·해양플랜트 및 엔진기계 등,KRX_KIND_LISTED_COMPANY,https://kind.krx.co.kr/corpgeneral/corpList.do?method=download&searchType=13,2026-07-18T19:41:51+09:00
330350,위더스제약,의약품 제조업,의약품 제조 및 도소매(순환기용제 등),의약품 제조업 / 의약품 제조 및 도소매(순환기용제 등),KRX_KIND_LISTED_COMPANY,https://kind.krx.co.kr/corpgeneral/corpList.do?method=download&searchType=13,2026-07-18T19:41:51+09:00
330590,롯데리츠,부동산 임대 및 공급업,부동산투자,부동산 임대 및 공급업 / 부동산투자,KRX_KIND_LISTED_COMPANY,https://kind.krx.co.kr/corpgeneral/corpList.do?method=download&searchType=13,2026-07-18T19:41:51+09:00
330730,스톤브릿지벤처스,기타 금융업,창업투자·사모투자,기타 금융업 / 창업투자·사모투자,KRX_KIND_LISTED_COMPANY,https://kind.krx.co.kr/corpgeneral/corpList.do?method=download&searchType=13,2026-07-18T19:41:51+09:00
330860,네패스아크,"그외 기타 전문, 과학 및 기술 서비스업",반도체 테스트 서비스,"그외 기타 전문, 과학 및 기술 서비스업 / 반도체 테스트 서비스",KRX_KIND_LISTED_COMPANY,https://kind.krx.co.kr/corpgeneral/corpList.do?method=download&searchType=13,2026-07-18T19:41:51+09:00
331380,포커스에이아이,영상 및 음향기기 제조업,영상저장장치 및 카메라,영상 및 음향기기 제조업 / 영상저장장치 및 카메라,KRX_KIND_LISTED_COMPANY,https://kind.krx.co.kr/corpgeneral/corpList.do?method=download&searchType=13,2026-07-18T19:41:51+09:00
331520,밸로프,소프트웨어 개발 및 공급업,기업인수합병,소프트웨어 개발 및 공급업 / 기업인수합병,KRX_KIND_LISTED_COMPANY,https://kind.krx.co.kr/corpgeneral/corpList.do?method=download&searchType=13,2026-07-18T19:41:51+09:00
331660,한국미라클피플사,기타 화학제품 제조업,은나노스텝·닥터오렌지 등,기타 화학제품 제조업 / 은나노스텝·닥터오렌지 등,KRX_KIND_LISTED_COMPANY,https://kind.krx.co.kr/corpgeneral/corpList.do?method=download&searchType=13,2026-07-18T19:41:51+09:00
331740,아우토크립트,소프트웨어 개발 및 공급업,자동차 사이버보안 소프트웨어 및 솔루션,소프트웨어 개발 및 공급업 / 자동차 사이버보안 소프트웨어 및 솔루션,KRX_KIND_LISTED_COMPANY,https://kind.krx.co.kr/corpgeneral/corpList.do?method=download&searchType=13,2026-07-18T19:41:51+09:00
331920,셀레믹스,기초 의약물질 제조업,타겟캡처키트,기초 의약물질 제조업 / 타겟캡처키트,KRX_KIND_LISTED_COMPANY,https://kind.krx.co.kr/corpgeneral/corpList.do?method=download&searchType=13,2026-07-18T19:41:51+09:00
332190,오션스바이오,의료용 기기 제조업,전자약,의료용 기기 제조업 / 전자약,KRX_KIND_LISTED_COMPANY,https://kind.krx.co.kr/corpgeneral/corpList.do?method=download&searchType=13,2026-07-18T19:41:51+09:00
332290,누보,"비료, 농약 및 살균, 살충제 제조업",기업 인수 및 합병,"비료, 농약 및 살균, 살충제 제조업 / 기업 인수 및 합병",KRX_KIND_LISTED_COMPANY,https://kind.krx.co.kr/corpgeneral/corpList.do?method=download&searchType=13,2026-07-18T19:41:51+09:00
332370,아이디피,컴퓨터 및 주변장치 제조업,카드인쇄용 프린터·카드인쇄용 리본,컴퓨터 및 주변장치 제조업 / 카드인쇄용 프린터·카드인쇄용 리본,KRX_KIND_LISTED_COMPANY,https://kind.krx.co.kr/corpgeneral/corpList.do?method=download&searchType=13,2026-07-18T19:41:51+09:00
332570,PS일렉트로닉스,전자부품 제조업,전력증폭기 모듈(PAM),전자부품 제조업 / 전력증폭기 모듈(PAM),KRX_KIND_LISTED_COMPANY,https://kind.krx.co.kr/corpgeneral/corpList.do?method=download&searchType=13,2026-07-18T19:41:51+09:00
333050,이노테나,소프트웨어 개발 및 공급업,연계솔루션·보안솔루션·APM솔루션,소프트웨어 개발 및 공급업 / 연계솔루션·보안솔루션·APM솔루션,KRX_KIND_LISTED_COMPANY,https://kind.krx.co.kr/corpgeneral/corpList.do?method=download&searchType=13,2026-07-18T19:41:51+09:00
333430,일승,선박 및 보트 건조업,환경장비,선박 및 보트 건조업 / 환경장비,KRX_KIND_LISTED_COMPANY,https://kind.krx.co.kr/corpgeneral/corpList.do?method=download&searchType=13,2026-07-18T19:41:51+09:00
333620,엔시스,기타 전기장비 제조업,2차전지 머신비전 검사장비,기타 전기장비 제조업 / 2차전지 머신비전 검사장비,KRX_KIND_LISTED_COMPANY,https://kind.krx.co.kr/corpgeneral/corpList.do?method=download&searchType=13,2026-07-18T19:41:51+09:00
334890,이지스밸류플러스리츠,부동산 임대 및 공급업,부동산투자·취득·매매,부동산 임대 및 공급업 / 부동산투자·취득·매매,KRX_KIND_LISTED_COMPANY,https://kind.krx.co.kr/corpgeneral/corpList.do?method=download&searchType=13,2026-07-18T19:41:51+09:00
334970,프레스티지바이오로직스,의약품 제조업,바이오시밀러 제조,의약품 제조업 / 바이오시밀러 제조,KRX_KIND_LISTED_COMPANY,https://kind.krx.co.kr/corpgeneral/corpList.do?method=download&searchType=13,2026-07-18T19:41:51+09:00
335810,프리시젼바이오,의료용 기기 제조업,체외진단 기기 및 시약,의료용 기기 제조업 / 체외진단 기기 및 시약,KRX_KIND_LISTED_COMPANY,https://kind.krx.co.kr/corpgeneral/corpList.do?method=download&searchType=13,2026-07-18T19:41:51+09:00
335870,윙스풋,"섬유, 의복, 신발 및 가죽제품 소매업",신발 매입 및 공급,"섬유, 의복, 신발 및 가죽제품 소매업 / 신발 매입 및 공급",KRX_KIND_LISTED_COMPANY,https://kind.krx.co.kr/corpgeneral/corpList.do?method=download&searchType=13,2026-07-18T19:41:51+09:00
336040,타스컴,의료용 기기 제조업,현장진단 혈액분석기,의료용 기기 제조업 / 현장진단 혈액분석기,KRX_KIND_LISTED_COMPANY,https://kind.krx.co.kr/corpgeneral/corpList.do?method=download&searchType=13,2026-07-18T19:41:51+09:00
336060,웨이버스,소프트웨어 개발 및 공급업,금융 지원 서비스,소프트웨어 개발 및 공급업 / 금융 지원 서비스,KRX_KIND_LISTED_COMPANY,https://kind.krx.co.kr/corpgeneral/corpList.do?method=download&searchType=13,2026-07-18T19:41:51+09:00
336260,두산퓨얼셀,"전동기, 발전기 및 전기 변환 · 공급 · 제어 장치 제조업",연료전지,"전동기, 발전기 및 전기 변환 · 공급 · 제어 장치 제조업 / 연료전지",KRX_KIND_LISTED_COMPANY,https://kind.krx.co.kr/corpgeneral/corpList.do?method=download&searchType=13,2026-07-18T19:41:51+09:00
336370,솔루스첨단소재,전자부품 제조업,동박·유압기기 등,전자부품 제조업 / 동박·유압기기 등,KRX_KIND_LISTED_COMPANY,https://kind.krx.co.kr/corpgeneral/corpList.do?method=download&searchType=13,2026-07-18T19:41:51+09:00
336570,원텍,의료용 기기 제조업,기업 인수 및 합병,의료용 기기 제조업 / 기업 인수 및 합병,KRX_KIND_LISTED_COMPANY,https://kind.krx.co.kr/corpgeneral/corpList.do?method=download&searchType=13,2026-07-18T19:41:51+09:00
336680,탑런토탈솔루션,전자부품 제조업,전장디스플레이 및 pOLED 부품,전자부품 제조업 / 전장디스플레이 및 pOLED 부품,KRX_KIND_LISTED_COMPANY,https://kind.krx.co.kr/corpgeneral/corpList.do?method=download&searchType=13,2026-07-18T19:41:51+09:00
337840,유엑스엔,의료용 기기 제조업,혈당센서·혈당측정기,의료용 기기 제조업 / 혈당센서·혈당측정기,KRX_KIND_LISTED_COMPANY,https://kind.krx.co.kr/corpgeneral/corpList.do?method=download&searchType=13,2026-07-18T19:41:51+09:00
337930,젝시믹스,기타 정보 서비스업,애슬레저의류·생활·청결 용품,기타 정보 서비스업 / 애슬레저의류·생활·청결 용품,KRX_KIND_LISTED_COMPANY,https://kind.krx.co.kr/corpgeneral/corpList.do?method=download&searchType=13,2026-07-18T19:41:51+09:00
338100,NH프라임리츠,부동산 임대 및 공급업,부동산 투자,부동산 임대 및 공급업 / 부동산 투자,KRX_KIND_LISTED_COMPANY,https://kind.krx.co.kr/corpgeneral/corpList.do?method=download&searchType=13,2026-07-18T19:41:51+09:00
338220,뷰노,소프트웨어 개발 및 공급업,뷰노메드 음성솔루션·뷰노메드 영상솔루션·기타 솔루션 등,소프트웨어 개발 및 공급업 / 뷰노메드 음성솔루션·뷰노메드 영상솔루션·기타 솔루션 등,KRX_KIND_LISTED_COMPANY,https://kind.krx.co.kr/corpgeneral/corpList.do?method=download&searchType=13,2026-07-18T19:41:51+09:00
338840,와이바이오로직스,자연과학 및 공학 연구개발업,항체의약품 및 항체후보물질 연구개발,자연과학 및 공학 연구개발업 / 항체의약품 및 항체후보물질 연구개발,KRX_KIND_LISTED_COMPANY,https://kind.krx.co.kr/corpgeneral/corpList.do?method=download&searchType=13,2026-07-18T19:41:51+09:00
339770,교촌에프앤비,음·식료품 및 담배 도매업,치킨 프랜차이즈,음·식료품 및 담배 도매업 / 치킨 프랜차이즈,KRX_KIND_LISTED_COMPANY,https://kind.krx.co.kr/corpgeneral/corpList.do?method=download&searchType=13,2026-07-18T19:41:51+09:00
339950,아이비김영,일반 교습 학원,오프라인 학원·온라인강의,일반 교습 학원 / 오프라인 학원·온라인강의,KRX_KIND_LISTED_COMPANY,https://kind.krx.co.kr/corpgeneral/corpList.do?method=download&searchType=13,2026-07-18T19:41:51+09:00
340360,다보링크,통신 및 방송 장비 제조업,AP·APController 외,통신 및 방송 장비 제조업 / AP·APController 외,KRX_KIND_LISTED_COMPANY,https://kind.krx.co.kr/corpgeneral/corpList.do?method=download&searchType=13,2026-07-18T19:41:51+09:00
340440,세림B&G,플라스틱제품 제조업,기업인수,플라스틱제품 제조업 / 기업인수,KRX_KIND_LISTED_COMPANY,https://kind.krx.co.kr/corpgeneral/corpList.do?method=download&searchType=13,2026-07-18T19:41:51+09:00
340450,지씨지놈,"그외 기타 전문, 과학 및 기술 서비스업",G-NIPT·아이캔서치·암패널,"그외 기타 전문, 과학 및 기술 서비스업 / G-NIPT·아이캔서치·암패널",KRX_KIND_LISTED_COMPANY,https://kind.krx.co.kr/corpgeneral/corpList.do?method=download&searchType=13,2026-07-18T19:41:51+09:00
340570,티앤엘,의료용품 및 기타 의약 관련제품 제조업,창상치료재·정형외과용 고정재,의료용품 및 기타 의약 관련제품 제조업 / 창상치료재·정형외과용 고정재,KRX_KIND_LISTED_COMPANY,https://kind.krx.co.kr/corpgeneral/corpList.do?method=download&searchType=13,2026-07-18T19:41:51+09:00
340810,시선AI,소프트웨어 개발 및 공급업,AI얼굴인식 시스템·AI얼굴인증 솔루션·AI 객체인식 솔루션,소프트웨어 개발 및 공급업 / AI얼굴인식 시스템·AI얼굴인증 솔루션·AI 객체인식 솔루션,KRX_KIND_LISTED_COMPANY,https://kind.krx.co.kr/corpgeneral/corpList.do?method=download&searchType=13,2026-07-18T19:41:51+09:00
340930,성원에너텍,특수 목적용 기계 제조업,2차전지 제조장비,특수 목적용 기계 제조업 / 2차전지 제조장비,KRX_KIND_LISTED_COMPANY,https://kind.krx.co.kr/corpgeneral/corpList.do?method=download&searchType=13,2026-07-18T19:41:51+09:00
341170,퓨쳐메디신,자연과학 및 공학 연구개발업,뉴클레오사이드 유도체 기반 합성의약품,자연과학 및 공학 연구개발업 / 뉴클레오사이드 유도체 기반 합성의약품,KRX_KIND_LISTED_COMPANY,https://kind.krx.co.kr/corpgeneral/corpList.do?method=download&searchType=13,2026-07-18T19:41:51+09:00
342870,오아,가전제품 및 정보통신장비 소매업,계절·생활·주방,가전제품 및 정보통신장비 소매업 / 계절·생활·주방,KRX_KIND_LISTED_COMPANY,https://kind.krx.co.kr/corpgeneral/corpList.do?method=download&searchType=13,2026-07-18T19:41:51+09:00
344820,케이씨씨글라스,유리 및 유리제품 제조업,판유리 등,유리 및 유리제품 제조업 / 판유리 등,KRX_KIND_LISTED_COMPANY,https://kind.krx.co.kr/corpgeneral/corpList.do?method=download&searchType=13,2026-07-18T19:41:51+09:00
344860,이노진,기타 화학제품 제조업,탈모케어제품(볼빅)·피부케어제품(Dr.메디션),기타 화학제품 제조업 / 탈모케어제품(볼빅)·피부케어제품(Dr.메디션),KRX_KIND_LISTED_COMPANY,https://kind.krx.co.kr/corpgeneral/corpList.do?method=download&searchType=13,2026-07-18T19:41:51+09:00
346010,타이드,전자부품 제조업,PLC모뎀·DCU,전자부품 제조업 / PLC모뎀·DCU,KRX_KIND_LISTED_COMPANY,https://kind.krx.co.kr/corpgeneral/corpList.do?method=download&searchType=13,2026-07-18T19:41:51+09:00
347000,센코,"측정, 시험, 항해, 제어 및 기타 정밀기기 제조업; 광학기기 제외",가스센서 및 모듈·휴대용 및 고정형 가스검지기·악취 & 미세먼지 모니터링 시스템,"측정, 시험, 항해, 제어 및 기타 정밀기기 제조업; 광학기기 제외 / 가스센서 및 모듈·휴대용 및 고정형 가스검지기·악취 & 미세먼지 모니터링 시스템",KRX_KIND_LISTED_COMPANY,https://kind.krx.co.kr/corpgeneral/corpList.do?method=download&searchType=13,2026-07-18T19:41:51+09:00
347700,스피어,소프트웨어 개발 및 공급업,우주항공산업 관련 부품 등 판매·디지털헬스 소프트웨어 개발 및 공급,소프트웨어 개발 및 공급업 / 우주항공산업 관련 부품 등 판매·디지털헬스 소프트웨어 개발 및 공급,KRX_KIND_LISTED_COMPANY,https://kind.krx.co.kr/corpgeneral/corpList.do?method=download&searchType=13,2026-07-18T19:41:51+09:00
347740,피엔케이피부임상연구센타,"그외 기타 전문, 과학 및 기술 서비스업",피부인체적용시험,"그외 기타 전문, 과학 및 기술 서비스업 / 피부인체적용시험",KRX_KIND_LISTED_COMPANY,https://kind.krx.co.kr/corpgeneral/corpList.do?method=download&searchType=13,2026-07-18T19:41:51+09:00
347770,핌스,전자부품 제조업,OLED Metal Mask,전자부품 제조업 / OLED Metal Mask,KRX_KIND_LISTED_COMPANY,https://kind.krx.co.kr/corpgeneral/corpList.do?method=download&searchType=13,2026-07-18T19:41:51+09:00
347850,디앤디파마텍,자연과학 및 공학 연구개발업,대사성질환 치료제 등,자연과학 및 공학 연구개발업 / 대사성질환 치료제 등,KRX_KIND_LISTED_COMPANY,https://kind.krx.co.kr/corpgeneral/corpList.do?method=download&searchType=13,2026-07-18T19:41:51+09:00
347860,알체라,소프트웨어 개발 및 공급업,얼굴인식 AI·이상상황 감지 AI 등,소프트웨어 개발 및 공급업 / 얼굴인식 AI·이상상황 감지 AI 등,KRX_KIND_LISTED_COMPANY,https://kind.krx.co.kr/corpgeneral/corpList.do?method=download&searchType=13,2026-07-18T19:41:51+09:00
347890,엠엑스온,"측정, 시험, 항해, 제어 및 기타 정밀기기 제조업; 광학기기 제외",스마트HMI·스마트SCADA·스마트팩토리솔루션,"측정, 시험, 항해, 제어 및 기타 정밀기기 제조업; 광학기기 제외 / 스마트HMI·스마트SCADA·스마트팩토리솔루션",KRX_KIND_LISTED_COMPANY,https://kind.krx.co.kr/corpgeneral/corpList.do?method=download&searchType=13,2026-07-18T19:41:51+09:00
348030,모비릭스,소프트웨어 개발 및 공급업,모바일 게임 개발 및 퍼블리싱,소프트웨어 개발 및 공급업 / 모바일 게임 개발 및 퍼블리싱,KRX_KIND_LISTED_COMPANY,https://kind.krx.co.kr/corpgeneral/corpList.do?method=download&searchType=13,2026-07-18T19:41:51+09:00
348080,큐라티스,자연과학 및 공학 연구개발업,백신 및 면역증강제 개발제조업·CMO·CDMO,자연과학 및 공학 연구개발업 / 백신 및 면역증강제 개발제조업·CMO·CDMO,KRX_KIND_LISTED_COMPANY,https://kind.krx.co.kr/corpgeneral/corpList.do?method=download&searchType=13,2026-07-18T19:41:51+09:00
348150,고바이오랩,자연과학 및 공학 연구개발업,마이크로바이옴 치료제 및 건강기능식품,자연과학 및 공학 연구개발업 / 마이크로바이옴 치료제 및 건강기능식품,KRX_KIND_LISTED_COMPANY,https://kind.krx.co.kr/corpgeneral/corpList.do?method=download&searchType=13,2026-07-18T19:41:51+09:00
348210,넥스틴,특수 목적용 기계 제조업,반도체 전공정용 패턴결함 검사장비(AEGIS 등),특수 목적용 기계 제조업 / 반도체 전공정용 패턴결함 검사장비(AEGIS 등),KRX_KIND_LISTED_COMPANY,https://kind.krx.co.kr/corpgeneral/corpList.do?method=download&searchType=13,2026-07-18T19:41:51+09:00
348340,뉴로메카,특수 목적용 기계 제조업,협동로봇·협동로봇 자동화 플랫폼·로봇제어기 등,특수 목적용 기계 제조업 / 협동로봇·협동로봇 자동화 플랫폼·로봇제어기 등,KRX_KIND_LISTED_COMPANY,https://kind.krx.co.kr/corpgeneral/corpList.do?method=download&searchType=13,2026-07-18T19:41:51+09:00
348350,위드텍,"측정, 시험, 항해, 제어 및 기타 정밀기기 제조업; 광학기기 제외",AMCs 모니터링 시스템·공정 프로세스 모니터링 시스템·TMS,"측정, 시험, 항해, 제어 및 기타 정밀기기 제조업; 광학기기 제외 / AMCs 모니터링 시스템·공정 프로세스 모니터링 시스템·TMS",KRX_KIND_LISTED_COMPANY,https://kind.krx.co.kr/corpgeneral/corpList.do?method=download&searchType=13,2026-07-18T19:41:51+09:00
348370,엔켐,기초 화학물질 제조업,2차전지 전해액,기초 화학물질 제조업 / 2차전지 전해액,KRX_KIND_LISTED_COMPANY,https://kind.krx.co.kr/corpgeneral/corpList.do?method=download&searchType=13,2026-07-18T19:41:51+09:00
348950,제이알글로벌리츠,부동산 임대 및 공급업,벨기에 파이낸스 타워,부동산 임대 및 공급업 / 벨기에 파이낸스 타워,KRX_KIND_LISTED_COMPANY,https://kind.krx.co.kr/corpgeneral/corpList.do?method=download&searchType=13,2026-07-18T19:41:51+09:00
350520,이지스레지던스리츠,부동산 임대 및 공급업,부동산투자·취득·매매,부동산 임대 및 공급업 / 부동산투자·취득·매매,KRX_KIND_LISTED_COMPANY,https://kind.krx.co.kr/corpgeneral/corpList.do?method=download&searchType=13,2026-07-18T19:41:51+09:00
351020,미쥬,봉제의복 제조업,여성의류·골프의류 등,봉제의복 제조업 / 여성의류·골프의류 등,KRX_KIND_LISTED_COMPANY,https://kind.krx.co.kr/corpgeneral/corpList.do?method=download&searchType=13,2026-07-18T19:41:51+09:00
351320,넥사다이내믹스,특수 목적용 기계 제조업,기업인수목적회사,특수 목적용 기계 제조업 / 기업인수목적회사,KRX_KIND_LISTED_COMPANY,https://kind.krx.co.kr/corpgeneral/corpList.do?method=download&searchType=13,2026-07-18T19:41:51+09:00
351330,이삭엔지니어링,"컴퓨터 프로그래밍, 시스템 통합 및 관리업",공장자동화 설비제어,"컴퓨터 프로그래밍, 시스템 통합 및 관리업 / 공장자동화 설비제어",KRX_KIND_LISTED_COMPANY,https://kind.krx.co.kr/corpgeneral/corpList.do?method=download&searchType=13,2026-07-18T19:41:51+09:00
351870,차이커뮤니케이션,광고업,광고대행·광고물 작성,광고업 / 광고대행·광고물 작성,KRX_KIND_LISTED_COMPANY,https://kind.krx.co.kr/corpgeneral/corpList.do?method=download&searchType=13,2026-07-18T19:41:51+09:00
352090,스톰테크,플라스틱제품 제조업,정수기 피팅·밸브·파우셋 등 부품,플라스틱제품 제조업 / 정수기 피팅·밸브·파우셋 등 부품,KRX_KIND_LISTED_COMPANY,https://kind.krx.co.kr/corpgeneral/corpList.do?method=download&searchType=13,2026-07-18T19:41:51+09:00
352480,씨앤씨인터내셔널,기타 화학제품 제조업,색조 화장품,기타 화학제품 제조업 / 색조 화장품,KRX_KIND_LISTED_COMPANY,https://kind.krx.co.kr/corpgeneral/corpList.do?method=download&searchType=13,2026-07-18T19:41:51+09:00
352700,씨앤투스,화학섬유 제조업,에어필터·산업용 및 보건용 마스크,화학섬유 제조업 / 에어필터·산업용 및 보건용 마스크,KRX_KIND_LISTED_COMPANY,https://kind.krx.co.kr/corpgeneral/corpList.do?method=download&searchType=13,2026-07-18T19:41:51+09:00
352770,셀레스트라,의료용품 및 기타 의약 관련제품 제조업,Geno Series·CD-PRIME·Cancer Prime,의료용품 및 기타 의약 관련제품 제조업 / Geno Series·CD-PRIME·Cancer Prime,KRX_KIND_LISTED_COMPANY,https://kind.krx.co.kr/corpgeneral/corpList.do?method=download&searchType=13,2026-07-18T19:41:51+09:00
352820,하이브,오디오물 출판 및 원판 녹음업,음악 기획·제작·퍼블리싱,오디오물 출판 및 원판 녹음업 / 음악 기획·제작·퍼블리싱,KRX_KIND_LISTED_COMPANY,https://kind.krx.co.kr/corpgeneral/corpList.do?method=download&searchType=13,2026-07-18T19:41:51+09:00
352910,오비고,"컴퓨터 프로그래밍, 시스템 통합 및 관리업",스마트카 소프트웨어 플랫폼,"컴퓨터 프로그래밍, 시스템 통합 및 관리업 / 스마트카 소프트웨어 플랫폼",KRX_KIND_LISTED_COMPANY,https://kind.krx.co.kr/corpgeneral/corpList.do?method=download&searchType=13,2026-07-18T19:41:51+09:00
352940,인바이오,"비료, 농약 및 살균, 살충제 제조업",살균제·살충제·제초제 등,"비료, 농약 및 살균, 살충제 제조업 / 살균제·살충제·제초제 등",KRX_KIND_LISTED_COMPANY,https://kind.krx.co.kr/corpgeneral/corpList.do?method=download&searchType=13,2026-07-18T19:41:51+09:00
353190,휴럼,기타 식품 제조업,금융지원 서비스,기타 식품 제조업 / 금융지원 서비스,KRX_KIND_LISTED_COMPANY,https://kind.krx.co.kr/corpgeneral/corpList.do?method=download&searchType=13,2026-07-18T19:41:51+09:00
353200,대덕전자,전자부품 제조업,PCB(Printed Circuit Board·인쇄회로기판)의 제조 및 판매,전자부품 제조업 / PCB(Printed Circuit Board·인쇄회로기판)의 제조 및 판매,KRX_KIND_LISTED_COMPANY,https://kind.krx.co.kr/corpgeneral/corpList.do?method=download&searchType=13,2026-07-18T19:41:51+09:00
353590,오토앤,자동차 부품 및 내장품 판매업,자동차 지급품 및 애프터마켓 제품,자동차 부품 및 내장품 판매업 / 자동차 지급품 및 애프터마켓 제품,KRX_KIND_LISTED_COMPANY,https://kind.krx.co.kr/corpgeneral/corpList.do?method=download&searchType=13,2026-07-18T19:41:51+09:00
353810,이지바이오,동물용 사료 및 조제식품 제조업,자돈사료·사료첨가제,동물용 사료 및 조제식품 제조업 / 자돈사료·사료첨가제,KRX_KIND_LISTED_COMPANY,https://kind.krx.co.kr/corpgeneral/corpList.do?method=download&searchType=13,2026-07-18T19:41:51+09:00
354200,엔젠바이오,"그외 기타 전문, 과학 및 기술 서비스업",유전체 분야 진단시약 제조 및 유전체 분야 소프트웨어 연구·개발·판매,"그외 기타 전문, 과학 및 기술 서비스업 / 유전체 분야 진단시약 제조 및 유전체 분야 소프트웨어 연구·개발·판매",KRX_KIND_LISTED_COMPANY,https://kind.krx.co.kr/corpgeneral/corpList.do?method=download&searchType=13,2026-07-18T19:41:51+09:00
354320,알멕,1차 비철금속 제조업,알루미늄 압출 제품,1차 비철금속 제조업 / 알루미늄 압출 제품,KRX_KIND_LISTED_COMPANY,https://kind.krx.co.kr/corpgeneral/corpList.do?method=download&searchType=13,2026-07-18T19:41:51+09:00
354390,바스칸바이오제약,의약품 제조업,일반의약품·전문의약품·의료기기,의약품 제조업 / 일반의약품·전문의약품·의료기기,KRX_KIND_LISTED_COMPANY,https://kind.krx.co.kr/corpgeneral/corpList.do?method=download&searchType=13,2026-07-18T19:41:51+09:00
355150,코스텍시스,반도체 제조업,RF PKG. Spacer,반도체 제조업 / RF PKG. Spacer,KRX_KIND_LISTED_COMPANY,https://kind.krx.co.kr/corpgeneral/corpList.do?method=download&searchType=13,2026-07-18T19:41:51+09:00
355390,크라우드웍스,소프트웨어 개발 및 공급업,인공지능 데이터 구축 서비스,소프트웨어 개발 및 공급업 / 인공지능 데이터 구축 서비스,KRX_KIND_LISTED_COMPANY,https://kind.krx.co.kr/corpgeneral/corpList.do?method=download&searchType=13,2026-07-18T19:41:51+09:00
355690,에이텀,전자부품 제조업,평판형 트랜스,전자부품 제조업 / 평판형 트랜스,KRX_KIND_LISTED_COMPANY,https://kind.krx.co.kr/corpgeneral/corpList.do?method=download&searchType=13,2026-07-18T19:41:51+09:00
356680,엑스게이트,소프트웨어 개발 및 공급업,통합 네트워크 보안 솔루션,소프트웨어 개발 및 공급업 / 통합 네트워크 보안 솔루션,KRX_KIND_LISTED_COMPANY,https://kind.krx.co.kr/corpgeneral/corpList.do?method=download&searchType=13,2026-07-18T19:41:51+09:00
356860,티엘비,전자부품 제조업,SSD Module·DRAM Module PCB,전자부품 제조업 / SSD Module·DRAM Module PCB,KRX_KIND_LISTED_COMPANY,https://kind.krx.co.kr/corpgeneral/corpList.do?method=download&searchType=13,2026-07-18T19:41:51+09:00
356890,싸이버원,소프트웨어 개발 및 공급업,보안관제 및 보안컨설팅 등,소프트웨어 개발 및 공급업 / 보안관제 및 보안컨설팅 등,KRX_KIND_LISTED_COMPANY,https://kind.krx.co.kr/corpgeneral/corpList.do?method=download&searchType=13,2026-07-18T19:41:51+09:00
357120,코람코라이프인프라리츠,부동산 임대 및 공급업,부동산 투자 및 관리,부동산 임대 및 공급업 / 부동산 투자 및 관리,KRX_KIND_LISTED_COMPANY,https://kind.krx.co.kr/corpgeneral/corpList.do?method=download&searchType=13,2026-07-18T19:41:51+09:00
357230,에이치피오,기타 식품 제조업,건강기능식품(유산균·비타민 등),기타 식품 제조업 / 건강기능식품(유산균·비타민 등),KRX_KIND_LISTED_COMPANY,https://kind.krx.co.kr/corpgeneral/corpList.do?method=download&searchType=13,2026-07-18T19:41:51+09:00
357250,미래에셋맵스리츠,부동산 임대 및 공급업,부동산 임대업,부동산 임대 및 공급업 / 부동산 임대업,KRX_KIND_LISTED_COMPANY,https://kind.krx.co.kr/corpgeneral/corpList.do?method=download&searchType=13,2026-07-18T19:41:51+09:00
357430,마스턴프리미어리츠,부동산 임대 및 공급업,프랑스 파리 소재 크리스탈파크·프랑스 아마존 라스트마일 물류센터·인천 항동 스마트물류센터,부동산 임대 및 공급업 / 프랑스 파리 소재 크리스탈파크·프랑스 아마존 라스트마일 물류센터·인천 항동 스마트물류센터,KRX_KIND_LISTED_COMPANY,https://kind.krx.co.kr/corpgeneral/corpList.do?method=download&searchType=13,2026-07-18T19:41:51+09:00
357550,석경에이티,기초 화학물질 제조업,바이오 및 전기전자 나노 소재,기초 화학물질 제조업 / 바이오 및 전기전자 나노 소재,KRX_KIND_LISTED_COMPANY,https://kind.krx.co.kr/corpgeneral/corpList.do?method=download&searchType=13,2026-07-18T19:41:51+09:00
357580,아모센스,전자부품 제조업,무선충전 차폐시트,전자부품 제조업 / 무선충전 차폐시트,KRX_KIND_LISTED_COMPANY,https://kind.krx.co.kr/corpgeneral/corpList.do?method=download&searchType=13,2026-07-18T19:41:51+09:00
357780,솔브레인,기타 화학제품 제조업,반도체 및 디스플레이 관련 화학재료 제조ㆍ판매 등,기타 화학제품 제조업 / 반도체 및 디스플레이 관련 화학재료 제조ㆍ판매 등,KRX_KIND_LISTED_COMPANY,https://kind.krx.co.kr/corpgeneral/corpList.do?method=download&searchType=13,2026-07-18T19:41:51+09:00
357880,SKAI,소프트웨어 개발 및 공급업,그래프데이터베이스·그래프분석서비스,소프트웨어 개발 및 공급업 / 그래프데이터베이스·그래프분석서비스,KRX_KIND_LISTED_COMPANY,https://kind.krx.co.kr/corpgeneral/corpList.do?method=download&searchType=13,2026-07-18T19:41:51+09:00
358570,지아이이노베이션,자연과학 및 공학 연구개발업,면역항암제 및 알레르기 치료제,자연과학 및 공학 연구개발업 / 면역항암제 및 알레르기 치료제,KRX_KIND_LISTED_COMPANY,https://kind.krx.co.kr/corpgeneral/corpList.do?method=download&searchType=13,2026-07-18T19:41:51+09:00
359090,씨엔알리서치,"그외 기타 전문, 과학 및 기술 서비스업",금융 지원 서비스,"그외 기타 전문, 과학 및 기술 서비스업 / 금융 지원 서비스",KRX_KIND_LISTED_COMPANY,https://kind.krx.co.kr/corpgeneral/corpList.do?method=download&searchType=13,2026-07-18T19:41:51+09:00
360070,탑머티리얼,일차전지 및 이차전지 제조업,이차전지 시스템 엔지니어링·전극소재·양극소재,일차전지 및 이차전지 제조업 / 이차전지 시스템 엔지니어링·전극소재·양극소재,KRX_KIND_LISTED_COMPANY,https://kind.krx.co.kr/corpgeneral/corpList.do?method=download&searchType=13,2026-07-18T19:41:51+09:00
360350,코셈,"측정, 시험, 항해, 제어 및 기타 정밀기기 제조업; 광학기기 제외",주사전자현미경(SEM),"측정, 시험, 항해, 제어 및 기타 정밀기기 제조업; 광학기기 제외 / 주사전자현미경(SEM)",KRX_KIND_LISTED_COMPANY,https://kind.krx.co.kr/corpgeneral/corpList.do?method=download&searchType=13,2026-07-18T19:41:51+09:00
361390,제노코,통신 및 방송 장비 제조업,위성탑재체·위성운용국·항공전자 등,통신 및 방송 장비 제조업 / 위성탑재체·위성운용국·항공전자 등,KRX_KIND_LISTED_COMPANY,https://kind.krx.co.kr/corpgeneral/corpList.do?method=download&searchType=13,2026-07-18T19:41:51+09:00
361570,알비더블유,오디오물 출판 및 원판 녹음업,음반 및 음원 등(콘텐츠),오디오물 출판 및 원판 녹음업 / 음반 및 음원 등(콘텐츠),KRX_KIND_LISTED_COMPANY,https://kind.krx.co.kr/corpgeneral/corpList.do?method=download&searchType=13,2026-07-18T19:41:51+09:00
361610,SK아이이테크놀로지,일차전지 및 이차전지 제조업,2차전지용 습식 분리막 및 폴더블 커버 윈도우,일차전지 및 이차전지 제조업 / 2차전지용 습식 분리막 및 폴더블 커버 윈도우,KRX_KIND_LISTED_COMPANY,https://kind.krx.co.kr/corpgeneral/corpList.do?method=download&searchType=13,2026-07-18T19:41:51+09:00
361670,삼영에스앤씨,전자부품 제조업,칩형 온습도센서·상대습도센서·미세먼지센서,전자부품 제조업 / 칩형 온습도센서·상대습도센서·미세먼지센서,KRX_KIND_LISTED_COMPANY,https://kind.krx.co.kr/corpgeneral/corpList.do?method=download&searchType=13,2026-07-18T19:41:51+09:00
362320,청담글로벌,생활용품 도매업,글로벌 화장품 유통,생활용품 도매업 / 글로벌 화장품 유통,KRX_KIND_LISTED_COMPANY,https://kind.krx.co.kr/corpgeneral/corpList.do?method=download&searchType=13,2026-07-18T19:41:51+09:00
362990,드림인사이트,광고업,광고대행,광고업 / 광고대행,KRX_KIND_LISTED_COMPANY,https://kind.krx.co.kr/corpgeneral/corpList.do?method=download&searchType=13,2026-07-18T19:41:51+09:00
363250,진시스템,의료용 기기 제조업,분자진단기반 플랫폼 개발 및 제조·판매,의료용 기기 제조업 / 분자진단기반 플랫폼 개발 및 제조·판매,KRX_KIND_LISTED_COMPANY,https://kind.krx.co.kr/corpgeneral/corpList.do?method=download&searchType=13,2026-07-18T19:41:51+09:00
363260,모비데이즈,광고업,기업인수합병,광고업 / 기업인수합병,KRX_KIND_LISTED_COMPANY,https://kind.krx.co.kr/corpgeneral/corpList.do?method=download&searchType=13,2026-07-18T19:41:51+09:00
363280,티와이홀딩스,기타 금융업,지주사업,기타 금융업 / 지주사업,KRX_KIND_LISTED_COMPANY,https://kind.krx.co.kr/corpgeneral/corpList.do?method=download&searchType=13,2026-07-18T19:41:51+09:00
364950,에이아이코리아,특수 목적용 기계 제조업,2차전지 중앙 전해액 공급시스템(CESS)·프로세스파이핑·건식세정장비,특수 목적용 기계 제조업 / 2차전지 중앙 전해액 공급시스템(CESS)·프로세스파이핑·건식세정장비,KRX_KIND_LISTED_COMPANY,https://kind.krx.co.kr/corpgeneral/corpList.do?method=download&searchType=13,2026-07-18T19:41:51+09:00
365270,큐라클,자연과학 및 공학 연구개발업,혈관질환치료제 등,자연과학 및 공학 연구개발업 / 혈관질환치료제 등,KRX_KIND_LISTED_COMPANY,https://kind.krx.co.kr/corpgeneral/corpList.do?method=download&searchType=13,2026-07-18T19:41:51+09:00
365330,에스와이스틸텍,"구조용 금속제품, 탱크 및 증기발생기 제조업",데크플레이트,"구조용 금속제품, 탱크 및 증기발생기 제조업 / 데크플레이트",KRX_KIND_LISTED_COMPANY,https://kind.krx.co.kr/corpgeneral/corpList.do?method=download&searchType=13,2026-07-18T19:41:51+09:00
365340,성일하이텍,기초 화학물질 제조업,코발트·니켈·리튬 등,기초 화학물질 제조업 / 코발트·니켈·리튬 등,KRX_KIND_LISTED_COMPANY,https://kind.krx.co.kr/corpgeneral/corpList.do?method=download&searchType=13,2026-07-18T19:41:51+09:00
365550,ESR켄달스퀘어리츠,부동산 임대 및 공급업,부동산투자,부동산 임대 및 공급업 / 부동산투자,KRX_KIND_LISTED_COMPANY,https://kind.krx.co.kr/corpgeneral/corpList.do?method=download&searchType=13,2026-07-18T19:41:51+09:00
365590,하이딥,반도체 제조업,UIUX Solution,반도체 제조업 / UIUX Solution,KRX_KIND_LISTED_COMPANY,https://kind.krx.co.kr/corpgeneral/corpList.do?method=download&searchType=13,2026-07-18T19:41:51+09:00
365660,레몬헬스케어,소프트웨어 개발 및 공급업,LDB-H(스마트병원중계플랫폼)·LDB-E(의료데이터-ECO 중계플랫폼)·LDB-D(맞춤형 헬스…,소프트웨어 개발 및 공급업 / LDB-H(스마트병원중계플랫폼)·LDB-E(의료데이터-ECO 중계플랫폼)·LDB-D(맞춤형 헬스…,KRX_KIND_LISTED_COMPANY,https://kind.krx.co.kr/corpgeneral/corpList.do?method=download&searchType=13,2026-07-18T19:41:51+09:00
365900,브이씨,운동 및 경기용구 제조업,골프용 거리측정기,운동 및 경기용구 제조업 / 골프용 거리측정기,KRX_KIND_LISTED_COMPANY,https://kind.krx.co.kr/corpgeneral/corpList.do?method=download&searchType=13,2026-07-18T19:41:51+09:00
366030,나인앤컴퍼니,의복 액세서리 제조업,플러스사이즈 여성용 의류 및 잡화,의복 액세서리 제조업 / 플러스사이즈 여성용 의류 및 잡화,KRX_KIND_LISTED_COMPANY,https://kind.krx.co.kr/corpgeneral/corpList.do?method=download&searchType=13,2026-07-18T19:41:51+09:00
367000,플래티어,소프트웨어 개발 및 공급업,E-Commerce Platform 구축,소프트웨어 개발 및 공급업 / E-Commerce Platform 구축,KRX_KIND_LISTED_COMPANY,https://kind.krx.co.kr/corpgeneral/corpList.do?method=download&searchType=13,2026-07-18T19:41:51+09:00
368600,아이씨에이치,전자부품 제조업,스마트기기용 필름형 안테나,전자부품 제조업 / 스마트기기용 필름형 안테나,KRX_KIND_LISTED_COMPANY,https://kind.krx.co.kr/corpgeneral/corpList.do?method=download&searchType=13,2026-07-18T19:41:51+09:00
368770,파이버프로,"측정, 시험, 항해, 제어 및 기타 정밀기기 제조업; 광학기기 제외",광섬유 관성센서 및 관성 측정장치,"측정, 시험, 항해, 제어 및 기타 정밀기기 제조업; 광학기기 제외 / 광섬유 관성센서 및 관성 측정장치",KRX_KIND_LISTED_COMPANY,https://kind.krx.co.kr/corpgeneral/corpList.do?method=download&searchType=13,2026-07-18T19:41:51+09:00
368970,오에스피,동물용 사료 및 조제식품 제조업,프리미엄 반려동물 사료,동물용 사료 및 조제식품 제조업 / 프리미엄 반려동물 사료,KRX_KIND_LISTED_COMPANY,https://kind.krx.co.kr/corpgeneral/corpList.do?method=download&searchType=13,2026-07-18T19:41:51+09:00
369370,블리츠웨이엔터테인먼트,창작 및 예술관련 서비스업,창작 및 예술관련 서비스,창작 및 예술관련 서비스업 / 창작 및 예술관련 서비스,KRX_KIND_LISTED_COMPANY,https://kind.krx.co.kr/corpgeneral/corpList.do?method=download&searchType=13,2026-07-18T19:41:51+09:00
370090,퓨런티어,"측정, 시험, 항해, 제어 및 기타 정밀기기 제조업; 광학기기 제외",전장카메라모듈장비·모바일카메라모듈장비·PC및 광원,"측정, 시험, 항해, 제어 및 기타 정밀기기 제조업; 광학기기 제외 / 전장카메라모듈장비·모바일카메라모듈장비·PC및 광원",KRX_KIND_LISTED_COMPANY,https://kind.krx.co.kr/corpgeneral/corpList.do?method=download&searchType=13,2026-07-18T19:41:51+09:00
371950,풍원정밀,전자부품 제조업,OLED 증착용 Metal Mask,전자부품 제조업 / OLED 증착용 Metal Mask,KRX_KIND_LISTED_COMPANY,https://kind.krx.co.kr/corpgeneral/corpList.do?method=download&searchType=13,2026-07-18T19:41:51+09:00
372170,윤성에프앤씨,특수 목적용 기계 제조업,2차전지용 믹싱시스템,특수 목적용 기계 제조업 / 2차전지용 믹싱시스템,KRX_KIND_LISTED_COMPANY,https://kind.krx.co.kr/corpgeneral/corpList.do?method=download&searchType=13,2026-07-18T19:41:51+09:00
372320,큐로셀,자연과학 및 공학 연구개발업,CAR-T 세포치료제,자연과학 및 공학 연구개발업 / CAR-T 세포치료제,KRX_KIND_LISTED_COMPANY,https://kind.krx.co.kr/corpgeneral/corpList.do?method=download&searchType=13,2026-07-18T19:41:51+09:00
372800,아이티아이즈,소프트웨어 개발 및 공급업,디지털금융솔루션 제공 및 AI·Big Data 서비스·클라우드 통합 플랫폼 (GURMWI),소프트웨어 개발 및 공급업 / 디지털금융솔루션 제공 및 AI·Big Data 서비스·클라우드 통합 플랫폼 (GURMWI),KRX_KIND_LISTED_COMPANY,https://kind.krx.co.kr/corpgeneral/corpList.do?method=download&searchType=13,2026-07-18T19:41:51+09:00
372910,한컴라이프케어,의료용 기기 제조업,공기호흡기·방독면·보호복 등,의료용 기기 제조업 / 공기호흡기·방독면·보호복 등,KRX_KIND_LISTED_COMPANY,https://kind.krx.co.kr/corpgeneral/corpList.do?method=download&searchType=13,2026-07-18T19:41:51+09:00
373110,엑셀세라퓨틱스,기초 의약물질 제조업,CellCor SFD·CD(세포배양배지),기초 의약물질 제조업 / CellCor SFD·CD(세포배양배지),KRX_KIND_LISTED_COMPANY,https://kind.krx.co.kr/corpgeneral/corpList.do?method=download&searchType=13,2026-07-18T19:41:51+09:00
373160,데이원컴퍼니,기타 교육기관,성인대상 교육서비스,기타 교육기관 / 성인대상 교육서비스,KRX_KIND_LISTED_COMPANY,https://kind.krx.co.kr/corpgeneral/corpList.do?method=download&searchType=13,2026-07-18T19:41:51+09:00
373170,엠아이큐브솔루션,소프트웨어 개발 및 공급업,스마트팩토리 솔루션·제조지능화 솔루션,소프트웨어 개발 및 공급업 / 스마트팩토리 솔루션·제조지능화 솔루션,KRX_KIND_LISTED_COMPANY,https://kind.krx.co.kr/corpgeneral/corpList.do?method=download&searchType=13,2026-07-18T19:41:51+09:00
373200,엑스플러스,그외 기타 제품 제조업,모바일 IT응용제품 외,그외 기타 제품 제조업 / 모바일 IT응용제품 외,KRX_KIND_LISTED_COMPANY,https://kind.krx.co.kr/corpgeneral/corpList.do?method=download&searchType=13,2026-07-18T19:41:51+09:00
373220,LG에너지솔루션,일차전지 및 이차전지 제조업,2차전지 (소형·ESS·자동차전지),일차전지 및 이차전지 제조업 / 2차전지 (소형·ESS·자동차전지),KRX_KIND_LISTED_COMPANY,https://kind.krx.co.kr/corpgeneral/corpList.do?method=download&searchType=13,2026-07-18T19:41:51+09:00
375500,DL이앤씨,토목 건설업,토목 건설 사업,토목 건설업 / 토목 건설 사업,KRX_KIND_LISTED_COMPANY,https://kind.krx.co.kr/corpgeneral/corpList.do?method=download&searchType=13,2026-07-18T19:41:51+09:00
376180,피코그램,그외 기타 제품 제조업,정수기·정수기 필터,그외 기타 제품 제조업 / 정수기·정수기 필터,KRX_KIND_LISTED_COMPANY,https://kind.krx.co.kr/corpgeneral/corpList.do?method=download&searchType=13,2026-07-18T19:41:51+09:00
376270,HEM파마,자연과학 및 공학 연구개발업,맞춤형 헬스케어·LBP 디스커버리 플랫폼,자연과학 및 공학 연구개발업 / 맞춤형 헬스케어·LBP 디스커버리 플랫폼,KRX_KIND_LISTED_COMPANY,https://kind.krx.co.kr/corpgeneral/corpList.do?method=download&searchType=13,2026-07-18T19:41:51+09:00
376290,씨유테크,전자부품 제조업,휴대폰·전장 등 실장부품,전자부품 제조업 / 휴대폰·전장 등 실장부품,KRX_KIND_LISTED_COMPANY,https://kind.krx.co.kr/corpgeneral/corpList.do?method=download&searchType=13,2026-07-18T19:41:51+09:00
376300,디어유,소프트웨어 개발 및 공급업,모바일 어플리케이션(DearU bubble·Lysn),소프트웨어 개발 및 공급업 / 모바일 어플리케이션(DearU bubble·Lysn),KRX_KIND_LISTED_COMPANY,https://kind.krx.co.kr/corpgeneral/corpList.do?method=download&searchType=13,2026-07-18T19:41:51+09:00
376900,로킷헬스케어,의료용품 및 기타 의약 관련제품 제조업,장기 재생 플랫폼,의료용품 및 기타 의약 관련제품 제조업 / 장기 재생 플랫폼,KRX_KIND_LISTED_COMPANY,https://kind.krx.co.kr/corpgeneral/corpList.do?method=download&searchType=13,2026-07-18T19:41:51+09:00
376930,노을,의료용 기기 제조업,융복합 체외진단 플랫폼,의료용 기기 제조업 / 융복합 체외진단 플랫폼,KRX_KIND_LISTED_COMPANY,https://kind.krx.co.kr/corpgeneral/corpList.do?method=download&searchType=13,2026-07-18T19:41:51+09:00
376980,원티드랩,소프트웨어 개발 및 공급업,채용 플랫폼,소프트웨어 개발 및 공급업 / 채용 플랫폼,KRX_KIND_LISTED_COMPANY,https://kind.krx.co.kr/corpgeneral/corpList.do?method=download&searchType=13,2026-07-18T19:41:51+09:00
377030,비트맥스,소프트웨어 개발 및 공급업,AR 개발 플랫폼·AR솔루션,소프트웨어 개발 및 공급업 / AR 개발 플랫폼·AR솔루션,KRX_KIND_LISTED_COMPANY,https://kind.krx.co.kr/corpgeneral/corpList.do?method=download&searchType=13,2026-07-18T19:41:51+09:00
377190,디앤디플랫폼리츠,부동산 임대 및 공급업,부동산 투자 및 관리,부동산 임대 및 공급업 / 부동산 투자 및 관리,KRX_KIND_LISTED_COMPANY,https://kind.krx.co.kr/corpgeneral/corpList.do?method=download&searchType=13,2026-07-18T19:41:51+09:00
377220,프롬바이오,기타 식품 제조업,개별인정형 건강기능식품,기타 식품 제조업 / 개별인정형 건강기능식품,KRX_KIND_LISTED_COMPANY,https://kind.krx.co.kr/corpgeneral/corpList.do?method=download&searchType=13,2026-07-18T19:41:51+09:00
377300,카카오페이,금융 지원 서비스업,간편결제·간편송금 및 기타 금융서비스,금융 지원 서비스업 / 간편결제·간편송금 및 기타 금융서비스,KRX_KIND_LISTED_COMPANY,https://kind.krx.co.kr/corpgeneral/corpList.do?method=download&searchType=13,2026-07-18T19:41:51+09:00
377330,이지트로닉스,"전동기, 발전기 및 전기 변환 · 공급 · 제어 장치 제조업",전력변환장치,"전동기, 발전기 및 전기 변환 · 공급 · 제어 장치 제조업 / 전력변환장치",KRX_KIND_LISTED_COMPANY,https://kind.krx.co.kr/corpgeneral/corpList.do?method=download&searchType=13,2026-07-18T19:41:51+09:00
377450,리파인,기타 정보 서비스업,권리조사,기타 정보 서비스업 / 권리조사,KRX_KIND_LISTED_COMPANY,https://kind.krx.co.kr/corpgeneral/corpList.do?method=download&searchType=13,2026-07-18T19:41:51+09:00
377460,큐에이드,개인 및 가정용품 수리업,전자제품 소매·물류주선·서비스대행,개인 및 가정용품 수리업 / 전자제품 소매·물류주선·서비스대행,KRX_KIND_LISTED_COMPANY,https://kind.krx.co.kr/corpgeneral/corpList.do?method=download&searchType=13,2026-07-18T19:41:51+09:00
377480,마음AI,소프트웨어 개발 및 공급업,종합 인공지능 엔진 및 플랫폼,소프트웨어 개발 및 공급업 / 종합 인공지능 엔진 및 플랫폼,KRX_KIND_LISTED_COMPANY,https://kind.krx.co.kr/corpgeneral/corpList.do?method=download&searchType=13,2026-07-18T19:41:51+09:00
377740,바이오노트,의료용품 및 기타 의약 관련제품 제조업,Rapid 반제품 및 완제품·동물용신속진단 키트,의료용품 및 기타 의약 관련제품 제조업 / Rapid 반제품 및 완제품·동물용신속진단 키트,KRX_KIND_LISTED_COMPANY,https://kind.krx.co.kr/corpgeneral/corpList.do?method=download&searchType=13,2026-07-18T19:41:51+09:00
378340,필에너지,특수 목적용 기계 제조업,2차전지 제조장비,특수 목적용 기계 제조업 / 2차전지 제조장비,KRX_KIND_LISTED_COMPANY,https://kind.krx.co.kr/corpgeneral/corpList.do?method=download&searchType=13,2026-07-18T19:41:51+09:00
378800,샤페론,기초 의약물질 제조업,합성신약 및 항체치료제신약 기술제품 및 기술이전,기초 의약물질 제조업 / 합성신약 및 항체치료제신약 기술제품 및 기술이전,KRX_KIND_LISTED_COMPANY,https://kind.krx.co.kr/corpgeneral/corpList.do?method=download&searchType=13,2026-07-18T19:41:51+09:00
378850,화승알앤에이,자동차 신품 부품 제조업,자동차용 고무제품,자동차 신품 부품 제조업 / 자동차용 고무제품,KRX_KIND_LISTED_COMPANY,https://kind.krx.co.kr/corpgeneral/corpList.do?method=download&searchType=13,2026-07-18T19:41:51+09:00
379390,이성씨엔아이,"건축기술, 엔지니어링 및 관련 기술 서비스업",원자력발전소 계측제어 서비스(경상정비),"건축기술, 엔지니어링 및 관련 기술 서비스업 / 원자력발전소 계측제어 서비스(경상정비)",KRX_KIND_LISTED_COMPANY,https://kind.krx.co.kr/corpgeneral/corpList.do?method=download&searchType=13,2026-07-18T19:41:51+09:00
380540,옵티코어,마그네틱 및 광학 매체 제조업,광트랜시버·광다중화장치 등,마그네틱 및 광학 매체 제조업 / 광트랜시버·광다중화장치 등,KRX_KIND_LISTED_COMPANY,https://kind.krx.co.kr/corpgeneral/corpList.do?method=download&searchType=13,2026-07-18T19:41:51+09:00
380550,뉴로핏,소프트웨어 개발 및 공급업,Neurophet AQUA·Neurophet Scale PET·Neurophet AQUA AD,소프트웨어 개발 및 공급업 / Neurophet AQUA·Neurophet Scale PET·Neurophet AQUA AD,KRX_KIND_LISTED_COMPANY,https://kind.krx.co.kr/corpgeneral/corpList.do?method=download&searchType=13,2026-07-18T19:41:51+09:00
381620,제닉스로보틱스,특수 목적용 기계 제조업,Stocker·AGV·AMR,특수 목적용 기계 제조업 / Stocker·AGV·AMR,KRX_KIND_LISTED_COMPANY,https://kind.krx.co.kr/corpgeneral/corpList.do?method=download&searchType=13,2026-07-18T19:41:51+09:00
381970,케이카,자동차 판매업,오프라인 및 온라인 중고차 매매업,자동차 판매업 / 오프라인 및 온라인 중고차 매매업,KRX_KIND_LISTED_COMPANY,https://kind.krx.co.kr/corpgeneral/corpList.do?method=download&searchType=13,2026-07-18T19:41:51+09:00
382150,온코크로스,자연과학 및 공학 연구개발업,AI플랫폼 기반 신약개발 용역서비스,자연과학 및 공학 연구개발업 / AI플랫폼 기반 신약개발 용역서비스,KRX_KIND_LISTED_COMPANY,https://kind.krx.co.kr/corpgeneral/corpList.do?method=download&searchType=13,2026-07-18T19:41:51+09:00
382480,지아이텍,특수 목적용 기계 제조업,SLOT DIE·SLIT NOZZLE·REPAIR,특수 목적용 기계 제조업 / SLOT DIE·SLIT NOZZLE·REPAIR,KRX_KIND_LISTED_COMPANY,https://kind.krx.co.kr/corpgeneral/corpList.do?method=download&searchType=13,2026-07-18T19:41:51+09:00
382800,지앤비에스 에코,특수 목적용 기계 제조업,스크러버·트랩·백연제거장치 등,특수 목적용 기계 제조업 / 스크러버·트랩·백연제거장치 등,KRX_KIND_LISTED_COMPANY,https://kind.krx.co.kr/corpgeneral/corpList.do?method=download&searchType=13,2026-07-18T19:41:51+09:00
382840,원준,특수 목적용 기계 제조업,2차전지용 열처리 장비,특수 목적용 기계 제조업 / 2차전지용 열처리 장비,KRX_KIND_LISTED_COMPANY,https://kind.krx.co.kr/corpgeneral/corpList.do?method=download&searchType=13,2026-07-18T19:41:51+09:00
382900,범한퓨얼셀,"전동기, 발전기 및 전기 변환 · 공급 · 제어 장치 제조업",잠수함용 연료전지모듈·건물용 연료전지 시스템·수소충전소 구축,"전동기, 발전기 및 전기 변환 · 공급 · 제어 장치 제조업 / 잠수함용 연료전지모듈·건물용 연료전지 시스템·수소충전소 구축",KRX_KIND_LISTED_COMPANY,https://kind.krx.co.kr/corpgeneral/corpList.do?method=download&searchType=13,2026-07-18T19:41:51+09:00
383220,F&F,봉제의복 제조업,MLB·MLB KIDS·DISCOVERY 등 패션의류제품,봉제의복 제조업 / MLB·MLB KIDS·DISCOVERY 등 패션의류제품,KRX_KIND_LISTED_COMPANY,https://kind.krx.co.kr/corpgeneral/corpList.do?method=download&searchType=13,2026-07-18T19:41:51+09:00
383310,에코프로에이치엔,기타 화학제품 제조업,환경오염 방지 관련 소재 및 설비,기타 화학제품 제조업 / 환경오염 방지 관련 소재 및 설비,KRX_KIND_LISTED_COMPANY,https://kind.krx.co.kr/corpgeneral/corpList.do?method=download&searchType=13,2026-07-18T19:41:51+09:00
383800,LX홀딩스,기타 금융업,지주회사,기타 금융업 / 지주회사,KRX_KIND_LISTED_COMPANY,https://kind.krx.co.kr/corpgeneral/corpList.do?method=download&searchType=13,2026-07-18T19:41:51+09:00
383930,디티앤씨알오,자연과학 및 공학 연구개발업,비임상 및 임상시험 대체 용역,자연과학 및 공학 연구개발업 / 비임상 및 임상시험 대체 용역,KRX_KIND_LISTED_COMPANY,https://kind.krx.co.kr/corpgeneral/corpList.do?method=download&searchType=13,2026-07-18T19:41:51+09:00
384470,코어라인소프트,소프트웨어 개발 및 공급업,의료영상 진단보조 솔루션,소프트웨어 개발 및 공급업 / 의료영상 진단보조 솔루션,KRX_KIND_LISTED_COMPANY,https://kind.krx.co.kr/corpgeneral/corpList.do?method=download&searchType=13,2026-07-18T19:41:51+09:00
387570,파인메딕스,의료용 기기 제조업,인젝터·스네어·나이프,의료용 기기 제조업 / 인젝터·스네어·나이프,KRX_KIND_LISTED_COMPANY,https://kind.krx.co.kr/corpgeneral/corpList.do?method=download&searchType=13,2026-07-18T19:41:51+09:00
387690,레메디,의료용 기기 제조업,의료용 휴대용 엑스선 영상촬영장치,의료용 기기 제조업 / 의료용 휴대용 엑스선 영상촬영장치,KRX_KIND_LISTED_COMPANY,https://kind.krx.co.kr/corpgeneral/corpList.do?method=download&searchType=13,2026-07-18T19:41:51+09:00
388050,지투파워,"전동기, 발전기 및 전기 변환 · 공급 · 제어 장치 제조업",수·배전반·태양광발전시스템·인버터(PCS),"전동기, 발전기 및 전기 변환 · 공급 · 제어 장치 제조업 / 수·배전반·태양광발전시스템·인버터(PCS)",KRX_KIND_LISTED_COMPANY,https://kind.krx.co.kr/corpgeneral/corpList.do?method=download&searchType=13,2026-07-18T19:41:51+09:00
388210,씨엠티엑스,전자부품 제조업,반도체 장비용 소모성 부품,전자부품 제조업 / 반도체 장비용 소모성 부품,KRX_KIND_LISTED_COMPANY,https://kind.krx.co.kr/corpgeneral/corpList.do?method=download&searchType=13,2026-07-18T19:41:51+09:00
388610,지에프씨생명과학,기타 화학제품 제조업,마이크로바이옴·엑소좀 기반 바이오 소재,기타 화학제품 제조업 / 마이크로바이옴·엑소좀 기반 바이오 소재,KRX_KIND_LISTED_COMPANY,https://kind.krx.co.kr/corpgeneral/corpList.do?method=download&searchType=13,2026-07-18T19:41:51+09:00
388720,유일로보틱스,특수 목적용 기계 제조업,취출로봇·사출장비 및 자동화시스템,특수 목적용 기계 제조업 / 취출로봇·사출장비 및 자동화시스템,KRX_KIND_LISTED_COMPANY,https://kind.krx.co.kr/corpgeneral/corpList.do?method=download&searchType=13,2026-07-18T19:41:51+09:00
388790,라이콤,통신 및 방송 장비 제조업,제조업(광증폭기·광송수신기·광섬유레이저 외),통신 및 방송 장비 제조업 / 제조업(광증폭기·광송수신기·광섬유레이저 외),KRX_KIND_LISTED_COMPANY,https://kind.krx.co.kr/corpgeneral/corpList.do?method=download&searchType=13,2026-07-18T19:41:51+09:00
388870,파로스아이바이오,자연과학 및 공학 연구개발업,PHI-101 급성골수성백혈병 치료제 및 재발성난소암 치료제,자연과학 및 공학 연구개발업 / PHI-101 급성골수성백혈병 치료제 및 재발성난소암 치료제,KRX_KIND_LISTED_COMPANY,https://kind.krx.co.kr/corpgeneral/corpList.do?method=download&searchType=13,2026-07-18T19:41:51+09:00
389020,자람테크놀로지,반도체 제조업,XGSPON·기가와이어·광트랜시버 등,반도체 제조업 / XGSPON·기가와이어·광트랜시버 등,KRX_KIND_LISTED_COMPANY,https://kind.krx.co.kr/corpgeneral/corpList.do?method=download&searchType=13,2026-07-18T19:41:51+09:00
389030,지니너스,자연과학 및 공학 연구개발업,NGS기반 조직생검 암유전체 동반진단(CancerSCAN)·액체생검 암유전체 동반진단(Liqui…,자연과학 및 공학 연구개발업 / NGS기반 조직생검 암유전체 동반진단(CancerSCAN)·액체생검 암유전체 동반진단(Liqui…,KRX_KIND_LISTED_COMPANY,https://kind.krx.co.kr/corpgeneral/corpList.do?method=download&searchType=13,2026-07-18T19:41:51+09:00
389140,포바이포,"영화, 비디오물, 방송프로그램 제작 및 배급업",광고영화 및 비디오물 제작업,"영화, 비디오물, 방송프로그램 제작 및 배급업 / 광고영화 및 비디오물 제작업",KRX_KIND_LISTED_COMPANY,https://kind.krx.co.kr/corpgeneral/corpList.do?method=download&searchType=13,2026-07-18T19:41:51+09:00
389260,대명에너지,건물 건설업,신재생에너지 발전 공사 및 용역,건물 건설업 / 신재생에너지 발전 공사 및 용역,KRX_KIND_LISTED_COMPANY,https://kind.krx.co.kr/corpgeneral/corpList.do?method=download&searchType=13,2026-07-18T19:41:51+09:00
389470,인벤티지랩,자연과학 및 공학 연구개발업,마이크로·나노 입자 기반 약물전달 플랫폼 및 관련 제품,자연과학 및 공학 연구개발업 / 마이크로·나노 입자 기반 약물전달 플랫폼 및 관련 제품,KRX_KIND_LISTED_COMPANY,https://kind.krx.co.kr/corpgeneral/corpList.do?method=download&searchType=13,2026-07-18T19:41:51+09:00
389500,에스비비테크,일반 목적용 기계 제조업,베어링·감속기,일반 목적용 기계 제조업 / 베어링·감속기,KRX_KIND_LISTED_COMPANY,https://kind.krx.co.kr/corpgeneral/corpList.do?method=download&searchType=13,2026-07-18T19:41:51+09:00
389650,넥스트바이오메디컬,의료용 기기 제조업,내시경용 지혈재·혈관색전 미립구,의료용 기기 제조업 / 내시경용 지혈재·혈관색전 미립구,KRX_KIND_LISTED_COMPANY,https://kind.krx.co.kr/corpgeneral/corpList.do?method=download&searchType=13,2026-07-18T19:41:51+09:00
389680,유디엠텍,소프트웨어 개발 및 공급업,PLC eXpert·OPTRA Black-box·OPTRA Tracker,소프트웨어 개발 및 공급업 / PLC eXpert·OPTRA Black-box·OPTRA Tracker,KRX_KIND_LISTED_COMPANY,https://kind.krx.co.kr/corpgeneral/corpList.do?method=download&searchType=13,2026-07-18T19:41:51+09:00
390110,애니메디솔루션,의료용 기기 제조업,맞춤형 수술솔루션(시뮬레이터·수술가이드·보형물),의료용 기기 제조업 / 맞춤형 수술솔루션(시뮬레이터·수술가이드·보형물),KRX_KIND_LISTED_COMPANY,https://kind.krx.co.kr/corpgeneral/corpList.do?method=download&searchType=13,2026-07-18T19:41:51+09:00
391710,코닉오토메이션,특수 목적용 기계 제조업,금융 지원 서비스(SPAC),특수 목적용 기계 제조업 / 금융 지원 서비스(SPAC),KRX_KIND_LISTED_COMPANY,https://kind.krx.co.kr/corpgeneral/corpList.do?method=download&searchType=13,2026-07-18T19:41:51+09:00
393210,토마토시스템,소프트웨어 개발 및 공급업,UI·UX솔루션·대학정보화사업 SW,소프트웨어 개발 및 공급업 / UI·UX솔루션·대학정보화사업 SW,KRX_KIND_LISTED_COMPANY,https://kind.krx.co.kr/corpgeneral/corpList.do?method=download&searchType=13,2026-07-18T19:41:51+09:00
393890,더블유씨피,일차전지 및 이차전지 제조업,이차전지용 분리막,일차전지 및 이차전지 제조업 / 이차전지용 분리막,KRX_KIND_LISTED_COMPANY,https://kind.krx.co.kr/corpgeneral/corpList.do?method=download&searchType=13,2026-07-18T19:41:51+09:00
393970,대진첨단소재,플라스틱제품 제조업,이차전지 공정용 대전방지트레이·대전방지코팅액·이차전지용 PET이형필름,플라스틱제품 제조업 / 이차전지 공정용 대전방지트레이·대전방지코팅액·이차전지용 PET이형필름,KRX_KIND_LISTED_COMPANY,https://kind.krx.co.kr/corpgeneral/corpList.do?method=download&searchType=13,2026-07-18T19:41:51+09:00
394280,오픈엣지테크놀로지,소프트웨어 개발 및 공급업,시스템 반도체 IP,소프트웨어 개발 및 공급업 / 시스템 반도체 IP,KRX_KIND_LISTED_COMPANY,https://kind.krx.co.kr/corpgeneral/corpList.do?method=download&searchType=13,2026-07-18T19:41:51+09:00
394420,리센스메디컬,의료용 기기 제조업,피부 냉각마취 의료기기·경피약물전달 의료기기·동물용 경피약물전달 의료기기,의료용 기기 제조업 / 피부 냉각마취 의료기기·경피약물전달 의료기기·동물용 경피약물전달 의료기기,KRX_KIND_LISTED_COMPANY,https://kind.krx.co.kr/corpgeneral/corpList.do?method=download&searchType=13,2026-07-18T19:41:51+09:00
394800,쓰리빌리언,자연과학 및 공학 연구개발업,유전체 분석 기반 희귀 유전질환 진단 검사 서비스,자연과학 및 공학 연구개발업 / 유전체 분석 기반 희귀 유전질환 진단 검사 서비스,KRX_KIND_LISTED_COMPANY,https://kind.krx.co.kr/corpgeneral/corpList.do?method=download&searchType=13,2026-07-18T19:41:51+09:00
395400,SK리츠,부동산 임대 및 공급업,서울 중구 소재 SK서린빌딩 및 전국 116개 주유소 임대 운영,부동산 임대 및 공급업 / 서울 중구 소재 SK서린빌딩 및 전국 116개 주유소 임대 운영,KRX_KIND_LISTED_COMPANY,https://kind.krx.co.kr/corpgeneral/corpList.do?method=download&searchType=13,2026-07-18T19:41:51+09:00
396270,넥스트칩,반도체 제조업,차량 및 자율주행차용 비메모리 반도체(ISP·AHD·ADAS,반도체 제조업 / 차량 및 자율주행차용 비메모리 반도체(ISP·AHD·ADAS,KRX_KIND_LISTED_COMPANY,https://kind.krx.co.kr/corpgeneral/corpList.do?method=download&searchType=13,2026-07-18T19:41:51+09:00
396300,세아메카닉스,기타 금속 가공제품 제조업,TV스탠드·전기 수소차 부품 등,기타 금속 가공제품 제조업 / TV스탠드·전기 수소차 부품 등,KRX_KIND_LISTED_COMPANY,https://kind.krx.co.kr/corpgeneral/corpList.do?method=download&searchType=13,2026-07-18T19:41:51+09:00
396470,워트,특수 목적용 기계 제조업,초정밀 온습도 제어장비,특수 목적용 기계 제조업 / 초정밀 온습도 제어장비,KRX_KIND_LISTED_COMPANY,https://kind.krx.co.kr/corpgeneral/corpList.do?method=download&searchType=13,2026-07-18T19:41:51+09:00
396690,미래에셋글로벌리츠,부동산 임대 및 공급업,부동산 임대업,부동산 임대 및 공급업 / 부동산 임대업,KRX_KIND_LISTED_COMPANY,https://kind.krx.co.kr/corpgeneral/corpList.do?method=download&searchType=13,2026-07-18T19:41:51+09:00
397030,에이프릴바이오,자연과학 및 공학 연구개발업,항체의약품 및 재조합 단백질 의약품,자연과학 및 공학 연구개발업 / 항체의약품 및 재조합 단백질 의약품,KRX_KIND_LISTED_COMPANY,https://kind.krx.co.kr/corpgeneral/corpList.do?method=download&searchType=13,2026-07-18T19:41:51+09:00
397810,애드포러스,광고업,모바일 광고 플랫폼,광고업 / 모바일 광고 플랫폼,KRX_KIND_LISTED_COMPANY,https://kind.krx.co.kr/corpgeneral/corpList.do?method=download&searchType=13,2026-07-18T19:41:51+09:00
398120,에스지헬스케어,의료용 기기 제조업,의료용 영상진단기기,의료용 기기 제조업 / 의료용 영상진단기기,KRX_KIND_LISTED_COMPANY,https://kind.krx.co.kr/corpgeneral/corpList.do?method=download&searchType=13,2026-07-18T19:41:51+09:00
399720,가온칩스,반도체 제조업,설계 솔루션 및 주문형 반도체,반도체 제조업 / 설계 솔루션 및 주문형 반도체,KRX_KIND_LISTED_COMPANY,https://kind.krx.co.kr/corpgeneral/corpList.do?method=download&searchType=13,2026-07-18T19:41:51+09:00
400760,NH올원리츠,부동산 임대 및 공급업,부동산투자,부동산 임대 및 공급업 / 부동산투자,KRX_KIND_LISTED_COMPANY,https://kind.krx.co.kr/corpgeneral/corpList.do?method=download&searchType=13,2026-07-18T19:41:51+09:00
402030,코난테크놀로지,소프트웨어 개발 및 공급업,소프트웨어(인공지능·빅데이터·자연어처리,소프트웨어 개발 및 공급업 / 소프트웨어(인공지능·빅데이터·자연어처리,KRX_KIND_LISTED_COMPANY,https://kind.krx.co.kr/corpgeneral/corpList.do?method=download&searchType=13,2026-07-18T19:41:51+09:00
402340,SK스퀘어,기타 금융업,지주회사,기타 금융업 / 지주회사,KRX_KIND_LISTED_COMPANY,https://kind.krx.co.kr/corpgeneral/corpList.do?method=download&searchType=13,2026-07-18T19:41:51+09:00
402420,켈스,의료용 기기 제조업,체외진단 의료기기,의료용 기기 제조업 / 체외진단 의료기기,KRX_KIND_LISTED_COMPANY,https://kind.krx.co.kr/corpgeneral/corpList.do?method=download&searchType=13,2026-07-18T19:41:51+09:00
402490,그린리소스,반도체 제조업,반도체 및 디스플레이 장비 보호코팅 및 소재,반도체 제조업 / 반도체 및 디스플레이 장비 보호코팅 및 소재,KRX_KIND_LISTED_COMPANY,https://kind.krx.co.kr/corpgeneral/corpList.do?method=download&searchType=13,2026-07-18T19:41:51+09:00
403360,라피치,소프트웨어 개발 및 공급업,Conversational AI Service 제품 및 생체인증(음성) Service 제품,소프트웨어 개발 및 공급업 / Conversational AI Service 제품 및 생체인증(음성) Service 제품,KRX_KIND_LISTED_COMPANY,https://kind.krx.co.kr/corpgeneral/corpList.do?method=download&searchType=13,2026-07-18T19:41:51+09:00
403490,우듬지팜,"과실, 채소 가공 및 저장 처리업",스테비아 토마토·대추방울 토마토·완숙 토마토 등,"과실, 채소 가공 및 저장 처리업 / 스테비아 토마토·대추방울 토마토·완숙 토마토 등",KRX_KIND_LISTED_COMPANY,https://kind.krx.co.kr/corpgeneral/corpList.do?method=download&searchType=13,2026-07-18T19:41:51+09:00
403550,쏘카,운송장비 임대업,카셰어링·모빌리티 플랫폼 등,운송장비 임대업 / 카셰어링·모빌리티 플랫폼 등,KRX_KIND_LISTED_COMPANY,https://kind.krx.co.kr/corpgeneral/corpList.do?method=download&searchType=13,2026-07-18T19:41:51+09:00
403810,아이엘로보틱스,전자부품 제조업,IoT 스마트제어솔루션,전자부품 제조업 / IoT 스마트제어솔루션,KRX_KIND_LISTED_COMPANY,https://kind.krx.co.kr/corpgeneral/corpList.do?method=download&searchType=13,2026-07-18T19:41:51+09:00
403850,더핑크퐁컴퍼니,"영화, 비디오물, 방송프로그램 제작 및 배급업",콘텐츠·라이선스·MD,"영화, 비디오물, 방송프로그램 제작 및 배급업 / 콘텐츠·라이선스·MD",KRX_KIND_LISTED_COMPANY,https://kind.krx.co.kr/corpgeneral/corpList.do?method=download&searchType=13,2026-07-18T19:41:51+09:00
403870,HPSP,특수 목적용 기계 제조업,고압 수소 어닐링 장비,특수 목적용 기계 제조업 / 고압 수소 어닐링 장비,KRX_KIND_LISTED_COMPANY,https://kind.krx.co.kr/corpgeneral/corpList.do?method=download&searchType=13,2026-07-18T19:41:51+09:00
404990,신한서부티엔디리츠,부동산 임대 및 공급업,부동산투자,부동산 임대 및 공급업 / 부동산투자,KRX_KIND_LISTED_COMPANY,https://kind.krx.co.kr/corpgeneral/corpList.do?method=download&searchType=13,2026-07-18T19:41:51+09:00
405000,플라즈맵,의료용 기기 제조업,플라즈마 멸균기 및 표면처리기기,의료용 기기 제조업 / 플라즈마 멸균기 및 표면처리기기,KRX_KIND_LISTED_COMPANY,https://kind.krx.co.kr/corpgeneral/corpList.do?method=download&searchType=13,2026-07-18T19:41:51+09:00
405100,큐알티,"그외 기타 전문, 과학 및 기술 서비스업",반도체 신뢰성 검사 및 종합분석,"그외 기타 전문, 과학 및 기술 서비스업 / 반도체 신뢰성 검사 및 종합분석",KRX_KIND_LISTED_COMPANY,https://kind.krx.co.kr/corpgeneral/corpList.do?method=download&searchType=13,2026-07-18T19:41:51+09:00
405920,나라셀라,음·식료품 및 담배 도매업,와인 도소매,음·식료품 및 담배 도매업 / 와인 도소매,KRX_KIND_LISTED_COMPANY,https://kind.krx.co.kr/corpgeneral/corpList.do?method=download&searchType=13,2026-07-18T19:41:51+09:00
406820,뷰티스킨,기타 화학제품 제조업,화장품 제조·브랜드·유통 사업,기타 화학제품 제조업 / 화장품 제조·브랜드·유통 사업,KRX_KIND_LISTED_COMPANY,https://kind.krx.co.kr/corpgeneral/corpList.do?method=download&searchType=13,2026-07-18T19:41:51+09:00
407400,꿈비,가구 제조업,놀이방매트·유아거실가구 등,가구 제조업 / 놀이방매트·유아거실가구 등,KRX_KIND_LISTED_COMPANY,https://kind.krx.co.kr/corpgeneral/corpList.do?method=download&searchType=13,2026-07-18T19:41:51+09:00
408470,한패스,기타 금융업,디지털 송금 서비스·전자지갑 서비스·선불카드 서비스,기타 금융업 / 디지털 송금 서비스·전자지갑 서비스·선불카드 서비스,KRX_KIND_LISTED_COMPANY,https://kind.krx.co.kr/corpgeneral/corpList.do?method=download&searchType=13,2026-07-18T19:41:51+09:00
408900,스튜디오미르,"영화, 비디오물, 방송프로그램 제작 및 배급업",애니메이션 제작,"영화, 비디오물, 방송프로그램 제작 및 배급업 / 애니메이션 제작",KRX_KIND_LISTED_COMPANY,https://kind.krx.co.kr/corpgeneral/corpList.do?method=download&searchType=13,2026-07-18T19:41:51+09:00
408920,메쎄이상,기타 사업지원 서비스업,전시주최·컨벤션 및 행사 대행업,기타 사업지원 서비스업 / 전시주최·컨벤션 및 행사 대행업,KRX_KIND_LISTED_COMPANY,https://kind.krx.co.kr/corpgeneral/corpList.do?method=download&searchType=13,2026-07-18T19:41:51+09:00
411080,샌즈랩,소프트웨어 개발 및 공급업,사이버 위협 인텔리전스(CTI),소프트웨어 개발 및 공급업 / 사이버 위협 인텔리전스(CTI),KRX_KIND_LISTED_COMPANY,https://kind.krx.co.kr/corpgeneral/corpList.do?method=download&searchType=13,2026-07-18T19:41:51+09:00
412350,레이저쎌,특수 목적용 기계 제조업,에어리어 레이저솔루션·LSR·LCB,특수 목적용 기계 제조업 / 에어리어 레이저솔루션·LSR·LCB,KRX_KIND_LISTED_COMPANY,https://kind.krx.co.kr/corpgeneral/corpList.do?method=download&searchType=13,2026-07-18T19:41:51+09:00
412540,제일엠앤에스,특수 목적용 기계 제조업,2차전지 믹싱시스템,특수 목적용 기계 제조업 / 2차전지 믹싱시스템,KRX_KIND_LISTED_COMPANY,https://kind.krx.co.kr/corpgeneral/corpList.do?method=download&searchType=13,2026-07-18T19:41:51+09:00
413300,티엘엔지니어링,"건축기술, 엔지니어링 및 관련 기술 서비스업",클린룸 설계 및 시공,"건축기술, 엔지니어링 및 관련 기술 서비스업 / 클린룸 설계 및 시공",KRX_KIND_LISTED_COMPANY,https://kind.krx.co.kr/corpgeneral/corpList.do?method=download&searchType=13,2026-07-18T19:41:51+09:00
413390,엠오티,특수 목적용 기계 제조업,이차전지 제조 자동화 설비,특수 목적용 기계 제조업 / 이차전지 제조 자동화 설비,KRX_KIND_LISTED_COMPANY,https://kind.krx.co.kr/corpgeneral/corpList.do?method=download&searchType=13,2026-07-18T19:41:51+09:00
413630,씨피시스템,플라스틱제품 제조업,전기재료연결부품,플라스틱제품 제조업 / 전기재료연결부품,KRX_KIND_LISTED_COMPANY,https://kind.krx.co.kr/corpgeneral/corpList.do?method=download&searchType=13,2026-07-18T19:41:51+09:00
413640,비아이매트릭스,소프트웨어 개발 및 공급업,로우코드 기반 코딩 자동화 솔루션 등,소프트웨어 개발 및 공급업 / 로우코드 기반 코딩 자동화 솔루션 등,KRX_KIND_LISTED_COMPANY,https://kind.krx.co.kr/corpgeneral/corpList.do?method=download&searchType=13,2026-07-18T19:41:51+09:00
415380,스튜디오삼익,기타 생활용품 소매업,침실가구·거실가구·옷장,기타 생활용품 소매업 / 침실가구·거실가구·옷장,KRX_KIND_LISTED_COMPANY,https://kind.krx.co.kr/corpgeneral/corpList.do?method=download&searchType=13,2026-07-18T19:41:51+09:00
415640,KB발해인프라,신탁업 및 집합투자업,,신탁업 및 집합투자업,KRX_KIND_LISTED_COMPANY,https://kind.krx.co.kr/corpgeneral/corpList.do?method=download&searchType=13,2026-07-18T19:41:51+09:00
416180,신성에스티,자동차 신품 부품 제조업,전기차·2차전지 Busbar 및 배터리모듈 보호 부품 등,자동차 신품 부품 제조업 / 전기차·2차전지 Busbar 및 배터리모듈 보호 부품 등,KRX_KIND_LISTED_COMPANY,https://kind.krx.co.kr/corpgeneral/corpList.do?method=download&searchType=13,2026-07-18T19:41:51+09:00
417010,나노팀,일반 목적용 기계 제조업,전기차용 방열제품,일반 목적용 기계 제조업 / 전기차용 방열제품,KRX_KIND_LISTED_COMPANY,https://kind.krx.co.kr/corpgeneral/corpList.do?method=download&searchType=13,2026-07-18T19:41:51+09:00
417180,핑거스토리,기타 정보 서비스업,웹툰·디지털 만화·웹소설,기타 정보 서비스업 / 웹툰·디지털 만화·웹소설,KRX_KIND_LISTED_COMPANY,https://kind.krx.co.kr/corpgeneral/corpList.do?method=download&searchType=13,2026-07-18T19:41:51+09:00
417200,LS머트리얼즈,전자부품 제조업,울트라커패시터(셀 및 모듈),전자부품 제조업 / 울트라커패시터(셀 및 모듈),KRX_KIND_LISTED_COMPANY,https://kind.krx.co.kr/corpgeneral/corpList.do?method=download&searchType=13,2026-07-18T19:41:51+09:00
417310,코람코더원리츠,부동산 임대 및 공급업,서울 영등포구 여의도 소재 하나금융투자 빌딩,부동산 임대 및 공급업 / 서울 영등포구 여의도 소재 하나금융투자 빌딩,KRX_KIND_LISTED_COMPANY,https://kind.krx.co.kr/corpgeneral/corpList.do?method=download&searchType=13,2026-07-18T19:41:51+09:00
417500,제이아이테크,기타 화학제품 제조업,반도체 프리커서 및 쿼츠·블랭크·포토마스크용 케이스,기타 화학제품 제조업 / 반도체 프리커서 및 쿼츠·블랭크·포토마스크용 케이스,KRX_KIND_LISTED_COMPANY,https://kind.krx.co.kr/corpgeneral/corpList.do?method=download&searchType=13,2026-07-18T19:41:51+09:00
417790,트루엔,영상 및 음향기기 제조업,IP 카메라·영상스트리밍솔루션·IoT기기 및 서비스,영상 및 음향기기 제조업 / IP 카메라·영상스트리밍솔루션·IoT기기 및 서비스,KRX_KIND_LISTED_COMPANY,https://kind.krx.co.kr/corpgeneral/corpList.do?method=download&searchType=13,2026-07-18T19:41:51+09:00
417840,저스템,특수 목적용 기계 제조업,반도체 습도제어 System,특수 목적용 기계 제조업 / 반도체 습도제어 System,KRX_KIND_LISTED_COMPANY,https://kind.krx.co.kr/corpgeneral/corpList.do?method=download&searchType=13,2026-07-18T19:41:51+09:00
417860,오브젠,소프트웨어 개발 및 공급업,CRM 소프트웨어,소프트웨어 개발 및 공급업 / CRM 소프트웨어,KRX_KIND_LISTED_COMPANY,https://kind.krx.co.kr/corpgeneral/corpList.do?method=download&searchType=13,2026-07-18T19:41:51+09:00
417970,모델솔루션,특수 목적용 기계 제조업,하이엔드 프로토타입 제조·다품종 소량생산 서비스,특수 목적용 기계 제조업 / 하이엔드 프로토타입 제조·다품종 소량생산 서비스,KRX_KIND_LISTED_COMPANY,https://kind.krx.co.kr/corpgeneral/corpList.do?method=download&searchType=13,2026-07-18T19:41:51+09:00
418250,시큐레터,소프트웨어 개발 및 공급업,SLE(이메일 보안)·SLF(파일 보안),소프트웨어 개발 및 공급업 / SLE(이메일 보안)·SLF(파일 보안),KRX_KIND_LISTED_COMPANY,https://kind.krx.co.kr/corpgeneral/corpList.do?method=download&searchType=13,2026-07-18T19:41:51+09:00
418420,라온텍,전자부품 제조업,마이크로디스플레이·컨트롤러 IC,전자부품 제조업 / 마이크로디스플레이·컨트롤러 IC,KRX_KIND_LISTED_COMPANY,https://kind.krx.co.kr/corpgeneral/corpList.do?method=download&searchType=13,2026-07-18T19:41:51+09:00
418470,KT밀리의서재,"서적, 잡지 및 기타 인쇄물 출판업",전자책 정기구독 서비스,"서적, 잡지 및 기타 인쇄물 출판업 / 전자책 정기구독 서비스",KRX_KIND_LISTED_COMPANY,https://kind.krx.co.kr/corpgeneral/corpList.do?method=download&searchType=13,2026-07-18T19:41:51+09:00
418550,제이오,"건축기술, 엔지니어링 및 관련 기술 서비스업",탄소나노튜브·금속탱크 및 유사용기,"건축기술, 엔지니어링 및 관련 기술 서비스업 / 탄소나노튜브·금속탱크 및 유사용기",KRX_KIND_LISTED_COMPANY,https://kind.krx.co.kr/corpgeneral/corpList.do?method=download&searchType=13,2026-07-18T19:41:51+09:00
418620,E8,소프트웨어 개발 및 공급업,CFD 시뮬레이션 소프트웨어·디지털트윈 플랫폼,소프트웨어 개발 및 공급업 / CFD 시뮬레이션 소프트웨어·디지털트윈 플랫폼,KRX_KIND_LISTED_COMPANY,https://kind.krx.co.kr/corpgeneral/corpList.do?method=download&searchType=13,2026-07-18T19:41:51+09:00
419050,삼기에너지솔루션즈,자동차 신품 부품 제조업,배터리(이차전지) 부품 (엔드플레이트),자동차 신품 부품 제조업 / 배터리(이차전지) 부품 (엔드플레이트),KRX_KIND_LISTED_COMPANY,https://kind.krx.co.kr/corpgeneral/corpList.do?method=download&searchType=13,2026-07-18T19:41:51+09:00
419080,엔젯,특수 목적용 기계 제조업,EHD 잉크젯 프린터·EHD 코터,특수 목적용 기계 제조업 / EHD 잉크젯 프린터·EHD 코터,KRX_KIND_LISTED_COMPANY,https://kind.krx.co.kr/corpgeneral/corpList.do?method=download&searchType=13,2026-07-18T19:41:51+09:00
419120,산돌,소프트웨어 개발 및 공급업,리테일 폰트 등,소프트웨어 개발 및 공급업 / 리테일 폰트 등,KRX_KIND_LISTED_COMPANY,https://kind.krx.co.kr/corpgeneral/corpList.do?method=download&searchType=13,2026-07-18T19:41:51+09:00
419530,SAMG엔터,"영화, 비디오물, 방송프로그램 제작 및 배급업",애니메이션 IP 기획 및 관련 제품 제작,"영화, 비디오물, 방송프로그램 제작 및 배급업 / 애니메이션 IP 기획 및 관련 제품 제작",KRX_KIND_LISTED_COMPANY,https://kind.krx.co.kr/corpgeneral/corpList.do?method=download&searchType=13,2026-07-18T19:41:51+09:00
419540,비스토스,의료용 기기 제조업,환자 및 태아감시장치,의료용 기기 제조업 / 환자 및 태아감시장치,KRX_KIND_LISTED_COMPANY,https://kind.krx.co.kr/corpgeneral/corpList.do?method=download&searchType=13,2026-07-18T19:41:51+09:00
420570,제이투케이바이오,기타 화학제품 제조업,화장품 원료(천연소재 바이오소재 등),기타 화학제품 제조업 / 화장품 원료(천연소재 바이오소재 등),KRX_KIND_LISTED_COMPANY,https://kind.krx.co.kr/corpgeneral/corpList.do?method=download&searchType=13,2026-07-18T19:41:51+09:00
420770,기가비스,특수 목적용 기계 제조업,반도체 기판용 광학검사 및 수리장비,특수 목적용 기계 제조업 / 반도체 기판용 광학검사 및 수리장비,KRX_KIND_LISTED_COMPANY,https://kind.krx.co.kr/corpgeneral/corpList.do?method=download&searchType=13,2026-07-18T19:41:51+09:00
424760,벨로크,"컴퓨터 프로그래밍, 시스템 통합 및 관리업",보안솔루션·보안서비스,"컴퓨터 프로그래밍, 시스템 통합 및 관리업 / 보안솔루션·보안서비스",KRX_KIND_LISTED_COMPANY,https://kind.krx.co.kr/corpgeneral/corpList.do?method=download&searchType=13,2026-07-18T19:41:51+09:00
424870,이뮨온시아,자연과학 및 공학 연구개발업,면역항암제 신약개발,자연과학 및 공학 연구개발업 / 면역항암제 신약개발,KRX_KIND_LISTED_COMPANY,https://kind.krx.co.kr/corpgeneral/corpList.do?method=download&searchType=13,2026-07-18T19:41:51+09:00
424960,스마트레이더시스템,"측정, 시험, 항해, 제어 및 기타 정밀기기 제조업; 광학기기 제외",모빌리티 및 비모빌리티용 4D이미징레이다,"측정, 시험, 항해, 제어 및 기타 정밀기기 제조업; 광학기기 제외 / 모빌리티 및 비모빌리티용 4D이미징레이다",KRX_KIND_LISTED_COMPANY,https://kind.krx.co.kr/corpgeneral/corpList.do?method=download&searchType=13,2026-07-18T19:41:51+09:00
424980,마이크로투나노,반도체 제조업,메모리 테스트용 프로브 카드,반도체 제조업 / 메모리 테스트용 프로브 카드,KRX_KIND_LISTED_COMPANY,https://kind.krx.co.kr/corpgeneral/corpList.do?method=download&searchType=13,2026-07-18T19:41:51+09:00
425040,티이엠씨,기초 화학물질 제조업,반도체용 특수가스,기초 화학물질 제조업 / 반도체용 특수가스,KRX_KIND_LISTED_COMPANY,https://kind.krx.co.kr/corpgeneral/corpList.do?method=download&searchType=13,2026-07-18T19:41:51+09:00
425420,티에프이,전자부품 제조업,COK·Board·Test Socket,전자부품 제조업 / COK·Board·Test Socket,KRX_KIND_LISTED_COMPANY,https://kind.krx.co.kr/corpgeneral/corpList.do?method=download&searchType=13,2026-07-18T19:41:51+09:00
429270,시지트로닉스,반도체 제조업,특화반도체 소자,반도체 제조업 / 특화반도체 소자,KRX_KIND_LISTED_COMPANY,https://kind.krx.co.kr/corpgeneral/corpList.do?method=download&searchType=13,2026-07-18T19:41:51+09:00
430690,한싹,소프트웨어 개발 및 공급업,망간자료전송,소프트웨어 개발 및 공급업 / 망간자료전송,KRX_KIND_LISTED_COMPANY,https://kind.krx.co.kr/corpgeneral/corpList.do?method=download&searchType=13,2026-07-18T19:41:51+09:00
431190,케이쓰리아이,소프트웨어 개발 및 공급업,XR 실감형콘텐츠,소프트웨어 개발 및 공급업 / XR 실감형콘텐츠,KRX_KIND_LISTED_COMPANY,https://kind.krx.co.kr/corpgeneral/corpList.do?method=download&searchType=13,2026-07-18T19:41:51+09:00
432320,KB스타리츠,부동산 임대 및 공급업,벨기에 North Galaxy Towers·영국 Samsung Europe HQ,부동산 임대 및 공급업 / 벨기에 North Galaxy Towers·영국 Samsung Europe HQ,KRX_KIND_LISTED_COMPANY,https://kind.krx.co.kr/corpgeneral/corpList.do?method=download&searchType=13,2026-07-18T19:41:51+09:00
432430,와이랩,"영화, 비디오물, 방송프로그램 제작 및 배급업",만화출판물의 제작 및 영상물 제작,"영화, 비디오물, 방송프로그램 제작 및 배급업 / 만화출판물의 제작 및 영상물 제작",KRX_KIND_LISTED_COMPANY,https://kind.krx.co.kr/corpgeneral/corpList.do?method=download&searchType=13,2026-07-18T19:41:51+09:00
432470,케이엔에스,특수 목적용 기계 제조업,이차전지 자동화 설비,특수 목적용 기계 제조업 / 이차전지 자동화 설비,KRX_KIND_LISTED_COMPANY,https://kind.krx.co.kr/corpgeneral/corpList.do?method=download&searchType=13,2026-07-18T19:41:51+09:00
432720,퀄리타스반도체,반도체 제조업,초고속 통신용 반도체 IP,반도체 제조업 / 초고속 통신용 반도체 IP,KRX_KIND_LISTED_COMPANY,https://kind.krx.co.kr/corpgeneral/corpList.do?method=download&searchType=13,2026-07-18T19:41:51+09:00
432980,엠에프씨,기초 의약물질 제조업,원료의약품(API) 및 핵심소재,기초 의약물질 제조업 / 원료의약품(API) 및 핵심소재,KRX_KIND_LISTED_COMPANY,https://kind.krx.co.kr/corpgeneral/corpList.do?method=download&searchType=13,2026-07-18T19:41:51+09:00
434190,탈로스,일차전지 및 이차전지 제조업,군용 리튬이온 이차전지,일차전지 및 이차전지 제조업 / 군용 리튬이온 이차전지,KRX_KIND_LISTED_COMPANY,https://kind.krx.co.kr/corpgeneral/corpList.do?method=download&searchType=13,2026-07-18T19:41:51+09:00
434480,모니터랩,소프트웨어 개발 및 공급업,웹방화벽·유해사이트솔루션·가시성SSL 솔루션,소프트웨어 개발 및 공급업 / 웹방화벽·유해사이트솔루션·가시성SSL 솔루션,KRX_KIND_LISTED_COMPANY,https://kind.krx.co.kr/corpgeneral/corpList.do?method=download&searchType=13,2026-07-18T19:41:51+09:00
435570,에르코스,도시락 및 식사용 조리식품 제조업,영유아식·고령친화식품·식물기반 대체식품,도시락 및 식사용 조리식품 제조업 / 영유아식·고령친화식품·식물기반 대체식품,KRX_KIND_LISTED_COMPANY,https://kind.krx.co.kr/corpgeneral/corpList.do?method=download&searchType=13,2026-07-18T19:41:51+09:00
437730,삼현,자동차 신품 부품 제조업,스마트 액추에이터·스마트 파워유닛,자동차 신품 부품 제조업 / 스마트 액추에이터·스마트 파워유닛,KRX_KIND_LISTED_COMPANY,https://kind.krx.co.kr/corpgeneral/corpList.do?method=download&searchType=13,2026-07-18T19:41:51+09:00
438700,버넥트,소프트웨어 개발 및 공급업,산업용 XR 솔루션,소프트웨어 개발 및 공급업 / 산업용 XR 솔루션,KRX_KIND_LISTED_COMPANY,https://kind.krx.co.kr/corpgeneral/corpList.do?method=download&searchType=13,2026-07-18T19:41:51+09:00
439090,마녀공장,기타 화학제품 제조업,자연주의 기능성 화장품,기타 화학제품 제조업 / 자연주의 기능성 화장품,KRX_KIND_LISTED_COMPANY,https://kind.krx.co.kr/corpgeneral/corpList.do?method=download&searchType=13,2026-07-18T19:41:51+09:00
439260,대한조선,선박 및 보트 건조업,선박 및 보트 건조업,선박 및 보트 건조업 / 선박 및 보트 건조업,KRX_KIND_LISTED_COMPANY,https://kind.krx.co.kr/corpgeneral/corpList.do?method=download&searchType=13,2026-07-18T19:41:51+09:00
439580,블루엠텍,기타 전문 도매업,의약품 유통업,기타 전문 도매업 / 의약품 유통업,KRX_KIND_LISTED_COMPANY,https://kind.krx.co.kr/corpgeneral/corpList.do?method=download&searchType=13,2026-07-18T19:41:51+09:00
439960,코스모로보틱스,의료용 기기 제조업,웨어러블 로봇,의료용 기기 제조업 / 웨어러블 로봇,KRX_KIND_LISTED_COMPANY,https://kind.krx.co.kr/corpgeneral/corpList.do?method=download&searchType=13,2026-07-18T19:41:51+09:00
440110,파두,반도체 제조업,SSD 컨트롤러,반도체 제조업 / SSD 컨트롤러,KRX_KIND_LISTED_COMPANY,https://kind.krx.co.kr/corpgeneral/corpList.do?method=download&searchType=13,2026-07-18T19:41:51+09:00
440290,HB인베스트먼트,기타 금융업,벤처투자조합 등 조합 결성 및 운영,기타 금융업 / 벤처투자조합 등 조합 결성 및 운영,KRX_KIND_LISTED_COMPANY,https://kind.krx.co.kr/corpgeneral/corpList.do?method=download&searchType=13,2026-07-18T19:41:51+09:00
440320,오픈놀,소프트웨어 개발 및 공급업,미니인턴플랫폼(커리어 및 채용 플랫폼),소프트웨어 개발 및 공급업 / 미니인턴플랫폼(커리어 및 채용 플랫폼),KRX_KIND_LISTED_COMPANY,https://kind.krx.co.kr/corpgeneral/corpList.do?method=download&searchType=13,2026-07-18T19:41:51+09:00
441270,파인엠텍,전자부품 제조업,IT부품,전자부품 제조업 / IT부품,KRX_KIND_LISTED_COMPANY,https://kind.krx.co.kr/corpgeneral/corpList.do?method=download&searchType=13,2026-07-18T19:41:51+09:00
443060,HD현대마린솔루션,"건축기술, 엔지니어링 및 관련 기술 서비스업",AM(After Market) 솔루션·친환경 Retrofit·디지털 제어,"건축기술, 엔지니어링 및 관련 기술 서비스업 / AM(After Market) 솔루션·친환경 Retrofit·디지털 제어",KRX_KIND_LISTED_COMPANY,https://kind.krx.co.kr/corpgeneral/corpList.do?method=download&searchType=13,2026-07-18T19:41:51+09:00
443250,레뷰코퍼레이션,광고업,REVU 서비스(컨텐츠마케팅·로컬·에이전시),광고업 / REVU 서비스(컨텐츠마케팅·로컬·에이전시),KRX_KIND_LISTED_COMPANY,https://kind.krx.co.kr/corpgeneral/corpList.do?method=download&searchType=13,2026-07-18T19:41:51+09:00
443670,에스피소프트,"컴퓨터 프로그래밍, 시스템 통합 및 관리업",SPLA 라이센스 총판 사업·CLOUD·gDaaS 등,"컴퓨터 프로그래밍, 시스템 통합 및 관리업 / SPLA 라이센스 총판 사업·CLOUD·gDaaS 등",KRX_KIND_LISTED_COMPANY,https://kind.krx.co.kr/corpgeneral/corpList.do?method=download&searchType=13,2026-07-18T19:41:51+09:00
444530,심플랫폼,소프트웨어 개발 및 공급업,NUBISON AIoT(산업용 데이터 수집과 산업용 AI서비스 운영),소프트웨어 개발 및 공급업 / NUBISON AIoT(산업용 데이터 수집과 산업용 AI서비스 운영),KRX_KIND_LISTED_COMPANY,https://kind.krx.co.kr/corpgeneral/corpList.do?method=download&searchType=13,2026-07-18T19:41:51+09:00
445090,에이직랜드,반도체 제조업,비메모리 반도체 설계및 제조·전자회로 연구·설계,반도체 제조업 / 비메모리 반도체 설계및 제조·전자회로 연구·설계,KRX_KIND_LISTED_COMPANY,https://kind.krx.co.kr/corpgeneral/corpList.do?method=download&searchType=13,2026-07-18T19:41:51+09:00
445180,퓨릿,기초 화학물질 제조업,반도체용 케미컬·디스플레이용 케미컬·산업용 케미컬,기초 화학물질 제조업 / 반도체용 케미컬·디스플레이용 케미컬·산업용 케미컬,KRX_KIND_LISTED_COMPANY,https://kind.krx.co.kr/corpgeneral/corpList.do?method=download&searchType=13,2026-07-18T19:41:51+09:00
445680,큐리옥스바이오시스템즈,의료용 기기 제조업,세포 전처리 자동화기기 등,의료용 기기 제조업 / 세포 전처리 자동화기기 등,KRX_KIND_LISTED_COMPANY,https://kind.krx.co.kr/corpgeneral/corpList.do?method=download&searchType=13,2026-07-18T19:41:51+09:00
446070,유니드비티플러스,제재 및 목재 가공업,MDF 등,제재 및 목재 가공업 / MDF 등,KRX_KIND_LISTED_COMPANY,https://kind.krx.co.kr/corpgeneral/corpList.do?method=download&searchType=13,2026-07-18T19:41:51+09:00
446440,에피바이오텍,자연과학 및 공학 연구개발업,탈모 치료제,자연과학 및 공학 연구개발업 / 탈모 치료제,KRX_KIND_LISTED_COMPANY,https://kind.krx.co.kr/corpgeneral/corpList.do?method=download&searchType=13,2026-07-18T19:41:51+09:00
446540,메가터치,일차전지 및 이차전지 제조업,배터리 핀·반도체 핀,일차전지 및 이차전지 제조업 / 배터리 핀·반도체 핀,KRX_KIND_LISTED_COMPANY,https://kind.krx.co.kr/corpgeneral/corpList.do?method=download&searchType=13,2026-07-18T19:41:51+09:00
446840,지슨,"측정, 시험, 항해, 제어 및 기타 정밀기기 제조업; 광학기기 제외",무선도청탐지기,"측정, 시험, 항해, 제어 및 기타 정밀기기 제조업; 광학기기 제외 / 무선도청탐지기",KRX_KIND_LISTED_COMPANY,https://kind.krx.co.kr/corpgeneral/corpList.do?method=download&searchType=13,2026-07-18T19:41:51+09:00
447690,아이오바이오,의료용 기기 제조업,정량광형광기술을 활용한 구강질환 진단검사 의료기기,의료용 기기 제조업 / 정량광형광기술을 활용한 구강질환 진단검사 의료기기,KRX_KIND_LISTED_COMPANY,https://kind.krx.co.kr/corpgeneral/corpList.do?method=download&searchType=13,2026-07-18T19:41:51+09:00
448280,에코아이,기타 전문 서비스업,탄소배출권 및 탄소배출권 관련 컨설팅,기타 전문 서비스업 / 탄소배출권 및 탄소배출권 관련 컨설팅,KRX_KIND_LISTED_COMPANY,https://kind.krx.co.kr/corpgeneral/corpList.do?method=download&searchType=13,2026-07-18T19:41:51+09:00
448710,코츠테크놀로지,컴퓨터 및 주변장치 제조업,싱글보드컴퓨터(SBC)·군용 전시기 등,컴퓨터 및 주변장치 제조업 / 싱글보드컴퓨터(SBC)·군용 전시기 등,KRX_KIND_LISTED_COMPANY,https://kind.krx.co.kr/corpgeneral/corpList.do?method=download&searchType=13,2026-07-18T19:41:51+09:00
448730,삼성FN리츠,부동산 임대 및 공급업,대치타워 및 에스원빌딩,부동산 임대 및 공급업 / 대치타워 및 에스원빌딩,KRX_KIND_LISTED_COMPANY,https://kind.krx.co.kr/corpgeneral/corpList.do?method=download&searchType=13,2026-07-18T19:41:51+09:00
448780,마이크로엔엑스,의료용 기기 제조업,의료용구(전동기),의료용 기기 제조업 / 의료용구(전동기),KRX_KIND_LISTED_COMPANY,https://kind.krx.co.kr/corpgeneral/corpList.do?method=download&searchType=13,2026-07-18T19:41:51+09:00
448900,한국피아이엠,자동차 신품 부품 제조업,내연기관 부품(터보차저·DCT변속기)·IT 부품(스마트워치,자동차 신품 부품 제조업 / 내연기관 부품(터보차저·DCT변속기)·IT 부품(스마트워치,KRX_KIND_LISTED_COMPANY,https://kind.krx.co.kr/corpgeneral/corpList.do?method=download&searchType=13,2026-07-18T19:41:51+09:00
450080,에코프로머티,일차전지 및 이차전지 제조업,배터리 양극재용 핵심소재 하이니켈 전구체,일차전지 및 이차전지 제조업 / 배터리 양극재용 핵심소재 하이니켈 전구체,KRX_KIND_LISTED_COMPANY,https://kind.krx.co.kr/corpgeneral/corpList.do?method=download&searchType=13,2026-07-18T19:41:51+09:00
450330,하스,의료용품 및 기타 의약 관련제품 제조업,리튬디실리케이트 수복소재(Amber block·Amber Ingot 등)·지르코니아 유치관,의료용품 및 기타 의약 관련제품 제조업 / 리튬디실리케이트 수복소재(Amber block·Amber Ingot 등)·지르코니아 유치관,KRX_KIND_LISTED_COMPANY,https://kind.krx.co.kr/corpgeneral/corpList.do?method=download&searchType=13,2026-07-18T19:41:51+09:00
450520,인스웨이브,소프트웨어 개발 및 공급업,UI·UX 개발 솔루션·엔터프라이즈 DX 솔루션,소프트웨어 개발 및 공급업 / UI·UX 개발 솔루션·엔터프라이즈 DX 솔루션,KRX_KIND_LISTED_COMPANY,https://kind.krx.co.kr/corpgeneral/corpList.do?method=download&searchType=13,2026-07-18T19:41:51+09:00
450950,아스테라시스,의료용 기기 제조업,피부 미용의료기기 제조·판매,의료용 기기 제조업 / 피부 미용의료기기 제조·판매,KRX_KIND_LISTED_COMPANY,https://kind.krx.co.kr/corpgeneral/corpList.do?method=download&searchType=13,2026-07-18T19:41:51+09:00
451220,아이엠티,특수 목적용 기계 제조업,건식세정 장비 및 EUV Mask Baking Laser,특수 목적용 기계 제조업 / 건식세정 장비 및 EUV Mask Baking Laser,KRX_KIND_LISTED_COMPANY,https://kind.krx.co.kr/corpgeneral/corpList.do?method=download&searchType=13,2026-07-18T19:41:51+09:00
451250,삐아,기타 화학제품 제조업,색조화장품,기타 화학제품 제조업 / 색조화장품,KRX_KIND_LISTED_COMPANY,https://kind.krx.co.kr/corpgeneral/corpList.do?method=download&searchType=13,2026-07-18T19:41:51+09:00
451760,컨텍,"컴퓨터 프로그래밍, 시스템 통합 및 관리업",지상국 시스템 엔지니어링 솔루션·위성영상 생성을 위한 데이터처리 솔루션,"컴퓨터 프로그래밍, 시스템 통합 및 관리업 / 지상국 시스템 엔지니어링 솔루션·위성영상 생성을 위한 데이터처리 솔루션",KRX_KIND_LISTED_COMPANY,https://kind.krx.co.kr/corpgeneral/corpList.do?method=download&searchType=13,2026-07-18T19:41:51+09:00
451800,한화리츠,부동산 임대 및 공급업,부동산투자,부동산 임대 및 공급업 / 부동산투자,KRX_KIND_LISTED_COMPANY,https://kind.krx.co.kr/corpgeneral/corpList.do?method=download&searchType=13,2026-07-18T19:41:51+09:00
452160,제이엔비,특수 목적용 기계 제조업,진공 펌프용 유틸리티 장치(Stacker 등)·정밀가공 부품,특수 목적용 기계 제조업 / 진공 펌프용 유틸리티 장치(Stacker 등)·정밀가공 부품,KRX_KIND_LISTED_COMPANY,https://kind.krx.co.kr/corpgeneral/corpList.do?method=download&searchType=13,2026-07-18T19:41:51+09:00
452190,한빛레이저,특수 목적용 기계 제조업,산업용 레이저 가공장비,특수 목적용 기계 제조업 / 산업용 레이저 가공장비,KRX_KIND_LISTED_COMPANY,https://kind.krx.co.kr/corpgeneral/corpList.do?method=download&searchType=13,2026-07-18T19:41:51+09:00
452200,민테크,"측정, 시험, 항해, 제어 및 기타 정밀기기 제조업; 광학기기 제외",배터리 진단시스템·배터리 시스템·충방전 검사장비,"측정, 시험, 항해, 제어 및 기타 정밀기기 제조업; 광학기기 제외 / 배터리 진단시스템·배터리 시스템·충방전 검사장비",KRX_KIND_LISTED_COMPANY,https://kind.krx.co.kr/corpgeneral/corpList.do?method=download&searchType=13,2026-07-18T19:41:51+09:00
452260,한화갤러리아,종합 소매업,백화점,종합 소매업 / 백화점,KRX_KIND_LISTED_COMPANY,https://kind.krx.co.kr/corpgeneral/corpList.do?method=download&searchType=13,2026-07-18T19:41:51+09:00
452280,한선엔지니어링,기타 금속 가공제품 제조업,계장용 피팅 및 밸브·모듈,기타 금속 가공제품 제조업 / 계장용 피팅 및 밸브·모듈,KRX_KIND_LISTED_COMPANY,https://kind.krx.co.kr/corpgeneral/corpList.do?method=download&searchType=13,2026-07-18T19:41:51+09:00
452300,캡스톤파트너스,기타 금융업,벤처투자조합 등 조합 결성 및 운영,기타 금융업 / 벤처투자조합 등 조합 결성 및 운영,KRX_KIND_LISTED_COMPANY,https://kind.krx.co.kr/corpgeneral/corpList.do?method=download&searchType=13,2026-07-18T19:41:51+09:00
452400,이닉스,자동차 신품 부품 제조업,2차전지용 배터리셀 패드 등,자동차 신품 부품 제조업 / 2차전지용 배터리셀 패드 등,KRX_KIND_LISTED_COMPANY,https://kind.krx.co.kr/corpgeneral/corpList.do?method=download&searchType=13,2026-07-18T19:41:51+09:00
452430,사피엔반도체,반도체 제조업,Micro·Mini-LED Display Driver IC,반도체 제조업 / Micro·Mini-LED Display Driver IC,KRX_KIND_LISTED_COMPANY,https://kind.krx.co.kr/corpgeneral/corpList.do?method=download&searchType=13,2026-07-18T19:41:51+09:00
452450,피아이이,특수 목적용 기계 제조업,AI 비전 솔루션 및 스마트팩토리 솔루션,특수 목적용 기계 제조업 / AI 비전 솔루션 및 스마트팩토리 솔루션,KRX_KIND_LISTED_COMPANY,https://kind.krx.co.kr/corpgeneral/corpList.do?method=download&searchType=13,2026-07-18T19:41:51+09:00
453340,현대그린푸드,종합 소매업,푸드서비스(단체급식)·식자재유통서비스·공산품,종합 소매업 / 푸드서비스(단체급식)·식자재유통서비스·공산품,KRX_KIND_LISTED_COMPANY,https://kind.krx.co.kr/corpgeneral/corpList.do?method=download&searchType=13,2026-07-18T19:41:51+09:00
453450,그리드위즈,"그외 기타 전문, 과학 및 기술 서비스업",수요관리 서비스·전기차 충전기 모뎀 등,"그외 기타 전문, 과학 및 기술 서비스업 / 수요관리 서비스·전기차 충전기 모뎀 등",KRX_KIND_LISTED_COMPANY,https://kind.krx.co.kr/corpgeneral/corpList.do?method=download&searchType=13,2026-07-18T19:41:51+09:00
453860,에이에스텍,기타 화학제품 제조업,자외선 차단제 유기 원료,기타 화학제품 제조업 / 자외선 차단제 유기 원료,KRX_KIND_LISTED_COMPANY,https://kind.krx.co.kr/corpgeneral/corpList.do?method=download&searchType=13,2026-07-18T19:41:51+09:00
454910,두산로보틱스,특수 목적용 기계 제조업,협동로봇,특수 목적용 기계 제조업 / 협동로봇,KRX_KIND_LISTED_COMPANY,https://kind.krx.co.kr/corpgeneral/corpList.do?method=download&searchType=13,2026-07-18T19:41:51+09:00
455180,케이지에이,특수 목적용 기계 제조업,2차전지 전극장비 (코터·프레스·슬리터),특수 목적용 기계 제조업 / 2차전지 전극장비 (코터·프레스·슬리터),KRX_KIND_LISTED_COMPANY,https://kind.krx.co.kr/corpgeneral/corpList.do?method=download&searchType=13,2026-07-18T19:41:51+09:00
455900,엔젤로보틱스,특수 목적용 기계 제조업,재활 전문 웨어러블 로봇·근력 보조 무동력 웨어러블 슈트·일상생활 보조 웨어러블 로봇 등,특수 목적용 기계 제조업 / 재활 전문 웨어러블 로봇·근력 보조 무동력 웨어러블 슈트·일상생활 보조 웨어러블 로봇 등,KRX_KIND_LISTED_COMPANY,https://kind.krx.co.kr/corpgeneral/corpList.do?method=download&searchType=13,2026-07-18T19:41:51+09:00
456010,아이씨티케이,반도체 제조업,PUF반도체·보안솔루션(보안반도체·정보통신모듈기기,반도체 제조업 / PUF반도체·보안솔루션(보안반도체·정보통신모듈기기,KRX_KIND_LISTED_COMPANY,https://kind.krx.co.kr/corpgeneral/corpList.do?method=download&searchType=13,2026-07-18T19:41:51+09:00
456040,OCI,기초 화학물질 제조업,폴리실리콘·타르제품·카본블랙,기초 화학물질 제조업 / 폴리실리콘·타르제품·카본블랙,KRX_KIND_LISTED_COMPANY,https://kind.krx.co.kr/corpgeneral/corpList.do?method=download&searchType=13,2026-07-18T19:41:51+09:00
456070,이엔셀,기초 의약물질 제조업,첨단바이오의약품 위탁개발생산(CDMO) 서비스·차세대 세포·유전자 치료제,기초 의약물질 제조업 / 첨단바이오의약품 위탁개발생산(CDMO) 서비스·차세대 세포·유전자 치료제,KRX_KIND_LISTED_COMPANY,https://kind.krx.co.kr/corpgeneral/corpList.do?method=download&searchType=13,2026-07-18T19:41:51+09:00
456160,지투지바이오,의약품 제조업,장기 약효지속성 주사제 개발,의약품 제조업 / 장기 약효지속성 주사제 개발,KRX_KIND_LISTED_COMPANY,https://kind.krx.co.kr/corpgeneral/corpList.do?method=download&searchType=13,2026-07-18T19:41:51+09:00
456190,큐라켐,의료용품 및 기타 의약 관련제품 제조업,방사성동위원소 표지화합물 합성,의료용품 및 기타 의약 관련제품 제조업 / 방사성동위원소 표지화합물 합성,KRX_KIND_LISTED_COMPANY,https://kind.krx.co.kr/corpgeneral/corpList.do?method=download&searchType=13,2026-07-18T19:41:51+09:00
456570,아이엠지티,의료용품 및 기타 의약 관련제품 제조업,치료용 집속초음파 기기,의료용품 및 기타 의약 관련제품 제조업 / 치료용 집속초음파 기기,KRX_KIND_LISTED_COMPANY,https://kind.krx.co.kr/corpgeneral/corpList.do?method=download&searchType=13,2026-07-18T19:41:51+09:00
457190,이수스페셜티케미컬,기초 화학물질 제조업,석유화학제품 및 정밀화학제품,기초 화학물질 제조업 / 석유화학제품 및 정밀화학제품,KRX_KIND_LISTED_COMPANY,https://kind.krx.co.kr/corpgeneral/corpList.do?method=download&searchType=13,2026-07-18T19:41:51+09:00
457370,한켐,기초 화학물질 제조업,OLED 발광층 소재 등,기초 화학물질 제조업 / OLED 발광층 소재 등,KRX_KIND_LISTED_COMPANY,https://kind.krx.co.kr/corpgeneral/corpList.do?method=download&searchType=13,2026-07-18T19:41:51+09:00
457550,우진엔텍,"그외 기타 전문, 과학 및 기술 서비스업",발전소 계측제어설비 정비 서비스,"그외 기타 전문, 과학 및 기술 서비스업 / 발전소 계측제어설비 정비 서비스",KRX_KIND_LISTED_COMPANY,https://kind.krx.co.kr/corpgeneral/corpList.do?method=download&searchType=13,2026-07-18T19:41:51+09:00
457600,벡트,영상 및 음향기기 제조업,프로젝터·전자칠판·전자교탁 및 관련 영상 소프트웨어,영상 및 음향기기 제조업 / 프로젝터·전자칠판·전자교탁 및 관련 영상 소프트웨어,KRX_KIND_LISTED_COMPANY,https://kind.krx.co.kr/corpgeneral/corpList.do?method=download&searchType=13,2026-07-18T19:41:51+09:00
458350,에스팀,기타 사업지원 서비스업,콘텐츠·매니지먼트,기타 사업지원 서비스업 / 콘텐츠·매니지먼트,KRX_KIND_LISTED_COMPANY,https://kind.krx.co.kr/corpgeneral/corpList.do?method=download&searchType=13,2026-07-18T19:41:51+09:00
458650,성우,일차전지 및 이차전지 제조업,이차전지 부품(2170 Topcap Ass'y·S4623 등)·자동차 전장부품(Motor Hou…,일차전지 및 이차전지 제조업 / 이차전지 부품(2170 Topcap Ass'y·S4623 등)·자동차 전장부품(Motor Hou…,KRX_KIND_LISTED_COMPANY,https://kind.krx.co.kr/corpgeneral/corpList.do?method=download&searchType=13,2026-07-18T19:41:51+09:00
458870,씨어스,의료용 기기 제조업,심전도검사솔루션 입원환자모니터링솔루션,의료용 기기 제조업 / 심전도검사솔루션 입원환자모니터링솔루션,KRX_KIND_LISTED_COMPANY,https://kind.krx.co.kr/corpgeneral/corpList.do?method=download&searchType=13,2026-07-18T19:41:51+09:00
459100,위츠,전자부품 제조업,무선충전소재·부품 제조,전자부품 제조업 / 무선충전소재·부품 제조,KRX_KIND_LISTED_COMPANY,https://kind.krx.co.kr/corpgeneral/corpList.do?method=download&searchType=13,2026-07-18T19:41:51+09:00
459510,나우로보틱스,특수 목적용 기계 제조업,산업용로봇 및 로봇자동화시스템,특수 목적용 기계 제조업 / 산업용로봇 및 로봇자동화시스템,KRX_KIND_LISTED_COMPANY,https://kind.krx.co.kr/corpgeneral/corpList.do?method=download&searchType=13,2026-07-18T19:41:51+09:00
459550,알트,통신 및 방송 장비 제조업,시니어폰 및 키즈폰·셋탑박스,통신 및 방송 장비 제조업 / 시니어폰 및 키즈폰·셋탑박스,KRX_KIND_LISTED_COMPANY,https://kind.krx.co.kr/corpgeneral/corpList.do?method=download&searchType=13,2026-07-18T19:41:51+09:00
460470,아이빔테크놀로지,사진장비 및 광학기기 제조업,생체현미경·CRO 서비스,사진장비 및 광학기기 제조업 / 생체현미경·CRO 서비스,KRX_KIND_LISTED_COMPANY,https://kind.krx.co.kr/corpgeneral/corpList.do?method=download&searchType=13,2026-07-18T19:41:51+09:00
460850,동국씨엠,1차 철강 제조업,냉연강판·칼라강판,1차 철강 제조업 / 냉연강판·칼라강판,KRX_KIND_LISTED_COMPANY,https://kind.krx.co.kr/corpgeneral/corpList.do?method=download&searchType=13,2026-07-18T19:41:51+09:00
460860,동국제강,1차 철강 제조업,봉강·형강·후판,1차 철강 제조업 / 봉강·형강·후판,KRX_KIND_LISTED_COMPANY,https://kind.krx.co.kr/corpgeneral/corpList.do?method=download&searchType=13,2026-07-18T19:41:51+09:00
460870,에스엠씨지,유리 및 유리제품 제조업,화장품 유리용기,유리 및 유리제품 제조업 / 화장품 유리용기,KRX_KIND_LISTED_COMPANY,https://kind.krx.co.kr/corpgeneral/corpList.do?method=download&searchType=13,2026-07-18T19:41:51+09:00
460930,현대힘스,선박 및 보트 건조업,선박기자재 (선박 블록·보강재·도장 등),선박 및 보트 건조업 / 선박기자재 (선박 블록·보강재·도장 등),KRX_KIND_LISTED_COMPANY,https://kind.krx.co.kr/corpgeneral/corpList.do?method=download&searchType=13,2026-07-18T19:41:51+09:00
460940,피앤에스로보틱스,의료용 기기 제조업,보행재활로봇 시스템,의료용 기기 제조업 / 보행재활로봇 시스템,KRX_KIND_LISTED_COMPANY,https://kind.krx.co.kr/corpgeneral/corpList.do?method=download&searchType=13,2026-07-18T19:41:51+09:00
461030,아이엠비디엑스,자연과학 및 공학 연구개발업,알파리퀴드ⓡ 100·알파리퀴드ⓡ HRR·알파리퀴드ⓡ 디텍트,자연과학 및 공학 연구개발업 / 알파리퀴드ⓡ 100·알파리퀴드ⓡ HRR·알파리퀴드ⓡ 디텍트,KRX_KIND_LISTED_COMPANY,https://kind.krx.co.kr/corpgeneral/corpList.do?method=download&searchType=13,2026-07-18T19:41:51+09:00
461300,아이스크림미디어,소프트웨어 개발 및 공급업,교육출판·커머스·연수,소프트웨어 개발 및 공급업 / 교육출판·커머스·연수,KRX_KIND_LISTED_COMPANY,https://kind.krx.co.kr/corpgeneral/corpList.do?method=download&searchType=13,2026-07-18T19:41:51+09:00
462310,뉴키즈온,봉제의복 제조업,유아동용 의복,봉제의복 제조업 / 유아동용 의복,KRX_KIND_LISTED_COMPANY,https://kind.krx.co.kr/corpgeneral/corpList.do?method=download&searchType=13,2026-07-18T19:41:51+09:00
462350,이노스페이스,"항공기,우주선 및 부품 제조업",소형발사체·로켓추진기관·과학로켓,"항공기,우주선 및 부품 제조업 / 소형발사체·로켓추진기관·과학로켓",KRX_KIND_LISTED_COMPANY,https://kind.krx.co.kr/corpgeneral/corpList.do?method=download&searchType=13,2026-07-18T19:41:51+09:00
462510,라메디텍,의료용 기기 제조업,초소형 레이저 의료기기 및 미용기기,의료용 기기 제조업 / 초소형 레이저 의료기기 및 미용기기,KRX_KIND_LISTED_COMPANY,https://kind.krx.co.kr/corpgeneral/corpList.do?method=download&searchType=13,2026-07-18T19:41:51+09:00
462520,조선내화,"내화, 비내화 요업제품 제조업",내화 요업제품,"내화, 비내화 요업제품 제조업 / 내화 요업제품",KRX_KIND_LISTED_COMPANY,https://kind.krx.co.kr/corpgeneral/corpList.do?method=download&searchType=13,2026-07-18T19:41:51+09:00
462860,더즌,전기 통신업,디지털뱅킹 솔루션(B2B 금융 서비스),전기 통신업 / 디지털뱅킹 솔루션(B2B 금융 서비스),KRX_KIND_LISTED_COMPANY,https://kind.krx.co.kr/corpgeneral/corpList.do?method=download&searchType=13,2026-07-18T19:41:51+09:00
462870,시프트업,소프트웨어 개발 및 공급업,게임 소프트웨어,소프트웨어 개발 및 공급업 / 게임 소프트웨어,KRX_KIND_LISTED_COMPANY,https://kind.krx.co.kr/corpgeneral/corpList.do?method=download&searchType=13,2026-07-18T19:41:51+09:00
462980,아이지넷,기타 정보 서비스업,보험 서비스 어플리케이션·기업용 보험 솔루션,기타 정보 서비스업 / 보험 서비스 어플리케이션·기업용 보험 솔루션,KRX_KIND_LISTED_COMPANY,https://kind.krx.co.kr/corpgeneral/corpList.do?method=download&searchType=13,2026-07-18T19:41:51+09:00
463020,뉴엔AI,소프트웨어 개발 및 공급업,AI 빅데이터 분석 플랫폼,소프트웨어 개발 및 공급업 / AI 빅데이터 분석 플랫폼,KRX_KIND_LISTED_COMPANY,https://kind.krx.co.kr/corpgeneral/corpList.do?method=download&searchType=13,2026-07-18T19:41:51+09:00
463480,모티브링크,전자부품 제조업,EV용 Main Transformer·EV용 Line Filter,전자부품 제조업 / EV용 Main Transformer·EV용 Line Filter,KRX_KIND_LISTED_COMPANY,https://kind.krx.co.kr/corpgeneral/corpList.do?method=download&searchType=13,2026-07-18T19:41:51+09:00
464080,에스오에스랩,"측정, 시험, 항해, 제어 및 기타 정밀기기 제조업; 광학기기 제외",산업용 및 차량용 라이다(LiDAR),"측정, 시험, 항해, 제어 및 기타 정밀기기 제조업; 광학기기 제외 / 산업용 및 차량용 라이다(LiDAR)",KRX_KIND_LISTED_COMPANY,https://kind.krx.co.kr/corpgeneral/corpList.do?method=download&searchType=13,2026-07-18T19:41:51+09:00
464280,티디에스팜,의약품 제조업,경피약물전달시스템(습포제·첩부제),의약품 제조업 / 경피약물전달시스템(습포제·첩부제),KRX_KIND_LISTED_COMPANY,https://kind.krx.co.kr/corpgeneral/corpList.do?method=download&searchType=13,2026-07-18T19:41:51+09:00
464490,쿼드메디슨,기초 의약물질 제조업,마이크로니들 의약품,기초 의약물질 제조업 / 마이크로니들 의약품,KRX_KIND_LISTED_COMPANY,https://kind.krx.co.kr/corpgeneral/corpList.do?method=download&searchType=13,2026-07-18T19:41:51+09:00
464500,아이언디바이스,반도체 제조업,스마트폰용 오디오 앰프 반도체 Soc,반도체 제조업 / 스마트폰용 오디오 앰프 반도체 Soc,KRX_KIND_LISTED_COMPANY,https://kind.krx.co.kr/corpgeneral/corpList.do?method=download&searchType=13,2026-07-18T19:41:51+09:00
464580,닷밀,"영화, 비디오물, 방송프로그램 제작 및 배급업",실감미디어 콘텐츠 및 시설 구축·전시 및 테마파크 운영,"영화, 비디오물, 방송프로그램 제작 및 배급업 / 실감미디어 콘텐츠 및 시설 구축·전시 및 테마파크 운영",KRX_KIND_LISTED_COMPANY,https://kind.krx.co.kr/corpgeneral/corpList.do?method=download&searchType=13,2026-07-18T19:41:51+09:00
465320,교보15호스팩,금융 지원 서비스업,기업인수합병,금융 지원 서비스업 / 기업인수합병,KRX_KIND_LISTED_COMPANY,https://kind.krx.co.kr/corpgeneral/corpList.do?method=download&searchType=13,2026-07-18T19:41:51+09:00
465480,인스피언,소프트웨어 개발 및 공급업,SAP 보안 솔루션·SAP PO·CPI 컨설팅,소프트웨어 개발 및 공급업 / SAP 보안 솔루션·SAP PO·CPI 컨설팅,KRX_KIND_LISTED_COMPANY,https://kind.krx.co.kr/corpgeneral/corpList.do?method=download&searchType=13,2026-07-18T19:41:51+09:00
465770,STX그린로지스,해상 운송업,해상운송업 및 물류업,해상 운송업 / 해상운송업 및 물류업,KRX_KIND_LISTED_COMPANY,https://kind.krx.co.kr/corpgeneral/corpList.do?method=download&searchType=13,2026-07-18T19:41:51+09:00
466100,클로봇,소프트웨어 개발 및 공급업,로봇 소프트웨어(카멜레온·크롬스),소프트웨어 개발 및 공급업 / 로봇 소프트웨어(카멜레온·크롬스),KRX_KIND_LISTED_COMPANY,https://kind.krx.co.kr/corpgeneral/corpList.do?method=download&searchType=13,2026-07-18T19:41:51+09:00
466410,사이냅소프트,소프트웨어 개발 및 공급업,웹 기반 문서뷰어·문서필터·웹 에디터 등,소프트웨어 개발 및 공급업 / 웹 기반 문서뷰어·문서필터·웹 에디터 등,KRX_KIND_LISTED_COMPANY,https://kind.krx.co.kr/corpgeneral/corpList.do?method=download&searchType=13,2026-07-18T19:41:51+09:00
466690,키움히어로제1호스팩,금융 지원 서비스업,다른 회사와 인수합병,금융 지원 서비스업 / 다른 회사와 인수합병,KRX_KIND_LISTED_COMPANY,https://kind.krx.co.kr/corpgeneral/corpList.do?method=download&searchType=13,2026-07-18T19:41:51+09:00
467930,IBKS제23호스팩,금융 지원 서비스업,기업인수 및 합병,금융 지원 서비스업 / 기업인수 및 합병,KRX_KIND_LISTED_COMPANY,https://kind.krx.co.kr/corpgeneral/corpList.do?method=download&searchType=13,2026-07-18T19:41:51+09:00
468530,프로티나,자연과학 및 공학 연구개발업,단백질간 상호작용 바이오마커 개발 및 분석서비스,자연과학 및 공학 연구개발업 / 단백질간 상호작용 바이오마커 개발 및 분석서비스,KRX_KIND_LISTED_COMPANY,https://kind.krx.co.kr/corpgeneral/corpList.do?method=download&searchType=13,2026-07-18T19:41:51+09:00
468760,유진스팩10호,금융 지원 서비스업,기업인수합병,금융 지원 서비스업 / 기업인수합병,KRX_KIND_LISTED_COMPANY,https://kind.krx.co.kr/corpgeneral/corpList.do?method=download&searchType=13,2026-07-18T19:41:51+09:00
469480,IBKS제24호스팩,금융 지원 서비스업,금융 지원 서비스업,금융 지원 서비스업 / 금융 지원 서비스업,KRX_KIND_LISTED_COMPANY,https://kind.krx.co.kr/corpgeneral/corpList.do?method=download&searchType=13,2026-07-18T19:41:51+09:00
469610,이노테크,특수 목적용 기계 제조업,복합 신뢰성 환경시험 장비,특수 목적용 기계 제조업 / 복합 신뢰성 환경시험 장비,KRX_KIND_LISTED_COMPANY,https://kind.krx.co.kr/corpgeneral/corpList.do?method=download&searchType=13,2026-07-18T19:41:51+09:00
469750,아이비젼웍스,특수 목적용 기계 제조업,이차전지 검사시스템 및 검사시스템 설치셋업용역,특수 목적용 기계 제조업 / 이차전지 검사시스템 및 검사시스템 설치셋업용역,KRX_KIND_LISTED_COMPANY,https://kind.krx.co.kr/corpgeneral/corpList.do?method=download&searchType=13,2026-07-18T19:41:51+09:00
469880,하나30호스팩,금융 지원 서비스업,기업인수합병,금융 지원 서비스업 / 기업인수합병,KRX_KIND_LISTED_COMPANY,https://kind.krx.co.kr/corpgeneral/corpList.do?method=download&searchType=13,2026-07-18T19:41:51+09:00
469900,하나31호스팩,금융 지원 서비스업,기업인수합병,금융 지원 서비스업 / 기업인수합병,KRX_KIND_LISTED_COMPANY,https://kind.krx.co.kr/corpgeneral/corpList.do?method=download&searchType=13,2026-07-18T19:41:51+09:00
471050,대신밸런스제17호스팩,금융 지원 서비스업,금융 지원 서비스업,금융 지원 서비스업 / 금융 지원 서비스업,KRX_KIND_LISTED_COMPANY,https://kind.krx.co.kr/corpgeneral/corpList.do?method=download&searchType=13,2026-07-18T19:41:51+09:00
471820,셀로맥스사이언스,기타 식품 제조업,건강기능식품,기타 식품 제조업 / 건강기능식품,KRX_KIND_LISTED_COMPANY,https://kind.krx.co.kr/corpgeneral/corpList.do?method=download&searchType=13,2026-07-18T19:41:51+09:00
472220,신영스팩10호,금융 지원 서비스업,기업인수합병,금융 지원 서비스업 / 기업인수합병,KRX_KIND_LISTED_COMPANY,https://kind.krx.co.kr/corpgeneral/corpList.do?method=download&searchType=13,2026-07-18T19:41:51+09:00
472230,SK증권제11호스팩,금융 지원 서비스업,기업인수목적 주식회사,금융 지원 서비스업 / 기업인수목적 주식회사,KRX_KIND_LISTED_COMPANY,https://kind.krx.co.kr/corpgeneral/corpList.do?method=download&searchType=13,2026-07-18T19:41:51+09:00
472850,폰드그룹,"섬유, 의복, 신발 및 가죽제품 소매업",의류(언더웨어·의복·잡화,"섬유, 의복, 신발 및 가죽제품 소매업 / 의류(언더웨어·의복·잡화",KRX_KIND_LISTED_COMPANY,https://kind.krx.co.kr/corpgeneral/corpList.do?method=download&searchType=13,2026-07-18T19:41:51+09:00
473000,SK증권제12호스팩,금융 지원 서비스업,기업인수목적 주식회사,금융 지원 서비스업 / 기업인수목적 주식회사,KRX_KIND_LISTED_COMPANY,https://kind.krx.co.kr/corpgeneral/corpList.do?method=download&searchType=13,2026-07-18T19:41:51+09:00
473050,유안타제15호스팩,금융 지원 서비스업,금융 지원 서비스,금융 지원 서비스업 / 금융 지원 서비스,KRX_KIND_LISTED_COMPANY,https://kind.krx.co.kr/corpgeneral/corpList.do?method=download&searchType=13,2026-07-18T19:41:51+09:00
473950,SK증권제13호스팩,금융 지원 서비스업,기업인수목적 주식회사,금융 지원 서비스업 / 기업인수목적 주식회사,KRX_KIND_LISTED_COMPANY,https://kind.krx.co.kr/corpgeneral/corpList.do?method=download&searchType=13,2026-07-18T19:41:51+09:00
473980,노머스,창작 및 예술관련 서비스업,공연기획 및 MD·Fromm 플랫폼,창작 및 예술관련 서비스업 / 공연기획 및 MD·Fromm 플랫폼,KRX_KIND_LISTED_COMPANY,https://kind.krx.co.kr/corpgeneral/corpList.do?method=download&searchType=13,2026-07-18T19:41:51+09:00
474170,루미르,"항공기,우주선 및 부품 제조업",인공위성 시스템 및 전장품·위성 영상 및 정보,"항공기,우주선 및 부품 제조업 / 인공위성 시스템 및 전장품·위성 영상 및 정보",KRX_KIND_LISTED_COMPANY,https://kind.krx.co.kr/corpgeneral/corpList.do?method=download&searchType=13,2026-07-18T19:41:51+09:00
474490,유안타제16호스팩,금융 지원 서비스업,금융 지원 서비스(기업인수목적회사),금융 지원 서비스업 / 금융 지원 서비스(기업인수목적회사),KRX_KIND_LISTED_COMPANY,https://kind.krx.co.kr/corpgeneral/corpList.do?method=download&searchType=13,2026-07-18T19:41:51+09:00
474610,RF시스템즈,기타 금속 가공제품 제조업,방산제품(레이더시스템·안테나시스템·환경제어시스템 등),기타 금속 가공제품 제조업 / 방산제품(레이더시스템·안테나시스템·환경제어시스템 등),KRX_KIND_LISTED_COMPANY,https://kind.krx.co.kr/corpgeneral/corpList.do?method=download&searchType=13,2026-07-18T19:41:51+09:00
474650,링크솔루션,특수 목적용 기계 제조업,3D 프린터 및 3D 프린팅 서비스,특수 목적용 기계 제조업 / 3D 프린터 및 3D 프린팅 서비스,KRX_KIND_LISTED_COMPANY,https://kind.krx.co.kr/corpgeneral/corpList.do?method=download&searchType=13,2026-07-18T19:41:51+09:00
474660,신한제12호스팩,금융 지원 서비스업,금융서비스(기업인수목적회사),금융 지원 서비스업 / 금융서비스(기업인수목적회사),KRX_KIND_LISTED_COMPANY,https://kind.krx.co.kr/corpgeneral/corpList.do?method=download&searchType=13,2026-07-18T19:41:51+09:00
474930,신한제13호스팩,금융 지원 서비스업,기타금융서비스(기업합병),금융 지원 서비스업 / 기타금융서비스(기업합병),KRX_KIND_LISTED_COMPANY,https://kind.krx.co.kr/corpgeneral/corpList.do?method=download&searchType=13,2026-07-18T19:41:51+09:00
475040,스트라드비젼,소프트웨어 개발 및 공급업,딥러닝 기반 인공지능(AI) 카메라 영상인식 소프트웨어,소프트웨어 개발 및 공급업 / 딥러닝 기반 인공지능(AI) 카메라 영상인식 소프트웨어,KRX_KIND_LISTED_COMPANY,https://kind.krx.co.kr/corpgeneral/corpList.do?method=download&searchType=13,2026-07-18T19:41:51+09:00
475150,SK이터닉스,건물 건설업,부동산 개발,건물 건설업 / 부동산 개발,KRX_KIND_LISTED_COMPANY,https://kind.krx.co.kr/corpgeneral/corpList.do?method=download&searchType=13,2026-07-18T19:41:51+09:00
475230,엔알비,기타 금속 가공제품 제조업,이동형 모듈러 임대 및 판매,기타 금속 가공제품 제조업 / 이동형 모듈러 임대 및 판매,KRX_KIND_LISTED_COMPANY,https://kind.krx.co.kr/corpgeneral/corpList.do?method=download&searchType=13,2026-07-18T19:41:51+09:00
475240,하나32호스팩,금융 지원 서비스업,기업인수합병,금융 지원 서비스업 / 기업인수합병,KRX_KIND_LISTED_COMPANY,https://kind.krx.co.kr/corpgeneral/corpList.do?method=download&searchType=13,2026-07-18T19:41:51+09:00
475250,하나33호스팩,금융 지원 서비스업,기업인수합병,금융 지원 서비스업 / 기업인수합병,KRX_KIND_LISTED_COMPANY,https://kind.krx.co.kr/corpgeneral/corpList.do?method=download&searchType=13,2026-07-18T19:41:51+09:00
475400,씨메스로보틱스,특수 목적용 기계 제조업,AI 기반 로봇 솔루션 및 3D 비전 솔루션,특수 목적용 기계 제조업 / AI 기반 로봇 솔루션 및 3D 비전 솔루션,KRX_KIND_LISTED_COMPANY,https://kind.krx.co.kr/corpgeneral/corpList.do?method=download&searchType=13,2026-07-18T19:41:51+09:00
475430,키스트론,절연선 및 케이블 제조업,전자부품용 와이어·케이블용 와이어 등,절연선 및 케이블 제조업 / 전자부품용 와이어·케이블용 와이어 등,KRX_KIND_LISTED_COMPANY,https://kind.krx.co.kr/corpgeneral/corpList.do?method=download&searchType=13,2026-07-18T19:41:51+09:00
475460,미트박스,기타 정보 서비스업,축산물 도소매 판매 및 중개,기타 정보 서비스업 / 축산물 도소매 판매 및 중개,KRX_KIND_LISTED_COMPANY,https://kind.krx.co.kr/corpgeneral/corpList.do?method=download&searchType=13,2026-07-18T19:41:51+09:00
475560,더본코리아,상품 종합 도매업,프랜차이즈,상품 종합 도매업 / 프랜차이즈,KRX_KIND_LISTED_COMPANY,https://kind.krx.co.kr/corpgeneral/corpList.do?method=download&searchType=13,2026-07-18T19:41:51+09:00
475580,에이럭스,그외 기타 제품 제조업,교육용 드론·로봇 및 코딩 콘텐츠,그외 기타 제품 제조업 / 교육용 드론·로봇 및 코딩 콘텐츠,KRX_KIND_LISTED_COMPANY,https://kind.krx.co.kr/corpgeneral/corpList.do?method=download&searchType=13,2026-07-18T19:41:51+09:00
475660,에스켐,기타 화학제품 제조업,OLED 유기화합물 등,기타 화학제품 제조업 / OLED 유기화합물 등,KRX_KIND_LISTED_COMPANY,https://kind.krx.co.kr/corpgeneral/corpList.do?method=download&searchType=13,2026-07-18T19:41:51+09:00
475830,오름테라퓨틱,기초 의약물질 제조업,항체약물접합체(ADC) 단백질 분해제(TPD) 연구 개발,기초 의약물질 제조업 / 항체약물접합체(ADC) 단백질 분해제(TPD) 연구 개발,KRX_KIND_LISTED_COMPANY,https://kind.krx.co.kr/corpgeneral/corpList.do?method=download&searchType=13,2026-07-18T19:41:51+09:00
475960,토모큐브,사진장비 및 광학기기 제조업,홀로토모그래피 HT-X1·HT-2H,사진장비 및 광학기기 제조업 / 홀로토모그래피 HT-X1·HT-2H,KRX_KIND_LISTED_COMPANY,https://kind.krx.co.kr/corpgeneral/corpList.do?method=download&searchType=13,2026-07-18T19:41:51+09:00
476040,오가노이드사이언스,자연과학 및 공학 연구개발업,오가노이드 기반 재생치료제·오가노이드 기반 신소재평가 솔루션,자연과학 및 공학 연구개발업 / 오가노이드 기반 재생치료제·오가노이드 기반 신소재평가 솔루션,KRX_KIND_LISTED_COMPANY,https://kind.krx.co.kr/corpgeneral/corpList.do?method=download&searchType=13,2026-07-18T19:41:51+09:00
476060,온코닉테라퓨틱스,자연과학 및 공학 연구개발업,자큐보정(Zastaprazan·소화기질환 신약)·Nesuparib(표적항암제 신약),자연과학 및 공학 연구개발업 / 자큐보정(Zastaprazan·소화기질환 신약)·Nesuparib(표적항암제 신약),KRX_KIND_LISTED_COMPANY,https://kind.krx.co.kr/corpgeneral/corpList.do?method=download&searchType=13,2026-07-18T19:41:51+09:00
476080,M83,"영화, 비디오물, 방송프로그램 제작 및 배급업",VFX,"영화, 비디오물, 방송프로그램 제작 및 배급업 / VFX",KRX_KIND_LISTED_COMPANY,https://kind.krx.co.kr/corpgeneral/corpList.do?method=download&searchType=13,2026-07-18T19:41:51+09:00
476710,타조이엔터테인먼트,창작 및 예술관련 서비스업,공연기획·방송·공연,창작 및 예술관련 서비스업 / 공연기획·방송·공연,KRX_KIND_LISTED_COMPANY,https://kind.krx.co.kr/corpgeneral/corpList.do?method=download&searchType=13,2026-07-18T19:41:51+09:00
476830,알지노믹스,자연과학 및 공학 연구개발업,인체질환치료제 및 진단제·진단용 유전자재조합 의약품,자연과학 및 공학 연구개발업 / 인체질환치료제 및 진단제·진단용 유전자재조합 의약품,KRX_KIND_LISTED_COMPANY,https://kind.krx.co.kr/corpgeneral/corpList.do?method=download&searchType=13,2026-07-18T19:41:51+09:00
477340,에이치엠씨제7호스팩,금융 지원 서비스업,기타금융,금융 지원 서비스업 / 기타금융,KRX_KIND_LISTED_COMPANY,https://kind.krx.co.kr/corpgeneral/corpList.do?method=download&searchType=13,2026-07-18T19:41:51+09:00
477380,미래에셋비전스팩4호,금융 지원 서비스업,기업인수목적회사(기타금융서비스),금융 지원 서비스업 / 기업인수목적회사(기타금융서비스),KRX_KIND_LISTED_COMPANY,https://kind.krx.co.kr/corpgeneral/corpList.do?method=download&searchType=13,2026-07-18T19:41:51+09:00
477470,미래에셋비전스팩5호,금융 지원 서비스업,기업인수합병,금융 지원 서비스업 / 기업인수합병,KRX_KIND_LISTED_COMPANY,https://kind.krx.co.kr/corpgeneral/corpList.do?method=download&searchType=13,2026-07-18T19:41:51+09:00
477760,디비금융스팩12호,기타 금융업,기업인수 및 합병,기타 금융업 / 기업인수 및 합병,KRX_KIND_LISTED_COMPANY,https://kind.krx.co.kr/corpgeneral/corpList.do?method=download&searchType=13,2026-07-18T19:41:51+09:00
477850,마키나락스,소프트웨어 개발 및 공급업,Runway Platform (산업특화 인공지능 개발 및 운영 체계 구축 플랫폼),소프트웨어 개발 및 공급업 / Runway Platform (산업특화 인공지능 개발 및 운영 체계 구축 플랫폼),KRX_KIND_LISTED_COMPANY,https://kind.krx.co.kr/corpgeneral/corpList.do?method=download&searchType=13,2026-07-18T19:41:51+09:00
478110,이베스트스팩6호,금융 지원 서비스업,기업인수목적 주식회사,금융 지원 서비스업 / 기업인수목적 주식회사,KRX_KIND_LISTED_COMPANY,https://kind.krx.co.kr/corpgeneral/corpList.do?method=download&searchType=13,2026-07-18T19:41:51+09:00
478340,나라스페이스테크놀로지,"항공기,우주선 및 부품 제조업",초소형 인공위성 및 위성 데이터 서비스,"항공기,우주선 및 부품 제조업 / 초소형 인공위성 및 위성 데이터 서비스",KRX_KIND_LISTED_COMPANY,https://kind.krx.co.kr/corpgeneral/corpList.do?method=download&searchType=13,2026-07-18T19:41:51+09:00
478390,KB제29호스팩,금융 지원 서비스업,기업인수합병,금융 지원 서비스업 / 기업인수합병,KRX_KIND_LISTED_COMPANY,https://kind.krx.co.kr/corpgeneral/corpList.do?method=download&searchType=13,2026-07-18T19:41:51+09:00
478440,미래에셋비전스팩6호,금융 지원 서비스업,기업인수합병,금융 지원 서비스업 / 기업인수합병,KRX_KIND_LISTED_COMPANY,https://kind.krx.co.kr/corpgeneral/corpList.do?method=download&searchType=13,2026-07-18T19:41:51+09:00
478560,블랙야크아이앤씨,신발 및 신발 부분품 제조업,산업용 안전화·안전복 및 안전용품,신발 및 신발 부분품 제조업 / 산업용 안전화·안전복 및 안전용품,KRX_KIND_LISTED_COMPANY,https://kind.krx.co.kr/corpgeneral/corpList.do?method=download&searchType=13,2026-07-18T19:41:51+09:00
479880,한국제15호스팩,금융 지원 서비스업,기업인수합병,금융 지원 서비스업 / 기업인수합병,KRX_KIND_LISTED_COMPANY,https://kind.krx.co.kr/corpgeneral/corpList.do?method=download&searchType=13,2026-07-18T19:41:51+09:00
479960,위너스일렉,기타 전기장비 제조업,배선기구(스위치·콘센트·멀티탭),기타 전기장비 제조업 / 배선기구(스위치·콘센트·멀티탭),KRX_KIND_LISTED_COMPANY,https://kind.krx.co.kr/corpgeneral/corpList.do?method=download&searchType=13,2026-07-18T19:41:51+09:00
480370,씨케이솔루션,일반 목적용 기계 제조업,드라이룸·클린룸 등 건물용 기계·장비 설치 공사업,일반 목적용 기계 제조업 / 드라이룸·클린룸 등 건물용 기계·장비 설치 공사업,KRX_KIND_LISTED_COMPANY,https://kind.krx.co.kr/corpgeneral/corpList.do?method=download&searchType=13,2026-07-18T19:41:51+09:00
481070,에이유브랜즈,"섬유, 의복, 신발 및 가죽제품 소매업",레인부츠·스니커즈·겨울화,"섬유, 의복, 신발 및 가죽제품 소매업 / 레인부츠·스니커즈·겨울화",KRX_KIND_LISTED_COMPANY,https://kind.krx.co.kr/corpgeneral/corpList.do?method=download&searchType=13,2026-07-18T19:41:51+09:00
481850,신한글로벌액티브리츠,신탁업 및 집합투자업,신탁 및 집합투자,신탁업 및 집합투자업 / 신탁 및 집합투자,KRX_KIND_LISTED_COMPANY,https://kind.krx.co.kr/corpgeneral/corpList.do?method=download&searchType=13,2026-07-18T19:41:51+09:00
481890,엔에이치스팩31호,금융 지원 서비스업,금융지원서비스업,금융 지원 서비스업 / 금융지원서비스업,KRX_KIND_LISTED_COMPANY,https://kind.krx.co.kr/corpgeneral/corpList.do?method=download&searchType=13,2026-07-18T19:41:51+09:00
482520,교보16호스팩,금융 지원 서비스업,기업인수합병,금융 지원 서비스업 / 기업인수합병,KRX_KIND_LISTED_COMPANY,https://kind.krx.co.kr/corpgeneral/corpList.do?method=download&searchType=13,2026-07-18T19:41:51+09:00
482630,삼양엔씨켐,기타 화학제품 제조업,반도체 포토레지스트용 기초화합물(KrF PR용 소재·ArF PR용 소재·Wet Chemical),기타 화학제품 제조업 / 반도체 포토레지스트용 기초화합물(KrF PR용 소재·ArF PR용 소재·Wet Chemical),KRX_KIND_LISTED_COMPANY,https://kind.krx.co.kr/corpgeneral/corpList.do?method=download&searchType=13,2026-07-18T19:41:51+09:00
482680,미래에셋비전스팩7호,금융 지원 서비스업,기업인수합병,금융 지원 서비스업 / 기업인수합병,KRX_KIND_LISTED_COMPANY,https://kind.krx.co.kr/corpgeneral/corpList.do?method=download&searchType=13,2026-07-18T19:41:51+09:00
482690,대신밸런스제19호스팩,금융 지원 서비스업,기업 인수 및 합병,금융 지원 서비스업 / 기업 인수 및 합병,KRX_KIND_LISTED_COMPANY,https://kind.krx.co.kr/corpgeneral/corpList.do?method=download&searchType=13,2026-07-18T19:41:51+09:00
483650,달바글로벌,기타 화학제품 제조업,기초 화장품·건강기능식품 등,기타 화학제품 제조업 / 기초 화장품·건강기능식품 등,KRX_KIND_LISTED_COMPANY,https://kind.krx.co.kr/corpgeneral/corpList.do?method=download&searchType=13,2026-07-18T19:41:51+09:00
484120,도우인시스,전자부품 제조업,초박형 유리(UTG),전자부품 제조업 / 초박형 유리(UTG),KRX_KIND_LISTED_COMPANY,https://kind.krx.co.kr/corpgeneral/corpList.do?method=download&searchType=13,2026-07-18T19:41:51+09:00
484130,하나34호스팩,금융 지원 서비스업,기업인수목적,금융 지원 서비스업 / 기업인수목적,KRX_KIND_LISTED_COMPANY,https://kind.krx.co.kr/corpgeneral/corpList.do?method=download&searchType=13,2026-07-18T19:41:51+09:00
484590,삼양컴텍,무기 및 총포탄 제조업,방위산업방탄제품(K-SAP·유리섬유제품·방탄헬멧,무기 및 총포탄 제조업 / 방위산업방탄제품(K-SAP·유리섬유제품·방탄헬멧,KRX_KIND_LISTED_COMPANY,https://kind.krx.co.kr/corpgeneral/corpList.do?method=download&searchType=13,2026-07-18T19:41:51+09:00
484810,티엑스알로보틱스,일반 목적용 기계 제조업,물류자동화·로봇자동화·AMR,일반 목적용 기계 제조업 / 물류자동화·로봇자동화·AMR,KRX_KIND_LISTED_COMPANY,https://kind.krx.co.kr/corpgeneral/corpList.do?method=download&searchType=13,2026-07-18T19:41:51+09:00
484870,엠앤씨솔루션,특수 목적용 기계 제조업,방위산업용 유압식·전기식 부품 및 시스템,특수 목적용 기계 제조업 / 방위산업용 유압식·전기식 부품 및 시스템,KRX_KIND_LISTED_COMPANY,https://kind.krx.co.kr/corpgeneral/corpList.do?method=download&searchType=13,2026-07-18T19:41:51+09:00
486630,KB제30호스팩,금융 지원 서비스업,기업인수합병,금융 지원 서비스업 / 기업인수합병,KRX_KIND_LISTED_COMPANY,https://kind.krx.co.kr/corpgeneral/corpList.do?method=download&searchType=13,2026-07-18T19:41:51+09:00
486990,노타,소프트웨어 개발 및 공급업,AI 최적화 및 경량화 소프트웨어,소프트웨어 개발 및 공급업 / AI 최적화 및 경량화 소프트웨어,KRX_KIND_LISTED_COMPANY,https://kind.krx.co.kr/corpgeneral/corpList.do?method=download&searchType=13,2026-07-18T19:41:51+09:00
487360,신한제14호스팩,금융 지원 서비스업,금융 지원 서비스업,금융 지원 서비스업 / 금융 지원 서비스업,KRX_KIND_LISTED_COMPANY,https://kind.krx.co.kr/corpgeneral/corpList.do?method=download&searchType=13,2026-07-18T19:41:51+09:00
487570,HS효성,기타 금융업,지주사업,기타 금융업 / 지주사업,KRX_KIND_LISTED_COMPANY,https://kind.krx.co.kr/corpgeneral/corpList.do?method=download&searchType=13,2026-07-18T19:41:51+09:00
487580,폴레드,가정용 기기 제조업,유아용품(카시트 및 관련 악세서리·유아가전 등),가정용 기기 제조업 / 유아용품(카시트 및 관련 악세서리·유아가전 등),KRX_KIND_LISTED_COMPANY,https://kind.krx.co.kr/corpgeneral/corpList.do?method=download&searchType=13,2026-07-18T19:41:51+09:00
487720,키움제10호스팩,금융 지원 서비스업,기업 인수합병,금융 지원 서비스업 / 기업 인수합병,KRX_KIND_LISTED_COMPANY,https://kind.krx.co.kr/corpgeneral/corpList.do?method=download&searchType=13,2026-07-18T19:41:51+09:00
487830,신한제15호스팩,금융 지원 서비스업,금융 지원 서비스업,금융 지원 서비스업 / 금융 지원 서비스업,KRX_KIND_LISTED_COMPANY,https://kind.krx.co.kr/corpgeneral/corpList.do?method=download&searchType=13,2026-07-18T19:41:51+09:00
488060,유진스팩11호,금융 지원 서비스업,기업인수합병,금융 지원 서비스업 / 기업인수합병,KRX_KIND_LISTED_COMPANY,https://kind.krx.co.kr/corpgeneral/corpList.do?method=download&searchType=13,2026-07-18T19:41:51+09:00
488280,에스투더블유,소프트웨어 개발 및 공급업,공공·정부기관용 사이버안보 빅데이터 플랫폼·기업 및 기관용 사이버위협 인텔리전스 플랫폼,소프트웨어 개발 및 공급업 / 공공·정부기관용 사이버안보 빅데이터 플랫폼·기업 및 기관용 사이버위협 인텔리전스 플랫폼,KRX_KIND_LISTED_COMPANY,https://kind.krx.co.kr/corpgeneral/corpList.do?method=download&searchType=13,2026-07-18T19:41:51+09:00
488900,비츠로넥스텍,"항공기,우주선 및 부품 제조업",로켓연소기 및 가스발생기·초전도가속장치·핵융합 플라즈마 대향장치 등 제조,"항공기,우주선 및 부품 제조업 / 로켓연소기 및 가스발생기·초전도가속장치·핵융합 플라즈마 대향장치 등 제조",KRX_KIND_LISTED_COMPANY,https://kind.krx.co.kr/corpgeneral/corpList.do?method=download&searchType=13,2026-07-18T19:41:51+09:00
489210,교보17호스팩,금융 지원 서비스업,기업인수합병,금융 지원 서비스업 / 기업인수합병,KRX_KIND_LISTED_COMPANY,https://kind.krx.co.kr/corpgeneral/corpList.do?method=download&searchType=13,2026-07-18T19:41:51+09:00
489460,바이오비쥬,기타 화학제품 제조업,스킨부스터 제품 및 필러,기타 화학제품 제조업 / 스킨부스터 제품 및 필러,KRX_KIND_LISTED_COMPANY,https://kind.krx.co.kr/corpgeneral/corpList.do?method=download&searchType=13,2026-07-18T19:41:51+09:00
489480,키움제11호스팩,금융 지원 서비스업,기업 인수합병,금융 지원 서비스업 / 기업 인수합병,KRX_KIND_LISTED_COMPANY,https://kind.krx.co.kr/corpgeneral/corpList.do?method=download&searchType=13,2026-07-18T19:41:51+09:00
489500,엘케이켐,기타 화학제품 제조업,반도체 소재(CP·PCP·DIS) 등,기타 화학제품 제조업 / 반도체 소재(CP·PCP·DIS) 등,KRX_KIND_LISTED_COMPANY,https://kind.krx.co.kr/corpgeneral/corpList.do?method=download&searchType=13,2026-07-18T19:41:51+09:00
489730,디비금융제13호스팩,기타 금융업,기업인수 및 합병,기타 금융업 / 기업인수 및 합병,KRX_KIND_LISTED_COMPANY,https://kind.krx.co.kr/corpgeneral/corpList.do?method=download&searchType=13,2026-07-18T19:41:51+09:00
489790,한화비전,통신 및 방송 장비 제조업,비금융지주회사,통신 및 방송 장비 제조업 / 비금융지주회사,KRX_KIND_LISTED_COMPANY,https://kind.krx.co.kr/corpgeneral/corpList.do?method=download&searchType=13,2026-07-18T19:41:51+09:00
490470,세미파이브,"건축기술, 엔지니어링 및 관련 기술 서비스업",반도체 설계 서비스,"건축기술, 엔지니어링 및 관련 기술 서비스업 / 반도체 설계 서비스",KRX_KIND_LISTED_COMPANY,https://kind.krx.co.kr/corpgeneral/corpList.do?method=download&searchType=13,2026-07-18T19:41:51+09:00
491000,리브스메드,의료용 기기 제조업,다관절 다자유도 복강경 수술기구인 ArtiSential·ArtiSeal·ArtiStapler,의료용 기기 제조업 / 다관절 다자유도 복강경 수술기구인 ArtiSential·ArtiSeal·ArtiStapler,KRX_KIND_LISTED_COMPANY,https://kind.krx.co.kr/corpgeneral/corpList.do?method=download&searchType=13,2026-07-18T19:41:51+09:00
492220,KB제31호스팩,금융 지원 서비스업,기업인수합병,금융 지원 서비스업 / 기업인수합병,KRX_KIND_LISTED_COMPANY,https://kind.krx.co.kr/corpgeneral/corpList.do?method=download&searchType=13,2026-07-18T19:41:51+09:00
493280,아이엠바이오로직스,자연과학 및 공학 연구개발업,IMB-101 (OX40L·TNF 타깃 자가면역질환 치료용 이중항체)·IMB-102 (OX40L…,자연과학 및 공학 연구개발업 / IMB-101 (OX40L·TNF 타깃 자가면역질환 치료용 이중항체)·IMB-102 (OX40L…,KRX_KIND_LISTED_COMPANY,https://kind.krx.co.kr/corpgeneral/corpList.do?method=download&searchType=13,2026-07-18T19:41:51+09:00
493330,지에프아이,일반 목적용 기계 제조업,2차전지소화안전제품·일반소화안전제품,일반 목적용 기계 제조업 / 2차전지소화안전제품·일반소화안전제품,KRX_KIND_LISTED_COMPANY,https://kind.krx.co.kr/corpgeneral/corpList.do?method=download&searchType=13,2026-07-18T19:41:51+09:00
493790,유안타제17호스팩,금융 지원 서비스업,금융 지원 서비스업,금융 지원 서비스업 / 금융 지원 서비스업,KRX_KIND_LISTED_COMPANY,https://kind.krx.co.kr/corpgeneral/corpList.do?method=download&searchType=13,2026-07-18T19:41:51+09:00
494120,큐리오시스,사진장비 및 광학기기 제조업,라이브셀 이미징 기기 등,사진장비 및 광학기기 제조업 / 라이브셀 이미징 기기 등,KRX_KIND_LISTED_COMPANY,https://kind.krx.co.kr/corpgeneral/corpList.do?method=download&searchType=13,2026-07-18T19:41:51+09:00
495810,유비씨,소프트웨어 개발 및 공급업,디지털트윈 구현 플랫폼(Flexing CPS·Flexing DT 등),소프트웨어 개발 및 공급업 / 디지털트윈 구현 플랫폼(Flexing CPS·Flexing DT 등),KRX_KIND_LISTED_COMPANY,https://kind.krx.co.kr/corpgeneral/corpList.do?method=download&searchType=13,2026-07-18T19:41:51+09:00
496070,신한제16호스팩,금융 지원 서비스업,기타금융서비스(기업합병),금융 지원 서비스업 / 기타금융서비스(기업합병),KRX_KIND_LISTED_COMPANY,https://kind.krx.co.kr/corpgeneral/corpList.do?method=download&searchType=13,2026-07-18T19:41:51+09:00
496320,본시스템즈,특수 목적용 기계 제조업,감속기 등 로봇부품,특수 목적용 기계 제조업 / 감속기 등 로봇부품,KRX_KIND_LISTED_COMPANY,https://kind.krx.co.kr/corpgeneral/corpList.do?method=download&searchType=13,2026-07-18T19:41:51+09:00
498390,한화플러스제5호스팩,금융 지원 서비스업,,금융 지원 서비스업,KRX_KIND_LISTED_COMPANY,https://kind.krx.co.kr/corpgeneral/corpList.do?method=download&searchType=13,2026-07-18T19:41:51+09:00
499790,GS피앤엘,기타 금융업,지주회사,기타 금융업 / 지주회사,KRX_KIND_LISTED_COMPANY,https://kind.krx.co.kr/corpgeneral/corpList.do?method=download&searchType=13,2026-07-18T19:41:51+09:00
900070,글로벌에스엠,기타 금융업,자회사 제품 : IT기기용 정밀 화스너부품(스크류·샤프트·스프링),기타 금융업 / 자회사 제품 : IT기기용 정밀 화스너부품(스크류·샤프트·스프링),KRX_KIND_LISTED_COMPANY,https://kind.krx.co.kr/corpgeneral/corpList.do?method=download&searchType=13,2026-07-18T19:41:51+09:00
900100,파이온엑스,자동차 부품 및 내장품 판매업,의류판매,자동차 부품 및 내장품 판매업 / 의류판매,KRX_KIND_LISTED_COMPANY,https://kind.krx.co.kr/corpgeneral/corpList.do?method=download&searchType=13,2026-07-18T19:41:51+09:00
900110,딥커머스,기타 금융업,스포츠화·스포츠의류,기타 금융업 / 스포츠화·스포츠의류,KRX_KIND_LISTED_COMPANY,https://kind.krx.co.kr/corpgeneral/corpList.do?method=download&searchType=13,2026-07-18T19:41:51+09:00
900120,씨엑스아이,기타 금융업,건강보조식품,기타 금융업 / 건강보조식품,KRX_KIND_LISTED_COMPANY,https://kind.krx.co.kr/corpgeneral/corpList.do?method=download&searchType=13,2026-07-18T19:41:51+09:00
900140,엘브이엠씨,자동차 판매업,지주회사,자동차 판매업 / 지주회사,KRX_KIND_LISTED_COMPANY,https://kind.krx.co.kr/corpgeneral/corpList.do?method=download&searchType=13,2026-07-18T19:41:51+09:00
900250,크리스탈신소재,기타 금융업,합성운모 플레이크·파우더·테이프,기타 금융업 / 합성운모 플레이크·파우더·테이프,KRX_KIND_LISTED_COMPANY,https://kind.krx.co.kr/corpgeneral/corpList.do?method=download&searchType=13,2026-07-18T19:41:51+09:00
900260,로스웰,기타 금융업,CAN Control Gateway·CAN기능모듈·BCM 차체제어모듈,기타 금융업 / CAN Control Gateway·CAN기능모듈·BCM 차체제어모듈,KRX_KIND_LISTED_COMPANY,https://kind.krx.co.kr/corpgeneral/corpList.do?method=download&searchType=13,2026-07-18T19:41:51+09:00
900270,헝셩그룹,기타 금융업,자회사 제품 : 아동용 완구 및 아동복 등,기타 금융업 / 자회사 제품 : 아동용 완구 및 아동복 등,KRX_KIND_LISTED_COMPANY,https://kind.krx.co.kr/corpgeneral/corpList.do?method=download&searchType=13,2026-07-18T19:41:51+09:00
900290,GRT,기타 금융업,광학필름·포장필름,기타 금융업 / 광학필름·포장필름,KRX_KIND_LISTED_COMPANY,https://kind.krx.co.kr/corpgeneral/corpList.do?method=download&searchType=13,2026-07-18T19:41:51+09:00
900300,오가닉티코스메틱,기타 금융업,유아용 화장품(클렌징·여름용·피부케어,기타 금융업 / 유아용 화장품(클렌징·여름용·피부케어,KRX_KIND_LISTED_COMPANY,https://kind.krx.co.kr/corpgeneral/corpList.do?method=download&searchType=13,2026-07-18T19:41:51+09:00
900310,컬러레이,기타 금융업,화장품용 진주광택안료,기타 금융업 / 화장품용 진주광택안료,KRX_KIND_LISTED_COMPANY,https://kind.krx.co.kr/corpgeneral/corpList.do?method=download&searchType=13,2026-07-18T19:41:51+09:00
900340,윙입푸드,기타 금융업,육가공 제품,기타 금융업 / 육가공 제품,KRX_KIND_LISTED_COMPANY,https://kind.krx.co.kr/corpgeneral/corpList.do?method=download&searchType=13,2026-07-18T19:41:51+09:00
950130,엑세스바이오,의료용품 및 기타 의약 관련제품 제조업,말라리아 진단키트(RDT)·HIV 진단키트(RDT),의료용품 및 기타 의약 관련제품 제조업 / 말라리아 진단키트(RDT)·HIV 진단키트(RDT),KRX_KIND_LISTED_COMPANY,https://kind.krx.co.kr/corpgeneral/corpList.do?method=download&searchType=13,2026-07-18T19:41:51+09:00
950140,잉글우드랩,기타 화학제품 제조업,화장품OEM·ODM,기타 화학제품 제조업 / 화장품OEM·ODM,KRX_KIND_LISTED_COMPANY,https://kind.krx.co.kr/corpgeneral/corpList.do?method=download&searchType=13,2026-07-18T19:41:51+09:00
950160,코오롱티슈진,기초 의약물질 제조업,골관절염 치료제,기초 의약물질 제조업 / 골관절염 치료제,KRX_KIND_LISTED_COMPANY,https://kind.krx.co.kr/corpgeneral/corpList.do?method=download&searchType=13,2026-07-18T19:41:51+09:00
950170,JTC,종합 소매업,식품류·생활용품류·화장품류 (사후면세업),종합 소매업 / 식품류·생활용품류·화장품류 (사후면세업),KRX_KIND_LISTED_COMPANY,https://kind.krx.co.kr/corpgeneral/corpList.do?method=download&searchType=13,2026-07-18T19:41:51+09:00
950190,고스트스튜디오,소프트웨어 개발 및 공급업,캐주얼게임·소셜카지노게임,소프트웨어 개발 및 공급업 / 캐주얼게임·소셜카지노게임,KRX_KIND_LISTED_COMPANY,https://kind.krx.co.kr/corpgeneral/corpList.do?method=download&searchType=13,2026-07-18T19:41:51+09:00
950200,소마젠,"그외 기타 전문, 과학 및 기술 서비스업",유전체 분석 서비스 (NGS·CES 등),"그외 기타 전문, 과학 및 기술 서비스업 / 유전체 분석 서비스 (NGS·CES 등)",KRX_KIND_LISTED_COMPANY,https://kind.krx.co.kr/corpgeneral/corpList.do?method=download&searchType=13,2026-07-18T19:41:51+09:00
950210,프레스티지바이오파마,자연과학 및 공학 연구개발업,바이오시밀러 및 항체의약품 신약,자연과학 및 공학 연구개발업 / 바이오시밀러 및 항체의약품 신약,KRX_KIND_LISTED_COMPANY,https://kind.krx.co.kr/corpgeneral/corpList.do?method=download&searchType=13,2026-07-18T19:41:51+09:00
950220,네오이뮨텍,자연과학 및 공학 연구개발업,면역항암제,자연과학 및 공학 연구개발업 / 면역항암제,KRX_KIND_LISTED_COMPANY,https://kind.krx.co.kr/corpgeneral/corpList.do?method=download&searchType=13,2026-07-18T19:41:51+09:00
950250,테라뷰,기타 금융업,테라헤르츠 전자기파 발생 및 응용 검사장비,기타 금융업 / 테라헤르츠 전자기파 발생 및 응용 검사장비,KRX_KIND_LISTED_COMPANY,https://kind.krx.co.kr/corpgeneral/corpList.do?method=download&searchType=13,2026-07-18T19:41:51+09:00
