ticker,corp_code,corp_name,operating_profit,operating_profit_unit,operating_loss_flag,operating_loss_basis,operating_loss_source_status,account_nm,fs_div,sj_div,bsns_year,reprt_code,target_period_key,fetched_at_kst
000020,,,,KRW,,,NO_DART_API_KEY,,,,,,2026_11013,2026-06-10T04:46:35+09:00
000040,,,,KRW,,,NO_DART_API_KEY,,,,,,2026_11013,2026-06-10T04:46:35+09:00
000050,,,,KRW,,,NO_DART_API_KEY,,,,,,2026_11013,2026-06-10T04:46:35+09:00
000070,,,,KRW,,,NO_DART_API_KEY,,,,,,2026_11013,2026-06-10T04:46:35+09:00
000080,,,,KRW,,,NO_DART_API_KEY,,,,,,2026_11013,2026-06-10T04:46:35+09:00
000087,,,,KRW,,,NO_DART_API_KEY,,,,,,2026_11013,2026-06-10T04:46:35+09:00
000100,,,,KRW,,,NO_DART_API_KEY,,,,,,2026_11013,2026-06-10T04:46:35+09:00
000105,,,,KRW,,,NO_DART_API_KEY,,,,,,2026_11013,2026-06-10T04:46:35+09:00
000120,,,,KRW,,,NO_DART_API_KEY,,,,,,2026_11013,2026-06-10T04:46:35+09:00
000140,,,,KRW,,,NO_DART_API_KEY,,,,,,2026_11013,2026-06-10T04:46:35+09:00
000145,,,,KRW,,,NO_DART_API_KEY,,,,,,2026_11013,2026-06-10T04:46:35+09:00
000150,,,,KRW,,,NO_DART_API_KEY,,,,,,2026_11013,2026-06-10T04:46:35+09:00
000155,,,,KRW,,,NO_DART_API_KEY,,,,,,2026_11013,2026-06-10T04:46:35+09:00
000157,,,,KRW,,,NO_DART_API_KEY,,,,,,2026_11013,2026-06-10T04:46:35+09:00
000180,,,,KRW,,,NO_DART_API_KEY,,,,,,2026_11013,2026-06-10T04:46:35+09:00
000210,,,,KRW,,,NO_DART_API_KEY,,,,,,2026_11013,2026-06-10T04:46:35+09:00
000215,,,,KRW,,,NO_DART_API_KEY,,,,,,2026_11013,2026-06-10T04:46:35+09:00
000220,,,,KRW,,,NO_DART_API_KEY,,,,,,2026_11013,2026-06-10T04:46:35+09:00
000225,,,,KRW,,,NO_DART_API_KEY,,,,,,2026_11013,2026-06-10T04:46:35+09:00
000227,,,,KRW,,,NO_DART_API_KEY,,,,,,2026_11013,2026-06-10T04:46:35+09:00
000230,,,,KRW,,,NO_DART_API_KEY,,,,,,2026_11013,2026-06-10T04:46:35+09:00
000240,,,,KRW,,,NO_DART_API_KEY,,,,,,2026_11013,2026-06-10T04:46:35+09:00
000250,,,,KRW,,,NO_DART_API_KEY,,,,,,2026_11013,2026-06-10T04:46:35+09:00
000270,,,,KRW,,,NO_DART_API_KEY,,,,,,2026_11013,2026-06-10T04:46:35+09:00
000300,,,,KRW,,,NO_DART_API_KEY,,,,,,2026_11013,2026-06-10T04:46:35+09:00
000320,,,,KRW,,,NO_DART_API_KEY,,,,,,2026_11013,2026-06-10T04:46:35+09:00
000325,,,,KRW,,,NO_DART_API_KEY,,,,,,2026_11013,2026-06-10T04:46:35+09:00
000370,,,,KRW,,,NO_DART_API_KEY,,,,,,2026_11013,2026-06-10T04:46:35+09:00
000390,,,,KRW,,,NO_DART_API_KEY,,,,,,2026_11013,2026-06-10T04:46:35+09:00
000400,,,,KRW,,,NO_DART_API_KEY,,,,,,2026_11013,2026-06-10T04:46:35+09:00
000430,,,,KRW,,,NO_DART_API_KEY,,,,,,2026_11013,2026-06-10T04:46:35+09:00
000440,,,,KRW,,,NO_DART_API_KEY,,,,,,2026_11013,2026-06-10T04:46:35+09:00
000480,,,,KRW,,,NO_DART_API_KEY,,,,,,2026_11013,2026-06-10T04:46:35+09:00
000490,,,,KRW,,,NO_DART_API_KEY,,,,,,2026_11013,2026-06-10T04:46:35+09:00
000500,,,,KRW,,,NO_DART_API_KEY,,,,,,2026_11013,2026-06-10T04:46:35+09:00
000520,,,,KRW,,,NO_DART_API_KEY,,,,,,2026_11013,2026-06-10T04:46:35+09:00
000540,,,,KRW,,,NO_DART_API_KEY,,,,,,2026_11013,2026-06-10T04:46:35+09:00
000545,,,,KRW,,,NO_DART_API_KEY,,,,,,2026_11013,2026-06-10T04:46:35+09:00
000590,,,,KRW,,,NO_DART_API_KEY,,,,,,2026_11013,2026-06-10T04:46:35+09:00
000640,,,,KRW,,,NO_DART_API_KEY,,,,,,2026_11013,2026-06-10T04:46:35+09:00
000650,,,,KRW,,,NO_DART_API_KEY,,,,,,2026_11013,2026-06-10T04:46:35+09:00
000660,,,,KRW,,,NO_DART_API_KEY,,,,,,2026_11013,2026-06-10T04:46:35+09:00
000670,,,,KRW,,,NO_DART_API_KEY,,,,,,2026_11013,2026-06-10T04:46:35+09:00
000680,,,,KRW,,,NO_DART_API_KEY,,,,,,2026_11013,2026-06-10T04:46:35+09:00
000700,,,,KRW,,,NO_DART_API_KEY,,,,,,2026_11013,2026-06-10T04:46:35+09:00
000720,,,,KRW,,,NO_DART_API_KEY,,,,,,2026_11013,2026-06-10T04:46:35+09:00
000725,,,,KRW,,,NO_DART_API_KEY,,,,,,2026_11013,2026-06-10T04:46:35+09:00
000760,,,,KRW,,,NO_DART_API_KEY,,,,,,2026_11013,2026-06-10T04:46:35+09:00
000810,,,,KRW,,,NO_DART_API_KEY,,,,,,2026_11013,2026-06-10T04:46:35+09:00
000815,,,,KRW,,,NO_DART_API_KEY,,,,,,2026_11013,2026-06-10T04:46:35+09:00
000850,,,,KRW,,,NO_DART_API_KEY,,,,,,2026_11013,2026-06-10T04:46:35+09:00
000860,,,,KRW,,,NO_DART_API_KEY,,,,,,2026_11013,2026-06-10T04:46:35+09:00
000880,,,,KRW,,,NO_DART_API_KEY,,,,,,2026_11013,2026-06-10T04:46:35+09:00
000890,,,,KRW,,,NO_DART_API_KEY,,,,,,2026_11013,2026-06-10T04:46:35+09:00
000910,,,,KRW,,,NO_DART_API_KEY,,,,,,2026_11013,2026-06-10T04:46:35+09:00
000950,,,,KRW,,,NO_DART_API_KEY,,,,,,2026_11013,2026-06-10T04:46:35+09:00
000970,,,,KRW,,,NO_DART_API_KEY,,,,,,2026_11013,2026-06-10T04:46:35+09:00
000990,,,,KRW,,,NO_DART_API_KEY,,,,,,2026_11013,2026-06-10T04:46:35+09:00
001000,,,,KRW,,,NO_DART_API_KEY,,,,,,2026_11013,2026-06-10T04:46:35+09:00
001020,,,,KRW,,,NO_DART_API_KEY,,,,,,2026_11013,2026-06-10T04:46:35+09:00
001040,,,,KRW,,,NO_DART_API_KEY,,,,,,2026_11013,2026-06-10T04:46:35+09:00
001045,,,,KRW,,,NO_DART_API_KEY,,,,,,2026_11013,2026-06-10T04:46:35+09:00
001060,,,,KRW,,,NO_DART_API_KEY,,,,,,2026_11013,2026-06-10T04:46:35+09:00
001065,,,,KRW,,,NO_DART_API_KEY,,,,,,2026_11013,2026-06-10T04:46:35+09:00
001067,,,,KRW,,,NO_DART_API_KEY,,,,,,2026_11013,2026-06-10T04:46:35+09:00
001070,,,,KRW,,,NO_DART_API_KEY,,,,,,2026_11013,2026-06-10T04:46:35+09:00
001080,,,,KRW,,,NO_DART_API_KEY,,,,,,2026_11013,2026-06-10T04:46:35+09:00
001120,,,,KRW,,,NO_DART_API_KEY,,,,,,2026_11013,2026-06-10T04:46:35+09:00
001130,,,,KRW,,,NO_DART_API_KEY,,,,,,2026_11013,2026-06-10T04:46:35+09:00
001200,,,,KRW,,,NO_DART_API_KEY,,,,,,2026_11013,2026-06-10T04:46:35+09:00
001210,,,,KRW,,,NO_DART_API_KEY,,,,,,2026_11013,2026-06-10T04:46:35+09:00
001230,,,,KRW,,,NO_DART_API_KEY,,,,,,2026_11013,2026-06-10T04:46:35+09:00
001250,,,,KRW,,,NO_DART_API_KEY,,,,,,2026_11013,2026-06-10T04:46:35+09:00
001260,,,,KRW,,,NO_DART_API_KEY,,,,,,2026_11013,2026-06-10T04:46:35+09:00
001270,,,,KRW,,,NO_DART_API_KEY,,,,,,2026_11013,2026-06-10T04:46:35+09:00
001275,,,,KRW,,,NO_DART_API_KEY,,,,,,2026_11013,2026-06-10T04:46:35+09:00
001290,,,,KRW,,,NO_DART_API_KEY,,,,,,2026_11013,2026-06-10T04:46:35+09:00
001340,,,,KRW,,,NO_DART_API_KEY,,,,,,2026_11013,2026-06-10T04:46:35+09:00
001360,,,,KRW,,,NO_DART_API_KEY,,,,,,2026_11013,2026-06-10T04:46:35+09:00
001380,,,,KRW,,,NO_DART_API_KEY,,,,,,2026_11013,2026-06-10T04:46:35+09:00
001390,,,,KRW,,,NO_DART_API_KEY,,,,,,2026_11013,2026-06-10T04:46:35+09:00
001420,,,,KRW,,,NO_DART_API_KEY,,,,,,2026_11013,2026-06-10T04:46:35+09:00
001430,,,,KRW,,,NO_DART_API_KEY,,,,,,2026_11013,2026-06-10T04:46:35+09:00
001440,,,,KRW,,,NO_DART_API_KEY,,,,,,2026_11013,2026-06-10T04:46:35+09:00
001450,,,,KRW,,,NO_DART_API_KEY,,,,,,2026_11013,2026-06-10T04:46:35+09:00
001460,,,,KRW,,,NO_DART_API_KEY,,,,,,2026_11013,2026-06-10T04:46:35+09:00
001465,,,,KRW,,,NO_DART_API_KEY,,,,,,2026_11013,2026-06-10T04:46:35+09:00
001470,,,,KRW,,,NO_DART_API_KEY,,,,,,2026_11013,2026-06-10T04:46:35+09:00
001500,,,,KRW,,,NO_DART_API_KEY,,,,,,2026_11013,2026-06-10T04:46:35+09:00
001510,,,,KRW,,,NO_DART_API_KEY,,,,,,2026_11013,2026-06-10T04:46:35+09:00
001515,,,,KRW,,,NO_DART_API_KEY,,,,,,2026_11013,2026-06-10T04:46:35+09:00
001520,,,,KRW,,,NO_DART_API_KEY,,,,,,2026_11013,2026-06-10T04:46:35+09:00
001525,,,,KRW,,,NO_DART_API_KEY,,,,,,2026_11013,2026-06-10T04:46:35+09:00
001527,,,,KRW,,,NO_DART_API_KEY,,,,,,2026_11013,2026-06-10T04:46:35+09:00
001530,,,,KRW,,,NO_DART_API_KEY,,,,,,2026_11013,2026-06-10T04:46:35+09:00
001540,,,,KRW,,,NO_DART_API_KEY,,,,,,2026_11013,2026-06-10T04:46:35+09:00
001550,,,,KRW,,,NO_DART_API_KEY,,,,,,2026_11013,2026-06-10T04:46:35+09:00
001560,,,,KRW,,,NO_DART_API_KEY,,,,,,2026_11013,2026-06-10T04:46:35+09:00
001570,,,,KRW,,,NO_DART_API_KEY,,,,,,2026_11013,2026-06-10T04:46:35+09:00
001620,,,,KRW,,,NO_DART_API_KEY,,,,,,2026_11013,2026-06-10T04:46:35+09:00
001630,,,,KRW,,,NO_DART_API_KEY,,,,,,2026_11013,2026-06-10T04:46:35+09:00
001680,,,,KRW,,,NO_DART_API_KEY,,,,,,2026_11013,2026-06-10T04:46:35+09:00
001685,,,,KRW,,,NO_DART_API_KEY,,,,,,2026_11013,2026-06-10T04:46:35+09:00
001720,,,,KRW,,,NO_DART_API_KEY,,,,,,2026_11013,2026-06-10T04:46:35+09:00
001740,,,,KRW,,,NO_DART_API_KEY,,,,,,2026_11013,2026-06-10T04:46:35+09:00
001750,,,,KRW,,,NO_DART_API_KEY,,,,,,2026_11013,2026-06-10T04:46:35+09:00
001755,,,,KRW,,,NO_DART_API_KEY,,,,,,2026_11013,2026-06-10T04:46:35+09:00
001770,,,,KRW,,,NO_DART_API_KEY,,,,,,2026_11013,2026-06-10T04:46:35+09:00
001780,,,,KRW,,,NO_DART_API_KEY,,,,,,2026_11013,2026-06-10T04:46:35+09:00
001790,,,,KRW,,,NO_DART_API_KEY,,,,,,2026_11013,2026-06-10T04:46:35+09:00
001795,,,,KRW,,,NO_DART_API_KEY,,,,,,2026_11013,2026-06-10T04:46:35+09:00
001800,,,,KRW,,,NO_DART_API_KEY,,,,,,2026_11013,2026-06-10T04:46:35+09:00
001810,,,,KRW,,,NO_DART_API_KEY,,,,,,2026_11013,2026-06-10T04:46:35+09:00
001820,,,,KRW,,,NO_DART_API_KEY,,,,,,2026_11013,2026-06-10T04:46:35+09:00
001840,,,,KRW,,,NO_DART_API_KEY,,,,,,2026_11013,2026-06-10T04:46:35+09:00
001940,,,,KRW,,,NO_DART_API_KEY,,,,,,2026_11013,2026-06-10T04:46:35+09:00
002020,,,,KRW,,,NO_DART_API_KEY,,,,,,2026_11013,2026-06-10T04:46:35+09:00
002025,,,,KRW,,,NO_DART_API_KEY,,,,,,2026_11013,2026-06-10T04:46:35+09:00
002030,,,,KRW,,,NO_DART_API_KEY,,,,,,2026_11013,2026-06-10T04:46:35+09:00
002070,,,,KRW,,,NO_DART_API_KEY,,,,,,2026_11013,2026-06-10T04:46:35+09:00
002100,,,,KRW,,,NO_DART_API_KEY,,,,,,2026_11013,2026-06-10T04:46:35+09:00
002140,,,,KRW,,,NO_DART_API_KEY,,,,,,2026_11013,2026-06-10T04:46:35+09:00
002150,,,,KRW,,,NO_DART_API_KEY,,,,,,2026_11013,2026-06-10T04:46:35+09:00
002170,,,,KRW,,,NO_DART_API_KEY,,,,,,2026_11013,2026-06-10T04:46:35+09:00
002200,,,,KRW,,,NO_DART_API_KEY,,,,,,2026_11013,2026-06-10T04:46:35+09:00
002210,,,,KRW,,,NO_DART_API_KEY,,,,,,2026_11013,2026-06-10T04:46:35+09:00
002220,,,,KRW,,,NO_DART_API_KEY,,,,,,2026_11013,2026-06-10T04:46:35+09:00
002230,,,,KRW,,,NO_DART_API_KEY,,,,,,2026_11013,2026-06-10T04:46:35+09:00
002240,,,,KRW,,,NO_DART_API_KEY,,,,,,2026_11013,2026-06-10T04:46:35+09:00
002290,,,,KRW,,,NO_DART_API_KEY,,,,,,2026_11013,2026-06-10T04:46:35+09:00
002310,,,,KRW,,,NO_DART_API_KEY,,,,,,2026_11013,2026-06-10T04:46:35+09:00
002320,,,,KRW,,,NO_DART_API_KEY,,,,,,2026_11013,2026-06-10T04:46:35+09:00
002350,,,,KRW,,,NO_DART_API_KEY,,,,,,2026_11013,2026-06-10T04:46:35+09:00
002355,,,,KRW,,,NO_DART_API_KEY,,,,,,2026_11013,2026-06-10T04:46:35+09:00
002360,,,,KRW,,,NO_DART_API_KEY,,,,,,2026_11013,2026-06-10T04:46:35+09:00
002380,,,,KRW,,,NO_DART_API_KEY,,,,,,2026_11013,2026-06-10T04:46:35+09:00
002390,,,,KRW,,,NO_DART_API_KEY,,,,,,2026_11013,2026-06-10T04:46:35+09:00
002410,,,,KRW,,,NO_DART_API_KEY,,,,,,2026_11013,2026-06-10T04:46:35+09:00
002420,,,,KRW,,,NO_DART_API_KEY,,,,,,2026_11013,2026-06-10T04:46:35+09:00
002450,,,,KRW,,,NO_DART_API_KEY,,,,,,2026_11013,2026-06-10T04:46:35+09:00
002460,,,,KRW,,,NO_DART_API_KEY,,,,,,2026_11013,2026-06-10T04:46:35+09:00
002600,,,,KRW,,,NO_DART_API_KEY,,,,,,2026_11013,2026-06-10T04:46:35+09:00
002620,,,,KRW,,,NO_DART_API_KEY,,,,,,2026_11013,2026-06-10T04:46:35+09:00
002630,,,,KRW,,,NO_DART_API_KEY,,,,,,2026_11013,2026-06-10T04:46:35+09:00
002680,,,,KRW,,,NO_DART_API_KEY,,,,,,2026_11013,2026-06-10T04:46:35+09:00
002690,,,,KRW,,,NO_DART_API_KEY,,,,,,2026_11013,2026-06-10T04:46:35+09:00
002700,,,,KRW,,,NO_DART_API_KEY,,,,,,2026_11013,2026-06-10T04:46:35+09:00
002710,,,,KRW,,,NO_DART_API_KEY,,,,,,2026_11013,2026-06-10T04:46:35+09:00
002720,,,,KRW,,,NO_DART_API_KEY,,,,,,2026_11013,2026-06-10T04:46:35+09:00
002760,,,,KRW,,,NO_DART_API_KEY,,,,,,2026_11013,2026-06-10T04:46:35+09:00
002780,,,,KRW,,,NO_DART_API_KEY,,,,,,2026_11013,2026-06-10T04:46:35+09:00
002785,,,,KRW,,,NO_DART_API_KEY,,,,,,2026_11013,2026-06-10T04:46:35+09:00
002787,,,,KRW,,,NO_DART_API_KEY,,,,,,2026_11013,2026-06-10T04:46:35+09:00
002790,,,,KRW,,,NO_DART_API_KEY,,,,,,2026_11013,2026-06-10T04:46:35+09:00
002795,,,,KRW,,,NO_DART_API_KEY,,,,,,2026_11013,2026-06-10T04:46:35+09:00
002800,,,,KRW,,,NO_DART_API_KEY,,,,,,2026_11013,2026-06-10T04:46:35+09:00
002810,,,,KRW,,,NO_DART_API_KEY,,,,,,2026_11013,2026-06-10T04:46:35+09:00
002820,,,,KRW,,,NO_DART_API_KEY,,,,,,2026_11013,2026-06-10T04:46:35+09:00
002840,,,,KRW,,,NO_DART_API_KEY,,,,,,2026_11013,2026-06-10T04:46:35+09:00
002870,,,,KRW,,,NO_DART_API_KEY,,,,,,2026_11013,2026-06-10T04:46:35+09:00
002880,,,,KRW,,,NO_DART_API_KEY,,,,,,2026_11013,2026-06-10T04:46:35+09:00
002900,,,,KRW,,,NO_DART_API_KEY,,,,,,2026_11013,2026-06-10T04:46:35+09:00
002920,,,,KRW,,,NO_DART_API_KEY,,,,,,2026_11013,2026-06-10T04:46:35+09:00
002960,,,,KRW,,,NO_DART_API_KEY,,,,,,2026_11013,2026-06-10T04:46:35+09:00
002990,,,,KRW,,,NO_DART_API_KEY,,,,,,2026_11013,2026-06-10T04:46:35+09:00
002995,,,,KRW,,,NO_DART_API_KEY,,,,,,2026_11013,2026-06-10T04:46:35+09:00
003000,,,,KRW,,,NO_DART_API_KEY,,,,,,2026_11013,2026-06-10T04:46:35+09:00
003010,,,,KRW,,,NO_DART_API_KEY,,,,,,2026_11013,2026-06-10T04:46:35+09:00
003030,,,,KRW,,,NO_DART_API_KEY,,,,,,2026_11013,2026-06-10T04:46:35+09:00
003060,,,,KRW,,,NO_DART_API_KEY,,,,,,2026_11013,2026-06-10T04:46:35+09:00
003070,,,,KRW,,,NO_DART_API_KEY,,,,,,2026_11013,2026-06-10T04:46:35+09:00
003075,,,,KRW,,,NO_DART_API_KEY,,,,,,2026_11013,2026-06-10T04:46:35+09:00
003080,,,,KRW,,,NO_DART_API_KEY,,,,,,2026_11013,2026-06-10T04:46:35+09:00
003090,,,,KRW,,,NO_DART_API_KEY,,,,,,2026_11013,2026-06-10T04:46:35+09:00
003100,,,,KRW,,,NO_DART_API_KEY,,,,,,2026_11013,2026-06-10T04:46:35+09:00
003120,,,,KRW,,,NO_DART_API_KEY,,,,,,2026_11013,2026-06-10T04:46:35+09:00
003160,,,,KRW,,,NO_DART_API_KEY,,,,,,2026_11013,2026-06-10T04:46:35+09:00
003200,,,,KRW,,,NO_DART_API_KEY,,,,,,2026_11013,2026-06-10T04:46:35+09:00
003220,,,,KRW,,,NO_DART_API_KEY,,,,,,2026_11013,2026-06-10T04:46:35+09:00
003230,,,,KRW,,,NO_DART_API_KEY,,,,,,2026_11013,2026-06-10T04:46:35+09:00
003240,,,,KRW,,,NO_DART_API_KEY,,,,,,2026_11013,2026-06-10T04:46:35+09:00
003280,,,,KRW,,,NO_DART_API_KEY,,,,,,2026_11013,2026-06-10T04:46:35+09:00
003300,,,,KRW,,,NO_DART_API_KEY,,,,,,2026_11013,2026-06-10T04:46:35+09:00
003310,,,,KRW,,,NO_DART_API_KEY,,,,,,2026_11013,2026-06-10T04:46:35+09:00
003350,,,,KRW,,,NO_DART_API_KEY,,,,,,2026_11013,2026-06-10T04:46:35+09:00
003380,,,,KRW,,,NO_DART_API_KEY,,,,,,2026_11013,2026-06-10T04:46:35+09:00
003460,,,,KRW,,,NO_DART_API_KEY,,,,,,2026_11013,2026-06-10T04:46:35+09:00
003465,,,,KRW,,,NO_DART_API_KEY,,,,,,2026_11013,2026-06-10T04:46:35+09:00
003470,,,,KRW,,,NO_DART_API_KEY,,,,,,2026_11013,2026-06-10T04:46:35+09:00
003475,,,,KRW,,,NO_DART_API_KEY,,,,,,2026_11013,2026-06-10T04:46:35+09:00
003480,,,,KRW,,,NO_DART_API_KEY,,,,,,2026_11013,2026-06-10T04:46:35+09:00
003490,,,,KRW,,,NO_DART_API_KEY,,,,,,2026_11013,2026-06-10T04:46:35+09:00
003495,,,,KRW,,,NO_DART_API_KEY,,,,,,2026_11013,2026-06-10T04:46:35+09:00
003520,,,,KRW,,,NO_DART_API_KEY,,,,,,2026_11013,2026-06-10T04:46:35+09:00
003530,,,,KRW,,,NO_DART_API_KEY,,,,,,2026_11013,2026-06-10T04:46:35+09:00
003535,,,,KRW,,,NO_DART_API_KEY,,,,,,2026_11013,2026-06-10T04:46:35+09:00
003540,,,,KRW,,,NO_DART_API_KEY,,,,,,2026_11013,2026-06-10T04:46:35+09:00
003545,,,,KRW,,,NO_DART_API_KEY,,,,,,2026_11013,2026-06-10T04:46:35+09:00
003547,,,,KRW,,,NO_DART_API_KEY,,,,,,2026_11013,2026-06-10T04:46:35+09:00
003550,,,,KRW,,,NO_DART_API_KEY,,,,,,2026_11013,2026-06-10T04:46:35+09:00
003555,,,,KRW,,,NO_DART_API_KEY,,,,,,2026_11013,2026-06-10T04:46:35+09:00
003570,,,,KRW,,,NO_DART_API_KEY,,,,,,2026_11013,2026-06-10T04:46:35+09:00
003580,,,,KRW,,,NO_DART_API_KEY,,,,,,2026_11013,2026-06-10T04:46:35+09:00
003610,,,,KRW,,,NO_DART_API_KEY,,,,,,2026_11013,2026-06-10T04:46:35+09:00
003620,,,,KRW,,,NO_DART_API_KEY,,,,,,2026_11013,2026-06-10T04:46:35+09:00
003650,,,,KRW,,,NO_DART_API_KEY,,,,,,2026_11013,2026-06-10T04:46:35+09:00
003670,,,,KRW,,,NO_DART_API_KEY,,,,,,2026_11013,2026-06-10T04:46:35+09:00
003680,,,,KRW,,,NO_DART_API_KEY,,,,,,2026_11013,2026-06-10T04:46:35+09:00
003690,,,,KRW,,,NO_DART_API_KEY,,,,,,2026_11013,2026-06-10T04:46:35+09:00
003720,,,,KRW,,,NO_DART_API_KEY,,,,,,2026_11013,2026-06-10T04:46:35+09:00
003780,,,,KRW,,,NO_DART_API_KEY,,,,,,2026_11013,2026-06-10T04:46:35+09:00
003800,,,,KRW,,,NO_DART_API_KEY,,,,,,2026_11013,2026-06-10T04:46:35+09:00
003830,,,,KRW,,,NO_DART_API_KEY,,,,,,2026_11013,2026-06-10T04:46:35+09:00
003850,,,,KRW,,,NO_DART_API_KEY,,,,,,2026_11013,2026-06-10T04:46:35+09:00
003920,,,,KRW,,,NO_DART_API_KEY,,,,,,2026_11013,2026-06-10T04:46:35+09:00
003925,,,,KRW,,,NO_DART_API_KEY,,,,,,2026_11013,2026-06-10T04:46:35+09:00
003960,,,,KRW,,,NO_DART_API_KEY,,,,,,2026_11013,2026-06-10T04:46:35+09:00
004000,,,,KRW,,,NO_DART_API_KEY,,,,,,2026_11013,2026-06-10T04:46:35+09:00
004020,,,,KRW,,,NO_DART_API_KEY,,,,,,2026_11013,2026-06-10T04:46:35+09:00
004060,,,,KRW,,,NO_DART_API_KEY,,,,,,2026_11013,2026-06-10T04:46:35+09:00
004080,,,,KRW,,,NO_DART_API_KEY,,,,,,2026_11013,2026-06-10T04:46:35+09:00
004090,,,,KRW,,,NO_DART_API_KEY,,,,,,2026_11013,2026-06-10T04:46:35+09:00
004100,,,,KRW,,,NO_DART_API_KEY,,,,,,2026_11013,2026-06-10T04:46:35+09:00
004105,,,,KRW,,,NO_DART_API_KEY,,,,,,2026_11013,2026-06-10T04:46:35+09:00
004140,,,,KRW,,,NO_DART_API_KEY,,,,,,2026_11013,2026-06-10T04:46:35+09:00
004150,,,,KRW,,,NO_DART_API_KEY,,,,,,2026_11013,2026-06-10T04:46:35+09:00
004170,,,,KRW,,,NO_DART_API_KEY,,,,,,2026_11013,2026-06-10T04:46:35+09:00
004250,,,,KRW,,,NO_DART_API_KEY,,,,,,2026_11013,2026-06-10T04:46:35+09:00
004255,,,,KRW,,,NO_DART_API_KEY,,,,,,2026_11013,2026-06-10T04:46:35+09:00
004270,,,,KRW,,,NO_DART_API_KEY,,,,,,2026_11013,2026-06-10T04:46:35+09:00
004310,,,,KRW,,,NO_DART_API_KEY,,,,,,2026_11013,2026-06-10T04:46:35+09:00
004360,,,,KRW,,,NO_DART_API_KEY,,,,,,2026_11013,2026-06-10T04:46:35+09:00
004365,,,,KRW,,,NO_DART_API_KEY,,,,,,2026_11013,2026-06-10T04:46:35+09:00
004370,,,,KRW,,,NO_DART_API_KEY,,,,,,2026_11013,2026-06-10T04:46:35+09:00
004380,,,,KRW,,,NO_DART_API_KEY,,,,,,2026_11013,2026-06-10T04:46:35+09:00
004410,,,,KRW,,,NO_DART_API_KEY,,,,,,2026_11013,2026-06-10T04:46:35+09:00
004415,,,,KRW,,,NO_DART_API_KEY,,,,,,2026_11013,2026-06-10T04:46:35+09:00
004430,,,,KRW,,,NO_DART_API_KEY,,,,,,2026_11013,2026-06-10T04:46:35+09:00
004440,,,,KRW,,,NO_DART_API_KEY,,,,,,2026_11013,2026-06-10T04:46:35+09:00
004450,,,,KRW,,,NO_DART_API_KEY,,,,,,2026_11013,2026-06-10T04:46:35+09:00
004490,,,,KRW,,,NO_DART_API_KEY,,,,,,2026_11013,2026-06-10T04:46:35+09:00
004540,,,,KRW,,,NO_DART_API_KEY,,,,,,2026_11013,2026-06-10T04:46:35+09:00
004545,,,,KRW,,,NO_DART_API_KEY,,,,,,2026_11013,2026-06-10T04:46:35+09:00
004560,,,,KRW,,,NO_DART_API_KEY,,,,,,2026_11013,2026-06-10T04:46:35+09:00
004590,,,,KRW,,,NO_DART_API_KEY,,,,,,2026_11013,2026-06-10T04:46:35+09:00
004650,,,,KRW,,,NO_DART_API_KEY,,,,,,2026_11013,2026-06-10T04:46:35+09:00
004690,,,,KRW,,,NO_DART_API_KEY,,,,,,2026_11013,2026-06-10T04:46:35+09:00
004700,,,,KRW,,,NO_DART_API_KEY,,,,,,2026_11013,2026-06-10T04:46:35+09:00
004710,,,,KRW,,,NO_DART_API_KEY,,,,,,2026_11013,2026-06-10T04:46:35+09:00
004720,,,,KRW,,,NO_DART_API_KEY,,,,,,2026_11013,2026-06-10T04:46:35+09:00
004770,,,,KRW,,,NO_DART_API_KEY,,,,,,2026_11013,2026-06-10T04:46:35+09:00
004780,,,,KRW,,,NO_DART_API_KEY,,,,,,2026_11013,2026-06-10T04:46:35+09:00
004800,,,,KRW,,,NO_DART_API_KEY,,,,,,2026_11013,2026-06-10T04:46:35+09:00
004830,,,,KRW,,,NO_DART_API_KEY,,,,,,2026_11013,2026-06-10T04:46:35+09:00
004835,,,,KRW,,,NO_DART_API_KEY,,,,,,2026_11013,2026-06-10T04:46:35+09:00
004840,,,,KRW,,,NO_DART_API_KEY,,,,,,2026_11013,2026-06-10T04:46:35+09:00
004870,,,,KRW,,,NO_DART_API_KEY,,,,,,2026_11013,2026-06-10T04:46:35+09:00
004890,,,,KRW,,,NO_DART_API_KEY,,,,,,2026_11013,2026-06-10T04:46:35+09:00
004910,,,,KRW,,,NO_DART_API_KEY,,,,,,2026_11013,2026-06-10T04:46:35+09:00
004920,,,,KRW,,,NO_DART_API_KEY,,,,,,2026_11013,2026-06-10T04:46:35+09:00
004960,,,,KRW,,,NO_DART_API_KEY,,,,,,2026_11013,2026-06-10T04:46:35+09:00
004970,,,,KRW,,,NO_DART_API_KEY,,,,,,2026_11013,2026-06-10T04:46:35+09:00
004980,,,,KRW,,,NO_DART_API_KEY,,,,,,2026_11013,2026-06-10T04:46:35+09:00
004985,,,,KRW,,,NO_DART_API_KEY,,,,,,2026_11013,2026-06-10T04:46:35+09:00
004990,,,,KRW,,,NO_DART_API_KEY,,,,,,2026_11013,2026-06-10T04:46:35+09:00
005010,,,,KRW,,,NO_DART_API_KEY,,,,,,2026_11013,2026-06-10T04:46:35+09:00
005030,,,,KRW,,,NO_DART_API_KEY,,,,,,2026_11013,2026-06-10T04:46:35+09:00
005070,,,,KRW,,,NO_DART_API_KEY,,,,,,2026_11013,2026-06-10T04:46:35+09:00
005090,,,,KRW,,,NO_DART_API_KEY,,,,,,2026_11013,2026-06-10T04:46:35+09:00
005110,,,,KRW,,,NO_DART_API_KEY,,,,,,2026_11013,2026-06-10T04:46:35+09:00
005160,,,,KRW,,,NO_DART_API_KEY,,,,,,2026_11013,2026-06-10T04:46:35+09:00
005180,,,,KRW,,,NO_DART_API_KEY,,,,,,2026_11013,2026-06-10T04:46:35+09:00
005250,,,,KRW,,,NO_DART_API_KEY,,,,,,2026_11013,2026-06-10T04:46:35+09:00
005257,,,,KRW,,,NO_DART_API_KEY,,,,,,2026_11013,2026-06-10T04:46:35+09:00
005290,,,,KRW,,,NO_DART_API_KEY,,,,,,2026_11013,2026-06-10T04:46:35+09:00
005300,,,,KRW,,,NO_DART_API_KEY,,,,,,2026_11013,2026-06-10T04:46:35+09:00
005305,,,,KRW,,,NO_DART_API_KEY,,,,,,2026_11013,2026-06-10T04:46:35+09:00
005320,,,,KRW,,,NO_DART_API_KEY,,,,,,2026_11013,2026-06-10T04:46:35+09:00
005360,,,,KRW,,,NO_DART_API_KEY,,,,,,2026_11013,2026-06-10T04:46:35+09:00
005380,,,,KRW,,,NO_DART_API_KEY,,,,,,2026_11013,2026-06-10T04:46:35+09:00
005385,,,,KRW,,,NO_DART_API_KEY,,,,,,2026_11013,2026-06-10T04:46:35+09:00
005387,,,,KRW,,,NO_DART_API_KEY,,,,,,2026_11013,2026-06-10T04:46:35+09:00
005389,,,,KRW,,,NO_DART_API_KEY,,,,,,2026_11013,2026-06-10T04:46:35+09:00
005420,,,,KRW,,,NO_DART_API_KEY,,,,,,2026_11013,2026-06-10T04:46:35+09:00
005430,,,,KRW,,,NO_DART_API_KEY,,,,,,2026_11013,2026-06-10T04:46:35+09:00
005440,,,,KRW,,,NO_DART_API_KEY,,,,,,2026_11013,2026-06-10T04:46:35+09:00
005490,,,,KRW,,,NO_DART_API_KEY,,,,,,2026_11013,2026-06-10T04:46:35+09:00
005500,,,,KRW,,,NO_DART_API_KEY,,,,,,2026_11013,2026-06-10T04:46:35+09:00
005610,,,,KRW,,,NO_DART_API_KEY,,,,,,2026_11013,2026-06-10T04:46:35+09:00
005670,,,,KRW,,,NO_DART_API_KEY,,,,,,2026_11013,2026-06-10T04:46:35+09:00
005680,,,,KRW,,,NO_DART_API_KEY,,,,,,2026_11013,2026-06-10T04:46:35+09:00
005690,,,,KRW,,,NO_DART_API_KEY,,,,,,2026_11013,2026-06-10T04:46:35+09:00
005710,,,,KRW,,,NO_DART_API_KEY,,,,,,2026_11013,2026-06-10T04:46:35+09:00
005720,,,,KRW,,,NO_DART_API_KEY,,,,,,2026_11013,2026-06-10T04:46:35+09:00
005725,,,,KRW,,,NO_DART_API_KEY,,,,,,2026_11013,2026-06-10T04:46:35+09:00
005740,,,,KRW,,,NO_DART_API_KEY,,,,,,2026_11013,2026-06-10T04:46:35+09:00
005745,,,,KRW,,,NO_DART_API_KEY,,,,,,2026_11013,2026-06-10T04:46:35+09:00
005750,,,,KRW,,,NO_DART_API_KEY,,,,,,2026_11013,2026-06-10T04:46:35+09:00
005800,,,,KRW,,,NO_DART_API_KEY,,,,,,2026_11013,2026-06-10T04:46:35+09:00
005810,,,,KRW,,,NO_DART_API_KEY,,,,,,2026_11013,2026-06-10T04:46:35+09:00
005820,,,,KRW,,,NO_DART_API_KEY,,,,,,2026_11013,2026-06-10T04:46:35+09:00
005830,,,,KRW,,,NO_DART_API_KEY,,,,,,2026_11013,2026-06-10T04:46:35+09:00
005850,,,,KRW,,,NO_DART_API_KEY,,,,,,2026_11013,2026-06-10T04:46:35+09:00
005860,,,,KRW,,,NO_DART_API_KEY,,,,,,2026_11013,2026-06-10T04:46:35+09:00
005870,,,,KRW,,,NO_DART_API_KEY,,,,,,2026_11013,2026-06-10T04:46:35+09:00
005880,,,,KRW,,,NO_DART_API_KEY,,,,,,2026_11013,2026-06-10T04:46:35+09:00
005930,,,,KRW,,,NO_DART_API_KEY,,,,,,2026_11013,2026-06-10T04:46:35+09:00
005935,,,,KRW,,,NO_DART_API_KEY,,,,,,2026_11013,2026-06-10T04:46:35+09:00
005940,,,,KRW,,,NO_DART_API_KEY,,,,,,2026_11013,2026-06-10T04:46:35+09:00
005945,,,,KRW,,,NO_DART_API_KEY,,,,,,2026_11013,2026-06-10T04:46:35+09:00
005950,,,,KRW,,,NO_DART_API_KEY,,,,,,2026_11013,2026-06-10T04:46:35+09:00
005960,,,,KRW,,,NO_DART_API_KEY,,,,,,2026_11013,2026-06-10T04:46:35+09:00
005965,,,,KRW,,,NO_DART_API_KEY,,,,,,2026_11013,2026-06-10T04:46:35+09:00
005990,,,,KRW,,,NO_DART_API_KEY,,,,,,2026_11013,2026-06-10T04:46:35+09:00
006040,,,,KRW,,,NO_DART_API_KEY,,,,,,2026_11013,2026-06-10T04:46:35+09:00
006050,,,,KRW,,,NO_DART_API_KEY,,,,,,2026_11013,2026-06-10T04:46:35+09:00
006060,,,,KRW,,,NO_DART_API_KEY,,,,,,2026_11013,2026-06-10T04:46:35+09:00
006090,,,,KRW,,,NO_DART_API_KEY,,,,,,2026_11013,2026-06-10T04:46:35+09:00
006110,,,,KRW,,,NO_DART_API_KEY,,,,,,2026_11013,2026-06-10T04:46:35+09:00
006120,,,,KRW,,,NO_DART_API_KEY,,,,,,2026_11013,2026-06-10T04:46:35+09:00
006125,,,,KRW,,,NO_DART_API_KEY,,,,,,2026_11013,2026-06-10T04:46:35+09:00
006140,,,,KRW,,,NO_DART_API_KEY,,,,,,2026_11013,2026-06-10T04:46:35+09:00
006200,,,,KRW,,,NO_DART_API_KEY,,,,,,2026_11013,2026-06-10T04:46:35+09:00
006220,,,,KRW,,,NO_DART_API_KEY,,,,,,2026_11013,2026-06-10T04:46:35+09:00
006260,,,,KRW,,,NO_DART_API_KEY,,,,,,2026_11013,2026-06-10T04:46:35+09:00
006280,,,,KRW,,,NO_DART_API_KEY,,,,,,2026_11013,2026-06-10T04:46:35+09:00
006340,,,,KRW,,,NO_DART_API_KEY,,,,,,2026_11013,2026-06-10T04:46:35+09:00
006345,,,,KRW,,,NO_DART_API_KEY,,,,,,2026_11013,2026-06-10T04:46:35+09:00
006360,,,,KRW,,,NO_DART_API_KEY,,,,,,2026_11013,2026-06-10T04:46:35+09:00
006370,,,,KRW,,,NO_DART_API_KEY,,,,,,2026_11013,2026-06-10T04:46:35+09:00
006380,,,,KRW,,,NO_DART_API_KEY,,,,,,2026_11013,2026-06-10T04:46:35+09:00
006400,,,,KRW,,,NO_DART_API_KEY,,,,,,2026_11013,2026-06-10T04:46:35+09:00
006405,,,,KRW,,,NO_DART_API_KEY,,,,,,2026_11013,2026-06-10T04:46:35+09:00
006490,,,,KRW,,,NO_DART_API_KEY,,,,,,2026_11013,2026-06-10T04:46:35+09:00
006570,,,,KRW,,,NO_DART_API_KEY,,,,,,2026_11013,2026-06-10T04:46:35+09:00
006620,,,,KRW,,,NO_DART_API_KEY,,,,,,2026_11013,2026-06-10T04:46:35+09:00
006650,,,,KRW,,,NO_DART_API_KEY,,,,,,2026_11013,2026-06-10T04:46:35+09:00
006660,,,,KRW,,,NO_DART_API_KEY,,,,,,2026_11013,2026-06-10T04:46:35+09:00
006730,,,,KRW,,,NO_DART_API_KEY,,,,,,2026_11013,2026-06-10T04:46:35+09:00
006740,,,,KRW,,,NO_DART_API_KEY,,,,,,2026_11013,2026-06-10T04:46:35+09:00
006800,,,,KRW,,,NO_DART_API_KEY,,,,,,2026_11013,2026-06-10T04:46:35+09:00
006805,,,,KRW,,,NO_DART_API_KEY,,,,,,2026_11013,2026-06-10T04:46:35+09:00
006840,,,,KRW,,,NO_DART_API_KEY,,,,,,2026_11013,2026-06-10T04:46:35+09:00
006880,,,,KRW,,,NO_DART_API_KEY,,,,,,2026_11013,2026-06-10T04:46:35+09:00
006890,,,,KRW,,,NO_DART_API_KEY,,,,,,2026_11013,2026-06-10T04:46:35+09:00
006910,,,,KRW,,,NO_DART_API_KEY,,,,,,2026_11013,2026-06-10T04:46:35+09:00
006920,,,,KRW,,,NO_DART_API_KEY,,,,,,2026_11013,2026-06-10T04:46:35+09:00
006980,,,,KRW,,,NO_DART_API_KEY,,,,,,2026_11013,2026-06-10T04:46:35+09:00
007070,,,,KRW,,,NO_DART_API_KEY,,,,,,2026_11013,2026-06-10T04:46:35+09:00
007110,,,,KRW,,,NO_DART_API_KEY,,,,,,2026_11013,2026-06-10T04:46:35+09:00
007120,,,,KRW,,,NO_DART_API_KEY,,,,,,2026_11013,2026-06-10T04:46:35+09:00
007160,,,,KRW,,,NO_DART_API_KEY,,,,,,2026_11013,2026-06-10T04:46:35+09:00
007210,,,,KRW,,,NO_DART_API_KEY,,,,,,2026_11013,2026-06-10T04:46:35+09:00
007280,,,,KRW,,,NO_DART_API_KEY,,,,,,2026_11013,2026-06-10T04:46:35+09:00
007310,,,,KRW,,,NO_DART_API_KEY,,,,,,2026_11013,2026-06-10T04:46:35+09:00
007330,,,,KRW,,,NO_DART_API_KEY,,,,,,2026_11013,2026-06-10T04:46:35+09:00
007340,,,,KRW,,,NO_DART_API_KEY,,,,,,2026_11013,2026-06-10T04:46:35+09:00
007370,,,,KRW,,,NO_DART_API_KEY,,,,,,2026_11013,2026-06-10T04:46:35+09:00
007390,,,,KRW,,,NO_DART_API_KEY,,,,,,2026_11013,2026-06-10T04:46:35+09:00
007460,,,,KRW,,,NO_DART_API_KEY,,,,,,2026_11013,2026-06-10T04:46:35+09:00
007530,,,,KRW,,,NO_DART_API_KEY,,,,,,2026_11013,2026-06-10T04:46:35+09:00
007540,,,,KRW,,,NO_DART_API_KEY,,,,,,2026_11013,2026-06-10T04:46:35+09:00
007570,,,,KRW,,,NO_DART_API_KEY,,,,,,2026_11013,2026-06-10T04:46:35+09:00
007575,,,,KRW,,,NO_DART_API_KEY,,,,,,2026_11013,2026-06-10T04:46:35+09:00
007590,,,,KRW,,,NO_DART_API_KEY,,,,,,2026_11013,2026-06-10T04:46:35+09:00
007610,,,,KRW,,,NO_DART_API_KEY,,,,,,2026_11013,2026-06-10T04:46:35+09:00
007660,,,,KRW,,,NO_DART_API_KEY,,,,,,2026_11013,2026-06-10T04:46:35+09:00
007680,,,,KRW,,,NO_DART_API_KEY,,,,,,2026_11013,2026-06-10T04:46:35+09:00
007690,,,,KRW,,,NO_DART_API_KEY,,,,,,2026_11013,2026-06-10T04:46:35+09:00
007700,,,,KRW,,,NO_DART_API_KEY,,,,,,2026_11013,2026-06-10T04:46:35+09:00
007720,,,,KRW,,,NO_DART_API_KEY,,,,,,2026_11013,2026-06-10T04:46:35+09:00
007770,,,,KRW,,,NO_DART_API_KEY,,,,,,2026_11013,2026-06-10T04:46:35+09:00
007810,,,,KRW,,,NO_DART_API_KEY,,,,,,2026_11013,2026-06-10T04:46:35+09:00
007815,,,,KRW,,,NO_DART_API_KEY,,,,,,2026_11013,2026-06-10T04:46:35+09:00
007820,,,,KRW,,,NO_DART_API_KEY,,,,,,2026_11013,2026-06-10T04:46:35+09:00
007860,,,,KRW,,,NO_DART_API_KEY,,,,,,2026_11013,2026-06-10T04:46:35+09:00
007980,,,,KRW,,,NO_DART_API_KEY,,,,,,2026_11013,2026-06-10T04:46:35+09:00
008040,,,,KRW,,,NO_DART_API_KEY,,,,,,2026_11013,2026-06-10T04:46:35+09:00
008060,,,,KRW,,,NO_DART_API_KEY,,,,,,2026_11013,2026-06-10T04:46:35+09:00
008110,,,,KRW,,,NO_DART_API_KEY,,,,,,2026_11013,2026-06-10T04:46:35+09:00
008250,,,,KRW,,,NO_DART_API_KEY,,,,,,2026_11013,2026-06-10T04:46:35+09:00
008260,,,,KRW,,,NO_DART_API_KEY,,,,,,2026_11013,2026-06-10T04:46:35+09:00
008290,,,,KRW,,,NO_DART_API_KEY,,,,,,2026_11013,2026-06-10T04:46:35+09:00
008350,,,,KRW,,,NO_DART_API_KEY,,,,,,2026_11013,2026-06-10T04:46:35+09:00
008355,,,,KRW,,,NO_DART_API_KEY,,,,,,2026_11013,2026-06-10T04:46:35+09:00
008370,,,,KRW,,,NO_DART_API_KEY,,,,,,2026_11013,2026-06-10T04:46:35+09:00
008420,,,,KRW,,,NO_DART_API_KEY,,,,,,2026_11013,2026-06-10T04:46:35+09:00
008470,,,,KRW,,,NO_DART_API_KEY,,,,,,2026_11013,2026-06-10T04:46:35+09:00
008490,,,,KRW,,,NO_DART_API_KEY,,,,,,2026_11013,2026-06-10T04:46:35+09:00
008500,,,,KRW,,,NO_DART_API_KEY,,,,,,2026_11013,2026-06-10T04:46:35+09:00
008600,,,,KRW,,,NO_DART_API_KEY,,,,,,2026_11013,2026-06-10T04:46:35+09:00
008700,,,,KRW,,,NO_DART_API_KEY,,,,,,2026_11013,2026-06-10T04:46:35+09:00
008730,,,,KRW,,,NO_DART_API_KEY,,,,,,2026_11013,2026-06-10T04:46:35+09:00
008770,,,,KRW,,,NO_DART_API_KEY,,,,,,2026_11013,2026-06-10T04:46:35+09:00
008775,,,,KRW,,,NO_DART_API_KEY,,,,,,2026_11013,2026-06-10T04:46:35+09:00
008830,,,,KRW,,,NO_DART_API_KEY,,,,,,2026_11013,2026-06-10T04:46:35+09:00
008870,,,,KRW,,,NO_DART_API_KEY,,,,,,2026_11013,2026-06-10T04:46:35+09:00
008930,,,,KRW,,,NO_DART_API_KEY,,,,,,2026_11013,2026-06-10T04:46:35+09:00
008970,,,,KRW,,,NO_DART_API_KEY,,,,,,2026_11013,2026-06-10T04:46:35+09:00
009070,,,,KRW,,,NO_DART_API_KEY,,,,,,2026_11013,2026-06-10T04:46:35+09:00
009140,,,,KRW,,,NO_DART_API_KEY,,,,,,2026_11013,2026-06-10T04:46:35+09:00
009150,,,,KRW,,,NO_DART_API_KEY,,,,,,2026_11013,2026-06-10T04:46:35+09:00
009155,,,,KRW,,,NO_DART_API_KEY,,,,,,2026_11013,2026-06-10T04:46:35+09:00
009160,,,,KRW,,,NO_DART_API_KEY,,,,,,2026_11013,2026-06-10T04:46:35+09:00
009180,,,,KRW,,,NO_DART_API_KEY,,,,,,2026_11013,2026-06-10T04:46:35+09:00
009190,,,,KRW,,,NO_DART_API_KEY,,,,,,2026_11013,2026-06-10T04:46:35+09:00
009200,,,,KRW,,,NO_DART_API_KEY,,,,,,2026_11013,2026-06-10T04:46:35+09:00
009240,,,,KRW,,,NO_DART_API_KEY,,,,,,2026_11013,2026-06-10T04:46:35+09:00
009270,,,,KRW,,,NO_DART_API_KEY,,,,,,2026_11013,2026-06-10T04:46:35+09:00
009290,,,,KRW,,,NO_DART_API_KEY,,,,,,2026_11013,2026-06-10T04:46:35+09:00
009300,,,,KRW,,,NO_DART_API_KEY,,,,,,2026_11013,2026-06-10T04:46:35+09:00
009310,,,,KRW,,,NO_DART_API_KEY,,,,,,2026_11013,2026-06-10T04:46:35+09:00
009320,,,,KRW,,,NO_DART_API_KEY,,,,,,2026_11013,2026-06-10T04:46:35+09:00
009410,,,,KRW,,,NO_DART_API_KEY,,,,,,2026_11013,2026-06-10T04:46:35+09:00
009415,,,,KRW,,,NO_DART_API_KEY,,,,,,2026_11013,2026-06-10T04:46:35+09:00
009420,,,,KRW,,,NO_DART_API_KEY,,,,,,2026_11013,2026-06-10T04:46:35+09:00
009440,,,,KRW,,,NO_DART_API_KEY,,,,,,2026_11013,2026-06-10T04:46:35+09:00
009450,,,,KRW,,,NO_DART_API_KEY,,,,,,2026_11013,2026-06-10T04:46:35+09:00
009460,,,,KRW,,,NO_DART_API_KEY,,,,,,2026_11013,2026-06-10T04:46:35+09:00
009470,,,,KRW,,,NO_DART_API_KEY,,,,,,2026_11013,2026-06-10T04:46:35+09:00
009520,,,,KRW,,,NO_DART_API_KEY,,,,,,2026_11013,2026-06-10T04:46:35+09:00
009540,,,,KRW,,,NO_DART_API_KEY,,,,,,2026_11013,2026-06-10T04:46:35+09:00
009580,,,,KRW,,,NO_DART_API_KEY,,,,,,2026_11013,2026-06-10T04:46:35+09:00
009620,,,,KRW,,,NO_DART_API_KEY,,,,,,2026_11013,2026-06-10T04:46:35+09:00
009680,,,,KRW,,,NO_DART_API_KEY,,,,,,2026_11013,2026-06-10T04:46:35+09:00
009730,,,,KRW,,,NO_DART_API_KEY,,,,,,2026_11013,2026-06-10T04:46:35+09:00
009770,,,,KRW,,,NO_DART_API_KEY,,,,,,2026_11013,2026-06-10T04:46:35+09:00
009780,,,,KRW,,,NO_DART_API_KEY,,,,,,2026_11013,2026-06-10T04:46:35+09:00
009810,,,,KRW,,,NO_DART_API_KEY,,,,,,2026_11013,2026-06-10T04:46:35+09:00
009830,,,,KRW,,,NO_DART_API_KEY,,,,,,2026_11013,2026-06-10T04:46:35+09:00
009835,,,,KRW,,,NO_DART_API_KEY,,,,,,2026_11013,2026-06-10T04:46:35+09:00
009900,,,,KRW,,,NO_DART_API_KEY,,,,,,2026_11013,2026-06-10T04:46:35+09:00
009970,,,,KRW,,,NO_DART_API_KEY,,,,,,2026_11013,2026-06-10T04:46:35+09:00
010040,,,,KRW,,,NO_DART_API_KEY,,,,,,2026_11013,2026-06-10T04:46:35+09:00
010060,,,,KRW,,,NO_DART_API_KEY,,,,,,2026_11013,2026-06-10T04:46:35+09:00
010100,,,,KRW,,,NO_DART_API_KEY,,,,,,2026_11013,2026-06-10T04:46:35+09:00
010120,,,,KRW,,,NO_DART_API_KEY,,,,,,2026_11013,2026-06-10T04:46:35+09:00
010130,,,,KRW,,,NO_DART_API_KEY,,,,,,2026_11013,2026-06-10T04:46:35+09:00
010140,,,,KRW,,,NO_DART_API_KEY,,,,,,2026_11013,2026-06-10T04:46:35+09:00
010170,,,,KRW,,,NO_DART_API_KEY,,,,,,2026_11013,2026-06-10T04:46:35+09:00
010240,,,,KRW,,,NO_DART_API_KEY,,,,,,2026_11013,2026-06-10T04:46:35+09:00
010280,,,,KRW,,,NO_DART_API_KEY,,,,,,2026_11013,2026-06-10T04:46:35+09:00
010400,,,,KRW,,,NO_DART_API_KEY,,,,,,2026_11013,2026-06-10T04:46:35+09:00
010470,,,,KRW,,,NO_DART_API_KEY,,,,,,2026_11013,2026-06-10T04:46:35+09:00
010580,,,,KRW,,,NO_DART_API_KEY,,,,,,2026_11013,2026-06-10T04:46:35+09:00
010640,,,,KRW,,,NO_DART_API_KEY,,,,,,2026_11013,2026-06-10T04:46:35+09:00
010660,,,,KRW,,,NO_DART_API_KEY,,,,,,2026_11013,2026-06-10T04:46:35+09:00
010690,,,,KRW,,,NO_DART_API_KEY,,,,,,2026_11013,2026-06-10T04:46:35+09:00
010770,,,,KRW,,,NO_DART_API_KEY,,,,,,2026_11013,2026-06-10T04:46:35+09:00
010780,,,,KRW,,,NO_DART_API_KEY,,,,,,2026_11013,2026-06-10T04:46:35+09:00
010820,,,,KRW,,,NO_DART_API_KEY,,,,,,2026_11013,2026-06-10T04:46:35+09:00
010950,,,,KRW,,,NO_DART_API_KEY,,,,,,2026_11013,2026-06-10T04:46:35+09:00
010955,,,,KRW,,,NO_DART_API_KEY,,,,,,2026_11013,2026-06-10T04:46:35+09:00
010960,,,,KRW,,,NO_DART_API_KEY,,,,,,2026_11013,2026-06-10T04:46:35+09:00
011000,,,,KRW,,,NO_DART_API_KEY,,,,,,2026_11013,2026-06-10T04:46:35+09:00
011040,,,,KRW,,,NO_DART_API_KEY,,,,,,2026_11013,2026-06-10T04:46:35+09:00
011070,,,,KRW,,,NO_DART_API_KEY,,,,,,2026_11013,2026-06-10T04:46:35+09:00
011080,,,,KRW,,,NO_DART_API_KEY,,,,,,2026_11013,2026-06-10T04:46:35+09:00
011090,,,,KRW,,,NO_DART_API_KEY,,,,,,2026_11013,2026-06-10T04:46:35+09:00
011150,,,,KRW,,,NO_DART_API_KEY,,,,,,2026_11013,2026-06-10T04:46:35+09:00
011155,,,,KRW,,,NO_DART_API_KEY,,,,,,2026_11013,2026-06-10T04:46:35+09:00
011170,,,,KRW,,,NO_DART_API_KEY,,,,,,2026_11013,2026-06-10T04:46:35+09:00
011200,,,,KRW,,,NO_DART_API_KEY,,,,,,2026_11013,2026-06-10T04:46:35+09:00
011210,,,,KRW,,,NO_DART_API_KEY,,,,,,2026_11013,2026-06-10T04:46:35+09:00
011230,,,,KRW,,,NO_DART_API_KEY,,,,,,2026_11013,2026-06-10T04:46:35+09:00
011280,,,,KRW,,,NO_DART_API_KEY,,,,,,2026_11013,2026-06-10T04:46:35+09:00
011300,,,,KRW,,,NO_DART_API_KEY,,,,,,2026_11013,2026-06-10T04:46:35+09:00
011320,,,,KRW,,,NO_DART_API_KEY,,,,,,2026_11013,2026-06-10T04:46:35+09:00
011330,,,,KRW,,,NO_DART_API_KEY,,,,,,2026_11013,2026-06-10T04:46:35+09:00
011370,,,,KRW,,,NO_DART_API_KEY,,,,,,2026_11013,2026-06-10T04:46:35+09:00
011390,,,,KRW,,,NO_DART_API_KEY,,,,,,2026_11013,2026-06-10T04:46:35+09:00
011420,,,,KRW,,,NO_DART_API_KEY,,,,,,2026_11013,2026-06-10T04:46:35+09:00
011500,,,,KRW,,,NO_DART_API_KEY,,,,,,2026_11013,2026-06-10T04:46:35+09:00
011560,,,,KRW,,,NO_DART_API_KEY,,,,,,2026_11013,2026-06-10T04:46:35+09:00
011690,,,,KRW,,,NO_DART_API_KEY,,,,,,2026_11013,2026-06-10T04:46:35+09:00
011700,,,,KRW,,,NO_DART_API_KEY,,,,,,2026_11013,2026-06-10T04:46:35+09:00
011760,,,,KRW,,,NO_DART_API_KEY,,,,,,2026_11013,2026-06-10T04:46:35+09:00
011780,,,,KRW,,,NO_DART_API_KEY,,,,,,2026_11013,2026-06-10T04:46:35+09:00
011785,,,,KRW,,,NO_DART_API_KEY,,,,,,2026_11013,2026-06-10T04:46:35+09:00
011790,,,,KRW,,,NO_DART_API_KEY,,,,,,2026_11013,2026-06-10T04:46:35+09:00
011810,,,,KRW,,,NO_DART_API_KEY,,,,,,2026_11013,2026-06-10T04:46:35+09:00
011930,,,,KRW,,,NO_DART_API_KEY,,,,,,2026_11013,2026-06-10T04:46:35+09:00
012030,,,,KRW,,,NO_DART_API_KEY,,,,,,2026_11013,2026-06-10T04:46:35+09:00
012160,,,,KRW,,,NO_DART_API_KEY,,,,,,2026_11013,2026-06-10T04:46:35+09:00
012170,,,,KRW,,,NO_DART_API_KEY,,,,,,2026_11013,2026-06-10T04:46:35+09:00
012200,,,,KRW,,,NO_DART_API_KEY,,,,,,2026_11013,2026-06-10T04:46:35+09:00
012205,,,,KRW,,,NO_DART_API_KEY,,,,,,2026_11013,2026-06-10T04:46:35+09:00
012210,,,,KRW,,,NO_DART_API_KEY,,,,,,2026_11013,2026-06-10T04:46:35+09:00
012280,,,,KRW,,,NO_DART_API_KEY,,,,,,2026_11013,2026-06-10T04:46:35+09:00
012320,,,,KRW,,,NO_DART_API_KEY,,,,,,2026_11013,2026-06-10T04:46:35+09:00
012330,,,,KRW,,,NO_DART_API_KEY,,,,,,2026_11013,2026-06-10T04:46:35+09:00
012340,,,,KRW,,,NO_DART_API_KEY,,,,,,2026_11013,2026-06-10T04:46:35+09:00
012450,,,,KRW,,,NO_DART_API_KEY,,,,,,2026_11013,2026-06-10T04:46:35+09:00
012510,,,,KRW,,,NO_DART_API_KEY,,,,,,2026_11013,2026-06-10T04:46:35+09:00
012610,,,,KRW,,,NO_DART_API_KEY,,,,,,2026_11013,2026-06-10T04:46:35+09:00
012620,,,,KRW,,,NO_DART_API_KEY,,,,,,2026_11013,2026-06-10T04:46:35+09:00
012630,,,,KRW,,,NO_DART_API_KEY,,,,,,2026_11013,2026-06-10T04:46:35+09:00
012690,,,,KRW,,,NO_DART_API_KEY,,,,,,2026_11013,2026-06-10T04:46:35+09:00
012700,,,,KRW,,,NO_DART_API_KEY,,,,,,2026_11013,2026-06-10T04:46:35+09:00
012750,,,,KRW,,,NO_DART_API_KEY,,,,,,2026_11013,2026-06-10T04:46:35+09:00
012790,,,,KRW,,,NO_DART_API_KEY,,,,,,2026_11013,2026-06-10T04:46:35+09:00
012800,,,,KRW,,,NO_DART_API_KEY,,,,,,2026_11013,2026-06-10T04:46:35+09:00
012860,,,,KRW,,,NO_DART_API_KEY,,,,,,2026_11013,2026-06-10T04:46:35+09:00
013000,,,,KRW,,,NO_DART_API_KEY,,,,,,2026_11013,2026-06-10T04:46:35+09:00
013030,,,,KRW,,,NO_DART_API_KEY,,,,,,2026_11013,2026-06-10T04:46:35+09:00
013120,,,,KRW,,,NO_DART_API_KEY,,,,,,2026_11013,2026-06-10T04:46:35+09:00
013310,,,,KRW,,,NO_DART_API_KEY,,,,,,2026_11013,2026-06-10T04:46:35+09:00
013360,,,,KRW,,,NO_DART_API_KEY,,,,,,2026_11013,2026-06-10T04:46:35+09:00
013520,,,,KRW,,,NO_DART_API_KEY,,,,,,2026_11013,2026-06-10T04:46:35+09:00
013570,,,,KRW,,,NO_DART_API_KEY,,,,,,2026_11013,2026-06-10T04:46:35+09:00
013580,,,,KRW,,,NO_DART_API_KEY,,,,,,2026_11013,2026-06-10T04:46:35+09:00
013700,,,,KRW,,,NO_DART_API_KEY,,,,,,2026_11013,2026-06-10T04:46:35+09:00
013720,,,,KRW,,,NO_DART_API_KEY,,,,,,2026_11013,2026-06-10T04:46:35+09:00
013810,,,,KRW,,,NO_DART_API_KEY,,,,,,2026_11013,2026-06-10T04:46:35+09:00
013870,,,,KRW,,,NO_DART_API_KEY,,,,,,2026_11013,2026-06-10T04:46:35+09:00
013890,,,,KRW,,,NO_DART_API_KEY,,,,,,2026_11013,2026-06-10T04:46:35+09:00
013990,,,,KRW,,,NO_DART_API_KEY,,,,,,2026_11013,2026-06-10T04:46:35+09:00
014100,,,,KRW,,,NO_DART_API_KEY,,,,,,2026_11013,2026-06-10T04:46:35+09:00
014130,,,,KRW,,,NO_DART_API_KEY,,,,,,2026_11013,2026-06-10T04:46:35+09:00
014160,,,,KRW,,,NO_DART_API_KEY,,,,,,2026_11013,2026-06-10T04:46:35+09:00
014190,,,,KRW,,,NO_DART_API_KEY,,,,,,2026_11013,2026-06-10T04:46:35+09:00
014280,,,,KRW,,,NO_DART_API_KEY,,,,,,2026_11013,2026-06-10T04:46:35+09:00
014285,,,,KRW,,,NO_DART_API_KEY,,,,,,2026_11013,2026-06-10T04:46:35+09:00
014440,,,,KRW,,,NO_DART_API_KEY,,,,,,2026_11013,2026-06-10T04:46:35+09:00
014470,,,,KRW,,,NO_DART_API_KEY,,,,,,2026_11013,2026-06-10T04:46:35+09:00
014530,,,,KRW,,,NO_DART_API_KEY,,,,,,2026_11013,2026-06-10T04:46:35+09:00
014570,,,,KRW,,,NO_DART_API_KEY,,,,,,2026_11013,2026-06-10T04:46:35+09:00
014580,,,,KRW,,,NO_DART_API_KEY,,,,,,2026_11013,2026-06-10T04:46:35+09:00
014620,,,,KRW,,,NO_DART_API_KEY,,,,,,2026_11013,2026-06-10T04:46:35+09:00
014680,,,,KRW,,,NO_DART_API_KEY,,,,,,2026_11013,2026-06-10T04:46:35+09:00
014710,,,,KRW,,,NO_DART_API_KEY,,,,,,2026_11013,2026-06-10T04:46:35+09:00
014790,,,,KRW,,,NO_DART_API_KEY,,,,,,2026_11013,2026-06-10T04:46:35+09:00
014820,,,,KRW,,,NO_DART_API_KEY,,,,,,2026_11013,2026-06-10T04:46:35+09:00
014825,,,,KRW,,,NO_DART_API_KEY,,,,,,2026_11013,2026-06-10T04:46:35+09:00
014830,,,,KRW,,,NO_DART_API_KEY,,,,,,2026_11013,2026-06-10T04:46:35+09:00
014910,,,,KRW,,,NO_DART_API_KEY,,,,,,2026_11013,2026-06-10T04:46:35+09:00
014915,,,,KRW,,,NO_DART_API_KEY,,,,,,2026_11013,2026-06-10T04:46:35+09:00
014940,,,,KRW,,,NO_DART_API_KEY,,,,,,2026_11013,2026-06-10T04:46:35+09:00
014950,,,,KRW,,,NO_DART_API_KEY,,,,,,2026_11013,2026-06-10T04:46:35+09:00
014970,,,,KRW,,,NO_DART_API_KEY,,,,,,2026_11013,2026-06-10T04:46:35+09:00
014990,,,,KRW,,,NO_DART_API_KEY,,,,,,2026_11013,2026-06-10T04:46:35+09:00
015020,,,,KRW,,,NO_DART_API_KEY,,,,,,2026_11013,2026-06-10T04:46:35+09:00
015230,,,,KRW,,,NO_DART_API_KEY,,,,,,2026_11013,2026-06-10T04:46:35+09:00
015260,,,,KRW,,,NO_DART_API_KEY,,,,,,2026_11013,2026-06-10T04:46:35+09:00
015360,,,,KRW,,,NO_DART_API_KEY,,,,,,2026_11013,2026-06-10T04:46:35+09:00
015590,,,,KRW,,,NO_DART_API_KEY,,,,,,2026_11013,2026-06-10T04:46:35+09:00
015710,,,,KRW,,,NO_DART_API_KEY,,,,,,2026_11013,2026-06-10T04:46:35+09:00
015750,,,,KRW,,,NO_DART_API_KEY,,,,,,2026_11013,2026-06-10T04:46:35+09:00
015760,,,,KRW,,,NO_DART_API_KEY,,,,,,2026_11013,2026-06-10T04:46:35+09:00
015860,,,,KRW,,,NO_DART_API_KEY,,,,,,2026_11013,2026-06-10T04:46:35+09:00
015890,,,,KRW,,,NO_DART_API_KEY,,,,,,2026_11013,2026-06-10T04:46:35+09:00
016090,,,,KRW,,,NO_DART_API_KEY,,,,,,2026_11013,2026-06-10T04:46:35+09:00
016100,,,,KRW,,,NO_DART_API_KEY,,,,,,2026_11013,2026-06-10T04:46:35+09:00
016250,,,,KRW,,,NO_DART_API_KEY,,,,,,2026_11013,2026-06-10T04:46:35+09:00
016360,,,,KRW,,,NO_DART_API_KEY,,,,,,2026_11013,2026-06-10T04:46:35+09:00
016380,,,,KRW,,,NO_DART_API_KEY,,,,,,2026_11013,2026-06-10T04:46:35+09:00
016450,,,,KRW,,,NO_DART_API_KEY,,,,,,2026_11013,2026-06-10T04:46:35+09:00
016580,,,,KRW,,,NO_DART_API_KEY,,,,,,2026_11013,2026-06-10T04:46:35+09:00
016590,,,,KRW,,,NO_DART_API_KEY,,,,,,2026_11013,2026-06-10T04:46:35+09:00
016600,,,,KRW,,,NO_DART_API_KEY,,,,,,2026_11013,2026-06-10T04:46:35+09:00
016610,,,,KRW,,,NO_DART_API_KEY,,,,,,2026_11013,2026-06-10T04:46:35+09:00
016670,,,,KRW,,,NO_DART_API_KEY,,,,,,2026_11013,2026-06-10T04:46:35+09:00
016710,,,,KRW,,,NO_DART_API_KEY,,,,,,2026_11013,2026-06-10T04:46:35+09:00
016740,,,,KRW,,,NO_DART_API_KEY,,,,,,2026_11013,2026-06-10T04:46:35+09:00
016790,,,,KRW,,,NO_DART_API_KEY,,,,,,2026_11013,2026-06-10T04:46:35+09:00
016800,,,,KRW,,,NO_DART_API_KEY,,,,,,2026_11013,2026-06-10T04:46:35+09:00
016880,,,,KRW,,,NO_DART_API_KEY,,,,,,2026_11013,2026-06-10T04:46:35+09:00
016920,,,,KRW,,,NO_DART_API_KEY,,,,,,2026_11013,2026-06-10T04:46:35+09:00
017000,,,,KRW,,,NO_DART_API_KEY,,,,,,2026_11013,2026-06-10T04:46:35+09:00
017040,,,,KRW,,,NO_DART_API_KEY,,,,,,2026_11013,2026-06-10T04:46:35+09:00
017180,,,,KRW,,,NO_DART_API_KEY,,,,,,2026_11013,2026-06-10T04:46:35+09:00
017250,,,,KRW,,,NO_DART_API_KEY,,,,,,2026_11013,2026-06-10T04:46:35+09:00
017370,,,,KRW,,,NO_DART_API_KEY,,,,,,2026_11013,2026-06-10T04:46:35+09:00
017390,,,,KRW,,,NO_DART_API_KEY,,,,,,2026_11013,2026-06-10T04:46:35+09:00
017480,,,,KRW,,,NO_DART_API_KEY,,,,,,2026_11013,2026-06-10T04:46:35+09:00
017510,,,,KRW,,,NO_DART_API_KEY,,,,,,2026_11013,2026-06-10T04:46:35+09:00
017550,,,,KRW,,,NO_DART_API_KEY,,,,,,2026_11013,2026-06-10T04:46:35+09:00
017650,,,,KRW,,,NO_DART_API_KEY,,,,,,2026_11013,2026-06-10T04:46:35+09:00
017670,,,,KRW,,,NO_DART_API_KEY,,,,,,2026_11013,2026-06-10T04:46:35+09:00
017800,,,,KRW,,,NO_DART_API_KEY,,,,,,2026_11013,2026-06-10T04:46:35+09:00
017810,,,,KRW,,,NO_DART_API_KEY,,,,,,2026_11013,2026-06-10T04:46:35+09:00
017860,,,,KRW,,,NO_DART_API_KEY,,,,,,2026_11013,2026-06-10T04:46:35+09:00
017890,,,,KRW,,,NO_DART_API_KEY,,,,,,2026_11013,2026-06-10T04:46:35+09:00
017900,,,,KRW,,,NO_DART_API_KEY,,,,,,2026_11013,2026-06-10T04:46:35+09:00
017940,,,,KRW,,,NO_DART_API_KEY,,,,,,2026_11013,2026-06-10T04:46:35+09:00
017960,,,,KRW,,,NO_DART_API_KEY,,,,,,2026_11013,2026-06-10T04:46:35+09:00
018000,,,,KRW,,,NO_DART_API_KEY,,,,,,2026_11013,2026-06-10T04:46:35+09:00
018120,,,,KRW,,,NO_DART_API_KEY,,,,,,2026_11013,2026-06-10T04:46:35+09:00
018250,,,,KRW,,,NO_DART_API_KEY,,,,,,2026_11013,2026-06-10T04:46:35+09:00
018260,,,,KRW,,,NO_DART_API_KEY,,,,,,2026_11013,2026-06-10T04:46:35+09:00
018290,,,,KRW,,,NO_DART_API_KEY,,,,,,2026_11013,2026-06-10T04:46:35+09:00
018310,,,,KRW,,,NO_DART_API_KEY,,,,,,2026_11013,2026-06-10T04:46:35+09:00
018470,,,,KRW,,,NO_DART_API_KEY,,,,,,2026_11013,2026-06-10T04:46:35+09:00
018500,,,,KRW,,,NO_DART_API_KEY,,,,,,2026_11013,2026-06-10T04:46:35+09:00
018620,,,,KRW,,,NO_DART_API_KEY,,,,,,2026_11013,2026-06-10T04:46:35+09:00
018670,,,,KRW,,,NO_DART_API_KEY,,,,,,2026_11013,2026-06-10T04:46:35+09:00
018680,,,,KRW,,,NO_DART_API_KEY,,,,,,2026_11013,2026-06-10T04:46:35+09:00
018700,,,,KRW,,,NO_DART_API_KEY,,,,,,2026_11013,2026-06-10T04:46:35+09:00
018880,,,,KRW,,,NO_DART_API_KEY,,,,,,2026_11013,2026-06-10T04:46:35+09:00
019010,,,,KRW,,,NO_DART_API_KEY,,,,,,2026_11013,2026-06-10T04:46:35+09:00
019170,,,,KRW,,,NO_DART_API_KEY,,,,,,2026_11013,2026-06-10T04:46:35+09:00
019175,,,,KRW,,,NO_DART_API_KEY,,,,,,2026_11013,2026-06-10T04:46:35+09:00
019180,,,,KRW,,,NO_DART_API_KEY,,,,,,2026_11013,2026-06-10T04:46:35+09:00
019210,,,,KRW,,,NO_DART_API_KEY,,,,,,2026_11013,2026-06-10T04:46:35+09:00
019490,,,,KRW,,,NO_DART_API_KEY,,,,,,2026_11013,2026-06-10T04:46:35+09:00
019540,,,,KRW,,,NO_DART_API_KEY,,,,,,2026_11013,2026-06-10T04:46:35+09:00
019550,,,,KRW,,,NO_DART_API_KEY,,,,,,2026_11013,2026-06-10T04:46:35+09:00
019570,,,,KRW,,,NO_DART_API_KEY,,,,,,2026_11013,2026-06-10T04:46:35+09:00
019660,,,,KRW,,,NO_DART_API_KEY,,,,,,2026_11013,2026-06-10T04:46:35+09:00
019680,,,,KRW,,,NO_DART_API_KEY,,,,,,2026_11013,2026-06-10T04:46:35+09:00
019685,,,,KRW,,,NO_DART_API_KEY,,,,,,2026_11013,2026-06-10T04:46:35+09:00
019770,,,,KRW,,,NO_DART_API_KEY,,,,,,2026_11013,2026-06-10T04:46:35+09:00
019990,,,,KRW,,,NO_DART_API_KEY,,,,,,2026_11013,2026-06-10T04:46:35+09:00
020000,,,,KRW,,,NO_DART_API_KEY,,,,,,2026_11013,2026-06-10T04:46:35+09:00
020120,,,,KRW,,,NO_DART_API_KEY,,,,,,2026_11013,2026-06-10T04:46:35+09:00
020150,,,,KRW,,,NO_DART_API_KEY,,,,,,2026_11013,2026-06-10T04:46:35+09:00
020180,,,,KRW,,,NO_DART_API_KEY,,,,,,2026_11013,2026-06-10T04:46:35+09:00
020400,,,,KRW,,,NO_DART_API_KEY,,,,,,2026_11013,2026-06-10T04:46:35+09:00
020560,,,,KRW,,,NO_DART_API_KEY,,,,,,2026_11013,2026-06-10T04:46:35+09:00
020710,,,,KRW,,,NO_DART_API_KEY,,,,,,2026_11013,2026-06-10T04:46:35+09:00
020760,,,,KRW,,,NO_DART_API_KEY,,,,,,2026_11013,2026-06-10T04:46:35+09:00
021040,,,,KRW,,,NO_DART_API_KEY,,,,,,2026_11013,2026-06-10T04:46:35+09:00
021045,,,,KRW,,,NO_DART_API_KEY,,,,,,2026_11013,2026-06-10T04:46:35+09:00
021050,,,,KRW,,,NO_DART_API_KEY,,,,,,2026_11013,2026-06-10T04:46:35+09:00
021080,,,,KRW,,,NO_DART_API_KEY,,,,,,2026_11013,2026-06-10T04:46:35+09:00
021240,,,,KRW,,,NO_DART_API_KEY,,,,,,2026_11013,2026-06-10T04:46:35+09:00
021320,,,,KRW,,,NO_DART_API_KEY,,,,,,2026_11013,2026-06-10T04:46:35+09:00
021650,,,,KRW,,,NO_DART_API_KEY,,,,,,2026_11013,2026-06-10T04:46:35+09:00
021820,,,,KRW,,,NO_DART_API_KEY,,,,,,2026_11013,2026-06-10T04:46:35+09:00
021880,,,,KRW,,,NO_DART_API_KEY,,,,,,2026_11013,2026-06-10T04:46:35+09:00
022100,,,,KRW,,,NO_DART_API_KEY,,,,,,2026_11013,2026-06-10T04:46:35+09:00
022220,,,,KRW,,,NO_DART_API_KEY,,,,,,2026_11013,2026-06-10T04:46:35+09:00
023000,,,,KRW,,,NO_DART_API_KEY,,,,,,2026_11013,2026-06-10T04:46:35+09:00
023150,,,,KRW,,,NO_DART_API_KEY,,,,,,2026_11013,2026-06-10T04:46:35+09:00
023160,,,,KRW,,,NO_DART_API_KEY,,,,,,2026_11013,2026-06-10T04:46:35+09:00
023350,,,,KRW,,,NO_DART_API_KEY,,,,,,2026_11013,2026-06-10T04:46:35+09:00
023410,,,,KRW,,,NO_DART_API_KEY,,,,,,2026_11013,2026-06-10T04:46:35+09:00
023440,,,,KRW,,,NO_DART_API_KEY,,,,,,2026_11013,2026-06-10T04:46:35+09:00
023450,,,,KRW,,,NO_DART_API_KEY,,,,,,2026_11013,2026-06-10T04:46:35+09:00
023530,,,,KRW,,,NO_DART_API_KEY,,,,,,2026_11013,2026-06-10T04:46:35+09:00
023590,,,,KRW,,,NO_DART_API_KEY,,,,,,2026_11013,2026-06-10T04:46:35+09:00
023600,,,,KRW,,,NO_DART_API_KEY,,,,,,2026_11013,2026-06-10T04:46:35+09:00
023760,,,,KRW,,,NO_DART_API_KEY,,,,,,2026_11013,2026-06-10T04:46:35+09:00
023770,,,,KRW,,,NO_DART_API_KEY,,,,,,2026_11013,2026-06-10T04:46:35+09:00
023790,,,,KRW,,,NO_DART_API_KEY,,,,,,2026_11013,2026-06-10T04:46:35+09:00
023800,,,,KRW,,,NO_DART_API_KEY,,,,,,2026_11013,2026-06-10T04:46:35+09:00
023810,,,,KRW,,,NO_DART_API_KEY,,,,,,2026_11013,2026-06-10T04:46:35+09:00
023900,,,,KRW,,,NO_DART_API_KEY,,,,,,2026_11013,2026-06-10T04:46:35+09:00
023910,,,,KRW,,,NO_DART_API_KEY,,,,,,2026_11013,2026-06-10T04:46:35+09:00
023960,,,,KRW,,,NO_DART_API_KEY,,,,,,2026_11013,2026-06-10T04:46:35+09:00
024060,,,,KRW,,,NO_DART_API_KEY,,,,,,2026_11013,2026-06-10T04:46:35+09:00
024070,,,,KRW,,,NO_DART_API_KEY,,,,,,2026_11013,2026-06-10T04:46:35+09:00
024090,,,,KRW,,,NO_DART_API_KEY,,,,,,2026_11013,2026-06-10T04:46:35+09:00
024110,,,,KRW,,,NO_DART_API_KEY,,,,,,2026_11013,2026-06-10T04:46:35+09:00
024120,,,,KRW,,,NO_DART_API_KEY,,,,,,2026_11013,2026-06-10T04:46:35+09:00
024720,,,,KRW,,,NO_DART_API_KEY,,,,,,2026_11013,2026-06-10T04:46:35+09:00
024740,,,,KRW,,,NO_DART_API_KEY,,,,,,2026_11013,2026-06-10T04:46:35+09:00
024800,,,,KRW,,,NO_DART_API_KEY,,,,,,2026_11013,2026-06-10T04:46:35+09:00
024830,,,,KRW,,,NO_DART_API_KEY,,,,,,2026_11013,2026-06-10T04:46:35+09:00
024840,,,,KRW,,,NO_DART_API_KEY,,,,,,2026_11013,2026-06-10T04:46:35+09:00
024850,,,,KRW,,,NO_DART_API_KEY,,,,,,2026_11013,2026-06-10T04:46:35+09:00
024880,,,,KRW,,,NO_DART_API_KEY,,,,,,2026_11013,2026-06-10T04:46:35+09:00
024890,,,,KRW,,,NO_DART_API_KEY,,,,,,2026_11013,2026-06-10T04:46:35+09:00
024900,,,,KRW,,,NO_DART_API_KEY,,,,,,2026_11013,2026-06-10T04:46:35+09:00
024910,,,,KRW,,,NO_DART_API_KEY,,,,,,2026_11013,2026-06-10T04:46:35+09:00
024940,,,,KRW,,,NO_DART_API_KEY,,,,,,2026_11013,2026-06-10T04:46:35+09:00
024950,,,,KRW,,,NO_DART_API_KEY,,,,,,2026_11013,2026-06-10T04:46:35+09:00
025000,,,,KRW,,,NO_DART_API_KEY,,,,,,2026_11013,2026-06-10T04:46:35+09:00
025320,,,,KRW,,,NO_DART_API_KEY,,,,,,2026_11013,2026-06-10T04:46:35+09:00
025440,,,,KRW,,,NO_DART_API_KEY,,,,,,2026_11013,2026-06-10T04:46:35+09:00
025530,,,,KRW,,,NO_DART_API_KEY,,,,,,2026_11013,2026-06-10T04:46:35+09:00
025540,,,,KRW,,,NO_DART_API_KEY,,,,,,2026_11013,2026-06-10T04:46:35+09:00
025550,,,,KRW,,,NO_DART_API_KEY,,,,,,2026_11013,2026-06-10T04:46:35+09:00
025560,,,,KRW,,,NO_DART_API_KEY,,,,,,2026_11013,2026-06-10T04:46:35+09:00
025620,,,,KRW,,,NO_DART_API_KEY,,,,,,2026_11013,2026-06-10T04:46:35+09:00
025750,,,,KRW,,,NO_DART_API_KEY,,,,,,2026_11013,2026-06-10T04:46:35+09:00
025770,,,,KRW,,,NO_DART_API_KEY,,,,,,2026_11013,2026-06-10T04:46:35+09:00
025820,,,,KRW,,,NO_DART_API_KEY,,,,,,2026_11013,2026-06-10T04:46:35+09:00
025860,,,,KRW,,,NO_DART_API_KEY,,,,,,2026_11013,2026-06-10T04:46:35+09:00
025870,,,,KRW,,,NO_DART_API_KEY,,,,,,2026_11013,2026-06-10T04:46:35+09:00
025880,,,,KRW,,,NO_DART_API_KEY,,,,,,2026_11013,2026-06-10T04:46:35+09:00
025890,,,,KRW,,,NO_DART_API_KEY,,,,,,2026_11013,2026-06-10T04:46:35+09:00
025900,,,,KRW,,,NO_DART_API_KEY,,,,,,2026_11013,2026-06-10T04:46:35+09:00
025950,,,,KRW,,,NO_DART_API_KEY,,,,,,2026_11013,2026-06-10T04:46:35+09:00
025980,,,,KRW,,,NO_DART_API_KEY,,,,,,2026_11013,2026-06-10T04:46:35+09:00
026040,,,,KRW,,,NO_DART_API_KEY,,,,,,2026_11013,2026-06-10T04:46:35+09:00
026150,,,,KRW,,,NO_DART_API_KEY,,,,,,2026_11013,2026-06-10T04:46:35+09:00
026890,,,,KRW,,,NO_DART_API_KEY,,,,,,2026_11013,2026-06-10T04:46:35+09:00
026910,,,,KRW,,,NO_DART_API_KEY,,,,,,2026_11013,2026-06-10T04:46:35+09:00
026940,,,,KRW,,,NO_DART_API_KEY,,,,,,2026_11013,2026-06-10T04:46:35+09:00
026960,,,,KRW,,,NO_DART_API_KEY,,,,,,2026_11013,2026-06-10T04:46:35+09:00
027040,,,,KRW,,,NO_DART_API_KEY,,,,,,2026_11013,2026-06-10T04:46:35+09:00
027050,,,,KRW,,,NO_DART_API_KEY,,,,,,2026_11013,2026-06-10T04:46:35+09:00
027360,,,,KRW,,,NO_DART_API_KEY,,,,,,2026_11013,2026-06-10T04:46:35+09:00
027410,,,,KRW,,,NO_DART_API_KEY,,,,,,2026_11013,2026-06-10T04:46:35+09:00
027580,,,,KRW,,,NO_DART_API_KEY,,,,,,2026_11013,2026-06-10T04:46:35+09:00
027710,,,,KRW,,,NO_DART_API_KEY,,,,,,2026_11013,2026-06-10T04:46:35+09:00
027740,,,,KRW,,,NO_DART_API_KEY,,,,,,2026_11013,2026-06-10T04:46:35+09:00
027830,,,,KRW,,,NO_DART_API_KEY,,,,,,2026_11013,2026-06-10T04:46:35+09:00
027970,,,,KRW,,,NO_DART_API_KEY,,,,,,2026_11013,2026-06-10T04:46:35+09:00
028050,,,,KRW,,,NO_DART_API_KEY,,,,,,2026_11013,2026-06-10T04:46:35+09:00
028080,,,,KRW,,,NO_DART_API_KEY,,,,,,2026_11013,2026-06-10T04:46:35+09:00
028100,,,,KRW,,,NO_DART_API_KEY,,,,,,2026_11013,2026-06-10T04:46:35+09:00
028260,,,,KRW,,,NO_DART_API_KEY,,,,,,2026_11013,2026-06-10T04:46:35+09:00
028300,,,,KRW,,,NO_DART_API_KEY,,,,,,2026_11013,2026-06-10T04:46:35+09:00
028670,,,,KRW,,,NO_DART_API_KEY,,,,,,2026_11013,2026-06-10T04:46:35+09:00
029460,,,,KRW,,,NO_DART_API_KEY,,,,,,2026_11013,2026-06-10T04:46:35+09:00
029480,,,,KRW,,,NO_DART_API_KEY,,,,,,2026_11013,2026-06-10T04:46:35+09:00
029530,,,,KRW,,,NO_DART_API_KEY,,,,,,2026_11013,2026-06-10T04:46:35+09:00
029780,,,,KRW,,,NO_DART_API_KEY,,,,,,2026_11013,2026-06-10T04:46:35+09:00
030000,,,,KRW,,,NO_DART_API_KEY,,,,,,2026_11013,2026-06-10T04:46:35+09:00
030190,,,,KRW,,,NO_DART_API_KEY,,,,,,2026_11013,2026-06-10T04:46:35+09:00
030200,,,,KRW,,,NO_DART_API_KEY,,,,,,2026_11013,2026-06-10T04:46:35+09:00
030210,,,,KRW,,,NO_DART_API_KEY,,,,,,2026_11013,2026-06-10T04:46:35+09:00
030350,,,,KRW,,,NO_DART_API_KEY,,,,,,2026_11013,2026-06-10T04:46:35+09:00
030520,,,,KRW,,,NO_DART_API_KEY,,,,,,2026_11013,2026-06-10T04:46:35+09:00
030530,,,,KRW,,,NO_DART_API_KEY,,,,,,2026_11013,2026-06-10T04:46:35+09:00
030610,,,,KRW,,,NO_DART_API_KEY,,,,,,2026_11013,2026-06-10T04:46:35+09:00
030720,,,,KRW,,,NO_DART_API_KEY,,,,,,2026_11013,2026-06-10T04:46:35+09:00
030960,,,,KRW,,,NO_DART_API_KEY,,,,,,2026_11013,2026-06-10T04:46:35+09:00
031210,,,,KRW,,,NO_DART_API_KEY,,,,,,2026_11013,2026-06-10T04:46:35+09:00
031310,,,,KRW,,,NO_DART_API_KEY,,,,,,2026_11013,2026-06-10T04:46:35+09:00
031330,,,,KRW,,,NO_DART_API_KEY,,,,,,2026_11013,2026-06-10T04:46:35+09:00
031430,,,,KRW,,,NO_DART_API_KEY,,,,,,2026_11013,2026-06-10T04:46:35+09:00
031440,,,,KRW,,,NO_DART_API_KEY,,,,,,2026_11013,2026-06-10T04:46:35+09:00
031510,,,,KRW,,,NO_DART_API_KEY,,,,,,2026_11013,2026-06-10T04:46:35+09:00
031820,,,,KRW,,,NO_DART_API_KEY,,,,,,2026_11013,2026-06-10T04:46:35+09:00
031860,,,,KRW,,,NO_DART_API_KEY,,,,,,2026_11013,2026-06-10T04:46:35+09:00
031980,,,,KRW,,,NO_DART_API_KEY,,,,,,2026_11013,2026-06-10T04:46:35+09:00
032080,,,,KRW,,,NO_DART_API_KEY,,,,,,2026_11013,2026-06-10T04:46:35+09:00
032190,,,,KRW,,,NO_DART_API_KEY,,,,,,2026_11013,2026-06-10T04:46:35+09:00
032280,,,,KRW,,,NO_DART_API_KEY,,,,,,2026_11013,2026-06-10T04:46:35+09:00
032300,,,,KRW,,,NO_DART_API_KEY,,,,,,2026_11013,2026-06-10T04:46:35+09:00
032350,,,,KRW,,,NO_DART_API_KEY,,,,,,2026_11013,2026-06-10T04:46:35+09:00
032500,,,,KRW,,,NO_DART_API_KEY,,,,,,2026_11013,2026-06-10T04:46:35+09:00
032540,,,,KRW,,,NO_DART_API_KEY,,,,,,2026_11013,2026-06-10T04:46:35+09:00
032560,,,,KRW,,,NO_DART_API_KEY,,,,,,2026_11013,2026-06-10T04:46:35+09:00
032580,,,,KRW,,,NO_DART_API_KEY,,,,,,2026_11013,2026-06-10T04:46:35+09:00
032620,,,,KRW,,,NO_DART_API_KEY,,,,,,2026_11013,2026-06-10T04:46:35+09:00
032640,,,,KRW,,,NO_DART_API_KEY,,,,,,2026_11013,2026-06-10T04:46:35+09:00
032680,,,,KRW,,,NO_DART_API_KEY,,,,,,2026_11013,2026-06-10T04:46:35+09:00
032685,,,,KRW,,,NO_DART_API_KEY,,,,,,2026_11013,2026-06-10T04:46:35+09:00
032750,,,,KRW,,,NO_DART_API_KEY,,,,,,2026_11013,2026-06-10T04:46:35+09:00
032790,,,,KRW,,,NO_DART_API_KEY,,,,,,2026_11013,2026-06-10T04:46:35+09:00
032800,,,,KRW,,,NO_DART_API_KEY,,,,,,2026_11013,2026-06-10T04:46:35+09:00
032820,,,,KRW,,,NO_DART_API_KEY,,,,,,2026_11013,2026-06-10T04:46:35+09:00
032830,,,,KRW,,,NO_DART_API_KEY,,,,,,2026_11013,2026-06-10T04:46:35+09:00
032850,,,,KRW,,,NO_DART_API_KEY,,,,,,2026_11013,2026-06-10T04:46:35+09:00
032860,,,,KRW,,,NO_DART_API_KEY,,,,,,2026_11013,2026-06-10T04:46:35+09:00
032940,,,,KRW,,,NO_DART_API_KEY,,,,,,2026_11013,2026-06-10T04:46:35+09:00
032960,,,,KRW,,,NO_DART_API_KEY,,,,,,2026_11013,2026-06-10T04:46:35+09:00
032980,,,,KRW,,,NO_DART_API_KEY,,,,,,2026_11013,2026-06-10T04:46:35+09:00
033050,,,,KRW,,,NO_DART_API_KEY,,,,,,2026_11013,2026-06-10T04:46:35+09:00
033100,,,,KRW,,,NO_DART_API_KEY,,,,,,2026_11013,2026-06-10T04:46:35+09:00
033130,,,,KRW,,,NO_DART_API_KEY,,,,,,2026_11013,2026-06-10T04:46:35+09:00
033160,,,,KRW,,,NO_DART_API_KEY,,,,,,2026_11013,2026-06-10T04:46:35+09:00
033170,,,,KRW,,,NO_DART_API_KEY,,,,,,2026_11013,2026-06-10T04:46:35+09:00
033200,,,,KRW,,,NO_DART_API_KEY,,,,,,2026_11013,2026-06-10T04:46:35+09:00
033230,,,,KRW,,,NO_DART_API_KEY,,,,,,2026_11013,2026-06-10T04:46:35+09:00
033240,,,,KRW,,,NO_DART_API_KEY,,,,,,2026_11013,2026-06-10T04:46:35+09:00
033250,,,,KRW,,,NO_DART_API_KEY,,,,,,2026_11013,2026-06-10T04:46:35+09:00
033270,,,,KRW,,,NO_DART_API_KEY,,,,,,2026_11013,2026-06-10T04:46:35+09:00
033290,,,,KRW,,,NO_DART_API_KEY,,,,,,2026_11013,2026-06-10T04:46:35+09:00
033310,,,,KRW,,,NO_DART_API_KEY,,,,,,2026_11013,2026-06-10T04:46:35+09:00
033320,,,,KRW,,,NO_DART_API_KEY,,,,,,2026_11013,2026-06-10T04:46:35+09:00
033340,,,,KRW,,,NO_DART_API_KEY,,,,,,2026_11013,2026-06-10T04:46:35+09:00
033500,,,,KRW,,,NO_DART_API_KEY,,,,,,2026_11013,2026-06-10T04:46:35+09:00
033530,,,,KRW,,,NO_DART_API_KEY,,,,,,2026_11013,2026-06-10T04:46:35+09:00
033540,,,,KRW,,,NO_DART_API_KEY,,,,,,2026_11013,2026-06-10T04:46:35+09:00
033560,,,,KRW,,,NO_DART_API_KEY,,,,,,2026_11013,2026-06-10T04:46:35+09:00
033640,,,,KRW,,,NO_DART_API_KEY,,,,,,2026_11013,2026-06-10T04:46:35+09:00
033780,,,,KRW,,,NO_DART_API_KEY,,,,,,2026_11013,2026-06-10T04:46:35+09:00
033790,,,,KRW,,,NO_DART_API_KEY,,,,,,2026_11013,2026-06-10T04:46:35+09:00
033830,,,,KRW,,,NO_DART_API_KEY,,,,,,2026_11013,2026-06-10T04:46:35+09:00
033920,,,,KRW,,,NO_DART_API_KEY,,,,,,2026_11013,2026-06-10T04:46:35+09:00
034020,,,,KRW,,,NO_DART_API_KEY,,,,,,2026_11013,2026-06-10T04:46:35+09:00
034120,,,,KRW,,,NO_DART_API_KEY,,,,,,2026_11013,2026-06-10T04:46:35+09:00
034220,,,,KRW,,,NO_DART_API_KEY,,,,,,2026_11013,2026-06-10T04:46:35+09:00
034230,,,,KRW,,,NO_DART_API_KEY,,,,,,2026_11013,2026-06-10T04:46:35+09:00
034310,,,,KRW,,,NO_DART_API_KEY,,,,,,2026_11013,2026-06-10T04:46:35+09:00
034590,,,,KRW,,,NO_DART_API_KEY,,,,,,2026_11013,2026-06-10T04:46:35+09:00
034730,,,,KRW,,,NO_DART_API_KEY,,,,,,2026_11013,2026-06-10T04:46:35+09:00
034810,,,,KRW,,,NO_DART_API_KEY,,,,,,2026_11013,2026-06-10T04:46:35+09:00
034830,,,,KRW,,,NO_DART_API_KEY,,,,,,2026_11013,2026-06-10T04:46:35+09:00
034940,,,,KRW,,,NO_DART_API_KEY,,,,,,2026_11013,2026-06-10T04:46:35+09:00
034950,,,,KRW,,,NO_DART_API_KEY,,,,,,2026_11013,2026-06-10T04:46:35+09:00
035000,,,,KRW,,,NO_DART_API_KEY,,,,,,2026_11013,2026-06-10T04:46:35+09:00
035080,,,,KRW,,,NO_DART_API_KEY,,,,,,2026_11013,2026-06-10T04:46:35+09:00
035150,,,,KRW,,,NO_DART_API_KEY,,,,,,2026_11013,2026-06-10T04:46:35+09:00
035200,,,,KRW,,,NO_DART_API_KEY,,,,,,2026_11013,2026-06-10T04:46:35+09:00
035250,,,,KRW,,,NO_DART_API_KEY,,,,,,2026_11013,2026-06-10T04:46:35+09:00
035290,,,,KRW,,,NO_DART_API_KEY,,,,,,2026_11013,2026-06-10T04:46:35+09:00
035420,,,,KRW,,,NO_DART_API_KEY,,,,,,2026_11013,2026-06-10T04:46:35+09:00
035460,,,,KRW,,,NO_DART_API_KEY,,,,,,2026_11013,2026-06-10T04:46:35+09:00
035510,,,,KRW,,,NO_DART_API_KEY,,,,,,2026_11013,2026-06-10T04:46:35+09:00
035600,,,,KRW,,,NO_DART_API_KEY,,,,,,2026_11013,2026-06-10T04:46:35+09:00
035610,,,,KRW,,,NO_DART_API_KEY,,,,,,2026_11013,2026-06-10T04:46:35+09:00
035620,,,,KRW,,,NO_DART_API_KEY,,,,,,2026_11013,2026-06-10T04:46:35+09:00
035720,,,,KRW,,,NO_DART_API_KEY,,,,,,2026_11013,2026-06-10T04:46:35+09:00
035760,,,,KRW,,,NO_DART_API_KEY,,,,,,2026_11013,2026-06-10T04:46:35+09:00
035810,,,,KRW,,,NO_DART_API_KEY,,,,,,2026_11013,2026-06-10T04:46:35+09:00
035890,,,,KRW,,,NO_DART_API_KEY,,,,,,2026_11013,2026-06-10T04:46:35+09:00
035900,,,,KRW,,,NO_DART_API_KEY,,,,,,2026_11013,2026-06-10T04:46:35+09:00
036000,,,,KRW,,,NO_DART_API_KEY,,,,,,2026_11013,2026-06-10T04:46:35+09:00
036010,,,,KRW,,,NO_DART_API_KEY,,,,,,2026_11013,2026-06-10T04:46:35+09:00
036030,,,,KRW,,,NO_DART_API_KEY,,,,,,2026_11013,2026-06-10T04:46:35+09:00
036090,,,,KRW,,,NO_DART_API_KEY,,,,,,2026_11013,2026-06-10T04:46:35+09:00
036120,,,,KRW,,,NO_DART_API_KEY,,,,,,2026_11013,2026-06-10T04:46:35+09:00
036170,,,,KRW,,,NO_DART_API_KEY,,,,,,2026_11013,2026-06-10T04:46:35+09:00
036180,,,,KRW,,,NO_DART_API_KEY,,,,,,2026_11013,2026-06-10T04:46:35+09:00
036190,,,,KRW,,,NO_DART_API_KEY,,,,,,2026_11013,2026-06-10T04:46:35+09:00
036200,,,,KRW,,,NO_DART_API_KEY,,,,,,2026_11013,2026-06-10T04:46:35+09:00
036220,,,,KRW,,,NO_DART_API_KEY,,,,,,2026_11013,2026-06-10T04:46:35+09:00
036420,,,,KRW,,,NO_DART_API_KEY,,,,,,2026_11013,2026-06-10T04:46:35+09:00
036460,,,,KRW,,,NO_DART_API_KEY,,,,,,2026_11013,2026-06-10T04:46:35+09:00
036480,,,,KRW,,,NO_DART_API_KEY,,,,,,2026_11013,2026-06-10T04:46:35+09:00
036530,,,,KRW,,,NO_DART_API_KEY,,,,,,2026_11013,2026-06-10T04:46:35+09:00
036540,,,,KRW,,,NO_DART_API_KEY,,,,,,2026_11013,2026-06-10T04:46:35+09:00
036560,,,,KRW,,,NO_DART_API_KEY,,,,,,2026_11013,2026-06-10T04:46:35+09:00
036570,,,,KRW,,,NO_DART_API_KEY,,,,,,2026_11013,2026-06-10T04:46:35+09:00
036580,,,,KRW,,,NO_DART_API_KEY,,,,,,2026_11013,2026-06-10T04:46:35+09:00
036620,,,,KRW,,,NO_DART_API_KEY,,,,,,2026_11013,2026-06-10T04:46:35+09:00
036630,,,,KRW,,,NO_DART_API_KEY,,,,,,2026_11013,2026-06-10T04:46:35+09:00
036640,,,,KRW,,,NO_DART_API_KEY,,,,,,2026_11013,2026-06-10T04:46:35+09:00
036670,,,,KRW,,,NO_DART_API_KEY,,,,,,2026_11013,2026-06-10T04:46:35+09:00
036690,,,,KRW,,,NO_DART_API_KEY,,,,,,2026_11013,2026-06-10T04:46:35+09:00
036710,,,,KRW,,,NO_DART_API_KEY,,,,,,2026_11013,2026-06-10T04:46:35+09:00
036800,,,,KRW,,,NO_DART_API_KEY,,,,,,2026_11013,2026-06-10T04:46:35+09:00
036810,,,,KRW,,,NO_DART_API_KEY,,,,,,2026_11013,2026-06-10T04:46:35+09:00
036830,,,,KRW,,,NO_DART_API_KEY,,,,,,2026_11013,2026-06-10T04:46:35+09:00
036890,,,,KRW,,,NO_DART_API_KEY,,,,,,2026_11013,2026-06-10T04:46:35+09:00
036930,,,,KRW,,,NO_DART_API_KEY,,,,,,2026_11013,2026-06-10T04:46:35+09:00
037030,,,,KRW,,,NO_DART_API_KEY,,,,,,2026_11013,2026-06-10T04:46:35+09:00
037070,,,,KRW,,,NO_DART_API_KEY,,,,,,2026_11013,2026-06-10T04:46:35+09:00
037230,,,,KRW,,,NO_DART_API_KEY,,,,,,2026_11013,2026-06-10T04:46:35+09:00
037270,,,,KRW,,,NO_DART_API_KEY,,,,,,2026_11013,2026-06-10T04:46:35+09:00
037330,,,,KRW,,,NO_DART_API_KEY,,,,,,2026_11013,2026-06-10T04:46:35+09:00
037350,,,,KRW,,,NO_DART_API_KEY,,,,,,2026_11013,2026-06-10T04:46:35+09:00
037370,,,,KRW,,,NO_DART_API_KEY,,,,,,2026_11013,2026-06-10T04:46:35+09:00
037400,,,,KRW,,,NO_DART_API_KEY,,,,,,2026_11013,2026-06-10T04:46:35+09:00
037440,,,,KRW,,,NO_DART_API_KEY,,,,,,2026_11013,2026-06-10T04:46:35+09:00
037460,,,,KRW,,,NO_DART_API_KEY,,,,,,2026_11013,2026-06-10T04:46:35+09:00
037560,,,,KRW,,,NO_DART_API_KEY,,,,,,2026_11013,2026-06-10T04:46:35+09:00
037710,,,,KRW,,,NO_DART_API_KEY,,,,,,2026_11013,2026-06-10T04:46:35+09:00
037760,,,,KRW,,,NO_DART_API_KEY,,,,,,2026_11013,2026-06-10T04:46:35+09:00
037950,,,,KRW,,,NO_DART_API_KEY,,,,,,2026_11013,2026-06-10T04:46:35+09:00
038010,,,,KRW,,,NO_DART_API_KEY,,,,,,2026_11013,2026-06-10T04:46:35+09:00
038060,,,,KRW,,,NO_DART_API_KEY,,,,,,2026_11013,2026-06-10T04:46:35+09:00
038070,,,,KRW,,,NO_DART_API_KEY,,,,,,2026_11013,2026-06-10T04:46:35+09:00
038110,,,,KRW,,,NO_DART_API_KEY,,,,,,2026_11013,2026-06-10T04:46:35+09:00
038290,,,,KRW,,,NO_DART_API_KEY,,,,,,2026_11013,2026-06-10T04:46:35+09:00
038390,,,,KRW,,,NO_DART_API_KEY,,,,,,2026_11013,2026-06-10T04:46:35+09:00
038460,,,,KRW,,,NO_DART_API_KEY,,,,,,2026_11013,2026-06-10T04:46:35+09:00
038500,,,,KRW,,,NO_DART_API_KEY,,,,,,2026_11013,2026-06-10T04:46:35+09:00
038530,,,,KRW,,,NO_DART_API_KEY,,,,,,2026_11013,2026-06-10T04:46:35+09:00
038540,,,,KRW,,,NO_DART_API_KEY,,,,,,2026_11013,2026-06-10T04:46:35+09:00
038620,,,,KRW,,,NO_DART_API_KEY,,,,,,2026_11013,2026-06-10T04:46:35+09:00
038680,,,,KRW,,,NO_DART_API_KEY,,,,,,2026_11013,2026-06-10T04:46:35+09:00
038870,,,,KRW,,,NO_DART_API_KEY,,,,,,2026_11013,2026-06-10T04:46:35+09:00
038880,,,,KRW,,,NO_DART_API_KEY,,,,,,2026_11013,2026-06-10T04:46:35+09:00
038950,,,,KRW,,,NO_DART_API_KEY,,,,,,2026_11013,2026-06-10T04:46:35+09:00
039010,,,,KRW,,,NO_DART_API_KEY,,,,,,2026_11013,2026-06-10T04:46:35+09:00
039020,,,,KRW,,,NO_DART_API_KEY,,,,,,2026_11013,2026-06-10T04:46:35+09:00
039030,,,,KRW,,,NO_DART_API_KEY,,,,,,2026_11013,2026-06-10T04:46:35+09:00
039130,,,,KRW,,,NO_DART_API_KEY,,,,,,2026_11013,2026-06-10T04:46:35+09:00
039200,,,,KRW,,,NO_DART_API_KEY,,,,,,2026_11013,2026-06-10T04:46:35+09:00
039240,,,,KRW,,,NO_DART_API_KEY,,,,,,2026_11013,2026-06-10T04:46:35+09:00
039290,,,,KRW,,,NO_DART_API_KEY,,,,,,2026_11013,2026-06-10T04:46:35+09:00
039310,,,,KRW,,,NO_DART_API_KEY,,,,,,2026_11013,2026-06-10T04:46:35+09:00
039340,,,,KRW,,,NO_DART_API_KEY,,,,,,2026_11013,2026-06-10T04:46:35+09:00
039420,,,,KRW,,,NO_DART_API_KEY,,,,,,2026_11013,2026-06-10T04:46:35+09:00
039440,,,,KRW,,,NO_DART_API_KEY,,,,,,2026_11013,2026-06-10T04:46:35+09:00
039490,,,,KRW,,,NO_DART_API_KEY,,,,,,2026_11013,2026-06-10T04:46:35+09:00
039560,,,,KRW,,,NO_DART_API_KEY,,,,,,2026_11013,2026-06-10T04:46:35+09:00
039570,,,,KRW,,,NO_DART_API_KEY,,,,,,2026_11013,2026-06-10T04:46:35+09:00
039610,,,,KRW,,,NO_DART_API_KEY,,,,,,2026_11013,2026-06-10T04:46:35+09:00
039740,,,,KRW,,,NO_DART_API_KEY,,,,,,2026_11013,2026-06-10T04:46:35+09:00
039830,,,,KRW,,,NO_DART_API_KEY,,,,,,2026_11013,2026-06-10T04:46:35+09:00
039840,,,,KRW,,,NO_DART_API_KEY,,,,,,2026_11013,2026-06-10T04:46:35+09:00
039860,,,,KRW,,,NO_DART_API_KEY,,,,,,2026_11013,2026-06-10T04:46:35+09:00
039980,,,,KRW,,,NO_DART_API_KEY,,,,,,2026_11013,2026-06-10T04:46:35+09:00
040160,,,,KRW,,,NO_DART_API_KEY,,,,,,2026_11013,2026-06-10T04:46:35+09:00
040300,,,,KRW,,,NO_DART_API_KEY,,,,,,2026_11013,2026-06-10T04:46:35+09:00
040350,,,,KRW,,,NO_DART_API_KEY,,,,,,2026_11013,2026-06-10T04:46:35+09:00
040420,,,,KRW,,,NO_DART_API_KEY,,,,,,2026_11013,2026-06-10T04:46:35+09:00
040610,,,,KRW,,,NO_DART_API_KEY,,,,,,2026_11013,2026-06-10T04:46:35+09:00
040910,,,,KRW,,,NO_DART_API_KEY,,,,,,2026_11013,2026-06-10T04:46:35+09:00
041020,,,,KRW,,,NO_DART_API_KEY,,,,,,2026_11013,2026-06-10T04:46:35+09:00
041190,,,,KRW,,,NO_DART_API_KEY,,,,,,2026_11013,2026-06-10T04:46:35+09:00
041440,,,,KRW,,,NO_DART_API_KEY,,,,,,2026_11013,2026-06-10T04:46:35+09:00
041460,,,,KRW,,,NO_DART_API_KEY,,,,,,2026_11013,2026-06-10T04:46:35+09:00
041510,,,,KRW,,,NO_DART_API_KEY,,,,,,2026_11013,2026-06-10T04:46:35+09:00
041520,,,,KRW,,,NO_DART_API_KEY,,,,,,2026_11013,2026-06-10T04:46:35+09:00
041590,,,,KRW,,,NO_DART_API_KEY,,,,,,2026_11013,2026-06-10T04:46:35+09:00
041650,,,,KRW,,,NO_DART_API_KEY,,,,,,2026_11013,2026-06-10T04:46:35+09:00
041830,,,,KRW,,,NO_DART_API_KEY,,,,,,2026_11013,2026-06-10T04:46:35+09:00
041910,,,,KRW,,,NO_DART_API_KEY,,,,,,2026_11013,2026-06-10T04:46:35+09:00
041920,,,,KRW,,,NO_DART_API_KEY,,,,,,2026_11013,2026-06-10T04:46:35+09:00
041930,,,,KRW,,,NO_DART_API_KEY,,,,,,2026_11013,2026-06-10T04:46:35+09:00
041960,,,,KRW,,,NO_DART_API_KEY,,,,,,2026_11013,2026-06-10T04:46:35+09:00
042000,,,,KRW,,,NO_DART_API_KEY,,,,,,2026_11013,2026-06-10T04:46:35+09:00
042040,,,,KRW,,,NO_DART_API_KEY,,,,,,2026_11013,2026-06-10T04:46:35+09:00
042110,,,,KRW,,,NO_DART_API_KEY,,,,,,2026_11013,2026-06-10T04:46:35+09:00
042370,,,,KRW,,,NO_DART_API_KEY,,,,,,2026_11013,2026-06-10T04:46:35+09:00
042420,,,,KRW,,,NO_DART_API_KEY,,,,,,2026_11013,2026-06-10T04:46:35+09:00
042500,,,,KRW,,,NO_DART_API_KEY,,,,,,2026_11013,2026-06-10T04:46:35+09:00
042510,,,,KRW,,,NO_DART_API_KEY,,,,,,2026_11013,2026-06-10T04:46:35+09:00
042520,,,,KRW,,,NO_DART_API_KEY,,,,,,2026_11013,2026-06-10T04:46:35+09:00
042600,,,,KRW,,,NO_DART_API_KEY,,,,,,2026_11013,2026-06-10T04:46:35+09:00
042660,,,,KRW,,,NO_DART_API_KEY,,,,,,2026_11013,2026-06-10T04:46:35+09:00
042700,,,,KRW,,,NO_DART_API_KEY,,,,,,2026_11013,2026-06-10T04:46:35+09:00
042940,,,,KRW,,,NO_DART_API_KEY,,,,,,2026_11013,2026-06-10T04:46:35+09:00
043090,,,,KRW,,,NO_DART_API_KEY,,,,,,2026_11013,2026-06-10T04:46:35+09:00
043100,,,,KRW,,,NO_DART_API_KEY,,,,,,2026_11013,2026-06-10T04:46:35+09:00
043150,,,,KRW,,,NO_DART_API_KEY,,,,,,2026_11013,2026-06-10T04:46:35+09:00
043200,,,,KRW,,,NO_DART_API_KEY,,,,,,2026_11013,2026-06-10T04:46:35+09:00
043220,,,,KRW,,,NO_DART_API_KEY,,,,,,2026_11013,2026-06-10T04:46:35+09:00
043260,,,,KRW,,,NO_DART_API_KEY,,,,,,2026_11013,2026-06-10T04:46:35+09:00
043340,,,,KRW,,,NO_DART_API_KEY,,,,,,2026_11013,2026-06-10T04:46:35+09:00
043360,,,,KRW,,,NO_DART_API_KEY,,,,,,2026_11013,2026-06-10T04:46:35+09:00
043370,,,,KRW,,,NO_DART_API_KEY,,,,,,2026_11013,2026-06-10T04:46:35+09:00
043590,,,,KRW,,,NO_DART_API_KEY,,,,,,2026_11013,2026-06-10T04:46:35+09:00
043610,,,,KRW,,,NO_DART_API_KEY,,,,,,2026_11013,2026-06-10T04:46:35+09:00
043650,,,,KRW,,,NO_DART_API_KEY,,,,,,2026_11013,2026-06-10T04:46:35+09:00
043710,,,,KRW,,,NO_DART_API_KEY,,,,,,2026_11013,2026-06-10T04:46:35+09:00
043910,,,,KRW,,,NO_DART_API_KEY,,,,,,2026_11013,2026-06-10T04:46:35+09:00
044180,,,,KRW,,,NO_DART_API_KEY,,,,,,2026_11013,2026-06-10T04:46:35+09:00
044340,,,,KRW,,,NO_DART_API_KEY,,,,,,2026_11013,2026-06-10T04:46:35+09:00
044380,,,,KRW,,,NO_DART_API_KEY,,,,,,2026_11013,2026-06-10T04:46:35+09:00
044450,,,,KRW,,,NO_DART_API_KEY,,,,,,2026_11013,2026-06-10T04:46:35+09:00
044480,,,,KRW,,,NO_DART_API_KEY,,,,,,2026_11013,2026-06-10T04:46:35+09:00
044490,,,,KRW,,,NO_DART_API_KEY,,,,,,2026_11013,2026-06-10T04:46:35+09:00
044780,,,,KRW,,,NO_DART_API_KEY,,,,,,2026_11013,2026-06-10T04:46:35+09:00
044820,,,,KRW,,,NO_DART_API_KEY,,,,,,2026_11013,2026-06-10T04:46:35+09:00
044960,,,,KRW,,,NO_DART_API_KEY,,,,,,2026_11013,2026-06-10T04:46:35+09:00
044990,,,,KRW,,,NO_DART_API_KEY,,,,,,2026_11013,2026-06-10T04:46:35+09:00
045060,,,,KRW,,,NO_DART_API_KEY,,,,,,2026_11013,2026-06-10T04:46:35+09:00
045100,,,,KRW,,,NO_DART_API_KEY,,,,,,2026_11013,2026-06-10T04:46:35+09:00
045300,,,,KRW,,,NO_DART_API_KEY,,,,,,2026_11013,2026-06-10T04:46:35+09:00
045340,,,,KRW,,,NO_DART_API_KEY,,,,,,2026_11013,2026-06-10T04:46:35+09:00
045390,,,,KRW,,,NO_DART_API_KEY,,,,,,2026_11013,2026-06-10T04:46:35+09:00
045510,,,,KRW,,,NO_DART_API_KEY,,,,,,2026_11013,2026-06-10T04:46:35+09:00
045520,,,,KRW,,,NO_DART_API_KEY,,,,,,2026_11013,2026-06-10T04:46:35+09:00
045660,,,,KRW,,,NO_DART_API_KEY,,,,,,2026_11013,2026-06-10T04:46:35+09:00
045970,,,,KRW,,,NO_DART_API_KEY,,,,,,2026_11013,2026-06-10T04:46:35+09:00
046070,,,,KRW,,,NO_DART_API_KEY,,,,,,2026_11013,2026-06-10T04:46:35+09:00
046120,,,,KRW,,,NO_DART_API_KEY,,,,,,2026_11013,2026-06-10T04:46:35+09:00
046210,,,,KRW,,,NO_DART_API_KEY,,,,,,2026_11013,2026-06-10T04:46:35+09:00
046310,,,,KRW,,,NO_DART_API_KEY,,,,,,2026_11013,2026-06-10T04:46:35+09:00
046390,,,,KRW,,,NO_DART_API_KEY,,,,,,2026_11013,2026-06-10T04:46:35+09:00
046440,,,,KRW,,,NO_DART_API_KEY,,,,,,2026_11013,2026-06-10T04:46:35+09:00
046890,,,,KRW,,,NO_DART_API_KEY,,,,,,2026_11013,2026-06-10T04:46:35+09:00
046940,,,,KRW,,,NO_DART_API_KEY,,,,,,2026_11013,2026-06-10T04:46:35+09:00
046970,,,,KRW,,,NO_DART_API_KEY,,,,,,2026_11013,2026-06-10T04:46:35+09:00
047040,,,,KRW,,,NO_DART_API_KEY,,,,,,2026_11013,2026-06-10T04:46:35+09:00
047050,,,,KRW,,,NO_DART_API_KEY,,,,,,2026_11013,2026-06-10T04:46:35+09:00
047080,,,,KRW,,,NO_DART_API_KEY,,,,,,2026_11013,2026-06-10T04:46:35+09:00
047310,,,,KRW,,,NO_DART_API_KEY,,,,,,2026_11013,2026-06-10T04:46:35+09:00
047400,,,,KRW,,,NO_DART_API_KEY,,,,,,2026_11013,2026-06-10T04:46:35+09:00
047560,,,,KRW,,,NO_DART_API_KEY,,,,,,2026_11013,2026-06-10T04:46:35+09:00
047770,,,,KRW,,,NO_DART_API_KEY,,,,,,2026_11013,2026-06-10T04:46:35+09:00
047810,,,,KRW,,,NO_DART_API_KEY,,,,,,2026_11013,2026-06-10T04:46:35+09:00
047820,,,,KRW,,,NO_DART_API_KEY,,,,,,2026_11013,2026-06-10T04:46:35+09:00
047920,,,,KRW,,,NO_DART_API_KEY,,,,,,2026_11013,2026-06-10T04:46:35+09:00
048410,,,,KRW,,,NO_DART_API_KEY,,,,,,2026_11013,2026-06-10T04:46:35+09:00
048430,,,,KRW,,,NO_DART_API_KEY,,,,,,2026_11013,2026-06-10T04:46:35+09:00
048470,,,,KRW,,,NO_DART_API_KEY,,,,,,2026_11013,2026-06-10T04:46:35+09:00
048530,,,,KRW,,,NO_DART_API_KEY,,,,,,2026_11013,2026-06-10T04:46:35+09:00
048550,,,,KRW,,,NO_DART_API_KEY,,,,,,2026_11013,2026-06-10T04:46:35+09:00
048770,,,,KRW,,,NO_DART_API_KEY,,,,,,2026_11013,2026-06-10T04:46:35+09:00
048830,,,,KRW,,,NO_DART_API_KEY,,,,,,2026_11013,2026-06-10T04:46:35+09:00
048870,,,,KRW,,,NO_DART_API_KEY,,,,,,2026_11013,2026-06-10T04:46:35+09:00
048910,,,,KRW,,,NO_DART_API_KEY,,,,,,2026_11013,2026-06-10T04:46:35+09:00
049070,,,,KRW,,,NO_DART_API_KEY,,,,,,2026_11013,2026-06-10T04:46:35+09:00
049080,,,,KRW,,,NO_DART_API_KEY,,,,,,2026_11013,2026-06-10T04:46:35+09:00
049120,,,,KRW,,,NO_DART_API_KEY,,,,,,2026_11013,2026-06-10T04:46:35+09:00
049180,,,,KRW,,,NO_DART_API_KEY,,,,,,2026_11013,2026-06-10T04:46:35+09:00
049430,,,,KRW,,,NO_DART_API_KEY,,,,,,2026_11013,2026-06-10T04:46:35+09:00
049470,,,,KRW,,,NO_DART_API_KEY,,,,,,2026_11013,2026-06-10T04:46:35+09:00
049480,,,,KRW,,,NO_DART_API_KEY,,,,,,2026_11013,2026-06-10T04:46:35+09:00
049520,,,,KRW,,,NO_DART_API_KEY,,,,,,2026_11013,2026-06-10T04:46:35+09:00
049550,,,,KRW,,,NO_DART_API_KEY,,,,,,2026_11013,2026-06-10T04:46:35+09:00
049630,,,,KRW,,,NO_DART_API_KEY,,,,,,2026_11013,2026-06-10T04:46:35+09:00
049720,,,,KRW,,,NO_DART_API_KEY,,,,,,2026_11013,2026-06-10T04:46:35+09:00
049800,,,,KRW,,,NO_DART_API_KEY,,,,,,2026_11013,2026-06-10T04:46:35+09:00
049830,,,,KRW,,,NO_DART_API_KEY,,,,,,2026_11013,2026-06-10T04:46:35+09:00
049950,,,,KRW,,,NO_DART_API_KEY,,,,,,2026_11013,2026-06-10T04:46:35+09:00
049960,,,,KRW,,,NO_DART_API_KEY,,,,,,2026_11013,2026-06-10T04:46:35+09:00
050090,,,,KRW,,,NO_DART_API_KEY,,,,,,2026_11013,2026-06-10T04:46:35+09:00
050110,,,,KRW,,,NO_DART_API_KEY,,,,,,2026_11013,2026-06-10T04:46:35+09:00
050120,,,,KRW,,,NO_DART_API_KEY,,,,,,2026_11013,2026-06-10T04:46:35+09:00
050760,,,,KRW,,,NO_DART_API_KEY,,,,,,2026_11013,2026-06-10T04:46:35+09:00
050860,,,,KRW,,,NO_DART_API_KEY,,,,,,2026_11013,2026-06-10T04:46:35+09:00
050890,,,,KRW,,,NO_DART_API_KEY,,,,,,2026_11013,2026-06-10T04:46:35+09:00
050960,,,,KRW,,,NO_DART_API_KEY,,,,,,2026_11013,2026-06-10T04:46:35+09:00
051160,,,,KRW,,,NO_DART_API_KEY,,,,,,2026_11013,2026-06-10T04:46:35+09:00
051360,,,,KRW,,,NO_DART_API_KEY,,,,,,2026_11013,2026-06-10T04:46:35+09:00
051370,,,,KRW,,,NO_DART_API_KEY,,,,,,2026_11013,2026-06-10T04:46:35+09:00
051380,,,,KRW,,,NO_DART_API_KEY,,,,,,2026_11013,2026-06-10T04:46:35+09:00
051390,,,,KRW,,,NO_DART_API_KEY,,,,,,2026_11013,2026-06-10T04:46:35+09:00
051490,,,,KRW,,,NO_DART_API_KEY,,,,,,2026_11013,2026-06-10T04:46:35+09:00
051500,,,,KRW,,,NO_DART_API_KEY,,,,,,2026_11013,2026-06-10T04:46:35+09:00
051600,,,,KRW,,,NO_DART_API_KEY,,,,,,2026_11013,2026-06-10T04:46:35+09:00
051630,,,,KRW,,,NO_DART_API_KEY,,,,,,2026_11013,2026-06-10T04:46:35+09:00
051780,,,,KRW,,,NO_DART_API_KEY,,,,,,2026_11013,2026-06-10T04:46:35+09:00
051900,,,,KRW,,,NO_DART_API_KEY,,,,,,2026_11013,2026-06-10T04:46:35+09:00
051905,,,,KRW,,,NO_DART_API_KEY,,,,,,2026_11013,2026-06-10T04:46:35+09:00
051910,,,,KRW,,,NO_DART_API_KEY,,,,,,2026_11013,2026-06-10T04:46:35+09:00
051915,,,,KRW,,,NO_DART_API_KEY,,,,,,2026_11013,2026-06-10T04:46:35+09:00
051980,,,,KRW,,,NO_DART_API_KEY,,,,,,2026_11013,2026-06-10T04:46:35+09:00
052020,,,,KRW,,,NO_DART_API_KEY,,,,,,2026_11013,2026-06-10T04:46:35+09:00
052220,,,,KRW,,,NO_DART_API_KEY,,,,,,2026_11013,2026-06-10T04:46:35+09:00
052260,,,,KRW,,,NO_DART_API_KEY,,,,,,2026_11013,2026-06-10T04:46:35+09:00
052300,,,,KRW,,,NO_DART_API_KEY,,,,,,2026_11013,2026-06-10T04:46:35+09:00
052330,,,,KRW,,,NO_DART_API_KEY,,,,,,2026_11013,2026-06-10T04:46:35+09:00
052400,,,,KRW,,,NO_DART_API_KEY,,,,,,2026_11013,2026-06-10T04:46:35+09:00
052420,,,,KRW,,,NO_DART_API_KEY,,,,,,2026_11013,2026-06-10T04:46:35+09:00
052460,,,,KRW,,,NO_DART_API_KEY,,,,,,2026_11013,2026-06-10T04:46:35+09:00
052600,,,,KRW,,,NO_DART_API_KEY,,,,,,2026_11013,2026-06-10T04:46:35+09:00
052690,,,,KRW,,,NO_DART_API_KEY,,,,,,2026_11013,2026-06-10T04:46:35+09:00
052710,,,,KRW,,,NO_DART_API_KEY,,,,,,2026_11013,2026-06-10T04:46:35+09:00
052770,,,,KRW,,,NO_DART_API_KEY,,,,,,2026_11013,2026-06-10T04:46:35+09:00
052790,,,,KRW,,,NO_DART_API_KEY,,,,,,2026_11013,2026-06-10T04:46:35+09:00
052860,,,,KRW,,,NO_DART_API_KEY,,,,,,2026_11013,2026-06-10T04:46:35+09:00
052900,,,,KRW,,,NO_DART_API_KEY,,,,,,2026_11013,2026-06-10T04:46:35+09:00
053030,,,,KRW,,,NO_DART_API_KEY,,,,,,2026_11013,2026-06-10T04:46:35+09:00
053050,,,,KRW,,,NO_DART_API_KEY,,,,,,2026_11013,2026-06-10T04:46:35+09:00
053060,,,,KRW,,,NO_DART_API_KEY,,,,,,2026_11013,2026-06-10T04:46:35+09:00
053080,,,,KRW,,,NO_DART_API_KEY,,,,,,2026_11013,2026-06-10T04:46:35+09:00
053160,,,,KRW,,,NO_DART_API_KEY,,,,,,2026_11013,2026-06-10T04:46:35+09:00
053210,,,,KRW,,,NO_DART_API_KEY,,,,,,2026_11013,2026-06-10T04:46:35+09:00
053260,,,,KRW,,,NO_DART_API_KEY,,,,,,2026_11013,2026-06-10T04:46:35+09:00
053270,,,,KRW,,,NO_DART_API_KEY,,,,,,2026_11013,2026-06-10T04:46:35+09:00
053280,,,,KRW,,,NO_DART_API_KEY,,,,,,2026_11013,2026-06-10T04:46:35+09:00
053290,,,,KRW,,,NO_DART_API_KEY,,,,,,2026_11013,2026-06-10T04:46:35+09:00
053300,,,,KRW,,,NO_DART_API_KEY,,,,,,2026_11013,2026-06-10T04:46:35+09:00
053350,,,,KRW,,,NO_DART_API_KEY,,,,,,2026_11013,2026-06-10T04:46:35+09:00
053450,,,,KRW,,,NO_DART_API_KEY,,,,,,2026_11013,2026-06-10T04:46:35+09:00
053580,,,,KRW,,,NO_DART_API_KEY,,,,,,2026_11013,2026-06-10T04:46:35+09:00
053610,,,,KRW,,,NO_DART_API_KEY,,,,,,2026_11013,2026-06-10T04:46:35+09:00
053620,,,,KRW,,,NO_DART_API_KEY,,,,,,2026_11013,2026-06-10T04:46:35+09:00
053690,,,,KRW,,,NO_DART_API_KEY,,,,,,2026_11013,2026-06-10T04:46:35+09:00
053700,,,,KRW,,,NO_DART_API_KEY,,,,,,2026_11013,2026-06-10T04:46:35+09:00
053800,,,,KRW,,,NO_DART_API_KEY,,,,,,2026_11013,2026-06-10T04:46:35+09:00
053950,,,,KRW,,,NO_DART_API_KEY,,,,,,2026_11013,2026-06-10T04:46:35+09:00
053980,,,,KRW,,,NO_DART_API_KEY,,,,,,2026_11013,2026-06-10T04:46:35+09:00
054040,,,,KRW,,,NO_DART_API_KEY,,,,,,2026_11013,2026-06-10T04:46:35+09:00
054050,,,,KRW,,,NO_DART_API_KEY,,,,,,2026_11013,2026-06-10T04:46:35+09:00
054090,,,,KRW,,,NO_DART_API_KEY,,,,,,2026_11013,2026-06-10T04:46:35+09:00
054180,,,,KRW,,,NO_DART_API_KEY,,,,,,2026_11013,2026-06-10T04:46:35+09:00
054210,,,,KRW,,,NO_DART_API_KEY,,,,,,2026_11013,2026-06-10T04:46:35+09:00
054220,,,,KRW,,,NO_DART_API_KEY,,,,,,2026_11013,2026-06-10T04:46:35+09:00
054300,,,,KRW,,,NO_DART_API_KEY,,,,,,2026_11013,2026-06-10T04:46:35+09:00
054410,,,,KRW,,,NO_DART_API_KEY,,,,,,2026_11013,2026-06-10T04:46:35+09:00
054450,,,,KRW,,,NO_DART_API_KEY,,,,,,2026_11013,2026-06-10T04:46:35+09:00
054540,,,,KRW,,,NO_DART_API_KEY,,,,,,2026_11013,2026-06-10T04:46:35+09:00
054620,,,,KRW,,,NO_DART_API_KEY,,,,,,2026_11013,2026-06-10T04:46:35+09:00
054670,,,,KRW,,,NO_DART_API_KEY,,,,,,2026_11013,2026-06-10T04:46:35+09:00
054780,,,,KRW,,,NO_DART_API_KEY,,,,,,2026_11013,2026-06-10T04:46:35+09:00
054800,,,,KRW,,,NO_DART_API_KEY,,,,,,2026_11013,2026-06-10T04:46:35+09:00
054920,,,,KRW,,,NO_DART_API_KEY,,,,,,2026_11013,2026-06-10T04:46:35+09:00
054930,,,,KRW,,,NO_DART_API_KEY,,,,,,2026_11013,2026-06-10T04:46:35+09:00
054940,,,,KRW,,,NO_DART_API_KEY,,,,,,2026_11013,2026-06-10T04:46:35+09:00
054950,,,,KRW,,,NO_DART_API_KEY,,,,,,2026_11013,2026-06-10T04:46:35+09:00
055490,,,,KRW,,,NO_DART_API_KEY,,,,,,2026_11013,2026-06-10T04:46:35+09:00
055550,,,,KRW,,,NO_DART_API_KEY,,,,,,2026_11013,2026-06-10T04:46:35+09:00
056080,,,,KRW,,,NO_DART_API_KEY,,,,,,2026_11013,2026-06-10T04:46:35+09:00
056090,,,,KRW,,,NO_DART_API_KEY,,,,,,2026_11013,2026-06-10T04:46:35+09:00
056190,,,,KRW,,,NO_DART_API_KEY,,,,,,2026_11013,2026-06-10T04:46:35+09:00
056360,,,,KRW,,,NO_DART_API_KEY,,,,,,2026_11013,2026-06-10T04:46:35+09:00
056700,,,,KRW,,,NO_DART_API_KEY,,,,,,2026_11013,2026-06-10T04:46:35+09:00
056730,,,,KRW,,,NO_DART_API_KEY,,,,,,2026_11013,2026-06-10T04:46:35+09:00
057030,,,,KRW,,,NO_DART_API_KEY,,,,,,2026_11013,2026-06-10T04:46:35+09:00
057050,,,,KRW,,,NO_DART_API_KEY,,,,,,2026_11013,2026-06-10T04:46:35+09:00
057540,,,,KRW,,,NO_DART_API_KEY,,,,,,2026_11013,2026-06-10T04:46:35+09:00
057680,,,,KRW,,,NO_DART_API_KEY,,,,,,2026_11013,2026-06-10T04:46:35+09:00
058110,,,,KRW,,,NO_DART_API_KEY,,,,,,2026_11013,2026-06-10T04:46:35+09:00
058400,,,,KRW,,,NO_DART_API_KEY,,,,,,2026_11013,2026-06-10T04:46:35+09:00
058430,,,,KRW,,,NO_DART_API_KEY,,,,,,2026_11013,2026-06-10T04:46:35+09:00
058450,,,,KRW,,,NO_DART_API_KEY,,,,,,2026_11013,2026-06-10T04:46:35+09:00
058470,,,,KRW,,,NO_DART_API_KEY,,,,,,2026_11013,2026-06-10T04:46:35+09:00
058610,,,,KRW,,,NO_DART_API_KEY,,,,,,2026_11013,2026-06-10T04:46:35+09:00
058630,,,,KRW,,,NO_DART_API_KEY,,,,,,2026_11013,2026-06-10T04:46:35+09:00
058650,,,,KRW,,,NO_DART_API_KEY,,,,,,2026_11013,2026-06-10T04:46:35+09:00
058730,,,,KRW,,,NO_DART_API_KEY,,,,,,2026_11013,2026-06-10T04:46:35+09:00
058820,,,,KRW,,,NO_DART_API_KEY,,,,,,2026_11013,2026-06-10T04:46:35+09:00
058850,,,,KRW,,,NO_DART_API_KEY,,,,,,2026_11013,2026-06-10T04:46:35+09:00
058860,,,,KRW,,,NO_DART_API_KEY,,,,,,2026_11013,2026-06-10T04:46:35+09:00
058970,,,,KRW,,,NO_DART_API_KEY,,,,,,2026_11013,2026-06-10T04:46:35+09:00
059090,,,,KRW,,,NO_DART_API_KEY,,,,,,2026_11013,2026-06-10T04:46:35+09:00
059100,,,,KRW,,,NO_DART_API_KEY,,,,,,2026_11013,2026-06-10T04:46:35+09:00
059120,,,,KRW,,,NO_DART_API_KEY,,,,,,2026_11013,2026-06-10T04:46:35+09:00
059210,,,,KRW,,,NO_DART_API_KEY,,,,,,2026_11013,2026-06-10T04:46:35+09:00
059270,,,,KRW,,,NO_DART_API_KEY,,,,,,2026_11013,2026-06-10T04:46:35+09:00
060150,,,,KRW,,,NO_DART_API_KEY,,,,,,2026_11013,2026-06-10T04:46:35+09:00
060230,,,,KRW,,,NO_DART_API_KEY,,,,,,2026_11013,2026-06-10T04:46:35+09:00
060240,,,,KRW,,,NO_DART_API_KEY,,,,,,2026_11013,2026-06-10T04:46:35+09:00
060250,,,,KRW,,,NO_DART_API_KEY,,,,,,2026_11013,2026-06-10T04:46:35+09:00
060260,,,,KRW,,,NO_DART_API_KEY,,,,,,2026_11013,2026-06-10T04:46:35+09:00
060280,,,,KRW,,,NO_DART_API_KEY,,,,,,2026_11013,2026-06-10T04:46:35+09:00
060310,,,,KRW,,,NO_DART_API_KEY,,,,,,2026_11013,2026-06-10T04:46:35+09:00
060370,,,,KRW,,,NO_DART_API_KEY,,,,,,2026_11013,2026-06-10T04:46:35+09:00
060380,,,,KRW,,,NO_DART_API_KEY,,,,,,2026_11013,2026-06-10T04:46:35+09:00
060480,,,,KRW,,,NO_DART_API_KEY,,,,,,2026_11013,2026-06-10T04:46:35+09:00
060540,,,,KRW,,,NO_DART_API_KEY,,,,,,2026_11013,2026-06-10T04:46:35+09:00
060560,,,,KRW,,,NO_DART_API_KEY,,,,,,2026_11013,2026-06-10T04:46:35+09:00
060570,,,,KRW,,,NO_DART_API_KEY,,,,,,2026_11013,2026-06-10T04:46:35+09:00
060590,,,,KRW,,,NO_DART_API_KEY,,,,,,2026_11013,2026-06-10T04:46:35+09:00
060720,,,,KRW,,,NO_DART_API_KEY,,,,,,2026_11013,2026-06-10T04:46:35+09:00
060850,,,,KRW,,,NO_DART_API_KEY,,,,,,2026_11013,2026-06-10T04:46:35+09:00
060900,,,,KRW,,,NO_DART_API_KEY,,,,,,2026_11013,2026-06-10T04:46:35+09:00
060980,,,,KRW,,,NO_DART_API_KEY,,,,,,2026_11013,2026-06-10T04:46:35+09:00
061040,,,,KRW,,,NO_DART_API_KEY,,,,,,2026_11013,2026-06-10T04:46:35+09:00
061090,,,,KRW,,,NO_DART_API_KEY,,,,,,2026_11013,2026-06-10T04:46:35+09:00
061250,,,,KRW,,,NO_DART_API_KEY,,,,,,2026_11013,2026-06-10T04:46:35+09:00
061970,,,,KRW,,,NO_DART_API_KEY,,,,,,2026_11013,2026-06-10T04:46:35+09:00
062040,,,,KRW,,,NO_DART_API_KEY,,,,,,2026_11013,2026-06-10T04:46:35+09:00
062970,,,,KRW,,,NO_DART_API_KEY,,,,,,2026_11013,2026-06-10T04:46:35+09:00
063080,,,,KRW,,,NO_DART_API_KEY,,,,,,2026_11013,2026-06-10T04:46:35+09:00
063160,,,,KRW,,,NO_DART_API_KEY,,,,,,2026_11013,2026-06-10T04:46:35+09:00
063170,,,,KRW,,,NO_DART_API_KEY,,,,,,2026_11013,2026-06-10T04:46:35+09:00
063440,,,,KRW,,,NO_DART_API_KEY,,,,,,2026_11013,2026-06-10T04:46:35+09:00
063570,,,,KRW,,,NO_DART_API_KEY,,,,,,2026_11013,2026-06-10T04:46:35+09:00
063760,,,,KRW,,,NO_DART_API_KEY,,,,,,2026_11013,2026-06-10T04:46:35+09:00
064090,,,,KRW,,,NO_DART_API_KEY,,,,,,2026_11013,2026-06-10T04:46:35+09:00
064240,,,,KRW,,,NO_DART_API_KEY,,,,,,2026_11013,2026-06-10T04:46:35+09:00
064260,,,,KRW,,,NO_DART_API_KEY,,,,,,2026_11013,2026-06-10T04:46:35+09:00
064290,,,,KRW,,,NO_DART_API_KEY,,,,,,2026_11013,2026-06-10T04:46:35+09:00
064350,,,,KRW,,,NO_DART_API_KEY,,,,,,2026_11013,2026-06-10T04:46:35+09:00
064400,,,,KRW,,,NO_DART_API_KEY,,,,,,2026_11013,2026-06-10T04:46:35+09:00
064480,,,,KRW,,,NO_DART_API_KEY,,,,,,2026_11013,2026-06-10T04:46:35+09:00
064520,,,,KRW,,,NO_DART_API_KEY,,,,,,2026_11013,2026-06-10T04:46:35+09:00
064550,,,,KRW,,,NO_DART_API_KEY,,,,,,2026_11013,2026-06-10T04:46:35+09:00
064760,,,,KRW,,,NO_DART_API_KEY,,,,,,2026_11013,2026-06-10T04:46:35+09:00
064800,,,,KRW,,,NO_DART_API_KEY,,,,,,2026_11013,2026-06-10T04:46:35+09:00
064820,,,,KRW,,,NO_DART_API_KEY,,,,,,2026_11013,2026-06-10T04:46:35+09:00
064850,,,,KRW,,,NO_DART_API_KEY,,,,,,2026_11013,2026-06-10T04:46:35+09:00
064960,,,,KRW,,,NO_DART_API_KEY,,,,,,2026_11013,2026-06-10T04:46:35+09:00
065060,,,,KRW,,,NO_DART_API_KEY,,,,,,2026_11013,2026-06-10T04:46:35+09:00
065130,,,,KRW,,,NO_DART_API_KEY,,,,,,2026_11013,2026-06-10T04:46:35+09:00
065150,,,,KRW,,,NO_DART_API_KEY,,,,,,2026_11013,2026-06-10T04:46:35+09:00
065170,,,,KRW,,,NO_DART_API_KEY,,,,,,2026_11013,2026-06-10T04:46:35+09:00
065350,,,,KRW,,,NO_DART_API_KEY,,,,,,2026_11013,2026-06-10T04:46:35+09:00
065370,,,,KRW,,,NO_DART_API_KEY,,,,,,2026_11013,2026-06-10T04:46:35+09:00
065420,,,,KRW,,,NO_DART_API_KEY,,,,,,2026_11013,2026-06-10T04:46:35+09:00
065440,,,,KRW,,,NO_DART_API_KEY,,,,,,2026_11013,2026-06-10T04:46:35+09:00
065450,,,,KRW,,,NO_DART_API_KEY,,,,,,2026_11013,2026-06-10T04:46:35+09:00
065500,,,,KRW,,,NO_DART_API_KEY,,,,,,2026_11013,2026-06-10T04:46:35+09:00
065510,,,,KRW,,,NO_DART_API_KEY,,,,,,2026_11013,2026-06-10T04:46:35+09:00
065530,,,,KRW,,,NO_DART_API_KEY,,,,,,2026_11013,2026-06-10T04:46:35+09:00
065570,,,,KRW,,,NO_DART_API_KEY,,,,,,2026_11013,2026-06-10T04:46:35+09:00
065650,,,,KRW,,,NO_DART_API_KEY,,,,,,2026_11013,2026-06-10T04:46:35+09:00
065660,,,,KRW,,,NO_DART_API_KEY,,,,,,2026_11013,2026-06-10T04:46:35+09:00
065680,,,,KRW,,,NO_DART_API_KEY,,,,,,2026_11013,2026-06-10T04:46:35+09:00
065690,,,,KRW,,,NO_DART_API_KEY,,,,,,2026_11013,2026-06-10T04:46:35+09:00
065710,,,,KRW,,,NO_DART_API_KEY,,,,,,2026_11013,2026-06-10T04:46:35+09:00
065770,,,,KRW,,,NO_DART_API_KEY,,,,,,2026_11013,2026-06-10T04:46:35+09:00
065950,,,,KRW,,,NO_DART_API_KEY,,,,,,2026_11013,2026-06-10T04:46:35+09:00
066130,,,,KRW,,,NO_DART_API_KEY,,,,,,2026_11013,2026-06-10T04:46:35+09:00
066310,,,,KRW,,,NO_DART_API_KEY,,,,,,2026_11013,2026-06-10T04:46:35+09:00
066360,,,,KRW,,,NO_DART_API_KEY,,,,,,2026_11013,2026-06-10T04:46:35+09:00
066410,,,,KRW,,,NO_DART_API_KEY,,,,,,2026_11013,2026-06-10T04:46:35+09:00
066430,,,,KRW,,,NO_DART_API_KEY,,,,,,2026_11013,2026-06-10T04:46:35+09:00
066570,,,,KRW,,,NO_DART_API_KEY,,,,,,2026_11013,2026-06-10T04:46:35+09:00
066575,,,,KRW,,,NO_DART_API_KEY,,,,,,2026_11013,2026-06-10T04:46:35+09:00
066590,,,,KRW,,,NO_DART_API_KEY,,,,,,2026_11013,2026-06-10T04:46:35+09:00
066620,,,,KRW,,,NO_DART_API_KEY,,,,,,2026_11013,2026-06-10T04:46:35+09:00
066670,,,,KRW,,,NO_DART_API_KEY,,,,,,2026_11013,2026-06-10T04:46:35+09:00
066700,,,,KRW,,,NO_DART_API_KEY,,,,,,2026_11013,2026-06-10T04:46:35+09:00
066790,,,,KRW,,,NO_DART_API_KEY,,,,,,2026_11013,2026-06-10T04:46:35+09:00
066900,,,,KRW,,,NO_DART_API_KEY,,,,,,2026_11013,2026-06-10T04:46:35+09:00
066910,,,,KRW,,,NO_DART_API_KEY,,,,,,2026_11013,2026-06-10T04:46:35+09:00
066970,,,,KRW,,,NO_DART_API_KEY,,,,,,2026_11013,2026-06-10T04:46:35+09:00
066980,,,,KRW,,,NO_DART_API_KEY,,,,,,2026_11013,2026-06-10T04:46:35+09:00
067000,,,,KRW,,,NO_DART_API_KEY,,,,,,2026_11013,2026-06-10T04:46:35+09:00
067010,,,,KRW,,,NO_DART_API_KEY,,,,,,2026_11013,2026-06-10T04:46:35+09:00
067080,,,,KRW,,,NO_DART_API_KEY,,,,,,2026_11013,2026-06-10T04:46:35+09:00
067160,,,,KRW,,,NO_DART_API_KEY,,,,,,2026_11013,2026-06-10T04:46:35+09:00
067170,,,,KRW,,,NO_DART_API_KEY,,,,,,2026_11013,2026-06-10T04:46:35+09:00
067280,,,,KRW,,,NO_DART_API_KEY,,,,,,2026_11013,2026-06-10T04:46:35+09:00
067290,,,,KRW,,,NO_DART_API_KEY,,,,,,2026_11013,2026-06-10T04:46:35+09:00
067310,,,,KRW,,,NO_DART_API_KEY,,,,,,2026_11013,2026-06-10T04:46:35+09:00
067370,,,,KRW,,,NO_DART_API_KEY,,,,,,2026_11013,2026-06-10T04:46:35+09:00
067390,,,,KRW,,,NO_DART_API_KEY,,,,,,2026_11013,2026-06-10T04:46:35+09:00
067570,,,,KRW,,,NO_DART_API_KEY,,,,,,2026_11013,2026-06-10T04:46:35+09:00
067630,,,,KRW,,,NO_DART_API_KEY,,,,,,2026_11013,2026-06-10T04:46:35+09:00
067730,,,,KRW,,,NO_DART_API_KEY,,,,,,2026_11013,2026-06-10T04:46:35+09:00
067770,,,,KRW,,,NO_DART_API_KEY,,,,,,2026_11013,2026-06-10T04:46:35+09:00
067830,,,,KRW,,,NO_DART_API_KEY,,,,,,2026_11013,2026-06-10T04:46:35+09:00
067900,,,,KRW,,,NO_DART_API_KEY,,,,,,2026_11013,2026-06-10T04:46:35+09:00
067920,,,,KRW,,,NO_DART_API_KEY,,,,,,2026_11013,2026-06-10T04:46:35+09:00
067990,,,,KRW,,,NO_DART_API_KEY,,,,,,2026_11013,2026-06-10T04:46:35+09:00
068050,,,,KRW,,,NO_DART_API_KEY,,,,,,2026_11013,2026-06-10T04:46:35+09:00
068100,,,,KRW,,,NO_DART_API_KEY,,,,,,2026_11013,2026-06-10T04:46:35+09:00
068240,,,,KRW,,,NO_DART_API_KEY,,,,,,2026_11013,2026-06-10T04:46:35+09:00
068270,,,,KRW,,,NO_DART_API_KEY,,,,,,2026_11013,2026-06-10T04:46:35+09:00
068290,,,,KRW,,,NO_DART_API_KEY,,,,,,2026_11013,2026-06-10T04:46:35+09:00
068330,,,,KRW,,,NO_DART_API_KEY,,,,,,2026_11013,2026-06-10T04:46:35+09:00
068760,,,,KRW,,,NO_DART_API_KEY,,,,,,2026_11013,2026-06-10T04:46:35+09:00
068790,,,,KRW,,,NO_DART_API_KEY,,,,,,2026_11013,2026-06-10T04:46:35+09:00
068930,,,,KRW,,,NO_DART_API_KEY,,,,,,2026_11013,2026-06-10T04:46:35+09:00
068940,,,,KRW,,,NO_DART_API_KEY,,,,,,2026_11013,2026-06-10T04:46:35+09:00
069080,,,,KRW,,,NO_DART_API_KEY,,,,,,2026_11013,2026-06-10T04:46:35+09:00
069140,,,,KRW,,,NO_DART_API_KEY,,,,,,2026_11013,2026-06-10T04:46:35+09:00
069260,,,,KRW,,,NO_DART_API_KEY,,,,,,2026_11013,2026-06-10T04:46:35+09:00
069330,,,,KRW,,,NO_DART_API_KEY,,,,,,2026_11013,2026-06-10T04:46:35+09:00
069410,,,,KRW,,,NO_DART_API_KEY,,,,,,2026_11013,2026-06-10T04:46:35+09:00
069460,,,,KRW,,,NO_DART_API_KEY,,,,,,2026_11013,2026-06-10T04:46:35+09:00
069510,,,,KRW,,,NO_DART_API_KEY,,,,,,2026_11013,2026-06-10T04:46:35+09:00
069540,,,,KRW,,,NO_DART_API_KEY,,,,,,2026_11013,2026-06-10T04:46:35+09:00
069620,,,,KRW,,,NO_DART_API_KEY,,,,,,2026_11013,2026-06-10T04:46:35+09:00
069640,,,,KRW,,,NO_DART_API_KEY,,,,,,2026_11013,2026-06-10T04:46:35+09:00
069730,,,,KRW,,,NO_DART_API_KEY,,,,,,2026_11013,2026-06-10T04:46:35+09:00
069920,,,,KRW,,,NO_DART_API_KEY,,,,,,2026_11013,2026-06-10T04:46:35+09:00
069960,,,,KRW,,,NO_DART_API_KEY,,,,,,2026_11013,2026-06-10T04:46:35+09:00
070300,,,,KRW,,,NO_DART_API_KEY,,,,,,2026_11013,2026-06-10T04:46:35+09:00
070590,,,,KRW,,,NO_DART_API_KEY,,,,,,2026_11013,2026-06-10T04:46:35+09:00
070960,,,,KRW,,,NO_DART_API_KEY,,,,,,2026_11013,2026-06-10T04:46:35+09:00
071050,,,,KRW,,,NO_DART_API_KEY,,,,,,2026_11013,2026-06-10T04:46:35+09:00
071055,,,,KRW,,,NO_DART_API_KEY,,,,,,2026_11013,2026-06-10T04:46:35+09:00
071090,,,,KRW,,,NO_DART_API_KEY,,,,,,2026_11013,2026-06-10T04:46:35+09:00
071200,,,,KRW,,,NO_DART_API_KEY,,,,,,2026_11013,2026-06-10T04:46:35+09:00
071280,,,,KRW,,,NO_DART_API_KEY,,,,,,2026_11013,2026-06-10T04:46:35+09:00
071320,,,,KRW,,,NO_DART_API_KEY,,,,,,2026_11013,2026-06-10T04:46:35+09:00
071670,,,,KRW,,,NO_DART_API_KEY,,,,,,2026_11013,2026-06-10T04:46:35+09:00
071840,,,,KRW,,,NO_DART_API_KEY,,,,,,2026_11013,2026-06-10T04:46:35+09:00
071850,,,,KRW,,,NO_DART_API_KEY,,,,,,2026_11013,2026-06-10T04:46:35+09:00
071950,,,,KRW,,,NO_DART_API_KEY,,,,,,2026_11013,2026-06-10T04:46:35+09:00
071970,,,,KRW,,,NO_DART_API_KEY,,,,,,2026_11013,2026-06-10T04:46:35+09:00
072020,,,,KRW,,,NO_DART_API_KEY,,,,,,2026_11013,2026-06-10T04:46:35+09:00
072130,,,,KRW,,,NO_DART_API_KEY,,,,,,2026_11013,2026-06-10T04:46:35+09:00
072470,,,,KRW,,,NO_DART_API_KEY,,,,,,2026_11013,2026-06-10T04:46:35+09:00
072710,,,,KRW,,,NO_DART_API_KEY,,,,,,2026_11013,2026-06-10T04:46:35+09:00
072770,,,,KRW,,,NO_DART_API_KEY,,,,,,2026_11013,2026-06-10T04:46:35+09:00
072870,,,,KRW,,,NO_DART_API_KEY,,,,,,2026_11013,2026-06-10T04:46:35+09:00
072950,,,,KRW,,,NO_DART_API_KEY,,,,,,2026_11013,2026-06-10T04:46:35+09:00
072990,,,,KRW,,,NO_DART_API_KEY,,,,,,2026_11013,2026-06-10T04:46:35+09:00
073010,,,,KRW,,,NO_DART_API_KEY,,,,,,2026_11013,2026-06-10T04:46:35+09:00
073110,,,,KRW,,,NO_DART_API_KEY,,,,,,2026_11013,2026-06-10T04:46:35+09:00
073190,,,,KRW,,,NO_DART_API_KEY,,,,,,2026_11013,2026-06-10T04:46:35+09:00
073240,,,,KRW,,,NO_DART_API_KEY,,,,,,2026_11013,2026-06-10T04:46:35+09:00
073490,,,,KRW,,,NO_DART_API_KEY,,,,,,2026_11013,2026-06-10T04:46:35+09:00
073540,,,,KRW,,,NO_DART_API_KEY,,,,,,2026_11013,2026-06-10T04:46:35+09:00
073560,,,,KRW,,,NO_DART_API_KEY,,,,,,2026_11013,2026-06-10T04:46:35+09:00
073570,,,,KRW,,,NO_DART_API_KEY,,,,,,2026_11013,2026-06-10T04:46:35+09:00
073640,,,,KRW,,,NO_DART_API_KEY,,,,,,2026_11013,2026-06-10T04:46:35+09:00
074430,,,,KRW,,,NO_DART_API_KEY,,,,,,2026_11013,2026-06-10T04:46:35+09:00
074600,,,,KRW,,,NO_DART_API_KEY,,,,,,2026_11013,2026-06-10T04:46:35+09:00
074610,,,,KRW,,,NO_DART_API_KEY,,,,,,2026_11013,2026-06-10T04:46:35+09:00
075130,,,,KRW,,,NO_DART_API_KEY,,,,,,2026_11013,2026-06-10T04:46:35+09:00
075180,,,,KRW,,,NO_DART_API_KEY,,,,,,2026_11013,2026-06-10T04:46:35+09:00
075580,,,,KRW,,,NO_DART_API_KEY,,,,,,2026_11013,2026-06-10T04:46:35+09:00
075970,,,,KRW,,,NO_DART_API_KEY,,,,,,2026_11013,2026-06-10T04:46:35+09:00
076080,,,,KRW,,,NO_DART_API_KEY,,,,,,2026_11013,2026-06-10T04:46:35+09:00
076610,,,,KRW,,,NO_DART_API_KEY,,,,,,2026_11013,2026-06-10T04:46:35+09:00
077360,,,,KRW,,,NO_DART_API_KEY,,,,,,2026_11013,2026-06-10T04:46:35+09:00
077500,,,,KRW,,,NO_DART_API_KEY,,,,,,2026_11013,2026-06-10T04:46:35+09:00
077970,,,,KRW,,,NO_DART_API_KEY,,,,,,2026_11013,2026-06-10T04:46:35+09:00
078000,,,,KRW,,,NO_DART_API_KEY,,,,,,2026_11013,2026-06-10T04:46:35+09:00
078020,,,,KRW,,,NO_DART_API_KEY,,,,,,2026_11013,2026-06-10T04:46:35+09:00
078070,,,,KRW,,,NO_DART_API_KEY,,,,,,2026_11013,2026-06-10T04:46:35+09:00
078130,,,,KRW,,,NO_DART_API_KEY,,,,,,2026_11013,2026-06-10T04:46:35+09:00
078140,,,,KRW,,,NO_DART_API_KEY,,,,,,2026_11013,2026-06-10T04:46:35+09:00
078150,,,,KRW,,,NO_DART_API_KEY,,,,,,2026_11013,2026-06-10T04:46:35+09:00
078160,,,,KRW,,,NO_DART_API_KEY,,,,,,2026_11013,2026-06-10T04:46:35+09:00
078340,,,,KRW,,,NO_DART_API_KEY,,,,,,2026_11013,2026-06-10T04:46:35+09:00
078350,,,,KRW,,,NO_DART_API_KEY,,,,,,2026_11013,2026-06-10T04:46:35+09:00
078520,,,,KRW,,,NO_DART_API_KEY,,,,,,2026_11013,2026-06-10T04:46:35+09:00
078590,,,,KRW,,,NO_DART_API_KEY,,,,,,2026_11013,2026-06-10T04:46:35+09:00
078600,,,,KRW,,,NO_DART_API_KEY,,,,,,2026_11013,2026-06-10T04:46:35+09:00
078860,,,,KRW,,,NO_DART_API_KEY,,,,,,2026_11013,2026-06-10T04:46:35+09:00
078890,,,,KRW,,,NO_DART_API_KEY,,,,,,2026_11013,2026-06-10T04:46:35+09:00
078930,,,,KRW,,,NO_DART_API_KEY,,,,,,2026_11013,2026-06-10T04:46:35+09:00
078935,,,,KRW,,,NO_DART_API_KEY,,,,,,2026_11013,2026-06-10T04:46:35+09:00
079000,,,,KRW,,,NO_DART_API_KEY,,,,,,2026_11013,2026-06-10T04:46:35+09:00
079160,,,,KRW,,,NO_DART_API_KEY,,,,,,2026_11013,2026-06-10T04:46:35+09:00
079170,,,,KRW,,,NO_DART_API_KEY,,,,,,2026_11013,2026-06-10T04:46:35+09:00
079190,,,,KRW,,,NO_DART_API_KEY,,,,,,2026_11013,2026-06-10T04:46:35+09:00
079370,,,,KRW,,,NO_DART_API_KEY,,,,,,2026_11013,2026-06-10T04:46:35+09:00
079430,,,,KRW,,,NO_DART_API_KEY,,,,,,2026_11013,2026-06-10T04:46:35+09:00
079550,,,,KRW,,,NO_DART_API_KEY,,,,,,2026_11013,2026-06-10T04:46:35+09:00
079650,,,,KRW,,,NO_DART_API_KEY,,,,,,2026_11013,2026-06-10T04:46:35+09:00
079810,,,,KRW,,,NO_DART_API_KEY,,,,,,2026_11013,2026-06-10T04:46:35+09:00
079900,,,,KRW,,,NO_DART_API_KEY,,,,,,2026_11013,2026-06-10T04:46:35+09:00
079940,,,,KRW,,,NO_DART_API_KEY,,,,,,2026_11013,2026-06-10T04:46:35+09:00
079950,,,,KRW,,,NO_DART_API_KEY,,,,,,2026_11013,2026-06-10T04:46:35+09:00
079960,,,,KRW,,,NO_DART_API_KEY,,,,,,2026_11013,2026-06-10T04:46:35+09:00
079970,,,,KRW,,,NO_DART_API_KEY,,,,,,2026_11013,2026-06-10T04:46:35+09:00
079980,,,,KRW,,,NO_DART_API_KEY,,,,,,2026_11013,2026-06-10T04:46:35+09:00
080010,,,,KRW,,,NO_DART_API_KEY,,,,,,2026_11013,2026-06-10T04:46:35+09:00
080160,,,,KRW,,,NO_DART_API_KEY,,,,,,2026_11013,2026-06-10T04:46:35+09:00
080220,,,,KRW,,,NO_DART_API_KEY,,,,,,2026_11013,2026-06-10T04:46:35+09:00
080420,,,,KRW,,,NO_DART_API_KEY,,,,,,2026_11013,2026-06-10T04:46:35+09:00
080470,,,,KRW,,,NO_DART_API_KEY,,,,,,2026_11013,2026-06-10T04:46:35+09:00
080520,,,,KRW,,,NO_DART_API_KEY,,,,,,2026_11013,2026-06-10T04:46:35+09:00
080530,,,,KRW,,,NO_DART_API_KEY,,,,,,2026_11013,2026-06-10T04:46:35+09:00
080580,,,,KRW,,,NO_DART_API_KEY,,,,,,2026_11013,2026-06-10T04:46:35+09:00
080720,,,,KRW,,,NO_DART_API_KEY,,,,,,2026_11013,2026-06-10T04:46:35+09:00
081000,,,,KRW,,,NO_DART_API_KEY,,,,,,2026_11013,2026-06-10T04:46:35+09:00
081150,,,,KRW,,,NO_DART_API_KEY,,,,,,2026_11013,2026-06-10T04:46:35+09:00
081180,,,,KRW,,,NO_DART_API_KEY,,,,,,2026_11013,2026-06-10T04:46:35+09:00
081580,,,,KRW,,,NO_DART_API_KEY,,,,,,2026_11013,2026-06-10T04:46:35+09:00
081660,,,,KRW,,,NO_DART_API_KEY,,,,,,2026_11013,2026-06-10T04:46:35+09:00
082210,,,,KRW,,,NO_DART_API_KEY,,,,,,2026_11013,2026-06-10T04:46:35+09:00
082270,,,,KRW,,,NO_DART_API_KEY,,,,,,2026_11013,2026-06-10T04:46:35+09:00
082640,,,,KRW,,,NO_DART_API_KEY,,,,,,2026_11013,2026-06-10T04:46:35+09:00
082660,,,,KRW,,,NO_DART_API_KEY,,,,,,2026_11013,2026-06-10T04:46:35+09:00
082740,,,,KRW,,,NO_DART_API_KEY,,,,,,2026_11013,2026-06-10T04:46:35+09:00
082800,,,,KRW,,,NO_DART_API_KEY,,,,,,2026_11013,2026-06-10T04:46:35+09:00
082850,,,,KRW,,,NO_DART_API_KEY,,,,,,2026_11013,2026-06-10T04:46:35+09:00
082920,,,,KRW,,,NO_DART_API_KEY,,,,,,2026_11013,2026-06-10T04:46:35+09:00
083310,,,,KRW,,,NO_DART_API_KEY,,,,,,2026_11013,2026-06-10T04:46:35+09:00
083420,,,,KRW,,,NO_DART_API_KEY,,,,,,2026_11013,2026-06-10T04:46:35+09:00
083450,,,,KRW,,,NO_DART_API_KEY,,,,,,2026_11013,2026-06-10T04:46:35+09:00
083470,,,,KRW,,,NO_DART_API_KEY,,,,,,2026_11013,2026-06-10T04:46:35+09:00
083500,,,,KRW,,,NO_DART_API_KEY,,,,,,2026_11013,2026-06-10T04:46:35+09:00
083550,,,,KRW,,,NO_DART_API_KEY,,,,,,2026_11013,2026-06-10T04:46:35+09:00
083640,,,,KRW,,,NO_DART_API_KEY,,,,,,2026_11013,2026-06-10T04:46:35+09:00
083650,,,,KRW,,,NO_DART_API_KEY,,,,,,2026_11013,2026-06-10T04:46:35+09:00
083660,,,,KRW,,,NO_DART_API_KEY,,,,,,2026_11013,2026-06-10T04:46:35+09:00
083790,,,,KRW,,,NO_DART_API_KEY,,,,,,2026_11013,2026-06-10T04:46:35+09:00
083930,,,,KRW,,,NO_DART_API_KEY,,,,,,2026_11013,2026-06-10T04:46:35+09:00
084010,,,,KRW,,,NO_DART_API_KEY,,,,,,2026_11013,2026-06-10T04:46:35+09:00
084110,,,,KRW,,,NO_DART_API_KEY,,,,,,2026_11013,2026-06-10T04:46:35+09:00
084180,,,,KRW,,,NO_DART_API_KEY,,,,,,2026_11013,2026-06-10T04:46:35+09:00
084370,,,,KRW,,,NO_DART_API_KEY,,,,,,2026_11013,2026-06-10T04:46:35+09:00
084440,,,,KRW,,,NO_DART_API_KEY,,,,,,2026_11013,2026-06-10T04:46:35+09:00
084650,,,,KRW,,,NO_DART_API_KEY,,,,,,2026_11013,2026-06-10T04:46:35+09:00
084670,,,,KRW,,,NO_DART_API_KEY,,,,,,2026_11013,2026-06-10T04:46:35+09:00
084680,,,,KRW,,,NO_DART_API_KEY,,,,,,2026_11013,2026-06-10T04:46:35+09:00
084690,,,,KRW,,,NO_DART_API_KEY,,,,,,2026_11013,2026-06-10T04:46:35+09:00
084695,,,,KRW,,,NO_DART_API_KEY,,,,,,2026_11013,2026-06-10T04:46:35+09:00
084730,,,,KRW,,,NO_DART_API_KEY,,,,,,2026_11013,2026-06-10T04:46:35+09:00
084850,,,,KRW,,,NO_DART_API_KEY,,,,,,2026_11013,2026-06-10T04:46:35+09:00
084870,,,,KRW,,,NO_DART_API_KEY,,,,,,2026_11013,2026-06-10T04:46:35+09:00
084990,,,,KRW,,,NO_DART_API_KEY,,,,,,2026_11013,2026-06-10T04:46:35+09:00
085310,,,,KRW,,,NO_DART_API_KEY,,,,,,2026_11013,2026-06-10T04:46:35+09:00
085620,,,,KRW,,,NO_DART_API_KEY,,,,,,2026_11013,2026-06-10T04:46:35+09:00
085660,,,,KRW,,,NO_DART_API_KEY,,,,,,2026_11013,2026-06-10T04:46:35+09:00
085670,,,,KRW,,,NO_DART_API_KEY,,,,,,2026_11013,2026-06-10T04:46:35+09:00
085810,,,,KRW,,,NO_DART_API_KEY,,,,,,2026_11013,2026-06-10T04:46:35+09:00
085910,,,,KRW,,,NO_DART_API_KEY,,,,,,2026_11013,2026-06-10T04:46:35+09:00
086040,,,,KRW,,,NO_DART_API_KEY,,,,,,2026_11013,2026-06-10T04:46:35+09:00
086060,,,,KRW,,,NO_DART_API_KEY,,,,,,2026_11013,2026-06-10T04:46:35+09:00
086280,,,,KRW,,,NO_DART_API_KEY,,,,,,2026_11013,2026-06-10T04:46:35+09:00
086390,,,,KRW,,,NO_DART_API_KEY,,,,,,2026_11013,2026-06-10T04:46:35+09:00
086450,,,,KRW,,,NO_DART_API_KEY,,,,,,2026_11013,2026-06-10T04:46:35+09:00
086520,,,,KRW,,,NO_DART_API_KEY,,,,,,2026_11013,2026-06-10T04:46:35+09:00
086670,,,,KRW,,,NO_DART_API_KEY,,,,,,2026_11013,2026-06-10T04:46:35+09:00
086710,,,,KRW,,,NO_DART_API_KEY,,,,,,2026_11013,2026-06-10T04:46:35+09:00
086790,,,,KRW,,,NO_DART_API_KEY,,,,,,2026_11013,2026-06-10T04:46:35+09:00
086820,,,,KRW,,,NO_DART_API_KEY,,,,,,2026_11013,2026-06-10T04:46:35+09:00
086890,,,,KRW,,,NO_DART_API_KEY,,,,,,2026_11013,2026-06-10T04:46:35+09:00
086900,,,,KRW,,,NO_DART_API_KEY,,,,,,2026_11013,2026-06-10T04:46:35+09:00
086960,,,,KRW,,,NO_DART_API_KEY,,,,,,2026_11013,2026-06-10T04:46:35+09:00
086980,,,,KRW,,,NO_DART_API_KEY,,,,,,2026_11013,2026-06-10T04:46:35+09:00
087010,,,,KRW,,,NO_DART_API_KEY,,,,,,2026_11013,2026-06-10T04:46:35+09:00
087260,,,,KRW,,,NO_DART_API_KEY,,,,,,2026_11013,2026-06-10T04:46:35+09:00
087600,,,,KRW,,,NO_DART_API_KEY,,,,,,2026_11013,2026-06-10T04:46:35+09:00
088130,,,,KRW,,,NO_DART_API_KEY,,,,,,2026_11013,2026-06-10T04:46:35+09:00
088260,,,,KRW,,,NO_DART_API_KEY,,,,,,2026_11013,2026-06-10T04:46:35+09:00
088280,,,,KRW,,,NO_DART_API_KEY,,,,,,2026_11013,2026-06-10T04:46:35+09:00
088290,,,,KRW,,,NO_DART_API_KEY,,,,,,2026_11013,2026-06-10T04:46:35+09:00
088340,,,,KRW,,,NO_DART_API_KEY,,,,,,2026_11013,2026-06-10T04:46:35+09:00
088350,,,,KRW,,,NO_DART_API_KEY,,,,,,2026_11013,2026-06-10T04:46:35+09:00
088390,,,,KRW,,,NO_DART_API_KEY,,,,,,2026_11013,2026-06-10T04:46:35+09:00
088790,,,,KRW,,,NO_DART_API_KEY,,,,,,2026_11013,2026-06-10T04:46:35+09:00
088800,,,,KRW,,,NO_DART_API_KEY,,,,,,2026_11013,2026-06-10T04:46:35+09:00
088910,,,,KRW,,,NO_DART_API_KEY,,,,,,2026_11013,2026-06-10T04:46:35+09:00
088980,,,,KRW,,,NO_DART_API_KEY,,,,,,2026_11013,2026-06-10T04:46:35+09:00
089010,,,,KRW,,,NO_DART_API_KEY,,,,,,2026_11013,2026-06-10T04:46:35+09:00
089030,,,,KRW,,,NO_DART_API_KEY,,,,,,2026_11013,2026-06-10T04:46:35+09:00
089140,,,,KRW,,,NO_DART_API_KEY,,,,,,2026_11013,2026-06-10T04:46:35+09:00
089150,,,,KRW,,,NO_DART_API_KEY,,,,,,2026_11013,2026-06-10T04:46:35+09:00
089230,,,,KRW,,,NO_DART_API_KEY,,,,,,2026_11013,2026-06-10T04:46:35+09:00
089470,,,,KRW,,,NO_DART_API_KEY,,,,,,2026_11013,2026-06-10T04:46:35+09:00
089590,,,,KRW,,,NO_DART_API_KEY,,,,,,2026_11013,2026-06-10T04:46:35+09:00
089600,,,,KRW,,,NO_DART_API_KEY,,,,,,2026_11013,2026-06-10T04:46:35+09:00
089790,,,,KRW,,,NO_DART_API_KEY,,,,,,2026_11013,2026-06-10T04:46:35+09:00
089850,,,,KRW,,,NO_DART_API_KEY,,,,,,2026_11013,2026-06-10T04:46:35+09:00
089860,,,,KRW,,,NO_DART_API_KEY,,,,,,2026_11013,2026-06-10T04:46:35+09:00
089890,,,,KRW,,,NO_DART_API_KEY,,,,,,2026_11013,2026-06-10T04:46:35+09:00
089970,,,,KRW,,,NO_DART_API_KEY,,,,,,2026_11013,2026-06-10T04:46:35+09:00
089980,,,,KRW,,,NO_DART_API_KEY,,,,,,2026_11013,2026-06-10T04:46:35+09:00
090080,,,,KRW,,,NO_DART_API_KEY,,,,,,2026_11013,2026-06-10T04:46:35+09:00
090150,,,,KRW,,,NO_DART_API_KEY,,,,,,2026_11013,2026-06-10T04:46:35+09:00
090350,,,,KRW,,,NO_DART_API_KEY,,,,,,2026_11013,2026-06-10T04:46:35+09:00
090355,,,,KRW,,,NO_DART_API_KEY,,,,,,2026_11013,2026-06-10T04:46:35+09:00
090360,,,,KRW,,,NO_DART_API_KEY,,,,,,2026_11013,2026-06-10T04:46:35+09:00
090370,,,,KRW,,,NO_DART_API_KEY,,,,,,2026_11013,2026-06-10T04:46:35+09:00
090410,,,,KRW,,,NO_DART_API_KEY,,,,,,2026_11013,2026-06-10T04:46:35+09:00
090430,,,,KRW,,,NO_DART_API_KEY,,,,,,2026_11013,2026-06-10T04:46:35+09:00
090435,,,,KRW,,,NO_DART_API_KEY,,,,,,2026_11013,2026-06-10T04:46:35+09:00
090460,,,,KRW,,,NO_DART_API_KEY,,,,,,2026_11013,2026-06-10T04:46:35+09:00
090470,,,,KRW,,,NO_DART_API_KEY,,,,,,2026_11013,2026-06-10T04:46:35+09:00
090710,,,,KRW,,,NO_DART_API_KEY,,,,,,2026_11013,2026-06-10T04:46:35+09:00
090850,,,,KRW,,,NO_DART_API_KEY,,,,,,2026_11013,2026-06-10T04:46:35+09:00
091120,,,,KRW,,,NO_DART_API_KEY,,,,,,2026_11013,2026-06-10T04:46:35+09:00
091340,,,,KRW,,,NO_DART_API_KEY,,,,,,2026_11013,2026-06-10T04:46:35+09:00
091440,,,,KRW,,,NO_DART_API_KEY,,,,,,2026_11013,2026-06-10T04:46:35+09:00
091580,,,,KRW,,,NO_DART_API_KEY,,,,,,2026_11013,2026-06-10T04:46:35+09:00
091590,,,,KRW,,,NO_DART_API_KEY,,,,,,2026_11013,2026-06-10T04:46:35+09:00
091700,,,,KRW,,,NO_DART_API_KEY,,,,,,2026_11013,2026-06-10T04:46:35+09:00
091810,,,,KRW,,,NO_DART_API_KEY,,,,,,2026_11013,2026-06-10T04:46:35+09:00
091970,,,,KRW,,,NO_DART_API_KEY,,,,,,2026_11013,2026-06-10T04:46:35+09:00
092040,,,,KRW,,,NO_DART_API_KEY,,,,,,2026_11013,2026-06-10T04:46:35+09:00
092070,,,,KRW,,,NO_DART_API_KEY,,,,,,2026_11013,2026-06-10T04:46:35+09:00
092130,,,,KRW,,,NO_DART_API_KEY,,,,,,2026_11013,2026-06-10T04:46:35+09:00
092190,,,,KRW,,,NO_DART_API_KEY,,,,,,2026_11013,2026-06-10T04:46:35+09:00
092200,,,,KRW,,,NO_DART_API_KEY,,,,,,2026_11013,2026-06-10T04:46:35+09:00
092220,,,,KRW,,,NO_DART_API_KEY,,,,,,2026_11013,2026-06-10T04:46:35+09:00
092230,,,,KRW,,,NO_DART_API_KEY,,,,,,2026_11013,2026-06-10T04:46:35+09:00
092300,,,,KRW,,,NO_DART_API_KEY,,,,,,2026_11013,2026-06-10T04:46:35+09:00
092440,,,,KRW,,,NO_DART_API_KEY,,,,,,2026_11013,2026-06-10T04:46:35+09:00
092460,,,,KRW,,,NO_DART_API_KEY,,,,,,2026_11013,2026-06-10T04:46:35+09:00
092600,,,,KRW,,,NO_DART_API_KEY,,,,,,2026_11013,2026-06-10T04:46:35+09:00
092730,,,,KRW,,,NO_DART_API_KEY,,,,,,2026_11013,2026-06-10T04:46:35+09:00
092780,,,,KRW,,,NO_DART_API_KEY,,,,,,2026_11013,2026-06-10T04:46:35+09:00
092790,,,,KRW,,,NO_DART_API_KEY,,,,,,2026_11013,2026-06-10T04:46:35+09:00
092870,,,,KRW,,,NO_DART_API_KEY,,,,,,2026_11013,2026-06-10T04:46:35+09:00
093050,,,,KRW,,,NO_DART_API_KEY,,,,,,2026_11013,2026-06-10T04:46:35+09:00
093190,,,,KRW,,,NO_DART_API_KEY,,,,,,2026_11013,2026-06-10T04:46:35+09:00
093240,,,,KRW,,,NO_DART_API_KEY,,,,,,2026_11013,2026-06-10T04:46:35+09:00
093320,,,,KRW,,,NO_DART_API_KEY,,,,,,2026_11013,2026-06-10T04:46:35+09:00
093370,,,,KRW,,,NO_DART_API_KEY,,,,,,2026_11013,2026-06-10T04:46:35+09:00
093380,,,,KRW,,,NO_DART_API_KEY,,,,,,2026_11013,2026-06-10T04:46:35+09:00
093520,,,,KRW,,,NO_DART_API_KEY,,,,,,2026_11013,2026-06-10T04:46:35+09:00
093640,,,,KRW,,,NO_DART_API_KEY,,,,,,2026_11013,2026-06-10T04:46:35+09:00
093920,,,,KRW,,,NO_DART_API_KEY,,,,,,2026_11013,2026-06-10T04:46:35+09:00
094170,,,,KRW,,,NO_DART_API_KEY,,,,,,2026_11013,2026-06-10T04:46:35+09:00
094280,,,,KRW,,,NO_DART_API_KEY,,,,,,2026_11013,2026-06-10T04:46:35+09:00
094360,,,,KRW,,,NO_DART_API_KEY,,,,,,2026_11013,2026-06-10T04:46:35+09:00
094480,,,,KRW,,,NO_DART_API_KEY,,,,,,2026_11013,2026-06-10T04:46:35+09:00
094800,,,,KRW,,,NO_DART_API_KEY,,,,,,2026_11013,2026-06-10T04:46:35+09:00
094820,,,,KRW,,,NO_DART_API_KEY,,,,,,2026_11013,2026-06-10T04:46:35+09:00
094840,,,,KRW,,,NO_DART_API_KEY,,,,,,2026_11013,2026-06-10T04:46:35+09:00
094850,,,,KRW,,,NO_DART_API_KEY,,,,,,2026_11013,2026-06-10T04:46:35+09:00
094860,,,,KRW,,,NO_DART_API_KEY,,,,,,2026_11013,2026-06-10T04:46:35+09:00
094940,,,,KRW,,,NO_DART_API_KEY,,,,,,2026_11013,2026-06-10T04:46:35+09:00
094970,,,,KRW,,,NO_DART_API_KEY,,,,,,2026_11013,2026-06-10T04:46:35+09:00
095190,,,,KRW,,,NO_DART_API_KEY,,,,,,2026_11013,2026-06-10T04:46:35+09:00
095270,,,,KRW,,,NO_DART_API_KEY,,,,,,2026_11013,2026-06-10T04:46:35+09:00
095340,,,,KRW,,,NO_DART_API_KEY,,,,,,2026_11013,2026-06-10T04:46:35+09:00
095500,,,,KRW,,,NO_DART_API_KEY,,,,,,2026_11013,2026-06-10T04:46:35+09:00
095570,,,,KRW,,,NO_DART_API_KEY,,,,,,2026_11013,2026-06-10T04:46:35+09:00
095610,,,,KRW,,,NO_DART_API_KEY,,,,,,2026_11013,2026-06-10T04:46:35+09:00
095660,,,,KRW,,,NO_DART_API_KEY,,,,,,2026_11013,2026-06-10T04:46:35+09:00
095700,,,,KRW,,,NO_DART_API_KEY,,,,,,2026_11013,2026-06-10T04:46:35+09:00
095720,,,,KRW,,,NO_DART_API_KEY,,,,,,2026_11013,2026-06-10T04:46:35+09:00
095910,,,,KRW,,,NO_DART_API_KEY,,,,,,2026_11013,2026-06-10T04:46:35+09:00
096240,,,,KRW,,,NO_DART_API_KEY,,,,,,2026_11013,2026-06-10T04:46:35+09:00
096250,,,,KRW,,,NO_DART_API_KEY,,,,,,2026_11013,2026-06-10T04:46:35+09:00
096350,,,,KRW,,,NO_DART_API_KEY,,,,,,2026_11013,2026-06-10T04:46:35+09:00
096530,,,,KRW,,,NO_DART_API_KEY,,,,,,2026_11013,2026-06-10T04:46:35+09:00
096610,,,,KRW,,,NO_DART_API_KEY,,,,,,2026_11013,2026-06-10T04:46:35+09:00
096630,,,,KRW,,,NO_DART_API_KEY,,,,,,2026_11013,2026-06-10T04:46:35+09:00
096690,,,,KRW,,,NO_DART_API_KEY,,,,,,2026_11013,2026-06-10T04:46:35+09:00
096760,,,,KRW,,,NO_DART_API_KEY,,,,,,2026_11013,2026-06-10T04:46:35+09:00
096770,,,,KRW,,,NO_DART_API_KEY,,,,,,2026_11013,2026-06-10T04:46:35+09:00
096775,,,,KRW,,,NO_DART_API_KEY,,,,,,2026_11013,2026-06-10T04:46:35+09:00
096870,,,,KRW,,,NO_DART_API_KEY,,,,,,2026_11013,2026-06-10T04:46:35+09:00
097230,,,,KRW,,,NO_DART_API_KEY,,,,,,2026_11013,2026-06-10T04:46:35+09:00
097520,,,,KRW,,,NO_DART_API_KEY,,,,,,2026_11013,2026-06-10T04:46:35+09:00
097780,,,,KRW,,,NO_DART_API_KEY,,,,,,2026_11013,2026-06-10T04:46:35+09:00
097800,,,,KRW,,,NO_DART_API_KEY,,,,,,2026_11013,2026-06-10T04:46:35+09:00
097870,,,,KRW,,,NO_DART_API_KEY,,,,,,2026_11013,2026-06-10T04:46:35+09:00
097950,,,,KRW,,,NO_DART_API_KEY,,,,,,2026_11013,2026-06-10T04:46:35+09:00
097955,,,,KRW,,,NO_DART_API_KEY,,,,,,2026_11013,2026-06-10T04:46:35+09:00
098070,,,,KRW,,,NO_DART_API_KEY,,,,,,2026_11013,2026-06-10T04:46:35+09:00
098120,,,,KRW,,,NO_DART_API_KEY,,,,,,2026_11013,2026-06-10T04:46:35+09:00
098460,,,,KRW,,,NO_DART_API_KEY,,,,,,2026_11013,2026-06-10T04:46:35+09:00
098660,,,,KRW,,,NO_DART_API_KEY,,,,,,2026_11013,2026-06-10T04:46:35+09:00
099190,,,,KRW,,,NO_DART_API_KEY,,,,,,2026_11013,2026-06-10T04:46:35+09:00
099220,,,,KRW,,,NO_DART_API_KEY,,,,,,2026_11013,2026-06-10T04:46:35+09:00
099320,,,,KRW,,,NO_DART_API_KEY,,,,,,2026_11013,2026-06-10T04:46:35+09:00
099390,,,,KRW,,,NO_DART_API_KEY,,,,,,2026_11013,2026-06-10T04:46:35+09:00
099410,,,,KRW,,,NO_DART_API_KEY,,,,,,2026_11013,2026-06-10T04:46:35+09:00
099430,,,,KRW,,,NO_DART_API_KEY,,,,,,2026_11013,2026-06-10T04:46:35+09:00
099440,,,,KRW,,,NO_DART_API_KEY,,,,,,2026_11013,2026-06-10T04:46:35+09:00
099520,,,,KRW,,,NO_DART_API_KEY,,,,,,2026_11013,2026-06-10T04:46:35+09:00
099750,,,,KRW,,,NO_DART_API_KEY,,,,,,2026_11013,2026-06-10T04:46:35+09:00
100030,,,,KRW,,,NO_DART_API_KEY,,,,,,2026_11013,2026-06-10T04:46:35+09:00
100090,,,,KRW,,,NO_DART_API_KEY,,,,,,2026_11013,2026-06-10T04:46:35+09:00
100120,,,,KRW,,,NO_DART_API_KEY,,,,,,2026_11013,2026-06-10T04:46:35+09:00
100130,,,,KRW,,,NO_DART_API_KEY,,,,,,2026_11013,2026-06-10T04:46:35+09:00
100220,,,,KRW,,,NO_DART_API_KEY,,,,,,2026_11013,2026-06-10T04:46:35+09:00
100250,,,,KRW,,,NO_DART_API_KEY,,,,,,2026_11013,2026-06-10T04:46:35+09:00
100590,,,,KRW,,,NO_DART_API_KEY,,,,,,2026_11013,2026-06-10T04:46:35+09:00
100660,,,,KRW,,,NO_DART_API_KEY,,,,,,2026_11013,2026-06-10T04:46:35+09:00
100700,,,,KRW,,,NO_DART_API_KEY,,,,,,2026_11013,2026-06-10T04:46:35+09:00
100790,,,,KRW,,,NO_DART_API_KEY,,,,,,2026_11013,2026-06-10T04:46:35+09:00
100840,,,,KRW,,,NO_DART_API_KEY,,,,,,2026_11013,2026-06-10T04:46:35+09:00
101000,,,,KRW,,,NO_DART_API_KEY,,,,,,2026_11013,2026-06-10T04:46:35+09:00
101140,,,,KRW,,,NO_DART_API_KEY,,,,,,2026_11013,2026-06-10T04:46:35+09:00
101160,,,,KRW,,,NO_DART_API_KEY,,,,,,2026_11013,2026-06-10T04:46:35+09:00
101170,,,,KRW,,,NO_DART_API_KEY,,,,,,2026_11013,2026-06-10T04:46:35+09:00
101240,,,,KRW,,,NO_DART_API_KEY,,,,,,2026_11013,2026-06-10T04:46:35+09:00
101330,,,,KRW,,,NO_DART_API_KEY,,,,,,2026_11013,2026-06-10T04:46:35+09:00
101360,,,,KRW,,,NO_DART_API_KEY,,,,,,2026_11013,2026-06-10T04:46:35+09:00
101390,,,,KRW,,,NO_DART_API_KEY,,,,,,2026_11013,2026-06-10T04:46:35+09:00
101400,,,,KRW,,,NO_DART_API_KEY,,,,,,2026_11013,2026-06-10T04:46:35+09:00
101490,,,,KRW,,,NO_DART_API_KEY,,,,,,2026_11013,2026-06-10T04:46:35+09:00
101530,,,,KRW,,,NO_DART_API_KEY,,,,,,2026_11013,2026-06-10T04:46:35+09:00
101670,,,,KRW,,,NO_DART_API_KEY,,,,,,2026_11013,2026-06-10T04:46:35+09:00
101680,,,,KRW,,,NO_DART_API_KEY,,,,,,2026_11013,2026-06-10T04:46:35+09:00
101730,,,,KRW,,,NO_DART_API_KEY,,,,,,2026_11013,2026-06-10T04:46:35+09:00
101930,,,,KRW,,,NO_DART_API_KEY,,,,,,2026_11013,2026-06-10T04:46:35+09:00
101970,,,,KRW,,,NO_DART_API_KEY,,,,,,2026_11013,2026-06-10T04:46:35+09:00
102120,,,,KRW,,,NO_DART_API_KEY,,,,,,2026_11013,2026-06-10T04:46:35+09:00
102260,,,,KRW,,,NO_DART_API_KEY,,,,,,2026_11013,2026-06-10T04:46:35+09:00
102370,,,,KRW,,,NO_DART_API_KEY,,,,,,2026_11013,2026-06-10T04:46:35+09:00
102460,,,,KRW,,,NO_DART_API_KEY,,,,,,2026_11013,2026-06-10T04:46:35+09:00
102710,,,,KRW,,,NO_DART_API_KEY,,,,,,2026_11013,2026-06-10T04:46:35+09:00
102940,,,,KRW,,,NO_DART_API_KEY,,,,,,2026_11013,2026-06-10T04:46:35+09:00
103140,,,,KRW,,,NO_DART_API_KEY,,,,,,2026_11013,2026-06-10T04:46:35+09:00
103230,,,,KRW,,,NO_DART_API_KEY,,,,,,2026_11013,2026-06-10T04:46:35+09:00
103590,,,,KRW,,,NO_DART_API_KEY,,,,,,2026_11013,2026-06-10T04:46:35+09:00
103840,,,,KRW,,,NO_DART_API_KEY,,,,,,2026_11013,2026-06-10T04:46:35+09:00
104040,,,,KRW,,,NO_DART_API_KEY,,,,,,2026_11013,2026-06-10T04:46:35+09:00
104200,,,,KRW,,,NO_DART_API_KEY,,,,,,2026_11013,2026-06-10T04:46:35+09:00
104460,,,,KRW,,,NO_DART_API_KEY,,,,,,2026_11013,2026-06-10T04:46:35+09:00
104480,,,,KRW,,,NO_DART_API_KEY,,,,,,2026_11013,2026-06-10T04:46:35+09:00
104540,,,,KRW,,,NO_DART_API_KEY,,,,,,2026_11013,2026-06-10T04:46:35+09:00
104620,,,,KRW,,,NO_DART_API_KEY,,,,,,2026_11013,2026-06-10T04:46:35+09:00
104700,,,,KRW,,,NO_DART_API_KEY,,,,,,2026_11013,2026-06-10T04:46:35+09:00
104830,,,,KRW,,,NO_DART_API_KEY,,,,,,2026_11013,2026-06-10T04:46:35+09:00
105330,,,,KRW,,,NO_DART_API_KEY,,,,,,2026_11013,2026-06-10T04:46:35+09:00
105550,,,,KRW,,,NO_DART_API_KEY,,,,,,2026_11013,2026-06-10T04:46:35+09:00
105560,,,,KRW,,,NO_DART_API_KEY,,,,,,2026_11013,2026-06-10T04:46:35+09:00
105630,,,,KRW,,,NO_DART_API_KEY,,,,,,2026_11013,2026-06-10T04:46:35+09:00
105740,,,,KRW,,,NO_DART_API_KEY,,,,,,2026_11013,2026-06-10T04:46:35+09:00
105760,,,,KRW,,,NO_DART_API_KEY,,,,,,2026_11013,2026-06-10T04:46:35+09:00
105840,,,,KRW,,,NO_DART_API_KEY,,,,,,2026_11013,2026-06-10T04:46:35+09:00
106080,,,,KRW,,,NO_DART_API_KEY,,,,,,2026_11013,2026-06-10T04:46:35+09:00
106190,,,,KRW,,,NO_DART_API_KEY,,,,,,2026_11013,2026-06-10T04:46:35+09:00
106240,,,,KRW,,,NO_DART_API_KEY,,,,,,2026_11013,2026-06-10T04:46:35+09:00
106520,,,,KRW,,,NO_DART_API_KEY,,,,,,2026_11013,2026-06-10T04:46:35+09:00
107590,,,,KRW,,,NO_DART_API_KEY,,,,,,2026_11013,2026-06-10T04:46:35+09:00
107600,,,,KRW,,,NO_DART_API_KEY,,,,,,2026_11013,2026-06-10T04:46:35+09:00
107640,,,,KRW,,,NO_DART_API_KEY,,,,,,2026_11013,2026-06-10T04:46:35+09:00
108230,,,,KRW,,,NO_DART_API_KEY,,,,,,2026_11013,2026-06-10T04:46:35+09:00
108320,,,,KRW,,,NO_DART_API_KEY,,,,,,2026_11013,2026-06-10T04:46:35+09:00
108380,,,,KRW,,,NO_DART_API_KEY,,,,,,2026_11013,2026-06-10T04:46:35+09:00
108490,,,,KRW,,,NO_DART_API_KEY,,,,,,2026_11013,2026-06-10T04:46:35+09:00
108670,,,,KRW,,,NO_DART_API_KEY,,,,,,2026_11013,2026-06-10T04:46:35+09:00
108675,,,,KRW,,,NO_DART_API_KEY,,,,,,2026_11013,2026-06-10T04:46:35+09:00
108860,,,,KRW,,,NO_DART_API_KEY,,,,,,2026_11013,2026-06-10T04:46:35+09:00
109070,,,,KRW,,,NO_DART_API_KEY,,,,,,2026_11013,2026-06-10T04:46:35+09:00
109080,,,,KRW,,,NO_DART_API_KEY,,,,,,2026_11013,2026-06-10T04:46:35+09:00
109610,,,,KRW,,,NO_DART_API_KEY,,,,,,2026_11013,2026-06-10T04:46:35+09:00
109670,,,,KRW,,,NO_DART_API_KEY,,,,,,2026_11013,2026-06-10T04:46:35+09:00
109740,,,,KRW,,,NO_DART_API_KEY,,,,,,2026_11013,2026-06-10T04:46:35+09:00
109820,,,,KRW,,,NO_DART_API_KEY,,,,,,2026_11013,2026-06-10T04:46:35+09:00
109860,,,,KRW,,,NO_DART_API_KEY,,,,,,2026_11013,2026-06-10T04:46:35+09:00
109960,,,,KRW,,,NO_DART_API_KEY,,,,,,2026_11013,2026-06-10T04:46:35+09:00
110020,,,,KRW,,,NO_DART_API_KEY,,,,,,2026_11013,2026-06-10T04:46:35+09:00
110790,,,,KRW,,,NO_DART_API_KEY,,,,,,2026_11013,2026-06-10T04:46:35+09:00
110990,,,,KRW,,,NO_DART_API_KEY,,,,,,2026_11013,2026-06-10T04:46:35+09:00
111110,,,,KRW,,,NO_DART_API_KEY,,,,,,2026_11013,2026-06-10T04:46:35+09:00
111380,,,,KRW,,,NO_DART_API_KEY,,,,,,2026_11013,2026-06-10T04:46:35+09:00
111710,,,,KRW,,,NO_DART_API_KEY,,,,,,2026_11013,2026-06-10T04:46:35+09:00
111770,,,,KRW,,,NO_DART_API_KEY,,,,,,2026_11013,2026-06-10T04:46:35+09:00
112040,,,,KRW,,,NO_DART_API_KEY,,,,,,2026_11013,2026-06-10T04:46:35+09:00
112290,,,,KRW,,,NO_DART_API_KEY,,,,,,2026_11013,2026-06-10T04:46:35+09:00
112610,,,,KRW,,,NO_DART_API_KEY,,,,,,2026_11013,2026-06-10T04:46:35+09:00
113810,,,,KRW,,,NO_DART_API_KEY,,,,,,2026_11013,2026-06-10T04:46:35+09:00
114090,,,,KRW,,,NO_DART_API_KEY,,,,,,2026_11013,2026-06-10T04:46:35+09:00
114190,,,,KRW,,,NO_DART_API_KEY,,,,,,2026_11013,2026-06-10T04:46:35+09:00
114450,,,,KRW,,,NO_DART_API_KEY,,,,,,2026_11013,2026-06-10T04:46:35+09:00
114630,,,,KRW,,,NO_DART_API_KEY,,,,,,2026_11013,2026-06-10T04:46:35+09:00
114810,,,,KRW,,,NO_DART_API_KEY,,,,,,2026_11013,2026-06-10T04:46:35+09:00
114840,,,,KRW,,,NO_DART_API_KEY,,,,,,2026_11013,2026-06-10T04:46:35+09:00
115160,,,,KRW,,,NO_DART_API_KEY,,,,,,2026_11013,2026-06-10T04:46:35+09:00
115180,,,,KRW,,,NO_DART_API_KEY,,,,,,2026_11013,2026-06-10T04:46:35+09:00
115310,,,,KRW,,,NO_DART_API_KEY,,,,,,2026_11013,2026-06-10T04:46:35+09:00
115440,,,,KRW,,,NO_DART_API_KEY,,,,,,2026_11013,2026-06-10T04:46:35+09:00
115450,,,,KRW,,,NO_DART_API_KEY,,,,,,2026_11013,2026-06-10T04:46:35+09:00
115480,,,,KRW,,,NO_DART_API_KEY,,,,,,2026_11013,2026-06-10T04:46:35+09:00
115500,,,,KRW,,,NO_DART_API_KEY,,,,,,2026_11013,2026-06-10T04:46:35+09:00
115530,,,,KRW,,,NO_DART_API_KEY,,,,,,2026_11013,2026-06-10T04:46:35+09:00
115570,,,,KRW,,,NO_DART_API_KEY,,,,,,2026_11013,2026-06-10T04:46:35+09:00
115610,,,,KRW,,,NO_DART_API_KEY,,,,,,2026_11013,2026-06-10T04:46:35+09:00
117580,,,,KRW,,,NO_DART_API_KEY,,,,,,2026_11013,2026-06-10T04:46:35+09:00
117670,,,,KRW,,,NO_DART_API_KEY,,,,,,2026_11013,2026-06-10T04:46:35+09:00
117730,,,,KRW,,,NO_DART_API_KEY,,,,,,2026_11013,2026-06-10T04:46:35+09:00
118000,,,,KRW,,,NO_DART_API_KEY,,,,,,2026_11013,2026-06-10T04:46:35+09:00
118990,,,,KRW,,,NO_DART_API_KEY,,,,,,2026_11013,2026-06-10T04:46:35+09:00
119500,,,,KRW,,,NO_DART_API_KEY,,,,,,2026_11013,2026-06-10T04:46:35+09:00
119610,,,,KRW,,,NO_DART_API_KEY,,,,,,2026_11013,2026-06-10T04:46:35+09:00
119650,,,,KRW,,,NO_DART_API_KEY,,,,,,2026_11013,2026-06-10T04:46:35+09:00
119830,,,,KRW,,,NO_DART_API_KEY,,,,,,2026_11013,2026-06-10T04:46:35+09:00
119850,,,,KRW,,,NO_DART_API_KEY,,,,,,2026_11013,2026-06-10T04:46:35+09:00
120030,,,,KRW,,,NO_DART_API_KEY,,,,,,2026_11013,2026-06-10T04:46:35+09:00
120110,,,,KRW,,,NO_DART_API_KEY,,,,,,2026_11013,2026-06-10T04:46:35+09:00
120115,,,,KRW,,,NO_DART_API_KEY,,,,,,2026_11013,2026-06-10T04:46:35+09:00
120240,,,,KRW,,,NO_DART_API_KEY,,,,,,2026_11013,2026-06-10T04:46:35+09:00
121440,,,,KRW,,,NO_DART_API_KEY,,,,,,2026_11013,2026-06-10T04:46:35+09:00
121600,,,,KRW,,,NO_DART_API_KEY,,,,,,2026_11013,2026-06-10T04:46:35+09:00
121800,,,,KRW,,,NO_DART_API_KEY,,,,,,2026_11013,2026-06-10T04:46:35+09:00
121850,,,,KRW,,,NO_DART_API_KEY,,,,,,2026_11013,2026-06-10T04:46:35+09:00
121890,,,,KRW,,,NO_DART_API_KEY,,,,,,2026_11013,2026-06-10T04:46:35+09:00
122310,,,,KRW,,,NO_DART_API_KEY,,,,,,2026_11013,2026-06-10T04:46:35+09:00
122350,,,,KRW,,,NO_DART_API_KEY,,,,,,2026_11013,2026-06-10T04:46:35+09:00
122450,,,,KRW,,,NO_DART_API_KEY,,,,,,2026_11013,2026-06-10T04:46:35+09:00
122640,,,,KRW,,,NO_DART_API_KEY,,,,,,2026_11013,2026-06-10T04:46:35+09:00
122690,,,,KRW,,,NO_DART_API_KEY,,,,,,2026_11013,2026-06-10T04:46:35+09:00
122870,,,,KRW,,,NO_DART_API_KEY,,,,,,2026_11013,2026-06-10T04:46:35+09:00
122900,,,,KRW,,,NO_DART_API_KEY,,,,,,2026_11013,2026-06-10T04:46:35+09:00
122990,,,,KRW,,,NO_DART_API_KEY,,,,,,2026_11013,2026-06-10T04:46:35+09:00
123010,,,,KRW,,,NO_DART_API_KEY,,,,,,2026_11013,2026-06-10T04:46:35+09:00
123040,,,,KRW,,,NO_DART_API_KEY,,,,,,2026_11013,2026-06-10T04:46:35+09:00
123330,,,,KRW,,,NO_DART_API_KEY,,,,,,2026_11013,2026-06-10T04:46:35+09:00
123410,,,,KRW,,,NO_DART_API_KEY,,,,,,2026_11013,2026-06-10T04:46:35+09:00
123420,,,,KRW,,,NO_DART_API_KEY,,,,,,2026_11013,2026-06-10T04:46:35+09:00
123570,,,,KRW,,,NO_DART_API_KEY,,,,,,2026_11013,2026-06-10T04:46:35+09:00
123690,,,,KRW,,,NO_DART_API_KEY,,,,,,2026_11013,2026-06-10T04:46:35+09:00
123700,,,,KRW,,,NO_DART_API_KEY,,,,,,2026_11013,2026-06-10T04:46:35+09:00
123750,,,,KRW,,,NO_DART_API_KEY,,,,,,2026_11013,2026-06-10T04:46:35+09:00
123840,,,,KRW,,,NO_DART_API_KEY,,,,,,2026_11013,2026-06-10T04:46:35+09:00
123860,,,,KRW,,,NO_DART_API_KEY,,,,,,2026_11013,2026-06-10T04:46:35+09:00
123890,,,,KRW,,,NO_DART_API_KEY,,,,,,2026_11013,2026-06-10T04:46:35+09:00
124500,,,,KRW,,,NO_DART_API_KEY,,,,,,2026_11013,2026-06-10T04:46:35+09:00
124560,,,,KRW,,,NO_DART_API_KEY,,,,,,2026_11013,2026-06-10T04:46:35+09:00
125020,,,,KRW,,,NO_DART_API_KEY,,,,,,2026_11013,2026-06-10T04:46:35+09:00
125210,,,,KRW,,,NO_DART_API_KEY,,,,,,2026_11013,2026-06-10T04:46:35+09:00
125490,,,,KRW,,,NO_DART_API_KEY,,,,,,2026_11013,2026-06-10T04:46:35+09:00
126340,,,,KRW,,,NO_DART_API_KEY,,,,,,2026_11013,2026-06-10T04:46:35+09:00
126560,,,,KRW,,,NO_DART_API_KEY,,,,,,2026_11013,2026-06-10T04:46:35+09:00
126600,,,,KRW,,,NO_DART_API_KEY,,,,,,2026_11013,2026-06-10T04:46:35+09:00
126640,,,,KRW,,,NO_DART_API_KEY,,,,,,2026_11013,2026-06-10T04:46:35+09:00
126700,,,,KRW,,,NO_DART_API_KEY,,,,,,2026_11013,2026-06-10T04:46:35+09:00
126720,,,,KRW,,,NO_DART_API_KEY,,,,,,2026_11013,2026-06-10T04:46:35+09:00
126730,,,,KRW,,,NO_DART_API_KEY,,,,,,2026_11013,2026-06-10T04:46:35+09:00
126880,,,,KRW,,,NO_DART_API_KEY,,,,,,2026_11013,2026-06-10T04:46:35+09:00
127120,,,,KRW,,,NO_DART_API_KEY,,,,,,2026_11013,2026-06-10T04:46:35+09:00
127710,,,,KRW,,,NO_DART_API_KEY,,,,,,2026_11013,2026-06-10T04:46:35+09:00
127980,,,,KRW,,,NO_DART_API_KEY,,,,,,2026_11013,2026-06-10T04:46:35+09:00
128540,,,,KRW,,,NO_DART_API_KEY,,,,,,2026_11013,2026-06-10T04:46:35+09:00
128660,,,,KRW,,,NO_DART_API_KEY,,,,,,2026_11013,2026-06-10T04:46:35+09:00
128820,,,,KRW,,,NO_DART_API_KEY,,,,,,2026_11013,2026-06-10T04:46:35+09:00
128940,,,,KRW,,,NO_DART_API_KEY,,,,,,2026_11013,2026-06-10T04:46:35+09:00
129260,,,,KRW,,,NO_DART_API_KEY,,,,,,2026_11013,2026-06-10T04:46:35+09:00
129890,,,,KRW,,,NO_DART_API_KEY,,,,,,2026_11013,2026-06-10T04:46:35+09:00
129920,,,,KRW,,,NO_DART_API_KEY,,,,,,2026_11013,2026-06-10T04:46:35+09:00
130500,,,,KRW,,,NO_DART_API_KEY,,,,,,2026_11013,2026-06-10T04:46:35+09:00
130580,,,,KRW,,,NO_DART_API_KEY,,,,,,2026_11013,2026-06-10T04:46:35+09:00
130660,,,,KRW,,,NO_DART_API_KEY,,,,,,2026_11013,2026-06-10T04:46:35+09:00
130740,,,,KRW,,,NO_DART_API_KEY,,,,,,2026_11013,2026-06-10T04:46:35+09:00
131030,,,,KRW,,,NO_DART_API_KEY,,,,,,2026_11013,2026-06-10T04:46:35+09:00
131090,,,,KRW,,,NO_DART_API_KEY,,,,,,2026_11013,2026-06-10T04:46:35+09:00
131100,,,,KRW,,,NO_DART_API_KEY,,,,,,2026_11013,2026-06-10T04:46:35+09:00
131180,,,,KRW,,,NO_DART_API_KEY,,,,,,2026_11013,2026-06-10T04:46:35+09:00
131220,,,,KRW,,,NO_DART_API_KEY,,,,,,2026_11013,2026-06-10T04:46:35+09:00
131290,,,,KRW,,,NO_DART_API_KEY,,,,,,2026_11013,2026-06-10T04:46:35+09:00
131370,,,,KRW,,,NO_DART_API_KEY,,,,,,2026_11013,2026-06-10T04:46:35+09:00
131400,,,,KRW,,,NO_DART_API_KEY,,,,,,2026_11013,2026-06-10T04:46:35+09:00
131760,,,,KRW,,,NO_DART_API_KEY,,,,,,2026_11013,2026-06-10T04:46:35+09:00
131970,,,,KRW,,,NO_DART_API_KEY,,,,,,2026_11013,2026-06-10T04:46:35+09:00
133750,,,,KRW,,,NO_DART_API_KEY,,,,,,2026_11013,2026-06-10T04:46:35+09:00
133820,,,,KRW,,,NO_DART_API_KEY,,,,,,2026_11013,2026-06-10T04:46:35+09:00
134060,,,,KRW,,,NO_DART_API_KEY,,,,,,2026_11013,2026-06-10T04:46:35+09:00
134380,,,,KRW,,,NO_DART_API_KEY,,,,,,2026_11013,2026-06-10T04:46:35+09:00
134580,,,,KRW,,,NO_DART_API_KEY,,,,,,2026_11013,2026-06-10T04:46:35+09:00
134790,,,,KRW,,,NO_DART_API_KEY,,,,,,2026_11013,2026-06-10T04:46:35+09:00
136150,,,,KRW,,,NO_DART_API_KEY,,,,,,2026_11013,2026-06-10T04:46:35+09:00
136410,,,,KRW,,,NO_DART_API_KEY,,,,,,2026_11013,2026-06-10T04:46:35+09:00
136480,,,,KRW,,,NO_DART_API_KEY,,,,,,2026_11013,2026-06-10T04:46:35+09:00
136490,,,,KRW,,,NO_DART_API_KEY,,,,,,2026_11013,2026-06-10T04:46:35+09:00
136540,,,,KRW,,,NO_DART_API_KEY,,,,,,2026_11013,2026-06-10T04:46:35+09:00
137080,,,,KRW,,,NO_DART_API_KEY,,,,,,2026_11013,2026-06-10T04:46:35+09:00
137310,,,,KRW,,,NO_DART_API_KEY,,,,,,2026_11013,2026-06-10T04:46:35+09:00
137400,,,,KRW,,,NO_DART_API_KEY,,,,,,2026_11013,2026-06-10T04:46:35+09:00
137940,,,,KRW,,,NO_DART_API_KEY,,,,,,2026_11013,2026-06-10T04:46:35+09:00
137950,,,,KRW,,,NO_DART_API_KEY,,,,,,2026_11013,2026-06-10T04:46:35+09:00
138040,,,,KRW,,,NO_DART_API_KEY,,,,,,2026_11013,2026-06-10T04:46:35+09:00
138070,,,,KRW,,,NO_DART_API_KEY,,,,,,2026_11013,2026-06-10T04:46:35+09:00
138080,,,,KRW,,,NO_DART_API_KEY,,,,,,2026_11013,2026-06-10T04:46:35+09:00
138360,,,,KRW,,,NO_DART_API_KEY,,,,,,2026_11013,2026-06-10T04:46:35+09:00
138490,,,,KRW,,,NO_DART_API_KEY,,,,,,2026_11013,2026-06-10T04:46:35+09:00
138610,,,,KRW,,,NO_DART_API_KEY,,,,,,2026_11013,2026-06-10T04:46:35+09:00
138930,,,,KRW,,,NO_DART_API_KEY,,,,,,2026_11013,2026-06-10T04:46:35+09:00
139050,,,,KRW,,,NO_DART_API_KEY,,,,,,2026_11013,2026-06-10T04:46:35+09:00
139130,,,,KRW,,,NO_DART_API_KEY,,,,,,2026_11013,2026-06-10T04:46:35+09:00
139480,,,,KRW,,,NO_DART_API_KEY,,,,,,2026_11013,2026-06-10T04:46:35+09:00
139670,,,,KRW,,,NO_DART_API_KEY,,,,,,2026_11013,2026-06-10T04:46:35+09:00
139990,,,,KRW,,,NO_DART_API_KEY,,,,,,2026_11013,2026-06-10T04:46:35+09:00
140070,,,,KRW,,,NO_DART_API_KEY,,,,,,2026_11013,2026-06-10T04:46:35+09:00
140410,,,,KRW,,,NO_DART_API_KEY,,,,,,2026_11013,2026-06-10T04:46:35+09:00
140430,,,,KRW,,,NO_DART_API_KEY,,,,,,2026_11013,2026-06-10T04:46:35+09:00
140520,,,,KRW,,,NO_DART_API_KEY,,,,,,2026_11013,2026-06-10T04:46:35+09:00
140670,,,,KRW,,,NO_DART_API_KEY,,,,,,2026_11013,2026-06-10T04:46:35+09:00
140860,,,,KRW,,,NO_DART_API_KEY,,,,,,2026_11013,2026-06-10T04:46:35+09:00
140910,,,,KRW,,,NO_DART_API_KEY,,,,,,2026_11013,2026-06-10T04:46:35+09:00
141000,,,,KRW,,,NO_DART_API_KEY,,,,,,2026_11013,2026-06-10T04:46:35+09:00
141080,,,,KRW,,,NO_DART_API_KEY,,,,,,2026_11013,2026-06-10T04:46:35+09:00
142210,,,,KRW,,,NO_DART_API_KEY,,,,,,2026_11013,2026-06-10T04:46:35+09:00
142280,,,,KRW,,,NO_DART_API_KEY,,,,,,2026_11013,2026-06-10T04:46:35+09:00
142760,,,,KRW,,,NO_DART_API_KEY,,,,,,2026_11013,2026-06-10T04:46:35+09:00
143160,,,,KRW,,,NO_DART_API_KEY,,,,,,2026_11013,2026-06-10T04:46:35+09:00
143210,,,,KRW,,,NO_DART_API_KEY,,,,,,2026_11013,2026-06-10T04:46:35+09:00
143240,,,,KRW,,,NO_DART_API_KEY,,,,,,2026_11013,2026-06-10T04:46:35+09:00
143540,,,,KRW,,,NO_DART_API_KEY,,,,,,2026_11013,2026-06-10T04:46:35+09:00
144510,,,,KRW,,,NO_DART_API_KEY,,,,,,2026_11013,2026-06-10T04:46:35+09:00
144960,,,,KRW,,,NO_DART_API_KEY,,,,,,2026_11013,2026-06-10T04:46:35+09:00
145020,,,,KRW,,,NO_DART_API_KEY,,,,,,2026_11013,2026-06-10T04:46:35+09:00
145170,,,,KRW,,,NO_DART_API_KEY,,,,,,2026_11013,2026-06-10T04:46:35+09:00
145210,,,,KRW,,,NO_DART_API_KEY,,,,,,2026_11013,2026-06-10T04:46:35+09:00
145270,,,,KRW,,,NO_DART_API_KEY,,,,,,2026_11013,2026-06-10T04:46:35+09:00
145720,,,,KRW,,,NO_DART_API_KEY,,,,,,2026_11013,2026-06-10T04:46:35+09:00
145990,,,,KRW,,,NO_DART_API_KEY,,,,,,2026_11013,2026-06-10T04:46:35+09:00
145995,,,,KRW,,,NO_DART_API_KEY,,,,,,2026_11013,2026-06-10T04:46:35+09:00
146060,,,,KRW,,,NO_DART_API_KEY,,,,,,2026_11013,2026-06-10T04:46:35+09:00
146320,,,,KRW,,,NO_DART_API_KEY,,,,,,2026_11013,2026-06-10T04:46:35+09:00
147760,,,,KRW,,,NO_DART_API_KEY,,,,,,2026_11013,2026-06-10T04:46:35+09:00
147830,,,,KRW,,,NO_DART_API_KEY,,,,,,2026_11013,2026-06-10T04:46:35+09:00
148150,,,,KRW,,,NO_DART_API_KEY,,,,,,2026_11013,2026-06-10T04:46:35+09:00
148250,,,,KRW,,,NO_DART_API_KEY,,,,,,2026_11013,2026-06-10T04:46:35+09:00
148780,,,,KRW,,,NO_DART_API_KEY,,,,,,2026_11013,2026-06-10T04:46:35+09:00
148930,,,,KRW,,,NO_DART_API_KEY,,,,,,2026_11013,2026-06-10T04:46:35+09:00
149950,,,,KRW,,,NO_DART_API_KEY,,,,,,2026_11013,2026-06-10T04:46:35+09:00
149980,,,,KRW,,,NO_DART_API_KEY,,,,,,2026_11013,2026-06-10T04:46:35+09:00
150900,,,,KRW,,,NO_DART_API_KEY,,,,,,2026_11013,2026-06-10T04:46:35+09:00
151860,,,,KRW,,,NO_DART_API_KEY,,,,,,2026_11013,2026-06-10T04:46:35+09:00
152550,,,,KRW,,,NO_DART_API_KEY,,,,,,2026_11013,2026-06-10T04:46:35+09:00
153460,,,,KRW,,,NO_DART_API_KEY,,,,,,2026_11013,2026-06-10T04:46:35+09:00
153490,,,,KRW,,,NO_DART_API_KEY,,,,,,2026_11013,2026-06-10T04:46:35+09:00
153710,,,,KRW,,,NO_DART_API_KEY,,,,,,2026_11013,2026-06-10T04:46:35+09:00
154030,,,,KRW,,,NO_DART_API_KEY,,,,,,2026_11013,2026-06-10T04:46:35+09:00
154040,,,,KRW,,,NO_DART_API_KEY,,,,,,2026_11013,2026-06-10T04:46:35+09:00
155650,,,,KRW,,,NO_DART_API_KEY,,,,,,2026_11013,2026-06-10T04:46:35+09:00
155660,,,,KRW,,,NO_DART_API_KEY,,,,,,2026_11013,2026-06-10T04:46:35+09:00
156100,,,,KRW,,,NO_DART_API_KEY,,,,,,2026_11013,2026-06-10T04:46:35+09:00
158430,,,,KRW,,,NO_DART_API_KEY,,,,,,2026_11013,2026-06-10T04:46:35+09:00
159010,,,,KRW,,,NO_DART_API_KEY,,,,,,2026_11013,2026-06-10T04:46:35+09:00
159580,,,,KRW,,,NO_DART_API_KEY,,,,,,2026_11013,2026-06-10T04:46:35+09:00
159910,,,,KRW,,,NO_DART_API_KEY,,,,,,2026_11013,2026-06-10T04:46:35+09:00
160190,,,,KRW,,,NO_DART_API_KEY,,,,,,2026_11013,2026-06-10T04:46:35+09:00
160550,,,,KRW,,,NO_DART_API_KEY,,,,,,2026_11013,2026-06-10T04:46:35+09:00
160980,,,,KRW,,,NO_DART_API_KEY,,,,,,2026_11013,2026-06-10T04:46:35+09:00
161000,,,,KRW,,,NO_DART_API_KEY,,,,,,2026_11013,2026-06-10T04:46:35+09:00
161390,,,,KRW,,,NO_DART_API_KEY,,,,,,2026_11013,2026-06-10T04:46:35+09:00
161580,,,,KRW,,,NO_DART_API_KEY,,,,,,2026_11013,2026-06-10T04:46:35+09:00
161890,,,,KRW,,,NO_DART_API_KEY,,,,,,2026_11013,2026-06-10T04:46:35+09:00
162300,,,,KRW,,,NO_DART_API_KEY,,,,,,2026_11013,2026-06-10T04:46:35+09:00
163280,,,,KRW,,,NO_DART_API_KEY,,,,,,2026_11013,2026-06-10T04:46:35+09:00
163560,,,,KRW,,,NO_DART_API_KEY,,,,,,2026_11013,2026-06-10T04:46:35+09:00
163730,,,,KRW,,,NO_DART_API_KEY,,,,,,2026_11013,2026-06-10T04:46:35+09:00
166090,,,,KRW,,,NO_DART_API_KEY,,,,,,2026_11013,2026-06-10T04:46:35+09:00
166480,,,,KRW,,,NO_DART_API_KEY,,,,,,2026_11013,2026-06-10T04:46:35+09:00
168330,,,,KRW,,,NO_DART_API_KEY,,,,,,2026_11013,2026-06-10T04:46:35+09:00
168360,,,,KRW,,,NO_DART_API_KEY,,,,,,2026_11013,2026-06-10T04:46:35+09:00
169330,,,,KRW,,,NO_DART_API_KEY,,,,,,2026_11013,2026-06-10T04:46:35+09:00
170030,,,,KRW,,,NO_DART_API_KEY,,,,,,2026_11013,2026-06-10T04:46:35+09:00
170790,,,,KRW,,,NO_DART_API_KEY,,,,,,2026_11013,2026-06-10T04:46:35+09:00
170900,,,,KRW,,,NO_DART_API_KEY,,,,,,2026_11013,2026-06-10T04:46:35+09:00
170920,,,,KRW,,,NO_DART_API_KEY,,,,,,2026_11013,2026-06-10T04:46:35+09:00
171010,,,,KRW,,,NO_DART_API_KEY,,,,,,2026_11013,2026-06-10T04:46:35+09:00
171090,,,,KRW,,,NO_DART_API_KEY,,,,,,2026_11013,2026-06-10T04:46:35+09:00
171120,,,,KRW,,,NO_DART_API_KEY,,,,,,2026_11013,2026-06-10T04:46:35+09:00
172670,,,,KRW,,,NO_DART_API_KEY,,,,,,2026_11013,2026-06-10T04:46:35+09:00
173130,,,,KRW,,,NO_DART_API_KEY,,,,,,2026_11013,2026-06-10T04:46:35+09:00
173940,,,,KRW,,,NO_DART_API_KEY,,,,,,2026_11013,2026-06-10T04:46:35+09:00
174900,,,,KRW,,,NO_DART_API_KEY,,,,,,2026_11013,2026-06-10T04:46:35+09:00
175140,,,,KRW,,,NO_DART_API_KEY,,,,,,2026_11013,2026-06-10T04:46:35+09:00
175250,,,,KRW,,,NO_DART_API_KEY,,,,,,2026_11013,2026-06-10T04:46:35+09:00
175330,,,,KRW,,,NO_DART_API_KEY,,,,,,2026_11013,2026-06-10T04:46:35+09:00
176750,,,,KRW,,,NO_DART_API_KEY,,,,,,2026_11013,2026-06-10T04:46:35+09:00
177350,,,,KRW,,,NO_DART_API_KEY,,,,,,2026_11013,2026-06-10T04:46:35+09:00
177830,,,,KRW,,,NO_DART_API_KEY,,,,,,2026_11013,2026-06-10T04:46:35+09:00
177900,,,,KRW,,,NO_DART_API_KEY,,,,,,2026_11013,2026-06-10T04:46:35+09:00
178320,,,,KRW,,,NO_DART_API_KEY,,,,,,2026_11013,2026-06-10T04:46:35+09:00
178780,,,,KRW,,,NO_DART_API_KEY,,,,,,2026_11013,2026-06-10T04:46:35+09:00
178920,,,,KRW,,,NO_DART_API_KEY,,,,,,2026_11013,2026-06-10T04:46:35+09:00
179290,,,,KRW,,,NO_DART_API_KEY,,,,,,2026_11013,2026-06-10T04:46:35+09:00
179530,,,,KRW,,,NO_DART_API_KEY,,,,,,2026_11013,2026-06-10T04:46:35+09:00
179900,,,,KRW,,,NO_DART_API_KEY,,,,,,2026_11013,2026-06-10T04:46:35+09:00
180400,,,,KRW,,,NO_DART_API_KEY,,,,,,2026_11013,2026-06-10T04:46:35+09:00
180640,,,,KRW,,,NO_DART_API_KEY,,,,,,2026_11013,2026-06-10T04:46:35+09:00
181710,,,,KRW,,,NO_DART_API_KEY,,,,,,2026_11013,2026-06-10T04:46:35+09:00
182360,,,,KRW,,,NO_DART_API_KEY,,,,,,2026_11013,2026-06-10T04:46:35+09:00
182400,,,,KRW,,,NO_DART_API_KEY,,,,,,2026_11013,2026-06-10T04:46:35+09:00
183190,,,,KRW,,,NO_DART_API_KEY,,,,,,2026_11013,2026-06-10T04:46:35+09:00
183300,,,,KRW,,,NO_DART_API_KEY,,,,,,2026_11013,2026-06-10T04:46:35+09:00
183490,,,,KRW,,,NO_DART_API_KEY,,,,,,2026_11013,2026-06-10T04:46:35+09:00
184230,,,,KRW,,,NO_DART_API_KEY,,,,,,2026_11013,2026-06-10T04:46:35+09:00
185490,,,,KRW,,,NO_DART_API_KEY,,,,,,2026_11013,2026-06-10T04:46:35+09:00
185750,,,,KRW,,,NO_DART_API_KEY,,,,,,2026_11013,2026-06-10T04:46:35+09:00
186230,,,,KRW,,,NO_DART_API_KEY,,,,,,2026_11013,2026-06-10T04:46:35+09:00
187220,,,,KRW,,,NO_DART_API_KEY,,,,,,2026_11013,2026-06-10T04:46:35+09:00
187270,,,,KRW,,,NO_DART_API_KEY,,,,,,2026_11013,2026-06-10T04:46:35+09:00
187420,,,,KRW,,,NO_DART_API_KEY,,,,,,2026_11013,2026-06-10T04:46:35+09:00
187660,,,,KRW,,,NO_DART_API_KEY,,,,,,2026_11013,2026-06-10T04:46:35+09:00
187790,,,,KRW,,,NO_DART_API_KEY,,,,,,2026_11013,2026-06-10T04:46:35+09:00
187870,,,,KRW,,,NO_DART_API_KEY,,,,,,2026_11013,2026-06-10T04:46:35+09:00
188040,,,,KRW,,,NO_DART_API_KEY,,,,,,2026_11013,2026-06-10T04:46:35+09:00
188260,,,,KRW,,,NO_DART_API_KEY,,,,,,2026_11013,2026-06-10T04:46:35+09:00
189300,,,,KRW,,,NO_DART_API_KEY,,,,,,2026_11013,2026-06-10T04:46:35+09:00
189330,,,,KRW,,,NO_DART_API_KEY,,,,,,2026_11013,2026-06-10T04:46:35+09:00
189690,,,,KRW,,,NO_DART_API_KEY,,,,,,2026_11013,2026-06-10T04:46:35+09:00
189860,,,,KRW,,,NO_DART_API_KEY,,,,,,2026_11013,2026-06-10T04:46:35+09:00
189980,,,,KRW,,,NO_DART_API_KEY,,,,,,2026_11013,2026-06-10T04:46:35+09:00
190510,,,,KRW,,,NO_DART_API_KEY,,,,,,2026_11013,2026-06-10T04:46:35+09:00
190650,,,,KRW,,,NO_DART_API_KEY,,,,,,2026_11013,2026-06-10T04:46:35+09:00
191410,,,,KRW,,,NO_DART_API_KEY,,,,,,2026_11013,2026-06-10T04:46:35+09:00
191420,,,,KRW,,,NO_DART_API_KEY,,,,,,2026_11013,2026-06-10T04:46:35+09:00
192080,,,,KRW,,,NO_DART_API_KEY,,,,,,2026_11013,2026-06-10T04:46:35+09:00
192250,,,,KRW,,,NO_DART_API_KEY,,,,,,2026_11013,2026-06-10T04:46:35+09:00
192390,,,,KRW,,,NO_DART_API_KEY,,,,,,2026_11013,2026-06-10T04:46:35+09:00
192400,,,,KRW,,,NO_DART_API_KEY,,,,,,2026_11013,2026-06-10T04:46:35+09:00
192410,,,,KRW,,,NO_DART_API_KEY,,,,,,2026_11013,2026-06-10T04:46:35+09:00
192440,,,,KRW,,,NO_DART_API_KEY,,,,,,2026_11013,2026-06-10T04:46:35+09:00
192650,,,,KRW,,,NO_DART_API_KEY,,,,,,2026_11013,2026-06-10T04:46:35+09:00
192820,,,,KRW,,,NO_DART_API_KEY,,,,,,2026_11013,2026-06-10T04:46:35+09:00
193250,,,,KRW,,,NO_DART_API_KEY,,,,,,2026_11013,2026-06-10T04:46:35+09:00
194370,,,,KRW,,,NO_DART_API_KEY,,,,,,2026_11013,2026-06-10T04:46:35+09:00
194480,,,,KRW,,,NO_DART_API_KEY,,,,,,2026_11013,2026-06-10T04:46:35+09:00
194700,,,,KRW,,,NO_DART_API_KEY,,,,,,2026_11013,2026-06-10T04:46:35+09:00
195500,,,,KRW,,,NO_DART_API_KEY,,,,,,2026_11013,2026-06-10T04:46:35+09:00
195870,,,,KRW,,,NO_DART_API_KEY,,,,,,2026_11013,2026-06-10T04:46:35+09:00
195940,,,,KRW,,,NO_DART_API_KEY,,,,,,2026_11013,2026-06-10T04:46:35+09:00
195990,,,,KRW,,,NO_DART_API_KEY,,,,,,2026_11013,2026-06-10T04:46:35+09:00
196170,,,,KRW,,,NO_DART_API_KEY,,,,,,2026_11013,2026-06-10T04:46:35+09:00
196300,,,,KRW,,,NO_DART_API_KEY,,,,,,2026_11013,2026-06-10T04:46:35+09:00
196450,,,,KRW,,,NO_DART_API_KEY,,,,,,2026_11013,2026-06-10T04:46:35+09:00
196490,,,,KRW,,,NO_DART_API_KEY,,,,,,2026_11013,2026-06-10T04:46:35+09:00
196700,,,,KRW,,,NO_DART_API_KEY,,,,,,2026_11013,2026-06-10T04:46:35+09:00
197140,,,,KRW,,,NO_DART_API_KEY,,,,,,2026_11013,2026-06-10T04:46:35+09:00
198080,,,,KRW,,,NO_DART_API_KEY,,,,,,2026_11013,2026-06-10T04:46:35+09:00
198440,,,,KRW,,,NO_DART_API_KEY,,,,,,2026_11013,2026-06-10T04:46:35+09:00
198940,,,,KRW,,,NO_DART_API_KEY,,,,,,2026_11013,2026-06-10T04:46:35+09:00
199430,,,,KRW,,,NO_DART_API_KEY,,,,,,2026_11013,2026-06-10T04:46:35+09:00
199480,,,,KRW,,,NO_DART_API_KEY,,,,,,2026_11013,2026-06-10T04:46:35+09:00
199550,,,,KRW,,,NO_DART_API_KEY,,,,,,2026_11013,2026-06-10T04:46:35+09:00
199730,,,,KRW,,,NO_DART_API_KEY,,,,,,2026_11013,2026-06-10T04:46:35+09:00
199800,,,,KRW,,,NO_DART_API_KEY,,,,,,2026_11013,2026-06-10T04:46:35+09:00
199820,,,,KRW,,,NO_DART_API_KEY,,,,,,2026_11013,2026-06-10T04:46:35+09:00
200130,,,,KRW,,,NO_DART_API_KEY,,,,,,2026_11013,2026-06-10T04:46:35+09:00
200230,,,,KRW,,,NO_DART_API_KEY,,,,,,2026_11013,2026-06-10T04:46:35+09:00
200350,,,,KRW,,,NO_DART_API_KEY,,,,,,2026_11013,2026-06-10T04:46:35+09:00
200470,,,,KRW,,,NO_DART_API_KEY,,,,,,2026_11013,2026-06-10T04:46:35+09:00
200670,,,,KRW,,,NO_DART_API_KEY,,,,,,2026_11013,2026-06-10T04:46:35+09:00
200710,,,,KRW,,,NO_DART_API_KEY,,,,,,2026_11013,2026-06-10T04:46:35+09:00
200780,,,,KRW,,,NO_DART_API_KEY,,,,,,2026_11013,2026-06-10T04:46:35+09:00
200880,,,,KRW,,,NO_DART_API_KEY,,,,,,2026_11013,2026-06-10T04:46:35+09:00
201490,,,,KRW,,,NO_DART_API_KEY,,,,,,2026_11013,2026-06-10T04:46:35+09:00
203400,,,,KRW,,,NO_DART_API_KEY,,,,,,2026_11013,2026-06-10T04:46:35+09:00
203450,,,,KRW,,,NO_DART_API_KEY,,,,,,2026_11013,2026-06-10T04:46:35+09:00
203650,,,,KRW,,,NO_DART_API_KEY,,,,,,2026_11013,2026-06-10T04:46:35+09:00
203690,,,,KRW,,,NO_DART_API_KEY,,,,,,2026_11013,2026-06-10T04:46:35+09:00
204020,,,,KRW,,,NO_DART_API_KEY,,,,,,2026_11013,2026-06-10T04:46:35+09:00
204210,,,,KRW,,,NO_DART_API_KEY,,,,,,2026_11013,2026-06-10T04:46:35+09:00
204270,,,,KRW,,,NO_DART_API_KEY,,,,,,2026_11013,2026-06-10T04:46:35+09:00
204320,,,,KRW,,,NO_DART_API_KEY,,,,,,2026_11013,2026-06-10T04:46:35+09:00
204610,,,,KRW,,,NO_DART_API_KEY,,,,,,2026_11013,2026-06-10T04:46:35+09:00
204620,,,,KRW,,,NO_DART_API_KEY,,,,,,2026_11013,2026-06-10T04:46:35+09:00
204630,,,,KRW,,,NO_DART_API_KEY,,,,,,2026_11013,2026-06-10T04:46:35+09:00
204840,,,,KRW,,,NO_DART_API_KEY,,,,,,2026_11013,2026-06-10T04:46:35+09:00
205100,,,,KRW,,,NO_DART_API_KEY,,,,,,2026_11013,2026-06-10T04:46:35+09:00
205470,,,,KRW,,,NO_DART_API_KEY,,,,,,2026_11013,2026-06-10T04:46:35+09:00
205500,,,,KRW,,,NO_DART_API_KEY,,,,,,2026_11013,2026-06-10T04:46:35+09:00
206400,,,,KRW,,,NO_DART_API_KEY,,,,,,2026_11013,2026-06-10T04:46:35+09:00
206560,,,,KRW,,,NO_DART_API_KEY,,,,,,2026_11013,2026-06-10T04:46:35+09:00
206640,,,,KRW,,,NO_DART_API_KEY,,,,,,2026_11013,2026-06-10T04:46:35+09:00
206650,,,,KRW,,,NO_DART_API_KEY,,,,,,2026_11013,2026-06-10T04:46:35+09:00
207760,,,,KRW,,,NO_DART_API_KEY,,,,,,2026_11013,2026-06-10T04:46:35+09:00
207940,,,,KRW,,,NO_DART_API_KEY,,,,,,2026_11013,2026-06-10T04:46:35+09:00
208140,,,,KRW,,,NO_DART_API_KEY,,,,,,2026_11013,2026-06-10T04:46:35+09:00
208350,,,,KRW,,,NO_DART_API_KEY,,,,,,2026_11013,2026-06-10T04:46:35+09:00
208370,,,,KRW,,,NO_DART_API_KEY,,,,,,2026_11013,2026-06-10T04:46:35+09:00
208640,,,,KRW,,,NO_DART_API_KEY,,,,,,2026_11013,2026-06-10T04:46:35+09:00
208710,,,,KRW,,,NO_DART_API_KEY,,,,,,2026_11013,2026-06-10T04:46:35+09:00
208860,,,,KRW,,,NO_DART_API_KEY,,,,,,2026_11013,2026-06-10T04:46:35+09:00
209640,,,,KRW,,,NO_DART_API_KEY,,,,,,2026_11013,2026-06-10T04:46:35+09:00
210120,,,,KRW,,,NO_DART_API_KEY,,,,,,2026_11013,2026-06-10T04:46:35+09:00
210540,,,,KRW,,,NO_DART_API_KEY,,,,,,2026_11013,2026-06-10T04:46:35+09:00
210980,,,,KRW,,,NO_DART_API_KEY,,,,,,2026_11013,2026-06-10T04:46:35+09:00
211050,,,,KRW,,,NO_DART_API_KEY,,,,,,2026_11013,2026-06-10T04:46:35+09:00
211270,,,,KRW,,,NO_DART_API_KEY,,,,,,2026_11013,2026-06-10T04:46:35+09:00
212560,,,,KRW,,,NO_DART_API_KEY,,,,,,2026_11013,2026-06-10T04:46:35+09:00
212710,,,,KRW,,,NO_DART_API_KEY,,,,,,2026_11013,2026-06-10T04:46:35+09:00
213420,,,,KRW,,,NO_DART_API_KEY,,,,,,2026_11013,2026-06-10T04:46:35+09:00
213500,,,,KRW,,,NO_DART_API_KEY,,,,,,2026_11013,2026-06-10T04:46:35+09:00
214150,,,,KRW,,,NO_DART_API_KEY,,,,,,2026_11013,2026-06-10T04:46:35+09:00
214180,,,,KRW,,,NO_DART_API_KEY,,,,,,2026_11013,2026-06-10T04:46:35+09:00
214260,,,,KRW,,,NO_DART_API_KEY,,,,,,2026_11013,2026-06-10T04:46:35+09:00
214270,,,,KRW,,,NO_DART_API_KEY,,,,,,2026_11013,2026-06-10T04:46:35+09:00
214320,,,,KRW,,,NO_DART_API_KEY,,,,,,2026_11013,2026-06-10T04:46:35+09:00
214330,,,,KRW,,,NO_DART_API_KEY,,,,,,2026_11013,2026-06-10T04:46:35+09:00
214370,,,,KRW,,,NO_DART_API_KEY,,,,,,2026_11013,2026-06-10T04:46:35+09:00
214390,,,,KRW,,,NO_DART_API_KEY,,,,,,2026_11013,2026-06-10T04:46:35+09:00
214420,,,,KRW,,,NO_DART_API_KEY,,,,,,2026_11013,2026-06-10T04:46:35+09:00
214430,,,,KRW,,,NO_DART_API_KEY,,,,,,2026_11013,2026-06-10T04:46:35+09:00
214450,,,,KRW,,,NO_DART_API_KEY,,,,,,2026_11013,2026-06-10T04:46:35+09:00
214610,,,,KRW,,,NO_DART_API_KEY,,,,,,2026_11013,2026-06-10T04:46:35+09:00
214680,,,,KRW,,,NO_DART_API_KEY,,,,,,2026_11013,2026-06-10T04:46:35+09:00
215000,,,,KRW,,,NO_DART_API_KEY,,,,,,2026_11013,2026-06-10T04:46:35+09:00
215090,,,,KRW,,,NO_DART_API_KEY,,,,,,2026_11013,2026-06-10T04:46:35+09:00
215100,,,,KRW,,,NO_DART_API_KEY,,,,,,2026_11013,2026-06-10T04:46:35+09:00
215200,,,,KRW,,,NO_DART_API_KEY,,,,,,2026_11013,2026-06-10T04:46:35+09:00
215360,,,,KRW,,,NO_DART_API_KEY,,,,,,2026_11013,2026-06-10T04:46:35+09:00
215380,,,,KRW,,,NO_DART_API_KEY,,,,,,2026_11013,2026-06-10T04:46:35+09:00
215480,,,,KRW,,,NO_DART_API_KEY,,,,,,2026_11013,2026-06-10T04:46:35+09:00
215600,,,,KRW,,,NO_DART_API_KEY,,,,,,2026_11013,2026-06-10T04:46:35+09:00
215790,,,,KRW,,,NO_DART_API_KEY,,,,,,2026_11013,2026-06-10T04:46:35+09:00
216050,,,,KRW,,,NO_DART_API_KEY,,,,,,2026_11013,2026-06-10T04:46:35+09:00
216080,,,,KRW,,,NO_DART_API_KEY,,,,,,2026_11013,2026-06-10T04:46:35+09:00
217190,,,,KRW,,,NO_DART_API_KEY,,,,,,2026_11013,2026-06-10T04:46:35+09:00
217270,,,,KRW,,,NO_DART_API_KEY,,,,,,2026_11013,2026-06-10T04:46:35+09:00
217330,,,,KRW,,,NO_DART_API_KEY,,,,,,2026_11013,2026-06-10T04:46:35+09:00
217480,,,,KRW,,,NO_DART_API_KEY,,,,,,2026_11013,2026-06-10T04:46:35+09:00
217500,,,,KRW,,,NO_DART_API_KEY,,,,,,2026_11013,2026-06-10T04:46:35+09:00
217590,,,,KRW,,,NO_DART_API_KEY,,,,,,2026_11013,2026-06-10T04:46:35+09:00
217620,,,,KRW,,,NO_DART_API_KEY,,,,,,2026_11013,2026-06-10T04:46:35+09:00
217730,,,,KRW,,,NO_DART_API_KEY,,,,,,2026_11013,2026-06-10T04:46:35+09:00
217820,,,,KRW,,,NO_DART_API_KEY,,,,,,2026_11013,2026-06-10T04:46:35+09:00
218150,,,,KRW,,,NO_DART_API_KEY,,,,,,2026_11013,2026-06-10T04:46:35+09:00
218410,,,,KRW,,,NO_DART_API_KEY,,,,,,2026_11013,2026-06-10T04:46:35+09:00
219130,,,,KRW,,,NO_DART_API_KEY,,,,,,2026_11013,2026-06-10T04:46:35+09:00
219420,,,,KRW,,,NO_DART_API_KEY,,,,,,2026_11013,2026-06-10T04:46:35+09:00
219550,,,,KRW,,,NO_DART_API_KEY,,,,,,2026_11013,2026-06-10T04:46:35+09:00
219750,,,,KRW,,,NO_DART_API_KEY,,,,,,2026_11013,2026-06-10T04:46:35+09:00
220100,,,,KRW,,,NO_DART_API_KEY,,,,,,2026_11013,2026-06-10T04:46:35+09:00
220180,,,,KRW,,,NO_DART_API_KEY,,,,,,2026_11013,2026-06-10T04:46:35+09:00
220260,,,,KRW,,,NO_DART_API_KEY,,,,,,2026_11013,2026-06-10T04:46:35+09:00
221800,,,,KRW,,,NO_DART_API_KEY,,,,,,2026_11013,2026-06-10T04:46:35+09:00
221840,,,,KRW,,,NO_DART_API_KEY,,,,,,2026_11013,2026-06-10T04:46:35+09:00
221980,,,,KRW,,,NO_DART_API_KEY,,,,,,2026_11013,2026-06-10T04:46:35+09:00
222040,,,,KRW,,,NO_DART_API_KEY,,,,,,2026_11013,2026-06-10T04:46:35+09:00
222080,,,,KRW,,,NO_DART_API_KEY,,,,,,2026_11013,2026-06-10T04:46:35+09:00
222110,,,,KRW,,,NO_DART_API_KEY,,,,,,2026_11013,2026-06-10T04:46:35+09:00
222160,,,,KRW,,,NO_DART_API_KEY,,,,,,2026_11013,2026-06-10T04:46:35+09:00
222420,,,,KRW,,,NO_DART_API_KEY,,,,,,2026_11013,2026-06-10T04:46:35+09:00
222800,,,,KRW,,,NO_DART_API_KEY,,,,,,2026_11013,2026-06-10T04:46:35+09:00
222810,,,,KRW,,,NO_DART_API_KEY,,,,,,2026_11013,2026-06-10T04:46:35+09:00
222980,,,,KRW,,,NO_DART_API_KEY,,,,,,2026_11013,2026-06-10T04:46:35+09:00
223250,,,,KRW,,,NO_DART_API_KEY,,,,,,2026_11013,2026-06-10T04:46:35+09:00
223310,,,,KRW,,,NO_DART_API_KEY,,,,,,2026_11013,2026-06-10T04:46:35+09:00
224060,,,,KRW,,,NO_DART_API_KEY,,,,,,2026_11013,2026-06-10T04:46:35+09:00
224110,,,,KRW,,,NO_DART_API_KEY,,,,,,2026_11013,2026-06-10T04:46:35+09:00
225190,,,,KRW,,,NO_DART_API_KEY,,,,,,2026_11013,2026-06-10T04:46:35+09:00
225220,,,,KRW,,,NO_DART_API_KEY,,,,,,2026_11013,2026-06-10T04:46:35+09:00
225430,,,,KRW,,,NO_DART_API_KEY,,,,,,2026_11013,2026-06-10T04:46:35+09:00
225530,,,,KRW,,,NO_DART_API_KEY,,,,,,2026_11013,2026-06-10T04:46:35+09:00
225570,,,,KRW,,,NO_DART_API_KEY,,,,,,2026_11013,2026-06-10T04:46:35+09:00
225590,,,,KRW,,,NO_DART_API_KEY,,,,,,2026_11013,2026-06-10T04:46:35+09:00
226320,,,,KRW,,,NO_DART_API_KEY,,,,,,2026_11013,2026-06-10T04:46:35+09:00
226330,,,,KRW,,,NO_DART_API_KEY,,,,,,2026_11013,2026-06-10T04:46:35+09:00
226340,,,,KRW,,,NO_DART_API_KEY,,,,,,2026_11013,2026-06-10T04:46:35+09:00
226400,,,,KRW,,,NO_DART_API_KEY,,,,,,2026_11013,2026-06-10T04:46:35+09:00
226590,,,,KRW,,,NO_DART_API_KEY,,,,,,2026_11013,2026-06-10T04:46:35+09:00
226950,,,,KRW,,,NO_DART_API_KEY,,,,,,2026_11013,2026-06-10T04:46:35+09:00
227100,,,,KRW,,,NO_DART_API_KEY,,,,,,2026_11013,2026-06-10T04:46:35+09:00
227610,,,,KRW,,,NO_DART_API_KEY,,,,,,2026_11013,2026-06-10T04:46:35+09:00
227840,,,,KRW,,,NO_DART_API_KEY,,,,,,2026_11013,2026-06-10T04:46:35+09:00
227950,,,,KRW,,,NO_DART_API_KEY,,,,,,2026_11013,2026-06-10T04:46:35+09:00
228340,,,,KRW,,,NO_DART_API_KEY,,,,,,2026_11013,2026-06-10T04:46:35+09:00
228670,,,,KRW,,,NO_DART_API_KEY,,,,,,2026_11013,2026-06-10T04:46:35+09:00
228760,,,,KRW,,,NO_DART_API_KEY,,,,,,2026_11013,2026-06-10T04:46:35+09:00
228850,,,,KRW,,,NO_DART_API_KEY,,,,,,2026_11013,2026-06-10T04:46:35+09:00
229000,,,,KRW,,,NO_DART_API_KEY,,,,,,2026_11013,2026-06-10T04:46:35+09:00
229640,,,,KRW,,,NO_DART_API_KEY,,,,,,2026_11013,2026-06-10T04:46:35+09:00
230240,,,,KRW,,,NO_DART_API_KEY,,,,,,2026_11013,2026-06-10T04:46:35+09:00
230360,,,,KRW,,,NO_DART_API_KEY,,,,,,2026_11013,2026-06-10T04:46:35+09:00
230980,,,,KRW,,,NO_DART_API_KEY,,,,,,2026_11013,2026-06-10T04:46:35+09:00
232140,,,,KRW,,,NO_DART_API_KEY,,,,,,2026_11013,2026-06-10T04:46:35+09:00
232680,,,,KRW,,,NO_DART_API_KEY,,,,,,2026_11013,2026-06-10T04:46:35+09:00
232830,,,,KRW,,,NO_DART_API_KEY,,,,,,2026_11013,2026-06-10T04:46:35+09:00
234030,,,,KRW,,,NO_DART_API_KEY,,,,,,2026_11013,2026-06-10T04:46:35+09:00
234080,,,,KRW,,,NO_DART_API_KEY,,,,,,2026_11013,2026-06-10T04:46:35+09:00
234100,,,,KRW,,,NO_DART_API_KEY,,,,,,2026_11013,2026-06-10T04:46:35+09:00
234300,,,,KRW,,,NO_DART_API_KEY,,,,,,2026_11013,2026-06-10T04:46:35+09:00
234340,,,,KRW,,,NO_DART_API_KEY,,,,,,2026_11013,2026-06-10T04:46:35+09:00
234690,,,,KRW,,,NO_DART_API_KEY,,,,,,2026_11013,2026-06-10T04:46:35+09:00
234920,,,,KRW,,,NO_DART_API_KEY,,,,,,2026_11013,2026-06-10T04:46:35+09:00
235980,,,,KRW,,,NO_DART_API_KEY,,,,,,2026_11013,2026-06-10T04:46:35+09:00
236200,,,,KRW,,,NO_DART_API_KEY,,,,,,2026_11013,2026-06-10T04:46:35+09:00
236810,,,,KRW,,,NO_DART_API_KEY,,,,,,2026_11013,2026-06-10T04:46:35+09:00
237690,,,,KRW,,,NO_DART_API_KEY,,,,,,2026_11013,2026-06-10T04:46:35+09:00
237750,,,,KRW,,,NO_DART_API_KEY,,,,,,2026_11013,2026-06-10T04:46:35+09:00
237820,,,,KRW,,,NO_DART_API_KEY,,,,,,2026_11013,2026-06-10T04:46:35+09:00
237880,,,,KRW,,,NO_DART_API_KEY,,,,,,2026_11013,2026-06-10T04:46:35+09:00
238090,,,,KRW,,,NO_DART_API_KEY,,,,,,2026_11013,2026-06-10T04:46:35+09:00
238120,,,,KRW,,,NO_DART_API_KEY,,,,,,2026_11013,2026-06-10T04:46:35+09:00
238200,,,,KRW,,,NO_DART_API_KEY,,,,,,2026_11013,2026-06-10T04:46:35+09:00
238490,,,,KRW,,,NO_DART_API_KEY,,,,,,2026_11013,2026-06-10T04:46:35+09:00
239340,,,,KRW,,,NO_DART_API_KEY,,,,,,2026_11013,2026-06-10T04:46:35+09:00
239610,,,,KRW,,,NO_DART_API_KEY,,,,,,2026_11013,2026-06-10T04:46:35+09:00
239890,,,,KRW,,,NO_DART_API_KEY,,,,,,2026_11013,2026-06-10T04:46:35+09:00
240550,,,,KRW,,,NO_DART_API_KEY,,,,,,2026_11013,2026-06-10T04:46:35+09:00
240600,,,,KRW,,,NO_DART_API_KEY,,,,,,2026_11013,2026-06-10T04:46:35+09:00
240810,,,,KRW,,,NO_DART_API_KEY,,,,,,2026_11013,2026-06-10T04:46:35+09:00
241520,,,,KRW,,,NO_DART_API_KEY,,,,,,2026_11013,2026-06-10T04:46:35+09:00
241560,,,,KRW,,,NO_DART_API_KEY,,,,,,2026_11013,2026-06-10T04:46:35+09:00
241590,,,,KRW,,,NO_DART_API_KEY,,,,,,2026_11013,2026-06-10T04:46:35+09:00
241690,,,,KRW,,,NO_DART_API_KEY,,,,,,2026_11013,2026-06-10T04:46:35+09:00
241710,,,,KRW,,,NO_DART_API_KEY,,,,,,2026_11013,2026-06-10T04:46:35+09:00
241770,,,,KRW,,,NO_DART_API_KEY,,,,,,2026_11013,2026-06-10T04:46:35+09:00
241790,,,,KRW,,,NO_DART_API_KEY,,,,,,2026_11013,2026-06-10T04:46:35+09:00
241820,,,,KRW,,,NO_DART_API_KEY,,,,,,2026_11013,2026-06-10T04:46:35+09:00
241840,,,,KRW,,,NO_DART_API_KEY,,,,,,2026_11013,2026-06-10T04:46:35+09:00
242040,,,,KRW,,,NO_DART_API_KEY,,,,,,2026_11013,2026-06-10T04:46:35+09:00
243070,,,,KRW,,,NO_DART_API_KEY,,,,,,2026_11013,2026-06-10T04:46:35+09:00
243840,,,,KRW,,,NO_DART_API_KEY,,,,,,2026_11013,2026-06-10T04:46:35+09:00
244460,,,,KRW,,,NO_DART_API_KEY,,,,,,2026_11013,2026-06-10T04:46:35+09:00
244920,,,,KRW,,,NO_DART_API_KEY,,,,,,2026_11013,2026-06-10T04:46:35+09:00
245620,,,,KRW,,,NO_DART_API_KEY,,,,,,2026_11013,2026-06-10T04:46:35+09:00
246250,,,,KRW,,,NO_DART_API_KEY,,,,,,2026_11013,2026-06-10T04:46:35+09:00
246690,,,,KRW,,,NO_DART_API_KEY,,,,,,2026_11013,2026-06-10T04:46:35+09:00
246710,,,,KRW,,,NO_DART_API_KEY,,,,,,2026_11013,2026-06-10T04:46:35+09:00
246720,,,,KRW,,,NO_DART_API_KEY,,,,,,2026_11013,2026-06-10T04:46:35+09:00
246960,,,,KRW,,,NO_DART_API_KEY,,,,,,2026_11013,2026-06-10T04:46:35+09:00
247540,,,,KRW,,,NO_DART_API_KEY,,,,,,2026_11013,2026-06-10T04:46:35+09:00
247660,,,,KRW,,,NO_DART_API_KEY,,,,,,2026_11013,2026-06-10T04:46:35+09:00
248070,,,,KRW,,,NO_DART_API_KEY,,,,,,2026_11013,2026-06-10T04:46:35+09:00
248170,,,,KRW,,,NO_DART_API_KEY,,,,,,2026_11013,2026-06-10T04:46:35+09:00
249420,,,,KRW,,,NO_DART_API_KEY,,,,,,2026_11013,2026-06-10T04:46:35+09:00
250000,,,,KRW,,,NO_DART_API_KEY,,,,,,2026_11013,2026-06-10T04:46:35+09:00
250060,,,,KRW,,,NO_DART_API_KEY,,,,,,2026_11013,2026-06-10T04:46:35+09:00
250930,,,,KRW,,,NO_DART_API_KEY,,,,,,2026_11013,2026-06-10T04:46:35+09:00
251120,,,,KRW,,,NO_DART_API_KEY,,,,,,2026_11013,2026-06-10T04:46:35+09:00
251270,,,,KRW,,,NO_DART_API_KEY,,,,,,2026_11013,2026-06-10T04:46:35+09:00
251370,,,,KRW,,,NO_DART_API_KEY,,,,,,2026_11013,2026-06-10T04:46:35+09:00
251630,,,,KRW,,,NO_DART_API_KEY,,,,,,2026_11013,2026-06-10T04:46:35+09:00
251970,,,,KRW,,,NO_DART_API_KEY,,,,,,2026_11013,2026-06-10T04:46:35+09:00
252500,,,,KRW,,,NO_DART_API_KEY,,,,,,2026_11013,2026-06-10T04:46:35+09:00
252990,,,,KRW,,,NO_DART_API_KEY,,,,,,2026_11013,2026-06-10T04:46:35+09:00
253450,,,,KRW,,,NO_DART_API_KEY,,,,,,2026_11013,2026-06-10T04:46:35+09:00
253590,,,,KRW,,,NO_DART_API_KEY,,,,,,2026_11013,2026-06-10T04:46:35+09:00
253840,,,,KRW,,,NO_DART_API_KEY,,,,,,2026_11013,2026-06-10T04:46:35+09:00
254120,,,,KRW,,,NO_DART_API_KEY,,,,,,2026_11013,2026-06-10T04:46:35+09:00
254490,,,,KRW,,,NO_DART_API_KEY,,,,,,2026_11013,2026-06-10T04:46:35+09:00
255220,,,,KRW,,,NO_DART_API_KEY,,,,,,2026_11013,2026-06-10T04:46:35+09:00
255440,,,,KRW,,,NO_DART_API_KEY,,,,,,2026_11013,2026-06-10T04:46:35+09:00
256150,,,,KRW,,,NO_DART_API_KEY,,,,,,2026_11013,2026-06-10T04:46:35+09:00
256630,,,,KRW,,,NO_DART_API_KEY,,,,,,2026_11013,2026-06-10T04:46:35+09:00
256840,,,,KRW,,,NO_DART_API_KEY,,,,,,2026_11013,2026-06-10T04:46:35+09:00
256940,,,,KRW,,,NO_DART_API_KEY,,,,,,2026_11013,2026-06-10T04:46:35+09:00
257370,,,,KRW,,,NO_DART_API_KEY,,,,,,2026_11013,2026-06-10T04:46:35+09:00
257720,,,,KRW,,,NO_DART_API_KEY,,,,,,2026_11013,2026-06-10T04:46:35+09:00
258610,,,,KRW,,,NO_DART_API_KEY,,,,,,2026_11013,2026-06-10T04:46:35+09:00
258790,,,,KRW,,,NO_DART_API_KEY,,,,,,2026_11013,2026-06-10T04:46:35+09:00
258830,,,,KRW,,,NO_DART_API_KEY,,,,,,2026_11013,2026-06-10T04:46:35+09:00
259630,,,,KRW,,,NO_DART_API_KEY,,,,,,2026_11013,2026-06-10T04:46:35+09:00
259960,,,,KRW,,,NO_DART_API_KEY,,,,,,2026_11013,2026-06-10T04:46:35+09:00
260660,,,,KRW,,,NO_DART_API_KEY,,,,,,2026_11013,2026-06-10T04:46:35+09:00
260930,,,,KRW,,,NO_DART_API_KEY,,,,,,2026_11013,2026-06-10T04:46:35+09:00
260970,,,,KRW,,,NO_DART_API_KEY,,,,,,2026_11013,2026-06-10T04:46:35+09:00
261200,,,,KRW,,,NO_DART_API_KEY,,,,,,2026_11013,2026-06-10T04:46:35+09:00
261520,,,,KRW,,,NO_DART_API_KEY,,,,,,2026_11013,2026-06-10T04:46:35+09:00
261780,,,,KRW,,,NO_DART_API_KEY,,,,,,2026_11013,2026-06-10T04:46:35+09:00
262260,,,,KRW,,,NO_DART_API_KEY,,,,,,2026_11013,2026-06-10T04:46:35+09:00
262840,,,,KRW,,,NO_DART_API_KEY,,,,,,2026_11013,2026-06-10T04:46:35+09:00
263020,,,,KRW,,,NO_DART_API_KEY,,,,,,2026_11013,2026-06-10T04:46:35+09:00
263050,,,,KRW,,,NO_DART_API_KEY,,,,,,2026_11013,2026-06-10T04:46:35+09:00
263600,,,,KRW,,,NO_DART_API_KEY,,,,,,2026_11013,2026-06-10T04:46:35+09:00
263690,,,,KRW,,,NO_DART_API_KEY,,,,,,2026_11013,2026-06-10T04:46:35+09:00
263700,,,,KRW,,,NO_DART_API_KEY,,,,,,2026_11013,2026-06-10T04:46:35+09:00
263720,,,,KRW,,,NO_DART_API_KEY,,,,,,2026_11013,2026-06-10T04:46:35+09:00
263750,,,,KRW,,,NO_DART_API_KEY,,,,,,2026_11013,2026-06-10T04:46:35+09:00
263770,,,,KRW,,,NO_DART_API_KEY,,,,,,2026_11013,2026-06-10T04:46:35+09:00
263800,,,,KRW,,,NO_DART_API_KEY,,,,,,2026_11013,2026-06-10T04:46:35+09:00
263810,,,,KRW,,,NO_DART_API_KEY,,,,,,2026_11013,2026-06-10T04:46:35+09:00
263860,,,,KRW,,,NO_DART_API_KEY,,,,,,2026_11013,2026-06-10T04:46:35+09:00
263920,,,,KRW,,,NO_DART_API_KEY,,,,,,2026_11013,2026-06-10T04:46:35+09:00
264450,,,,KRW,,,NO_DART_API_KEY,,,,,,2026_11013,2026-06-10T04:46:35+09:00
264660,,,,KRW,,,NO_DART_API_KEY,,,,,,2026_11013,2026-06-10T04:46:35+09:00
264850,,,,KRW,,,NO_DART_API_KEY,,,,,,2026_11013,2026-06-10T04:46:35+09:00
264900,,,,KRW,,,NO_DART_API_KEY,,,,,,2026_11013,2026-06-10T04:46:35+09:00
265520,,,,KRW,,,NO_DART_API_KEY,,,,,,2026_11013,2026-06-10T04:46:35+09:00
265560,,,,KRW,,,NO_DART_API_KEY,,,,,,2026_11013,2026-06-10T04:46:35+09:00
265740,,,,KRW,,,NO_DART_API_KEY,,,,,,2026_11013,2026-06-10T04:46:35+09:00
267250,,,,KRW,,,NO_DART_API_KEY,,,,,,2026_11013,2026-06-10T04:46:35+09:00
267260,,,,KRW,,,NO_DART_API_KEY,,,,,,2026_11013,2026-06-10T04:46:35+09:00
267270,,,,KRW,,,NO_DART_API_KEY,,,,,,2026_11013,2026-06-10T04:46:35+09:00
267290,,,,KRW,,,NO_DART_API_KEY,,,,,,2026_11013,2026-06-10T04:46:35+09:00
267320,,,,KRW,,,NO_DART_API_KEY,,,,,,2026_11013,2026-06-10T04:46:35+09:00
267790,,,,KRW,,,NO_DART_API_KEY,,,,,,2026_11013,2026-06-10T04:46:35+09:00
267850,,,,KRW,,,NO_DART_API_KEY,,,,,,2026_11013,2026-06-10T04:46:35+09:00
267980,,,,KRW,,,NO_DART_API_KEY,,,,,,2026_11013,2026-06-10T04:46:35+09:00
268280,,,,KRW,,,NO_DART_API_KEY,,,,,,2026_11013,2026-06-10T04:46:35+09:00
269620,,,,KRW,,,NO_DART_API_KEY,,,,,,2026_11013,2026-06-10T04:46:35+09:00
270520,,,,KRW,,,NO_DART_API_KEY,,,,,,2026_11013,2026-06-10T04:46:35+09:00
270660,,,,KRW,,,NO_DART_API_KEY,,,,,,2026_11013,2026-06-10T04:46:35+09:00
270870,,,,KRW,,,NO_DART_API_KEY,,,,,,2026_11013,2026-06-10T04:46:35+09:00
271560,,,,KRW,,,NO_DART_API_KEY,,,,,,2026_11013,2026-06-10T04:46:35+09:00
271830,,,,KRW,,,NO_DART_API_KEY,,,,,,2026_11013,2026-06-10T04:46:35+09:00
271940,,,,KRW,,,NO_DART_API_KEY,,,,,,2026_11013,2026-06-10T04:46:35+09:00
271980,,,,KRW,,,NO_DART_API_KEY,,,,,,2026_11013,2026-06-10T04:46:35+09:00
272110,,,,KRW,,,NO_DART_API_KEY,,,,,,2026_11013,2026-06-10T04:46:35+09:00
272210,,,,KRW,,,NO_DART_API_KEY,,,,,,2026_11013,2026-06-10T04:46:35+09:00
272290,,,,KRW,,,NO_DART_API_KEY,,,,,,2026_11013,2026-06-10T04:46:35+09:00
272450,,,,KRW,,,NO_DART_API_KEY,,,,,,2026_11013,2026-06-10T04:46:35+09:00
272550,,,,KRW,,,NO_DART_API_KEY,,,,,,2026_11013,2026-06-10T04:46:35+09:00
273060,,,,KRW,,,NO_DART_API_KEY,,,,,,2026_11013,2026-06-10T04:46:35+09:00
273640,,,,KRW,,,NO_DART_API_KEY,,,,,,2026_11013,2026-06-10T04:46:35+09:00
274090,,,,KRW,,,NO_DART_API_KEY,,,,,,2026_11013,2026-06-10T04:46:35+09:00
274400,,,,KRW,,,NO_DART_API_KEY,,,,,,2026_11013,2026-06-10T04:46:35+09:00
275630,,,,KRW,,,NO_DART_API_KEY,,,,,,2026_11013,2026-06-10T04:46:35+09:00
276040,,,,KRW,,,NO_DART_API_KEY,,,,,,2026_11013,2026-06-10T04:46:35+09:00
276730,,,,KRW,,,NO_DART_API_KEY,,,,,,2026_11013,2026-06-10T04:46:35+09:00
277070,,,,KRW,,,NO_DART_API_KEY,,,,,,2026_11013,2026-06-10T04:46:35+09:00
277410,,,,KRW,,,NO_DART_API_KEY,,,,,,2026_11013,2026-06-10T04:46:35+09:00
277810,,,,KRW,,,NO_DART_API_KEY,,,,,,2026_11013,2026-06-10T04:46:35+09:00
277880,,,,KRW,,,NO_DART_API_KEY,,,,,,2026_11013,2026-06-10T04:46:35+09:00
278280,,,,KRW,,,NO_DART_API_KEY,,,,,,2026_11013,2026-06-10T04:46:35+09:00
278470,,,,KRW,,,NO_DART_API_KEY,,,,,,2026_11013,2026-06-10T04:46:35+09:00
278650,,,,KRW,,,NO_DART_API_KEY,,,,,,2026_11013,2026-06-10T04:46:35+09:00
279570,,,,KRW,,,NO_DART_API_KEY,,,,,,2026_11013,2026-06-10T04:46:35+09:00
279600,,,,KRW,,,NO_DART_API_KEY,,,,,,2026_11013,2026-06-10T04:46:35+09:00
280360,,,,KRW,,,NO_DART_API_KEY,,,,,,2026_11013,2026-06-10T04:46:35+09:00
281740,,,,KRW,,,NO_DART_API_KEY,,,,,,2026_11013,2026-06-10T04:46:35+09:00
281820,,,,KRW,,,NO_DART_API_KEY,,,,,,2026_11013,2026-06-10T04:46:35+09:00
282330,,,,KRW,,,NO_DART_API_KEY,,,,,,2026_11013,2026-06-10T04:46:35+09:00
282720,,,,KRW,,,NO_DART_API_KEY,,,,,,2026_11013,2026-06-10T04:46:35+09:00
282880,,,,KRW,,,NO_DART_API_KEY,,,,,,2026_11013,2026-06-10T04:46:35+09:00
284620,,,,KRW,,,NO_DART_API_KEY,,,,,,2026_11013,2026-06-10T04:46:35+09:00
284740,,,,KRW,,,NO_DART_API_KEY,,,,,,2026_11013,2026-06-10T04:46:35+09:00
285130,,,,KRW,,,NO_DART_API_KEY,,,,,,2026_11013,2026-06-10T04:46:35+09:00
285490,,,,KRW,,,NO_DART_API_KEY,,,,,,2026_11013,2026-06-10T04:46:35+09:00
285800,,,,KRW,,,NO_DART_API_KEY,,,,,,2026_11013,2026-06-10T04:46:35+09:00
286750,,,,KRW,,,NO_DART_API_KEY,,,,,,2026_11013,2026-06-10T04:46:35+09:00
286940,,,,KRW,,,NO_DART_API_KEY,,,,,,2026_11013,2026-06-10T04:46:35+09:00
287840,,,,KRW,,,NO_DART_API_KEY,,,,,,2026_11013,2026-06-10T04:46:35+09:00
288180,,,,KRW,,,NO_DART_API_KEY,,,,,,2026_11013,2026-06-10T04:46:35+09:00
288330,,,,KRW,,,NO_DART_API_KEY,,,,,,2026_11013,2026-06-10T04:46:35+09:00
288620,,,,KRW,,,NO_DART_API_KEY,,,,,,2026_11013,2026-06-10T04:46:35+09:00
288980,,,,KRW,,,NO_DART_API_KEY,,,,,,2026_11013,2026-06-10T04:46:35+09:00
289010,,,,KRW,,,NO_DART_API_KEY,,,,,,2026_11013,2026-06-10T04:46:35+09:00
289080,,,,KRW,,,NO_DART_API_KEY,,,,,,2026_11013,2026-06-10T04:46:35+09:00
289220,,,,KRW,,,NO_DART_API_KEY,,,,,,2026_11013,2026-06-10T04:46:35+09:00
289930,,,,KRW,,,NO_DART_API_KEY,,,,,,2026_11013,2026-06-10T04:46:35+09:00
290090,,,,KRW,,,NO_DART_API_KEY,,,,,,2026_11013,2026-06-10T04:46:35+09:00
290120,,,,KRW,,,NO_DART_API_KEY,,,,,,2026_11013,2026-06-10T04:46:35+09:00
290270,,,,KRW,,,NO_DART_API_KEY,,,,,,2026_11013,2026-06-10T04:46:35+09:00
290520,,,,KRW,,,NO_DART_API_KEY,,,,,,2026_11013,2026-06-10T04:46:35+09:00
290550,,,,KRW,,,NO_DART_API_KEY,,,,,,2026_11013,2026-06-10T04:46:35+09:00
290560,,,,KRW,,,NO_DART_API_KEY,,,,,,2026_11013,2026-06-10T04:46:35+09:00
290650,,,,KRW,,,NO_DART_API_KEY,,,,,,2026_11013,2026-06-10T04:46:35+09:00
290660,,,,KRW,,,NO_DART_API_KEY,,,,,,2026_11013,2026-06-10T04:46:35+09:00
290670,,,,KRW,,,NO_DART_API_KEY,,,,,,2026_11013,2026-06-10T04:46:35+09:00
290690,,,,KRW,,,NO_DART_API_KEY,,,,,,2026_11013,2026-06-10T04:46:35+09:00
290720,,,,KRW,,,NO_DART_API_KEY,,,,,,2026_11013,2026-06-10T04:46:35+09:00
290740,,,,KRW,,,NO_DART_API_KEY,,,,,,2026_11013,2026-06-10T04:46:35+09:00
291230,,,,KRW,,,NO_DART_API_KEY,,,,,,2026_11013,2026-06-10T04:46:35+09:00
291650,,,,KRW,,,NO_DART_API_KEY,,,,,,2026_11013,2026-06-10T04:46:35+09:00
291810,,,,KRW,,,NO_DART_API_KEY,,,,,,2026_11013,2026-06-10T04:46:35+09:00
293480,,,,KRW,,,NO_DART_API_KEY,,,,,,2026_11013,2026-06-10T04:46:35+09:00
293490,,,,KRW,,,NO_DART_API_KEY,,,,,,2026_11013,2026-06-10T04:46:35+09:00
293580,,,,KRW,,,NO_DART_API_KEY,,,,,,2026_11013,2026-06-10T04:46:35+09:00
293780,,,,KRW,,,NO_DART_API_KEY,,,,,,2026_11013,2026-06-10T04:46:35+09:00
293940,,,,KRW,,,NO_DART_API_KEY,,,,,,2026_11013,2026-06-10T04:46:35+09:00
294090,,,,KRW,,,NO_DART_API_KEY,,,,,,2026_11013,2026-06-10T04:46:35+09:00
294140,,,,KRW,,,NO_DART_API_KEY,,,,,,2026_11013,2026-06-10T04:46:35+09:00
294570,,,,KRW,,,NO_DART_API_KEY,,,,,,2026_11013,2026-06-10T04:46:35+09:00
294630,,,,KRW,,,NO_DART_API_KEY,,,,,,2026_11013,2026-06-10T04:46:35+09:00
294870,,,,KRW,,,NO_DART_API_KEY,,,,,,2026_11013,2026-06-10T04:46:35+09:00
295310,,,,KRW,,,NO_DART_API_KEY,,,,,,2026_11013,2026-06-10T04:46:35+09:00
296640,,,,KRW,,,NO_DART_API_KEY,,,,,,2026_11013,2026-06-10T04:46:35+09:00
297090,,,,KRW,,,NO_DART_API_KEY,,,,,,2026_11013,2026-06-10T04:46:35+09:00
297570,,,,KRW,,,NO_DART_API_KEY,,,,,,2026_11013,2026-06-10T04:46:35+09:00
297890,,,,KRW,,,NO_DART_API_KEY,,,,,,2026_11013,2026-06-10T04:46:35+09:00
298000,,,,KRW,,,NO_DART_API_KEY,,,,,,2026_11013,2026-06-10T04:46:35+09:00
298020,,,,KRW,,,NO_DART_API_KEY,,,,,,2026_11013,2026-06-10T04:46:35+09:00
298040,,,,KRW,,,NO_DART_API_KEY,,,,,,2026_11013,2026-06-10T04:46:35+09:00
298050,,,,KRW,,,NO_DART_API_KEY,,,,,,2026_11013,2026-06-10T04:46:35+09:00
298060,,,,KRW,,,NO_DART_API_KEY,,,,,,2026_11013,2026-06-10T04:46:35+09:00
298380,,,,KRW,,,NO_DART_API_KEY,,,,,,2026_11013,2026-06-10T04:46:35+09:00
298540,,,,KRW,,,NO_DART_API_KEY,,,,,,2026_11013,2026-06-10T04:46:35+09:00
298690,,,,KRW,,,NO_DART_API_KEY,,,,,,2026_11013,2026-06-10T04:46:35+09:00
298830,,,,KRW,,,NO_DART_API_KEY,,,,,,2026_11013,2026-06-10T04:46:35+09:00
299030,,,,KRW,,,NO_DART_API_KEY,,,,,,2026_11013,2026-06-10T04:46:35+09:00
299170,,,,KRW,,,NO_DART_API_KEY,,,,,,2026_11013,2026-06-10T04:46:35+09:00
299660,,,,KRW,,,NO_DART_API_KEY,,,,,,2026_11013,2026-06-10T04:46:35+09:00
299900,,,,KRW,,,NO_DART_API_KEY,,,,,,2026_11013,2026-06-10T04:46:35+09:00
300080,,,,KRW,,,NO_DART_API_KEY,,,,,,2026_11013,2026-06-10T04:46:35+09:00
300120,,,,KRW,,,NO_DART_API_KEY,,,,,,2026_11013,2026-06-10T04:46:35+09:00
300720,,,,KRW,,,NO_DART_API_KEY,,,,,,2026_11013,2026-06-10T04:46:35+09:00
301300,,,,KRW,,,NO_DART_API_KEY,,,,,,2026_11013,2026-06-10T04:46:35+09:00
302430,,,,KRW,,,NO_DART_API_KEY,,,,,,2026_11013,2026-06-10T04:46:35+09:00
302440,,,,KRW,,,NO_DART_API_KEY,,,,,,2026_11013,2026-06-10T04:46:35+09:00
302550,,,,KRW,,,NO_DART_API_KEY,,,,,,2026_11013,2026-06-10T04:46:35+09:00
303030,,,,KRW,,,NO_DART_API_KEY,,,,,,2026_11013,2026-06-10T04:46:35+09:00
303360,,,,KRW,,,NO_DART_API_KEY,,,,,,2026_11013,2026-06-10T04:46:35+09:00
303530,,,,KRW,,,NO_DART_API_KEY,,,,,,2026_11013,2026-06-10T04:46:35+09:00
303810,,,,KRW,,,NO_DART_API_KEY,,,,,,2026_11013,2026-06-10T04:46:35+09:00
304100,,,,KRW,,,NO_DART_API_KEY,,,,,,2026_11013,2026-06-10T04:46:35+09:00
304360,,,,KRW,,,NO_DART_API_KEY,,,,,,2026_11013,2026-06-10T04:46:35+09:00
304840,,,,KRW,,,NO_DART_API_KEY,,,,,,2026_11013,2026-06-10T04:46:35+09:00
305090,,,,KRW,,,NO_DART_API_KEY,,,,,,2026_11013,2026-06-10T04:46:35+09:00
306040,,,,KRW,,,NO_DART_API_KEY,,,,,,2026_11013,2026-06-10T04:46:35+09:00
306200,,,,KRW,,,NO_DART_API_KEY,,,,,,2026_11013,2026-06-10T04:46:35+09:00
306620,,,,KRW,,,NO_DART_API_KEY,,,,,,2026_11013,2026-06-10T04:46:35+09:00
307180,,,,KRW,,,NO_DART_API_KEY,,,,,,2026_11013,2026-06-10T04:46:35+09:00
307280,,,,KRW,,,NO_DART_API_KEY,,,,,,2026_11013,2026-06-10T04:46:35+09:00
307750,,,,KRW,,,NO_DART_API_KEY,,,,,,2026_11013,2026-06-10T04:46:35+09:00
307870,,,,KRW,,,NO_DART_API_KEY,,,,,,2026_11013,2026-06-10T04:46:35+09:00
307930,,,,KRW,,,NO_DART_API_KEY,,,,,,2026_11013,2026-06-10T04:46:35+09:00
307950,,,,KRW,,,NO_DART_API_KEY,,,,,,2026_11013,2026-06-10T04:46:35+09:00
308080,,,,KRW,,,NO_DART_API_KEY,,,,,,2026_11013,2026-06-10T04:46:35+09:00
308100,,,,KRW,,,NO_DART_API_KEY,,,,,,2026_11013,2026-06-10T04:46:35+09:00
308170,,,,KRW,,,NO_DART_API_KEY,,,,,,2026_11013,2026-06-10T04:46:35+09:00
308430,,,,KRW,,,NO_DART_API_KEY,,,,,,2026_11013,2026-06-10T04:46:35+09:00
309710,,,,KRW,,,NO_DART_API_KEY,,,,,,2026_11013,2026-06-10T04:46:35+09:00
309930,,,,KRW,,,NO_DART_API_KEY,,,,,,2026_11013,2026-06-10T04:46:35+09:00
309960,,,,KRW,,,NO_DART_API_KEY,,,,,,2026_11013,2026-06-10T04:46:35+09:00
310200,,,,KRW,,,NO_DART_API_KEY,,,,,,2026_11013,2026-06-10T04:46:35+09:00
310210,,,,KRW,,,NO_DART_API_KEY,,,,,,2026_11013,2026-06-10T04:46:35+09:00
310870,,,,KRW,,,NO_DART_API_KEY,,,,,,2026_11013,2026-06-10T04:46:35+09:00
311320,,,,KRW,,,NO_DART_API_KEY,,,,,,2026_11013,2026-06-10T04:46:35+09:00
311390,,,,KRW,,,NO_DART_API_KEY,,,,,,2026_11013,2026-06-10T04:46:35+09:00
311690,,,,KRW,,,NO_DART_API_KEY,,,,,,2026_11013,2026-06-10T04:46:35+09:00
312610,,,,KRW,,,NO_DART_API_KEY,,,,,,2026_11013,2026-06-10T04:46:35+09:00
313760,,,,KRW,,,NO_DART_API_KEY,,,,,,2026_11013,2026-06-10T04:46:35+09:00
314130,,,,KRW,,,NO_DART_API_KEY,,,,,,2026_11013,2026-06-10T04:46:35+09:00
314140,,,,KRW,,,NO_DART_API_KEY,,,,,,2026_11013,2026-06-10T04:46:35+09:00
314930,,,,KRW,,,NO_DART_API_KEY,,,,,,2026_11013,2026-06-10T04:46:35+09:00
315640,,,,KRW,,,NO_DART_API_KEY,,,,,,2026_11013,2026-06-10T04:46:35+09:00
316140,,,,KRW,,,NO_DART_API_KEY,,,,,,2026_11013,2026-06-10T04:46:35+09:00
317120,,,,KRW,,,NO_DART_API_KEY,,,,,,2026_11013,2026-06-10T04:46:35+09:00
317240,,,,KRW,,,NO_DART_API_KEY,,,,,,2026_11013,2026-06-10T04:46:35+09:00
317330,,,,KRW,,,NO_DART_API_KEY,,,,,,2026_11013,2026-06-10T04:46:35+09:00
317400,,,,KRW,,,NO_DART_API_KEY,,,,,,2026_11013,2026-06-10T04:46:35+09:00
317450,,,,KRW,,,NO_DART_API_KEY,,,,,,2026_11013,2026-06-10T04:46:35+09:00
317530,,,,KRW,,,NO_DART_API_KEY,,,,,,2026_11013,2026-06-10T04:46:35+09:00
317690,,,,KRW,,,NO_DART_API_KEY,,,,,,2026_11013,2026-06-10T04:46:35+09:00
317770,,,,KRW,,,NO_DART_API_KEY,,,,,,2026_11013,2026-06-10T04:46:35+09:00
317830,,,,KRW,,,NO_DART_API_KEY,,,,,,2026_11013,2026-06-10T04:46:35+09:00
317850,,,,KRW,,,NO_DART_API_KEY,,,,,,2026_11013,2026-06-10T04:46:35+09:00
317870,,,,KRW,,,NO_DART_API_KEY,,,,,,2026_11013,2026-06-10T04:46:35+09:00
318000,,,,KRW,,,NO_DART_API_KEY,,,,,,2026_11013,2026-06-10T04:46:35+09:00
318010,,,,KRW,,,NO_DART_API_KEY,,,,,,2026_11013,2026-06-10T04:46:35+09:00
318020,,,,KRW,,,NO_DART_API_KEY,,,,,,2026_11013,2026-06-10T04:46:35+09:00
318060,,,,KRW,,,NO_DART_API_KEY,,,,,,2026_11013,2026-06-10T04:46:35+09:00
318160,,,,KRW,,,NO_DART_API_KEY,,,,,,2026_11013,2026-06-10T04:46:35+09:00
318410,,,,KRW,,,NO_DART_API_KEY,,,,,,2026_11013,2026-06-10T04:46:35+09:00
319400,,,,KRW,,,NO_DART_API_KEY,,,,,,2026_11013,2026-06-10T04:46:35+09:00
319660,,,,KRW,,,NO_DART_API_KEY,,,,,,2026_11013,2026-06-10T04:46:35+09:00
320000,,,,KRW,,,NO_DART_API_KEY,,,,,,2026_11013,2026-06-10T04:46:35+09:00
321260,,,,KRW,,,NO_DART_API_KEY,,,,,,2026_11013,2026-06-10T04:46:35+09:00
321370,,,,KRW,,,NO_DART_API_KEY,,,,,,2026_11013,2026-06-10T04:46:35+09:00
321550,,,,KRW,,,NO_DART_API_KEY,,,,,,2026_11013,2026-06-10T04:46:35+09:00
321820,,,,KRW,,,NO_DART_API_KEY,,,,,,2026_11013,2026-06-10T04:46:35+09:00
322000,,,,KRW,,,NO_DART_API_KEY,,,,,,2026_11013,2026-06-10T04:46:35+09:00
322180,,,,KRW,,,NO_DART_API_KEY,,,,,,2026_11013,2026-06-10T04:46:35+09:00
322310,,,,KRW,,,NO_DART_API_KEY,,,,,,2026_11013,2026-06-10T04:46:35+09:00
322510,,,,KRW,,,NO_DART_API_KEY,,,,,,2026_11013,2026-06-10T04:46:35+09:00
322780,,,,KRW,,,NO_DART_API_KEY,,,,,,2026_11013,2026-06-10T04:46:35+09:00
323280,,,,KRW,,,NO_DART_API_KEY,,,,,,2026_11013,2026-06-10T04:46:35+09:00
323350,,,,KRW,,,NO_DART_API_KEY,,,,,,2026_11013,2026-06-10T04:46:35+09:00
323410,,,,KRW,,,NO_DART_API_KEY,,,,,,2026_11013,2026-06-10T04:46:35+09:00
323990,,,,KRW,,,NO_DART_API_KEY,,,,,,2026_11013,2026-06-10T04:46:35+09:00
326030,,,,KRW,,,NO_DART_API_KEY,,,,,,2026_11013,2026-06-10T04:46:35+09:00
327260,,,,KRW,,,NO_DART_API_KEY,,,,,,2026_11013,2026-06-10T04:46:35+09:00
328130,,,,KRW,,,NO_DART_API_KEY,,,,,,2026_11013,2026-06-10T04:46:35+09:00
328380,,,,KRW,,,NO_DART_API_KEY,,,,,,2026_11013,2026-06-10T04:46:35+09:00
329180,,,,KRW,,,NO_DART_API_KEY,,,,,,2026_11013,2026-06-10T04:46:35+09:00
330350,,,,KRW,,,NO_DART_API_KEY,,,,,,2026_11013,2026-06-10T04:46:35+09:00
330590,,,,KRW,,,NO_DART_API_KEY,,,,,,2026_11013,2026-06-10T04:46:35+09:00
330730,,,,KRW,,,NO_DART_API_KEY,,,,,,2026_11013,2026-06-10T04:46:35+09:00
330860,,,,KRW,,,NO_DART_API_KEY,,,,,,2026_11013,2026-06-10T04:46:35+09:00
331380,,,,KRW,,,NO_DART_API_KEY,,,,,,2026_11013,2026-06-10T04:46:35+09:00
331520,,,,KRW,,,NO_DART_API_KEY,,,,,,2026_11013,2026-06-10T04:46:35+09:00
331740,,,,KRW,,,NO_DART_API_KEY,,,,,,2026_11013,2026-06-10T04:46:35+09:00
331920,,,,KRW,,,NO_DART_API_KEY,,,,,,2026_11013,2026-06-10T04:46:35+09:00
332290,,,,KRW,,,NO_DART_API_KEY,,,,,,2026_11013,2026-06-10T04:46:35+09:00
332370,,,,KRW,,,NO_DART_API_KEY,,,,,,2026_11013,2026-06-10T04:46:35+09:00
332570,,,,KRW,,,NO_DART_API_KEY,,,,,,2026_11013,2026-06-10T04:46:35+09:00
333050,,,,KRW,,,NO_DART_API_KEY,,,,,,2026_11013,2026-06-10T04:46:35+09:00
333430,,,,KRW,,,NO_DART_API_KEY,,,,,,2026_11013,2026-06-10T04:46:35+09:00
333620,,,,KRW,,,NO_DART_API_KEY,,,,,,2026_11013,2026-06-10T04:46:35+09:00
334890,,,,KRW,,,NO_DART_API_KEY,,,,,,2026_11013,2026-06-10T04:46:35+09:00
334970,,,,KRW,,,NO_DART_API_KEY,,,,,,2026_11013,2026-06-10T04:46:35+09:00
335810,,,,KRW,,,NO_DART_API_KEY,,,,,,2026_11013,2026-06-10T04:46:35+09:00
335870,,,,KRW,,,NO_DART_API_KEY,,,,,,2026_11013,2026-06-10T04:46:35+09:00
336060,,,,KRW,,,NO_DART_API_KEY,,,,,,2026_11013,2026-06-10T04:46:35+09:00
336260,,,,KRW,,,NO_DART_API_KEY,,,,,,2026_11013,2026-06-10T04:46:35+09:00
336370,,,,KRW,,,NO_DART_API_KEY,,,,,,2026_11013,2026-06-10T04:46:35+09:00
336570,,,,KRW,,,NO_DART_API_KEY,,,,,,2026_11013,2026-06-10T04:46:35+09:00
336680,,,,KRW,,,NO_DART_API_KEY,,,,,,2026_11013,2026-06-10T04:46:35+09:00
337930,,,,KRW,,,NO_DART_API_KEY,,,,,,2026_11013,2026-06-10T04:46:35+09:00
338100,,,,KRW,,,NO_DART_API_KEY,,,,,,2026_11013,2026-06-10T04:46:35+09:00
338220,,,,KRW,,,NO_DART_API_KEY,,,,,,2026_11013,2026-06-10T04:46:35+09:00
338840,,,,KRW,,,NO_DART_API_KEY,,,,,,2026_11013,2026-06-10T04:46:35+09:00
339770,,,,KRW,,,NO_DART_API_KEY,,,,,,2026_11013,2026-06-10T04:46:35+09:00
339950,,,,KRW,,,NO_DART_API_KEY,,,,,,2026_11013,2026-06-10T04:46:35+09:00
340360,,,,KRW,,,NO_DART_API_KEY,,,,,,2026_11013,2026-06-10T04:46:35+09:00
340440,,,,KRW,,,NO_DART_API_KEY,,,,,,2026_11013,2026-06-10T04:46:35+09:00
340450,,,,KRW,,,NO_DART_API_KEY,,,,,,2026_11013,2026-06-10T04:46:35+09:00
340570,,,,KRW,,,NO_DART_API_KEY,,,,,,2026_11013,2026-06-10T04:46:35+09:00
340810,,,,KRW,,,NO_DART_API_KEY,,,,,,2026_11013,2026-06-10T04:46:35+09:00
340930,,,,KRW,,,NO_DART_API_KEY,,,,,,2026_11013,2026-06-10T04:46:35+09:00
342870,,,,KRW,,,NO_DART_API_KEY,,,,,,2026_11013,2026-06-10T04:46:35+09:00
344820,,,,KRW,,,NO_DART_API_KEY,,,,,,2026_11013,2026-06-10T04:46:35+09:00
344860,,,,KRW,,,NO_DART_API_KEY,,,,,,2026_11013,2026-06-10T04:46:35+09:00
347000,,,,KRW,,,NO_DART_API_KEY,,,,,,2026_11013,2026-06-10T04:46:35+09:00
347700,,,,KRW,,,NO_DART_API_KEY,,,,,,2026_11013,2026-06-10T04:46:35+09:00
347740,,,,KRW,,,NO_DART_API_KEY,,,,,,2026_11013,2026-06-10T04:46:35+09:00
347770,,,,KRW,,,NO_DART_API_KEY,,,,,,2026_11013,2026-06-10T04:46:35+09:00
347850,,,,KRW,,,NO_DART_API_KEY,,,,,,2026_11013,2026-06-10T04:46:35+09:00
347860,,,,KRW,,,NO_DART_API_KEY,,,,,,2026_11013,2026-06-10T04:46:35+09:00
347890,,,,KRW,,,NO_DART_API_KEY,,,,,,2026_11013,2026-06-10T04:46:35+09:00
348030,,,,KRW,,,NO_DART_API_KEY,,,,,,2026_11013,2026-06-10T04:46:35+09:00
348080,,,,KRW,,,NO_DART_API_KEY,,,,,,2026_11013,2026-06-10T04:46:35+09:00
348150,,,,KRW,,,NO_DART_API_KEY,,,,,,2026_11013,2026-06-10T04:46:35+09:00
348210,,,,KRW,,,NO_DART_API_KEY,,,,,,2026_11013,2026-06-10T04:46:35+09:00
348340,,,,KRW,,,NO_DART_API_KEY,,,,,,2026_11013,2026-06-10T04:46:35+09:00
348350,,,,KRW,,,NO_DART_API_KEY,,,,,,2026_11013,2026-06-10T04:46:35+09:00
348370,,,,KRW,,,NO_DART_API_KEY,,,,,,2026_11013,2026-06-10T04:46:35+09:00
348950,,,,KRW,,,NO_DART_API_KEY,,,,,,2026_11013,2026-06-10T04:46:35+09:00
350520,,,,KRW,,,NO_DART_API_KEY,,,,,,2026_11013,2026-06-10T04:46:35+09:00
351320,,,,KRW,,,NO_DART_API_KEY,,,,,,2026_11013,2026-06-10T04:46:35+09:00
351330,,,,KRW,,,NO_DART_API_KEY,,,,,,2026_11013,2026-06-10T04:46:35+09:00
351870,,,,KRW,,,NO_DART_API_KEY,,,,,,2026_11013,2026-06-10T04:46:35+09:00
352090,,,,KRW,,,NO_DART_API_KEY,,,,,,2026_11013,2026-06-10T04:46:35+09:00
352480,,,,KRW,,,NO_DART_API_KEY,,,,,,2026_11013,2026-06-10T04:46:35+09:00
352700,,,,KRW,,,NO_DART_API_KEY,,,,,,2026_11013,2026-06-10T04:46:35+09:00
352770,,,,KRW,,,NO_DART_API_KEY,,,,,,2026_11013,2026-06-10T04:46:35+09:00
352820,,,,KRW,,,NO_DART_API_KEY,,,,,,2026_11013,2026-06-10T04:46:35+09:00
352910,,,,KRW,,,NO_DART_API_KEY,,,,,,2026_11013,2026-06-10T04:46:35+09:00
352940,,,,KRW,,,NO_DART_API_KEY,,,,,,2026_11013,2026-06-10T04:46:35+09:00
353190,,,,KRW,,,NO_DART_API_KEY,,,,,,2026_11013,2026-06-10T04:46:35+09:00
353200,,,,KRW,,,NO_DART_API_KEY,,,,,,2026_11013,2026-06-10T04:46:35+09:00
353590,,,,KRW,,,NO_DART_API_KEY,,,,,,2026_11013,2026-06-10T04:46:35+09:00
353810,,,,KRW,,,NO_DART_API_KEY,,,,,,2026_11013,2026-06-10T04:46:35+09:00
354200,,,,KRW,,,NO_DART_API_KEY,,,,,,2026_11013,2026-06-10T04:46:35+09:00
354320,,,,KRW,,,NO_DART_API_KEY,,,,,,2026_11013,2026-06-10T04:46:35+09:00
355150,,,,KRW,,,NO_DART_API_KEY,,,,,,2026_11013,2026-06-10T04:46:35+09:00
355390,,,,KRW,,,NO_DART_API_KEY,,,,,,2026_11013,2026-06-10T04:46:35+09:00
355690,,,,KRW,,,NO_DART_API_KEY,,,,,,2026_11013,2026-06-10T04:46:35+09:00
356680,,,,KRW,,,NO_DART_API_KEY,,,,,,2026_11013,2026-06-10T04:46:35+09:00
356860,,,,KRW,,,NO_DART_API_KEY,,,,,,2026_11013,2026-06-10T04:46:35+09:00
356890,,,,KRW,,,NO_DART_API_KEY,,,,,,2026_11013,2026-06-10T04:46:35+09:00
357120,,,,KRW,,,NO_DART_API_KEY,,,,,,2026_11013,2026-06-10T04:46:35+09:00
357230,,,,KRW,,,NO_DART_API_KEY,,,,,,2026_11013,2026-06-10T04:46:35+09:00
357250,,,,KRW,,,NO_DART_API_KEY,,,,,,2026_11013,2026-06-10T04:46:35+09:00
357430,,,,KRW,,,NO_DART_API_KEY,,,,,,2026_11013,2026-06-10T04:46:35+09:00
357550,,,,KRW,,,NO_DART_API_KEY,,,,,,2026_11013,2026-06-10T04:46:35+09:00
357580,,,,KRW,,,NO_DART_API_KEY,,,,,,2026_11013,2026-06-10T04:46:35+09:00
357780,,,,KRW,,,NO_DART_API_KEY,,,,,,2026_11013,2026-06-10T04:46:35+09:00
357880,,,,KRW,,,NO_DART_API_KEY,,,,,,2026_11013,2026-06-10T04:46:35+09:00
358570,,,,KRW,,,NO_DART_API_KEY,,,,,,2026_11013,2026-06-10T04:46:35+09:00
359090,,,,KRW,,,NO_DART_API_KEY,,,,,,2026_11013,2026-06-10T04:46:35+09:00
360070,,,,KRW,,,NO_DART_API_KEY,,,,,,2026_11013,2026-06-10T04:46:35+09:00
360350,,,,KRW,,,NO_DART_API_KEY,,,,,,2026_11013,2026-06-10T04:46:35+09:00
361390,,,,KRW,,,NO_DART_API_KEY,,,,,,2026_11013,2026-06-10T04:46:35+09:00
361570,,,,KRW,,,NO_DART_API_KEY,,,,,,2026_11013,2026-06-10T04:46:35+09:00
361610,,,,KRW,,,NO_DART_API_KEY,,,,,,2026_11013,2026-06-10T04:46:35+09:00
361670,,,,KRW,,,NO_DART_API_KEY,,,,,,2026_11013,2026-06-10T04:46:35+09:00
362320,,,,KRW,,,NO_DART_API_KEY,,,,,,2026_11013,2026-06-10T04:46:35+09:00
362990,,,,KRW,,,NO_DART_API_KEY,,,,,,2026_11013,2026-06-10T04:46:35+09:00
363250,,,,KRW,,,NO_DART_API_KEY,,,,,,2026_11013,2026-06-10T04:46:35+09:00
363260,,,,KRW,,,NO_DART_API_KEY,,,,,,2026_11013,2026-06-10T04:46:35+09:00
363280,,,,KRW,,,NO_DART_API_KEY,,,,,,2026_11013,2026-06-10T04:46:35+09:00
364950,,,,KRW,,,NO_DART_API_KEY,,,,,,2026_11013,2026-06-10T04:46:35+09:00
365270,,,,KRW,,,NO_DART_API_KEY,,,,,,2026_11013,2026-06-10T04:46:35+09:00
365330,,,,KRW,,,NO_DART_API_KEY,,,,,,2026_11013,2026-06-10T04:46:35+09:00
365340,,,,KRW,,,NO_DART_API_KEY,,,,,,2026_11013,2026-06-10T04:46:35+09:00
365550,,,,KRW,,,NO_DART_API_KEY,,,,,,2026_11013,2026-06-10T04:46:35+09:00
365590,,,,KRW,,,NO_DART_API_KEY,,,,,,2026_11013,2026-06-10T04:46:35+09:00
365900,,,,KRW,,,NO_DART_API_KEY,,,,,,2026_11013,2026-06-10T04:46:35+09:00
366030,,,,KRW,,,NO_DART_API_KEY,,,,,,2026_11013,2026-06-10T04:46:35+09:00
367000,,,,KRW,,,NO_DART_API_KEY,,,,,,2026_11013,2026-06-10T04:46:35+09:00
368600,,,,KRW,,,NO_DART_API_KEY,,,,,,2026_11013,2026-06-10T04:46:35+09:00
368770,,,,KRW,,,NO_DART_API_KEY,,,,,,2026_11013,2026-06-10T04:46:35+09:00
368970,,,,KRW,,,NO_DART_API_KEY,,,,,,2026_11013,2026-06-10T04:46:35+09:00
369370,,,,KRW,,,NO_DART_API_KEY,,,,,,2026_11013,2026-06-10T04:46:35+09:00
370090,,,,KRW,,,NO_DART_API_KEY,,,,,,2026_11013,2026-06-10T04:46:35+09:00
371950,,,,KRW,,,NO_DART_API_KEY,,,,,,2026_11013,2026-06-10T04:46:35+09:00
372170,,,,KRW,,,NO_DART_API_KEY,,,,,,2026_11013,2026-06-10T04:46:35+09:00
372320,,,,KRW,,,NO_DART_API_KEY,,,,,,2026_11013,2026-06-10T04:46:35+09:00
372800,,,,KRW,,,NO_DART_API_KEY,,,,,,2026_11013,2026-06-10T04:46:35+09:00
372910,,,,KRW,,,NO_DART_API_KEY,,,,,,2026_11013,2026-06-10T04:46:35+09:00
373110,,,,KRW,,,NO_DART_API_KEY,,,,,,2026_11013,2026-06-10T04:46:35+09:00
373160,,,,KRW,,,NO_DART_API_KEY,,,,,,2026_11013,2026-06-10T04:46:35+09:00
373170,,,,KRW,,,NO_DART_API_KEY,,,,,,2026_11013,2026-06-10T04:46:35+09:00
373200,,,,KRW,,,NO_DART_API_KEY,,,,,,2026_11013,2026-06-10T04:46:35+09:00
373220,,,,KRW,,,NO_DART_API_KEY,,,,,,2026_11013,2026-06-10T04:46:35+09:00
375500,,,,KRW,,,NO_DART_API_KEY,,,,,,2026_11013,2026-06-10T04:46:35+09:00
376180,,,,KRW,,,NO_DART_API_KEY,,,,,,2026_11013,2026-06-10T04:46:35+09:00
376270,,,,KRW,,,NO_DART_API_KEY,,,,,,2026_11013,2026-06-10T04:46:35+09:00
376290,,,,KRW,,,NO_DART_API_KEY,,,,,,2026_11013,2026-06-10T04:46:35+09:00
376300,,,,KRW,,,NO_DART_API_KEY,,,,,,2026_11013,2026-06-10T04:46:35+09:00
376900,,,,KRW,,,NO_DART_API_KEY,,,,,,2026_11013,2026-06-10T04:46:35+09:00
376930,,,,KRW,,,NO_DART_API_KEY,,,,,,2026_11013,2026-06-10T04:46:35+09:00
376980,,,,KRW,,,NO_DART_API_KEY,,,,,,2026_11013,2026-06-10T04:46:35+09:00
377030,,,,KRW,,,NO_DART_API_KEY,,,,,,2026_11013,2026-06-10T04:46:35+09:00
377190,,,,KRW,,,NO_DART_API_KEY,,,,,,2026_11013,2026-06-10T04:46:35+09:00
377220,,,,KRW,,,NO_DART_API_KEY,,,,,,2026_11013,2026-06-10T04:46:35+09:00
377300,,,,KRW,,,NO_DART_API_KEY,,,,,,2026_11013,2026-06-10T04:46:35+09:00
377330,,,,KRW,,,NO_DART_API_KEY,,,,,,2026_11013,2026-06-10T04:46:35+09:00
377450,,,,KRW,,,NO_DART_API_KEY,,,,,,2026_11013,2026-06-10T04:46:35+09:00
377460,,,,KRW,,,NO_DART_API_KEY,,,,,,2026_11013,2026-06-10T04:46:35+09:00
377480,,,,KRW,,,NO_DART_API_KEY,,,,,,2026_11013,2026-06-10T04:46:35+09:00
377740,,,,KRW,,,NO_DART_API_KEY,,,,,,2026_11013,2026-06-10T04:46:35+09:00
378340,,,,KRW,,,NO_DART_API_KEY,,,,,,2026_11013,2026-06-10T04:46:35+09:00
378800,,,,KRW,,,NO_DART_API_KEY,,,,,,2026_11013,2026-06-10T04:46:35+09:00
378850,,,,KRW,,,NO_DART_API_KEY,,,,,,2026_11013,2026-06-10T04:46:35+09:00
380540,,,,KRW,,,NO_DART_API_KEY,,,,,,2026_11013,2026-06-10T04:46:35+09:00
380550,,,,KRW,,,NO_DART_API_KEY,,,,,,2026_11013,2026-06-10T04:46:35+09:00
381620,,,,KRW,,,NO_DART_API_KEY,,,,,,2026_11013,2026-06-10T04:46:35+09:00
381970,,,,KRW,,,NO_DART_API_KEY,,,,,,2026_11013,2026-06-10T04:46:35+09:00
382150,,,,KRW,,,NO_DART_API_KEY,,,,,,2026_11013,2026-06-10T04:46:35+09:00
382480,,,,KRW,,,NO_DART_API_KEY,,,,,,2026_11013,2026-06-10T04:46:35+09:00
382800,,,,KRW,,,NO_DART_API_KEY,,,,,,2026_11013,2026-06-10T04:46:35+09:00
382840,,,,KRW,,,NO_DART_API_KEY,,,,,,2026_11013,2026-06-10T04:46:35+09:00
382900,,,,KRW,,,NO_DART_API_KEY,,,,,,2026_11013,2026-06-10T04:46:35+09:00
383220,,,,KRW,,,NO_DART_API_KEY,,,,,,2026_11013,2026-06-10T04:46:35+09:00
383310,,,,KRW,,,NO_DART_API_KEY,,,,,,2026_11013,2026-06-10T04:46:35+09:00
383800,,,,KRW,,,NO_DART_API_KEY,,,,,,2026_11013,2026-06-10T04:46:35+09:00
383930,,,,KRW,,,NO_DART_API_KEY,,,,,,2026_11013,2026-06-10T04:46:35+09:00
384470,,,,KRW,,,NO_DART_API_KEY,,,,,,2026_11013,2026-06-10T04:46:35+09:00
387570,,,,KRW,,,NO_DART_API_KEY,,,,,,2026_11013,2026-06-10T04:46:35+09:00
388050,,,,KRW,,,NO_DART_API_KEY,,,,,,2026_11013,2026-06-10T04:46:35+09:00
388210,,,,KRW,,,NO_DART_API_KEY,,,,,,2026_11013,2026-06-10T04:46:35+09:00
388610,,,,KRW,,,NO_DART_API_KEY,,,,,,2026_11013,2026-06-10T04:46:35+09:00
388720,,,,KRW,,,NO_DART_API_KEY,,,,,,2026_11013,2026-06-10T04:46:35+09:00
388790,,,,KRW,,,NO_DART_API_KEY,,,,,,2026_11013,2026-06-10T04:46:35+09:00
388870,,,,KRW,,,NO_DART_API_KEY,,,,,,2026_11013,2026-06-10T04:46:35+09:00
389020,,,,KRW,,,NO_DART_API_KEY,,,,,,2026_11013,2026-06-10T04:46:35+09:00
389030,,,,KRW,,,NO_DART_API_KEY,,,,,,2026_11013,2026-06-10T04:46:35+09:00
389140,,,,KRW,,,NO_DART_API_KEY,,,,,,2026_11013,2026-06-10T04:46:35+09:00
389260,,,,KRW,,,NO_DART_API_KEY,,,,,,2026_11013,2026-06-10T04:46:35+09:00
389470,,,,KRW,,,NO_DART_API_KEY,,,,,,2026_11013,2026-06-10T04:46:35+09:00
389500,,,,KRW,,,NO_DART_API_KEY,,,,,,2026_11013,2026-06-10T04:46:35+09:00
389650,,,,KRW,,,NO_DART_API_KEY,,,,,,2026_11013,2026-06-10T04:46:35+09:00
389680,,,,KRW,,,NO_DART_API_KEY,,,,,,2026_11013,2026-06-10T04:46:35+09:00
391710,,,,KRW,,,NO_DART_API_KEY,,,,,,2026_11013,2026-06-10T04:46:35+09:00
393210,,,,KRW,,,NO_DART_API_KEY,,,,,,2026_11013,2026-06-10T04:46:35+09:00
393890,,,,KRW,,,NO_DART_API_KEY,,,,,,2026_11013,2026-06-10T04:46:35+09:00
393970,,,,KRW,,,NO_DART_API_KEY,,,,,,2026_11013,2026-06-10T04:46:35+09:00
394280,,,,KRW,,,NO_DART_API_KEY,,,,,,2026_11013,2026-06-10T04:46:35+09:00
394420,,,,KRW,,,NO_DART_API_KEY,,,,,,2026_11013,2026-06-10T04:46:35+09:00
394800,,,,KRW,,,NO_DART_API_KEY,,,,,,2026_11013,2026-06-10T04:46:35+09:00
395400,,,,KRW,,,NO_DART_API_KEY,,,,,,2026_11013,2026-06-10T04:46:35+09:00
396270,,,,KRW,,,NO_DART_API_KEY,,,,,,2026_11013,2026-06-10T04:46:35+09:00
396300,,,,KRW,,,NO_DART_API_KEY,,,,,,2026_11013,2026-06-10T04:46:35+09:00
396470,,,,KRW,,,NO_DART_API_KEY,,,,,,2026_11013,2026-06-10T04:46:35+09:00
396690,,,,KRW,,,NO_DART_API_KEY,,,,,,2026_11013,2026-06-10T04:46:35+09:00
397030,,,,KRW,,,NO_DART_API_KEY,,,,,,2026_11013,2026-06-10T04:46:35+09:00
397810,,,,KRW,,,NO_DART_API_KEY,,,,,,2026_11013,2026-06-10T04:46:35+09:00
398120,,,,KRW,,,NO_DART_API_KEY,,,,,,2026_11013,2026-06-10T04:46:35+09:00
399720,,,,KRW,,,NO_DART_API_KEY,,,,,,2026_11013,2026-06-10T04:46:35+09:00
400760,,,,KRW,,,NO_DART_API_KEY,,,,,,2026_11013,2026-06-10T04:46:35+09:00
402030,,,,KRW,,,NO_DART_API_KEY,,,,,,2026_11013,2026-06-10T04:46:35+09:00
402340,,,,KRW,,,NO_DART_API_KEY,,,,,,2026_11013,2026-06-10T04:46:35+09:00
402490,,,,KRW,,,NO_DART_API_KEY,,,,,,2026_11013,2026-06-10T04:46:35+09:00
403490,,,,KRW,,,NO_DART_API_KEY,,,,,,2026_11013,2026-06-10T04:46:35+09:00
403550,,,,KRW,,,NO_DART_API_KEY,,,,,,2026_11013,2026-06-10T04:46:35+09:00
403850,,,,KRW,,,NO_DART_API_KEY,,,,,,2026_11013,2026-06-10T04:46:35+09:00
403870,,,,KRW,,,NO_DART_API_KEY,,,,,,2026_11013,2026-06-10T04:46:35+09:00
404990,,,,KRW,,,NO_DART_API_KEY,,,,,,2026_11013,2026-06-10T04:46:35+09:00
405000,,,,KRW,,,NO_DART_API_KEY,,,,,,2026_11013,2026-06-10T04:46:35+09:00
405100,,,,KRW,,,NO_DART_API_KEY,,,,,,2026_11013,2026-06-10T04:46:35+09:00
405920,,,,KRW,,,NO_DART_API_KEY,,,,,,2026_11013,2026-06-10T04:46:35+09:00
406820,,,,KRW,,,NO_DART_API_KEY,,,,,,2026_11013,2026-06-10T04:46:35+09:00
407400,,,,KRW,,,NO_DART_API_KEY,,,,,,2026_11013,2026-06-10T04:46:35+09:00
408470,,,,KRW,,,NO_DART_API_KEY,,,,,,2026_11013,2026-06-10T04:46:35+09:00
408900,,,,KRW,,,NO_DART_API_KEY,,,,,,2026_11013,2026-06-10T04:46:35+09:00
408920,,,,KRW,,,NO_DART_API_KEY,,,,,,2026_11013,2026-06-10T04:46:35+09:00
411080,,,,KRW,,,NO_DART_API_KEY,,,,,,2026_11013,2026-06-10T04:46:35+09:00
412350,,,,KRW,,,NO_DART_API_KEY,,,,,,2026_11013,2026-06-10T04:46:35+09:00
412540,,,,KRW,,,NO_DART_API_KEY,,,,,,2026_11013,2026-06-10T04:46:35+09:00
413390,,,,KRW,,,NO_DART_API_KEY,,,,,,2026_11013,2026-06-10T04:46:35+09:00
413630,,,,KRW,,,NO_DART_API_KEY,,,,,,2026_11013,2026-06-10T04:46:35+09:00
413640,,,,KRW,,,NO_DART_API_KEY,,,,,,2026_11013,2026-06-10T04:46:35+09:00
415380,,,,KRW,,,NO_DART_API_KEY,,,,,,2026_11013,2026-06-10T04:46:35+09:00
415640,,,,KRW,,,NO_DART_API_KEY,,,,,,2026_11013,2026-06-10T04:46:35+09:00
416180,,,,KRW,,,NO_DART_API_KEY,,,,,,2026_11013,2026-06-10T04:46:35+09:00
417010,,,,KRW,,,NO_DART_API_KEY,,,,,,2026_11013,2026-06-10T04:46:35+09:00
417180,,,,KRW,,,NO_DART_API_KEY,,,,,,2026_11013,2026-06-10T04:46:35+09:00
417200,,,,KRW,,,NO_DART_API_KEY,,,,,,2026_11013,2026-06-10T04:46:35+09:00
417310,,,,KRW,,,NO_DART_API_KEY,,,,,,2026_11013,2026-06-10T04:46:35+09:00
417500,,,,KRW,,,NO_DART_API_KEY,,,,,,2026_11013,2026-06-10T04:46:35+09:00
417790,,,,KRW,,,NO_DART_API_KEY,,,,,,2026_11013,2026-06-10T04:46:35+09:00
417840,,,,KRW,,,NO_DART_API_KEY,,,,,,2026_11013,2026-06-10T04:46:35+09:00
417860,,,,KRW,,,NO_DART_API_KEY,,,,,,2026_11013,2026-06-10T04:46:35+09:00
417970,,,,KRW,,,NO_DART_API_KEY,,,,,,2026_11013,2026-06-10T04:46:35+09:00
418250,,,,KRW,,,NO_DART_API_KEY,,,,,,2026_11013,2026-06-10T04:46:35+09:00
418420,,,,KRW,,,NO_DART_API_KEY,,,,,,2026_11013,2026-06-10T04:46:35+09:00
418470,,,,KRW,,,NO_DART_API_KEY,,,,,,2026_11013,2026-06-10T04:46:35+09:00
418550,,,,KRW,,,NO_DART_API_KEY,,,,,,2026_11013,2026-06-10T04:46:35+09:00
418620,,,,KRW,,,NO_DART_API_KEY,,,,,,2026_11013,2026-06-10T04:46:35+09:00
419050,,,,KRW,,,NO_DART_API_KEY,,,,,,2026_11013,2026-06-10T04:46:35+09:00
419080,,,,KRW,,,NO_DART_API_KEY,,,,,,2026_11013,2026-06-10T04:46:35+09:00
419120,,,,KRW,,,NO_DART_API_KEY,,,,,,2026_11013,2026-06-10T04:46:35+09:00
419530,,,,KRW,,,NO_DART_API_KEY,,,,,,2026_11013,2026-06-10T04:46:35+09:00
419540,,,,KRW,,,NO_DART_API_KEY,,,,,,2026_11013,2026-06-10T04:46:35+09:00
420570,,,,KRW,,,NO_DART_API_KEY,,,,,,2026_11013,2026-06-10T04:46:35+09:00
420770,,,,KRW,,,NO_DART_API_KEY,,,,,,2026_11013,2026-06-10T04:46:35+09:00
424760,,,,KRW,,,NO_DART_API_KEY,,,,,,2026_11013,2026-06-10T04:46:35+09:00
424870,,,,KRW,,,NO_DART_API_KEY,,,,,,2026_11013,2026-06-10T04:46:35+09:00
424960,,,,KRW,,,NO_DART_API_KEY,,,,,,2026_11013,2026-06-10T04:46:35+09:00
424980,,,,KRW,,,NO_DART_API_KEY,,,,,,2026_11013,2026-06-10T04:46:35+09:00
425040,,,,KRW,,,NO_DART_API_KEY,,,,,,2026_11013,2026-06-10T04:46:35+09:00
425420,,,,KRW,,,NO_DART_API_KEY,,,,,,2026_11013,2026-06-10T04:46:35+09:00
429270,,,,KRW,,,NO_DART_API_KEY,,,,,,2026_11013,2026-06-10T04:46:35+09:00
430690,,,,KRW,,,NO_DART_API_KEY,,,,,,2026_11013,2026-06-10T04:46:35+09:00
431190,,,,KRW,,,NO_DART_API_KEY,,,,,,2026_11013,2026-06-10T04:46:35+09:00
432320,,,,KRW,,,NO_DART_API_KEY,,,,,,2026_11013,2026-06-10T04:46:35+09:00
432430,,,,KRW,,,NO_DART_API_KEY,,,,,,2026_11013,2026-06-10T04:46:35+09:00
432470,,,,KRW,,,NO_DART_API_KEY,,,,,,2026_11013,2026-06-10T04:46:35+09:00
432720,,,,KRW,,,NO_DART_API_KEY,,,,,,2026_11013,2026-06-10T04:46:35+09:00
432980,,,,KRW,,,NO_DART_API_KEY,,,,,,2026_11013,2026-06-10T04:46:35+09:00
434480,,,,KRW,,,NO_DART_API_KEY,,,,,,2026_11013,2026-06-10T04:46:35+09:00
435570,,,,KRW,,,NO_DART_API_KEY,,,,,,2026_11013,2026-06-10T04:46:35+09:00
437730,,,,KRW,,,NO_DART_API_KEY,,,,,,2026_11013,2026-06-10T04:46:35+09:00
438700,,,,KRW,,,NO_DART_API_KEY,,,,,,2026_11013,2026-06-10T04:46:35+09:00
439090,,,,KRW,,,NO_DART_API_KEY,,,,,,2026_11013,2026-06-10T04:46:35+09:00
439260,,,,KRW,,,NO_DART_API_KEY,,,,,,2026_11013,2026-06-10T04:46:35+09:00
439580,,,,KRW,,,NO_DART_API_KEY,,,,,,2026_11013,2026-06-10T04:46:35+09:00
439960,,,,KRW,,,NO_DART_API_KEY,,,,,,2026_11013,2026-06-10T04:46:35+09:00
440110,,,,KRW,,,NO_DART_API_KEY,,,,,,2026_11013,2026-06-10T04:46:35+09:00
440290,,,,KRW,,,NO_DART_API_KEY,,,,,,2026_11013,2026-06-10T04:46:35+09:00
440320,,,,KRW,,,NO_DART_API_KEY,,,,,,2026_11013,2026-06-10T04:46:35+09:00
441270,,,,KRW,,,NO_DART_API_KEY,,,,,,2026_11013,2026-06-10T04:46:35+09:00
443060,,,,KRW,,,NO_DART_API_KEY,,,,,,2026_11013,2026-06-10T04:46:35+09:00
443250,,,,KRW,,,NO_DART_API_KEY,,,,,,2026_11013,2026-06-10T04:46:35+09:00
443670,,,,KRW,,,NO_DART_API_KEY,,,,,,2026_11013,2026-06-10T04:46:35+09:00
444530,,,,KRW,,,NO_DART_API_KEY,,,,,,2026_11013,2026-06-10T04:46:35+09:00
444920,,,,KRW,,,NO_DART_API_KEY,,,,,,2026_11013,2026-06-10T04:46:35+09:00
445090,,,,KRW,,,NO_DART_API_KEY,,,,,,2026_11013,2026-06-10T04:46:35+09:00
445180,,,,KRW,,,NO_DART_API_KEY,,,,,,2026_11013,2026-06-10T04:46:35+09:00
445680,,,,KRW,,,NO_DART_API_KEY,,,,,,2026_11013,2026-06-10T04:46:35+09:00
446070,,,,KRW,,,NO_DART_API_KEY,,,,,,2026_11013,2026-06-10T04:46:35+09:00
446540,,,,KRW,,,NO_DART_API_KEY,,,,,,2026_11013,2026-06-10T04:46:35+09:00
446840,,,,KRW,,,NO_DART_API_KEY,,,,,,2026_11013,2026-06-10T04:46:35+09:00
448280,,,,KRW,,,NO_DART_API_KEY,,,,,,2026_11013,2026-06-10T04:46:35+09:00
448710,,,,KRW,,,NO_DART_API_KEY,,,,,,2026_11013,2026-06-10T04:46:35+09:00
448730,,,,KRW,,,NO_DART_API_KEY,,,,,,2026_11013,2026-06-10T04:46:35+09:00
448900,,,,KRW,,,NO_DART_API_KEY,,,,,,2026_11013,2026-06-10T04:46:35+09:00
450080,,,,KRW,,,NO_DART_API_KEY,,,,,,2026_11013,2026-06-10T04:46:35+09:00
450330,,,,KRW,,,NO_DART_API_KEY,,,,,,2026_11013,2026-06-10T04:46:35+09:00
450520,,,,KRW,,,NO_DART_API_KEY,,,,,,2026_11013,2026-06-10T04:46:35+09:00
450950,,,,KRW,,,NO_DART_API_KEY,,,,,,2026_11013,2026-06-10T04:46:35+09:00
451220,,,,KRW,,,NO_DART_API_KEY,,,,,,2026_11013,2026-06-10T04:46:35+09:00
451250,,,,KRW,,,NO_DART_API_KEY,,,,,,2026_11013,2026-06-10T04:46:35+09:00
451700,,,,KRW,,,NO_DART_API_KEY,,,,,,2026_11013,2026-06-10T04:46:35+09:00
451760,,,,KRW,,,NO_DART_API_KEY,,,,,,2026_11013,2026-06-10T04:46:35+09:00
451800,,,,KRW,,,NO_DART_API_KEY,,,,,,2026_11013,2026-06-10T04:46:35+09:00
452160,,,,KRW,,,NO_DART_API_KEY,,,,,,2026_11013,2026-06-10T04:46:35+09:00
452190,,,,KRW,,,NO_DART_API_KEY,,,,,,2026_11013,2026-06-10T04:46:35+09:00
452200,,,,KRW,,,NO_DART_API_KEY,,,,,,2026_11013,2026-06-10T04:46:35+09:00
452260,,,,KRW,,,NO_DART_API_KEY,,,,,,2026_11013,2026-06-10T04:46:35+09:00
452280,,,,KRW,,,NO_DART_API_KEY,,,,,,2026_11013,2026-06-10T04:46:35+09:00
452300,,,,KRW,,,NO_DART_API_KEY,,,,,,2026_11013,2026-06-10T04:46:35+09:00
452400,,,,KRW,,,NO_DART_API_KEY,,,,,,2026_11013,2026-06-10T04:46:35+09:00
452430,,,,KRW,,,NO_DART_API_KEY,,,,,,2026_11013,2026-06-10T04:46:35+09:00
452450,,,,KRW,,,NO_DART_API_KEY,,,,,,2026_11013,2026-06-10T04:46:35+09:00
452670,,,,KRW,,,NO_DART_API_KEY,,,,,,2026_11013,2026-06-10T04:46:35+09:00
452980,,,,KRW,,,NO_DART_API_KEY,,,,,,2026_11013,2026-06-10T04:46:35+09:00
453340,,,,KRW,,,NO_DART_API_KEY,,,,,,2026_11013,2026-06-10T04:46:35+09:00
453450,,,,KRW,,,NO_DART_API_KEY,,,,,,2026_11013,2026-06-10T04:46:35+09:00
453860,,,,KRW,,,NO_DART_API_KEY,,,,,,2026_11013,2026-06-10T04:46:35+09:00
454910,,,,KRW,,,NO_DART_API_KEY,,,,,,2026_11013,2026-06-10T04:46:35+09:00
455180,,,,KRW,,,NO_DART_API_KEY,,,,,,2026_11013,2026-06-10T04:46:35+09:00
455310,,,,KRW,,,NO_DART_API_KEY,,,,,,2026_11013,2026-06-10T04:46:35+09:00
455900,,,,KRW,,,NO_DART_API_KEY,,,,,,2026_11013,2026-06-10T04:46:35+09:00
456010,,,,KRW,,,NO_DART_API_KEY,,,,,,2026_11013,2026-06-10T04:46:35+09:00
456040,,,,KRW,,,NO_DART_API_KEY,,,,,,2026_11013,2026-06-10T04:46:35+09:00
456070,,,,KRW,,,NO_DART_API_KEY,,,,,,2026_11013,2026-06-10T04:46:35+09:00
456160,,,,KRW,,,NO_DART_API_KEY,,,,,,2026_11013,2026-06-10T04:46:35+09:00
457190,,,,KRW,,,NO_DART_API_KEY,,,,,,2026_11013,2026-06-10T04:46:35+09:00
457370,,,,KRW,,,NO_DART_API_KEY,,,,,,2026_11013,2026-06-10T04:46:35+09:00
457550,,,,KRW,,,NO_DART_API_KEY,,,,,,2026_11013,2026-06-10T04:46:35+09:00
457600,,,,KRW,,,NO_DART_API_KEY,,,,,,2026_11013,2026-06-10T04:46:35+09:00
457630,,,,KRW,,,NO_DART_API_KEY,,,,,,2026_11013,2026-06-10T04:46:35+09:00
457940,,,,KRW,,,NO_DART_API_KEY,,,,,,2026_11013,2026-06-10T04:46:35+09:00
458350,,,,KRW,,,NO_DART_API_KEY,,,,,,2026_11013,2026-06-10T04:46:35+09:00
458610,,,,KRW,,,NO_DART_API_KEY,,,,,,2026_11013,2026-06-10T04:46:35+09:00
458650,,,,KRW,,,NO_DART_API_KEY,,,,,,2026_11013,2026-06-10T04:46:35+09:00
458870,,,,KRW,,,NO_DART_API_KEY,,,,,,2026_11013,2026-06-10T04:46:35+09:00
459100,,,,KRW,,,NO_DART_API_KEY,,,,,,2026_11013,2026-06-10T04:46:35+09:00
459510,,,,KRW,,,NO_DART_API_KEY,,,,,,2026_11013,2026-06-10T04:46:35+09:00
459550,,,,KRW,,,NO_DART_API_KEY,,,,,,2026_11013,2026-06-10T04:46:35+09:00
460470,,,,KRW,,,NO_DART_API_KEY,,,,,,2026_11013,2026-06-10T04:46:35+09:00
460850,,,,KRW,,,NO_DART_API_KEY,,,,,,2026_11013,2026-06-10T04:46:35+09:00
460860,,,,KRW,,,NO_DART_API_KEY,,,,,,2026_11013,2026-06-10T04:46:35+09:00
460870,,,,KRW,,,NO_DART_API_KEY,,,,,,2026_11013,2026-06-10T04:46:35+09:00
460930,,,,KRW,,,NO_DART_API_KEY,,,,,,2026_11013,2026-06-10T04:46:35+09:00
460940,,,,KRW,,,NO_DART_API_KEY,,,,,,2026_11013,2026-06-10T04:46:35+09:00
461030,,,,KRW,,,NO_DART_API_KEY,,,,,,2026_11013,2026-06-10T04:46:35+09:00
461300,,,,KRW,,,NO_DART_API_KEY,,,,,,2026_11013,2026-06-10T04:46:35+09:00
462020,,,,KRW,,,NO_DART_API_KEY,,,,,,2026_11013,2026-06-10T04:46:35+09:00
462310,,,,KRW,,,NO_DART_API_KEY,,,,,,2026_11013,2026-06-10T04:46:35+09:00
462350,,,,KRW,,,NO_DART_API_KEY,,,,,,2026_11013,2026-06-10T04:46:35+09:00
462510,,,,KRW,,,NO_DART_API_KEY,,,,,,2026_11013,2026-06-10T04:46:35+09:00
462520,,,,KRW,,,NO_DART_API_KEY,,,,,,2026_11013,2026-06-10T04:46:35+09:00
462860,,,,KRW,,,NO_DART_API_KEY,,,,,,2026_11013,2026-06-10T04:46:35+09:00
462870,,,,KRW,,,NO_DART_API_KEY,,,,,,2026_11013,2026-06-10T04:46:35+09:00
462980,,,,KRW,,,NO_DART_API_KEY,,,,,,2026_11013,2026-06-10T04:46:35+09:00
463020,,,,KRW,,,NO_DART_API_KEY,,,,,,2026_11013,2026-06-10T04:46:35+09:00
463480,,,,KRW,,,NO_DART_API_KEY,,,,,,2026_11013,2026-06-10T04:46:35+09:00
464080,,,,KRW,,,NO_DART_API_KEY,,,,,,2026_11013,2026-06-10T04:46:35+09:00
464280,,,,KRW,,,NO_DART_API_KEY,,,,,,2026_11013,2026-06-10T04:46:35+09:00
464440,,,,KRW,,,NO_DART_API_KEY,,,,,,2026_11013,2026-06-10T04:46:35+09:00
464490,,,,KRW,,,NO_DART_API_KEY,,,,,,2026_11013,2026-06-10T04:46:35+09:00
464500,,,,KRW,,,NO_DART_API_KEY,,,,,,2026_11013,2026-06-10T04:46:35+09:00
464580,,,,KRW,,,NO_DART_API_KEY,,,,,,2026_11013,2026-06-10T04:46:35+09:00
464680,,,,KRW,,,NO_DART_API_KEY,,,,,,2026_11013,2026-06-10T04:46:35+09:00
465320,,,,KRW,,,NO_DART_API_KEY,,,,,,2026_11013,2026-06-10T04:46:35+09:00
465480,,,,KRW,,,NO_DART_API_KEY,,,,,,2026_11013,2026-06-10T04:46:35+09:00
465770,,,,KRW,,,NO_DART_API_KEY,,,,,,2026_11013,2026-06-10T04:46:35+09:00
466100,,,,KRW,,,NO_DART_API_KEY,,,,,,2026_11013,2026-06-10T04:46:35+09:00
466410,,,,KRW,,,NO_DART_API_KEY,,,,,,2026_11013,2026-06-10T04:46:35+09:00
466690,,,,KRW,,,NO_DART_API_KEY,,,,,,2026_11013,2026-06-10T04:46:35+09:00
466910,,,,KRW,,,NO_DART_API_KEY,,,,,,2026_11013,2026-06-10T04:46:35+09:00
467930,,,,KRW,,,NO_DART_API_KEY,,,,,,2026_11013,2026-06-10T04:46:35+09:00
468530,,,,KRW,,,NO_DART_API_KEY,,,,,,2026_11013,2026-06-10T04:46:35+09:00
468760,,,,KRW,,,NO_DART_API_KEY,,,,,,2026_11013,2026-06-10T04:46:35+09:00
469480,,,,KRW,,,NO_DART_API_KEY,,,,,,2026_11013,2026-06-10T04:46:35+09:00
469610,,,,KRW,,,NO_DART_API_KEY,,,,,,2026_11013,2026-06-10T04:46:35+09:00
469750,,,,KRW,,,NO_DART_API_KEY,,,,,,2026_11013,2026-06-10T04:46:35+09:00
469880,,,,KRW,,,NO_DART_API_KEY,,,,,,2026_11013,2026-06-10T04:46:35+09:00
469900,,,,KRW,,,NO_DART_API_KEY,,,,,,2026_11013,2026-06-10T04:46:35+09:00
471050,,,,KRW,,,NO_DART_API_KEY,,,,,,2026_11013,2026-06-10T04:46:35+09:00
471820,,,,KRW,,,NO_DART_API_KEY,,,,,,2026_11013,2026-06-10T04:46:35+09:00
472220,,,,KRW,,,NO_DART_API_KEY,,,,,,2026_11013,2026-06-10T04:46:35+09:00
472230,,,,KRW,,,NO_DART_API_KEY,,,,,,2026_11013,2026-06-10T04:46:35+09:00
472850,,,,KRW,,,NO_DART_API_KEY,,,,,,2026_11013,2026-06-10T04:46:35+09:00
473000,,,,KRW,,,NO_DART_API_KEY,,,,,,2026_11013,2026-06-10T04:46:35+09:00
473050,,,,KRW,,,NO_DART_API_KEY,,,,,,2026_11013,2026-06-10T04:46:35+09:00
473370,,,,KRW,,,NO_DART_API_KEY,,,,,,2026_11013,2026-06-10T04:46:35+09:00
473950,,,,KRW,,,NO_DART_API_KEY,,,,,,2026_11013,2026-06-10T04:46:35+09:00
473980,,,,KRW,,,NO_DART_API_KEY,,,,,,2026_11013,2026-06-10T04:46:35+09:00
474170,,,,KRW,,,NO_DART_API_KEY,,,,,,2026_11013,2026-06-10T04:46:35+09:00
474490,,,,KRW,,,NO_DART_API_KEY,,,,,,2026_11013,2026-06-10T04:46:35+09:00
474610,,,,KRW,,,NO_DART_API_KEY,,,,,,2026_11013,2026-06-10T04:46:35+09:00
474650,,,,KRW,,,NO_DART_API_KEY,,,,,,2026_11013,2026-06-10T04:46:35+09:00
474660,,,,KRW,,,NO_DART_API_KEY,,,,,,2026_11013,2026-06-10T04:46:35+09:00
474930,,,,KRW,,,NO_DART_API_KEY,,,,,,2026_11013,2026-06-10T04:46:35+09:00
475150,,,,KRW,,,NO_DART_API_KEY,,,,,,2026_11013,2026-06-10T04:46:35+09:00
475230,,,,KRW,,,NO_DART_API_KEY,,,,,,2026_11013,2026-06-10T04:46:35+09:00
475240,,,,KRW,,,NO_DART_API_KEY,,,,,,2026_11013,2026-06-10T04:46:35+09:00
475250,,,,KRW,,,NO_DART_API_KEY,,,,,,2026_11013,2026-06-10T04:46:35+09:00
475400,,,,KRW,,,NO_DART_API_KEY,,,,,,2026_11013,2026-06-10T04:46:35+09:00
475430,,,,KRW,,,NO_DART_API_KEY,,,,,,2026_11013,2026-06-10T04:46:35+09:00
475460,,,,KRW,,,NO_DART_API_KEY,,,,,,2026_11013,2026-06-10T04:46:35+09:00
475560,,,,KRW,,,NO_DART_API_KEY,,,,,,2026_11013,2026-06-10T04:46:35+09:00
475580,,,,KRW,,,NO_DART_API_KEY,,,,,,2026_11013,2026-06-10T04:46:35+09:00
475660,,,,KRW,,,NO_DART_API_KEY,,,,,,2026_11013,2026-06-10T04:46:35+09:00
475830,,,,KRW,,,NO_DART_API_KEY,,,,,,2026_11013,2026-06-10T04:46:35+09:00
475960,,,,KRW,,,NO_DART_API_KEY,,,,,,2026_11013,2026-06-10T04:46:35+09:00
476040,,,,KRW,,,NO_DART_API_KEY,,,,,,2026_11013,2026-06-10T04:46:35+09:00
476060,,,,KRW,,,NO_DART_API_KEY,,,,,,2026_11013,2026-06-10T04:46:35+09:00
476080,,,,KRW,,,NO_DART_API_KEY,,,,,,2026_11013,2026-06-10T04:46:35+09:00
476830,,,,KRW,,,NO_DART_API_KEY,,,,,,2026_11013,2026-06-10T04:46:35+09:00
477340,,,,KRW,,,NO_DART_API_KEY,,,,,,2026_11013,2026-06-10T04:46:35+09:00
477380,,,,KRW,,,NO_DART_API_KEY,,,,,,2026_11013,2026-06-10T04:46:35+09:00
477470,,,,KRW,,,NO_DART_API_KEY,,,,,,2026_11013,2026-06-10T04:46:35+09:00
477760,,,,KRW,,,NO_DART_API_KEY,,,,,,2026_11013,2026-06-10T04:46:35+09:00
477850,,,,KRW,,,NO_DART_API_KEY,,,,,,2026_11013,2026-06-10T04:46:35+09:00
478110,,,,KRW,,,NO_DART_API_KEY,,,,,,2026_11013,2026-06-10T04:46:35+09:00
478340,,,,KRW,,,NO_DART_API_KEY,,,,,,2026_11013,2026-06-10T04:46:35+09:00
478390,,,,KRW,,,NO_DART_API_KEY,,,,,,2026_11013,2026-06-10T04:46:35+09:00
478440,,,,KRW,,,NO_DART_API_KEY,,,,,,2026_11013,2026-06-10T04:46:35+09:00
478560,,,,KRW,,,NO_DART_API_KEY,,,,,,2026_11013,2026-06-10T04:46:35+09:00
479880,,,,KRW,,,NO_DART_API_KEY,,,,,,2026_11013,2026-06-10T04:46:35+09:00
479960,,,,KRW,,,NO_DART_API_KEY,,,,,,2026_11013,2026-06-10T04:46:35+09:00
480370,,,,KRW,,,NO_DART_API_KEY,,,,,,2026_11013,2026-06-10T04:46:35+09:00
481070,,,,KRW,,,NO_DART_API_KEY,,,,,,2026_11013,2026-06-10T04:46:35+09:00
481850,,,,KRW,,,NO_DART_API_KEY,,,,,,2026_11013,2026-06-10T04:46:35+09:00
481890,,,,KRW,,,NO_DART_API_KEY,,,,,,2026_11013,2026-06-10T04:46:35+09:00
482520,,,,KRW,,,NO_DART_API_KEY,,,,,,2026_11013,2026-06-10T04:46:35+09:00
482630,,,,KRW,,,NO_DART_API_KEY,,,,,,2026_11013,2026-06-10T04:46:35+09:00
482680,,,,KRW,,,NO_DART_API_KEY,,,,,,2026_11013,2026-06-10T04:46:35+09:00
482690,,,,KRW,,,NO_DART_API_KEY,,,,,,2026_11013,2026-06-10T04:46:35+09:00
483650,,,,KRW,,,NO_DART_API_KEY,,,,,,2026_11013,2026-06-10T04:46:35+09:00
484120,,,,KRW,,,NO_DART_API_KEY,,,,,,2026_11013,2026-06-10T04:46:35+09:00
484130,,,,KRW,,,NO_DART_API_KEY,,,,,,2026_11013,2026-06-10T04:46:35+09:00
484590,,,,KRW,,,NO_DART_API_KEY,,,,,,2026_11013,2026-06-10T04:46:35+09:00
484810,,,,KRW,,,NO_DART_API_KEY,,,,,,2026_11013,2026-06-10T04:46:35+09:00
484870,,,,KRW,,,NO_DART_API_KEY,,,,,,2026_11013,2026-06-10T04:46:35+09:00
486630,,,,KRW,,,NO_DART_API_KEY,,,,,,2026_11013,2026-06-10T04:46:35+09:00
486990,,,,KRW,,,NO_DART_API_KEY,,,,,,2026_11013,2026-06-10T04:46:35+09:00
487360,,,,KRW,,,NO_DART_API_KEY,,,,,,2026_11013,2026-06-10T04:46:35+09:00
487570,,,,KRW,,,NO_DART_API_KEY,,,,,,2026_11013,2026-06-10T04:46:35+09:00
487580,,,,KRW,,,NO_DART_API_KEY,,,,,,2026_11013,2026-06-10T04:46:35+09:00
487720,,,,KRW,,,NO_DART_API_KEY,,,,,,2026_11013,2026-06-10T04:46:35+09:00
487830,,,,KRW,,,NO_DART_API_KEY,,,,,,2026_11013,2026-06-10T04:46:35+09:00
488060,,,,KRW,,,NO_DART_API_KEY,,,,,,2026_11013,2026-06-10T04:46:35+09:00
488280,,,,KRW,,,NO_DART_API_KEY,,,,,,2026_11013,2026-06-10T04:46:35+09:00
488900,,,,KRW,,,NO_DART_API_KEY,,,,,,2026_11013,2026-06-10T04:46:35+09:00
489210,,,,KRW,,,NO_DART_API_KEY,,,,,,2026_11013,2026-06-10T04:46:35+09:00
489460,,,,KRW,,,NO_DART_API_KEY,,,,,,2026_11013,2026-06-10T04:46:35+09:00
489480,,,,KRW,,,NO_DART_API_KEY,,,,,,2026_11013,2026-06-10T04:46:35+09:00
489500,,,,KRW,,,NO_DART_API_KEY,,,,,,2026_11013,2026-06-10T04:46:35+09:00
489730,,,,KRW,,,NO_DART_API_KEY,,,,,,2026_11013,2026-06-10T04:46:35+09:00
489790,,,,KRW,,,NO_DART_API_KEY,,,,,,2026_11013,2026-06-10T04:46:35+09:00
490470,,,,KRW,,,NO_DART_API_KEY,,,,,,2026_11013,2026-06-10T04:46:35+09:00
491000,,,,KRW,,,NO_DART_API_KEY,,,,,,2026_11013,2026-06-10T04:46:35+09:00
492220,,,,KRW,,,NO_DART_API_KEY,,,,,,2026_11013,2026-06-10T04:46:35+09:00
493280,,,,KRW,,,NO_DART_API_KEY,,,,,,2026_11013,2026-06-10T04:46:35+09:00
493330,,,,KRW,,,NO_DART_API_KEY,,,,,,2026_11013,2026-06-10T04:46:35+09:00
493790,,,,KRW,,,NO_DART_API_KEY,,,,,,2026_11013,2026-06-10T04:46:35+09:00
494120,,,,KRW,,,NO_DART_API_KEY,,,,,,2026_11013,2026-06-10T04:46:35+09:00
496070,,,,KRW,,,NO_DART_API_KEY,,,,,,2026_11013,2026-06-10T04:46:35+09:00
498390,,,,KRW,,,NO_DART_API_KEY,,,,,,2026_11013,2026-06-10T04:46:35+09:00
499790,,,,KRW,,,NO_DART_API_KEY,,,,,,2026_11013,2026-06-10T04:46:35+09:00
900070,,,,KRW,,,NO_DART_API_KEY,,,,,,2026_11013,2026-06-10T04:46:35+09:00
900100,,,,KRW,,,NO_DART_API_KEY,,,,,,2026_11013,2026-06-10T04:46:35+09:00
900110,,,,KRW,,,NO_DART_API_KEY,,,,,,2026_11013,2026-06-10T04:46:35+09:00
900120,,,,KRW,,,NO_DART_API_KEY,,,,,,2026_11013,2026-06-10T04:46:35+09:00
900140,,,,KRW,,,NO_DART_API_KEY,,,,,,2026_11013,2026-06-10T04:46:35+09:00
900250,,,,KRW,,,NO_DART_API_KEY,,,,,,2026_11013,2026-06-10T04:46:35+09:00
900260,,,,KRW,,,NO_DART_API_KEY,,,,,,2026_11013,2026-06-10T04:46:35+09:00
900270,,,,KRW,,,NO_DART_API_KEY,,,,,,2026_11013,2026-06-10T04:46:35+09:00
900290,,,,KRW,,,NO_DART_API_KEY,,,,,,2026_11013,2026-06-10T04:46:35+09:00
900300,,,,KRW,,,NO_DART_API_KEY,,,,,,2026_11013,2026-06-10T04:46:35+09:00
900310,,,,KRW,,,NO_DART_API_KEY,,,,,,2026_11013,2026-06-10T04:46:35+09:00
900340,,,,KRW,,,NO_DART_API_KEY,,,,,,2026_11013,2026-06-10T04:46:35+09:00
950130,,,,KRW,,,NO_DART_API_KEY,,,,,,2026_11013,2026-06-10T04:46:35+09:00
950140,,,,KRW,,,NO_DART_API_KEY,,,,,,2026_11013,2026-06-10T04:46:35+09:00
950160,,,,KRW,,,NO_DART_API_KEY,,,,,,2026_11013,2026-06-10T04:46:35+09:00
950170,,,,KRW,,,NO_DART_API_KEY,,,,,,2026_11013,2026-06-10T04:46:35+09:00
950190,,,,KRW,,,NO_DART_API_KEY,,,,,,2026_11013,2026-06-10T04:46:35+09:00
950200,,,,KRW,,,NO_DART_API_KEY,,,,,,2026_11013,2026-06-10T04:46:35+09:00
950210,,,,KRW,,,NO_DART_API_KEY,,,,,,2026_11013,2026-06-10T04:46:35+09:00
950220,,,,KRW,,,NO_DART_API_KEY,,,,,,2026_11013,2026-06-10T04:46:35+09:00
950250,,,,KRW,,,NO_DART_API_KEY,,,,,,2026_11013,2026-06-10T04:46:35+09:00
