ticker,name,supply_burden_flag,supply_burden_level,supply_burden_keywords,supply_burden_latest_report_date,supply_burden_latest_report_name,supply_burden_report_count,source_files,supply_burden_checked_at_kst,limited_reason
000020,동화약품,CHECK_LIMITED,확인제한,,,,0,kospi_universe_summary_latest.csv,2026-06-19T09:20:11+09:00,DART_WHOLE_MARKET_LOOKBACK_CAPPED_90D_FROM_180D
000040,KR모터스,CHECK_LIMITED,확인제한,,,,0,kospi_universe_summary_latest.csv,2026-06-19T09:20:11+09:00,DART_WHOLE_MARKET_LOOKBACK_CAPPED_90D_FROM_180D
000050,경방,CHECK_LIMITED,확인제한,,,,0,kospi_universe_summary_latest.csv,2026-06-19T09:20:11+09:00,DART_WHOLE_MARKET_LOOKBACK_CAPPED_90D_FROM_180D
000070,삼양홀딩스,CHECK_LIMITED,확인제한,,,,0,kospi_universe_summary_latest.csv,2026-06-19T09:20:11+09:00,DART_WHOLE_MARKET_LOOKBACK_CAPPED_90D_FROM_180D
000080,하이트진로,CHECK_LIMITED,확인제한,,,,0,kospi_universe_summary_latest.csv,2026-06-19T09:20:11+09:00,DART_WHOLE_MARKET_LOOKBACK_CAPPED_90D_FROM_180D
000087,하이트진로2우B,CHECK_LIMITED,확인제한,,,,0,kospi_universe_summary_latest.csv,2026-06-19T09:20:11+09:00,DART_WHOLE_MARKET_LOOKBACK_CAPPED_90D_FROM_180D
000100,유한양행,CHECK_LIMITED,확인제한,,,,0,kospi_universe_summary_latest.csv,2026-06-19T09:20:11+09:00,DART_WHOLE_MARKET_LOOKBACK_CAPPED_90D_FROM_180D
000105,유한양행우,CHECK_LIMITED,확인제한,,,,0,kospi_universe_summary_latest.csv,2026-06-19T09:20:11+09:00,DART_WHOLE_MARKET_LOOKBACK_CAPPED_90D_FROM_180D
000120,CJ대한통운,CHECK_LIMITED,확인제한,,,,0,kospi_universe_summary_latest.csv,2026-06-19T09:20:11+09:00,DART_WHOLE_MARKET_LOOKBACK_CAPPED_90D_FROM_180D
000140,하이트진로홀딩스,CHECK_LIMITED,확인제한,,,,0,kospi_universe_summary_latest.csv,2026-06-19T09:20:11+09:00,DART_WHOLE_MARKET_LOOKBACK_CAPPED_90D_FROM_180D
000145,하이트진로홀딩스우,CHECK_LIMITED,확인제한,,,,0,kospi_universe_summary_latest.csv,2026-06-19T09:20:11+09:00,DART_WHOLE_MARKET_LOOKBACK_CAPPED_90D_FROM_180D
000150,두산,CHECK_LIMITED,확인제한,,,,0,"kospi_monthly_cycle_latest.csv,kospi_universe_summary_latest.csv",2026-06-19T09:20:11+09:00,DART_WHOLE_MARKET_LOOKBACK_CAPPED_90D_FROM_180D
000155,두산우,CHECK_LIMITED,확인제한,,,,0,kospi_universe_summary_latest.csv,2026-06-19T09:20:11+09:00,DART_WHOLE_MARKET_LOOKBACK_CAPPED_90D_FROM_180D
000157,두산2우B,CHECK_LIMITED,확인제한,,,,0,kospi_universe_summary_latest.csv,2026-06-19T09:20:11+09:00,DART_WHOLE_MARKET_LOOKBACK_CAPPED_90D_FROM_180D
000180,성창기업지주,CHECK_LIMITED,확인제한,,,,0,kospi_universe_summary_latest.csv,2026-06-19T09:20:11+09:00,DART_WHOLE_MARKET_LOOKBACK_CAPPED_90D_FROM_180D
000210,DL,CHECK_LIMITED,확인제한,,,,0,kospi_universe_summary_latest.csv,2026-06-19T09:20:11+09:00,DART_WHOLE_MARKET_LOOKBACK_CAPPED_90D_FROM_180D
000215,DL우,CHECK_LIMITED,확인제한,,,,0,kospi_universe_summary_latest.csv,2026-06-19T09:20:11+09:00,DART_WHOLE_MARKET_LOOKBACK_CAPPED_90D_FROM_180D
000220,유유제약,CHECK_LIMITED,확인제한,,,,0,kospi_universe_summary_latest.csv,2026-06-19T09:20:11+09:00,DART_WHOLE_MARKET_LOOKBACK_CAPPED_90D_FROM_180D
000225,유유제약1우,CHECK_LIMITED,확인제한,,,,0,kospi_universe_summary_latest.csv,2026-06-19T09:20:11+09:00,DART_WHOLE_MARKET_LOOKBACK_CAPPED_90D_FROM_180D
000227,유유제약2우B,CHECK_LIMITED,확인제한,,,,0,kospi_universe_summary_latest.csv,2026-06-19T09:20:11+09:00,DART_WHOLE_MARKET_LOOKBACK_CAPPED_90D_FROM_180D
000230,일동홀딩스,CHECK_LIMITED,확인제한,,,,0,kospi_universe_summary_latest.csv,2026-06-19T09:20:11+09:00,DART_WHOLE_MARKET_LOOKBACK_CAPPED_90D_FROM_180D
000240,한국앤컴퍼니,CHECK_LIMITED,확인제한,,,,0,kospi_universe_summary_latest.csv,2026-06-19T09:20:11+09:00,DART_WHOLE_MARKET_LOOKBACK_CAPPED_90D_FROM_180D
000250,삼천당제약,CHECK_LIMITED,확인제한,,,,0,kosdaq_universe_summary_latest.csv,2026-06-19T09:20:11+09:00,DART_WHOLE_MARKET_LOOKBACK_CAPPED_90D_FROM_180D
000270,기아,CHECK_LIMITED,확인제한,,,,0,"kospi_candidates_30_latest.csv,kospi_fx_weakness_candidates_30_latest.csv,kospi_universe_summary_latest.csv",2026-06-19T09:20:11+09:00,DART_WHOLE_MARKET_LOOKBACK_CAPPED_90D_FROM_180D
000300,DH오토넥스,CHECK_LIMITED,확인제한,,,,0,kospi_universe_summary_latest.csv,2026-06-19T09:20:11+09:00,DART_WHOLE_MARKET_LOOKBACK_CAPPED_90D_FROM_180D
000320,노루홀딩스,CHECK_LIMITED,확인제한,,,,0,kospi_universe_summary_latest.csv,2026-06-19T09:20:11+09:00,DART_WHOLE_MARKET_LOOKBACK_CAPPED_90D_FROM_180D
000325,노루홀딩스우,CHECK_LIMITED,확인제한,,,,0,kospi_universe_summary_latest.csv,2026-06-19T09:20:11+09:00,DART_WHOLE_MARKET_LOOKBACK_CAPPED_90D_FROM_180D
000370,한화손해보험,CHECK_LIMITED,확인제한,,,,0,kospi_universe_summary_latest.csv,2026-06-19T09:20:11+09:00,DART_WHOLE_MARKET_LOOKBACK_CAPPED_90D_FROM_180D
000390,SP삼화,CHECK_LIMITED,확인제한,,,,0,kospi_universe_summary_latest.csv,2026-06-19T09:20:11+09:00,DART_WHOLE_MARKET_LOOKBACK_CAPPED_90D_FROM_180D
000400,롯데손해보험,CHECK_LIMITED,확인제한,,,,0,kospi_universe_summary_latest.csv,2026-06-19T09:20:11+09:00,DART_WHOLE_MARKET_LOOKBACK_CAPPED_90D_FROM_180D
000430,대원강업,CHECK_LIMITED,확인제한,,,,0,kospi_universe_summary_latest.csv,2026-06-19T09:20:11+09:00,DART_WHOLE_MARKET_LOOKBACK_CAPPED_90D_FROM_180D
000440,중앙에너비스,CHECK_LIMITED,확인제한,,,,0,kosdaq_universe_summary_latest.csv,2026-06-19T09:20:11+09:00,DART_WHOLE_MARKET_LOOKBACK_CAPPED_90D_FROM_180D
000480,CR홀딩스,CHECK_LIMITED,확인제한,,,,0,kospi_universe_summary_latest.csv,2026-06-19T09:20:11+09:00,DART_WHOLE_MARKET_LOOKBACK_CAPPED_90D_FROM_180D
000490,대동,CHECK_LIMITED,확인제한,,,,0,kospi_universe_summary_latest.csv,2026-06-19T09:20:11+09:00,DART_WHOLE_MARKET_LOOKBACK_CAPPED_90D_FROM_180D
000500,가온전선,CHECK_LIMITED,확인제한,,,,0,kospi_universe_summary_latest.csv,2026-06-19T09:20:11+09:00,DART_WHOLE_MARKET_LOOKBACK_CAPPED_90D_FROM_180D
000520,삼일제약,CHECK_LIMITED,확인제한,,,,0,kospi_universe_summary_latest.csv,2026-06-19T09:20:11+09:00,DART_WHOLE_MARKET_LOOKBACK_CAPPED_90D_FROM_180D
000540,흥국화재,CHECK_LIMITED,확인제한,,,,0,kospi_universe_summary_latest.csv,2026-06-19T09:20:11+09:00,DART_WHOLE_MARKET_LOOKBACK_CAPPED_90D_FROM_180D
000545,흥국화재우,CHECK_LIMITED,확인제한,,,,0,kospi_universe_summary_latest.csv,2026-06-19T09:20:11+09:00,DART_WHOLE_MARKET_LOOKBACK_CAPPED_90D_FROM_180D
000590,CS홀딩스,CHECK_LIMITED,확인제한,,,,0,kospi_universe_summary_latest.csv,2026-06-19T09:20:11+09:00,DART_WHOLE_MARKET_LOOKBACK_CAPPED_90D_FROM_180D
000640,동아쏘시오홀딩스,CHECK_LIMITED,확인제한,,,,0,kospi_universe_summary_latest.csv,2026-06-19T09:20:11+09:00,DART_WHOLE_MARKET_LOOKBACK_CAPPED_90D_FROM_180D
000650,천일고속,CHECK_LIMITED,확인제한,,,,0,kospi_universe_summary_latest.csv,2026-06-19T09:20:11+09:00,DART_WHOLE_MARKET_LOOKBACK_CAPPED_90D_FROM_180D
000660,SK하이닉스,CHECK_LIMITED,확인제한,,,,0,"kospi_universe_summary_latest.csv,watchlist_summary_latest.csv",2026-06-19T09:20:11+09:00,DART_WHOLE_MARKET_LOOKBACK_CAPPED_90D_FROM_180D
000670,영풍,CHECK_LIMITED,확인제한,,,,0,kospi_universe_summary_latest.csv,2026-06-19T09:20:11+09:00,DART_WHOLE_MARKET_LOOKBACK_CAPPED_90D_FROM_180D
000680,LS네트웍스,CHECK_LIMITED,확인제한,,,,0,kospi_universe_summary_latest.csv,2026-06-19T09:20:11+09:00,DART_WHOLE_MARKET_LOOKBACK_CAPPED_90D_FROM_180D
000700,유수홀딩스,CHECK_LIMITED,확인제한,,,,0,kospi_universe_summary_latest.csv,2026-06-19T09:20:11+09:00,DART_WHOLE_MARKET_LOOKBACK_CAPPED_90D_FROM_180D
000720,현대건설,CHECK_LIMITED,확인제한,,,,0,kospi_universe_summary_latest.csv,2026-06-19T09:20:11+09:00,DART_WHOLE_MARKET_LOOKBACK_CAPPED_90D_FROM_180D
000725,현대건설우,CHECK_LIMITED,확인제한,,,,0,kospi_universe_summary_latest.csv,2026-06-19T09:20:11+09:00,DART_WHOLE_MARKET_LOOKBACK_CAPPED_90D_FROM_180D
000760,이화산업,CHECK_LIMITED,확인제한,,,,0,kospi_universe_summary_latest.csv,2026-06-19T09:20:11+09:00,DART_WHOLE_MARKET_LOOKBACK_CAPPED_90D_FROM_180D
000810,삼성화재,CHECK_LIMITED,확인제한,,,,0,kospi_universe_summary_latest.csv,2026-06-19T09:20:11+09:00,DART_WHOLE_MARKET_LOOKBACK_CAPPED_90D_FROM_180D
000815,삼성화재우,CHECK_LIMITED,확인제한,,,,0,kospi_universe_summary_latest.csv,2026-06-19T09:20:11+09:00,DART_WHOLE_MARKET_LOOKBACK_CAPPED_90D_FROM_180D
000850,화천기공,CHECK_LIMITED,확인제한,,,,0,kospi_universe_summary_latest.csv,2026-06-19T09:20:11+09:00,DART_WHOLE_MARKET_LOOKBACK_CAPPED_90D_FROM_180D
000860,강남제비스코,CHECK_LIMITED,확인제한,,,,0,kospi_universe_summary_latest.csv,2026-06-19T09:20:11+09:00,DART_WHOLE_MARKET_LOOKBACK_CAPPED_90D_FROM_180D
000880,한화,CHECK_LIMITED,확인제한,,,,0,kospi_universe_summary_latest.csv,2026-06-19T09:20:11+09:00,DART_WHOLE_MARKET_LOOKBACK_CAPPED_90D_FROM_180D
000890,보해양조,CHECK_LIMITED,확인제한,,,,0,"kospi_gainers_1m_latest.csv,kospi_universe_summary_latest.csv",2026-06-19T09:20:11+09:00,DART_WHOLE_MARKET_LOOKBACK_CAPPED_90D_FROM_180D
000910,유니온,CHECK_LIMITED,확인제한,,,,0,kospi_universe_summary_latest.csv,2026-06-19T09:20:11+09:00,DART_WHOLE_MARKET_LOOKBACK_CAPPED_90D_FROM_180D
000950,전방,CHECK_LIMITED,확인제한,,,,0,kospi_universe_summary_latest.csv,2026-06-19T09:20:11+09:00,DART_WHOLE_MARKET_LOOKBACK_CAPPED_90D_FROM_180D
000970,한국주철관,CHECK_LIMITED,확인제한,,,,0,kospi_universe_summary_latest.csv,2026-06-19T09:20:11+09:00,DART_WHOLE_MARKET_LOOKBACK_CAPPED_90D_FROM_180D
000990,DB하이텍,CHECK_LIMITED,확인제한,,,,0,"kospi_universe_summary_latest.csv,watchlist_summary_latest.csv",2026-06-19T09:20:11+09:00,DART_WHOLE_MARKET_LOOKBACK_CAPPED_90D_FROM_180D
001000,신라섬유,CHECK_LIMITED,확인제한,,,,0,kosdaq_universe_summary_latest.csv,2026-06-19T09:20:11+09:00,DART_WHOLE_MARKET_LOOKBACK_CAPPED_90D_FROM_180D
001020,페이퍼코리아,CHECK_LIMITED,확인제한,,,,0,"kospi_gainers_1m_latest.csv,kospi_universe_summary_latest.csv",2026-06-19T09:20:11+09:00,DART_WHOLE_MARKET_LOOKBACK_CAPPED_90D_FROM_180D
001040,CJ,CHECK_LIMITED,확인제한,,,,0,"kospi_monthly_cycle_latest.csv,kospi_universe_summary_latest.csv",2026-06-19T09:20:11+09:00,DART_WHOLE_MARKET_LOOKBACK_CAPPED_90D_FROM_180D
001045,CJ우,CHECK_LIMITED,확인제한,,,,0,kospi_universe_summary_latest.csv,2026-06-19T09:20:11+09:00,DART_WHOLE_MARKET_LOOKBACK_CAPPED_90D_FROM_180D
001060,JW중외제약,CHECK_LIMITED,확인제한,,,,0,kospi_universe_summary_latest.csv,2026-06-19T09:20:11+09:00,DART_WHOLE_MARKET_LOOKBACK_CAPPED_90D_FROM_180D
001065,JW중외제약우,CHECK_LIMITED,확인제한,,,,0,kospi_universe_summary_latest.csv,2026-06-19T09:20:11+09:00,DART_WHOLE_MARKET_LOOKBACK_CAPPED_90D_FROM_180D
001067,JW중외제약2우B,CHECK_LIMITED,확인제한,,,,0,kospi_universe_summary_latest.csv,2026-06-19T09:20:11+09:00,DART_WHOLE_MARKET_LOOKBACK_CAPPED_90D_FROM_180D
001070,대한방직,CHECK_LIMITED,확인제한,,,,0,kospi_universe_summary_latest.csv,2026-06-19T09:20:11+09:00,DART_WHOLE_MARKET_LOOKBACK_CAPPED_90D_FROM_180D
001080,만호제강,CHECK_LIMITED,확인제한,,,,0,kospi_universe_summary_latest.csv,2026-06-19T09:20:11+09:00,DART_WHOLE_MARKET_LOOKBACK_CAPPED_90D_FROM_180D
001120,LX인터내셔널,CHECK_LIMITED,확인제한,,,,0,"kospi_monthly_cycle_latest.csv,kospi_universe_summary_latest.csv",2026-06-19T09:20:11+09:00,DART_WHOLE_MARKET_LOOKBACK_CAPPED_90D_FROM_180D
001130,대한제분,CHECK_LIMITED,확인제한,,,,0,kospi_universe_summary_latest.csv,2026-06-19T09:20:11+09:00,DART_WHOLE_MARKET_LOOKBACK_CAPPED_90D_FROM_180D
001200,유진투자증권,CHECK_LIMITED,확인제한,,,,0,kospi_universe_summary_latest.csv,2026-06-19T09:20:11+09:00,DART_WHOLE_MARKET_LOOKBACK_CAPPED_90D_FROM_180D
001210,금호전기,CHECK_LIMITED,확인제한,,,,0,kospi_universe_summary_latest.csv,2026-06-19T09:20:11+09:00,DART_WHOLE_MARKET_LOOKBACK_CAPPED_90D_FROM_180D
001230,동국홀딩스,CHECK_LIMITED,확인제한,,,,0,kospi_universe_summary_latest.csv,2026-06-19T09:20:11+09:00,DART_WHOLE_MARKET_LOOKBACK_CAPPED_90D_FROM_180D
001250,GS글로벌,CHECK_LIMITED,확인제한,,,,0,kospi_universe_summary_latest.csv,2026-06-19T09:20:11+09:00,DART_WHOLE_MARKET_LOOKBACK_CAPPED_90D_FROM_180D
001260,남광토건,CHECK_LIMITED,확인제한,,,,0,kospi_universe_summary_latest.csv,2026-06-19T09:20:11+09:00,DART_WHOLE_MARKET_LOOKBACK_CAPPED_90D_FROM_180D
001270,부국증권,CHECK_LIMITED,확인제한,,,,0,kospi_universe_summary_latest.csv,2026-06-19T09:20:11+09:00,DART_WHOLE_MARKET_LOOKBACK_CAPPED_90D_FROM_180D
001275,부국증권우,CHECK_LIMITED,확인제한,,,,0,kospi_universe_summary_latest.csv,2026-06-19T09:20:11+09:00,DART_WHOLE_MARKET_LOOKBACK_CAPPED_90D_FROM_180D
001290,상상인증권,CHECK_LIMITED,확인제한,,,,0,kospi_universe_summary_latest.csv,2026-06-19T09:20:11+09:00,DART_WHOLE_MARKET_LOOKBACK_CAPPED_90D_FROM_180D
001340,PKC,CHECK_LIMITED,확인제한,,,,0,kospi_universe_summary_latest.csv,2026-06-19T09:20:11+09:00,DART_WHOLE_MARKET_LOOKBACK_CAPPED_90D_FROM_180D
001360,삼성제약,CHECK_LIMITED,확인제한,,,,0,kospi_universe_summary_latest.csv,2026-06-19T09:20:11+09:00,DART_WHOLE_MARKET_LOOKBACK_CAPPED_90D_FROM_180D
001380,SG글로벌,CHECK_LIMITED,확인제한,,,,0,kospi_universe_summary_latest.csv,2026-06-19T09:20:11+09:00,DART_WHOLE_MARKET_LOOKBACK_CAPPED_90D_FROM_180D
001390,KG케미칼,CHECK_LIMITED,확인제한,,,,0,kospi_universe_summary_latest.csv,2026-06-19T09:20:11+09:00,DART_WHOLE_MARKET_LOOKBACK_CAPPED_90D_FROM_180D
001420,태원물산,CHECK_LIMITED,확인제한,,,,0,kospi_universe_summary_latest.csv,2026-06-19T09:20:11+09:00,DART_WHOLE_MARKET_LOOKBACK_CAPPED_90D_FROM_180D
001430,세아베스틸지주,CHECK_LIMITED,확인제한,,,,0,kospi_universe_summary_latest.csv,2026-06-19T09:20:11+09:00,DART_WHOLE_MARKET_LOOKBACK_CAPPED_90D_FROM_180D
001440,대한전선,CHECK_LIMITED,확인제한,,,,0,"kospi_universe_summary_latest.csv,watchlist_summary_latest.csv",2026-06-19T09:20:11+09:00,DART_WHOLE_MARKET_LOOKBACK_CAPPED_90D_FROM_180D
001450,현대해상,CHECK_LIMITED,확인제한,,,,0,"kospi_short_term_candidates_30_latest.csv,kospi_universe_summary_latest.csv",2026-06-19T09:20:11+09:00,DART_WHOLE_MARKET_LOOKBACK_CAPPED_90D_FROM_180D
001460,BYC,CHECK_LIMITED,확인제한,,,,0,kospi_universe_summary_latest.csv,2026-06-19T09:20:11+09:00,DART_WHOLE_MARKET_LOOKBACK_CAPPED_90D_FROM_180D
001465,BYC우,CHECK_LIMITED,확인제한,,,,0,kospi_universe_summary_latest.csv,2026-06-19T09:20:11+09:00,DART_WHOLE_MARKET_LOOKBACK_CAPPED_90D_FROM_180D
001470,삼부토건,CHECK_LIMITED,확인제한,,,,0,kospi_universe_summary_latest.csv,2026-06-19T09:20:11+09:00,DART_WHOLE_MARKET_LOOKBACK_CAPPED_90D_FROM_180D
001500,현대차증권,CHECK_LIMITED,확인제한,,,,0,kospi_universe_summary_latest.csv,2026-06-19T09:20:11+09:00,DART_WHOLE_MARKET_LOOKBACK_CAPPED_90D_FROM_180D
001510,SK증권,CHECK_LIMITED,확인제한,,,,0,kospi_universe_summary_latest.csv,2026-06-19T09:20:11+09:00,DART_WHOLE_MARKET_LOOKBACK_CAPPED_90D_FROM_180D
001515,SK증권우,CHECK_LIMITED,확인제한,,,,0,kospi_universe_summary_latest.csv,2026-06-19T09:20:11+09:00,DART_WHOLE_MARKET_LOOKBACK_CAPPED_90D_FROM_180D
001520,동양,CHECK_LIMITED,확인제한,,,,0,kospi_universe_summary_latest.csv,2026-06-19T09:20:11+09:00,DART_WHOLE_MARKET_LOOKBACK_CAPPED_90D_FROM_180D
001525,동양우,CHECK_LIMITED,확인제한,,,,0,kospi_universe_summary_latest.csv,2026-06-19T09:20:11+09:00,DART_WHOLE_MARKET_LOOKBACK_CAPPED_90D_FROM_180D
001527,동양2우B,CHECK_LIMITED,확인제한,,,,0,kospi_universe_summary_latest.csv,2026-06-19T09:20:11+09:00,DART_WHOLE_MARKET_LOOKBACK_CAPPED_90D_FROM_180D
001530,DI동일,CHECK_LIMITED,확인제한,,,,0,kospi_universe_summary_latest.csv,2026-06-19T09:20:11+09:00,DART_WHOLE_MARKET_LOOKBACK_CAPPED_90D_FROM_180D
001540,안국약품,CHECK_LIMITED,확인제한,,,,0,kosdaq_universe_summary_latest.csv,2026-06-19T09:20:11+09:00,DART_WHOLE_MARKET_LOOKBACK_CAPPED_90D_FROM_180D
001550,조비,CHECK_LIMITED,확인제한,,,,0,kospi_universe_summary_latest.csv,2026-06-19T09:20:11+09:00,DART_WHOLE_MARKET_LOOKBACK_CAPPED_90D_FROM_180D
001560,제일연마,CHECK_LIMITED,확인제한,,,,0,kospi_universe_summary_latest.csv,2026-06-19T09:20:11+09:00,DART_WHOLE_MARKET_LOOKBACK_CAPPED_90D_FROM_180D
001570,금양,CHECK_LIMITED,확인제한,,,,0,kospi_universe_summary_latest.csv,2026-06-19T09:20:11+09:00,DART_WHOLE_MARKET_LOOKBACK_CAPPED_90D_FROM_180D
001620,케이비아이동국실업,CHECK_LIMITED,확인제한,,,,0,kospi_universe_summary_latest.csv,2026-06-19T09:20:11+09:00,DART_WHOLE_MARKET_LOOKBACK_CAPPED_90D_FROM_180D
001630,종근당홀딩스,CHECK_LIMITED,확인제한,,,,0,kospi_universe_summary_latest.csv,2026-06-19T09:20:11+09:00,DART_WHOLE_MARKET_LOOKBACK_CAPPED_90D_FROM_180D
001680,대상,CHECK_LIMITED,확인제한,,,,0,kospi_universe_summary_latest.csv,2026-06-19T09:20:11+09:00,DART_WHOLE_MARKET_LOOKBACK_CAPPED_90D_FROM_180D
001685,대상우,CHECK_LIMITED,확인제한,,,,0,kospi_universe_summary_latest.csv,2026-06-19T09:20:11+09:00,DART_WHOLE_MARKET_LOOKBACK_CAPPED_90D_FROM_180D
001720,신영증권,CHECK_LIMITED,확인제한,,,,0,kospi_universe_summary_latest.csv,2026-06-19T09:20:11+09:00,DART_WHOLE_MARKET_LOOKBACK_CAPPED_90D_FROM_180D
001740,SK네트웍스,CHECK_LIMITED,확인제한,,,,0,kospi_universe_summary_latest.csv,2026-06-19T09:20:11+09:00,DART_WHOLE_MARKET_LOOKBACK_CAPPED_90D_FROM_180D
001750,한양증권,CHECK_LIMITED,확인제한,,,,0,kospi_universe_summary_latest.csv,2026-06-19T09:20:11+09:00,DART_WHOLE_MARKET_LOOKBACK_CAPPED_90D_FROM_180D
001755,한양증권우,CHECK_LIMITED,확인제한,,,,0,kospi_universe_summary_latest.csv,2026-06-19T09:20:11+09:00,DART_WHOLE_MARKET_LOOKBACK_CAPPED_90D_FROM_180D
001770,SHD,CHECK_LIMITED,확인제한,,,,0,kospi_universe_summary_latest.csv,2026-06-19T09:20:11+09:00,DART_WHOLE_MARKET_LOOKBACK_CAPPED_90D_FROM_180D
001780,알루코,CHECK_LIMITED,확인제한,,,,0,kospi_universe_summary_latest.csv,2026-06-19T09:20:11+09:00,DART_WHOLE_MARKET_LOOKBACK_CAPPED_90D_FROM_180D
001790,대한제당,CHECK_LIMITED,확인제한,,,,0,kospi_universe_summary_latest.csv,2026-06-19T09:20:11+09:00,DART_WHOLE_MARKET_LOOKBACK_CAPPED_90D_FROM_180D
001795,대한제당우,CHECK_LIMITED,확인제한,,,,0,kospi_universe_summary_latest.csv,2026-06-19T09:20:11+09:00,DART_WHOLE_MARKET_LOOKBACK_CAPPED_90D_FROM_180D
001800,오리온홀딩스,CHECK_LIMITED,확인제한,,,,0,kospi_universe_summary_latest.csv,2026-06-19T09:20:11+09:00,DART_WHOLE_MARKET_LOOKBACK_CAPPED_90D_FROM_180D
001810,무림SP,CHECK_LIMITED,확인제한,,,,0,kosdaq_universe_summary_latest.csv,2026-06-19T09:20:11+09:00,DART_WHOLE_MARKET_LOOKBACK_CAPPED_90D_FROM_180D
001820,삼화콘덴서,CHECK_LIMITED,확인제한,,,,0,"kospi_gainers_1m_latest.csv,kospi_universe_summary_latest.csv,watchlist_summary_latest.csv",2026-06-19T09:20:11+09:00,DART_WHOLE_MARKET_LOOKBACK_CAPPED_90D_FROM_180D
001840,이화공영,CHECK_LIMITED,확인제한,,,,0,kosdaq_universe_summary_latest.csv,2026-06-19T09:20:11+09:00,DART_WHOLE_MARKET_LOOKBACK_CAPPED_90D_FROM_180D
001940,KISCO홀딩스,CHECK_LIMITED,확인제한,,,,0,kospi_universe_summary_latest.csv,2026-06-19T09:20:11+09:00,DART_WHOLE_MARKET_LOOKBACK_CAPPED_90D_FROM_180D
002020,코오롱,CHECK_LIMITED,확인제한,,,,0,kospi_universe_summary_latest.csv,2026-06-19T09:20:11+09:00,DART_WHOLE_MARKET_LOOKBACK_CAPPED_90D_FROM_180D
002025,코오롱우,CHECK_LIMITED,확인제한,,,,0,kospi_universe_summary_latest.csv,2026-06-19T09:20:11+09:00,DART_WHOLE_MARKET_LOOKBACK_CAPPED_90D_FROM_180D
002030,아세아,CHECK_LIMITED,확인제한,,,,0,kospi_universe_summary_latest.csv,2026-06-19T09:20:11+09:00,DART_WHOLE_MARKET_LOOKBACK_CAPPED_90D_FROM_180D
002070,비비안,CHECK_LIMITED,확인제한,,,,0,kospi_universe_summary_latest.csv,2026-06-19T09:20:11+09:00,DART_WHOLE_MARKET_LOOKBACK_CAPPED_90D_FROM_180D
002100,경농,CHECK_LIMITED,확인제한,,,,0,kospi_universe_summary_latest.csv,2026-06-19T09:20:11+09:00,DART_WHOLE_MARKET_LOOKBACK_CAPPED_90D_FROM_180D
002140,고려산업,CHECK_LIMITED,확인제한,,,,0,kospi_universe_summary_latest.csv,2026-06-19T09:20:11+09:00,DART_WHOLE_MARKET_LOOKBACK_CAPPED_90D_FROM_180D
002150,도화엔지니어링,CHECK_LIMITED,확인제한,,,,0,kospi_universe_summary_latest.csv,2026-06-19T09:20:11+09:00,DART_WHOLE_MARKET_LOOKBACK_CAPPED_90D_FROM_180D
002170,SYTS,CHECK_LIMITED,확인제한,,,,0,kospi_universe_summary_latest.csv,2026-06-19T09:20:11+09:00,DART_WHOLE_MARKET_LOOKBACK_CAPPED_90D_FROM_180D
002200,한국수출포장,CHECK_LIMITED,확인제한,,,,0,kospi_universe_summary_latest.csv,2026-06-19T09:20:11+09:00,DART_WHOLE_MARKET_LOOKBACK_CAPPED_90D_FROM_180D
002210,동성제약,CHECK_LIMITED,확인제한,,,,0,kospi_universe_summary_latest.csv,2026-06-19T09:20:11+09:00,DART_WHOLE_MARKET_LOOKBACK_CAPPED_90D_FROM_180D
002220,한일철강,CHECK_LIMITED,확인제한,,,,0,kospi_universe_summary_latest.csv,2026-06-19T09:20:11+09:00,DART_WHOLE_MARKET_LOOKBACK_CAPPED_90D_FROM_180D
002230,피에스텍,CHECK_LIMITED,확인제한,,,,0,kosdaq_universe_summary_latest.csv,2026-06-19T09:20:11+09:00,DART_WHOLE_MARKET_LOOKBACK_CAPPED_90D_FROM_180D
002240,고려제강,CHECK_LIMITED,확인제한,,,,0,kospi_universe_summary_latest.csv,2026-06-19T09:20:11+09:00,DART_WHOLE_MARKET_LOOKBACK_CAPPED_90D_FROM_180D
002290,삼일기업공사,CHECK_LIMITED,확인제한,,,,0,kosdaq_universe_summary_latest.csv,2026-06-19T09:20:11+09:00,DART_WHOLE_MARKET_LOOKBACK_CAPPED_90D_FROM_180D
002310,아세아제지,CHECK_LIMITED,확인제한,,,,0,kospi_universe_summary_latest.csv,2026-06-19T09:20:11+09:00,DART_WHOLE_MARKET_LOOKBACK_CAPPED_90D_FROM_180D
002320,한진,CHECK_LIMITED,확인제한,,,,0,kospi_universe_summary_latest.csv,2026-06-19T09:20:11+09:00,DART_WHOLE_MARKET_LOOKBACK_CAPPED_90D_FROM_180D
002350,넥센타이어,CHECK_LIMITED,확인제한,,,,0,kospi_universe_summary_latest.csv,2026-06-19T09:20:11+09:00,DART_WHOLE_MARKET_LOOKBACK_CAPPED_90D_FROM_180D
002355,넥센타이어1우B,CHECK_LIMITED,확인제한,,,,0,kospi_universe_summary_latest.csv,2026-06-19T09:20:11+09:00,DART_WHOLE_MARKET_LOOKBACK_CAPPED_90D_FROM_180D
002360,SH에너지화학,CHECK_LIMITED,확인제한,,,,0,kospi_universe_summary_latest.csv,2026-06-19T09:20:11+09:00,DART_WHOLE_MARKET_LOOKBACK_CAPPED_90D_FROM_180D
002380,KCC,CHECK_LIMITED,확인제한,,,,0,kospi_universe_summary_latest.csv,2026-06-19T09:20:11+09:00,DART_WHOLE_MARKET_LOOKBACK_CAPPED_90D_FROM_180D
002390,한독,CHECK_LIMITED,확인제한,,,,0,kospi_universe_summary_latest.csv,2026-06-19T09:20:11+09:00,DART_WHOLE_MARKET_LOOKBACK_CAPPED_90D_FROM_180D
002410,범양건영,CHECK_LIMITED,확인제한,,,,0,kospi_universe_summary_latest.csv,2026-06-19T09:20:11+09:00,DART_WHOLE_MARKET_LOOKBACK_CAPPED_90D_FROM_180D
002420,세기상사,CHECK_LIMITED,확인제한,,,,0,kospi_universe_summary_latest.csv,2026-06-19T09:20:11+09:00,DART_WHOLE_MARKET_LOOKBACK_CAPPED_90D_FROM_180D
002450,삼익악기,CHECK_LIMITED,확인제한,,,,0,kospi_universe_summary_latest.csv,2026-06-19T09:20:11+09:00,DART_WHOLE_MARKET_LOOKBACK_CAPPED_90D_FROM_180D
002460,HS화성,CHECK_LIMITED,확인제한,,,,0,kospi_universe_summary_latest.csv,2026-06-19T09:20:11+09:00,DART_WHOLE_MARKET_LOOKBACK_CAPPED_90D_FROM_180D
002600,조흥,CHECK_LIMITED,확인제한,,,,0,kospi_universe_summary_latest.csv,2026-06-19T09:20:11+09:00,DART_WHOLE_MARKET_LOOKBACK_CAPPED_90D_FROM_180D
002620,제일파마홀딩스,CHECK_LIMITED,확인제한,,,,0,kospi_universe_summary_latest.csv,2026-06-19T09:20:11+09:00,DART_WHOLE_MARKET_LOOKBACK_CAPPED_90D_FROM_180D
002630,오리엔트바이오,CHECK_LIMITED,확인제한,,,,0,"kospi_gainers_1m_latest.csv,kospi_universe_summary_latest.csv",2026-06-19T09:20:11+09:00,DART_WHOLE_MARKET_LOOKBACK_CAPPED_90D_FROM_180D
002680,한탑,CHECK_LIMITED,확인제한,,,,0,kosdaq_universe_summary_latest.csv,2026-06-19T09:20:11+09:00,DART_WHOLE_MARKET_LOOKBACK_CAPPED_90D_FROM_180D
002690,동일제강,CHECK_LIMITED,확인제한,,,,0,kospi_universe_summary_latest.csv,2026-06-19T09:20:11+09:00,DART_WHOLE_MARKET_LOOKBACK_CAPPED_90D_FROM_180D
002700,신일전자,CHECK_LIMITED,확인제한,,,,0,kospi_universe_summary_latest.csv,2026-06-19T09:20:11+09:00,DART_WHOLE_MARKET_LOOKBACK_CAPPED_90D_FROM_180D
002710,TCC스틸,CHECK_LIMITED,확인제한,,,,0,kospi_universe_summary_latest.csv,2026-06-19T09:20:11+09:00,DART_WHOLE_MARKET_LOOKBACK_CAPPED_90D_FROM_180D
002720,국제약품,CHECK_LIMITED,확인제한,,,,0,kospi_universe_summary_latest.csv,2026-06-19T09:20:11+09:00,DART_WHOLE_MARKET_LOOKBACK_CAPPED_90D_FROM_180D
002760,보락,CHECK_LIMITED,확인제한,,,,0,kospi_universe_summary_latest.csv,2026-06-19T09:20:11+09:00,DART_WHOLE_MARKET_LOOKBACK_CAPPED_90D_FROM_180D
002780,진흥기업,CHECK_LIMITED,확인제한,,,,0,kospi_universe_summary_latest.csv,2026-06-19T09:20:11+09:00,DART_WHOLE_MARKET_LOOKBACK_CAPPED_90D_FROM_180D
002785,진흥기업우B,CHECK_LIMITED,확인제한,,,,0,kospi_universe_summary_latest.csv,2026-06-19T09:20:11+09:00,DART_WHOLE_MARKET_LOOKBACK_CAPPED_90D_FROM_180D
002787,진흥기업2우B,CHECK_LIMITED,확인제한,,,,0,kospi_universe_summary_latest.csv,2026-06-19T09:20:11+09:00,DART_WHOLE_MARKET_LOOKBACK_CAPPED_90D_FROM_180D
002790,아모레퍼시픽홀딩스,CHECK_LIMITED,확인제한,,,,0,kospi_universe_summary_latest.csv,2026-06-19T09:20:11+09:00,DART_WHOLE_MARKET_LOOKBACK_CAPPED_90D_FROM_180D
002795,아모레퍼시픽홀딩스우,CHECK_LIMITED,확인제한,,,,0,kospi_universe_summary_latest.csv,2026-06-19T09:20:11+09:00,DART_WHOLE_MARKET_LOOKBACK_CAPPED_90D_FROM_180D
002800,신신제약,CHECK_LIMITED,확인제한,,,,0,kosdaq_universe_summary_latest.csv,2026-06-19T09:20:11+09:00,DART_WHOLE_MARKET_LOOKBACK_CAPPED_90D_FROM_180D
002810,삼영무역,CHECK_LIMITED,확인제한,,,,0,kospi_universe_summary_latest.csv,2026-06-19T09:20:11+09:00,DART_WHOLE_MARKET_LOOKBACK_CAPPED_90D_FROM_180D
002820,SUN&L,CHECK_LIMITED,확인제한,,,,0,kospi_universe_summary_latest.csv,2026-06-19T09:20:11+09:00,DART_WHOLE_MARKET_LOOKBACK_CAPPED_90D_FROM_180D
002840,미원상사,CHECK_LIMITED,확인제한,,,,0,kospi_universe_summary_latest.csv,2026-06-19T09:20:11+09:00,DART_WHOLE_MARKET_LOOKBACK_CAPPED_90D_FROM_180D
002870,신풍,CHECK_LIMITED,확인제한,,,,0,kospi_universe_summary_latest.csv,2026-06-19T09:20:11+09:00,DART_WHOLE_MARKET_LOOKBACK_CAPPED_90D_FROM_180D
002880,디와이에이,CHECK_LIMITED,확인제한,,,,0,kospi_universe_summary_latest.csv,2026-06-19T09:20:11+09:00,DART_WHOLE_MARKET_LOOKBACK_CAPPED_90D_FROM_180D
002900,TYM,CHECK_LIMITED,확인제한,,,,0,kospi_universe_summary_latest.csv,2026-06-19T09:20:11+09:00,DART_WHOLE_MARKET_LOOKBACK_CAPPED_90D_FROM_180D
002920,유성기업,CHECK_LIMITED,확인제한,,,,0,kospi_universe_summary_latest.csv,2026-06-19T09:20:11+09:00,DART_WHOLE_MARKET_LOOKBACK_CAPPED_90D_FROM_180D
002960,한국쉘석유,CHECK_LIMITED,확인제한,,,,0,kospi_universe_summary_latest.csv,2026-06-19T09:20:11+09:00,DART_WHOLE_MARKET_LOOKBACK_CAPPED_90D_FROM_180D
002990,금호건설,CHECK_LIMITED,확인제한,,,,0,kospi_universe_summary_latest.csv,2026-06-19T09:20:11+09:00,DART_WHOLE_MARKET_LOOKBACK_CAPPED_90D_FROM_180D
002995,금호건설우,CHECK_LIMITED,확인제한,,,,0,kospi_universe_summary_latest.csv,2026-06-19T09:20:11+09:00,DART_WHOLE_MARKET_LOOKBACK_CAPPED_90D_FROM_180D
003000,부광약품,CHECK_LIMITED,확인제한,,,,0,kospi_universe_summary_latest.csv,2026-06-19T09:20:11+09:00,DART_WHOLE_MARKET_LOOKBACK_CAPPED_90D_FROM_180D
003010,혜인,CHECK_LIMITED,확인제한,,,,0,kospi_universe_summary_latest.csv,2026-06-19T09:20:11+09:00,DART_WHOLE_MARKET_LOOKBACK_CAPPED_90D_FROM_180D
003030,세아제강지주,CHECK_LIMITED,확인제한,,,,0,kospi_universe_summary_latest.csv,2026-06-19T09:20:11+09:00,DART_WHOLE_MARKET_LOOKBACK_CAPPED_90D_FROM_180D
003060,에이프로젠바이오로직스,CHECK_LIMITED,확인제한,,,,0,kospi_universe_summary_latest.csv,2026-06-19T09:20:11+09:00,DART_WHOLE_MARKET_LOOKBACK_CAPPED_90D_FROM_180D
003070,코오롱글로벌,CHECK_LIMITED,확인제한,,,,0,kospi_universe_summary_latest.csv,2026-06-19T09:20:11+09:00,DART_WHOLE_MARKET_LOOKBACK_CAPPED_90D_FROM_180D
003075,코오롱글로벌우,CHECK_LIMITED,확인제한,,,,0,kospi_universe_summary_latest.csv,2026-06-19T09:20:11+09:00,DART_WHOLE_MARKET_LOOKBACK_CAPPED_90D_FROM_180D
003080,SB성보,CHECK_LIMITED,확인제한,,,,0,kospi_universe_summary_latest.csv,2026-06-19T09:20:11+09:00,DART_WHOLE_MARKET_LOOKBACK_CAPPED_90D_FROM_180D
003090,대웅,CHECK_LIMITED,확인제한,,,,0,kospi_universe_summary_latest.csv,2026-06-19T09:20:11+09:00,DART_WHOLE_MARKET_LOOKBACK_CAPPED_90D_FROM_180D
003100,선광,CHECK_LIMITED,확인제한,,,,0,kosdaq_universe_summary_latest.csv,2026-06-19T09:20:11+09:00,DART_WHOLE_MARKET_LOOKBACK_CAPPED_90D_FROM_180D
003120,일성아이에스,CHECK_LIMITED,확인제한,,,,0,kospi_universe_summary_latest.csv,2026-06-19T09:20:11+09:00,DART_WHOLE_MARKET_LOOKBACK_CAPPED_90D_FROM_180D
003160,디아이,CHECK_LIMITED,확인제한,,,,0,kospi_universe_summary_latest.csv,2026-06-19T09:20:11+09:00,DART_WHOLE_MARKET_LOOKBACK_CAPPED_90D_FROM_180D
003200,일신방직,CHECK_LIMITED,확인제한,,,,0,kospi_universe_summary_latest.csv,2026-06-19T09:20:11+09:00,DART_WHOLE_MARKET_LOOKBACK_CAPPED_90D_FROM_180D
003220,대원제약,CHECK_LIMITED,확인제한,,,,0,kospi_universe_summary_latest.csv,2026-06-19T09:20:11+09:00,DART_WHOLE_MARKET_LOOKBACK_CAPPED_90D_FROM_180D
003230,삼양식품,CHECK_LIMITED,확인제한,,,,0,"kospi_universe_summary_latest.csv,watchlist_summary_latest.csv",2026-06-19T09:20:11+09:00,DART_WHOLE_MARKET_LOOKBACK_CAPPED_90D_FROM_180D
003240,태광산업,CHECK_LIMITED,확인제한,,,,0,kospi_universe_summary_latest.csv,2026-06-19T09:20:11+09:00,DART_WHOLE_MARKET_LOOKBACK_CAPPED_90D_FROM_180D
003280,흥아해운,CHECK_LIMITED,확인제한,,,,0,kospi_universe_summary_latest.csv,2026-06-19T09:20:11+09:00,DART_WHOLE_MARKET_LOOKBACK_CAPPED_90D_FROM_180D
003300,한일홀딩스,CHECK_LIMITED,확인제한,,,,0,kospi_universe_summary_latest.csv,2026-06-19T09:20:11+09:00,DART_WHOLE_MARKET_LOOKBACK_CAPPED_90D_FROM_180D
003310,대주산업,CHECK_LIMITED,확인제한,,,,0,kosdaq_universe_summary_latest.csv,2026-06-19T09:20:11+09:00,DART_WHOLE_MARKET_LOOKBACK_CAPPED_90D_FROM_180D
003350,한국화장품제조,CHECK_LIMITED,확인제한,,,,0,kospi_universe_summary_latest.csv,2026-06-19T09:20:11+09:00,DART_WHOLE_MARKET_LOOKBACK_CAPPED_90D_FROM_180D
003380,하림지주,CHECK_LIMITED,확인제한,,,,0,kosdaq_universe_summary_latest.csv,2026-06-19T09:20:11+09:00,DART_WHOLE_MARKET_LOOKBACK_CAPPED_90D_FROM_180D
003460,유화증권,CHECK_LIMITED,확인제한,,,,0,kospi_universe_summary_latest.csv,2026-06-19T09:20:11+09:00,DART_WHOLE_MARKET_LOOKBACK_CAPPED_90D_FROM_180D
003465,유화증권우,CHECK_LIMITED,확인제한,,,,0,kospi_universe_summary_latest.csv,2026-06-19T09:20:11+09:00,DART_WHOLE_MARKET_LOOKBACK_CAPPED_90D_FROM_180D
003470,유안타증권,CHECK_LIMITED,확인제한,,,,0,kospi_universe_summary_latest.csv,2026-06-19T09:20:11+09:00,DART_WHOLE_MARKET_LOOKBACK_CAPPED_90D_FROM_180D
003475,유안타증권우,CHECK_LIMITED,확인제한,,,,0,kospi_universe_summary_latest.csv,2026-06-19T09:20:11+09:00,DART_WHOLE_MARKET_LOOKBACK_CAPPED_90D_FROM_180D
003480,한진중공업홀딩스,CHECK_LIMITED,확인제한,,,,0,kospi_universe_summary_latest.csv,2026-06-19T09:20:11+09:00,DART_WHOLE_MARKET_LOOKBACK_CAPPED_90D_FROM_180D
003490,대한항공,CHECK_LIMITED,확인제한,,,,0,"kospi_short_term_candidates_30_latest.csv,kospi_universe_summary_latest.csv",2026-06-19T09:20:11+09:00,DART_WHOLE_MARKET_LOOKBACK_CAPPED_90D_FROM_180D
003495,대한항공우,CHECK_LIMITED,확인제한,,,,0,kospi_universe_summary_latest.csv,2026-06-19T09:20:11+09:00,DART_WHOLE_MARKET_LOOKBACK_CAPPED_90D_FROM_180D
003520,영진약품,CHECK_LIMITED,확인제한,,,,0,kospi_universe_summary_latest.csv,2026-06-19T09:20:11+09:00,DART_WHOLE_MARKET_LOOKBACK_CAPPED_90D_FROM_180D
003530,한화투자증권,CHECK_LIMITED,확인제한,,,,0,kospi_universe_summary_latest.csv,2026-06-19T09:20:11+09:00,DART_WHOLE_MARKET_LOOKBACK_CAPPED_90D_FROM_180D
003535,한화투자증권우,CHECK_LIMITED,확인제한,,,,0,kospi_universe_summary_latest.csv,2026-06-19T09:20:11+09:00,DART_WHOLE_MARKET_LOOKBACK_CAPPED_90D_FROM_180D
003540,대신증권,CHECK_LIMITED,확인제한,,,,0,kospi_universe_summary_latest.csv,2026-06-19T09:20:11+09:00,DART_WHOLE_MARKET_LOOKBACK_CAPPED_90D_FROM_180D
003545,대신증권우,CHECK_LIMITED,확인제한,,,,0,kospi_universe_summary_latest.csv,2026-06-19T09:20:11+09:00,DART_WHOLE_MARKET_LOOKBACK_CAPPED_90D_FROM_180D
003547,대신증권2우B,CHECK_LIMITED,확인제한,,,,0,kospi_universe_summary_latest.csv,2026-06-19T09:20:11+09:00,DART_WHOLE_MARKET_LOOKBACK_CAPPED_90D_FROM_180D
003550,LG,CHECK_LIMITED,확인제한,,,,0,kospi_universe_summary_latest.csv,2026-06-19T09:20:11+09:00,DART_WHOLE_MARKET_LOOKBACK_CAPPED_90D_FROM_180D
003555,LG우,CHECK_LIMITED,확인제한,,,,0,kospi_universe_summary_latest.csv,2026-06-19T09:20:11+09:00,DART_WHOLE_MARKET_LOOKBACK_CAPPED_90D_FROM_180D
003570,SNT다이내믹스,CHECK_LIMITED,확인제한,,,,0,kospi_universe_summary_latest.csv,2026-06-19T09:20:11+09:00,DART_WHOLE_MARKET_LOOKBACK_CAPPED_90D_FROM_180D
003580,HLB글로벌,CHECK_LIMITED,확인제한,,,,0,kospi_universe_summary_latest.csv,2026-06-19T09:20:11+09:00,DART_WHOLE_MARKET_LOOKBACK_CAPPED_90D_FROM_180D
003610,방림,CHECK_LIMITED,확인제한,,,,0,kospi_universe_summary_latest.csv,2026-06-19T09:20:11+09:00,DART_WHOLE_MARKET_LOOKBACK_CAPPED_90D_FROM_180D
003620,KG모빌리티,CHECK_LIMITED,확인제한,,,,0,kospi_universe_summary_latest.csv,2026-06-19T09:20:11+09:00,DART_WHOLE_MARKET_LOOKBACK_CAPPED_90D_FROM_180D
003650,미창석유,CHECK_LIMITED,확인제한,,,,0,kospi_universe_summary_latest.csv,2026-06-19T09:20:11+09:00,DART_WHOLE_MARKET_LOOKBACK_CAPPED_90D_FROM_180D
003670,포스코퓨처엠,CHECK_LIMITED,확인제한,,,,0,"kospi_fx_weakness_candidates_30_latest.csv,kospi_universe_summary_latest.csv",2026-06-19T09:20:11+09:00,DART_WHOLE_MARKET_LOOKBACK_CAPPED_90D_FROM_180D
003680,한성기업,CHECK_LIMITED,확인제한,,,,0,kospi_universe_summary_latest.csv,2026-06-19T09:20:11+09:00,DART_WHOLE_MARKET_LOOKBACK_CAPPED_90D_FROM_180D
003690,코리안리,CHECK_LIMITED,확인제한,,,,0,kospi_universe_summary_latest.csv,2026-06-19T09:20:11+09:00,DART_WHOLE_MARKET_LOOKBACK_CAPPED_90D_FROM_180D
003720,삼영,CHECK_LIMITED,확인제한,,,,0,kospi_universe_summary_latest.csv,2026-06-19T09:20:11+09:00,DART_WHOLE_MARKET_LOOKBACK_CAPPED_90D_FROM_180D
003780,진양산업,CHECK_LIMITED,확인제한,,,,0,kospi_universe_summary_latest.csv,2026-06-19T09:20:11+09:00,DART_WHOLE_MARKET_LOOKBACK_CAPPED_90D_FROM_180D
003800,에이스침대,CHECK_LIMITED,확인제한,,,,0,kosdaq_universe_summary_latest.csv,2026-06-19T09:20:11+09:00,DART_WHOLE_MARKET_LOOKBACK_CAPPED_90D_FROM_180D
003830,대한화섬,CHECK_LIMITED,확인제한,,,,0,kospi_universe_summary_latest.csv,2026-06-19T09:20:11+09:00,DART_WHOLE_MARKET_LOOKBACK_CAPPED_90D_FROM_180D
003850,보령,CHECK_LIMITED,확인제한,,,,0,kospi_universe_summary_latest.csv,2026-06-19T09:20:11+09:00,DART_WHOLE_MARKET_LOOKBACK_CAPPED_90D_FROM_180D
003920,남양유업,CHECK_LIMITED,확인제한,,,,0,kospi_universe_summary_latest.csv,2026-06-19T09:20:11+09:00,DART_WHOLE_MARKET_LOOKBACK_CAPPED_90D_FROM_180D
003925,남양유업우,CHECK_LIMITED,확인제한,,,,0,kospi_universe_summary_latest.csv,2026-06-19T09:20:11+09:00,DART_WHOLE_MARKET_LOOKBACK_CAPPED_90D_FROM_180D
003960,사조대림,CHECK_LIMITED,확인제한,,,,0,kospi_universe_summary_latest.csv,2026-06-19T09:20:11+09:00,DART_WHOLE_MARKET_LOOKBACK_CAPPED_90D_FROM_180D
004000,롯데정밀화학,CHECK_LIMITED,확인제한,,,,0,kospi_universe_summary_latest.csv,2026-06-19T09:20:11+09:00,DART_WHOLE_MARKET_LOOKBACK_CAPPED_90D_FROM_180D
004020,현대제철,CHECK_LIMITED,확인제한,,,,0,kospi_universe_summary_latest.csv,2026-06-19T09:20:11+09:00,DART_WHOLE_MARKET_LOOKBACK_CAPPED_90D_FROM_180D
004060,SG세계물산,CHECK_LIMITED,확인제한,,,,0,kospi_universe_summary_latest.csv,2026-06-19T09:20:11+09:00,DART_WHOLE_MARKET_LOOKBACK_CAPPED_90D_FROM_180D
004080,신흥,CHECK_LIMITED,확인제한,,,,0,kospi_universe_summary_latest.csv,2026-06-19T09:20:11+09:00,DART_WHOLE_MARKET_LOOKBACK_CAPPED_90D_FROM_180D
004090,한국석유,CHECK_LIMITED,확인제한,,,,0,kospi_universe_summary_latest.csv,2026-06-19T09:20:11+09:00,DART_WHOLE_MARKET_LOOKBACK_CAPPED_90D_FROM_180D
004100,태양금속,CHECK_LIMITED,확인제한,,,,0,kospi_universe_summary_latest.csv,2026-06-19T09:20:11+09:00,DART_WHOLE_MARKET_LOOKBACK_CAPPED_90D_FROM_180D
004105,태양금속우,CHECK_LIMITED,확인제한,,,,0,kospi_universe_summary_latest.csv,2026-06-19T09:20:11+09:00,DART_WHOLE_MARKET_LOOKBACK_CAPPED_90D_FROM_180D
004140,동방,CHECK_LIMITED,확인제한,,,,0,kospi_universe_summary_latest.csv,2026-06-19T09:20:11+09:00,DART_WHOLE_MARKET_LOOKBACK_CAPPED_90D_FROM_180D
004150,한솔홀딩스,CHECK_LIMITED,확인제한,,,,0,kospi_universe_summary_latest.csv,2026-06-19T09:20:11+09:00,DART_WHOLE_MARKET_LOOKBACK_CAPPED_90D_FROM_180D
004170,신세계,CHECK_LIMITED,확인제한,,,,0,"kospi_universe_summary_latest.csv,watchlist_summary_latest.csv",2026-06-19T09:20:11+09:00,DART_WHOLE_MARKET_LOOKBACK_CAPPED_90D_FROM_180D
004250,NPC,CHECK_LIMITED,확인제한,,,,0,kospi_universe_summary_latest.csv,2026-06-19T09:20:11+09:00,DART_WHOLE_MARKET_LOOKBACK_CAPPED_90D_FROM_180D
004255,NPC우,CHECK_LIMITED,확인제한,,,,0,kospi_universe_summary_latest.csv,2026-06-19T09:20:11+09:00,DART_WHOLE_MARKET_LOOKBACK_CAPPED_90D_FROM_180D
004270,남성,CHECK_LIMITED,확인제한,,,,0,kospi_universe_summary_latest.csv,2026-06-19T09:20:11+09:00,DART_WHOLE_MARKET_LOOKBACK_CAPPED_90D_FROM_180D
004310,현대약품,CHECK_LIMITED,확인제한,,,,0,kospi_universe_summary_latest.csv,2026-06-19T09:20:11+09:00,DART_WHOLE_MARKET_LOOKBACK_CAPPED_90D_FROM_180D
004360,세방,CHECK_LIMITED,확인제한,,,,0,kospi_universe_summary_latest.csv,2026-06-19T09:20:11+09:00,DART_WHOLE_MARKET_LOOKBACK_CAPPED_90D_FROM_180D
004365,세방우,CHECK_LIMITED,확인제한,,,,0,kospi_universe_summary_latest.csv,2026-06-19T09:20:11+09:00,DART_WHOLE_MARKET_LOOKBACK_CAPPED_90D_FROM_180D
004370,농심,CHECK_LIMITED,확인제한,,,,0,kospi_universe_summary_latest.csv,2026-06-19T09:20:11+09:00,DART_WHOLE_MARKET_LOOKBACK_CAPPED_90D_FROM_180D
004380,삼익THK,CHECK_LIMITED,확인제한,,,,0,kospi_universe_summary_latest.csv,2026-06-19T09:20:11+09:00,DART_WHOLE_MARKET_LOOKBACK_CAPPED_90D_FROM_180D
004410,서울식품,CHECK_LIMITED,확인제한,,,,0,kospi_universe_summary_latest.csv,2026-06-19T09:20:11+09:00,DART_WHOLE_MARKET_LOOKBACK_CAPPED_90D_FROM_180D
004415,서울식품우,CHECK_LIMITED,확인제한,,,,0,kospi_universe_summary_latest.csv,2026-06-19T09:20:11+09:00,DART_WHOLE_MARKET_LOOKBACK_CAPPED_90D_FROM_180D
004430,송원산업,CHECK_LIMITED,확인제한,,,,0,kospi_universe_summary_latest.csv,2026-06-19T09:20:11+09:00,DART_WHOLE_MARKET_LOOKBACK_CAPPED_90D_FROM_180D
004440,삼일씨엔에스,CHECK_LIMITED,확인제한,,,,0,kospi_universe_summary_latest.csv,2026-06-19T09:20:11+09:00,DART_WHOLE_MARKET_LOOKBACK_CAPPED_90D_FROM_180D
004450,삼화왕관,CHECK_LIMITED,확인제한,,,,0,kospi_universe_summary_latest.csv,2026-06-19T09:20:11+09:00,DART_WHOLE_MARKET_LOOKBACK_CAPPED_90D_FROM_180D
004490,세방전지,CHECK_LIMITED,확인제한,,,,0,kospi_universe_summary_latest.csv,2026-06-19T09:20:11+09:00,DART_WHOLE_MARKET_LOOKBACK_CAPPED_90D_FROM_180D
004540,깨끗한나라,CHECK_LIMITED,확인제한,,,,0,kospi_universe_summary_latest.csv,2026-06-19T09:20:11+09:00,DART_WHOLE_MARKET_LOOKBACK_CAPPED_90D_FROM_180D
004545,깨끗한나라우,CHECK_LIMITED,확인제한,,,,0,kospi_universe_summary_latest.csv,2026-06-19T09:20:11+09:00,DART_WHOLE_MARKET_LOOKBACK_CAPPED_90D_FROM_180D
004560,현대비앤지스틸,CHECK_LIMITED,확인제한,,,,0,kospi_universe_summary_latest.csv,2026-06-19T09:20:11+09:00,DART_WHOLE_MARKET_LOOKBACK_CAPPED_90D_FROM_180D
004590,한국가구,CHECK_LIMITED,확인제한,,,,0,kosdaq_universe_summary_latest.csv,2026-06-19T09:20:11+09:00,DART_WHOLE_MARKET_LOOKBACK_CAPPED_90D_FROM_180D
004650,창해에탄올,CHECK_LIMITED,확인제한,,,,0,kosdaq_universe_summary_latest.csv,2026-06-19T09:20:11+09:00,DART_WHOLE_MARKET_LOOKBACK_CAPPED_90D_FROM_180D
004690,삼천리,CHECK_LIMITED,확인제한,,,,0,kospi_universe_summary_latest.csv,2026-06-19T09:20:11+09:00,DART_WHOLE_MARKET_LOOKBACK_CAPPED_90D_FROM_180D
004700,조광피혁,CHECK_LIMITED,확인제한,,,,0,kospi_universe_summary_latest.csv,2026-06-19T09:20:11+09:00,DART_WHOLE_MARKET_LOOKBACK_CAPPED_90D_FROM_180D
004710,한솔테크닉스,CHECK_LIMITED,확인제한,,,,0,kospi_universe_summary_latest.csv,2026-06-19T09:20:11+09:00,DART_WHOLE_MARKET_LOOKBACK_CAPPED_90D_FROM_180D
004720,팜젠사이언스,CHECK_LIMITED,확인제한,,,,0,kospi_universe_summary_latest.csv,2026-06-19T09:20:11+09:00,DART_WHOLE_MARKET_LOOKBACK_CAPPED_90D_FROM_180D
004770,써니전자,CHECK_LIMITED,확인제한,,,,0,kospi_universe_summary_latest.csv,2026-06-19T09:20:11+09:00,DART_WHOLE_MARKET_LOOKBACK_CAPPED_90D_FROM_180D
004780,대륙제관,CHECK_LIMITED,확인제한,,,,0,kosdaq_universe_summary_latest.csv,2026-06-19T09:20:11+09:00,DART_WHOLE_MARKET_LOOKBACK_CAPPED_90D_FROM_180D
004800,효성,CHECK_LIMITED,확인제한,,,,0,"kospi_monthly_cycle_latest.csv,kospi_universe_summary_latest.csv",2026-06-19T09:20:11+09:00,DART_WHOLE_MARKET_LOOKBACK_CAPPED_90D_FROM_180D
004830,덕성,CHECK_LIMITED,확인제한,,,,0,kospi_universe_summary_latest.csv,2026-06-19T09:20:11+09:00,DART_WHOLE_MARKET_LOOKBACK_CAPPED_90D_FROM_180D
004835,덕성우,CHECK_LIMITED,확인제한,,,,0,kospi_universe_summary_latest.csv,2026-06-19T09:20:11+09:00,DART_WHOLE_MARKET_LOOKBACK_CAPPED_90D_FROM_180D
004840,DRB동일,CHECK_LIMITED,확인제한,,,,0,kospi_universe_summary_latest.csv,2026-06-19T09:20:11+09:00,DART_WHOLE_MARKET_LOOKBACK_CAPPED_90D_FROM_180D
004870,티웨이홀딩스,CHECK_LIMITED,확인제한,,,,0,"kospi_gainers_1m_latest.csv,kospi_universe_summary_latest.csv",2026-06-19T09:20:11+09:00,DART_WHOLE_MARKET_LOOKBACK_CAPPED_90D_FROM_180D
004890,동일산업,CHECK_LIMITED,확인제한,,,,0,kospi_universe_summary_latest.csv,2026-06-19T09:20:11+09:00,DART_WHOLE_MARKET_LOOKBACK_CAPPED_90D_FROM_180D
004910,조광페인트,CHECK_LIMITED,확인제한,,,,0,kospi_universe_summary_latest.csv,2026-06-19T09:20:11+09:00,DART_WHOLE_MARKET_LOOKBACK_CAPPED_90D_FROM_180D
004920,씨아이테크,CHECK_LIMITED,확인제한,,,,0,kospi_universe_summary_latest.csv,2026-06-19T09:20:11+09:00,DART_WHOLE_MARKET_LOOKBACK_CAPPED_90D_FROM_180D
004960,한신공영,CHECK_LIMITED,확인제한,,,,0,kospi_universe_summary_latest.csv,2026-06-19T09:20:11+09:00,DART_WHOLE_MARKET_LOOKBACK_CAPPED_90D_FROM_180D
004970,신라교역,CHECK_LIMITED,확인제한,,,,0,kospi_universe_summary_latest.csv,2026-06-19T09:20:11+09:00,DART_WHOLE_MARKET_LOOKBACK_CAPPED_90D_FROM_180D
004980,성신양회,CHECK_LIMITED,확인제한,,,,0,kospi_universe_summary_latest.csv,2026-06-19T09:20:11+09:00,DART_WHOLE_MARKET_LOOKBACK_CAPPED_90D_FROM_180D
004985,성신양회우,CHECK_LIMITED,확인제한,,,,0,kospi_universe_summary_latest.csv,2026-06-19T09:20:11+09:00,DART_WHOLE_MARKET_LOOKBACK_CAPPED_90D_FROM_180D
004990,롯데지주,CHECK_LIMITED,확인제한,,,,0,kospi_universe_summary_latest.csv,2026-06-19T09:20:11+09:00,DART_WHOLE_MARKET_LOOKBACK_CAPPED_90D_FROM_180D
005010,휴스틸,CHECK_LIMITED,확인제한,,,,0,kospi_universe_summary_latest.csv,2026-06-19T09:20:11+09:00,DART_WHOLE_MARKET_LOOKBACK_CAPPED_90D_FROM_180D
005030,부산주공,CHECK_LIMITED,확인제한,,,,0,kospi_universe_summary_latest.csv,2026-06-19T09:20:11+09:00,DART_WHOLE_MARKET_LOOKBACK_CAPPED_90D_FROM_180D
005070,코스모신소재,CHECK_LIMITED,확인제한,,,,0,kospi_universe_summary_latest.csv,2026-06-19T09:20:11+09:00,DART_WHOLE_MARKET_LOOKBACK_CAPPED_90D_FROM_180D
005090,SGC에너지,CHECK_LIMITED,확인제한,,,,0,kospi_universe_summary_latest.csv,2026-06-19T09:20:11+09:00,DART_WHOLE_MARKET_LOOKBACK_CAPPED_90D_FROM_180D
005110,한창,CHECK_LIMITED,확인제한,,,,0,kospi_universe_summary_latest.csv,2026-06-19T09:20:11+09:00,DART_WHOLE_MARKET_LOOKBACK_CAPPED_90D_FROM_180D
005160,동국산업,CHECK_LIMITED,확인제한,,,,0,kosdaq_universe_summary_latest.csv,2026-06-19T09:20:11+09:00,DART_WHOLE_MARKET_LOOKBACK_CAPPED_90D_FROM_180D
005180,빙그레,CHECK_LIMITED,확인제한,,,,0,kospi_universe_summary_latest.csv,2026-06-19T09:20:11+09:00,DART_WHOLE_MARKET_LOOKBACK_CAPPED_90D_FROM_180D
005250,녹십자홀딩스,CHECK_LIMITED,확인제한,,,,0,kospi_universe_summary_latest.csv,2026-06-19T09:20:11+09:00,DART_WHOLE_MARKET_LOOKBACK_CAPPED_90D_FROM_180D
005257,녹십자홀딩스2우,CHECK_LIMITED,확인제한,,,,0,kospi_universe_summary_latest.csv,2026-06-19T09:20:11+09:00,DART_WHOLE_MARKET_LOOKBACK_CAPPED_90D_FROM_180D
005290,동진쎄미켐,CHECK_LIMITED,확인제한,,,,0,"kosdaq_candidates_10_latest.csv,kosdaq_recommend_5_latest.csv,kosdaq_universe_summary_latest.csv",2026-06-19T09:20:11+09:00,DART_WHOLE_MARKET_LOOKBACK_CAPPED_90D_FROM_180D
005300,롯데칠성,CHECK_LIMITED,확인제한,,,,0,kospi_universe_summary_latest.csv,2026-06-19T09:20:11+09:00,DART_WHOLE_MARKET_LOOKBACK_CAPPED_90D_FROM_180D
005305,롯데칠성우,CHECK_LIMITED,확인제한,,,,0,kospi_universe_summary_latest.csv,2026-06-19T09:20:11+09:00,DART_WHOLE_MARKET_LOOKBACK_CAPPED_90D_FROM_180D
005320,온타이드,CHECK_LIMITED,확인제한,,,,0,"kospi_gainers_1m_latest.csv,kospi_universe_summary_latest.csv",2026-06-19T09:20:11+09:00,DART_WHOLE_MARKET_LOOKBACK_CAPPED_90D_FROM_180D
005360,모나미,CHECK_LIMITED,확인제한,,,,0,kospi_universe_summary_latest.csv,2026-06-19T09:20:11+09:00,DART_WHOLE_MARKET_LOOKBACK_CAPPED_90D_FROM_180D
005380,현대차,CHECK_LIMITED,확인제한,,,,0,"kospi_candidates_30_latest.csv,kospi_fx_weakness_candidates_30_latest.csv,kospi_short_term_candidates_30_latest.csv,kospi_universe_summary_latest.csv,watchlist_summary_latest.csv",2026-06-19T09:20:11+09:00,DART_WHOLE_MARKET_LOOKBACK_CAPPED_90D_FROM_180D
005385,현대차우,CHECK_LIMITED,확인제한,,,,0,"kospi_universe_summary_latest.csv,watchlist_summary_latest.csv",2026-06-19T09:20:11+09:00,DART_WHOLE_MARKET_LOOKBACK_CAPPED_90D_FROM_180D
005387,현대차2우B,CHECK_LIMITED,확인제한,,,,0,"kospi_universe_summary_latest.csv,watchlist_summary_latest.csv",2026-06-19T09:20:11+09:00,DART_WHOLE_MARKET_LOOKBACK_CAPPED_90D_FROM_180D
005389,현대차3우B,CHECK_LIMITED,확인제한,,,,0,kospi_universe_summary_latest.csv,2026-06-19T09:20:11+09:00,DART_WHOLE_MARKET_LOOKBACK_CAPPED_90D_FROM_180D
005420,코스모화학,CHECK_LIMITED,확인제한,,,,0,kospi_universe_summary_latest.csv,2026-06-19T09:20:11+09:00,DART_WHOLE_MARKET_LOOKBACK_CAPPED_90D_FROM_180D
005430,한국공항,CHECK_LIMITED,확인제한,,,,0,kospi_universe_summary_latest.csv,2026-06-19T09:20:11+09:00,DART_WHOLE_MARKET_LOOKBACK_CAPPED_90D_FROM_180D
005440,현대지에프홀딩스,CHECK_LIMITED,확인제한,,,,0,kospi_universe_summary_latest.csv,2026-06-19T09:20:11+09:00,DART_WHOLE_MARKET_LOOKBACK_CAPPED_90D_FROM_180D
005490,POSCO홀딩스,CHECK_LIMITED,확인제한,,,,0,kospi_universe_summary_latest.csv,2026-06-19T09:20:11+09:00,DART_WHOLE_MARKET_LOOKBACK_CAPPED_90D_FROM_180D
005500,삼진제약,CHECK_LIMITED,확인제한,,,,0,kospi_universe_summary_latest.csv,2026-06-19T09:20:11+09:00,DART_WHOLE_MARKET_LOOKBACK_CAPPED_90D_FROM_180D
005610,삼립,CHECK_LIMITED,확인제한,,,,0,kospi_universe_summary_latest.csv,2026-06-19T09:20:11+09:00,DART_WHOLE_MARKET_LOOKBACK_CAPPED_90D_FROM_180D
005670,푸드웰,CHECK_LIMITED,확인제한,,,,0,kosdaq_universe_summary_latest.csv,2026-06-19T09:20:11+09:00,DART_WHOLE_MARKET_LOOKBACK_CAPPED_90D_FROM_180D
005680,삼영전자,CHECK_LIMITED,확인제한,,,,0,kospi_universe_summary_latest.csv,2026-06-19T09:20:11+09:00,DART_WHOLE_MARKET_LOOKBACK_CAPPED_90D_FROM_180D
005690,파미셀,CHECK_LIMITED,확인제한,,,,0,kospi_universe_summary_latest.csv,2026-06-19T09:20:11+09:00,DART_WHOLE_MARKET_LOOKBACK_CAPPED_90D_FROM_180D
005710,대원산업,CHECK_LIMITED,확인제한,,,,0,kosdaq_universe_summary_latest.csv,2026-06-19T09:20:11+09:00,DART_WHOLE_MARKET_LOOKBACK_CAPPED_90D_FROM_180D
005720,넥센,CHECK_LIMITED,확인제한,,,,0,kospi_universe_summary_latest.csv,2026-06-19T09:20:11+09:00,DART_WHOLE_MARKET_LOOKBACK_CAPPED_90D_FROM_180D
005725,넥센우,CHECK_LIMITED,확인제한,,,,0,kospi_universe_summary_latest.csv,2026-06-19T09:20:11+09:00,DART_WHOLE_MARKET_LOOKBACK_CAPPED_90D_FROM_180D
005740,크라운해태홀딩스,CHECK_LIMITED,확인제한,,,,0,kospi_universe_summary_latest.csv,2026-06-19T09:20:11+09:00,DART_WHOLE_MARKET_LOOKBACK_CAPPED_90D_FROM_180D
005745,크라운해태홀딩스우,CHECK_LIMITED,확인제한,,,,0,kospi_universe_summary_latest.csv,2026-06-19T09:20:11+09:00,DART_WHOLE_MARKET_LOOKBACK_CAPPED_90D_FROM_180D
005750,대림바스,CHECK_LIMITED,확인제한,,,,0,kospi_universe_summary_latest.csv,2026-06-19T09:20:11+09:00,DART_WHOLE_MARKET_LOOKBACK_CAPPED_90D_FROM_180D
005800,신영와코루,CHECK_LIMITED,확인제한,,,,0,kospi_universe_summary_latest.csv,2026-06-19T09:20:11+09:00,DART_WHOLE_MARKET_LOOKBACK_CAPPED_90D_FROM_180D
005810,풍산홀딩스,CHECK_LIMITED,확인제한,,,,0,kospi_universe_summary_latest.csv,2026-06-19T09:20:11+09:00,DART_WHOLE_MARKET_LOOKBACK_CAPPED_90D_FROM_180D
005820,원림,CHECK_LIMITED,확인제한,,,,0,kospi_universe_summary_latest.csv,2026-06-19T09:20:11+09:00,DART_WHOLE_MARKET_LOOKBACK_CAPPED_90D_FROM_180D
005830,DB손해보험,CHECK_LIMITED,확인제한,,,,0,kospi_universe_summary_latest.csv,2026-06-19T09:20:11+09:00,DART_WHOLE_MARKET_LOOKBACK_CAPPED_90D_FROM_180D
005850,에스엘,CHECK_LIMITED,확인제한,,,,0,"kospi_short_term_candidates_30_latest.csv,kospi_universe_summary_latest.csv",2026-06-19T09:20:11+09:00,DART_WHOLE_MARKET_LOOKBACK_CAPPED_90D_FROM_180D
005860,한일사료,CHECK_LIMITED,확인제한,,,,0,kosdaq_universe_summary_latest.csv,2026-06-19T09:20:11+09:00,DART_WHOLE_MARKET_LOOKBACK_CAPPED_90D_FROM_180D
005870,휴니드,CHECK_LIMITED,확인제한,,,,0,kospi_universe_summary_latest.csv,2026-06-19T09:20:11+09:00,DART_WHOLE_MARKET_LOOKBACK_CAPPED_90D_FROM_180D
005880,대한해운,CHECK_LIMITED,확인제한,,,,0,kospi_universe_summary_latest.csv,2026-06-19T09:20:11+09:00,DART_WHOLE_MARKET_LOOKBACK_CAPPED_90D_FROM_180D
005930,삼성전자,CHECK_LIMITED,확인제한,,,,0,"kospi_fx_weakness_candidates_30_latest.csv,kospi_universe_summary_latest.csv,watchlist_summary_latest.csv",2026-06-19T09:20:11+09:00,DART_WHOLE_MARKET_LOOKBACK_CAPPED_90D_FROM_180D
005935,삼성전자우,CHECK_LIMITED,확인제한,,,,0,"kospi_universe_summary_latest.csv,watchlist_summary_latest.csv",2026-06-19T09:20:11+09:00,DART_WHOLE_MARKET_LOOKBACK_CAPPED_90D_FROM_180D
005940,NH투자증권,CHECK_LIMITED,확인제한,,,,0,kospi_universe_summary_latest.csv,2026-06-19T09:20:11+09:00,DART_WHOLE_MARKET_LOOKBACK_CAPPED_90D_FROM_180D
005945,NH투자증권우,CHECK_LIMITED,확인제한,,,,0,kospi_universe_summary_latest.csv,2026-06-19T09:20:11+09:00,DART_WHOLE_MARKET_LOOKBACK_CAPPED_90D_FROM_180D
005950,이수화학,CHECK_LIMITED,확인제한,,,,0,kospi_universe_summary_latest.csv,2026-06-19T09:20:11+09:00,DART_WHOLE_MARKET_LOOKBACK_CAPPED_90D_FROM_180D
005960,동부건설,CHECK_LIMITED,확인제한,,,,0,kospi_universe_summary_latest.csv,2026-06-19T09:20:11+09:00,DART_WHOLE_MARKET_LOOKBACK_CAPPED_90D_FROM_180D
005965,동부건설우,CHECK_LIMITED,확인제한,,,,0,kospi_universe_summary_latest.csv,2026-06-19T09:20:11+09:00,DART_WHOLE_MARKET_LOOKBACK_CAPPED_90D_FROM_180D
005990,매일홀딩스,CHECK_LIMITED,확인제한,,,,0,kosdaq_universe_summary_latest.csv,2026-06-19T09:20:11+09:00,DART_WHOLE_MARKET_LOOKBACK_CAPPED_90D_FROM_180D
006040,동원산업,CHECK_LIMITED,확인제한,,,,0,kospi_universe_summary_latest.csv,2026-06-19T09:20:11+09:00,DART_WHOLE_MARKET_LOOKBACK_CAPPED_90D_FROM_180D
006050,국영지앤엠,CHECK_LIMITED,확인제한,,,,0,kosdaq_universe_summary_latest.csv,2026-06-19T09:20:11+09:00,DART_WHOLE_MARKET_LOOKBACK_CAPPED_90D_FROM_180D
006060,화승인더,CHECK_LIMITED,확인제한,,,,0,kospi_universe_summary_latest.csv,2026-06-19T09:20:11+09:00,DART_WHOLE_MARKET_LOOKBACK_CAPPED_90D_FROM_180D
006090,사조오양,CHECK_LIMITED,확인제한,,,,0,kospi_universe_summary_latest.csv,2026-06-19T09:20:11+09:00,DART_WHOLE_MARKET_LOOKBACK_CAPPED_90D_FROM_180D
006110,삼아알미늄,CHECK_LIMITED,확인제한,,,,0,kospi_universe_summary_latest.csv,2026-06-19T09:20:11+09:00,DART_WHOLE_MARKET_LOOKBACK_CAPPED_90D_FROM_180D
006120,SK디스커버리,CHECK_LIMITED,확인제한,,,,0,kospi_universe_summary_latest.csv,2026-06-19T09:20:11+09:00,DART_WHOLE_MARKET_LOOKBACK_CAPPED_90D_FROM_180D
006125,SK디스커버리우,CHECK_LIMITED,확인제한,,,,0,kospi_universe_summary_latest.csv,2026-06-19T09:20:11+09:00,DART_WHOLE_MARKET_LOOKBACK_CAPPED_90D_FROM_180D
006140,피제이전자,CHECK_LIMITED,확인제한,,,,0,kosdaq_universe_summary_latest.csv,2026-06-19T09:20:11+09:00,DART_WHOLE_MARKET_LOOKBACK_CAPPED_90D_FROM_180D
006200,한국전자홀딩스,CHECK_LIMITED,확인제한,,,,0,"kospi_gainers_1m_latest.csv,kospi_universe_summary_latest.csv",2026-06-19T09:20:11+09:00,DART_WHOLE_MARKET_LOOKBACK_CAPPED_90D_FROM_180D
006220,제주은행,CHECK_LIMITED,확인제한,,,,0,"kospi_candidates_30_latest.csv,kospi_monthly_cycle_latest.csv,kospi_short_term_candidates_30_latest.csv,kospi_universe_summary_latest.csv",2026-06-19T09:20:11+09:00,DART_WHOLE_MARKET_LOOKBACK_CAPPED_90D_FROM_180D
006260,LS,CHECK_LIMITED,확인제한,,,,0,"kospi_universe_summary_latest.csv,watchlist_summary_latest.csv",2026-06-19T09:20:11+09:00,DART_WHOLE_MARKET_LOOKBACK_CAPPED_90D_FROM_180D
006280,녹십자,CHECK_LIMITED,확인제한,,,,0,kospi_universe_summary_latest.csv,2026-06-19T09:20:11+09:00,DART_WHOLE_MARKET_LOOKBACK_CAPPED_90D_FROM_180D
006340,대원전선,CHECK_LIMITED,확인제한,,,,0,kospi_universe_summary_latest.csv,2026-06-19T09:20:11+09:00,DART_WHOLE_MARKET_LOOKBACK_CAPPED_90D_FROM_180D
006345,대원전선우,CHECK_LIMITED,확인제한,,,,0,kospi_universe_summary_latest.csv,2026-06-19T09:20:11+09:00,DART_WHOLE_MARKET_LOOKBACK_CAPPED_90D_FROM_180D
006360,GS건설,CHECK_LIMITED,확인제한,,,,0,kospi_universe_summary_latest.csv,2026-06-19T09:20:11+09:00,DART_WHOLE_MARKET_LOOKBACK_CAPPED_90D_FROM_180D
006370,대구백화점,CHECK_LIMITED,확인제한,,,,0,kospi_universe_summary_latest.csv,2026-06-19T09:20:11+09:00,DART_WHOLE_MARKET_LOOKBACK_CAPPED_90D_FROM_180D
006380,카프로,CHECK_LIMITED,확인제한,,,,0,kospi_universe_summary_latest.csv,2026-06-19T09:20:11+09:00,DART_WHOLE_MARKET_LOOKBACK_CAPPED_90D_FROM_180D
006400,삼성SDI,CHECK_LIMITED,확인제한,,,,0,"kospi_fx_weakness_candidates_30_latest.csv,kospi_monthly_cycle_latest.csv,kospi_universe_summary_latest.csv,watchlist_summary_latest.csv",2026-06-19T09:20:11+09:00,DART_WHOLE_MARKET_LOOKBACK_CAPPED_90D_FROM_180D
006405,삼성SDI우,CHECK_LIMITED,확인제한,,,,0,kospi_universe_summary_latest.csv,2026-06-19T09:20:11+09:00,DART_WHOLE_MARKET_LOOKBACK_CAPPED_90D_FROM_180D
006490,인스코비,CHECK_LIMITED,확인제한,,,,0,kospi_universe_summary_latest.csv,2026-06-19T09:20:11+09:00,DART_WHOLE_MARKET_LOOKBACK_CAPPED_90D_FROM_180D
006570,대림통상,CHECK_LIMITED,확인제한,,,,0,kospi_universe_summary_latest.csv,2026-06-19T09:20:11+09:00,DART_WHOLE_MARKET_LOOKBACK_CAPPED_90D_FROM_180D
006620,동구바이오제약,CHECK_LIMITED,확인제한,,,,0,kosdaq_universe_summary_latest.csv,2026-06-19T09:20:11+09:00,DART_WHOLE_MARKET_LOOKBACK_CAPPED_90D_FROM_180D
006650,대한유화,CHECK_LIMITED,확인제한,,,,0,kospi_universe_summary_latest.csv,2026-06-19T09:20:11+09:00,DART_WHOLE_MARKET_LOOKBACK_CAPPED_90D_FROM_180D
006660,삼성공조,CHECK_LIMITED,확인제한,,,,0,kospi_universe_summary_latest.csv,2026-06-19T09:20:11+09:00,DART_WHOLE_MARKET_LOOKBACK_CAPPED_90D_FROM_180D
006730,서부T&D,CHECK_LIMITED,확인제한,,,,0,kosdaq_universe_summary_latest.csv,2026-06-19T09:20:11+09:00,DART_WHOLE_MARKET_LOOKBACK_CAPPED_90D_FROM_180D
006740,블루산업개발,CHECK_LIMITED,확인제한,,,,0,kospi_universe_summary_latest.csv,2026-06-19T09:20:11+09:00,DART_WHOLE_MARKET_LOOKBACK_CAPPED_90D_FROM_180D
006800,미래에셋증권,CHECK_LIMITED,확인제한,,,,0,"kospi_universe_summary_latest.csv,watchlist_summary_latest.csv",2026-06-19T09:20:11+09:00,DART_WHOLE_MARKET_LOOKBACK_CAPPED_90D_FROM_180D
006805,미래에셋증권우,CHECK_LIMITED,확인제한,,,,0,kospi_universe_summary_latest.csv,2026-06-19T09:20:11+09:00,DART_WHOLE_MARKET_LOOKBACK_CAPPED_90D_FROM_180D
006840,AK홀딩스,CHECK_LIMITED,확인제한,,,,0,kospi_universe_summary_latest.csv,2026-06-19T09:20:11+09:00,DART_WHOLE_MARKET_LOOKBACK_CAPPED_90D_FROM_180D
006880,신송홀딩스,CHECK_LIMITED,확인제한,,,,0,kospi_universe_summary_latest.csv,2026-06-19T09:20:11+09:00,DART_WHOLE_MARKET_LOOKBACK_CAPPED_90D_FROM_180D
006890,태경케미컬,CHECK_LIMITED,확인제한,,,,0,kospi_universe_summary_latest.csv,2026-06-19T09:20:11+09:00,DART_WHOLE_MARKET_LOOKBACK_CAPPED_90D_FROM_180D
006910,보성파워텍,CHECK_LIMITED,확인제한,,,,0,kosdaq_universe_summary_latest.csv,2026-06-19T09:20:11+09:00,DART_WHOLE_MARKET_LOOKBACK_CAPPED_90D_FROM_180D
006920,모헨즈,CHECK_LIMITED,확인제한,,,,0,kosdaq_universe_summary_latest.csv,2026-06-19T09:20:11+09:00,DART_WHOLE_MARKET_LOOKBACK_CAPPED_90D_FROM_180D
006980,우성,CHECK_LIMITED,확인제한,,,,0,kospi_universe_summary_latest.csv,2026-06-19T09:20:11+09:00,DART_WHOLE_MARKET_LOOKBACK_CAPPED_90D_FROM_180D
007070,GS리테일,CHECK_LIMITED,확인제한,,,,0,kospi_universe_summary_latest.csv,2026-06-19T09:20:11+09:00,DART_WHOLE_MARKET_LOOKBACK_CAPPED_90D_FROM_180D
007110,일신석재,CHECK_LIMITED,확인제한,,,,0,kospi_universe_summary_latest.csv,2026-06-19T09:20:11+09:00,DART_WHOLE_MARKET_LOOKBACK_CAPPED_90D_FROM_180D
007120,미래아이앤지,CHECK_LIMITED,확인제한,,,,0,kospi_universe_summary_latest.csv,2026-06-19T09:20:11+09:00,DART_WHOLE_MARKET_LOOKBACK_CAPPED_90D_FROM_180D
007160,사조산업,CHECK_LIMITED,확인제한,,,,0,kospi_universe_summary_latest.csv,2026-06-19T09:20:11+09:00,DART_WHOLE_MARKET_LOOKBACK_CAPPED_90D_FROM_180D
007210,벽산,CHECK_LIMITED,확인제한,,,,0,kospi_universe_summary_latest.csv,2026-06-19T09:20:11+09:00,DART_WHOLE_MARKET_LOOKBACK_CAPPED_90D_FROM_180D
007280,한국특강,CHECK_LIMITED,확인제한,,,,0,kospi_universe_summary_latest.csv,2026-06-19T09:20:11+09:00,DART_WHOLE_MARKET_LOOKBACK_CAPPED_90D_FROM_180D
007310,오뚜기,CHECK_LIMITED,확인제한,,,,0,kospi_universe_summary_latest.csv,2026-06-19T09:20:11+09:00,DART_WHOLE_MARKET_LOOKBACK_CAPPED_90D_FROM_180D
007330,푸른저축은행,CHECK_LIMITED,확인제한,,,,0,kosdaq_universe_summary_latest.csv,2026-06-19T09:20:11+09:00,DART_WHOLE_MARKET_LOOKBACK_CAPPED_90D_FROM_180D
007340,DN오토모티브,CHECK_LIMITED,확인제한,,,,0,kospi_universe_summary_latest.csv,2026-06-19T09:20:11+09:00,DART_WHOLE_MARKET_LOOKBACK_CAPPED_90D_FROM_180D
007370,진양제약,CHECK_LIMITED,확인제한,,,,0,kosdaq_universe_summary_latest.csv,2026-06-19T09:20:11+09:00,DART_WHOLE_MARKET_LOOKBACK_CAPPED_90D_FROM_180D
007390,네이처셀,CHECK_LIMITED,확인제한,,,,0,kosdaq_universe_summary_latest.csv,2026-06-19T09:20:11+09:00,DART_WHOLE_MARKET_LOOKBACK_CAPPED_90D_FROM_180D
007460,에이프로젠,CHECK_LIMITED,확인제한,,,,0,kospi_universe_summary_latest.csv,2026-06-19T09:20:11+09:00,DART_WHOLE_MARKET_LOOKBACK_CAPPED_90D_FROM_180D
007530,와이엠,CHECK_LIMITED,확인제한,,,,0,kosdaq_universe_summary_latest.csv,2026-06-19T09:20:11+09:00,DART_WHOLE_MARKET_LOOKBACK_CAPPED_90D_FROM_180D
007540,샘표,CHECK_LIMITED,확인제한,,,,0,kospi_universe_summary_latest.csv,2026-06-19T09:20:11+09:00,DART_WHOLE_MARKET_LOOKBACK_CAPPED_90D_FROM_180D
007570,일양약품,CHECK_LIMITED,확인제한,,,,0,kospi_universe_summary_latest.csv,2026-06-19T09:20:11+09:00,DART_WHOLE_MARKET_LOOKBACK_CAPPED_90D_FROM_180D
007575,일양약품우,CHECK_LIMITED,확인제한,,,,0,kospi_universe_summary_latest.csv,2026-06-19T09:20:11+09:00,DART_WHOLE_MARKET_LOOKBACK_CAPPED_90D_FROM_180D
007590,동방아그로,CHECK_LIMITED,확인제한,,,,0,kospi_universe_summary_latest.csv,2026-06-19T09:20:11+09:00,DART_WHOLE_MARKET_LOOKBACK_CAPPED_90D_FROM_180D
007610,선도전기,CHECK_LIMITED,확인제한,,,,0,kospi_universe_summary_latest.csv,2026-06-19T09:20:11+09:00,DART_WHOLE_MARKET_LOOKBACK_CAPPED_90D_FROM_180D
007660,이수페타시스,CHECK_LIMITED,확인제한,,,,0,"kospi_candidates_30_latest.csv,kospi_fx_weakness_candidates_30_latest.csv,kospi_universe_summary_latest.csv",2026-06-19T09:20:11+09:00,DART_WHOLE_MARKET_LOOKBACK_CAPPED_90D_FROM_180D
007680,대원,CHECK_LIMITED,확인제한,,,,0,kosdaq_universe_summary_latest.csv,2026-06-19T09:20:11+09:00,DART_WHOLE_MARKET_LOOKBACK_CAPPED_90D_FROM_180D
007690,국도화학,CHECK_LIMITED,확인제한,,,,0,kospi_universe_summary_latest.csv,2026-06-19T09:20:11+09:00,DART_WHOLE_MARKET_LOOKBACK_CAPPED_90D_FROM_180D
007700,F&F홀딩스,CHECK_LIMITED,확인제한,,,,0,kospi_universe_summary_latest.csv,2026-06-19T09:20:11+09:00,DART_WHOLE_MARKET_LOOKBACK_CAPPED_90D_FROM_180D
007720,소노스퀘어,CHECK_LIMITED,확인제한,,,,0,kosdaq_universe_summary_latest.csv,2026-06-19T09:20:11+09:00,DART_WHOLE_MARKET_LOOKBACK_CAPPED_90D_FROM_180D
007770,한일화학,CHECK_LIMITED,확인제한,,,,0,kosdaq_universe_summary_latest.csv,2026-06-19T09:20:11+09:00,DART_WHOLE_MARKET_LOOKBACK_CAPPED_90D_FROM_180D
007810,코리아써키트,CHECK_LIMITED,확인제한,,,,0,"kospi_gainers_1m_latest.csv,kospi_universe_summary_latest.csv,watchlist_summary_latest.csv",2026-06-19T09:20:11+09:00,DART_WHOLE_MARKET_LOOKBACK_CAPPED_90D_FROM_180D
007815,코리아써우,CHECK_LIMITED,확인제한,,,,0,kospi_universe_summary_latest.csv,2026-06-19T09:20:11+09:00,DART_WHOLE_MARKET_LOOKBACK_CAPPED_90D_FROM_180D
007820,엠엑스로보틱스,CHECK_LIMITED,확인제한,,,,0,kosdaq_universe_summary_latest.csv,2026-06-19T09:20:11+09:00,DART_WHOLE_MARKET_LOOKBACK_CAPPED_90D_FROM_180D
007860,서연,CHECK_LIMITED,확인제한,,,,0,kospi_universe_summary_latest.csv,2026-06-19T09:20:11+09:00,DART_WHOLE_MARKET_LOOKBACK_CAPPED_90D_FROM_180D
007980,TP,CHECK_LIMITED,확인제한,,,,0,kospi_universe_summary_latest.csv,2026-06-19T09:20:11+09:00,DART_WHOLE_MARKET_LOOKBACK_CAPPED_90D_FROM_180D
008040,사조동아원,CHECK_LIMITED,확인제한,,,,0,kospi_universe_summary_latest.csv,2026-06-19T09:20:11+09:00,DART_WHOLE_MARKET_LOOKBACK_CAPPED_90D_FROM_180D
008060,대덕,CHECK_LIMITED,확인제한,,,,0,kospi_universe_summary_latest.csv,2026-06-19T09:20:11+09:00,DART_WHOLE_MARKET_LOOKBACK_CAPPED_90D_FROM_180D
008110,대동전자,CHECK_LIMITED,확인제한,,,,0,kospi_universe_summary_latest.csv,2026-06-19T09:20:11+09:00,DART_WHOLE_MARKET_LOOKBACK_CAPPED_90D_FROM_180D
008250,이건산업,CHECK_LIMITED,확인제한,,,,0,kospi_universe_summary_latest.csv,2026-06-19T09:20:11+09:00,DART_WHOLE_MARKET_LOOKBACK_CAPPED_90D_FROM_180D
008260,NI스틸,CHECK_LIMITED,확인제한,,,,0,kospi_universe_summary_latest.csv,2026-06-19T09:20:11+09:00,DART_WHOLE_MARKET_LOOKBACK_CAPPED_90D_FROM_180D
008290,원풍물산,CHECK_LIMITED,확인제한,,,,0,kosdaq_universe_summary_latest.csv,2026-06-19T09:20:11+09:00,DART_WHOLE_MARKET_LOOKBACK_CAPPED_90D_FROM_180D
008350,남선알미늄,CHECK_LIMITED,확인제한,,,,0,kospi_universe_summary_latest.csv,2026-06-19T09:20:11+09:00,DART_WHOLE_MARKET_LOOKBACK_CAPPED_90D_FROM_180D
008355,남선알미우,CHECK_LIMITED,확인제한,,,,0,kospi_universe_summary_latest.csv,2026-06-19T09:20:11+09:00,DART_WHOLE_MARKET_LOOKBACK_CAPPED_90D_FROM_180D
008370,원풍,CHECK_LIMITED,확인제한,,,,0,kosdaq_universe_summary_latest.csv,2026-06-19T09:20:11+09:00,DART_WHOLE_MARKET_LOOKBACK_CAPPED_90D_FROM_180D
008420,문배철강,CHECK_LIMITED,확인제한,,,,0,kospi_universe_summary_latest.csv,2026-06-19T09:20:11+09:00,DART_WHOLE_MARKET_LOOKBACK_CAPPED_90D_FROM_180D
008470,부스타,CHECK_LIMITED,확인제한,,,,0,kosdaq_universe_summary_latest.csv,2026-06-19T09:20:11+09:00,DART_WHOLE_MARKET_LOOKBACK_CAPPED_90D_FROM_180D
008490,서흥,CHECK_LIMITED,확인제한,,,,0,kospi_universe_summary_latest.csv,2026-06-19T09:20:11+09:00,DART_WHOLE_MARKET_LOOKBACK_CAPPED_90D_FROM_180D
008500,일정실업,CHECK_LIMITED,확인제한,,,,0,kospi_universe_summary_latest.csv,2026-06-19T09:20:11+09:00,DART_WHOLE_MARKET_LOOKBACK_CAPPED_90D_FROM_180D
008600,윌비스,CHECK_LIMITED,확인제한,,,,0,kospi_universe_summary_latest.csv,2026-06-19T09:20:11+09:00,DART_WHOLE_MARKET_LOOKBACK_CAPPED_90D_FROM_180D
008700,아남전자,CHECK_LIMITED,확인제한,,,,0,kospi_universe_summary_latest.csv,2026-06-19T09:20:11+09:00,DART_WHOLE_MARKET_LOOKBACK_CAPPED_90D_FROM_180D
008730,율촌화학,CHECK_LIMITED,확인제한,,,,0,kospi_universe_summary_latest.csv,2026-06-19T09:20:11+09:00,DART_WHOLE_MARKET_LOOKBACK_CAPPED_90D_FROM_180D
008770,호텔신라,CHECK_LIMITED,확인제한,,,,0,kospi_universe_summary_latest.csv,2026-06-19T09:20:11+09:00,DART_WHOLE_MARKET_LOOKBACK_CAPPED_90D_FROM_180D
008775,호텔신라우,CHECK_LIMITED,확인제한,,,,0,kospi_universe_summary_latest.csv,2026-06-19T09:20:11+09:00,DART_WHOLE_MARKET_LOOKBACK_CAPPED_90D_FROM_180D
008830,대동기어,CHECK_LIMITED,확인제한,,,,0,kosdaq_universe_summary_latest.csv,2026-06-19T09:20:11+09:00,DART_WHOLE_MARKET_LOOKBACK_CAPPED_90D_FROM_180D
008870,금비,CHECK_LIMITED,확인제한,,,,0,kospi_universe_summary_latest.csv,2026-06-19T09:20:11+09:00,DART_WHOLE_MARKET_LOOKBACK_CAPPED_90D_FROM_180D
008930,한미사이언스,CHECK_LIMITED,확인제한,,,,0,kospi_universe_summary_latest.csv,2026-06-19T09:20:11+09:00,DART_WHOLE_MARKET_LOOKBACK_CAPPED_90D_FROM_180D
008970,KBI동양철관,CHECK_LIMITED,확인제한,,,,0,kospi_universe_summary_latest.csv,2026-06-19T09:20:11+09:00,DART_WHOLE_MARKET_LOOKBACK_CAPPED_90D_FROM_180D
009070,KCTC,CHECK_LIMITED,확인제한,,,,0,kospi_universe_summary_latest.csv,2026-06-19T09:20:11+09:00,DART_WHOLE_MARKET_LOOKBACK_CAPPED_90D_FROM_180D
009140,경인전자,CHECK_LIMITED,확인제한,,,,0,kospi_universe_summary_latest.csv,2026-06-19T09:20:11+09:00,DART_WHOLE_MARKET_LOOKBACK_CAPPED_90D_FROM_180D
009150,삼성전기,CHECK_LIMITED,확인제한,,,,0,"kospi_gainers_1m_latest.csv,kospi_universe_summary_latest.csv,watchlist_summary_latest.csv",2026-06-19T09:20:11+09:00,DART_WHOLE_MARKET_LOOKBACK_CAPPED_90D_FROM_180D
009155,삼성전기우,CHECK_LIMITED,확인제한,,,,0,kospi_universe_summary_latest.csv,2026-06-19T09:20:11+09:00,DART_WHOLE_MARKET_LOOKBACK_CAPPED_90D_FROM_180D
009160,SIMPAC,CHECK_LIMITED,확인제한,,,,0,kospi_universe_summary_latest.csv,2026-06-19T09:20:11+09:00,DART_WHOLE_MARKET_LOOKBACK_CAPPED_90D_FROM_180D
009180,한솔로지스틱스,CHECK_LIMITED,확인제한,,,,0,kospi_universe_summary_latest.csv,2026-06-19T09:20:11+09:00,DART_WHOLE_MARKET_LOOKBACK_CAPPED_90D_FROM_180D
009190,대양금속,CHECK_LIMITED,확인제한,,,,0,kospi_universe_summary_latest.csv,2026-06-19T09:20:11+09:00,DART_WHOLE_MARKET_LOOKBACK_CAPPED_90D_FROM_180D
009200,무림페이퍼,CHECK_LIMITED,확인제한,,,,0,kospi_universe_summary_latest.csv,2026-06-19T09:20:11+09:00,DART_WHOLE_MARKET_LOOKBACK_CAPPED_90D_FROM_180D
009240,한샘,CHECK_LIMITED,확인제한,,,,0,kospi_universe_summary_latest.csv,2026-06-19T09:20:11+09:00,DART_WHOLE_MARKET_LOOKBACK_CAPPED_90D_FROM_180D
009270,신원,CHECK_LIMITED,확인제한,,,,0,kospi_universe_summary_latest.csv,2026-06-19T09:20:11+09:00,DART_WHOLE_MARKET_LOOKBACK_CAPPED_90D_FROM_180D
009290,광동제약,CHECK_LIMITED,확인제한,,,,0,kospi_universe_summary_latest.csv,2026-06-19T09:20:11+09:00,DART_WHOLE_MARKET_LOOKBACK_CAPPED_90D_FROM_180D
009300,삼아제약,CHECK_LIMITED,확인제한,,,,0,kosdaq_universe_summary_latest.csv,2026-06-19T09:20:11+09:00,DART_WHOLE_MARKET_LOOKBACK_CAPPED_90D_FROM_180D
009310,참엔지니어링,CHECK_LIMITED,확인제한,,,,0,kospi_universe_summary_latest.csv,2026-06-19T09:20:11+09:00,DART_WHOLE_MARKET_LOOKBACK_CAPPED_90D_FROM_180D
009320,아진전자부품,CHECK_LIMITED,확인제한,,,,0,kospi_universe_summary_latest.csv,2026-06-19T09:20:11+09:00,DART_WHOLE_MARKET_LOOKBACK_CAPPED_90D_FROM_180D
009410,태영건설,CHECK_LIMITED,확인제한,,,,0,kospi_universe_summary_latest.csv,2026-06-19T09:20:11+09:00,DART_WHOLE_MARKET_LOOKBACK_CAPPED_90D_FROM_180D
009415,태영건설우,CHECK_LIMITED,확인제한,,,,0,kospi_universe_summary_latest.csv,2026-06-19T09:20:11+09:00,DART_WHOLE_MARKET_LOOKBACK_CAPPED_90D_FROM_180D
009420,한올바이오파마,CHECK_LIMITED,확인제한,,,,0,kospi_universe_summary_latest.csv,2026-06-19T09:20:11+09:00,DART_WHOLE_MARKET_LOOKBACK_CAPPED_90D_FROM_180D
009440,KC그린홀딩스,CHECK_LIMITED,확인제한,,,,0,kospi_universe_summary_latest.csv,2026-06-19T09:20:11+09:00,DART_WHOLE_MARKET_LOOKBACK_CAPPED_90D_FROM_180D
009450,경동나비엔,CHECK_LIMITED,확인제한,,,,0,kospi_universe_summary_latest.csv,2026-06-19T09:20:11+09:00,DART_WHOLE_MARKET_LOOKBACK_CAPPED_90D_FROM_180D
009460,한창제지,CHECK_LIMITED,확인제한,,,,0,kospi_universe_summary_latest.csv,2026-06-19T09:20:11+09:00,DART_WHOLE_MARKET_LOOKBACK_CAPPED_90D_FROM_180D
009470,삼화전기,CHECK_LIMITED,확인제한,,,,0,"kospi_fx_weakness_candidates_30_latest.csv,kospi_universe_summary_latest.csv",2026-06-19T09:20:11+09:00,DART_WHOLE_MARKET_LOOKBACK_CAPPED_90D_FROM_180D
009520,포스코엠텍,CHECK_LIMITED,확인제한,,,,0,kosdaq_universe_summary_latest.csv,2026-06-19T09:20:11+09:00,DART_WHOLE_MARKET_LOOKBACK_CAPPED_90D_FROM_180D
009540,HD한국조선해양,CHECK_LIMITED,확인제한,,,,0,"kospi_candidates_30_latest.csv,kospi_fx_weakness_candidates_30_latest.csv,kospi_fx_weakness_recommend_7_latest.csv,kospi_monthly_cycle_latest.csv,kospi_short_term_candidates_30_latest.csv,kospi_universe_summary_latest.csv",2026-06-19T09:20:11+09:00,DART_WHOLE_MARKET_LOOKBACK_CAPPED_90D_FROM_180D
009580,무림P&P,CHECK_LIMITED,확인제한,,,,0,kospi_universe_summary_latest.csv,2026-06-19T09:20:11+09:00,DART_WHOLE_MARKET_LOOKBACK_CAPPED_90D_FROM_180D
009620,삼보산업,CHECK_LIMITED,확인제한,,,,0,kosdaq_universe_summary_latest.csv,2026-06-19T09:20:11+09:00,DART_WHOLE_MARKET_LOOKBACK_CAPPED_90D_FROM_180D
009680,모토닉,CHECK_LIMITED,확인제한,,,,0,kospi_universe_summary_latest.csv,2026-06-19T09:20:11+09:00,DART_WHOLE_MARKET_LOOKBACK_CAPPED_90D_FROM_180D
009730,이렘,CHECK_LIMITED,확인제한,,,,0,kosdaq_universe_summary_latest.csv,2026-06-19T09:20:11+09:00,DART_WHOLE_MARKET_LOOKBACK_CAPPED_90D_FROM_180D
009770,삼정펄프,CHECK_LIMITED,확인제한,,,,0,kospi_universe_summary_latest.csv,2026-06-19T09:20:11+09:00,DART_WHOLE_MARKET_LOOKBACK_CAPPED_90D_FROM_180D
009780,엠에스씨,CHECK_LIMITED,확인제한,,,,0,kosdaq_universe_summary_latest.csv,2026-06-19T09:20:11+09:00,DART_WHOLE_MARKET_LOOKBACK_CAPPED_90D_FROM_180D
009810,플레이그램,CHECK_LIMITED,확인제한,,,,0,"kospi_gainers_1m_latest.csv,kospi_universe_summary_latest.csv",2026-06-19T09:20:11+09:00,DART_WHOLE_MARKET_LOOKBACK_CAPPED_90D_FROM_180D
009830,한화솔루션,CHECK_LIMITED,확인제한,,,,0,kospi_universe_summary_latest.csv,2026-06-19T09:20:11+09:00,DART_WHOLE_MARKET_LOOKBACK_CAPPED_90D_FROM_180D
009835,한화솔루션우,CHECK_LIMITED,확인제한,,,,0,kospi_universe_summary_latest.csv,2026-06-19T09:20:11+09:00,DART_WHOLE_MARKET_LOOKBACK_CAPPED_90D_FROM_180D
009900,명신산업,CHECK_LIMITED,확인제한,,,,0,kospi_universe_summary_latest.csv,2026-06-19T09:20:11+09:00,DART_WHOLE_MARKET_LOOKBACK_CAPPED_90D_FROM_180D
009970,영원무역홀딩스,CHECK_LIMITED,확인제한,,,,0,kospi_universe_summary_latest.csv,2026-06-19T09:20:11+09:00,DART_WHOLE_MARKET_LOOKBACK_CAPPED_90D_FROM_180D
010040,한국내화,CHECK_LIMITED,확인제한,,,,0,kospi_universe_summary_latest.csv,2026-06-19T09:20:11+09:00,DART_WHOLE_MARKET_LOOKBACK_CAPPED_90D_FROM_180D
010060,OCI홀딩스,CHECK_LIMITED,확인제한,,,,0,"kospi_monthly_cycle_latest.csv,kospi_universe_summary_latest.csv",2026-06-19T09:20:11+09:00,DART_WHOLE_MARKET_LOOKBACK_CAPPED_90D_FROM_180D
010100,한국무브넥스,CHECK_LIMITED,확인제한,,,,0,kospi_universe_summary_latest.csv,2026-06-19T09:20:11+09:00,DART_WHOLE_MARKET_LOOKBACK_CAPPED_90D_FROM_180D
010120,LS ELECTRIC,CHECK_LIMITED,확인제한,,,,0,"kospi_universe_summary_latest.csv,watchlist_summary_latest.csv",2026-06-19T09:20:11+09:00,DART_WHOLE_MARKET_LOOKBACK_CAPPED_90D_FROM_180D
010130,고려아연,CHECK_LIMITED,확인제한,,,,0,kospi_universe_summary_latest.csv,2026-06-19T09:20:11+09:00,DART_WHOLE_MARKET_LOOKBACK_CAPPED_90D_FROM_180D
010140,삼성중공업,CHECK_LIMITED,확인제한,,,,0,"kospi_fx_weakness_candidates_30_latest.csv,kospi_fx_weakness_recommend_7_latest.csv,kospi_universe_summary_latest.csv,watchlist_summary_latest.csv",2026-06-19T09:20:11+09:00,DART_WHOLE_MARKET_LOOKBACK_CAPPED_90D_FROM_180D
010170,대한광통신,CHECK_LIMITED,확인제한,,,,0,kosdaq_universe_summary_latest.csv,2026-06-19T09:20:11+09:00,DART_WHOLE_MARKET_LOOKBACK_CAPPED_90D_FROM_180D
010240,흥국,CHECK_LIMITED,확인제한,,,,0,kosdaq_universe_summary_latest.csv,2026-06-19T09:20:11+09:00,DART_WHOLE_MARKET_LOOKBACK_CAPPED_90D_FROM_180D
010280,아이티센엔텍,CHECK_LIMITED,확인제한,,,,0,kosdaq_universe_summary_latest.csv,2026-06-19T09:20:11+09:00,DART_WHOLE_MARKET_LOOKBACK_CAPPED_90D_FROM_180D
010400,우진아이엔에스,CHECK_LIMITED,확인제한,,,,0,kospi_universe_summary_latest.csv,2026-06-19T09:20:11+09:00,DART_WHOLE_MARKET_LOOKBACK_CAPPED_90D_FROM_180D
010470,오리콤,CHECK_LIMITED,확인제한,,,,0,kosdaq_universe_summary_latest.csv,2026-06-19T09:20:11+09:00,DART_WHOLE_MARKET_LOOKBACK_CAPPED_90D_FROM_180D
010580,에스엠벡셀,CHECK_LIMITED,확인제한,,,,0,kospi_universe_summary_latest.csv,2026-06-19T09:20:11+09:00,DART_WHOLE_MARKET_LOOKBACK_CAPPED_90D_FROM_180D
010640,진양폴리,CHECK_LIMITED,확인제한,,,,0,kospi_universe_summary_latest.csv,2026-06-19T09:20:11+09:00,DART_WHOLE_MARKET_LOOKBACK_CAPPED_90D_FROM_180D
010660,화천기계,CHECK_LIMITED,확인제한,,,,0,kospi_universe_summary_latest.csv,2026-06-19T09:20:11+09:00,DART_WHOLE_MARKET_LOOKBACK_CAPPED_90D_FROM_180D
010690,화신,CHECK_LIMITED,확인제한,,,,0,kospi_universe_summary_latest.csv,2026-06-19T09:20:11+09:00,DART_WHOLE_MARKET_LOOKBACK_CAPPED_90D_FROM_180D
010770,평화홀딩스,CHECK_LIMITED,확인제한,,,,0,kospi_universe_summary_latest.csv,2026-06-19T09:20:11+09:00,DART_WHOLE_MARKET_LOOKBACK_CAPPED_90D_FROM_180D
010780,아이에스동서,CHECK_LIMITED,확인제한,,,,0,kospi_universe_summary_latest.csv,2026-06-19T09:20:11+09:00,DART_WHOLE_MARKET_LOOKBACK_CAPPED_90D_FROM_180D
010820,퍼스텍,CHECK_LIMITED,확인제한,,,,0,"kospi_monthly_cycle_latest.csv,kospi_universe_summary_latest.csv",2026-06-19T09:20:11+09:00,DART_WHOLE_MARKET_LOOKBACK_CAPPED_90D_FROM_180D
010950,S-Oil,CHECK_LIMITED,확인제한,,,,0,kospi_universe_summary_latest.csv,2026-06-19T09:20:11+09:00,DART_WHOLE_MARKET_LOOKBACK_CAPPED_90D_FROM_180D
010955,S-Oil우,CHECK_LIMITED,확인제한,,,,0,kospi_universe_summary_latest.csv,2026-06-19T09:20:11+09:00,DART_WHOLE_MARKET_LOOKBACK_CAPPED_90D_FROM_180D
010960,삼호개발,CHECK_LIMITED,확인제한,,,,0,kospi_universe_summary_latest.csv,2026-06-19T09:20:11+09:00,DART_WHOLE_MARKET_LOOKBACK_CAPPED_90D_FROM_180D
011000,진원생명과학,CHECK_LIMITED,확인제한,,,,0,kospi_universe_summary_latest.csv,2026-06-19T09:20:11+09:00,DART_WHOLE_MARKET_LOOKBACK_CAPPED_90D_FROM_180D
011040,경동제약,CHECK_LIMITED,확인제한,,,,0,kosdaq_universe_summary_latest.csv,2026-06-19T09:20:11+09:00,DART_WHOLE_MARKET_LOOKBACK_CAPPED_90D_FROM_180D
011070,LG이노텍,CHECK_LIMITED,확인제한,,,,0,"kospi_gainers_1m_latest.csv,kospi_universe_summary_latest.csv,watchlist_summary_latest.csv",2026-06-19T09:20:11+09:00,DART_WHOLE_MARKET_LOOKBACK_CAPPED_90D_FROM_180D
011080,형지I&C,CHECK_LIMITED,확인제한,,,,0,kosdaq_universe_summary_latest.csv,2026-06-19T09:20:11+09:00,DART_WHOLE_MARKET_LOOKBACK_CAPPED_90D_FROM_180D
011090,에넥스,CHECK_LIMITED,확인제한,,,,0,"kospi_gainers_1m_latest.csv,kospi_universe_summary_latest.csv",2026-06-19T09:20:11+09:00,DART_WHOLE_MARKET_LOOKBACK_CAPPED_90D_FROM_180D
011150,CJ씨푸드,CHECK_LIMITED,확인제한,,,,0,kospi_universe_summary_latest.csv,2026-06-19T09:20:11+09:00,DART_WHOLE_MARKET_LOOKBACK_CAPPED_90D_FROM_180D
011155,CJ씨푸드1우,CHECK_LIMITED,확인제한,,,,0,kospi_universe_summary_latest.csv,2026-06-19T09:20:11+09:00,DART_WHOLE_MARKET_LOOKBACK_CAPPED_90D_FROM_180D
011170,롯데케미칼,CHECK_LIMITED,확인제한,,,,0,kospi_universe_summary_latest.csv,2026-06-19T09:20:11+09:00,DART_WHOLE_MARKET_LOOKBACK_CAPPED_90D_FROM_180D
011200,HMM,CHECK_LIMITED,확인제한,,,,0,"kospi_fx_weakness_candidates_30_latest.csv,kospi_short_term_candidates_30_latest.csv,kospi_universe_summary_latest.csv",2026-06-19T09:20:11+09:00,DART_WHOLE_MARKET_LOOKBACK_CAPPED_90D_FROM_180D
011210,현대위아,CHECK_LIMITED,확인제한,,,,0,kospi_universe_summary_latest.csv,2026-06-19T09:20:11+09:00,DART_WHOLE_MARKET_LOOKBACK_CAPPED_90D_FROM_180D
011230,삼화전자,CHECK_LIMITED,확인제한,,,,0,"kospi_gainers_1m_latest.csv,kospi_universe_summary_latest.csv",2026-06-19T09:20:11+09:00,DART_WHOLE_MARKET_LOOKBACK_CAPPED_90D_FROM_180D
011280,태림포장,CHECK_LIMITED,확인제한,,,,0,kospi_universe_summary_latest.csv,2026-06-19T09:20:11+09:00,DART_WHOLE_MARKET_LOOKBACK_CAPPED_90D_FROM_180D
011300,우성머티리얼스,CHECK_LIMITED,확인제한,,,,0,kospi_universe_summary_latest.csv,2026-06-19T09:20:11+09:00,DART_WHOLE_MARKET_LOOKBACK_CAPPED_90D_FROM_180D
011320,유니크,CHECK_LIMITED,확인제한,,,,0,kosdaq_universe_summary_latest.csv,2026-06-19T09:20:11+09:00,DART_WHOLE_MARKET_LOOKBACK_CAPPED_90D_FROM_180D
011330,유니켐,CHECK_LIMITED,확인제한,,,,0,kospi_universe_summary_latest.csv,2026-06-19T09:20:11+09:00,DART_WHOLE_MARKET_LOOKBACK_CAPPED_90D_FROM_180D
011370,서한,CHECK_LIMITED,확인제한,,,,0,kosdaq_universe_summary_latest.csv,2026-06-19T09:20:11+09:00,DART_WHOLE_MARKET_LOOKBACK_CAPPED_90D_FROM_180D
011390,부산산업,CHECK_LIMITED,확인제한,,,,0,kospi_universe_summary_latest.csv,2026-06-19T09:20:11+09:00,DART_WHOLE_MARKET_LOOKBACK_CAPPED_90D_FROM_180D
011420,갤럭시아에스엠,CHECK_LIMITED,확인제한,,,,0,kospi_universe_summary_latest.csv,2026-06-19T09:20:11+09:00,DART_WHOLE_MARKET_LOOKBACK_CAPPED_90D_FROM_180D
011500,한농화성,CHECK_LIMITED,확인제한,,,,0,kospi_universe_summary_latest.csv,2026-06-19T09:20:11+09:00,DART_WHOLE_MARKET_LOOKBACK_CAPPED_90D_FROM_180D
011560,세보엠이씨,CHECK_LIMITED,확인제한,,,,0,kosdaq_universe_summary_latest.csv,2026-06-19T09:20:11+09:00,DART_WHOLE_MARKET_LOOKBACK_CAPPED_90D_FROM_180D
011690,와이투솔루션,CHECK_LIMITED,확인제한,,,,0,kospi_universe_summary_latest.csv,2026-06-19T09:20:11+09:00,DART_WHOLE_MARKET_LOOKBACK_CAPPED_90D_FROM_180D
011700,한신기계,CHECK_LIMITED,확인제한,,,,0,"kospi_monthly_cycle_latest.csv,kospi_universe_summary_latest.csv",2026-06-19T09:20:11+09:00,DART_WHOLE_MARKET_LOOKBACK_CAPPED_90D_FROM_180D
011760,현대코퍼레이션,CHECK_LIMITED,확인제한,,,,0,kospi_universe_summary_latest.csv,2026-06-19T09:20:11+09:00,DART_WHOLE_MARKET_LOOKBACK_CAPPED_90D_FROM_180D
011780,금호석유화학,CHECK_LIMITED,확인제한,,,,0,kospi_universe_summary_latest.csv,2026-06-19T09:20:11+09:00,DART_WHOLE_MARKET_LOOKBACK_CAPPED_90D_FROM_180D
011785,금호석유화학우,CHECK_LIMITED,확인제한,,,,0,kospi_universe_summary_latest.csv,2026-06-19T09:20:11+09:00,DART_WHOLE_MARKET_LOOKBACK_CAPPED_90D_FROM_180D
011790,SKC,CHECK_LIMITED,확인제한,,,,0,kospi_universe_summary_latest.csv,2026-06-19T09:20:11+09:00,DART_WHOLE_MARKET_LOOKBACK_CAPPED_90D_FROM_180D
011810,STX,CHECK_LIMITED,확인제한,,,,0,kospi_universe_summary_latest.csv,2026-06-19T09:20:11+09:00,DART_WHOLE_MARKET_LOOKBACK_CAPPED_90D_FROM_180D
011930,신성이엔지,CHECK_LIMITED,확인제한,,,,0,kospi_universe_summary_latest.csv,2026-06-19T09:20:11+09:00,DART_WHOLE_MARKET_LOOKBACK_CAPPED_90D_FROM_180D
012030,DB,CHECK_LIMITED,확인제한,,,,0,kospi_universe_summary_latest.csv,2026-06-19T09:20:11+09:00,DART_WHOLE_MARKET_LOOKBACK_CAPPED_90D_FROM_180D
012160,영흥,CHECK_LIMITED,확인제한,,,,0,kospi_universe_summary_latest.csv,2026-06-19T09:20:11+09:00,DART_WHOLE_MARKET_LOOKBACK_CAPPED_90D_FROM_180D
012170,아센디오,CHECK_LIMITED,확인제한,,,,0,kospi_universe_summary_latest.csv,2026-06-19T09:20:11+09:00,DART_WHOLE_MARKET_LOOKBACK_CAPPED_90D_FROM_180D
012200,계양전기,CHECK_LIMITED,확인제한,,,,0,kospi_universe_summary_latest.csv,2026-06-19T09:20:11+09:00,DART_WHOLE_MARKET_LOOKBACK_CAPPED_90D_FROM_180D
012205,계양전기우,CHECK_LIMITED,확인제한,,,,0,kospi_universe_summary_latest.csv,2026-06-19T09:20:11+09:00,DART_WHOLE_MARKET_LOOKBACK_CAPPED_90D_FROM_180D
012210,삼미금속,CHECK_LIMITED,확인제한,,,,0,kosdaq_universe_summary_latest.csv,2026-06-19T09:20:11+09:00,DART_WHOLE_MARKET_LOOKBACK_CAPPED_90D_FROM_180D
012280,영화금속,CHECK_LIMITED,확인제한,,,,0,kospi_universe_summary_latest.csv,2026-06-19T09:20:11+09:00,DART_WHOLE_MARKET_LOOKBACK_CAPPED_90D_FROM_180D
012320,경동인베스트,CHECK_LIMITED,확인제한,,,,0,kospi_universe_summary_latest.csv,2026-06-19T09:20:11+09:00,DART_WHOLE_MARKET_LOOKBACK_CAPPED_90D_FROM_180D
012330,현대모비스,CHECK_LIMITED,확인제한,,,,0,"kospi_fx_weakness_candidates_30_latest.csv,kospi_short_term_candidates_30_latest.csv,kospi_universe_summary_latest.csv,watchlist_summary_latest.csv",2026-06-19T09:20:11+09:00,DART_WHOLE_MARKET_LOOKBACK_CAPPED_90D_FROM_180D
012340,뉴인텍,CHECK_LIMITED,확인제한,,,,0,kosdaq_universe_summary_latest.csv,2026-06-19T09:20:11+09:00,DART_WHOLE_MARKET_LOOKBACK_CAPPED_90D_FROM_180D
012450,한화에어로스페이스,CHECK_LIMITED,확인제한,,,,0,"kospi_candidates_30_latest.csv,kospi_fx_weakness_candidates_30_latest.csv,kospi_fx_weakness_recommend_7_latest.csv,kospi_short_term_candidates_30_latest.csv,kospi_universe_summary_latest.csv",2026-06-19T09:20:11+09:00,DART_WHOLE_MARKET_LOOKBACK_CAPPED_90D_FROM_180D
012510,더존비즈온,CHECK_LIMITED,확인제한,,,,0,kospi_universe_summary_latest.csv,2026-06-19T09:20:11+09:00,DART_WHOLE_MARKET_LOOKBACK_CAPPED_90D_FROM_180D
012610,경인양행,CHECK_LIMITED,확인제한,,,,0,kospi_universe_summary_latest.csv,2026-06-19T09:20:11+09:00,DART_WHOLE_MARKET_LOOKBACK_CAPPED_90D_FROM_180D
012620,원일특강,CHECK_LIMITED,확인제한,,,,0,kosdaq_universe_summary_latest.csv,2026-06-19T09:20:11+09:00,DART_WHOLE_MARKET_LOOKBACK_CAPPED_90D_FROM_180D
012630,HDC,CHECK_LIMITED,확인제한,,,,0,kospi_universe_summary_latest.csv,2026-06-19T09:20:11+09:00,DART_WHOLE_MARKET_LOOKBACK_CAPPED_90D_FROM_180D
012690,모나리자,CHECK_LIMITED,확인제한,,,,0,kospi_universe_summary_latest.csv,2026-06-19T09:20:11+09:00,DART_WHOLE_MARKET_LOOKBACK_CAPPED_90D_FROM_180D
012700,리드코프,CHECK_LIMITED,확인제한,,,,0,kosdaq_universe_summary_latest.csv,2026-06-19T09:20:11+09:00,DART_WHOLE_MARKET_LOOKBACK_CAPPED_90D_FROM_180D
012750,에스원,CHECK_LIMITED,확인제한,,,,0,kospi_universe_summary_latest.csv,2026-06-19T09:20:11+09:00,DART_WHOLE_MARKET_LOOKBACK_CAPPED_90D_FROM_180D
012790,신일제약,CHECK_LIMITED,확인제한,,,,0,kosdaq_universe_summary_latest.csv,2026-06-19T09:20:11+09:00,DART_WHOLE_MARKET_LOOKBACK_CAPPED_90D_FROM_180D
012800,대창,CHECK_LIMITED,확인제한,,,,0,kospi_universe_summary_latest.csv,2026-06-19T09:20:11+09:00,DART_WHOLE_MARKET_LOOKBACK_CAPPED_90D_FROM_180D
012860,모베이스전자,CHECK_LIMITED,확인제한,,,,0,kosdaq_universe_summary_latest.csv,2026-06-19T09:20:11+09:00,DART_WHOLE_MARKET_LOOKBACK_CAPPED_90D_FROM_180D
013000,세우글로벌,CHECK_LIMITED,확인제한,,,,0,kospi_universe_summary_latest.csv,2026-06-19T09:20:11+09:00,DART_WHOLE_MARKET_LOOKBACK_CAPPED_90D_FROM_180D
013030,하이록코리아,CHECK_LIMITED,확인제한,,,,0,kosdaq_universe_summary_latest.csv,2026-06-19T09:20:11+09:00,DART_WHOLE_MARKET_LOOKBACK_CAPPED_90D_FROM_180D
013120,동원개발,CHECK_LIMITED,확인제한,,,,0,kosdaq_universe_summary_latest.csv,2026-06-19T09:20:11+09:00,DART_WHOLE_MARKET_LOOKBACK_CAPPED_90D_FROM_180D
013310,아진산업,CHECK_LIMITED,확인제한,,,,0,kosdaq_universe_summary_latest.csv,2026-06-19T09:20:11+09:00,DART_WHOLE_MARKET_LOOKBACK_CAPPED_90D_FROM_180D
013360,일성건설,CHECK_LIMITED,확인제한,,,,0,kospi_universe_summary_latest.csv,2026-06-19T09:20:11+09:00,DART_WHOLE_MARKET_LOOKBACK_CAPPED_90D_FROM_180D
013520,화승코퍼레이션,CHECK_LIMITED,확인제한,,,,0,kospi_universe_summary_latest.csv,2026-06-19T09:20:11+09:00,DART_WHOLE_MARKET_LOOKBACK_CAPPED_90D_FROM_180D
013570,디와이,CHECK_LIMITED,확인제한,,,,0,kospi_universe_summary_latest.csv,2026-06-19T09:20:11+09:00,DART_WHOLE_MARKET_LOOKBACK_CAPPED_90D_FROM_180D
013580,계룡건설,CHECK_LIMITED,확인제한,,,,0,kospi_universe_summary_latest.csv,2026-06-19T09:20:11+09:00,DART_WHOLE_MARKET_LOOKBACK_CAPPED_90D_FROM_180D
013700,까뮤이앤씨,CHECK_LIMITED,확인제한,,,,0,kospi_universe_summary_latest.csv,2026-06-19T09:20:11+09:00,DART_WHOLE_MARKET_LOOKBACK_CAPPED_90D_FROM_180D
013720,THE CUBE&,CHECK_LIMITED,확인제한,,,,0,kosdaq_universe_summary_latest.csv,2026-06-19T09:20:11+09:00,DART_WHOLE_MARKET_LOOKBACK_CAPPED_90D_FROM_180D
013810,스페코,CHECK_LIMITED,확인제한,,,,0,kosdaq_universe_summary_latest.csv,2026-06-19T09:20:11+09:00,DART_WHOLE_MARKET_LOOKBACK_CAPPED_90D_FROM_180D
013870,지엠비코리아,CHECK_LIMITED,확인제한,,,,0,kospi_universe_summary_latest.csv,2026-06-19T09:20:11+09:00,DART_WHOLE_MARKET_LOOKBACK_CAPPED_90D_FROM_180D
013890,지누스,CHECK_LIMITED,확인제한,,,,0,kospi_universe_summary_latest.csv,2026-06-19T09:20:11+09:00,DART_WHOLE_MARKET_LOOKBACK_CAPPED_90D_FROM_180D
013990,아가방컴퍼니,CHECK_LIMITED,확인제한,,,,0,kosdaq_universe_summary_latest.csv,2026-06-19T09:20:11+09:00,DART_WHOLE_MARKET_LOOKBACK_CAPPED_90D_FROM_180D
014100,메디앙스,CHECK_LIMITED,확인제한,,,,0,kosdaq_universe_summary_latest.csv,2026-06-19T09:20:11+09:00,DART_WHOLE_MARKET_LOOKBACK_CAPPED_90D_FROM_180D
014130,한익스프레스,CHECK_LIMITED,확인제한,,,,0,kospi_universe_summary_latest.csv,2026-06-19T09:20:11+09:00,DART_WHOLE_MARKET_LOOKBACK_CAPPED_90D_FROM_180D
014160,대영포장,CHECK_LIMITED,확인제한,,,,0,kospi_universe_summary_latest.csv,2026-06-19T09:20:11+09:00,DART_WHOLE_MARKET_LOOKBACK_CAPPED_90D_FROM_180D
014190,원익큐브,CHECK_LIMITED,확인제한,,,,0,kosdaq_universe_summary_latest.csv,2026-06-19T09:20:11+09:00,DART_WHOLE_MARKET_LOOKBACK_CAPPED_90D_FROM_180D
014280,금강공업,CHECK_LIMITED,확인제한,,,,0,kospi_universe_summary_latest.csv,2026-06-19T09:20:11+09:00,DART_WHOLE_MARKET_LOOKBACK_CAPPED_90D_FROM_180D
014285,금강공업우,CHECK_LIMITED,확인제한,,,,0,kospi_universe_summary_latest.csv,2026-06-19T09:20:11+09:00,DART_WHOLE_MARKET_LOOKBACK_CAPPED_90D_FROM_180D
014440,영보화학,CHECK_LIMITED,확인제한,,,,0,kospi_universe_summary_latest.csv,2026-06-19T09:20:11+09:00,DART_WHOLE_MARKET_LOOKBACK_CAPPED_90D_FROM_180D
014470,부방,CHECK_LIMITED,확인제한,,,,0,kosdaq_universe_summary_latest.csv,2026-06-19T09:20:11+09:00,DART_WHOLE_MARKET_LOOKBACK_CAPPED_90D_FROM_180D
014530,극동유화,CHECK_LIMITED,확인제한,,,,0,kospi_universe_summary_latest.csv,2026-06-19T09:20:11+09:00,DART_WHOLE_MARKET_LOOKBACK_CAPPED_90D_FROM_180D
014570,고려제약,CHECK_LIMITED,확인제한,,,,0,kosdaq_universe_summary_latest.csv,2026-06-19T09:20:11+09:00,DART_WHOLE_MARKET_LOOKBACK_CAPPED_90D_FROM_180D
014580,태경비케이,CHECK_LIMITED,확인제한,,,,0,kospi_universe_summary_latest.csv,2026-06-19T09:20:11+09:00,DART_WHOLE_MARKET_LOOKBACK_CAPPED_90D_FROM_180D
014620,성광벤드,CHECK_LIMITED,확인제한,,,,0,kosdaq_universe_summary_latest.csv,2026-06-19T09:20:11+09:00,DART_WHOLE_MARKET_LOOKBACK_CAPPED_90D_FROM_180D
014680,한솔케미칼,CHECK_LIMITED,확인제한,,,,0,kospi_universe_summary_latest.csv,2026-06-19T09:20:11+09:00,DART_WHOLE_MARKET_LOOKBACK_CAPPED_90D_FROM_180D
014710,사조씨푸드,CHECK_LIMITED,확인제한,,,,0,kospi_universe_summary_latest.csv,2026-06-19T09:20:11+09:00,DART_WHOLE_MARKET_LOOKBACK_CAPPED_90D_FROM_180D
014790,HL D&I,CHECK_LIMITED,확인제한,,,,0,kospi_universe_summary_latest.csv,2026-06-19T09:20:11+09:00,DART_WHOLE_MARKET_LOOKBACK_CAPPED_90D_FROM_180D
014820,동원시스템즈,CHECK_LIMITED,확인제한,,,,0,kospi_universe_summary_latest.csv,2026-06-19T09:20:11+09:00,DART_WHOLE_MARKET_LOOKBACK_CAPPED_90D_FROM_180D
014825,동원시스템즈우,CHECK_LIMITED,확인제한,,,,0,kospi_universe_summary_latest.csv,2026-06-19T09:20:11+09:00,DART_WHOLE_MARKET_LOOKBACK_CAPPED_90D_FROM_180D
014830,유니드,CHECK_LIMITED,확인제한,,,,0,kospi_universe_summary_latest.csv,2026-06-19T09:20:11+09:00,DART_WHOLE_MARKET_LOOKBACK_CAPPED_90D_FROM_180D
014910,성문전자,CHECK_LIMITED,확인제한,,,,0,kospi_universe_summary_latest.csv,2026-06-19T09:20:11+09:00,DART_WHOLE_MARKET_LOOKBACK_CAPPED_90D_FROM_180D
014915,성문전자우,CHECK_LIMITED,확인제한,,,,0,kospi_universe_summary_latest.csv,2026-06-19T09:20:11+09:00,DART_WHOLE_MARKET_LOOKBACK_CAPPED_90D_FROM_180D
014940,오리엔탈정공,CHECK_LIMITED,확인제한,,,,0,kosdaq_universe_summary_latest.csv,2026-06-19T09:20:11+09:00,DART_WHOLE_MARKET_LOOKBACK_CAPPED_90D_FROM_180D
014950,삼익제약,CHECK_LIMITED,확인제한,,,,0,kosdaq_universe_summary_latest.csv,2026-06-19T09:20:11+09:00,DART_WHOLE_MARKET_LOOKBACK_CAPPED_90D_FROM_180D
014970,삼륭물산,CHECK_LIMITED,확인제한,,,,0,kosdaq_universe_summary_latest.csv,2026-06-19T09:20:11+09:00,DART_WHOLE_MARKET_LOOKBACK_CAPPED_90D_FROM_180D
014990,인디에프,CHECK_LIMITED,확인제한,,,,0,kospi_universe_summary_latest.csv,2026-06-19T09:20:11+09:00,DART_WHOLE_MARKET_LOOKBACK_CAPPED_90D_FROM_180D
015020,이스타코,CHECK_LIMITED,확인제한,,,,0,kospi_universe_summary_latest.csv,2026-06-19T09:20:11+09:00,DART_WHOLE_MARKET_LOOKBACK_CAPPED_90D_FROM_180D
015230,대창단조,CHECK_LIMITED,확인제한,,,,0,kospi_universe_summary_latest.csv,2026-06-19T09:20:11+09:00,DART_WHOLE_MARKET_LOOKBACK_CAPPED_90D_FROM_180D
015260,에이엔피,CHECK_LIMITED,확인제한,,,,0,kospi_universe_summary_latest.csv,2026-06-19T09:20:11+09:00,DART_WHOLE_MARKET_LOOKBACK_CAPPED_90D_FROM_180D
015360,INVENI,CHECK_LIMITED,확인제한,,,,0,kospi_universe_summary_latest.csv,2026-06-19T09:20:11+09:00,DART_WHOLE_MARKET_LOOKBACK_CAPPED_90D_FROM_180D
015590,DKME,CHECK_LIMITED,확인제한,,,,0,kospi_universe_summary_latest.csv,2026-06-19T09:20:11+09:00,DART_WHOLE_MARKET_LOOKBACK_CAPPED_90D_FROM_180D
015710,코콤,CHECK_LIMITED,확인제한,,,,0,kosdaq_universe_summary_latest.csv,2026-06-19T09:20:11+09:00,DART_WHOLE_MARKET_LOOKBACK_CAPPED_90D_FROM_180D
015750,성우하이텍,CHECK_LIMITED,확인제한,,,,0,kosdaq_universe_summary_latest.csv,2026-06-19T09:20:11+09:00,DART_WHOLE_MARKET_LOOKBACK_CAPPED_90D_FROM_180D
015760,한국전력,CHECK_LIMITED,확인제한,,,,0,"kospi_candidates_30_latest.csv,kospi_universe_summary_latest.csv",2026-06-19T09:20:11+09:00,DART_WHOLE_MARKET_LOOKBACK_CAPPED_90D_FROM_180D
015860,일진홀딩스,CHECK_LIMITED,확인제한,,,,0,kospi_universe_summary_latest.csv,2026-06-19T09:20:11+09:00,DART_WHOLE_MARKET_LOOKBACK_CAPPED_90D_FROM_180D
015890,태경산업,CHECK_LIMITED,확인제한,,,,0,kospi_universe_summary_latest.csv,2026-06-19T09:20:11+09:00,DART_WHOLE_MARKET_LOOKBACK_CAPPED_90D_FROM_180D
016090,대현,CHECK_LIMITED,확인제한,,,,0,kospi_universe_summary_latest.csv,2026-06-19T09:20:11+09:00,DART_WHOLE_MARKET_LOOKBACK_CAPPED_90D_FROM_180D
016100,리더스코스메틱,CHECK_LIMITED,확인제한,,,,0,kosdaq_universe_summary_latest.csv,2026-06-19T09:20:11+09:00,DART_WHOLE_MARKET_LOOKBACK_CAPPED_90D_FROM_180D
016250,SGC E&C,CHECK_LIMITED,확인제한,,,,0,kosdaq_universe_summary_latest.csv,2026-06-19T09:20:11+09:00,DART_WHOLE_MARKET_LOOKBACK_CAPPED_90D_FROM_180D
016360,삼성증권,CHECK_LIMITED,확인제한,,,,0,"kospi_candidates_30_latest.csv,kospi_short_term_candidates_30_latest.csv,kospi_universe_summary_latest.csv",2026-06-19T09:20:11+09:00,DART_WHOLE_MARKET_LOOKBACK_CAPPED_90D_FROM_180D
016380,KG스틸,CHECK_LIMITED,확인제한,,,,0,kospi_universe_summary_latest.csv,2026-06-19T09:20:11+09:00,DART_WHOLE_MARKET_LOOKBACK_CAPPED_90D_FROM_180D
016450,한세예스24홀딩스,CHECK_LIMITED,확인제한,,,,0,kospi_universe_summary_latest.csv,2026-06-19T09:20:11+09:00,DART_WHOLE_MARKET_LOOKBACK_CAPPED_90D_FROM_180D
016580,환인제약,CHECK_LIMITED,확인제한,,,,0,kospi_universe_summary_latest.csv,2026-06-19T09:20:11+09:00,DART_WHOLE_MARKET_LOOKBACK_CAPPED_90D_FROM_180D
016590,신대양제지,CHECK_LIMITED,확인제한,,,,0,kospi_universe_summary_latest.csv,2026-06-19T09:20:11+09:00,DART_WHOLE_MARKET_LOOKBACK_CAPPED_90D_FROM_180D
016600,큐캐피탈,CHECK_LIMITED,확인제한,,,,0,kosdaq_universe_summary_latest.csv,2026-06-19T09:20:11+09:00,DART_WHOLE_MARKET_LOOKBACK_CAPPED_90D_FROM_180D
016610,DB증권,CHECK_LIMITED,확인제한,,,,0,kospi_universe_summary_latest.csv,2026-06-19T09:20:11+09:00,DART_WHOLE_MARKET_LOOKBACK_CAPPED_90D_FROM_180D
016670,디모아,CHECK_LIMITED,확인제한,,,,0,kosdaq_universe_summary_latest.csv,2026-06-19T09:20:11+09:00,DART_WHOLE_MARKET_LOOKBACK_CAPPED_90D_FROM_180D
016710,대성홀딩스,CHECK_LIMITED,확인제한,,,,0,kospi_universe_summary_latest.csv,2026-06-19T09:20:11+09:00,DART_WHOLE_MARKET_LOOKBACK_CAPPED_90D_FROM_180D
016740,두올,CHECK_LIMITED,확인제한,,,,0,kospi_universe_summary_latest.csv,2026-06-19T09:20:11+09:00,DART_WHOLE_MARKET_LOOKBACK_CAPPED_90D_FROM_180D
016790,현대사료,CHECK_LIMITED,확인제한,,,,0,kosdaq_universe_summary_latest.csv,2026-06-19T09:20:11+09:00,DART_WHOLE_MARKET_LOOKBACK_CAPPED_90D_FROM_180D
016800,퍼시스,CHECK_LIMITED,확인제한,,,,0,kospi_universe_summary_latest.csv,2026-06-19T09:20:11+09:00,DART_WHOLE_MARKET_LOOKBACK_CAPPED_90D_FROM_180D
016880,웅진,CHECK_LIMITED,확인제한,,,,0,kospi_universe_summary_latest.csv,2026-06-19T09:20:11+09:00,DART_WHOLE_MARKET_LOOKBACK_CAPPED_90D_FROM_180D
016920,카스,CHECK_LIMITED,확인제한,,,,0,kosdaq_universe_summary_latest.csv,2026-06-19T09:20:11+09:00,DART_WHOLE_MARKET_LOOKBACK_CAPPED_90D_FROM_180D
017000,신원종합개발,CHECK_LIMITED,확인제한,,,,0,kosdaq_universe_summary_latest.csv,2026-06-19T09:20:11+09:00,DART_WHOLE_MARKET_LOOKBACK_CAPPED_90D_FROM_180D
017040,광명전기,CHECK_LIMITED,확인제한,,,,0,kospi_universe_summary_latest.csv,2026-06-19T09:20:11+09:00,DART_WHOLE_MARKET_LOOKBACK_CAPPED_90D_FROM_180D
017180,명문제약,CHECK_LIMITED,확인제한,,,,0,kospi_universe_summary_latest.csv,2026-06-19T09:20:11+09:00,DART_WHOLE_MARKET_LOOKBACK_CAPPED_90D_FROM_180D
017250,인터엠,CHECK_LIMITED,확인제한,,,,0,kosdaq_universe_summary_latest.csv,2026-06-19T09:20:11+09:00,DART_WHOLE_MARKET_LOOKBACK_CAPPED_90D_FROM_180D
017370,우신시스템,CHECK_LIMITED,확인제한,,,,0,kospi_universe_summary_latest.csv,2026-06-19T09:20:11+09:00,DART_WHOLE_MARKET_LOOKBACK_CAPPED_90D_FROM_180D
017390,서울가스,CHECK_LIMITED,확인제한,,,,0,kospi_universe_summary_latest.csv,2026-06-19T09:20:11+09:00,DART_WHOLE_MARKET_LOOKBACK_CAPPED_90D_FROM_180D
017480,삼현철강,CHECK_LIMITED,확인제한,,,,0,kosdaq_universe_summary_latest.csv,2026-06-19T09:20:11+09:00,DART_WHOLE_MARKET_LOOKBACK_CAPPED_90D_FROM_180D
017510,세명전기,CHECK_LIMITED,확인제한,,,,0,kosdaq_universe_summary_latest.csv,2026-06-19T09:20:11+09:00,DART_WHOLE_MARKET_LOOKBACK_CAPPED_90D_FROM_180D
017550,수산세보틱스,CHECK_LIMITED,확인제한,,,,0,kospi_universe_summary_latest.csv,2026-06-19T09:20:11+09:00,DART_WHOLE_MARKET_LOOKBACK_CAPPED_90D_FROM_180D
017650,대림제지,CHECK_LIMITED,확인제한,,,,0,kosdaq_universe_summary_latest.csv,2026-06-19T09:20:11+09:00,DART_WHOLE_MARKET_LOOKBACK_CAPPED_90D_FROM_180D
017670,SK텔레콤,CHECK_LIMITED,확인제한,,,,0,kospi_universe_summary_latest.csv,2026-06-19T09:20:11+09:00,DART_WHOLE_MARKET_LOOKBACK_CAPPED_90D_FROM_180D
017800,현대엘리베이터,CHECK_LIMITED,확인제한,,,,0,kospi_universe_summary_latest.csv,2026-06-19T09:20:11+09:00,DART_WHOLE_MARKET_LOOKBACK_CAPPED_90D_FROM_180D
017810,풀무원,CHECK_LIMITED,확인제한,,,,0,kospi_universe_summary_latest.csv,2026-06-19T09:20:11+09:00,DART_WHOLE_MARKET_LOOKBACK_CAPPED_90D_FROM_180D
017860,DS단석,CHECK_LIMITED,확인제한,,,,0,kospi_universe_summary_latest.csv,2026-06-19T09:20:11+09:00,DART_WHOLE_MARKET_LOOKBACK_CAPPED_90D_FROM_180D
017890,한국알콜,CHECK_LIMITED,확인제한,,,,0,kosdaq_universe_summary_latest.csv,2026-06-19T09:20:11+09:00,DART_WHOLE_MARKET_LOOKBACK_CAPPED_90D_FROM_180D
017900,광전자,CHECK_LIMITED,확인제한,,,,0,kospi_universe_summary_latest.csv,2026-06-19T09:20:11+09:00,DART_WHOLE_MARKET_LOOKBACK_CAPPED_90D_FROM_180D
017940,E1,CHECK_LIMITED,확인제한,,,,0,kospi_universe_summary_latest.csv,2026-06-19T09:20:11+09:00,DART_WHOLE_MARKET_LOOKBACK_CAPPED_90D_FROM_180D
017960,한국카본,CHECK_LIMITED,확인제한,,,,0,"kospi_monthly_cycle_latest.csv,kospi_universe_summary_latest.csv",2026-06-19T09:20:11+09:00,DART_WHOLE_MARKET_LOOKBACK_CAPPED_90D_FROM_180D
018000,유니슨,CHECK_LIMITED,확인제한,,,,0,kosdaq_universe_summary_latest.csv,2026-06-19T09:20:11+09:00,DART_WHOLE_MARKET_LOOKBACK_CAPPED_90D_FROM_180D
018120,진로발효,CHECK_LIMITED,확인제한,,,,0,kosdaq_universe_summary_latest.csv,2026-06-19T09:20:11+09:00,DART_WHOLE_MARKET_LOOKBACK_CAPPED_90D_FROM_180D
018250,애경산업,CHECK_LIMITED,확인제한,,,,0,kospi_universe_summary_latest.csv,2026-06-19T09:20:11+09:00,DART_WHOLE_MARKET_LOOKBACK_CAPPED_90D_FROM_180D
018260,삼성에스디에스,CHECK_LIMITED,확인제한,,,,0,kospi_universe_summary_latest.csv,2026-06-19T09:20:11+09:00,DART_WHOLE_MARKET_LOOKBACK_CAPPED_90D_FROM_180D
018290,브이티,CHECK_LIMITED,확인제한,,,,0,kosdaq_universe_summary_latest.csv,2026-06-19T09:20:11+09:00,DART_WHOLE_MARKET_LOOKBACK_CAPPED_90D_FROM_180D
018310,삼목에스폼,CHECK_LIMITED,확인제한,,,,0,kosdaq_universe_summary_latest.csv,2026-06-19T09:20:11+09:00,DART_WHOLE_MARKET_LOOKBACK_CAPPED_90D_FROM_180D
018470,조일알미늄,CHECK_LIMITED,확인제한,,,,0,kospi_universe_summary_latest.csv,2026-06-19T09:20:11+09:00,DART_WHOLE_MARKET_LOOKBACK_CAPPED_90D_FROM_180D
018500,동원금속,CHECK_LIMITED,확인제한,,,,0,"kospi_monthly_cycle_latest.csv,kospi_universe_summary_latest.csv",2026-06-19T09:20:11+09:00,DART_WHOLE_MARKET_LOOKBACK_CAPPED_90D_FROM_180D
018620,우진비앤지,CHECK_LIMITED,확인제한,,,,0,kosdaq_universe_summary_latest.csv,2026-06-19T09:20:11+09:00,DART_WHOLE_MARKET_LOOKBACK_CAPPED_90D_FROM_180D
018670,SK가스,CHECK_LIMITED,확인제한,,,,0,kospi_universe_summary_latest.csv,2026-06-19T09:20:11+09:00,DART_WHOLE_MARKET_LOOKBACK_CAPPED_90D_FROM_180D
018680,서울제약,CHECK_LIMITED,확인제한,,,,0,kosdaq_universe_summary_latest.csv,2026-06-19T09:20:11+09:00,DART_WHOLE_MARKET_LOOKBACK_CAPPED_90D_FROM_180D
018700,졸스,CHECK_LIMITED,확인제한,,,,0,kosdaq_universe_summary_latest.csv,2026-06-19T09:20:11+09:00,DART_WHOLE_MARKET_LOOKBACK_CAPPED_90D_FROM_180D
018880,한온시스템,CHECK_LIMITED,확인제한,,,,0,"kospi_monthly_cycle_latest.csv,kospi_universe_summary_latest.csv",2026-06-19T09:20:11+09:00,DART_WHOLE_MARKET_LOOKBACK_CAPPED_90D_FROM_180D
019010,베뉴지,CHECK_LIMITED,확인제한,,,,0,kosdaq_universe_summary_latest.csv,2026-06-19T09:20:11+09:00,DART_WHOLE_MARKET_LOOKBACK_CAPPED_90D_FROM_180D
019170,신풍제약,CHECK_LIMITED,확인제한,,,,0,kospi_universe_summary_latest.csv,2026-06-19T09:20:11+09:00,DART_WHOLE_MARKET_LOOKBACK_CAPPED_90D_FROM_180D
019175,신풍제약우,CHECK_LIMITED,확인제한,,,,0,kospi_universe_summary_latest.csv,2026-06-19T09:20:11+09:00,DART_WHOLE_MARKET_LOOKBACK_CAPPED_90D_FROM_180D
019180,티에이치엔,CHECK_LIMITED,확인제한,,,,0,kospi_universe_summary_latest.csv,2026-06-19T09:20:11+09:00,DART_WHOLE_MARKET_LOOKBACK_CAPPED_90D_FROM_180D
019210,와이지-원,CHECK_LIMITED,확인제한,,,,0,kosdaq_universe_summary_latest.csv,2026-06-19T09:20:11+09:00,DART_WHOLE_MARKET_LOOKBACK_CAPPED_90D_FROM_180D
019490,엑시큐어하이트론,CHECK_LIMITED,확인제한,,,,0,kospi_universe_summary_latest.csv,2026-06-19T09:20:11+09:00,DART_WHOLE_MARKET_LOOKBACK_CAPPED_90D_FROM_180D
019540,일지테크,CHECK_LIMITED,확인제한,,,,0,kosdaq_universe_summary_latest.csv,2026-06-19T09:20:11+09:00,DART_WHOLE_MARKET_LOOKBACK_CAPPED_90D_FROM_180D
019550,SBI인베스트먼트,CHECK_LIMITED,확인제한,,,,0,kosdaq_universe_summary_latest.csv,2026-06-19T09:20:11+09:00,DART_WHOLE_MARKET_LOOKBACK_CAPPED_90D_FROM_180D
019570,플루토스,CHECK_LIMITED,확인제한,,,,0,kosdaq_universe_summary_latest.csv,2026-06-19T09:20:11+09:00,DART_WHOLE_MARKET_LOOKBACK_CAPPED_90D_FROM_180D
019660,글로본,CHECK_LIMITED,확인제한,,,,0,kosdaq_universe_summary_latest.csv,2026-06-19T09:20:11+09:00,DART_WHOLE_MARKET_LOOKBACK_CAPPED_90D_FROM_180D
019680,대교,CHECK_LIMITED,확인제한,,,,0,kospi_universe_summary_latest.csv,2026-06-19T09:20:11+09:00,DART_WHOLE_MARKET_LOOKBACK_CAPPED_90D_FROM_180D
019685,대교우B,CHECK_LIMITED,확인제한,,,,0,kospi_universe_summary_latest.csv,2026-06-19T09:20:11+09:00,DART_WHOLE_MARKET_LOOKBACK_CAPPED_90D_FROM_180D
019770,서연탑메탈,CHECK_LIMITED,확인제한,,,,0,kosdaq_universe_summary_latest.csv,2026-06-19T09:20:11+09:00,DART_WHOLE_MARKET_LOOKBACK_CAPPED_90D_FROM_180D
019990,에너토크,CHECK_LIMITED,확인제한,,,,0,kosdaq_universe_summary_latest.csv,2026-06-19T09:20:11+09:00,DART_WHOLE_MARKET_LOOKBACK_CAPPED_90D_FROM_180D
020000,한섬,CHECK_LIMITED,확인제한,,,,0,kospi_universe_summary_latest.csv,2026-06-19T09:20:11+09:00,DART_WHOLE_MARKET_LOOKBACK_CAPPED_90D_FROM_180D
020120,키다리스튜디오,CHECK_LIMITED,확인제한,,,,0,kospi_universe_summary_latest.csv,2026-06-19T09:20:11+09:00,DART_WHOLE_MARKET_LOOKBACK_CAPPED_90D_FROM_180D
020150,롯데에너지머티리얼즈,CHECK_LIMITED,확인제한,,,,0,kospi_universe_summary_latest.csv,2026-06-19T09:20:11+09:00,DART_WHOLE_MARKET_LOOKBACK_CAPPED_90D_FROM_180D
020180,대신정보통신,CHECK_LIMITED,확인제한,,,,0,kosdaq_universe_summary_latest.csv,2026-06-19T09:20:11+09:00,DART_WHOLE_MARKET_LOOKBACK_CAPPED_90D_FROM_180D
020400,대동금속,CHECK_LIMITED,확인제한,,,,0,kosdaq_universe_summary_latest.csv,2026-06-19T09:20:11+09:00,DART_WHOLE_MARKET_LOOKBACK_CAPPED_90D_FROM_180D
020560,아시아나항공,CHECK_LIMITED,확인제한,,,,0,kospi_universe_summary_latest.csv,2026-06-19T09:20:11+09:00,DART_WHOLE_MARKET_LOOKBACK_CAPPED_90D_FROM_180D
020710,시공테크,CHECK_LIMITED,확인제한,,,,0,kosdaq_universe_summary_latest.csv,2026-06-19T09:20:11+09:00,DART_WHOLE_MARKET_LOOKBACK_CAPPED_90D_FROM_180D
020760,일진디스플,CHECK_LIMITED,확인제한,,,,0,kospi_universe_summary_latest.csv,2026-06-19T09:20:11+09:00,DART_WHOLE_MARKET_LOOKBACK_CAPPED_90D_FROM_180D
021040,대호특수강,CHECK_LIMITED,확인제한,,,,0,kosdaq_universe_summary_latest.csv,2026-06-19T09:20:11+09:00,DART_WHOLE_MARKET_LOOKBACK_CAPPED_90D_FROM_180D
021045,대호특수강우,CHECK_LIMITED,확인제한,,,,0,kosdaq_universe_summary_latest.csv,2026-06-19T09:20:11+09:00,DART_WHOLE_MARKET_LOOKBACK_CAPPED_90D_FROM_180D
021050,서원,CHECK_LIMITED,확인제한,,,,0,kospi_universe_summary_latest.csv,2026-06-19T09:20:11+09:00,DART_WHOLE_MARKET_LOOKBACK_CAPPED_90D_FROM_180D
021080,에이티넘인베스트,CHECK_LIMITED,확인제한,,,,0,kosdaq_universe_summary_latest.csv,2026-06-19T09:20:11+09:00,DART_WHOLE_MARKET_LOOKBACK_CAPPED_90D_FROM_180D
021240,코웨이,CHECK_LIMITED,확인제한,,,,0,kospi_universe_summary_latest.csv,2026-06-19T09:20:11+09:00,DART_WHOLE_MARKET_LOOKBACK_CAPPED_90D_FROM_180D
021320,KCC건설,CHECK_LIMITED,확인제한,,,,0,kosdaq_universe_summary_latest.csv,2026-06-19T09:20:11+09:00,DART_WHOLE_MARKET_LOOKBACK_CAPPED_90D_FROM_180D
021650,한국큐빅,CHECK_LIMITED,확인제한,,,,0,kosdaq_universe_summary_latest.csv,2026-06-19T09:20:11+09:00,DART_WHOLE_MARKET_LOOKBACK_CAPPED_90D_FROM_180D
021820,세원정공,CHECK_LIMITED,확인제한,,,,0,kospi_universe_summary_latest.csv,2026-06-19T09:20:11+09:00,DART_WHOLE_MARKET_LOOKBACK_CAPPED_90D_FROM_180D
021880,메이슨캐피탈,CHECK_LIMITED,확인제한,,,,0,kosdaq_universe_summary_latest.csv,2026-06-19T09:20:11+09:00,DART_WHOLE_MARKET_LOOKBACK_CAPPED_90D_FROM_180D
022100,포스코DX,CHECK_LIMITED,확인제한,,,,0,kospi_universe_summary_latest.csv,2026-06-19T09:20:11+09:00,DART_WHOLE_MARKET_LOOKBACK_CAPPED_90D_FROM_180D
022220,티케이지애강,CHECK_LIMITED,확인제한,,,,0,kosdaq_universe_summary_latest.csv,2026-06-19T09:20:11+09:00,DART_WHOLE_MARKET_LOOKBACK_CAPPED_90D_FROM_180D
023000,삼원강재,CHECK_LIMITED,확인제한,,,,0,kospi_universe_summary_latest.csv,2026-06-19T09:20:11+09:00,DART_WHOLE_MARKET_LOOKBACK_CAPPED_90D_FROM_180D
023150,MH에탄올,CHECK_LIMITED,확인제한,,,,0,kospi_universe_summary_latest.csv,2026-06-19T09:20:11+09:00,DART_WHOLE_MARKET_LOOKBACK_CAPPED_90D_FROM_180D
023160,태광,CHECK_LIMITED,확인제한,,,,0,kosdaq_universe_summary_latest.csv,2026-06-19T09:20:11+09:00,DART_WHOLE_MARKET_LOOKBACK_CAPPED_90D_FROM_180D
023350,한국종합기술,CHECK_LIMITED,확인제한,,,,0,kospi_universe_summary_latest.csv,2026-06-19T09:20:11+09:00,DART_WHOLE_MARKET_LOOKBACK_CAPPED_90D_FROM_180D
023410,유진기업,CHECK_LIMITED,확인제한,,,,0,kosdaq_universe_summary_latest.csv,2026-06-19T09:20:11+09:00,DART_WHOLE_MARKET_LOOKBACK_CAPPED_90D_FROM_180D
023440,제이스코홀딩스,CHECK_LIMITED,확인제한,,,,0,kosdaq_universe_summary_latest.csv,2026-06-19T09:20:11+09:00,DART_WHOLE_MARKET_LOOKBACK_CAPPED_90D_FROM_180D
023450,동남합성,CHECK_LIMITED,확인제한,,,,0,kospi_universe_summary_latest.csv,2026-06-19T09:20:11+09:00,DART_WHOLE_MARKET_LOOKBACK_CAPPED_90D_FROM_180D
023530,롯데쇼핑,CHECK_LIMITED,확인제한,,,,0,kospi_universe_summary_latest.csv,2026-06-19T09:20:11+09:00,DART_WHOLE_MARKET_LOOKBACK_CAPPED_90D_FROM_180D
023590,다우기술,CHECK_LIMITED,확인제한,,,,0,kospi_universe_summary_latest.csv,2026-06-19T09:20:11+09:00,DART_WHOLE_MARKET_LOOKBACK_CAPPED_90D_FROM_180D
023600,삼보판지,CHECK_LIMITED,확인제한,,,,0,kosdaq_universe_summary_latest.csv,2026-06-19T09:20:11+09:00,DART_WHOLE_MARKET_LOOKBACK_CAPPED_90D_FROM_180D
023760,한국캐피탈,CHECK_LIMITED,확인제한,,,,0,kosdaq_universe_summary_latest.csv,2026-06-19T09:20:11+09:00,DART_WHOLE_MARKET_LOOKBACK_CAPPED_90D_FROM_180D
023770,플레이위드,CHECK_LIMITED,확인제한,,,,0,kosdaq_universe_summary_latest.csv,2026-06-19T09:20:11+09:00,DART_WHOLE_MARKET_LOOKBACK_CAPPED_90D_FROM_180D
023790,동일스틸럭스,CHECK_LIMITED,확인제한,,,,0,kosdaq_universe_summary_latest.csv,2026-06-19T09:20:11+09:00,DART_WHOLE_MARKET_LOOKBACK_CAPPED_90D_FROM_180D
023800,인지컨트롤스,CHECK_LIMITED,확인제한,,,,0,kospi_universe_summary_latest.csv,2026-06-19T09:20:11+09:00,DART_WHOLE_MARKET_LOOKBACK_CAPPED_90D_FROM_180D
023810,인팩,CHECK_LIMITED,확인제한,,,,0,kospi_universe_summary_latest.csv,2026-06-19T09:20:11+09:00,DART_WHOLE_MARKET_LOOKBACK_CAPPED_90D_FROM_180D
023900,풍국주정,CHECK_LIMITED,확인제한,,,,0,kosdaq_universe_summary_latest.csv,2026-06-19T09:20:11+09:00,DART_WHOLE_MARKET_LOOKBACK_CAPPED_90D_FROM_180D
023910,대한약품,CHECK_LIMITED,확인제한,,,,0,kosdaq_universe_summary_latest.csv,2026-06-19T09:20:11+09:00,DART_WHOLE_MARKET_LOOKBACK_CAPPED_90D_FROM_180D
023960,에쓰씨엔지니어링,CHECK_LIMITED,확인제한,,,,0,kospi_universe_summary_latest.csv,2026-06-19T09:20:11+09:00,DART_WHOLE_MARKET_LOOKBACK_CAPPED_90D_FROM_180D
024060,흥구석유,CHECK_LIMITED,확인제한,,,,0,kosdaq_universe_summary_latest.csv,2026-06-19T09:20:11+09:00,DART_WHOLE_MARKET_LOOKBACK_CAPPED_90D_FROM_180D
024070,WISCOM,CHECK_LIMITED,확인제한,,,,0,kospi_universe_summary_latest.csv,2026-06-19T09:20:11+09:00,DART_WHOLE_MARKET_LOOKBACK_CAPPED_90D_FROM_180D
024090,디씨엠,CHECK_LIMITED,확인제한,,,,0,kospi_universe_summary_latest.csv,2026-06-19T09:20:11+09:00,DART_WHOLE_MARKET_LOOKBACK_CAPPED_90D_FROM_180D
024110,기업은행,CHECK_LIMITED,확인제한,,,,0,"kospi_candidates_30_latest.csv,kospi_short_term_candidates_30_latest.csv,kospi_universe_summary_latest.csv",2026-06-19T09:20:11+09:00,DART_WHOLE_MARKET_LOOKBACK_CAPPED_90D_FROM_180D
024120,KB오토시스,CHECK_LIMITED,확인제한,,,,0,kosdaq_universe_summary_latest.csv,2026-06-19T09:20:11+09:00,DART_WHOLE_MARKET_LOOKBACK_CAPPED_90D_FROM_180D
024720,콜마홀딩스,CHECK_LIMITED,확인제한,,,,0,kospi_universe_summary_latest.csv,2026-06-19T09:20:11+09:00,DART_WHOLE_MARKET_LOOKBACK_CAPPED_90D_FROM_180D
024740,한일단조,CHECK_LIMITED,확인제한,,,,0,kosdaq_universe_summary_latest.csv,2026-06-19T09:20:11+09:00,DART_WHOLE_MARKET_LOOKBACK_CAPPED_90D_FROM_180D
024800,유성티엔에스,CHECK_LIMITED,확인제한,,,,0,kosdaq_universe_summary_latest.csv,2026-06-19T09:20:11+09:00,DART_WHOLE_MARKET_LOOKBACK_CAPPED_90D_FROM_180D
024830,세원물산,CHECK_LIMITED,확인제한,,,,0,kosdaq_universe_summary_latest.csv,2026-06-19T09:20:11+09:00,DART_WHOLE_MARKET_LOOKBACK_CAPPED_90D_FROM_180D
024840,KBI메탈,CHECK_LIMITED,확인제한,,,,0,kosdaq_universe_summary_latest.csv,2026-06-19T09:20:11+09:00,DART_WHOLE_MARKET_LOOKBACK_CAPPED_90D_FROM_180D
024850,HLB이노베이션,CHECK_LIMITED,확인제한,,,,0,kosdaq_universe_summary_latest.csv,2026-06-19T09:20:11+09:00,DART_WHOLE_MARKET_LOOKBACK_CAPPED_90D_FROM_180D
024880,케이피에프,CHECK_LIMITED,확인제한,,,,0,kosdaq_universe_summary_latest.csv,2026-06-19T09:20:11+09:00,DART_WHOLE_MARKET_LOOKBACK_CAPPED_90D_FROM_180D
024890,대원화성,CHECK_LIMITED,확인제한,,,,0,kospi_universe_summary_latest.csv,2026-06-19T09:20:11+09:00,DART_WHOLE_MARKET_LOOKBACK_CAPPED_90D_FROM_180D
024900,디와이덕양,CHECK_LIMITED,확인제한,,,,0,kospi_universe_summary_latest.csv,2026-06-19T09:20:11+09:00,DART_WHOLE_MARKET_LOOKBACK_CAPPED_90D_FROM_180D
024910,경창산업,CHECK_LIMITED,확인제한,,,,0,kosdaq_universe_summary_latest.csv,2026-06-19T09:20:11+09:00,DART_WHOLE_MARKET_LOOKBACK_CAPPED_90D_FROM_180D
024940,PN풍년,CHECK_LIMITED,확인제한,,,,0,kosdaq_universe_summary_latest.csv,2026-06-19T09:20:11+09:00,DART_WHOLE_MARKET_LOOKBACK_CAPPED_90D_FROM_180D
024950,삼천리자전거,CHECK_LIMITED,확인제한,,,,0,kosdaq_universe_summary_latest.csv,2026-06-19T09:20:11+09:00,DART_WHOLE_MARKET_LOOKBACK_CAPPED_90D_FROM_180D
025000,KPX케미칼,CHECK_LIMITED,확인제한,,,,0,kospi_universe_summary_latest.csv,2026-06-19T09:20:11+09:00,DART_WHOLE_MARKET_LOOKBACK_CAPPED_90D_FROM_180D
025320,시노펙스,CHECK_LIMITED,확인제한,,,,0,kosdaq_universe_summary_latest.csv,2026-06-19T09:20:11+09:00,DART_WHOLE_MARKET_LOOKBACK_CAPPED_90D_FROM_180D
025440,DH오토웨어,CHECK_LIMITED,확인제한,,,,0,kosdaq_universe_summary_latest.csv,2026-06-19T09:20:11+09:00,DART_WHOLE_MARKET_LOOKBACK_CAPPED_90D_FROM_180D
025530,SJM홀딩스,CHECK_LIMITED,확인제한,,,,0,kospi_universe_summary_latest.csv,2026-06-19T09:20:11+09:00,DART_WHOLE_MARKET_LOOKBACK_CAPPED_90D_FROM_180D
025540,한국단자,CHECK_LIMITED,확인제한,,,,0,kospi_universe_summary_latest.csv,2026-06-19T09:20:11+09:00,DART_WHOLE_MARKET_LOOKBACK_CAPPED_90D_FROM_180D
025550,한국선재,CHECK_LIMITED,확인제한,,,,0,kosdaq_universe_summary_latest.csv,2026-06-19T09:20:11+09:00,DART_WHOLE_MARKET_LOOKBACK_CAPPED_90D_FROM_180D
025560,미래산업,CHECK_LIMITED,확인제한,,,,0,"kospi_gainers_1m_latest.csv,kospi_universe_summary_latest.csv",2026-06-19T09:20:11+09:00,DART_WHOLE_MARKET_LOOKBACK_CAPPED_90D_FROM_180D
025620,차AI헬스케어,CHECK_LIMITED,확인제한,,,,0,kospi_universe_summary_latest.csv,2026-06-19T09:20:11+09:00,DART_WHOLE_MARKET_LOOKBACK_CAPPED_90D_FROM_180D
025750,한솔홈데코,CHECK_LIMITED,확인제한,,,,0,kospi_universe_summary_latest.csv,2026-06-19T09:20:11+09:00,DART_WHOLE_MARKET_LOOKBACK_CAPPED_90D_FROM_180D
025770,한국정보통신,CHECK_LIMITED,확인제한,,,,0,kosdaq_universe_summary_latest.csv,2026-06-19T09:20:11+09:00,DART_WHOLE_MARKET_LOOKBACK_CAPPED_90D_FROM_180D
025820,이구산업,CHECK_LIMITED,확인제한,,,,0,kospi_universe_summary_latest.csv,2026-06-19T09:20:11+09:00,DART_WHOLE_MARKET_LOOKBACK_CAPPED_90D_FROM_180D
025860,남해화학,CHECK_LIMITED,확인제한,,,,0,kospi_universe_summary_latest.csv,2026-06-19T09:20:11+09:00,DART_WHOLE_MARKET_LOOKBACK_CAPPED_90D_FROM_180D
025870,신라에스지,CHECK_LIMITED,확인제한,,,,0,kosdaq_universe_summary_latest.csv,2026-06-19T09:20:11+09:00,DART_WHOLE_MARKET_LOOKBACK_CAPPED_90D_FROM_180D
025880,케이씨피드,CHECK_LIMITED,확인제한,,,,0,kosdaq_universe_summary_latest.csv,2026-06-19T09:20:11+09:00,DART_WHOLE_MARKET_LOOKBACK_CAPPED_90D_FROM_180D
025890,한국주강,CHECK_LIMITED,확인제한,,,,0,kospi_universe_summary_latest.csv,2026-06-19T09:20:11+09:00,DART_WHOLE_MARKET_LOOKBACK_CAPPED_90D_FROM_180D
025900,동화기업,CHECK_LIMITED,확인제한,,,,0,kosdaq_universe_summary_latest.csv,2026-06-19T09:20:11+09:00,DART_WHOLE_MARKET_LOOKBACK_CAPPED_90D_FROM_180D
025950,동신건설,CHECK_LIMITED,확인제한,,,,0,kosdaq_universe_summary_latest.csv,2026-06-19T09:20:11+09:00,DART_WHOLE_MARKET_LOOKBACK_CAPPED_90D_FROM_180D
025980,아난티,CHECK_LIMITED,확인제한,,,,0,kosdaq_universe_summary_latest.csv,2026-06-19T09:20:11+09:00,DART_WHOLE_MARKET_LOOKBACK_CAPPED_90D_FROM_180D
026040,제이에스티나,CHECK_LIMITED,확인제한,,,,0,kosdaq_universe_summary_latest.csv,2026-06-19T09:20:11+09:00,DART_WHOLE_MARKET_LOOKBACK_CAPPED_90D_FROM_180D
026150,특수건설,CHECK_LIMITED,확인제한,,,,0,kosdaq_universe_summary_latest.csv,2026-06-19T09:20:11+09:00,DART_WHOLE_MARKET_LOOKBACK_CAPPED_90D_FROM_180D
026890,스틱인베스트먼트,CHECK_LIMITED,확인제한,,,,0,kospi_universe_summary_latest.csv,2026-06-19T09:20:11+09:00,DART_WHOLE_MARKET_LOOKBACK_CAPPED_90D_FROM_180D
026910,광진실업,CHECK_LIMITED,확인제한,,,,0,kosdaq_universe_summary_latest.csv,2026-06-19T09:20:11+09:00,DART_WHOLE_MARKET_LOOKBACK_CAPPED_90D_FROM_180D
026940,부국철강,CHECK_LIMITED,확인제한,,,,0,kospi_universe_summary_latest.csv,2026-06-19T09:20:11+09:00,DART_WHOLE_MARKET_LOOKBACK_CAPPED_90D_FROM_180D
026960,동서,CHECK_LIMITED,확인제한,,,,0,kospi_universe_summary_latest.csv,2026-06-19T09:20:11+09:00,DART_WHOLE_MARKET_LOOKBACK_CAPPED_90D_FROM_180D
027040,서울전자통신,CHECK_LIMITED,확인제한,,,,0,kosdaq_universe_summary_latest.csv,2026-06-19T09:20:11+09:00,DART_WHOLE_MARKET_LOOKBACK_CAPPED_90D_FROM_180D
027050,코리아나,CHECK_LIMITED,확인제한,,,,0,kosdaq_universe_summary_latest.csv,2026-06-19T09:20:11+09:00,DART_WHOLE_MARKET_LOOKBACK_CAPPED_90D_FROM_180D
027360,아주IB투자,CHECK_LIMITED,확인제한,,,,0,kosdaq_universe_summary_latest.csv,2026-06-19T09:20:11+09:00,DART_WHOLE_MARKET_LOOKBACK_CAPPED_90D_FROM_180D
027410,BGF,CHECK_LIMITED,확인제한,,,,0,kospi_universe_summary_latest.csv,2026-06-19T09:20:11+09:00,DART_WHOLE_MARKET_LOOKBACK_CAPPED_90D_FROM_180D
027580,상보,CHECK_LIMITED,확인제한,,,,0,kosdaq_universe_summary_latest.csv,2026-06-19T09:20:11+09:00,DART_WHOLE_MARKET_LOOKBACK_CAPPED_90D_FROM_180D
027710,팜스토리,CHECK_LIMITED,확인제한,,,,0,kosdaq_universe_summary_latest.csv,2026-06-19T09:20:11+09:00,DART_WHOLE_MARKET_LOOKBACK_CAPPED_90D_FROM_180D
027740,마니커,CHECK_LIMITED,확인제한,,,,0,kospi_universe_summary_latest.csv,2026-06-19T09:20:11+09:00,DART_WHOLE_MARKET_LOOKBACK_CAPPED_90D_FROM_180D
027830,대성창투,CHECK_LIMITED,확인제한,,,,0,kosdaq_universe_summary_latest.csv,2026-06-19T09:20:11+09:00,DART_WHOLE_MARKET_LOOKBACK_CAPPED_90D_FROM_180D
027970,한국제지,CHECK_LIMITED,확인제한,,,,0,kospi_universe_summary_latest.csv,2026-06-19T09:20:11+09:00,DART_WHOLE_MARKET_LOOKBACK_CAPPED_90D_FROM_180D
028050,삼성E&A,CHECK_LIMITED,확인제한,,,,0,kospi_universe_summary_latest.csv,2026-06-19T09:20:11+09:00,DART_WHOLE_MARKET_LOOKBACK_CAPPED_90D_FROM_180D
028080,휴맥스홀딩스,CHECK_LIMITED,확인제한,,,,0,kosdaq_universe_summary_latest.csv,2026-06-19T09:20:11+09:00,DART_WHOLE_MARKET_LOOKBACK_CAPPED_90D_FROM_180D
028100,동아지질,CHECK_LIMITED,확인제한,,,,0,kospi_universe_summary_latest.csv,2026-06-19T09:20:11+09:00,DART_WHOLE_MARKET_LOOKBACK_CAPPED_90D_FROM_180D
028260,삼성물산,CHECK_LIMITED,확인제한,,,,0,kospi_universe_summary_latest.csv,2026-06-19T09:20:11+09:00,DART_WHOLE_MARKET_LOOKBACK_CAPPED_90D_FROM_180D
028300,HLB,CHECK_LIMITED,확인제한,,,,0,kosdaq_universe_summary_latest.csv,2026-06-19T09:20:11+09:00,DART_WHOLE_MARKET_LOOKBACK_CAPPED_90D_FROM_180D
028670,팬오션,CHECK_LIMITED,확인제한,,,,0,"kospi_fx_weakness_candidates_30_latest.csv,kospi_universe_summary_latest.csv",2026-06-19T09:20:11+09:00,DART_WHOLE_MARKET_LOOKBACK_CAPPED_90D_FROM_180D
029460,케이씨,CHECK_LIMITED,확인제한,,,,0,kospi_universe_summary_latest.csv,2026-06-19T09:20:11+09:00,DART_WHOLE_MARKET_LOOKBACK_CAPPED_90D_FROM_180D
029480,광무,CHECK_LIMITED,확인제한,,,,0,kosdaq_universe_summary_latest.csv,2026-06-19T09:20:11+09:00,DART_WHOLE_MARKET_LOOKBACK_CAPPED_90D_FROM_180D
029530,신도리코,CHECK_LIMITED,확인제한,,,,0,kospi_universe_summary_latest.csv,2026-06-19T09:20:11+09:00,DART_WHOLE_MARKET_LOOKBACK_CAPPED_90D_FROM_180D
029780,삼성카드,CHECK_LIMITED,확인제한,,,,0,kospi_universe_summary_latest.csv,2026-06-19T09:20:11+09:00,DART_WHOLE_MARKET_LOOKBACK_CAPPED_90D_FROM_180D
030000,제일기획,CHECK_LIMITED,확인제한,,,,0,kospi_universe_summary_latest.csv,2026-06-19T09:20:11+09:00,DART_WHOLE_MARKET_LOOKBACK_CAPPED_90D_FROM_180D
030190,NICE평가정보,CHECK_LIMITED,확인제한,,,,0,kospi_universe_summary_latest.csv,2026-06-19T09:20:11+09:00,DART_WHOLE_MARKET_LOOKBACK_CAPPED_90D_FROM_180D
030200,KT,CHECK_LIMITED,확인제한,,,,0,kospi_universe_summary_latest.csv,2026-06-19T09:20:11+09:00,DART_WHOLE_MARKET_LOOKBACK_CAPPED_90D_FROM_180D
030210,다올투자증권,CHECK_LIMITED,확인제한,,,,0,kospi_universe_summary_latest.csv,2026-06-19T09:20:11+09:00,DART_WHOLE_MARKET_LOOKBACK_CAPPED_90D_FROM_180D
030350,드래곤플라이,CHECK_LIMITED,확인제한,,,,0,kosdaq_universe_summary_latest.csv,2026-06-19T09:20:11+09:00,DART_WHOLE_MARKET_LOOKBACK_CAPPED_90D_FROM_180D
030520,한글과컴퓨터,CHECK_LIMITED,확인제한,,,,0,kosdaq_universe_summary_latest.csv,2026-06-19T09:20:11+09:00,DART_WHOLE_MARKET_LOOKBACK_CAPPED_90D_FROM_180D
030530,원익홀딩스,CHECK_LIMITED,확인제한,,,,0,kosdaq_universe_summary_latest.csv,2026-06-19T09:20:11+09:00,DART_WHOLE_MARKET_LOOKBACK_CAPPED_90D_FROM_180D
030610,교보증권,CHECK_LIMITED,확인제한,,,,0,kospi_universe_summary_latest.csv,2026-06-19T09:20:11+09:00,DART_WHOLE_MARKET_LOOKBACK_CAPPED_90D_FROM_180D
030720,동원수산,CHECK_LIMITED,확인제한,,,,0,kospi_universe_summary_latest.csv,2026-06-19T09:20:11+09:00,DART_WHOLE_MARKET_LOOKBACK_CAPPED_90D_FROM_180D
030960,양지사,CHECK_LIMITED,확인제한,,,,0,kosdaq_universe_summary_latest.csv,2026-06-19T09:20:11+09:00,DART_WHOLE_MARKET_LOOKBACK_CAPPED_90D_FROM_180D
031210,서울보증보험,CHECK_LIMITED,확인제한,,,,0,kospi_universe_summary_latest.csv,2026-06-19T09:20:11+09:00,DART_WHOLE_MARKET_LOOKBACK_CAPPED_90D_FROM_180D
031310,아이즈비전,CHECK_LIMITED,확인제한,,,,0,kosdaq_universe_summary_latest.csv,2026-06-19T09:20:11+09:00,DART_WHOLE_MARKET_LOOKBACK_CAPPED_90D_FROM_180D
031330,에스에이엠티,CHECK_LIMITED,확인제한,,,,0,kosdaq_universe_summary_latest.csv,2026-06-19T09:20:11+09:00,DART_WHOLE_MARKET_LOOKBACK_CAPPED_90D_FROM_180D
031430,신세계인터내셔날,CHECK_LIMITED,확인제한,,,,0,kospi_universe_summary_latest.csv,2026-06-19T09:20:11+09:00,DART_WHOLE_MARKET_LOOKBACK_CAPPED_90D_FROM_180D
031440,신세계푸드,CHECK_LIMITED,확인제한,,,,0,kospi_universe_summary_latest.csv,2026-06-19T09:20:11+09:00,DART_WHOLE_MARKET_LOOKBACK_CAPPED_90D_FROM_180D
031510,오스템,CHECK_LIMITED,확인제한,,,,0,kosdaq_universe_summary_latest.csv,2026-06-19T09:20:11+09:00,DART_WHOLE_MARKET_LOOKBACK_CAPPED_90D_FROM_180D
031820,아이티센씨티에스,CHECK_LIMITED,확인제한,,,,0,kospi_universe_summary_latest.csv,2026-06-19T09:20:11+09:00,DART_WHOLE_MARKET_LOOKBACK_CAPPED_90D_FROM_180D
031860,디에이치엑스컴퍼니,CHECK_LIMITED,확인제한,,,,0,kosdaq_universe_summary_latest.csv,2026-06-19T09:20:11+09:00,DART_WHOLE_MARKET_LOOKBACK_CAPPED_90D_FROM_180D
031980,피에스케이홀딩스,CHECK_LIMITED,확인제한,,,,0,"kosdaq_candidates_10_latest.csv,kosdaq_universe_summary_latest.csv",2026-06-19T09:20:11+09:00,DART_WHOLE_MARKET_LOOKBACK_CAPPED_90D_FROM_180D
032080,아즈텍WB,CHECK_LIMITED,확인제한,,,,0,kosdaq_universe_summary_latest.csv,2026-06-19T09:20:11+09:00,DART_WHOLE_MARKET_LOOKBACK_CAPPED_90D_FROM_180D
032190,다우데이타,CHECK_LIMITED,확인제한,,,,0,kosdaq_universe_summary_latest.csv,2026-06-19T09:20:11+09:00,DART_WHOLE_MARKET_LOOKBACK_CAPPED_90D_FROM_180D
032280,삼일,CHECK_LIMITED,확인제한,,,,0,kosdaq_universe_summary_latest.csv,2026-06-19T09:20:11+09:00,DART_WHOLE_MARKET_LOOKBACK_CAPPED_90D_FROM_180D
032300,한국파마,CHECK_LIMITED,확인제한,,,,0,kosdaq_universe_summary_latest.csv,2026-06-19T09:20:11+09:00,DART_WHOLE_MARKET_LOOKBACK_CAPPED_90D_FROM_180D
032350,롯데관광개발,CHECK_LIMITED,확인제한,,,,0,"kospi_monthly_cycle_latest.csv,kospi_universe_summary_latest.csv",2026-06-19T09:20:11+09:00,DART_WHOLE_MARKET_LOOKBACK_CAPPED_90D_FROM_180D
032500,케이엠더블유,CHECK_LIMITED,확인제한,,,,0,kosdaq_universe_summary_latest.csv,2026-06-19T09:20:11+09:00,DART_WHOLE_MARKET_LOOKBACK_CAPPED_90D_FROM_180D
032540,TJ미디어,CHECK_LIMITED,확인제한,,,,0,kosdaq_universe_summary_latest.csv,2026-06-19T09:20:11+09:00,DART_WHOLE_MARKET_LOOKBACK_CAPPED_90D_FROM_180D
032560,황금에스티,CHECK_LIMITED,확인제한,,,,0,kospi_universe_summary_latest.csv,2026-06-19T09:20:11+09:00,DART_WHOLE_MARKET_LOOKBACK_CAPPED_90D_FROM_180D
032580,피델릭스,CHECK_LIMITED,확인제한,,,,0,kosdaq_universe_summary_latest.csv,2026-06-19T09:20:11+09:00,DART_WHOLE_MARKET_LOOKBACK_CAPPED_90D_FROM_180D
032620,GC메디아이,CHECK_LIMITED,확인제한,,,,0,kosdaq_universe_summary_latest.csv,2026-06-19T09:20:11+09:00,DART_WHOLE_MARKET_LOOKBACK_CAPPED_90D_FROM_180D
032640,LG유플러스,CHECK_LIMITED,확인제한,,,,0,kospi_universe_summary_latest.csv,2026-06-19T09:20:11+09:00,DART_WHOLE_MARKET_LOOKBACK_CAPPED_90D_FROM_180D
032680,소프트센,CHECK_LIMITED,확인제한,,,,0,kosdaq_universe_summary_latest.csv,2026-06-19T09:20:11+09:00,DART_WHOLE_MARKET_LOOKBACK_CAPPED_90D_FROM_180D
032685,소프트센우,CHECK_LIMITED,확인제한,,,,0,kosdaq_universe_summary_latest.csv,2026-06-19T09:20:11+09:00,DART_WHOLE_MARKET_LOOKBACK_CAPPED_90D_FROM_180D
032750,삼진,CHECK_LIMITED,확인제한,,,,0,kosdaq_universe_summary_latest.csv,2026-06-19T09:20:11+09:00,DART_WHOLE_MARKET_LOOKBACK_CAPPED_90D_FROM_180D
032790,엠젠솔루션,CHECK_LIMITED,확인제한,,,,0,kosdaq_universe_summary_latest.csv,2026-06-19T09:20:11+09:00,DART_WHOLE_MARKET_LOOKBACK_CAPPED_90D_FROM_180D
032800,판타지오,CHECK_LIMITED,확인제한,,,,0,kosdaq_universe_summary_latest.csv,2026-06-19T09:20:11+09:00,DART_WHOLE_MARKET_LOOKBACK_CAPPED_90D_FROM_180D
032820,우리기술,CHECK_LIMITED,확인제한,,,,0,kosdaq_universe_summary_latest.csv,2026-06-19T09:20:11+09:00,DART_WHOLE_MARKET_LOOKBACK_CAPPED_90D_FROM_180D
032830,삼성생명,CHECK_LIMITED,확인제한,,,,0,"kospi_universe_summary_latest.csv,watchlist_summary_latest.csv",2026-06-19T09:20:11+09:00,DART_WHOLE_MARKET_LOOKBACK_CAPPED_90D_FROM_180D
032850,비트컴퓨터,CHECK_LIMITED,확인제한,,,,0,kosdaq_universe_summary_latest.csv,2026-06-19T09:20:11+09:00,DART_WHOLE_MARKET_LOOKBACK_CAPPED_90D_FROM_180D
032860,더라미,CHECK_LIMITED,확인제한,,,,0,kosdaq_universe_summary_latest.csv,2026-06-19T09:20:11+09:00,DART_WHOLE_MARKET_LOOKBACK_CAPPED_90D_FROM_180D
032940,원익,CHECK_LIMITED,확인제한,,,,0,kosdaq_universe_summary_latest.csv,2026-06-19T09:20:11+09:00,DART_WHOLE_MARKET_LOOKBACK_CAPPED_90D_FROM_180D
032960,동일기연,CHECK_LIMITED,확인제한,,,,0,kosdaq_universe_summary_latest.csv,2026-06-19T09:20:11+09:00,DART_WHOLE_MARKET_LOOKBACK_CAPPED_90D_FROM_180D
032980,바이온,CHECK_LIMITED,확인제한,,,,0,kosdaq_universe_summary_latest.csv,2026-06-19T09:20:11+09:00,DART_WHOLE_MARKET_LOOKBACK_CAPPED_90D_FROM_180D
033050,제이엠아이,CHECK_LIMITED,확인제한,,,,0,kosdaq_universe_summary_latest.csv,2026-06-19T09:20:11+09:00,DART_WHOLE_MARKET_LOOKBACK_CAPPED_90D_FROM_180D
033100,제룡전기,CHECK_LIMITED,확인제한,,,,0,kosdaq_universe_summary_latest.csv,2026-06-19T09:20:11+09:00,DART_WHOLE_MARKET_LOOKBACK_CAPPED_90D_FROM_180D
033130,디지틀조선,CHECK_LIMITED,확인제한,,,,0,kosdaq_universe_summary_latest.csv,2026-06-19T09:20:11+09:00,DART_WHOLE_MARKET_LOOKBACK_CAPPED_90D_FROM_180D
033160,엠케이전자,CHECK_LIMITED,확인제한,,,,0,kosdaq_universe_summary_latest.csv,2026-06-19T09:20:11+09:00,DART_WHOLE_MARKET_LOOKBACK_CAPPED_90D_FROM_180D
033170,시그네틱스,CHECK_LIMITED,확인제한,,,,0,kosdaq_universe_summary_latest.csv,2026-06-19T09:20:11+09:00,DART_WHOLE_MARKET_LOOKBACK_CAPPED_90D_FROM_180D
033200,모아텍,CHECK_LIMITED,확인제한,,,,0,kosdaq_universe_summary_latest.csv,2026-06-19T09:20:11+09:00,DART_WHOLE_MARKET_LOOKBACK_CAPPED_90D_FROM_180D
033230,인성정보,CHECK_LIMITED,확인제한,,,,0,kosdaq_universe_summary_latest.csv,2026-06-19T09:20:11+09:00,DART_WHOLE_MARKET_LOOKBACK_CAPPED_90D_FROM_180D
033240,자화전자,CHECK_LIMITED,확인제한,,,,0,kospi_universe_summary_latest.csv,2026-06-19T09:20:11+09:00,DART_WHOLE_MARKET_LOOKBACK_CAPPED_90D_FROM_180D
033250,체시스,CHECK_LIMITED,확인제한,,,,0,kospi_universe_summary_latest.csv,2026-06-19T09:20:11+09:00,DART_WHOLE_MARKET_LOOKBACK_CAPPED_90D_FROM_180D
033270,유나이티드제약,CHECK_LIMITED,확인제한,,,,0,kospi_universe_summary_latest.csv,2026-06-19T09:20:11+09:00,DART_WHOLE_MARKET_LOOKBACK_CAPPED_90D_FROM_180D
033290,로젠,CHECK_LIMITED,확인제한,,,,0,kosdaq_universe_summary_latest.csv,2026-06-19T09:20:11+09:00,DART_WHOLE_MARKET_LOOKBACK_CAPPED_90D_FROM_180D
033310,엠투엔,CHECK_LIMITED,확인제한,,,,0,kosdaq_universe_summary_latest.csv,2026-06-19T09:20:11+09:00,DART_WHOLE_MARKET_LOOKBACK_CAPPED_90D_FROM_180D
033320,제이씨현시스템,CHECK_LIMITED,확인제한,,,,0,kosdaq_universe_summary_latest.csv,2026-06-19T09:20:11+09:00,DART_WHOLE_MARKET_LOOKBACK_CAPPED_90D_FROM_180D
033340,좋은사람들,CHECK_LIMITED,확인제한,,,,0,kosdaq_universe_summary_latest.csv,2026-06-19T09:20:11+09:00,DART_WHOLE_MARKET_LOOKBACK_CAPPED_90D_FROM_180D
033500,동성화인텍,CHECK_LIMITED,확인제한,,,,0,kosdaq_universe_summary_latest.csv,2026-06-19T09:20:11+09:00,DART_WHOLE_MARKET_LOOKBACK_CAPPED_90D_FROM_180D
033530,SJG세종,CHECK_LIMITED,확인제한,,,,0,kospi_universe_summary_latest.csv,2026-06-19T09:20:11+09:00,DART_WHOLE_MARKET_LOOKBACK_CAPPED_90D_FROM_180D
033540,파라텍,CHECK_LIMITED,확인제한,,,,0,kosdaq_universe_summary_latest.csv,2026-06-19T09:20:11+09:00,DART_WHOLE_MARKET_LOOKBACK_CAPPED_90D_FROM_180D
033560,블루콤,CHECK_LIMITED,확인제한,,,,0,kosdaq_universe_summary_latest.csv,2026-06-19T09:20:11+09:00,DART_WHOLE_MARKET_LOOKBACK_CAPPED_90D_FROM_180D
033640,네패스,CHECK_LIMITED,확인제한,,,,0,kosdaq_universe_summary_latest.csv,2026-06-19T09:20:11+09:00,DART_WHOLE_MARKET_LOOKBACK_CAPPED_90D_FROM_180D
033780,KT&G,CHECK_LIMITED,확인제한,,,,0,"kospi_short_term_candidates_30_latest.csv,kospi_universe_summary_latest.csv",2026-06-19T09:20:11+09:00,DART_WHOLE_MARKET_LOOKBACK_CAPPED_90D_FROM_180D
033790,피노,CHECK_LIMITED,확인제한,,,,0,kosdaq_universe_summary_latest.csv,2026-06-19T09:20:11+09:00,DART_WHOLE_MARKET_LOOKBACK_CAPPED_90D_FROM_180D
033830,티비씨,CHECK_LIMITED,확인제한,,,,0,kosdaq_universe_summary_latest.csv,2026-06-19T09:20:11+09:00,DART_WHOLE_MARKET_LOOKBACK_CAPPED_90D_FROM_180D
033920,무학,CHECK_LIMITED,확인제한,,,,0,kospi_universe_summary_latest.csv,2026-06-19T09:20:11+09:00,DART_WHOLE_MARKET_LOOKBACK_CAPPED_90D_FROM_180D
034020,두산에너빌리티,CHECK_LIMITED,확인제한,,,,0,"kospi_universe_summary_latest.csv,watchlist_summary_latest.csv",2026-06-19T09:20:11+09:00,DART_WHOLE_MARKET_LOOKBACK_CAPPED_90D_FROM_180D
034120,SBS,CHECK_LIMITED,확인제한,,,,0,kospi_universe_summary_latest.csv,2026-06-19T09:20:11+09:00,DART_WHOLE_MARKET_LOOKBACK_CAPPED_90D_FROM_180D
034220,LG디스플레이,CHECK_LIMITED,확인제한,,,,0,"kospi_candidates_30_latest.csv,kospi_fx_weakness_candidates_30_latest.csv,kospi_monthly_cycle_latest.csv,kospi_short_term_candidates_30_latest.csv,kospi_universe_summary_latest.csv",2026-06-19T09:20:11+09:00,DART_WHOLE_MARKET_LOOKBACK_CAPPED_90D_FROM_180D
034230,파라다이스,CHECK_LIMITED,확인제한,,,,0,kospi_universe_summary_latest.csv,2026-06-19T09:20:11+09:00,DART_WHOLE_MARKET_LOOKBACK_CAPPED_90D_FROM_180D
034310,NICE,CHECK_LIMITED,확인제한,,,,0,kospi_universe_summary_latest.csv,2026-06-19T09:20:11+09:00,DART_WHOLE_MARKET_LOOKBACK_CAPPED_90D_FROM_180D
034590,인천도시가스,CHECK_LIMITED,확인제한,,,,0,kospi_universe_summary_latest.csv,2026-06-19T09:20:11+09:00,DART_WHOLE_MARKET_LOOKBACK_CAPPED_90D_FROM_180D
034730,SK,CHECK_LIMITED,확인제한,,,,0,"kospi_universe_summary_latest.csv,watchlist_summary_latest.csv",2026-06-19T09:20:11+09:00,DART_WHOLE_MARKET_LOOKBACK_CAPPED_90D_FROM_180D
034810,해성산업,CHECK_LIMITED,확인제한,,,,0,kosdaq_universe_summary_latest.csv,2026-06-19T09:20:11+09:00,DART_WHOLE_MARKET_LOOKBACK_CAPPED_90D_FROM_180D
034830,한국토지신탁,CHECK_LIMITED,확인제한,,,,0,kospi_universe_summary_latest.csv,2026-06-19T09:20:11+09:00,DART_WHOLE_MARKET_LOOKBACK_CAPPED_90D_FROM_180D
034940,조아제약,CHECK_LIMITED,확인제한,,,,0,kosdaq_universe_summary_latest.csv,2026-06-19T09:20:11+09:00,DART_WHOLE_MARKET_LOOKBACK_CAPPED_90D_FROM_180D
034950,한국기업평가,CHECK_LIMITED,확인제한,,,,0,kosdaq_universe_summary_latest.csv,2026-06-19T09:20:11+09:00,DART_WHOLE_MARKET_LOOKBACK_CAPPED_90D_FROM_180D
035000,HS애드,CHECK_LIMITED,확인제한,,,,0,kospi_universe_summary_latest.csv,2026-06-19T09:20:11+09:00,DART_WHOLE_MARKET_LOOKBACK_CAPPED_90D_FROM_180D
035080,그래디언트,CHECK_LIMITED,확인제한,,,,0,kosdaq_universe_summary_latest.csv,2026-06-19T09:20:11+09:00,DART_WHOLE_MARKET_LOOKBACK_CAPPED_90D_FROM_180D
035150,백산,CHECK_LIMITED,확인제한,,,,0,kospi_universe_summary_latest.csv,2026-06-19T09:20:11+09:00,DART_WHOLE_MARKET_LOOKBACK_CAPPED_90D_FROM_180D
035200,프럼파스트,CHECK_LIMITED,확인제한,,,,0,kosdaq_universe_summary_latest.csv,2026-06-19T09:20:11+09:00,DART_WHOLE_MARKET_LOOKBACK_CAPPED_90D_FROM_180D
035250,강원랜드,CHECK_LIMITED,확인제한,,,,0,kospi_universe_summary_latest.csv,2026-06-19T09:20:11+09:00,DART_WHOLE_MARKET_LOOKBACK_CAPPED_90D_FROM_180D
035290,골드앤에스,CHECK_LIMITED,확인제한,,,,0,kosdaq_universe_summary_latest.csv,2026-06-19T09:20:11+09:00,DART_WHOLE_MARKET_LOOKBACK_CAPPED_90D_FROM_180D
035420,NAVER,CHECK_LIMITED,확인제한,,,,0,"kospi_candidates_30_latest.csv,kospi_fx_weakness_candidates_30_latest.csv,kospi_recommend_7_latest.csv,kospi_short_term_candidates_30_latest.csv,kospi_short_term_recommend_7_latest.csv,kospi_universe_summary_latest.csv",2026-06-19T09:20:11+09:00,DART_WHOLE_MARKET_LOOKBACK_CAPPED_90D_FROM_180D
035460,기산텔레콤,CHECK_LIMITED,확인제한,,,,0,kosdaq_universe_summary_latest.csv,2026-06-19T09:20:11+09:00,DART_WHOLE_MARKET_LOOKBACK_CAPPED_90D_FROM_180D
035510,신세계 I&C,CHECK_LIMITED,확인제한,,,,0,kospi_universe_summary_latest.csv,2026-06-19T09:20:11+09:00,DART_WHOLE_MARKET_LOOKBACK_CAPPED_90D_FROM_180D
035600,KG이니시스,CHECK_LIMITED,확인제한,,,,0,kosdaq_universe_summary_latest.csv,2026-06-19T09:20:11+09:00,DART_WHOLE_MARKET_LOOKBACK_CAPPED_90D_FROM_180D
035610,솔본,CHECK_LIMITED,확인제한,,,,0,kosdaq_universe_summary_latest.csv,2026-06-19T09:20:11+09:00,DART_WHOLE_MARKET_LOOKBACK_CAPPED_90D_FROM_180D
035620,바른손이앤에이,CHECK_LIMITED,확인제한,,,,0,kosdaq_universe_summary_latest.csv,2026-06-19T09:20:11+09:00,DART_WHOLE_MARKET_LOOKBACK_CAPPED_90D_FROM_180D
035720,카카오,CHECK_LIMITED,확인제한,,,,0,kospi_universe_summary_latest.csv,2026-06-19T09:20:11+09:00,DART_WHOLE_MARKET_LOOKBACK_CAPPED_90D_FROM_180D
035760,CJ ENM,CHECK_LIMITED,확인제한,,,,0,kosdaq_universe_summary_latest.csv,2026-06-19T09:20:11+09:00,DART_WHOLE_MARKET_LOOKBACK_CAPPED_90D_FROM_180D
035810,이지홀딩스,CHECK_LIMITED,확인제한,,,,0,kosdaq_universe_summary_latest.csv,2026-06-19T09:20:11+09:00,DART_WHOLE_MARKET_LOOKBACK_CAPPED_90D_FROM_180D
035890,서희건설,CHECK_LIMITED,확인제한,,,,0,kosdaq_universe_summary_latest.csv,2026-06-19T09:20:11+09:00,DART_WHOLE_MARKET_LOOKBACK_CAPPED_90D_FROM_180D
035900,JYP Ent.,CHECK_LIMITED,확인제한,,,,0,kosdaq_universe_summary_latest.csv,2026-06-19T09:20:11+09:00,DART_WHOLE_MARKET_LOOKBACK_CAPPED_90D_FROM_180D
036000,예림당,CHECK_LIMITED,확인제한,,,,0,kosdaq_universe_summary_latest.csv,2026-06-19T09:20:11+09:00,DART_WHOLE_MARKET_LOOKBACK_CAPPED_90D_FROM_180D
036010,아비코전자,CHECK_LIMITED,확인제한,,,,0,kosdaq_universe_summary_latest.csv,2026-06-19T09:20:11+09:00,DART_WHOLE_MARKET_LOOKBACK_CAPPED_90D_FROM_180D
036030,케이티알파,CHECK_LIMITED,확인제한,,,,0,kosdaq_universe_summary_latest.csv,2026-06-19T09:20:11+09:00,DART_WHOLE_MARKET_LOOKBACK_CAPPED_90D_FROM_180D
036090,위지트,CHECK_LIMITED,확인제한,,,,0,kosdaq_universe_summary_latest.csv,2026-06-19T09:20:11+09:00,DART_WHOLE_MARKET_LOOKBACK_CAPPED_90D_FROM_180D
036120,서울평가정보,CHECK_LIMITED,확인제한,,,,0,kosdaq_universe_summary_latest.csv,2026-06-19T09:20:11+09:00,DART_WHOLE_MARKET_LOOKBACK_CAPPED_90D_FROM_180D
036170,에이치엠넥스,CHECK_LIMITED,확인제한,,,,0,kosdaq_universe_summary_latest.csv,2026-06-19T09:20:11+09:00,DART_WHOLE_MARKET_LOOKBACK_CAPPED_90D_FROM_180D
036190,금화피에스시,CHECK_LIMITED,확인제한,,,,0,kosdaq_universe_summary_latest.csv,2026-06-19T09:20:11+09:00,DART_WHOLE_MARKET_LOOKBACK_CAPPED_90D_FROM_180D
036200,유니셈,CHECK_LIMITED,확인제한,,,,0,kosdaq_universe_summary_latest.csv,2026-06-19T09:20:11+09:00,DART_WHOLE_MARKET_LOOKBACK_CAPPED_90D_FROM_180D
036220,오상헬스케어,CHECK_LIMITED,확인제한,,,,0,kosdaq_universe_summary_latest.csv,2026-06-19T09:20:11+09:00,DART_WHOLE_MARKET_LOOKBACK_CAPPED_90D_FROM_180D
036420,콘텐트리중앙,CHECK_LIMITED,확인제한,,,,0,kospi_universe_summary_latest.csv,2026-06-19T09:20:11+09:00,DART_WHOLE_MARKET_LOOKBACK_CAPPED_90D_FROM_180D
036460,한국가스공사,CHECK_LIMITED,확인제한,,,,0,kospi_universe_summary_latest.csv,2026-06-19T09:20:11+09:00,DART_WHOLE_MARKET_LOOKBACK_CAPPED_90D_FROM_180D
036480,대성미생물,CHECK_LIMITED,확인제한,,,,0,kosdaq_universe_summary_latest.csv,2026-06-19T09:20:11+09:00,DART_WHOLE_MARKET_LOOKBACK_CAPPED_90D_FROM_180D
036530,SNT홀딩스,CHECK_LIMITED,확인제한,,,,0,kospi_universe_summary_latest.csv,2026-06-19T09:20:11+09:00,DART_WHOLE_MARKET_LOOKBACK_CAPPED_90D_FROM_180D
036540,SFA반도체,CHECK_LIMITED,확인제한,,,,0,kosdaq_universe_summary_latest.csv,2026-06-19T09:20:11+09:00,DART_WHOLE_MARKET_LOOKBACK_CAPPED_90D_FROM_180D
036560,KZ정밀,CHECK_LIMITED,확인제한,,,,0,kosdaq_universe_summary_latest.csv,2026-06-19T09:20:11+09:00,DART_WHOLE_MARKET_LOOKBACK_CAPPED_90D_FROM_180D
036570,NC,CHECK_LIMITED,확인제한,,,,0,kospi_universe_summary_latest.csv,2026-06-19T09:20:11+09:00,DART_WHOLE_MARKET_LOOKBACK_CAPPED_90D_FROM_180D
036580,팜스코,CHECK_LIMITED,확인제한,,,,0,kospi_universe_summary_latest.csv,2026-06-19T09:20:11+09:00,DART_WHOLE_MARKET_LOOKBACK_CAPPED_90D_FROM_180D
036620,감성코퍼레이션,CHECK_LIMITED,확인제한,,,,0,kosdaq_universe_summary_latest.csv,2026-06-19T09:20:11+09:00,DART_WHOLE_MARKET_LOOKBACK_CAPPED_90D_FROM_180D
036630,세종텔레콤,CHECK_LIMITED,확인제한,,,,0,kosdaq_universe_summary_latest.csv,2026-06-19T09:20:11+09:00,DART_WHOLE_MARKET_LOOKBACK_CAPPED_90D_FROM_180D
036640,HRS,CHECK_LIMITED,확인제한,,,,0,kosdaq_universe_summary_latest.csv,2026-06-19T09:20:11+09:00,DART_WHOLE_MARKET_LOOKBACK_CAPPED_90D_FROM_180D
036670,삼양케이씨아이,CHECK_LIMITED,확인제한,,,,0,kosdaq_universe_summary_latest.csv,2026-06-19T09:20:11+09:00,DART_WHOLE_MARKET_LOOKBACK_CAPPED_90D_FROM_180D
036690,코맥스,CHECK_LIMITED,확인제한,,,,0,kosdaq_universe_summary_latest.csv,2026-06-19T09:20:11+09:00,DART_WHOLE_MARKET_LOOKBACK_CAPPED_90D_FROM_180D
036710,심텍홀딩스,CHECK_LIMITED,확인제한,,,,0,kosdaq_universe_summary_latest.csv,2026-06-19T09:20:11+09:00,DART_WHOLE_MARKET_LOOKBACK_CAPPED_90D_FROM_180D
036800,나이스정보통신,CHECK_LIMITED,확인제한,,,,0,kosdaq_universe_summary_latest.csv,2026-06-19T09:20:11+09:00,DART_WHOLE_MARKET_LOOKBACK_CAPPED_90D_FROM_180D
036810,에프에스티,CHECK_LIMITED,확인제한,,,,0,kosdaq_universe_summary_latest.csv,2026-06-19T09:20:11+09:00,DART_WHOLE_MARKET_LOOKBACK_CAPPED_90D_FROM_180D
036830,솔브레인홀딩스,CHECK_LIMITED,확인제한,,,,0,kosdaq_universe_summary_latest.csv,2026-06-19T09:20:11+09:00,DART_WHOLE_MARKET_LOOKBACK_CAPPED_90D_FROM_180D
036890,진성티이씨,CHECK_LIMITED,확인제한,,,,0,kosdaq_universe_summary_latest.csv,2026-06-19T09:20:11+09:00,DART_WHOLE_MARKET_LOOKBACK_CAPPED_90D_FROM_180D
036930,주성엔지니어링,CHECK_LIMITED,확인제한,,,,0,"kosdaq_universe_summary_latest.csv,watchlist_summary_latest.csv",2026-06-19T09:20:11+09:00,DART_WHOLE_MARKET_LOOKBACK_CAPPED_90D_FROM_180D
037030,파워넷,CHECK_LIMITED,확인제한,,,,0,kosdaq_universe_summary_latest.csv,2026-06-19T09:20:11+09:00,DART_WHOLE_MARKET_LOOKBACK_CAPPED_90D_FROM_180D
037070,파세코,CHECK_LIMITED,확인제한,,,,0,kosdaq_universe_summary_latest.csv,2026-06-19T09:20:11+09:00,DART_WHOLE_MARKET_LOOKBACK_CAPPED_90D_FROM_180D
037230,한국팩키지,CHECK_LIMITED,확인제한,,,,0,kosdaq_universe_summary_latest.csv,2026-06-19T09:20:11+09:00,DART_WHOLE_MARKET_LOOKBACK_CAPPED_90D_FROM_180D
037270,YG PLUS,CHECK_LIMITED,확인제한,,,,0,kospi_universe_summary_latest.csv,2026-06-19T09:20:11+09:00,DART_WHOLE_MARKET_LOOKBACK_CAPPED_90D_FROM_180D
037330,인지디스플레,CHECK_LIMITED,확인제한,,,,0,kosdaq_universe_summary_latest.csv,2026-06-19T09:20:11+09:00,DART_WHOLE_MARKET_LOOKBACK_CAPPED_90D_FROM_180D
037350,성도이엔지,CHECK_LIMITED,확인제한,,,,0,kosdaq_universe_summary_latest.csv,2026-06-19T09:20:11+09:00,DART_WHOLE_MARKET_LOOKBACK_CAPPED_90D_FROM_180D
037370,EG,CHECK_LIMITED,확인제한,,,,0,kosdaq_universe_summary_latest.csv,2026-06-19T09:20:11+09:00,DART_WHOLE_MARKET_LOOKBACK_CAPPED_90D_FROM_180D
037400,우리엔터프라이즈,CHECK_LIMITED,확인제한,,,,0,kosdaq_universe_summary_latest.csv,2026-06-19T09:20:11+09:00,DART_WHOLE_MARKET_LOOKBACK_CAPPED_90D_FROM_180D
037440,희림,CHECK_LIMITED,확인제한,,,,0,kosdaq_universe_summary_latest.csv,2026-06-19T09:20:11+09:00,DART_WHOLE_MARKET_LOOKBACK_CAPPED_90D_FROM_180D
037460,삼지전자,CHECK_LIMITED,확인제한,,,,0,kosdaq_universe_summary_latest.csv,2026-06-19T09:20:11+09:00,DART_WHOLE_MARKET_LOOKBACK_CAPPED_90D_FROM_180D
037560,LG헬로비전,CHECK_LIMITED,확인제한,,,,0,kospi_universe_summary_latest.csv,2026-06-19T09:20:11+09:00,DART_WHOLE_MARKET_LOOKBACK_CAPPED_90D_FROM_180D
037710,광주신세계,CHECK_LIMITED,확인제한,,,,0,kospi_universe_summary_latest.csv,2026-06-19T09:20:11+09:00,DART_WHOLE_MARKET_LOOKBACK_CAPPED_90D_FROM_180D
037760,쎄니트,CHECK_LIMITED,확인제한,,,,0,kosdaq_universe_summary_latest.csv,2026-06-19T09:20:11+09:00,DART_WHOLE_MARKET_LOOKBACK_CAPPED_90D_FROM_180D
037950,엘컴텍,CHECK_LIMITED,확인제한,,,,0,kosdaq_universe_summary_latest.csv,2026-06-19T09:20:11+09:00,DART_WHOLE_MARKET_LOOKBACK_CAPPED_90D_FROM_180D
038010,제일테크노스,CHECK_LIMITED,확인제한,,,,0,kosdaq_universe_summary_latest.csv,2026-06-19T09:20:11+09:00,DART_WHOLE_MARKET_LOOKBACK_CAPPED_90D_FROM_180D
038060,루멘스,CHECK_LIMITED,확인제한,,,,0,kosdaq_universe_summary_latest.csv,2026-06-19T09:20:11+09:00,DART_WHOLE_MARKET_LOOKBACK_CAPPED_90D_FROM_180D
038070,서린바이오,CHECK_LIMITED,확인제한,,,,0,kosdaq_universe_summary_latest.csv,2026-06-19T09:20:11+09:00,DART_WHOLE_MARKET_LOOKBACK_CAPPED_90D_FROM_180D
038110,에코플라스틱,CHECK_LIMITED,확인제한,,,,0,kosdaq_universe_summary_latest.csv,2026-06-19T09:20:11+09:00,DART_WHOLE_MARKET_LOOKBACK_CAPPED_90D_FROM_180D
038290,마크로젠,CHECK_LIMITED,확인제한,,,,0,kosdaq_universe_summary_latest.csv,2026-06-19T09:20:11+09:00,DART_WHOLE_MARKET_LOOKBACK_CAPPED_90D_FROM_180D
038390,레드캡투어,CHECK_LIMITED,확인제한,,,,0,kosdaq_universe_summary_latest.csv,2026-06-19T09:20:11+09:00,DART_WHOLE_MARKET_LOOKBACK_CAPPED_90D_FROM_180D
038460,바이오스마트,CHECK_LIMITED,확인제한,,,,0,kosdaq_universe_summary_latest.csv,2026-06-19T09:20:11+09:00,DART_WHOLE_MARKET_LOOKBACK_CAPPED_90D_FROM_180D
038500,삼표시멘트,CHECK_LIMITED,확인제한,,,,0,kosdaq_universe_summary_latest.csv,2026-06-19T09:20:11+09:00,DART_WHOLE_MARKET_LOOKBACK_CAPPED_90D_FROM_180D
038530,케이바이오랩스,CHECK_LIMITED,확인제한,,,,0,kosdaq_universe_summary_latest.csv,2026-06-19T09:20:11+09:00,DART_WHOLE_MARKET_LOOKBACK_CAPPED_90D_FROM_180D
038540,상상인,CHECK_LIMITED,확인제한,,,,0,kosdaq_universe_summary_latest.csv,2026-06-19T09:20:11+09:00,DART_WHOLE_MARKET_LOOKBACK_CAPPED_90D_FROM_180D
038620,위즈코프,CHECK_LIMITED,확인제한,,,,0,kosdaq_universe_summary_latest.csv,2026-06-19T09:20:11+09:00,DART_WHOLE_MARKET_LOOKBACK_CAPPED_90D_FROM_180D
038680,에스넷,CHECK_LIMITED,확인제한,,,,0,kosdaq_universe_summary_latest.csv,2026-06-19T09:20:11+09:00,DART_WHOLE_MARKET_LOOKBACK_CAPPED_90D_FROM_180D
038870,에코심플렉스,CHECK_LIMITED,확인제한,,,,0,kosdaq_universe_summary_latest.csv,2026-06-19T09:20:11+09:00,DART_WHOLE_MARKET_LOOKBACK_CAPPED_90D_FROM_180D
038880,아이에이,CHECK_LIMITED,확인제한,,,,0,kosdaq_universe_summary_latest.csv,2026-06-19T09:20:11+09:00,DART_WHOLE_MARKET_LOOKBACK_CAPPED_90D_FROM_180D
038950,파인디지털,CHECK_LIMITED,확인제한,,,,0,kosdaq_universe_summary_latest.csv,2026-06-19T09:20:11+09:00,DART_WHOLE_MARKET_LOOKBACK_CAPPED_90D_FROM_180D
039010,현대에이치티,CHECK_LIMITED,확인제한,,,,0,kosdaq_universe_summary_latest.csv,2026-06-19T09:20:11+09:00,DART_WHOLE_MARKET_LOOKBACK_CAPPED_90D_FROM_180D
039020,이건홀딩스,CHECK_LIMITED,확인제한,,,,0,kosdaq_universe_summary_latest.csv,2026-06-19T09:20:11+09:00,DART_WHOLE_MARKET_LOOKBACK_CAPPED_90D_FROM_180D
039030,이오테크닉스,CHECK_LIMITED,확인제한,,,,0,"kosdaq_candidates_10_latest.csv,kosdaq_recommend_5_latest.csv,kosdaq_universe_summary_latest.csv",2026-06-19T09:20:11+09:00,DART_WHOLE_MARKET_LOOKBACK_CAPPED_90D_FROM_180D
039130,하나투어,CHECK_LIMITED,확인제한,,,,0,kospi_universe_summary_latest.csv,2026-06-19T09:20:11+09:00,DART_WHOLE_MARKET_LOOKBACK_CAPPED_90D_FROM_180D
039200,오스코텍,CHECK_LIMITED,확인제한,,,,0,kosdaq_universe_summary_latest.csv,2026-06-19T09:20:11+09:00,DART_WHOLE_MARKET_LOOKBACK_CAPPED_90D_FROM_180D
039240,경남스틸,CHECK_LIMITED,확인제한,,,,0,kosdaq_universe_summary_latest.csv,2026-06-19T09:20:11+09:00,DART_WHOLE_MARKET_LOOKBACK_CAPPED_90D_FROM_180D
039290,인포뱅크,CHECK_LIMITED,확인제한,,,,0,kosdaq_universe_summary_latest.csv,2026-06-19T09:20:11+09:00,DART_WHOLE_MARKET_LOOKBACK_CAPPED_90D_FROM_180D
039310,세중,CHECK_LIMITED,확인제한,,,,0,kosdaq_universe_summary_latest.csv,2026-06-19T09:20:11+09:00,DART_WHOLE_MARKET_LOOKBACK_CAPPED_90D_FROM_180D
039340,한국경제TV,CHECK_LIMITED,확인제한,,,,0,kosdaq_universe_summary_latest.csv,2026-06-19T09:20:11+09:00,DART_WHOLE_MARKET_LOOKBACK_CAPPED_90D_FROM_180D
039420,케이엘넷,CHECK_LIMITED,확인제한,,,,0,kosdaq_universe_summary_latest.csv,2026-06-19T09:20:11+09:00,DART_WHOLE_MARKET_LOOKBACK_CAPPED_90D_FROM_180D
039440,에스티아이,CHECK_LIMITED,확인제한,,,,0,kosdaq_universe_summary_latest.csv,2026-06-19T09:20:11+09:00,DART_WHOLE_MARKET_LOOKBACK_CAPPED_90D_FROM_180D
039490,키움증권,CHECK_LIMITED,확인제한,,,,0,kospi_universe_summary_latest.csv,2026-06-19T09:20:11+09:00,DART_WHOLE_MARKET_LOOKBACK_CAPPED_90D_FROM_180D
039560,다산네트웍스,CHECK_LIMITED,확인제한,,,,0,kosdaq_universe_summary_latest.csv,2026-06-19T09:20:11+09:00,DART_WHOLE_MARKET_LOOKBACK_CAPPED_90D_FROM_180D
039570,HDC랩스,CHECK_LIMITED,확인제한,,,,0,kospi_universe_summary_latest.csv,2026-06-19T09:20:11+09:00,DART_WHOLE_MARKET_LOOKBACK_CAPPED_90D_FROM_180D
039610,화성밸브,CHECK_LIMITED,확인제한,,,,0,kosdaq_universe_summary_latest.csv,2026-06-19T09:20:11+09:00,DART_WHOLE_MARKET_LOOKBACK_CAPPED_90D_FROM_180D
039740,한국정보공학,CHECK_LIMITED,확인제한,,,,0,kosdaq_universe_summary_latest.csv,2026-06-19T09:20:11+09:00,DART_WHOLE_MARKET_LOOKBACK_CAPPED_90D_FROM_180D
039830,오로라,CHECK_LIMITED,확인제한,,,,0,kosdaq_universe_summary_latest.csv,2026-06-19T09:20:11+09:00,DART_WHOLE_MARKET_LOOKBACK_CAPPED_90D_FROM_180D
039840,디오,CHECK_LIMITED,확인제한,,,,0,kosdaq_universe_summary_latest.csv,2026-06-19T09:20:11+09:00,DART_WHOLE_MARKET_LOOKBACK_CAPPED_90D_FROM_180D
039860,나노엔텍,CHECK_LIMITED,확인제한,,,,0,kosdaq_universe_summary_latest.csv,2026-06-19T09:20:11+09:00,DART_WHOLE_MARKET_LOOKBACK_CAPPED_90D_FROM_180D
039980,폴라리스AI,CHECK_LIMITED,확인제한,,,,0,kosdaq_universe_summary_latest.csv,2026-06-19T09:20:11+09:00,DART_WHOLE_MARKET_LOOKBACK_CAPPED_90D_FROM_180D
040160,누리플렉스,CHECK_LIMITED,확인제한,,,,0,kosdaq_universe_summary_latest.csv,2026-06-19T09:20:11+09:00,DART_WHOLE_MARKET_LOOKBACK_CAPPED_90D_FROM_180D
040300,YTN,CHECK_LIMITED,확인제한,,,,0,kosdaq_universe_summary_latest.csv,2026-06-19T09:20:11+09:00,DART_WHOLE_MARKET_LOOKBACK_CAPPED_90D_FROM_180D
040350,크레오에스지,CHECK_LIMITED,확인제한,,,,0,kosdaq_universe_summary_latest.csv,2026-06-19T09:20:11+09:00,DART_WHOLE_MARKET_LOOKBACK_CAPPED_90D_FROM_180D
040420,정상제이엘에스,CHECK_LIMITED,확인제한,,,,0,kosdaq_universe_summary_latest.csv,2026-06-19T09:20:11+09:00,DART_WHOLE_MARKET_LOOKBACK_CAPPED_90D_FROM_180D
040610,SG&G,CHECK_LIMITED,확인제한,,,,0,kosdaq_universe_summary_latest.csv,2026-06-19T09:20:11+09:00,DART_WHOLE_MARKET_LOOKBACK_CAPPED_90D_FROM_180D
040910,아이씨디,CHECK_LIMITED,확인제한,,,,0,kosdaq_universe_summary_latest.csv,2026-06-19T09:20:11+09:00,DART_WHOLE_MARKET_LOOKBACK_CAPPED_90D_FROM_180D
041020,폴라리스오피스,CHECK_LIMITED,확인제한,,,,0,kosdaq_universe_summary_latest.csv,2026-06-19T09:20:11+09:00,DART_WHOLE_MARKET_LOOKBACK_CAPPED_90D_FROM_180D
041190,우리기술투자,CHECK_LIMITED,확인제한,,,,0,kosdaq_universe_summary_latest.csv,2026-06-19T09:20:11+09:00,DART_WHOLE_MARKET_LOOKBACK_CAPPED_90D_FROM_180D
041440,현대에버다임,CHECK_LIMITED,확인제한,,,,0,kosdaq_universe_summary_latest.csv,2026-06-19T09:20:11+09:00,DART_WHOLE_MARKET_LOOKBACK_CAPPED_90D_FROM_180D
041460,한국전자인증,CHECK_LIMITED,확인제한,,,,0,kosdaq_universe_summary_latest.csv,2026-06-19T09:20:11+09:00,DART_WHOLE_MARKET_LOOKBACK_CAPPED_90D_FROM_180D
041510,에스엠,CHECK_LIMITED,확인제한,,,,0,kosdaq_universe_summary_latest.csv,2026-06-19T09:20:11+09:00,DART_WHOLE_MARKET_LOOKBACK_CAPPED_90D_FROM_180D
041520,이엘씨,CHECK_LIMITED,확인제한,,,,0,kosdaq_universe_summary_latest.csv,2026-06-19T09:20:11+09:00,DART_WHOLE_MARKET_LOOKBACK_CAPPED_90D_FROM_180D
041590,플래스크,CHECK_LIMITED,확인제한,,,,0,kosdaq_universe_summary_latest.csv,2026-06-19T09:20:11+09:00,DART_WHOLE_MARKET_LOOKBACK_CAPPED_90D_FROM_180D
041650,상신브레이크,CHECK_LIMITED,확인제한,,,,0,kospi_universe_summary_latest.csv,2026-06-19T09:20:11+09:00,DART_WHOLE_MARKET_LOOKBACK_CAPPED_90D_FROM_180D
041830,인바디,CHECK_LIMITED,확인제한,,,,0,kosdaq_universe_summary_latest.csv,2026-06-19T09:20:11+09:00,DART_WHOLE_MARKET_LOOKBACK_CAPPED_90D_FROM_180D
041910,폴라리스AI파마,CHECK_LIMITED,확인제한,,,,0,kosdaq_universe_summary_latest.csv,2026-06-19T09:20:11+09:00,DART_WHOLE_MARKET_LOOKBACK_CAPPED_90D_FROM_180D
041920,메디아나,CHECK_LIMITED,확인제한,,,,0,kosdaq_universe_summary_latest.csv,2026-06-19T09:20:11+09:00,DART_WHOLE_MARKET_LOOKBACK_CAPPED_90D_FROM_180D
041930,SY동아,CHECK_LIMITED,확인제한,,,,0,kosdaq_universe_summary_latest.csv,2026-06-19T09:20:11+09:00,DART_WHOLE_MARKET_LOOKBACK_CAPPED_90D_FROM_180D
041960,코미팜,CHECK_LIMITED,확인제한,,,,0,kosdaq_universe_summary_latest.csv,2026-06-19T09:20:11+09:00,DART_WHOLE_MARKET_LOOKBACK_CAPPED_90D_FROM_180D
042000,카페24,CHECK_LIMITED,확인제한,,,,0,kosdaq_universe_summary_latest.csv,2026-06-19T09:20:11+09:00,DART_WHOLE_MARKET_LOOKBACK_CAPPED_90D_FROM_180D
042040,케이피엠테크,CHECK_LIMITED,확인제한,,,,0,kosdaq_universe_summary_latest.csv,2026-06-19T09:20:11+09:00,DART_WHOLE_MARKET_LOOKBACK_CAPPED_90D_FROM_180D
042110,에스씨디,CHECK_LIMITED,확인제한,,,,0,kosdaq_universe_summary_latest.csv,2026-06-19T09:20:11+09:00,DART_WHOLE_MARKET_LOOKBACK_CAPPED_90D_FROM_180D
042370,비츠로테크,CHECK_LIMITED,확인제한,,,,0,kosdaq_universe_summary_latest.csv,2026-06-19T09:20:11+09:00,DART_WHOLE_MARKET_LOOKBACK_CAPPED_90D_FROM_180D
042420,네오위즈홀딩스,CHECK_LIMITED,확인제한,,,,0,kosdaq_universe_summary_latest.csv,2026-06-19T09:20:11+09:00,DART_WHOLE_MARKET_LOOKBACK_CAPPED_90D_FROM_180D
042500,링네트,CHECK_LIMITED,확인제한,,,,0,kosdaq_universe_summary_latest.csv,2026-06-19T09:20:11+09:00,DART_WHOLE_MARKET_LOOKBACK_CAPPED_90D_FROM_180D
042510,라온시큐어,CHECK_LIMITED,확인제한,,,,0,kosdaq_universe_summary_latest.csv,2026-06-19T09:20:11+09:00,DART_WHOLE_MARKET_LOOKBACK_CAPPED_90D_FROM_180D
042520,한스바이오메드,CHECK_LIMITED,확인제한,,,,0,kosdaq_universe_summary_latest.csv,2026-06-19T09:20:11+09:00,DART_WHOLE_MARKET_LOOKBACK_CAPPED_90D_FROM_180D
042600,새로닉스,CHECK_LIMITED,확인제한,,,,0,kosdaq_universe_summary_latest.csv,2026-06-19T09:20:11+09:00,DART_WHOLE_MARKET_LOOKBACK_CAPPED_90D_FROM_180D
042660,한화오션,CHECK_LIMITED,확인제한,,,,0,"kospi_candidates_30_latest.csv,kospi_fx_weakness_candidates_30_latest.csv,kospi_fx_weakness_recommend_7_latest.csv,kospi_recommend_7_latest.csv,kospi_short_term_candidates_30_latest.csv,kospi_universe_summary_latest.csv,watchlist_summary_latest.csv",2026-06-19T09:20:11+09:00,DART_WHOLE_MARKET_LOOKBACK_CAPPED_90D_FROM_180D
042700,한미반도체,CHECK_LIMITED,확인제한,,,,0,"kospi_candidates_30_latest.csv,kospi_fx_weakness_candidates_30_latest.csv,kospi_fx_weakness_recommend_7_latest.csv,kospi_universe_summary_latest.csv,watchlist_summary_latest.csv",2026-06-19T09:20:11+09:00,DART_WHOLE_MARKET_LOOKBACK_CAPPED_90D_FROM_180D
042940,상지건설,CHECK_LIMITED,확인제한,,,,0,kosdaq_universe_summary_latest.csv,2026-06-19T09:20:11+09:00,DART_WHOLE_MARKET_LOOKBACK_CAPPED_90D_FROM_180D
043090,더테크놀로지,CHECK_LIMITED,확인제한,,,,0,kosdaq_universe_summary_latest.csv,2026-06-19T09:20:11+09:00,DART_WHOLE_MARKET_LOOKBACK_CAPPED_90D_FROM_180D
043100,알파AI,CHECK_LIMITED,확인제한,,,,0,kosdaq_universe_summary_latest.csv,2026-06-19T09:20:11+09:00,DART_WHOLE_MARKET_LOOKBACK_CAPPED_90D_FROM_180D
043150,바텍,CHECK_LIMITED,확인제한,,,,0,kosdaq_universe_summary_latest.csv,2026-06-19T09:20:11+09:00,DART_WHOLE_MARKET_LOOKBACK_CAPPED_90D_FROM_180D
043200,파루,CHECK_LIMITED,확인제한,,,,0,kosdaq_universe_summary_latest.csv,2026-06-19T09:20:11+09:00,DART_WHOLE_MARKET_LOOKBACK_CAPPED_90D_FROM_180D
043220,티에스넥스젠,CHECK_LIMITED,확인제한,,,,0,kosdaq_universe_summary_latest.csv,2026-06-19T09:20:11+09:00,DART_WHOLE_MARKET_LOOKBACK_CAPPED_90D_FROM_180D
043260,성호전자,CHECK_LIMITED,확인제한,,,,0,kosdaq_universe_summary_latest.csv,2026-06-19T09:20:11+09:00,DART_WHOLE_MARKET_LOOKBACK_CAPPED_90D_FROM_180D
043340,에쎈테크,CHECK_LIMITED,확인제한,,,,0,kosdaq_universe_summary_latest.csv,2026-06-19T09:20:11+09:00,DART_WHOLE_MARKET_LOOKBACK_CAPPED_90D_FROM_180D
043360,디지아이,CHECK_LIMITED,확인제한,,,,0,kosdaq_universe_summary_latest.csv,2026-06-19T09:20:11+09:00,DART_WHOLE_MARKET_LOOKBACK_CAPPED_90D_FROM_180D
043370,피에이치에이,CHECK_LIMITED,확인제한,,,,0,kosdaq_universe_summary_latest.csv,2026-06-19T09:20:11+09:00,DART_WHOLE_MARKET_LOOKBACK_CAPPED_90D_FROM_180D
043590,웰킵스하이텍,CHECK_LIMITED,확인제한,,,,0,kosdaq_universe_summary_latest.csv,2026-06-19T09:20:11+09:00,DART_WHOLE_MARKET_LOOKBACK_CAPPED_90D_FROM_180D
043610,KT지니뮤직,CHECK_LIMITED,확인제한,,,,0,kosdaq_universe_summary_latest.csv,2026-06-19T09:20:11+09:00,DART_WHOLE_MARKET_LOOKBACK_CAPPED_90D_FROM_180D
043650,국순당,CHECK_LIMITED,확인제한,,,,0,kosdaq_universe_summary_latest.csv,2026-06-19T09:20:11+09:00,DART_WHOLE_MARKET_LOOKBACK_CAPPED_90D_FROM_180D
043710,코스리거글로벌,CHECK_LIMITED,확인제한,,,,0,kosdaq_universe_summary_latest.csv,2026-06-19T09:20:11+09:00,DART_WHOLE_MARKET_LOOKBACK_CAPPED_90D_FROM_180D
043910,자연과환경,CHECK_LIMITED,확인제한,,,,0,kosdaq_universe_summary_latest.csv,2026-06-19T09:20:11+09:00,DART_WHOLE_MARKET_LOOKBACK_CAPPED_90D_FROM_180D
044180,KD,CHECK_LIMITED,확인제한,,,,0,kosdaq_universe_summary_latest.csv,2026-06-19T09:20:11+09:00,DART_WHOLE_MARKET_LOOKBACK_CAPPED_90D_FROM_180D
044340,위닉스,CHECK_LIMITED,확인제한,,,,0,kosdaq_universe_summary_latest.csv,2026-06-19T09:20:11+09:00,DART_WHOLE_MARKET_LOOKBACK_CAPPED_90D_FROM_180D
044380,주연테크,CHECK_LIMITED,확인제한,,,,0,kospi_universe_summary_latest.csv,2026-06-19T09:20:11+09:00,DART_WHOLE_MARKET_LOOKBACK_CAPPED_90D_FROM_180D
044450,KSS해운,CHECK_LIMITED,확인제한,,,,0,kospi_universe_summary_latest.csv,2026-06-19T09:20:11+09:00,DART_WHOLE_MARKET_LOOKBACK_CAPPED_90D_FROM_180D
044480,빌리언스,CHECK_LIMITED,확인제한,,,,0,kosdaq_universe_summary_latest.csv,2026-06-19T09:20:11+09:00,DART_WHOLE_MARKET_LOOKBACK_CAPPED_90D_FROM_180D
044490,태웅,CHECK_LIMITED,확인제한,,,,0,kosdaq_universe_summary_latest.csv,2026-06-19T09:20:11+09:00,DART_WHOLE_MARKET_LOOKBACK_CAPPED_90D_FROM_180D
044780,에이치케이,CHECK_LIMITED,확인제한,,,,0,kosdaq_universe_summary_latest.csv,2026-06-19T09:20:11+09:00,DART_WHOLE_MARKET_LOOKBACK_CAPPED_90D_FROM_180D
044820,코스맥스비티아이,CHECK_LIMITED,확인제한,,,,0,kospi_universe_summary_latest.csv,2026-06-19T09:20:11+09:00,DART_WHOLE_MARKET_LOOKBACK_CAPPED_90D_FROM_180D
044960,이글벳,CHECK_LIMITED,확인제한,,,,0,kosdaq_universe_summary_latest.csv,2026-06-19T09:20:11+09:00,DART_WHOLE_MARKET_LOOKBACK_CAPPED_90D_FROM_180D
044990,에이치엔에스하이텍,CHECK_LIMITED,확인제한,,,,0,kosdaq_universe_summary_latest.csv,2026-06-19T09:20:11+09:00,DART_WHOLE_MARKET_LOOKBACK_CAPPED_90D_FROM_180D
045060,오공,CHECK_LIMITED,확인제한,,,,0,kosdaq_universe_summary_latest.csv,2026-06-19T09:20:11+09:00,DART_WHOLE_MARKET_LOOKBACK_CAPPED_90D_FROM_180D
045100,한양이엔지,CHECK_LIMITED,확인제한,,,,0,kosdaq_universe_summary_latest.csv,2026-06-19T09:20:11+09:00,DART_WHOLE_MARKET_LOOKBACK_CAPPED_90D_FROM_180D
045300,성우테크론,CHECK_LIMITED,확인제한,,,,0,kosdaq_universe_summary_latest.csv,2026-06-19T09:20:11+09:00,DART_WHOLE_MARKET_LOOKBACK_CAPPED_90D_FROM_180D
045340,토탈소프트,CHECK_LIMITED,확인제한,,,,0,kosdaq_universe_summary_latest.csv,2026-06-19T09:20:11+09:00,DART_WHOLE_MARKET_LOOKBACK_CAPPED_90D_FROM_180D
045390,대아티아이,CHECK_LIMITED,확인제한,,,,0,kosdaq_universe_summary_latest.csv,2026-06-19T09:20:11+09:00,DART_WHOLE_MARKET_LOOKBACK_CAPPED_90D_FROM_180D
045510,정원엔시스,CHECK_LIMITED,확인제한,,,,0,kosdaq_universe_summary_latest.csv,2026-06-19T09:20:11+09:00,DART_WHOLE_MARKET_LOOKBACK_CAPPED_90D_FROM_180D
045520,크린앤사이언스,CHECK_LIMITED,확인제한,,,,0,kosdaq_universe_summary_latest.csv,2026-06-19T09:20:11+09:00,DART_WHOLE_MARKET_LOOKBACK_CAPPED_90D_FROM_180D
045660,에이텍,CHECK_LIMITED,확인제한,,,,0,kosdaq_universe_summary_latest.csv,2026-06-19T09:20:11+09:00,DART_WHOLE_MARKET_LOOKBACK_CAPPED_90D_FROM_180D
045970,코아시아,CHECK_LIMITED,확인제한,,,,0,kosdaq_universe_summary_latest.csv,2026-06-19T09:20:11+09:00,DART_WHOLE_MARKET_LOOKBACK_CAPPED_90D_FROM_180D
046070,코다코,CHECK_LIMITED,확인제한,,,,0,kosdaq_universe_summary_latest.csv,2026-06-19T09:20:11+09:00,DART_WHOLE_MARKET_LOOKBACK_CAPPED_90D_FROM_180D
046120,오르비텍,CHECK_LIMITED,확인제한,,,,0,kosdaq_universe_summary_latest.csv,2026-06-19T09:20:11+09:00,DART_WHOLE_MARKET_LOOKBACK_CAPPED_90D_FROM_180D
046210,HLB파나진,CHECK_LIMITED,확인제한,,,,0,kosdaq_universe_summary_latest.csv,2026-06-19T09:20:11+09:00,DART_WHOLE_MARKET_LOOKBACK_CAPPED_90D_FROM_180D
046310,백금T&A,CHECK_LIMITED,확인제한,,,,0,kosdaq_universe_summary_latest.csv,2026-06-19T09:20:11+09:00,DART_WHOLE_MARKET_LOOKBACK_CAPPED_90D_FROM_180D
046390,삼화네트웍스,CHECK_LIMITED,확인제한,,,,0,kosdaq_universe_summary_latest.csv,2026-06-19T09:20:11+09:00,DART_WHOLE_MARKET_LOOKBACK_CAPPED_90D_FROM_180D
046440,KG파이낸셜,CHECK_LIMITED,확인제한,,,,0,kosdaq_universe_summary_latest.csv,2026-06-19T09:20:11+09:00,DART_WHOLE_MARKET_LOOKBACK_CAPPED_90D_FROM_180D
046890,서울반도체,CHECK_LIMITED,확인제한,,,,0,kosdaq_universe_summary_latest.csv,2026-06-19T09:20:11+09:00,DART_WHOLE_MARKET_LOOKBACK_CAPPED_90D_FROM_180D
046940,우원개발,CHECK_LIMITED,확인제한,,,,0,kosdaq_universe_summary_latest.csv,2026-06-19T09:20:11+09:00,DART_WHOLE_MARKET_LOOKBACK_CAPPED_90D_FROM_180D
046970,우리로,CHECK_LIMITED,확인제한,,,,0,kosdaq_universe_summary_latest.csv,2026-06-19T09:20:11+09:00,DART_WHOLE_MARKET_LOOKBACK_CAPPED_90D_FROM_180D
047040,대우건설,CHECK_LIMITED,확인제한,,,,0,kospi_universe_summary_latest.csv,2026-06-19T09:20:11+09:00,DART_WHOLE_MARKET_LOOKBACK_CAPPED_90D_FROM_180D
047050,포스코인터내셔널,CHECK_LIMITED,확인제한,,,,0,kospi_universe_summary_latest.csv,2026-06-19T09:20:11+09:00,DART_WHOLE_MARKET_LOOKBACK_CAPPED_90D_FROM_180D
047080,한빛소프트,CHECK_LIMITED,확인제한,,,,0,kosdaq_universe_summary_latest.csv,2026-06-19T09:20:11+09:00,DART_WHOLE_MARKET_LOOKBACK_CAPPED_90D_FROM_180D
047310,파워로직스,CHECK_LIMITED,확인제한,,,,0,kosdaq_universe_summary_latest.csv,2026-06-19T09:20:11+09:00,DART_WHOLE_MARKET_LOOKBACK_CAPPED_90D_FROM_180D
047400,유니온머티리얼,CHECK_LIMITED,확인제한,,,,0,kospi_universe_summary_latest.csv,2026-06-19T09:20:11+09:00,DART_WHOLE_MARKET_LOOKBACK_CAPPED_90D_FROM_180D
047560,이스트소프트,CHECK_LIMITED,확인제한,,,,0,kosdaq_universe_summary_latest.csv,2026-06-19T09:20:11+09:00,DART_WHOLE_MARKET_LOOKBACK_CAPPED_90D_FROM_180D
047770,코데즈컴바인,CHECK_LIMITED,확인제한,,,,0,kosdaq_universe_summary_latest.csv,2026-06-19T09:20:11+09:00,DART_WHOLE_MARKET_LOOKBACK_CAPPED_90D_FROM_180D
047810,한국항공우주,CHECK_LIMITED,확인제한,,,,0,"kospi_candidates_30_latest.csv,kospi_universe_summary_latest.csv",2026-06-19T09:20:11+09:00,DART_WHOLE_MARKET_LOOKBACK_CAPPED_90D_FROM_180D
047820,초록뱀미디어,CHECK_LIMITED,확인제한,,,,0,kosdaq_universe_summary_latest.csv,2026-06-19T09:20:11+09:00,DART_WHOLE_MARKET_LOOKBACK_CAPPED_90D_FROM_180D
047920,HLB제약,CHECK_LIMITED,확인제한,,,,0,kosdaq_universe_summary_latest.csv,2026-06-19T09:20:11+09:00,DART_WHOLE_MARKET_LOOKBACK_CAPPED_90D_FROM_180D
048410,현대바이오,CHECK_LIMITED,확인제한,,,,0,kosdaq_universe_summary_latest.csv,2026-06-19T09:20:11+09:00,DART_WHOLE_MARKET_LOOKBACK_CAPPED_90D_FROM_180D
048430,유라테크,CHECK_LIMITED,확인제한,,,,0,kosdaq_universe_summary_latest.csv,2026-06-19T09:20:11+09:00,DART_WHOLE_MARKET_LOOKBACK_CAPPED_90D_FROM_180D
048470,대동스틸,CHECK_LIMITED,확인제한,,,,0,kosdaq_universe_summary_latest.csv,2026-06-19T09:20:11+09:00,DART_WHOLE_MARKET_LOOKBACK_CAPPED_90D_FROM_180D
048530,인트론바이오,CHECK_LIMITED,확인제한,,,,0,kosdaq_universe_summary_latest.csv,2026-06-19T09:20:11+09:00,DART_WHOLE_MARKET_LOOKBACK_CAPPED_90D_FROM_180D
048550,SM C&C,CHECK_LIMITED,확인제한,,,,0,kosdaq_universe_summary_latest.csv,2026-06-19T09:20:11+09:00,DART_WHOLE_MARKET_LOOKBACK_CAPPED_90D_FROM_180D
048770,TPC로보틱스,CHECK_LIMITED,확인제한,,,,0,kosdaq_universe_summary_latest.csv,2026-06-19T09:20:11+09:00,DART_WHOLE_MARKET_LOOKBACK_CAPPED_90D_FROM_180D
048830,엔피케이,CHECK_LIMITED,확인제한,,,,0,kosdaq_universe_summary_latest.csv,2026-06-19T09:20:11+09:00,DART_WHOLE_MARKET_LOOKBACK_CAPPED_90D_FROM_180D
048870,시너지이노베이션,CHECK_LIMITED,확인제한,,,,0,kosdaq_universe_summary_latest.csv,2026-06-19T09:20:11+09:00,DART_WHOLE_MARKET_LOOKBACK_CAPPED_90D_FROM_180D
048910,대원미디어,CHECK_LIMITED,확인제한,,,,0,kosdaq_universe_summary_latest.csv,2026-06-19T09:20:11+09:00,DART_WHOLE_MARKET_LOOKBACK_CAPPED_90D_FROM_180D
049070,인탑스,CHECK_LIMITED,확인제한,,,,0,kosdaq_universe_summary_latest.csv,2026-06-19T09:20:11+09:00,DART_WHOLE_MARKET_LOOKBACK_CAPPED_90D_FROM_180D
049080,기가레인,CHECK_LIMITED,확인제한,,,,0,kosdaq_universe_summary_latest.csv,2026-06-19T09:20:11+09:00,DART_WHOLE_MARKET_LOOKBACK_CAPPED_90D_FROM_180D
049120,파인디앤씨,CHECK_LIMITED,확인제한,,,,0,kosdaq_universe_summary_latest.csv,2026-06-19T09:20:11+09:00,DART_WHOLE_MARKET_LOOKBACK_CAPPED_90D_FROM_180D
049180,셀루메드,CHECK_LIMITED,확인제한,,,,0,kosdaq_universe_summary_latest.csv,2026-06-19T09:20:11+09:00,DART_WHOLE_MARKET_LOOKBACK_CAPPED_90D_FROM_180D
049430,코메론,CHECK_LIMITED,확인제한,,,,0,kosdaq_universe_summary_latest.csv,2026-06-19T09:20:11+09:00,DART_WHOLE_MARKET_LOOKBACK_CAPPED_90D_FROM_180D
049470,비트플래닛,CHECK_LIMITED,확인제한,,,,0,kosdaq_universe_summary_latest.csv,2026-06-19T09:20:11+09:00,DART_WHOLE_MARKET_LOOKBACK_CAPPED_90D_FROM_180D
049480,오픈베이스,CHECK_LIMITED,확인제한,,,,0,kosdaq_universe_summary_latest.csv,2026-06-19T09:20:11+09:00,DART_WHOLE_MARKET_LOOKBACK_CAPPED_90D_FROM_180D
049520,유아이엘,CHECK_LIMITED,확인제한,,,,0,kosdaq_universe_summary_latest.csv,2026-06-19T09:20:11+09:00,DART_WHOLE_MARKET_LOOKBACK_CAPPED_90D_FROM_180D
049550,잉크테크,CHECK_LIMITED,확인제한,,,,0,kosdaq_universe_summary_latest.csv,2026-06-19T09:20:11+09:00,DART_WHOLE_MARKET_LOOKBACK_CAPPED_90D_FROM_180D
049630,재영솔루텍,CHECK_LIMITED,확인제한,,,,0,kosdaq_universe_summary_latest.csv,2026-06-19T09:20:11+09:00,DART_WHOLE_MARKET_LOOKBACK_CAPPED_90D_FROM_180D
049720,고려신용정보,CHECK_LIMITED,확인제한,,,,0,kosdaq_universe_summary_latest.csv,2026-06-19T09:20:11+09:00,DART_WHOLE_MARKET_LOOKBACK_CAPPED_90D_FROM_180D
049800,우진플라임,CHECK_LIMITED,확인제한,,,,0,kospi_universe_summary_latest.csv,2026-06-19T09:20:11+09:00,DART_WHOLE_MARKET_LOOKBACK_CAPPED_90D_FROM_180D
049830,승일,CHECK_LIMITED,확인제한,,,,0,kosdaq_universe_summary_latest.csv,2026-06-19T09:20:11+09:00,DART_WHOLE_MARKET_LOOKBACK_CAPPED_90D_FROM_180D
049950,미래컴퍼니,CHECK_LIMITED,확인제한,,,,0,kosdaq_universe_summary_latest.csv,2026-06-19T09:20:11+09:00,DART_WHOLE_MARKET_LOOKBACK_CAPPED_90D_FROM_180D
049960,쎌바이오텍,CHECK_LIMITED,확인제한,,,,0,kosdaq_universe_summary_latest.csv,2026-06-19T09:20:11+09:00,DART_WHOLE_MARKET_LOOKBACK_CAPPED_90D_FROM_180D
050090,비케이홀딩스,CHECK_LIMITED,확인제한,,,,0,kosdaq_universe_summary_latest.csv,2026-06-19T09:20:11+09:00,DART_WHOLE_MARKET_LOOKBACK_CAPPED_90D_FROM_180D
050110,캠시스,CHECK_LIMITED,확인제한,,,,0,kosdaq_universe_summary_latest.csv,2026-06-19T09:20:11+09:00,DART_WHOLE_MARKET_LOOKBACK_CAPPED_90D_FROM_180D
050120,ES큐브,CHECK_LIMITED,확인제한,,,,0,kosdaq_universe_summary_latest.csv,2026-06-19T09:20:11+09:00,DART_WHOLE_MARKET_LOOKBACK_CAPPED_90D_FROM_180D
050760,에스폴리텍,CHECK_LIMITED,확인제한,,,,0,kosdaq_universe_summary_latest.csv,2026-06-19T09:20:11+09:00,DART_WHOLE_MARKET_LOOKBACK_CAPPED_90D_FROM_180D
050860,아세아텍,CHECK_LIMITED,확인제한,,,,0,kosdaq_universe_summary_latest.csv,2026-06-19T09:20:11+09:00,DART_WHOLE_MARKET_LOOKBACK_CAPPED_90D_FROM_180D
050890,쏠리드,CHECK_LIMITED,확인제한,,,,0,kosdaq_universe_summary_latest.csv,2026-06-19T09:20:11+09:00,DART_WHOLE_MARKET_LOOKBACK_CAPPED_90D_FROM_180D
050960,수산아이앤티,CHECK_LIMITED,확인제한,,,,0,kosdaq_universe_summary_latest.csv,2026-06-19T09:20:11+09:00,DART_WHOLE_MARKET_LOOKBACK_CAPPED_90D_FROM_180D
051160,지어소프트,CHECK_LIMITED,확인제한,,,,0,kosdaq_universe_summary_latest.csv,2026-06-19T09:20:11+09:00,DART_WHOLE_MARKET_LOOKBACK_CAPPED_90D_FROM_180D
051360,토비스,CHECK_LIMITED,확인제한,,,,0,kosdaq_universe_summary_latest.csv,2026-06-19T09:20:11+09:00,DART_WHOLE_MARKET_LOOKBACK_CAPPED_90D_FROM_180D
051370,인터플렉스,CHECK_LIMITED,확인제한,,,,0,kosdaq_universe_summary_latest.csv,2026-06-19T09:20:11+09:00,DART_WHOLE_MARKET_LOOKBACK_CAPPED_90D_FROM_180D
051380,피씨디렉트,CHECK_LIMITED,확인제한,,,,0,kosdaq_universe_summary_latest.csv,2026-06-19T09:20:11+09:00,DART_WHOLE_MARKET_LOOKBACK_CAPPED_90D_FROM_180D
051390,YW,CHECK_LIMITED,확인제한,,,,0,kosdaq_universe_summary_latest.csv,2026-06-19T09:20:11+09:00,DART_WHOLE_MARKET_LOOKBACK_CAPPED_90D_FROM_180D
051490,나라엠앤디,CHECK_LIMITED,확인제한,,,,0,kosdaq_universe_summary_latest.csv,2026-06-19T09:20:11+09:00,DART_WHOLE_MARKET_LOOKBACK_CAPPED_90D_FROM_180D
051500,CJ프레시웨이,CHECK_LIMITED,확인제한,,,,0,kosdaq_universe_summary_latest.csv,2026-06-19T09:20:11+09:00,DART_WHOLE_MARKET_LOOKBACK_CAPPED_90D_FROM_180D
051600,한전KPS,CHECK_LIMITED,확인제한,,,,0,"kospi_monthly_cycle_latest.csv,kospi_universe_summary_latest.csv",2026-06-19T09:20:11+09:00,DART_WHOLE_MARKET_LOOKBACK_CAPPED_90D_FROM_180D
051630,진양화학,CHECK_LIMITED,확인제한,,,,0,kospi_universe_summary_latest.csv,2026-06-19T09:20:11+09:00,DART_WHOLE_MARKET_LOOKBACK_CAPPED_90D_FROM_180D
051780,큐로홀딩스,CHECK_LIMITED,확인제한,,,,0,kosdaq_universe_summary_latest.csv,2026-06-19T09:20:11+09:00,DART_WHOLE_MARKET_LOOKBACK_CAPPED_90D_FROM_180D
051900,LG생활건강,CHECK_LIMITED,확인제한,,,,0,kospi_universe_summary_latest.csv,2026-06-19T09:20:11+09:00,DART_WHOLE_MARKET_LOOKBACK_CAPPED_90D_FROM_180D
051905,LG생활건강우,CHECK_LIMITED,확인제한,,,,0,kospi_universe_summary_latest.csv,2026-06-19T09:20:11+09:00,DART_WHOLE_MARKET_LOOKBACK_CAPPED_90D_FROM_180D
051910,LG화학,CHECK_LIMITED,확인제한,,,,0,"kospi_candidates_30_latest.csv,kospi_fx_weakness_candidates_30_latest.csv,kospi_universe_summary_latest.csv,watchlist_summary_latest.csv",2026-06-19T09:20:11+09:00,DART_WHOLE_MARKET_LOOKBACK_CAPPED_90D_FROM_180D
051915,LG화학우,CHECK_LIMITED,확인제한,,,,0,kospi_universe_summary_latest.csv,2026-06-19T09:20:11+09:00,DART_WHOLE_MARKET_LOOKBACK_CAPPED_90D_FROM_180D
051980,중앙첨단소재,CHECK_LIMITED,확인제한,,,,0,kosdaq_universe_summary_latest.csv,2026-06-19T09:20:11+09:00,DART_WHOLE_MARKET_LOOKBACK_CAPPED_90D_FROM_180D
052020,에스티큐브,CHECK_LIMITED,확인제한,,,,0,kosdaq_universe_summary_latest.csv,2026-06-19T09:20:11+09:00,DART_WHOLE_MARKET_LOOKBACK_CAPPED_90D_FROM_180D
052220,iMBC,CHECK_LIMITED,확인제한,,,,0,kosdaq_universe_summary_latest.csv,2026-06-19T09:20:11+09:00,DART_WHOLE_MARKET_LOOKBACK_CAPPED_90D_FROM_180D
052260,현대바이오랜드,CHECK_LIMITED,확인제한,,,,0,kosdaq_universe_summary_latest.csv,2026-06-19T09:20:11+09:00,DART_WHOLE_MARKET_LOOKBACK_CAPPED_90D_FROM_180D
052300,오션인더블유,CHECK_LIMITED,확인제한,,,,0,kosdaq_universe_summary_latest.csv,2026-06-19T09:20:11+09:00,DART_WHOLE_MARKET_LOOKBACK_CAPPED_90D_FROM_180D
052330,코텍,CHECK_LIMITED,확인제한,,,,0,kosdaq_universe_summary_latest.csv,2026-06-19T09:20:11+09:00,DART_WHOLE_MARKET_LOOKBACK_CAPPED_90D_FROM_180D
052400,코나아이,CHECK_LIMITED,확인제한,,,,0,kosdaq_universe_summary_latest.csv,2026-06-19T09:20:11+09:00,DART_WHOLE_MARKET_LOOKBACK_CAPPED_90D_FROM_180D
052420,오성첨단소재,CHECK_LIMITED,확인제한,,,,0,kosdaq_universe_summary_latest.csv,2026-06-19T09:20:11+09:00,DART_WHOLE_MARKET_LOOKBACK_CAPPED_90D_FROM_180D
052460,아이크래프트,CHECK_LIMITED,확인제한,,,,0,kosdaq_universe_summary_latest.csv,2026-06-19T09:20:11+09:00,DART_WHOLE_MARKET_LOOKBACK_CAPPED_90D_FROM_180D
052600,한네트,CHECK_LIMITED,확인제한,,,,0,kosdaq_universe_summary_latest.csv,2026-06-19T09:20:11+09:00,DART_WHOLE_MARKET_LOOKBACK_CAPPED_90D_FROM_180D
052690,한전기술,CHECK_LIMITED,확인제한,,,,0,"kospi_fx_weakness_candidates_30_latest.csv,kospi_monthly_cycle_latest.csv,kospi_universe_summary_latest.csv",2026-06-19T09:20:11+09:00,DART_WHOLE_MARKET_LOOKBACK_CAPPED_90D_FROM_180D
052710,아모텍,CHECK_LIMITED,확인제한,,,,0,kosdaq_universe_summary_latest.csv,2026-06-19T09:20:11+09:00,DART_WHOLE_MARKET_LOOKBACK_CAPPED_90D_FROM_180D
052770,아이톡시,CHECK_LIMITED,확인제한,,,,0,kosdaq_universe_summary_latest.csv,2026-06-19T09:20:11+09:00,DART_WHOLE_MARKET_LOOKBACK_CAPPED_90D_FROM_180D
052790,액토즈소프트,CHECK_LIMITED,확인제한,,,,0,kosdaq_universe_summary_latest.csv,2026-06-19T09:20:11+09:00,DART_WHOLE_MARKET_LOOKBACK_CAPPED_90D_FROM_180D
052860,아이앤씨,CHECK_LIMITED,확인제한,,,,0,kosdaq_universe_summary_latest.csv,2026-06-19T09:20:11+09:00,DART_WHOLE_MARKET_LOOKBACK_CAPPED_90D_FROM_180D
052900,KX하이텍,CHECK_LIMITED,확인제한,,,,0,kosdaq_universe_summary_latest.csv,2026-06-19T09:20:11+09:00,DART_WHOLE_MARKET_LOOKBACK_CAPPED_90D_FROM_180D
053030,바이넥스,CHECK_LIMITED,확인제한,,,,0,kosdaq_universe_summary_latest.csv,2026-06-19T09:20:11+09:00,DART_WHOLE_MARKET_LOOKBACK_CAPPED_90D_FROM_180D
053050,지에스이,CHECK_LIMITED,확인제한,,,,0,kosdaq_universe_summary_latest.csv,2026-06-19T09:20:11+09:00,DART_WHOLE_MARKET_LOOKBACK_CAPPED_90D_FROM_180D
053060,세동,CHECK_LIMITED,확인제한,,,,0,kosdaq_universe_summary_latest.csv,2026-06-19T09:20:11+09:00,DART_WHOLE_MARKET_LOOKBACK_CAPPED_90D_FROM_180D
053080,케이엔솔,CHECK_LIMITED,확인제한,,,,0,kosdaq_universe_summary_latest.csv,2026-06-19T09:20:11+09:00,DART_WHOLE_MARKET_LOOKBACK_CAPPED_90D_FROM_180D
053160,프리엠스,CHECK_LIMITED,확인제한,,,,0,kosdaq_universe_summary_latest.csv,2026-06-19T09:20:11+09:00,DART_WHOLE_MARKET_LOOKBACK_CAPPED_90D_FROM_180D
053210,스카이라이프,CHECK_LIMITED,확인제한,,,,0,kospi_universe_summary_latest.csv,2026-06-19T09:20:11+09:00,DART_WHOLE_MARKET_LOOKBACK_CAPPED_90D_FROM_180D
053260,금강철강,CHECK_LIMITED,확인제한,,,,0,kosdaq_universe_summary_latest.csv,2026-06-19T09:20:11+09:00,DART_WHOLE_MARKET_LOOKBACK_CAPPED_90D_FROM_180D
053270,구영테크,CHECK_LIMITED,확인제한,,,,0,kosdaq_universe_summary_latest.csv,2026-06-19T09:20:11+09:00,DART_WHOLE_MARKET_LOOKBACK_CAPPED_90D_FROM_180D
053280,예스24,CHECK_LIMITED,확인제한,,,,0,kosdaq_universe_summary_latest.csv,2026-06-19T09:20:11+09:00,DART_WHOLE_MARKET_LOOKBACK_CAPPED_90D_FROM_180D
053290,NE능률,CHECK_LIMITED,확인제한,,,,0,kosdaq_universe_summary_latest.csv,2026-06-19T09:20:11+09:00,DART_WHOLE_MARKET_LOOKBACK_CAPPED_90D_FROM_180D
053300,한국정보인증,CHECK_LIMITED,확인제한,,,,0,kosdaq_universe_summary_latest.csv,2026-06-19T09:20:11+09:00,DART_WHOLE_MARKET_LOOKBACK_CAPPED_90D_FROM_180D
053350,이니텍,CHECK_LIMITED,확인제한,,,,0,kosdaq_universe_summary_latest.csv,2026-06-19T09:20:11+09:00,DART_WHOLE_MARKET_LOOKBACK_CAPPED_90D_FROM_180D
053450,세코닉스,CHECK_LIMITED,확인제한,,,,0,kosdaq_universe_summary_latest.csv,2026-06-19T09:20:11+09:00,DART_WHOLE_MARKET_LOOKBACK_CAPPED_90D_FROM_180D
053580,웹케시,CHECK_LIMITED,확인제한,,,,0,kosdaq_universe_summary_latest.csv,2026-06-19T09:20:11+09:00,DART_WHOLE_MARKET_LOOKBACK_CAPPED_90D_FROM_180D
053610,프로텍,CHECK_LIMITED,확인제한,,,,0,kosdaq_universe_summary_latest.csv,2026-06-19T09:20:11+09:00,DART_WHOLE_MARKET_LOOKBACK_CAPPED_90D_FROM_180D
053620,태양,CHECK_LIMITED,확인제한,,,,0,kosdaq_universe_summary_latest.csv,2026-06-19T09:20:11+09:00,DART_WHOLE_MARKET_LOOKBACK_CAPPED_90D_FROM_180D
053690,한미글로벌,CHECK_LIMITED,확인제한,,,,0,kospi_universe_summary_latest.csv,2026-06-19T09:20:11+09:00,DART_WHOLE_MARKET_LOOKBACK_CAPPED_90D_FROM_180D
053700,삼보모터스,CHECK_LIMITED,확인제한,,,,0,kosdaq_universe_summary_latest.csv,2026-06-19T09:20:11+09:00,DART_WHOLE_MARKET_LOOKBACK_CAPPED_90D_FROM_180D
053800,안랩,CHECK_LIMITED,확인제한,,,,0,kosdaq_universe_summary_latest.csv,2026-06-19T09:20:11+09:00,DART_WHOLE_MARKET_LOOKBACK_CAPPED_90D_FROM_180D
053950,경남제약,CHECK_LIMITED,확인제한,,,,0,kosdaq_universe_summary_latest.csv,2026-06-19T09:20:11+09:00,DART_WHOLE_MARKET_LOOKBACK_CAPPED_90D_FROM_180D
053980,오상자이엘,CHECK_LIMITED,확인제한,,,,0,kosdaq_universe_summary_latest.csv,2026-06-19T09:20:11+09:00,DART_WHOLE_MARKET_LOOKBACK_CAPPED_90D_FROM_180D
054040,한국컴퓨터,CHECK_LIMITED,확인제한,,,,0,kosdaq_universe_summary_latest.csv,2026-06-19T09:20:11+09:00,DART_WHOLE_MARKET_LOOKBACK_CAPPED_90D_FROM_180D
054050,NH농우바이오,CHECK_LIMITED,확인제한,,,,0,kosdaq_universe_summary_latest.csv,2026-06-19T09:20:11+09:00,DART_WHOLE_MARKET_LOOKBACK_CAPPED_90D_FROM_180D
054090,삼진엘앤디,CHECK_LIMITED,확인제한,,,,0,kosdaq_universe_summary_latest.csv,2026-06-19T09:20:11+09:00,DART_WHOLE_MARKET_LOOKBACK_CAPPED_90D_FROM_180D
054180,메디콕스,CHECK_LIMITED,확인제한,,,,0,kosdaq_universe_summary_latest.csv,2026-06-19T09:20:11+09:00,DART_WHOLE_MARKET_LOOKBACK_CAPPED_90D_FROM_180D
054210,이랜텍,CHECK_LIMITED,확인제한,,,,0,kosdaq_universe_summary_latest.csv,2026-06-19T09:20:11+09:00,DART_WHOLE_MARKET_LOOKBACK_CAPPED_90D_FROM_180D
054220,비츠로시스,CHECK_LIMITED,확인제한,,,,0,kosdaq_universe_summary_latest.csv,2026-06-19T09:20:11+09:00,DART_WHOLE_MARKET_LOOKBACK_CAPPED_90D_FROM_180D
054300,팬스타엔터프라이즈,CHECK_LIMITED,확인제한,,,,0,kosdaq_universe_summary_latest.csv,2026-06-19T09:20:11+09:00,DART_WHOLE_MARKET_LOOKBACK_CAPPED_90D_FROM_180D
054410,케이피티유,CHECK_LIMITED,확인제한,,,,0,kosdaq_universe_summary_latest.csv,2026-06-19T09:20:11+09:00,DART_WHOLE_MARKET_LOOKBACK_CAPPED_90D_FROM_180D
054450,텔레칩스,CHECK_LIMITED,확인제한,,,,0,kosdaq_universe_summary_latest.csv,2026-06-19T09:20:11+09:00,DART_WHOLE_MARKET_LOOKBACK_CAPPED_90D_FROM_180D
054540,삼영엠텍,CHECK_LIMITED,확인제한,,,,0,kosdaq_universe_summary_latest.csv,2026-06-19T09:20:11+09:00,DART_WHOLE_MARKET_LOOKBACK_CAPPED_90D_FROM_180D
054620,APS,CHECK_LIMITED,확인제한,,,,0,kosdaq_universe_summary_latest.csv,2026-06-19T09:20:11+09:00,DART_WHOLE_MARKET_LOOKBACK_CAPPED_90D_FROM_180D
054670,대한뉴팜,CHECK_LIMITED,확인제한,,,,0,kosdaq_universe_summary_latest.csv,2026-06-19T09:20:11+09:00,DART_WHOLE_MARKET_LOOKBACK_CAPPED_90D_FROM_180D
054780,키이스트,CHECK_LIMITED,확인제한,,,,0,kosdaq_universe_summary_latest.csv,2026-06-19T09:20:11+09:00,DART_WHOLE_MARKET_LOOKBACK_CAPPED_90D_FROM_180D
054800,아이디스홀딩스,CHECK_LIMITED,확인제한,,,,0,kosdaq_universe_summary_latest.csv,2026-06-19T09:20:11+09:00,DART_WHOLE_MARKET_LOOKBACK_CAPPED_90D_FROM_180D
054920,한컴위드,CHECK_LIMITED,확인제한,,,,0,kosdaq_universe_summary_latest.csv,2026-06-19T09:20:11+09:00,DART_WHOLE_MARKET_LOOKBACK_CAPPED_90D_FROM_180D
054930,유신,CHECK_LIMITED,확인제한,,,,0,kosdaq_universe_summary_latest.csv,2026-06-19T09:20:11+09:00,DART_WHOLE_MARKET_LOOKBACK_CAPPED_90D_FROM_180D
054940,엑사이엔씨,CHECK_LIMITED,확인제한,,,,0,kosdaq_universe_summary_latest.csv,2026-06-19T09:20:11+09:00,DART_WHOLE_MARKET_LOOKBACK_CAPPED_90D_FROM_180D
054950,제이브이엠,CHECK_LIMITED,확인제한,,,,0,kosdaq_universe_summary_latest.csv,2026-06-19T09:20:11+09:00,DART_WHOLE_MARKET_LOOKBACK_CAPPED_90D_FROM_180D
055490,테이팩스,CHECK_LIMITED,확인제한,,,,0,kospi_universe_summary_latest.csv,2026-06-19T09:20:11+09:00,DART_WHOLE_MARKET_LOOKBACK_CAPPED_90D_FROM_180D
055550,신한지주,CHECK_LIMITED,확인제한,,,,0,"kospi_candidates_30_latest.csv,kospi_fx_weakness_candidates_30_latest.csv,kospi_recommend_7_latest.csv,kospi_short_term_candidates_30_latest.csv,kospi_short_term_recommend_7_latest.csv,kospi_universe_summary_latest.csv",2026-06-19T09:20:11+09:00,DART_WHOLE_MARKET_LOOKBACK_CAPPED_90D_FROM_180D
056080,유진로봇,CHECK_LIMITED,확인제한,,,,0,kosdaq_universe_summary_latest.csv,2026-06-19T09:20:11+09:00,DART_WHOLE_MARKET_LOOKBACK_CAPPED_90D_FROM_180D
056090,시지메드텍,CHECK_LIMITED,확인제한,,,,0,kosdaq_universe_summary_latest.csv,2026-06-19T09:20:11+09:00,DART_WHOLE_MARKET_LOOKBACK_CAPPED_90D_FROM_180D
056190,에스에프에이,CHECK_LIMITED,확인제한,,,,0,kosdaq_universe_summary_latest.csv,2026-06-19T09:20:11+09:00,DART_WHOLE_MARKET_LOOKBACK_CAPPED_90D_FROM_180D
056360,코위버,CHECK_LIMITED,확인제한,,,,0,kosdaq_universe_summary_latest.csv,2026-06-19T09:20:11+09:00,DART_WHOLE_MARKET_LOOKBACK_CAPPED_90D_FROM_180D
056700,신화인터텍,CHECK_LIMITED,확인제한,,,,0,kosdaq_universe_summary_latest.csv,2026-06-19T09:20:11+09:00,DART_WHOLE_MARKET_LOOKBACK_CAPPED_90D_FROM_180D
056730,CNT85,CHECK_LIMITED,확인제한,,,,0,kosdaq_universe_summary_latest.csv,2026-06-19T09:20:11+09:00,DART_WHOLE_MARKET_LOOKBACK_CAPPED_90D_FROM_180D
057030,YBM넷,CHECK_LIMITED,확인제한,,,,0,kosdaq_universe_summary_latest.csv,2026-06-19T09:20:11+09:00,DART_WHOLE_MARKET_LOOKBACK_CAPPED_90D_FROM_180D
057050,현대홈쇼핑,CHECK_LIMITED,확인제한,,,,0,kospi_universe_summary_latest.csv,2026-06-19T09:20:11+09:00,DART_WHOLE_MARKET_LOOKBACK_CAPPED_90D_FROM_180D
057540,옴니시스템,CHECK_LIMITED,확인제한,,,,0,kosdaq_universe_summary_latest.csv,2026-06-19T09:20:11+09:00,DART_WHOLE_MARKET_LOOKBACK_CAPPED_90D_FROM_180D
057680,티사이언티픽,CHECK_LIMITED,확인제한,,,,0,kosdaq_universe_summary_latest.csv,2026-06-19T09:20:11+09:00,DART_WHOLE_MARKET_LOOKBACK_CAPPED_90D_FROM_180D
058110,멕아이씨에스,CHECK_LIMITED,확인제한,,,,0,kosdaq_universe_summary_latest.csv,2026-06-19T09:20:11+09:00,DART_WHOLE_MARKET_LOOKBACK_CAPPED_90D_FROM_180D
058400,KNN,CHECK_LIMITED,확인제한,,,,0,kosdaq_universe_summary_latest.csv,2026-06-19T09:20:11+09:00,DART_WHOLE_MARKET_LOOKBACK_CAPPED_90D_FROM_180D
058430,포스코스틸리온,CHECK_LIMITED,확인제한,,,,0,kospi_universe_summary_latest.csv,2026-06-19T09:20:11+09:00,DART_WHOLE_MARKET_LOOKBACK_CAPPED_90D_FROM_180D
058450,한주에이알티,CHECK_LIMITED,확인제한,,,,0,kosdaq_universe_summary_latest.csv,2026-06-19T09:20:11+09:00,DART_WHOLE_MARKET_LOOKBACK_CAPPED_90D_FROM_180D
058470,리노공업,CHECK_LIMITED,확인제한,,,,0,kosdaq_universe_summary_latest.csv,2026-06-19T09:20:11+09:00,DART_WHOLE_MARKET_LOOKBACK_CAPPED_90D_FROM_180D
058610,에스피지,CHECK_LIMITED,확인제한,,,,0,kosdaq_universe_summary_latest.csv,2026-06-19T09:20:11+09:00,DART_WHOLE_MARKET_LOOKBACK_CAPPED_90D_FROM_180D
058630,엠게임,CHECK_LIMITED,확인제한,,,,0,kosdaq_universe_summary_latest.csv,2026-06-19T09:20:11+09:00,DART_WHOLE_MARKET_LOOKBACK_CAPPED_90D_FROM_180D
058650,세아홀딩스,CHECK_LIMITED,확인제한,,,,0,kospi_universe_summary_latest.csv,2026-06-19T09:20:11+09:00,DART_WHOLE_MARKET_LOOKBACK_CAPPED_90D_FROM_180D
058730,다스코,CHECK_LIMITED,확인제한,,,,0,kospi_universe_summary_latest.csv,2026-06-19T09:20:11+09:00,DART_WHOLE_MARKET_LOOKBACK_CAPPED_90D_FROM_180D
058820,CMG제약,CHECK_LIMITED,확인제한,,,,0,kosdaq_universe_summary_latest.csv,2026-06-19T09:20:11+09:00,DART_WHOLE_MARKET_LOOKBACK_CAPPED_90D_FROM_180D
058850,KTcs,CHECK_LIMITED,확인제한,,,,0,kospi_universe_summary_latest.csv,2026-06-19T09:20:11+09:00,DART_WHOLE_MARKET_LOOKBACK_CAPPED_90D_FROM_180D
058860,KTis,CHECK_LIMITED,확인제한,,,,0,kospi_universe_summary_latest.csv,2026-06-19T09:20:11+09:00,DART_WHOLE_MARKET_LOOKBACK_CAPPED_90D_FROM_180D
058970,엠로,CHECK_LIMITED,확인제한,,,,0,kosdaq_universe_summary_latest.csv,2026-06-19T09:20:11+09:00,DART_WHOLE_MARKET_LOOKBACK_CAPPED_90D_FROM_180D
059090,미코,CHECK_LIMITED,확인제한,,,,0,kosdaq_universe_summary_latest.csv,2026-06-19T09:20:11+09:00,DART_WHOLE_MARKET_LOOKBACK_CAPPED_90D_FROM_180D
059100,아이컴포넌트,CHECK_LIMITED,확인제한,,,,0,kosdaq_universe_summary_latest.csv,2026-06-19T09:20:11+09:00,DART_WHOLE_MARKET_LOOKBACK_CAPPED_90D_FROM_180D
059120,아진엑스텍,CHECK_LIMITED,확인제한,,,,0,kosdaq_universe_summary_latest.csv,2026-06-19T09:20:11+09:00,DART_WHOLE_MARKET_LOOKBACK_CAPPED_90D_FROM_180D
059210,메타바이오메드,CHECK_LIMITED,확인제한,,,,0,kosdaq_universe_summary_latest.csv,2026-06-19T09:20:11+09:00,DART_WHOLE_MARKET_LOOKBACK_CAPPED_90D_FROM_180D
059270,해성에어로보틱스,CHECK_LIMITED,확인제한,,,,0,kosdaq_universe_summary_latest.csv,2026-06-19T09:20:11+09:00,DART_WHOLE_MARKET_LOOKBACK_CAPPED_90D_FROM_180D
060150,인선이엔티,CHECK_LIMITED,확인제한,,,,0,kosdaq_universe_summary_latest.csv,2026-06-19T09:20:11+09:00,DART_WHOLE_MARKET_LOOKBACK_CAPPED_90D_FROM_180D
060230,제이케이시냅스,CHECK_LIMITED,확인제한,,,,0,kosdaq_universe_summary_latest.csv,2026-06-19T09:20:11+09:00,DART_WHOLE_MARKET_LOOKBACK_CAPPED_90D_FROM_180D
060240,스타코링크,CHECK_LIMITED,확인제한,,,,0,kosdaq_universe_summary_latest.csv,2026-06-19T09:20:11+09:00,DART_WHOLE_MARKET_LOOKBACK_CAPPED_90D_FROM_180D
060250,NHN KCP,CHECK_LIMITED,확인제한,,,,0,kosdaq_universe_summary_latest.csv,2026-06-19T09:20:11+09:00,DART_WHOLE_MARKET_LOOKBACK_CAPPED_90D_FROM_180D
060260,뉴보텍,CHECK_LIMITED,확인제한,,,,0,kosdaq_universe_summary_latest.csv,2026-06-19T09:20:11+09:00,DART_WHOLE_MARKET_LOOKBACK_CAPPED_90D_FROM_180D
060280,큐렉소,CHECK_LIMITED,확인제한,,,,0,kosdaq_universe_summary_latest.csv,2026-06-19T09:20:11+09:00,DART_WHOLE_MARKET_LOOKBACK_CAPPED_90D_FROM_180D
060310,3S,CHECK_LIMITED,확인제한,,,,0,kosdaq_universe_summary_latest.csv,2026-06-19T09:20:11+09:00,DART_WHOLE_MARKET_LOOKBACK_CAPPED_90D_FROM_180D
060370,LS마린솔루션,CHECK_LIMITED,확인제한,,,,0,"kosdaq_universe_summary_latest.csv,watchlist_summary_latest.csv",2026-06-19T09:20:11+09:00,DART_WHOLE_MARKET_LOOKBACK_CAPPED_90D_FROM_180D
060380,동양에스텍,CHECK_LIMITED,확인제한,,,,0,kosdaq_universe_summary_latest.csv,2026-06-19T09:20:11+09:00,DART_WHOLE_MARKET_LOOKBACK_CAPPED_90D_FROM_180D
060480,국일신동,CHECK_LIMITED,확인제한,,,,0,kosdaq_universe_summary_latest.csv,2026-06-19T09:20:11+09:00,DART_WHOLE_MARKET_LOOKBACK_CAPPED_90D_FROM_180D
060540,에스에이티,CHECK_LIMITED,확인제한,,,,0,kosdaq_universe_summary_latest.csv,2026-06-19T09:20:11+09:00,DART_WHOLE_MARKET_LOOKBACK_CAPPED_90D_FROM_180D
060560,HC홈센타,CHECK_LIMITED,확인제한,,,,0,kosdaq_universe_summary_latest.csv,2026-06-19T09:20:11+09:00,DART_WHOLE_MARKET_LOOKBACK_CAPPED_90D_FROM_180D
060570,드림어스컴퍼니,CHECK_LIMITED,확인제한,,,,0,kosdaq_universe_summary_latest.csv,2026-06-19T09:20:11+09:00,DART_WHOLE_MARKET_LOOKBACK_CAPPED_90D_FROM_180D
060590,씨티씨바이오,CHECK_LIMITED,확인제한,,,,0,kosdaq_universe_summary_latest.csv,2026-06-19T09:20:11+09:00,DART_WHOLE_MARKET_LOOKBACK_CAPPED_90D_FROM_180D
060720,KH바텍,CHECK_LIMITED,확인제한,,,,0,kosdaq_universe_summary_latest.csv,2026-06-19T09:20:11+09:00,DART_WHOLE_MARKET_LOOKBACK_CAPPED_90D_FROM_180D
060850,영림원소프트랩,CHECK_LIMITED,확인제한,,,,0,kosdaq_universe_summary_latest.csv,2026-06-19T09:20:11+09:00,DART_WHOLE_MARKET_LOOKBACK_CAPPED_90D_FROM_180D
060900,에이전트AI,CHECK_LIMITED,확인제한,,,,0,kosdaq_universe_summary_latest.csv,2026-06-19T09:20:11+09:00,DART_WHOLE_MARKET_LOOKBACK_CAPPED_90D_FROM_180D
060980,HL홀딩스,CHECK_LIMITED,확인제한,,,,0,kospi_universe_summary_latest.csv,2026-06-19T09:20:11+09:00,DART_WHOLE_MARKET_LOOKBACK_CAPPED_90D_FROM_180D
061040,알에프텍,CHECK_LIMITED,확인제한,,,,0,kosdaq_universe_summary_latest.csv,2026-06-19T09:20:11+09:00,DART_WHOLE_MARKET_LOOKBACK_CAPPED_90D_FROM_180D
061090,세나테크놀로지,CHECK_LIMITED,확인제한,,,,0,kosdaq_universe_summary_latest.csv,2026-06-19T09:20:11+09:00,DART_WHOLE_MARKET_LOOKBACK_CAPPED_90D_FROM_180D
061250,화일약품,CHECK_LIMITED,확인제한,,,,0,kosdaq_universe_summary_latest.csv,2026-06-19T09:20:11+09:00,DART_WHOLE_MARKET_LOOKBACK_CAPPED_90D_FROM_180D
061970,LB세미콘,CHECK_LIMITED,확인제한,,,,0,kosdaq_universe_summary_latest.csv,2026-06-19T09:20:11+09:00,DART_WHOLE_MARKET_LOOKBACK_CAPPED_90D_FROM_180D
062040,산일전기,CHECK_LIMITED,확인제한,,,,0,"kospi_monthly_cycle_latest.csv,kospi_universe_summary_latest.csv,watchlist_summary_latest.csv",2026-06-19T09:20:11+09:00,DART_WHOLE_MARKET_LOOKBACK_CAPPED_90D_FROM_180D
062970,한국첨단소재,CHECK_LIMITED,확인제한,,,,0,kosdaq_universe_summary_latest.csv,2026-06-19T09:20:11+09:00,DART_WHOLE_MARKET_LOOKBACK_CAPPED_90D_FROM_180D
063080,컴투스홀딩스,CHECK_LIMITED,확인제한,,,,0,kosdaq_universe_summary_latest.csv,2026-06-19T09:20:11+09:00,DART_WHOLE_MARKET_LOOKBACK_CAPPED_90D_FROM_180D
063160,종근당바이오,CHECK_LIMITED,확인제한,,,,0,kospi_universe_summary_latest.csv,2026-06-19T09:20:11+09:00,DART_WHOLE_MARKET_LOOKBACK_CAPPED_90D_FROM_180D
063170,서울옥션,CHECK_LIMITED,확인제한,,,,0,kosdaq_universe_summary_latest.csv,2026-06-19T09:20:11+09:00,DART_WHOLE_MARKET_LOOKBACK_CAPPED_90D_FROM_180D
063440,SM Life Design,CHECK_LIMITED,확인제한,,,,0,kosdaq_universe_summary_latest.csv,2026-06-19T09:20:11+09:00,DART_WHOLE_MARKET_LOOKBACK_CAPPED_90D_FROM_180D
063570,NICE인프라,CHECK_LIMITED,확인제한,,,,0,kosdaq_universe_summary_latest.csv,2026-06-19T09:20:11+09:00,DART_WHOLE_MARKET_LOOKBACK_CAPPED_90D_FROM_180D
063760,이엘피,CHECK_LIMITED,확인제한,,,,0,kosdaq_universe_summary_latest.csv,2026-06-19T09:20:11+09:00,DART_WHOLE_MARKET_LOOKBACK_CAPPED_90D_FROM_180D
064090,인크레더블버즈,CHECK_LIMITED,확인제한,,,,0,kosdaq_universe_summary_latest.csv,2026-06-19T09:20:11+09:00,DART_WHOLE_MARKET_LOOKBACK_CAPPED_90D_FROM_180D
064240,홈캐스트,CHECK_LIMITED,확인제한,,,,0,kosdaq_universe_summary_latest.csv,2026-06-19T09:20:11+09:00,DART_WHOLE_MARKET_LOOKBACK_CAPPED_90D_FROM_180D
064260,다날,CHECK_LIMITED,확인제한,,,,0,kosdaq_universe_summary_latest.csv,2026-06-19T09:20:11+09:00,DART_WHOLE_MARKET_LOOKBACK_CAPPED_90D_FROM_180D
064290,인텍플러스,CHECK_LIMITED,확인제한,,,,0,kosdaq_universe_summary_latest.csv,2026-06-19T09:20:11+09:00,DART_WHOLE_MARKET_LOOKBACK_CAPPED_90D_FROM_180D
064350,현대로템,CHECK_LIMITED,확인제한,,,,0,"kospi_candidates_30_latest.csv,kospi_fx_weakness_candidates_30_latest.csv,kospi_fx_weakness_recommend_7_latest.csv,kospi_recommend_7_latest.csv,kospi_short_term_candidates_30_latest.csv,kospi_short_term_recommend_7_latest.csv,kospi_universe_summary_latest.csv",2026-06-19T09:20:11+09:00,DART_WHOLE_MARKET_LOOKBACK_CAPPED_90D_FROM_180D
064400,LG씨엔에스,CHECK_LIMITED,확인제한,,,,0,kospi_universe_summary_latest.csv,2026-06-19T09:20:11+09:00,DART_WHOLE_MARKET_LOOKBACK_CAPPED_90D_FROM_180D
064480,브리지텍,CHECK_LIMITED,확인제한,,,,0,kosdaq_universe_summary_latest.csv,2026-06-19T09:20:11+09:00,DART_WHOLE_MARKET_LOOKBACK_CAPPED_90D_FROM_180D
064520,테크엘,CHECK_LIMITED,확인제한,,,,0,kosdaq_universe_summary_latest.csv,2026-06-19T09:20:11+09:00,DART_WHOLE_MARKET_LOOKBACK_CAPPED_90D_FROM_180D
064550,바이오니아,CHECK_LIMITED,확인제한,,,,0,kosdaq_universe_summary_latest.csv,2026-06-19T09:20:11+09:00,DART_WHOLE_MARKET_LOOKBACK_CAPPED_90D_FROM_180D
064760,티씨케이,CHECK_LIMITED,확인제한,,,,0,kosdaq_universe_summary_latest.csv,2026-06-19T09:20:11+09:00,DART_WHOLE_MARKET_LOOKBACK_CAPPED_90D_FROM_180D
064800,포니링크,CHECK_LIMITED,확인제한,,,,0,kosdaq_universe_summary_latest.csv,2026-06-19T09:20:11+09:00,DART_WHOLE_MARKET_LOOKBACK_CAPPED_90D_FROM_180D
064820,케이프,CHECK_LIMITED,확인제한,,,,0,kosdaq_universe_summary_latest.csv,2026-06-19T09:20:11+09:00,DART_WHOLE_MARKET_LOOKBACK_CAPPED_90D_FROM_180D
064850,에프앤가이드,CHECK_LIMITED,확인제한,,,,0,kosdaq_universe_summary_latest.csv,2026-06-19T09:20:11+09:00,DART_WHOLE_MARKET_LOOKBACK_CAPPED_90D_FROM_180D
064960,SNT모티브,CHECK_LIMITED,확인제한,,,,0,kospi_universe_summary_latest.csv,2026-06-19T09:20:11+09:00,DART_WHOLE_MARKET_LOOKBACK_CAPPED_90D_FROM_180D
065060,지엔코,CHECK_LIMITED,확인제한,,,,0,kosdaq_universe_summary_latest.csv,2026-06-19T09:20:11+09:00,DART_WHOLE_MARKET_LOOKBACK_CAPPED_90D_FROM_180D
065130,탑엔지니어링,CHECK_LIMITED,확인제한,,,,0,kosdaq_universe_summary_latest.csv,2026-06-19T09:20:11+09:00,DART_WHOLE_MARKET_LOOKBACK_CAPPED_90D_FROM_180D
065150,대산F&B,CHECK_LIMITED,확인제한,,,,0,kosdaq_universe_summary_latest.csv,2026-06-19T09:20:11+09:00,DART_WHOLE_MARKET_LOOKBACK_CAPPED_90D_FROM_180D
065170,비엘팜텍,CHECK_LIMITED,확인제한,,,,0,kosdaq_universe_summary_latest.csv,2026-06-19T09:20:11+09:00,DART_WHOLE_MARKET_LOOKBACK_CAPPED_90D_FROM_180D
065350,신성델타테크,CHECK_LIMITED,확인제한,,,,0,kosdaq_universe_summary_latest.csv,2026-06-19T09:20:11+09:00,DART_WHOLE_MARKET_LOOKBACK_CAPPED_90D_FROM_180D
065370,위세아이텍,CHECK_LIMITED,확인제한,,,,0,kosdaq_universe_summary_latest.csv,2026-06-19T09:20:11+09:00,DART_WHOLE_MARKET_LOOKBACK_CAPPED_90D_FROM_180D
065420,에스아이리소스,CHECK_LIMITED,확인제한,,,,0,kosdaq_universe_summary_latest.csv,2026-06-19T09:20:11+09:00,DART_WHOLE_MARKET_LOOKBACK_CAPPED_90D_FROM_180D
065440,이루온,CHECK_LIMITED,확인제한,,,,0,kosdaq_universe_summary_latest.csv,2026-06-19T09:20:11+09:00,DART_WHOLE_MARKET_LOOKBACK_CAPPED_90D_FROM_180D
065450,빅텍,CHECK_LIMITED,확인제한,,,,0,kosdaq_universe_summary_latest.csv,2026-06-19T09:20:11+09:00,DART_WHOLE_MARKET_LOOKBACK_CAPPED_90D_FROM_180D
065500,오리엔트정공,CHECK_LIMITED,확인제한,,,,0,kosdaq_universe_summary_latest.csv,2026-06-19T09:20:11+09:00,DART_WHOLE_MARKET_LOOKBACK_CAPPED_90D_FROM_180D
065510,휴비츠,CHECK_LIMITED,확인제한,,,,0,kosdaq_universe_summary_latest.csv,2026-06-19T09:20:11+09:00,DART_WHOLE_MARKET_LOOKBACK_CAPPED_90D_FROM_180D
065530,와이어블,CHECK_LIMITED,확인제한,,,,0,kosdaq_universe_summary_latest.csv,2026-06-19T09:20:11+09:00,DART_WHOLE_MARKET_LOOKBACK_CAPPED_90D_FROM_180D
065570,삼영이엔씨,CHECK_LIMITED,확인제한,,,,0,kosdaq_universe_summary_latest.csv,2026-06-19T09:20:11+09:00,DART_WHOLE_MARKET_LOOKBACK_CAPPED_90D_FROM_180D
065650,하이퍼코퍼레이션,CHECK_LIMITED,확인제한,,,,0,kosdaq_universe_summary_latest.csv,2026-06-19T09:20:11+09:00,DART_WHOLE_MARKET_LOOKBACK_CAPPED_90D_FROM_180D
065660,안트로젠,CHECK_LIMITED,확인제한,,,,0,kosdaq_universe_summary_latest.csv,2026-06-19T09:20:11+09:00,DART_WHOLE_MARKET_LOOKBACK_CAPPED_90D_FROM_180D
065680,우주일렉트로,CHECK_LIMITED,확인제한,,,,0,kosdaq_universe_summary_latest.csv,2026-06-19T09:20:11+09:00,DART_WHOLE_MARKET_LOOKBACK_CAPPED_90D_FROM_180D
065690,파커스,CHECK_LIMITED,확인제한,,,,0,kosdaq_universe_summary_latest.csv,2026-06-19T09:20:11+09:00,DART_WHOLE_MARKET_LOOKBACK_CAPPED_90D_FROM_180D
065710,서호전기,CHECK_LIMITED,확인제한,,,,0,kosdaq_universe_summary_latest.csv,2026-06-19T09:20:11+09:00,DART_WHOLE_MARKET_LOOKBACK_CAPPED_90D_FROM_180D
065770,CS,CHECK_LIMITED,확인제한,,,,0,kosdaq_universe_summary_latest.csv,2026-06-19T09:20:11+09:00,DART_WHOLE_MARKET_LOOKBACK_CAPPED_90D_FROM_180D
065950,웰크론,CHECK_LIMITED,확인제한,,,,0,kosdaq_universe_summary_latest.csv,2026-06-19T09:20:11+09:00,DART_WHOLE_MARKET_LOOKBACK_CAPPED_90D_FROM_180D
066130,하츠,CHECK_LIMITED,확인제한,,,,0,kosdaq_universe_summary_latest.csv,2026-06-19T09:20:11+09:00,DART_WHOLE_MARKET_LOOKBACK_CAPPED_90D_FROM_180D
066310,큐에스아이,CHECK_LIMITED,확인제한,,,,0,kosdaq_universe_summary_latest.csv,2026-06-19T09:20:11+09:00,DART_WHOLE_MARKET_LOOKBACK_CAPPED_90D_FROM_180D
066360,체리부로,CHECK_LIMITED,확인제한,,,,0,kosdaq_universe_summary_latest.csv,2026-06-19T09:20:11+09:00,DART_WHOLE_MARKET_LOOKBACK_CAPPED_90D_FROM_180D
066410,버킷스튜디오,CHECK_LIMITED,확인제한,,,,0,kosdaq_universe_summary_latest.csv,2026-06-19T09:20:11+09:00,DART_WHOLE_MARKET_LOOKBACK_CAPPED_90D_FROM_180D
066430,아이로보틱스,CHECK_LIMITED,확인제한,,,,0,kosdaq_universe_summary_latest.csv,2026-06-19T09:20:11+09:00,DART_WHOLE_MARKET_LOOKBACK_CAPPED_90D_FROM_180D
066570,LG전자,CHECK_LIMITED,확인제한,,,,0,"kospi_monthly_cycle_latest.csv,kospi_universe_summary_latest.csv,watchlist_summary_latest.csv",2026-06-19T09:20:11+09:00,DART_WHOLE_MARKET_LOOKBACK_CAPPED_90D_FROM_180D
066575,LG전자우,CHECK_LIMITED,확인제한,,,,0,"kospi_universe_summary_latest.csv,watchlist_summary_latest.csv",2026-06-19T09:20:11+09:00,DART_WHOLE_MARKET_LOOKBACK_CAPPED_90D_FROM_180D
066590,스모트로닉,CHECK_LIMITED,확인제한,,,,0,kosdaq_universe_summary_latest.csv,2026-06-19T09:20:11+09:00,DART_WHOLE_MARKET_LOOKBACK_CAPPED_90D_FROM_180D
066620,국보디자인,CHECK_LIMITED,확인제한,,,,0,kosdaq_universe_summary_latest.csv,2026-06-19T09:20:11+09:00,DART_WHOLE_MARKET_LOOKBACK_CAPPED_90D_FROM_180D
066670,디티씨,CHECK_LIMITED,확인제한,,,,0,kosdaq_universe_summary_latest.csv,2026-06-19T09:20:11+09:00,DART_WHOLE_MARKET_LOOKBACK_CAPPED_90D_FROM_180D
066700,테라젠이텍스,CHECK_LIMITED,확인제한,,,,0,kosdaq_universe_summary_latest.csv,2026-06-19T09:20:11+09:00,DART_WHOLE_MARKET_LOOKBACK_CAPPED_90D_FROM_180D
066790,씨씨에스,CHECK_LIMITED,확인제한,,,,0,kosdaq_universe_summary_latest.csv,2026-06-19T09:20:11+09:00,DART_WHOLE_MARKET_LOOKBACK_CAPPED_90D_FROM_180D
066900,디에이피,CHECK_LIMITED,확인제한,,,,0,kosdaq_universe_summary_latest.csv,2026-06-19T09:20:11+09:00,DART_WHOLE_MARKET_LOOKBACK_CAPPED_90D_FROM_180D
066910,손오공,CHECK_LIMITED,확인제한,,,,0,kosdaq_universe_summary_latest.csv,2026-06-19T09:20:11+09:00,DART_WHOLE_MARKET_LOOKBACK_CAPPED_90D_FROM_180D
066970,엘앤에프,CHECK_LIMITED,확인제한,,,,0,kospi_universe_summary_latest.csv,2026-06-19T09:20:11+09:00,DART_WHOLE_MARKET_LOOKBACK_CAPPED_90D_FROM_180D
066980,한성크린텍,CHECK_LIMITED,확인제한,,,,0,kosdaq_universe_summary_latest.csv,2026-06-19T09:20:11+09:00,DART_WHOLE_MARKET_LOOKBACK_CAPPED_90D_FROM_180D
067000,조이시티,CHECK_LIMITED,확인제한,,,,0,kosdaq_universe_summary_latest.csv,2026-06-19T09:20:11+09:00,DART_WHOLE_MARKET_LOOKBACK_CAPPED_90D_FROM_180D
067010,이씨에스,CHECK_LIMITED,확인제한,,,,0,kosdaq_universe_summary_latest.csv,2026-06-19T09:20:11+09:00,DART_WHOLE_MARKET_LOOKBACK_CAPPED_90D_FROM_180D
067080,대화제약,CHECK_LIMITED,확인제한,,,,0,kosdaq_universe_summary_latest.csv,2026-06-19T09:20:11+09:00,DART_WHOLE_MARKET_LOOKBACK_CAPPED_90D_FROM_180D
067160,SOOP,CHECK_LIMITED,확인제한,,,,0,kosdaq_universe_summary_latest.csv,2026-06-19T09:20:11+09:00,DART_WHOLE_MARKET_LOOKBACK_CAPPED_90D_FROM_180D
067170,오텍,CHECK_LIMITED,확인제한,,,,0,kosdaq_universe_summary_latest.csv,2026-06-19T09:20:11+09:00,DART_WHOLE_MARKET_LOOKBACK_CAPPED_90D_FROM_180D
067280,멀티캠퍼스,CHECK_LIMITED,확인제한,,,,0,kosdaq_universe_summary_latest.csv,2026-06-19T09:20:11+09:00,DART_WHOLE_MARKET_LOOKBACK_CAPPED_90D_FROM_180D
067290,JW신약,CHECK_LIMITED,확인제한,,,,0,kosdaq_universe_summary_latest.csv,2026-06-19T09:20:11+09:00,DART_WHOLE_MARKET_LOOKBACK_CAPPED_90D_FROM_180D
067310,하나마이크론,CHECK_LIMITED,확인제한,,,,0,kosdaq_universe_summary_latest.csv,2026-06-19T09:20:11+09:00,DART_WHOLE_MARKET_LOOKBACK_CAPPED_90D_FROM_180D
067370,선바이오,CHECK_LIMITED,확인제한,,,,0,kosdaq_universe_summary_latest.csv,2026-06-19T09:20:11+09:00,DART_WHOLE_MARKET_LOOKBACK_CAPPED_90D_FROM_180D
067390,아스트,CHECK_LIMITED,확인제한,,,,0,kosdaq_universe_summary_latest.csv,2026-06-19T09:20:11+09:00,DART_WHOLE_MARKET_LOOKBACK_CAPPED_90D_FROM_180D
067570,엔브이에이치코리아,CHECK_LIMITED,확인제한,,,,0,kosdaq_universe_summary_latest.csv,2026-06-19T09:20:11+09:00,DART_WHOLE_MARKET_LOOKBACK_CAPPED_90D_FROM_180D
067630,HLB생명과학,CHECK_LIMITED,확인제한,,,,0,kosdaq_universe_summary_latest.csv,2026-06-19T09:20:11+09:00,DART_WHOLE_MARKET_LOOKBACK_CAPPED_90D_FROM_180D
067730,로지시스,CHECK_LIMITED,확인제한,,,,0,kosdaq_universe_summary_latest.csv,2026-06-19T09:20:11+09:00,DART_WHOLE_MARKET_LOOKBACK_CAPPED_90D_FROM_180D
067770,세진티에스,CHECK_LIMITED,확인제한,,,,0,kosdaq_universe_summary_latest.csv,2026-06-19T09:20:11+09:00,DART_WHOLE_MARKET_LOOKBACK_CAPPED_90D_FROM_180D
067830,세이브존I&C,CHECK_LIMITED,확인제한,,,,0,kospi_universe_summary_latest.csv,2026-06-19T09:20:11+09:00,DART_WHOLE_MARKET_LOOKBACK_CAPPED_90D_FROM_180D
067900,와이엔텍,CHECK_LIMITED,확인제한,,,,0,kosdaq_universe_summary_latest.csv,2026-06-19T09:20:11+09:00,DART_WHOLE_MARKET_LOOKBACK_CAPPED_90D_FROM_180D
067920,이글루,CHECK_LIMITED,확인제한,,,,0,kosdaq_universe_summary_latest.csv,2026-06-19T09:20:11+09:00,DART_WHOLE_MARKET_LOOKBACK_CAPPED_90D_FROM_180D
067990,도이치모터스,CHECK_LIMITED,확인제한,,,,0,kosdaq_universe_summary_latest.csv,2026-06-19T09:20:11+09:00,DART_WHOLE_MARKET_LOOKBACK_CAPPED_90D_FROM_180D
068050,팬엔터테인먼트,CHECK_LIMITED,확인제한,,,,0,kosdaq_universe_summary_latest.csv,2026-06-19T09:20:11+09:00,DART_WHOLE_MARKET_LOOKBACK_CAPPED_90D_FROM_180D
068100,케이웨더,CHECK_LIMITED,확인제한,,,,0,kosdaq_universe_summary_latest.csv,2026-06-19T09:20:11+09:00,DART_WHOLE_MARKET_LOOKBACK_CAPPED_90D_FROM_180D
068240,다원시스,CHECK_LIMITED,확인제한,,,,0,kosdaq_universe_summary_latest.csv,2026-06-19T09:20:11+09:00,DART_WHOLE_MARKET_LOOKBACK_CAPPED_90D_FROM_180D
068270,셀트리온,CHECK_LIMITED,확인제한,,,,0,"kospi_universe_summary_latest.csv,watchlist_summary_latest.csv",2026-06-19T09:20:11+09:00,DART_WHOLE_MARKET_LOOKBACK_CAPPED_90D_FROM_180D
068290,삼성출판사,CHECK_LIMITED,확인제한,,,,0,kospi_universe_summary_latest.csv,2026-06-19T09:20:11+09:00,DART_WHOLE_MARKET_LOOKBACK_CAPPED_90D_FROM_180D
068330,일신바이오,CHECK_LIMITED,확인제한,,,,0,kosdaq_universe_summary_latest.csv,2026-06-19T09:20:11+09:00,DART_WHOLE_MARKET_LOOKBACK_CAPPED_90D_FROM_180D
068760,셀트리온제약,CHECK_LIMITED,확인제한,,,,0,kosdaq_universe_summary_latest.csv,2026-06-19T09:20:11+09:00,DART_WHOLE_MARKET_LOOKBACK_CAPPED_90D_FROM_180D
068790,DMS,CHECK_LIMITED,확인제한,,,,0,kosdaq_universe_summary_latest.csv,2026-06-19T09:20:11+09:00,DART_WHOLE_MARKET_LOOKBACK_CAPPED_90D_FROM_180D
068930,디지털대성,CHECK_LIMITED,확인제한,,,,0,kosdaq_universe_summary_latest.csv,2026-06-19T09:20:11+09:00,DART_WHOLE_MARKET_LOOKBACK_CAPPED_90D_FROM_180D
068940,셀피글로벌,CHECK_LIMITED,확인제한,,,,0,kosdaq_universe_summary_latest.csv,2026-06-19T09:20:11+09:00,DART_WHOLE_MARKET_LOOKBACK_CAPPED_90D_FROM_180D
069080,웹젠,CHECK_LIMITED,확인제한,,,,0,kosdaq_universe_summary_latest.csv,2026-06-19T09:20:11+09:00,DART_WHOLE_MARKET_LOOKBACK_CAPPED_90D_FROM_180D
069140,누리플랜,CHECK_LIMITED,확인제한,,,,0,kosdaq_universe_summary_latest.csv,2026-06-19T09:20:11+09:00,DART_WHOLE_MARKET_LOOKBACK_CAPPED_90D_FROM_180D
069260,TKG휴켐스,CHECK_LIMITED,확인제한,,,,0,kospi_universe_summary_latest.csv,2026-06-19T09:20:11+09:00,DART_WHOLE_MARKET_LOOKBACK_CAPPED_90D_FROM_180D
069330,유아이디,CHECK_LIMITED,확인제한,,,,0,kosdaq_universe_summary_latest.csv,2026-06-19T09:20:11+09:00,DART_WHOLE_MARKET_LOOKBACK_CAPPED_90D_FROM_180D
069410,엔텔스,CHECK_LIMITED,확인제한,,,,0,kosdaq_universe_summary_latest.csv,2026-06-19T09:20:11+09:00,DART_WHOLE_MARKET_LOOKBACK_CAPPED_90D_FROM_180D
069460,대호에이엘,CHECK_LIMITED,확인제한,,,,0,kospi_universe_summary_latest.csv,2026-06-19T09:20:11+09:00,DART_WHOLE_MARKET_LOOKBACK_CAPPED_90D_FROM_180D
069510,에스텍,CHECK_LIMITED,확인제한,,,,0,kosdaq_universe_summary_latest.csv,2026-06-19T09:20:11+09:00,DART_WHOLE_MARKET_LOOKBACK_CAPPED_90D_FROM_180D
069540,빛과전자,CHECK_LIMITED,확인제한,,,,0,kosdaq_universe_summary_latest.csv,2026-06-19T09:20:11+09:00,DART_WHOLE_MARKET_LOOKBACK_CAPPED_90D_FROM_180D
069620,대웅제약,CHECK_LIMITED,확인제한,,,,0,kospi_universe_summary_latest.csv,2026-06-19T09:20:11+09:00,DART_WHOLE_MARKET_LOOKBACK_CAPPED_90D_FROM_180D
069640,한세엠케이,CHECK_LIMITED,확인제한,,,,0,kospi_universe_summary_latest.csv,2026-06-19T09:20:11+09:00,DART_WHOLE_MARKET_LOOKBACK_CAPPED_90D_FROM_180D
069730,DSR제강,CHECK_LIMITED,확인제한,,,,0,kospi_universe_summary_latest.csv,2026-06-19T09:20:11+09:00,DART_WHOLE_MARKET_LOOKBACK_CAPPED_90D_FROM_180D
069920,엑시온그룹,CHECK_LIMITED,확인제한,,,,0,kosdaq_universe_summary_latest.csv,2026-06-19T09:20:11+09:00,DART_WHOLE_MARKET_LOOKBACK_CAPPED_90D_FROM_180D
069960,현대백화점,CHECK_LIMITED,확인제한,,,,0,"kospi_gainers_1m_latest.csv,kospi_universe_summary_latest.csv",2026-06-19T09:20:11+09:00,DART_WHOLE_MARKET_LOOKBACK_CAPPED_90D_FROM_180D
070300,엑스큐어,CHECK_LIMITED,확인제한,,,,0,kosdaq_universe_summary_latest.csv,2026-06-19T09:20:11+09:00,DART_WHOLE_MARKET_LOOKBACK_CAPPED_90D_FROM_180D
070590,인티큐브,CHECK_LIMITED,확인제한,,,,0,kosdaq_universe_summary_latest.csv,2026-06-19T09:20:11+09:00,DART_WHOLE_MARKET_LOOKBACK_CAPPED_90D_FROM_180D
070960,모나용평,CHECK_LIMITED,확인제한,,,,0,kospi_universe_summary_latest.csv,2026-06-19T09:20:11+09:00,DART_WHOLE_MARKET_LOOKBACK_CAPPED_90D_FROM_180D
071050,한국금융지주,CHECK_LIMITED,확인제한,,,,0,kospi_universe_summary_latest.csv,2026-06-19T09:20:11+09:00,DART_WHOLE_MARKET_LOOKBACK_CAPPED_90D_FROM_180D
071055,한국금융지주우,CHECK_LIMITED,확인제한,,,,0,kospi_universe_summary_latest.csv,2026-06-19T09:20:11+09:00,DART_WHOLE_MARKET_LOOKBACK_CAPPED_90D_FROM_180D
071090,하이스틸,CHECK_LIMITED,확인제한,,,,0,kospi_universe_summary_latest.csv,2026-06-19T09:20:11+09:00,DART_WHOLE_MARKET_LOOKBACK_CAPPED_90D_FROM_180D
071200,인피니트헬스케어,CHECK_LIMITED,확인제한,,,,0,kosdaq_universe_summary_latest.csv,2026-06-19T09:20:11+09:00,DART_WHOLE_MARKET_LOOKBACK_CAPPED_90D_FROM_180D
071280,로체시스템즈,CHECK_LIMITED,확인제한,,,,0,kosdaq_universe_summary_latest.csv,2026-06-19T09:20:11+09:00,DART_WHOLE_MARKET_LOOKBACK_CAPPED_90D_FROM_180D
071320,지역난방공사,CHECK_LIMITED,확인제한,,,,0,kospi_universe_summary_latest.csv,2026-06-19T09:20:11+09:00,DART_WHOLE_MARKET_LOOKBACK_CAPPED_90D_FROM_180D
071670,에이테크솔루션,CHECK_LIMITED,확인제한,,,,0,kosdaq_universe_summary_latest.csv,2026-06-19T09:20:11+09:00,DART_WHOLE_MARKET_LOOKBACK_CAPPED_90D_FROM_180D
071840,롯데하이마트,CHECK_LIMITED,확인제한,,,,0,kospi_universe_summary_latest.csv,2026-06-19T09:20:11+09:00,DART_WHOLE_MARKET_LOOKBACK_CAPPED_90D_FROM_180D
071850,캐스텍코리아,CHECK_LIMITED,확인제한,,,,0,kosdaq_universe_summary_latest.csv,2026-06-19T09:20:11+09:00,DART_WHOLE_MARKET_LOOKBACK_CAPPED_90D_FROM_180D
071950,코아스,CHECK_LIMITED,확인제한,,,,0,kospi_universe_summary_latest.csv,2026-06-19T09:20:11+09:00,DART_WHOLE_MARKET_LOOKBACK_CAPPED_90D_FROM_180D
071970,HD현대마린엔진,CHECK_LIMITED,확인제한,,,,0,"kospi_monthly_cycle_latest.csv,kospi_universe_summary_latest.csv",2026-06-19T09:20:11+09:00,DART_WHOLE_MARKET_LOOKBACK_CAPPED_90D_FROM_180D
072020,중앙백신,CHECK_LIMITED,확인제한,,,,0,kosdaq_universe_summary_latest.csv,2026-06-19T09:20:11+09:00,DART_WHOLE_MARKET_LOOKBACK_CAPPED_90D_FROM_180D
072130,유엔젤,CHECK_LIMITED,확인제한,,,,0,kospi_universe_summary_latest.csv,2026-06-19T09:20:11+09:00,DART_WHOLE_MARKET_LOOKBACK_CAPPED_90D_FROM_180D
072470,우리산업홀딩스,CHECK_LIMITED,확인제한,,,,0,kosdaq_universe_summary_latest.csv,2026-06-19T09:20:11+09:00,DART_WHOLE_MARKET_LOOKBACK_CAPPED_90D_FROM_180D
072710,농심홀딩스,CHECK_LIMITED,확인제한,,,,0,kospi_universe_summary_latest.csv,2026-06-19T09:20:11+09:00,DART_WHOLE_MARKET_LOOKBACK_CAPPED_90D_FROM_180D
072770,멤레이비티,CHECK_LIMITED,확인제한,,,,0,kosdaq_universe_summary_latest.csv,2026-06-19T09:20:11+09:00,DART_WHOLE_MARKET_LOOKBACK_CAPPED_90D_FROM_180D
072870,메가스터디,CHECK_LIMITED,확인제한,,,,0,kosdaq_universe_summary_latest.csv,2026-06-19T09:20:11+09:00,DART_WHOLE_MARKET_LOOKBACK_CAPPED_90D_FROM_180D
072950,빛샘전자,CHECK_LIMITED,확인제한,,,,0,kosdaq_universe_summary_latest.csv,2026-06-19T09:20:11+09:00,DART_WHOLE_MARKET_LOOKBACK_CAPPED_90D_FROM_180D
072990,에이치시티,CHECK_LIMITED,확인제한,,,,0,kosdaq_universe_summary_latest.csv,2026-06-19T09:20:11+09:00,DART_WHOLE_MARKET_LOOKBACK_CAPPED_90D_FROM_180D
073010,케이에스피,CHECK_LIMITED,확인제한,,,,0,kosdaq_universe_summary_latest.csv,2026-06-19T09:20:11+09:00,DART_WHOLE_MARKET_LOOKBACK_CAPPED_90D_FROM_180D
073110,엘엠에스,CHECK_LIMITED,확인제한,,,,0,kosdaq_universe_summary_latest.csv,2026-06-19T09:20:11+09:00,DART_WHOLE_MARKET_LOOKBACK_CAPPED_90D_FROM_180D
073190,듀오백,CHECK_LIMITED,확인제한,,,,0,kosdaq_universe_summary_latest.csv,2026-06-19T09:20:11+09:00,DART_WHOLE_MARKET_LOOKBACK_CAPPED_90D_FROM_180D
073240,금호타이어,CHECK_LIMITED,확인제한,,,,0,kospi_universe_summary_latest.csv,2026-06-19T09:20:11+09:00,DART_WHOLE_MARKET_LOOKBACK_CAPPED_90D_FROM_180D
073490,LIG아큐버,CHECK_LIMITED,확인제한,,,,0,kosdaq_universe_summary_latest.csv,2026-06-19T09:20:11+09:00,DART_WHOLE_MARKET_LOOKBACK_CAPPED_90D_FROM_180D
073540,에프알텍,CHECK_LIMITED,확인제한,,,,0,kosdaq_universe_summary_latest.csv,2026-06-19T09:20:11+09:00,DART_WHOLE_MARKET_LOOKBACK_CAPPED_90D_FROM_180D
073560,우리손에프앤지,CHECK_LIMITED,확인제한,,,,0,kosdaq_universe_summary_latest.csv,2026-06-19T09:20:11+09:00,DART_WHOLE_MARKET_LOOKBACK_CAPPED_90D_FROM_180D
073570,리튬포어스,CHECK_LIMITED,확인제한,,,,0,kosdaq_universe_summary_latest.csv,2026-06-19T09:20:11+09:00,DART_WHOLE_MARKET_LOOKBACK_CAPPED_90D_FROM_180D
073640,테라사이언스,CHECK_LIMITED,확인제한,,,,0,kosdaq_universe_summary_latest.csv,2026-06-19T09:20:11+09:00,DART_WHOLE_MARKET_LOOKBACK_CAPPED_90D_FROM_180D
074430,아미노로직스,CHECK_LIMITED,확인제한,,,,0,kosdaq_universe_summary_latest.csv,2026-06-19T09:20:11+09:00,DART_WHOLE_MARKET_LOOKBACK_CAPPED_90D_FROM_180D
074600,원익QnC,CHECK_LIMITED,확인제한,,,,0,"kosdaq_candidates_10_latest.csv,kosdaq_recommend_5_latest.csv,kosdaq_universe_summary_latest.csv",2026-06-19T09:20:11+09:00,DART_WHOLE_MARKET_LOOKBACK_CAPPED_90D_FROM_180D
074610,이엔플러스,CHECK_LIMITED,확인제한,,,,0,kospi_universe_summary_latest.csv,2026-06-19T09:20:11+09:00,DART_WHOLE_MARKET_LOOKBACK_CAPPED_90D_FROM_180D
075130,플랜티넷,CHECK_LIMITED,확인제한,,,,0,kosdaq_universe_summary_latest.csv,2026-06-19T09:20:11+09:00,DART_WHOLE_MARKET_LOOKBACK_CAPPED_90D_FROM_180D
075180,새론오토모티브,CHECK_LIMITED,확인제한,,,,0,kospi_universe_summary_latest.csv,2026-06-19T09:20:11+09:00,DART_WHOLE_MARKET_LOOKBACK_CAPPED_90D_FROM_180D
075580,세진중공업,CHECK_LIMITED,확인제한,,,,0,"kospi_monthly_cycle_latest.csv,kospi_universe_summary_latest.csv",2026-06-19T09:20:11+09:00,DART_WHOLE_MARKET_LOOKBACK_CAPPED_90D_FROM_180D
075970,동국알앤에스,CHECK_LIMITED,확인제한,,,,0,kosdaq_universe_summary_latest.csv,2026-06-19T09:20:11+09:00,DART_WHOLE_MARKET_LOOKBACK_CAPPED_90D_FROM_180D
076080,웰크론한텍,CHECK_LIMITED,확인제한,,,,0,kosdaq_universe_summary_latest.csv,2026-06-19T09:20:11+09:00,DART_WHOLE_MARKET_LOOKBACK_CAPPED_90D_FROM_180D
076610,해성옵틱스,CHECK_LIMITED,확인제한,,,,0,kosdaq_universe_summary_latest.csv,2026-06-19T09:20:11+09:00,DART_WHOLE_MARKET_LOOKBACK_CAPPED_90D_FROM_180D
077360,덕산하이메탈,CHECK_LIMITED,확인제한,,,,0,kosdaq_universe_summary_latest.csv,2026-06-19T09:20:11+09:00,DART_WHOLE_MARKET_LOOKBACK_CAPPED_90D_FROM_180D
077500,유니퀘스트,CHECK_LIMITED,확인제한,,,,0,kospi_universe_summary_latest.csv,2026-06-19T09:20:11+09:00,DART_WHOLE_MARKET_LOOKBACK_CAPPED_90D_FROM_180D
077970,STX엔진,CHECK_LIMITED,확인제한,,,,0,"kospi_monthly_cycle_latest.csv,kospi_universe_summary_latest.csv",2026-06-19T09:20:11+09:00,DART_WHOLE_MARKET_LOOKBACK_CAPPED_90D_FROM_180D
078000,텔코웨어,CHECK_LIMITED,확인제한,,,,0,kospi_universe_summary_latest.csv,2026-06-19T09:20:11+09:00,DART_WHOLE_MARKET_LOOKBACK_CAPPED_90D_FROM_180D
078020,LS증권,CHECK_LIMITED,확인제한,,,,0,kosdaq_universe_summary_latest.csv,2026-06-19T09:20:11+09:00,DART_WHOLE_MARKET_LOOKBACK_CAPPED_90D_FROM_180D
078070,유비쿼스홀딩스,CHECK_LIMITED,확인제한,,,,0,kosdaq_universe_summary_latest.csv,2026-06-19T09:20:11+09:00,DART_WHOLE_MARKET_LOOKBACK_CAPPED_90D_FROM_180D
078130,국일제지,CHECK_LIMITED,확인제한,,,,0,kosdaq_universe_summary_latest.csv,2026-06-19T09:20:11+09:00,DART_WHOLE_MARKET_LOOKBACK_CAPPED_90D_FROM_180D
078140,대봉엘에스,CHECK_LIMITED,확인제한,,,,0,kosdaq_universe_summary_latest.csv,2026-06-19T09:20:11+09:00,DART_WHOLE_MARKET_LOOKBACK_CAPPED_90D_FROM_180D
078150,HB테크놀러지,CHECK_LIMITED,확인제한,,,,0,kosdaq_universe_summary_latest.csv,2026-06-19T09:20:11+09:00,DART_WHOLE_MARKET_LOOKBACK_CAPPED_90D_FROM_180D
078160,메디포스트,CHECK_LIMITED,확인제한,,,,0,kosdaq_universe_summary_latest.csv,2026-06-19T09:20:11+09:00,DART_WHOLE_MARKET_LOOKBACK_CAPPED_90D_FROM_180D
078340,컴투스,CHECK_LIMITED,확인제한,,,,0,kosdaq_universe_summary_latest.csv,2026-06-19T09:20:11+09:00,DART_WHOLE_MARKET_LOOKBACK_CAPPED_90D_FROM_180D
078350,한양디지텍,CHECK_LIMITED,확인제한,,,,0,kosdaq_universe_summary_latest.csv,2026-06-19T09:20:11+09:00,DART_WHOLE_MARKET_LOOKBACK_CAPPED_90D_FROM_180D
078520,에이블씨엔씨,CHECK_LIMITED,확인제한,,,,0,"kospi_monthly_cycle_latest.csv,kospi_universe_summary_latest.csv",2026-06-19T09:20:11+09:00,DART_WHOLE_MARKET_LOOKBACK_CAPPED_90D_FROM_180D
078590,휴림에이텍,CHECK_LIMITED,확인제한,,,,0,kosdaq_universe_summary_latest.csv,2026-06-19T09:20:11+09:00,DART_WHOLE_MARKET_LOOKBACK_CAPPED_90D_FROM_180D
078600,대주전자재료,CHECK_LIMITED,확인제한,,,,0,kosdaq_universe_summary_latest.csv,2026-06-19T09:20:11+09:00,DART_WHOLE_MARKET_LOOKBACK_CAPPED_90D_FROM_180D
078860,아이오케이이엔엠,CHECK_LIMITED,확인제한,,,,0,kosdaq_universe_summary_latest.csv,2026-06-19T09:20:11+09:00,DART_WHOLE_MARKET_LOOKBACK_CAPPED_90D_FROM_180D
078890,가온그룹,CHECK_LIMITED,확인제한,,,,0,kosdaq_universe_summary_latest.csv,2026-06-19T09:20:11+09:00,DART_WHOLE_MARKET_LOOKBACK_CAPPED_90D_FROM_180D
078930,GS,CHECK_LIMITED,확인제한,,,,0,kospi_universe_summary_latest.csv,2026-06-19T09:20:11+09:00,DART_WHOLE_MARKET_LOOKBACK_CAPPED_90D_FROM_180D
078935,GS우,CHECK_LIMITED,확인제한,,,,0,kospi_universe_summary_latest.csv,2026-06-19T09:20:11+09:00,DART_WHOLE_MARKET_LOOKBACK_CAPPED_90D_FROM_180D
079000,와토스코리아,CHECK_LIMITED,확인제한,,,,0,kosdaq_universe_summary_latest.csv,2026-06-19T09:20:11+09:00,DART_WHOLE_MARKET_LOOKBACK_CAPPED_90D_FROM_180D
079160,CJ CGV,CHECK_LIMITED,확인제한,,,,0,kospi_universe_summary_latest.csv,2026-06-19T09:20:11+09:00,DART_WHOLE_MARKET_LOOKBACK_CAPPED_90D_FROM_180D
079170,한창산업,CHECK_LIMITED,확인제한,,,,0,kosdaq_universe_summary_latest.csv,2026-06-19T09:20:11+09:00,DART_WHOLE_MARKET_LOOKBACK_CAPPED_90D_FROM_180D
079190,케스피온,CHECK_LIMITED,확인제한,,,,0,kosdaq_universe_summary_latest.csv,2026-06-19T09:20:11+09:00,DART_WHOLE_MARKET_LOOKBACK_CAPPED_90D_FROM_180D
079370,제우스,CHECK_LIMITED,확인제한,,,,0,kosdaq_universe_summary_latest.csv,2026-06-19T09:20:11+09:00,DART_WHOLE_MARKET_LOOKBACK_CAPPED_90D_FROM_180D
079430,현대리바트,CHECK_LIMITED,확인제한,,,,0,kospi_universe_summary_latest.csv,2026-06-19T09:20:11+09:00,DART_WHOLE_MARKET_LOOKBACK_CAPPED_90D_FROM_180D
079550,LIG디펜스앤에어로스페이스,CHECK_LIMITED,확인제한,,,,0,"kospi_candidates_30_latest.csv,kospi_fx_weakness_candidates_30_latest.csv,kospi_short_term_candidates_30_latest.csv,kospi_universe_summary_latest.csv",2026-06-19T09:20:11+09:00,DART_WHOLE_MARKET_LOOKBACK_CAPPED_90D_FROM_180D
079650,서산,CHECK_LIMITED,확인제한,,,,0,kosdaq_universe_summary_latest.csv,2026-06-19T09:20:11+09:00,DART_WHOLE_MARKET_LOOKBACK_CAPPED_90D_FROM_180D
079810,APS이노베이션,CHECK_LIMITED,확인제한,,,,0,kosdaq_universe_summary_latest.csv,2026-06-19T09:20:11+09:00,DART_WHOLE_MARKET_LOOKBACK_CAPPED_90D_FROM_180D
079900,전진건설로봇,CHECK_LIMITED,확인제한,,,,0,kospi_universe_summary_latest.csv,2026-06-19T09:20:11+09:00,DART_WHOLE_MARKET_LOOKBACK_CAPPED_90D_FROM_180D
079940,가비아,CHECK_LIMITED,확인제한,,,,0,kosdaq_universe_summary_latest.csv,2026-06-19T09:20:11+09:00,DART_WHOLE_MARKET_LOOKBACK_CAPPED_90D_FROM_180D
079950,인베니아,CHECK_LIMITED,확인제한,,,,0,kosdaq_universe_summary_latest.csv,2026-06-19T09:20:11+09:00,DART_WHOLE_MARKET_LOOKBACK_CAPPED_90D_FROM_180D
079960,동양이엔피,CHECK_LIMITED,확인제한,,,,0,kosdaq_universe_summary_latest.csv,2026-06-19T09:20:11+09:00,DART_WHOLE_MARKET_LOOKBACK_CAPPED_90D_FROM_180D
079970,투비소프트,CHECK_LIMITED,확인제한,,,,0,kosdaq_universe_summary_latest.csv,2026-06-19T09:20:11+09:00,DART_WHOLE_MARKET_LOOKBACK_CAPPED_90D_FROM_180D
079980,휴비스,CHECK_LIMITED,확인제한,,,,0,kospi_universe_summary_latest.csv,2026-06-19T09:20:11+09:00,DART_WHOLE_MARKET_LOOKBACK_CAPPED_90D_FROM_180D
080010,이상네트웍스,CHECK_LIMITED,확인제한,,,,0,kosdaq_universe_summary_latest.csv,2026-06-19T09:20:11+09:00,DART_WHOLE_MARKET_LOOKBACK_CAPPED_90D_FROM_180D
080160,모두투어,CHECK_LIMITED,확인제한,,,,0,kosdaq_universe_summary_latest.csv,2026-06-19T09:20:11+09:00,DART_WHOLE_MARKET_LOOKBACK_CAPPED_90D_FROM_180D
080220,제주반도체,CHECK_LIMITED,확인제한,,,,0,kosdaq_universe_summary_latest.csv,2026-06-19T09:20:11+09:00,DART_WHOLE_MARKET_LOOKBACK_CAPPED_90D_FROM_180D
080420,모다이노칩,CHECK_LIMITED,확인제한,,,,0,kosdaq_universe_summary_latest.csv,2026-06-19T09:20:11+09:00,DART_WHOLE_MARKET_LOOKBACK_CAPPED_90D_FROM_180D
080470,성창오토텍,CHECK_LIMITED,확인제한,,,,0,kosdaq_universe_summary_latest.csv,2026-06-19T09:20:11+09:00,DART_WHOLE_MARKET_LOOKBACK_CAPPED_90D_FROM_180D
080520,오디텍,CHECK_LIMITED,확인제한,,,,0,kosdaq_universe_summary_latest.csv,2026-06-19T09:20:11+09:00,DART_WHOLE_MARKET_LOOKBACK_CAPPED_90D_FROM_180D
080530,코디,CHECK_LIMITED,확인제한,,,,0,kosdaq_universe_summary_latest.csv,2026-06-19T09:20:11+09:00,DART_WHOLE_MARKET_LOOKBACK_CAPPED_90D_FROM_180D
080580,오킨스전자,CHECK_LIMITED,확인제한,,,,0,kosdaq_universe_summary_latest.csv,2026-06-19T09:20:11+09:00,DART_WHOLE_MARKET_LOOKBACK_CAPPED_90D_FROM_180D
080720,한국유니온제약,CHECK_LIMITED,확인제한,,,,0,kosdaq_universe_summary_latest.csv,2026-06-19T09:20:11+09:00,DART_WHOLE_MARKET_LOOKBACK_CAPPED_90D_FROM_180D
081000,일진다이아,CHECK_LIMITED,확인제한,,,,0,kospi_universe_summary_latest.csv,2026-06-19T09:20:11+09:00,DART_WHOLE_MARKET_LOOKBACK_CAPPED_90D_FROM_180D
081150,티플랙스,CHECK_LIMITED,확인제한,,,,0,kosdaq_universe_summary_latest.csv,2026-06-19T09:20:11+09:00,DART_WHOLE_MARKET_LOOKBACK_CAPPED_90D_FROM_180D
081180,쎄크,CHECK_LIMITED,확인제한,,,,0,kosdaq_universe_summary_latest.csv,2026-06-19T09:20:11+09:00,DART_WHOLE_MARKET_LOOKBACK_CAPPED_90D_FROM_180D
081580,성우전자,CHECK_LIMITED,확인제한,,,,0,kosdaq_universe_summary_latest.csv,2026-06-19T09:20:11+09:00,DART_WHOLE_MARKET_LOOKBACK_CAPPED_90D_FROM_180D
081660,미스토홀딩스,CHECK_LIMITED,확인제한,,,,0,kospi_universe_summary_latest.csv,2026-06-19T09:20:11+09:00,DART_WHOLE_MARKET_LOOKBACK_CAPPED_90D_FROM_180D
082210,옵트론텍,CHECK_LIMITED,확인제한,,,,0,kosdaq_universe_summary_latest.csv,2026-06-19T09:20:11+09:00,DART_WHOLE_MARKET_LOOKBACK_CAPPED_90D_FROM_180D
082270,젬백스,CHECK_LIMITED,확인제한,,,,0,kosdaq_universe_summary_latest.csv,2026-06-19T09:20:11+09:00,DART_WHOLE_MARKET_LOOKBACK_CAPPED_90D_FROM_180D
082640,동양생명,CHECK_LIMITED,확인제한,,,,0,kospi_universe_summary_latest.csv,2026-06-19T09:20:11+09:00,DART_WHOLE_MARKET_LOOKBACK_CAPPED_90D_FROM_180D
082660,코스나인,CHECK_LIMITED,확인제한,,,,0,kosdaq_universe_summary_latest.csv,2026-06-19T09:20:11+09:00,DART_WHOLE_MARKET_LOOKBACK_CAPPED_90D_FROM_180D
082740,한화엔진,CHECK_LIMITED,확인제한,,,,0,"kospi_fx_weakness_candidates_30_latest.csv,kospi_universe_summary_latest.csv",2026-06-19T09:20:11+09:00,DART_WHOLE_MARKET_LOOKBACK_CAPPED_90D_FROM_180D
082800,비보존 제약,CHECK_LIMITED,확인제한,,,,0,kosdaq_universe_summary_latest.csv,2026-06-19T09:20:11+09:00,DART_WHOLE_MARKET_LOOKBACK_CAPPED_90D_FROM_180D
082850,우리바이오,CHECK_LIMITED,확인제한,,,,0,kosdaq_universe_summary_latest.csv,2026-06-19T09:20:11+09:00,DART_WHOLE_MARKET_LOOKBACK_CAPPED_90D_FROM_180D
082920,비츠로셀,CHECK_LIMITED,확인제한,,,,0,kosdaq_universe_summary_latest.csv,2026-06-19T09:20:11+09:00,DART_WHOLE_MARKET_LOOKBACK_CAPPED_90D_FROM_180D
083310,엘오티베큠,CHECK_LIMITED,확인제한,,,,0,kosdaq_universe_summary_latest.csv,2026-06-19T09:20:11+09:00,DART_WHOLE_MARKET_LOOKBACK_CAPPED_90D_FROM_180D
083420,그린케미칼,CHECK_LIMITED,확인제한,,,,0,kospi_universe_summary_latest.csv,2026-06-19T09:20:11+09:00,DART_WHOLE_MARKET_LOOKBACK_CAPPED_90D_FROM_180D
083450,GST,CHECK_LIMITED,확인제한,,,,0,kosdaq_universe_summary_latest.csv,2026-06-19T09:20:11+09:00,DART_WHOLE_MARKET_LOOKBACK_CAPPED_90D_FROM_180D
083470,이엠앤아이,CHECK_LIMITED,확인제한,,,,0,kosdaq_universe_summary_latest.csv,2026-06-19T09:20:11+09:00,DART_WHOLE_MARKET_LOOKBACK_CAPPED_90D_FROM_180D
083500,에프엔에스테크,CHECK_LIMITED,확인제한,,,,0,kosdaq_universe_summary_latest.csv,2026-06-19T09:20:11+09:00,DART_WHOLE_MARKET_LOOKBACK_CAPPED_90D_FROM_180D
083550,케이엠,CHECK_LIMITED,확인제한,,,,0,kosdaq_universe_summary_latest.csv,2026-06-19T09:20:11+09:00,DART_WHOLE_MARKET_LOOKBACK_CAPPED_90D_FROM_180D
083640,인콘,CHECK_LIMITED,확인제한,,,,0,kosdaq_universe_summary_latest.csv,2026-06-19T09:20:11+09:00,DART_WHOLE_MARKET_LOOKBACK_CAPPED_90D_FROM_180D
083650,비에이치아이,CHECK_LIMITED,확인제한,,,,0,kosdaq_universe_summary_latest.csv,2026-06-19T09:20:11+09:00,DART_WHOLE_MARKET_LOOKBACK_CAPPED_90D_FROM_180D
083660,CSA 코스믹,CHECK_LIMITED,확인제한,,,,0,kosdaq_universe_summary_latest.csv,2026-06-19T09:20:11+09:00,DART_WHOLE_MARKET_LOOKBACK_CAPPED_90D_FROM_180D
083790,CG인바이츠,CHECK_LIMITED,확인제한,,,,0,kosdaq_universe_summary_latest.csv,2026-06-19T09:20:11+09:00,DART_WHOLE_MARKET_LOOKBACK_CAPPED_90D_FROM_180D
083930,아바코,CHECK_LIMITED,확인제한,,,,0,kosdaq_universe_summary_latest.csv,2026-06-19T09:20:11+09:00,DART_WHOLE_MARKET_LOOKBACK_CAPPED_90D_FROM_180D
084010,대한제강,CHECK_LIMITED,확인제한,,,,0,kospi_universe_summary_latest.csv,2026-06-19T09:20:11+09:00,DART_WHOLE_MARKET_LOOKBACK_CAPPED_90D_FROM_180D
084110,휴온스글로벌,CHECK_LIMITED,확인제한,,,,0,kosdaq_universe_summary_latest.csv,2026-06-19T09:20:11+09:00,DART_WHOLE_MARKET_LOOKBACK_CAPPED_90D_FROM_180D
084180,수성웹툰,CHECK_LIMITED,확인제한,,,,0,kosdaq_universe_summary_latest.csv,2026-06-19T09:20:11+09:00,DART_WHOLE_MARKET_LOOKBACK_CAPPED_90D_FROM_180D
084370,유진테크,CHECK_LIMITED,확인제한,,,,0,kosdaq_universe_summary_latest.csv,2026-06-19T09:20:11+09:00,DART_WHOLE_MARKET_LOOKBACK_CAPPED_90D_FROM_180D
084440,유비온,CHECK_LIMITED,확인제한,,,,0,kosdaq_universe_summary_latest.csv,2026-06-19T09:20:11+09:00,DART_WHOLE_MARKET_LOOKBACK_CAPPED_90D_FROM_180D
084650,랩지노믹스,CHECK_LIMITED,확인제한,,,,0,kosdaq_universe_summary_latest.csv,2026-06-19T09:20:11+09:00,DART_WHOLE_MARKET_LOOKBACK_CAPPED_90D_FROM_180D
084670,동양고속,CHECK_LIMITED,확인제한,,,,0,kospi_universe_summary_latest.csv,2026-06-19T09:20:11+09:00,DART_WHOLE_MARKET_LOOKBACK_CAPPED_90D_FROM_180D
084680,이월드,CHECK_LIMITED,확인제한,,,,0,kospi_universe_summary_latest.csv,2026-06-19T09:20:11+09:00,DART_WHOLE_MARKET_LOOKBACK_CAPPED_90D_FROM_180D
084690,대상홀딩스,CHECK_LIMITED,확인제한,,,,0,kospi_universe_summary_latest.csv,2026-06-19T09:20:11+09:00,DART_WHOLE_MARKET_LOOKBACK_CAPPED_90D_FROM_180D
084695,대상홀딩스우,CHECK_LIMITED,확인제한,,,,0,kospi_universe_summary_latest.csv,2026-06-19T09:20:11+09:00,DART_WHOLE_MARKET_LOOKBACK_CAPPED_90D_FROM_180D
084730,팅크웨어,CHECK_LIMITED,확인제한,,,,0,kosdaq_universe_summary_latest.csv,2026-06-19T09:20:11+09:00,DART_WHOLE_MARKET_LOOKBACK_CAPPED_90D_FROM_180D
084850,아이티엠반도체,CHECK_LIMITED,확인제한,,,,0,kosdaq_universe_summary_latest.csv,2026-06-19T09:20:11+09:00,DART_WHOLE_MARKET_LOOKBACK_CAPPED_90D_FROM_180D
084870,TBH글로벌,CHECK_LIMITED,확인제한,,,,0,kospi_universe_summary_latest.csv,2026-06-19T09:20:11+09:00,DART_WHOLE_MARKET_LOOKBACK_CAPPED_90D_FROM_180D
084990,헬릭스미스,CHECK_LIMITED,확인제한,,,,0,kosdaq_universe_summary_latest.csv,2026-06-19T09:20:11+09:00,DART_WHOLE_MARKET_LOOKBACK_CAPPED_90D_FROM_180D
085310,엔케이,CHECK_LIMITED,확인제한,,,,0,kospi_universe_summary_latest.csv,2026-06-19T09:20:11+09:00,DART_WHOLE_MARKET_LOOKBACK_CAPPED_90D_FROM_180D
085620,미래에셋생명,CHECK_LIMITED,확인제한,,,,0,"kospi_gainers_1m_latest.csv,kospi_universe_summary_latest.csv",2026-06-19T09:20:11+09:00,DART_WHOLE_MARKET_LOOKBACK_CAPPED_90D_FROM_180D
085660,차바이오텍,CHECK_LIMITED,확인제한,,,,0,kosdaq_universe_summary_latest.csv,2026-06-19T09:20:11+09:00,DART_WHOLE_MARKET_LOOKBACK_CAPPED_90D_FROM_180D
085670,뉴프렉스,CHECK_LIMITED,확인제한,,,,0,kosdaq_universe_summary_latest.csv,2026-06-19T09:20:11+09:00,DART_WHOLE_MARKET_LOOKBACK_CAPPED_90D_FROM_180D
085810,알티캐스트,CHECK_LIMITED,확인제한,,,,0,kosdaq_universe_summary_latest.csv,2026-06-19T09:20:11+09:00,DART_WHOLE_MARKET_LOOKBACK_CAPPED_90D_FROM_180D
085910,네오티스,CHECK_LIMITED,확인제한,,,,0,kosdaq_universe_summary_latest.csv,2026-06-19T09:20:11+09:00,DART_WHOLE_MARKET_LOOKBACK_CAPPED_90D_FROM_180D
086040,바이오톡스텍,CHECK_LIMITED,확인제한,,,,0,kosdaq_universe_summary_latest.csv,2026-06-19T09:20:11+09:00,DART_WHOLE_MARKET_LOOKBACK_CAPPED_90D_FROM_180D
086060,진바이오텍,CHECK_LIMITED,확인제한,,,,0,kosdaq_universe_summary_latest.csv,2026-06-19T09:20:11+09:00,DART_WHOLE_MARKET_LOOKBACK_CAPPED_90D_FROM_180D
086280,현대글로비스,CHECK_LIMITED,확인제한,,,,0,kospi_universe_summary_latest.csv,2026-06-19T09:20:11+09:00,DART_WHOLE_MARKET_LOOKBACK_CAPPED_90D_FROM_180D
086390,유니테스트,CHECK_LIMITED,확인제한,,,,0,kosdaq_universe_summary_latest.csv,2026-06-19T09:20:11+09:00,DART_WHOLE_MARKET_LOOKBACK_CAPPED_90D_FROM_180D
086450,동국제약,CHECK_LIMITED,확인제한,,,,0,kosdaq_universe_summary_latest.csv,2026-06-19T09:20:11+09:00,DART_WHOLE_MARKET_LOOKBACK_CAPPED_90D_FROM_180D
086520,에코프로,CHECK_LIMITED,확인제한,,,,0,"kosdaq_candidates_10_latest.csv,kosdaq_recommend_5_latest.csv,kosdaq_universe_summary_latest.csv",2026-06-19T09:20:11+09:00,DART_WHOLE_MARKET_LOOKBACK_CAPPED_90D_FROM_180D
086670,비엠티,CHECK_LIMITED,확인제한,,,,0,kosdaq_universe_summary_latest.csv,2026-06-19T09:20:11+09:00,DART_WHOLE_MARKET_LOOKBACK_CAPPED_90D_FROM_180D
086710,선진뷰티사이언스,CHECK_LIMITED,확인제한,,,,0,kosdaq_universe_summary_latest.csv,2026-06-19T09:20:11+09:00,DART_WHOLE_MARKET_LOOKBACK_CAPPED_90D_FROM_180D
086790,하나금융지주,CHECK_LIMITED,확인제한,,,,0,"kospi_candidates_30_latest.csv,kospi_fx_weakness_candidates_30_latest.csv,kospi_recommend_7_latest.csv,kospi_short_term_candidates_30_latest.csv,kospi_short_term_recommend_7_latest.csv,kospi_universe_summary_latest.csv",2026-06-19T09:20:11+09:00,DART_WHOLE_MARKET_LOOKBACK_CAPPED_90D_FROM_180D
086820,바이오솔루션,CHECK_LIMITED,확인제한,,,,0,kosdaq_universe_summary_latest.csv,2026-06-19T09:20:11+09:00,DART_WHOLE_MARKET_LOOKBACK_CAPPED_90D_FROM_180D
086890,이수앱지스,CHECK_LIMITED,확인제한,,,,0,kosdaq_universe_summary_latest.csv,2026-06-19T09:20:11+09:00,DART_WHOLE_MARKET_LOOKBACK_CAPPED_90D_FROM_180D
086900,메디톡스,CHECK_LIMITED,확인제한,,,,0,kosdaq_universe_summary_latest.csv,2026-06-19T09:20:11+09:00,DART_WHOLE_MARKET_LOOKBACK_CAPPED_90D_FROM_180D
086960,MDS테크,CHECK_LIMITED,확인제한,,,,0,kosdaq_universe_summary_latest.csv,2026-06-19T09:20:11+09:00,DART_WHOLE_MARKET_LOOKBACK_CAPPED_90D_FROM_180D
086980,쇼박스,CHECK_LIMITED,확인제한,,,,0,kosdaq_universe_summary_latest.csv,2026-06-19T09:20:11+09:00,DART_WHOLE_MARKET_LOOKBACK_CAPPED_90D_FROM_180D
087010,펩트론,CHECK_LIMITED,확인제한,,,,0,kosdaq_universe_summary_latest.csv,2026-06-19T09:20:11+09:00,DART_WHOLE_MARKET_LOOKBACK_CAPPED_90D_FROM_180D
087260,모바일어플라이언스,CHECK_LIMITED,확인제한,,,,0,kosdaq_universe_summary_latest.csv,2026-06-19T09:20:11+09:00,DART_WHOLE_MARKET_LOOKBACK_CAPPED_90D_FROM_180D
087600,픽셀플러스,CHECK_LIMITED,확인제한,,,,0,kosdaq_universe_summary_latest.csv,2026-06-19T09:20:11+09:00,DART_WHOLE_MARKET_LOOKBACK_CAPPED_90D_FROM_180D
088130,동아엘텍,CHECK_LIMITED,확인제한,,,,0,kosdaq_universe_summary_latest.csv,2026-06-19T09:20:11+09:00,DART_WHOLE_MARKET_LOOKBACK_CAPPED_90D_FROM_180D
088260,이리츠코크렙,CHECK_LIMITED,확인제한,,,,0,kospi_universe_summary_latest.csv,2026-06-19T09:20:11+09:00,DART_WHOLE_MARKET_LOOKBACK_CAPPED_90D_FROM_180D
088280,쏘닉스,CHECK_LIMITED,확인제한,,,,0,kosdaq_universe_summary_latest.csv,2026-06-19T09:20:11+09:00,DART_WHOLE_MARKET_LOOKBACK_CAPPED_90D_FROM_180D
088290,이원컴포텍,CHECK_LIMITED,확인제한,,,,0,kosdaq_universe_summary_latest.csv,2026-06-19T09:20:11+09:00,DART_WHOLE_MARKET_LOOKBACK_CAPPED_90D_FROM_180D
088340,유라클,CHECK_LIMITED,확인제한,,,,0,kosdaq_universe_summary_latest.csv,2026-06-19T09:20:11+09:00,DART_WHOLE_MARKET_LOOKBACK_CAPPED_90D_FROM_180D
088350,한화생명,CHECK_LIMITED,확인제한,,,,0,kospi_universe_summary_latest.csv,2026-06-19T09:20:11+09:00,DART_WHOLE_MARKET_LOOKBACK_CAPPED_90D_FROM_180D
088390,이녹스,CHECK_LIMITED,확인제한,,,,0,kosdaq_universe_summary_latest.csv,2026-06-19T09:20:11+09:00,DART_WHOLE_MARKET_LOOKBACK_CAPPED_90D_FROM_180D
088790,진도,CHECK_LIMITED,확인제한,,,,0,kospi_universe_summary_latest.csv,2026-06-19T09:20:11+09:00,DART_WHOLE_MARKET_LOOKBACK_CAPPED_90D_FROM_180D
088800,에이스테크,CHECK_LIMITED,확인제한,,,,0,kosdaq_universe_summary_latest.csv,2026-06-19T09:20:11+09:00,DART_WHOLE_MARKET_LOOKBACK_CAPPED_90D_FROM_180D
088910,동우팜투테이블,CHECK_LIMITED,확인제한,,,,0,kosdaq_universe_summary_latest.csv,2026-06-19T09:20:11+09:00,DART_WHOLE_MARKET_LOOKBACK_CAPPED_90D_FROM_180D
088980,맥쿼리인프라,CHECK_LIMITED,확인제한,,,,0,kospi_universe_summary_latest.csv,2026-06-19T09:20:11+09:00,DART_WHOLE_MARKET_LOOKBACK_CAPPED_90D_FROM_180D
089010,켐트로닉스,CHECK_LIMITED,확인제한,,,,0,kosdaq_universe_summary_latest.csv,2026-06-19T09:20:11+09:00,DART_WHOLE_MARKET_LOOKBACK_CAPPED_90D_FROM_180D
089030,테크윙,CHECK_LIMITED,확인제한,,,,0,kosdaq_universe_summary_latest.csv,2026-06-19T09:20:11+09:00,DART_WHOLE_MARKET_LOOKBACK_CAPPED_90D_FROM_180D
089140,넥스턴앤롤코리아,CHECK_LIMITED,확인제한,,,,0,kosdaq_universe_summary_latest.csv,2026-06-19T09:20:11+09:00,DART_WHOLE_MARKET_LOOKBACK_CAPPED_90D_FROM_180D
089150,케이씨티,CHECK_LIMITED,확인제한,,,,0,kosdaq_universe_summary_latest.csv,2026-06-19T09:20:11+09:00,DART_WHOLE_MARKET_LOOKBACK_CAPPED_90D_FROM_180D
089230,THE E&M,CHECK_LIMITED,확인제한,,,,0,kosdaq_universe_summary_latest.csv,2026-06-19T09:20:11+09:00,DART_WHOLE_MARKET_LOOKBACK_CAPPED_90D_FROM_180D
089470,HDC현대EP,CHECK_LIMITED,확인제한,,,,0,kospi_universe_summary_latest.csv,2026-06-19T09:20:11+09:00,DART_WHOLE_MARKET_LOOKBACK_CAPPED_90D_FROM_180D
089590,제주항공,CHECK_LIMITED,확인제한,,,,0,kospi_universe_summary_latest.csv,2026-06-19T09:20:11+09:00,DART_WHOLE_MARKET_LOOKBACK_CAPPED_90D_FROM_180D
089600,KT나스미디어,CHECK_LIMITED,확인제한,,,,0,kosdaq_universe_summary_latest.csv,2026-06-19T09:20:11+09:00,DART_WHOLE_MARKET_LOOKBACK_CAPPED_90D_FROM_180D
089790,제이티,CHECK_LIMITED,확인제한,,,,0,kosdaq_universe_summary_latest.csv,2026-06-19T09:20:11+09:00,DART_WHOLE_MARKET_LOOKBACK_CAPPED_90D_FROM_180D
089850,유비벨록스,CHECK_LIMITED,확인제한,,,,0,kosdaq_universe_summary_latest.csv,2026-06-19T09:20:11+09:00,DART_WHOLE_MARKET_LOOKBACK_CAPPED_90D_FROM_180D
089860,롯데렌탈,CHECK_LIMITED,확인제한,,,,0,kospi_universe_summary_latest.csv,2026-06-19T09:20:11+09:00,DART_WHOLE_MARKET_LOOKBACK_CAPPED_90D_FROM_180D
089890,코세스,CHECK_LIMITED,확인제한,,,,0,kosdaq_universe_summary_latest.csv,2026-06-19T09:20:11+09:00,DART_WHOLE_MARKET_LOOKBACK_CAPPED_90D_FROM_180D
089970,브이엠,CHECK_LIMITED,확인제한,,,,0,kosdaq_universe_summary_latest.csv,2026-06-19T09:20:11+09:00,DART_WHOLE_MARKET_LOOKBACK_CAPPED_90D_FROM_180D
089980,상아프론테크,CHECK_LIMITED,확인제한,,,,0,kosdaq_universe_summary_latest.csv,2026-06-19T09:20:11+09:00,DART_WHOLE_MARKET_LOOKBACK_CAPPED_90D_FROM_180D
090080,평화산업,CHECK_LIMITED,확인제한,,,,0,kospi_universe_summary_latest.csv,2026-06-19T09:20:11+09:00,DART_WHOLE_MARKET_LOOKBACK_CAPPED_90D_FROM_180D
090150,아이윈,CHECK_LIMITED,확인제한,,,,0,kosdaq_universe_summary_latest.csv,2026-06-19T09:20:11+09:00,DART_WHOLE_MARKET_LOOKBACK_CAPPED_90D_FROM_180D
090350,노루페인트,CHECK_LIMITED,확인제한,,,,0,kospi_universe_summary_latest.csv,2026-06-19T09:20:11+09:00,DART_WHOLE_MARKET_LOOKBACK_CAPPED_90D_FROM_180D
090355,노루페인트우,CHECK_LIMITED,확인제한,,,,0,kospi_universe_summary_latest.csv,2026-06-19T09:20:11+09:00,DART_WHOLE_MARKET_LOOKBACK_CAPPED_90D_FROM_180D
090360,로보스타,CHECK_LIMITED,확인제한,,,,0,kosdaq_universe_summary_latest.csv,2026-06-19T09:20:11+09:00,DART_WHOLE_MARKET_LOOKBACK_CAPPED_90D_FROM_180D
090370,메타랩스,CHECK_LIMITED,확인제한,,,,0,kospi_universe_summary_latest.csv,2026-06-19T09:20:11+09:00,DART_WHOLE_MARKET_LOOKBACK_CAPPED_90D_FROM_180D
090410,덕신이피씨,CHECK_LIMITED,확인제한,,,,0,kosdaq_universe_summary_latest.csv,2026-06-19T09:20:11+09:00,DART_WHOLE_MARKET_LOOKBACK_CAPPED_90D_FROM_180D
090430,아모레퍼시픽,CHECK_LIMITED,확인제한,,,,0,"kospi_monthly_cycle_latest.csv,kospi_universe_summary_latest.csv",2026-06-19T09:20:11+09:00,DART_WHOLE_MARKET_LOOKBACK_CAPPED_90D_FROM_180D
090435,아모레퍼시픽우,CHECK_LIMITED,확인제한,,,,0,kospi_universe_summary_latest.csv,2026-06-19T09:20:11+09:00,DART_WHOLE_MARKET_LOOKBACK_CAPPED_90D_FROM_180D
090460,비에이치,CHECK_LIMITED,확인제한,,,,0,"kospi_monthly_cycle_latest.csv,kospi_universe_summary_latest.csv",2026-06-19T09:20:11+09:00,DART_WHOLE_MARKET_LOOKBACK_CAPPED_90D_FROM_180D
090470,제이스로보틱스,CHECK_LIMITED,확인제한,,,,0,kosdaq_universe_summary_latest.csv,2026-06-19T09:20:11+09:00,DART_WHOLE_MARKET_LOOKBACK_CAPPED_90D_FROM_180D
090710,휴림로봇,CHECK_LIMITED,확인제한,,,,0,kosdaq_universe_summary_latest.csv,2026-06-19T09:20:11+09:00,DART_WHOLE_MARKET_LOOKBACK_CAPPED_90D_FROM_180D
090850,현대이지웰,CHECK_LIMITED,확인제한,,,,0,kosdaq_universe_summary_latest.csv,2026-06-19T09:20:11+09:00,DART_WHOLE_MARKET_LOOKBACK_CAPPED_90D_FROM_180D
091120,이엠텍,CHECK_LIMITED,확인제한,,,,0,kosdaq_universe_summary_latest.csv,2026-06-19T09:20:11+09:00,DART_WHOLE_MARKET_LOOKBACK_CAPPED_90D_FROM_180D
091340,S&K폴리텍,CHECK_LIMITED,확인제한,,,,0,kosdaq_universe_summary_latest.csv,2026-06-19T09:20:11+09:00,DART_WHOLE_MARKET_LOOKBACK_CAPPED_90D_FROM_180D
091440,한울소재과학,CHECK_LIMITED,확인제한,,,,0,kosdaq_universe_summary_latest.csv,2026-06-19T09:20:11+09:00,DART_WHOLE_MARKET_LOOKBACK_CAPPED_90D_FROM_180D
091580,상신이디피,CHECK_LIMITED,확인제한,,,,0,kosdaq_universe_summary_latest.csv,2026-06-19T09:20:11+09:00,DART_WHOLE_MARKET_LOOKBACK_CAPPED_90D_FROM_180D
091590,남화토건,CHECK_LIMITED,확인제한,,,,0,kosdaq_universe_summary_latest.csv,2026-06-19T09:20:11+09:00,DART_WHOLE_MARKET_LOOKBACK_CAPPED_90D_FROM_180D
091700,파트론,CHECK_LIMITED,확인제한,,,,0,kosdaq_universe_summary_latest.csv,2026-06-19T09:20:11+09:00,DART_WHOLE_MARKET_LOOKBACK_CAPPED_90D_FROM_180D
091810,트리니티항공,CHECK_LIMITED,확인제한,,,,0,kospi_universe_summary_latest.csv,2026-06-19T09:20:11+09:00,DART_WHOLE_MARKET_LOOKBACK_CAPPED_90D_FROM_180D
091970,나노캠텍,CHECK_LIMITED,확인제한,,,,0,kosdaq_universe_summary_latest.csv,2026-06-19T09:20:11+09:00,DART_WHOLE_MARKET_LOOKBACK_CAPPED_90D_FROM_180D
092040,아미코젠,CHECK_LIMITED,확인제한,,,,0,kosdaq_universe_summary_latest.csv,2026-06-19T09:20:11+09:00,DART_WHOLE_MARKET_LOOKBACK_CAPPED_90D_FROM_180D
092070,디엔에프,CHECK_LIMITED,확인제한,,,,0,kosdaq_universe_summary_latest.csv,2026-06-19T09:20:11+09:00,DART_WHOLE_MARKET_LOOKBACK_CAPPED_90D_FROM_180D
092130,이크레더블,CHECK_LIMITED,확인제한,,,,0,kosdaq_universe_summary_latest.csv,2026-06-19T09:20:11+09:00,DART_WHOLE_MARKET_LOOKBACK_CAPPED_90D_FROM_180D
092190,서울바이오시스,CHECK_LIMITED,확인제한,,,,0,kosdaq_universe_summary_latest.csv,2026-06-19T09:20:11+09:00,DART_WHOLE_MARKET_LOOKBACK_CAPPED_90D_FROM_180D
092200,디아이씨,CHECK_LIMITED,확인제한,,,,0,kospi_universe_summary_latest.csv,2026-06-19T09:20:11+09:00,DART_WHOLE_MARKET_LOOKBACK_CAPPED_90D_FROM_180D
092220,KEC,CHECK_LIMITED,확인제한,,,,0,"kospi_gainers_1m_latest.csv,kospi_universe_summary_latest.csv",2026-06-19T09:20:11+09:00,DART_WHOLE_MARKET_LOOKBACK_CAPPED_90D_FROM_180D
092230,KPX홀딩스,CHECK_LIMITED,확인제한,,,,0,kospi_universe_summary_latest.csv,2026-06-19T09:20:11+09:00,DART_WHOLE_MARKET_LOOKBACK_CAPPED_90D_FROM_180D
092300,현우산업,CHECK_LIMITED,확인제한,,,,0,kosdaq_universe_summary_latest.csv,2026-06-19T09:20:11+09:00,DART_WHOLE_MARKET_LOOKBACK_CAPPED_90D_FROM_180D
092440,기신정기,CHECK_LIMITED,확인제한,,,,0,kospi_universe_summary_latest.csv,2026-06-19T09:20:11+09:00,DART_WHOLE_MARKET_LOOKBACK_CAPPED_90D_FROM_180D
092460,한라IMS,CHECK_LIMITED,확인제한,,,,0,kosdaq_universe_summary_latest.csv,2026-06-19T09:20:11+09:00,DART_WHOLE_MARKET_LOOKBACK_CAPPED_90D_FROM_180D
092600,앤씨앤,CHECK_LIMITED,확인제한,,,,0,kosdaq_universe_summary_latest.csv,2026-06-19T09:20:11+09:00,DART_WHOLE_MARKET_LOOKBACK_CAPPED_90D_FROM_180D
092730,네오팜,CHECK_LIMITED,확인제한,,,,0,kosdaq_universe_summary_latest.csv,2026-06-19T09:20:11+09:00,DART_WHOLE_MARKET_LOOKBACK_CAPPED_90D_FROM_180D
092780,DYP,CHECK_LIMITED,확인제한,,,,0,kospi_universe_summary_latest.csv,2026-06-19T09:20:11+09:00,DART_WHOLE_MARKET_LOOKBACK_CAPPED_90D_FROM_180D
092790,넥스틸,CHECK_LIMITED,확인제한,,,,0,kospi_universe_summary_latest.csv,2026-06-19T09:20:11+09:00,DART_WHOLE_MARKET_LOOKBACK_CAPPED_90D_FROM_180D
092870,엑시콘,CHECK_LIMITED,확인제한,,,,0,kosdaq_universe_summary_latest.csv,2026-06-19T09:20:11+09:00,DART_WHOLE_MARKET_LOOKBACK_CAPPED_90D_FROM_180D
093050,LF,CHECK_LIMITED,확인제한,,,,0,kospi_universe_summary_latest.csv,2026-06-19T09:20:11+09:00,DART_WHOLE_MARKET_LOOKBACK_CAPPED_90D_FROM_180D
093190,빅솔론,CHECK_LIMITED,확인제한,,,,0,kosdaq_universe_summary_latest.csv,2026-06-19T09:20:11+09:00,DART_WHOLE_MARKET_LOOKBACK_CAPPED_90D_FROM_180D
093240,형지엘리트,CHECK_LIMITED,확인제한,,,,0,kospi_universe_summary_latest.csv,2026-06-19T09:20:11+09:00,DART_WHOLE_MARKET_LOOKBACK_CAPPED_90D_FROM_180D
093320,케이아이엔엑스,CHECK_LIMITED,확인제한,,,,0,kosdaq_universe_summary_latest.csv,2026-06-19T09:20:11+09:00,DART_WHOLE_MARKET_LOOKBACK_CAPPED_90D_FROM_180D
093370,후성,CHECK_LIMITED,확인제한,,,,0,"kospi_gainers_1m_latest.csv,kospi_universe_summary_latest.csv",2026-06-19T09:20:11+09:00,DART_WHOLE_MARKET_LOOKBACK_CAPPED_90D_FROM_180D
093380,풍강,CHECK_LIMITED,확인제한,,,,0,kosdaq_universe_summary_latest.csv,2026-06-19T09:20:11+09:00,DART_WHOLE_MARKET_LOOKBACK_CAPPED_90D_FROM_180D
093520,매커스,CHECK_LIMITED,확인제한,,,,0,kosdaq_universe_summary_latest.csv,2026-06-19T09:20:11+09:00,DART_WHOLE_MARKET_LOOKBACK_CAPPED_90D_FROM_180D
093640,케이알엠,CHECK_LIMITED,확인제한,,,,0,kosdaq_universe_summary_latest.csv,2026-06-19T09:20:11+09:00,DART_WHOLE_MARKET_LOOKBACK_CAPPED_90D_FROM_180D
093920,서원인텍,CHECK_LIMITED,확인제한,,,,0,kosdaq_universe_summary_latest.csv,2026-06-19T09:20:11+09:00,DART_WHOLE_MARKET_LOOKBACK_CAPPED_90D_FROM_180D
094170,동운아나텍,CHECK_LIMITED,확인제한,,,,0,kosdaq_universe_summary_latest.csv,2026-06-19T09:20:11+09:00,DART_WHOLE_MARKET_LOOKBACK_CAPPED_90D_FROM_180D
094280,효성ITX,CHECK_LIMITED,확인제한,,,,0,kospi_universe_summary_latest.csv,2026-06-19T09:20:11+09:00,DART_WHOLE_MARKET_LOOKBACK_CAPPED_90D_FROM_180D
094360,칩스앤미디어,CHECK_LIMITED,확인제한,,,,0,kosdaq_universe_summary_latest.csv,2026-06-19T09:20:11+09:00,DART_WHOLE_MARKET_LOOKBACK_CAPPED_90D_FROM_180D
094480,갤럭시아머니트리,CHECK_LIMITED,확인제한,,,,0,kosdaq_universe_summary_latest.csv,2026-06-19T09:20:11+09:00,DART_WHOLE_MARKET_LOOKBACK_CAPPED_90D_FROM_180D
094800,맵스리얼티,CHECK_LIMITED,확인제한,,,,0,kospi_universe_summary_latest.csv,2026-06-19T09:20:11+09:00,DART_WHOLE_MARKET_LOOKBACK_CAPPED_90D_FROM_180D
094820,일진파워,CHECK_LIMITED,확인제한,,,,0,kosdaq_universe_summary_latest.csv,2026-06-19T09:20:11+09:00,DART_WHOLE_MARKET_LOOKBACK_CAPPED_90D_FROM_180D
094840,슈프리마에이치큐,CHECK_LIMITED,확인제한,,,,0,kosdaq_universe_summary_latest.csv,2026-06-19T09:20:11+09:00,DART_WHOLE_MARKET_LOOKBACK_CAPPED_90D_FROM_180D
094850,참좋은여행,CHECK_LIMITED,확인제한,,,,0,kosdaq_universe_summary_latest.csv,2026-06-19T09:20:11+09:00,DART_WHOLE_MARKET_LOOKBACK_CAPPED_90D_FROM_180D
094860,네오리진,CHECK_LIMITED,확인제한,,,,0,kosdaq_universe_summary_latest.csv,2026-06-19T09:20:11+09:00,DART_WHOLE_MARKET_LOOKBACK_CAPPED_90D_FROM_180D
094940,푸른로보틱스,CHECK_LIMITED,확인제한,,,,0,kosdaq_universe_summary_latest.csv,2026-06-19T09:20:11+09:00,DART_WHOLE_MARKET_LOOKBACK_CAPPED_90D_FROM_180D
094970,제이엠티,CHECK_LIMITED,확인제한,,,,0,kosdaq_universe_summary_latest.csv,2026-06-19T09:20:11+09:00,DART_WHOLE_MARKET_LOOKBACK_CAPPED_90D_FROM_180D
095190,신화프리텍,CHECK_LIMITED,확인제한,,,,0,kosdaq_universe_summary_latest.csv,2026-06-19T09:20:11+09:00,DART_WHOLE_MARKET_LOOKBACK_CAPPED_90D_FROM_180D
095270,웨이브일렉트로,CHECK_LIMITED,확인제한,,,,0,kosdaq_universe_summary_latest.csv,2026-06-19T09:20:11+09:00,DART_WHOLE_MARKET_LOOKBACK_CAPPED_90D_FROM_180D
095340,ISC,CHECK_LIMITED,확인제한,,,,0,kosdaq_universe_summary_latest.csv,2026-06-19T09:20:11+09:00,DART_WHOLE_MARKET_LOOKBACK_CAPPED_90D_FROM_180D
095500,미래나노텍,CHECK_LIMITED,확인제한,,,,0,kosdaq_universe_summary_latest.csv,2026-06-19T09:20:11+09:00,DART_WHOLE_MARKET_LOOKBACK_CAPPED_90D_FROM_180D
095570,AJ네트웍스,CHECK_LIMITED,확인제한,,,,0,kospi_universe_summary_latest.csv,2026-06-19T09:20:11+09:00,DART_WHOLE_MARKET_LOOKBACK_CAPPED_90D_FROM_180D
095610,테스,CHECK_LIMITED,확인제한,,,,0,kosdaq_universe_summary_latest.csv,2026-06-19T09:20:11+09:00,DART_WHOLE_MARKET_LOOKBACK_CAPPED_90D_FROM_180D
095660,네오위즈,CHECK_LIMITED,확인제한,,,,0,kosdaq_universe_summary_latest.csv,2026-06-19T09:20:11+09:00,DART_WHOLE_MARKET_LOOKBACK_CAPPED_90D_FROM_180D
095700,제넥신,CHECK_LIMITED,확인제한,,,,0,kosdaq_universe_summary_latest.csv,2026-06-19T09:20:11+09:00,DART_WHOLE_MARKET_LOOKBACK_CAPPED_90D_FROM_180D
095720,웅진씽크빅,CHECK_LIMITED,확인제한,,,,0,kospi_universe_summary_latest.csv,2026-06-19T09:20:11+09:00,DART_WHOLE_MARKET_LOOKBACK_CAPPED_90D_FROM_180D
095910,에스에너지,CHECK_LIMITED,확인제한,,,,0,kosdaq_universe_summary_latest.csv,2026-06-19T09:20:11+09:00,DART_WHOLE_MARKET_LOOKBACK_CAPPED_90D_FROM_180D
096240,크레버스,CHECK_LIMITED,확인제한,,,,0,kosdaq_universe_summary_latest.csv,2026-06-19T09:20:11+09:00,DART_WHOLE_MARKET_LOOKBACK_CAPPED_90D_FROM_180D
096250,와이즈넛,CHECK_LIMITED,확인제한,,,,0,kosdaq_universe_summary_latest.csv,2026-06-19T09:20:11+09:00,DART_WHOLE_MARKET_LOOKBACK_CAPPED_90D_FROM_180D
096350,대창솔루션,CHECK_LIMITED,확인제한,,,,0,kosdaq_universe_summary_latest.csv,2026-06-19T09:20:11+09:00,DART_WHOLE_MARKET_LOOKBACK_CAPPED_90D_FROM_180D
096530,씨젠,CHECK_LIMITED,확인제한,,,,0,kosdaq_universe_summary_latest.csv,2026-06-19T09:20:11+09:00,DART_WHOLE_MARKET_LOOKBACK_CAPPED_90D_FROM_180D
096610,알에프세미,CHECK_LIMITED,확인제한,,,,0,kosdaq_universe_summary_latest.csv,2026-06-19T09:20:11+09:00,DART_WHOLE_MARKET_LOOKBACK_CAPPED_90D_FROM_180D
096630,에스코넥,CHECK_LIMITED,확인제한,,,,0,kosdaq_universe_summary_latest.csv,2026-06-19T09:20:11+09:00,DART_WHOLE_MARKET_LOOKBACK_CAPPED_90D_FROM_180D
096690,에이루트,CHECK_LIMITED,확인제한,,,,0,kosdaq_universe_summary_latest.csv,2026-06-19T09:20:11+09:00,DART_WHOLE_MARKET_LOOKBACK_CAPPED_90D_FROM_180D
096760,JW홀딩스,CHECK_LIMITED,확인제한,,,,0,kospi_universe_summary_latest.csv,2026-06-19T09:20:11+09:00,DART_WHOLE_MARKET_LOOKBACK_CAPPED_90D_FROM_180D
096770,SK이노베이션,CHECK_LIMITED,확인제한,,,,0,"kospi_universe_summary_latest.csv,watchlist_summary_latest.csv",2026-06-19T09:20:11+09:00,DART_WHOLE_MARKET_LOOKBACK_CAPPED_90D_FROM_180D
096775,SK이노베이션우,CHECK_LIMITED,확인제한,,,,0,kospi_universe_summary_latest.csv,2026-06-19T09:20:11+09:00,DART_WHOLE_MARKET_LOOKBACK_CAPPED_90D_FROM_180D
096870,엘디티,CHECK_LIMITED,확인제한,,,,0,kosdaq_universe_summary_latest.csv,2026-06-19T09:20:11+09:00,DART_WHOLE_MARKET_LOOKBACK_CAPPED_90D_FROM_180D
097230,HJ중공업,CHECK_LIMITED,확인제한,,,,0,"kospi_fx_weakness_candidates_30_latest.csv,kospi_universe_summary_latest.csv",2026-06-19T09:20:11+09:00,DART_WHOLE_MARKET_LOOKBACK_CAPPED_90D_FROM_180D
097520,엠씨넥스,CHECK_LIMITED,확인제한,,,,0,kospi_universe_summary_latest.csv,2026-06-19T09:20:11+09:00,DART_WHOLE_MARKET_LOOKBACK_CAPPED_90D_FROM_180D
097780,에코볼트,CHECK_LIMITED,확인제한,,,,0,kosdaq_universe_summary_latest.csv,2026-06-19T09:20:11+09:00,DART_WHOLE_MARKET_LOOKBACK_CAPPED_90D_FROM_180D
097800,윈팩,CHECK_LIMITED,확인제한,,,,0,kosdaq_universe_summary_latest.csv,2026-06-19T09:20:11+09:00,DART_WHOLE_MARKET_LOOKBACK_CAPPED_90D_FROM_180D
097870,효성오앤비,CHECK_LIMITED,확인제한,,,,0,kosdaq_universe_summary_latest.csv,2026-06-19T09:20:11+09:00,DART_WHOLE_MARKET_LOOKBACK_CAPPED_90D_FROM_180D
097950,CJ제일제당,CHECK_LIMITED,확인제한,,,,0,kospi_universe_summary_latest.csv,2026-06-19T09:20:11+09:00,DART_WHOLE_MARKET_LOOKBACK_CAPPED_90D_FROM_180D
097955,CJ제일제당 우,CHECK_LIMITED,확인제한,,,,0,kospi_universe_summary_latest.csv,2026-06-19T09:20:11+09:00,DART_WHOLE_MARKET_LOOKBACK_CAPPED_90D_FROM_180D
098070,한텍,CHECK_LIMITED,확인제한,,,,0,kosdaq_universe_summary_latest.csv,2026-06-19T09:20:11+09:00,DART_WHOLE_MARKET_LOOKBACK_CAPPED_90D_FROM_180D
098120,마이크로컨텍솔,CHECK_LIMITED,확인제한,,,,0,kosdaq_universe_summary_latest.csv,2026-06-19T09:20:11+09:00,DART_WHOLE_MARKET_LOOKBACK_CAPPED_90D_FROM_180D
098460,고영,CHECK_LIMITED,확인제한,,,,0,kosdaq_universe_summary_latest.csv,2026-06-19T09:20:11+09:00,DART_WHOLE_MARKET_LOOKBACK_CAPPED_90D_FROM_180D
098660,에스티오,CHECK_LIMITED,확인제한,,,,0,kosdaq_universe_summary_latest.csv,2026-06-19T09:20:11+09:00,DART_WHOLE_MARKET_LOOKBACK_CAPPED_90D_FROM_180D
099190,아이센스,CHECK_LIMITED,확인제한,,,,0,kosdaq_universe_summary_latest.csv,2026-06-19T09:20:11+09:00,DART_WHOLE_MARKET_LOOKBACK_CAPPED_90D_FROM_180D
099220,SDN,CHECK_LIMITED,확인제한,,,,0,kosdaq_universe_summary_latest.csv,2026-06-19T09:20:11+09:00,DART_WHOLE_MARKET_LOOKBACK_CAPPED_90D_FROM_180D
099320,쎄트렉아이,CHECK_LIMITED,확인제한,,,,0,kosdaq_universe_summary_latest.csv,2026-06-19T09:20:11+09:00,DART_WHOLE_MARKET_LOOKBACK_CAPPED_90D_FROM_180D
099390,브레인즈컴퍼니,CHECK_LIMITED,확인제한,,,,0,kosdaq_universe_summary_latest.csv,2026-06-19T09:20:11+09:00,DART_WHOLE_MARKET_LOOKBACK_CAPPED_90D_FROM_180D
099410,동방선기,CHECK_LIMITED,확인제한,,,,0,kosdaq_universe_summary_latest.csv,2026-06-19T09:20:11+09:00,DART_WHOLE_MARKET_LOOKBACK_CAPPED_90D_FROM_180D
099430,바이오플러스,CHECK_LIMITED,확인제한,,,,0,kosdaq_universe_summary_latest.csv,2026-06-19T09:20:11+09:00,DART_WHOLE_MARKET_LOOKBACK_CAPPED_90D_FROM_180D
099440,스맥,CHECK_LIMITED,확인제한,,,,0,kosdaq_universe_summary_latest.csv,2026-06-19T09:20:11+09:00,DART_WHOLE_MARKET_LOOKBACK_CAPPED_90D_FROM_180D
099520,DGI,CHECK_LIMITED,확인제한,,,,0,kosdaq_universe_summary_latest.csv,2026-06-19T09:20:11+09:00,DART_WHOLE_MARKET_LOOKBACK_CAPPED_90D_FROM_180D
099750,이지케어텍,CHECK_LIMITED,확인제한,,,,0,kosdaq_universe_summary_latest.csv,2026-06-19T09:20:11+09:00,DART_WHOLE_MARKET_LOOKBACK_CAPPED_90D_FROM_180D
100030,인지소프트,CHECK_LIMITED,확인제한,,,,0,kosdaq_universe_summary_latest.csv,2026-06-19T09:20:11+09:00,DART_WHOLE_MARKET_LOOKBACK_CAPPED_90D_FROM_180D
100090,SK오션플랜트,CHECK_LIMITED,확인제한,,,,0,kospi_universe_summary_latest.csv,2026-06-19T09:20:11+09:00,DART_WHOLE_MARKET_LOOKBACK_CAPPED_90D_FROM_180D
100120,뷰웍스,CHECK_LIMITED,확인제한,,,,0,kosdaq_universe_summary_latest.csv,2026-06-19T09:20:11+09:00,DART_WHOLE_MARKET_LOOKBACK_CAPPED_90D_FROM_180D
100130,동국S&C,CHECK_LIMITED,확인제한,,,,0,kosdaq_universe_summary_latest.csv,2026-06-19T09:20:11+09:00,DART_WHOLE_MARKET_LOOKBACK_CAPPED_90D_FROM_180D
100220,비상교육,CHECK_LIMITED,확인제한,,,,0,kospi_universe_summary_latest.csv,2026-06-19T09:20:11+09:00,DART_WHOLE_MARKET_LOOKBACK_CAPPED_90D_FROM_180D
100250,진양홀딩스,CHECK_LIMITED,확인제한,,,,0,kospi_universe_summary_latest.csv,2026-06-19T09:20:11+09:00,DART_WHOLE_MARKET_LOOKBACK_CAPPED_90D_FROM_180D
100590,머큐리,CHECK_LIMITED,확인제한,,,,0,kosdaq_universe_summary_latest.csv,2026-06-19T09:20:11+09:00,DART_WHOLE_MARKET_LOOKBACK_CAPPED_90D_FROM_180D
100660,서암기계공업,CHECK_LIMITED,확인제한,,,,0,kosdaq_universe_summary_latest.csv,2026-06-19T09:20:11+09:00,DART_WHOLE_MARKET_LOOKBACK_CAPPED_90D_FROM_180D
100700,세운메디칼,CHECK_LIMITED,확인제한,,,,0,kosdaq_universe_summary_latest.csv,2026-06-19T09:20:11+09:00,DART_WHOLE_MARKET_LOOKBACK_CAPPED_90D_FROM_180D
100790,미래에셋벤처투자,CHECK_LIMITED,확인제한,,,,0,"kosdaq_universe_summary_latest.csv,watchlist_summary_latest.csv",2026-06-19T09:20:11+09:00,DART_WHOLE_MARKET_LOOKBACK_CAPPED_90D_FROM_180D
100840,SNT에너지,CHECK_LIMITED,확인제한,,,,0,kospi_universe_summary_latest.csv,2026-06-19T09:20:11+09:00,DART_WHOLE_MARKET_LOOKBACK_CAPPED_90D_FROM_180D
101000,KS인더스트리,CHECK_LIMITED,확인제한,,,,0,kosdaq_universe_summary_latest.csv,2026-06-19T09:20:11+09:00,DART_WHOLE_MARKET_LOOKBACK_CAPPED_90D_FROM_180D
101140,인바이오젠,CHECK_LIMITED,확인제한,,,,0,kospi_universe_summary_latest.csv,2026-06-19T09:20:11+09:00,DART_WHOLE_MARKET_LOOKBACK_CAPPED_90D_FROM_180D
101160,월덱스,CHECK_LIMITED,확인제한,,,,0,kosdaq_universe_summary_latest.csv,2026-06-19T09:20:11+09:00,DART_WHOLE_MARKET_LOOKBACK_CAPPED_90D_FROM_180D
101170,우림피티에스,CHECK_LIMITED,확인제한,,,,0,kosdaq_universe_summary_latest.csv,2026-06-19T09:20:11+09:00,DART_WHOLE_MARKET_LOOKBACK_CAPPED_90D_FROM_180D
101240,씨큐브,CHECK_LIMITED,확인제한,,,,0,kosdaq_universe_summary_latest.csv,2026-06-19T09:20:11+09:00,DART_WHOLE_MARKET_LOOKBACK_CAPPED_90D_FROM_180D
101330,모베이스,CHECK_LIMITED,확인제한,,,,0,kosdaq_universe_summary_latest.csv,2026-06-19T09:20:11+09:00,DART_WHOLE_MARKET_LOOKBACK_CAPPED_90D_FROM_180D
101360,에코앤드림,CHECK_LIMITED,확인제한,,,,0,kosdaq_universe_summary_latest.csv,2026-06-19T09:20:11+09:00,DART_WHOLE_MARKET_LOOKBACK_CAPPED_90D_FROM_180D
101390,아이엠,CHECK_LIMITED,확인제한,,,,0,kosdaq_universe_summary_latest.csv,2026-06-19T09:20:11+09:00,DART_WHOLE_MARKET_LOOKBACK_CAPPED_90D_FROM_180D
101400,엔시트론,CHECK_LIMITED,확인제한,,,,0,kosdaq_universe_summary_latest.csv,2026-06-19T09:20:11+09:00,DART_WHOLE_MARKET_LOOKBACK_CAPPED_90D_FROM_180D
101490,에스앤에스텍,CHECK_LIMITED,확인제한,,,,0,kosdaq_universe_summary_latest.csv,2026-06-19T09:20:11+09:00,DART_WHOLE_MARKET_LOOKBACK_CAPPED_90D_FROM_180D
101530,해태제과식품,CHECK_LIMITED,확인제한,,,,0,kospi_universe_summary_latest.csv,2026-06-19T09:20:11+09:00,DART_WHOLE_MARKET_LOOKBACK_CAPPED_90D_FROM_180D
101670,하이드로리튬,CHECK_LIMITED,확인제한,,,,0,kosdaq_universe_summary_latest.csv,2026-06-19T09:20:11+09:00,DART_WHOLE_MARKET_LOOKBACK_CAPPED_90D_FROM_180D
101680,한국정밀기계,CHECK_LIMITED,확인제한,,,,0,kosdaq_universe_summary_latest.csv,2026-06-19T09:20:11+09:00,DART_WHOLE_MARKET_LOOKBACK_CAPPED_90D_FROM_180D
101730,위메이드맥스,CHECK_LIMITED,확인제한,,,,0,kosdaq_universe_summary_latest.csv,2026-06-19T09:20:11+09:00,DART_WHOLE_MARKET_LOOKBACK_CAPPED_90D_FROM_180D
101930,인화정공,CHECK_LIMITED,확인제한,,,,0,kosdaq_universe_summary_latest.csv,2026-06-19T09:20:11+09:00,DART_WHOLE_MARKET_LOOKBACK_CAPPED_90D_FROM_180D
101970,우양에이치씨,CHECK_LIMITED,확인제한,,,,0,kosdaq_universe_summary_latest.csv,2026-06-19T09:20:11+09:00,DART_WHOLE_MARKET_LOOKBACK_CAPPED_90D_FROM_180D
102120,어보브반도체,CHECK_LIMITED,확인제한,,,,0,kosdaq_universe_summary_latest.csv,2026-06-19T09:20:11+09:00,DART_WHOLE_MARKET_LOOKBACK_CAPPED_90D_FROM_180D
102260,동성케미컬,CHECK_LIMITED,확인제한,,,,0,kospi_universe_summary_latest.csv,2026-06-19T09:20:11+09:00,DART_WHOLE_MARKET_LOOKBACK_CAPPED_90D_FROM_180D
102370,케이옥션,CHECK_LIMITED,확인제한,,,,0,kosdaq_universe_summary_latest.csv,2026-06-19T09:20:11+09:00,DART_WHOLE_MARKET_LOOKBACK_CAPPED_90D_FROM_180D
102460,이연제약,CHECK_LIMITED,확인제한,,,,0,kospi_universe_summary_latest.csv,2026-06-19T09:20:11+09:00,DART_WHOLE_MARKET_LOOKBACK_CAPPED_90D_FROM_180D
102710,이엔에프테크놀로지,CHECK_LIMITED,확인제한,,,,0,"kosdaq_candidates_10_latest.csv,kosdaq_universe_summary_latest.csv",2026-06-19T09:20:11+09:00,DART_WHOLE_MARKET_LOOKBACK_CAPPED_90D_FROM_180D
102940,코오롱생명과학,CHECK_LIMITED,확인제한,,,,0,kosdaq_universe_summary_latest.csv,2026-06-19T09:20:11+09:00,DART_WHOLE_MARKET_LOOKBACK_CAPPED_90D_FROM_180D
103140,풍산,CHECK_LIMITED,확인제한,,,,0,kospi_universe_summary_latest.csv,2026-06-19T09:20:11+09:00,DART_WHOLE_MARKET_LOOKBACK_CAPPED_90D_FROM_180D
103230,에스앤더블류,CHECK_LIMITED,확인제한,,,,0,kosdaq_universe_summary_latest.csv,2026-06-19T09:20:11+09:00,DART_WHOLE_MARKET_LOOKBACK_CAPPED_90D_FROM_180D
103590,일진전기,CHECK_LIMITED,확인제한,,,,0,kospi_universe_summary_latest.csv,2026-06-19T09:20:11+09:00,DART_WHOLE_MARKET_LOOKBACK_CAPPED_90D_FROM_180D
103840,우양,CHECK_LIMITED,확인제한,,,,0,kosdaq_universe_summary_latest.csv,2026-06-19T09:20:11+09:00,DART_WHOLE_MARKET_LOOKBACK_CAPPED_90D_FROM_180D
104040,디에스엠,CHECK_LIMITED,확인제한,,,,0,kosdaq_universe_summary_latest.csv,2026-06-19T09:20:11+09:00,DART_WHOLE_MARKET_LOOKBACK_CAPPED_90D_FROM_180D
104200,NHN벅스,CHECK_LIMITED,확인제한,,,,0,kosdaq_universe_summary_latest.csv,2026-06-19T09:20:11+09:00,DART_WHOLE_MARKET_LOOKBACK_CAPPED_90D_FROM_180D
104460,디와이피엔에프,CHECK_LIMITED,확인제한,,,,0,kosdaq_universe_summary_latest.csv,2026-06-19T09:20:11+09:00,DART_WHOLE_MARKET_LOOKBACK_CAPPED_90D_FROM_180D
104480,티케이케미칼,CHECK_LIMITED,확인제한,,,,0,kosdaq_universe_summary_latest.csv,2026-06-19T09:20:11+09:00,DART_WHOLE_MARKET_LOOKBACK_CAPPED_90D_FROM_180D
104540,코렌텍,CHECK_LIMITED,확인제한,,,,0,kosdaq_universe_summary_latest.csv,2026-06-19T09:20:11+09:00,DART_WHOLE_MARKET_LOOKBACK_CAPPED_90D_FROM_180D
104620,노랑풍선,CHECK_LIMITED,확인제한,,,,0,kosdaq_universe_summary_latest.csv,2026-06-19T09:20:11+09:00,DART_WHOLE_MARKET_LOOKBACK_CAPPED_90D_FROM_180D
104700,한국철강,CHECK_LIMITED,확인제한,,,,0,kospi_universe_summary_latest.csv,2026-06-19T09:20:11+09:00,DART_WHOLE_MARKET_LOOKBACK_CAPPED_90D_FROM_180D
104830,원익머트리얼즈,CHECK_LIMITED,확인제한,,,,0,kosdaq_universe_summary_latest.csv,2026-06-19T09:20:11+09:00,DART_WHOLE_MARKET_LOOKBACK_CAPPED_90D_FROM_180D
105330,케이엔더블유,CHECK_LIMITED,확인제한,,,,0,kosdaq_universe_summary_latest.csv,2026-06-19T09:20:11+09:00,DART_WHOLE_MARKET_LOOKBACK_CAPPED_90D_FROM_180D
105550,엣지파운드리,CHECK_LIMITED,확인제한,,,,0,kosdaq_universe_summary_latest.csv,2026-06-19T09:20:11+09:00,DART_WHOLE_MARKET_LOOKBACK_CAPPED_90D_FROM_180D
105560,KB금융,CHECK_LIMITED,확인제한,,,,0,"kospi_candidates_30_latest.csv,kospi_fx_weakness_candidates_30_latest.csv,kospi_recommend_7_latest.csv,kospi_short_term_candidates_30_latest.csv,kospi_short_term_recommend_7_latest.csv,kospi_universe_summary_latest.csv",2026-06-19T09:20:11+09:00,DART_WHOLE_MARKET_LOOKBACK_CAPPED_90D_FROM_180D
105630,한세실업,CHECK_LIMITED,확인제한,,,,0,kospi_universe_summary_latest.csv,2026-06-19T09:20:11+09:00,DART_WHOLE_MARKET_LOOKBACK_CAPPED_90D_FROM_180D
105740,디케이락,CHECK_LIMITED,확인제한,,,,0,kosdaq_universe_summary_latest.csv,2026-06-19T09:20:11+09:00,DART_WHOLE_MARKET_LOOKBACK_CAPPED_90D_FROM_180D
105760,포스뱅크,CHECK_LIMITED,확인제한,,,,0,kosdaq_universe_summary_latest.csv,2026-06-19T09:20:11+09:00,DART_WHOLE_MARKET_LOOKBACK_CAPPED_90D_FROM_180D
105840,우진,CHECK_LIMITED,확인제한,,,,0,kospi_universe_summary_latest.csv,2026-06-19T09:20:11+09:00,DART_WHOLE_MARKET_LOOKBACK_CAPPED_90D_FROM_180D
106080,케이이엠텍,CHECK_LIMITED,확인제한,,,,0,kosdaq_universe_summary_latest.csv,2026-06-19T09:20:11+09:00,DART_WHOLE_MARKET_LOOKBACK_CAPPED_90D_FROM_180D
106190,하이텍팜,CHECK_LIMITED,확인제한,,,,0,kosdaq_universe_summary_latest.csv,2026-06-19T09:20:11+09:00,DART_WHOLE_MARKET_LOOKBACK_CAPPED_90D_FROM_180D
106240,파인테크닉스,CHECK_LIMITED,확인제한,,,,0,kosdaq_universe_summary_latest.csv,2026-06-19T09:20:11+09:00,DART_WHOLE_MARKET_LOOKBACK_CAPPED_90D_FROM_180D
106520,노블엠앤비,CHECK_LIMITED,확인제한,,,,0,kosdaq_universe_summary_latest.csv,2026-06-19T09:20:11+09:00,DART_WHOLE_MARKET_LOOKBACK_CAPPED_90D_FROM_180D
107590,미원홀딩스,CHECK_LIMITED,확인제한,,,,0,kospi_universe_summary_latest.csv,2026-06-19T09:20:11+09:00,DART_WHOLE_MARKET_LOOKBACK_CAPPED_90D_FROM_180D
107600,새빗켐,CHECK_LIMITED,확인제한,,,,0,kosdaq_universe_summary_latest.csv,2026-06-19T09:20:11+09:00,DART_WHOLE_MARKET_LOOKBACK_CAPPED_90D_FROM_180D
107640,한중엔시에스,CHECK_LIMITED,확인제한,,,,0,kosdaq_universe_summary_latest.csv,2026-06-19T09:20:11+09:00,DART_WHOLE_MARKET_LOOKBACK_CAPPED_90D_FROM_180D
108230,톱텍,CHECK_LIMITED,확인제한,,,,0,kosdaq_universe_summary_latest.csv,2026-06-19T09:20:11+09:00,DART_WHOLE_MARKET_LOOKBACK_CAPPED_90D_FROM_180D
108320,LX세미콘,CHECK_LIMITED,확인제한,,,,0,kospi_universe_summary_latest.csv,2026-06-19T09:20:11+09:00,DART_WHOLE_MARKET_LOOKBACK_CAPPED_90D_FROM_180D
108380,대양전기공업,CHECK_LIMITED,확인제한,,,,0,kosdaq_universe_summary_latest.csv,2026-06-19T09:20:11+09:00,DART_WHOLE_MARKET_LOOKBACK_CAPPED_90D_FROM_180D
108490,로보티즈,CHECK_LIMITED,확인제한,,,,0,kosdaq_universe_summary_latest.csv,2026-06-19T09:20:11+09:00,DART_WHOLE_MARKET_LOOKBACK_CAPPED_90D_FROM_180D
108670,LX하우시스,CHECK_LIMITED,확인제한,,,,0,kospi_universe_summary_latest.csv,2026-06-19T09:20:11+09:00,DART_WHOLE_MARKET_LOOKBACK_CAPPED_90D_FROM_180D
108675,LX하우시스우,CHECK_LIMITED,확인제한,,,,0,kospi_universe_summary_latest.csv,2026-06-19T09:20:11+09:00,DART_WHOLE_MARKET_LOOKBACK_CAPPED_90D_FROM_180D
108860,셀바스AI,CHECK_LIMITED,확인제한,,,,0,kosdaq_universe_summary_latest.csv,2026-06-19T09:20:11+09:00,DART_WHOLE_MARKET_LOOKBACK_CAPPED_90D_FROM_180D
109070,주성코퍼레이션,CHECK_LIMITED,확인제한,,,,0,kospi_universe_summary_latest.csv,2026-06-19T09:20:11+09:00,DART_WHOLE_MARKET_LOOKBACK_CAPPED_90D_FROM_180D
109080,옵티시스,CHECK_LIMITED,확인제한,,,,0,kosdaq_universe_summary_latest.csv,2026-06-19T09:20:11+09:00,DART_WHOLE_MARKET_LOOKBACK_CAPPED_90D_FROM_180D
109610,에스와이,CHECK_LIMITED,확인제한,,,,0,kosdaq_universe_summary_latest.csv,2026-06-19T09:20:11+09:00,DART_WHOLE_MARKET_LOOKBACK_CAPPED_90D_FROM_180D
109670,씨싸이트,CHECK_LIMITED,확인제한,,,,0,kosdaq_universe_summary_latest.csv,2026-06-19T09:20:11+09:00,DART_WHOLE_MARKET_LOOKBACK_CAPPED_90D_FROM_180D
109740,디에스케이,CHECK_LIMITED,확인제한,,,,0,kosdaq_universe_summary_latest.csv,2026-06-19T09:20:11+09:00,DART_WHOLE_MARKET_LOOKBACK_CAPPED_90D_FROM_180D
109820,진매트릭스,CHECK_LIMITED,확인제한,,,,0,kosdaq_universe_summary_latest.csv,2026-06-19T09:20:11+09:00,DART_WHOLE_MARKET_LOOKBACK_CAPPED_90D_FROM_180D
109860,동일금속,CHECK_LIMITED,확인제한,,,,0,kosdaq_universe_summary_latest.csv,2026-06-19T09:20:11+09:00,DART_WHOLE_MARKET_LOOKBACK_CAPPED_90D_FROM_180D
109960,앱토크롬,CHECK_LIMITED,확인제한,,,,0,kosdaq_universe_summary_latest.csv,2026-06-19T09:20:11+09:00,DART_WHOLE_MARKET_LOOKBACK_CAPPED_90D_FROM_180D
110020,전진바이오팜,CHECK_LIMITED,확인제한,,,,0,kosdaq_universe_summary_latest.csv,2026-06-19T09:20:11+09:00,DART_WHOLE_MARKET_LOOKBACK_CAPPED_90D_FROM_180D
110790,크리스에프앤씨,CHECK_LIMITED,확인제한,,,,0,kosdaq_universe_summary_latest.csv,2026-06-19T09:20:11+09:00,DART_WHOLE_MARKET_LOOKBACK_CAPPED_90D_FROM_180D
110990,디아이티,CHECK_LIMITED,확인제한,,,,0,kosdaq_universe_summary_latest.csv,2026-06-19T09:20:11+09:00,DART_WHOLE_MARKET_LOOKBACK_CAPPED_90D_FROM_180D
111110,호전실업,CHECK_LIMITED,확인제한,,,,0,kospi_universe_summary_latest.csv,2026-06-19T09:20:11+09:00,DART_WHOLE_MARKET_LOOKBACK_CAPPED_90D_FROM_180D
111380,동인기연,CHECK_LIMITED,확인제한,,,,0,kospi_universe_summary_latest.csv,2026-06-19T09:20:11+09:00,DART_WHOLE_MARKET_LOOKBACK_CAPPED_90D_FROM_180D
111710,남화산업,CHECK_LIMITED,확인제한,,,,0,kosdaq_universe_summary_latest.csv,2026-06-19T09:20:11+09:00,DART_WHOLE_MARKET_LOOKBACK_CAPPED_90D_FROM_180D
111770,영원무역,CHECK_LIMITED,확인제한,,,,0,kospi_universe_summary_latest.csv,2026-06-19T09:20:11+09:00,DART_WHOLE_MARKET_LOOKBACK_CAPPED_90D_FROM_180D
112040,위메이드,CHECK_LIMITED,확인제한,,,,0,kosdaq_universe_summary_latest.csv,2026-06-19T09:20:11+09:00,DART_WHOLE_MARKET_LOOKBACK_CAPPED_90D_FROM_180D
112290,와이씨켐,CHECK_LIMITED,확인제한,,,,0,kosdaq_universe_summary_latest.csv,2026-06-19T09:20:11+09:00,DART_WHOLE_MARKET_LOOKBACK_CAPPED_90D_FROM_180D
112610,씨에스윈드,CHECK_LIMITED,확인제한,,,,0,kospi_universe_summary_latest.csv,2026-06-19T09:20:11+09:00,DART_WHOLE_MARKET_LOOKBACK_CAPPED_90D_FROM_180D
113810,디젠스,CHECK_LIMITED,확인제한,,,,0,kosdaq_universe_summary_latest.csv,2026-06-19T09:20:11+09:00,DART_WHOLE_MARKET_LOOKBACK_CAPPED_90D_FROM_180D
114090,GKL,CHECK_LIMITED,확인제한,,,,0,kospi_universe_summary_latest.csv,2026-06-19T09:20:11+09:00,DART_WHOLE_MARKET_LOOKBACK_CAPPED_90D_FROM_180D
114190,강원에너지,CHECK_LIMITED,확인제한,,,,0,kosdaq_universe_summary_latest.csv,2026-06-19T09:20:11+09:00,DART_WHOLE_MARKET_LOOKBACK_CAPPED_90D_FROM_180D
114450,그린생명과학,CHECK_LIMITED,확인제한,,,,0,kosdaq_universe_summary_latest.csv,2026-06-19T09:20:11+09:00,DART_WHOLE_MARKET_LOOKBACK_CAPPED_90D_FROM_180D
114630,폴라리스우노,CHECK_LIMITED,확인제한,,,,0,kosdaq_universe_summary_latest.csv,2026-06-19T09:20:11+09:00,DART_WHOLE_MARKET_LOOKBACK_CAPPED_90D_FROM_180D
114810,한솔아이원스,CHECK_LIMITED,확인제한,,,,0,kosdaq_universe_summary_latest.csv,2026-06-19T09:20:11+09:00,DART_WHOLE_MARKET_LOOKBACK_CAPPED_90D_FROM_180D
114840,아이패밀리에스씨,CHECK_LIMITED,확인제한,,,,0,kosdaq_universe_summary_latest.csv,2026-06-19T09:20:11+09:00,DART_WHOLE_MARKET_LOOKBACK_CAPPED_90D_FROM_180D
115160,휴맥스,CHECK_LIMITED,확인제한,,,,0,kosdaq_universe_summary_latest.csv,2026-06-19T09:20:11+09:00,DART_WHOLE_MARKET_LOOKBACK_CAPPED_90D_FROM_180D
115180,큐리언트,CHECK_LIMITED,확인제한,,,,0,kosdaq_universe_summary_latest.csv,2026-06-19T09:20:11+09:00,DART_WHOLE_MARKET_LOOKBACK_CAPPED_90D_FROM_180D
115310,인포바인,CHECK_LIMITED,확인제한,,,,0,kosdaq_universe_summary_latest.csv,2026-06-19T09:20:11+09:00,DART_WHOLE_MARKET_LOOKBACK_CAPPED_90D_FROM_180D
115440,우리넷,CHECK_LIMITED,확인제한,,,,0,kosdaq_universe_summary_latest.csv,2026-06-19T09:20:11+09:00,DART_WHOLE_MARKET_LOOKBACK_CAPPED_90D_FROM_180D
115450,HLB테라퓨틱스,CHECK_LIMITED,확인제한,,,,0,kosdaq_universe_summary_latest.csv,2026-06-19T09:20:11+09:00,DART_WHOLE_MARKET_LOOKBACK_CAPPED_90D_FROM_180D
115480,씨유메디칼,CHECK_LIMITED,확인제한,,,,0,kosdaq_universe_summary_latest.csv,2026-06-19T09:20:11+09:00,DART_WHOLE_MARKET_LOOKBACK_CAPPED_90D_FROM_180D
115500,케이씨에스,CHECK_LIMITED,확인제한,,,,0,kosdaq_universe_summary_latest.csv,2026-06-19T09:20:11+09:00,DART_WHOLE_MARKET_LOOKBACK_CAPPED_90D_FROM_180D
115530,씨엔플러스,CHECK_LIMITED,확인제한,,,,0,kosdaq_universe_summary_latest.csv,2026-06-19T09:20:11+09:00,DART_WHOLE_MARKET_LOOKBACK_CAPPED_90D_FROM_180D
115570,스타플렉스,CHECK_LIMITED,확인제한,,,,0,kosdaq_universe_summary_latest.csv,2026-06-19T09:20:11+09:00,DART_WHOLE_MARKET_LOOKBACK_CAPPED_90D_FROM_180D
115610,이미지스,CHECK_LIMITED,확인제한,,,,0,kosdaq_universe_summary_latest.csv,2026-06-19T09:20:11+09:00,DART_WHOLE_MARKET_LOOKBACK_CAPPED_90D_FROM_180D
117580,대성에너지,CHECK_LIMITED,확인제한,,,,0,kospi_universe_summary_latest.csv,2026-06-19T09:20:11+09:00,DART_WHOLE_MARKET_LOOKBACK_CAPPED_90D_FROM_180D
117670,알파칩스,CHECK_LIMITED,확인제한,,,,0,kosdaq_universe_summary_latest.csv,2026-06-19T09:20:11+09:00,DART_WHOLE_MARKET_LOOKBACK_CAPPED_90D_FROM_180D
117730,티로보틱스,CHECK_LIMITED,확인제한,,,,0,kosdaq_universe_summary_latest.csv,2026-06-19T09:20:11+09:00,DART_WHOLE_MARKET_LOOKBACK_CAPPED_90D_FROM_180D
118000,메타케어,CHECK_LIMITED,확인제한,,,,0,kospi_universe_summary_latest.csv,2026-06-19T09:20:11+09:00,DART_WHOLE_MARKET_LOOKBACK_CAPPED_90D_FROM_180D
118990,모트렉스,CHECK_LIMITED,확인제한,,,,0,kosdaq_universe_summary_latest.csv,2026-06-19T09:20:11+09:00,DART_WHOLE_MARKET_LOOKBACK_CAPPED_90D_FROM_180D
119500,포메탈,CHECK_LIMITED,확인제한,,,,0,kosdaq_universe_summary_latest.csv,2026-06-19T09:20:11+09:00,DART_WHOLE_MARKET_LOOKBACK_CAPPED_90D_FROM_180D
119610,인터로조,CHECK_LIMITED,확인제한,,,,0,kosdaq_universe_summary_latest.csv,2026-06-19T09:20:11+09:00,DART_WHOLE_MARKET_LOOKBACK_CAPPED_90D_FROM_180D
119650,KC코트렐,CHECK_LIMITED,확인제한,,,,0,kospi_universe_summary_latest.csv,2026-06-19T09:20:11+09:00,DART_WHOLE_MARKET_LOOKBACK_CAPPED_90D_FROM_180D
119830,아이텍,CHECK_LIMITED,확인제한,,,,0,kosdaq_universe_summary_latest.csv,2026-06-19T09:20:11+09:00,DART_WHOLE_MARKET_LOOKBACK_CAPPED_90D_FROM_180D
119850,지엔씨에너지,CHECK_LIMITED,확인제한,,,,0,kosdaq_universe_summary_latest.csv,2026-06-19T09:20:11+09:00,DART_WHOLE_MARKET_LOOKBACK_CAPPED_90D_FROM_180D
120030,조선선재,CHECK_LIMITED,확인제한,,,,0,kospi_universe_summary_latest.csv,2026-06-19T09:20:11+09:00,DART_WHOLE_MARKET_LOOKBACK_CAPPED_90D_FROM_180D
120110,코오롱인더,CHECK_LIMITED,확인제한,,,,0,kospi_universe_summary_latest.csv,2026-06-19T09:20:11+09:00,DART_WHOLE_MARKET_LOOKBACK_CAPPED_90D_FROM_180D
120115,코오롱인더우,CHECK_LIMITED,확인제한,,,,0,kospi_universe_summary_latest.csv,2026-06-19T09:20:11+09:00,DART_WHOLE_MARKET_LOOKBACK_CAPPED_90D_FROM_180D
120240,대정화금,CHECK_LIMITED,확인제한,,,,0,kosdaq_universe_summary_latest.csv,2026-06-19T09:20:11+09:00,DART_WHOLE_MARKET_LOOKBACK_CAPPED_90D_FROM_180D
121440,골프존홀딩스,CHECK_LIMITED,확인제한,,,,0,kosdaq_universe_summary_latest.csv,2026-06-19T09:20:11+09:00,DART_WHOLE_MARKET_LOOKBACK_CAPPED_90D_FROM_180D
121600,나노신소재,CHECK_LIMITED,확인제한,,,,0,kosdaq_universe_summary_latest.csv,2026-06-19T09:20:11+09:00,DART_WHOLE_MARKET_LOOKBACK_CAPPED_90D_FROM_180D
121800,비덴트,CHECK_LIMITED,확인제한,,,,0,kosdaq_universe_summary_latest.csv,2026-06-19T09:20:11+09:00,DART_WHOLE_MARKET_LOOKBACK_CAPPED_90D_FROM_180D
121850,코이즈,CHECK_LIMITED,확인제한,,,,0,kosdaq_universe_summary_latest.csv,2026-06-19T09:20:11+09:00,DART_WHOLE_MARKET_LOOKBACK_CAPPED_90D_FROM_180D
121890,에스디시스템,CHECK_LIMITED,확인제한,,,,0,kosdaq_universe_summary_latest.csv,2026-06-19T09:20:11+09:00,DART_WHOLE_MARKET_LOOKBACK_CAPPED_90D_FROM_180D
122310,제노레이,CHECK_LIMITED,확인제한,,,,0,kosdaq_universe_summary_latest.csv,2026-06-19T09:20:11+09:00,DART_WHOLE_MARKET_LOOKBACK_CAPPED_90D_FROM_180D
122350,삼기,CHECK_LIMITED,확인제한,,,,0,kosdaq_universe_summary_latest.csv,2026-06-19T09:20:11+09:00,DART_WHOLE_MARKET_LOOKBACK_CAPPED_90D_FROM_180D
122450,KX,CHECK_LIMITED,확인제한,,,,0,kosdaq_universe_summary_latest.csv,2026-06-19T09:20:11+09:00,DART_WHOLE_MARKET_LOOKBACK_CAPPED_90D_FROM_180D
122640,예스티,CHECK_LIMITED,확인제한,,,,0,kosdaq_universe_summary_latest.csv,2026-06-19T09:20:11+09:00,DART_WHOLE_MARKET_LOOKBACK_CAPPED_90D_FROM_180D
122690,서진오토모티브,CHECK_LIMITED,확인제한,,,,0,kosdaq_universe_summary_latest.csv,2026-06-19T09:20:11+09:00,DART_WHOLE_MARKET_LOOKBACK_CAPPED_90D_FROM_180D
122870,와이지엔터테인먼트,CHECK_LIMITED,확인제한,,,,0,kosdaq_universe_summary_latest.csv,2026-06-19T09:20:11+09:00,DART_WHOLE_MARKET_LOOKBACK_CAPPED_90D_FROM_180D
122900,아이마켓코리아,CHECK_LIMITED,확인제한,,,,0,kospi_universe_summary_latest.csv,2026-06-19T09:20:11+09:00,DART_WHOLE_MARKET_LOOKBACK_CAPPED_90D_FROM_180D
122990,와이솔,CHECK_LIMITED,확인제한,,,,0,kosdaq_universe_summary_latest.csv,2026-06-19T09:20:11+09:00,DART_WHOLE_MARKET_LOOKBACK_CAPPED_90D_FROM_180D
123010,알엔티엑스,CHECK_LIMITED,확인제한,,,,0,kosdaq_universe_summary_latest.csv,2026-06-19T09:20:11+09:00,DART_WHOLE_MARKET_LOOKBACK_CAPPED_90D_FROM_180D
123040,엠에스오토텍,CHECK_LIMITED,확인제한,,,,0,kosdaq_universe_summary_latest.csv,2026-06-19T09:20:11+09:00,DART_WHOLE_MARKET_LOOKBACK_CAPPED_90D_FROM_180D
123330,제닉,CHECK_LIMITED,확인제한,,,,0,kosdaq_universe_summary_latest.csv,2026-06-19T09:20:11+09:00,DART_WHOLE_MARKET_LOOKBACK_CAPPED_90D_FROM_180D
123410,코리아에프티,CHECK_LIMITED,확인제한,,,,0,kosdaq_universe_summary_latest.csv,2026-06-19T09:20:11+09:00,DART_WHOLE_MARKET_LOOKBACK_CAPPED_90D_FROM_180D
123420,위메이드플레이,CHECK_LIMITED,확인제한,,,,0,kosdaq_universe_summary_latest.csv,2026-06-19T09:20:11+09:00,DART_WHOLE_MARKET_LOOKBACK_CAPPED_90D_FROM_180D
123570,이엠넷,CHECK_LIMITED,확인제한,,,,0,kosdaq_universe_summary_latest.csv,2026-06-19T09:20:11+09:00,DART_WHOLE_MARKET_LOOKBACK_CAPPED_90D_FROM_180D
123690,한국화장품,CHECK_LIMITED,확인제한,,,,0,kospi_universe_summary_latest.csv,2026-06-19T09:20:11+09:00,DART_WHOLE_MARKET_LOOKBACK_CAPPED_90D_FROM_180D
123700,SJM,CHECK_LIMITED,확인제한,,,,0,kospi_universe_summary_latest.csv,2026-06-19T09:20:11+09:00,DART_WHOLE_MARKET_LOOKBACK_CAPPED_90D_FROM_180D
123750,알톤,CHECK_LIMITED,확인제한,,,,0,kosdaq_universe_summary_latest.csv,2026-06-19T09:20:11+09:00,DART_WHOLE_MARKET_LOOKBACK_CAPPED_90D_FROM_180D
123840,뉴온,CHECK_LIMITED,확인제한,,,,0,kosdaq_universe_summary_latest.csv,2026-06-19T09:20:11+09:00,DART_WHOLE_MARKET_LOOKBACK_CAPPED_90D_FROM_180D
123860,아나패스,CHECK_LIMITED,확인제한,,,,0,kosdaq_universe_summary_latest.csv,2026-06-19T09:20:11+09:00,DART_WHOLE_MARKET_LOOKBACK_CAPPED_90D_FROM_180D
123890,한국자산신탁,CHECK_LIMITED,확인제한,,,,0,kospi_universe_summary_latest.csv,2026-06-19T09:20:11+09:00,DART_WHOLE_MARKET_LOOKBACK_CAPPED_90D_FROM_180D
124500,아이티센글로벌,CHECK_LIMITED,확인제한,,,,0,kosdaq_universe_summary_latest.csv,2026-06-19T09:20:11+09:00,DART_WHOLE_MARKET_LOOKBACK_CAPPED_90D_FROM_180D
124560,태웅로직스,CHECK_LIMITED,확인제한,,,,0,kosdaq_universe_summary_latest.csv,2026-06-19T09:20:11+09:00,DART_WHOLE_MARKET_LOOKBACK_CAPPED_90D_FROM_180D
125020,티씨머티리얼즈,CHECK_LIMITED,확인제한,,,,0,kosdaq_universe_summary_latest.csv,2026-06-19T09:20:11+09:00,DART_WHOLE_MARKET_LOOKBACK_CAPPED_90D_FROM_180D
125210,아모그린텍,CHECK_LIMITED,확인제한,,,,0,kosdaq_universe_summary_latest.csv,2026-06-19T09:20:11+09:00,DART_WHOLE_MARKET_LOOKBACK_CAPPED_90D_FROM_180D
125490,한라캐스트,CHECK_LIMITED,확인제한,,,,0,kosdaq_universe_summary_latest.csv,2026-06-19T09:20:11+09:00,DART_WHOLE_MARKET_LOOKBACK_CAPPED_90D_FROM_180D
126340,비나텍,CHECK_LIMITED,확인제한,,,,0,kosdaq_universe_summary_latest.csv,2026-06-19T09:20:11+09:00,DART_WHOLE_MARKET_LOOKBACK_CAPPED_90D_FROM_180D
126560,현대퓨처넷,CHECK_LIMITED,확인제한,,,,0,kospi_universe_summary_latest.csv,2026-06-19T09:20:11+09:00,DART_WHOLE_MARKET_LOOKBACK_CAPPED_90D_FROM_180D
126600,BGF에코머티리얼즈,CHECK_LIMITED,확인제한,,,,0,kosdaq_universe_summary_latest.csv,2026-06-19T09:20:11+09:00,DART_WHOLE_MARKET_LOOKBACK_CAPPED_90D_FROM_180D
126640,화신정공,CHECK_LIMITED,확인제한,,,,0,kosdaq_universe_summary_latest.csv,2026-06-19T09:20:11+09:00,DART_WHOLE_MARKET_LOOKBACK_CAPPED_90D_FROM_180D
126700,하이비젼시스템,CHECK_LIMITED,확인제한,,,,0,kosdaq_universe_summary_latest.csv,2026-06-19T09:20:11+09:00,DART_WHOLE_MARKET_LOOKBACK_CAPPED_90D_FROM_180D
126720,수산인더스트리,CHECK_LIMITED,확인제한,,,,0,"kospi_monthly_cycle_latest.csv,kospi_universe_summary_latest.csv",2026-06-19T09:20:11+09:00,DART_WHOLE_MARKET_LOOKBACK_CAPPED_90D_FROM_180D
126730,코칩,CHECK_LIMITED,확인제한,,,,0,kosdaq_universe_summary_latest.csv,2026-06-19T09:20:11+09:00,DART_WHOLE_MARKET_LOOKBACK_CAPPED_90D_FROM_180D
126880,제이엔케이글로벌,CHECK_LIMITED,확인제한,,,,0,kosdaq_universe_summary_latest.csv,2026-06-19T09:20:11+09:00,DART_WHOLE_MARKET_LOOKBACK_CAPPED_90D_FROM_180D
127120,제이에스링크,CHECK_LIMITED,확인제한,,,,0,kosdaq_universe_summary_latest.csv,2026-06-19T09:20:11+09:00,DART_WHOLE_MARKET_LOOKBACK_CAPPED_90D_FROM_180D
127710,아시아경제,CHECK_LIMITED,확인제한,,,,0,kosdaq_universe_summary_latest.csv,2026-06-19T09:20:11+09:00,DART_WHOLE_MARKET_LOOKBACK_CAPPED_90D_FROM_180D
127980,화인써키트,CHECK_LIMITED,확인제한,,,,0,kosdaq_universe_summary_latest.csv,2026-06-19T09:20:11+09:00,DART_WHOLE_MARKET_LOOKBACK_CAPPED_90D_FROM_180D
128540,에코캡,CHECK_LIMITED,확인제한,,,,0,kosdaq_universe_summary_latest.csv,2026-06-19T09:20:11+09:00,DART_WHOLE_MARKET_LOOKBACK_CAPPED_90D_FROM_180D
128660,피제이메탈,CHECK_LIMITED,확인제한,,,,0,kosdaq_universe_summary_latest.csv,2026-06-19T09:20:11+09:00,DART_WHOLE_MARKET_LOOKBACK_CAPPED_90D_FROM_180D
128820,대성산업,CHECK_LIMITED,확인제한,,,,0,kospi_universe_summary_latest.csv,2026-06-19T09:20:11+09:00,DART_WHOLE_MARKET_LOOKBACK_CAPPED_90D_FROM_180D
128940,한미약품,CHECK_LIMITED,확인제한,,,,0,"kospi_monthly_cycle_latest.csv,kospi_universe_summary_latest.csv",2026-06-19T09:20:11+09:00,DART_WHOLE_MARKET_LOOKBACK_CAPPED_90D_FROM_180D
129260,인터지스,CHECK_LIMITED,확인제한,,,,0,kospi_universe_summary_latest.csv,2026-06-19T09:20:11+09:00,DART_WHOLE_MARKET_LOOKBACK_CAPPED_90D_FROM_180D
129890,앱코,CHECK_LIMITED,확인제한,,,,0,kosdaq_universe_summary_latest.csv,2026-06-19T09:20:11+09:00,DART_WHOLE_MARKET_LOOKBACK_CAPPED_90D_FROM_180D
129920,대성하이텍,CHECK_LIMITED,확인제한,,,,0,kosdaq_universe_summary_latest.csv,2026-06-19T09:20:11+09:00,DART_WHOLE_MARKET_LOOKBACK_CAPPED_90D_FROM_180D
130500,GH신소재,CHECK_LIMITED,확인제한,,,,0,kosdaq_universe_summary_latest.csv,2026-06-19T09:20:11+09:00,DART_WHOLE_MARKET_LOOKBACK_CAPPED_90D_FROM_180D
130580,나이스디앤비,CHECK_LIMITED,확인제한,,,,0,kosdaq_universe_summary_latest.csv,2026-06-19T09:20:11+09:00,DART_WHOLE_MARKET_LOOKBACK_CAPPED_90D_FROM_180D
130660,한전산업,CHECK_LIMITED,확인제한,,,,0,kospi_universe_summary_latest.csv,2026-06-19T09:20:11+09:00,DART_WHOLE_MARKET_LOOKBACK_CAPPED_90D_FROM_180D
130740,티피씨글로벌,CHECK_LIMITED,확인제한,,,,0,kosdaq_universe_summary_latest.csv,2026-06-19T09:20:11+09:00,DART_WHOLE_MARKET_LOOKBACK_CAPPED_90D_FROM_180D
131030,옵투스제약,CHECK_LIMITED,확인제한,,,,0,kosdaq_universe_summary_latest.csv,2026-06-19T09:20:11+09:00,DART_WHOLE_MARKET_LOOKBACK_CAPPED_90D_FROM_180D
131090,시큐브,CHECK_LIMITED,확인제한,,,,0,kosdaq_universe_summary_latest.csv,2026-06-19T09:20:11+09:00,DART_WHOLE_MARKET_LOOKBACK_CAPPED_90D_FROM_180D
131100,티엔엔터테인먼트,CHECK_LIMITED,확인제한,,,,0,kosdaq_universe_summary_latest.csv,2026-06-19T09:20:11+09:00,DART_WHOLE_MARKET_LOOKBACK_CAPPED_90D_FROM_180D
131180,딜리,CHECK_LIMITED,확인제한,,,,0,kosdaq_universe_summary_latest.csv,2026-06-19T09:20:11+09:00,DART_WHOLE_MARKET_LOOKBACK_CAPPED_90D_FROM_180D
131220,대한과학,CHECK_LIMITED,확인제한,,,,0,kosdaq_universe_summary_latest.csv,2026-06-19T09:20:11+09:00,DART_WHOLE_MARKET_LOOKBACK_CAPPED_90D_FROM_180D
131290,티에스이,CHECK_LIMITED,확인제한,,,,0,kosdaq_universe_summary_latest.csv,2026-06-19T09:20:11+09:00,DART_WHOLE_MARKET_LOOKBACK_CAPPED_90D_FROM_180D
131370,알서포트,CHECK_LIMITED,확인제한,,,,0,kosdaq_universe_summary_latest.csv,2026-06-19T09:20:11+09:00,DART_WHOLE_MARKET_LOOKBACK_CAPPED_90D_FROM_180D
131400,이브이첨단소재,CHECK_LIMITED,확인제한,,,,0,kosdaq_universe_summary_latest.csv,2026-06-19T09:20:11+09:00,DART_WHOLE_MARKET_LOOKBACK_CAPPED_90D_FROM_180D
131760,파인텍,CHECK_LIMITED,확인제한,,,,0,kosdaq_universe_summary_latest.csv,2026-06-19T09:20:11+09:00,DART_WHOLE_MARKET_LOOKBACK_CAPPED_90D_FROM_180D
131970,두산테스나,CHECK_LIMITED,확인제한,,,,0,kosdaq_universe_summary_latest.csv,2026-06-19T09:20:11+09:00,DART_WHOLE_MARKET_LOOKBACK_CAPPED_90D_FROM_180D
133750,메가엠디,CHECK_LIMITED,확인제한,,,,0,kosdaq_universe_summary_latest.csv,2026-06-19T09:20:11+09:00,DART_WHOLE_MARKET_LOOKBACK_CAPPED_90D_FROM_180D
133820,화인베스틸,CHECK_LIMITED,확인제한,,,,0,kospi_universe_summary_latest.csv,2026-06-19T09:20:11+09:00,DART_WHOLE_MARKET_LOOKBACK_CAPPED_90D_FROM_180D
134060,이퓨쳐,CHECK_LIMITED,확인제한,,,,0,kosdaq_universe_summary_latest.csv,2026-06-19T09:20:11+09:00,DART_WHOLE_MARKET_LOOKBACK_CAPPED_90D_FROM_180D
134380,미원화학,CHECK_LIMITED,확인제한,,,,0,kospi_universe_summary_latest.csv,2026-06-19T09:20:11+09:00,DART_WHOLE_MARKET_LOOKBACK_CAPPED_90D_FROM_180D
134580,탑코미디어,CHECK_LIMITED,확인제한,,,,0,kosdaq_universe_summary_latest.csv,2026-06-19T09:20:11+09:00,DART_WHOLE_MARKET_LOOKBACK_CAPPED_90D_FROM_180D
134790,시디즈,CHECK_LIMITED,확인제한,,,,0,kospi_universe_summary_latest.csv,2026-06-19T09:20:11+09:00,DART_WHOLE_MARKET_LOOKBACK_CAPPED_90D_FROM_180D
136150,원일티엔아이,CHECK_LIMITED,확인제한,,,,0,kosdaq_universe_summary_latest.csv,2026-06-19T09:20:11+09:00,DART_WHOLE_MARKET_LOOKBACK_CAPPED_90D_FROM_180D
136410,아셈스,CHECK_LIMITED,확인제한,,,,0,kosdaq_universe_summary_latest.csv,2026-06-19T09:20:11+09:00,DART_WHOLE_MARKET_LOOKBACK_CAPPED_90D_FROM_180D
136480,하림,CHECK_LIMITED,확인제한,,,,0,kosdaq_universe_summary_latest.csv,2026-06-19T09:20:11+09:00,DART_WHOLE_MARKET_LOOKBACK_CAPPED_90D_FROM_180D
136490,선진,CHECK_LIMITED,확인제한,,,,0,kospi_universe_summary_latest.csv,2026-06-19T09:20:11+09:00,DART_WHOLE_MARKET_LOOKBACK_CAPPED_90D_FROM_180D
136540,윈스테크넷,CHECK_LIMITED,확인제한,,,,0,kosdaq_universe_summary_latest.csv,2026-06-19T09:20:11+09:00,DART_WHOLE_MARKET_LOOKBACK_CAPPED_90D_FROM_180D
137080,나래나노텍,CHECK_LIMITED,확인제한,,,,0,kosdaq_universe_summary_latest.csv,2026-06-19T09:20:11+09:00,DART_WHOLE_MARKET_LOOKBACK_CAPPED_90D_FROM_180D
137310,에스디바이오센서,CHECK_LIMITED,확인제한,,,,0,kospi_universe_summary_latest.csv,2026-06-19T09:20:11+09:00,DART_WHOLE_MARKET_LOOKBACK_CAPPED_90D_FROM_180D
137400,피엔티,CHECK_LIMITED,확인제한,,,,0,kosdaq_universe_summary_latest.csv,2026-06-19T09:20:11+09:00,DART_WHOLE_MARKET_LOOKBACK_CAPPED_90D_FROM_180D
137940,넥스트아이,CHECK_LIMITED,확인제한,,,,0,kosdaq_universe_summary_latest.csv,2026-06-19T09:20:11+09:00,DART_WHOLE_MARKET_LOOKBACK_CAPPED_90D_FROM_180D
137950,제이씨케미칼,CHECK_LIMITED,확인제한,,,,0,kosdaq_universe_summary_latest.csv,2026-06-19T09:20:11+09:00,DART_WHOLE_MARKET_LOOKBACK_CAPPED_90D_FROM_180D
138040,메리츠금융지주,CHECK_LIMITED,확인제한,,,,0,kospi_universe_summary_latest.csv,2026-06-19T09:20:11+09:00,DART_WHOLE_MARKET_LOOKBACK_CAPPED_90D_FROM_180D
138070,신진에스엠,CHECK_LIMITED,확인제한,,,,0,kosdaq_universe_summary_latest.csv,2026-06-19T09:20:11+09:00,DART_WHOLE_MARKET_LOOKBACK_CAPPED_90D_FROM_180D
138080,오이솔루션,CHECK_LIMITED,확인제한,,,,0,kosdaq_universe_summary_latest.csv,2026-06-19T09:20:11+09:00,DART_WHOLE_MARKET_LOOKBACK_CAPPED_90D_FROM_180D
138360,앤로보틱스,CHECK_LIMITED,확인제한,,,,0,kosdaq_universe_summary_latest.csv,2026-06-19T09:20:11+09:00,DART_WHOLE_MARKET_LOOKBACK_CAPPED_90D_FROM_180D
138490,코오롱ENP,CHECK_LIMITED,확인제한,,,,0,kospi_universe_summary_latest.csv,2026-06-19T09:20:11+09:00,DART_WHOLE_MARKET_LOOKBACK_CAPPED_90D_FROM_180D
138610,나이벡,CHECK_LIMITED,확인제한,,,,0,kosdaq_universe_summary_latest.csv,2026-06-19T09:20:11+09:00,DART_WHOLE_MARKET_LOOKBACK_CAPPED_90D_FROM_180D
138930,BNK금융지주,CHECK_LIMITED,확인제한,,,,0,kospi_universe_summary_latest.csv,2026-06-19T09:20:11+09:00,DART_WHOLE_MARKET_LOOKBACK_CAPPED_90D_FROM_180D
139050,BF랩스,CHECK_LIMITED,확인제한,,,,0,kosdaq_universe_summary_latest.csv,2026-06-19T09:20:11+09:00,DART_WHOLE_MARKET_LOOKBACK_CAPPED_90D_FROM_180D
139130,iM금융지주,CHECK_LIMITED,확인제한,,,,0,kospi_universe_summary_latest.csv,2026-06-19T09:20:11+09:00,DART_WHOLE_MARKET_LOOKBACK_CAPPED_90D_FROM_180D
139480,이마트,CHECK_LIMITED,확인제한,,,,0,"kospi_monthly_cycle_latest.csv,kospi_universe_summary_latest.csv",2026-06-19T09:20:11+09:00,DART_WHOLE_MARKET_LOOKBACK_CAPPED_90D_FROM_180D
139670,키네마스터,CHECK_LIMITED,확인제한,,,,0,kosdaq_universe_summary_latest.csv,2026-06-19T09:20:11+09:00,DART_WHOLE_MARKET_LOOKBACK_CAPPED_90D_FROM_180D
139990,아주스틸,CHECK_LIMITED,확인제한,,,,0,kospi_universe_summary_latest.csv,2026-06-19T09:20:11+09:00,DART_WHOLE_MARKET_LOOKBACK_CAPPED_90D_FROM_180D
140070,서플러스글로벌,CHECK_LIMITED,확인제한,,,,0,kosdaq_universe_summary_latest.csv,2026-06-19T09:20:11+09:00,DART_WHOLE_MARKET_LOOKBACK_CAPPED_90D_FROM_180D
140410,메지온,CHECK_LIMITED,확인제한,,,,0,kosdaq_universe_summary_latest.csv,2026-06-19T09:20:11+09:00,DART_WHOLE_MARKET_LOOKBACK_CAPPED_90D_FROM_180D
140430,카티스,CHECK_LIMITED,확인제한,,,,0,kosdaq_universe_summary_latest.csv,2026-06-19T09:20:11+09:00,DART_WHOLE_MARKET_LOOKBACK_CAPPED_90D_FROM_180D
140520,대창스틸,CHECK_LIMITED,확인제한,,,,0,kosdaq_universe_summary_latest.csv,2026-06-19T09:20:11+09:00,DART_WHOLE_MARKET_LOOKBACK_CAPPED_90D_FROM_180D
140670,알에스오토메이션,CHECK_LIMITED,확인제한,,,,0,kosdaq_universe_summary_latest.csv,2026-06-19T09:20:11+09:00,DART_WHOLE_MARKET_LOOKBACK_CAPPED_90D_FROM_180D
140860,파크시스템스,CHECK_LIMITED,확인제한,,,,0,kosdaq_universe_summary_latest.csv,2026-06-19T09:20:11+09:00,DART_WHOLE_MARKET_LOOKBACK_CAPPED_90D_FROM_180D
140910,에이리츠,CHECK_LIMITED,확인제한,,,,0,kospi_universe_summary_latest.csv,2026-06-19T09:20:11+09:00,DART_WHOLE_MARKET_LOOKBACK_CAPPED_90D_FROM_180D
141000,비아트론,CHECK_LIMITED,확인제한,,,,0,kosdaq_universe_summary_latest.csv,2026-06-19T09:20:11+09:00,DART_WHOLE_MARKET_LOOKBACK_CAPPED_90D_FROM_180D
141080,리가켐바이오,CHECK_LIMITED,확인제한,,,,0,kosdaq_universe_summary_latest.csv,2026-06-19T09:20:11+09:00,DART_WHOLE_MARKET_LOOKBACK_CAPPED_90D_FROM_180D
142210,유니트론텍,CHECK_LIMITED,확인제한,,,,0,kosdaq_universe_summary_latest.csv,2026-06-19T09:20:11+09:00,DART_WHOLE_MARKET_LOOKBACK_CAPPED_90D_FROM_180D
142280,녹십자엠에스,CHECK_LIMITED,확인제한,,,,0,kosdaq_universe_summary_latest.csv,2026-06-19T09:20:11+09:00,DART_WHOLE_MARKET_LOOKBACK_CAPPED_90D_FROM_180D
142760,모아라이프플러스,CHECK_LIMITED,확인제한,,,,0,kosdaq_universe_summary_latest.csv,2026-06-19T09:20:11+09:00,DART_WHOLE_MARKET_LOOKBACK_CAPPED_90D_FROM_180D
143160,아이디스,CHECK_LIMITED,확인제한,,,,0,kosdaq_universe_summary_latest.csv,2026-06-19T09:20:11+09:00,DART_WHOLE_MARKET_LOOKBACK_CAPPED_90D_FROM_180D
143210,핸즈코퍼레이션,CHECK_LIMITED,확인제한,,,,0,kospi_universe_summary_latest.csv,2026-06-19T09:20:11+09:00,DART_WHOLE_MARKET_LOOKBACK_CAPPED_90D_FROM_180D
143240,사람인,CHECK_LIMITED,확인제한,,,,0,kosdaq_universe_summary_latest.csv,2026-06-19T09:20:11+09:00,DART_WHOLE_MARKET_LOOKBACK_CAPPED_90D_FROM_180D
143540,영우디에스피,CHECK_LIMITED,확인제한,,,,0,kosdaq_universe_summary_latest.csv,2026-06-19T09:20:11+09:00,DART_WHOLE_MARKET_LOOKBACK_CAPPED_90D_FROM_180D
144510,지씨셀,CHECK_LIMITED,확인제한,,,,0,kosdaq_universe_summary_latest.csv,2026-06-19T09:20:11+09:00,DART_WHOLE_MARKET_LOOKBACK_CAPPED_90D_FROM_180D
144960,뉴파워프라즈마,CHECK_LIMITED,확인제한,,,,0,kosdaq_universe_summary_latest.csv,2026-06-19T09:20:11+09:00,DART_WHOLE_MARKET_LOOKBACK_CAPPED_90D_FROM_180D
145020,휴젤,CHECK_LIMITED,확인제한,,,,0,kosdaq_universe_summary_latest.csv,2026-06-19T09:20:11+09:00,DART_WHOLE_MARKET_LOOKBACK_CAPPED_90D_FROM_180D
145170,노브랜드,CHECK_LIMITED,확인제한,,,,0,kosdaq_universe_summary_latest.csv,2026-06-19T09:20:11+09:00,DART_WHOLE_MARKET_LOOKBACK_CAPPED_90D_FROM_180D
145210,다이나믹디자인,CHECK_LIMITED,확인제한,,,,0,kospi_universe_summary_latest.csv,2026-06-19T09:20:11+09:00,DART_WHOLE_MARKET_LOOKBACK_CAPPED_90D_FROM_180D
145270,케이탑리츠,CHECK_LIMITED,확인제한,,,,0,kospi_universe_summary_latest.csv,2026-06-19T09:20:11+09:00,DART_WHOLE_MARKET_LOOKBACK_CAPPED_90D_FROM_180D
145720,덴티움,CHECK_LIMITED,확인제한,,,,0,kospi_universe_summary_latest.csv,2026-06-19T09:20:11+09:00,DART_WHOLE_MARKET_LOOKBACK_CAPPED_90D_FROM_180D
145990,삼양사,CHECK_LIMITED,확인제한,,,,0,kospi_universe_summary_latest.csv,2026-06-19T09:20:11+09:00,DART_WHOLE_MARKET_LOOKBACK_CAPPED_90D_FROM_180D
145995,삼양사우,CHECK_LIMITED,확인제한,,,,0,kospi_universe_summary_latest.csv,2026-06-19T09:20:11+09:00,DART_WHOLE_MARKET_LOOKBACK_CAPPED_90D_FROM_180D
146060,율촌,CHECK_LIMITED,확인제한,,,,0,kosdaq_universe_summary_latest.csv,2026-06-19T09:20:11+09:00,DART_WHOLE_MARKET_LOOKBACK_CAPPED_90D_FROM_180D
146320,비씨엔씨,CHECK_LIMITED,확인제한,,,,0,kosdaq_universe_summary_latest.csv,2026-06-19T09:20:11+09:00,DART_WHOLE_MARKET_LOOKBACK_CAPPED_90D_FROM_180D
147760,피엠티,CHECK_LIMITED,확인제한,,,,0,kosdaq_universe_summary_latest.csv,2026-06-19T09:20:11+09:00,DART_WHOLE_MARKET_LOOKBACK_CAPPED_90D_FROM_180D
147830,제룡산업,CHECK_LIMITED,확인제한,,,,0,kosdaq_universe_summary_latest.csv,2026-06-19T09:20:11+09:00,DART_WHOLE_MARKET_LOOKBACK_CAPPED_90D_FROM_180D
148150,세경하이테크,CHECK_LIMITED,확인제한,,,,0,kosdaq_universe_summary_latest.csv,2026-06-19T09:20:11+09:00,DART_WHOLE_MARKET_LOOKBACK_CAPPED_90D_FROM_180D
148250,알엔투테크놀로지,CHECK_LIMITED,확인제한,,,,0,kosdaq_universe_summary_latest.csv,2026-06-19T09:20:11+09:00,DART_WHOLE_MARKET_LOOKBACK_CAPPED_90D_FROM_180D
148780,비큐AI,CHECK_LIMITED,확인제한,,,,0,kosdaq_universe_summary_latest.csv,2026-06-19T09:20:11+09:00,DART_WHOLE_MARKET_LOOKBACK_CAPPED_90D_FROM_180D
148930,에이치와이티씨,CHECK_LIMITED,확인제한,,,,0,kosdaq_universe_summary_latest.csv,2026-06-19T09:20:11+09:00,DART_WHOLE_MARKET_LOOKBACK_CAPPED_90D_FROM_180D
149950,아바텍,CHECK_LIMITED,확인제한,,,,0,kosdaq_universe_summary_latest.csv,2026-06-19T09:20:11+09:00,DART_WHOLE_MARKET_LOOKBACK_CAPPED_90D_FROM_180D
149980,하이로닉,CHECK_LIMITED,확인제한,,,,0,kosdaq_universe_summary_latest.csv,2026-06-19T09:20:11+09:00,DART_WHOLE_MARKET_LOOKBACK_CAPPED_90D_FROM_180D
150900,파수AI,CHECK_LIMITED,확인제한,,,,0,kosdaq_universe_summary_latest.csv,2026-06-19T09:20:11+09:00,DART_WHOLE_MARKET_LOOKBACK_CAPPED_90D_FROM_180D
151860,KG에코솔루션,CHECK_LIMITED,확인제한,,,,0,kosdaq_universe_summary_latest.csv,2026-06-19T09:20:11+09:00,DART_WHOLE_MARKET_LOOKBACK_CAPPED_90D_FROM_180D
152550,한국ANKOR유전,CHECK_LIMITED,확인제한,,,,0,kospi_universe_summary_latest.csv,2026-06-19T09:20:11+09:00,DART_WHOLE_MARKET_LOOKBACK_CAPPED_90D_FROM_180D
153460,네이블,CHECK_LIMITED,확인제한,,,,0,kosdaq_universe_summary_latest.csv,2026-06-19T09:20:11+09:00,DART_WHOLE_MARKET_LOOKBACK_CAPPED_90D_FROM_180D
153490,우리이앤엘하루틴,CHECK_LIMITED,확인제한,,,,0,kosdaq_universe_summary_latest.csv,2026-06-19T09:20:11+09:00,DART_WHOLE_MARKET_LOOKBACK_CAPPED_90D_FROM_180D
153710,옵티팜,CHECK_LIMITED,확인제한,,,,0,kosdaq_universe_summary_latest.csv,2026-06-19T09:20:11+09:00,DART_WHOLE_MARKET_LOOKBACK_CAPPED_90D_FROM_180D
154030,아시아종묘,CHECK_LIMITED,확인제한,,,,0,kosdaq_universe_summary_latest.csv,2026-06-19T09:20:11+09:00,DART_WHOLE_MARKET_LOOKBACK_CAPPED_90D_FROM_180D
154040,다산솔루에타,CHECK_LIMITED,확인제한,,,,0,kosdaq_universe_summary_latest.csv,2026-06-19T09:20:11+09:00,DART_WHOLE_MARKET_LOOKBACK_CAPPED_90D_FROM_180D
155650,와이엠씨,CHECK_LIMITED,확인제한,,,,0,kosdaq_universe_summary_latest.csv,2026-06-19T09:20:11+09:00,DART_WHOLE_MARKET_LOOKBACK_CAPPED_90D_FROM_180D
155660,DSR,CHECK_LIMITED,확인제한,,,,0,kospi_universe_summary_latest.csv,2026-06-19T09:20:11+09:00,DART_WHOLE_MARKET_LOOKBACK_CAPPED_90D_FROM_180D
156100,엘앤케이바이오,CHECK_LIMITED,확인제한,,,,0,kosdaq_universe_summary_latest.csv,2026-06-19T09:20:11+09:00,DART_WHOLE_MARKET_LOOKBACK_CAPPED_90D_FROM_180D
158430,아톤,CHECK_LIMITED,확인제한,,,,0,kosdaq_universe_summary_latest.csv,2026-06-19T09:20:11+09:00,DART_WHOLE_MARKET_LOOKBACK_CAPPED_90D_FROM_180D
159010,아스플로,CHECK_LIMITED,확인제한,,,,0,kosdaq_universe_summary_latest.csv,2026-06-19T09:20:11+09:00,DART_WHOLE_MARKET_LOOKBACK_CAPPED_90D_FROM_180D
159580,제로투세븐,CHECK_LIMITED,확인제한,,,,0,kosdaq_universe_summary_latest.csv,2026-06-19T09:20:11+09:00,DART_WHOLE_MARKET_LOOKBACK_CAPPED_90D_FROM_180D
159910,에코글로우,CHECK_LIMITED,확인제한,,,,0,kosdaq_universe_summary_latest.csv,2026-06-19T09:20:11+09:00,DART_WHOLE_MARKET_LOOKBACK_CAPPED_90D_FROM_180D
160190,하이젠알앤엠,CHECK_LIMITED,확인제한,,,,0,kosdaq_universe_summary_latest.csv,2026-06-19T09:20:11+09:00,DART_WHOLE_MARKET_LOOKBACK_CAPPED_90D_FROM_180D
160550,NEW,CHECK_LIMITED,확인제한,,,,0,kosdaq_universe_summary_latest.csv,2026-06-19T09:20:11+09:00,DART_WHOLE_MARKET_LOOKBACK_CAPPED_90D_FROM_180D
160980,싸이맥스,CHECK_LIMITED,확인제한,,,,0,kosdaq_universe_summary_latest.csv,2026-06-19T09:20:11+09:00,DART_WHOLE_MARKET_LOOKBACK_CAPPED_90D_FROM_180D
161000,애경케미칼,CHECK_LIMITED,확인제한,,,,0,kospi_universe_summary_latest.csv,2026-06-19T09:20:11+09:00,DART_WHOLE_MARKET_LOOKBACK_CAPPED_90D_FROM_180D
161390,한국타이어앤테크놀로지,CHECK_LIMITED,확인제한,,,,0,"kospi_candidates_30_latest.csv,kospi_fx_weakness_candidates_30_latest.csv,kospi_short_term_candidates_30_latest.csv,kospi_short_term_recommend_7_latest.csv,kospi_universe_summary_latest.csv",2026-06-19T09:20:11+09:00,DART_WHOLE_MARKET_LOOKBACK_CAPPED_90D_FROM_180D
161580,필옵틱스,CHECK_LIMITED,확인제한,,,,0,kosdaq_universe_summary_latest.csv,2026-06-19T09:20:11+09:00,DART_WHOLE_MARKET_LOOKBACK_CAPPED_90D_FROM_180D
161890,한국콜마,CHECK_LIMITED,확인제한,,,,0,kospi_universe_summary_latest.csv,2026-06-19T09:20:11+09:00,DART_WHOLE_MARKET_LOOKBACK_CAPPED_90D_FROM_180D
162300,신스틸,CHECK_LIMITED,확인제한,,,,0,kosdaq_universe_summary_latest.csv,2026-06-19T09:20:11+09:00,DART_WHOLE_MARKET_LOOKBACK_CAPPED_90D_FROM_180D
163280,에어레인,CHECK_LIMITED,확인제한,,,,0,kosdaq_universe_summary_latest.csv,2026-06-19T09:20:11+09:00,DART_WHOLE_MARKET_LOOKBACK_CAPPED_90D_FROM_180D
163560,동일고무벨트,CHECK_LIMITED,확인제한,,,,0,kospi_universe_summary_latest.csv,2026-06-19T09:20:11+09:00,DART_WHOLE_MARKET_LOOKBACK_CAPPED_90D_FROM_180D
163730,핑거,CHECK_LIMITED,확인제한,,,,0,kosdaq_universe_summary_latest.csv,2026-06-19T09:20:11+09:00,DART_WHOLE_MARKET_LOOKBACK_CAPPED_90D_FROM_180D
166090,하나머티리얼즈,CHECK_LIMITED,확인제한,,,,0,kosdaq_universe_summary_latest.csv,2026-06-19T09:20:11+09:00,DART_WHOLE_MARKET_LOOKBACK_CAPPED_90D_FROM_180D
166480,코아스템켐온,CHECK_LIMITED,확인제한,,,,0,kosdaq_universe_summary_latest.csv,2026-06-19T09:20:11+09:00,DART_WHOLE_MARKET_LOOKBACK_CAPPED_90D_FROM_180D
168330,내츄럴엔도텍,CHECK_LIMITED,확인제한,,,,0,kosdaq_universe_summary_latest.csv,2026-06-19T09:20:11+09:00,DART_WHOLE_MARKET_LOOKBACK_CAPPED_90D_FROM_180D
168360,펨트론,CHECK_LIMITED,확인제한,,,,0,kosdaq_universe_summary_latest.csv,2026-06-19T09:20:11+09:00,DART_WHOLE_MARKET_LOOKBACK_CAPPED_90D_FROM_180D
169330,엠브레인,CHECK_LIMITED,확인제한,,,,0,kosdaq_universe_summary_latest.csv,2026-06-19T09:20:11+09:00,DART_WHOLE_MARKET_LOOKBACK_CAPPED_90D_FROM_180D
170030,현대공업,CHECK_LIMITED,확인제한,,,,0,kosdaq_universe_summary_latest.csv,2026-06-19T09:20:11+09:00,DART_WHOLE_MARKET_LOOKBACK_CAPPED_90D_FROM_180D
170790,파이오링크,CHECK_LIMITED,확인제한,,,,0,kosdaq_universe_summary_latest.csv,2026-06-19T09:20:11+09:00,DART_WHOLE_MARKET_LOOKBACK_CAPPED_90D_FROM_180D
170900,동아에스티,CHECK_LIMITED,확인제한,,,,0,kospi_universe_summary_latest.csv,2026-06-19T09:20:11+09:00,DART_WHOLE_MARKET_LOOKBACK_CAPPED_90D_FROM_180D
170920,엘티씨,CHECK_LIMITED,확인제한,,,,0,kosdaq_universe_summary_latest.csv,2026-06-19T09:20:11+09:00,DART_WHOLE_MARKET_LOOKBACK_CAPPED_90D_FROM_180D
171010,램테크놀러지,CHECK_LIMITED,확인제한,,,,0,kosdaq_universe_summary_latest.csv,2026-06-19T09:20:11+09:00,DART_WHOLE_MARKET_LOOKBACK_CAPPED_90D_FROM_180D
171090,선익시스템,CHECK_LIMITED,확인제한,,,,0,kosdaq_universe_summary_latest.csv,2026-06-19T09:20:11+09:00,DART_WHOLE_MARKET_LOOKBACK_CAPPED_90D_FROM_180D
171120,라이온켐텍,CHECK_LIMITED,확인제한,,,,0,kosdaq_universe_summary_latest.csv,2026-06-19T09:20:11+09:00,DART_WHOLE_MARKET_LOOKBACK_CAPPED_90D_FROM_180D
172670,에이엘티,CHECK_LIMITED,확인제한,,,,0,kosdaq_universe_summary_latest.csv,2026-06-19T09:20:11+09:00,DART_WHOLE_MARKET_LOOKBACK_CAPPED_90D_FROM_180D
173130,오파스넷,CHECK_LIMITED,확인제한,,,,0,kosdaq_universe_summary_latest.csv,2026-06-19T09:20:11+09:00,DART_WHOLE_MARKET_LOOKBACK_CAPPED_90D_FROM_180D
173940,에프엔씨엔터,CHECK_LIMITED,확인제한,,,,0,kosdaq_universe_summary_latest.csv,2026-06-19T09:20:11+09:00,DART_WHOLE_MARKET_LOOKBACK_CAPPED_90D_FROM_180D
174900,앱클론,CHECK_LIMITED,확인제한,,,,0,kosdaq_universe_summary_latest.csv,2026-06-19T09:20:11+09:00,DART_WHOLE_MARKET_LOOKBACK_CAPPED_90D_FROM_180D
175140,휴먼테크놀로지,CHECK_LIMITED,확인제한,,,,0,kosdaq_universe_summary_latest.csv,2026-06-19T09:20:11+09:00,DART_WHOLE_MARKET_LOOKBACK_CAPPED_90D_FROM_180D
175250,아이큐어,CHECK_LIMITED,확인제한,,,,0,kosdaq_universe_summary_latest.csv,2026-06-19T09:20:11+09:00,DART_WHOLE_MARKET_LOOKBACK_CAPPED_90D_FROM_180D
175330,JB금융지주,CHECK_LIMITED,확인제한,,,,0,"kospi_candidates_30_latest.csv,kospi_universe_summary_latest.csv",2026-06-19T09:20:11+09:00,DART_WHOLE_MARKET_LOOKBACK_CAPPED_90D_FROM_180D
176750,듀켐바이오,CHECK_LIMITED,확인제한,,,,0,kosdaq_universe_summary_latest.csv,2026-06-19T09:20:11+09:00,DART_WHOLE_MARKET_LOOKBACK_CAPPED_90D_FROM_180D
177350,베셀,CHECK_LIMITED,확인제한,,,,0,kosdaq_universe_summary_latest.csv,2026-06-19T09:20:11+09:00,DART_WHOLE_MARKET_LOOKBACK_CAPPED_90D_FROM_180D
177830,파버나인,CHECK_LIMITED,확인제한,,,,0,kosdaq_universe_summary_latest.csv,2026-06-19T09:20:11+09:00,DART_WHOLE_MARKET_LOOKBACK_CAPPED_90D_FROM_180D
177900,쓰리에이로직스,CHECK_LIMITED,확인제한,,,,0,kosdaq_universe_summary_latest.csv,2026-06-19T09:20:11+09:00,DART_WHOLE_MARKET_LOOKBACK_CAPPED_90D_FROM_180D
178320,서진시스템,CHECK_LIMITED,확인제한,,,,0,"kosdaq_candidates_10_latest.csv,kosdaq_universe_summary_latest.csv",2026-06-19T09:20:11+09:00,DART_WHOLE_MARKET_LOOKBACK_CAPPED_90D_FROM_180D
178780,일월지엠엘,CHECK_LIMITED,확인제한,,,,0,kosdaq_universe_summary_latest.csv,2026-06-19T09:20:11+09:00,DART_WHOLE_MARKET_LOOKBACK_CAPPED_90D_FROM_180D
178920,PI첨단소재,CHECK_LIMITED,확인제한,,,,0,kospi_universe_summary_latest.csv,2026-06-19T09:20:11+09:00,DART_WHOLE_MARKET_LOOKBACK_CAPPED_90D_FROM_180D
179290,엠아이텍,CHECK_LIMITED,확인제한,,,,0,kosdaq_universe_summary_latest.csv,2026-06-19T09:20:11+09:00,DART_WHOLE_MARKET_LOOKBACK_CAPPED_90D_FROM_180D
179530,애드바이오텍,CHECK_LIMITED,확인제한,,,,0,kosdaq_universe_summary_latest.csv,2026-06-19T09:20:11+09:00,DART_WHOLE_MARKET_LOOKBACK_CAPPED_90D_FROM_180D
179900,유티아이,CHECK_LIMITED,확인제한,,,,0,kosdaq_universe_summary_latest.csv,2026-06-19T09:20:11+09:00,DART_WHOLE_MARKET_LOOKBACK_CAPPED_90D_FROM_180D
180400,DXVX,CHECK_LIMITED,확인제한,,,,0,kosdaq_universe_summary_latest.csv,2026-06-19T09:20:11+09:00,DART_WHOLE_MARKET_LOOKBACK_CAPPED_90D_FROM_180D
180640,한진칼,CHECK_LIMITED,확인제한,,,,0,"kospi_candidates_30_latest.csv,kospi_short_term_candidates_30_latest.csv,kospi_universe_summary_latest.csv",2026-06-19T09:20:11+09:00,DART_WHOLE_MARKET_LOOKBACK_CAPPED_90D_FROM_180D
181710,NHN,CHECK_LIMITED,확인제한,,,,0,kospi_universe_summary_latest.csv,2026-06-19T09:20:11+09:00,DART_WHOLE_MARKET_LOOKBACK_CAPPED_90D_FROM_180D
182360,큐브엔터,CHECK_LIMITED,확인제한,,,,0,kosdaq_universe_summary_latest.csv,2026-06-19T09:20:11+09:00,DART_WHOLE_MARKET_LOOKBACK_CAPPED_90D_FROM_180D
182400,엔케이젠바이오텍코리아,CHECK_LIMITED,확인제한,,,,0,kosdaq_universe_summary_latest.csv,2026-06-19T09:20:11+09:00,DART_WHOLE_MARKET_LOOKBACK_CAPPED_90D_FROM_180D
183190,아세아시멘트,CHECK_LIMITED,확인제한,,,,0,kospi_universe_summary_latest.csv,2026-06-19T09:20:11+09:00,DART_WHOLE_MARKET_LOOKBACK_CAPPED_90D_FROM_180D
183300,코미코,CHECK_LIMITED,확인제한,,,,0,kosdaq_universe_summary_latest.csv,2026-06-19T09:20:11+09:00,DART_WHOLE_MARKET_LOOKBACK_CAPPED_90D_FROM_180D
183490,엔지켐생명과학,CHECK_LIMITED,확인제한,,,,0,kosdaq_universe_summary_latest.csv,2026-06-19T09:20:11+09:00,DART_WHOLE_MARKET_LOOKBACK_CAPPED_90D_FROM_180D
184230,SGA솔루션즈,CHECK_LIMITED,확인제한,,,,0,kosdaq_universe_summary_latest.csv,2026-06-19T09:20:11+09:00,DART_WHOLE_MARKET_LOOKBACK_CAPPED_90D_FROM_180D
185490,아이진,CHECK_LIMITED,확인제한,,,,0,kosdaq_universe_summary_latest.csv,2026-06-19T09:20:11+09:00,DART_WHOLE_MARKET_LOOKBACK_CAPPED_90D_FROM_180D
185750,종근당,CHECK_LIMITED,확인제한,,,,0,kospi_universe_summary_latest.csv,2026-06-19T09:20:11+09:00,DART_WHOLE_MARKET_LOOKBACK_CAPPED_90D_FROM_180D
186230,그린플러스,CHECK_LIMITED,확인제한,,,,0,kosdaq_universe_summary_latest.csv,2026-06-19T09:20:11+09:00,DART_WHOLE_MARKET_LOOKBACK_CAPPED_90D_FROM_180D
187220,디티앤씨,CHECK_LIMITED,확인제한,,,,0,kosdaq_universe_summary_latest.csv,2026-06-19T09:20:11+09:00,DART_WHOLE_MARKET_LOOKBACK_CAPPED_90D_FROM_180D
187270,신화콘텍,CHECK_LIMITED,확인제한,,,,0,kosdaq_universe_summary_latest.csv,2026-06-19T09:20:11+09:00,DART_WHOLE_MARKET_LOOKBACK_CAPPED_90D_FROM_180D
187420,HLB제넥스,CHECK_LIMITED,확인제한,,,,0,kosdaq_universe_summary_latest.csv,2026-06-19T09:20:11+09:00,DART_WHOLE_MARKET_LOOKBACK_CAPPED_90D_FROM_180D
187660,페니트리움바이오,CHECK_LIMITED,확인제한,,,,0,kosdaq_universe_summary_latest.csv,2026-06-19T09:20:11+09:00,DART_WHOLE_MARKET_LOOKBACK_CAPPED_90D_FROM_180D
187790,나노,CHECK_LIMITED,확인제한,,,,0,kosdaq_universe_summary_latest.csv,2026-06-19T09:20:11+09:00,DART_WHOLE_MARKET_LOOKBACK_CAPPED_90D_FROM_180D
187870,디바이스,CHECK_LIMITED,확인제한,,,,0,kosdaq_universe_summary_latest.csv,2026-06-19T09:20:11+09:00,DART_WHOLE_MARKET_LOOKBACK_CAPPED_90D_FROM_180D
188040,바이오포트,CHECK_LIMITED,확인제한,,,,0,kosdaq_universe_summary_latest.csv,2026-06-19T09:20:11+09:00,DART_WHOLE_MARKET_LOOKBACK_CAPPED_90D_FROM_180D
188260,세니젠,CHECK_LIMITED,확인제한,,,,0,kosdaq_universe_summary_latest.csv,2026-06-19T09:20:11+09:00,DART_WHOLE_MARKET_LOOKBACK_CAPPED_90D_FROM_180D
189300,인텔리안테크,CHECK_LIMITED,확인제한,,,,0,kosdaq_universe_summary_latest.csv,2026-06-19T09:20:11+09:00,DART_WHOLE_MARKET_LOOKBACK_CAPPED_90D_FROM_180D
189330,씨이랩,CHECK_LIMITED,확인제한,,,,0,kosdaq_universe_summary_latest.csv,2026-06-19T09:20:11+09:00,DART_WHOLE_MARKET_LOOKBACK_CAPPED_90D_FROM_180D
189690,포시에스,CHECK_LIMITED,확인제한,,,,0,kosdaq_universe_summary_latest.csv,2026-06-19T09:20:11+09:00,DART_WHOLE_MARKET_LOOKBACK_CAPPED_90D_FROM_180D
189860,서전기전,CHECK_LIMITED,확인제한,,,,0,kosdaq_universe_summary_latest.csv,2026-06-19T09:20:11+09:00,DART_WHOLE_MARKET_LOOKBACK_CAPPED_90D_FROM_180D
189980,흥국에프엔비,CHECK_LIMITED,확인제한,,,,0,kosdaq_universe_summary_latest.csv,2026-06-19T09:20:11+09:00,DART_WHOLE_MARKET_LOOKBACK_CAPPED_90D_FROM_180D
190510,나무가,CHECK_LIMITED,확인제한,,,,0,kosdaq_universe_summary_latest.csv,2026-06-19T09:20:11+09:00,DART_WHOLE_MARKET_LOOKBACK_CAPPED_90D_FROM_180D
190650,코리아에셋투자증권,CHECK_LIMITED,확인제한,,,,0,kosdaq_universe_summary_latest.csv,2026-06-19T09:20:11+09:00,DART_WHOLE_MARKET_LOOKBACK_CAPPED_90D_FROM_180D
191410,육일씨엔에쓰,CHECK_LIMITED,확인제한,,,,0,kosdaq_universe_summary_latest.csv,2026-06-19T09:20:11+09:00,DART_WHOLE_MARKET_LOOKBACK_CAPPED_90D_FROM_180D
191420,테고사이언스,CHECK_LIMITED,확인제한,,,,0,kosdaq_universe_summary_latest.csv,2026-06-19T09:20:11+09:00,DART_WHOLE_MARKET_LOOKBACK_CAPPED_90D_FROM_180D
192080,더블유게임즈,CHECK_LIMITED,확인제한,,,,0,"kospi_short_term_candidates_30_latest.csv,kospi_universe_summary_latest.csv",2026-06-19T09:20:11+09:00,DART_WHOLE_MARKET_LOOKBACK_CAPPED_90D_FROM_180D
192250,케이사인,CHECK_LIMITED,확인제한,,,,0,kosdaq_universe_summary_latest.csv,2026-06-19T09:20:11+09:00,DART_WHOLE_MARKET_LOOKBACK_CAPPED_90D_FROM_180D
192390,윈하이텍,CHECK_LIMITED,확인제한,,,,0,kosdaq_universe_summary_latest.csv,2026-06-19T09:20:11+09:00,DART_WHOLE_MARKET_LOOKBACK_CAPPED_90D_FROM_180D
192400,쿠쿠홀딩스,CHECK_LIMITED,확인제한,,,,0,kospi_universe_summary_latest.csv,2026-06-19T09:20:11+09:00,DART_WHOLE_MARKET_LOOKBACK_CAPPED_90D_FROM_180D
192410,오늘이엔엠,CHECK_LIMITED,확인제한,,,,0,kosdaq_universe_summary_latest.csv,2026-06-19T09:20:11+09:00,DART_WHOLE_MARKET_LOOKBACK_CAPPED_90D_FROM_180D
192440,슈피겐코리아,CHECK_LIMITED,확인제한,,,,0,kosdaq_universe_summary_latest.csv,2026-06-19T09:20:11+09:00,DART_WHOLE_MARKET_LOOKBACK_CAPPED_90D_FROM_180D
192650,드림텍,CHECK_LIMITED,확인제한,,,,0,kospi_universe_summary_latest.csv,2026-06-19T09:20:11+09:00,DART_WHOLE_MARKET_LOOKBACK_CAPPED_90D_FROM_180D
192820,코스맥스,CHECK_LIMITED,확인제한,,,,0,"kospi_monthly_cycle_latest.csv,kospi_universe_summary_latest.csv",2026-06-19T09:20:11+09:00,DART_WHOLE_MARKET_LOOKBACK_CAPPED_90D_FROM_180D
193250,링크드,CHECK_LIMITED,확인제한,,,,0,kosdaq_universe_summary_latest.csv,2026-06-19T09:20:11+09:00,DART_WHOLE_MARKET_LOOKBACK_CAPPED_90D_FROM_180D
194370,제이에스코퍼레이션,CHECK_LIMITED,확인제한,,,,0,kospi_universe_summary_latest.csv,2026-06-19T09:20:11+09:00,DART_WHOLE_MARKET_LOOKBACK_CAPPED_90D_FROM_180D
194480,데브시스터즈,CHECK_LIMITED,확인제한,,,,0,kosdaq_universe_summary_latest.csv,2026-06-19T09:20:11+09:00,DART_WHOLE_MARKET_LOOKBACK_CAPPED_90D_FROM_180D
194700,노바렉스,CHECK_LIMITED,확인제한,,,,0,kosdaq_universe_summary_latest.csv,2026-06-19T09:20:11+09:00,DART_WHOLE_MARKET_LOOKBACK_CAPPED_90D_FROM_180D
195500,마니커에프앤지,CHECK_LIMITED,확인제한,,,,0,kosdaq_universe_summary_latest.csv,2026-06-19T09:20:11+09:00,DART_WHOLE_MARKET_LOOKBACK_CAPPED_90D_FROM_180D
195870,해성디에스,CHECK_LIMITED,확인제한,,,,0,"kospi_monthly_cycle_latest.csv,kospi_universe_summary_latest.csv",2026-06-19T09:20:11+09:00,DART_WHOLE_MARKET_LOOKBACK_CAPPED_90D_FROM_180D
195940,HK이노엔,CHECK_LIMITED,확인제한,,,,0,kosdaq_universe_summary_latest.csv,2026-06-19T09:20:11+09:00,DART_WHOLE_MARKET_LOOKBACK_CAPPED_90D_FROM_180D
195990,에이비프로바이오,CHECK_LIMITED,확인제한,,,,0,kosdaq_universe_summary_latest.csv,2026-06-19T09:20:11+09:00,DART_WHOLE_MARKET_LOOKBACK_CAPPED_90D_FROM_180D
196170,알테오젠,CHECK_LIMITED,확인제한,,,,0,"kosdaq_candidates_10_latest.csv,kosdaq_recommend_5_latest.csv,kosdaq_universe_summary_latest.csv",2026-06-19T09:20:11+09:00,DART_WHOLE_MARKET_LOOKBACK_CAPPED_90D_FROM_180D
196300,HLB펩,CHECK_LIMITED,확인제한,,,,0,kosdaq_universe_summary_latest.csv,2026-06-19T09:20:11+09:00,DART_WHOLE_MARKET_LOOKBACK_CAPPED_90D_FROM_180D
196450,코아시아씨엠,CHECK_LIMITED,확인제한,,,,0,kosdaq_universe_summary_latest.csv,2026-06-19T09:20:11+09:00,DART_WHOLE_MARKET_LOOKBACK_CAPPED_90D_FROM_180D
196490,디에이테크놀로지,CHECK_LIMITED,확인제한,,,,0,kosdaq_universe_summary_latest.csv,2026-06-19T09:20:11+09:00,DART_WHOLE_MARKET_LOOKBACK_CAPPED_90D_FROM_180D
196700,웹스,CHECK_LIMITED,확인제한,,,,0,kosdaq_universe_summary_latest.csv,2026-06-19T09:20:11+09:00,DART_WHOLE_MARKET_LOOKBACK_CAPPED_90D_FROM_180D
197140,디지캡,CHECK_LIMITED,확인제한,,,,0,kosdaq_universe_summary_latest.csv,2026-06-19T09:20:11+09:00,DART_WHOLE_MARKET_LOOKBACK_CAPPED_90D_FROM_180D
198080,캐프,CHECK_LIMITED,확인제한,,,,0,kosdaq_universe_summary_latest.csv,2026-06-19T09:20:11+09:00,DART_WHOLE_MARKET_LOOKBACK_CAPPED_90D_FROM_180D
198440,강동씨앤엘,CHECK_LIMITED,확인제한,,,,0,kosdaq_universe_summary_latest.csv,2026-06-19T09:20:11+09:00,DART_WHOLE_MARKET_LOOKBACK_CAPPED_90D_FROM_180D
198940,한주라이트메탈,CHECK_LIMITED,확인제한,,,,0,kosdaq_universe_summary_latest.csv,2026-06-19T09:20:11+09:00,DART_WHOLE_MARKET_LOOKBACK_CAPPED_90D_FROM_180D
199430,케이엔알시스템,CHECK_LIMITED,확인제한,,,,0,kosdaq_universe_summary_latest.csv,2026-06-19T09:20:11+09:00,DART_WHOLE_MARKET_LOOKBACK_CAPPED_90D_FROM_180D
199480,뱅크웨어글로벌,CHECK_LIMITED,확인제한,,,,0,kosdaq_universe_summary_latest.csv,2026-06-19T09:20:11+09:00,DART_WHOLE_MARKET_LOOKBACK_CAPPED_90D_FROM_180D
199550,레이저옵텍,CHECK_LIMITED,확인제한,,,,0,kosdaq_universe_summary_latest.csv,2026-06-19T09:20:11+09:00,DART_WHOLE_MARKET_LOOKBACK_CAPPED_90D_FROM_180D
199730,바이오인프라,CHECK_LIMITED,확인제한,,,,0,kosdaq_universe_summary_latest.csv,2026-06-19T09:20:11+09:00,DART_WHOLE_MARKET_LOOKBACK_CAPPED_90D_FROM_180D
199800,툴젠,CHECK_LIMITED,확인제한,,,,0,kosdaq_universe_summary_latest.csv,2026-06-19T09:20:11+09:00,DART_WHOLE_MARKET_LOOKBACK_CAPPED_90D_FROM_180D
199820,제일일렉트릭,CHECK_LIMITED,확인제한,,,,0,kosdaq_universe_summary_latest.csv,2026-06-19T09:20:11+09:00,DART_WHOLE_MARKET_LOOKBACK_CAPPED_90D_FROM_180D
200130,콜마비앤에이치,CHECK_LIMITED,확인제한,,,,0,kosdaq_universe_summary_latest.csv,2026-06-19T09:20:11+09:00,DART_WHOLE_MARKET_LOOKBACK_CAPPED_90D_FROM_180D
200230,텔콘RF제약,CHECK_LIMITED,확인제한,,,,0,kosdaq_universe_summary_latest.csv,2026-06-19T09:20:11+09:00,DART_WHOLE_MARKET_LOOKBACK_CAPPED_90D_FROM_180D
200350,아티스트스튜디오,CHECK_LIMITED,확인제한,,,,0,kosdaq_universe_summary_latest.csv,2026-06-19T09:20:11+09:00,DART_WHOLE_MARKET_LOOKBACK_CAPPED_90D_FROM_180D
200470,에이팩트,CHECK_LIMITED,확인제한,,,,0,kosdaq_universe_summary_latest.csv,2026-06-19T09:20:11+09:00,DART_WHOLE_MARKET_LOOKBACK_CAPPED_90D_FROM_180D
200670,휴메딕스,CHECK_LIMITED,확인제한,,,,0,kosdaq_universe_summary_latest.csv,2026-06-19T09:20:11+09:00,DART_WHOLE_MARKET_LOOKBACK_CAPPED_90D_FROM_180D
200710,에이디테크놀로지,CHECK_LIMITED,확인제한,,,,0,kosdaq_universe_summary_latest.csv,2026-06-19T09:20:11+09:00,DART_WHOLE_MARKET_LOOKBACK_CAPPED_90D_FROM_180D
200780,비씨월드제약,CHECK_LIMITED,확인제한,,,,0,kosdaq_universe_summary_latest.csv,2026-06-19T09:20:11+09:00,DART_WHOLE_MARKET_LOOKBACK_CAPPED_90D_FROM_180D
200880,서연이화,CHECK_LIMITED,확인제한,,,,0,kospi_universe_summary_latest.csv,2026-06-19T09:20:11+09:00,DART_WHOLE_MARKET_LOOKBACK_CAPPED_90D_FROM_180D
201490,미투온,CHECK_LIMITED,확인제한,,,,0,kosdaq_universe_summary_latest.csv,2026-06-19T09:20:11+09:00,DART_WHOLE_MARKET_LOOKBACK_CAPPED_90D_FROM_180D
203400,에이비온,CHECK_LIMITED,확인제한,,,,0,kosdaq_universe_summary_latest.csv,2026-06-19T09:20:11+09:00,DART_WHOLE_MARKET_LOOKBACK_CAPPED_90D_FROM_180D
203450,유니온바이오메트릭스,CHECK_LIMITED,확인제한,,,,0,kosdaq_universe_summary_latest.csv,2026-06-19T09:20:11+09:00,DART_WHOLE_MARKET_LOOKBACK_CAPPED_90D_FROM_180D
203650,드림시큐리티,CHECK_LIMITED,확인제한,,,,0,kosdaq_universe_summary_latest.csv,2026-06-19T09:20:11+09:00,DART_WHOLE_MARKET_LOOKBACK_CAPPED_90D_FROM_180D
203690,아크솔루션스,CHECK_LIMITED,확인제한,,,,0,kosdaq_universe_summary_latest.csv,2026-06-19T09:20:11+09:00,DART_WHOLE_MARKET_LOOKBACK_CAPPED_90D_FROM_180D
204020,그리티,CHECK_LIMITED,확인제한,,,,0,kosdaq_universe_summary_latest.csv,2026-06-19T09:20:11+09:00,DART_WHOLE_MARKET_LOOKBACK_CAPPED_90D_FROM_180D
204210,JK리버스톤리츠,CHECK_LIMITED,확인제한,,,,0,kospi_universe_summary_latest.csv,2026-06-19T09:20:11+09:00,DART_WHOLE_MARKET_LOOKBACK_CAPPED_90D_FROM_180D
204270,제이앤티씨,CHECK_LIMITED,확인제한,,,,0,kosdaq_universe_summary_latest.csv,2026-06-19T09:20:11+09:00,DART_WHOLE_MARKET_LOOKBACK_CAPPED_90D_FROM_180D
204320,HL만도,CHECK_LIMITED,확인제한,,,,0,"kospi_candidates_30_latest.csv,kospi_short_term_candidates_30_latest.csv,kospi_universe_summary_latest.csv",2026-06-19T09:20:11+09:00,DART_WHOLE_MARKET_LOOKBACK_CAPPED_90D_FROM_180D
204610,티쓰리,CHECK_LIMITED,확인제한,,,,0,kosdaq_universe_summary_latest.csv,2026-06-19T09:20:11+09:00,DART_WHOLE_MARKET_LOOKBACK_CAPPED_90D_FROM_180D
204620,글로벌텍스프리,CHECK_LIMITED,확인제한,,,,0,kosdaq_universe_summary_latest.csv,2026-06-19T09:20:11+09:00,DART_WHOLE_MARKET_LOOKBACK_CAPPED_90D_FROM_180D
204840,지엘팜텍,CHECK_LIMITED,확인제한,,,,0,kosdaq_universe_summary_latest.csv,2026-06-19T09:20:11+09:00,DART_WHOLE_MARKET_LOOKBACK_CAPPED_90D_FROM_180D
205100,엑셈,CHECK_LIMITED,확인제한,,,,0,kosdaq_universe_summary_latest.csv,2026-06-19T09:20:11+09:00,DART_WHOLE_MARKET_LOOKBACK_CAPPED_90D_FROM_180D
205470,휴마시스,CHECK_LIMITED,확인제한,,,,0,kosdaq_universe_summary_latest.csv,2026-06-19T09:20:11+09:00,DART_WHOLE_MARKET_LOOKBACK_CAPPED_90D_FROM_180D
205500,넥써쓰,CHECK_LIMITED,확인제한,,,,0,kosdaq_universe_summary_latest.csv,2026-06-19T09:20:11+09:00,DART_WHOLE_MARKET_LOOKBACK_CAPPED_90D_FROM_180D
206400,베노티앤알,CHECK_LIMITED,확인제한,,,,0,kosdaq_universe_summary_latest.csv,2026-06-19T09:20:11+09:00,DART_WHOLE_MARKET_LOOKBACK_CAPPED_90D_FROM_180D
206560,덱스터,CHECK_LIMITED,확인제한,,,,0,kosdaq_universe_summary_latest.csv,2026-06-19T09:20:11+09:00,DART_WHOLE_MARKET_LOOKBACK_CAPPED_90D_FROM_180D
206640,바디텍메드,CHECK_LIMITED,확인제한,,,,0,kosdaq_universe_summary_latest.csv,2026-06-19T09:20:11+09:00,DART_WHOLE_MARKET_LOOKBACK_CAPPED_90D_FROM_180D
206650,유바이오로직스,CHECK_LIMITED,확인제한,,,,0,kosdaq_universe_summary_latest.csv,2026-06-19T09:20:11+09:00,DART_WHOLE_MARKET_LOOKBACK_CAPPED_90D_FROM_180D
207760,미스터블루,CHECK_LIMITED,확인제한,,,,0,kosdaq_universe_summary_latest.csv,2026-06-19T09:20:11+09:00,DART_WHOLE_MARKET_LOOKBACK_CAPPED_90D_FROM_180D
207940,삼성바이오로직스,CHECK_LIMITED,확인제한,,,,0,"kospi_candidates_30_latest.csv,kospi_recommend_7_latest.csv,kospi_short_term_candidates_30_latest.csv,kospi_universe_summary_latest.csv",2026-06-19T09:20:11+09:00,DART_WHOLE_MARKET_LOOKBACK_CAPPED_90D_FROM_180D
208140,정다운,CHECK_LIMITED,확인제한,,,,0,kosdaq_universe_summary_latest.csv,2026-06-19T09:20:11+09:00,DART_WHOLE_MARKET_LOOKBACK_CAPPED_90D_FROM_180D
208350,지란지교시큐리티,CHECK_LIMITED,확인제한,,,,0,kosdaq_universe_summary_latest.csv,2026-06-19T09:20:11+09:00,DART_WHOLE_MARKET_LOOKBACK_CAPPED_90D_FROM_180D
208370,셀바스헬스케어,CHECK_LIMITED,확인제한,,,,0,kosdaq_universe_summary_latest.csv,2026-06-19T09:20:11+09:00,DART_WHOLE_MARKET_LOOKBACK_CAPPED_90D_FROM_180D
208640,썸에이지,CHECK_LIMITED,확인제한,,,,0,kosdaq_universe_summary_latest.csv,2026-06-19T09:20:11+09:00,DART_WHOLE_MARKET_LOOKBACK_CAPPED_90D_FROM_180D
208710,포톤,CHECK_LIMITED,확인제한,,,,0,kosdaq_universe_summary_latest.csv,2026-06-19T09:20:11+09:00,DART_WHOLE_MARKET_LOOKBACK_CAPPED_90D_FROM_180D
208860,다산디엠씨,CHECK_LIMITED,확인제한,,,,0,kosdaq_universe_summary_latest.csv,2026-06-19T09:20:11+09:00,DART_WHOLE_MARKET_LOOKBACK_CAPPED_90D_FROM_180D
209640,와이제이링크,CHECK_LIMITED,확인제한,,,,0,kosdaq_universe_summary_latest.csv,2026-06-19T09:20:11+09:00,DART_WHOLE_MARKET_LOOKBACK_CAPPED_90D_FROM_180D
210120,캔버스엔,CHECK_LIMITED,확인제한,,,,0,kosdaq_universe_summary_latest.csv,2026-06-19T09:20:11+09:00,DART_WHOLE_MARKET_LOOKBACK_CAPPED_90D_FROM_180D
210540,디와이파워,CHECK_LIMITED,확인제한,,,,0,kospi_universe_summary_latest.csv,2026-06-19T09:20:11+09:00,DART_WHOLE_MARKET_LOOKBACK_CAPPED_90D_FROM_180D
210980,SK디앤디,CHECK_LIMITED,확인제한,,,,0,kospi_universe_summary_latest.csv,2026-06-19T09:20:11+09:00,DART_WHOLE_MARKET_LOOKBACK_CAPPED_90D_FROM_180D
211050,인카금융서비스,CHECK_LIMITED,확인제한,,,,0,kosdaq_universe_summary_latest.csv,2026-06-19T09:20:11+09:00,DART_WHOLE_MARKET_LOOKBACK_CAPPED_90D_FROM_180D
211270,AP위성,CHECK_LIMITED,확인제한,,,,0,kosdaq_universe_summary_latest.csv,2026-06-19T09:20:11+09:00,DART_WHOLE_MARKET_LOOKBACK_CAPPED_90D_FROM_180D
212560,네오오토,CHECK_LIMITED,확인제한,,,,0,kosdaq_universe_summary_latest.csv,2026-06-19T09:20:11+09:00,DART_WHOLE_MARKET_LOOKBACK_CAPPED_90D_FROM_180D
212710,아이에스티이,CHECK_LIMITED,확인제한,,,,0,kosdaq_universe_summary_latest.csv,2026-06-19T09:20:11+09:00,DART_WHOLE_MARKET_LOOKBACK_CAPPED_90D_FROM_180D
213420,덕산네오룩스,CHECK_LIMITED,확인제한,,,,0,kosdaq_universe_summary_latest.csv,2026-06-19T09:20:11+09:00,DART_WHOLE_MARKET_LOOKBACK_CAPPED_90D_FROM_180D
213500,한솔제지,CHECK_LIMITED,확인제한,,,,0,kospi_universe_summary_latest.csv,2026-06-19T09:20:11+09:00,DART_WHOLE_MARKET_LOOKBACK_CAPPED_90D_FROM_180D
214150,클래시스,CHECK_LIMITED,확인제한,,,,0,kosdaq_universe_summary_latest.csv,2026-06-19T09:20:11+09:00,DART_WHOLE_MARKET_LOOKBACK_CAPPED_90D_FROM_180D
214180,헥토이노베이션,CHECK_LIMITED,확인제한,,,,0,kosdaq_universe_summary_latest.csv,2026-06-19T09:20:11+09:00,DART_WHOLE_MARKET_LOOKBACK_CAPPED_90D_FROM_180D
214260,라파스,CHECK_LIMITED,확인제한,,,,0,kosdaq_universe_summary_latest.csv,2026-06-19T09:20:11+09:00,DART_WHOLE_MARKET_LOOKBACK_CAPPED_90D_FROM_180D
214270,FSN,CHECK_LIMITED,확인제한,,,,0,kosdaq_universe_summary_latest.csv,2026-06-19T09:20:11+09:00,DART_WHOLE_MARKET_LOOKBACK_CAPPED_90D_FROM_180D
214320,이노션,CHECK_LIMITED,확인제한,,,,0,kospi_universe_summary_latest.csv,2026-06-19T09:20:11+09:00,DART_WHOLE_MARKET_LOOKBACK_CAPPED_90D_FROM_180D
214330,금호에이치티,CHECK_LIMITED,확인제한,,,,0,kospi_universe_summary_latest.csv,2026-06-19T09:20:11+09:00,DART_WHOLE_MARKET_LOOKBACK_CAPPED_90D_FROM_180D
214370,케어젠,CHECK_LIMITED,확인제한,,,,0,kosdaq_universe_summary_latest.csv,2026-06-19T09:20:11+09:00,DART_WHOLE_MARKET_LOOKBACK_CAPPED_90D_FROM_180D
214390,경보제약,CHECK_LIMITED,확인제한,,,,0,kospi_universe_summary_latest.csv,2026-06-19T09:20:11+09:00,DART_WHOLE_MARKET_LOOKBACK_CAPPED_90D_FROM_180D
214420,토니모리,CHECK_LIMITED,확인제한,,,,0,kospi_universe_summary_latest.csv,2026-06-19T09:20:11+09:00,DART_WHOLE_MARKET_LOOKBACK_CAPPED_90D_FROM_180D
214430,아이쓰리시스템,CHECK_LIMITED,확인제한,,,,0,kosdaq_universe_summary_latest.csv,2026-06-19T09:20:11+09:00,DART_WHOLE_MARKET_LOOKBACK_CAPPED_90D_FROM_180D
214450,파마리서치,CHECK_LIMITED,확인제한,,,,0,"kosdaq_universe_summary_latest.csv,watchlist_summary_latest.csv",2026-06-19T09:20:11+09:00,DART_WHOLE_MARKET_LOOKBACK_CAPPED_90D_FROM_180D
214610,롤링스톤,CHECK_LIMITED,확인제한,,,,0,kosdaq_universe_summary_latest.csv,2026-06-19T09:20:11+09:00,DART_WHOLE_MARKET_LOOKBACK_CAPPED_90D_FROM_180D
214680,디알텍,CHECK_LIMITED,확인제한,,,,0,kosdaq_universe_summary_latest.csv,2026-06-19T09:20:11+09:00,DART_WHOLE_MARKET_LOOKBACK_CAPPED_90D_FROM_180D
215000,골프존,CHECK_LIMITED,확인제한,,,,0,kosdaq_universe_summary_latest.csv,2026-06-19T09:20:11+09:00,DART_WHOLE_MARKET_LOOKBACK_CAPPED_90D_FROM_180D
215090,솔디펜스,CHECK_LIMITED,확인제한,,,,0,kosdaq_universe_summary_latest.csv,2026-06-19T09:20:11+09:00,DART_WHOLE_MARKET_LOOKBACK_CAPPED_90D_FROM_180D
215100,로보로보,CHECK_LIMITED,확인제한,,,,0,kosdaq_universe_summary_latest.csv,2026-06-19T09:20:11+09:00,DART_WHOLE_MARKET_LOOKBACK_CAPPED_90D_FROM_180D
215200,메가스터디교육,CHECK_LIMITED,확인제한,,,,0,kosdaq_universe_summary_latest.csv,2026-06-19T09:20:11+09:00,DART_WHOLE_MARKET_LOOKBACK_CAPPED_90D_FROM_180D
215360,우리산업,CHECK_LIMITED,확인제한,,,,0,kosdaq_universe_summary_latest.csv,2026-06-19T09:20:11+09:00,DART_WHOLE_MARKET_LOOKBACK_CAPPED_90D_FROM_180D
215380,우정바이오,CHECK_LIMITED,확인제한,,,,0,kosdaq_universe_summary_latest.csv,2026-06-19T09:20:11+09:00,DART_WHOLE_MARKET_LOOKBACK_CAPPED_90D_FROM_180D
215480,토박스코리아,CHECK_LIMITED,확인제한,,,,0,kosdaq_universe_summary_latest.csv,2026-06-19T09:20:11+09:00,DART_WHOLE_MARKET_LOOKBACK_CAPPED_90D_FROM_180D
215600,신라젠,CHECK_LIMITED,확인제한,,,,0,kosdaq_universe_summary_latest.csv,2026-06-19T09:20:11+09:00,DART_WHOLE_MARKET_LOOKBACK_CAPPED_90D_FROM_180D
215790,이노인스트루먼트,CHECK_LIMITED,확인제한,,,,0,kosdaq_universe_summary_latest.csv,2026-06-19T09:20:11+09:00,DART_WHOLE_MARKET_LOOKBACK_CAPPED_90D_FROM_180D
216050,인크로스,CHECK_LIMITED,확인제한,,,,0,kosdaq_universe_summary_latest.csv,2026-06-19T09:20:11+09:00,DART_WHOLE_MARKET_LOOKBACK_CAPPED_90D_FROM_180D
216080,제테마,CHECK_LIMITED,확인제한,,,,0,kosdaq_universe_summary_latest.csv,2026-06-19T09:20:11+09:00,DART_WHOLE_MARKET_LOOKBACK_CAPPED_90D_FROM_180D
217190,제너셈,CHECK_LIMITED,확인제한,,,,0,kosdaq_universe_summary_latest.csv,2026-06-19T09:20:11+09:00,DART_WHOLE_MARKET_LOOKBACK_CAPPED_90D_FROM_180D
217270,넵튠,CHECK_LIMITED,확인제한,,,,0,kosdaq_universe_summary_latest.csv,2026-06-19T09:20:11+09:00,DART_WHOLE_MARKET_LOOKBACK_CAPPED_90D_FROM_180D
217330,싸이토젠,CHECK_LIMITED,확인제한,,,,0,kosdaq_universe_summary_latest.csv,2026-06-19T09:20:11+09:00,DART_WHOLE_MARKET_LOOKBACK_CAPPED_90D_FROM_180D
217480,에스디생명공학,CHECK_LIMITED,확인제한,,,,0,kosdaq_universe_summary_latest.csv,2026-06-19T09:20:11+09:00,DART_WHOLE_MARKET_LOOKBACK_CAPPED_90D_FROM_180D
217500,러셀,CHECK_LIMITED,확인제한,,,,0,kosdaq_universe_summary_latest.csv,2026-06-19T09:20:11+09:00,DART_WHOLE_MARKET_LOOKBACK_CAPPED_90D_FROM_180D
217590,티엠씨,CHECK_LIMITED,확인제한,,,,0,kospi_universe_summary_latest.csv,2026-06-19T09:20:11+09:00,DART_WHOLE_MARKET_LOOKBACK_CAPPED_90D_FROM_180D
217620,선샤인푸드,CHECK_LIMITED,확인제한,,,,0,kosdaq_universe_summary_latest.csv,2026-06-19T09:20:11+09:00,DART_WHOLE_MARKET_LOOKBACK_CAPPED_90D_FROM_180D
217730,강스템바이오텍,CHECK_LIMITED,확인제한,,,,0,kosdaq_universe_summary_latest.csv,2026-06-19T09:20:11+09:00,DART_WHOLE_MARKET_LOOKBACK_CAPPED_90D_FROM_180D
217820,원익피앤이,CHECK_LIMITED,확인제한,,,,0,kosdaq_universe_summary_latest.csv,2026-06-19T09:20:11+09:00,DART_WHOLE_MARKET_LOOKBACK_CAPPED_90D_FROM_180D
218150,미래생명자원,CHECK_LIMITED,확인제한,,,,0,kosdaq_universe_summary_latest.csv,2026-06-19T09:20:11+09:00,DART_WHOLE_MARKET_LOOKBACK_CAPPED_90D_FROM_180D
218410,RFHIC,CHECK_LIMITED,확인제한,,,,0,kosdaq_universe_summary_latest.csv,2026-06-19T09:20:11+09:00,DART_WHOLE_MARKET_LOOKBACK_CAPPED_90D_FROM_180D
219130,타이거일렉,CHECK_LIMITED,확인제한,,,,0,kosdaq_universe_summary_latest.csv,2026-06-19T09:20:11+09:00,DART_WHOLE_MARKET_LOOKBACK_CAPPED_90D_FROM_180D
219420,링크제니시스,CHECK_LIMITED,확인제한,,,,0,kosdaq_universe_summary_latest.csv,2026-06-19T09:20:11+09:00,DART_WHOLE_MARKET_LOOKBACK_CAPPED_90D_FROM_180D
219550,디와이디,CHECK_LIMITED,확인제한,,,,0,kosdaq_universe_summary_latest.csv,2026-06-19T09:20:11+09:00,DART_WHOLE_MARKET_LOOKBACK_CAPPED_90D_FROM_180D
219750,한국비티비,CHECK_LIMITED,확인제한,,,,0,kosdaq_universe_summary_latest.csv,2026-06-19T09:20:11+09:00,DART_WHOLE_MARKET_LOOKBACK_CAPPED_90D_FROM_180D
220100,퓨쳐켐,CHECK_LIMITED,확인제한,,,,0,kosdaq_universe_summary_latest.csv,2026-06-19T09:20:11+09:00,DART_WHOLE_MARKET_LOOKBACK_CAPPED_90D_FROM_180D
220180,핸디소프트,CHECK_LIMITED,확인제한,,,,0,kosdaq_universe_summary_latest.csv,2026-06-19T09:20:11+09:00,DART_WHOLE_MARKET_LOOKBACK_CAPPED_90D_FROM_180D
220260,켐트로스,CHECK_LIMITED,확인제한,,,,0,kosdaq_universe_summary_latest.csv,2026-06-19T09:20:11+09:00,DART_WHOLE_MARKET_LOOKBACK_CAPPED_90D_FROM_180D
221800,지구홀딩스,CHECK_LIMITED,확인제한,,,,0,kosdaq_universe_summary_latest.csv,2026-06-19T09:20:11+09:00,DART_WHOLE_MARKET_LOOKBACK_CAPPED_90D_FROM_180D
221840,하이즈항공,CHECK_LIMITED,확인제한,,,,0,kosdaq_universe_summary_latest.csv,2026-06-19T09:20:11+09:00,DART_WHOLE_MARKET_LOOKBACK_CAPPED_90D_FROM_180D
221980,케이디켐,CHECK_LIMITED,확인제한,,,,0,kosdaq_universe_summary_latest.csv,2026-06-19T09:20:11+09:00,DART_WHOLE_MARKET_LOOKBACK_CAPPED_90D_FROM_180D
222040,코스맥스엔비티,CHECK_LIMITED,확인제한,,,,0,kosdaq_universe_summary_latest.csv,2026-06-19T09:20:11+09:00,DART_WHOLE_MARKET_LOOKBACK_CAPPED_90D_FROM_180D
222080,씨아이에스,CHECK_LIMITED,확인제한,,,,0,kosdaq_universe_summary_latest.csv,2026-06-19T09:20:11+09:00,DART_WHOLE_MARKET_LOOKBACK_CAPPED_90D_FROM_180D
222110,팬젠,CHECK_LIMITED,확인제한,,,,0,kosdaq_universe_summary_latest.csv,2026-06-19T09:20:11+09:00,DART_WHOLE_MARKET_LOOKBACK_CAPPED_90D_FROM_180D
222160,NPX,CHECK_LIMITED,확인제한,,,,0,kosdaq_universe_summary_latest.csv,2026-06-19T09:20:11+09:00,DART_WHOLE_MARKET_LOOKBACK_CAPPED_90D_FROM_180D
222420,쎄노텍,CHECK_LIMITED,확인제한,,,,0,kosdaq_universe_summary_latest.csv,2026-06-19T09:20:11+09:00,DART_WHOLE_MARKET_LOOKBACK_CAPPED_90D_FROM_180D
222800,심텍,CHECK_LIMITED,확인제한,,,,0,kosdaq_universe_summary_latest.csv,2026-06-19T09:20:11+09:00,DART_WHOLE_MARKET_LOOKBACK_CAPPED_90D_FROM_180D
222980,한국맥널티,CHECK_LIMITED,확인제한,,,,0,kosdaq_universe_summary_latest.csv,2026-06-19T09:20:11+09:00,DART_WHOLE_MARKET_LOOKBACK_CAPPED_90D_FROM_180D
223250,드림씨아이에스,CHECK_LIMITED,확인제한,,,,0,kosdaq_universe_summary_latest.csv,2026-06-19T09:20:11+09:00,DART_WHOLE_MARKET_LOOKBACK_CAPPED_90D_FROM_180D
223310,사토시홀딩스,CHECK_LIMITED,확인제한,,,,0,kosdaq_universe_summary_latest.csv,2026-06-19T09:20:11+09:00,DART_WHOLE_MARKET_LOOKBACK_CAPPED_90D_FROM_180D
224060,더코디,CHECK_LIMITED,확인제한,,,,0,kosdaq_universe_summary_latest.csv,2026-06-19T09:20:11+09:00,DART_WHOLE_MARKET_LOOKBACK_CAPPED_90D_FROM_180D
224110,에이텍모빌리티,CHECK_LIMITED,확인제한,,,,0,kosdaq_universe_summary_latest.csv,2026-06-19T09:20:11+09:00,DART_WHOLE_MARKET_LOOKBACK_CAPPED_90D_FROM_180D
225190,LK삼양,CHECK_LIMITED,확인제한,,,,0,kosdaq_universe_summary_latest.csv,2026-06-19T09:20:11+09:00,DART_WHOLE_MARKET_LOOKBACK_CAPPED_90D_FROM_180D
225220,제놀루션,CHECK_LIMITED,확인제한,,,,0,kosdaq_universe_summary_latest.csv,2026-06-19T09:20:11+09:00,DART_WHOLE_MARKET_LOOKBACK_CAPPED_90D_FROM_180D
225430,케이엠제약,CHECK_LIMITED,확인제한,,,,0,kosdaq_universe_summary_latest.csv,2026-06-19T09:20:11+09:00,DART_WHOLE_MARKET_LOOKBACK_CAPPED_90D_FROM_180D
225530,HC보광산업,CHECK_LIMITED,확인제한,,,,0,kosdaq_universe_summary_latest.csv,2026-06-19T09:20:11+09:00,DART_WHOLE_MARKET_LOOKBACK_CAPPED_90D_FROM_180D
225570,넥슨게임즈,CHECK_LIMITED,확인제한,,,,0,kosdaq_universe_summary_latest.csv,2026-06-19T09:20:11+09:00,DART_WHOLE_MARKET_LOOKBACK_CAPPED_90D_FROM_180D
225590,패션플랫폼,CHECK_LIMITED,확인제한,,,,0,kosdaq_universe_summary_latest.csv,2026-06-19T09:20:11+09:00,DART_WHOLE_MARKET_LOOKBACK_CAPPED_90D_FROM_180D
226320,잇츠한불,CHECK_LIMITED,확인제한,,,,0,kospi_universe_summary_latest.csv,2026-06-19T09:20:11+09:00,DART_WHOLE_MARKET_LOOKBACK_CAPPED_90D_FROM_180D
226330,신테카바이오,CHECK_LIMITED,확인제한,,,,0,kosdaq_universe_summary_latest.csv,2026-06-19T09:20:11+09:00,DART_WHOLE_MARKET_LOOKBACK_CAPPED_90D_FROM_180D
226340,본느,CHECK_LIMITED,확인제한,,,,0,kosdaq_universe_summary_latest.csv,2026-06-19T09:20:11+09:00,DART_WHOLE_MARKET_LOOKBACK_CAPPED_90D_FROM_180D
226400,오스테오닉,CHECK_LIMITED,확인제한,,,,0,kosdaq_universe_summary_latest.csv,2026-06-19T09:20:11+09:00,DART_WHOLE_MARKET_LOOKBACK_CAPPED_90D_FROM_180D
226590,엠디바이스,CHECK_LIMITED,확인제한,,,,0,kosdaq_universe_summary_latest.csv,2026-06-19T09:20:11+09:00,DART_WHOLE_MARKET_LOOKBACK_CAPPED_90D_FROM_180D
226950,올릭스,CHECK_LIMITED,확인제한,,,,0,kosdaq_universe_summary_latest.csv,2026-06-19T09:20:11+09:00,DART_WHOLE_MARKET_LOOKBACK_CAPPED_90D_FROM_180D
227100,프로브잇,CHECK_LIMITED,확인제한,,,,0,kosdaq_universe_summary_latest.csv,2026-06-19T09:20:11+09:00,DART_WHOLE_MARKET_LOOKBACK_CAPPED_90D_FROM_180D
227610,아우딘퓨쳐스,CHECK_LIMITED,확인제한,,,,0,kosdaq_universe_summary_latest.csv,2026-06-19T09:20:11+09:00,DART_WHOLE_MARKET_LOOKBACK_CAPPED_90D_FROM_180D
227840,현대코퍼레이션홀딩스,CHECK_LIMITED,확인제한,,,,0,kospi_universe_summary_latest.csv,2026-06-19T09:20:11+09:00,DART_WHOLE_MARKET_LOOKBACK_CAPPED_90D_FROM_180D
227950,엔투텍,CHECK_LIMITED,확인제한,,,,0,kosdaq_universe_summary_latest.csv,2026-06-19T09:20:11+09:00,DART_WHOLE_MARKET_LOOKBACK_CAPPED_90D_FROM_180D
228340,동양파일,CHECK_LIMITED,확인제한,,,,0,kosdaq_universe_summary_latest.csv,2026-06-19T09:20:11+09:00,DART_WHOLE_MARKET_LOOKBACK_CAPPED_90D_FROM_180D
228670,레이,CHECK_LIMITED,확인제한,,,,0,kosdaq_universe_summary_latest.csv,2026-06-19T09:20:11+09:00,DART_WHOLE_MARKET_LOOKBACK_CAPPED_90D_FROM_180D
228760,지노믹트리,CHECK_LIMITED,확인제한,,,,0,kosdaq_universe_summary_latest.csv,2026-06-19T09:20:11+09:00,DART_WHOLE_MARKET_LOOKBACK_CAPPED_90D_FROM_180D
228850,레이언스,CHECK_LIMITED,확인제한,,,,0,kosdaq_universe_summary_latest.csv,2026-06-19T09:20:11+09:00,DART_WHOLE_MARKET_LOOKBACK_CAPPED_90D_FROM_180D
229000,젠큐릭스,CHECK_LIMITED,확인제한,,,,0,kosdaq_universe_summary_latest.csv,2026-06-19T09:20:11+09:00,DART_WHOLE_MARKET_LOOKBACK_CAPPED_90D_FROM_180D
229640,LS에코에너지,CHECK_LIMITED,확인제한,,,,0,kospi_universe_summary_latest.csv,2026-06-19T09:20:11+09:00,DART_WHOLE_MARKET_LOOKBACK_CAPPED_90D_FROM_180D
230240,에치에프알,CHECK_LIMITED,확인제한,,,,0,kosdaq_universe_summary_latest.csv,2026-06-19T09:20:11+09:00,DART_WHOLE_MARKET_LOOKBACK_CAPPED_90D_FROM_180D
230360,에코마케팅,CHECK_LIMITED,확인제한,,,,0,kosdaq_universe_summary_latest.csv,2026-06-19T09:20:11+09:00,DART_WHOLE_MARKET_LOOKBACK_CAPPED_90D_FROM_180D
230980,비유테크놀러지,CHECK_LIMITED,확인제한,,,,0,kosdaq_universe_summary_latest.csv,2026-06-19T09:20:11+09:00,DART_WHOLE_MARKET_LOOKBACK_CAPPED_90D_FROM_180D
232140,와이씨,CHECK_LIMITED,확인제한,,,,0,kosdaq_universe_summary_latest.csv,2026-06-19T09:20:11+09:00,DART_WHOLE_MARKET_LOOKBACK_CAPPED_90D_FROM_180D
232680,라온로보틱스,CHECK_LIMITED,확인제한,,,,0,kosdaq_universe_summary_latest.csv,2026-06-19T09:20:11+09:00,DART_WHOLE_MARKET_LOOKBACK_CAPPED_90D_FROM_180D
232830,아이티센피엔에스,CHECK_LIMITED,확인제한,,,,0,kosdaq_universe_summary_latest.csv,2026-06-19T09:20:11+09:00,DART_WHOLE_MARKET_LOOKBACK_CAPPED_90D_FROM_180D
234030,싸이닉솔루션,CHECK_LIMITED,확인제한,,,,0,kosdaq_universe_summary_latest.csv,2026-06-19T09:20:11+09:00,DART_WHOLE_MARKET_LOOKBACK_CAPPED_90D_FROM_180D
234080,JW생명과학,CHECK_LIMITED,확인제한,,,,0,kospi_universe_summary_latest.csv,2026-06-19T09:20:11+09:00,DART_WHOLE_MARKET_LOOKBACK_CAPPED_90D_FROM_180D
234100,폴라리스세원,CHECK_LIMITED,확인제한,,,,0,kosdaq_universe_summary_latest.csv,2026-06-19T09:20:11+09:00,DART_WHOLE_MARKET_LOOKBACK_CAPPED_90D_FROM_180D
234300,에스트래픽,CHECK_LIMITED,확인제한,,,,0,kosdaq_universe_summary_latest.csv,2026-06-19T09:20:11+09:00,DART_WHOLE_MARKET_LOOKBACK_CAPPED_90D_FROM_180D
234340,헥토파이낸셜,CHECK_LIMITED,확인제한,,,,0,kosdaq_universe_summary_latest.csv,2026-06-19T09:20:11+09:00,DART_WHOLE_MARKET_LOOKBACK_CAPPED_90D_FROM_180D
234690,녹십자웰빙,CHECK_LIMITED,확인제한,,,,0,kosdaq_universe_summary_latest.csv,2026-06-19T09:20:11+09:00,DART_WHOLE_MARKET_LOOKBACK_CAPPED_90D_FROM_180D
234920,자이글,CHECK_LIMITED,확인제한,,,,0,kosdaq_universe_summary_latest.csv,2026-06-19T09:20:11+09:00,DART_WHOLE_MARKET_LOOKBACK_CAPPED_90D_FROM_180D
235980,메드팩토,CHECK_LIMITED,확인제한,,,,0,kosdaq_universe_summary_latest.csv,2026-06-19T09:20:11+09:00,DART_WHOLE_MARKET_LOOKBACK_CAPPED_90D_FROM_180D
236200,슈프리마,CHECK_LIMITED,확인제한,,,,0,kosdaq_universe_summary_latest.csv,2026-06-19T09:20:11+09:00,DART_WHOLE_MARKET_LOOKBACK_CAPPED_90D_FROM_180D
236810,엔비티,CHECK_LIMITED,확인제한,,,,0,kosdaq_universe_summary_latest.csv,2026-06-19T09:20:11+09:00,DART_WHOLE_MARKET_LOOKBACK_CAPPED_90D_FROM_180D
237690,에스티팜,CHECK_LIMITED,확인제한,,,,0,kosdaq_universe_summary_latest.csv,2026-06-19T09:20:11+09:00,DART_WHOLE_MARKET_LOOKBACK_CAPPED_90D_FROM_180D
237750,피앤씨테크,CHECK_LIMITED,확인제한,,,,0,kosdaq_universe_summary_latest.csv,2026-06-19T09:20:11+09:00,DART_WHOLE_MARKET_LOOKBACK_CAPPED_90D_FROM_180D
237820,플레이디,CHECK_LIMITED,확인제한,,,,0,kosdaq_universe_summary_latest.csv,2026-06-19T09:20:11+09:00,DART_WHOLE_MARKET_LOOKBACK_CAPPED_90D_FROM_180D
237880,클리오,CHECK_LIMITED,확인제한,,,,0,kosdaq_universe_summary_latest.csv,2026-06-19T09:20:11+09:00,DART_WHOLE_MARKET_LOOKBACK_CAPPED_90D_FROM_180D
238090,앤디포스,CHECK_LIMITED,확인제한,,,,0,kosdaq_universe_summary_latest.csv,2026-06-19T09:20:11+09:00,DART_WHOLE_MARKET_LOOKBACK_CAPPED_90D_FROM_180D
238120,얼라인드,CHECK_LIMITED,확인제한,,,,0,kosdaq_universe_summary_latest.csv,2026-06-19T09:20:11+09:00,DART_WHOLE_MARKET_LOOKBACK_CAPPED_90D_FROM_180D
238200,비피도,CHECK_LIMITED,확인제한,,,,0,kosdaq_universe_summary_latest.csv,2026-06-19T09:20:11+09:00,DART_WHOLE_MARKET_LOOKBACK_CAPPED_90D_FROM_180D
238490,힘스,CHECK_LIMITED,확인제한,,,,0,kosdaq_universe_summary_latest.csv,2026-06-19T09:20:11+09:00,DART_WHOLE_MARKET_LOOKBACK_CAPPED_90D_FROM_180D
239340,이스트에이드,CHECK_LIMITED,확인제한,,,,0,kosdaq_universe_summary_latest.csv,2026-06-19T09:20:11+09:00,DART_WHOLE_MARKET_LOOKBACK_CAPPED_90D_FROM_180D
239610,에이치엘사이언스,CHECK_LIMITED,확인제한,,,,0,kosdaq_universe_summary_latest.csv,2026-06-19T09:20:11+09:00,DART_WHOLE_MARKET_LOOKBACK_CAPPED_90D_FROM_180D
239890,피엔에이치테크,CHECK_LIMITED,확인제한,,,,0,kosdaq_universe_summary_latest.csv,2026-06-19T09:20:11+09:00,DART_WHOLE_MARKET_LOOKBACK_CAPPED_90D_FROM_180D
240550,동방메디컬,CHECK_LIMITED,확인제한,,,,0,kosdaq_universe_summary_latest.csv,2026-06-19T09:20:11+09:00,DART_WHOLE_MARKET_LOOKBACK_CAPPED_90D_FROM_180D
240600,유진테크놀로지,CHECK_LIMITED,확인제한,,,,0,kosdaq_universe_summary_latest.csv,2026-06-19T09:20:11+09:00,DART_WHOLE_MARKET_LOOKBACK_CAPPED_90D_FROM_180D
240810,원익IPS,CHECK_LIMITED,확인제한,,,,0,kosdaq_universe_summary_latest.csv,2026-06-19T09:20:11+09:00,DART_WHOLE_MARKET_LOOKBACK_CAPPED_90D_FROM_180D
241520,DSC인베스트먼트,CHECK_LIMITED,확인제한,,,,0,kosdaq_universe_summary_latest.csv,2026-06-19T09:20:11+09:00,DART_WHOLE_MARKET_LOOKBACK_CAPPED_90D_FROM_180D
241560,두산밥캣,CHECK_LIMITED,확인제한,,,,0,kospi_universe_summary_latest.csv,2026-06-19T09:20:11+09:00,DART_WHOLE_MARKET_LOOKBACK_CAPPED_90D_FROM_180D
241590,화승엔터프라이즈,CHECK_LIMITED,확인제한,,,,0,kospi_universe_summary_latest.csv,2026-06-19T09:20:11+09:00,DART_WHOLE_MARKET_LOOKBACK_CAPPED_90D_FROM_180D
241690,유니테크노,CHECK_LIMITED,확인제한,,,,0,kosdaq_universe_summary_latest.csv,2026-06-19T09:20:11+09:00,DART_WHOLE_MARKET_LOOKBACK_CAPPED_90D_FROM_180D
241710,코스메카코리아,CHECK_LIMITED,확인제한,,,,0,kosdaq_universe_summary_latest.csv,2026-06-19T09:20:11+09:00,DART_WHOLE_MARKET_LOOKBACK_CAPPED_90D_FROM_180D
241770,메카로,CHECK_LIMITED,확인제한,,,,0,kosdaq_universe_summary_latest.csv,2026-06-19T09:20:11+09:00,DART_WHOLE_MARKET_LOOKBACK_CAPPED_90D_FROM_180D
241790,티이엠씨씨엔에스,CHECK_LIMITED,확인제한,,,,0,kosdaq_universe_summary_latest.csv,2026-06-19T09:20:11+09:00,DART_WHOLE_MARKET_LOOKBACK_CAPPED_90D_FROM_180D
241820,피씨엘,CHECK_LIMITED,확인제한,,,,0,kosdaq_universe_summary_latest.csv,2026-06-19T09:20:11+09:00,DART_WHOLE_MARKET_LOOKBACK_CAPPED_90D_FROM_180D
241840,에이스토리,CHECK_LIMITED,확인제한,,,,0,kosdaq_universe_summary_latest.csv,2026-06-19T09:20:11+09:00,DART_WHOLE_MARKET_LOOKBACK_CAPPED_90D_FROM_180D
242040,나무기술,CHECK_LIMITED,확인제한,,,,0,kosdaq_universe_summary_latest.csv,2026-06-19T09:20:11+09:00,DART_WHOLE_MARKET_LOOKBACK_CAPPED_90D_FROM_180D
243070,휴온스,CHECK_LIMITED,확인제한,,,,0,kosdaq_universe_summary_latest.csv,2026-06-19T09:20:11+09:00,DART_WHOLE_MARKET_LOOKBACK_CAPPED_90D_FROM_180D
243840,신흥에스이씨,CHECK_LIMITED,확인제한,,,,0,kosdaq_universe_summary_latest.csv,2026-06-19T09:20:11+09:00,DART_WHOLE_MARKET_LOOKBACK_CAPPED_90D_FROM_180D
244460,올리패스,CHECK_LIMITED,확인제한,,,,0,kosdaq_universe_summary_latest.csv,2026-06-19T09:20:11+09:00,DART_WHOLE_MARKET_LOOKBACK_CAPPED_90D_FROM_180D
244920,에이플러스에셋,CHECK_LIMITED,확인제한,,,,0,kospi_universe_summary_latest.csv,2026-06-19T09:20:11+09:00,DART_WHOLE_MARKET_LOOKBACK_CAPPED_90D_FROM_180D
245620,EDGC,CHECK_LIMITED,확인제한,,,,0,kosdaq_universe_summary_latest.csv,2026-06-19T09:20:11+09:00,DART_WHOLE_MARKET_LOOKBACK_CAPPED_90D_FROM_180D
246250,에스엘에스바이오,CHECK_LIMITED,확인제한,,,,0,kosdaq_universe_summary_latest.csv,2026-06-19T09:20:11+09:00,DART_WHOLE_MARKET_LOOKBACK_CAPPED_90D_FROM_180D
246690,TS인베스트먼트,CHECK_LIMITED,확인제한,,,,0,kosdaq_universe_summary_latest.csv,2026-06-19T09:20:11+09:00,DART_WHOLE_MARKET_LOOKBACK_CAPPED_90D_FROM_180D
246710,티앤알바이오팹,CHECK_LIMITED,확인제한,,,,0,kosdaq_universe_summary_latest.csv,2026-06-19T09:20:11+09:00,DART_WHOLE_MARKET_LOOKBACK_CAPPED_90D_FROM_180D
246720,아스타,CHECK_LIMITED,확인제한,,,,0,kosdaq_universe_summary_latest.csv,2026-06-19T09:20:11+09:00,DART_WHOLE_MARKET_LOOKBACK_CAPPED_90D_FROM_180D
246960,SCL사이언스,CHECK_LIMITED,확인제한,,,,0,kosdaq_universe_summary_latest.csv,2026-06-19T09:20:11+09:00,DART_WHOLE_MARKET_LOOKBACK_CAPPED_90D_FROM_180D
247540,에코프로비엠,CHECK_LIMITED,확인제한,,,,0,"kosdaq_candidates_10_latest.csv,kosdaq_universe_summary_latest.csv",2026-06-19T09:20:11+09:00,DART_WHOLE_MARKET_LOOKBACK_CAPPED_90D_FROM_180D
247660,나노씨엠에스,CHECK_LIMITED,확인제한,,,,0,kosdaq_universe_summary_latest.csv,2026-06-19T09:20:11+09:00,DART_WHOLE_MARKET_LOOKBACK_CAPPED_90D_FROM_180D
248070,솔루엠,CHECK_LIMITED,확인제한,,,,0,kospi_universe_summary_latest.csv,2026-06-19T09:20:11+09:00,DART_WHOLE_MARKET_LOOKBACK_CAPPED_90D_FROM_180D
248170,샘표식품,CHECK_LIMITED,확인제한,,,,0,kospi_universe_summary_latest.csv,2026-06-19T09:20:11+09:00,DART_WHOLE_MARKET_LOOKBACK_CAPPED_90D_FROM_180D
249420,일동제약,CHECK_LIMITED,확인제한,,,,0,kospi_universe_summary_latest.csv,2026-06-19T09:20:11+09:00,DART_WHOLE_MARKET_LOOKBACK_CAPPED_90D_FROM_180D
250000,보라티알,CHECK_LIMITED,확인제한,,,,0,kosdaq_universe_summary_latest.csv,2026-06-19T09:20:11+09:00,DART_WHOLE_MARKET_LOOKBACK_CAPPED_90D_FROM_180D
250060,모비스,CHECK_LIMITED,확인제한,,,,0,kosdaq_universe_summary_latest.csv,2026-06-19T09:20:11+09:00,DART_WHOLE_MARKET_LOOKBACK_CAPPED_90D_FROM_180D
250930,예선테크,CHECK_LIMITED,확인제한,,,,0,kosdaq_universe_summary_latest.csv,2026-06-19T09:20:11+09:00,DART_WHOLE_MARKET_LOOKBACK_CAPPED_90D_FROM_180D
251120,바이오에프디엔씨,CHECK_LIMITED,확인제한,,,,0,kosdaq_universe_summary_latest.csv,2026-06-19T09:20:11+09:00,DART_WHOLE_MARKET_LOOKBACK_CAPPED_90D_FROM_180D
251270,넷마블,CHECK_LIMITED,확인제한,,,,0,kospi_universe_summary_latest.csv,2026-06-19T09:20:11+09:00,DART_WHOLE_MARKET_LOOKBACK_CAPPED_90D_FROM_180D
251370,와이엠티,CHECK_LIMITED,확인제한,,,,0,kosdaq_universe_summary_latest.csv,2026-06-19T09:20:11+09:00,DART_WHOLE_MARKET_LOOKBACK_CAPPED_90D_FROM_180D
251630,브이원텍,CHECK_LIMITED,확인제한,,,,0,kosdaq_universe_summary_latest.csv,2026-06-19T09:20:11+09:00,DART_WHOLE_MARKET_LOOKBACK_CAPPED_90D_FROM_180D
251970,펌텍코리아,CHECK_LIMITED,확인제한,,,,0,kosdaq_universe_summary_latest.csv,2026-06-19T09:20:11+09:00,DART_WHOLE_MARKET_LOOKBACK_CAPPED_90D_FROM_180D
252500,세화피앤씨,CHECK_LIMITED,확인제한,,,,0,kosdaq_universe_summary_latest.csv,2026-06-19T09:20:11+09:00,DART_WHOLE_MARKET_LOOKBACK_CAPPED_90D_FROM_180D
252990,샘씨엔에스,CHECK_LIMITED,확인제한,,,,0,kosdaq_universe_summary_latest.csv,2026-06-19T09:20:11+09:00,DART_WHOLE_MARKET_LOOKBACK_CAPPED_90D_FROM_180D
253450,스튜디오드래곤,CHECK_LIMITED,확인제한,,,,0,kosdaq_universe_summary_latest.csv,2026-06-19T09:20:11+09:00,DART_WHOLE_MARKET_LOOKBACK_CAPPED_90D_FROM_180D
253590,네오셈,CHECK_LIMITED,확인제한,,,,0,kosdaq_universe_summary_latest.csv,2026-06-19T09:20:11+09:00,DART_WHOLE_MARKET_LOOKBACK_CAPPED_90D_FROM_180D
253840,수젠텍,CHECK_LIMITED,확인제한,,,,0,kosdaq_universe_summary_latest.csv,2026-06-19T09:20:11+09:00,DART_WHOLE_MARKET_LOOKBACK_CAPPED_90D_FROM_180D
254120,자비스,CHECK_LIMITED,확인제한,,,,0,kosdaq_universe_summary_latest.csv,2026-06-19T09:20:11+09:00,DART_WHOLE_MARKET_LOOKBACK_CAPPED_90D_FROM_180D
254490,미래반도체,CHECK_LIMITED,확인제한,,,,0,kosdaq_universe_summary_latest.csv,2026-06-19T09:20:11+09:00,DART_WHOLE_MARKET_LOOKBACK_CAPPED_90D_FROM_180D
255220,SG,CHECK_LIMITED,확인제한,,,,0,kosdaq_universe_summary_latest.csv,2026-06-19T09:20:11+09:00,DART_WHOLE_MARKET_LOOKBACK_CAPPED_90D_FROM_180D
255440,야스,CHECK_LIMITED,확인제한,,,,0,kosdaq_universe_summary_latest.csv,2026-06-19T09:20:11+09:00,DART_WHOLE_MARKET_LOOKBACK_CAPPED_90D_FROM_180D
256150,한독크린텍,CHECK_LIMITED,확인제한,,,,0,kosdaq_universe_summary_latest.csv,2026-06-19T09:20:11+09:00,DART_WHOLE_MARKET_LOOKBACK_CAPPED_90D_FROM_180D
256630,포인트엔지니어링,CHECK_LIMITED,확인제한,,,,0,kosdaq_universe_summary_latest.csv,2026-06-19T09:20:11+09:00,DART_WHOLE_MARKET_LOOKBACK_CAPPED_90D_FROM_180D
256840,한국비엔씨,CHECK_LIMITED,확인제한,,,,0,kosdaq_universe_summary_latest.csv,2026-06-19T09:20:11+09:00,DART_WHOLE_MARKET_LOOKBACK_CAPPED_90D_FROM_180D
256940,킵스파마,CHECK_LIMITED,확인제한,,,,0,kosdaq_universe_summary_latest.csv,2026-06-19T09:20:11+09:00,DART_WHOLE_MARKET_LOOKBACK_CAPPED_90D_FROM_180D
257370,피엔티엠에스,CHECK_LIMITED,확인제한,,,,0,kosdaq_universe_summary_latest.csv,2026-06-19T09:20:11+09:00,DART_WHOLE_MARKET_LOOKBACK_CAPPED_90D_FROM_180D
257720,실리콘투,CHECK_LIMITED,확인제한,,,,0,kosdaq_universe_summary_latest.csv,2026-06-19T09:20:11+09:00,DART_WHOLE_MARKET_LOOKBACK_CAPPED_90D_FROM_180D
258610,케일럼,CHECK_LIMITED,확인제한,,,,0,kosdaq_universe_summary_latest.csv,2026-06-19T09:20:11+09:00,DART_WHOLE_MARKET_LOOKBACK_CAPPED_90D_FROM_180D
258790,소프트캠프,CHECK_LIMITED,확인제한,,,,0,kosdaq_universe_summary_latest.csv,2026-06-19T09:20:11+09:00,DART_WHOLE_MARKET_LOOKBACK_CAPPED_90D_FROM_180D
258830,세종메디칼,CHECK_LIMITED,확인제한,,,,0,kosdaq_universe_summary_latest.csv,2026-06-19T09:20:11+09:00,DART_WHOLE_MARKET_LOOKBACK_CAPPED_90D_FROM_180D
259630,엠플러스,CHECK_LIMITED,확인제한,,,,0,kosdaq_universe_summary_latest.csv,2026-06-19T09:20:11+09:00,DART_WHOLE_MARKET_LOOKBACK_CAPPED_90D_FROM_180D
259960,크래프톤,CHECK_LIMITED,확인제한,,,,0,kospi_universe_summary_latest.csv,2026-06-19T09:20:11+09:00,DART_WHOLE_MARKET_LOOKBACK_CAPPED_90D_FROM_180D
260660,알리코제약,CHECK_LIMITED,확인제한,,,,0,kosdaq_universe_summary_latest.csv,2026-06-19T09:20:11+09:00,DART_WHOLE_MARKET_LOOKBACK_CAPPED_90D_FROM_180D
260930,씨티케이,CHECK_LIMITED,확인제한,,,,0,kosdaq_universe_summary_latest.csv,2026-06-19T09:20:11+09:00,DART_WHOLE_MARKET_LOOKBACK_CAPPED_90D_FROM_180D
260970,에스앤디,CHECK_LIMITED,확인제한,,,,0,kosdaq_universe_summary_latest.csv,2026-06-19T09:20:11+09:00,DART_WHOLE_MARKET_LOOKBACK_CAPPED_90D_FROM_180D
261200,덴티스,CHECK_LIMITED,확인제한,,,,0,kosdaq_universe_summary_latest.csv,2026-06-19T09:20:11+09:00,DART_WHOLE_MARKET_LOOKBACK_CAPPED_90D_FROM_180D
261520,이지스,CHECK_LIMITED,확인제한,,,,0,kosdaq_universe_summary_latest.csv,2026-06-19T09:20:11+09:00,DART_WHOLE_MARKET_LOOKBACK_CAPPED_90D_FROM_180D
261780,차백신연구소,CHECK_LIMITED,확인제한,,,,0,"kosdaq_universe_summary_latest.csv,watchlist_summary_latest.csv",2026-06-19T09:20:11+09:00,DART_WHOLE_MARKET_LOOKBACK_CAPPED_90D_FROM_180D
262260,에이프로,CHECK_LIMITED,확인제한,,,,0,kosdaq_universe_summary_latest.csv,2026-06-19T09:20:11+09:00,DART_WHOLE_MARKET_LOOKBACK_CAPPED_90D_FROM_180D
262840,아이퀘스트,CHECK_LIMITED,확인제한,,,,0,kosdaq_universe_summary_latest.csv,2026-06-19T09:20:11+09:00,DART_WHOLE_MARKET_LOOKBACK_CAPPED_90D_FROM_180D
263020,디케이앤디,CHECK_LIMITED,확인제한,,,,0,kosdaq_universe_summary_latest.csv,2026-06-19T09:20:11+09:00,DART_WHOLE_MARKET_LOOKBACK_CAPPED_90D_FROM_180D
263050,유틸렉스,CHECK_LIMITED,확인제한,,,,0,kosdaq_universe_summary_latest.csv,2026-06-19T09:20:11+09:00,DART_WHOLE_MARKET_LOOKBACK_CAPPED_90D_FROM_180D
263600,덕우전자,CHECK_LIMITED,확인제한,,,,0,kosdaq_universe_summary_latest.csv,2026-06-19T09:20:11+09:00,DART_WHOLE_MARKET_LOOKBACK_CAPPED_90D_FROM_180D
263690,디알젬,CHECK_LIMITED,확인제한,,,,0,kosdaq_universe_summary_latest.csv,2026-06-19T09:20:11+09:00,DART_WHOLE_MARKET_LOOKBACK_CAPPED_90D_FROM_180D
263700,케어랩스,CHECK_LIMITED,확인제한,,,,0,kosdaq_universe_summary_latest.csv,2026-06-19T09:20:11+09:00,DART_WHOLE_MARKET_LOOKBACK_CAPPED_90D_FROM_180D
263720,디앤씨미디어,CHECK_LIMITED,확인제한,,,,0,kosdaq_universe_summary_latest.csv,2026-06-19T09:20:11+09:00,DART_WHOLE_MARKET_LOOKBACK_CAPPED_90D_FROM_180D
263750,펄어비스,CHECK_LIMITED,확인제한,,,,0,kosdaq_universe_summary_latest.csv,2026-06-19T09:20:11+09:00,DART_WHOLE_MARKET_LOOKBACK_CAPPED_90D_FROM_180D
263770,유에스티,CHECK_LIMITED,확인제한,,,,0,kosdaq_universe_summary_latest.csv,2026-06-19T09:20:11+09:00,DART_WHOLE_MARKET_LOOKBACK_CAPPED_90D_FROM_180D
263800,데이타솔루션,CHECK_LIMITED,확인제한,,,,0,kosdaq_universe_summary_latest.csv,2026-06-19T09:20:11+09:00,DART_WHOLE_MARKET_LOOKBACK_CAPPED_90D_FROM_180D
263810,상신전자,CHECK_LIMITED,확인제한,,,,0,kosdaq_universe_summary_latest.csv,2026-06-19T09:20:11+09:00,DART_WHOLE_MARKET_LOOKBACK_CAPPED_90D_FROM_180D
263860,지니언스,CHECK_LIMITED,확인제한,,,,0,kosdaq_universe_summary_latest.csv,2026-06-19T09:20:11+09:00,DART_WHOLE_MARKET_LOOKBACK_CAPPED_90D_FROM_180D
263920,휴엠앤씨,CHECK_LIMITED,확인제한,,,,0,kosdaq_universe_summary_latest.csv,2026-06-19T09:20:11+09:00,DART_WHOLE_MARKET_LOOKBACK_CAPPED_90D_FROM_180D
264450,유비쿼스,CHECK_LIMITED,확인제한,,,,0,kosdaq_universe_summary_latest.csv,2026-06-19T09:20:11+09:00,DART_WHOLE_MARKET_LOOKBACK_CAPPED_90D_FROM_180D
264660,씨앤지하이테크,CHECK_LIMITED,확인제한,,,,0,kosdaq_universe_summary_latest.csv,2026-06-19T09:20:11+09:00,DART_WHOLE_MARKET_LOOKBACK_CAPPED_90D_FROM_180D
264850,이랜시스,CHECK_LIMITED,확인제한,,,,0,kosdaq_universe_summary_latest.csv,2026-06-19T09:20:11+09:00,DART_WHOLE_MARKET_LOOKBACK_CAPPED_90D_FROM_180D
264900,크라운제과,CHECK_LIMITED,확인제한,,,,0,kospi_universe_summary_latest.csv,2026-06-19T09:20:11+09:00,DART_WHOLE_MARKET_LOOKBACK_CAPPED_90D_FROM_180D
265520,AP시스템,CHECK_LIMITED,확인제한,,,,0,kosdaq_universe_summary_latest.csv,2026-06-19T09:20:11+09:00,DART_WHOLE_MARKET_LOOKBACK_CAPPED_90D_FROM_180D
265560,영화테크,CHECK_LIMITED,확인제한,,,,0,kosdaq_universe_summary_latest.csv,2026-06-19T09:20:11+09:00,DART_WHOLE_MARKET_LOOKBACK_CAPPED_90D_FROM_180D
265740,엔에프씨,CHECK_LIMITED,확인제한,,,,0,kosdaq_universe_summary_latest.csv,2026-06-19T09:20:11+09:00,DART_WHOLE_MARKET_LOOKBACK_CAPPED_90D_FROM_180D
267250,HD현대,CHECK_LIMITED,확인제한,,,,0,"kospi_monthly_cycle_latest.csv,kospi_universe_summary_latest.csv",2026-06-19T09:20:11+09:00,DART_WHOLE_MARKET_LOOKBACK_CAPPED_90D_FROM_180D
267260,HD현대일렉트릭,CHECK_LIMITED,확인제한,,,,0,"kospi_candidates_30_latest.csv,kospi_monthly_cycle_latest.csv,kospi_short_term_candidates_30_latest.csv,kospi_universe_summary_latest.csv,watchlist_summary_latest.csv",2026-06-19T09:20:11+09:00,DART_WHOLE_MARKET_LOOKBACK_CAPPED_90D_FROM_180D
267270,HD건설기계,CHECK_LIMITED,확인제한,,,,0,kospi_universe_summary_latest.csv,2026-06-19T09:20:11+09:00,DART_WHOLE_MARKET_LOOKBACK_CAPPED_90D_FROM_180D
267290,경동도시가스,CHECK_LIMITED,확인제한,,,,0,kospi_universe_summary_latest.csv,2026-06-19T09:20:11+09:00,DART_WHOLE_MARKET_LOOKBACK_CAPPED_90D_FROM_180D
267320,나인테크,CHECK_LIMITED,확인제한,,,,0,kosdaq_universe_summary_latest.csv,2026-06-19T09:20:11+09:00,DART_WHOLE_MARKET_LOOKBACK_CAPPED_90D_FROM_180D
267790,배럴,CHECK_LIMITED,확인제한,,,,0,kosdaq_universe_summary_latest.csv,2026-06-19T09:20:11+09:00,DART_WHOLE_MARKET_LOOKBACK_CAPPED_90D_FROM_180D
267850,아시아나IDT,CHECK_LIMITED,확인제한,,,,0,kospi_universe_summary_latest.csv,2026-06-19T09:20:11+09:00,DART_WHOLE_MARKET_LOOKBACK_CAPPED_90D_FROM_180D
267980,매일유업,CHECK_LIMITED,확인제한,,,,0,kosdaq_universe_summary_latest.csv,2026-06-19T09:20:11+09:00,DART_WHOLE_MARKET_LOOKBACK_CAPPED_90D_FROM_180D
268280,미원에스씨,CHECK_LIMITED,확인제한,,,,0,kospi_universe_summary_latest.csv,2026-06-19T09:20:11+09:00,DART_WHOLE_MARKET_LOOKBACK_CAPPED_90D_FROM_180D
269620,시스웍,CHECK_LIMITED,확인제한,,,,0,kosdaq_universe_summary_latest.csv,2026-06-19T09:20:11+09:00,DART_WHOLE_MARKET_LOOKBACK_CAPPED_90D_FROM_180D
270520,앱튼,CHECK_LIMITED,확인제한,,,,0,kosdaq_universe_summary_latest.csv,2026-06-19T09:20:11+09:00,DART_WHOLE_MARKET_LOOKBACK_CAPPED_90D_FROM_180D
270660,에브리봇,CHECK_LIMITED,확인제한,,,,0,kosdaq_universe_summary_latest.csv,2026-06-19T09:20:11+09:00,DART_WHOLE_MARKET_LOOKBACK_CAPPED_90D_FROM_180D
270870,뉴트리,CHECK_LIMITED,확인제한,,,,0,kosdaq_universe_summary_latest.csv,2026-06-19T09:20:11+09:00,DART_WHOLE_MARKET_LOOKBACK_CAPPED_90D_FROM_180D
271560,오리온,CHECK_LIMITED,확인제한,,,,0,kospi_universe_summary_latest.csv,2026-06-19T09:20:11+09:00,DART_WHOLE_MARKET_LOOKBACK_CAPPED_90D_FROM_180D
271830,팸텍,CHECK_LIMITED,확인제한,,,,0,kosdaq_universe_summary_latest.csv,2026-06-19T09:20:11+09:00,DART_WHOLE_MARKET_LOOKBACK_CAPPED_90D_FROM_180D
271940,일진하이솔루스,CHECK_LIMITED,확인제한,,,,0,kospi_universe_summary_latest.csv,2026-06-19T09:20:11+09:00,DART_WHOLE_MARKET_LOOKBACK_CAPPED_90D_FROM_180D
271980,제일약품,CHECK_LIMITED,확인제한,,,,0,kospi_universe_summary_latest.csv,2026-06-19T09:20:11+09:00,DART_WHOLE_MARKET_LOOKBACK_CAPPED_90D_FROM_180D
272110,케이엔제이,CHECK_LIMITED,확인제한,,,,0,kosdaq_universe_summary_latest.csv,2026-06-19T09:20:11+09:00,DART_WHOLE_MARKET_LOOKBACK_CAPPED_90D_FROM_180D
272210,한화시스템,CHECK_LIMITED,확인제한,,,,0,kospi_universe_summary_latest.csv,2026-06-19T09:20:11+09:00,DART_WHOLE_MARKET_LOOKBACK_CAPPED_90D_FROM_180D
272290,이녹스첨단소재,CHECK_LIMITED,확인제한,,,,0,kosdaq_universe_summary_latest.csv,2026-06-19T09:20:11+09:00,DART_WHOLE_MARKET_LOOKBACK_CAPPED_90D_FROM_180D
272450,진에어,CHECK_LIMITED,확인제한,,,,0,kospi_universe_summary_latest.csv,2026-06-19T09:20:11+09:00,DART_WHOLE_MARKET_LOOKBACK_CAPPED_90D_FROM_180D
272550,삼양패키징,CHECK_LIMITED,확인제한,,,,0,kospi_universe_summary_latest.csv,2026-06-19T09:20:11+09:00,DART_WHOLE_MARKET_LOOKBACK_CAPPED_90D_FROM_180D
273060,와이즈버즈,CHECK_LIMITED,확인제한,,,,0,kosdaq_universe_summary_latest.csv,2026-06-19T09:20:11+09:00,DART_WHOLE_MARKET_LOOKBACK_CAPPED_90D_FROM_180D
273640,와이엠텍,CHECK_LIMITED,확인제한,,,,0,kosdaq_universe_summary_latest.csv,2026-06-19T09:20:11+09:00,DART_WHOLE_MARKET_LOOKBACK_CAPPED_90D_FROM_180D
274090,켄코아에어로스페이스,CHECK_LIMITED,확인제한,,,,0,kosdaq_universe_summary_latest.csv,2026-06-19T09:20:11+09:00,DART_WHOLE_MARKET_LOOKBACK_CAPPED_90D_FROM_180D
274400,이노시뮬레이션,CHECK_LIMITED,확인제한,,,,0,kosdaq_universe_summary_latest.csv,2026-06-19T09:20:11+09:00,DART_WHOLE_MARKET_LOOKBACK_CAPPED_90D_FROM_180D
275630,에스에스알,CHECK_LIMITED,확인제한,,,,0,kosdaq_universe_summary_latest.csv,2026-06-19T09:20:11+09:00,DART_WHOLE_MARKET_LOOKBACK_CAPPED_90D_FROM_180D
276040,스코넥,CHECK_LIMITED,확인제한,,,,0,kosdaq_universe_summary_latest.csv,2026-06-19T09:20:11+09:00,DART_WHOLE_MARKET_LOOKBACK_CAPPED_90D_FROM_180D
276730,한울앤제주,CHECK_LIMITED,확인제한,,,,0,kosdaq_universe_summary_latest.csv,2026-06-19T09:20:11+09:00,DART_WHOLE_MARKET_LOOKBACK_CAPPED_90D_FROM_180D
277070,린드먼아시아,CHECK_LIMITED,확인제한,,,,0,kosdaq_universe_summary_latest.csv,2026-06-19T09:20:11+09:00,DART_WHOLE_MARKET_LOOKBACK_CAPPED_90D_FROM_180D
277410,인산가,CHECK_LIMITED,확인제한,,,,0,kosdaq_universe_summary_latest.csv,2026-06-19T09:20:11+09:00,DART_WHOLE_MARKET_LOOKBACK_CAPPED_90D_FROM_180D
277810,레인보우로보틱스,CHECK_LIMITED,확인제한,,,,0,kosdaq_universe_summary_latest.csv,2026-06-19T09:20:11+09:00,DART_WHOLE_MARKET_LOOKBACK_CAPPED_90D_FROM_180D
277880,티에스아이,CHECK_LIMITED,확인제한,,,,0,kosdaq_universe_summary_latest.csv,2026-06-19T09:20:11+09:00,DART_WHOLE_MARKET_LOOKBACK_CAPPED_90D_FROM_180D
278280,천보,CHECK_LIMITED,확인제한,,,,0,kosdaq_universe_summary_latest.csv,2026-06-19T09:20:11+09:00,DART_WHOLE_MARKET_LOOKBACK_CAPPED_90D_FROM_180D
278470,에이피알,CHECK_LIMITED,확인제한,,,,0,"kospi_candidates_30_latest.csv,kospi_short_term_candidates_30_latest.csv,kospi_universe_summary_latest.csv",2026-06-19T09:20:11+09:00,DART_WHOLE_MARKET_LOOKBACK_CAPPED_90D_FROM_180D
278650,HLB바이오스텝,CHECK_LIMITED,확인제한,,,,0,kosdaq_universe_summary_latest.csv,2026-06-19T09:20:11+09:00,DART_WHOLE_MARKET_LOOKBACK_CAPPED_90D_FROM_180D
279570,케이뱅크,CHECK_LIMITED,확인제한,,,,0,kospi_universe_summary_latest.csv,2026-06-19T09:20:11+09:00,DART_WHOLE_MARKET_LOOKBACK_CAPPED_90D_FROM_180D
279600,미디어젠,CHECK_LIMITED,확인제한,,,,0,kosdaq_universe_summary_latest.csv,2026-06-19T09:20:11+09:00,DART_WHOLE_MARKET_LOOKBACK_CAPPED_90D_FROM_180D
280360,롯데웰푸드,CHECK_LIMITED,확인제한,,,,0,kospi_universe_summary_latest.csv,2026-06-19T09:20:11+09:00,DART_WHOLE_MARKET_LOOKBACK_CAPPED_90D_FROM_180D
281740,레이크머티리얼즈,CHECK_LIMITED,확인제한,,,,0,kosdaq_universe_summary_latest.csv,2026-06-19T09:20:11+09:00,DART_WHOLE_MARKET_LOOKBACK_CAPPED_90D_FROM_180D
281820,케이씨텍,CHECK_LIMITED,확인제한,,,,0,kospi_universe_summary_latest.csv,2026-06-19T09:20:11+09:00,DART_WHOLE_MARKET_LOOKBACK_CAPPED_90D_FROM_180D
282330,BGF리테일,CHECK_LIMITED,확인제한,,,,0,kospi_universe_summary_latest.csv,2026-06-19T09:20:11+09:00,DART_WHOLE_MARKET_LOOKBACK_CAPPED_90D_FROM_180D
282720,금양그린파워,CHECK_LIMITED,확인제한,,,,0,kosdaq_universe_summary_latest.csv,2026-06-19T09:20:11+09:00,DART_WHOLE_MARKET_LOOKBACK_CAPPED_90D_FROM_180D
282880,코윈테크,CHECK_LIMITED,확인제한,,,,0,kosdaq_universe_summary_latest.csv,2026-06-19T09:20:11+09:00,DART_WHOLE_MARKET_LOOKBACK_CAPPED_90D_FROM_180D
284620,카이노스메드,CHECK_LIMITED,확인제한,,,,0,kosdaq_universe_summary_latest.csv,2026-06-19T09:20:11+09:00,DART_WHOLE_MARKET_LOOKBACK_CAPPED_90D_FROM_180D
284740,쿠쿠홈시스,CHECK_LIMITED,확인제한,,,,0,kospi_universe_summary_latest.csv,2026-06-19T09:20:11+09:00,DART_WHOLE_MARKET_LOOKBACK_CAPPED_90D_FROM_180D
285130,SK케미칼,CHECK_LIMITED,확인제한,,,,0,kospi_universe_summary_latest.csv,2026-06-19T09:20:11+09:00,DART_WHOLE_MARKET_LOOKBACK_CAPPED_90D_FROM_180D
285490,노바텍,CHECK_LIMITED,확인제한,,,,0,kosdaq_universe_summary_latest.csv,2026-06-19T09:20:11+09:00,DART_WHOLE_MARKET_LOOKBACK_CAPPED_90D_FROM_180D
285800,진영,CHECK_LIMITED,확인제한,,,,0,kosdaq_universe_summary_latest.csv,2026-06-19T09:20:11+09:00,DART_WHOLE_MARKET_LOOKBACK_CAPPED_90D_FROM_180D
286750,나노실리칸첨단소재,CHECK_LIMITED,확인제한,,,,0,kosdaq_universe_summary_latest.csv,2026-06-19T09:20:11+09:00,DART_WHOLE_MARKET_LOOKBACK_CAPPED_90D_FROM_180D
286940,롯데이노베이트,CHECK_LIMITED,확인제한,,,,0,"kospi_monthly_cycle_latest.csv,kospi_universe_summary_latest.csv",2026-06-19T09:20:11+09:00,DART_WHOLE_MARKET_LOOKBACK_CAPPED_90D_FROM_180D
287840,인투셀,CHECK_LIMITED,확인제한,,,,0,kosdaq_universe_summary_latest.csv,2026-06-19T09:20:11+09:00,DART_WHOLE_MARKET_LOOKBACK_CAPPED_90D_FROM_180D
288180,케이피항공산업,CHECK_LIMITED,확인제한,,,,0,kosdaq_universe_summary_latest.csv,2026-06-19T09:20:11+09:00,DART_WHOLE_MARKET_LOOKBACK_CAPPED_90D_FROM_180D
288330,파라택시스코리아,CHECK_LIMITED,확인제한,,,,0,kosdaq_universe_summary_latest.csv,2026-06-19T09:20:11+09:00,DART_WHOLE_MARKET_LOOKBACK_CAPPED_90D_FROM_180D
288620,에스프리즘,CHECK_LIMITED,확인제한,,,,0,kosdaq_universe_summary_latest.csv,2026-06-19T09:20:11+09:00,DART_WHOLE_MARKET_LOOKBACK_CAPPED_90D_FROM_180D
288980,모아데이타,CHECK_LIMITED,확인제한,,,,0,kosdaq_universe_summary_latest.csv,2026-06-19T09:20:11+09:00,DART_WHOLE_MARKET_LOOKBACK_CAPPED_90D_FROM_180D
289010,아이스크림에듀,CHECK_LIMITED,확인제한,,,,0,kosdaq_universe_summary_latest.csv,2026-06-19T09:20:11+09:00,DART_WHOLE_MARKET_LOOKBACK_CAPPED_90D_FROM_180D
289080,SV인베스트먼트,CHECK_LIMITED,확인제한,,,,0,kosdaq_universe_summary_latest.csv,2026-06-19T09:20:11+09:00,DART_WHOLE_MARKET_LOOKBACK_CAPPED_90D_FROM_180D
289220,자이언트스텝,CHECK_LIMITED,확인제한,,,,0,kosdaq_universe_summary_latest.csv,2026-06-19T09:20:11+09:00,DART_WHOLE_MARKET_LOOKBACK_CAPPED_90D_FROM_180D
289930,웨이비스,CHECK_LIMITED,확인제한,,,,0,kosdaq_universe_summary_latest.csv,2026-06-19T09:20:11+09:00,DART_WHOLE_MARKET_LOOKBACK_CAPPED_90D_FROM_180D
290090,트윔,CHECK_LIMITED,확인제한,,,,0,kosdaq_universe_summary_latest.csv,2026-06-19T09:20:11+09:00,DART_WHOLE_MARKET_LOOKBACK_CAPPED_90D_FROM_180D
290120,DH오토리드,CHECK_LIMITED,확인제한,,,,0,kosdaq_universe_summary_latest.csv,2026-06-19T09:20:11+09:00,DART_WHOLE_MARKET_LOOKBACK_CAPPED_90D_FROM_180D
290270,휴네시온,CHECK_LIMITED,확인제한,,,,0,kosdaq_universe_summary_latest.csv,2026-06-19T09:20:11+09:00,DART_WHOLE_MARKET_LOOKBACK_CAPPED_90D_FROM_180D
290520,신도기연,CHECK_LIMITED,확인제한,,,,0,kosdaq_universe_summary_latest.csv,2026-06-19T09:20:11+09:00,DART_WHOLE_MARKET_LOOKBACK_CAPPED_90D_FROM_180D
290550,디케이티,CHECK_LIMITED,확인제한,,,,0,kosdaq_universe_summary_latest.csv,2026-06-19T09:20:11+09:00,DART_WHOLE_MARKET_LOOKBACK_CAPPED_90D_FROM_180D
290560,파라택시스이더리움,CHECK_LIMITED,확인제한,,,,0,kosdaq_universe_summary_latest.csv,2026-06-19T09:20:11+09:00,DART_WHOLE_MARKET_LOOKBACK_CAPPED_90D_FROM_180D
290650,엘앤씨바이오,CHECK_LIMITED,확인제한,,,,0,kosdaq_universe_summary_latest.csv,2026-06-19T09:20:11+09:00,DART_WHOLE_MARKET_LOOKBACK_CAPPED_90D_FROM_180D
290660,다이나믹솔루션,CHECK_LIMITED,확인제한,,,,0,kosdaq_universe_summary_latest.csv,2026-06-19T09:20:11+09:00,DART_WHOLE_MARKET_LOOKBACK_CAPPED_90D_FROM_180D
290670,대보마그네틱,CHECK_LIMITED,확인제한,,,,0,kosdaq_universe_summary_latest.csv,2026-06-19T09:20:11+09:00,DART_WHOLE_MARKET_LOOKBACK_CAPPED_90D_FROM_180D
290690,소룩스,CHECK_LIMITED,확인제한,,,,0,kosdaq_universe_summary_latest.csv,2026-06-19T09:20:11+09:00,DART_WHOLE_MARKET_LOOKBACK_CAPPED_90D_FROM_180D
290720,푸드나무,CHECK_LIMITED,확인제한,,,,0,kosdaq_universe_summary_latest.csv,2026-06-19T09:20:11+09:00,DART_WHOLE_MARKET_LOOKBACK_CAPPED_90D_FROM_180D
290740,액트로,CHECK_LIMITED,확인제한,,,,0,kosdaq_universe_summary_latest.csv,2026-06-19T09:20:11+09:00,DART_WHOLE_MARKET_LOOKBACK_CAPPED_90D_FROM_180D
291230,엔피,CHECK_LIMITED,확인제한,,,,0,kosdaq_universe_summary_latest.csv,2026-06-19T09:20:11+09:00,DART_WHOLE_MARKET_LOOKBACK_CAPPED_90D_FROM_180D
291650,압타머사이언스,CHECK_LIMITED,확인제한,,,,0,kosdaq_universe_summary_latest.csv,2026-06-19T09:20:11+09:00,DART_WHOLE_MARKET_LOOKBACK_CAPPED_90D_FROM_180D
291810,핀텔,CHECK_LIMITED,확인제한,,,,0,kosdaq_universe_summary_latest.csv,2026-06-19T09:20:11+09:00,DART_WHOLE_MARKET_LOOKBACK_CAPPED_90D_FROM_180D
293480,하나제약,CHECK_LIMITED,확인제한,,,,0,kospi_universe_summary_latest.csv,2026-06-19T09:20:11+09:00,DART_WHOLE_MARKET_LOOKBACK_CAPPED_90D_FROM_180D
293490,카카오게임즈,CHECK_LIMITED,확인제한,,,,0,kosdaq_universe_summary_latest.csv,2026-06-19T09:20:11+09:00,DART_WHOLE_MARKET_LOOKBACK_CAPPED_90D_FROM_180D
293580,나우IB,CHECK_LIMITED,확인제한,,,,0,kosdaq_universe_summary_latest.csv,2026-06-19T09:20:11+09:00,DART_WHOLE_MARKET_LOOKBACK_CAPPED_90D_FROM_180D
293780,압타바이오,CHECK_LIMITED,확인제한,,,,0,kosdaq_universe_summary_latest.csv,2026-06-19T09:20:11+09:00,DART_WHOLE_MARKET_LOOKBACK_CAPPED_90D_FROM_180D
293940,신한알파리츠,CHECK_LIMITED,확인제한,,,,0,kospi_universe_summary_latest.csv,2026-06-19T09:20:11+09:00,DART_WHOLE_MARKET_LOOKBACK_CAPPED_90D_FROM_180D
294090,이오플로우,CHECK_LIMITED,확인제한,,,,0,kosdaq_universe_summary_latest.csv,2026-06-19T09:20:11+09:00,DART_WHOLE_MARKET_LOOKBACK_CAPPED_90D_FROM_180D
294140,레몬,CHECK_LIMITED,확인제한,,,,0,kosdaq_universe_summary_latest.csv,2026-06-19T09:20:11+09:00,DART_WHOLE_MARKET_LOOKBACK_CAPPED_90D_FROM_180D
294570,쿠콘,CHECK_LIMITED,확인제한,,,,0,kosdaq_universe_summary_latest.csv,2026-06-19T09:20:11+09:00,DART_WHOLE_MARKET_LOOKBACK_CAPPED_90D_FROM_180D
294630,서남,CHECK_LIMITED,확인제한,,,,0,kosdaq_universe_summary_latest.csv,2026-06-19T09:20:11+09:00,DART_WHOLE_MARKET_LOOKBACK_CAPPED_90D_FROM_180D
294870,IPARK현대산업개발,CHECK_LIMITED,확인제한,,,,0,kospi_universe_summary_latest.csv,2026-06-19T09:20:11+09:00,DART_WHOLE_MARKET_LOOKBACK_CAPPED_90D_FROM_180D
295310,에이치브이엠,CHECK_LIMITED,확인제한,,,,0,kosdaq_universe_summary_latest.csv,2026-06-19T09:20:11+09:00,DART_WHOLE_MARKET_LOOKBACK_CAPPED_90D_FROM_180D
296640,이노에이엑스,CHECK_LIMITED,확인제한,,,,0,kosdaq_universe_summary_latest.csv,2026-06-19T09:20:11+09:00,DART_WHOLE_MARKET_LOOKBACK_CAPPED_90D_FROM_180D
297090,씨에스베어링,CHECK_LIMITED,확인제한,,,,0,kosdaq_universe_summary_latest.csv,2026-06-19T09:20:11+09:00,DART_WHOLE_MARKET_LOOKBACK_CAPPED_90D_FROM_180D
297570,알로이스,CHECK_LIMITED,확인제한,,,,0,kosdaq_universe_summary_latest.csv,2026-06-19T09:20:11+09:00,DART_WHOLE_MARKET_LOOKBACK_CAPPED_90D_FROM_180D
297890,HB솔루션,CHECK_LIMITED,확인제한,,,,0,kosdaq_universe_summary_latest.csv,2026-06-19T09:20:11+09:00,DART_WHOLE_MARKET_LOOKBACK_CAPPED_90D_FROM_180D
298000,효성화학,CHECK_LIMITED,확인제한,,,,0,"kospi_gainers_1m_latest.csv,kospi_universe_summary_latest.csv",2026-06-19T09:20:11+09:00,DART_WHOLE_MARKET_LOOKBACK_CAPPED_90D_FROM_180D
298020,효성티앤씨,CHECK_LIMITED,확인제한,,,,0,kospi_universe_summary_latest.csv,2026-06-19T09:20:11+09:00,DART_WHOLE_MARKET_LOOKBACK_CAPPED_90D_FROM_180D
298040,효성중공업,CHECK_LIMITED,확인제한,,,,0,"kospi_fx_weakness_candidates_30_latest.csv,kospi_universe_summary_latest.csv",2026-06-19T09:20:11+09:00,DART_WHOLE_MARKET_LOOKBACK_CAPPED_90D_FROM_180D
298050,HS효성첨단소재,CHECK_LIMITED,확인제한,,,,0,kospi_universe_summary_latest.csv,2026-06-19T09:20:11+09:00,DART_WHOLE_MARKET_LOOKBACK_CAPPED_90D_FROM_180D
298060,풍전약품,CHECK_LIMITED,확인제한,,,,0,kosdaq_universe_summary_latest.csv,2026-06-19T09:20:11+09:00,DART_WHOLE_MARKET_LOOKBACK_CAPPED_90D_FROM_180D
298380,에이비엘바이오,CHECK_LIMITED,확인제한,,,,0,kosdaq_universe_summary_latest.csv,2026-06-19T09:20:11+09:00,DART_WHOLE_MARKET_LOOKBACK_CAPPED_90D_FROM_180D
298540,더네이쳐홀딩스,CHECK_LIMITED,확인제한,,,,0,kosdaq_universe_summary_latest.csv,2026-06-19T09:20:11+09:00,DART_WHOLE_MARKET_LOOKBACK_CAPPED_90D_FROM_180D
298690,에어부산,CHECK_LIMITED,확인제한,,,,0,kospi_universe_summary_latest.csv,2026-06-19T09:20:11+09:00,DART_WHOLE_MARKET_LOOKBACK_CAPPED_90D_FROM_180D
298830,슈어소프트테크,CHECK_LIMITED,확인제한,,,,0,kosdaq_universe_summary_latest.csv,2026-06-19T09:20:11+09:00,DART_WHOLE_MARKET_LOOKBACK_CAPPED_90D_FROM_180D
299030,하나기술,CHECK_LIMITED,확인제한,,,,0,kosdaq_universe_summary_latest.csv,2026-06-19T09:20:11+09:00,DART_WHOLE_MARKET_LOOKBACK_CAPPED_90D_FROM_180D
299170,더블유에스아이,CHECK_LIMITED,확인제한,,,,0,kosdaq_universe_summary_latest.csv,2026-06-19T09:20:11+09:00,DART_WHOLE_MARKET_LOOKBACK_CAPPED_90D_FROM_180D
299660,셀리드,CHECK_LIMITED,확인제한,,,,0,kosdaq_universe_summary_latest.csv,2026-06-19T09:20:11+09:00,DART_WHOLE_MARKET_LOOKBACK_CAPPED_90D_FROM_180D
299900,위지윅스튜디오,CHECK_LIMITED,확인제한,,,,0,kosdaq_universe_summary_latest.csv,2026-06-19T09:20:11+09:00,DART_WHOLE_MARKET_LOOKBACK_CAPPED_90D_FROM_180D
300080,플리토,CHECK_LIMITED,확인제한,,,,0,kosdaq_universe_summary_latest.csv,2026-06-19T09:20:11+09:00,DART_WHOLE_MARKET_LOOKBACK_CAPPED_90D_FROM_180D
300120,라온피플,CHECK_LIMITED,확인제한,,,,0,kosdaq_universe_summary_latest.csv,2026-06-19T09:20:11+09:00,DART_WHOLE_MARKET_LOOKBACK_CAPPED_90D_FROM_180D
300720,한일시멘트,CHECK_LIMITED,확인제한,,,,0,kospi_universe_summary_latest.csv,2026-06-19T09:20:11+09:00,DART_WHOLE_MARKET_LOOKBACK_CAPPED_90D_FROM_180D
301300,바이브컴퍼니,CHECK_LIMITED,확인제한,,,,0,kosdaq_universe_summary_latest.csv,2026-06-19T09:20:11+09:00,DART_WHOLE_MARKET_LOOKBACK_CAPPED_90D_FROM_180D
302430,이노메트리,CHECK_LIMITED,확인제한,,,,0,kosdaq_universe_summary_latest.csv,2026-06-19T09:20:11+09:00,DART_WHOLE_MARKET_LOOKBACK_CAPPED_90D_FROM_180D
302440,SK바이오사이언스,CHECK_LIMITED,확인제한,,,,0,kospi_universe_summary_latest.csv,2026-06-19T09:20:11+09:00,DART_WHOLE_MARKET_LOOKBACK_CAPPED_90D_FROM_180D
302550,리메드,CHECK_LIMITED,확인제한,,,,0,kosdaq_universe_summary_latest.csv,2026-06-19T09:20:11+09:00,DART_WHOLE_MARKET_LOOKBACK_CAPPED_90D_FROM_180D
303030,지니틱스,CHECK_LIMITED,확인제한,,,,0,kosdaq_universe_summary_latest.csv,2026-06-19T09:20:11+09:00,DART_WHOLE_MARKET_LOOKBACK_CAPPED_90D_FROM_180D
303360,프로티아,CHECK_LIMITED,확인제한,,,,0,kosdaq_universe_summary_latest.csv,2026-06-19T09:20:11+09:00,DART_WHOLE_MARKET_LOOKBACK_CAPPED_90D_FROM_180D
303530,이노뎁,CHECK_LIMITED,확인제한,,,,0,kosdaq_universe_summary_latest.csv,2026-06-19T09:20:11+09:00,DART_WHOLE_MARKET_LOOKBACK_CAPPED_90D_FROM_180D
303810,동국생명과학,CHECK_LIMITED,확인제한,,,,0,kosdaq_universe_summary_latest.csv,2026-06-19T09:20:11+09:00,DART_WHOLE_MARKET_LOOKBACK_CAPPED_90D_FROM_180D
304100,솔트룩스,CHECK_LIMITED,확인제한,,,,0,kosdaq_universe_summary_latest.csv,2026-06-19T09:20:11+09:00,DART_WHOLE_MARKET_LOOKBACK_CAPPED_90D_FROM_180D
304360,에스바이오메딕스,CHECK_LIMITED,확인제한,,,,0,kosdaq_universe_summary_latest.csv,2026-06-19T09:20:11+09:00,DART_WHOLE_MARKET_LOOKBACK_CAPPED_90D_FROM_180D
304840,피플바이오,CHECK_LIMITED,확인제한,,,,0,kosdaq_universe_summary_latest.csv,2026-06-19T09:20:11+09:00,DART_WHOLE_MARKET_LOOKBACK_CAPPED_90D_FROM_180D
305090,마이크로디지탈,CHECK_LIMITED,확인제한,,,,0,kosdaq_universe_summary_latest.csv,2026-06-19T09:20:11+09:00,DART_WHOLE_MARKET_LOOKBACK_CAPPED_90D_FROM_180D
306040,에스제이그룹,CHECK_LIMITED,확인제한,,,,0,kosdaq_universe_summary_latest.csv,2026-06-19T09:20:11+09:00,DART_WHOLE_MARKET_LOOKBACK_CAPPED_90D_FROM_180D
306200,세아제강,CHECK_LIMITED,확인제한,,,,0,kospi_universe_summary_latest.csv,2026-06-19T09:20:11+09:00,DART_WHOLE_MARKET_LOOKBACK_CAPPED_90D_FROM_180D
306620,지아이에스,CHECK_LIMITED,확인제한,,,,0,kosdaq_universe_summary_latest.csv,2026-06-19T09:20:11+09:00,DART_WHOLE_MARKET_LOOKBACK_CAPPED_90D_FROM_180D
307180,아이엘,CHECK_LIMITED,확인제한,,,,0,kosdaq_universe_summary_latest.csv,2026-06-19T09:20:11+09:00,DART_WHOLE_MARKET_LOOKBACK_CAPPED_90D_FROM_180D
307280,원바이오젠,CHECK_LIMITED,확인제한,,,,0,kosdaq_universe_summary_latest.csv,2026-06-19T09:20:11+09:00,DART_WHOLE_MARKET_LOOKBACK_CAPPED_90D_FROM_180D
307750,국전,CHECK_LIMITED,확인제한,,,,0,kosdaq_universe_summary_latest.csv,2026-06-19T09:20:11+09:00,DART_WHOLE_MARKET_LOOKBACK_CAPPED_90D_FROM_180D
307870,비투엔,CHECK_LIMITED,확인제한,,,,0,kosdaq_universe_summary_latest.csv,2026-06-19T09:20:11+09:00,DART_WHOLE_MARKET_LOOKBACK_CAPPED_90D_FROM_180D
307930,컴퍼니케이,CHECK_LIMITED,확인제한,,,,0,kosdaq_universe_summary_latest.csv,2026-06-19T09:20:11+09:00,DART_WHOLE_MARKET_LOOKBACK_CAPPED_90D_FROM_180D
307950,현대오토에버,CHECK_LIMITED,확인제한,,,,0,"kospi_universe_summary_latest.csv,watchlist_summary_latest.csv",2026-06-19T09:20:11+09:00,DART_WHOLE_MARKET_LOOKBACK_CAPPED_90D_FROM_180D
308080,바이젠셀,CHECK_LIMITED,확인제한,,,,0,kosdaq_universe_summary_latest.csv,2026-06-19T09:20:11+09:00,DART_WHOLE_MARKET_LOOKBACK_CAPPED_90D_FROM_180D
308100,형지글로벌,CHECK_LIMITED,확인제한,,,,0,kosdaq_universe_summary_latest.csv,2026-06-19T09:20:11+09:00,DART_WHOLE_MARKET_LOOKBACK_CAPPED_90D_FROM_180D
308170,씨티알모빌리티,CHECK_LIMITED,확인제한,,,,0,kospi_universe_summary_latest.csv,2026-06-19T09:20:11+09:00,DART_WHOLE_MARKET_LOOKBACK_CAPPED_90D_FROM_180D
308430,셀비온,CHECK_LIMITED,확인제한,,,,0,kosdaq_universe_summary_latest.csv,2026-06-19T09:20:11+09:00,DART_WHOLE_MARKET_LOOKBACK_CAPPED_90D_FROM_180D
309710,아이티켐,CHECK_LIMITED,확인제한,,,,0,kosdaq_universe_summary_latest.csv,2026-06-19T09:20:11+09:00,DART_WHOLE_MARKET_LOOKBACK_CAPPED_90D_FROM_180D
309930,조이웍스앤코,CHECK_LIMITED,확인제한,,,,0,kosdaq_universe_summary_latest.csv,2026-06-19T09:20:11+09:00,DART_WHOLE_MARKET_LOOKBACK_CAPPED_90D_FROM_180D
309960,LB인베스트먼트,CHECK_LIMITED,확인제한,,,,0,kosdaq_universe_summary_latest.csv,2026-06-19T09:20:11+09:00,DART_WHOLE_MARKET_LOOKBACK_CAPPED_90D_FROM_180D
310200,애니플러스,CHECK_LIMITED,확인제한,,,,0,kosdaq_universe_summary_latest.csv,2026-06-19T09:20:11+09:00,DART_WHOLE_MARKET_LOOKBACK_CAPPED_90D_FROM_180D
310210,보로노이,CHECK_LIMITED,확인제한,,,,0,kosdaq_universe_summary_latest.csv,2026-06-19T09:20:11+09:00,DART_WHOLE_MARKET_LOOKBACK_CAPPED_90D_FROM_180D
310870,디와이씨,CHECK_LIMITED,확인제한,,,,0,kosdaq_universe_summary_latest.csv,2026-06-19T09:20:11+09:00,DART_WHOLE_MARKET_LOOKBACK_CAPPED_90D_FROM_180D
311320,지오엘리먼트,CHECK_LIMITED,확인제한,,,,0,kosdaq_universe_summary_latest.csv,2026-06-19T09:20:11+09:00,DART_WHOLE_MARKET_LOOKBACK_CAPPED_90D_FROM_180D
311390,네오크레마,CHECK_LIMITED,확인제한,,,,0,kosdaq_universe_summary_latest.csv,2026-06-19T09:20:11+09:00,DART_WHOLE_MARKET_LOOKBACK_CAPPED_90D_FROM_180D
311690,CJ 바이오사이언스,CHECK_LIMITED,확인제한,,,,0,kosdaq_universe_summary_latest.csv,2026-06-19T09:20:11+09:00,DART_WHOLE_MARKET_LOOKBACK_CAPPED_90D_FROM_180D
312610,에이에프더블류,CHECK_LIMITED,확인제한,,,,0,kosdaq_universe_summary_latest.csv,2026-06-19T09:20:11+09:00,DART_WHOLE_MARKET_LOOKBACK_CAPPED_90D_FROM_180D
313760,캐리,CHECK_LIMITED,확인제한,,,,0,kosdaq_universe_summary_latest.csv,2026-06-19T09:20:11+09:00,DART_WHOLE_MARKET_LOOKBACK_CAPPED_90D_FROM_180D
314130,지놈앤컴퍼니,CHECK_LIMITED,확인제한,,,,0,kosdaq_universe_summary_latest.csv,2026-06-19T09:20:11+09:00,DART_WHOLE_MARKET_LOOKBACK_CAPPED_90D_FROM_180D
314140,알피바이오,CHECK_LIMITED,확인제한,,,,0,kosdaq_universe_summary_latest.csv,2026-06-19T09:20:11+09:00,DART_WHOLE_MARKET_LOOKBACK_CAPPED_90D_FROM_180D
314930,바이오다인,CHECK_LIMITED,확인제한,,,,0,kosdaq_universe_summary_latest.csv,2026-06-19T09:20:11+09:00,DART_WHOLE_MARKET_LOOKBACK_CAPPED_90D_FROM_180D
315640,딥노이드,CHECK_LIMITED,확인제한,,,,0,kosdaq_universe_summary_latest.csv,2026-06-19T09:20:11+09:00,DART_WHOLE_MARKET_LOOKBACK_CAPPED_90D_FROM_180D
316140,우리금융지주,CHECK_LIMITED,확인제한,,,,0,"kospi_candidates_30_latest.csv,kospi_short_term_candidates_30_latest.csv,kospi_universe_summary_latest.csv",2026-06-19T09:20:11+09:00,DART_WHOLE_MARKET_LOOKBACK_CAPPED_90D_FROM_180D
317120,라닉스,CHECK_LIMITED,확인제한,,,,0,kosdaq_universe_summary_latest.csv,2026-06-19T09:20:11+09:00,DART_WHOLE_MARKET_LOOKBACK_CAPPED_90D_FROM_180D
317240,TS트릴리온,CHECK_LIMITED,확인제한,,,,0,kosdaq_universe_summary_latest.csv,2026-06-19T09:20:11+09:00,DART_WHOLE_MARKET_LOOKBACK_CAPPED_90D_FROM_180D
317330,덕산테코피아,CHECK_LIMITED,확인제한,,,,0,"kosdaq_universe_summary_latest.csv,watchlist_summary_latest.csv",2026-06-19T09:20:11+09:00,DART_WHOLE_MARKET_LOOKBACK_CAPPED_90D_FROM_180D
317400,자이에스앤디,CHECK_LIMITED,확인제한,,,,0,kospi_universe_summary_latest.csv,2026-06-19T09:20:11+09:00,DART_WHOLE_MARKET_LOOKBACK_CAPPED_90D_FROM_180D
317450,명인제약,CHECK_LIMITED,확인제한,,,,0,kospi_universe_summary_latest.csv,2026-06-19T09:20:11+09:00,DART_WHOLE_MARKET_LOOKBACK_CAPPED_90D_FROM_180D
317530,에피소드컴퍼니,CHECK_LIMITED,확인제한,,,,0,kosdaq_universe_summary_latest.csv,2026-06-19T09:20:11+09:00,DART_WHOLE_MARKET_LOOKBACK_CAPPED_90D_FROM_180D
317690,퀀타매트릭스,CHECK_LIMITED,확인제한,,,,0,kosdaq_universe_summary_latest.csv,2026-06-19T09:20:11+09:00,DART_WHOLE_MARKET_LOOKBACK_CAPPED_90D_FROM_180D
317770,엑스페릭스,CHECK_LIMITED,확인제한,,,,0,kosdaq_universe_summary_latest.csv,2026-06-19T09:20:11+09:00,DART_WHOLE_MARKET_LOOKBACK_CAPPED_90D_FROM_180D
317830,에스피시스템스,CHECK_LIMITED,확인제한,,,,0,kosdaq_universe_summary_latest.csv,2026-06-19T09:20:11+09:00,DART_WHOLE_MARKET_LOOKBACK_CAPPED_90D_FROM_180D
317850,대모,CHECK_LIMITED,확인제한,,,,0,kosdaq_universe_summary_latest.csv,2026-06-19T09:20:11+09:00,DART_WHOLE_MARKET_LOOKBACK_CAPPED_90D_FROM_180D
317870,엔바이오니아,CHECK_LIMITED,확인제한,,,,0,kosdaq_universe_summary_latest.csv,2026-06-19T09:20:11+09:00,DART_WHOLE_MARKET_LOOKBACK_CAPPED_90D_FROM_180D
318000,KBG,CHECK_LIMITED,확인제한,,,,0,kosdaq_universe_summary_latest.csv,2026-06-19T09:20:11+09:00,DART_WHOLE_MARKET_LOOKBACK_CAPPED_90D_FROM_180D
318010,팜스빌,CHECK_LIMITED,확인제한,,,,0,kosdaq_universe_summary_latest.csv,2026-06-19T09:20:11+09:00,DART_WHOLE_MARKET_LOOKBACK_CAPPED_90D_FROM_180D
318020,포인트모바일,CHECK_LIMITED,확인제한,,,,0,kosdaq_universe_summary_latest.csv,2026-06-19T09:20:11+09:00,DART_WHOLE_MARKET_LOOKBACK_CAPPED_90D_FROM_180D
318060,그래피,CHECK_LIMITED,확인제한,,,,0,kosdaq_universe_summary_latest.csv,2026-06-19T09:20:11+09:00,DART_WHOLE_MARKET_LOOKBACK_CAPPED_90D_FROM_180D
318160,셀바이오휴먼텍,CHECK_LIMITED,확인제한,,,,0,kosdaq_universe_summary_latest.csv,2026-06-19T09:20:11+09:00,DART_WHOLE_MARKET_LOOKBACK_CAPPED_90D_FROM_180D
318410,비비씨,CHECK_LIMITED,확인제한,,,,0,kosdaq_universe_summary_latest.csv,2026-06-19T09:20:11+09:00,DART_WHOLE_MARKET_LOOKBACK_CAPPED_90D_FROM_180D
319400,현대무벡스,CHECK_LIMITED,확인제한,,,,0,kosdaq_universe_summary_latest.csv,2026-06-19T09:20:11+09:00,DART_WHOLE_MARKET_LOOKBACK_CAPPED_90D_FROM_180D
319660,피에스케이,CHECK_LIMITED,확인제한,,,,0,kosdaq_universe_summary_latest.csv,2026-06-19T09:20:11+09:00,DART_WHOLE_MARKET_LOOKBACK_CAPPED_90D_FROM_180D
320000,한울반도체,CHECK_LIMITED,확인제한,,,,0,kosdaq_universe_summary_latest.csv,2026-06-19T09:20:11+09:00,DART_WHOLE_MARKET_LOOKBACK_CAPPED_90D_FROM_180D
321260,프로이천,CHECK_LIMITED,확인제한,,,,0,kosdaq_universe_summary_latest.csv,2026-06-19T09:20:11+09:00,DART_WHOLE_MARKET_LOOKBACK_CAPPED_90D_FROM_180D
321370,센서뷰,CHECK_LIMITED,확인제한,,,,0,kosdaq_universe_summary_latest.csv,2026-06-19T09:20:11+09:00,DART_WHOLE_MARKET_LOOKBACK_CAPPED_90D_FROM_180D
321550,티움바이오,CHECK_LIMITED,확인제한,,,,0,kosdaq_universe_summary_latest.csv,2026-06-19T09:20:11+09:00,DART_WHOLE_MARKET_LOOKBACK_CAPPED_90D_FROM_180D
321820,아티스트컴퍼니,CHECK_LIMITED,확인제한,,,,0,kosdaq_universe_summary_latest.csv,2026-06-19T09:20:11+09:00,DART_WHOLE_MARKET_LOOKBACK_CAPPED_90D_FROM_180D
322000,HD현대에너지솔루션,CHECK_LIMITED,확인제한,,,,0,kospi_universe_summary_latest.csv,2026-06-19T09:20:11+09:00,DART_WHOLE_MARKET_LOOKBACK_CAPPED_90D_FROM_180D
322180,LS티라유텍,CHECK_LIMITED,확인제한,,,,0,kosdaq_universe_summary_latest.csv,2026-06-19T09:20:11+09:00,DART_WHOLE_MARKET_LOOKBACK_CAPPED_90D_FROM_180D
322310,오로스테크놀로지,CHECK_LIMITED,확인제한,,,,0,kosdaq_universe_summary_latest.csv,2026-06-19T09:20:11+09:00,DART_WHOLE_MARKET_LOOKBACK_CAPPED_90D_FROM_180D
322510,제이엘케이,CHECK_LIMITED,확인제한,,,,0,kosdaq_universe_summary_latest.csv,2026-06-19T09:20:11+09:00,DART_WHOLE_MARKET_LOOKBACK_CAPPED_90D_FROM_180D
322780,코퍼스코리아,CHECK_LIMITED,확인제한,,,,0,kosdaq_universe_summary_latest.csv,2026-06-19T09:20:11+09:00,DART_WHOLE_MARKET_LOOKBACK_CAPPED_90D_FROM_180D
323280,태성,CHECK_LIMITED,확인제한,,,,0,kosdaq_universe_summary_latest.csv,2026-06-19T09:20:11+09:00,DART_WHOLE_MARKET_LOOKBACK_CAPPED_90D_FROM_180D
323350,다원넥스뷰,CHECK_LIMITED,확인제한,,,,0,kosdaq_universe_summary_latest.csv,2026-06-19T09:20:11+09:00,DART_WHOLE_MARKET_LOOKBACK_CAPPED_90D_FROM_180D
323410,카카오뱅크,CHECK_LIMITED,확인제한,,,,0,kospi_universe_summary_latest.csv,2026-06-19T09:20:11+09:00,DART_WHOLE_MARKET_LOOKBACK_CAPPED_90D_FROM_180D
323990,박셀바이오,CHECK_LIMITED,확인제한,,,,0,kosdaq_universe_summary_latest.csv,2026-06-19T09:20:11+09:00,DART_WHOLE_MARKET_LOOKBACK_CAPPED_90D_FROM_180D
326030,SK바이오팜,CHECK_LIMITED,확인제한,,,,0,kospi_universe_summary_latest.csv,2026-06-19T09:20:11+09:00,DART_WHOLE_MARKET_LOOKBACK_CAPPED_90D_FROM_180D
327260,RF머트리얼즈,CHECK_LIMITED,확인제한,,,,0,kosdaq_universe_summary_latest.csv,2026-06-19T09:20:11+09:00,DART_WHOLE_MARKET_LOOKBACK_CAPPED_90D_FROM_180D
328130,루닛,CHECK_LIMITED,확인제한,,,,0,kosdaq_universe_summary_latest.csv,2026-06-19T09:20:11+09:00,DART_WHOLE_MARKET_LOOKBACK_CAPPED_90D_FROM_180D
328380,솔트웨어,CHECK_LIMITED,확인제한,,,,0,kosdaq_universe_summary_latest.csv,2026-06-19T09:20:11+09:00,DART_WHOLE_MARKET_LOOKBACK_CAPPED_90D_FROM_180D
329180,HD현대중공업,CHECK_LIMITED,확인제한,,,,0,"kospi_candidates_30_latest.csv,kospi_fx_weakness_candidates_30_latest.csv,kospi_fx_weakness_recommend_7_latest.csv,kospi_monthly_cycle_latest.csv,kospi_short_term_candidates_30_latest.csv,kospi_universe_summary_latest.csv,watchlist_summary_latest.csv",2026-06-19T09:20:11+09:00,DART_WHOLE_MARKET_LOOKBACK_CAPPED_90D_FROM_180D
330350,위더스제약,CHECK_LIMITED,확인제한,,,,0,kosdaq_universe_summary_latest.csv,2026-06-19T09:20:11+09:00,DART_WHOLE_MARKET_LOOKBACK_CAPPED_90D_FROM_180D
330590,롯데리츠,CHECK_LIMITED,확인제한,,,,0,kospi_universe_summary_latest.csv,2026-06-19T09:20:11+09:00,DART_WHOLE_MARKET_LOOKBACK_CAPPED_90D_FROM_180D
330730,스톤브릿지벤처스,CHECK_LIMITED,확인제한,,,,0,kosdaq_universe_summary_latest.csv,2026-06-19T09:20:11+09:00,DART_WHOLE_MARKET_LOOKBACK_CAPPED_90D_FROM_180D
330860,네패스아크,CHECK_LIMITED,확인제한,,,,0,kosdaq_universe_summary_latest.csv,2026-06-19T09:20:11+09:00,DART_WHOLE_MARKET_LOOKBACK_CAPPED_90D_FROM_180D
331380,포커스에이아이,CHECK_LIMITED,확인제한,,,,0,kosdaq_universe_summary_latest.csv,2026-06-19T09:20:11+09:00,DART_WHOLE_MARKET_LOOKBACK_CAPPED_90D_FROM_180D
331520,밸로프,CHECK_LIMITED,확인제한,,,,0,kosdaq_universe_summary_latest.csv,2026-06-19T09:20:11+09:00,DART_WHOLE_MARKET_LOOKBACK_CAPPED_90D_FROM_180D
331740,아우토크립트,CHECK_LIMITED,확인제한,,,,0,kosdaq_universe_summary_latest.csv,2026-06-19T09:20:11+09:00,DART_WHOLE_MARKET_LOOKBACK_CAPPED_90D_FROM_180D
331920,셀레믹스,CHECK_LIMITED,확인제한,,,,0,kosdaq_universe_summary_latest.csv,2026-06-19T09:20:11+09:00,DART_WHOLE_MARKET_LOOKBACK_CAPPED_90D_FROM_180D
332290,누보,CHECK_LIMITED,확인제한,,,,0,kosdaq_universe_summary_latest.csv,2026-06-19T09:20:11+09:00,DART_WHOLE_MARKET_LOOKBACK_CAPPED_90D_FROM_180D
332370,아이디피,CHECK_LIMITED,확인제한,,,,0,kosdaq_universe_summary_latest.csv,2026-06-19T09:20:11+09:00,DART_WHOLE_MARKET_LOOKBACK_CAPPED_90D_FROM_180D
332570,PS일렉트로닉스,CHECK_LIMITED,확인제한,,,,0,kosdaq_universe_summary_latest.csv,2026-06-19T09:20:11+09:00,DART_WHOLE_MARKET_LOOKBACK_CAPPED_90D_FROM_180D
333050,이노테나,CHECK_LIMITED,확인제한,,,,0,kosdaq_universe_summary_latest.csv,2026-06-19T09:20:11+09:00,DART_WHOLE_MARKET_LOOKBACK_CAPPED_90D_FROM_180D
333430,일승,CHECK_LIMITED,확인제한,,,,0,kosdaq_universe_summary_latest.csv,2026-06-19T09:20:11+09:00,DART_WHOLE_MARKET_LOOKBACK_CAPPED_90D_FROM_180D
333620,엔시스,CHECK_LIMITED,확인제한,,,,0,kosdaq_universe_summary_latest.csv,2026-06-19T09:20:11+09:00,DART_WHOLE_MARKET_LOOKBACK_CAPPED_90D_FROM_180D
334890,이지스밸류플러스리츠,CHECK_LIMITED,확인제한,,,,0,kospi_universe_summary_latest.csv,2026-06-19T09:20:11+09:00,DART_WHOLE_MARKET_LOOKBACK_CAPPED_90D_FROM_180D
334970,프레스티지바이오로직스,CHECK_LIMITED,확인제한,,,,0,kosdaq_universe_summary_latest.csv,2026-06-19T09:20:11+09:00,DART_WHOLE_MARKET_LOOKBACK_CAPPED_90D_FROM_180D
335810,프리시젼바이오,CHECK_LIMITED,확인제한,,,,0,kosdaq_universe_summary_latest.csv,2026-06-19T09:20:11+09:00,DART_WHOLE_MARKET_LOOKBACK_CAPPED_90D_FROM_180D
335870,윙스풋,CHECK_LIMITED,확인제한,,,,0,kosdaq_universe_summary_latest.csv,2026-06-19T09:20:11+09:00,DART_WHOLE_MARKET_LOOKBACK_CAPPED_90D_FROM_180D
336060,웨이버스,CHECK_LIMITED,확인제한,,,,0,kosdaq_universe_summary_latest.csv,2026-06-19T09:20:11+09:00,DART_WHOLE_MARKET_LOOKBACK_CAPPED_90D_FROM_180D
336260,두산퓨얼셀,CHECK_LIMITED,확인제한,,,,0,kospi_universe_summary_latest.csv,2026-06-19T09:20:11+09:00,DART_WHOLE_MARKET_LOOKBACK_CAPPED_90D_FROM_180D
336370,솔루스첨단소재,CHECK_LIMITED,확인제한,,,,0,"kospi_monthly_cycle_latest.csv,kospi_universe_summary_latest.csv",2026-06-19T09:20:11+09:00,DART_WHOLE_MARKET_LOOKBACK_CAPPED_90D_FROM_180D
336570,원텍,CHECK_LIMITED,확인제한,,,,0,kosdaq_universe_summary_latest.csv,2026-06-19T09:20:11+09:00,DART_WHOLE_MARKET_LOOKBACK_CAPPED_90D_FROM_180D
336680,탑런토탈솔루션,CHECK_LIMITED,확인제한,,,,0,kosdaq_universe_summary_latest.csv,2026-06-19T09:20:11+09:00,DART_WHOLE_MARKET_LOOKBACK_CAPPED_90D_FROM_180D
337930,젝시믹스,CHECK_LIMITED,확인제한,,,,0,kosdaq_universe_summary_latest.csv,2026-06-19T09:20:11+09:00,DART_WHOLE_MARKET_LOOKBACK_CAPPED_90D_FROM_180D
338100,NH프라임리츠,CHECK_LIMITED,확인제한,,,,0,kospi_universe_summary_latest.csv,2026-06-19T09:20:11+09:00,DART_WHOLE_MARKET_LOOKBACK_CAPPED_90D_FROM_180D
338220,뷰노,CHECK_LIMITED,확인제한,,,,0,kosdaq_universe_summary_latest.csv,2026-06-19T09:20:11+09:00,DART_WHOLE_MARKET_LOOKBACK_CAPPED_90D_FROM_180D
338840,와이바이오로직스,CHECK_LIMITED,확인제한,,,,0,kosdaq_universe_summary_latest.csv,2026-06-19T09:20:11+09:00,DART_WHOLE_MARKET_LOOKBACK_CAPPED_90D_FROM_180D
339770,교촌에프앤비,CHECK_LIMITED,확인제한,,,,0,kospi_universe_summary_latest.csv,2026-06-19T09:20:11+09:00,DART_WHOLE_MARKET_LOOKBACK_CAPPED_90D_FROM_180D
339950,아이비김영,CHECK_LIMITED,확인제한,,,,0,kosdaq_universe_summary_latest.csv,2026-06-19T09:20:11+09:00,DART_WHOLE_MARKET_LOOKBACK_CAPPED_90D_FROM_180D
340360,다보링크,CHECK_LIMITED,확인제한,,,,0,kosdaq_universe_summary_latest.csv,2026-06-19T09:20:11+09:00,DART_WHOLE_MARKET_LOOKBACK_CAPPED_90D_FROM_180D
340440,세림B&G,CHECK_LIMITED,확인제한,,,,0,kosdaq_universe_summary_latest.csv,2026-06-19T09:20:11+09:00,DART_WHOLE_MARKET_LOOKBACK_CAPPED_90D_FROM_180D
340450,지씨지놈,CHECK_LIMITED,확인제한,,,,0,kosdaq_universe_summary_latest.csv,2026-06-19T09:20:11+09:00,DART_WHOLE_MARKET_LOOKBACK_CAPPED_90D_FROM_180D
340570,티앤엘,CHECK_LIMITED,확인제한,,,,0,kosdaq_universe_summary_latest.csv,2026-06-19T09:20:11+09:00,DART_WHOLE_MARKET_LOOKBACK_CAPPED_90D_FROM_180D
340810,시선AI,CHECK_LIMITED,확인제한,,,,0,kosdaq_universe_summary_latest.csv,2026-06-19T09:20:11+09:00,DART_WHOLE_MARKET_LOOKBACK_CAPPED_90D_FROM_180D
340930,유일에너테크,CHECK_LIMITED,확인제한,,,,0,kosdaq_universe_summary_latest.csv,2026-06-19T09:20:11+09:00,DART_WHOLE_MARKET_LOOKBACK_CAPPED_90D_FROM_180D
342870,오아,CHECK_LIMITED,확인제한,,,,0,kosdaq_universe_summary_latest.csv,2026-06-19T09:20:11+09:00,DART_WHOLE_MARKET_LOOKBACK_CAPPED_90D_FROM_180D
344820,KCC글라스,CHECK_LIMITED,확인제한,,,,0,kospi_universe_summary_latest.csv,2026-06-19T09:20:11+09:00,DART_WHOLE_MARKET_LOOKBACK_CAPPED_90D_FROM_180D
344860,이노진,CHECK_LIMITED,확인제한,,,,0,kosdaq_universe_summary_latest.csv,2026-06-19T09:20:11+09:00,DART_WHOLE_MARKET_LOOKBACK_CAPPED_90D_FROM_180D
347000,센코,CHECK_LIMITED,확인제한,,,,0,kosdaq_universe_summary_latest.csv,2026-06-19T09:20:11+09:00,DART_WHOLE_MARKET_LOOKBACK_CAPPED_90D_FROM_180D
347700,스피어,CHECK_LIMITED,확인제한,,,,0,kosdaq_universe_summary_latest.csv,2026-06-19T09:20:11+09:00,DART_WHOLE_MARKET_LOOKBACK_CAPPED_90D_FROM_180D
347740,피엔케이피부임상연구센타,CHECK_LIMITED,확인제한,,,,0,kosdaq_universe_summary_latest.csv,2026-06-19T09:20:11+09:00,DART_WHOLE_MARKET_LOOKBACK_CAPPED_90D_FROM_180D
347770,핌스,CHECK_LIMITED,확인제한,,,,0,kosdaq_universe_summary_latest.csv,2026-06-19T09:20:11+09:00,DART_WHOLE_MARKET_LOOKBACK_CAPPED_90D_FROM_180D
347850,디앤디파마텍,CHECK_LIMITED,확인제한,,,,0,kosdaq_universe_summary_latest.csv,2026-06-19T09:20:11+09:00,DART_WHOLE_MARKET_LOOKBACK_CAPPED_90D_FROM_180D
347860,알체라,CHECK_LIMITED,확인제한,,,,0,kosdaq_universe_summary_latest.csv,2026-06-19T09:20:11+09:00,DART_WHOLE_MARKET_LOOKBACK_CAPPED_90D_FROM_180D
347890,엠엑스온,CHECK_LIMITED,확인제한,,,,0,kosdaq_universe_summary_latest.csv,2026-06-19T09:20:11+09:00,DART_WHOLE_MARKET_LOOKBACK_CAPPED_90D_FROM_180D
348030,모비릭스,CHECK_LIMITED,확인제한,,,,0,kosdaq_universe_summary_latest.csv,2026-06-19T09:20:11+09:00,DART_WHOLE_MARKET_LOOKBACK_CAPPED_90D_FROM_180D
348080,큐라티스,CHECK_LIMITED,확인제한,,,,0,kosdaq_universe_summary_latest.csv,2026-06-19T09:20:11+09:00,DART_WHOLE_MARKET_LOOKBACK_CAPPED_90D_FROM_180D
348150,고바이오랩,CHECK_LIMITED,확인제한,,,,0,kosdaq_universe_summary_latest.csv,2026-06-19T09:20:11+09:00,DART_WHOLE_MARKET_LOOKBACK_CAPPED_90D_FROM_180D
348210,넥스틴,CHECK_LIMITED,확인제한,,,,0,kosdaq_universe_summary_latest.csv,2026-06-19T09:20:11+09:00,DART_WHOLE_MARKET_LOOKBACK_CAPPED_90D_FROM_180D
348340,뉴로메카,CHECK_LIMITED,확인제한,,,,0,kosdaq_universe_summary_latest.csv,2026-06-19T09:20:11+09:00,DART_WHOLE_MARKET_LOOKBACK_CAPPED_90D_FROM_180D
348350,위드텍,CHECK_LIMITED,확인제한,,,,0,kosdaq_universe_summary_latest.csv,2026-06-19T09:20:11+09:00,DART_WHOLE_MARKET_LOOKBACK_CAPPED_90D_FROM_180D
348370,엔켐,CHECK_LIMITED,확인제한,,,,0,kosdaq_universe_summary_latest.csv,2026-06-19T09:20:11+09:00,DART_WHOLE_MARKET_LOOKBACK_CAPPED_90D_FROM_180D
348950,제이알글로벌리츠,CHECK_LIMITED,확인제한,,,,0,kospi_universe_summary_latest.csv,2026-06-19T09:20:11+09:00,DART_WHOLE_MARKET_LOOKBACK_CAPPED_90D_FROM_180D
350520,이지스레지던스리츠,CHECK_LIMITED,확인제한,,,,0,kospi_universe_summary_latest.csv,2026-06-19T09:20:11+09:00,DART_WHOLE_MARKET_LOOKBACK_CAPPED_90D_FROM_180D
351320,넥사다이내믹스,CHECK_LIMITED,확인제한,,,,0,kosdaq_universe_summary_latest.csv,2026-06-19T09:20:11+09:00,DART_WHOLE_MARKET_LOOKBACK_CAPPED_90D_FROM_180D
351330,이삭엔지니어링,CHECK_LIMITED,확인제한,,,,0,kosdaq_universe_summary_latest.csv,2026-06-19T09:20:11+09:00,DART_WHOLE_MARKET_LOOKBACK_CAPPED_90D_FROM_180D
351870,차이커뮤니케이션,CHECK_LIMITED,확인제한,,,,0,kosdaq_universe_summary_latest.csv,2026-06-19T09:20:11+09:00,DART_WHOLE_MARKET_LOOKBACK_CAPPED_90D_FROM_180D
352090,스톰테크,CHECK_LIMITED,확인제한,,,,0,kosdaq_universe_summary_latest.csv,2026-06-19T09:20:11+09:00,DART_WHOLE_MARKET_LOOKBACK_CAPPED_90D_FROM_180D
352480,씨앤씨인터내셔널,CHECK_LIMITED,확인제한,,,,0,kosdaq_universe_summary_latest.csv,2026-06-19T09:20:11+09:00,DART_WHOLE_MARKET_LOOKBACK_CAPPED_90D_FROM_180D
352700,씨앤투스,CHECK_LIMITED,확인제한,,,,0,kosdaq_universe_summary_latest.csv,2026-06-19T09:20:11+09:00,DART_WHOLE_MARKET_LOOKBACK_CAPPED_90D_FROM_180D
352770,셀레스트라,CHECK_LIMITED,확인제한,,,,0,kosdaq_universe_summary_latest.csv,2026-06-19T09:20:11+09:00,DART_WHOLE_MARKET_LOOKBACK_CAPPED_90D_FROM_180D
352820,하이브,CHECK_LIMITED,확인제한,,,,0,kospi_universe_summary_latest.csv,2026-06-19T09:20:11+09:00,DART_WHOLE_MARKET_LOOKBACK_CAPPED_90D_FROM_180D
352910,오비고,CHECK_LIMITED,확인제한,,,,0,kosdaq_universe_summary_latest.csv,2026-06-19T09:20:11+09:00,DART_WHOLE_MARKET_LOOKBACK_CAPPED_90D_FROM_180D
352940,인바이오,CHECK_LIMITED,확인제한,,,,0,kosdaq_universe_summary_latest.csv,2026-06-19T09:20:11+09:00,DART_WHOLE_MARKET_LOOKBACK_CAPPED_90D_FROM_180D
353190,휴럼,CHECK_LIMITED,확인제한,,,,0,kosdaq_universe_summary_latest.csv,2026-06-19T09:20:11+09:00,DART_WHOLE_MARKET_LOOKBACK_CAPPED_90D_FROM_180D
353200,대덕전자,CHECK_LIMITED,확인제한,,,,0,"kospi_monthly_cycle_latest.csv,kospi_universe_summary_latest.csv",2026-06-19T09:20:11+09:00,DART_WHOLE_MARKET_LOOKBACK_CAPPED_90D_FROM_180D
353590,오토앤,CHECK_LIMITED,확인제한,,,,0,kosdaq_universe_summary_latest.csv,2026-06-19T09:20:11+09:00,DART_WHOLE_MARKET_LOOKBACK_CAPPED_90D_FROM_180D
353810,이지바이오,CHECK_LIMITED,확인제한,,,,0,kosdaq_universe_summary_latest.csv,2026-06-19T09:20:11+09:00,DART_WHOLE_MARKET_LOOKBACK_CAPPED_90D_FROM_180D
354200,엔젠바이오,CHECK_LIMITED,확인제한,,,,0,kosdaq_universe_summary_latest.csv,2026-06-19T09:20:11+09:00,DART_WHOLE_MARKET_LOOKBACK_CAPPED_90D_FROM_180D
354320,알멕,CHECK_LIMITED,확인제한,,,,0,kosdaq_universe_summary_latest.csv,2026-06-19T09:20:11+09:00,DART_WHOLE_MARKET_LOOKBACK_CAPPED_90D_FROM_180D
355150,코스텍시스,CHECK_LIMITED,확인제한,,,,0,kosdaq_universe_summary_latest.csv,2026-06-19T09:20:11+09:00,DART_WHOLE_MARKET_LOOKBACK_CAPPED_90D_FROM_180D
355390,크라우드웍스,CHECK_LIMITED,확인제한,,,,0,kosdaq_universe_summary_latest.csv,2026-06-19T09:20:11+09:00,DART_WHOLE_MARKET_LOOKBACK_CAPPED_90D_FROM_180D
355690,에이텀,CHECK_LIMITED,확인제한,,,,0,kosdaq_universe_summary_latest.csv,2026-06-19T09:20:11+09:00,DART_WHOLE_MARKET_LOOKBACK_CAPPED_90D_FROM_180D
356680,엑스게이트,CHECK_LIMITED,확인제한,,,,0,kosdaq_universe_summary_latest.csv,2026-06-19T09:20:11+09:00,DART_WHOLE_MARKET_LOOKBACK_CAPPED_90D_FROM_180D
356860,티엘비,CHECK_LIMITED,확인제한,,,,0,kosdaq_universe_summary_latest.csv,2026-06-19T09:20:11+09:00,DART_WHOLE_MARKET_LOOKBACK_CAPPED_90D_FROM_180D
356890,싸이버원,CHECK_LIMITED,확인제한,,,,0,kosdaq_universe_summary_latest.csv,2026-06-19T09:20:11+09:00,DART_WHOLE_MARKET_LOOKBACK_CAPPED_90D_FROM_180D
357120,코람코라이프인프라리츠,CHECK_LIMITED,확인제한,,,,0,kospi_universe_summary_latest.csv,2026-06-19T09:20:11+09:00,DART_WHOLE_MARKET_LOOKBACK_CAPPED_90D_FROM_180D
357230,에이치피오,CHECK_LIMITED,확인제한,,,,0,kosdaq_universe_summary_latest.csv,2026-06-19T09:20:11+09:00,DART_WHOLE_MARKET_LOOKBACK_CAPPED_90D_FROM_180D
357250,미래에셋맵스리츠,CHECK_LIMITED,확인제한,,,,0,kospi_universe_summary_latest.csv,2026-06-19T09:20:11+09:00,DART_WHOLE_MARKET_LOOKBACK_CAPPED_90D_FROM_180D
357430,마스턴프리미어리츠,CHECK_LIMITED,확인제한,,,,0,kospi_universe_summary_latest.csv,2026-06-19T09:20:11+09:00,DART_WHOLE_MARKET_LOOKBACK_CAPPED_90D_FROM_180D
357550,석경에이티,CHECK_LIMITED,확인제한,,,,0,kosdaq_universe_summary_latest.csv,2026-06-19T09:20:11+09:00,DART_WHOLE_MARKET_LOOKBACK_CAPPED_90D_FROM_180D
357580,아모센스,CHECK_LIMITED,확인제한,,,,0,kosdaq_universe_summary_latest.csv,2026-06-19T09:20:11+09:00,DART_WHOLE_MARKET_LOOKBACK_CAPPED_90D_FROM_180D
357780,솔브레인,CHECK_LIMITED,확인제한,,,,0,kosdaq_universe_summary_latest.csv,2026-06-19T09:20:11+09:00,DART_WHOLE_MARKET_LOOKBACK_CAPPED_90D_FROM_180D
357880,SKAI,CHECK_LIMITED,확인제한,,,,0,kosdaq_universe_summary_latest.csv,2026-06-19T09:20:11+09:00,DART_WHOLE_MARKET_LOOKBACK_CAPPED_90D_FROM_180D
358570,지아이이노베이션,CHECK_LIMITED,확인제한,,,,0,kosdaq_universe_summary_latest.csv,2026-06-19T09:20:11+09:00,DART_WHOLE_MARKET_LOOKBACK_CAPPED_90D_FROM_180D
359090,씨엔알리서치,CHECK_LIMITED,확인제한,,,,0,kosdaq_universe_summary_latest.csv,2026-06-19T09:20:11+09:00,DART_WHOLE_MARKET_LOOKBACK_CAPPED_90D_FROM_180D
360070,탑머티리얼,CHECK_LIMITED,확인제한,,,,0,kosdaq_universe_summary_latest.csv,2026-06-19T09:20:11+09:00,DART_WHOLE_MARKET_LOOKBACK_CAPPED_90D_FROM_180D
360350,코셈,CHECK_LIMITED,확인제한,,,,0,kosdaq_universe_summary_latest.csv,2026-06-19T09:20:11+09:00,DART_WHOLE_MARKET_LOOKBACK_CAPPED_90D_FROM_180D
361390,제노코,CHECK_LIMITED,확인제한,,,,0,kosdaq_universe_summary_latest.csv,2026-06-19T09:20:11+09:00,DART_WHOLE_MARKET_LOOKBACK_CAPPED_90D_FROM_180D
361570,알비더블유,CHECK_LIMITED,확인제한,,,,0,kosdaq_universe_summary_latest.csv,2026-06-19T09:20:11+09:00,DART_WHOLE_MARKET_LOOKBACK_CAPPED_90D_FROM_180D
361610,SK아이이테크놀로지,CHECK_LIMITED,확인제한,,,,0,kospi_universe_summary_latest.csv,2026-06-19T09:20:11+09:00,DART_WHOLE_MARKET_LOOKBACK_CAPPED_90D_FROM_180D
361670,삼영에스앤씨,CHECK_LIMITED,확인제한,,,,0,kosdaq_universe_summary_latest.csv,2026-06-19T09:20:11+09:00,DART_WHOLE_MARKET_LOOKBACK_CAPPED_90D_FROM_180D
362320,청담글로벌,CHECK_LIMITED,확인제한,,,,0,kosdaq_universe_summary_latest.csv,2026-06-19T09:20:11+09:00,DART_WHOLE_MARKET_LOOKBACK_CAPPED_90D_FROM_180D
362990,드림인사이트,CHECK_LIMITED,확인제한,,,,0,kosdaq_universe_summary_latest.csv,2026-06-19T09:20:11+09:00,DART_WHOLE_MARKET_LOOKBACK_CAPPED_90D_FROM_180D
363250,진시스템,CHECK_LIMITED,확인제한,,,,0,kosdaq_universe_summary_latest.csv,2026-06-19T09:20:11+09:00,DART_WHOLE_MARKET_LOOKBACK_CAPPED_90D_FROM_180D
363260,모비데이즈,CHECK_LIMITED,확인제한,,,,0,kosdaq_universe_summary_latest.csv,2026-06-19T09:20:11+09:00,DART_WHOLE_MARKET_LOOKBACK_CAPPED_90D_FROM_180D
363280,티와이홀딩스,CHECK_LIMITED,확인제한,,,,0,kospi_universe_summary_latest.csv,2026-06-19T09:20:11+09:00,DART_WHOLE_MARKET_LOOKBACK_CAPPED_90D_FROM_180D
364950,에이아이코리아,CHECK_LIMITED,확인제한,,,,0,kosdaq_universe_summary_latest.csv,2026-06-19T09:20:11+09:00,DART_WHOLE_MARKET_LOOKBACK_CAPPED_90D_FROM_180D
365270,큐라클,CHECK_LIMITED,확인제한,,,,0,kosdaq_universe_summary_latest.csv,2026-06-19T09:20:11+09:00,DART_WHOLE_MARKET_LOOKBACK_CAPPED_90D_FROM_180D
365330,에스와이스틸텍,CHECK_LIMITED,확인제한,,,,0,kosdaq_universe_summary_latest.csv,2026-06-19T09:20:11+09:00,DART_WHOLE_MARKET_LOOKBACK_CAPPED_90D_FROM_180D
365340,성일하이텍,CHECK_LIMITED,확인제한,,,,0,kosdaq_universe_summary_latest.csv,2026-06-19T09:20:11+09:00,DART_WHOLE_MARKET_LOOKBACK_CAPPED_90D_FROM_180D
365550,ESR켄달스퀘어리츠,CHECK_LIMITED,확인제한,,,,0,kospi_universe_summary_latest.csv,2026-06-19T09:20:11+09:00,DART_WHOLE_MARKET_LOOKBACK_CAPPED_90D_FROM_180D
365590,하이딥,CHECK_LIMITED,확인제한,,,,0,kosdaq_universe_summary_latest.csv,2026-06-19T09:20:11+09:00,DART_WHOLE_MARKET_LOOKBACK_CAPPED_90D_FROM_180D
365900,브이씨,CHECK_LIMITED,확인제한,,,,0,kosdaq_universe_summary_latest.csv,2026-06-19T09:20:11+09:00,DART_WHOLE_MARKET_LOOKBACK_CAPPED_90D_FROM_180D
366030,공구우먼,CHECK_LIMITED,확인제한,,,,0,kosdaq_universe_summary_latest.csv,2026-06-19T09:20:11+09:00,DART_WHOLE_MARKET_LOOKBACK_CAPPED_90D_FROM_180D
367000,플래티어,CHECK_LIMITED,확인제한,,,,0,kosdaq_universe_summary_latest.csv,2026-06-19T09:20:11+09:00,DART_WHOLE_MARKET_LOOKBACK_CAPPED_90D_FROM_180D
368600,아이씨에이치,CHECK_LIMITED,확인제한,,,,0,kosdaq_universe_summary_latest.csv,2026-06-19T09:20:11+09:00,DART_WHOLE_MARKET_LOOKBACK_CAPPED_90D_FROM_180D
368770,파이버프로,CHECK_LIMITED,확인제한,,,,0,kosdaq_universe_summary_latest.csv,2026-06-19T09:20:11+09:00,DART_WHOLE_MARKET_LOOKBACK_CAPPED_90D_FROM_180D
368970,오에스피,CHECK_LIMITED,확인제한,,,,0,kosdaq_universe_summary_latest.csv,2026-06-19T09:20:11+09:00,DART_WHOLE_MARKET_LOOKBACK_CAPPED_90D_FROM_180D
369370,블리츠웨이엔터테인먼트,CHECK_LIMITED,확인제한,,,,0,kosdaq_universe_summary_latest.csv,2026-06-19T09:20:11+09:00,DART_WHOLE_MARKET_LOOKBACK_CAPPED_90D_FROM_180D
370090,퓨런티어,CHECK_LIMITED,확인제한,,,,0,kosdaq_universe_summary_latest.csv,2026-06-19T09:20:11+09:00,DART_WHOLE_MARKET_LOOKBACK_CAPPED_90D_FROM_180D
371950,풍원정밀,CHECK_LIMITED,확인제한,,,,0,kosdaq_universe_summary_latest.csv,2026-06-19T09:20:11+09:00,DART_WHOLE_MARKET_LOOKBACK_CAPPED_90D_FROM_180D
372170,윤성에프앤씨,CHECK_LIMITED,확인제한,,,,0,kosdaq_universe_summary_latest.csv,2026-06-19T09:20:11+09:00,DART_WHOLE_MARKET_LOOKBACK_CAPPED_90D_FROM_180D
372320,큐로셀,CHECK_LIMITED,확인제한,,,,0,kosdaq_universe_summary_latest.csv,2026-06-19T09:20:11+09:00,DART_WHOLE_MARKET_LOOKBACK_CAPPED_90D_FROM_180D
372800,아이티아이즈,CHECK_LIMITED,확인제한,,,,0,kosdaq_universe_summary_latest.csv,2026-06-19T09:20:11+09:00,DART_WHOLE_MARKET_LOOKBACK_CAPPED_90D_FROM_180D
372910,한컴라이프케어,CHECK_LIMITED,확인제한,,,,0,kospi_universe_summary_latest.csv,2026-06-19T09:20:11+09:00,DART_WHOLE_MARKET_LOOKBACK_CAPPED_90D_FROM_180D
373110,엑셀세라퓨틱스,CHECK_LIMITED,확인제한,,,,0,kosdaq_universe_summary_latest.csv,2026-06-19T09:20:11+09:00,DART_WHOLE_MARKET_LOOKBACK_CAPPED_90D_FROM_180D
373160,데이원컴퍼니,CHECK_LIMITED,확인제한,,,,0,kosdaq_universe_summary_latest.csv,2026-06-19T09:20:11+09:00,DART_WHOLE_MARKET_LOOKBACK_CAPPED_90D_FROM_180D
373170,엠아이큐브솔루션,CHECK_LIMITED,확인제한,,,,0,kosdaq_universe_summary_latest.csv,2026-06-19T09:20:11+09:00,DART_WHOLE_MARKET_LOOKBACK_CAPPED_90D_FROM_180D
373200,엑스플러스,CHECK_LIMITED,확인제한,,,,0,kosdaq_universe_summary_latest.csv,2026-06-19T09:20:11+09:00,DART_WHOLE_MARKET_LOOKBACK_CAPPED_90D_FROM_180D
373220,LG에너지솔루션,CHECK_LIMITED,확인제한,,,,0,"kospi_fx_weakness_candidates_30_latest.csv,kospi_universe_summary_latest.csv,watchlist_summary_latest.csv",2026-06-19T09:20:11+09:00,DART_WHOLE_MARKET_LOOKBACK_CAPPED_90D_FROM_180D
375500,DL이앤씨,CHECK_LIMITED,확인제한,,,,0,kospi_universe_summary_latest.csv,2026-06-19T09:20:11+09:00,DART_WHOLE_MARKET_LOOKBACK_CAPPED_90D_FROM_180D
376180,피코그램,CHECK_LIMITED,확인제한,,,,0,kosdaq_universe_summary_latest.csv,2026-06-19T09:20:11+09:00,DART_WHOLE_MARKET_LOOKBACK_CAPPED_90D_FROM_180D
376270,HEM파마,CHECK_LIMITED,확인제한,,,,0,kosdaq_universe_summary_latest.csv,2026-06-19T09:20:11+09:00,DART_WHOLE_MARKET_LOOKBACK_CAPPED_90D_FROM_180D
376290,씨유테크,CHECK_LIMITED,확인제한,,,,0,kosdaq_universe_summary_latest.csv,2026-06-19T09:20:11+09:00,DART_WHOLE_MARKET_LOOKBACK_CAPPED_90D_FROM_180D
376300,디어유,CHECK_LIMITED,확인제한,,,,0,kosdaq_universe_summary_latest.csv,2026-06-19T09:20:11+09:00,DART_WHOLE_MARKET_LOOKBACK_CAPPED_90D_FROM_180D
376900,로킷헬스케어,CHECK_LIMITED,확인제한,,,,0,kosdaq_universe_summary_latest.csv,2026-06-19T09:20:11+09:00,DART_WHOLE_MARKET_LOOKBACK_CAPPED_90D_FROM_180D
376930,노을,CHECK_LIMITED,확인제한,,,,0,kosdaq_universe_summary_latest.csv,2026-06-19T09:20:11+09:00,DART_WHOLE_MARKET_LOOKBACK_CAPPED_90D_FROM_180D
376980,원티드랩,CHECK_LIMITED,확인제한,,,,0,kosdaq_universe_summary_latest.csv,2026-06-19T09:20:11+09:00,DART_WHOLE_MARKET_LOOKBACK_CAPPED_90D_FROM_180D
377030,비트맥스,CHECK_LIMITED,확인제한,,,,0,kosdaq_universe_summary_latest.csv,2026-06-19T09:20:11+09:00,DART_WHOLE_MARKET_LOOKBACK_CAPPED_90D_FROM_180D
377190,디앤디플랫폼리츠,CHECK_LIMITED,확인제한,,,,0,kospi_universe_summary_latest.csv,2026-06-19T09:20:11+09:00,DART_WHOLE_MARKET_LOOKBACK_CAPPED_90D_FROM_180D
377220,프롬바이오,CHECK_LIMITED,확인제한,,,,0,kosdaq_universe_summary_latest.csv,2026-06-19T09:20:11+09:00,DART_WHOLE_MARKET_LOOKBACK_CAPPED_90D_FROM_180D
377300,카카오페이,CHECK_LIMITED,확인제한,,,,0,kospi_universe_summary_latest.csv,2026-06-19T09:20:11+09:00,DART_WHOLE_MARKET_LOOKBACK_CAPPED_90D_FROM_180D
377330,이지트로닉스,CHECK_LIMITED,확인제한,,,,0,kosdaq_universe_summary_latest.csv,2026-06-19T09:20:11+09:00,DART_WHOLE_MARKET_LOOKBACK_CAPPED_90D_FROM_180D
377450,리파인,CHECK_LIMITED,확인제한,,,,0,kosdaq_universe_summary_latest.csv,2026-06-19T09:20:11+09:00,DART_WHOLE_MARKET_LOOKBACK_CAPPED_90D_FROM_180D
377460,큐에이드,CHECK_LIMITED,확인제한,,,,0,kosdaq_universe_summary_latest.csv,2026-06-19T09:20:11+09:00,DART_WHOLE_MARKET_LOOKBACK_CAPPED_90D_FROM_180D
377480,마음AI,CHECK_LIMITED,확인제한,,,,0,kosdaq_universe_summary_latest.csv,2026-06-19T09:20:11+09:00,DART_WHOLE_MARKET_LOOKBACK_CAPPED_90D_FROM_180D
377740,바이오노트,CHECK_LIMITED,확인제한,,,,0,kospi_universe_summary_latest.csv,2026-06-19T09:20:11+09:00,DART_WHOLE_MARKET_LOOKBACK_CAPPED_90D_FROM_180D
378340,필에너지,CHECK_LIMITED,확인제한,,,,0,kosdaq_universe_summary_latest.csv,2026-06-19T09:20:11+09:00,DART_WHOLE_MARKET_LOOKBACK_CAPPED_90D_FROM_180D
378800,샤페론,CHECK_LIMITED,확인제한,,,,0,kosdaq_universe_summary_latest.csv,2026-06-19T09:20:11+09:00,DART_WHOLE_MARKET_LOOKBACK_CAPPED_90D_FROM_180D
378850,화승알앤에이,CHECK_LIMITED,확인제한,,,,0,kospi_universe_summary_latest.csv,2026-06-19T09:20:11+09:00,DART_WHOLE_MARKET_LOOKBACK_CAPPED_90D_FROM_180D
380540,옵티코어,CHECK_LIMITED,확인제한,,,,0,kosdaq_universe_summary_latest.csv,2026-06-19T09:20:11+09:00,DART_WHOLE_MARKET_LOOKBACK_CAPPED_90D_FROM_180D
380550,뉴로핏,CHECK_LIMITED,확인제한,,,,0,kosdaq_universe_summary_latest.csv,2026-06-19T09:20:11+09:00,DART_WHOLE_MARKET_LOOKBACK_CAPPED_90D_FROM_180D
381620,제닉스로보틱스,CHECK_LIMITED,확인제한,,,,0,kosdaq_universe_summary_latest.csv,2026-06-19T09:20:11+09:00,DART_WHOLE_MARKET_LOOKBACK_CAPPED_90D_FROM_180D
381970,케이카,CHECK_LIMITED,확인제한,,,,0,kospi_universe_summary_latest.csv,2026-06-19T09:20:11+09:00,DART_WHOLE_MARKET_LOOKBACK_CAPPED_90D_FROM_180D
382150,온코크로스,CHECK_LIMITED,확인제한,,,,0,kosdaq_universe_summary_latest.csv,2026-06-19T09:20:11+09:00,DART_WHOLE_MARKET_LOOKBACK_CAPPED_90D_FROM_180D
382480,지아이텍,CHECK_LIMITED,확인제한,,,,0,kosdaq_universe_summary_latest.csv,2026-06-19T09:20:11+09:00,DART_WHOLE_MARKET_LOOKBACK_CAPPED_90D_FROM_180D
382800,지앤비에스 에코,CHECK_LIMITED,확인제한,,,,0,kosdaq_universe_summary_latest.csv,2026-06-19T09:20:11+09:00,DART_WHOLE_MARKET_LOOKBACK_CAPPED_90D_FROM_180D
382840,원준,CHECK_LIMITED,확인제한,,,,0,kosdaq_universe_summary_latest.csv,2026-06-19T09:20:11+09:00,DART_WHOLE_MARKET_LOOKBACK_CAPPED_90D_FROM_180D
382900,범한퓨얼셀,CHECK_LIMITED,확인제한,,,,0,kosdaq_universe_summary_latest.csv,2026-06-19T09:20:11+09:00,DART_WHOLE_MARKET_LOOKBACK_CAPPED_90D_FROM_180D
383220,F&F,CHECK_LIMITED,확인제한,,,,0,kospi_universe_summary_latest.csv,2026-06-19T09:20:11+09:00,DART_WHOLE_MARKET_LOOKBACK_CAPPED_90D_FROM_180D
383310,에코프로에이치엔,CHECK_LIMITED,확인제한,,,,0,kosdaq_universe_summary_latest.csv,2026-06-19T09:20:11+09:00,DART_WHOLE_MARKET_LOOKBACK_CAPPED_90D_FROM_180D
383800,LX홀딩스,CHECK_LIMITED,확인제한,,,,0,kospi_universe_summary_latest.csv,2026-06-19T09:20:11+09:00,DART_WHOLE_MARKET_LOOKBACK_CAPPED_90D_FROM_180D
383930,디티앤씨알오,CHECK_LIMITED,확인제한,,,,0,kosdaq_universe_summary_latest.csv,2026-06-19T09:20:11+09:00,DART_WHOLE_MARKET_LOOKBACK_CAPPED_90D_FROM_180D
384470,코어라인소프트,CHECK_LIMITED,확인제한,,,,0,kosdaq_universe_summary_latest.csv,2026-06-19T09:20:11+09:00,DART_WHOLE_MARKET_LOOKBACK_CAPPED_90D_FROM_180D
387570,파인메딕스,CHECK_LIMITED,확인제한,,,,0,kosdaq_universe_summary_latest.csv,2026-06-19T09:20:11+09:00,DART_WHOLE_MARKET_LOOKBACK_CAPPED_90D_FROM_180D
388050,지투파워,CHECK_LIMITED,확인제한,,,,0,kosdaq_universe_summary_latest.csv,2026-06-19T09:20:11+09:00,DART_WHOLE_MARKET_LOOKBACK_CAPPED_90D_FROM_180D
388210,씨엠티엑스,CHECK_LIMITED,확인제한,,,,0,kosdaq_universe_summary_latest.csv,2026-06-19T09:20:11+09:00,DART_WHOLE_MARKET_LOOKBACK_CAPPED_90D_FROM_180D
388610,지에프씨생명과학,CHECK_LIMITED,확인제한,,,,0,kosdaq_universe_summary_latest.csv,2026-06-19T09:20:11+09:00,DART_WHOLE_MARKET_LOOKBACK_CAPPED_90D_FROM_180D
388720,유일로보틱스,CHECK_LIMITED,확인제한,,,,0,kosdaq_universe_summary_latest.csv,2026-06-19T09:20:11+09:00,DART_WHOLE_MARKET_LOOKBACK_CAPPED_90D_FROM_180D
388790,라이콤,CHECK_LIMITED,확인제한,,,,0,kosdaq_universe_summary_latest.csv,2026-06-19T09:20:11+09:00,DART_WHOLE_MARKET_LOOKBACK_CAPPED_90D_FROM_180D
388870,파로스아이바이오,CHECK_LIMITED,확인제한,,,,0,kosdaq_universe_summary_latest.csv,2026-06-19T09:20:11+09:00,DART_WHOLE_MARKET_LOOKBACK_CAPPED_90D_FROM_180D
389020,자람테크놀로지,CHECK_LIMITED,확인제한,,,,0,kosdaq_universe_summary_latest.csv,2026-06-19T09:20:11+09:00,DART_WHOLE_MARKET_LOOKBACK_CAPPED_90D_FROM_180D
389030,지니너스,CHECK_LIMITED,확인제한,,,,0,kosdaq_universe_summary_latest.csv,2026-06-19T09:20:11+09:00,DART_WHOLE_MARKET_LOOKBACK_CAPPED_90D_FROM_180D
389140,포바이포,CHECK_LIMITED,확인제한,,,,0,kosdaq_universe_summary_latest.csv,2026-06-19T09:20:11+09:00,DART_WHOLE_MARKET_LOOKBACK_CAPPED_90D_FROM_180D
389260,대명에너지,CHECK_LIMITED,확인제한,,,,0,kosdaq_universe_summary_latest.csv,2026-06-19T09:20:11+09:00,DART_WHOLE_MARKET_LOOKBACK_CAPPED_90D_FROM_180D
389470,인벤티지랩,CHECK_LIMITED,확인제한,,,,0,kosdaq_universe_summary_latest.csv,2026-06-19T09:20:11+09:00,DART_WHOLE_MARKET_LOOKBACK_CAPPED_90D_FROM_180D
389500,에스비비테크,CHECK_LIMITED,확인제한,,,,0,kosdaq_universe_summary_latest.csv,2026-06-19T09:20:11+09:00,DART_WHOLE_MARKET_LOOKBACK_CAPPED_90D_FROM_180D
389650,넥스트바이오메디컬,CHECK_LIMITED,확인제한,,,,0,kosdaq_universe_summary_latest.csv,2026-06-19T09:20:11+09:00,DART_WHOLE_MARKET_LOOKBACK_CAPPED_90D_FROM_180D
389680,유디엠텍,CHECK_LIMITED,확인제한,,,,0,kosdaq_universe_summary_latest.csv,2026-06-19T09:20:11+09:00,DART_WHOLE_MARKET_LOOKBACK_CAPPED_90D_FROM_180D
391710,코닉오토메이션,CHECK_LIMITED,확인제한,,,,0,kosdaq_universe_summary_latest.csv,2026-06-19T09:20:11+09:00,DART_WHOLE_MARKET_LOOKBACK_CAPPED_90D_FROM_180D
393210,토마토시스템,CHECK_LIMITED,확인제한,,,,0,kosdaq_universe_summary_latest.csv,2026-06-19T09:20:11+09:00,DART_WHOLE_MARKET_LOOKBACK_CAPPED_90D_FROM_180D
393890,더블유씨피,CHECK_LIMITED,확인제한,,,,0,kosdaq_universe_summary_latest.csv,2026-06-19T09:20:11+09:00,DART_WHOLE_MARKET_LOOKBACK_CAPPED_90D_FROM_180D
393970,대진첨단소재,CHECK_LIMITED,확인제한,,,,0,kosdaq_universe_summary_latest.csv,2026-06-19T09:20:11+09:00,DART_WHOLE_MARKET_LOOKBACK_CAPPED_90D_FROM_180D
394280,오픈엣지테크놀로지,CHECK_LIMITED,확인제한,,,,0,kosdaq_universe_summary_latest.csv,2026-06-19T09:20:11+09:00,DART_WHOLE_MARKET_LOOKBACK_CAPPED_90D_FROM_180D
394420,리센스메디컬,CHECK_LIMITED,확인제한,,,,0,kosdaq_universe_summary_latest.csv,2026-06-19T09:20:11+09:00,DART_WHOLE_MARKET_LOOKBACK_CAPPED_90D_FROM_180D
394800,쓰리빌리언,CHECK_LIMITED,확인제한,,,,0,kosdaq_universe_summary_latest.csv,2026-06-19T09:20:11+09:00,DART_WHOLE_MARKET_LOOKBACK_CAPPED_90D_FROM_180D
395400,SK리츠,CHECK_LIMITED,확인제한,,,,0,kospi_universe_summary_latest.csv,2026-06-19T09:20:11+09:00,DART_WHOLE_MARKET_LOOKBACK_CAPPED_90D_FROM_180D
396270,넥스트칩,CHECK_LIMITED,확인제한,,,,0,kosdaq_universe_summary_latest.csv,2026-06-19T09:20:11+09:00,DART_WHOLE_MARKET_LOOKBACK_CAPPED_90D_FROM_180D
396300,세아메카닉스,CHECK_LIMITED,확인제한,,,,0,kosdaq_universe_summary_latest.csv,2026-06-19T09:20:11+09:00,DART_WHOLE_MARKET_LOOKBACK_CAPPED_90D_FROM_180D
396470,워트,CHECK_LIMITED,확인제한,,,,0,kosdaq_universe_summary_latest.csv,2026-06-19T09:20:11+09:00,DART_WHOLE_MARKET_LOOKBACK_CAPPED_90D_FROM_180D
396690,미래에셋글로벌리츠,CHECK_LIMITED,확인제한,,,,0,kospi_universe_summary_latest.csv,2026-06-19T09:20:11+09:00,DART_WHOLE_MARKET_LOOKBACK_CAPPED_90D_FROM_180D
397030,에이프릴바이오,CHECK_LIMITED,확인제한,,,,0,kosdaq_universe_summary_latest.csv,2026-06-19T09:20:11+09:00,DART_WHOLE_MARKET_LOOKBACK_CAPPED_90D_FROM_180D
397810,애드포러스,CHECK_LIMITED,확인제한,,,,0,kosdaq_universe_summary_latest.csv,2026-06-19T09:20:11+09:00,DART_WHOLE_MARKET_LOOKBACK_CAPPED_90D_FROM_180D
398120,에스지헬스케어,CHECK_LIMITED,확인제한,,,,0,kosdaq_universe_summary_latest.csv,2026-06-19T09:20:11+09:00,DART_WHOLE_MARKET_LOOKBACK_CAPPED_90D_FROM_180D
399720,가온칩스,CHECK_LIMITED,확인제한,,,,0,kosdaq_universe_summary_latest.csv,2026-06-19T09:20:11+09:00,DART_WHOLE_MARKET_LOOKBACK_CAPPED_90D_FROM_180D
400760,NH올원리츠,CHECK_LIMITED,확인제한,,,,0,kospi_universe_summary_latest.csv,2026-06-19T09:20:11+09:00,DART_WHOLE_MARKET_LOOKBACK_CAPPED_90D_FROM_180D
402030,코난테크놀로지,CHECK_LIMITED,확인제한,,,,0,kosdaq_universe_summary_latest.csv,2026-06-19T09:20:11+09:00,DART_WHOLE_MARKET_LOOKBACK_CAPPED_90D_FROM_180D
402340,SK스퀘어,CHECK_LIMITED,확인제한,,,,0,"kospi_gainers_1m_latest.csv,kospi_universe_summary_latest.csv,watchlist_summary_latest.csv",2026-06-19T09:20:11+09:00,DART_WHOLE_MARKET_LOOKBACK_CAPPED_90D_FROM_180D
402490,그린리소스,CHECK_LIMITED,확인제한,,,,0,kosdaq_universe_summary_latest.csv,2026-06-19T09:20:11+09:00,DART_WHOLE_MARKET_LOOKBACK_CAPPED_90D_FROM_180D
403490,우듬지팜,CHECK_LIMITED,확인제한,,,,0,kosdaq_universe_summary_latest.csv,2026-06-19T09:20:11+09:00,DART_WHOLE_MARKET_LOOKBACK_CAPPED_90D_FROM_180D
403550,쏘카,CHECK_LIMITED,확인제한,,,,0,kospi_universe_summary_latest.csv,2026-06-19T09:20:11+09:00,DART_WHOLE_MARKET_LOOKBACK_CAPPED_90D_FROM_180D
403850,더핑크퐁컴퍼니,CHECK_LIMITED,확인제한,,,,0,kosdaq_universe_summary_latest.csv,2026-06-19T09:20:11+09:00,DART_WHOLE_MARKET_LOOKBACK_CAPPED_90D_FROM_180D
403870,HPSP,CHECK_LIMITED,확인제한,,,,0,kosdaq_universe_summary_latest.csv,2026-06-19T09:20:11+09:00,DART_WHOLE_MARKET_LOOKBACK_CAPPED_90D_FROM_180D
404990,신한서부티엔디리츠,CHECK_LIMITED,확인제한,,,,0,kospi_universe_summary_latest.csv,2026-06-19T09:20:11+09:00,DART_WHOLE_MARKET_LOOKBACK_CAPPED_90D_FROM_180D
405000,플라즈맵,CHECK_LIMITED,확인제한,,,,0,kosdaq_universe_summary_latest.csv,2026-06-19T09:20:11+09:00,DART_WHOLE_MARKET_LOOKBACK_CAPPED_90D_FROM_180D
405100,큐알티,CHECK_LIMITED,확인제한,,,,0,kosdaq_universe_summary_latest.csv,2026-06-19T09:20:11+09:00,DART_WHOLE_MARKET_LOOKBACK_CAPPED_90D_FROM_180D
405920,나라셀라,CHECK_LIMITED,확인제한,,,,0,kosdaq_universe_summary_latest.csv,2026-06-19T09:20:11+09:00,DART_WHOLE_MARKET_LOOKBACK_CAPPED_90D_FROM_180D
406820,뷰티스킨,CHECK_LIMITED,확인제한,,,,0,kosdaq_universe_summary_latest.csv,2026-06-19T09:20:11+09:00,DART_WHOLE_MARKET_LOOKBACK_CAPPED_90D_FROM_180D
407400,꿈비,CHECK_LIMITED,확인제한,,,,0,kosdaq_universe_summary_latest.csv,2026-06-19T09:20:11+09:00,DART_WHOLE_MARKET_LOOKBACK_CAPPED_90D_FROM_180D
408470,한패스,CHECK_LIMITED,확인제한,,,,0,kosdaq_universe_summary_latest.csv,2026-06-19T09:20:11+09:00,DART_WHOLE_MARKET_LOOKBACK_CAPPED_90D_FROM_180D
408900,스튜디오미르,CHECK_LIMITED,확인제한,,,,0,kosdaq_universe_summary_latest.csv,2026-06-19T09:20:11+09:00,DART_WHOLE_MARKET_LOOKBACK_CAPPED_90D_FROM_180D
408920,메쎄이상,CHECK_LIMITED,확인제한,,,,0,kosdaq_universe_summary_latest.csv,2026-06-19T09:20:11+09:00,DART_WHOLE_MARKET_LOOKBACK_CAPPED_90D_FROM_180D
411080,샌즈랩,CHECK_LIMITED,확인제한,,,,0,kosdaq_universe_summary_latest.csv,2026-06-19T09:20:11+09:00,DART_WHOLE_MARKET_LOOKBACK_CAPPED_90D_FROM_180D
412350,레이저쎌,CHECK_LIMITED,확인제한,,,,0,kosdaq_universe_summary_latest.csv,2026-06-19T09:20:11+09:00,DART_WHOLE_MARKET_LOOKBACK_CAPPED_90D_FROM_180D
412540,제일엠앤에스,CHECK_LIMITED,확인제한,,,,0,kosdaq_universe_summary_latest.csv,2026-06-19T09:20:11+09:00,DART_WHOLE_MARKET_LOOKBACK_CAPPED_90D_FROM_180D
413390,엠오티,CHECK_LIMITED,확인제한,,,,0,kosdaq_universe_summary_latest.csv,2026-06-19T09:20:11+09:00,DART_WHOLE_MARKET_LOOKBACK_CAPPED_90D_FROM_180D
413630,씨피시스템,CHECK_LIMITED,확인제한,,,,0,kosdaq_universe_summary_latest.csv,2026-06-19T09:20:11+09:00,DART_WHOLE_MARKET_LOOKBACK_CAPPED_90D_FROM_180D
413640,비아이매트릭스,CHECK_LIMITED,확인제한,,,,0,kosdaq_universe_summary_latest.csv,2026-06-19T09:20:11+09:00,DART_WHOLE_MARKET_LOOKBACK_CAPPED_90D_FROM_180D
415380,스튜디오삼익,CHECK_LIMITED,확인제한,,,,0,kosdaq_universe_summary_latest.csv,2026-06-19T09:20:11+09:00,DART_WHOLE_MARKET_LOOKBACK_CAPPED_90D_FROM_180D
415640,KB발해인프라,CHECK_LIMITED,확인제한,,,,0,kospi_universe_summary_latest.csv,2026-06-19T09:20:11+09:00,DART_WHOLE_MARKET_LOOKBACK_CAPPED_90D_FROM_180D
416180,신성에스티,CHECK_LIMITED,확인제한,,,,0,kosdaq_universe_summary_latest.csv,2026-06-19T09:20:11+09:00,DART_WHOLE_MARKET_LOOKBACK_CAPPED_90D_FROM_180D
417010,나노팀,CHECK_LIMITED,확인제한,,,,0,kosdaq_universe_summary_latest.csv,2026-06-19T09:20:11+09:00,DART_WHOLE_MARKET_LOOKBACK_CAPPED_90D_FROM_180D
417180,핑거스토리,CHECK_LIMITED,확인제한,,,,0,kosdaq_universe_summary_latest.csv,2026-06-19T09:20:11+09:00,DART_WHOLE_MARKET_LOOKBACK_CAPPED_90D_FROM_180D
417200,LS머트리얼즈,CHECK_LIMITED,확인제한,,,,0,kosdaq_universe_summary_latest.csv,2026-06-19T09:20:11+09:00,DART_WHOLE_MARKET_LOOKBACK_CAPPED_90D_FROM_180D
417310,코람코더원리츠,CHECK_LIMITED,확인제한,,,,0,kospi_universe_summary_latest.csv,2026-06-19T09:20:11+09:00,DART_WHOLE_MARKET_LOOKBACK_CAPPED_90D_FROM_180D
417500,제이아이테크,CHECK_LIMITED,확인제한,,,,0,kosdaq_universe_summary_latest.csv,2026-06-19T09:20:11+09:00,DART_WHOLE_MARKET_LOOKBACK_CAPPED_90D_FROM_180D
417790,트루엔,CHECK_LIMITED,확인제한,,,,0,kosdaq_universe_summary_latest.csv,2026-06-19T09:20:11+09:00,DART_WHOLE_MARKET_LOOKBACK_CAPPED_90D_FROM_180D
417840,저스템,CHECK_LIMITED,확인제한,,,,0,kosdaq_universe_summary_latest.csv,2026-06-19T09:20:11+09:00,DART_WHOLE_MARKET_LOOKBACK_CAPPED_90D_FROM_180D
417860,오브젠,CHECK_LIMITED,확인제한,,,,0,kosdaq_universe_summary_latest.csv,2026-06-19T09:20:11+09:00,DART_WHOLE_MARKET_LOOKBACK_CAPPED_90D_FROM_180D
417970,모델솔루션,CHECK_LIMITED,확인제한,,,,0,kosdaq_universe_summary_latest.csv,2026-06-19T09:20:11+09:00,DART_WHOLE_MARKET_LOOKBACK_CAPPED_90D_FROM_180D
418250,시큐레터,CHECK_LIMITED,확인제한,,,,0,kosdaq_universe_summary_latest.csv,2026-06-19T09:20:11+09:00,DART_WHOLE_MARKET_LOOKBACK_CAPPED_90D_FROM_180D
418420,라온텍,CHECK_LIMITED,확인제한,,,,0,kosdaq_universe_summary_latest.csv,2026-06-19T09:20:11+09:00,DART_WHOLE_MARKET_LOOKBACK_CAPPED_90D_FROM_180D
418470,KT밀리의서재,CHECK_LIMITED,확인제한,,,,0,kosdaq_universe_summary_latest.csv,2026-06-19T09:20:11+09:00,DART_WHOLE_MARKET_LOOKBACK_CAPPED_90D_FROM_180D
418550,제이오,CHECK_LIMITED,확인제한,,,,0,kosdaq_universe_summary_latest.csv,2026-06-19T09:20:11+09:00,DART_WHOLE_MARKET_LOOKBACK_CAPPED_90D_FROM_180D
418620,E8,CHECK_LIMITED,확인제한,,,,0,kosdaq_universe_summary_latest.csv,2026-06-19T09:20:11+09:00,DART_WHOLE_MARKET_LOOKBACK_CAPPED_90D_FROM_180D
419050,삼기에너지솔루션즈,CHECK_LIMITED,확인제한,,,,0,kosdaq_universe_summary_latest.csv,2026-06-19T09:20:11+09:00,DART_WHOLE_MARKET_LOOKBACK_CAPPED_90D_FROM_180D
419080,엔젯,CHECK_LIMITED,확인제한,,,,0,kosdaq_universe_summary_latest.csv,2026-06-19T09:20:11+09:00,DART_WHOLE_MARKET_LOOKBACK_CAPPED_90D_FROM_180D
419120,산돌,CHECK_LIMITED,확인제한,,,,0,kosdaq_universe_summary_latest.csv,2026-06-19T09:20:11+09:00,DART_WHOLE_MARKET_LOOKBACK_CAPPED_90D_FROM_180D
419530,SAMG엔터,CHECK_LIMITED,확인제한,,,,0,kosdaq_universe_summary_latest.csv,2026-06-19T09:20:11+09:00,DART_WHOLE_MARKET_LOOKBACK_CAPPED_90D_FROM_180D
419540,비스토스,CHECK_LIMITED,확인제한,,,,0,kosdaq_universe_summary_latest.csv,2026-06-19T09:20:11+09:00,DART_WHOLE_MARKET_LOOKBACK_CAPPED_90D_FROM_180D
420570,제이투케이바이오,CHECK_LIMITED,확인제한,,,,0,kosdaq_universe_summary_latest.csv,2026-06-19T09:20:11+09:00,DART_WHOLE_MARKET_LOOKBACK_CAPPED_90D_FROM_180D
420770,기가비스,CHECK_LIMITED,확인제한,,,,0,kosdaq_universe_summary_latest.csv,2026-06-19T09:20:11+09:00,DART_WHOLE_MARKET_LOOKBACK_CAPPED_90D_FROM_180D
424760,벨로크,CHECK_LIMITED,확인제한,,,,0,kosdaq_universe_summary_latest.csv,2026-06-19T09:20:11+09:00,DART_WHOLE_MARKET_LOOKBACK_CAPPED_90D_FROM_180D
424870,이뮨온시아,CHECK_LIMITED,확인제한,,,,0,kosdaq_universe_summary_latest.csv,2026-06-19T09:20:11+09:00,DART_WHOLE_MARKET_LOOKBACK_CAPPED_90D_FROM_180D
424960,스마트레이더시스템,CHECK_LIMITED,확인제한,,,,0,kosdaq_universe_summary_latest.csv,2026-06-19T09:20:11+09:00,DART_WHOLE_MARKET_LOOKBACK_CAPPED_90D_FROM_180D
424980,마이크로투나노,CHECK_LIMITED,확인제한,,,,0,kosdaq_universe_summary_latest.csv,2026-06-19T09:20:11+09:00,DART_WHOLE_MARKET_LOOKBACK_CAPPED_90D_FROM_180D
425040,티이엠씨,CHECK_LIMITED,확인제한,,,,0,kosdaq_universe_summary_latest.csv,2026-06-19T09:20:11+09:00,DART_WHOLE_MARKET_LOOKBACK_CAPPED_90D_FROM_180D
425420,티에프이,CHECK_LIMITED,확인제한,,,,0,kosdaq_universe_summary_latest.csv,2026-06-19T09:20:11+09:00,DART_WHOLE_MARKET_LOOKBACK_CAPPED_90D_FROM_180D
429270,시지트로닉스,CHECK_LIMITED,확인제한,,,,0,kosdaq_universe_summary_latest.csv,2026-06-19T09:20:11+09:00,DART_WHOLE_MARKET_LOOKBACK_CAPPED_90D_FROM_180D
430690,한싹,CHECK_LIMITED,확인제한,,,,0,kosdaq_universe_summary_latest.csv,2026-06-19T09:20:11+09:00,DART_WHOLE_MARKET_LOOKBACK_CAPPED_90D_FROM_180D
431190,케이쓰리아이,CHECK_LIMITED,확인제한,,,,0,kosdaq_universe_summary_latest.csv,2026-06-19T09:20:11+09:00,DART_WHOLE_MARKET_LOOKBACK_CAPPED_90D_FROM_180D
432320,KB스타리츠,CHECK_LIMITED,확인제한,,,,0,kospi_universe_summary_latest.csv,2026-06-19T09:20:11+09:00,DART_WHOLE_MARKET_LOOKBACK_CAPPED_90D_FROM_180D
432430,와이랩,CHECK_LIMITED,확인제한,,,,0,kosdaq_universe_summary_latest.csv,2026-06-19T09:20:11+09:00,DART_WHOLE_MARKET_LOOKBACK_CAPPED_90D_FROM_180D
432470,케이엔에스,CHECK_LIMITED,확인제한,,,,0,kosdaq_universe_summary_latest.csv,2026-06-19T09:20:11+09:00,DART_WHOLE_MARKET_LOOKBACK_CAPPED_90D_FROM_180D
432720,퀄리타스반도체,CHECK_LIMITED,확인제한,,,,0,kosdaq_universe_summary_latest.csv,2026-06-19T09:20:11+09:00,DART_WHOLE_MARKET_LOOKBACK_CAPPED_90D_FROM_180D
432980,엠에프씨,CHECK_LIMITED,확인제한,,,,0,kosdaq_universe_summary_latest.csv,2026-06-19T09:20:11+09:00,DART_WHOLE_MARKET_LOOKBACK_CAPPED_90D_FROM_180D
434480,모니터랩,CHECK_LIMITED,확인제한,,,,0,kosdaq_universe_summary_latest.csv,2026-06-19T09:20:11+09:00,DART_WHOLE_MARKET_LOOKBACK_CAPPED_90D_FROM_180D
435570,에르코스,CHECK_LIMITED,확인제한,,,,0,kosdaq_universe_summary_latest.csv,2026-06-19T09:20:11+09:00,DART_WHOLE_MARKET_LOOKBACK_CAPPED_90D_FROM_180D
437730,삼현,CHECK_LIMITED,확인제한,,,,0,kosdaq_universe_summary_latest.csv,2026-06-19T09:20:11+09:00,DART_WHOLE_MARKET_LOOKBACK_CAPPED_90D_FROM_180D
438700,버넥트,CHECK_LIMITED,확인제한,,,,0,kosdaq_universe_summary_latest.csv,2026-06-19T09:20:11+09:00,DART_WHOLE_MARKET_LOOKBACK_CAPPED_90D_FROM_180D
439090,마녀공장,CHECK_LIMITED,확인제한,,,,0,kosdaq_universe_summary_latest.csv,2026-06-19T09:20:11+09:00,DART_WHOLE_MARKET_LOOKBACK_CAPPED_90D_FROM_180D
439260,대한조선,CHECK_LIMITED,확인제한,,,,0,kospi_universe_summary_latest.csv,2026-06-19T09:20:11+09:00,DART_WHOLE_MARKET_LOOKBACK_CAPPED_90D_FROM_180D
439580,블루엠텍,CHECK_LIMITED,확인제한,,,,0,kosdaq_universe_summary_latest.csv,2026-06-19T09:20:11+09:00,DART_WHOLE_MARKET_LOOKBACK_CAPPED_90D_FROM_180D
439960,코스모로보틱스,CHECK_LIMITED,확인제한,,,,0,"kosdaq_universe_summary_latest.csv,watchlist_summary_latest.csv",2026-06-19T09:20:11+09:00,DART_WHOLE_MARKET_LOOKBACK_CAPPED_90D_FROM_180D
440110,파두,CHECK_LIMITED,확인제한,,,,0,"kosdaq_candidates_10_latest.csv,kosdaq_universe_summary_latest.csv",2026-06-19T09:20:11+09:00,DART_WHOLE_MARKET_LOOKBACK_CAPPED_90D_FROM_180D
440290,HB인베스트먼트,CHECK_LIMITED,확인제한,,,,0,kosdaq_universe_summary_latest.csv,2026-06-19T09:20:11+09:00,DART_WHOLE_MARKET_LOOKBACK_CAPPED_90D_FROM_180D
440320,오픈놀,CHECK_LIMITED,확인제한,,,,0,kosdaq_universe_summary_latest.csv,2026-06-19T09:20:11+09:00,DART_WHOLE_MARKET_LOOKBACK_CAPPED_90D_FROM_180D
441270,파인엠텍,CHECK_LIMITED,확인제한,,,,0,kosdaq_universe_summary_latest.csv,2026-06-19T09:20:11+09:00,DART_WHOLE_MARKET_LOOKBACK_CAPPED_90D_FROM_180D
443060,HD현대마린솔루션,CHECK_LIMITED,확인제한,,,,0,"kospi_candidates_30_latest.csv,kospi_short_term_candidates_30_latest.csv,kospi_short_term_recommend_7_latest.csv,kospi_universe_summary_latest.csv",2026-06-19T09:20:11+09:00,DART_WHOLE_MARKET_LOOKBACK_CAPPED_90D_FROM_180D
443250,레뷰코퍼레이션,CHECK_LIMITED,확인제한,,,,0,kosdaq_universe_summary_latest.csv,2026-06-19T09:20:11+09:00,DART_WHOLE_MARKET_LOOKBACK_CAPPED_90D_FROM_180D
443670,에스피소프트,CHECK_LIMITED,확인제한,,,,0,kosdaq_universe_summary_latest.csv,2026-06-19T09:20:11+09:00,DART_WHOLE_MARKET_LOOKBACK_CAPPED_90D_FROM_180D
444530,심플랫폼,CHECK_LIMITED,확인제한,,,,0,kosdaq_universe_summary_latest.csv,2026-06-19T09:20:11+09:00,DART_WHOLE_MARKET_LOOKBACK_CAPPED_90D_FROM_180D
444920,유안타제11호스팩,CHECK_LIMITED,확인제한,,,,0,kosdaq_universe_summary_latest.csv,2026-06-19T09:20:11+09:00,DART_WHOLE_MARKET_LOOKBACK_CAPPED_90D_FROM_180D
445090,에이직랜드,CHECK_LIMITED,확인제한,,,,0,kosdaq_universe_summary_latest.csv,2026-06-19T09:20:11+09:00,DART_WHOLE_MARKET_LOOKBACK_CAPPED_90D_FROM_180D
445180,퓨릿,CHECK_LIMITED,확인제한,,,,0,kosdaq_universe_summary_latest.csv,2026-06-19T09:20:11+09:00,DART_WHOLE_MARKET_LOOKBACK_CAPPED_90D_FROM_180D
445680,큐리옥스바이오시스템즈,CHECK_LIMITED,확인제한,,,,0,kosdaq_universe_summary_latest.csv,2026-06-19T09:20:11+09:00,DART_WHOLE_MARKET_LOOKBACK_CAPPED_90D_FROM_180D
446070,유니드비티플러스,CHECK_LIMITED,확인제한,,,,0,kospi_universe_summary_latest.csv,2026-06-19T09:20:11+09:00,DART_WHOLE_MARKET_LOOKBACK_CAPPED_90D_FROM_180D
446540,메가터치,CHECK_LIMITED,확인제한,,,,0,kosdaq_universe_summary_latest.csv,2026-06-19T09:20:11+09:00,DART_WHOLE_MARKET_LOOKBACK_CAPPED_90D_FROM_180D
446840,지슨,CHECK_LIMITED,확인제한,,,,0,kosdaq_universe_summary_latest.csv,2026-06-19T09:20:11+09:00,DART_WHOLE_MARKET_LOOKBACK_CAPPED_90D_FROM_180D
448280,에코아이,CHECK_LIMITED,확인제한,,,,0,kosdaq_universe_summary_latest.csv,2026-06-19T09:20:11+09:00,DART_WHOLE_MARKET_LOOKBACK_CAPPED_90D_FROM_180D
448710,코츠테크놀로지,CHECK_LIMITED,확인제한,,,,0,kosdaq_universe_summary_latest.csv,2026-06-19T09:20:11+09:00,DART_WHOLE_MARKET_LOOKBACK_CAPPED_90D_FROM_180D
448730,삼성FN리츠,CHECK_LIMITED,확인제한,,,,0,kospi_universe_summary_latest.csv,2026-06-19T09:20:11+09:00,DART_WHOLE_MARKET_LOOKBACK_CAPPED_90D_FROM_180D
448900,한국피아이엠,CHECK_LIMITED,확인제한,,,,0,kosdaq_universe_summary_latest.csv,2026-06-19T09:20:11+09:00,DART_WHOLE_MARKET_LOOKBACK_CAPPED_90D_FROM_180D
450080,에코프로머티,CHECK_LIMITED,확인제한,,,,0,kospi_universe_summary_latest.csv,2026-06-19T09:20:11+09:00,DART_WHOLE_MARKET_LOOKBACK_CAPPED_90D_FROM_180D
450330,하스,CHECK_LIMITED,확인제한,,,,0,kosdaq_universe_summary_latest.csv,2026-06-19T09:20:11+09:00,DART_WHOLE_MARKET_LOOKBACK_CAPPED_90D_FROM_180D
450520,인스웨이브,CHECK_LIMITED,확인제한,,,,0,kosdaq_universe_summary_latest.csv,2026-06-19T09:20:11+09:00,DART_WHOLE_MARKET_LOOKBACK_CAPPED_90D_FROM_180D
450950,아스테라시스,CHECK_LIMITED,확인제한,,,,0,kosdaq_universe_summary_latest.csv,2026-06-19T09:20:11+09:00,DART_WHOLE_MARKET_LOOKBACK_CAPPED_90D_FROM_180D
451220,아이엠티,CHECK_LIMITED,확인제한,,,,0,kosdaq_universe_summary_latest.csv,2026-06-19T09:20:11+09:00,DART_WHOLE_MARKET_LOOKBACK_CAPPED_90D_FROM_180D
451250,삐아,CHECK_LIMITED,확인제한,,,,0,kosdaq_universe_summary_latest.csv,2026-06-19T09:20:11+09:00,DART_WHOLE_MARKET_LOOKBACK_CAPPED_90D_FROM_180D
451700,엔에이치스팩29호,CHECK_LIMITED,확인제한,,,,0,kosdaq_universe_summary_latest.csv,2026-06-19T09:20:11+09:00,DART_WHOLE_MARKET_LOOKBACK_CAPPED_90D_FROM_180D
451760,컨텍,CHECK_LIMITED,확인제한,,,,0,kosdaq_universe_summary_latest.csv,2026-06-19T09:20:11+09:00,DART_WHOLE_MARKET_LOOKBACK_CAPPED_90D_FROM_180D
451800,한화리츠,CHECK_LIMITED,확인제한,,,,0,kospi_universe_summary_latest.csv,2026-06-19T09:20:11+09:00,DART_WHOLE_MARKET_LOOKBACK_CAPPED_90D_FROM_180D
452160,제이엔비,CHECK_LIMITED,확인제한,,,,0,kosdaq_universe_summary_latest.csv,2026-06-19T09:20:11+09:00,DART_WHOLE_MARKET_LOOKBACK_CAPPED_90D_FROM_180D
452190,한빛레이저,CHECK_LIMITED,확인제한,,,,0,kosdaq_universe_summary_latest.csv,2026-06-19T09:20:11+09:00,DART_WHOLE_MARKET_LOOKBACK_CAPPED_90D_FROM_180D
452200,민테크,CHECK_LIMITED,확인제한,,,,0,kosdaq_universe_summary_latest.csv,2026-06-19T09:20:11+09:00,DART_WHOLE_MARKET_LOOKBACK_CAPPED_90D_FROM_180D
452260,한화갤러리아,CHECK_LIMITED,확인제한,,,,0,kospi_universe_summary_latest.csv,2026-06-19T09:20:11+09:00,DART_WHOLE_MARKET_LOOKBACK_CAPPED_90D_FROM_180D
452280,한선엔지니어링,CHECK_LIMITED,확인제한,,,,0,kosdaq_universe_summary_latest.csv,2026-06-19T09:20:11+09:00,DART_WHOLE_MARKET_LOOKBACK_CAPPED_90D_FROM_180D
452300,캡스톤파트너스,CHECK_LIMITED,확인제한,,,,0,kosdaq_universe_summary_latest.csv,2026-06-19T09:20:11+09:00,DART_WHOLE_MARKET_LOOKBACK_CAPPED_90D_FROM_180D
452400,이닉스,CHECK_LIMITED,확인제한,,,,0,kosdaq_universe_summary_latest.csv,2026-06-19T09:20:11+09:00,DART_WHOLE_MARKET_LOOKBACK_CAPPED_90D_FROM_180D
452430,사피엔반도체,CHECK_LIMITED,확인제한,,,,0,kosdaq_universe_summary_latest.csv,2026-06-19T09:20:11+09:00,DART_WHOLE_MARKET_LOOKBACK_CAPPED_90D_FROM_180D
452450,피아이이,CHECK_LIMITED,확인제한,,,,0,kosdaq_universe_summary_latest.csv,2026-06-19T09:20:11+09:00,DART_WHOLE_MARKET_LOOKBACK_CAPPED_90D_FROM_180D
452670,상상인제4호스팩,CHECK_LIMITED,확인제한,,,,0,kosdaq_universe_summary_latest.csv,2026-06-19T09:20:11+09:00,DART_WHOLE_MARKET_LOOKBACK_CAPPED_90D_FROM_180D
452980,신한제11호스팩,CHECK_LIMITED,확인제한,,,,0,kosdaq_universe_summary_latest.csv,2026-06-19T09:20:11+09:00,DART_WHOLE_MARKET_LOOKBACK_CAPPED_90D_FROM_180D
453340,현대그린푸드,CHECK_LIMITED,확인제한,,,,0,kospi_universe_summary_latest.csv,2026-06-19T09:20:11+09:00,DART_WHOLE_MARKET_LOOKBACK_CAPPED_90D_FROM_180D
453450,그리드위즈,CHECK_LIMITED,확인제한,,,,0,kosdaq_universe_summary_latest.csv,2026-06-19T09:20:11+09:00,DART_WHOLE_MARKET_LOOKBACK_CAPPED_90D_FROM_180D
453860,에이에스텍,CHECK_LIMITED,확인제한,,,,0,kosdaq_universe_summary_latest.csv,2026-06-19T09:20:11+09:00,DART_WHOLE_MARKET_LOOKBACK_CAPPED_90D_FROM_180D
454910,두산로보틱스,CHECK_LIMITED,확인제한,,,,0,"kospi_universe_summary_latest.csv,watchlist_summary_latest.csv",2026-06-19T09:20:11+09:00,DART_WHOLE_MARKET_LOOKBACK_CAPPED_90D_FROM_180D
455180,케이지에이,CHECK_LIMITED,확인제한,,,,0,kosdaq_universe_summary_latest.csv,2026-06-19T09:20:11+09:00,DART_WHOLE_MARKET_LOOKBACK_CAPPED_90D_FROM_180D
455310,한화플러스제4호스팩,CHECK_LIMITED,확인제한,,,,0,kosdaq_universe_summary_latest.csv,2026-06-19T09:20:11+09:00,DART_WHOLE_MARKET_LOOKBACK_CAPPED_90D_FROM_180D
455900,엔젤로보틱스,CHECK_LIMITED,확인제한,,,,0,kosdaq_universe_summary_latest.csv,2026-06-19T09:20:11+09:00,DART_WHOLE_MARKET_LOOKBACK_CAPPED_90D_FROM_180D
456010,아이씨티케이,CHECK_LIMITED,확인제한,,,,0,kosdaq_universe_summary_latest.csv,2026-06-19T09:20:11+09:00,DART_WHOLE_MARKET_LOOKBACK_CAPPED_90D_FROM_180D
456040,OCI,CHECK_LIMITED,확인제한,,,,0,kospi_universe_summary_latest.csv,2026-06-19T09:20:11+09:00,DART_WHOLE_MARKET_LOOKBACK_CAPPED_90D_FROM_180D
456070,이엔셀,CHECK_LIMITED,확인제한,,,,0,kosdaq_universe_summary_latest.csv,2026-06-19T09:20:11+09:00,DART_WHOLE_MARKET_LOOKBACK_CAPPED_90D_FROM_180D
456160,지투지바이오,CHECK_LIMITED,확인제한,,,,0,kosdaq_universe_summary_latest.csv,2026-06-19T09:20:11+09:00,DART_WHOLE_MARKET_LOOKBACK_CAPPED_90D_FROM_180D
457190,이수스페셜티케미컬,CHECK_LIMITED,확인제한,,,,0,kospi_universe_summary_latest.csv,2026-06-19T09:20:11+09:00,DART_WHOLE_MARKET_LOOKBACK_CAPPED_90D_FROM_180D
457370,한켐,CHECK_LIMITED,확인제한,,,,0,kosdaq_universe_summary_latest.csv,2026-06-19T09:20:11+09:00,DART_WHOLE_MARKET_LOOKBACK_CAPPED_90D_FROM_180D
457550,우진엔텍,CHECK_LIMITED,확인제한,,,,0,kosdaq_universe_summary_latest.csv,2026-06-19T09:20:11+09:00,DART_WHOLE_MARKET_LOOKBACK_CAPPED_90D_FROM_180D
457600,벡트,CHECK_LIMITED,확인제한,,,,0,kosdaq_universe_summary_latest.csv,2026-06-19T09:20:11+09:00,DART_WHOLE_MARKET_LOOKBACK_CAPPED_90D_FROM_180D
457630,대신밸런스제16호스팩,CHECK_LIMITED,확인제한,,,,0,kosdaq_universe_summary_latest.csv,2026-06-19T09:20:11+09:00,DART_WHOLE_MARKET_LOOKBACK_CAPPED_90D_FROM_180D
458350,에스팀,CHECK_LIMITED,확인제한,,,,0,kosdaq_universe_summary_latest.csv,2026-06-19T09:20:11+09:00,DART_WHOLE_MARKET_LOOKBACK_CAPPED_90D_FROM_180D
458610,한국제12호스팩,CHECK_LIMITED,확인제한,,,,0,kosdaq_universe_summary_latest.csv,2026-06-19T09:20:11+09:00,DART_WHOLE_MARKET_LOOKBACK_CAPPED_90D_FROM_180D
458650,성우,CHECK_LIMITED,확인제한,,,,0,kosdaq_universe_summary_latest.csv,2026-06-19T09:20:11+09:00,DART_WHOLE_MARKET_LOOKBACK_CAPPED_90D_FROM_180D
458870,씨어스,CHECK_LIMITED,확인제한,,,,0,kosdaq_universe_summary_latest.csv,2026-06-19T09:20:11+09:00,DART_WHOLE_MARKET_LOOKBACK_CAPPED_90D_FROM_180D
459100,위츠,CHECK_LIMITED,확인제한,,,,0,kosdaq_universe_summary_latest.csv,2026-06-19T09:20:11+09:00,DART_WHOLE_MARKET_LOOKBACK_CAPPED_90D_FROM_180D
459510,나우로보틱스,CHECK_LIMITED,확인제한,,,,0,kosdaq_universe_summary_latest.csv,2026-06-19T09:20:11+09:00,DART_WHOLE_MARKET_LOOKBACK_CAPPED_90D_FROM_180D
459550,알트,CHECK_LIMITED,확인제한,,,,0,kosdaq_universe_summary_latest.csv,2026-06-19T09:20:11+09:00,DART_WHOLE_MARKET_LOOKBACK_CAPPED_90D_FROM_180D
460470,아이빔테크놀로지,CHECK_LIMITED,확인제한,,,,0,kosdaq_universe_summary_latest.csv,2026-06-19T09:20:11+09:00,DART_WHOLE_MARKET_LOOKBACK_CAPPED_90D_FROM_180D
460850,동국씨엠,CHECK_LIMITED,확인제한,,,,0,kospi_universe_summary_latest.csv,2026-06-19T09:20:11+09:00,DART_WHOLE_MARKET_LOOKBACK_CAPPED_90D_FROM_180D
460860,동국제강,CHECK_LIMITED,확인제한,,,,0,kospi_universe_summary_latest.csv,2026-06-19T09:20:11+09:00,DART_WHOLE_MARKET_LOOKBACK_CAPPED_90D_FROM_180D
460870,에스엠씨지,CHECK_LIMITED,확인제한,,,,0,kosdaq_universe_summary_latest.csv,2026-06-19T09:20:11+09:00,DART_WHOLE_MARKET_LOOKBACK_CAPPED_90D_FROM_180D
460930,현대힘스,CHECK_LIMITED,확인제한,,,,0,kosdaq_universe_summary_latest.csv,2026-06-19T09:20:11+09:00,DART_WHOLE_MARKET_LOOKBACK_CAPPED_90D_FROM_180D
460940,피앤에스로보틱스,CHECK_LIMITED,확인제한,,,,0,kosdaq_universe_summary_latest.csv,2026-06-19T09:20:11+09:00,DART_WHOLE_MARKET_LOOKBACK_CAPPED_90D_FROM_180D
461030,아이엠비디엑스,CHECK_LIMITED,확인제한,,,,0,kosdaq_universe_summary_latest.csv,2026-06-19T09:20:11+09:00,DART_WHOLE_MARKET_LOOKBACK_CAPPED_90D_FROM_180D
461300,아이스크림미디어,CHECK_LIMITED,확인제한,,,,0,kosdaq_universe_summary_latest.csv,2026-06-19T09:20:11+09:00,DART_WHOLE_MARKET_LOOKBACK_CAPPED_90D_FROM_180D
462020,에이치엠씨제6호스팩,CHECK_LIMITED,확인제한,,,,0,kosdaq_universe_summary_latest.csv,2026-06-19T09:20:11+09:00,DART_WHOLE_MARKET_LOOKBACK_CAPPED_90D_FROM_180D
462310,뉴키즈온,CHECK_LIMITED,확인제한,,,,0,kosdaq_universe_summary_latest.csv,2026-06-19T09:20:11+09:00,DART_WHOLE_MARKET_LOOKBACK_CAPPED_90D_FROM_180D
462350,이노스페이스,CHECK_LIMITED,확인제한,,,,0,kosdaq_universe_summary_latest.csv,2026-06-19T09:20:11+09:00,DART_WHOLE_MARKET_LOOKBACK_CAPPED_90D_FROM_180D
462510,라메디텍,CHECK_LIMITED,확인제한,,,,0,kosdaq_universe_summary_latest.csv,2026-06-19T09:20:11+09:00,DART_WHOLE_MARKET_LOOKBACK_CAPPED_90D_FROM_180D
462520,조선내화,CHECK_LIMITED,확인제한,,,,0,kospi_universe_summary_latest.csv,2026-06-19T09:20:11+09:00,DART_WHOLE_MARKET_LOOKBACK_CAPPED_90D_FROM_180D
462860,더즌,CHECK_LIMITED,확인제한,,,,0,kosdaq_universe_summary_latest.csv,2026-06-19T09:20:11+09:00,DART_WHOLE_MARKET_LOOKBACK_CAPPED_90D_FROM_180D
462870,시프트업,CHECK_LIMITED,확인제한,,,,0,kospi_universe_summary_latest.csv,2026-06-19T09:20:11+09:00,DART_WHOLE_MARKET_LOOKBACK_CAPPED_90D_FROM_180D
462980,아이지넷,CHECK_LIMITED,확인제한,,,,0,kosdaq_universe_summary_latest.csv,2026-06-19T09:20:11+09:00,DART_WHOLE_MARKET_LOOKBACK_CAPPED_90D_FROM_180D
463020,뉴엔AI,CHECK_LIMITED,확인제한,,,,0,kosdaq_universe_summary_latest.csv,2026-06-19T09:20:11+09:00,DART_WHOLE_MARKET_LOOKBACK_CAPPED_90D_FROM_180D
463480,모티브링크,CHECK_LIMITED,확인제한,,,,0,kosdaq_universe_summary_latest.csv,2026-06-19T09:20:11+09:00,DART_WHOLE_MARKET_LOOKBACK_CAPPED_90D_FROM_180D
464080,에스오에스랩,CHECK_LIMITED,확인제한,,,,0,kosdaq_universe_summary_latest.csv,2026-06-19T09:20:11+09:00,DART_WHOLE_MARKET_LOOKBACK_CAPPED_90D_FROM_180D
464280,티디에스팜,CHECK_LIMITED,확인제한,,,,0,kosdaq_universe_summary_latest.csv,2026-06-19T09:20:11+09:00,DART_WHOLE_MARKET_LOOKBACK_CAPPED_90D_FROM_180D
464440,한국제13호스팩,CHECK_LIMITED,확인제한,,,,0,kosdaq_universe_summary_latest.csv,2026-06-19T09:20:11+09:00,DART_WHOLE_MARKET_LOOKBACK_CAPPED_90D_FROM_180D
464490,쿼드메디슨,CHECK_LIMITED,확인제한,,,,0,kosdaq_universe_summary_latest.csv,2026-06-19T09:20:11+09:00,DART_WHOLE_MARKET_LOOKBACK_CAPPED_90D_FROM_180D
464500,아이언디바이스,CHECK_LIMITED,확인제한,,,,0,kosdaq_universe_summary_latest.csv,2026-06-19T09:20:11+09:00,DART_WHOLE_MARKET_LOOKBACK_CAPPED_90D_FROM_180D
464580,닷밀,CHECK_LIMITED,확인제한,,,,0,kosdaq_universe_summary_latest.csv,2026-06-19T09:20:11+09:00,DART_WHOLE_MARKET_LOOKBACK_CAPPED_90D_FROM_180D
464680,KB제27호스팩,CHECK_LIMITED,확인제한,,,,0,kosdaq_universe_summary_latest.csv,2026-06-19T09:20:11+09:00,DART_WHOLE_MARKET_LOOKBACK_CAPPED_90D_FROM_180D
465320,교보15호스팩,CHECK_LIMITED,확인제한,,,,0,kosdaq_universe_summary_latest.csv,2026-06-19T09:20:11+09:00,DART_WHOLE_MARKET_LOOKBACK_CAPPED_90D_FROM_180D
465480,인스피언,CHECK_LIMITED,확인제한,,,,0,kosdaq_universe_summary_latest.csv,2026-06-19T09:20:11+09:00,DART_WHOLE_MARKET_LOOKBACK_CAPPED_90D_FROM_180D
465770,STX그린로지스,CHECK_LIMITED,확인제한,,,,0,kospi_universe_summary_latest.csv,2026-06-19T09:20:11+09:00,DART_WHOLE_MARKET_LOOKBACK_CAPPED_90D_FROM_180D
466100,클로봇,CHECK_LIMITED,확인제한,,,,0,kosdaq_universe_summary_latest.csv,2026-06-19T09:20:11+09:00,DART_WHOLE_MARKET_LOOKBACK_CAPPED_90D_FROM_180D
466410,사이냅소프트,CHECK_LIMITED,확인제한,,,,0,kosdaq_universe_summary_latest.csv,2026-06-19T09:20:11+09:00,DART_WHOLE_MARKET_LOOKBACK_CAPPED_90D_FROM_180D
466690,키움히어로제1호스팩,CHECK_LIMITED,확인제한,,,,0,kosdaq_universe_summary_latest.csv,2026-06-19T09:20:11+09:00,DART_WHOLE_MARKET_LOOKBACK_CAPPED_90D_FROM_180D
466910,엔에이치스팩30호,CHECK_LIMITED,확인제한,,,,0,kosdaq_universe_summary_latest.csv,2026-06-19T09:20:11+09:00,DART_WHOLE_MARKET_LOOKBACK_CAPPED_90D_FROM_180D
467930,IBKS제23호스팩,CHECK_LIMITED,확인제한,,,,0,kosdaq_universe_summary_latest.csv,2026-06-19T09:20:11+09:00,DART_WHOLE_MARKET_LOOKBACK_CAPPED_90D_FROM_180D
468530,프로티나,CHECK_LIMITED,확인제한,,,,0,kosdaq_universe_summary_latest.csv,2026-06-19T09:20:11+09:00,DART_WHOLE_MARKET_LOOKBACK_CAPPED_90D_FROM_180D
468760,유진스팩10호,CHECK_LIMITED,확인제한,,,,0,kosdaq_universe_summary_latest.csv,2026-06-19T09:20:11+09:00,DART_WHOLE_MARKET_LOOKBACK_CAPPED_90D_FROM_180D
469480,IBKS제24호스팩,CHECK_LIMITED,확인제한,,,,0,kosdaq_universe_summary_latest.csv,2026-06-19T09:20:11+09:00,DART_WHOLE_MARKET_LOOKBACK_CAPPED_90D_FROM_180D
469610,이노테크,CHECK_LIMITED,확인제한,,,,0,kosdaq_universe_summary_latest.csv,2026-06-19T09:20:11+09:00,DART_WHOLE_MARKET_LOOKBACK_CAPPED_90D_FROM_180D
469750,아이비젼웍스,CHECK_LIMITED,확인제한,,,,0,kosdaq_universe_summary_latest.csv,2026-06-19T09:20:11+09:00,DART_WHOLE_MARKET_LOOKBACK_CAPPED_90D_FROM_180D
469880,하나30호스팩,CHECK_LIMITED,확인제한,,,,0,kosdaq_universe_summary_latest.csv,2026-06-19T09:20:11+09:00,DART_WHOLE_MARKET_LOOKBACK_CAPPED_90D_FROM_180D
469900,하나31호스팩,CHECK_LIMITED,확인제한,,,,0,kosdaq_universe_summary_latest.csv,2026-06-19T09:20:11+09:00,DART_WHOLE_MARKET_LOOKBACK_CAPPED_90D_FROM_180D
471050,대신밸런스제17호스팩,CHECK_LIMITED,확인제한,,,,0,kosdaq_universe_summary_latest.csv,2026-06-19T09:20:11+09:00,DART_WHOLE_MARKET_LOOKBACK_CAPPED_90D_FROM_180D
471820,셀로맥스사이언스,CHECK_LIMITED,확인제한,,,,0,kosdaq_universe_summary_latest.csv,2026-06-19T09:20:11+09:00,DART_WHOLE_MARKET_LOOKBACK_CAPPED_90D_FROM_180D
472220,신영스팩10호,CHECK_LIMITED,확인제한,,,,0,kosdaq_universe_summary_latest.csv,2026-06-19T09:20:11+09:00,DART_WHOLE_MARKET_LOOKBACK_CAPPED_90D_FROM_180D
472230,에스케이증권제11호스팩,CHECK_LIMITED,확인제한,,,,0,kosdaq_universe_summary_latest.csv,2026-06-19T09:20:11+09:00,DART_WHOLE_MARKET_LOOKBACK_CAPPED_90D_FROM_180D
472850,폰드그룹,CHECK_LIMITED,확인제한,,,,0,kosdaq_universe_summary_latest.csv,2026-06-19T09:20:11+09:00,DART_WHOLE_MARKET_LOOKBACK_CAPPED_90D_FROM_180D
473000,에스케이증권제12호스팩,CHECK_LIMITED,확인제한,,,,0,kosdaq_universe_summary_latest.csv,2026-06-19T09:20:11+09:00,DART_WHOLE_MARKET_LOOKBACK_CAPPED_90D_FROM_180D
473050,유안타제15호스팩,CHECK_LIMITED,확인제한,,,,0,kosdaq_universe_summary_latest.csv,2026-06-19T09:20:11+09:00,DART_WHOLE_MARKET_LOOKBACK_CAPPED_90D_FROM_180D
473370,비엔케이제2호스팩,CHECK_LIMITED,확인제한,,,,0,kosdaq_universe_summary_latest.csv,2026-06-19T09:20:11+09:00,DART_WHOLE_MARKET_LOOKBACK_CAPPED_90D_FROM_180D
473950,에스케이증권제13호스팩,CHECK_LIMITED,확인제한,,,,0,kosdaq_universe_summary_latest.csv,2026-06-19T09:20:11+09:00,DART_WHOLE_MARKET_LOOKBACK_CAPPED_90D_FROM_180D
473980,노머스,CHECK_LIMITED,확인제한,,,,0,kosdaq_universe_summary_latest.csv,2026-06-19T09:20:11+09:00,DART_WHOLE_MARKET_LOOKBACK_CAPPED_90D_FROM_180D
474170,루미르,CHECK_LIMITED,확인제한,,,,0,kosdaq_universe_summary_latest.csv,2026-06-19T09:20:11+09:00,DART_WHOLE_MARKET_LOOKBACK_CAPPED_90D_FROM_180D
474490,유안타제16호스팩,CHECK_LIMITED,확인제한,,,,0,kosdaq_universe_summary_latest.csv,2026-06-19T09:20:11+09:00,DART_WHOLE_MARKET_LOOKBACK_CAPPED_90D_FROM_180D
474610,RF시스템즈,CHECK_LIMITED,확인제한,,,,0,kosdaq_universe_summary_latest.csv,2026-06-19T09:20:11+09:00,DART_WHOLE_MARKET_LOOKBACK_CAPPED_90D_FROM_180D
474650,링크솔루션,CHECK_LIMITED,확인제한,,,,0,kosdaq_universe_summary_latest.csv,2026-06-19T09:20:11+09:00,DART_WHOLE_MARKET_LOOKBACK_CAPPED_90D_FROM_180D
474660,신한제12호스팩,CHECK_LIMITED,확인제한,,,,0,kosdaq_universe_summary_latest.csv,2026-06-19T09:20:11+09:00,DART_WHOLE_MARKET_LOOKBACK_CAPPED_90D_FROM_180D
474930,신한제13호스팩,CHECK_LIMITED,확인제한,,,,0,kosdaq_universe_summary_latest.csv,2026-06-19T09:20:11+09:00,DART_WHOLE_MARKET_LOOKBACK_CAPPED_90D_FROM_180D
475150,SK이터닉스,CHECK_LIMITED,확인제한,,,,0,"kospi_monthly_cycle_latest.csv,kospi_universe_summary_latest.csv",2026-06-19T09:20:11+09:00,DART_WHOLE_MARKET_LOOKBACK_CAPPED_90D_FROM_180D
475230,엔알비,CHECK_LIMITED,확인제한,,,,0,kosdaq_universe_summary_latest.csv,2026-06-19T09:20:11+09:00,DART_WHOLE_MARKET_LOOKBACK_CAPPED_90D_FROM_180D
475240,하나32호스팩,CHECK_LIMITED,확인제한,,,,0,kosdaq_universe_summary_latest.csv,2026-06-19T09:20:11+09:00,DART_WHOLE_MARKET_LOOKBACK_CAPPED_90D_FROM_180D
475250,하나33호스팩,CHECK_LIMITED,확인제한,,,,0,kosdaq_universe_summary_latest.csv,2026-06-19T09:20:11+09:00,DART_WHOLE_MARKET_LOOKBACK_CAPPED_90D_FROM_180D
475400,씨메스로보틱스,CHECK_LIMITED,확인제한,,,,0,kosdaq_universe_summary_latest.csv,2026-06-19T09:20:11+09:00,DART_WHOLE_MARKET_LOOKBACK_CAPPED_90D_FROM_180D
475430,키스트론,CHECK_LIMITED,확인제한,,,,0,kosdaq_universe_summary_latest.csv,2026-06-19T09:20:11+09:00,DART_WHOLE_MARKET_LOOKBACK_CAPPED_90D_FROM_180D
475460,미트박스,CHECK_LIMITED,확인제한,,,,0,kosdaq_universe_summary_latest.csv,2026-06-19T09:20:11+09:00,DART_WHOLE_MARKET_LOOKBACK_CAPPED_90D_FROM_180D
475560,더본코리아,CHECK_LIMITED,확인제한,,,,0,kospi_universe_summary_latest.csv,2026-06-19T09:20:11+09:00,DART_WHOLE_MARKET_LOOKBACK_CAPPED_90D_FROM_180D
475580,에이럭스,CHECK_LIMITED,확인제한,,,,0,kosdaq_universe_summary_latest.csv,2026-06-19T09:20:11+09:00,DART_WHOLE_MARKET_LOOKBACK_CAPPED_90D_FROM_180D
475660,에스켐,CHECK_LIMITED,확인제한,,,,0,kosdaq_universe_summary_latest.csv,2026-06-19T09:20:11+09:00,DART_WHOLE_MARKET_LOOKBACK_CAPPED_90D_FROM_180D
475830,오름테라퓨틱,CHECK_LIMITED,확인제한,,,,0,kosdaq_universe_summary_latest.csv,2026-06-19T09:20:11+09:00,DART_WHOLE_MARKET_LOOKBACK_CAPPED_90D_FROM_180D
475960,토모큐브,CHECK_LIMITED,확인제한,,,,0,kosdaq_universe_summary_latest.csv,2026-06-19T09:20:11+09:00,DART_WHOLE_MARKET_LOOKBACK_CAPPED_90D_FROM_180D
476040,오가노이드사이언스,CHECK_LIMITED,확인제한,,,,0,kosdaq_universe_summary_latest.csv,2026-06-19T09:20:11+09:00,DART_WHOLE_MARKET_LOOKBACK_CAPPED_90D_FROM_180D
476060,온코닉테라퓨틱스,CHECK_LIMITED,확인제한,,,,0,kosdaq_universe_summary_latest.csv,2026-06-19T09:20:11+09:00,DART_WHOLE_MARKET_LOOKBACK_CAPPED_90D_FROM_180D
476080,M83,CHECK_LIMITED,확인제한,,,,0,kosdaq_universe_summary_latest.csv,2026-06-19T09:20:11+09:00,DART_WHOLE_MARKET_LOOKBACK_CAPPED_90D_FROM_180D
476830,알지노믹스,CHECK_LIMITED,확인제한,,,,0,kosdaq_universe_summary_latest.csv,2026-06-19T09:20:11+09:00,DART_WHOLE_MARKET_LOOKBACK_CAPPED_90D_FROM_180D
477340,에이치엠씨제7호스팩,CHECK_LIMITED,확인제한,,,,0,kosdaq_universe_summary_latest.csv,2026-06-19T09:20:11+09:00,DART_WHOLE_MARKET_LOOKBACK_CAPPED_90D_FROM_180D
477380,미래에셋비전스팩4호,CHECK_LIMITED,확인제한,,,,0,kosdaq_universe_summary_latest.csv,2026-06-19T09:20:11+09:00,DART_WHOLE_MARKET_LOOKBACK_CAPPED_90D_FROM_180D
477470,미래에셋비전스팩5호,CHECK_LIMITED,확인제한,,,,0,kosdaq_universe_summary_latest.csv,2026-06-19T09:20:11+09:00,DART_WHOLE_MARKET_LOOKBACK_CAPPED_90D_FROM_180D
477760,DB금융스팩12호,CHECK_LIMITED,확인제한,,,,0,kosdaq_universe_summary_latest.csv,2026-06-19T09:20:11+09:00,DART_WHOLE_MARKET_LOOKBACK_CAPPED_90D_FROM_180D
477850,마키나락스,CHECK_LIMITED,확인제한,,,,0,kosdaq_universe_summary_latest.csv,2026-06-19T09:20:11+09:00,DART_WHOLE_MARKET_LOOKBACK_CAPPED_90D_FROM_180D
478110,이베스트스팩6호,CHECK_LIMITED,확인제한,,,,0,kosdaq_universe_summary_latest.csv,2026-06-19T09:20:11+09:00,DART_WHOLE_MARKET_LOOKBACK_CAPPED_90D_FROM_180D
478340,나라스페이스테크놀로지,CHECK_LIMITED,확인제한,,,,0,kosdaq_universe_summary_latest.csv,2026-06-19T09:20:11+09:00,DART_WHOLE_MARKET_LOOKBACK_CAPPED_90D_FROM_180D
478390,KB제29호스팩,CHECK_LIMITED,확인제한,,,,0,kosdaq_universe_summary_latest.csv,2026-06-19T09:20:11+09:00,DART_WHOLE_MARKET_LOOKBACK_CAPPED_90D_FROM_180D
478440,미래에셋비전스팩6호,CHECK_LIMITED,확인제한,,,,0,kosdaq_universe_summary_latest.csv,2026-06-19T09:20:11+09:00,DART_WHOLE_MARKET_LOOKBACK_CAPPED_90D_FROM_180D
478560,블랙야크아이앤씨,CHECK_LIMITED,확인제한,,,,0,kosdaq_universe_summary_latest.csv,2026-06-19T09:20:11+09:00,DART_WHOLE_MARKET_LOOKBACK_CAPPED_90D_FROM_180D
479880,한국제15호스팩,CHECK_LIMITED,확인제한,,,,0,kosdaq_universe_summary_latest.csv,2026-06-19T09:20:11+09:00,DART_WHOLE_MARKET_LOOKBACK_CAPPED_90D_FROM_180D
479960,위너스일렉,CHECK_LIMITED,확인제한,,,,0,kosdaq_universe_summary_latest.csv,2026-06-19T09:20:11+09:00,DART_WHOLE_MARKET_LOOKBACK_CAPPED_90D_FROM_180D
480370,씨케이솔루션,CHECK_LIMITED,확인제한,,,,0,kospi_universe_summary_latest.csv,2026-06-19T09:20:11+09:00,DART_WHOLE_MARKET_LOOKBACK_CAPPED_90D_FROM_180D
481070,에이유브랜즈,CHECK_LIMITED,확인제한,,,,0,kosdaq_universe_summary_latest.csv,2026-06-19T09:20:11+09:00,DART_WHOLE_MARKET_LOOKBACK_CAPPED_90D_FROM_180D
481850,신한글로벌액티브리츠,CHECK_LIMITED,확인제한,,,,0,kospi_universe_summary_latest.csv,2026-06-19T09:20:11+09:00,DART_WHOLE_MARKET_LOOKBACK_CAPPED_90D_FROM_180D
481890,엔에이치스팩31호,CHECK_LIMITED,확인제한,,,,0,kosdaq_universe_summary_latest.csv,2026-06-19T09:20:11+09:00,DART_WHOLE_MARKET_LOOKBACK_CAPPED_90D_FROM_180D
482520,교보16호스팩,CHECK_LIMITED,확인제한,,,,0,kosdaq_universe_summary_latest.csv,2026-06-19T09:20:11+09:00,DART_WHOLE_MARKET_LOOKBACK_CAPPED_90D_FROM_180D
482630,삼양엔씨켐,CHECK_LIMITED,확인제한,,,,0,kosdaq_universe_summary_latest.csv,2026-06-19T09:20:11+09:00,DART_WHOLE_MARKET_LOOKBACK_CAPPED_90D_FROM_180D
482680,미래에셋비전스팩7호,CHECK_LIMITED,확인제한,,,,0,kosdaq_universe_summary_latest.csv,2026-06-19T09:20:11+09:00,DART_WHOLE_MARKET_LOOKBACK_CAPPED_90D_FROM_180D
482690,대신밸런스제19호스팩,CHECK_LIMITED,확인제한,,,,0,kosdaq_universe_summary_latest.csv,2026-06-19T09:20:11+09:00,DART_WHOLE_MARKET_LOOKBACK_CAPPED_90D_FROM_180D
483650,달바글로벌,CHECK_LIMITED,확인제한,,,,0,"kospi_monthly_cycle_latest.csv,kospi_universe_summary_latest.csv",2026-06-19T09:20:11+09:00,DART_WHOLE_MARKET_LOOKBACK_CAPPED_90D_FROM_180D
484120,도우인시스,CHECK_LIMITED,확인제한,,,,0,kosdaq_universe_summary_latest.csv,2026-06-19T09:20:11+09:00,DART_WHOLE_MARKET_LOOKBACK_CAPPED_90D_FROM_180D
484130,하나34호스팩,CHECK_LIMITED,확인제한,,,,0,kosdaq_universe_summary_latest.csv,2026-06-19T09:20:11+09:00,DART_WHOLE_MARKET_LOOKBACK_CAPPED_90D_FROM_180D
484590,삼양컴텍,CHECK_LIMITED,확인제한,,,,0,kosdaq_universe_summary_latest.csv,2026-06-19T09:20:11+09:00,DART_WHOLE_MARKET_LOOKBACK_CAPPED_90D_FROM_180D
484810,티엑스알로보틱스,CHECK_LIMITED,확인제한,,,,0,kosdaq_universe_summary_latest.csv,2026-06-19T09:20:11+09:00,DART_WHOLE_MARKET_LOOKBACK_CAPPED_90D_FROM_180D
484870,엠앤씨솔루션,CHECK_LIMITED,확인제한,,,,0,kospi_universe_summary_latest.csv,2026-06-19T09:20:11+09:00,DART_WHOLE_MARKET_LOOKBACK_CAPPED_90D_FROM_180D
486630,KB제30호스팩,CHECK_LIMITED,확인제한,,,,0,kosdaq_universe_summary_latest.csv,2026-06-19T09:20:11+09:00,DART_WHOLE_MARKET_LOOKBACK_CAPPED_90D_FROM_180D
486990,노타,CHECK_LIMITED,확인제한,,,,0,kosdaq_universe_summary_latest.csv,2026-06-19T09:20:11+09:00,DART_WHOLE_MARKET_LOOKBACK_CAPPED_90D_FROM_180D
487360,신한제14호스팩,CHECK_LIMITED,확인제한,,,,0,kosdaq_universe_summary_latest.csv,2026-06-19T09:20:11+09:00,DART_WHOLE_MARKET_LOOKBACK_CAPPED_90D_FROM_180D
487570,HS효성,CHECK_LIMITED,확인제한,,,,0,kospi_universe_summary_latest.csv,2026-06-19T09:20:11+09:00,DART_WHOLE_MARKET_LOOKBACK_CAPPED_90D_FROM_180D
487580,폴레드,CHECK_LIMITED,확인제한,,,,0,kosdaq_universe_summary_latest.csv,2026-06-19T09:20:11+09:00,DART_WHOLE_MARKET_LOOKBACK_CAPPED_90D_FROM_180D
487720,키움제10호스팩,CHECK_LIMITED,확인제한,,,,0,kosdaq_universe_summary_latest.csv,2026-06-19T09:20:11+09:00,DART_WHOLE_MARKET_LOOKBACK_CAPPED_90D_FROM_180D
487830,신한제15호스팩,CHECK_LIMITED,확인제한,,,,0,kosdaq_universe_summary_latest.csv,2026-06-19T09:20:11+09:00,DART_WHOLE_MARKET_LOOKBACK_CAPPED_90D_FROM_180D
488060,유진스팩11호,CHECK_LIMITED,확인제한,,,,0,kosdaq_universe_summary_latest.csv,2026-06-19T09:20:11+09:00,DART_WHOLE_MARKET_LOOKBACK_CAPPED_90D_FROM_180D
488280,에스투더블유,CHECK_LIMITED,확인제한,,,,0,kosdaq_universe_summary_latest.csv,2026-06-19T09:20:11+09:00,DART_WHOLE_MARKET_LOOKBACK_CAPPED_90D_FROM_180D
488900,비츠로넥스텍,CHECK_LIMITED,확인제한,,,,0,kosdaq_universe_summary_latest.csv,2026-06-19T09:20:11+09:00,DART_WHOLE_MARKET_LOOKBACK_CAPPED_90D_FROM_180D
489210,교보17호스팩,CHECK_LIMITED,확인제한,,,,0,kosdaq_universe_summary_latest.csv,2026-06-19T09:20:11+09:00,DART_WHOLE_MARKET_LOOKBACK_CAPPED_90D_FROM_180D
489460,바이오비쥬,CHECK_LIMITED,확인제한,,,,0,kosdaq_universe_summary_latest.csv,2026-06-19T09:20:11+09:00,DART_WHOLE_MARKET_LOOKBACK_CAPPED_90D_FROM_180D
489480,키움제11호스팩,CHECK_LIMITED,확인제한,,,,0,kosdaq_universe_summary_latest.csv,2026-06-19T09:20:11+09:00,DART_WHOLE_MARKET_LOOKBACK_CAPPED_90D_FROM_180D
489500,엘케이켐,CHECK_LIMITED,확인제한,,,,0,kosdaq_universe_summary_latest.csv,2026-06-19T09:20:11+09:00,DART_WHOLE_MARKET_LOOKBACK_CAPPED_90D_FROM_180D
489730,디비금융제13호스팩,CHECK_LIMITED,확인제한,,,,0,kosdaq_universe_summary_latest.csv,2026-06-19T09:20:11+09:00,DART_WHOLE_MARKET_LOOKBACK_CAPPED_90D_FROM_180D
489790,한화비전,CHECK_LIMITED,확인제한,,,,0,"kospi_monthly_cycle_latest.csv,kospi_universe_summary_latest.csv",2026-06-19T09:20:11+09:00,DART_WHOLE_MARKET_LOOKBACK_CAPPED_90D_FROM_180D
490470,세미파이브,CHECK_LIMITED,확인제한,,,,0,kosdaq_universe_summary_latest.csv,2026-06-19T09:20:11+09:00,DART_WHOLE_MARKET_LOOKBACK_CAPPED_90D_FROM_180D
491000,리브스메드,CHECK_LIMITED,확인제한,,,,0,kosdaq_universe_summary_latest.csv,2026-06-19T09:20:11+09:00,DART_WHOLE_MARKET_LOOKBACK_CAPPED_90D_FROM_180D
492220,KB제31호스팩,CHECK_LIMITED,확인제한,,,,0,kosdaq_universe_summary_latest.csv,2026-06-19T09:20:11+09:00,DART_WHOLE_MARKET_LOOKBACK_CAPPED_90D_FROM_180D
493280,아이엠바이오로직스,CHECK_LIMITED,확인제한,,,,0,kosdaq_universe_summary_latest.csv,2026-06-19T09:20:11+09:00,DART_WHOLE_MARKET_LOOKBACK_CAPPED_90D_FROM_180D
493330,지에프아이,CHECK_LIMITED,확인제한,,,,0,kosdaq_universe_summary_latest.csv,2026-06-19T09:20:11+09:00,DART_WHOLE_MARKET_LOOKBACK_CAPPED_90D_FROM_180D
493790,유안타제17호스팩,CHECK_LIMITED,확인제한,,,,0,kosdaq_universe_summary_latest.csv,2026-06-19T09:20:11+09:00,DART_WHOLE_MARKET_LOOKBACK_CAPPED_90D_FROM_180D
494120,큐리오시스,CHECK_LIMITED,확인제한,,,,0,kosdaq_universe_summary_latest.csv,2026-06-19T09:20:11+09:00,DART_WHOLE_MARKET_LOOKBACK_CAPPED_90D_FROM_180D
496070,신한제16호스팩,CHECK_LIMITED,확인제한,,,,0,kosdaq_universe_summary_latest.csv,2026-06-19T09:20:11+09:00,DART_WHOLE_MARKET_LOOKBACK_CAPPED_90D_FROM_180D
498390,한화플러스제5호스팩,CHECK_LIMITED,확인제한,,,,0,kosdaq_universe_summary_latest.csv,2026-06-19T09:20:11+09:00,DART_WHOLE_MARKET_LOOKBACK_CAPPED_90D_FROM_180D
499790,GS피앤엘,CHECK_LIMITED,확인제한,,,,0,"kospi_monthly_cycle_latest.csv,kospi_universe_summary_latest.csv",2026-06-19T09:20:11+09:00,DART_WHOLE_MARKET_LOOKBACK_CAPPED_90D_FROM_180D
900070,글로벌에스엠,CHECK_LIMITED,확인제한,,,,0,kosdaq_universe_summary_latest.csv,2026-06-19T09:20:11+09:00,DART_WHOLE_MARKET_LOOKBACK_CAPPED_90D_FROM_180D
900100,파이온엑스,CHECK_LIMITED,확인제한,,,,0,kosdaq_universe_summary_latest.csv,2026-06-19T09:20:11+09:00,DART_WHOLE_MARKET_LOOKBACK_CAPPED_90D_FROM_180D
900110,딥커머스,CHECK_LIMITED,확인제한,,,,0,kosdaq_universe_summary_latest.csv,2026-06-19T09:20:11+09:00,DART_WHOLE_MARKET_LOOKBACK_CAPPED_90D_FROM_180D
900120,씨엑스아이,CHECK_LIMITED,확인제한,,,,0,kosdaq_universe_summary_latest.csv,2026-06-19T09:20:11+09:00,DART_WHOLE_MARKET_LOOKBACK_CAPPED_90D_FROM_180D
900140,엘브이엠씨홀딩스,CHECK_LIMITED,확인제한,,,,0,kospi_universe_summary_latest.csv,2026-06-19T09:20:11+09:00,DART_WHOLE_MARKET_LOOKBACK_CAPPED_90D_FROM_180D
900250,크리스탈신소재,CHECK_LIMITED,확인제한,,,,0,kosdaq_universe_summary_latest.csv,2026-06-19T09:20:11+09:00,DART_WHOLE_MARKET_LOOKBACK_CAPPED_90D_FROM_180D
900260,로스웰,CHECK_LIMITED,확인제한,,,,0,kosdaq_universe_summary_latest.csv,2026-06-19T09:20:11+09:00,DART_WHOLE_MARKET_LOOKBACK_CAPPED_90D_FROM_180D
900270,헝셩그룹,CHECK_LIMITED,확인제한,,,,0,kosdaq_universe_summary_latest.csv,2026-06-19T09:20:11+09:00,DART_WHOLE_MARKET_LOOKBACK_CAPPED_90D_FROM_180D
900290,GRT,CHECK_LIMITED,확인제한,,,,0,kosdaq_universe_summary_latest.csv,2026-06-19T09:20:11+09:00,DART_WHOLE_MARKET_LOOKBACK_CAPPED_90D_FROM_180D
900300,오가닉티코스메틱,CHECK_LIMITED,확인제한,,,,0,kosdaq_universe_summary_latest.csv,2026-06-19T09:20:11+09:00,DART_WHOLE_MARKET_LOOKBACK_CAPPED_90D_FROM_180D
900310,컬러레이,CHECK_LIMITED,확인제한,,,,0,kosdaq_universe_summary_latest.csv,2026-06-19T09:20:11+09:00,DART_WHOLE_MARKET_LOOKBACK_CAPPED_90D_FROM_180D
900340,윙입푸드,CHECK_LIMITED,확인제한,,,,0,kosdaq_universe_summary_latest.csv,2026-06-19T09:20:11+09:00,DART_WHOLE_MARKET_LOOKBACK_CAPPED_90D_FROM_180D
950130,엑세스바이오,CHECK_LIMITED,확인제한,,,,0,kosdaq_universe_summary_latest.csv,2026-06-19T09:20:11+09:00,DART_WHOLE_MARKET_LOOKBACK_CAPPED_90D_FROM_180D
950140,잉글우드랩,CHECK_LIMITED,확인제한,,,,0,kosdaq_universe_summary_latest.csv,2026-06-19T09:20:11+09:00,DART_WHOLE_MARKET_LOOKBACK_CAPPED_90D_FROM_180D
950160,코오롱티슈진,CHECK_LIMITED,확인제한,,,,0,kosdaq_universe_summary_latest.csv,2026-06-19T09:20:11+09:00,DART_WHOLE_MARKET_LOOKBACK_CAPPED_90D_FROM_180D
950170,JTC,CHECK_LIMITED,확인제한,,,,0,kosdaq_universe_summary_latest.csv,2026-06-19T09:20:11+09:00,DART_WHOLE_MARKET_LOOKBACK_CAPPED_90D_FROM_180D
950190,고스트스튜디오,CHECK_LIMITED,확인제한,,,,0,kosdaq_universe_summary_latest.csv,2026-06-19T09:20:11+09:00,DART_WHOLE_MARKET_LOOKBACK_CAPPED_90D_FROM_180D
950200,소마젠,CHECK_LIMITED,확인제한,,,,0,kosdaq_universe_summary_latest.csv,2026-06-19T09:20:11+09:00,DART_WHOLE_MARKET_LOOKBACK_CAPPED_90D_FROM_180D
950210,프레스티지바이오파마,CHECK_LIMITED,확인제한,,,,0,kospi_universe_summary_latest.csv,2026-06-19T09:20:11+09:00,DART_WHOLE_MARKET_LOOKBACK_CAPPED_90D_FROM_180D
950220,네오이뮨텍,CHECK_LIMITED,확인제한,,,,0,kosdaq_universe_summary_latest.csv,2026-06-19T09:20:11+09:00,DART_WHOLE_MARKET_LOOKBACK_CAPPED_90D_FROM_180D
950250,테라뷰,CHECK_LIMITED,확인제한,,,,0,kosdaq_universe_summary_latest.csv,2026-06-19T09:20:11+09:00,DART_WHOLE_MARKET_LOOKBACK_CAPPED_90D_FROM_180D
