stock_code,corp_name,report_name,rcept_dt,rcept_no,corp_cls,keywords,severity,relief_flag
101530,해태제과식품,주식등의대량보유상황보고서(일반),20261008,20261008000728,Y,대량보유,1,False
001270,부국증권,임원ㆍ주요주주특정증권등소유상황보고서,20261008,20261008000726,Y,주요주주변동,1,False
001270,부국증권,주식등의대량보유상황보고서(일반),20261008,20261008000722,Y,대량보유,1,False
185750,종근당,주식등의대량보유상황보고서(일반),20261008,20261008000718,Y,대량보유,1,False
010130,고려아연,임원ㆍ주요주주특정증권등소유상황보고서,20261008,20261008000716,Y,주요주주변동,1,False
102460,이연제약,주요사항보고서(전환사채권발행결정),20261008,20261008000695,Y,"CB,CB발행",2,False
005930,삼성전자,주식등의대량보유상황보고서(일반),20261008,20261008000706,Y,대량보유,1,False
032350,롯데관광개발,주식등의대량보유상황보고서(일반),20261008,20261008000703,Y,대량보유,1,False
102460,이연제약,주요사항보고서(전환사채권발행결정),20261008,20261008000687,Y,"CB,CB발행",2,False
185750,종근당,임원ㆍ주요주주특정증권등소유상황보고서,20261008,20261008000694,Y,주요주주변동,1,False
185750,종근당,임원ㆍ주요주주특정증권등소유상황보고서,20261008,20261008000683,Y,주요주주변동,1,False
004920,씨아이테크,주식등의대량보유상황보고서(약식),20261008,20261008000671,Y,대량보유,1,False
185750,종근당,주식등의대량보유상황보고서(일반),20261008,20261008000669,Y,대량보유,1,False
001210,금호전기,주식등의대량보유상황보고서(약식),20261008,20261008000664,Y,대량보유,1,False
005810,풍산홀딩스,주식등의대량보유상황보고서(약식),20261008,20261008000661,Y,대량보유,1,False
023530,롯데쇼핑,임원ㆍ주요주주특정증권등소유상황보고서,20261008,20261008000652,Y,주요주주변동,1,False
334890,이지스밸류플러스리츠,임원ㆍ주요주주특정증권등소유상황보고서,20261008,20261008000640,Y,주요주주변동,1,False
404990,신한서부티엔디리츠,임원ㆍ주요주주특정증권등소유상황보고서,20261008,20261008000624,Y,주요주주변동,1,False
400760,NH올원리츠,임원ㆍ주요주주특정증권등소유상황보고서,20261008,20261008000614,Y,주요주주변동,1,False
451800,한화리츠,임원ㆍ주요주주특정증권등소유상황보고서,20261008,20261008000612,Y,주요주주변동,1,False
357120,코람코라이프인프라리츠,임원ㆍ주요주주특정증권등소유상황보고서,20261008,20261008000611,Y,주요주주변동,1,False
417310,코람코더원리츠,임원ㆍ주요주주특정증권등소유상황보고서,20261008,20261008000609,Y,주요주주변동,1,False
334890,이지스밸류플러스리츠,임원ㆍ주요주주특정증권등소유상황보고서,20261008,20261008000608,Y,주요주주변동,1,False
293940,신한알파리츠,임원ㆍ주요주주특정증권등소유상황보고서,20261008,20261008000607,Y,주요주주변동,1,False
404990,신한서부티엔디리츠,임원ㆍ주요주주특정증권등소유상황보고서,20261008,20261008000604,Y,주요주주변동,1,False
448730,삼성FN리츠,임원ㆍ주요주주특정증권등소유상황보고서,20261008,20261008000603,Y,주요주주변동,1,False
330590,롯데리츠,임원ㆍ주요주주특정증권등소유상황보고서,20261008,20261008000602,Y,주요주주변동,1,False
377190,디앤디플랫폼리츠,임원ㆍ주요주주특정증권등소유상황보고서,20261008,20261008000601,Y,주요주주변동,1,False
395400,SK리츠,임원ㆍ주요주주특정증권등소유상황보고서,20261008,20261008000599,Y,주요주주변동,1,False
365550,ESR켄달스퀘어리츠,임원ㆍ주요주주특정증권등소유상황보고서,20261008,20261008000598,Y,주요주주변동,1,False
102460,이연제약,주식등의대량보유상황보고서(일반),20261008,20261008000597,Y,대량보유,1,False
014160,대영포장,임원ㆍ주요주주특정증권등소유상황보고서,20261008,20261008000594,Y,주요주주변동,1,False
014160,대영포장,임원ㆍ주요주주특정증권등소유상황보고서,20261008,20261008000592,Y,주요주주변동,1,False
024720,콜마홀딩스,주식등의대량보유상황보고서(일반),20261008,20261008000549,Y,대량보유,1,False
003230,삼양식품,주식등의대량보유상황보고서(일반),20261008,20261008000545,Y,대량보유,1,False
357120,코람코라이프인프라리츠,주식등의대량보유상황보고서(약식),20261008,20261008000542,Y,대량보유,1,False
009410,태영건설,유상증자또는주식관련사채등의발행결과(자율공시)              ,20261008,20261008800605,Y,유상증자,3,False
010780,아이에스동서,주식등의대량보유상황보고서(일반),20261008,20261008000540,Y,대량보유,1,False
017960,한국카본,주식등의대량보유상황보고서(일반),20261008,20261008000536,Y,대량보유,1,False
003350,한국화장품제조,주식등의대량보유상황보고서(약식),20261008,20261008000535,Y,대량보유,1,False
005610,삼립,임원ㆍ주요주주특정증권등소유상황보고서,20261008,20261008000527,Y,주요주주변동,1,False
019680,대교,자기주식처분결과보고서,20261008,20261008000522,Y,자사주처분,2,False
334890,이지스밸류플러스리츠,주식등의대량보유상황보고서(약식),20261008,20261008000521,Y,대량보유,1,False
000150,두산,주식등의대량보유상황보고서(일반),20261008,20261008000518,Y,대량보유,1,False
042660,한화오션,[기재정정]유상증자결정(종속회사의주요경영사항)              ,20261008,20261008800617,Y,유상증자,3,False
002720,국제약품,임원ㆍ주요주주특정증권등소유상황보고서,20261008,20261008000513,Y,주요주주변동,1,False
003060,에이프로젠바이오로직스,주식등의대량보유상황보고서(일반),20261008,20261008000508,Y,대량보유,1,False
002720,국제약품,임원ㆍ주요주주특정증권등소유상황보고서,20261008,20261008000507,Y,주요주주변동,1,False
007460,에이프로젠,주식등의대량보유상황보고서(일반),20261008,20261008000501,Y,대량보유,1,False
009160,SIMPAC,임원ㆍ주요주주특정증권등소유상황보고서,20261008,20261008000481,Y,주요주주변동,1,False
026960,동서,주식등의대량보유상황보고서(일반),20261008,20261008000469,Y,대량보유,1,False
003530,한화투자증권,유상증자또는주식관련사채등의발행결과(자율공시)              ,20261008,20261008800538,Y,유상증자,3,False
357120,코람코라이프인프라리츠,주식등의대량보유상황보고서(약식),20261008,20261008000445,Y,대량보유,1,False
026960,동서,임원ㆍ주요주주특정증권등소유상황보고서,20261008,20261008000424,Y,주요주주변동,1,False
003350,한국화장품제조,주식등의대량보유상황보고서(약식),20261008,20261008000417,Y,대량보유,1,False
005690,파미셀,주식등의대량보유상황보고서(일반),20261008,20261008000414,Y,대량보유,1,False
006490,프리티,[기재정정]주요사항보고서(감자결정),20261008,20261008000385,Y,감자,3,False
005880,대한해운,주식등의대량보유상황보고서(약식),20261008,20261008000404,Y,대량보유,1,False
070960,모나용평,임원ㆍ주요주주특정증권등소유상황보고서,20261008,20261008000399,Y,주요주주변동,1,False
004920,씨아이테크,주식등의대량보유상황보고서(약식),20261008,20261008000379,Y,대량보유,1,False
044380,주연테크,주식등의대량보유상황보고서(약식),20261008,20261008000322,Y,대량보유,1,False
000640,동아쏘시오홀딩스,임원ㆍ주요주주특정증권등소유상황보고서,20261008,20261008000287,Y,주요주주변동,1,False
000640,동아쏘시오홀딩스,임원ㆍ주요주주특정증권등소유상황보고서,20261008,20261008000284,Y,주요주주변동,1,False
000640,동아쏘시오홀딩스,임원ㆍ주요주주특정증권등소유상황보고서,20261008,20261008000283,Y,주요주주변동,1,False
000370,한화손해보험,임원ㆍ주요주주특정증권등소유상황보고서,20261008,20261008000282,Y,주요주주변동,1,False
084870,티비에이치글로벌,임원ㆍ주요주주특정증권등소유상황보고서,20261008,20261008000277,Y,주요주주변동,1,False
000640,동아쏘시오홀딩스,임원ㆍ주요주주특정증권등소유상황보고서,20261008,20261008000276,Y,주요주주변동,1,False
000640,동아쏘시오홀딩스,임원ㆍ주요주주특정증권등소유상황보고서,20261008,20261008000275,Y,주요주주변동,1,False
000640,동아쏘시오홀딩스,임원ㆍ주요주주특정증권등소유상황보고서,20261008,20261008000270,Y,주요주주변동,1,False
000640,동아쏘시오홀딩스,임원ㆍ주요주주특정증권등소유상황보고서,20261008,20261008000269,Y,주요주주변동,1,False
000640,동아쏘시오홀딩스,임원ㆍ주요주주특정증권등소유상황보고서,20261008,20261008000268,Y,주요주주변동,1,False
000640,동아쏘시오홀딩스,임원ㆍ주요주주특정증권등소유상황보고서,20261008,20261008000266,Y,주요주주변동,1,False
000640,동아쏘시오홀딩스,임원ㆍ주요주주특정증권등소유상황보고서,20261008,20261008000263,Y,주요주주변동,1,False
000640,동아쏘시오홀딩스,임원ㆍ주요주주특정증권등소유상황보고서,20261008,20261008000260,Y,주요주주변동,1,False
000640,동아쏘시오홀딩스,임원ㆍ주요주주특정증권등소유상황보고서,20261008,20261008000256,Y,주요주주변동,1,False
204320,HL만도,임원ㆍ주요주주특정증권등소유상황보고서,20261008,20261008000222,Y,주요주주변동,1,False
204320,HL만도,임원ㆍ주요주주특정증권등소유상황보고서,20261008,20261008000164,Y,주요주주변동,1,False
204320,HL만도,임원ㆍ주요주주특정증권등소유상황보고서,20261008,20261008000144,Y,주요주주변동,1,False
138930,BNK금융지주,주식등의대량보유상황보고서(약식),20261008,20261008000065,Y,대량보유,1,False
086790,하나금융지주,주식등의대량보유상황보고서(약식),20261008,20261008000058,Y,대량보유,1,False
009190,대양금속,최대주주변경              ,20261007,20261007800672,Y,최대주주변경,2,False
015260,에이엔피,투자유의안내              (주가요건 미달로 인한 상장폐지 우려 예고),20261007,20261007800688,Y,상장폐지위험,3,False
008930,한미사이언스,주식등의대량보유상황보고서(일반),20261007,20261007000522,Y,대량보유,1,False
011000,진원생명과학,주요사항보고서(자기전환사채만기전취득결정),20261007,20261007000497,Y,CB,2,False
012170,아센디오,[기재정정]주요사항보고서(유상증자결정),20261007,20261007000490,Y,유상증자,3,False
003350,한국화장품제조,전환청구권ㆍ신주인수권ㆍ교환청구권행사              ,20261007,20261007800640,Y,"교환청구,신주인수권,전환청구",3,False
003690,코리안리,주식등의대량보유상황보고서(일반),20261007,20261007000475,Y,대량보유,1,False
071950,코아스,임원ㆍ주요주주특정증권등소유상황보고서,20261007,20261007000461,Y,주요주주변동,1,False
004800,효성,주식등의대량보유상황보고서(일반),20261007,20261007000458,Y,대량보유,1,False
415640,KB발해인프라,임원ㆍ주요주주특정증권등소유상황보고서,20261007,20261007000454,Y,주요주주변동,1,False
003670,포스코퓨처엠,임원ㆍ주요주주특정증권등소유상황보고서,20261007,20261007000445,Y,주요주주변동,1,False
003670,포스코퓨처엠,임원ㆍ주요주주특정증권등소유상황보고서,20261007,20261007000443,Y,주요주주변동,1,False
018500,동원모빌리티,임원ㆍ주요주주특정증권등소유상황보고서,20261007,20261007000418,Y,주요주주변동,1,False
007160,사조산업,주식등의대량보유상황보고서(일반),20261007,20261007000414,Y,대량보유,1,False
018500,동원모빌리티,주식등의대량보유상황보고서(일반),20261007,20261007000401,Y,대량보유,1,False
204320,HL만도,임원ㆍ주요주주특정증권등소유상황보고서,20261007,20261007000396,Y,주요주주변동,1,False
204320,HL만도,임원ㆍ주요주주특정증권등소유상황보고서,20261007,20261007000385,Y,주요주주변동,1,False
003960,사조대림,주식등의대량보유상황보고서(일반),20261007,20261007000379,Y,대량보유,1,False
005090,SGC에너지,감자결정(종속회사의주요경영사항)              ,20261007,20261007800460,Y,감자,3,False
008730,율촌화학,주식등의대량보유상황보고서(일반),20261007,20261007000369,Y,대량보유,1,False
112610,씨에스윈드,주요사항보고서(자기주식처분결정),20261007,20261007000347,Y,자사주처분,2,False
204320,HL만도,임원ㆍ주요주주특정증권등소유상황보고서,20261007,20261007000364,Y,주요주주변동,1,False
003530,한화투자증권,임원ㆍ주요주주특정증권등소유상황보고서,20261007,20261007000358,Y,주요주주변동,1,False
042660,한화오션,[기재정정]유상증자결정(종속회사의주요경영사항)              ,20261007,20261007800450,Y,유상증자,3,False
003530,한화투자증권,임원ㆍ주요주주특정증권등소유상황보고서,20261007,20261007000335,Y,주요주주변동,1,False
013570,디와이,임원ㆍ주요주주특정증권등소유상황보고서,20261007,20261007000308,Y,주요주주변동,1,False
014680,한솔케미칼,주식등의대량보유상황보고서(일반),20261007,20261007000304,Y,대량보유,1,False
005880,대한해운,주식등의대량보유상황보고서(일반),20261007,20261007000303,Y,대량보유,1,False
415640,KB발해인프라,주식등의대량보유상황보고서(약식),20261007,20261007000293,Y,대량보유,1,False
128820,대성산업,유상증자결정(종속회사의주요경영사항)              ,20261007,20261007800352,Y,유상증자,3,False
000990,DB하이텍,주식등의대량보유상황보고서(약식),20261007,20261007000288,Y,대량보유,1,False
084010,대한제강,유상증자결정(자율공시)(종속회사의주요경영사항)              ,20261007,20261007800324,Y,유상증자,3,False
002840,미원상사,임원ㆍ주요주주특정증권등소유상황보고서,20261007,20261007000258,Y,주요주주변동,1,False
155660,DSR,임원ㆍ주요주주특정증권등소유상황보고서,20261007,20261007000254,Y,주요주주변동,1,False
317400,자이에스앤디,주식등의대량보유상황보고서(약식),20261007,20261007000242,Y,대량보유,1,False
016450,한세예스24홀딩스,주요사항보고서(자기전환사채만기전취득결정)(자회사의 주요경영사항)              ,20261007,20261007800249,Y,CB,2,False
072710,농심홀딩스,주식등의대량보유상황보고서(일반),20261007,20261007000212,Y,대량보유,1,False
069640,한세엠케이,주요사항보고서(자기전환사채만기전취득결정),20261007,20261007000206,Y,CB,2,False
002100,경농,주식등의대량보유상황보고서(일반),20261007,20261007000188,Y,대량보유,1,False
004370,농심,주식등의대량보유상황보고서(일반),20261007,20261007000187,Y,대량보유,1,False
001520,동양,임원ㆍ주요주주특정증권등소유상황보고서,20261007,20261007000166,Y,주요주주변동,1,False
001520,동양,임원ㆍ주요주주특정증권등소유상황보고서,20261007,20261007000163,Y,주요주주변동,1,False
001520,동양,임원ㆍ주요주주특정증권등소유상황보고서,20261007,20261007000162,Y,주요주주변동,1,False
001520,동양,임원ㆍ주요주주특정증권등소유상황보고서,20261007,20261007000161,Y,주요주주변동,1,False
001520,동양,임원ㆍ주요주주특정증권등소유상황보고서,20261007,20261007000160,Y,주요주주변동,1,False
001520,동양,임원ㆍ주요주주특정증권등소유상황보고서,20261007,20261007000157,Y,주요주주변동,1,False
001520,동양,임원ㆍ주요주주특정증권등소유상황보고서,20261007,20261007000155,Y,주요주주변동,1,False
001520,동양,임원ㆍ주요주주특정증권등소유상황보고서,20261007,20261007000154,Y,주요주주변동,1,False
001520,동양,임원ㆍ주요주주특정증권등소유상황보고서,20261007,20261007000110,Y,주요주주변동,1,False
001520,동양,임원ㆍ주요주주특정증권등소유상황보고서,20261007,20261007000104,Y,주요주주변동,1,False
001520,동양,임원ㆍ주요주주특정증권등소유상황보고서,20261007,20261007000102,Y,주요주주변동,1,False
007340,DN오토모티브,주식등의대량보유상황보고서(일반),20261007,20261007000078,Y,대량보유,1,False
090430,아모레퍼시픽,임원ㆍ주요주주특정증권등소유상황보고서,20261007,20261007000073,Y,주요주주변동,1,False
090430,아모레퍼시픽,임원ㆍ주요주주특정증권등소유상황보고서,20261007,20261007000071,Y,주요주주변동,1,False
090430,아모레퍼시픽,임원ㆍ주요주주특정증권등소유상황보고서,20261007,20261007000068,Y,주요주주변동,1,False
090430,아모레퍼시픽,임원ㆍ주요주주특정증권등소유상황보고서,20261007,20261007000064,Y,주요주주변동,1,False
090430,아모레퍼시픽,임원ㆍ주요주주특정증권등소유상황보고서,20261007,20261007000062,Y,주요주주변동,1,False
000150,두산,임원ㆍ주요주주특정증권등소유상황보고서,20261007,20261007000059,Y,주요주주변동,1,False
033240,자화전자,주식등의대량보유상황보고서(일반),20261007,20261007000057,Y,대량보유,1,False
003490,대한항공,임원ㆍ주요주주특정증권등소유상황보고서,20261007,20261007000056,Y,주요주주변동,1,False
000720,현대건설,임원ㆍ주요주주특정증권등소유상황보고서,20261007,20261007000053,Y,주요주주변동,1,False
042700,한미반도체,임원ㆍ주요주주특정증권등소유상황보고서,20261007,20261007000050,Y,주요주주변동,1,False
007660,이수페타시스,임원ㆍ주요주주특정증권등소유상황보고서,20261007,20261007000048,Y,주요주주변동,1,False
009830,한화솔루션,임원ㆍ주요주주특정증권등소유상황보고서,20261007,20261007000044,Y,주요주주변동,1,False
007660,이수페타시스,임원ㆍ주요주주특정증권등소유상황보고서,20261007,20261007000042,Y,주요주주변동,1,False
007660,이수페타시스,임원ㆍ주요주주특정증권등소유상황보고서,20261007,20261007000040,Y,주요주주변동,1,False
017180,명문제약,임원ㆍ주요주주특정증권등소유상황보고서,20261007,20261007000039,Y,주요주주변동,1,False
000720,현대건설,임원ㆍ주요주주특정증권등소유상황보고서,20261007,20261007000036,Y,주요주주변동,1,False
096760,JW홀딩스,주식등의대량보유상황보고서(일반),20261007,20261007000022,Y,대량보유,1,False
210980,SK디앤디,유상증자신주발행가액(안내공시)              ,20261007,20261007800052,Y,유상증자,3,False
210980,SK디앤디,[기재정정]주요사항보고서(유상증자결정),20261007,20261007000004,Y,유상증자,3,False
002720,국제약품,주식등의대량보유상황보고서(일반),20261007,20261006000461,Y,대량보유,1,False
002720,국제약품,최대주주변경              ,20261006,20261006800768,Y,최대주주변경,2,False
009190,대양금속,주요사항보고서(자기전환사채만기전취득결정),20261006,20261006000430,Y,CB,2,False
084680,이월드,주식등의대량보유상황보고서(일반),20261006,20261006000440,Y,대량보유,1,False
088350,한화생명,임원ㆍ주요주주특정증권등소유상황보고서,20261006,20261006000432,Y,주요주주변동,1,False
088350,한화생명,임원ㆍ주요주주특정증권등소유상황보고서,20261006,20261006000424,Y,주요주주변동,1,False
013000,세우글로벌,주식등의대량보유상황보고서(약식),20261006,20261006000416,Y,대량보유,1,False
002720,국제약품,최대주주등소유주식변동신고서(최대주주변경시)              ,20261006,20261006800666,Y,최대주주변경,2,False
003060,에이프로젠바이오로직스,투자유의안내              (관리종목지정 우려 예고),20261006,20261006800649,Y,관리종목,2,False
069640,한세엠케이,임원ㆍ주요주주특정증권등소유상황보고서,20261006,20261006000397,Y,주요주주변동,1,False
016380,KG스틸,[기재정정]주식등의대량보유상황보고서(일반),20261006,20261006000389,Y,대량보유,1,False
004410,서울식품공업,투자유의안내              (우선주 시가총액요건 미달로 인한 상장폐지 우려 예고),20261006,20261006800603,Y,상장폐지위험,3,False
044450,KSS해운,임원ㆍ주요주주특정증권등소유상황보고서,20261006,20261006000373,Y,주요주주변동,1,False
003300,한일홀딩스,임원ㆍ주요주주특정증권등소유상황보고서,20261006,20261006000357,Y,주요주주변동,1,False
016610,DB증권,임원ㆍ주요주주특정증권등소유상황보고서,20261006,20261006000345,Y,주요주주변동,1,False
013520,화승코퍼레이션,주식등의대량보유상황보고서(일반),20261006,20261006000335,Y,대량보유,1,False
008770,호텔신라,[기재정정]주요사항보고서(자기주식처분결정),20261006,20261006000311,Y,자사주처분,2,False
003470,유안타증권,임원ㆍ주요주주특정증권등소유상황보고서,20261006,20261006000328,Y,주요주주변동,1,False
005940,NH투자증권,임원ㆍ주요주주특정증권등소유상황보고서,20261006,20261006000319,Y,주요주주변동,1,False
090460,비에이치,주식등의대량보유상황보고서(약식),20261006,20261006000312,Y,대량보유,1,False
005030,부산주공,주식등의대량보유상황보고서(일반),20261006,20261006000309,Y,대량보유,1,False
008870,금비,임원ㆍ주요주주특정증권등소유상황보고서,20261006,20261006000300,Y,주요주주변동,1,False
015590,DKME,임원ㆍ주요주주특정증권등소유상황보고서,20261006,20261006000284,Y,주요주주변동,1,False
009190,대양금속,주식등의대량보유상황보고서(약식),20261006,20261006000276,Y,대량보유,1,False
002320,한진,주식등의대량보유상황보고서(약식),20261006,20261006000274,Y,대량보유,1,False
066970,엘앤에프,임원ㆍ주요주주특정증권등소유상황보고서,20261006,20261006000268,Y,주요주주변동,1,False
082740,한화엔진,임원ㆍ주요주주특정증권등소유상황보고서,20261006,20261006000266,Y,주요주주변동,1,False
019680,대교,주요사항보고서(자기주식처분결정),20261006,20261006000251,Y,자사주처분,2,False
375500,DL이앤씨,임원ㆍ주요주주특정증권등소유상황보고서,20261006,20261006000244,Y,주요주주변동,1,False
294870,IPARK현대산업개발,임원ㆍ주요주주특정증권등소유상황보고서,20261006,20261006000242,Y,주요주주변동,1,False
267270,HD건설기계,임원ㆍ주요주주특정증권등소유상황보고서,20261006,20261006000238,Y,주요주주변동,1,False
241590,화승엔터프라이즈,주식등의대량보유상황보고서(일반),20261006,20261006000235,Y,대량보유,1,False
204320,HL만도,임원ㆍ주요주주특정증권등소유상황보고서,20261006,20261006000234,Y,주요주주변동,1,False
192820,코스맥스,임원ㆍ주요주주특정증권등소유상황보고서,20261006,20261006000233,Y,주요주주변동,1,False
161890,한국콜마,임원ㆍ주요주주특정증권등소유상황보고서,20261006,20261006000232,Y,주요주주변동,1,False
128940,한미약품,임원ㆍ주요주주특정증권등소유상황보고서,20261006,20261006000230,Y,주요주주변동,1,False
120110,코오롱인더,임원ㆍ주요주주특정증권등소유상황보고서,20261006,20261006000227,Y,주요주주변동,1,False
112610,씨에스윈드,임원ㆍ주요주주특정증권등소유상황보고서,20261006,20261006000223,Y,주요주주변동,1,False
111770,영원무역,임원ㆍ주요주주특정증권등소유상황보고서,20261006,20261006000222,Y,주요주주변동,1,False
090460,비에이치,임원ㆍ주요주주특정증권등소유상황보고서,20261006,20261006000218,Y,주요주주변동,1,False
090430,아모레퍼시픽,임원ㆍ주요주주특정증권등소유상황보고서,20261006,20261006000216,Y,주요주주변동,1,False
071050,한국금융지주,임원ㆍ주요주주특정증권등소유상황보고서,20261006,20261006000214,Y,주요주주변동,1,False
069960,현대백화점,임원ㆍ주요주주특정증권등소유상황보고서,20261006,20261006000206,Y,주요주주변동,1,False
052690,한전기술,임원ㆍ주요주주특정증권등소유상황보고서,20261006,20261006000203,Y,주요주주변동,1,False
039490,키움증권,임원ㆍ주요주주특정증권등소유상황보고서,20261006,20261006000200,Y,주요주주변동,1,False
023530,롯데쇼핑,임원ㆍ주요주주특정증권등소유상황보고서,20261006,20261006000194,Y,주요주주변동,1,False
016360,삼성증권,임원ㆍ주요주주특정증권등소유상황보고서,20261006,20261006000192,Y,주요주주변동,1,False
014680,한솔케미칼,임원ㆍ주요주주특정증권등소유상황보고서,20261006,20261006000184,Y,주요주주변동,1,False
010950,S-Oil,임원ㆍ주요주주특정증권등소유상황보고서,20261006,20261006000181,Y,주요주주변동,1,False
010060,OCI홀딩스,임원ㆍ주요주주특정증권등소유상황보고서,20261006,20261006000170,Y,주요주주변동,1,False
009420,한올바이오파마,임원ㆍ주요주주특정증권등소유상황보고서,20261006,20261006000169,Y,주요주주변동,1,False
006650,대한유화,임원ㆍ주요주주특정증권등소유상황보고서,20261006,20261006000167,Y,주요주주변동,1,False
006360,GS건설,임원ㆍ주요주주특정증권등소유상황보고서,20261006,20261006000164,Y,주요주주변동,1,False
006260,LS,임원ㆍ주요주주특정증권등소유상황보고서,20261006,20261006000163,Y,주요주주변동,1,False
004170,신세계,임원ㆍ주요주주특정증권등소유상황보고서,20261006,20261006000157,Y,주요주주변동,1,False
001680,대상,임원ㆍ주요주주특정증권등소유상황보고서,20261006,20261006000155,Y,주요주주변동,1,False
001450,현대해상,임원ㆍ주요주주특정증권등소유상황보고서,20261006,20261006000152,Y,주요주주변동,1,False
001040,CJ,임원ㆍ주요주주특정증권등소유상황보고서,20261006,20261006000147,Y,주요주주변동,1,False
000720,현대건설,임원ㆍ주요주주특정증권등소유상황보고서,20261006,20261006000144,Y,주요주주변동,1,False
000210,DL,임원ㆍ주요주주특정증권등소유상황보고서,20261006,20261006000141,Y,주요주주변동,1,False
298020,효성티앤씨,임원ㆍ주요주주특정증권등소유상황보고서,20261006,20261006000132,Y,주요주주변동,1,False
003230,삼양식품,임원ㆍ주요주주특정증권등소유상황보고서,20261006,20261006000130,Y,주요주주변동,1,False
047810,한국항공우주,주식등의대량보유상황보고서(약식),20261006,20261006000089,Y,대량보유,1,False
004410,서울식품공업,주식등의대량보유상황보고서(일반),20261006,20261006000047,Y,대량보유,1,False
004410,서울식품공업,임원ㆍ주요주주특정증권등소유상황보고서,20261006,20261006000046,Y,주요주주변동,1,False
084870,티비에이치글로벌,임원ㆍ주요주주특정증권등소유상황보고서,20261006,20261006000038,Y,주요주주변동,1,False
017180,명문제약,임원ㆍ주요주주특정증권등소유상황보고서,20261006,20261006000035,Y,주요주주변동,1,False
035000,HS애드,주식등의대량보유상황보고서(일반),20261006,20261006000010,Y,대량보유,1,False
003350,한국화장품제조,[기재정정]전환청구권ㆍ신주인수권ㆍ교환청구권행사              ,20261002,20261002801098,Y,"교환청구,신주인수권,전환청구",3,False
003350,한국화장품제조,전환청구권ㆍ신주인수권ㆍ교환청구권행사              ,20261002,20261002801040,Y,"교환청구,신주인수권,전환청구",3,False
001270,부국증권,임원ㆍ주요주주특정증권등소유상황보고서,20261002,20261002000661,Y,주요주주변동,1,False
001270,부국증권,주식등의대량보유상황보고서(일반),20261002,20261002000658,Y,대량보유,1,False
003060,에이프로젠바이오로직스,임원ㆍ주요주주특정증권등소유상황보고서,20261002,20261002000650,Y,주요주주변동,1,False
003060,에이프로젠바이오로직스,주식등의대량보유상황보고서(일반),20261002,20261002000647,Y,대량보유,1,False
009290,광동제약,주식등의대량보유상황보고서(일반),20261002,20261002000619,Y,대량보유,1,False
267250,HD현대,주식등의대량보유상황보고서(일반),20261002,20261002000583,Y,대량보유,1,False
357250,미래에셋맵스리츠,주식등의대량보유상황보고서(약식),20261002,20261002000561,Y,대량보유,1,False
334890,이지스밸류플러스리츠,주식등의대량보유상황보고서(약식),20261002,20261002000560,Y,대량보유,1,False
004540,깨끗한나라,주식등의대량보유상황보고서(약식),20261002,20261002000558,Y,대량보유,1,False
069640,한세엠케이,자기주식처분결과보고서,20261002,20261002000539,Y,자사주처분,2,False
017800,현대엘리베이터,주식등의대량보유상황보고서(일반),20261002,20261002000536,Y,대량보유,1,False
034830,한국토지신탁,주식등의대량보유상황보고서(일반),20261002,20261002000523,Y,대량보유,1,False
069640,한세엠케이,임원ㆍ주요주주특정증권등소유상황보고서,20261002,20261002000522,Y,주요주주변동,1,False
047810,한국항공우주,주식등의대량보유상황보고서(약식),20261002,20261002000519,Y,대량보유,1,False
004020,현대제철,주식등의대량보유상황보고서(약식),20261002,20261002000518,Y,대량보유,1,False
023530,롯데쇼핑,주식등의대량보유상황보고서(약식),20261002,20261002000514,Y,대량보유,1,False
004170,신세계,주식등의대량보유상황보고서(약식),20261002,20261002000511,Y,대량보유,1,False
120110,코오롱인더,주식등의대량보유상황보고서(약식),20261002,20261002000509,Y,대량보유,1,False
128940,한미약품,주식등의대량보유상황보고서(약식),20261002,20261002000501,Y,대량보유,1,False
282330,BGF리테일,주식등의대량보유상황보고서(약식),20261002,20261002000496,Y,대량보유,1,False
034230,파라다이스,주식등의대량보유상황보고서(약식),20261002,20261002000492,Y,대량보유,1,False
001450,현대해상,주식등의대량보유상황보고서(약식),20261002,20261002000491,Y,대량보유,1,False
036570,NC,주식등의대량보유상황보고서(약식),20261002,20261002000489,Y,대량보유,1,False
014680,한솔케미칼,주식등의대량보유상황보고서(약식),20261002,20261002000485,Y,대량보유,1,False
005180,빙그레,주식등의대량보유상황보고서(약식),20261002,20261002000484,Y,대량보유,1,False
375500,DL이앤씨,주식등의대량보유상황보고서(약식),20261002,20261002000480,Y,대량보유,1,False
069960,현대백화점,주식등의대량보유상황보고서(약식),20261002,20261002000478,Y,대량보유,1,False
003490,대한항공,주식등의대량보유상황보고서(약식),20261002,20261002000476,Y,대량보유,1,False
016360,삼성증권,주식등의대량보유상황보고서(약식),20261002,20261002000473,Y,대량보유,1,False
035420,NAVER,주식등의대량보유상황보고서(약식),20261002,20261002000471,Y,대량보유,1,False
009160,SIMPAC,임원ㆍ주요주주특정증권등소유상황보고서,20261002,20261002000470,Y,주요주주변동,1,False
013700,까뮤이앤씨,주식등의대량보유상황보고서(일반),20261002,20261002000469,Y,대량보유,1,False
000210,DL,주식등의대량보유상황보고서(약식),20261002,20261002000468,Y,대량보유,1,False
069640,한세엠케이,임원ㆍ주요주주특정증권등소유상황보고서,20261002,20261002000467,Y,주요주주변동,1,False
001040,CJ,주식등의대량보유상황보고서(약식),20261002,20261002000466,Y,대량보유,1,False
006800,미래에셋증권,주식등의대량보유상황보고서(약식),20261002,20261002000462,Y,대량보유,1,False
005870,휴니드테크놀러지스,주식등의대량보유상황보고서(일반),20261002,20261002000458,Y,대량보유,1,False
008770,호텔신라,주식등의대량보유상황보고서(약식),20261002,20261002000457,Y,대량보유,1,False
005830,DB손해보험,주식등의대량보유상황보고서(약식),20261002,20261002000451,Y,대량보유,1,False
035420,NAVER,임원ㆍ주요주주특정증권등소유상황보고서,20261002,20261002000450,Y,주요주주변동,1,False
006360,GS건설,주식등의대량보유상황보고서(약식),20261002,20261002000448,Y,대량보유,1,False
001780,알루코,주식등의대량보유상황보고서(일반),20261002,20261002000446,Y,대량보유,1,False
352820,하이브,주식등의대량보유상황보고서(약식),20261002,20261002000445,Y,대량보유,1,False
035420,NAVER,임원ㆍ주요주주특정증권등소유상황보고서,20261002,20261002000443,Y,주요주주변동,1,False
079550,LIG디펜스앤에어로스페이스,주식등의대량보유상황보고서(약식),20261002,20261002000439,Y,대량보유,1,False
039490,키움증권,주식등의대량보유상황보고서(약식),20261002,20261002000438,Y,대량보유,1,False
353200,대덕전자,주식등의대량보유상황보고서(약식),20261002,20261002000437,Y,대량보유,1,False
002200,한화머시너리앤서비스홀딩스,주식등의대량보유상황보고서(약식),20261002,20261002000436,Y,대량보유,1,False
032350,롯데관광개발,주식등의대량보유상황보고서(약식),20261002,20261002000431,Y,대량보유,1,False
062040,산일전기,주식등의대량보유상황보고서(약식),20261002,20261002000427,Y,대량보유,1,False
000990,DB하이텍,주식등의대량보유상황보고서(약식),20261002,20261002000425,Y,대량보유,1,False
028050,삼성E&A,주식등의대량보유상황보고서(약식),20261002,20261002000422,Y,대량보유,1,False
272210,한화시스템,주식등의대량보유상황보고서(약식),20261002,20261002000420,Y,대량보유,1,False
489790,한화비전,주식등의대량보유상황보고서(약식),20261002,20261002000417,Y,대량보유,1,False
011070,LG이노텍,주식등의대량보유상황보고서(약식),20261002,20261002000414,Y,대량보유,1,False
307950,현대오토에버,주식등의대량보유상황보고서(약식),20261002,20261002000411,Y,대량보유,1,False
032640,LG유플러스,주식등의대량보유상황보고서(약식),20261002,20261002000408,Y,대량보유,1,False
007810,코리아써키트,주식등의대량보유상황보고서(약식),20261002,20261002000405,Y,대량보유,1,False
229640,LS에코에너지,주식등의대량보유상황보고서(약식),20261002,20261002000402,Y,대량보유,1,False
096770,SK이노베이션,주식등의대량보유상황보고서(약식),20261002,20261002000399,Y,대량보유,1,False
088350,한화생명,주식등의대량보유상황보고서(약식),20261002,20261002000397,Y,대량보유,1,False
007340,DN오토모티브,주식등의대량보유상황보고서(약식),20261002,20261002000396,Y,대량보유,1,False
017800,현대엘리베이터,주식등의대량보유상황보고서(약식),20261002,20261002000393,Y,대량보유,1,False
280360,롯데웰푸드,주식등의대량보유상황보고서(약식),20261002,20261002000391,Y,대량보유,1,False
064400,LG씨엔에스,주식등의대량보유상황보고서(약식),20261002,20261002000386,Y,대량보유,1,False
267260,HD현대일렉트릭,임원ㆍ주요주주특정증권등소유상황보고서,20261002,20261002000385,Y,주요주주변동,1,False
084680,이월드,임원ㆍ주요주주특정증권등소유상황보고서,20261002,20261002000383,Y,주요주주변동,1,False
090430,아모레퍼시픽,주식등의대량보유상황보고서(약식),20261002,20261002000382,Y,대량보유,1,False
078930,GS,주식등의대량보유상황보고서(약식),20261002,20261002000380,Y,대량보유,1,False
001120,LX인터내셔널,주식등의대량보유상황보고서(약식),20261002,20261002000377,Y,대량보유,1,False
112610,씨에스윈드,주식등의대량보유상황보고서(약식),20261002,20261002000374,Y,대량보유,1,False
023960,에쓰씨엔지니어링,임원ㆍ주요주주특정증권등소유상황보고서,20261002,20261002000370,Y,주요주주변동,1,False
018670,SK가스,주식등의대량보유상황보고서(약식),20261002,20261002000358,Y,대량보유,1,False
475150,SK이터닉스,주식등의대량보유상황보고서(약식),20261002,20261002000355,Y,대량보유,1,False
003540,대신증권,주식등의대량보유상황보고서(약식),20261002,20261002000350,Y,대량보유,1,False
483650,달바글로벌,주식등의대량보유상황보고서(약식),20261002,20261002000348,Y,대량보유,1,False
009830,한화솔루션,주식등의대량보유상황보고서(약식),20261002,20261002000346,Y,대량보유,1,False
084680,이월드,임원ㆍ주요주주특정증권등소유상황보고서,20261002,20261002000345,Y,주요주주변동,1,False
103140,풍산,주식등의대량보유상황보고서(약식),20261002,20261002000343,Y,대량보유,1,False
017960,한국카본,주식등의대량보유상황보고서(약식),20261002,20261002000340,Y,대량보유,1,False
093370,후성,주식등의대량보유상황보고서(약식),20261002,20261002000337,Y,대량보유,1,False
005300,롯데칠성음료,주식등의대량보유상황보고서(약식),20261002,20261002000333,Y,대량보유,1,False
294870,IPARK현대산업개발,주식등의대량보유상황보고서(약식),20261002,20261002000327,Y,대량보유,1,False
006490,프리티,[기재정정]주요사항보고서(유상증자결정),20261002,20261002000315,Y,유상증자,3,False
051900,LG생활건강,주식등의대량보유상황보고서(약식),20261002,20261002000309,Y,대량보유,1,False
285130,SK케미칼,주식등의대량보유상황보고서(약식),20261002,20261002000306,Y,대량보유,1,False
011210,현대위아,주식등의대량보유상황보고서(약식),20261002,20261002000302,Y,대량보유,1,False
004490,세방전지,주식등의대량보유상황보고서(약식),20261002,20261002000298,Y,대량보유,1,False
034220,LG디스플레이,주식등의대량보유상황보고서(약식),20261002,20261002000297,Y,대량보유,1,False
005440,현대지에프홀딩스,주식등의대량보유상황보고서(약식),20261002,20261002000295,Y,대량보유,1,False
066970,엘앤에프,주식등의대량보유상황보고서(약식),20261002,20261002000292,Y,대량보유,1,False
004370,농심,주식등의대량보유상황보고서(약식),20261002,20261002000287,Y,대량보유,1,False
000100,유한양행,임원ㆍ주요주주특정증권등소유상황보고서,20261002,20261002000286,Y,주요주주변동,1,False
395400,SK리츠,주식등의대량보유상황보고서(약식),20261002,20261002000285,Y,대량보유,1,False
010950,S-Oil,임원ㆍ주요주주특정증권등소유상황보고서,20261002,20261002000281,Y,주요주주변동,1,False
030190,NICE평가정보,주식등의대량보유상황보고서(약식),20261002,20261002000280,Y,대량보유,1,False
006650,대한유화,주식등의대량보유상황보고서(약식),20261002,20261002000277,Y,대량보유,1,False
010950,S-Oil,주식등의대량보유상황보고서(일반),20261002,20261002000274,Y,대량보유,1,False
000640,동아쏘시오홀딩스,주식등의대량보유상황보고서(약식),20261002,20261002000273,Y,대량보유,1,False
499790,GS피앤엘,주식등의대량보유상황보고서(약식),20261002,20261002000271,Y,대량보유,1,False
322000,HD현대에너지솔루션,주식등의대량보유상황보고서(약식),20261002,20261002000263,Y,대량보유,1,False
010950,S-Oil,임원ㆍ주요주주특정증권등소유상황보고서,20261002,20261002000260,Y,주요주주변동,1,False
306200,세아제강,주식등의대량보유상황보고서(약식),20261002,20261002000259,Y,대량보유,1,False
010950,S-Oil,주식등의대량보유상황보고서(일반),20261002,20261002000244,Y,대량보유,1,False
195870,해성디에스,주식등의대량보유상황보고서(약식),20261002,20261002000216,Y,대량보유,1,False
194370,제이에스코퍼레이션,주식등의대량보유상황보고서(약식),20261002,20261002000215,Y,대량보유,1,False
004020,현대제철,주식등의대량보유상황보고서(일반),20261002,20261002000213,Y,대량보유,1,False
020000,한섬,임원ㆍ주요주주특정증권등소유상황보고서,20261002,20261002000207,Y,주요주주변동,1,False
020000,한섬,주식등의대량보유상황보고서(일반),20261002,20261002000204,Y,대량보유,1,False
090460,비에이치,주식등의대량보유상황보고서(약식),20261002,20261002000190,Y,대량보유,1,False
060980,HL홀딩스,주식등의대량보유상황보고서(약식),20261002,20261002000173,Y,대량보유,1,False
034120,SBS,주식등의대량보유상황보고서(약식),20261002,20261002000170,Y,대량보유,1,False
020000,한섬,주식등의대량보유상황보고서(약식),20261002,20261002000166,Y,대량보유,1,False
010780,아이에스동서,주식등의대량보유상황보고서(약식),20261002,20261002000165,Y,대량보유,1,False
004690,삼천리,주식등의대량보유상황보고서(약식),20261002,20261002000164,Y,대량보유,1,False
003030,세아제강지주,주식등의대량보유상황보고서(약식),20261002,20261002000163,Y,대량보유,1,False
001820,삼화콘덴서공업,주식등의대량보유상황보고서(약식),20261002,20261002000160,Y,대량보유,1,False
085620,미래에셋생명,주식등의대량보유상황보고서(약식),20261002,20261002000159,Y,대량보유,1,False
456040,OCI,주식등의대량보유상황보고서(약식),20261002,20261002000158,Y,대량보유,1,False
317400,자이에스앤디,주식등의대량보유상황보고서(약식),20261002,20261002000156,Y,대량보유,1,False
078930,GS,주식등의대량보유상황보고서(일반),20261002,20261002000155,Y,대량보유,1,False
281820,케이씨텍,주식등의대량보유상황보고서(약식),20261002,20261002000154,Y,대량보유,1,False
105630,한세실업,주식등의대량보유상황보고서(약식),20261002,20261002000147,Y,대량보유,1,False
004710,한솔테크닉스,주식등의대량보유상황보고서(약식),20261002,20261002000144,Y,대량보유,1,False
000370,한화손해보험,주식등의대량보유상황보고서(약식),20261002,20261002000143,Y,대량보유,1,False
004020,현대제철,임원ㆍ주요주주특정증권등소유상황보고서,20261002,20261002000130,Y,주요주주변동,1,False
011300,우성머티리얼스,주식등의대량보유상황보고서(일반),20261002,20261002000128,Y,대량보유,1,False
066970,엘앤에프,주식등의대량보유상황보고서(일반),20261002,20261002000082,Y,대량보유,1,False
011150,CJ씨푸드,투자유의안내              (우선주 시가총액요건 미달로 인한 상장폐지 우려 예고),20261001,20261001800721,Y,상장폐지위험,3,False
004770,써니전자,주식등의대량보유상황보고서(일반),20261001,20261001000610,Y,대량보유,1,False
134380,미원화학,주식등의대량보유상황보고서(약식),20261001,20261001000598,Y,대량보유,1,False
004770,써니전자,주식등의대량보유상황보고서(일반),20261001,20261001000596,Y,대량보유,1,False
028260,삼성물산,[기재정정]유상증자결정(종속회사의주요경영사항)              ,20261001,20261001800695,Y,유상증자,3,False
015590,DKME,주식등의대량보유상황보고서(약식),20261001,20261001000571,Y,대량보유,1,False
015260,에이엔피,투자유의안내              (시가총액요건 미달로 인한 상장폐지 우려 예고),20261001,20261001800636,Y,상장폐지위험,3,False
011300,우성머티리얼스,전환가액ㆍ신주인수권행사가액ㆍ교환가액의조정(안내공시)              ,20261001,20261001800585,Y,"신주인수권,신주인수권행사",3,False
011300,우성머티리얼스,전환가액ㆍ신주인수권행사가액ㆍ교환가액의조정(안내공시)              ,20261001,20261001800581,Y,"신주인수권,신주인수권행사",3,False
011300,우성머티리얼스,전환가액ㆍ신주인수권행사가액ㆍ교환가액의조정(안내공시)              ,20261001,20261001800578,Y,"신주인수권,신주인수권행사",3,False
011300,우성머티리얼스,전환가액ㆍ신주인수권행사가액ㆍ교환가액의조정(안내공시)              ,20261001,20261001800572,Y,"신주인수권,신주인수권행사",3,False
011300,우성머티리얼스,전환가액ㆍ신주인수권행사가액ㆍ교환가액의조정(안내공시)              ,20261001,20261001800569,Y,"신주인수권,신주인수권행사",3,False
010950,S-Oil,최대주주등소유주식변동신고서(최대주주변경시)              ,20261001,20261001800642,Y,최대주주변경,2,False
009240,한샘,주식등의대량보유상황보고서(일반),20261001,20261001000549,Y,대량보유,1,False
011300,우성머티리얼스,전환가액ㆍ신주인수권행사가액ㆍ교환가액의조정(안내공시)              ,20261001,20261001800563,Y,"신주인수권,신주인수권행사",3,False
003580,HLB글로벌,주식등의대량보유상황보고서(약식),20261001,20261001000536,Y,대량보유,1,False
120110,코오롱인더,주식등의대량보유상황보고서(일반),20261001,20261001000525,Y,대량보유,1,False
002020,코오롱,주식등의대량보유상황보고서(일반),20261001,20261001000512,Y,대량보유,1,False
357120,코람코라이프인프라리츠,임원ㆍ주요주주특정증권등소유상황보고서,20261001,20261001000501,Y,주요주주변동,1,False
334890,이지스밸류플러스리츠,임원ㆍ주요주주특정증권등소유상황보고서,20261001,20261001000500,Y,주요주주변동,1,False
293940,신한알파리츠,임원ㆍ주요주주특정증권등소유상황보고서,20261001,20261001000499,Y,주요주주변동,1,False
330590,롯데리츠,임원ㆍ주요주주특정증권등소유상황보고서,20261001,20261001000498,Y,주요주주변동,1,False
377190,디앤디플랫폼리츠,임원ㆍ주요주주특정증권등소유상황보고서,20261001,20261001000497,Y,주요주주변동,1,False
365550,ESR켄달스퀘어리츠,임원ㆍ주요주주특정증권등소유상황보고서,20261001,20261001000495,Y,주요주주변동,1,False
451800,한화리츠,임원ㆍ주요주주특정증권등소유상황보고서,20261001,20261001000494,Y,주요주주변동,1,False
448730,삼성FN리츠,임원ㆍ주요주주특정증권등소유상황보고서,20261001,20261001000493,Y,주요주주변동,1,False
417310,코람코더원리츠,임원ㆍ주요주주특정증권등소유상황보고서,20261001,20261001000492,Y,주요주주변동,1,False
404990,신한서부티엔디리츠,임원ㆍ주요주주특정증권등소유상황보고서,20261001,20261001000491,Y,주요주주변동,1,False
396690,미래에셋글로벌리츠,임원ㆍ주요주주특정증권등소유상황보고서,20261001,20261001000490,Y,주요주주변동,1,False
395400,SK리츠,임원ㆍ주요주주특정증권등소유상황보고서,20261001,20261001000488,Y,주요주주변동,1,False
001520,동양,임원ㆍ주요주주특정증권등소유상황보고서,20261001,20261001000486,Y,주요주주변동,1,False
001520,동양,임원ㆍ주요주주특정증권등소유상황보고서,20261001,20261001000480,Y,주요주주변동,1,False
005800,신영와코루,임원ㆍ주요주주특정증권등소유상황보고서,20261001,20261001000478,Y,주요주주변동,1,False
207940,삼성바이오로직스,[기재정정]주요사항보고서(유상증자결정),20261001,20261001000449,Y,유상증자,3,False
005800,신영와코루,주식등의대량보유상황보고서(일반),20261001,20261001000471,Y,대량보유,1,False
006490,프리티,[기재정정]주요사항보고서(전환사채권발행결정),20261001,20261001000450,Y,"CB,CB발행",2,False
007160,사조산업,임원ㆍ주요주주특정증권등소유상황보고서,20261001,20261001000416,Y,주요주주변동,1,False
010950,S-Oil,최대주주변경              ,20261001,20261001800285,Y,최대주주변경,2,False
134380,미원화학,임원ㆍ주요주주특정증권등소유상황보고서,20261001,20261001000389,Y,주요주주변동,1,False
207940,삼성바이오로직스,유상증자신주발행가액(안내공시)              ,20261001,20261001800318,Y,유상증자,3,False
271560,오리온,주식등의대량보유상황보고서(일반),20261001,20261001000377,Y,대량보유,1,False
001800,오리온홀딩스,주식등의대량보유상황보고서(일반),20261001,20261001000369,Y,대량보유,1,False
002360,SH에너지화학,주식등의대량보유상황보고서(일반),20261001,20261001000259,Y,대량보유,1,False
005930,삼성전자,임원ㆍ주요주주특정증권등소유상황보고서,20261001,20261001000251,Y,주요주주변동,1,False
005930,삼성전자,임원ㆍ주요주주특정증권등소유상황보고서,20261001,20261001000203,Y,주요주주변동,1,False
001390,KG케미칼,임원ㆍ주요주주특정증권등소유상황보고서,20261001,20261001000186,Y,주요주주변동,1,False
034020,두산에너빌리티,주식등의대량보유상황보고서(일반),20261001,20261001000182,Y,대량보유,1,False
002900,TYM,임원ㆍ주요주주특정증권등소유상황보고서,20261001,20261001000014,Y,주요주주변동,1,False
001270,부국증권,주식등의대량보유상황보고서(일반),20260930,20260930000863,Y,대량보유,1,False
000660,SK하이닉스,임원ㆍ주요주주특정증권등소유상황보고서,20260930,20260930000861,Y,주요주주변동,1,False
009830,한화솔루션,유상증자결정(종속회사의주요경영사항)              ,20260930,20260930801200,Y,유상증자,3,False
003530,한화투자증권,특수관계인의유상증자참여,20260930,20260930000834,Y,유상증자,3,False
088350,한화생명,유상증자결정(종속회사의주요경영사항)              ,20260930,20260930801232,Y,유상증자,3,False
003530,한화투자증권,특수관계인의유상증자참여,20260930,20260930000830,Y,유상증자,3,False
003530,한화투자증권,주요사항보고서(유상증자결정),20260930,20260930000770,Y,유상증자,3,False
011810,STX,[기재정정]주요사항보고서(유상증자결정),20260930,20260930000771,Y,유상증자,3,False
006490,프리티,[기재정정]주요사항보고서(전환사채권발행결정),20260930,20260930000787,Y,"CB,CB발행",2,False
003470,유안타증권,임원ㆍ주요주주특정증권등소유상황보고서,20260930,20260930000790,Y,주요주주변동,1,False
006490,프리티,[기재정정]주요사항보고서(유상증자결정),20260930,20260930000745,Y,유상증자,3,False
010580,에스엠벡셀,임원ㆍ주요주주특정증권등소유상황보고서,20260930,20260930000776,Y,주요주주변동,1,False
363280,티와이홀딩스,주요사항보고서(유상증자결정)(자회사의 주요경영사항)              ,20260930,20260930801095,Y,유상증자,3,False
138040,메리츠금융지주,임원ㆍ주요주주특정증권등소유상황보고서,20260930,20260930000768,Y,주요주주변동,1,False
185750,종근당,주식등의대량보유상황보고서(일반),20260930,20260930000763,Y,대량보유,1,False
138040,메리츠금융지주,임원ㆍ주요주주특정증권등소유상황보고서,20260930,20260930000753,Y,주요주주변동,1,False
009410,태영건설,주요사항보고서(유상증자결정),20260930,20260930000687,Y,유상증자,3,False
010400,우진아이엔에스,최대주주등소유주식변동신고서(최대주주변경시)              ,20260930,20260930801089,Y,최대주주변경,2,False
011000,진원생명과학,[기재정정]주요사항보고서(유상증자결정),20260930,20260930000698,Y,유상증자,3,False
010780,아이에스동서,주식등의대량보유상황보고서(일반),20260930,20260930000729,Y,대량보유,1,False
006800,미래에셋증권,임원ㆍ주요주주특정증권등소유상황보고서,20260930,20260930000704,Y,주요주주변동,1,False
024720,콜마홀딩스,주식등의대량보유상황보고서(일반),20260930,20260930000675,Y,대량보유,1,False
002170,SYTS,주식등의대량보유상황보고서(일반),20260930,20260930000674,Y,대량보유,1,False
010400,우진아이엔에스,주식등의대량보유상황보고서(일반),20260930,20260930000665,Y,대량보유,1,False
010400,우진아이엔에스,주식등의대량보유상황보고서(일반),20260930,20260930000662,Y,대량보유,1,False
017370,우신시스템,주식등의대량보유상황보고서(일반),20260930,20260930000660,Y,대량보유,1,False
010400,우진아이엔에스,임원ㆍ주요주주특정증권등소유상황보고서,20260930,20260930000651,Y,주요주주변동,1,False
001570,금양,[기재정정]주요사항보고서(유상증자결정),20260930,20260930000569,Y,유상증자,3,False
010400,우진아이엔에스,임원ㆍ주요주주특정증권등소유상황보고서,20260930,20260930000645,Y,주요주주변동,1,False
006800,미래에셋증권,임원ㆍ주요주주특정증권등소유상황보고서,20260930,20260930000621,Y,주요주주변동,1,False
002070,비비안,[기재정정]주요사항보고서(유상증자결정),20260930,20260930000603,Y,유상증자,3,False
002070,비비안,[기재정정]주요사항보고서(유상증자결정),20260930,20260930000596,Y,유상증자,3,False
001630,종근당홀딩스,주식등의대량보유상황보고서(일반),20260930,20260930000601,Y,대량보유,1,False
000880,한화,임원ㆍ주요주주특정증권등소유상황보고서,20260930,20260930000591,Y,주요주주변동,1,False
001460,BYC,임원ㆍ주요주주특정증권등소유상황보고서,20260930,20260930000588,Y,주요주주변동,1,False
105840,우진,주식등의대량보유상황보고서(일반),20260930,20260930000575,Y,대량보유,1,False
095570,AJ네트웍스,주식등의대량보유상황보고서(일반),20260930,20260930000559,Y,대량보유,1,False
079550,LIG디펜스앤에어로스페이스,임원ㆍ주요주주특정증권등소유상황보고서,20260930,20260930000466,Y,주요주주변동,1,False
007660,이수페타시스,임원ㆍ주요주주특정증권등소유상황보고서,20260930,20260930000461,Y,주요주주변동,1,False
079550,LIG디펜스앤에어로스페이스,임원ㆍ주요주주특정증권등소유상황보고서,20260930,20260930000458,Y,주요주주변동,1,False
004370,농심,주식등의대량보유상황보고서(일반),20260930,20260930000401,Y,대량보유,1,False
134380,미원화학,임원ㆍ주요주주특정증권등소유상황보고서,20260930,20260930000367,Y,주요주주변동,1,False
070960,모나용평,임원ㆍ주요주주특정증권등소유상황보고서,20260930,20260930000303,Y,주요주주변동,1,False
070960,모나용평,임원ㆍ주요주주특정증권등소유상황보고서,20260930,20260930000299,Y,주요주주변동,1,False
009320,아진전자부품,주식등의대량보유상황보고서(일반),20260930,20260930000295,Y,대량보유,1,False
009190,대양금속,[기재정정]전환가액ㆍ신주인수권행사가액ㆍ교환가액의조정(안내공시)              ,20260930,20260930800280,Y,"신주인수권,신주인수권행사",3,False
090430,아모레퍼시픽,임원ㆍ주요주주특정증권등소유상황보고서,20260930,20260930000193,Y,주요주주변동,1,False
090430,아모레퍼시픽,임원ㆍ주요주주특정증권등소유상황보고서,20260930,20260930000189,Y,주요주주변동,1,False
090430,아모레퍼시픽,임원ㆍ주요주주특정증권등소유상황보고서,20260930,20260930000185,Y,주요주주변동,1,False
090430,아모레퍼시픽,임원ㆍ주요주주특정증권등소유상황보고서,20260930,20260930000180,Y,주요주주변동,1,False
002790,아모레퍼시픽홀딩스,임원ㆍ주요주주특정증권등소유상황보고서,20260930,20260930000174,Y,주요주주변동,1,False
090430,아모레퍼시픽,임원ㆍ주요주주특정증권등소유상황보고서,20260930,20260930000170,Y,주요주주변동,1,False
090430,아모레퍼시픽,임원ㆍ주요주주특정증권등소유상황보고서,20260930,20260930000168,Y,주요주주변동,1,False
090430,아모레퍼시픽,임원ㆍ주요주주특정증권등소유상황보고서,20260930,20260930000161,Y,주요주주변동,1,False
090430,아모레퍼시픽,임원ㆍ주요주주특정증권등소유상황보고서,20260930,20260930000156,Y,주요주주변동,1,False
090430,아모레퍼시픽,임원ㆍ주요주주특정증권등소유상황보고서,20260930,20260930000152,Y,주요주주변동,1,False
090430,아모레퍼시픽,임원ㆍ주요주주특정증권등소유상황보고서,20260930,20260930000147,Y,주요주주변동,1,False
090430,아모레퍼시픽,임원ㆍ주요주주특정증권등소유상황보고서,20260930,20260930000136,Y,주요주주변동,1,False
090430,아모레퍼시픽,임원ㆍ주요주주특정증권등소유상황보고서,20260930,20260930000128,Y,주요주주변동,1,False
090430,아모레퍼시픽,임원ㆍ주요주주특정증권등소유상황보고서,20260930,20260930000122,Y,주요주주변동,1,False
090430,아모레퍼시픽,임원ㆍ주요주주특정증권등소유상황보고서,20260930,20260930000115,Y,주요주주변동,1,False
090430,아모레퍼시픽,임원ㆍ주요주주특정증권등소유상황보고서,20260930,20260930000111,Y,주요주주변동,1,False
090430,아모레퍼시픽,임원ㆍ주요주주특정증권등소유상황보고서,20260930,20260930000102,Y,주요주주변동,1,False
128940,한미약품,주식등의대량보유상황보고서(일반),20260929,20260929000668,Y,대량보유,1,False
008930,한미사이언스,주식등의대량보유상황보고서(일반),20260929,20260929000661,Y,대량보유,1,False
044380,주연테크,기타경영사항(자율공시)              (상장폐지결정 효력정지 가처분 신청),20260929,20260929800924,Y,상장폐지위험,3,False
403550,쏘카,임원ㆍ주요주주특정증권등소유상황보고서,20260929,20260929000631,Y,주요주주변동,1,False
016610,DB증권,임원ㆍ주요주주특정증권등소유상황보고서,20260929,20260929000630,Y,주요주주변동,1,False
298040,효성중공업,임원ㆍ주요주주특정증권등소유상황보고서,20260929,20260929000626,Y,주요주주변동,1,False
403550,쏘카,주식등의대량보유상황보고서(일반),20260929,20260929000623,Y,대량보유,1,False
298040,효성중공업,주식등의대량보유상황보고서(일반),20260929,20260929000610,Y,대량보유,1,False
011790,SKC,[기재정정]유상증자결정(종속회사의주요경영사항)              ,20260929,20260929800906,Y,유상증자,3,False
298000,효성화학,임원ㆍ주요주주특정증권등소유상황보고서,20260929,20260929000606,Y,주요주주변동,1,False
298000,효성화학,주식등의대량보유상황보고서(일반),20260929,20260929000602,Y,대량보유,1,False
004540,깨끗한나라,전환가액ㆍ신주인수권행사가액ㆍ교환가액의조정(안내공시)              ,20260929,20260929800854,Y,"신주인수권,신주인수권행사",3,False
047400,유니온머티리얼,투자유의안내              (관리종목지정 우려 예고),20260929,20260929800688,Y,관리종목,2,False
069640,한세엠케이,임원ㆍ주요주주특정증권등소유상황보고서,20260929,20260929000542,Y,주요주주변동,1,False
161000,애경케미칼,주식등의대량보유상황보고서(일반),20260929,20260929000541,Y,대량보유,1,False
012030,DB,임원ㆍ주요주주특정증권등소유상황보고서,20260929,20260929000537,Y,주요주주변동,1,False
089590,제주항공,주식등의대량보유상황보고서(일반),20260929,20260929000536,Y,대량보유,1,False
012030,DB,주식등의대량보유상황보고서(일반),20260929,20260929000518,Y,대량보유,1,False
000990,DB하이텍,주식등의대량보유상황보고서(일반),20260929,20260929000501,Y,대량보유,1,False
016610,DB증권,임원ㆍ주요주주특정증권등소유상황보고서,20260929,20260929000477,Y,주요주주변동,1,False
016610,DB증권,임원ㆍ주요주주특정증권등소유상황보고서,20260929,20260929000476,Y,주요주주변동,1,False
016610,DB증권,임원ㆍ주요주주특정증권등소유상황보고서,20260929,20260929000472,Y,주요주주변동,1,False
016610,DB증권,임원ㆍ주요주주특정증권등소유상황보고서,20260929,20260929000467,Y,주요주주변동,1,False
251270,넷마블,임원ㆍ주요주주특정증권등소유상황보고서,20260929,20260929000454,Y,주요주주변동,1,False
015760,한국전력공사,임원ㆍ주요주주특정증권등소유상황보고서,20260929,20260929000415,Y,주요주주변동,1,False
000430,대원강업,임원ㆍ주요주주특정증권등소유상황보고서,20260929,20260929000409,Y,주요주주변동,1,False
000430,대원강업,주식등의대량보유상황보고서(일반),20260929,20260929000406,Y,대량보유,1,False
002420,우양피앤엘,임원ㆍ주요주주특정증권등소유상황보고서,20260929,20260929000375,Y,주요주주변동,1,False
051910,LG화학,임원ㆍ주요주주특정증권등소유상황보고서,20260929,20260929000342,Y,주요주주변동,1,False
010580,에스엠벡셀,주식등의대량보유상황보고서(일반),20260929,20260929000267,Y,대량보유,1,False
011300,우성머티리얼스,유상증자또는주식관련사채등의발행결과(자율공시)              ,20260929,20260929800344,Y,유상증자,3,False
011810,STX,임원ㆍ주요주주특정증권등소유상황보고서,20260929,20260929000208,Y,주요주주변동,1,False
011810,STX,주식등의대량보유상황보고서(일반),20260929,20260929000202,Y,대량보유,1,False
004970,신라교역,주식등의대량보유상황보고서(일반),20260929,20260929000180,Y,대량보유,1,False
128940,한미약품,임원ㆍ주요주주특정증권등소유상황보고서,20260929,20260929000085,Y,주요주주변동,1,False
004410,서울식품공업,임원ㆍ주요주주특정증권등소유상황보고서,20260929,20260929000021,Y,주요주주변동,1,False
001420,태원물산,임원ㆍ주요주주특정증권등소유상황보고서,20260928,20260928000386,Y,주요주주변동,1,False
001420,태원물산,주식등의대량보유상황보고서(일반),20260928,20260928000385,Y,대량보유,1,False
105630,한세실업,주식등의대량보유상황보고서(일반),20260928,20260928000358,Y,대량보유,1,False
016450,한세예스24홀딩스,주식등의대량보유상황보고서(일반),20260928,20260928000356,Y,대량보유,1,False
004410,서울식품공업,투자유의안내              (우선주 시가총액요건 미달로 인한 상장폐지 우려 예고),20260928,20260928800678,Y,상장폐지위험,3,False
002360,SH에너지화학,투자유의안내              (시가총액요건 미달로 인한 상장폐지 우려 예고),20260928,20260928800660,Y,상장폐지위험,3,False
011300,우성머티리얼스,주식등의대량보유상황보고서(일반),20260928,20260928000353,Y,대량보유,1,False
118000,메타케어,주요사항보고서(자기전환사채만기전취득결정),20260928,20260928000334,Y,CB,2,False
001380,SG글로벌,투자유의안내              (관리종목지정 우려 예고),20260928,20260928800657,Y,관리종목,2,False
005110,한창,기타시장안내              (상장폐지결정 효력정지 가처분 신청 기각결정에 따른 정리매매절차 재개),20260928,20260928800503,Y,상장폐지위험,3,False
102460,이연제약,주식등의대량보유상황보고서(일반),20260928,20260928000328,Y,대량보유,1,False
005420,코스모화학,주식등의대량보유상황보고서(일반),20260928,20260928000311,Y,대량보유,1,False
102460,이연제약,주요사항보고서(자기전환사채만기전취득결정),20260928,20260928000281,Y,CB,2,False
005940,NH투자증권,임원ㆍ주요주주특정증권등소유상황보고서,20260928,20260928000293,Y,주요주주변동,1,False
023960,에쓰씨엔지니어링,전환가액ㆍ신주인수권행사가액ㆍ교환가액의조정(안내공시)              ,20260928,20260928800436,Y,"신주인수권,신주인수권행사",3,False
023960,에쓰씨엔지니어링,전환가액ㆍ신주인수권행사가액ㆍ교환가액의조정(안내공시)              ,20260928,20260928800427,Y,"신주인수권,신주인수권행사",3,False
001080,만호제강,임원ㆍ주요주주특정증권등소유상황보고서,20260928,20260928000213,Y,주요주주변동,1,False
084010,대한제강,주식등의대량보유상황보고서(일반),20260928,20260928000206,Y,대량보유,1,False
005070,코스모신소재,주식등의대량보유상황보고서(일반),20260928,20260928000201,Y,대량보유,1,False
002450,삼익악기,주식등의대량보유상황보고서(일반),20260928,20260928000169,Y,대량보유,1,False
011300,우성머티리얼스,유상증자또는주식관련사채등의발행결과(자율공시)              ,20260928,20260928800199,Y,유상증자,3,False
002840,미원상사,임원ㆍ주요주주특정증권등소유상황보고서,20260928,20260928000118,Y,주요주주변동,1,False
017180,명문제약,임원ㆍ주요주주특정증권등소유상황보고서,20260928,20260928000056,Y,주요주주변동,1,False
001270,부국증권,임원ㆍ주요주주특정증권등소유상황보고서,20260923,20260923000632,Y,주요주주변동,1,False
008930,한미사이언스,주식등의대량보유상황보고서(일반),20260923,20260923000630,Y,대량보유,1,False
001270,부국증권,주식등의대량보유상황보고서(일반),20260923,20260923000629,Y,대량보유,1,False
039490,키움증권,주식등의대량보유상황보고서(약식),20260923,20260923000623,Y,대량보유,1,False
005250,녹십자홀딩스,주식등의대량보유상황보고서(일반),20260923,20260923000612,Y,대량보유,1,False
002720,국제약품,주식등의대량보유상황보고서(일반),20260923,20260923000567,Y,대량보유,1,False
357120,코람코라이프인프라리츠,임원ㆍ주요주주특정증권등소유상황보고서,20260923,20260923000563,Y,주요주주변동,1,False
334890,이지스밸류플러스리츠,임원ㆍ주요주주특정증권등소유상황보고서,20260923,20260923000562,Y,주요주주변동,1,False
293940,신한알파리츠,임원ㆍ주요주주특정증권등소유상황보고서,20260923,20260923000561,Y,주요주주변동,1,False
357250,미래에셋맵스리츠,임원ㆍ주요주주특정증권등소유상황보고서,20260923,20260923000559,Y,주요주주변동,1,False
330590,롯데리츠,임원ㆍ주요주주특정증권등소유상황보고서,20260923,20260923000557,Y,주요주주변동,1,False
007570,일양약품,주식등의대량보유상황보고서(일반),20260923,20260923000556,Y,대량보유,1,False
365550,ESR켄달스퀘어리츠,임원ㆍ주요주주특정증권등소유상황보고서,20260923,20260923000555,Y,주요주주변동,1,False
451800,한화리츠,임원ㆍ주요주주특정증권등소유상황보고서,20260923,20260923000554,Y,주요주주변동,1,False
448730,삼성FN리츠,임원ㆍ주요주주특정증권등소유상황보고서,20260923,20260923000552,Y,주요주주변동,1,False
417310,코람코더원리츠,임원ㆍ주요주주특정증권등소유상황보고서,20260923,20260923000551,Y,주요주주변동,1,False
404990,신한서부티엔디리츠,임원ㆍ주요주주특정증권등소유상황보고서,20260923,20260923000550,Y,주요주주변동,1,False
396690,미래에셋글로벌리츠,임원ㆍ주요주주특정증권등소유상황보고서,20260923,20260923000549,Y,주요주주변동,1,False
395400,SK리츠,임원ㆍ주요주주특정증권등소유상황보고서,20260923,20260923000548,Y,주요주주변동,1,False
377190,디앤디플랫폼리츠,임원ㆍ주요주주특정증권등소유상황보고서,20260923,20260923000547,Y,주요주주변동,1,False
012450,한화에어로스페이스,주식등의대량보유상황보고서(일반),20260923,20260923000545,Y,대량보유,1,False
088350,한화생명,주식등의대량보유상황보고서(일반),20260923,20260923000540,Y,대량보유,1,False
007570,일양약품,주식등의대량보유상황보고서(일반),20260923,20260923000538,Y,대량보유,1,False
068270,셀트리온,주식등의대량보유상황보고서(일반),20260923,20260923000534,Y,대량보유,1,False
007570,일양약품,임원ㆍ주요주주특정증권등소유상황보고서,20260923,20260923000533,Y,주요주주변동,1,False
007570,일양약품,임원ㆍ주요주주특정증권등소유상황보고서,20260923,20260923000527,Y,주요주주변동,1,False
003060,에이프로젠바이오로직스,유상증자또는주식관련사채등의발행결과(자율공시)              ,20260923,20260923800575,Y,유상증자,3,False
001210,금호전기,주식등의대량보유상황보고서(일반),20260923,20260923000523,Y,대량보유,1,False
001210,금호전기,임원ㆍ주요주주특정증권등소유상황보고서,20260923,20260923000519,Y,주요주주변동,1,False
251270,넷마블,임원ㆍ주요주주특정증권등소유상황보고서,20260923,20260923000514,Y,주요주주변동,1,False
001210,금호전기,임원ㆍ주요주주특정증권등소유상황보고서,20260923,20260923000513,Y,주요주주변동,1,False
001210,금호전기,임원ㆍ주요주주특정증권등소유상황보고서,20260923,20260923000510,Y,주요주주변동,1,False
251270,넷마블,주식등의대량보유상황보고서(일반),20260923,20260923000509,Y,대량보유,1,False
000150,두산,임원ㆍ주요주주특정증권등소유상황보고서,20260923,20260923000504,Y,주요주주변동,1,False
016740,두올,임원ㆍ주요주주특정증권등소유상황보고서,20260923,20260923000501,Y,주요주주변동,1,False
259960,크래프톤,주식등의대량보유상황보고서(일반),20260923,20260923000499,Y,대량보유,1,False
005950,이수화학,주식등의대량보유상황보고서(일반),20260923,20260923000497,Y,대량보유,1,False
002880,디와이에이,주식등의대량보유상황보고서(일반),20260923,20260923000496,Y,대량보유,1,False
000150,두산,임원ㆍ주요주주특정증권등소유상황보고서,20260923,20260923000490,Y,주요주주변동,1,False
457190,이수스페셜티케미컬,주식등의대량보유상황보고서(일반),20260923,20260923000485,Y,대량보유,1,False
002880,디와이에이,임원ㆍ주요주주특정증권등소유상황보고서,20260923,20260923000479,Y,주요주주변동,1,False
002880,디와이에이,임원ㆍ주요주주특정증권등소유상황보고서,20260923,20260923000476,Y,주요주주변동,1,False
007460,에이프로젠,[기재정정]주요사항보고서(유상증자결정)(자회사의 주요경영사항)              ,20260923,20260923800439,Y,유상증자,3,False
007460,에이프로젠,주식등의대량보유상황보고서(일반),20260923,20260923000444,Y,대량보유,1,False
003060,에이프로젠바이오로직스,[기재정정]주요사항보고서(유상증자결정),20260923,20260923000418,Y,유상증자,3,False
015590,DKME,임원ㆍ주요주주특정증권등소유상황보고서,20260923,20260923000364,Y,주요주주변동,1,False
003580,HLB글로벌,유상증자또는주식관련사채등의발행결과(자율공시)              ,20260923,20260923800326,Y,유상증자,3,False
007460,에이프로젠,유상증자또는주식관련사채등의발행결과(자율공시)              ,20260923,20260923800209,Y,유상증자,3,False
317400,자이에스앤디,주식등의대량보유상황보고서(약식),20260923,20260923000221,Y,대량보유,1,False
090430,아모레퍼시픽,임원ㆍ주요주주특정증권등소유상황보고서,20260923,20260923000194,Y,주요주주변동,1,False
090430,아모레퍼시픽,임원ㆍ주요주주특정증권등소유상황보고서,20260923,20260923000188,Y,주요주주변동,1,False
090430,아모레퍼시픽,임원ㆍ주요주주특정증권등소유상황보고서,20260923,20260923000184,Y,주요주주변동,1,False
090430,아모레퍼시픽,임원ㆍ주요주주특정증권등소유상황보고서,20260923,20260923000179,Y,주요주주변동,1,False
090430,아모레퍼시픽,임원ㆍ주요주주특정증권등소유상황보고서,20260923,20260923000177,Y,주요주주변동,1,False
090430,아모레퍼시픽,임원ㆍ주요주주특정증권등소유상황보고서,20260923,20260923000172,Y,주요주주변동,1,False
090430,아모레퍼시픽,임원ㆍ주요주주특정증권등소유상황보고서,20260923,20260923000166,Y,주요주주변동,1,False
090430,아모레퍼시픽,임원ㆍ주요주주특정증권등소유상황보고서,20260923,20260923000159,Y,주요주주변동,1,False
090430,아모레퍼시픽,임원ㆍ주요주주특정증권등소유상황보고서,20260923,20260923000155,Y,주요주주변동,1,False
090430,아모레퍼시픽,임원ㆍ주요주주특정증권등소유상황보고서,20260923,20260923000151,Y,주요주주변동,1,False
090430,아모레퍼시픽,임원ㆍ주요주주특정증권등소유상황보고서,20260923,20260923000142,Y,주요주주변동,1,False
090430,아모레퍼시픽,임원ㆍ주요주주특정증권등소유상황보고서,20260923,20260923000128,Y,주요주주변동,1,False
090430,아모레퍼시픽,임원ㆍ주요주주특정증권등소유상황보고서,20260923,20260923000121,Y,주요주주변동,1,False
008350,남선알미늄,주식등의대량보유상황보고서(일반),20260923,20260922000544,Y,대량보유,1,False
348950,제이알글로벌리츠,투자유의안내              (상장폐지 기준 해당),20260922,20260922800678,Y,상장폐지위험,3,False
072710,농심홀딩스,주식등의대량보유상황보고서(일반),20260922,20260922000531,Y,대량보유,1,False
002410,범양건영,기타경영사항(자율공시)              (상장폐지결정 등 효력정지 가처분 신청),20260922,20260922800619,Y,상장폐지위험,3,False
005930,삼성전자,임원ㆍ주요주주특정증권등소유상황보고서,20260922,20260922000524,Y,주요주주변동,1,False
005360,모나미,투자유의안내              (관리종목지정 우려 예고),20260922,20260922800613,Y,관리종목,2,False
069640,한세엠케이,임원ㆍ주요주주특정증권등소유상황보고서,20260922,20260922000504,Y,주요주주변동,1,False
005830,DB손해보험,주식등의대량보유상황보고서(일반),20260922,20260922000500,Y,대량보유,1,False
016450,한세예스24홀딩스,주요사항보고서(자기주식처분결정)(자회사의 주요경영사항)              ,20260922,20260922800583,Y,자사주처분,2,False
069640,한세엠케이,주요사항보고서(자기주식처분결정),20260922,20260922000489,Y,자사주처분,2,False
010130,고려아연,[기재정정]유상증자결정(종속회사의주요경영사항)              ,20260922,20260922800521,Y,유상증자,3,False
000220,유유제약,전환가액ㆍ신주인수권행사가액ㆍ교환가액의조정(안내공시)              ,20260922,20260922800523,Y,"신주인수권,신주인수권행사",3,False
003300,한일홀딩스,임원ㆍ주요주주특정증권등소유상황보고서,20260922,20260922000445,Y,주요주주변동,1,False
008730,율촌화학,주식등의대량보유상황보고서(일반),20260922,20260922000433,Y,대량보유,1,False
006490,프리티,[기재정정]주요사항보고서(유상증자결정),20260922,20260922000386,Y,유상증자,3,False
011090,에넥스,주식등의대량보유상황보고서(일반),20260922,20260922000394,Y,대량보유,1,False
044450,KSS해운,임원ㆍ주요주주특정증권등소유상황보고서,20260922,20260922000375,Y,주요주주변동,1,False
000660,SK하이닉스,임원ㆍ주요주주특정증권등소유상황보고서,20260922,20260922000361,Y,주요주주변동,1,False
181710,NHN,주식등의대량보유상황보고서(일반),20260922,20260922000328,Y,대량보유,1,False
008870,금비,임원ㆍ주요주주특정증권등소유상황보고서,20260922,20260922000325,Y,주요주주변동,1,False
139480,이마트,[기재정정]감자결정(종속회사의주요경영사항)              ,20260922,20260922800334,Y,감자,3,False
011300,우성머티리얼스,[기재정정]주요사항보고서(유상증자결정),20260922,20260922000245,Y,유상증자,3,False
137310,에스디바이오센서,임원ㆍ주요주주특정증권등소유상황보고서,20260922,20260922000250,Y,주요주주변동,1,False
070960,모나용평,임원ㆍ주요주주특정증권등소유상황보고서,20260922,20260922000244,Y,주요주주변동,1,False
134380,미원화학,임원ㆍ주요주주특정증권등소유상황보고서,20260922,20260922000123,Y,주요주주변동,1,False
004410,서울식품공업,임원ㆍ주요주주특정증권등소유상황보고서,20260922,20260922000047,Y,주요주주변동,1,False
017180,명문제약,임원ㆍ주요주주특정증권등소유상황보고서,20260922,20260922000046,Y,주요주주변동,1,False
480370,씨케이솔루션,임원ㆍ주요주주특정증권등소유상황보고서,20260922,20260922000040,Y,주요주주변동,1,False
006340,대원전선,임원ㆍ주요주주특정증권등소유상황보고서,20260922,20260922000009,Y,주요주주변동,1,False
028670,팬오션,주식등의대량보유상황보고서(일반),20260922,20260921000426,Y,대량보유,1,False
357120,코람코라이프인프라리츠,주요사항보고서(자기전환사채만기전취득결정),20260922,20260921000433,Y,CB,2,False
357120,코람코라이프인프라리츠,주요사항보고서(자기전환사채만기전취득결정),20260922,20260921000432,Y,CB,2,False
357120,코람코라이프인프라리츠,주요사항보고서(전환사채권발행결정),20260922,20260921000428,Y,"CB,CB발행",2,False
357120,코람코라이프인프라리츠,주요사항보고서(전환사채권발행결정),20260922,20260921000425,Y,"CB,CB발행",2,False
005030,부산주공,기타시장안내              (상장폐지결정 효력정지 가처분 신청 기각결정에 따른 정리매매절차 재개),20260921,20260921800559,Y,상장폐지위험,3,False
071950,코아스,[기재정정]주요사항보고서(자기전환사채매도결정),20260921,20260921000375,Y,CB,2,False
071950,코아스,[기재정정]주요사항보고서(자기신주인수권부사채매도결정),20260921,20260921000363,Y,"BW,신주인수권",2,False
071950,코아스,[기재정정]주요사항보고서(자기신주인수권부사채만기전취득결정),20260921,20260921000361,Y,"BW,신주인수권",2,False
071950,코아스,[기재정정]주요사항보고서(자기전환사채만기전취득결정),20260921,20260921000355,Y,CB,2,False
007460,에이프로젠,[기재정정]주요사항보고서(전환사채권발행결정),20260921,20260921000320,Y,"CB,CB발행",2,False
005380,현대자동차,임원ㆍ주요주주특정증권등소유상황보고서,20260921,20260921000336,Y,주요주주변동,1,False
011300,우성머티리얼스,[기재정정]주요사항보고서(유상증자결정),20260921,20260921000303,Y,유상증자,3,False
011810,STX,최대주주변경              ,20260921,20260921800442,Y,최대주주변경,2,False
011810,STX,최대주주등소유주식변동신고서(최대주주변경시)              ,20260921,20260921800460,Y,최대주주변경,2,False
003850,보령,주식등의대량보유상황보고서(일반),20260921,20260921000304,Y,대량보유,1,False
016610,DB증권,임원ㆍ주요주주특정증권등소유상황보고서,20260921,20260921000300,Y,주요주주변동,1,False
004920,씨아이테크,주식등의대량보유상황보고서(일반),20260921,20260921000299,Y,대량보유,1,False
016610,DB증권,주식등의대량보유상황보고서(일반),20260921,20260921000288,Y,대량보유,1,False
111110,호전실업,주식등의대량보유상황보고서(일반),20260921,20260921000255,Y,대량보유,1,False
010580,에스엠벡셀,임원ㆍ주요주주특정증권등소유상황보고서,20260921,20260921000250,Y,주요주주변동,1,False
012170,아센디오,[기재정정]주요사항보고서(유상증자결정),20260921,20260921000240,Y,유상증자,3,False
001210,금호전기,전환가액ㆍ신주인수권행사가액ㆍ교환가액의조정(안내공시)              ,20260921,20260921800353,Y,"신주인수권,신주인수권행사",3,False
001210,금호전기,유상증자또는주식관련사채등의발행결과(자율공시)              ,20260921,20260921800325,Y,유상증자,3,False
086790,하나금융지주,임원ㆍ주요주주특정증권등소유상황보고서,20260921,20260921000197,Y,주요주주변동,1,False
005490,POSCO홀딩스,임원ㆍ주요주주특정증권등소유상황보고서,20260921,20260921000148,Y,주요주주변동,1,False
023450,동남합성,주식등의대량보유상황보고서(일반),20260921,20260921000135,Y,대량보유,1,False
109070,주성코퍼레이션,주식등의대량보유상황보고서(일반),20260921,20260921000125,Y,대량보유,1,False
448730,삼성FN리츠,유상증자신주발행가액(안내공시)              ,20260921,20260921800156,Y,유상증자,3,False
010580,에스엠벡셀,주식등의대량보유상황보고서(일반),20260921,20260921000090,Y,대량보유,1,False
448730,삼성FN리츠,[기재정정]주요사항보고서(유상증자결정),20260921,20260921000086,Y,유상증자,3,False
109070,주성코퍼레이션,임원ㆍ주요주주특정증권등소유상황보고서,20260921,20260921000087,Y,주요주주변동,1,False
001270,부국증권,임원ㆍ주요주주특정증권등소유상황보고서,20260918,20260918000495,Y,주요주주변동,1,False
006800,미래에셋증권,임원ㆍ주요주주특정증권등소유상황보고서,20260918,20260918000487,Y,주요주주변동,1,False
093240,형지엘리트,임원ㆍ주요주주특정증권등소유상황보고서,20260918,20260918000483,Y,주요주주변동,1,False
044380,주연테크,임원ㆍ주요주주특정증권등소유상황보고서,20260918,20260918000480,Y,주요주주변동,1,False
044380,주연테크,주식등의대량보유상황보고서(일반),20260918,20260918000478,Y,대량보유,1,False
210980,SK디앤디,임원ㆍ주요주주특정증권등소유상황보고서,20260918,20260918000475,Y,주요주주변동,1,False
003350,한국화장품제조,전환청구권ㆍ신주인수권ㆍ교환청구권행사              ,20260918,20260918800728,Y,"교환청구,신주인수권,전환청구",3,False
003580,HLB글로벌,임원ㆍ주요주주특정증권등소유상황보고서,20260918,20260918000468,Y,주요주주변동,1,False
011300,우성머티리얼스,[기재정정]주요사항보고서(유상증자결정),20260918,20260918000457,Y,유상증자,3,False
272210,한화시스템,주식등의대량보유상황보고서(일반),20260918,20260918000462,Y,대량보유,1,False
107590,미원홀딩스,주식등의대량보유상황보고서(일반),20260918,20260918000461,Y,대량보유,1,False
032350,롯데관광개발,주식등의대량보유상황보고서(일반),20260918,20260918000456,Y,대량보유,1,False
001270,부국증권,주식등의대량보유상황보고서(일반),20260918,20260918000454,Y,대량보유,1,False
004250,엔피씨,주식등의대량보유상황보고서(일반),20260918,20260918000452,Y,대량보유,1,False
093050,LF,주식등의대량보유상황보고서(일반),20260918,20260918000451,Y,대량보유,1,False
002020,코오롱,주식등의대량보유상황보고서(일반),20260918,20260918000450,Y,대량보유,1,False
004890,동일산업,주식등의대량보유상황보고서(일반),20260918,20260918000446,Y,대량보유,1,False
011300,우성머티리얼스,[기재정정]주요사항보고서(유상증자결정),20260918,20260918000407,Y,유상증자,3,False
011300,우성머티리얼스,[기재정정]주요사항보고서(유상증자결정),20260918,20260918000391,Y,유상증자,3,False
003580,HLB글로벌,전환가액ㆍ신주인수권행사가액ㆍ교환가액의조정(안내공시)              ,20260918,20260918800602,Y,"신주인수권,신주인수권행사",3,False
079160,CJ CGV,감자결정(종속회사의주요경영사항)              ,20260918,20260918800534,Y,감자,3,False
377300,카카오페이,임원ㆍ주요주주특정증권등소유상황보고서,20260918,20260918000364,Y,주요주주변동,1,False
006370,대구백화점,주식등의대량보유상황보고서(일반),20260918,20260918000340,Y,대량보유,1,False
035720,카카오,임원ㆍ주요주주특정증권등소유상황보고서,20260918,20260918000338,Y,주요주주변동,1,False
000150,두산,주식등의대량보유상황보고서(일반),20260918,20260918000335,Y,대량보유,1,False
097520,엠씨넥스,임원ㆍ주요주주특정증권등소유상황보고서,20260918,20260918000334,Y,주요주주변동,1,False
035720,카카오,임원ㆍ주요주주특정증권등소유상황보고서,20260918,20260918000328,Y,주요주주변동,1,False
134380,미원화학,주식등의대량보유상황보고서(일반),20260918,20260918000316,Y,대량보유,1,False
013700,까뮤이앤씨,주식등의대량보유상황보고서(일반),20260918,20260918000283,Y,대량보유,1,False
004140,동방,임원ㆍ주요주주특정증권등소유상황보고서,20260918,20260918000264,Y,주요주주변동,1,False
005930,삼성전자,임원ㆍ주요주주특정증권등소유상황보고서,20260918,20260918000212,Y,주요주주변동,1,False
005930,삼성전자,임원ㆍ주요주주특정증권등소유상황보고서,20260918,20260918000191,Y,주요주주변동,1,False
012200,계양전기,주식등의대량보유상황보고서(일반),20260918,20260918000109,Y,대량보유,1,False
012200,계양전기,임원ㆍ주요주주특정증권등소유상황보고서,20260918,20260918000108,Y,주요주주변동,1,False
012200,계양전기,임원ㆍ주요주주특정증권등소유상황보고서,20260918,20260918000107,Y,주요주주변동,1,False
012200,계양전기,임원ㆍ주요주주특정증권등소유상황보고서,20260918,20260918000106,Y,주요주주변동,1,False
012200,계양전기,임원ㆍ주요주주특정증권등소유상황보고서,20260918,20260918000105,Y,주요주주변동,1,False
109070,주성코퍼레이션,유상증자또는주식관련사채등의발행결과(자율공시)              ,20260918,20260918800094,Y,유상증자,3,False
000720,현대건설,임원ㆍ주요주주특정증권등소유상황보고서,20260918,20260918000044,Y,주요주주변동,1,False
002630,오리엔트바이오,임원ㆍ주요주주특정증권등소유상황보고서,20260917,20260917000339,Y,주요주주변동,1,False
025890,한국주강,투자유의안내              (관리종목지정 우려 예고),20260917,20260917800503,Y,관리종목,2,False
002630,오리엔트바이오,임원ㆍ주요주주특정증권등소유상황보고서,20260917,20260917000334,Y,주요주주변동,1,False
006490,프리티,주요사항보고서(감자결정),20260917,20260917000315,Y,감자,3,False
002630,오리엔트바이오,임원ㆍ주요주주특정증권등소유상황보고서,20260917,20260917000326,Y,주요주주변동,1,False
002880,디와이에이,주식등의대량보유상황보고서(일반),20260917,20260917000312,Y,대량보유,1,False
003200,일신방직,주식등의대량보유상황보고서(일반),20260917,20260917000297,Y,대량보유,1,False
002880,디와이에이,주식등의대량보유상황보고서(일반),20260917,20260917000295,Y,대량보유,1,False
381970,KG모빌리티플랫폼,임원ㆍ주요주주특정증권등소유상황보고서,20260917,20260917000292,Y,주요주주변동,1,False
381970,KG모빌리티플랫폼,임원ㆍ주요주주특정증권등소유상황보고서,20260917,20260917000290,Y,주요주주변동,1,False
002880,디와이에이,주식등의대량보유상황보고서(일반),20260917,20260917000286,Y,대량보유,1,False
033250,체시스,주식등의대량보유상황보고서(일반),20260917,20260917000282,Y,대량보유,1,False
010130,고려아연,주식등의대량보유상황보고서(일반),20260917,20260917000266,Y,대량보유,1,False
002880,디와이에이,임원ㆍ주요주주특정증권등소유상황보고서,20260917,20260917000265,Y,주요주주변동,1,False
002880,디와이에이,임원ㆍ주요주주특정증권등소유상황보고서,20260917,20260917000263,Y,주요주주변동,1,False
002070,비비안,전환가액ㆍ신주인수권행사가액ㆍ교환가액의조정(안내공시)              ,20260917,20260917800396,Y,"신주인수권,신주인수권행사",3,False
008730,율촌화학,주식등의대량보유상황보고서(일반),20260917,20260917000259,Y,대량보유,1,False
155660,DSR,임원ㆍ주요주주특정증권등소유상황보고서,20260917,20260917000254,Y,주요주주변동,1,False
035420,NAVER,임원ㆍ주요주주특정증권등소유상황보고서,20260917,20260917000248,Y,주요주주변동,1,False
035420,NAVER,임원ㆍ주요주주특정증권등소유상황보고서,20260917,20260917000239,Y,주요주주변동,1,False
011300,우성머티리얼스,주요사항보고서(자기전환사채만기전취득결정),20260917,20260917000225,Y,CB,2,False
145270,케이탑리츠,주식등의대량보유상황보고서(일반),20260917,20260917000237,Y,대량보유,1,False
035420,NAVER,임원ㆍ주요주주특정증권등소유상황보고서,20260917,20260917000236,Y,주요주주변동,1,False
090430,아모레퍼시픽,임원ㆍ주요주주특정증권등소유상황보고서,20260917,20260917000185,Y,주요주주변동,1,False
036570,NC,임원ㆍ주요주주특정증권등소유상황보고서,20260917,20260917000184,Y,주요주주변동,1,False
006650,대한유화,임원ㆍ주요주주특정증권등소유상황보고서,20260917,20260917000183,Y,주요주주변동,1,False
134380,미원화학,임원ㆍ주요주주특정증권등소유상황보고서,20260917,20260917000157,Y,주요주주변동,1,False
109070,주성코퍼레이션,[기재정정]주요사항보고서(유상증자결정),20260917,20260917000132,Y,유상증자,3,False
109070,주성코퍼레이션,[기재정정]주요사항보고서(전환사채권발행결정),20260917,20260917000125,Y,"CB,CB발행",2,False
483650,달바글로벌,주식등의대량보유상황보고서(약식),20260917,20260917000116,Y,대량보유,1,False
005930,삼성전자,임원ㆍ주요주주특정증권등소유상황보고서,20260917,20260917000097,Y,주요주주변동,1,False
036460,한국가스공사,임원ㆍ주요주주특정증권등소유상황보고서,20260917,20260917000095,Y,주요주주변동,1,False
071950,코아스,주식등의대량보유상황보고서(약식),20260917,20260917000092,Y,대량보유,1,False
001060,JW중외제약,주식등의대량보유상황보고서(일반),20260917,20260917000055,Y,대량보유,1,False
001060,JW중외제약,임원ㆍ주요주주특정증권등소유상황보고서,20260917,20260917000035,Y,주요주주변동,1,False
105840,우진,주식등의대량보유상황보고서(일반),20260917,20260917000030,Y,대량보유,1,False
026890,스틱인베스트먼트,임원ㆍ주요주주특정증권등소유상황보고서,20260917,20260917000021,Y,주요주주변동,1,False
006340,대원전선,임원ㆍ주요주주특정증권등소유상황보고서,20260917,20260917000002,Y,주요주주변동,1,False
011300,우성머티리얼스,[기재정정]주요사항보고서(유상증자결정),20260916,20260916000546,Y,유상증자,3,False
011810,STX,주요사항보고서(유상증자결정),20260916,20260916000543,Y,유상증자,3,False
044380,주연테크,투자유의안내              (시가총액요건 미달로 인한 상장폐지 우려 예고),20260916,20260916800654,Y,상장폐지위험,3,False
011810,STX,주요사항보고서(감자결정),20260916,20260916000539,Y,감자,3,False
011810,STX,주요사항보고서(유상증자결정),20260916,20260916000537,Y,유상증자,3,False
001270,부국증권,주식등의대량보유상황보고서(일반),20260916,20260916000529,Y,대량보유,1,False
006740,블루산업개발,주식등의대량보유상황보고서(일반),20260916,20260916000523,Y,대량보유,1,False
010780,아이에스동서,주식등의대량보유상황보고서(일반),20260916,20260916000519,Y,대량보유,1,False
268280,미원에스씨,주식등의대량보유상황보고서(일반),20260916,20260916000501,Y,대량보유,1,False
031820,아이티센씨티에스,유상증자또는주식관련사채등의발행결과(자율공시)              ,20260916,20260916800517,Y,유상증자,3,False
381970,KG모빌리티플랫폼,주식등의대량보유상황보고서(일반),20260916,20260916000475,Y,대량보유,1,False
011090,에넥스,주식등의대량보유상황보고서(일반),20260916,20260916000425,Y,대량보유,1,False
004150,한솔홀딩스,주식등의대량보유상황보고서(일반),20260916,20260916000422,Y,대량보유,1,False
004150,한솔홀딩스,임원ㆍ주요주주특정증권등소유상황보고서,20260916,20260916000410,Y,주요주주변동,1,False
000430,대원강업,임원ㆍ주요주주특정증권등소유상황보고서,20260916,20260916000397,Y,주요주주변동,1,False
000430,대원강업,주식등의대량보유상황보고서(일반),20260916,20260916000395,Y,대량보유,1,False
357120,코람코라이프인프라리츠,임원ㆍ주요주주특정증권등소유상황보고서,20260916,20260916000372,Y,주요주주변동,1,False
334890,이지스밸류플러스리츠,임원ㆍ주요주주특정증권등소유상황보고서,20260916,20260916000371,Y,주요주주변동,1,False
293940,신한알파리츠,임원ㆍ주요주주특정증권등소유상황보고서,20260916,20260916000370,Y,주요주주변동,1,False
357250,미래에셋맵스리츠,임원ㆍ주요주주특정증권등소유상황보고서,20260916,20260916000369,Y,주요주주변동,1,False
330590,롯데리츠,임원ㆍ주요주주특정증권등소유상황보고서,20260916,20260916000368,Y,주요주주변동,1,False
365550,ESR켄달스퀘어리츠,임원ㆍ주요주주특정증권등소유상황보고서,20260916,20260916000367,Y,주요주주변동,1,False
451800,한화리츠,임원ㆍ주요주주특정증권등소유상황보고서,20260916,20260916000366,Y,주요주주변동,1,False
448730,삼성FN리츠,임원ㆍ주요주주특정증권등소유상황보고서,20260916,20260916000365,Y,주요주주변동,1,False
417310,코람코더원리츠,임원ㆍ주요주주특정증권등소유상황보고서,20260916,20260916000364,Y,주요주주변동,1,False
404990,신한서부티엔디리츠,임원ㆍ주요주주특정증권등소유상황보고서,20260916,20260916000363,Y,주요주주변동,1,False
396690,미래에셋글로벌리츠,임원ㆍ주요주주특정증권등소유상황보고서,20260916,20260916000362,Y,주요주주변동,1,False
395400,SK리츠,임원ㆍ주요주주특정증권등소유상황보고서,20260916,20260916000361,Y,주요주주변동,1,False
377190,디앤디플랫폼리츠,임원ㆍ주요주주특정증권등소유상황보고서,20260916,20260916000360,Y,주요주주변동,1,False
128820,대성산업,감자결정(종속회사의주요경영사항)              ,20260916,20260916800322,Y,감자,3,False
044820,코스맥스비티아이,주식등의대량보유상황보고서(일반),20260916,20260916000325,Y,대량보유,1,False
090430,아모레퍼시픽,임원ㆍ주요주주특정증권등소유상황보고서,20260916,20260916000321,Y,주요주주변동,1,False
090430,아모레퍼시픽,임원ㆍ주요주주특정증권등소유상황보고서,20260916,20260916000314,Y,주요주주변동,1,False
090430,아모레퍼시픽,임원ㆍ주요주주특정증권등소유상황보고서,20260916,20260916000310,Y,주요주주변동,1,False
090430,아모레퍼시픽,임원ㆍ주요주주특정증권등소유상황보고서,20260916,20260916000308,Y,주요주주변동,1,False
090430,아모레퍼시픽,임원ㆍ주요주주특정증권등소유상황보고서,20260916,20260916000294,Y,주요주주변동,1,False
090430,아모레퍼시픽,임원ㆍ주요주주특정증권등소유상황보고서,20260916,20260916000286,Y,주요주주변동,1,False
002840,미원상사,주식등의대량보유상황보고서(일반),20260916,20260916000284,Y,대량보유,1,False
090430,아모레퍼시픽,임원ㆍ주요주주특정증권등소유상황보고서,20260916,20260916000275,Y,주요주주변동,1,False
090430,아모레퍼시픽,임원ㆍ주요주주특정증권등소유상황보고서,20260916,20260916000267,Y,주요주주변동,1,False
002790,아모레퍼시픽홀딩스,임원ㆍ주요주주특정증권등소유상황보고서,20260916,20260916000262,Y,주요주주변동,1,False
090430,아모레퍼시픽,임원ㆍ주요주주특정증권등소유상황보고서,20260916,20260916000254,Y,주요주주변동,1,False
090430,아모레퍼시픽,임원ㆍ주요주주특정증권등소유상황보고서,20260916,20260916000247,Y,주요주주변동,1,False
090430,아모레퍼시픽,임원ㆍ주요주주특정증권등소유상황보고서,20260916,20260916000243,Y,주요주주변동,1,False
090430,아모레퍼시픽,임원ㆍ주요주주특정증권등소유상황보고서,20260916,20260916000236,Y,주요주주변동,1,False
090430,아모레퍼시픽,임원ㆍ주요주주특정증권등소유상황보고서,20260916,20260916000230,Y,주요주주변동,1,False
090430,아모레퍼시픽,임원ㆍ주요주주특정증권등소유상황보고서,20260916,20260916000223,Y,주요주주변동,1,False
090430,아모레퍼시픽,임원ㆍ주요주주특정증권등소유상황보고서,20260916,20260916000217,Y,주요주주변동,1,False
090430,아모레퍼시픽,임원ㆍ주요주주특정증권등소유상황보고서,20260916,20260916000214,Y,주요주주변동,1,False
090430,아모레퍼시픽,임원ㆍ주요주주특정증권등소유상황보고서,20260916,20260916000212,Y,주요주주변동,1,False
090430,아모레퍼시픽,임원ㆍ주요주주특정증권등소유상황보고서,20260916,20260916000211,Y,주요주주변동,1,False
450080,에코프로머티,주식등의대량보유상황보고서(일반),20260916,20260916000210,Y,대량보유,1,False
090430,아모레퍼시픽,임원ㆍ주요주주특정증권등소유상황보고서,20260916,20260916000205,Y,주요주주변동,1,False
090430,아모레퍼시픽,임원ㆍ주요주주특정증권등소유상황보고서,20260916,20260916000203,Y,주요주주변동,1,False
006840,AK홀딩스,[기재정정]유상증자결정(종속회사의주요경영사항)              ,20260916,20260916800191,Y,유상증자,3,False
450080,에코프로머티,임원ㆍ주요주주특정증권등소유상황보고서,20260916,20260916000200,Y,주요주주변동,1,False
090430,아모레퍼시픽,임원ㆍ주요주주특정증권등소유상황보고서,20260916,20260916000199,Y,주요주주변동,1,False
161000,애경케미칼,[기재정정]유상증자결정(종속회사의주요경영사항)              ,20260916,20260916800188,Y,유상증자,3,False
090430,아모레퍼시픽,임원ㆍ주요주주특정증권등소유상황보고서,20260916,20260916000196,Y,주요주주변동,1,False
015590,DKME,임원ㆍ주요주주특정증권등소유상황보고서,20260916,20260916000159,Y,주요주주변동,1,False
010640,진양폴리우레탄,임원ㆍ주요주주특정증권등소유상황보고서,20260916,20260916000115,Y,주요주주변동,1,False
010640,진양폴리우레탄,[기재정정]임원ㆍ주요주주특정증권등소유상황보고서,20260916,20260916000113,Y,주요주주변동,1,False
047400,유니온머티리얼,주식등의대량보유상황보고서(일반),20260916,20260916000108,Y,대량보유,1,False
047400,유니온머티리얼,임원ㆍ주요주주특정증권등소유상황보고서,20260916,20260916000104,Y,주요주주변동,1,False
035000,HS애드,임원ㆍ주요주주특정증권등소유상황보고서,20260916,20260916000077,Y,주요주주변동,1,False
006840,AK홀딩스,감자결정(종속회사의주요경영사항)              ,20260915,20260915800738,Y,감자,3,False
089590,제주항공,감자결정(종속회사의주요경영사항)              ,20260915,20260915800737,Y,감자,3,False
003470,유안타증권,임원ㆍ주요주주특정증권등소유상황보고서,20260915,20260915000393,Y,주요주주변동,1,False
001770,SHD,투자유의안내              (시가총액요건 미달로 인한 상장폐지 우려 예고),20260915,20260915800722,Y,상장폐지위험,3,False
001530,디아이동일,주식등의대량보유상황보고서(일반),20260915,20260915000365,Y,대량보유,1,False
023530,롯데쇼핑,주식등의대량보유상황보고서(일반),20260915,20260915000364,Y,대량보유,1,False
001530,디아이동일,임원ㆍ주요주주특정증권등소유상황보고서,20260915,20260915000363,Y,주요주주변동,1,False
027740,마니커,임원ㆍ주요주주특정증권등소유상황보고서,20260915,20260915000361,Y,주요주주변동,1,False
381970,KG모빌리티플랫폼,임원ㆍ주요주주특정증권등소유상황보고서,20260915,20260915000359,Y,주요주주변동,1,False
027740,마니커,주식등의대량보유상황보고서(일반),20260915,20260915000355,Y,대량보유,1,False
003850,보령,[기재정정]자기주식처분결과보고서,20260915,20260915000354,Y,자사주처분,2,False
487570,HS효성,[기재정정]주식등의대량보유상황보고서(일반),20260915,20260915000336,Y,대량보유,1,False
003580,HLB글로벌,전환가액ㆍ신주인수권행사가액ㆍ교환가액의조정(안내공시)              ,20260915,20260915800610,Y,"신주인수권,신주인수권행사",3,False
003850,보령,[기재정정]주요사항보고서(자기주식처분결정),20260915,20260915000321,Y,자사주처분,2,False
487570,HS효성,[기재정정]주식등의대량보유상황보고서(일반),20260915,20260915000325,Y,대량보유,1,False
487570,HS효성,[기재정정]주식등의대량보유상황보고서(일반),20260915,20260915000312,Y,대량보유,1,False
011090,에넥스,주식등의대량보유상황보고서(일반),20260915,20260915000307,Y,대량보유,1,False
005810,풍산홀딩스,임원ㆍ주요주주특정증권등소유상황보고서,20260915,20260915000277,Y,주요주주변동,1,False
005810,풍산홀딩스,임원ㆍ주요주주특정증권등소유상황보고서,20260915,20260915000267,Y,주요주주변동,1,False
005810,풍산홀딩스,임원ㆍ주요주주특정증권등소유상황보고서,20260915,20260915000256,Y,주요주주변동,1,False
014910,성문전자,임원ㆍ주요주주특정증권등소유상황보고서,20260915,20260915000251,Y,주요주주변동,1,False
070960,모나용평,임원ㆍ주요주주특정증권등소유상황보고서,20260915,20260915000186,Y,주요주주변동,1,False
010580,에스엠벡셀,주식등의대량보유상황보고서(일반),20260915,20260915000156,Y,대량보유,1,False
010580,에스엠벡셀,임원ㆍ주요주주특정증권등소유상황보고서,20260915,20260915000154,Y,주요주주변동,1,False
035000,HS애드,주식등의대량보유상황보고서(일반),20260915,20260915000120,Y,대량보유,1,False
084870,티비에이치글로벌,임원ㆍ주요주주특정증권등소유상황보고서,20260915,20260915000074,Y,주요주주변동,1,False
326030,에스케이바이오팜,임원ㆍ주요주주특정증권등소유상황보고서,20260915,20260915000042,Y,주요주주변동,1,False
326030,에스케이바이오팜,임원ㆍ주요주주특정증권등소유상황보고서,20260915,20260915000040,Y,주요주주변동,1,False
016610,DB증권,임원ㆍ주요주주특정증권등소유상황보고서,20260915,20260915000037,Y,주요주주변동,1,False
004410,서울식품공업,임원ㆍ주요주주특정증권등소유상황보고서,20260915,20260915000035,Y,주요주주변동,1,False
016610,DB증권,임원ㆍ주요주주특정증권등소유상황보고서,20260915,20260915000032,Y,주요주주변동,1,False
138930,BNK금융지주,임원ㆍ주요주주특정증권등소유상황보고서,20260914,20260914000410,Y,주요주주변동,1,False
003350,한국화장품제조,전환청구권ㆍ신주인수권ㆍ교환청구권행사              ,20260914,20260914800640,Y,"교환청구,신주인수권,전환청구",3,False
014680,한솔케미칼,주식등의대량보유상황보고서(약식),20260914,20260914000390,Y,대량보유,1,False
009070,케이씨티시,임원ㆍ주요주주특정증권등소유상황보고서,20260914,20260914000376,Y,주요주주변동,1,False
009070,케이씨티시,주식등의대량보유상황보고서(일반),20260914,20260914000354,Y,대량보유,1,False
027740,마니커,임원ㆍ주요주주특정증권등소유상황보고서,20260914,20260914000349,Y,주요주주변동,1,False
027740,마니커,주식등의대량보유상황보고서(일반),20260914,20260914000345,Y,대량보유,1,False
000480,시알홀딩스,임원ㆍ주요주주특정증권등소유상황보고서,20260914,20260914000341,Y,주요주주변동,1,False
003580,HLB글로벌,주요사항보고서(전환사채권발행결정),20260914,20260914000322,Y,"CB,CB발행",2,False
008870,금비,임원ㆍ주요주주특정증권등소유상황보고서,20260914,20260914000335,Y,주요주주변동,1,False
006490,프리티,[기재정정]주요사항보고서(유상증자결정),20260914,20260914000303,Y,유상증자,3,False
007570,일양약품,임원ㆍ주요주주특정증권등소유상황보고서,20260914,20260914000284,Y,주요주주변동,1,False
017180,명문제약,임원ㆍ주요주주특정증권등소유상황보고서,20260914,20260914000274,Y,주요주주변동,1,False
047050,포스코인터내셔널,유상증자결정(종속회사의주요경영사항)              ,20260914,20260914800417,Y,유상증자,3,False
016610,DB증권,임원ㆍ주요주주특정증권등소유상황보고서,20260914,20260914000270,Y,주요주주변동,1,False
081660,미스토홀딩스,주식등의대량보유상황보고서(일반),20260914,20260914000263,Y,대량보유,1,False
005930,삼성전자,임원ㆍ주요주주특정증권등소유상황보고서,20260914,20260914000248,Y,주요주주변동,1,False
014160,대영포장,임원ㆍ주요주주특정증권등소유상황보고서,20260914,20260914000245,Y,주요주주변동,1,False
353200,대덕전자,임원ㆍ주요주주특정증권등소유상황보고서,20260914,20260914000230,Y,주요주주변동,1,False
007070,GS리테일,임원ㆍ주요주주특정증권등소유상황보고서,20260914,20260914000228,Y,주요주주변동,1,False
010950,S-Oil,임원ㆍ주요주주특정증권등소유상황보고서,20260914,20260914000226,Y,주요주주변동,1,False
068290,삼성출판사,임원ㆍ주요주주특정증권등소유상황보고서,20260914,20260914000206,Y,주요주주변동,1,False
068290,삼성출판사,임원ㆍ주요주주특정증권등소유상황보고서,20260914,20260914000201,Y,주요주주변동,1,False
068290,삼성출판사,주식등의대량보유상황보고서(일반),20260914,20260914000199,Y,대량보유,1,False
004700,조광피혁,임원ㆍ주요주주특정증권등소유상황보고서,20260914,20260914000179,Y,주요주주변동,1,False
004700,조광피혁,[기재정정]주식등의대량보유상황보고서(약식),20260914,20260914000177,Y,대량보유,1,False
004700,조광피혁,[기재정정]주식등의대량보유상황보고서(약식),20260914,20260914000171,Y,대량보유,1,False
068290,삼성출판사,임원ㆍ주요주주특정증권등소유상황보고서,20260914,20260914000156,Y,주요주주변동,1,False
006980,우성,주식등의대량보유상황보고서(약식),20260914,20260914000089,Y,대량보유,1,False
011300,우성머티리얼스,[기재정정]주요사항보고서(유상증자결정),20260914,20260914000081,Y,유상증자,3,False
006260,LS,[기재정정]교환사채권발행결정              ,20260911,20260911800773,Y,"EB,EB발행",2,False
001270,부국증권,임원ㆍ주요주주특정증권등소유상황보고서,20260911,20260911000586,Y,주요주주변동,1,False
001270,부국증권,주식등의대량보유상황보고서(일반),20260911,20260911000585,Y,대량보유,1,False
001210,금호전기,[기재정정]주요사항보고서(전환사채권발행결정),20260911,20260911000574,Y,"CB,CB발행",2,False
007460,에이프로젠,[기재정정]주요사항보고서(유상증자결정)(자회사의 주요경영사항)              ,20260911,20260911800676,Y,유상증자,3,False
259960,크래프톤,주식등의대량보유상황보고서(일반),20260911,20260911000576,Y,대량보유,1,False
259960,크래프톤,임원ㆍ주요주주특정증권등소유상황보고서,20260911,20260911000568,Y,주요주주변동,1,False
003060,에이프로젠바이오로직스,[기재정정]주요사항보고서(유상증자결정),20260911,20260911000555,Y,유상증자,3,False
006260,LS,교환사채권발행결정(자회사의 주요경영사항)              ,20260911,20260911800557,Y,"EB,EB발행",2,False
383800,LX홀딩스,임원ㆍ주요주주특정증권등소유상황보고서,20260911,20260911000562,Y,주요주주변동,1,False
383800,LX홀딩스,임원ㆍ주요주주특정증권등소유상황보고서,20260911,20260911000549,Y,주요주주변동,1,False
007460,에이프로젠,[기재정정]주요사항보고서(전환사채권발행결정),20260911,20260911000497,Y,"CB,CB발행",2,False
011090,에넥스,[기재정정]주요사항보고서(유상증자결정),20260911,20260911000504,Y,유상증자,3,False
383800,LX홀딩스,주식등의대량보유상황보고서(일반),20260911,20260911000541,Y,대량보유,1,False
012200,계양전기,유상증자또는주식관련사채등의발행결과(자율공시)              ,20260911,20260911800534,Y,유상증자,3,False
004920,씨아이테크,임원ㆍ주요주주특정증권등소유상황보고서,20260911,20260911000520,Y,주요주주변동,1,False
002020,코오롱,주식등의대량보유상황보고서(일반),20260911,20260911000513,Y,대량보유,1,False
023530,롯데쇼핑,임원ㆍ주요주주특정증권등소유상황보고서,20260911,20260911000512,Y,주요주주변동,1,False
003060,에이프로젠바이오로직스,주식등의대량보유상황보고서(일반),20260911,20260911000499,Y,대량보유,1,False
267250,HD현대,주식등의대량보유상황보고서(일반),20260911,20260911000485,Y,대량보유,1,False
004920,씨아이테크,임원ㆍ주요주주특정증권등소유상황보고서,20260911,20260911000483,Y,주요주주변동,1,False
248070,솔루엠,주식등의대량보유상황보고서(일반),20260911,20260911000465,Y,대량보유,1,False
017810,풀무원,주식등의대량보유상황보고서(일반),20260911,20260911000460,Y,대량보유,1,False
009270,신원,주식등의대량보유상황보고서(일반),20260911,20260911000456,Y,대량보유,1,False
004920,씨아이테크,임원ㆍ주요주주특정증권등소유상황보고서,20260911,20260911000454,Y,주요주주변동,1,False
004920,씨아이테크,임원ㆍ주요주주특정증권등소유상황보고서,20260911,20260911000444,Y,주요주주변동,1,False
004800,효성,임원ㆍ주요주주특정증권등소유상황보고서,20260911,20260911000440,Y,주요주주변동,1,False
004800,효성,주식등의대량보유상황보고서(일반),20260911,20260911000426,Y,대량보유,1,False
003530,한화투자증권,임원ㆍ주요주주특정증권등소유상황보고서,20260911,20260911000408,Y,주요주주변동,1,False
034310,NICE,주식등의대량보유상황보고서(일반),20260911,20260911000397,Y,대량보유,1,False
035420,NAVER,임원ㆍ주요주주특정증권등소유상황보고서,20260911,20260911000383,Y,주요주주변동,1,False
011090,에넥스,[기재정정]주식등의대량보유상황보고서(일반),20260911,20260911000373,Y,대량보유,1,False
003620,KG모빌리티,유상증자또는주식관련사채등의발행결과(자율공시)              ,20260911,20260911800341,Y,유상증자,3,False
161390,한국타이어앤테크놀로지,주식등의대량보유상황보고서(일반),20260911,20260911000321,Y,대량보유,1,False
001360,삼성제약,유상증자또는주식관련사채등의발행결과(자율공시)              ,20260911,20260911800338,Y,유상증자,3,False
006340,대원전선,임원ㆍ주요주주특정증권등소유상황보고서,20260911,20260911000303,Y,주요주주변동,1,False
008930,한미사이언스,임원ㆍ주요주주특정증권등소유상황보고서,20260911,20260911000256,Y,주요주주변동,1,False
005880,대한해운,주식등의대량보유상황보고서(일반),20260911,20260911000142,Y,대량보유,1,False
011300,우성머티리얼스,주요사항보고서(유상증자결정),20260910,20260910000580,Y,유상증자,3,False
001390,KG케미칼,자기주식처분결과보고서,20260910,20260910000578,Y,자사주처분,2,False
009810,MDS스피어,주요사항보고서(자기전환사채만기전취득결정),20260910,20260910000568,Y,CB,2,False
018470,조일알미늄,임원ㆍ주요주주특정증권등소유상황보고서,20260910,20260910000575,Y,주요주주변동,1,False
018470,조일알미늄,임원ㆍ주요주주특정증권등소유상황보고서,20260910,20260910000572,Y,주요주주변동,1,False
011300,우성머티리얼스,임원ㆍ주요주주특정증권등소유상황보고서,20260910,20260910000569,Y,주요주주변동,1,False
001390,KG케미칼,임원ㆍ주요주주특정증권등소유상황보고서,20260910,20260910000567,Y,주요주주변동,1,False
001390,KG케미칼,임원ㆍ주요주주특정증권등소유상황보고서,20260910,20260910000564,Y,주요주주변동,1,False
001390,KG케미칼,임원ㆍ주요주주특정증권등소유상황보고서,20260910,20260910000561,Y,주요주주변동,1,False
001390,KG케미칼,임원ㆍ주요주주특정증권등소유상황보고서,20260910,20260910000560,Y,주요주주변동,1,False
001390,KG케미칼,임원ㆍ주요주주특정증권등소유상황보고서,20260910,20260910000554,Y,주요주주변동,1,False
001390,KG케미칼,임원ㆍ주요주주특정증권등소유상황보고서,20260910,20260910000553,Y,주요주주변동,1,False
001390,KG케미칼,임원ㆍ주요주주특정증권등소유상황보고서,20260910,20260910000551,Y,주요주주변동,1,False
001390,KG케미칼,임원ㆍ주요주주특정증권등소유상황보고서,20260910,20260910000544,Y,주요주주변동,1,False
001390,KG케미칼,임원ㆍ주요주주특정증권등소유상황보고서,20260910,20260910000534,Y,주요주주변동,1,False
103140,풍산,임원ㆍ주요주주특정증권등소유상황보고서,20260910,20260910000531,Y,주요주주변동,1,False
027410,BGF,주식등의대량보유상황보고서(일반),20260910,20260910000530,Y,대량보유,1,False
001390,KG케미칼,임원ㆍ주요주주특정증권등소유상황보고서,20260910,20260910000526,Y,주요주주변동,1,False
001390,KG케미칼,임원ㆍ주요주주특정증권등소유상황보고서,20260910,20260910000523,Y,주요주주변동,1,False
001390,KG케미칼,임원ㆍ주요주주특정증권등소유상황보고서,20260910,20260910000516,Y,주요주주변동,1,False
282330,BGF리테일,주식등의대량보유상황보고서(일반),20260910,20260910000507,Y,대량보유,1,False
044820,코스맥스비티아이,주식등의대량보유상황보고서(약식),20260910,20260910000492,Y,대량보유,1,False
009460,한창제지,주식등의대량보유상황보고서(약식),20260910,20260910000486,Y,대량보유,1,False
000040,KR모터스,주식등의대량보유상황보고서(약식),20260910,20260910000480,Y,대량보유,1,False
004870,티웨이홀딩스,투자유의안내              (관리종목지정 우려 예고),20260910,20260910800553,Y,관리종목,2,False
071950,코아스,투자유의안내              (관리종목지정 우려 예고),20260910,20260910800515,Y,관리종목,2,False
009240,한샘,주식등의대량보유상황보고서(일반),20260910,20260910000415,Y,대량보유,1,False
020120,키다리스튜디오,주식등의대량보유상황보고서(일반),20260910,20260910000330,Y,대량보유,1,False
001390,KG케미칼,임원ㆍ주요주주특정증권등소유상황보고서,20260910,20260910000315,Y,주요주주변동,1,False
001390,KG케미칼,임원ㆍ주요주주특정증권등소유상황보고서,20260910,20260910000310,Y,주요주주변동,1,False
001390,KG케미칼,주식등의대량보유상황보고서(일반),20260910,20260910000303,Y,대량보유,1,False
011300,우성머티리얼스,주식등의대량보유상황보고서(약식),20260910,20260910000276,Y,대량보유,1,False
047810,한국항공우주,주식등의대량보유상황보고서(약식),20260910,20260910000267,Y,대량보유,1,False
002390,한독,[기재정정]주식등의대량보유상황보고서(일반),20260910,20260910000263,Y,대량보유,1,False
002390,한독,[기재정정]주식등의대량보유상황보고서(일반),20260910,20260910000258,Y,대량보유,1,False
012200,계양전기,유상증자또는주식관련사채등의청약결과(자율공시)              ,20260910,20260910800218,Y,유상증자,3,False
039130,하나투어,임원ㆍ주요주주특정증권등소유상황보고서,20260910,20260910000184,Y,주요주주변동,1,False
357120,코람코라이프인프라리츠,주식등의대량보유상황보고서(약식),20260910,20260910000172,Y,대량보유,1,False
002840,미원상사,임원ㆍ주요주주특정증권등소유상황보고서,20260910,20260910000157,Y,주요주주변동,1,False
109070,주성코퍼레이션,임원ㆍ주요주주특정증권등소유상황보고서,20260910,20260910000144,Y,주요주주변동,1,False
109070,주성코퍼레이션,임원ㆍ주요주주특정증권등소유상황보고서,20260910,20260910000142,Y,주요주주변동,1,False
109070,주성코퍼레이션,임원ㆍ주요주주특정증권등소유상황보고서,20260910,20260910000137,Y,주요주주변동,1,False
109070,주성코퍼레이션,주식등의대량보유상황보고서(일반),20260910,20260910000136,Y,대량보유,1,False
109070,주성코퍼레이션,[기재정정]주요사항보고서(유상증자결정),20260910,20260910000105,Y,유상증자,3,False
109070,주성코퍼레이션,[기재정정]주요사항보고서(전환사채권발행결정),20260910,20260910000095,Y,"CB,CB발행",2,False
003350,한국화장품제조,주식등의대량보유상황보고서(약식),20260910,20260910000063,Y,대량보유,1,False
002390,한독,주식등의대량보유상황보고서(일반),20260910,20260910000053,Y,대량보유,1,False
000810,삼성화재해상보험,주식등의대량보유상황보고서(약식),20260910,20260910000042,Y,대량보유,1,False
001270,부국증권,주식등의대량보유상황보고서(일반),20260909,20260909000537,Y,대량보유,1,False
004770,써니전자,주식등의대량보유상황보고서(일반),20260909,20260909000536,Y,대량보유,1,False
011090,에넥스,[기재정정]주식등의대량보유상황보고서(일반),20260909,20260909000509,Y,대량보유,1,False
044380,주연테크,임원ㆍ주요주주특정증권등소유상황보고서,20260909,20260909000498,Y,주요주주변동,1,False
044380,주연테크,주식등의대량보유상황보고서(일반),20260909,20260909000496,Y,대량보유,1,False
044380,주연테크,투자유의안내              (시가총액요건 미달로 인한 상장폐지 우려 예고),20260909,20260909800602,Y,상장폐지위험,3,False
002070,비비안,투자유의안내              (관리종목지정 우려 예고),20260909,20260909800629,Y,관리종목,2,False
003650,미창석유공업,주식등의대량보유상황보고서(약식),20260909,20260909000461,Y,대량보유,1,False
091810,트리니티항공,임원ㆍ주요주주특정증권등소유상황보고서,20260909,20260909000443,Y,주요주주변동,1,False
090430,아모레퍼시픽,임원ㆍ주요주주특정증권등소유상황보고서,20260909,20260909000438,Y,주요주주변동,1,False
007460,에이프로젠,주식등의대량보유상황보고서(약식),20260909,20260909000430,Y,대량보유,1,False
090430,아모레퍼시픽,임원ㆍ주요주주특정증권등소유상황보고서,20260909,20260909000421,Y,주요주주변동,1,False
090430,아모레퍼시픽,임원ㆍ주요주주특정증권등소유상황보고서,20260909,20260909000417,Y,주요주주변동,1,False
014680,한솔케미칼,주식등의대량보유상황보고서(약식),20260909,20260909000413,Y,대량보유,1,False
090430,아모레퍼시픽,임원ㆍ주요주주특정증권등소유상황보고서,20260909,20260909000411,Y,주요주주변동,1,False
020000,한섬,주식등의대량보유상황보고서(약식),20260909,20260909000409,Y,대량보유,1,False
090430,아모레퍼시픽,임원ㆍ주요주주특정증권등소유상황보고서,20260909,20260909000407,Y,주요주주변동,1,False
214320,이노션,주식등의대량보유상황보고서(약식),20260909,20260909000401,Y,대량보유,1,False
090430,아모레퍼시픽,임원ㆍ주요주주특정증권등소유상황보고서,20260909,20260909000400,Y,주요주주변동,1,False
085620,미래에셋생명,임원ㆍ주요주주특정증권등소유상황보고서,20260909,20260909000394,Y,주요주주변동,1,False
090430,아모레퍼시픽,임원ㆍ주요주주특정증권등소유상황보고서,20260909,20260909000377,Y,주요주주변동,1,False
483650,달바글로벌,임원ㆍ주요주주특정증권등소유상황보고서,20260909,20260909000375,Y,주요주주변동,1,False
090430,아모레퍼시픽,임원ㆍ주요주주특정증권등소유상황보고서,20260909,20260909000372,Y,주요주주변동,1,False
483650,달바글로벌,임원ㆍ주요주주특정증권등소유상황보고서,20260909,20260909000365,Y,주요주주변동,1,False
002790,아모레퍼시픽홀딩스,임원ㆍ주요주주특정증권등소유상황보고서,20260909,20260909000361,Y,주요주주변동,1,False
011090,에넥스,주식등의대량보유상황보고서(일반),20260909,20260909000348,Y,대량보유,1,False
357120,코람코라이프인프라리츠,임원ㆍ주요주주특정증권등소유상황보고서,20260909,20260909000345,Y,주요주주변동,1,False
334890,이지스밸류플러스리츠,임원ㆍ주요주주특정증권등소유상황보고서,20260909,20260909000343,Y,주요주주변동,1,False
293940,신한알파리츠,임원ㆍ주요주주특정증권등소유상황보고서,20260909,20260909000342,Y,주요주주변동,1,False
357250,미래에셋맵스리츠,임원ㆍ주요주주특정증권등소유상황보고서,20260909,20260909000341,Y,주요주주변동,1,False
330590,롯데리츠,임원ㆍ주요주주특정증권등소유상황보고서,20260909,20260909000340,Y,주요주주변동,1,False
365550,ESR켄달스퀘어리츠,임원ㆍ주요주주특정증권등소유상황보고서,20260909,20260909000339,Y,주요주주변동,1,False
451800,한화리츠,임원ㆍ주요주주특정증권등소유상황보고서,20260909,20260909000338,Y,주요주주변동,1,False
448730,삼성FN리츠,임원ㆍ주요주주특정증권등소유상황보고서,20260909,20260909000337,Y,주요주주변동,1,False
417310,코람코더원리츠,임원ㆍ주요주주특정증권등소유상황보고서,20260909,20260909000336,Y,주요주주변동,1,False
404990,신한서부티엔디리츠,임원ㆍ주요주주특정증권등소유상황보고서,20260909,20260909000335,Y,주요주주변동,1,False
396690,미래에셋글로벌리츠,임원ㆍ주요주주특정증권등소유상황보고서,20260909,20260909000333,Y,주요주주변동,1,False
395400,SK리츠,임원ㆍ주요주주특정증권등소유상황보고서,20260909,20260909000332,Y,주요주주변동,1,False
377190,디앤디플랫폼리츠,임원ㆍ주요주주특정증권등소유상황보고서,20260909,20260909000331,Y,주요주주변동,1,False
091810,트리니티항공,임원ㆍ주요주주특정증권등소유상황보고서,20260909,20260909000325,Y,주요주주변동,1,False
011090,에넥스,주식등의대량보유상황보고서(일반),20260909,20260909000299,Y,대량보유,1,False
138930,BNK금융지주,임원ㆍ주요주주특정증권등소유상황보고서,20260909,20260909000280,Y,주요주주변동,1,False
002450,삼익악기,주식등의대량보유상황보고서(일반),20260909,20260909000277,Y,대량보유,1,False
400760,NH올원리츠,주식등의대량보유상황보고서(약식),20260909,20260909000275,Y,대량보유,1,False
000240,한국앤컴퍼니,주식등의대량보유상황보고서(일반),20260909,20260909000232,Y,대량보유,1,False
004830,덕성,유상증자결정(종속회사의주요경영사항)              ,20260909,20260909800251,Y,유상증자,3,False
084680,이월드,[기재정정]임원ㆍ주요주주특정증권등소유상황보고서,20260909,20260909000141,Y,주요주주변동,1,False
006570,대림통상,주식등의대량보유상황보고서(일반),20260909,20260909000138,Y,대량보유,1,False
006570,대림통상,임원ㆍ주요주주특정증권등소유상황보고서,20260909,20260909000137,Y,주요주주변동,1,False
006570,대림통상,임원ㆍ주요주주특정증권등소유상황보고서,20260909,20260909000136,Y,주요주주변동,1,False
000100,유한양행,임원ㆍ주요주주특정증권등소유상황보고서,20260909,20260909000122,Y,주요주주변동,1,False
005930,삼성전자,임원ㆍ주요주주특정증권등소유상황보고서,20260909,20260909000113,Y,주요주주변동,1,False
091810,트리니티항공,임원ㆍ주요주주특정증권등소유상황보고서,20260909,20260909000102,Y,주요주주변동,1,False
014530,극동유화,주식등의대량보유상황보고서(일반),20260909,20260909000098,Y,대량보유,1,False
450080,에코프로머티,주식등의대량보유상황보고서(일반),20260909,20260909000075,Y,대량보유,1,False
091810,트리니티항공,임원ㆍ주요주주특정증권등소유상황보고서,20260909,20260909000064,Y,주요주주변동,1,False
091810,트리니티항공,임원ㆍ주요주주특정증권등소유상황보고서,20260909,20260909000061,Y,주요주주변동,1,False
001770,SHD,투자유의안내              (시가총액요건 미달로 인한 상장폐지 우려 예고),20260908,20260908800612,Y,상장폐지위험,3,False
009190,대양금속,전환가액ㆍ신주인수권행사가액ㆍ교환가액의조정(안내공시)              ,20260908,20260908800364,Y,"신주인수권,신주인수권행사",3,False
001210,금호전기,전환청구권ㆍ신주인수권ㆍ교환청구권행사              ,20260908,20260908800597,Y,"교환청구,신주인수권,전환청구",3,False
009190,대양금속,전환가액ㆍ신주인수권행사가액ㆍ교환가액의조정(안내공시)              ,20260908,20260908800371,Y,"신주인수권,신주인수권행사",3,False
009190,대양금속,전환가액ㆍ신주인수권행사가액ㆍ교환가액의조정(안내공시)              ,20260908,20260908800548,Y,"신주인수권,신주인수권행사",3,False
009320,아진전자부품,임원ㆍ주요주주특정증권등소유상황보고서,20260908,20260908000400,Y,주요주주변동,1,False
003470,유안타증권,임원ㆍ주요주주특정증권등소유상황보고서,20260908,20260908000395,Y,주요주주변동,1,False
128940,한미약품,주식등의대량보유상황보고서(일반),20260908,20260908000370,Y,대량보유,1,False
001470,삼부토건,[기재정정]주요사항보고서(유상증자결정),20260908,20260908000307,Y,유상증자,3,False
044450,KSS해운,임원ㆍ주요주주특정증권등소유상황보고서,20260908,20260908000331,Y,주요주주변동,1,False
329180,HD현대중공업,주식등의대량보유상황보고서(약식),20260908,20260908000302,Y,대량보유,1,False
001720,신영증권,임원ㆍ주요주주특정증권등소유상황보고서,20260908,20260908000294,Y,주요주주변동,1,False
001720,신영증권,임원ㆍ주요주주특정증권등소유상황보고서,20260908,20260908000288,Y,주요주주변동,1,False
021240,코웨이,임원ㆍ주요주주특정증권등소유상황보고서,20260908,20260908000257,Y,주요주주변동,1,False
002380,케이씨씨,주식등의대량보유상황보고서(일반),20260908,20260908000207,Y,대량보유,1,False
020560,아시아나항공,주식등의대량보유상황보고서(일반),20260908,20260908000174,Y,대량보유,1,False
008770,호텔신라,주식등의대량보유상황보고서(약식),20260908,20260908000167,Y,대량보유,1,False
091810,트리니티항공,임원ㆍ주요주주특정증권등소유상황보고서,20260908,20260908000032,Y,주요주주변동,1,False
016610,DB증권,임원ㆍ주요주주특정증권등소유상황보고서,20260908,20260908000030,Y,주요주주변동,1,False
091810,트리니티항공,임원ㆍ주요주주특정증권등소유상황보고서,20260908,20260908000029,Y,주요주주변동,1,False
016610,DB증권,임원ㆍ주요주주특정증권등소유상황보고서,20260908,20260908000028,Y,주요주주변동,1,False
016610,DB증권,임원ㆍ주요주주특정증권등소유상황보고서,20260908,20260908000027,Y,주요주주변동,1,False
016610,DB증권,임원ㆍ주요주주특정증권등소유상황보고서,20260908,20260908000023,Y,주요주주변동,1,False
091810,트리니티항공,임원ㆍ주요주주특정증권등소유상황보고서,20260908,20260908000022,Y,주요주주변동,1,False
120110,코오롱인더,주식등의대량보유상황보고서(일반),20260907,20260907000307,Y,대량보유,1,False
002020,코오롱,주식등의대량보유상황보고서(일반),20260907,20260907000303,Y,대량보유,1,False
058650,세아홀딩스,주식등의대량보유상황보고서(일반),20260907,20260907000298,Y,대량보유,1,False
011300,우성머티리얼스,주식등의대량보유상황보고서(일반),20260907,20260907000285,Y,대량보유,1,False
006840,AK홀딩스,주식등의대량보유상황보고서(일반),20260907,20260907000283,Y,대량보유,1,False
004410,서울식품공업,임원ㆍ주요주주특정증권등소유상황보고서,20260907,20260907000277,Y,주요주주변동,1,False
003670,포스코퓨처엠,임원ㆍ주요주주특정증권등소유상황보고서,20260907,20260907000274,Y,주요주주변동,1,False
017370,우신시스템,주식등의대량보유상황보고서(일반),20260907,20260907000271,Y,대량보유,1,False
058730,다스코,전환가액ㆍ신주인수권행사가액ㆍ교환가액의조정(안내공시)              ,20260907,20260907800477,Y,"신주인수권,신주인수권행사",3,False
069640,한세엠케이,임원ㆍ주요주주특정증권등소유상황보고서,20260907,20260907000258,Y,주요주주변동,1,False
381970,KG모빌리티플랫폼,임원ㆍ주요주주특정증권등소유상황보고서,20260907,20260907000255,Y,주요주주변동,1,False
069640,한세엠케이,임원ㆍ주요주주특정증권등소유상황보고서,20260907,20260907000254,Y,주요주주변동,1,False
381970,KG모빌리티플랫폼,주식등의대량보유상황보고서(일반),20260907,20260907000253,Y,대량보유,1,False
003160,디아이,주식등의대량보유상황보고서(일반),20260907,20260907000243,Y,대량보유,1,False
381970,KG모빌리티플랫폼,주식등의대량보유상황보고서(일반),20260907,20260907000231,Y,대량보유,1,False
039490,키움증권,임원ㆍ주요주주특정증권등소유상황보고서,20260907,20260907000226,Y,주요주주변동,1,False
381970,KG모빌리티플랫폼,임원ㆍ주요주주특정증권등소유상황보고서,20260907,20260907000224,Y,주요주주변동,1,False
009190,대양금속,유상증자또는주식관련사채등의발행결과(자율공시)              ,20260907,20260907800374,Y,유상증자,3,False
016610,DB증권,임원ㆍ주요주주특정증권등소유상황보고서,20260907,20260907000213,Y,주요주주변동,1,False
022100,포스코DX,임원ㆍ주요주주특정증권등소유상황보고서,20260907,20260907000200,Y,주요주주변동,1,False
047050,포스코인터내셔널,임원ㆍ주요주주특정증권등소유상황보고서,20260907,20260907000196,Y,주요주주변동,1,False
022100,포스코DX,주식등의대량보유상황보고서(일반),20260907,20260907000194,Y,대량보유,1,False
004710,한솔테크닉스,주식등의대량보유상황보고서(약식),20260907,20260907000191,Y,대량보유,1,False
047050,포스코인터내셔널,주식등의대량보유상황보고서(일반),20260907,20260907000183,Y,대량보유,1,False
033780,케이티앤지,주식등의대량보유상황보고서(약식),20260907,20260907000176,Y,대량보유,1,False
001230,동국홀딩스,[기재정정]주식등의대량보유상황보고서(일반),20260907,20260907000171,Y,대량보유,1,False
091810,트리니티항공,임원ㆍ주요주주특정증권등소유상황보고서,20260907,20260907000146,Y,주요주주변동,1,False
010580,에스엠벡셀,주식등의대량보유상황보고서(일반),20260907,20260907000145,Y,대량보유,1,False
091810,트리니티항공,임원ㆍ주요주주특정증권등소유상황보고서,20260907,20260907000144,Y,주요주주변동,1,False
010580,에스엠벡셀,임원ㆍ주요주주특정증권등소유상황보고서,20260907,20260907000141,Y,주요주주변동,1,False
001230,동국홀딩스,주식등의대량보유상황보고서(일반),20260907,20260907000125,Y,대량보유,1,False
032830,삼성생명,임원ㆍ주요주주특정증권등소유상황보고서,20260907,20260907000110,Y,주요주주변동,1,False
017180,명문제약,임원ㆍ주요주주특정증권등소유상황보고서,20260907,20260907000091,Y,주요주주변동,1,False
034220,LG디스플레이,주식등의대량보유상황보고서(약식),20260907,20260907000090,Y,대량보유,1,False
012200,계양전기,유상증자또는주식관련사채등의청약결과(자율공시)              ,20260907,20260907800095,Y,유상증자,3,False
084870,티비에이치글로벌,임원ㆍ주요주주특정증권등소유상황보고서,20260907,20260907000051,Y,주요주주변동,1,False
010400,우진아이엔에스,임원ㆍ주요주주특정증권등소유상황보고서,20260907,20260907000049,Y,주요주주변동,1,False
084870,티비에이치글로벌,임원ㆍ주요주주특정증권등소유상황보고서,20260907,20260907000047,Y,주요주주변동,1,False
084870,티비에이치글로벌,임원ㆍ주요주주특정증권등소유상황보고서,20260907,20260907000044,Y,주요주주변동,1,False
084870,티비에이치글로벌,주식등의대량보유상황보고서(일반),20260907,20260907000043,Y,대량보유,1,False
100090,SK오션플랜트,주식등의대량보유상황보고서(일반),20260907,20260904000546,Y,대량보유,1,False
006740,블루산업개발,[기재정정]주요사항보고서(전환사채권발행결정),20260907,20260904000543,Y,"CB,CB발행",2,False
084680,이월드,임원ㆍ주요주주특정증권등소유상황보고서,20260904,20260904000540,Y,주요주주변동,1,False
011090,에넥스,[기재정정]주요사항보고서(유상증자결정),20260904,20260904000518,Y,유상증자,3,False
001270,부국증권,임원ㆍ주요주주특정증권등소유상황보고서,20260904,20260904000515,Y,주요주주변동,1,False
001270,부국증권,주식등의대량보유상황보고서(일반),20260904,20260904000511,Y,대량보유,1,False
013700,까뮤이앤씨,주식등의대량보유상황보고서(일반),20260904,20260904000501,Y,대량보유,1,False
009540,HD한국조선해양,임원ㆍ주요주주특정증권등소유상황보고서,20260904,20260904000498,Y,주요주주변동,1,False
138040,메리츠금융지주,주식등의대량보유상황보고서(일반),20260904,20260904000488,Y,대량보유,1,False
021240,코웨이,주식등의대량보유상황보고서(일반),20260904,20260904000485,Y,대량보유,1,False
005420,코스모화학,주식등의대량보유상황보고서(일반),20260904,20260904000479,Y,대량보유,1,False
058730,다스코,주식등의대량보유상황보고서(일반),20260904,20260904000457,Y,대량보유,1,False
006980,우성,주요사항보고서(자기주식처분결정),20260904,20260904000431,Y,자사주처분,2,False
009410,태영건설,유상증자또는주식관련사채등의발행결과(자율공시)              ,20260904,20260904800546,Y,유상증자,3,False
381970,KG모빌리티플랫폼,임원ㆍ주요주주특정증권등소유상황보고서,20260904,20260904000446,Y,주요주주변동,1,False
004490,세방전지,임원ㆍ주요주주특정증권등소유상황보고서,20260904,20260904000444,Y,주요주주변동,1,False
381970,KG모빌리티플랫폼,주식등의대량보유상황보고서(일반),20260904,20260904000434,Y,대량보유,1,False
339770,교촌에프앤비,임원ㆍ주요주주특정증권등소유상황보고서,20260904,20260904000421,Y,주요주주변동,1,False
005950,이수화학,주식등의대량보유상황보고서(일반),20260904,20260904000420,Y,대량보유,1,False
339770,교촌에프앤비,임원ㆍ주요주주특정증권등소유상황보고서,20260904,20260904000417,Y,주요주주변동,1,False
339770,교촌에프앤비,임원ㆍ주요주주특정증권등소유상황보고서,20260904,20260904000413,Y,주요주주변동,1,False
339770,교촌에프앤비,임원ㆍ주요주주특정증권등소유상황보고서,20260904,20260904000409,Y,주요주주변동,1,False
007660,이수페타시스,주식등의대량보유상황보고서(일반),20260904,20260904000407,Y,대량보유,1,False
339770,교촌에프앤비,임원ㆍ주요주주특정증권등소유상황보고서,20260904,20260904000403,Y,주요주주변동,1,False
454910,두산로보틱스,주식등의대량보유상황보고서(일반),20260904,20260904000401,Y,대량보유,1,False
339770,교촌에프앤비,임원ㆍ주요주주특정증권등소유상황보고서,20260904,20260904000399,Y,주요주주변동,1,False
034830,한국토지신탁,주식등의대량보유상황보고서(일반),20260904,20260904000397,Y,대량보유,1,False
339770,교촌에프앤비,임원ㆍ주요주주특정증권등소유상황보고서,20260904,20260904000395,Y,주요주주변동,1,False
339770,교촌에프앤비,임원ㆍ주요주주특정증권등소유상황보고서,20260904,20260904000389,Y,주요주주변동,1,False
339770,교촌에프앤비,임원ㆍ주요주주특정증권등소유상황보고서,20260904,20260904000385,Y,주요주주변동,1,False
339770,교촌에프앤비,임원ㆍ주요주주특정증권등소유상황보고서,20260904,20260904000382,Y,주요주주변동,1,False
339770,교촌에프앤비,임원ㆍ주요주주특정증권등소유상황보고서,20260904,20260904000378,Y,주요주주변동,1,False
339770,교촌에프앤비,임원ㆍ주요주주특정증권등소유상황보고서,20260904,20260904000372,Y,주요주주변동,1,False
014710,사조씨푸드,임원ㆍ주요주주특정증권등소유상황보고서,20260904,20260904000370,Y,주요주주변동,1,False
339770,교촌에프앤비,임원ㆍ주요주주특정증권등소유상황보고서,20260904,20260904000366,Y,주요주주변동,1,False
006570,대림통상,주식등의대량보유상황보고서(일반),20260904,20260904000365,Y,대량보유,1,False
003960,사조대림,임원ㆍ주요주주특정증권등소유상황보고서,20260904,20260904000358,Y,주요주주변동,1,False
352820,하이브,임원ㆍ주요주주특정증권등소유상황보고서,20260904,20260904000345,Y,주요주주변동,1,False
071950,코아스,주식등의대량보유상황보고서(일반),20260904,20260904000343,Y,대량보유,1,False
003960,사조대림,임원ㆍ주요주주특정증권등소유상황보고서,20260904,20260904000341,Y,주요주주변동,1,False
003960,사조대림,주식등의대량보유상황보고서(일반),20260904,20260904000338,Y,대량보유,1,False
339770,교촌에프앤비,임원ㆍ주요주주특정증권등소유상황보고서,20260904,20260904000326,Y,주요주주변동,1,False
339770,교촌에프앤비,임원ㆍ주요주주특정증권등소유상황보고서,20260904,20260904000317,Y,주요주주변동,1,False
000040,KR모터스,주식등의대량보유상황보고서(일반),20260904,20260904000313,Y,대량보유,1,False
009810,MDS스피어,임원ㆍ주요주주특정증권등소유상황보고서,20260904,20260904000309,Y,주요주주변동,1,False
006090,사조오양,임원ㆍ주요주주특정증권등소유상황보고서,20260904,20260904000307,Y,주요주주변동,1,False
006090,사조오양,주식등의대량보유상황보고서(일반),20260904,20260904000306,Y,대량보유,1,False
009810,MDS스피어,임원ㆍ주요주주특정증권등소유상황보고서,20260904,20260904000305,Y,주요주주변동,1,False
339770,교촌에프앤비,임원ㆍ주요주주특정증권등소유상황보고서,20260904,20260904000304,Y,주요주주변동,1,False
009810,MDS스피어,주식등의대량보유상황보고서(일반),20260904,20260904000295,Y,대량보유,1,False
339770,교촌에프앤비,주식등의대량보유상황보고서(일반),20260904,20260904000293,Y,대량보유,1,False
339770,교촌에프앤비,자기주식처분결과보고서,20260904,20260904000282,Y,자사주처분,2,False
105630,한세실업,주식등의대량보유상황보고서(일반),20260904,20260904000273,Y,대량보유,1,False
008870,금비,임원ㆍ주요주주특정증권등소유상황보고서,20260904,20260904000253,Y,주요주주변동,1,False
079550,LIG디펜스앤에어로스페이스,[기재정정]주요사항보고서(유상증자결정),20260904,20260904000208,Y,유상증자,3,False
009150,삼성전기,임원ㆍ주요주주특정증권등소유상황보고서,20260904,20260904000177,Y,주요주주변동,1,False
002630,오리엔트바이오,주식등의대량보유상황보고서(일반),20260904,20260904000164,Y,대량보유,1,False
002630,오리엔트바이오,임원ㆍ주요주주특정증권등소유상황보고서,20260904,20260904000129,Y,주요주주변동,1,False
005070,코스모신소재,주식등의대량보유상황보고서(일반),20260904,20260904000123,Y,대량보유,1,False
044450,KSS해운,임원ㆍ주요주주특정증권등소유상황보고서,20260904,20260904000117,Y,주요주주변동,1,False
004410,서울식품공업,임원ㆍ주요주주특정증권등소유상황보고서,20260904,20260904000088,Y,주요주주변동,1,False
004410,서울식품공업,주식등의대량보유상황보고서(일반),20260904,20260904000087,Y,대량보유,1,False
051630,진양화학,주식등의대량보유상황보고서(일반),20260904,20260904000059,Y,대량보유,1,False
051630,진양화학,임원ㆍ주요주주특정증권등소유상황보고서,20260904,20260904000053,Y,주요주주변동,1,False
032350,롯데관광개발,주식등의대량보유상황보고서(일반),20260904,20260904000042,Y,대량보유,1,False
051630,진양화학,임원ㆍ주요주주특정증권등소유상황보고서,20260904,20260904000026,Y,주요주주변동,1,False
012160,영흥,주식등의대량보유상황보고서(약식),20260904,20260904000001,Y,대량보유,1,False
000040,KR모터스,임원ㆍ주요주주특정증권등소유상황보고서,20260904,20260903000396,Y,주요주주변동,1,False
011090,에넥스,[기재정정]주요사항보고서(유상증자결정),20260903,20260903000384,Y,유상증자,3,False
011300,우성머티리얼스,주식등의대량보유상황보고서(일반),20260903,20260903000377,Y,대량보유,1,False
020120,키다리스튜디오,주식등의대량보유상황보고서(약식),20260903,20260903000371,Y,대량보유,1,False
009190,대양금속,유상증자또는주식관련사채등의청약결과(자율공시)              ,20260903,20260903800625,Y,유상증자,3,False
214420,토니모리,주식등의대량보유상황보고서(일반),20260903,20260903000363,Y,대량보유,1,False
267250,HD현대,주식등의대량보유상황보고서(일반),20260903,20260903000361,Y,대량보유,1,False
267250,HD현대,임원ㆍ주요주주특정증권등소유상황보고서,20260903,20260903000353,Y,주요주주변동,1,False
375500,DL이앤씨,주식등의대량보유상황보고서(일반),20260903,20260903000348,Y,대량보유,1,False
002880,디와이에이,주식등의대량보유상황보고서(일반),20260903,20260903000347,Y,대량보유,1,False
100090,SK오션플랜트,주식등의대량보유상황보고서(일반),20260903,20260903000345,Y,대량보유,1,False
001210,금호전기,주식등의대량보유상황보고서(일반),20260903,20260903000344,Y,대량보유,1,False
267250,HD현대,임원ㆍ주요주주특정증권등소유상황보고서,20260903,20260903000342,Y,주요주주변동,1,False
214420,토니모리,임원ㆍ주요주주특정증권등소유상황보고서,20260903,20260903000341,Y,주요주주변동,1,False
002880,디와이에이,임원ㆍ주요주주특정증권등소유상황보고서,20260903,20260903000338,Y,주요주주변동,1,False
007460,에이프로젠,주요사항보고서(유상증자결정)(자회사의 주요경영사항)              ,20260903,20260903800579,Y,유상증자,3,False
003470,유안타증권,임원ㆍ주요주주특정증권등소유상황보고서,20260903,20260903000337,Y,주요주주변동,1,False
003060,에이프로젠바이오로직스,주요사항보고서(유상증자결정),20260903,20260903000316,Y,유상증자,3,False
002880,디와이에이,임원ㆍ주요주주특정증권등소유상황보고서,20260903,20260903000334,Y,주요주주변동,1,False
001210,금호전기,임원ㆍ주요주주특정증권등소유상황보고서,20260903,20260903000331,Y,주요주주변동,1,False
214420,토니모리,임원ㆍ주요주주특정증권등소유상황보고서,20260903,20260903000327,Y,주요주주변동,1,False
002880,디와이에이,임원ㆍ주요주주특정증권등소유상황보고서,20260903,20260903000326,Y,주요주주변동,1,False
002880,디와이에이,임원ㆍ주요주주특정증권등소유상황보고서,20260903,20260903000323,Y,주요주주변동,1,False
002880,디와이에이,임원ㆍ주요주주특정증권등소유상황보고서,20260903,20260903000318,Y,주요주주변동,1,False
002880,디와이에이,임원ㆍ주요주주특정증권등소유상황보고서,20260903,20260903000309,Y,주요주주변동,1,False
047810,한국항공우주,주식등의대량보유상황보고서(약식),20260903,20260903000298,Y,대량보유,1,False
004560,현대비앤지스틸,주식등의대량보유상황보고서(일반),20260903,20260903000297,Y,대량보유,1,False
002880,디와이에이,임원ㆍ주요주주특정증권등소유상황보고서,20260903,20260903000294,Y,주요주주변동,1,False
007460,에이프로젠,주요사항보고서(전환사채권발행결정),20260903,20260903000285,Y,"CB,CB발행",2,False
214420,토니모리,최대주주변경              ,20260903,20260903800469,Y,최대주주변경,2,False
001500,현대차증권,임원ㆍ주요주주특정증권등소유상황보고서,20260903,20260903000269,Y,주요주주변동,1,False
005490,POSCO홀딩스,임원ㆍ주요주주특정증권등소유상황보고서,20260903,20260903000268,Y,주요주주변동,1,False
002710,TCC스틸,임원ㆍ주요주주특정증권등소유상황보고서,20260903,20260903000253,Y,주요주주변동,1,False
005490,POSCO홀딩스,임원ㆍ주요주주특정증권등소유상황보고서,20260903,20260903000243,Y,주요주주변동,1,False
002710,TCC스틸,주식등의대량보유상황보고서(일반),20260903,20260903000241,Y,대량보유,1,False
214420,토니모리,최대주주등소유주식변동신고서(최대주주변경시)              ,20260903,20260903800415,Y,최대주주변경,2,False
034310,NICE,주식등의대량보유상황보고서(일반),20260903,20260903000231,Y,대량보유,1,False
357120,코람코라이프인프라리츠,임원ㆍ주요주주특정증권등소유상황보고서,20260903,20260903000220,Y,주요주주변동,1,False
334890,이지스밸류플러스리츠,임원ㆍ주요주주특정증권등소유상황보고서,20260903,20260903000218,Y,주요주주변동,1,False
293940,신한알파리츠,임원ㆍ주요주주특정증권등소유상황보고서,20260903,20260903000217,Y,주요주주변동,1,False
357250,미래에셋맵스리츠,임원ㆍ주요주주특정증권등소유상황보고서,20260903,20260903000216,Y,주요주주변동,1,False
330590,롯데리츠,임원ㆍ주요주주특정증권등소유상황보고서,20260903,20260903000215,Y,주요주주변동,1,False
365550,ESR켄달스퀘어리츠,임원ㆍ주요주주특정증권등소유상황보고서,20260903,20260903000214,Y,주요주주변동,1,False
451800,한화리츠,임원ㆍ주요주주특정증권등소유상황보고서,20260903,20260903000213,Y,주요주주변동,1,False
417310,코람코더원리츠,임원ㆍ주요주주특정증권등소유상황보고서,20260903,20260903000212,Y,주요주주변동,1,False
404990,신한서부티엔디리츠,임원ㆍ주요주주특정증권등소유상황보고서,20260903,20260903000211,Y,주요주주변동,1,False
448730,삼성FN리츠,임원ㆍ주요주주특정증권등소유상황보고서,20260903,20260903000210,Y,주요주주변동,1,False
396690,미래에셋글로벌리츠,임원ㆍ주요주주특정증권등소유상황보고서,20260903,20260903000209,Y,주요주주변동,1,False
395400,SK리츠,임원ㆍ주요주주특정증권등소유상황보고서,20260903,20260903000208,Y,주요주주변동,1,False
377190,디앤디플랫폼리츠,임원ㆍ주요주주특정증권등소유상황보고서,20260903,20260903000207,Y,주요주주변동,1,False
004710,한솔테크닉스,주식등의대량보유상황보고서(약식),20260903,20260903000205,Y,대량보유,1,False
192820,코스맥스,임원ㆍ주요주주특정증권등소유상황보고서,20260903,20260903000200,Y,주요주주변동,1,False
031820,아이티센씨티에스,주식등의대량보유상황보고서(일반),20260903,20260903000175,Y,대량보유,1,False
031820,아이티센씨티에스,임원ㆍ주요주주특정증권등소유상황보고서,20260903,20260903000169,Y,주요주주변동,1,False
001520,동양,임원ㆍ주요주주특정증권등소유상황보고서,20260903,20260903000102,Y,주요주주변동,1,False
001520,동양,임원ㆍ주요주주특정증권등소유상황보고서,20260903,20260903000100,Y,주요주주변동,1,False
001520,동양,임원ㆍ주요주주특정증권등소유상황보고서,20260903,20260903000099,Y,주요주주변동,1,False
001520,동양,임원ㆍ주요주주특정증권등소유상황보고서,20260903,20260903000097,Y,주요주주변동,1,False
001520,동양,임원ㆍ주요주주특정증권등소유상황보고서,20260903,20260903000094,Y,주요주주변동,1,False
001520,동양,임원ㆍ주요주주특정증권등소유상황보고서,20260903,20260903000092,Y,주요주주변동,1,False
001520,동양,임원ㆍ주요주주특정증권등소유상황보고서,20260903,20260903000091,Y,주요주주변동,1,False
001520,동양,임원ㆍ주요주주특정증권등소유상황보고서,20260903,20260903000090,Y,주요주주변동,1,False
001520,동양,임원ㆍ주요주주특정증권등소유상황보고서,20260903,20260903000089,Y,주요주주변동,1,False
001520,동양,임원ㆍ주요주주특정증권등소유상황보고서,20260903,20260903000075,Y,주요주주변동,1,False
001520,동양,임원ㆍ주요주주특정증권등소유상황보고서,20260903,20260903000074,Y,주요주주변동,1,False
001520,동양,임원ㆍ주요주주특정증권등소유상황보고서,20260903,20260903000073,Y,주요주주변동,1,False
001520,동양,임원ㆍ주요주주특정증권등소유상황보고서,20260903,20260903000070,Y,주요주주변동,1,False
004370,농심,[기재정정]자기주식처분결과보고서,20260903,20260903000058,Y,자사주처분,2,False
072710,농심홀딩스,[기재정정]주요사항보고서(자기주식처분결정)(자회사의 주요경영사항)              ,20260903,20260903800140,Y,자사주처분,2,False
004370,농심,[기재정정]주요사항보고서(자기주식처분결정),20260903,20260903000038,Y,자사주처분,2,False
006340,대원전선,임원ㆍ주요주주특정증권등소유상황보고서,20260903,20260903000010,Y,주요주주변동,1,False
003670,포스코퓨처엠,임원ㆍ주요주주특정증권등소유상황보고서,20260902,20260902000350,Y,주요주주변동,1,False
001270,부국증권,주식등의대량보유상황보고서(일반),20260902,20260902000349,Y,대량보유,1,False
005500,삼진제약,임원ㆍ주요주주특정증권등소유상황보고서,20260902,20260902000298,Y,주요주주변동,1,False
005500,삼진제약,주식등의대량보유상황보고서(일반),20260902,20260902000292,Y,대량보유,1,False
097230,HJ중공업,임원ㆍ주요주주특정증권등소유상황보고서,20260902,20260902000289,Y,주요주주변동,1,False
004140,동방,주식등의대량보유상황보고서(약식),20260902,20260902000285,Y,대량보유,1,False
008040,사조동아원,임원ㆍ주요주주특정증권등소유상황보고서,20260902,20260902000276,Y,주요주주변동,1,False
003540,대신증권,임원ㆍ주요주주특정증권등소유상황보고서,20260902,20260902000274,Y,주요주주변동,1,False
008040,사조동아원,임원ㆍ주요주주특정증권등소유상황보고서,20260902,20260902000270,Y,주요주주변동,1,False
053690,한미글로벌,주식등의대량보유상황보고서(일반),20260902,20260902000268,Y,대량보유,1,False
008040,사조동아원,주식등의대량보유상황보고서(일반),20260902,20260902000262,Y,대량보유,1,False
003060,에이프로젠바이오로직스,임원ㆍ주요주주특정증권등소유상황보고서,20260902,20260902000254,Y,주요주주변동,1,False
090430,아모레퍼시픽,임원ㆍ주요주주특정증권등소유상황보고서,20260902,20260902000249,Y,주요주주변동,1,False
003060,에이프로젠바이오로직스,주식등의대량보유상황보고서(일반),20260902,20260902000248,Y,대량보유,1,False
090430,아모레퍼시픽,임원ㆍ주요주주특정증권등소유상황보고서,20260902,20260902000245,Y,주요주주변동,1,False
001360,삼성제약,주요사항보고서(전환사채권발행결정),20260902,20260902000227,Y,"CB,CB발행",2,False
090430,아모레퍼시픽,임원ㆍ주요주주특정증권등소유상황보고서,20260902,20260902000237,Y,주요주주변동,1,False
090430,아모레퍼시픽,임원ㆍ주요주주특정증권등소유상황보고서,20260902,20260902000233,Y,주요주주변동,1,False
021240,코웨이,임원ㆍ주요주주특정증권등소유상황보고서,20260902,20260902000230,Y,주요주주변동,1,False
090430,아모레퍼시픽,임원ㆍ주요주주특정증권등소유상황보고서,20260902,20260902000228,Y,주요주주변동,1,False
090430,아모레퍼시픽,임원ㆍ주요주주특정증권등소유상황보고서,20260902,20260902000218,Y,주요주주변동,1,False
011090,에넥스,[기재정정]주식등의대량보유상황보고서(일반),20260902,20260902000215,Y,대량보유,1,False
002790,아모레퍼시픽홀딩스,임원ㆍ주요주주특정증권등소유상황보고서,20260902,20260902000212,Y,주요주주변동,1,False
000640,동아쏘시오홀딩스,임원ㆍ주요주주특정증권등소유상황보고서,20260902,20260902000206,Y,주요주주변동,1,False
000640,동아쏘시오홀딩스,주식등의대량보유상황보고서(일반),20260902,20260902000204,Y,대량보유,1,False
003060,에이프로젠바이오로직스,주식등의대량보유상황보고서(약식),20260902,20260902000203,Y,대량보유,1,False
004770,써니전자,최대주주등소유주식변동신고서(최대주주변경시)              ,20260902,20260902800277,Y,최대주주변경,2,False
004080,신흥,임원ㆍ주요주주특정증권등소유상황보고서,20260902,20260902000157,Y,주요주주변동,1,False
005490,POSCO홀딩스,[기재정정]자기주식처분결과보고서,20260902,20260902000153,Y,자사주처분,2,False
012280,영화금속,임원ㆍ주요주주특정증권등소유상황보고서,20260902,20260902000085,Y,주요주주변동,1,False
012280,영화금속,주식등의대량보유상황보고서(일반),20260902,20260902000074,Y,대량보유,1,False
316140,우리금융지주,임원ㆍ주요주주특정증권등소유상황보고서,20260902,20260902000054,Y,주요주주변동,1,False
016610,DB증권,임원ㆍ주요주주특정증권등소유상황보고서,20260902,20260902000052,Y,주요주주변동,1,False
316140,우리금융지주,임원ㆍ주요주주특정증권등소유상황보고서,20260902,20260902000050,Y,주요주주변동,1,False
016610,DB증권,임원ㆍ주요주주특정증권등소유상황보고서,20260902,20260902000049,Y,주요주주변동,1,False
316140,우리금융지주,임원ㆍ주요주주특정증권등소유상황보고서,20260902,20260902000046,Y,주요주주변동,1,False
316140,우리금융지주,임원ㆍ주요주주특정증권등소유상황보고서,20260902,20260902000042,Y,주요주주변동,1,False
316140,우리금융지주,임원ㆍ주요주주특정증권등소유상황보고서,20260902,20260902000039,Y,주요주주변동,1,False
316140,우리금융지주,임원ㆍ주요주주특정증권등소유상황보고서,20260902,20260902000038,Y,주요주주변동,1,False
055550,신한지주,주식등의대량보유상황보고서(약식),20260902,20260902000035,Y,대량보유,1,False
316140,우리금융지주,임원ㆍ주요주주특정증권등소유상황보고서,20260902,20260902000033,Y,주요주주변동,1,False
316140,우리금융지주,임원ㆍ주요주주특정증권등소유상황보고서,20260902,20260902000029,Y,주요주주변동,1,False
316140,우리금융지주,임원ㆍ주요주주특정증권등소유상황보고서,20260902,20260902000025,Y,주요주주변동,1,False
316140,우리금융지주,임원ㆍ주요주주특정증권등소유상황보고서,20260902,20260902000021,Y,주요주주변동,1,False
316140,우리금융지주,임원ㆍ주요주주특정증권등소유상황보고서,20260902,20260902000008,Y,주요주주변동,1,False
008350,남선알미늄,주식등의대량보유상황보고서(일반),20260901,20260901000362,Y,대량보유,1,False
090080,평화산업,임원ㆍ주요주주특정증권등소유상황보고서,20260901,20260901000360,Y,주요주주변동,1,False
090080,평화산업,주식등의대량보유상황보고서(일반),20260901,20260901000359,Y,대량보유,1,False
004770,써니전자,주식등의대량보유상황보고서(일반),20260901,20260901000348,Y,대량보유,1,False
003470,유안타증권,임원ㆍ주요주주특정증권등소유상황보고서,20260901,20260901000342,Y,주요주주변동,1,False
000210,DL,주식등의대량보유상황보고서(약식),20260901,20260901000334,Y,대량보유,1,False
000480,시알홀딩스,주식등의대량보유상황보고서(일반),20260901,20260901000326,Y,대량보유,1,False
051900,LG생활건강,[기재정정]유상증자결정(종속회사의주요경영사항)              ,20260901,20260901800624,Y,유상증자,3,False
004770,써니전자,최대주주변경              ,20260901,20260901800654,Y,최대주주변경,2,False
027740,마니커,임원ㆍ주요주주특정증권등소유상황보고서,20260901,20260901000315,Y,주요주주변동,1,False
027740,마니커,주식등의대량보유상황보고서(일반),20260901,20260901000313,Y,대량보유,1,False
013520,화승코퍼레이션,주식등의대량보유상황보고서(일반),20260901,20260901000303,Y,대량보유,1,False
023530,롯데쇼핑,임원ㆍ주요주주특정증권등소유상황보고서,20260901,20260901000292,Y,주요주주변동,1,False
008930,한미사이언스,임원ㆍ주요주주특정증권등소유상황보고서,20260901,20260901000260,Y,주요주주변동,1,False
007280,한국특강,주식등의대량보유상황보고서(일반),20260901,20260901000259,Y,대량보유,1,False
008930,한미사이언스,주식등의대량보유상황보고서(일반),20260901,20260901000258,Y,대량보유,1,False
002200,한화머시너리앤서비스홀딩스,[기재정정]주식등의대량보유상황보고서(일반),20260901,20260901000257,Y,대량보유,1,False
013700,까뮤이앤씨,주식등의대량보유상황보고서(일반),20260901,20260901000253,Y,대량보유,1,False
181710,NHN,임원ㆍ주요주주특정증권등소유상황보고서,20260901,20260901000247,Y,주요주주변동,1,False
079550,LIG디펜스앤에어로스페이스,임원ㆍ주요주주특정증권등소유상황보고서,20260901,20260901000244,Y,주요주주변동,1,False
001450,현대해상,주식등의대량보유상황보고서(일반),20260901,20260901000243,Y,대량보유,1,False
000720,현대건설,임원ㆍ주요주주특정증권등소유상황보고서,20260901,20260901000239,Y,주요주주변동,1,False
000210,DL,임원ㆍ주요주주특정증권등소유상황보고서,20260901,20260901000237,Y,주요주주변동,1,False
298020,효성티앤씨,임원ㆍ주요주주특정증권등소유상황보고서,20260901,20260901000235,Y,주요주주변동,1,False
001740,SK네트웍스,임원ㆍ주요주주특정증권등소유상황보고서,20260901,20260901000234,Y,주요주주변동,1,False
003230,삼양식품,임원ㆍ주요주주특정증권등소유상황보고서,20260901,20260901000233,Y,주요주주변동,1,False
298050,HS효성첨단소재,주식등의대량보유상황보고서(약식),20260901,20260901000231,Y,대량보유,1,False
017670,SK텔레콤,자기주식처분결과보고서,20260901,20260901000214,Y,자사주처분,2,False
017670,SK텔레콤,임원ㆍ주요주주특정증권등소유상황보고서,20260901,20260901000208,Y,주요주주변동,1,False
017670,SK텔레콤,임원ㆍ주요주주특정증권등소유상황보고서,20260901,20260901000205,Y,주요주주변동,1,False
017670,SK텔레콤,임원ㆍ주요주주특정증권등소유상황보고서,20260901,20260901000202,Y,주요주주변동,1,False
017670,SK텔레콤,임원ㆍ주요주주특정증권등소유상황보고서,20260901,20260901000199,Y,주요주주변동,1,False
017670,SK텔레콤,임원ㆍ주요주주특정증권등소유상황보고서,20260901,20260901000194,Y,주요주주변동,1,False
396690,미래에셋글로벌리츠,주식등의대량보유상황보고서(약식),20260901,20260901000193,Y,대량보유,1,False
365550,ESR켄달스퀘어리츠,주식등의대량보유상황보고서(약식),20260901,20260901000192,Y,대량보유,1,False
007660,이수페타시스,주식등의대량보유상황보고서(약식),20260901,20260901000187,Y,대량보유,1,False
017370,우신시스템,주식등의대량보유상황보고서(일반),20260901,20260901000160,Y,대량보유,1,False
012200,계양전기,[기재정정]주요사항보고서(유상증자결정),20260901,20260901000140,Y,유상증자,3,False
039130,하나투어,주식등의대량보유상황보고서(일반),20260901,20260901000150,Y,대량보유,1,False
010580,에스엠벡셀,주식등의대량보유상황보고서(일반),20260901,20260901000144,Y,대량보유,1,False
010580,에스엠벡셀,임원ㆍ주요주주특정증권등소유상황보고서,20260901,20260901000141,Y,주요주주변동,1,False
000120,CJ대한통운,임원ㆍ주요주주특정증권등소유상황보고서,20260901,20260901000099,Y,주요주주변동,1,False
012200,계양전기,유상증자신주발행가액(안내공시)              ,20260901,20260901800201,Y,유상증자,3,False
214320,이노션,주식등의대량보유상황보고서(약식),20260901,20260901000094,Y,대량보유,1,False
271560,오리온,주식등의대량보유상황보고서(약식),20260901,20260901000076,Y,대량보유,1,False
015360,INVENI,임원ㆍ주요주주특정증권등소유상황보고서,20260901,20260901000064,Y,주요주주변동,1,False
015360,INVENI,주식등의대량보유상황보고서(일반),20260901,20260901000063,Y,대량보유,1,False
001500,현대차증권,임원ㆍ주요주주특정증권등소유상황보고서,20260901,20260901000040,Y,주요주주변동,1,False
334890,이지스밸류플러스리츠,임원ㆍ주요주주특정증권등소유상황보고서,20260901,20260901000028,Y,주요주주변동,1,False
950210,프레스티지바이오파마,임원ㆍ주요주주특정증권등소유상황보고서,20260901,20260901000026,Y,주요주주변동,1,False
381970,KG모빌리티플랫폼,최대주주등소유주식변동신고서(최대주주변경시)              ,20260901,20260901800102,Y,최대주주변경,2,False
950210,프레스티지바이오파마,주식등의대량보유상황보고서(일반),20260901,20260901000023,Y,대량보유,1,False
381970,KG모빌리티플랫폼,최대주주변경              ,20260901,20260901800085,Y,최대주주변경,2,False
029460,케이씨,임원ㆍ주요주주특정증권등소유상황보고서,20260831,20260831001516,Y,주요주주변동,1,False
029460,케이씨,임원ㆍ주요주주특정증권등소유상황보고서,20260831,20260831001506,Y,주요주주변동,1,False
029460,케이씨,주식등의대량보유상황보고서(일반),20260831,20260831001492,Y,대량보유,1,False
024900,디와이덕양,주식등의대량보유상황보고서(일반),20260831,20260831001487,Y,대량보유,1,False
069960,현대백화점,주식등의대량보유상황보고서(일반),20260831,20260831001479,Y,대량보유,1,False
453340,현대그린푸드,주식등의대량보유상황보고서(일반),20260831,20260831001477,Y,대량보유,1,False
029460,케이씨,주식등의대량보유상황보고서(일반),20260831,20260831001469,Y,대량보유,1,False
100090,SK오션플랜트,주식등의대량보유상황보고서(일반),20260831,20260831001461,Y,대량보유,1,False
016090,대현,임원ㆍ주요주주특정증권등소유상황보고서,20260831,20260831001450,Y,주요주주변동,1,False
032350,롯데관광개발,전환가액ㆍ신주인수권행사가액ㆍ교환가액의조정(안내공시)              ,20260831,20260831800725,Y,"신주인수권,신주인수권행사",3,False
029460,케이씨,주식등의대량보유상황보고서(일반),20260831,20260831001444,Y,대량보유,1,False
031820,아이티센씨티에스,주요사항보고서(전환사채권발행결정),20260831,20260831001414,Y,"CB,CB발행",2,False
267270,HD건설기계,유상증자결정(종속회사의주요경영사항)              ,20260831,20260831800675,Y,유상증자,3,False
016090,대현,임원ㆍ주요주주특정증권등소유상황보고서,20260831,20260831001440,Y,주요주주변동,1,False
016090,대현,주식등의대량보유상황보고서(일반),20260831,20260831001432,Y,대량보유,1,False
006840,AK홀딩스,[기재정정]유상증자결정(종속회사의주요경영사항)              ,20260831,20260831800639,Y,유상증자,3,False
120110,코오롱인더,주식등의대량보유상황보고서(일반),20260831,20260831001419,Y,대량보유,1,False
069640,한세엠케이,임원ㆍ주요주주특정증권등소유상황보고서,20260831,20260831001416,Y,주요주주변동,1,False
002880,디와이에이,전환가액ㆍ신주인수권행사가액ㆍ교환가액의조정(안내공시)              ,20260831,20260831800635,Y,"신주인수권,신주인수권행사",3,False
069640,한세엠케이,임원ㆍ주요주주특정증권등소유상황보고서,20260831,20260831001399,Y,주요주주변동,1,False
300720,한일시멘트,주식등의대량보유상황보고서(일반),20260831,20260831001390,Y,대량보유,1,False
161000,애경케미칼,[기재정정]유상증자결정(종속회사의주요경영사항)              ,20260831,20260831800625,Y,유상증자,3,False
185750,종근당,주식등의대량보유상황보고서(일반),20260831,20260831001373,Y,대량보유,1,False
002020,코오롱,[기재정정]주요사항보고서(자기주식처분결정)(자회사의 주요경영사항)              ,20260831,20260831800589,Y,자사주처분,2,False
003070,코오롱글로벌,[기재정정]주요사항보고서(자기주식처분결정),20260831,20260831001321,Y,자사주처분,2,False
000950,전방,임원ㆍ주요주주특정증권등소유상황보고서,20260831,20260831001357,Y,주요주주변동,1,False
009190,대양금속,전환가액ㆍ신주인수권행사가액ㆍ교환가액의조정(안내공시)              ,20260831,20260831800558,Y,"신주인수권,신주인수권행사",3,False
009190,대양금속,[기재정정]주요사항보고서(유상증자결정),20260831,20260831001313,Y,유상증자,3,False
003540,대신증권,주식등의대량보유상황보고서(일반),20260831,20260831001335,Y,대량보유,1,False
002070,비비안,[기재정정]주요사항보고서(유상증자결정),20260831,20260831001304,Y,유상증자,3,False
016610,DB증권,임원ㆍ주요주주특정증권등소유상황보고서,20260831,20260831001325,Y,주요주주변동,1,False
002070,비비안,[기재정정]주요사항보고서(유상증자결정),20260831,20260831001299,Y,유상증자,3,False
004170,신세계,주식등의대량보유상황보고서(일반),20260831,20260831001294,Y,대량보유,1,False
004410,서울식품공업,전환가액ㆍ신주인수권행사가액ㆍ교환가액의조정(안내공시)              ,20260831,20260831800449,Y,"신주인수권,신주인수권행사",3,False
011090,에넥스,주식등의대량보유상황보고서(일반),20260831,20260831001152,Y,대량보유,1,False
011090,에넥스,임원ㆍ주요주주특정증권등소유상황보고서,20260831,20260831001126,Y,주요주주변동,1,False
000050,경방,주식등의대량보유상황보고서(일반),20260831,20260831001124,Y,대량보유,1,False
448730,삼성FN리츠,특수관계인의유상증자참여,20260831,20260831000842,Y,유상증자,3,False
489790,한화비전,임원ㆍ주요주주특정증권등소유상황보고서,20260831,20260831000388,Y,주요주주변동,1,False
326030,에스케이바이오팜,임원ㆍ주요주주특정증권등소유상황보고서,20260831,20260831000159,Y,주요주주변동,1,False
326030,에스케이바이오팜,임원ㆍ주요주주특정증권등소유상황보고서,20260831,20260831000145,Y,주요주주변동,1,False
006340,대원전선,임원ㆍ주요주주특정증권등소유상황보고서,20260831,20260831000114,Y,주요주주변동,1,False
210980,SK디앤디,[기재정정]주요사항보고서(유상증자결정),20260831,20260831000079,Y,유상증자,3,False
005930,삼성전자,임원ㆍ주요주주특정증권등소유상황보고서,20260831,20260831000066,Y,주요주주변동,1,False
210980,SK디앤디,유상증자신주발행가액(안내공시)              ,20260831,20260831800070,Y,유상증자,3,False
005930,삼성전자,주식등의대량보유상황보고서(일반),20260828,20260828001916,Y,대량보유,1,False
068270,셀트리온,주식등의대량보유상황보고서(일반),20260828,20260828001911,Y,대량보유,1,False
475560,더본코리아,주식등의대량보유상황보고서(일반),20260828,20260828001907,Y,대량보유,1,False
032350,롯데관광개발,임원ㆍ주요주주특정증권등소유상황보고서,20260828,20260828001887,Y,주요주주변동,1,False
012030,DB,주식등의대량보유상황보고서(일반),20260828,20260828001875,Y,대량보유,1,False
032350,롯데관광개발,주식등의대량보유상황보고서(일반),20260828,20260828001872,Y,대량보유,1,False
005930,삼성전자,임원ㆍ주요주주특정증권등소유상황보고서,20260828,20260828001836,Y,주요주주변동,1,False
028260,삼성물산,유상증자결정(종속회사의주요경영사항)              ,20260828,20260828800769,Y,유상증자,3,False
002200,한화머시너리앤서비스홀딩스,임원ㆍ주요주주특정증권등소유상황보고서,20260828,20260828001824,Y,주요주주변동,1,False
002920,유성기업,임원ㆍ주요주주특정증권등소유상황보고서,20260828,20260828001819,Y,주요주주변동,1,False
004140,동방,유상증자또는주식관련사채등의발행결과(자율공시)              ,20260828,20260828800687,Y,유상증자,3,False
044380,주연테크,임원ㆍ주요주주특정증권등소유상황보고서,20260828,20260828001812,Y,주요주주변동,1,False
044380,주연테크,주식등의대량보유상황보고서(일반),20260828,20260828001808,Y,대량보유,1,False
002200,한화머시너리앤서비스홀딩스,임원ㆍ주요주주특정증권등소유상황보고서,20260828,20260828001794,Y,주요주주변동,1,False
138040,메리츠금융지주,임원ㆍ주요주주특정증권등소유상황보고서,20260828,20260828001784,Y,주요주주변동,1,False
002200,한화머시너리앤서비스홀딩스,임원ㆍ주요주주특정증권등소유상황보고서,20260828,20260828001778,Y,주요주주변동,1,False
138040,메리츠금융지주,임원ㆍ주요주주특정증권등소유상황보고서,20260828,20260828001764,Y,주요주주변동,1,False
002200,한화머시너리앤서비스홀딩스,임원ㆍ주요주주특정증권등소유상황보고서,20260828,20260828001762,Y,주요주주변동,1,False
033920,무학,임원ㆍ주요주주특정증권등소유상황보고서,20260828,20260828001760,Y,주요주주변동,1,False
002920,유성기업,임원ㆍ주요주주특정증권등소유상황보고서,20260828,20260828001758,Y,주요주주변동,1,False
003030,세아제강지주,임원ㆍ주요주주특정증권등소유상황보고서,20260828,20260828001744,Y,주요주주변동,1,False
002200,한화머시너리앤서비스홀딩스,임원ㆍ주요주주특정증권등소유상황보고서,20260828,20260828001725,Y,주요주주변동,1,False
002200,한화머시너리앤서비스홀딩스,임원ㆍ주요주주특정증권등소유상황보고서,20260828,20260828001723,Y,주요주주변동,1,False
002920,유성기업,주식등의대량보유상황보고서(일반),20260828,20260828001718,Y,대량보유,1,False
002200,한화머시너리앤서비스홀딩스,주식등의대량보유상황보고서(일반),20260828,20260828001708,Y,대량보유,1,False
030720,동원수산,주식등의대량보유상황보고서(일반),20260828,20260828001695,Y,대량보유,1,False
030720,동원수산,임원ㆍ주요주주특정증권등소유상황보고서,20260828,20260828001679,Y,주요주주변동,1,False
010780,아이에스동서,주식등의대량보유상황보고서(일반),20260828,20260828001678,Y,대량보유,1,False
093370,후성,주식등의대량보유상황보고서(일반),20260828,20260828001637,Y,대량보유,1,False
000070,삼양홀딩스,주식등의대량보유상황보고서(일반),20260828,20260828001600,Y,대량보유,1,False
012450,한화에어로스페이스,임원ㆍ주요주주특정증권등소유상황보고서,20260828,20260828001586,Y,주요주주변동,1,False
000040,KR모터스,전환청구권ㆍ신주인수권ㆍ교환청구권행사              ,20260828,20260828800620,Y,"교환청구,신주인수권,전환청구",3,False
009190,대양금속,주요사항보고서(유상증자결정),20260828,20260828001521,Y,유상증자,3,False
006490,프리티,[기재정정]주요사항보고서(전환사채권발행결정),20260828,20260828001463,Y,"CB,CB발행",2,False
003070,코오롱글로벌,자기주식처분결과보고서,20260828,20260828001528,Y,자사주처분,2,False
007460,에이프로젠,주식등의대량보유상황보고서(일반),20260828,20260828001519,Y,대량보유,1,False
248070,솔루엠,주식등의대량보유상황보고서(일반),20260828,20260828001517,Y,대량보유,1,False
251270,넷마블,주식등의대량보유상황보고서(일반),20260828,20260828001491,Y,대량보유,1,False
001270,부국증권,임원ㆍ주요주주특정증권등소유상황보고서,20260828,20260828001480,Y,주요주주변동,1,False
248070,솔루엠,임원ㆍ주요주주특정증권등소유상황보고서,20260828,20260828001473,Y,주요주주변동,1,False
027410,BGF,주식등의대량보유상황보고서(일반),20260828,20260828001446,Y,대량보유,1,False
009830,한화솔루션,임원ㆍ주요주주특정증권등소유상황보고서,20260828,20260828001432,Y,주요주주변동,1,False
214330,금호에이치티,임원ㆍ주요주주특정증권등소유상황보고서,20260828,20260828001428,Y,주요주주변동,1,False
025560,미래산업,주식등의대량보유상황보고서(일반),20260828,20260828001370,Y,대량보유,1,False
095570,AJ네트웍스,주식등의대량보유상황보고서(일반),20260828,20260828001365,Y,대량보유,1,False
006490,프리티,[기재정정]주요사항보고서(유상증자결정),20260828,20260828001298,Y,유상증자,3,False
214330,금호에이치티,주식등의대량보유상황보고서(일반),20260828,20260828001328,Y,대량보유,1,False
017040,광명전기,[기재정정]투자판단관련주요경영사항              (최대주주 변경을 수반하는 주식양수도계약 체결),20260828,20260828800457,Y,최대주주변경,2,False
079550,LIG디펜스앤에어로스페이스,주식등의대량보유상황보고서(일반),20260828,20260828001248,Y,대량보유,1,False
139480,이마트,감자결정(종속회사의주요경영사항)              ,20260828,20260828800315,Y,감자,3,False
003350,한국화장품제조,주식등의대량보유상황보고서(약식),20260828,20260828000539,Y,대량보유,1,False
009190,대양금속,임원ㆍ주요주주특정증권등소유상황보고서,20260828,20260828000395,Y,주요주주변동,1,False
034730,SK,임원ㆍ주요주주특정증권등소유상황보고서,20260828,20260828000382,Y,주요주주변동,1,False
034730,SK,임원ㆍ주요주주특정증권등소유상황보고서,20260828,20260828000355,Y,주요주주변동,1,False
034730,SK,임원ㆍ주요주주특정증권등소유상황보고서,20260828,20260828000332,Y,주요주주변동,1,False
034730,SK,임원ㆍ주요주주특정증권등소유상황보고서,20260828,20260828000310,Y,주요주주변동,1,False
034730,SK,임원ㆍ주요주주특정증권등소유상황보고서,20260828,20260828000268,Y,주요주주변동,1,False
001500,현대차증권,임원ㆍ주요주주특정증권등소유상황보고서,20260828,20260828000205,Y,주요주주변동,1,False
001500,현대차증권,임원ㆍ주요주주특정증권등소유상황보고서,20260828,20260828000185,Y,주요주주변동,1,False
002360,SH에너지화학,임원ㆍ주요주주특정증권등소유상황보고서,20260828,20260828000178,Y,주요주주변동,1,False
001500,현대차증권,임원ㆍ주요주주특정증권등소유상황보고서,20260828,20260828000166,Y,주요주주변동,1,False
001500,현대차증권,임원ㆍ주요주주특정증권등소유상황보고서,20260828,20260828000127,Y,주요주주변동,1,False
207940,삼성바이오로직스,주요사항보고서(유상증자결정),20260828,20260828000001,Y,유상증자,3,False
000640,동아쏘시오홀딩스,주식등의대량보유상황보고서(일반),20260827,20260827000942,Y,대량보유,1,False
363280,티와이홀딩스,주요사항보고서(유상증자결정)(자회사의 주요경영사항)              ,20260827,20260827800503,Y,유상증자,3,False
009410,태영건설,주요사항보고서(유상증자결정),20260827,20260827000833,Y,유상증자,3,False
003300,한일홀딩스,주식등의대량보유상황보고서(일반),20260827,20260827000888,Y,대량보유,1,False
003620,KG모빌리티,주요사항보고서(전환사채권발행결정),20260827,20260827000861,Y,"CB,CB발행",2,False
009810,MDS스피어,유상증자또는주식관련사채등의발행결과(자율공시)              ,20260827,20260827800475,Y,유상증자,3,False
011790,SKC,임원ㆍ주요주주특정증권등소유상황보고서,20260827,20260827000791,Y,주요주주변동,1,False
002960,한국쉘석유,주식등의대량보유상황보고서(약식),20260827,20260827000683,Y,대량보유,1,False
002960,한국쉘석유,주식등의대량보유상황보고서(약식),20260827,20260827000673,Y,대량보유,1,False
357120,코람코라이프인프라리츠,임원ㆍ주요주주특정증권등소유상황보고서,20260827,20260827000672,Y,주요주주변동,1,False
334890,이지스밸류플러스리츠,임원ㆍ주요주주특정증권등소유상황보고서,20260827,20260827000670,Y,주요주주변동,1,False
293940,신한알파리츠,임원ㆍ주요주주특정증권등소유상황보고서,20260827,20260827000669,Y,주요주주변동,1,False
330590,롯데리츠,임원ㆍ주요주주특정증권등소유상황보고서,20260827,20260827000668,Y,주요주주변동,1,False
365550,ESR켄달스퀘어리츠,임원ㆍ주요주주특정증권등소유상황보고서,20260827,20260827000666,Y,주요주주변동,1,False
451800,한화리츠,임원ㆍ주요주주특정증권등소유상황보고서,20260827,20260827000665,Y,주요주주변동,1,False
448730,삼성FN리츠,임원ㆍ주요주주특정증권등소유상황보고서,20260827,20260827000664,Y,주요주주변동,1,False
417310,코람코더원리츠,임원ㆍ주요주주특정증권등소유상황보고서,20260827,20260827000663,Y,주요주주변동,1,False
404990,신한서부티엔디리츠,임원ㆍ주요주주특정증권등소유상황보고서,20260827,20260827000662,Y,주요주주변동,1,False
395400,SK리츠,임원ㆍ주요주주특정증권등소유상황보고서,20260827,20260827000659,Y,주요주주변동,1,False
377190,디앤디플랫폼리츠,임원ㆍ주요주주특정증권등소유상황보고서,20260827,20260827000658,Y,주요주주변동,1,False
001290,상상인증권,임원ㆍ주요주주특정증권등소유상황보고서,20260827,20260827000656,Y,주요주주변동,1,False
001290,상상인증권,임원ㆍ주요주주특정증권등소유상황보고서,20260827,20260827000648,Y,주요주주변동,1,False
001290,상상인증권,주식등의대량보유상황보고서(일반),20260827,20260827000638,Y,대량보유,1,False
049800,우진플라임,임원ㆍ주요주주특정증권등소유상황보고서,20260827,20260827000617,Y,주요주주변동,1,False
090430,아모레퍼시픽,임원ㆍ주요주주특정증권등소유상황보고서,20260827,20260827000606,Y,주요주주변동,1,False
109070,주성코퍼레이션,임원ㆍ주요주주특정증권등소유상황보고서,20260827,20260827000596,Y,주요주주변동,1,False
008870,금비,임원ㆍ주요주주특정증권등소유상황보고서,20260827,20260827000593,Y,주요주주변동,1,False
090430,아모레퍼시픽,임원ㆍ주요주주특정증권등소유상황보고서,20260827,20260827000588,Y,주요주주변동,1,False
017940,E1,주식등의대량보유상황보고서(일반),20260827,20260827000581,Y,대량보유,1,False
090430,아모레퍼시픽,임원ㆍ주요주주특정증권등소유상황보고서,20260827,20260827000575,Y,주요주주변동,1,False
090430,아모레퍼시픽,임원ㆍ주요주주특정증권등소유상황보고서,20260827,20260827000563,Y,주요주주변동,1,False
019680,대교,임원ㆍ주요주주특정증권등소유상황보고서,20260827,20260827000500,Y,주요주주변동,1,False
019680,대교,임원ㆍ주요주주특정증권등소유상황보고서,20260827,20260827000498,Y,주요주주변동,1,False
019680,대교,임원ㆍ주요주주특정증권등소유상황보고서,20260827,20260827000497,Y,주요주주변동,1,False
019680,대교,임원ㆍ주요주주특정증권등소유상황보고서,20260827,20260827000495,Y,주요주주변동,1,False
019680,대교,임원ㆍ주요주주특정증권등소유상황보고서,20260827,20260827000490,Y,주요주주변동,1,False
000720,현대건설,임원ㆍ주요주주특정증권등소유상황보고서,20260827,20260827000488,Y,주요주주변동,1,False
019680,대교,임원ㆍ주요주주특정증권등소유상황보고서,20260827,20260827000480,Y,주요주주변동,1,False
019680,대교,임원ㆍ주요주주특정증권등소유상황보고서,20260827,20260827000473,Y,주요주주변동,1,False
019680,대교,임원ㆍ주요주주특정증권등소유상황보고서,20260827,20260827000469,Y,주요주주변동,1,False
019680,대교,임원ㆍ주요주주특정증권등소유상황보고서,20260827,20260827000465,Y,주요주주변동,1,False
019680,대교,임원ㆍ주요주주특정증권등소유상황보고서,20260827,20260827000462,Y,주요주주변동,1,False
019680,대교,임원ㆍ주요주주특정증권등소유상황보고서,20260827,20260827000454,Y,주요주주변동,1,False
019680,대교,임원ㆍ주요주주특정증권등소유상황보고서,20260827,20260827000450,Y,주요주주변동,1,False
019680,대교,임원ㆍ주요주주특정증권등소유상황보고서,20260827,20260827000445,Y,주요주주변동,1,False
010640,진양폴리우레탄,임원ㆍ주요주주특정증권등소유상황보고서,20260827,20260827000426,Y,주요주주변동,1,False
107590,미원홀딩스,임원ㆍ주요주주특정증권등소유상황보고서,20260827,20260827000419,Y,주요주주변동,1,False
010640,진양폴리우레탄,임원ㆍ주요주주특정증권등소유상황보고서,20260827,20260827000414,Y,주요주주변동,1,False
034730,SK,주요사항보고서(자기주식처분결정)(자회사의 주요경영사항)              ,20260827,20260827800149,Y,자사주처분,2,False
017670,SK텔레콤,주요사항보고서(자기주식처분결정),20260827,20260827000390,Y,자사주처분,2,False
010640,진양폴리우레탄,임원ㆍ주요주주특정증권등소유상황보고서,20260827,20260827000250,Y,주요주주변동,1,False
010640,진양폴리우레탄,주식등의대량보유상황보고서(일반),20260827,20260827000247,Y,대량보유,1,False
003780,진양산업,임원ㆍ주요주주특정증권등소유상황보고서,20260827,20260827000234,Y,주요주주변동,1,False
001290,상상인증권,임원ㆍ주요주주특정증권등소유상황보고서,20260827,20260827000198,Y,주요주주변동,1,False
293480,하나제약,임원ㆍ주요주주특정증권등소유상황보고서,20260827,20260827000085,Y,주요주주변동,1,False
006340,대원전선,임원ㆍ주요주주특정증권등소유상황보고서,20260827,20260827000053,Y,주요주주변동,1,False
001270,부국증권,주식등의대량보유상황보고서(일반),20260826,20260826000819,Y,대량보유,1,False
024720,콜마홀딩스,주식등의대량보유상황보고서(일반),20260826,20260826000805,Y,대량보유,1,False
001210,금호전기,임원ㆍ주요주주특정증권등소유상황보고서,20260826,20260826000788,Y,주요주주변동,1,False
078930,GS,주식등의대량보유상황보고서(일반),20260826,20260826000775,Y,대량보유,1,False
105630,한세실업,주식등의대량보유상황보고서(일반),20260826,20260826000749,Y,대량보유,1,False
016450,한세예스24홀딩스,주식등의대량보유상황보고서(일반),20260826,20260826000741,Y,대량보유,1,False
011090,에넥스,[기재정정]주요사항보고서(유상증자결정),20260826,20260826000686,Y,유상증자,3,False
448730,삼성FN리츠,주요사항보고서(유상증자결정),20260826,20260826000684,Y,유상증자,3,False
007110,일신석재,임원ㆍ주요주주특정증권등소유상황보고서,20260826,20260826000713,Y,주요주주변동,1,False
002780,진흥기업,임원ㆍ주요주주특정증권등소유상황보고서,20260826,20260826000630,Y,주요주주변동,1,False
004410,서울식품공업,임원ㆍ주요주주특정증권등소유상황보고서,20260826,20260826000625,Y,주요주주변동,1,False
002780,진흥기업,주식등의대량보유상황보고서(일반),20260826,20260826000618,Y,대량보유,1,False
016610,DB증권,임원ㆍ주요주주특정증권등소유상황보고서,20260826,20260826000567,Y,주요주주변동,1,False
016610,DB증권,임원ㆍ주요주주특정증권등소유상황보고서,20260826,20260826000563,Y,주요주주변동,1,False
034730,SK,자기주식처분결과보고서,20260826,20260826000562,Y,자사주처분,2,False
016610,DB증권,임원ㆍ주요주주특정증권등소유상황보고서,20260826,20260826000556,Y,주요주주변동,1,False
009810,MDS스피어,임원ㆍ주요주주특정증권등소유상황보고서,20260826,20260826000553,Y,주요주주변동,1,False
016610,DB증권,임원ㆍ주요주주특정증권등소유상황보고서,20260826,20260826000550,Y,주요주주변동,1,False
066970,엘앤에프,주식등의대량보유상황보고서(일반),20260826,20260826000546,Y,대량보유,1,False
021240,코웨이,임원ㆍ주요주주특정증권등소유상황보고서,20260826,20260826000543,Y,주요주주변동,1,False
005930,삼성전자,임원ㆍ주요주주특정증권등소유상황보고서,20260826,20260826000445,Y,주요주주변동,1,False
010580,에스엠벡셀,주식등의대량보유상황보고서(일반),20260826,20260826000437,Y,대량보유,1,False
005930,삼성전자,[기재정정]임원ㆍ주요주주특정증권등소유상황보고서,20260826,20260826000434,Y,주요주주변동,1,False
090430,아모레퍼시픽,임원ㆍ주요주주특정증권등소유상황보고서,20260826,20260826000432,Y,주요주주변동,1,False
010580,에스엠벡셀,임원ㆍ주요주주특정증권등소유상황보고서,20260826,20260826000430,Y,주요주주변동,1,False
012630,HDC,주식등의대량보유상황보고서(약식),20260826,20260826000408,Y,대량보유,1,False
009320,아진전자부품,주식등의대량보유상황보고서(일반),20260826,20260826000352,Y,대량보유,1,False
000720,현대건설,임원ㆍ주요주주특정증권등소유상황보고서,20260826,20260826000343,Y,주요주주변동,1,False
010640,진양폴리우레탄,임원ㆍ주요주주특정증권등소유상황보고서,20260826,20260826000338,Y,주요주주변동,1,False
483650,달바글로벌,주식등의대량보유상황보고서(일반),20260826,20260826000317,Y,대량보유,1,False
006370,대구백화점,주식등의대량보유상황보고서(일반),20260826,20260826000283,Y,대량보유,1,False
015360,INVENI,임원ㆍ주요주주특정증권등소유상황보고서,20260826,20260826000274,Y,주요주주변동,1,False
015360,INVENI,주식등의대량보유상황보고서(일반),20260826,20260826000273,Y,대량보유,1,False
008350,남선알미늄,주식등의대량보유상황보고서(일반),20260826,20260826000249,Y,대량보유,1,False
105840,우진,주식등의대량보유상황보고서(일반),20260826,20260826000226,Y,대량보유,1,False
006400,삼성SDI,임원ㆍ주요주주특정증권등소유상황보고서,20260826,20260826000215,Y,주요주주변동,1,False
010950,S-Oil,임원ㆍ주요주주특정증권등소유상황보고서,20260826,20260826000210,Y,주요주주변동,1,False
010950,S-Oil,임원ㆍ주요주주특정증권등소유상황보고서,20260826,20260826000209,Y,주요주주변동,1,False
023960,에쓰씨엔지니어링,임원ㆍ주요주주특정증권등소유상황보고서,20260826,20260826000167,Y,주요주주변동,1,False
334890,이지스밸류플러스리츠,임원ㆍ주요주주특정증권등소유상황보고서,20260826,20260826000155,Y,주요주주변동,1,False
047810,한국항공우주,임원ㆍ주요주주특정증권등소유상황보고서,20260826,20260826000154,Y,주요주주변동,1,False
047400,유니온머티리얼,임원ㆍ주요주주특정증권등소유상황보고서,20260826,20260826000143,Y,주요주주변동,1,False
018260,삼성에스디에스,임원ㆍ주요주주특정증권등소유상황보고서,20260826,20260825000495,Y,주요주주변동,1,False
034730,SK,주요사항보고서(자기주식처분결정),20260825,20260825000473,Y,자사주처분,2,False
483650,달바글로벌,임원ㆍ주요주주특정증권등소유상황보고서,20260825,20260825000467,Y,주요주주변동,1,False
006260,LS,주식등의대량보유상황보고서(일반),20260825,20260825000465,Y,대량보유,1,False
000950,전방,주식등의대량보유상황보고서(일반),20260825,20260825000448,Y,대량보유,1,False
001360,삼성제약,주식등의대량보유상황보고서(약식),20260825,20260825000441,Y,대량보유,1,False
000950,전방,임원ㆍ주요주주특정증권등소유상황보고서,20260825,20260825000434,Y,주요주주변동,1,False
003960,사조대림,주식등의대량보유상황보고서(일반),20260825,20260825000432,Y,대량보유,1,False
005500,삼진제약,임원ㆍ주요주주특정증권등소유상황보고서,20260825,20260825000416,Y,주요주주변동,1,False
003470,유안타증권,임원ㆍ주요주주특정증권등소유상황보고서,20260825,20260825000412,Y,주요주주변동,1,False
005500,삼진제약,임원ㆍ주요주주특정증권등소유상황보고서,20260825,20260825000411,Y,주요주주변동,1,False
003470,유안타증권,임원ㆍ주요주주특정증권등소유상황보고서,20260825,20260825000410,Y,주요주주변동,1,False
005500,삼진제약,임원ㆍ주요주주특정증권등소유상황보고서,20260825,20260825000408,Y,주요주주변동,1,False
003470,유안타증권,임원ㆍ주요주주특정증권등소유상황보고서,20260825,20260825000407,Y,주요주주변동,1,False
007110,일신석재,임원ㆍ주요주주특정증권등소유상황보고서,20260825,20260825000404,Y,주요주주변동,1,False
005500,삼진제약,주식등의대량보유상황보고서(일반),20260825,20260825000402,Y,대량보유,1,False
005500,삼진제약,주식등의대량보유상황보고서(일반),20260825,20260825000395,Y,대량보유,1,False
005010,휴스틸,임원ㆍ주요주주특정증권등소유상황보고서,20260825,20260825000378,Y,주요주주변동,1,False
352820,하이브,주요사항보고서(자기주식처분결정),20260825,20260825000350,Y,자사주처분,2,False
007110,일신석재,임원ㆍ주요주주특정증권등소유상황보고서,20260825,20260825000351,Y,주요주주변동,1,False
034230,파라다이스,주식등의대량보유상황보고서(일반),20260825,20260825000348,Y,대량보유,1,False
161890,한국콜마,주식등의대량보유상황보고서(일반),20260825,20260825000337,Y,대량보유,1,False
161890,한국콜마,임원ㆍ주요주주특정증권등소유상황보고서,20260825,20260825000306,Y,주요주주변동,1,False
005880,대한해운,주식등의대량보유상황보고서(약식),20260825,20260825000293,Y,대량보유,1,False
086790,하나금융지주,임원ㆍ주요주주특정증권등소유상황보고서,20260825,20260825000280,Y,주요주주변동,1,False
446070,유니드비티플러스,주식등의대량보유상황보고서(일반),20260825,20260825000261,Y,대량보유,1,False
002840,미원상사,임원ㆍ주요주주특정증권등소유상황보고서,20260825,20260825000259,Y,주요주주변동,1,False
090430,아모레퍼시픽,자기주식처분결과보고서,20260825,20260825000257,Y,자사주처분,2,False
031210,서울보증보험,임원ㆍ주요주주특정증권등소유상황보고서,20260825,20260825000247,Y,주요주주변동,1,False
014830,유니드,주식등의대량보유상황보고서(일반),20260825,20260825000243,Y,대량보유,1,False
000490,대동,주식등의대량보유상황보고서(일반),20260825,20260825000236,Y,대량보유,1,False
000490,대동,임원ㆍ주요주주특정증권등소유상황보고서,20260825,20260825000234,Y,주요주주변동,1,False
033920,무학,임원ㆍ주요주주특정증권등소유상황보고서,20260825,20260825000215,Y,주요주주변동,1,False
090080,평화산업,임원ㆍ주요주주특정증권등소유상황보고서,20260825,20260825000214,Y,주요주주변동,1,False
090080,평화산업,주식등의대량보유상황보고서(일반),20260825,20260825000212,Y,대량보유,1,False
051630,진양화학,임원ㆍ주요주주특정증권등소유상황보고서,20260825,20260825000182,Y,주요주주변동,1,False
047400,유니온머티리얼,임원ㆍ주요주주특정증권등소유상황보고서,20260825,20260825000078,Y,주요주주변동,1,False
005820,원림,주식등의대량보유상황보고서(일반),20260824,20260824000338,Y,대량보유,1,False
005820,원림,임원ㆍ주요주주특정증권등소유상황보고서,20260824,20260824000332,Y,주요주주변동,1,False
001080,만호제강,주식등의대량보유상황보고서(일반),20260824,20260824000285,Y,대량보유,1,False
069640,한세엠케이,임원ㆍ주요주주특정증권등소유상황보고서,20260824,20260824000279,Y,주요주주변동,1,False
069640,한세엠케이,임원ㆍ주요주주특정증권등소유상황보고서,20260824,20260824000271,Y,주요주주변동,1,False
011000,진원생명과학,[기재정정]주요사항보고서(유상증자결정),20260824,20260824000250,Y,유상증자,3,False
051900,LG생활건강,유상증자결정(종속회사의주요경영사항)              ,20260824,20260824800483,Y,유상증자,3,False
009240,한샘,임원ㆍ주요주주특정증권등소유상황보고서,20260824,20260824000239,Y,주요주주변동,1,False
336370,솔루스첨단소재,주식등의대량보유상황보고서(일반),20260824,20260824000235,Y,대량보유,1,False
014990,인디에프,주식등의대량보유상황보고서(일반),20260824,20260824000233,Y,대량보유,1,False
002070,비비안,임원ㆍ주요주주특정증권등소유상황보고서,20260824,20260824000229,Y,주요주주변동,1,False
005930,삼성전자,임원ㆍ주요주주특정증권등소유상황보고서,20260824,20260824000222,Y,주요주주변동,1,False
005850,에스엘,임원ㆍ주요주주특정증권등소유상황보고서,20260824,20260824000221,Y,주요주주변동,1,False
014990,인디에프,임원ㆍ주요주주특정증권등소유상황보고서,20260824,20260824000218,Y,주요주주변동,1,False
044450,KSS해운,주식등의대량보유상황보고서(약식),20260824,20260824000217,Y,대량보유,1,False
006570,대림통상,주식등의대량보유상황보고서(일반),20260824,20260824000206,Y,대량보유,1,False
008490,서흥,주식등의대량보유상황보고서(약식),20260824,20260824000198,Y,대량보유,1,False
014160,대영포장,주식등의대량보유상황보고서(일반),20260824,20260824000189,Y,대량보유,1,False
014160,대영포장,임원ㆍ주요주주특정증권등소유상황보고서,20260824,20260824000182,Y,주요주주변동,1,False
051630,진양화학,임원ㆍ주요주주특정증권등소유상황보고서,20260824,20260824000167,Y,주요주주변동,1,False
005380,현대자동차,임원ㆍ주요주주특정증권등소유상황보고서,20260824,20260824000132,Y,주요주주변동,1,False
003010,혜인,임원ㆍ주요주주특정증권등소유상황보고서,20260824,20260824000077,Y,주요주주변동,1,False
003010,혜인,주식등의대량보유상황보고서(일반),20260824,20260824000071,Y,대량보유,1,False
483650,달바글로벌,임원ㆍ주요주주특정증권등소유상황보고서,20260824,20260824000033,Y,주요주주변동,1,False
047400,유니온머티리얼,임원ㆍ주요주주특정증권등소유상황보고서,20260824,20260824000020,Y,주요주주변동,1,False
010640,진양폴리우레탄,임원ㆍ주요주주특정증권등소유상황보고서,20260824,20260824000016,Y,주요주주변동,1,False
006340,대원전선,임원ㆍ주요주주특정증권등소유상황보고서,20260824,20260824000009,Y,주요주주변동,1,False
217590,티엠씨,주식등의대량보유상황보고서(약식),20260824,20260824000006,Y,대량보유,1,False
000040,KR모터스,주요사항보고서(자기전환사채만기전취득결정),20260821,20260821000665,Y,CB,2,False
000040,KR모터스,주요사항보고서(자기전환사채만기전취득결정),20260821,20260821000663,Y,CB,2,False
001270,부국증권,임원ㆍ주요주주특정증권등소유상황보고서,20260821,20260821000650,Y,주요주주변동,1,False
001270,부국증권,주식등의대량보유상황보고서(일반),20260821,20260821000640,Y,대량보유,1,False
000660,SK하이닉스,[기재정정]임원ㆍ주요주주특정증권등소유상황보고서,20260821,20260821000615,Y,주요주주변동,1,False
025560,미래산업,주식등의대량보유상황보고서(일반),20260821,20260821000607,Y,대량보유,1,False
009270,신원,주식등의대량보유상황보고서(일반),20260821,20260821000534,Y,대량보유,1,False
000660,SK하이닉스,임원ㆍ주요주주특정증권등소유상황보고서,20260821,20260821000531,Y,주요주주변동,1,False
000660,SK하이닉스,임원ㆍ주요주주특정증권등소유상황보고서,20260821,20260821000527,Y,주요주주변동,1,False
000660,SK하이닉스,임원ㆍ주요주주특정증권등소유상황보고서,20260821,20260821000524,Y,주요주주변동,1,False
377300,카카오페이,임원ㆍ주요주주특정증권등소유상황보고서,20260821,20260821000523,Y,주요주주변동,1,False
000660,SK하이닉스,임원ㆍ주요주주특정증권등소유상황보고서,20260821,20260821000519,Y,주요주주변동,1,False
000660,SK하이닉스,임원ㆍ주요주주특정증권등소유상황보고서,20260821,20260821000516,Y,주요주주변동,1,False
000660,SK하이닉스,임원ㆍ주요주주특정증권등소유상황보고서,20260821,20260821000513,Y,주요주주변동,1,False
000660,SK하이닉스,임원ㆍ주요주주특정증권등소유상황보고서,20260821,20260821000504,Y,주요주주변동,1,False
009460,한창제지,전환청구권ㆍ신주인수권ㆍ교환청구권행사              ,20260821,20260821800547,Y,"교환청구,신주인수권,전환청구",3,False
214330,금호에이치티,임원ㆍ주요주주특정증권등소유상황보고서,20260821,20260821000499,Y,주요주주변동,1,False
005420,코스모화학,주식등의대량보유상황보고서(일반),20260821,20260821000497,Y,대량보유,1,False
000660,SK하이닉스,자기주식처분결과보고서,20260821,20260821000495,Y,자사주처분,2,False
068270,셀트리온,임원ㆍ주요주주특정증권등소유상황보고서,20260821,20260821000493,Y,주요주주변동,1,False
007460,에이프로젠,주식등의대량보유상황보고서(일반),20260821,20260821000477,Y,대량보유,1,False
044450,KSS해운,임원ㆍ주요주주특정증권등소유상황보고서,20260821,20260821000472,Y,주요주주변동,1,False
003060,에이프로젠바이오로직스,주식등의대량보유상황보고서(일반),20260821,20260821000468,Y,대량보유,1,False
013700,까뮤이앤씨,주식등의대량보유상황보고서(일반),20260821,20260821000421,Y,대량보유,1,False
214330,금호에이치티,주식등의대량보유상황보고서(일반),20260821,20260821000414,Y,대량보유,1,False
011790,SKC,유상증자결정(종속회사의주요경영사항)              ,20260821,20260821800396,Y,유상증자,3,False
112610,씨에스윈드,주식등의대량보유상황보고서(일반),20260821,20260821000371,Y,대량보유,1,False
007460,에이프로젠,유상증자또는주식관련사채등의발행결과(자율공시)              ,20260821,20260821800291,Y,유상증자,3,False
007460,에이프로젠,유상증자또는주식관련사채등의발행결과(자율공시)              ,20260821,20260821800290,Y,유상증자,3,False
002070,비비안,임원ㆍ주요주주특정증권등소유상황보고서,20260821,20260821000309,Y,주요주주변동,1,False
002070,비비안,임원ㆍ주요주주특정증권등소유상황보고서,20260821,20260821000303,Y,주요주주변동,1,False
002070,비비안,임원ㆍ주요주주특정증권등소유상황보고서,20260821,20260821000300,Y,주요주주변동,1,False
069620,대웅제약,임원ㆍ주요주주특정증권등소유상황보고서,20260821,20260821000287,Y,주요주주변동,1,False
005930,삼성전자,임원ㆍ주요주주특정증권등소유상황보고서,20260821,20260821000262,Y,주요주주변동,1,False
005070,코스모신소재,주식등의대량보유상황보고서(일반),20260821,20260821000118,Y,대량보유,1,False
001080,만호제강,임원ㆍ주요주주특정증권등소유상황보고서,20260821,20260821000057,Y,주요주주변동,1,False
051630,진양화학,임원ㆍ주요주주특정증권등소유상황보고서,20260821,20260821000037,Y,주요주주변동,1,False
002900,TYM,임원ㆍ주요주주특정증권등소유상황보고서,20260821,20260821000030,Y,주요주주변동,1,False
084870,티비에이치글로벌,임원ㆍ주요주주특정증권등소유상황보고서,20260821,20260821000021,Y,주요주주변동,1,False
036580,팜스코,주식등의대량보유상황보고서(일반),20260820,20260820000435,Y,대량보유,1,False
028670,팬오션,주식등의대량보유상황보고서(일반),20260820,20260820000431,Y,대량보유,1,False
004140,동방,주요사항보고서(전환사채권발행결정),20260820,20260820000396,Y,"CB,CB발행",2,False
004990,롯데지주,[기재정정]유상증자결정(종속회사의주요경영사항)              ,20260820,20260820800502,Y,유상증자,3,False
357120,코람코라이프인프라리츠,임원ㆍ주요주주특정증권등소유상황보고서,20260820,20260820000330,Y,주요주주변동,1,False
334890,이지스밸류플러스리츠,임원ㆍ주요주주특정증권등소유상황보고서,20260820,20260820000329,Y,주요주주변동,1,False
293940,신한알파리츠,임원ㆍ주요주주특정증권등소유상황보고서,20260820,20260820000328,Y,주요주주변동,1,False
330590,롯데리츠,임원ㆍ주요주주특정증권등소유상황보고서,20260820,20260820000327,Y,주요주주변동,1,False
365550,ESR켄달스퀘어리츠,임원ㆍ주요주주특정증권등소유상황보고서,20260820,20260820000326,Y,주요주주변동,1,False
451800,한화리츠,임원ㆍ주요주주특정증권등소유상황보고서,20260820,20260820000325,Y,주요주주변동,1,False
448730,삼성FN리츠,임원ㆍ주요주주특정증권등소유상황보고서,20260820,20260820000323,Y,주요주주변동,1,False
417310,코람코더원리츠,임원ㆍ주요주주특정증권등소유상황보고서,20260820,20260820000321,Y,주요주주변동,1,False
404990,신한서부티엔디리츠,임원ㆍ주요주주특정증권등소유상황보고서,20260820,20260820000320,Y,주요주주변동,1,False
395400,SK리츠,임원ㆍ주요주주특정증권등소유상황보고서,20260820,20260820000319,Y,주요주주변동,1,False
377190,디앤디플랫폼리츠,임원ㆍ주요주주특정증권등소유상황보고서,20260820,20260820000318,Y,주요주주변동,1,False
101140,인바이오젠,주식등의대량보유상황보고서(일반),20260820,20260820000312,Y,대량보유,1,False
105630,한세실업,주식등의대량보유상황보고서(일반),20260820,20260820000297,Y,대량보유,1,False
016450,한세예스24홀딩스,주식등의대량보유상황보고서(일반),20260820,20260820000295,Y,대량보유,1,False
069640,한세엠케이,주식등의대량보유상황보고서(일반),20260820,20260820000292,Y,대량보유,1,False
005930,삼성전자,임원ㆍ주요주주특정증권등소유상황보고서,20260820,20260820000290,Y,주요주주변동,1,False
002390,한독,주식등의대량보유상황보고서(일반),20260820,20260820000206,Y,대량보유,1,False
109070,주성코퍼레이션,임원ㆍ주요주주특정증권등소유상황보고서,20260820,20260820000205,Y,주요주주변동,1,False
011810,STX,기타시장안내              (상장폐지 이의신청서 제출),20260820,20260820800237,Y,상장폐지위험,3,False
001520,동양,임원ㆍ주요주주특정증권등소유상황보고서,20260820,20260820000153,Y,주요주주변동,1,False
128820,대성산업,임원ㆍ주요주주특정증권등소유상황보고서,20260820,20260820000141,Y,주요주주변동,1,False
003580,HLB글로벌,주식등의대량보유상황보고서(일반),20260820,20260820000136,Y,대량보유,1,False
003580,HLB글로벌,임원ㆍ주요주주특정증권등소유상황보고서,20260820,20260820000135,Y,주요주주변동,1,False
010580,에스엠벡셀,주식등의대량보유상황보고서(일반),20260820,20260820000124,Y,대량보유,1,False
010580,에스엠벡셀,임원ㆍ주요주주특정증권등소유상황보고서,20260820,20260820000120,Y,주요주주변동,1,False
002380,케이씨씨,주식등의대량보유상황보고서(일반),20260820,20260820000119,Y,대량보유,1,False
137310,에스디바이오센서,주식등의대량보유상황보고서(일반),20260820,20260820000111,Y,대량보유,1,False
002350,넥센타이어,주식등의대량보유상황보고서(일반),20260820,20260820000107,Y,대량보유,1,False
002350,넥센타이어,임원ㆍ주요주주특정증권등소유상황보고서,20260820,20260820000102,Y,주요주주변동,1,False
010640,진양폴리우레탄,임원ㆍ주요주주특정증권등소유상황보고서,20260820,20260820000093,Y,주요주주변동,1,False
025890,한국주강,임원ㆍ주요주주특정증권등소유상황보고서,20260820,20260820000058,Y,주요주주변동,1,False
005930,삼성전자,임원ㆍ주요주주특정증권등소유상황보고서,20260820,20260820000040,Y,주요주주변동,1,False
051630,진양화학,임원ㆍ주요주주특정증권등소유상황보고서,20260820,20260820000038,Y,주요주주변동,1,False
004270,남성,[기재정정]자기주식처분결과보고서,20260819,20260819000366,Y,자사주처분,2,False
023590,다우기술,주식등의대량보유상황보고서(일반),20260819,20260819000364,Y,대량보유,1,False
012200,계양전기,임원ㆍ주요주주특정증권등소유상황보고서,20260819,20260819000362,Y,주요주주변동,1,False
009810,MDS스피어,[기재정정]주요사항보고서(유상증자결정),20260819,20260819000356,Y,유상증자,3,False
012200,계양전기,임원ㆍ주요주주특정증권등소유상황보고서,20260819,20260819000360,Y,주요주주변동,1,False
004270,남성,[기재정정]주요사항보고서(자기주식처분결정),20260819,20260819000340,Y,자사주처분,2,False
004270,남성,자기교환사채만기전취득결정              ,20260819,20260819800534,Y,EB,2,False
012280,영화금속,주식등의대량보유상황보고서(일반),20260819,20260819000334,Y,대량보유,1,False
084680,이월드,주식등의대량보유상황보고서(일반),20260819,20260819000327,Y,대량보유,1,False
013700,까뮤이앤씨,주식등의대량보유상황보고서(일반),20260819,20260819000323,Y,대량보유,1,False
006120,SK디스커버리,주식등의대량보유상황보고서(일반),20260819,20260819000303,Y,대량보유,1,False
006740,블루산업개발,[기재정정]주요사항보고서(유상증자결정),20260819,20260819000259,Y,유상증자,3,False
011690,와이투솔루션,임원ㆍ주요주주특정증권등소유상황보고서,20260819,20260819000292,Y,주요주주변동,1,False
011690,와이투솔루션,주식등의대량보유상황보고서(약식),20260819,20260819000288,Y,대량보유,1,False
012200,계양전기,임원ㆍ주요주주특정증권등소유상황보고서,20260819,20260819000285,Y,주요주주변동,1,False
021240,코웨이,임원ㆍ주요주주특정증권등소유상황보고서,20260819,20260819000268,Y,주요주주변동,1,False
012280,영화금속,임원ㆍ주요주주특정증권등소유상황보고서,20260819,20260819000196,Y,주요주주변동,1,False
012280,영화금속,임원ㆍ주요주주특정증권등소유상황보고서,20260819,20260819000194,Y,주요주주변동,1,False
071950,코아스,주요사항보고서(자기전환사채만기전취득결정),20260819,20260819000187,Y,CB,2,False
950210,프레스티지바이오파마,주식등의대량보유상황보고서(일반),20260819,20260819000126,Y,대량보유,1,False
950210,프레스티지바이오파마,임원ㆍ주요주주특정증권등소유상황보고서,20260819,20260819000125,Y,주요주주변동,1,False
003670,포스코퓨처엠,임원ㆍ주요주주특정증권등소유상황보고서,20260819,20260819000114,Y,주요주주변동,1,False
019680,대교,전환가액ㆍ신주인수권행사가액ㆍ교환가액의조정(안내공시)              ,20260819,20260819800145,Y,"신주인수권,신주인수권행사",3,False
334890,이지스밸류플러스리츠,임원ㆍ주요주주특정증권등소유상황보고서,20260819,20260819000075,Y,주요주주변동,1,False
010780,아이에스동서,임원ㆍ주요주주특정증권등소유상황보고서,20260819,20260819000026,Y,주요주주변동,1,False
010780,아이에스동서,주식등의대량보유상황보고서(일반),20260819,20260819000021,Y,대량보유,1,False
000810,삼성화재해상보험,주식등의대량보유상황보고서(약식),20260819,20260818000322,Y,대량보유,1,False
377190,디앤디플랫폼리츠,감자결정(종속회사의주요경영사항)              ,20260818,20260818800617,Y,감자,3,False
001740,SK네트웍스,자기주식처분결과보고서,20260818,20260818000285,Y,자사주처분,2,False
003470,유안타증권,임원ㆍ주요주주특정증권등소유상황보고서,20260818,20260818000272,Y,주요주주변동,1,False
000950,전방,임원ㆍ주요주주특정증권등소유상황보고서,20260818,20260818000260,Y,주요주주변동,1,False
001740,SK네트웍스,임원ㆍ주요주주특정증권등소유상황보고서,20260818,20260818000253,Y,주요주주변동,1,False
069640,한세엠케이,임원ㆍ주요주주특정증권등소유상황보고서,20260818,20260818000251,Y,주요주주변동,1,False
001740,SK네트웍스,임원ㆍ주요주주특정증권등소유상황보고서,20260818,20260818000244,Y,주요주주변동,1,False
069640,한세엠케이,임원ㆍ주요주주특정증권등소유상황보고서,20260818,20260818000243,Y,주요주주변동,1,False
069640,한세엠케이,임원ㆍ주요주주특정증권등소유상황보고서,20260818,20260818000241,Y,주요주주변동,1,False
001740,SK네트웍스,임원ㆍ주요주주특정증권등소유상황보고서,20260818,20260818000237,Y,주요주주변동,1,False
002420,우양피앤엘,[기재정정]주식등의대량보유상황보고서(일반),20260818,20260818000236,Y,대량보유,1,False
002420,우양피앤엘,임원ㆍ주요주주특정증권등소유상황보고서,20260818,20260818000233,Y,주요주주변동,1,False
003580,HLB글로벌,유상증자또는주식관련사채등의발행결과(자율공시)              ,20260818,20260818800477,Y,유상증자,3,False
002420,우양피앤엘,임원ㆍ주요주주특정증권등소유상황보고서,20260818,20260818000227,Y,주요주주변동,1,False
002420,우양피앤엘,주식등의대량보유상황보고서(일반),20260818,20260818000224,Y,대량보유,1,False
000300,대신밸류리츠,임원ㆍ주요주주특정증권등소유상황보고서,20260818,20260818000213,Y,주요주주변동,1,False
006200,한국전자홀딩스,[기재정정]주요사항보고서(자기주식처분결정),20260818,20260818000202,Y,자사주처분,2,False
011090,에넥스,임원ㆍ주요주주특정증권등소유상황보고서,20260818,20260818000206,Y,주요주주변동,1,False
006200,한국전자홀딩스,[기재정정]자기주식처분결과보고서,20260818,20260818000205,Y,자사주처분,2,False
011090,에넥스,주식등의대량보유상황보고서(일반),20260818,20260818000203,Y,대량보유,1,False
005380,현대자동차,임원ㆍ주요주주특정증권등소유상황보고서,20260818,20260818000199,Y,주요주주변동,1,False
012450,한화에어로스페이스,임원ㆍ주요주주특정증권등소유상황보고서,20260818,20260818000170,Y,주요주주변동,1,False
049800,우진플라임,임원ㆍ주요주주특정증권등소유상황보고서,20260818,20260818000166,Y,주요주주변동,1,False
012450,한화에어로스페이스,임원ㆍ주요주주특정증권등소유상황보고서,20260818,20260818000165,Y,주요주주변동,1,False
006200,한국전자홀딩스,자기교환사채만기전취득결정              ,20260818,20260818800221,Y,EB,2,False
012750,에스원,주식등의대량보유상황보고서(약식),20260818,20260818000103,Y,대량보유,1,False
090080,평화산업,임원ㆍ주요주주특정증권등소유상황보고서,20260818,20260818000061,Y,주요주주변동,1,False
090080,평화산업,주식등의대량보유상황보고서(일반),20260818,20260818000060,Y,대량보유,1,False
012160,영흥,주식등의대량보유상황보고서(일반),20260818,20260818000045,Y,대량보유,1,False
012160,영흥,임원ㆍ주요주주특정증권등소유상황보고서,20260818,20260818000038,Y,주요주주변동,1,False
051630,진양화학,임원ㆍ주요주주특정증권등소유상황보고서,20260818,20260818000033,Y,주요주주변동,1,False
089860,롯데렌탈,주식등의대량보유상황보고서(일반),20260818,20260818000006,Y,대량보유,1,False
001390,KG케미칼,주요사항보고서(자기주식처분결정),20260814,20260814003888,Y,자사주처분,2,False
001500,현대차증권,임원ㆍ주요주주특정증권등소유상황보고서,20260814,20260814004014,Y,주요주주변동,1,False
012170,아센디오,임원ㆍ주요주주특정증권등소유상황보고서,20260814,20260814004010,Y,주요주주변동,1,False
005930,삼성전자,[기재정정]임원ㆍ주요주주특정증권등소유상황보고서,20260814,20260814003973,Y,주요주주변동,1,False
012170,아센디오,주식등의대량보유상황보고서(일반),20260814,20260814003970,Y,대량보유,1,False
005930,삼성전자,[기재정정]임원ㆍ주요주주특정증권등소유상황보고서,20260814,20260814003950,Y,주요주주변동,1,False
005930,삼성전자,[기재정정]임원ㆍ주요주주특정증권등소유상황보고서,20260814,20260814003912,Y,주요주주변동,1,False
012170,아센디오,임원ㆍ주요주주특정증권등소유상황보고서,20260814,20260814003873,Y,주요주주변동,1,False
005930,삼성전자,[기재정정]임원ㆍ주요주주특정증권등소유상황보고서,20260814,20260814003844,Y,주요주주변동,1,False
012170,아센디오,주식등의대량보유상황보고서(일반),20260814,20260814003801,Y,대량보유,1,False
005930,삼성전자,[기재정정]임원ㆍ주요주주특정증권등소유상황보고서,20260814,20260814003747,Y,주요주주변동,1,False
005930,삼성전자,[기재정정]임원ㆍ주요주주특정증권등소유상황보고서,20260814,20260814003672,Y,주요주주변동,1,False
005870,휴니드테크놀러지스,임원ㆍ주요주주특정증권등소유상황보고서,20260814,20260814003388,Y,주요주주변동,1,False
010780,아이에스동서,주식등의대량보유상황보고서(일반),20260814,20260814003144,Y,대량보유,1,False
034830,한국토지신탁,주식등의대량보유상황보고서(일반),20260814,20260814002906,Y,대량보유,1,False
035420,NAVER,임원ㆍ주요주주특정증권등소유상황보고서,20260814,20260814002859,Y,주요주주변동,1,False
001390,KG케미칼,주식등의대량보유상황보고서(일반),20260814,20260814002748,Y,대량보유,1,False
001390,KG케미칼,임원ㆍ주요주주특정증권등소유상황보고서,20260814,20260814002689,Y,주요주주변동,1,False
035420,NAVER,임원ㆍ주요주주특정증권등소유상황보고서,20260814,20260814002654,Y,주요주주변동,1,False
002900,TYM,임원ㆍ주요주주특정증권등소유상황보고서,20260814,20260814002626,Y,주요주주변동,1,False
035420,NAVER,임원ㆍ주요주주특정증권등소유상황보고서,20260814,20260814002598,Y,주요주주변동,1,False
002900,TYM,주식등의대량보유상황보고서(일반),20260814,20260814002576,Y,대량보유,1,False
035420,NAVER,임원ㆍ주요주주특정증권등소유상황보고서,20260814,20260814002553,Y,주요주주변동,1,False
475150,SK이터닉스,임원ㆍ주요주주특정증권등소유상황보고서,20260814,20260814002550,Y,주요주주변동,1,False
035420,NAVER,임원ㆍ주요주주특정증권등소유상황보고서,20260814,20260814002506,Y,주요주주변동,1,False
034310,NICE,주식등의대량보유상황보고서(일반),20260814,20260814002466,Y,대량보유,1,False
400760,NH올원리츠,감자결정(종속회사의주요경영사항)              ,20260814,20260814801679,Y,감자,3,False
035420,NAVER,임원ㆍ주요주주특정증권등소유상황보고서,20260814,20260814002444,Y,주요주주변동,1,False
025620,차AI헬스케어,임원ㆍ주요주주특정증권등소유상황보고서,20260814,20260814002431,Y,주요주주변동,1,False
475150,SK이터닉스,주식등의대량보유상황보고서(일반),20260814,20260814002419,Y,대량보유,1,False
005960,동부건설,주식등의대량보유상황보고서(일반),20260814,20260814002408,Y,대량보유,1,False
095570,AJ네트웍스,주식등의대량보유상황보고서(일반),20260814,20260814002356,Y,대량보유,1,False
010140,삼성중공업,임원ㆍ주요주주특정증권등소유상황보고서,20260814,20260814002343,Y,주요주주변동,1,False
025620,차AI헬스케어,임원ㆍ주요주주특정증권등소유상황보고서,20260814,20260814002313,Y,주요주주변동,1,False
001270,부국증권,임원ㆍ주요주주특정증권등소유상황보고서,20260814,20260814002263,Y,주요주주변동,1,False
025620,차AI헬스케어,주식등의대량보유상황보고서(일반),20260814,20260814002230,Y,대량보유,1,False
008870,금비,임원ㆍ주요주주특정증권등소유상황보고서,20260814,20260814002030,Y,주요주주변동,1,False
483650,달바글로벌,임원ㆍ주요주주특정증권등소유상황보고서,20260814,20260814001812,Y,주요주주변동,1,False
483650,달바글로벌,임원ㆍ주요주주특정증권등소유상황보고서,20260814,20260814001697,Y,주요주주변동,1,False
036460,한국가스공사,임원ㆍ주요주주특정증권등소유상황보고서,20260814,20260814001544,Y,주요주주변동,1,False
036460,한국가스공사,임원ㆍ주요주주특정증권등소유상황보고서,20260814,20260814001432,Y,주요주주변동,1,False
001740,SK네트웍스,주요사항보고서(자기주식처분결정),20260814,20260814001355,Y,자사주처분,2,False
109070,주성코퍼레이션,임원ㆍ주요주주특정증권등소유상황보고서,20260814,20260814000718,Y,주요주주변동,1,False
012170,아센디오,주요사항보고서(유상증자결정),20260814,20260814000511,Y,유상증자,3,False
003670,포스코퓨처엠,임원ㆍ주요주주특정증권등소유상황보고서,20260814,20260814000514,Y,주요주주변동,1,False
050090,비케이홀딩스,기타시장안내(최대주주의의무보유관련)              (최대주주의 의무보유 대상 확인 관련),20261008,20261008900939,K,의무보유,2,False
050090,비케이홀딩스,최대주주변경              ,20261008,20261008900937,K,최대주주변경,2,False
439580,블루엠텍,주요사항보고서(전환사채권발행결정),20261008,20261008000732,K,"CB,CB발행",2,False
439580,블루엠텍,최대주주변경을수반하는주식양수도계약체결              ,20261008,20261008900913,K,최대주주변경,2,False
210120,빅텐츠,[기재정정]주요사항보고서(전환사채권발행결정),20261008,20261008000710,K,"CB,CB발행",2,False
210120,빅텐츠,[기재정정]주요사항보고서(전환사채권발행결정),20261008,20261008000708,K,"CB,CB발행",2,False
009730,이렘,권리락              (유상증자),20261008,20261008900924,K,유상증자,3,False
014100,메디앙스,기타시장안내(관리종목지정우려종목)              (시가총액 200억원 미달),20261008,20261008900918,K,관리종목,2,False
476830,알지노믹스,임원ㆍ주요주주특정증권등소유상황보고서,20261008,20261008000731,K,주요주주변동,1,False
476830,알지노믹스,임원ㆍ주요주주특정증권등소유상황보고서,20261008,20261008000727,K,주요주주변동,1,False
069540,빛과전자,주식등의대량보유상황보고서(일반),20261008,20261008000723,K,대량보유,1,False
246720,아스타,[기재정정]주식등의대량보유상황보고서(일반),20261008,20261008000721,K,대량보유,1,False
247540,에코프로비엠,임원ㆍ주요주주특정증권등소유상황보고서,20261008,20261008000719,K,주요주주변동,1,False
476830,알지노믹스,임원ㆍ주요주주특정증권등소유상황보고서,20261008,20261008000717,K,주요주주변동,1,False
247540,에코프로비엠,임원ㆍ주요주주특정증권등소유상황보고서,20261008,20261008000714,K,주요주주변동,1,False
115160,휴맥스,주식등의대량보유상황보고서(약식),20261008,20261008000713,K,대량보유,1,False
247540,에코프로비엠,임원ㆍ주요주주특정증권등소유상황보고서,20261008,20261008000711,K,주요주주변동,1,False
475250,하나33호스팩,기타시장안내(관리종목지정우려종목)              ,20261008,20261008900881,K,관리종목,2,False
009730,이렘,유상증자1차발행가액결정              (주주배정),20261008,20261008900878,K,유상증자,3,False
057540,옴니시스템,임원ㆍ주요주주특정증권등소유상황보고서,20261008,20261008000702,K,주요주주변동,1,False
439960,코스모로보틱스,임원ㆍ주요주주특정증권등소유상황보고서,20261008,20261008000701,K,주요주주변동,1,False
304840,피플바이오,주식등의대량보유상황보고서(일반),20261008,20261008000700,K,대량보유,1,False
439960,코스모로보틱스,임원ㆍ주요주주특정증권등소유상황보고서,20261008,20261008000699,K,주요주주변동,1,False
373200,엑스플러스,주식등의대량보유상황보고서(약식),20261008,20261008000697,K,대량보유,1,False
354200,엔젠바이오,주식등의대량보유상황보고서(약식),20261008,20261008000696,K,대량보유,1,False
304840,피플바이오,주식등의대량보유상황보고서(일반),20261008,20261008000693,K,대량보유,1,False
361670,삼영에스앤씨,임원ㆍ주요주주특정증권등소유상황보고서,20261008,20261008000689,K,주요주주변동,1,False
067900,와이엔텍,주요사항보고서(자기주식처분결정),20261008,20261008000672,K,자사주처분,2,False
069080,웹젠,임원ㆍ주요주주특정증권등소유상황보고서,20261008,20261008000678,K,주요주주변동,1,False
127120,제이에스링크,주식등의대량보유상황보고서(일반),20261008,20261008000676,K,대량보유,1,False
355690,에이텀,전환청구권행사              (제1회차),20261008,20261008900762,K,전환청구,3,False
069080,웹젠,주식등의대량보유상황보고서(일반),20261008,20261008000675,K,대량보유,1,False
138070,신진에스엠,임원ㆍ주요주주특정증권등소유상황보고서,20261008,20261008000673,K,주요주주변동,1,False
151860,KG에코솔루션,[기재정정]주요사항보고서(교환사채권발행결정),20261008,20261008000635,K,"EB,EB발행",2,False
138070,신진에스엠,임원ㆍ주요주주특정증권등소유상황보고서,20261008,20261008000670,K,주요주주변동,1,False
320000,한울반도체,주요사항보고서(유상증자결정),20261008,20261008000618,K,유상증자,3,False
322780,코퍼스코리아,주식등의대량보유상황보고서(약식),20261008,20261008000667,K,대량보유,1,False
104040,디에스엠,주식등의대량보유상황보고서(일반),20261008,20261008000665,K,대량보유,1,False
026910,광진실업,[기재정정]최대주주변경을수반하는주식담보제공계약체결              ,20261008,20261008900680,K,최대주주변경,2,False
138070,신진에스엠,주식등의대량보유상황보고서(일반),20261008,20261008000662,K,대량보유,1,False
031860,디에이치엑스컴퍼니,[기재정정]주요사항보고서(전환사채권발행결정),20261008,20261008000637,K,"CB,CB발행",2,False
308100,형지글로벌,주식등의대량보유상황보고서(약식),20261008,20261008000654,K,대량보유,1,False
050090,비케이홀딩스,증권발행결과(자율공시)              (제3자배정 유상증자),20261008,20261008900740,K,유상증자,3,False
066410,버킷스튜디오,최대주주변경을수반하는주식담보제공계약체결              ,20261008,20261008900748,K,최대주주변경,2,False
151860,KG에코솔루션,[첨부정정]주요사항보고서(교환사채권발행결정),20261008,20261008000639,K,"EB,EB발행",2,False
214270,FSN,주식등의대량보유상황보고서(일반),20261008,20261008000634,K,대량보유,1,False
247540,에코프로비엠,주식등의대량보유상황보고서(일반),20261008,20261008000620,K,대량보유,1,False
455900,엔젤로보틱스,주식등의대량보유상황보고서(약식),20261008,20261008000613,K,대량보유,1,False
140410,메지온,주식등의대량보유상황보고서(일반),20261008,20261008000606,K,대량보유,1,False
469900,하나31호스팩,주식등의대량보유상황보고서(약식),20261008,20261008000596,K,대량보유,1,False
388210,씨엠티엑스,주식등의대량보유상황보고서(약식),20261008,20261008000590,K,대량보유,1,False
006620,동구바이오제약,주식등의대량보유상황보고서(일반),20261008,20261008000585,K,대량보유,1,False
478340,나라스페이스테크놀로지,주식등의대량보유상황보고서(약식),20261008,20261008000578,K,대량보유,1,False
490470,세미파이브,주식등의대량보유상황보고서(약식),20261008,20261008000565,K,대량보유,1,False
154040,다산솔루에타,임원ㆍ주요주주특정증권등소유상황보고서,20261008,20261008000561,K,주요주주변동,1,False
154040,다산솔루에타,임원ㆍ주요주주특정증권등소유상황보고서,20261008,20261008000558,K,주요주주변동,1,False
154040,다산솔루에타,임원ㆍ주요주주특정증권등소유상황보고서,20261008,20261008000555,K,주요주주변동,1,False
154040,다산솔루에타,임원ㆍ주요주주특정증권등소유상황보고서,20261008,20261008000552,K,주요주주변동,1,False
225430,케이엠제약,주식등의대량보유상황보고서(일반),20261008,20261008000550,K,대량보유,1,False
154040,다산솔루에타,임원ㆍ주요주주특정증권등소유상황보고서,20261008,20261008000548,K,주요주주변동,1,False
131760,파인텍,주식등의대량보유상황보고서(일반),20261008,20261008000546,K,대량보유,1,False
468670,브릴스,임원ㆍ주요주주특정증권등소유상황보고서,20261008,20261008000544,K,주요주주변동,1,False
142760,모아라이프플러스,[기재정정]전환사채(해외전환사채포함)발행후만기전사채취득              (제11회차),20261008,20261008900630,K,CB,2,False
033340,좋은사람들,주권매매거래정지해제              (감자 주권 변경상장 등),20261008,20261008900613,K,감자,3,False
310210,보로노이,주요사항보고서(자기전환사채만기전취득결정),20261008,20261008000487,K,CB,2,False
159010,아스플로,주식등의대량보유상황보고서(약식),20261008,20261008000514,K,대량보유,1,False
109740,디에스케이,주식등의대량보유상황보고서(일반),20261008,20261008000512,K,대량보유,1,False
088390,이녹스,주식등의대량보유상황보고서(일반),20261008,20261008000510,K,대량보유,1,False
437730,삼현,주요사항보고서(자기전환사채만기전취득결정),20261008,20261008000472,K,CB,2,False
468670,브릴스,임원ㆍ주요주주특정증권등소유상황보고서,20261008,20261008000500,K,주요주주변동,1,False
091970,LSK아이로봇,주식등의대량보유상황보고서(일반),20261008,20261008000499,K,대량보유,1,False
468670,브릴스,주식등의대량보유상황보고서(약식),20261008,20261008000496,K,대량보유,1,False
272290,이녹스첨단소재,주식등의대량보유상황보고서(일반),20261008,20261008000494,K,대량보유,1,False
373200,엑스플러스,증권발행결과(자율공시)              (제3자배정 유상증자-소액공모),20261008,20261008900564,K,유상증자,3,False
060230,제이케이시냅스,주요사항보고서(유상증자결정),20261008,20261008000455,K,유상증자,3,False
468670,브릴스,임원ㆍ주요주주특정증권등소유상황보고서,20261008,20261008000490,K,주요주주변동,1,False
023910,대한약품,임원ㆍ주요주주특정증권등소유상황보고서,20261008,20261008000488,K,주요주주변동,1,False
000370,KB제32호스팩,주식등의대량보유상황보고서(약식),20261008,20261008000482,K,대량보유,1,False
051980,중앙첨단소재,임원ㆍ주요주주특정증권등소유상황보고서,20261008,20261008000480,K,주요주주변동,1,False
091440,한울소재과학,주식등의대량보유상황보고서(약식),20261008,20261008000477,K,대량보유,1,False
468670,브릴스,임원ㆍ주요주주특정증권등소유상황보고서,20261008,20261008000476,K,주요주주변동,1,False
203400,에이비온,임원ㆍ주요주주특정증권등소유상황보고서,20261008,20261008000468,K,주요주주변동,1,False
238090,앤디포스,주식등의대량보유상황보고서(약식),20261008,20261008000467,K,대량보유,1,False
203400,에이비온,임원ㆍ주요주주특정증권등소유상황보고서,20261008,20261008000465,K,주요주주변동,1,False
468670,브릴스,임원ㆍ주요주주특정증권등소유상황보고서,20261008,20261008000464,K,주요주주변동,1,False
417010,나노팀,임원ㆍ주요주주특정증권등소유상황보고서,20261008,20261008000460,K,주요주주변동,1,False
056080,유진로봇,임원ㆍ주요주주특정증권등소유상황보고서,20261008,20261008000459,K,주요주주변동,1,False
203400,에이비온,임원ㆍ주요주주특정증권등소유상황보고서,20261008,20261008000458,K,주요주주변동,1,False
203400,에이비온,임원ㆍ주요주주특정증권등소유상황보고서,20261008,20261008000454,K,주요주주변동,1,False
054620,APS,주식등의대량보유상황보고서(약식),20261008,20261008000453,K,대량보유,1,False
222800,심텍,전환청구권행사              ,20261008,20261008900522,K,전환청구,3,False
086040,바이오톡스텍,신주인수권부사채(해외신주인수권부사채포함)발행후만기전사채취득              ,20261008,20261008900518,K,"BW,신주인수권",2,False
362320,청담글로벌,주식등의대량보유상황보고서(일반),20261008,20261008000447,K,대량보유,1,False
098120,마이크로컨텍솔,임원ㆍ주요주주특정증권등소유상황보고서,20261008,20261008000440,K,주요주주변동,1,False
099430,바이오플러스,주식등의대량보유상황보고서(일반),20261008,20261008000439,K,대량보유,1,False
468670,브릴스,주식등의대량보유상황보고서(일반),20261008,20261008000438,K,대량보유,1,False
066790,씨씨에스,기타시장안내              (개선기간 종료에 따른 상장폐지 여부 결정 안내),20261008,20261008900438,K,상장폐지위험,3,False
223310,사토시홀딩스,주요사항보고서(자기전환사채만기전취득결정),20261008,20261008000419,K,CB,2,False
215200,메가스터디교육,임원ㆍ주요주주특정증권등소유상황보고서,20261008,20261008000422,K,주요주주변동,1,False
183300,코미코,주식등의대량보유상황보고서(약식),20261008,20261008000411,K,대량보유,1,False
246720,아스타,주식등의대량보유상황보고서(일반),20261008,20261008000406,K,대량보유,1,False
340440,세림B&G,임원ㆍ주요주주특정증권등소유상황보고서,20261008,20261008000401,K,주요주주변동,1,False
340360,다보링크,[기재정정]주요사항보고서(유상증자결정),20261008,20261008000384,K,유상증자,3,False
340440,세림B&G,임원ㆍ주요주주특정증권등소유상황보고서,20261008,20261008000395,K,주요주주변동,1,False
340360,다보링크,유상증자최종발행가액확정              ,20261008,20261008900421,K,유상증자,3,False
340440,세림B&G,임원ㆍ주요주주특정증권등소유상황보고서,20261008,20261008000389,K,주요주주변동,1,False
351330,이삭엔지니어링,주식등의대량보유상황보고서(일반),20261008,20261008000387,K,대량보유,1,False
131400,이브이첨단소재,증권발행결과(자율공시)              (제3자배정 유상증자-소액공모),20261008,20261008900406,K,유상증자,3,False
372800,아이티아이즈,주요사항보고서(자기전환사채만기전취득결정),20261008,20261008000361,K,CB,2,False
107640,한중엔시에스,주식등의대량보유상황보고서(일반),20261008,20261008000377,K,대량보유,1,False
038880,아이에이,임원ㆍ주요주주특정증권등소유상황보고서,20261008,20261008000376,K,주요주주변동,1,False
340440,세림B&G,임원ㆍ주요주주특정증권등소유상황보고서,20261008,20261008000373,K,주요주주변동,1,False
114810,한솔아이원스,임원ㆍ주요주주특정증권등소유상황보고서,20261008,20261008000370,K,주요주주변동,1,False
074430,아미노로직스,주식등의대량보유상황보고서(약식),20261008,20261008000367,K,대량보유,1,False
106240,파인테크닉스,임원ㆍ주요주주특정증권등소유상황보고서,20261008,20261008000345,K,주요주주변동,1,False
106240,파인테크닉스,주식등의대량보유상황보고서(일반),20261008,20261008000339,K,대량보유,1,False
043910,자연과환경,주식등의대량보유상황보고서(일반),20261008,20261008000329,K,대량보유,1,False
106240,파인테크닉스,최대주주변경              ,20261008,20261008900337,K,최대주주변경,2,False
396300,HT로보틱스,임원ㆍ주요주주특정증권등소유상황보고서,20261008,20261008000308,K,주요주주변동,1,False
013720,청보,[기재정정]주요사항보고서(전환사채권발행결정),20261008,20261008000299,K,"CB,CB발행",2,False
009730,이렘,[기재정정]주요사항보고서(유상증자결정),20261008,20261008000279,K,유상증자,3,False
237690,에스티팜,주식등의대량보유상황보고서(일반),20261008,20261008000289,K,대량보유,1,False
321820,아티스트컴퍼니,주식등의대량보유상황보고서(일반),20261008,20261008000264,K,대량보유,1,False
106240,파인테크닉스,임원ㆍ주요주주특정증권등소유상황보고서,20261008,20261008000262,K,주요주주변동,1,False
106240,파인테크닉스,주식등의대량보유상황보고서(일반),20261008,20261008000258,K,대량보유,1,False
321820,아티스트컴퍼니,주식등의대량보유상황보고서(일반),20261008,20261008000257,K,대량보유,1,False
106240,파인테크닉스,[기재정정]주식등의대량보유상황보고서(일반),20261008,20261008000255,K,대량보유,1,False
011040,경동제약,임원ㆍ주요주주특정증권등소유상황보고서,20261008,20261008000252,K,주요주주변동,1,False
382150,온코크로스,주식등의대량보유상황보고서(약식),20261008,20261008000247,K,대량보유,1,False
050110,캠시스,임원ㆍ주요주주특정증권등소유상황보고서,20261008,20261008000221,K,주요주주변동,1,False
050110,캠시스,임원ㆍ주요주주특정증권등소유상황보고서,20261008,20261008000220,K,주요주주변동,1,False
088340,유라클,임원ㆍ주요주주특정증권등소유상황보고서,20261008,20261008000210,K,주요주주변동,1,False
088340,유라클,임원ㆍ주요주주특정증권등소유상황보고서,20261008,20261008000204,K,주요주주변동,1,False
088340,유라클,임원ㆍ주요주주특정증권등소유상황보고서,20261008,20261008000196,K,주요주주변동,1,False
131400,이브이첨단소재,주식등의대량보유상황보고서(일반),20261008,20261008000104,K,대량보유,1,False
172670,에이엘티,임원ㆍ주요주주특정증권등소유상황보고서,20261008,20261008000103,K,주요주주변동,1,False
131400,이브이첨단소재,임원ㆍ주요주주특정증권등소유상황보고서,20261008,20261008000091,K,주요주주변동,1,False
172670,에이엘티,주식등의대량보유상황보고서(일반),20261008,20261008000080,K,대량보유,1,False
418620,E8,기타시장안내              (주가 미달에 따른 상장폐지 우려 관련 안내),20261007,20261007900729,K,상장폐지위험,3,False
035620,바른손이앤에이,기타시장안내              (주가 미달에 따른 상장폐지 우려 관련 안내),20261007,20261007900727,K,상장폐지위험,3,False
035200,프럼파스트,최대주주변경              ,20261007,20261007900704,K,최대주주변경,2,False
289010,아이스크림에듀,기타시장안내              (주가 미달에 따른 상장폐지 우려 관련 안내),20261007,20261007900706,K,상장폐지위험,3,False
033050,제이엠아이,기타시장안내              (주가 미달에 따른 상장폐지 우려 관련 안내),20261007,20261007900700,K,상장폐지위험,3,False
012340,뉴인텍,기타시장안내              (주가 미달에 따른 상장폐지 우려 관련 안내),20261007,20261007900679,K,상장폐지위험,3,False
215790,이노인스트루먼트,기타시장안내              (주가 미달에 따른 상장폐지 우려 관련 안내),20261007,20261007900692,K,상장폐지위험,3,False
032680,소프트센,기타시장안내              (소프트센 1우선주 시가총액 미달에 따른 상장폐지 우려 관련 안내),20261007,20261007900657,K,상장폐지위험,3,False
308100,형지글로벌,기타시장안내              (주가 미달에 따른 상장폐지 우려 관련 안내),20261007,20261007900636,K,상장폐지위험,3,False
022220,티케이지애강,기타시장안내              (주가 미달에 따른 상장폐지 우려 관련 안내),20261007,20261007900570,K,상장폐지위험,3,False
474930,신한제13호스팩,기타시장안내(관리종목지정우려종목)              ,20261007,20261007900685,K,관리종목,2,False
288980,모아데이타,[기재정정]주요사항보고서(자기전환사채매도결정),20261007,20261007000515,K,CB,2,False
098460,고영,주식등의대량보유상황보고서(약식),20261007,20261007000511,K,대량보유,1,False
347770,핌스,"기타시장안내(관리종목지정우려종목)              (주가 1,000원 미달)",20261007,20261007900558,K,관리종목,2,False
224060,더코디,[기재정정]주요사항보고서(유상증자결정),20261007,20261007000483,K,유상증자,3,False
462350,이노스페이스,전환주식의전환청구권행사              (전환우선주),20261007,20261007900604,K,전환청구,3,False
378800,샤페론,임원ㆍ주요주주특정증권등소유상황보고서,20261007,20261007000501,K,주요주주변동,1,False
032960,동일기연,임원ㆍ주요주주특정증권등소유상황보고서,20261007,20261007000499,K,주요주주변동,1,False
378800,샤페론,임원ㆍ주요주주특정증권등소유상황보고서,20261007,20261007000496,K,주요주주변동,1,False
378800,샤페론,주식등의대량보유상황보고서(일반),20261007,20261007000492,K,대량보유,1,False
317530,에피소드컴퍼니,주요사항보고서(유상증자결정),20261007,20261007000450,K,유상증자,3,False
043590,웰킵스하이텍,임원ㆍ주요주주특정증권등소유상황보고서,20261007,20261007000487,K,주요주주변동,1,False
317530,에피소드컴퍼니,주요사항보고서(유상증자결정),20261007,20261007000447,K,유상증자,3,False
486510,글로벌테크놀로지,주식등의대량보유상황보고서(일반),20261007,20261007000482,K,대량보유,1,False
314130,지놈앤컴퍼니,기타경영사항(자율공시)              (전환우선주의 보통주 전환청구),20261007,20261007900598,K,전환청구,3,False
023440,제이스코홀딩스,[기재정정]최대주주변경을수반하는주식담보제공계약체결              ,20261007,20261007900594,K,최대주주변경,2,False
297570,아틀라스링크,주식등의대량보유상황보고서(약식),20261007,20261007000457,K,대량보유,1,False
105330,케이엔더블유,최대주주변경을수반하는주식양수도계약체결              ,20261007,20261007900577,K,최대주주변경,2,False
091700,파트론,임원ㆍ주요주주특정증권등소유상황보고서,20261007,20261007000453,K,주요주주변동,1,False
050090,비케이홀딩스,임원ㆍ주요주주특정증권등소유상황보고서,20261007,20261007000452,K,주요주주변동,1,False
069540,빛과전자,주요사항보고서(전환사채권발행결정),20261007,20261007000422,K,"CB,CB발행",2,False
260930,씨티케이,주식등의대량보유상황보고서(일반),20261007,20261007000446,K,대량보유,1,False
351320,넥사다이내믹스,기타시장안내              (최대주주의 의무보유 이행 관련),20261007,20261007900512,K,의무보유,2,False
255220,SG,임원ㆍ주요주주특정증권등소유상황보고서,20261007,20261007000434,K,주요주주변동,1,False
417010,나노팀,주요사항보고서(전환사채권발행결정),20261007,20261007000391,K,"CB,CB발행",2,False
036560,KZ정밀,주식등의대량보유상황보고서(일반),20261007,20261007000423,K,대량보유,1,False
371950,풍원정밀,전환청구권행사              ,20261007,20261007900557,K,전환청구,3,False
255220,SG,임원ㆍ주요주주특정증권등소유상황보고서,20261007,20261007000419,K,주요주주변동,1,False
255220,SG,임원ㆍ주요주주특정증권등소유상황보고서,20261007,20261007000406,K,주요주주변동,1,False
175250,아이큐어,[기재정정]주식등의대량보유상황보고서(일반),20261007,20261007000398,K,대량보유,1,False
260930,씨티케이,임원ㆍ주요주주특정증권등소유상황보고서,20261007,20261007000392,K,주요주주변동,1,False
032800,판타지오,[기재정정]주요사항보고서(유상증자결정),20261007,20261007000352,K,유상증자,3,False
255220,SG,주식등의대량보유상황보고서(일반),20261007,20261007000389,K,대량보유,1,False
351320,넥사다이내믹스,[기재정정]임원ㆍ주요주주특정증권등소유상황보고서,20261007,20261007000384,K,주요주주변동,1,False
351320,넥사다이내믹스,[기재정정]주식등의대량보유상황보고서(약식),20261007,20261007000380,K,대량보유,1,False
175250,아이큐어,주식등의대량보유상황보고서(일반),20261007,20261007000373,K,대량보유,1,False
358570,지아이이노베이션,주식등의대량보유상황보고서(일반),20261007,20261007000372,K,대량보유,1,False
013990,아가방컴퍼니,주식등의대량보유상황보고서(일반),20261007,20261007000361,K,대량보유,1,False
206400,베노티앤알,임원ㆍ주요주주특정증권등소유상황보고서,20261007,20261007000356,K,주요주주변동,1,False
084730,팅크웨어,주식등의대량보유상황보고서(일반),20261007,20261007000351,K,대량보유,1,False
129920,대성하이텍,전환청구권행사              ,20261007,20261007900433,K,전환청구,3,False
084730,팅크웨어,임원ㆍ주요주주특정증권등소유상황보고서,20261007,20261007000346,K,주요주주변동,1,False
369370,블리츠웨이엔터테인먼트,임원ㆍ주요주주특정증권등소유상황보고서,20261007,20261007000342,K,주요주주변동,1,False
019210,와이지-원,주식등의대량보유상황보고서(일반),20261007,20261007000337,K,대량보유,1,False
369370,블리츠웨이엔터테인먼트,임원ㆍ주요주주특정증권등소유상황보고서,20261007,20261007000334,K,주요주주변동,1,False
123010,MSDI,주식등의대량보유상황보고서(약식),20261007,20261007000331,K,대량보유,1,False
369370,블리츠웨이엔터테인먼트,임원ㆍ주요주주특정증권등소유상황보고서,20261007,20261007000324,K,주요주주변동,1,False
369370,블리츠웨이엔터테인먼트,임원ㆍ주요주주특정증권등소유상황보고서,20261007,20261007000323,K,주요주주변동,1,False
369370,블리츠웨이엔터테인먼트,임원ㆍ주요주주특정증권등소유상황보고서,20261007,20261007000321,K,주요주주변동,1,False
445180,퓨릿,임원ㆍ주요주주특정증권등소유상황보고서,20261007,20261007000320,K,주요주주변동,1,False
067310,하나마이크론,주식등의대량보유상황보고서(약식),20261007,20261007000318,K,대량보유,1,False
013990,아가방컴퍼니,임원ㆍ주요주주특정증권등소유상황보고서,20261007,20261007000317,K,주요주주변동,1,False
319660,피에스케이,주식등의대량보유상황보고서(약식),20261007,20261007000315,K,대량보유,1,False
067390,아스트,주식등의대량보유상황보고서(약식),20261007,20261007000314,K,대량보유,1,False
036930,주성엔지니어링,주식등의대량보유상황보고서(약식),20261007,20261007000313,K,대량보유,1,False
080220,제주반도체,주식등의대량보유상황보고서(약식),20261007,20261007000312,K,대량보유,1,False
039030,이오테크닉스,주식등의대량보유상황보고서(약식),20261007,20261007000310,K,대량보유,1,False
369370,블리츠웨이엔터테인먼트,임원ㆍ주요주주특정증권등소유상황보고서,20261007,20261007000307,K,주요주주변동,1,False
084370,유진테크,주식등의대량보유상황보고서(약식),20261007,20261007000305,K,대량보유,1,False
240810,원익IPS,주식등의대량보유상황보고서(약식),20261007,20261007000302,K,대량보유,1,False
222800,심텍,주식등의대량보유상황보고서(약식),20261007,20261007000299,K,대량보유,1,False
058470,리노공업,주식등의대량보유상황보고서(약식),20261007,20261007000297,K,대량보유,1,False
131970,두산테스나,주식등의대량보유상황보고서(약식),20261007,20261007000296,K,대량보유,1,False
445180,퓨릿,주식등의대량보유상황보고서(일반),20261007,20261007000295,K,대량보유,1,False
095340,ISC,주식등의대량보유상황보고서(약식),20261007,20261007000292,K,대량보유,1,False
314130,지놈앤컴퍼니,전환사채(해외전환사채포함)발행후만기전사채취득              ,20261007,20261007900356,K,CB,2,False
403870,HPSP,주식등의대량보유상황보고서(약식),20261007,20261007000291,K,대량보유,1,False
178320,서진시스템,주식등의대량보유상황보고서(약식),20261007,20261007000290,K,대량보유,1,False
217480,에스디생명공학,기타경영사항(자율공시)              (상장폐지결정 등 효력정지 가처분 신청),20261007,20261007900331,K,상장폐지위험,3,False
224060,더코디,[기재정정]주요사항보고서(유상증자결정),20261007,20261007000276,K,유상증자,3,False
304100,솔트룩스,임원ㆍ주요주주특정증권등소유상황보고서,20261007,20261007000283,K,주요주주변동,1,False
101170,우림피티에스,주식등의대량보유상황보고서(일반),20261007,20261007000273,K,대량보유,1,False
151860,KG에코솔루션,주요사항보고서(교환사채권발행결정),20261007,20261007000250,K,"EB,EB발행",2,False
129920,대성하이텍,[기재정정]주요사항보고서(전환사채매수선택권행사자지정),20261007,20261007000259,K,CB,2,False
224060,더코디,[기재정정]주요사항보고서(유상증자결정),20261007,20261007000234,K,유상증자,3,False
224060,더코디,[기재정정]주요사항보고서(유상증자결정),20261007,20261007000232,K,유상증자,3,False
086520,에코프로,주식등의대량보유상황보고서(일반),20261007,20261007000238,K,대량보유,1,False
067390,아스트,[기재정정]주식등의대량보유상황보고서(일반),20261007,20261007000229,K,대량보유,1,False
130500,GH신소재,임원ㆍ주요주주특정증권등소유상황보고서,20261007,20261007000217,K,주요주주변동,1,False
054210,이랜텍,주식등의대량보유상황보고서(일반),20261007,20261007000211,K,대량보유,1,False
290660,다이나믹솔루션,[기재정정]주요사항보고서(전환사채권발행결정),20261007,20261007000202,K,"CB,CB발행",2,False
131400,이브이첨단소재,증권발행결과(자율공시)              (제3자배정 유상증자),20261007,20261007900236,K,유상증자,3,False
054950,제이브이엠,임원ㆍ주요주주특정증권등소유상황보고서,20261007,20261007000203,K,주요주주변동,1,False
110990,디아이티,주요사항보고서(자기주식처분결정),20261007,20261007000173,K,자사주처분,2,False
490470,세미파이브,주식등의대량보유상황보고서(약식),20261007,20261007000151,K,대량보유,1,False
026150,특수건설,주식등의대량보유상황보고서(약식),20261007,20261007000147,K,대량보유,1,False
088340,유라클,주식등의대량보유상황보고서(일반),20261007,20261007000133,K,대량보유,1,False
361670,삼영에스앤씨,임원ㆍ주요주주특정증권등소유상황보고서,20261007,20261007000132,K,주요주주변동,1,False
475660,에스켐,임원ㆍ주요주주특정증권등소유상황보고서,20261007,20261007000127,K,주요주주변동,1,False
298540,더네이쳐홀딩스,임원ㆍ주요주주특정증권등소유상황보고서,20261007,20261007000122,K,주요주주변동,1,False
052330,코텍,주식등의대량보유상황보고서(일반),20261007,20261007000117,K,대량보유,1,False
067390,아스트,주식등의대량보유상황보고서(일반),20261007,20261007000107,K,대량보유,1,False
129920,대성하이텍,임원ㆍ주요주주특정증권등소유상황보고서,20261007,20261007000100,K,주요주주변동,1,False
129920,대성하이텍,주식등의대량보유상황보고서(일반),20261007,20261007000080,K,대량보유,1,False
067990,도이치모터스,주식등의대량보유상황보고서(일반),20261007,20261007000049,K,대량보유,1,False
332570,PS일렉트로닉스,주식등의대량보유상황보고서(일반),20261007,20261006000465,K,대량보유,1,False
263810,상신전자,주식등의대량보유상황보고서(일반),20261007,20261006000460,K,대량보유,1,False
900340,윙입푸드,[기재정정]임원ㆍ주요주주특정증권등소유상황보고서,20261007,20261006000464,K,주요주주변동,1,False
224060,더코디,"기타주요경영사항              (제10회차, 제11회차 전환사채권 발행 결정 철회)",20261006,20261006900780,K,CB,2,False
224060,더코디,[기재정정]주요사항보고서(전환사채권발행결정),20261007,20261006000463,K,"CB,CB발행",2,False
224060,더코디,[기재정정]주요사항보고서(전환사채권발행결정),20261007,20261006000462,K,"CB,CB발행",2,False
032790,엠젠솔루션,[기재정정]주요사항보고서(유상증자결정),20261006,20261006000435,K,유상증자,3,False
101360,에코앤드림,주요사항보고서(전환사채권발행결정),20261006,20261006000446,K,"CB,CB발행",2,False
119830,아이텍,주요사항보고서(자기전환사채만기전취득결정),20261006,20261006000427,K,CB,2,False
070300,퀀텀레일,전환사채(해외전환사채포함)발행후만기전사채취득              ,20261006,20261006900778,K,CB,2,False
108490,로보티즈,임원ㆍ주요주주특정증권등소유상황보고서,20261006,20261006000459,K,주요주주변동,1,False
206400,베노티앤알,주식등의대량보유상황보고서(일반),20261006,20261006000458,K,대량보유,1,False
217480,에스디생명공학,주권매매거래정지해제              (상장폐지에 따른 정리매매 개시),20261006,20261006900746,K,상장폐지위험,3,False
307180,아이엘,주식등의대량보유상황보고서(일반),20261006,20261006000457,K,대량보유,1,False
083660,CSA 코스믹,주식등의대량보유상황보고서(일반),20261006,20261006000455,K,대량보유,1,False
065420,에스아이리소스,임원ㆍ주요주주특정증권등소유상황보고서,20261006,20261006000454,K,주요주주변동,1,False
083660,CSA 코스믹,임원ㆍ주요주주특정증권등소유상황보고서,20261006,20261006000452,K,주요주주변동,1,False
083660,CSA 코스믹,임원ㆍ주요주주특정증권등소유상황보고서,20261006,20261006000450,K,주요주주변동,1,False
288980,모아데이타,[기재정정]주요사항보고서(유상증자결정),20261006,20261006000429,K,유상증자,3,False
206400,베노티앤알,임원ㆍ주요주주특정증권등소유상황보고서,20261006,20261006000443,K,주요주주변동,1,False
206400,베노티앤알,임원ㆍ주요주주특정증권등소유상황보고서,20261006,20261006000442,K,주요주주변동,1,False
206400,베노티앤알,주식등의대량보유상황보고서(일반),20261006,20261006000441,K,대량보유,1,False
065420,에스아이리소스,임원ㆍ주요주주특정증권등소유상황보고서,20261006,20261006000439,K,주요주주변동,1,False
092600,앤씨앤,임원ㆍ주요주주특정증권등소유상황보고서,20261006,20261006000431,K,주요주주변동,1,False
217480,에스디생명공학,기타시장안내              (코스닥시장위원회 개최 결과 및 상장폐지 결정 안내),20261006,20261006900705,K,상장폐지위험,3,False
