symbol,name,market,sector,industry,status,data_date,current_price,low_3m,high_3m,return_1m_pct,return_3m_pct,avg_volume_20d,avg_trading_value_20d,avg_daily_range_pct,sma20,sma60,rsi14,data_rows,fundamentals_status,market_cap,trailing_pe,forward_pe,price_to_book,peg_ratio,revenue_growth,earnings_growth,profit_margin,return_on_equity,debt_to_equity,analyst_target_mean,beta,short_percent_float,next_earnings_date,guidance_note,event_note
MMM,3M,USA,Industrials,Industrial Conglomerates,OK,2026-08-26,180.0,148.39999389648438,184.89999389648438,-1.3590507373980598,16.00180584137172,2670888.5,481659542.8947449,1.780093479849602,180.4104995727539,167.8771659851074,47.43679717255003,166,READY,92830040064.0,31.858406,18.408522,31.44654,1.8,0.025,0.328,0.11902001,0.81891996,437.937,185.57059,1.08,0.0187,,,
AOS,A. O. Smith,USA,Industrials,Building Products,OK,2026-08-26,62.47999954223633,55.41999816894531,64.7699966430664,-2.39025549591122,7.7055703327677305,1477248.7,91695916.78535804,2.718860553388933,62.322500228881836,60.64966684977214,48.015554476290674,166,READY,8491567616.0,17.30748,15.27408,4.6103897,1.64,-0.007,-0.15,0.13149,0.27133,36.766,69.90909,1.157,0.1125,,,
ABT,Abbott Laboratories,USA,Health Care,Health Care Equipment,OK,2026-08-26,114.0999984741211,85.13999938964844,117.33999633789062,6.3671129344592625,33.169932385292626,7692335.35,849537706.8489475,2.033578960807324,110.61499977111816,99.50999972025554,71.99141528634294,166,READY,197436735488.0,37.532894,18.813265,3.8629515,2.34,0.13,-0.475,0.116450004,0.10576,63.212,120.2,0.581,0.013200001,,,
ABBV,AbbVie,USA,Health Care,Biotechnology,OK,2026-08-26,262.8999938964844,208.99000549316406,267.4700012207031,-0.11398871452592552,22.051996910838945,5064996.7,1282243283.065625,2.241025674333168,253.78399963378905,245.84516677856445,74.18038921284946,166,READY,464575135744.0,75.11428,16.146645,-78.26734,0.43,0.102,2.904,0.098000005,,,276.5862,0.28,0.0115,,,
ACN,Accenture,USA,Information Technology,IT Consulting & Other Services,OK,2026-08-26,181.3800048828125,118.1500015258789,198.0,10.154257772891473,2.8464528550054213,5784146.85,1014049737.4071045,4.149180218367982,176.2049987792969,157.69233322143555,61.32805070781909,166,READY,110994055168.0,14.928396,12.377736,3.4799795,1.35,0.056,0.09,0.10656,0.24406,25.035,181.3084,1.074,0.042600002,,,
ADBE,Adobe Inc.,USA,Information Technology,Application Software,OK,2026-08-26,273.4700012207031,190.1199951171875,279.0,9.747977068338166,14.787606999341651,4355512.55,1146360612.8753128,3.6950675499384458,264.1334968566895,236.75849889119465,58.20211840901368,166,READY,108704325632.0,15.644737,9.94784,9.473447,0.67,0.127,0.079,0.28689,0.62953997,61.443,270.60587,1.397,0.0506,,,
AMD,Advanced Micro Devices,USA,Information Technology,Semiconductors,OK,2026-08-26,480.92999267578125,424.0299987792969,584.72998046875,5.787250415990131,-2.9483019770776386,23996964.55,11663628455.927847,4.493534509739543,483.002001953125,506.6741673787435,47.39111223920228,166,READY,785106206720.0,122.063446,31.071903,11.675608,1.03,0.501,1.595,0.15577,0.10196,6.361,613.8449,2.489,0.024600001,,,
AES,AES Corporation,USA,Utilities,Independent Power Producers & Energy Traders,OK,2026-08-26,14.729999542236328,14.529999732971191,14.880000114440918,-0.6743114091988245,0.3405942508251769,7505941.0,110579980.6106844,0.3360106663359455,14.729999923706055,14.717833312352498,55.17233441525343,166,READY,10508951552.0,5.516854,6.1950097,2.1255412,0.81,0.199,,0.1434,0.095740005,256.886,15.0,0.952,0.024300002,,,
AFL,Aflac,USA,Financials,Life & Health Insurance,OK,2026-08-26,117.44999694824219,110.54000091552734,130.22000122070312,-9.34002764838333,2.263821078506112,1997555.55,243236659.76458207,1.6459361604557614,121.6555004119873,120.64333356221518,25.699167247762702,166,READY,58882768896.0,12.534685,15.573948,1.946083,1.18,-0.01,0.468,0.26908,0.16908,53.365,118.53333,0.595,0.028399998,,,
A,Agilent Technologies,USA,Health Care,Life Sciences Tools & Services,OK,2026-08-26,155.0800018310547,123.69999694824219,160.50999450683594,10.345815596645934,33.8743152051783,1913415.95,286155207.43472064,2.4234165106535266,147.98250045776368,138.08800010681153,73.62449213894313,166,READY,43799543808.0,31.078157,23.457094,6.1451893,1.38,0.1,0.6,0.19552,0.21330999,49.733,160.85,1.229,0.0208,,,
APD,Air Products,USA,Materials,Industrial Gases,OK,2026-08-26,306.6600036621094,270.1099853515625,314.8699951171875,4.715723841819641,7.325094274672717,986411.05,297312397.9047165,2.1866509412212554,302.3365005493164,293.96499989827475,57.65559659689638,166,READY,68288745472.0,,21.24377,4.9186006,2.19,0.046,,-0.00375,0.00023,110.091,343.6316,0.75,0.0178,,,
ABNB,Airbnb,USA,Consumer Discretionary,"Hotels, Resorts & Cruise Lines",OK,2026-08-26,188.07000732421875,127.2300033569336,193.4530029296875,22.833261429367123,42.369416074700375,5405224.8,956897754.7787292,2.9835094055833085,174.76675109863282,152.9790837605794,77.8006757929062,166,READY,112613621760.0,42.93836,30.636131,14.227249,2.03,0.165,0.334,0.2045,0.34542,32.004,176.75641,1.137,0.0311,,,
AKAM,Akamai Technologies,USA,Information Technology,Internet Services & Infrastructure,OK,2026-08-26,108.05999755859375,104.06999969482422,164.8000030517578,-3.3366162683477585,-25.181746840375073,3580978.7,414870481.03647614,4.822351571540146,115.99399909973144,122.41283365885417,38.93692819776368,166,READY,15530016768.0,38.31915,15.081246,3.2676141,1.26,0.054,-0.268,0.09507,0.08918,196.672,157.43086,0.645,0.1612,,,
ALB,Albemarle Corporation,USA,Materials,Specialty Chemicals,OK,2026-08-26,134.50999450683594,111.55000305175781,180.0,18.867082143684488,-24.20691182643413,2288782.15,295462943.7548607,3.4237654754837585,129.6729991912842,135.9499994913737,60.813700454314755,166,READY,15872859136.0,498.18515,11.906437,1.974024,0.79,0.311,,0.03795,0.02648,18.976,172.564,1.317,0.0007,,,
ARE,Alexandria Real Estate Equities,USA,Real Estate,Office REITs,OK,2026-08-26,52.970001220703125,45.779998779296875,56.20000076293945,-1.907405146846064,6.088525729915162,2225702.95,112361066.63370362,3.8675552551863186,50.24599990844727,50.90249989827474,64.6828074879852,166,READY,9115887616.0,,-65.395065,0.58142984,3.24,-0.119,,-0.36078998,-0.040760003,68.67,53.0,1.169,0.055,,,
ALGN,Align Technology,USA,Health Care,Health Care Supplies,OK,2026-08-26,159.13999938964844,157.27000427246094,190.97000122070312,-9.37357980737431,-2.296172262430174,894262.5,151657608.64551544,3.6767851688757163,169.44100112915038,173.32366739908855,39.598148760837326,166,READY,11305282560.0,27.628471,12.681944,2.678809,0.76,0.043,-0.121,0.09991,0.10155,2.855,208.6,1.653,0.0551,,,
ALLE,Allegion,USA,Industrials,Building Products,OK,2026-08-26,160.27999877929688,126.86000061035156,170.8699951171875,-0.5892184912338339,22.146012260521776,1082848.75,177130679.11434174,2.2185000790988236,163.53099975585937,146.3813340504964,31.74329252194029,166,READY,13629696000.0,21.06176,16.39829,6.4351387,2.32,0.127,0.162,0.15357,0.3373,104.895,174.63635,0.845,0.046,,,
LNT,Alliant Energy,USA,Utilities,Electric Utilities,OK,2026-08-26,68.91999816894531,67.54000091552734,78.80999755859375,-6.599813912669639,-6.549155025158903,2529870.15,176725965.2760109,1.768010661977177,69.69999923706055,72.85099983215332,46.28713549077909,166,READY,17869901824.0,21.810125,18.699348,2.3734417,2.26,0.01,-0.04,0.18447,0.11135,160.951,78.54167,0.539,0.1041,,,
ALL,Allstate,USA,Financials,Property & Casualty Insurance,OK,2026-08-26,261.80999755859375,202.2100067138672,277.2200012207031,-3.894727019369737,25.357907544818904,1719076.25,450261224.2653656,2.202777760132274,261.90049896240237,246.24866689046223,38.32925129115896,166,READY,66200739840.0,5.1578016,9.511519,2.097988,3.09,0.118,0.612,0.18971,0.46113998,22.261,274.0909,0.156,0.0,,,
GOOGL,Alphabet Inc. (Class A),USA,Communication Services,Interactive Media & Services,OK,2026-08-26,342.0,314.8999938964844,391.8699951171875,2.4841954862588667,-12.043820741578038,25779987.15,9089703099.057018,2.4417666311434916,350.3989990234375,352.8498326619466,32.12255824329304,166,READY,4182637805568.0,17.422314,23.090929,6.719585,0.94,0.242,2.94,0.54771,0.48676,18.859,428.06668,1.237,0.0124,,,
GOOG,Alphabet Inc. (Class C),USA,Communication Services,Interactive Media & Services,OK,2026-08-26,339.1000061035156,314.8900146484375,390.0,1.9542994229461819,-11.883164530933076,17218919.6,6034976641.886548,2.33428993879843,348.4235015869141,351.01283365885416,27.549982128988816,166,READY,4147171033088.0,17.23945,22.89513,6.6626062,0.93,0.242,2.94,0.54771,0.48676,18.859,422.336,1.237,,,,
MO,Altria,USA,Consumer Staples,Tobacco,OK,2026-08-26,69.12000274658203,63.91999816894531,77.05999755859375,-7.6182798335890585,-4.1464399368488,10395617.3,694563360.8676002,2.269540302632298,66.83700027465821,70.25049997965495,54.48005656424128,166,READY,115412697088.0,14.340249,11.787116,-43.254066,2.68,0.012,-0.027,0.38999,,,70.0,0.495,0.024300002,,,
AMZN,Amazon,USA,Consumer Discretionary,Broadline Retail,OK,2026-08-26,260.2799987792969,225.5500030517578,287.20001220703125,12.743653335859051,-4.256026141052615,45466770.5,12102335370.210648,2.3514420472655946,266.10399932861327,250.06033274332682,36.16625541898985,166,READY,2807461576704.0,20.939661,25.049782,5.0879664,1.39,0.196,2.423,0.1744,0.30558002,45.617,327.004,1.454,0.0097,,,
AMCR,Amcor,USA,Materials,Paper & Plastic Packaging Products & Materials,OK,2026-08-26,47.150001525878906,37.400001525878906,48.939998626708984,0.9852279132575914,18.85556768890686,3986844.45,186262506.31059837,2.2607475199587688,46.8455005645752,43.69066677093506,50.54811279419275,166,READY,21799600128.0,19.894516,10.478849,1.8474258,1.09,0.259,,0.04705,0.09396,128.294,49.93462,0.593,0.0498,,,
AEE,Ameren,USA,Utilities,Multi-Utilities,OK,2026-08-26,107.75,105.05999755859375,118.31999969482422,-4.230736864147344,-3.032759776174221,1580993.25,171748123.81363678,1.751765779236532,108.54699974060058,110.38599955240885,47.72728636851993,166,READY,29829861376.0,18.804537,18.549284,2.179101,2.84,-0.062,0.119,0.18583,0.11943,157.846,120.4,0.476,0.0514,,,
AEP,American Electric Power,USA,Utilities,Electric Utilities,OK,2026-08-26,123.36000061035156,120.05999755859375,140.5800018310547,-7.262068374560471,-4.792781016310432,3865756.25,484809743.40509415,1.9555878082034102,125.28550033569336,130.04966672261557,43.69189617745175,166,READY,67156860928.0,21.268965,18.000456,2.0933666,2.09,0.07,-0.432,0.13781999,0.10130999,160.789,144.0,0.507,0.0429,,,
AXP,American Express,USA,Financials,Consumer Finance,OK,2026-08-26,336.1499938964844,300.0299987792969,363.1400146484375,-0.14259304855941402,7.554228164733989,2376448.85,807035460.587999,1.6694816013553955,339.9394958496094,338.3764984130859,41.29082131336957,166,READY,227005399040.0,20.372726,16.712498,6.6190805,1.57,0.128,0.11,0.16141,0.34377,172.38,375.9556,1.055,0.0208,,,
AIG,American International Group,USA,Financials,Multi-line Insurance,OK,2026-08-26,76.97000122070312,72.1500015258789,82.44999694824219,-4.775455304850141,2.2585421196419153,2949966.65,228819789.95075074,1.749807304718395,77.42049980163574,77.1883331298828,34.00856312293709,166,READY,40247087104.0,13.943841,8.762852,0.9946243,0.62,0.005,-0.101,0.11089,0.0722,22.466,88.5,0.517,0.0175,,,
AMT,American Tower,USA,Real Estate,Telecom Tower REITs,OK,2026-08-26,175.72999572753906,160.05999755859375,196.0800018310547,2.4664698119761352,-5.000540714480561,2313617.3,400341697.96095735,2.434666487492419,173.50000076293946,174.3046666463216,59.52880744027445,166,READY,81883160576.0,24.577621,25.06833,22.013027,1.67,0.047,1.385,0.31083,0.33914003,438.721,215.69565,0.894,0.0174,,,
AWK,American Water Works,USA,Utilities,Water Utilities,OK,2026-08-26,137.49000549316406,120.56999969482422,141.25,-0.39842641243014176,11.07610829623007,2311413.4,313844666.59954834,2.3024234912536214,135.8300018310547,131.99983393351238,56.46488374137953,166,READY,27323250688.0,23.869791,20.940327,2.3423285,2.67,0.062,0.086,0.21347,0.10095,137.745,140.36365,0.577,0.0688,,,
AMP,Ameriprise Financial,USA,Financials,Asset Management & Custody Banks,OK,2026-08-26,560.280029296875,433.239990234375,572.5599975585938,2.499000091783876,26.42552797364237,394010.65,219602528.1319092,1.7836979894312954,558.1230102539063,511.0030029296875,50.3482905252223,166,READY,49491337216.0,13.533334,10.843753,7.784478,1.8,0.116,0.117,0.199,0.63432,67.578,579.4545,1.137,0.0374,,,
AME,Ametek,USA,Industrials,Electrical Components & Equipment,OK,2026-08-26,245.1999969482422,220.10000610351562,261.1600036621094,1.5615310387403714,8.313451567938612,1336634.8,332319260.1373993,2.112591266029741,248.6680000305176,239.0236666361491,41.26623081166242,166,READY,56214855680.0,35.331413,27.19326,4.9920597,3.09,0.15,0.142,0.20044,0.14562,20.522,277.5,0.997,0.0145000005,,,
AMGN,Amgen,USA,Health Care,Biotechnology,OK,2026-08-26,440.3399963378906,322.29998779296875,447.0299987792969,12.017295726506605,31.03017304554825,2647683.2,1097976978.806006,2.5699432026900366,416.6274978637695,377.7336669921875,75.0600137395908,166,READY,238061895680.0,27.469744,18.048504,20.367252,2.32,0.095,0.649,0.22951001,0.91473,490.281,388.48276,0.413,0.0223,,,
APH,Amphenol,USA,Information Technology,Electronic Components,OK,2026-08-26,161.33999633789062,138.1999969482422,178.52000427246094,12.158491131233639,15.045628934858435,6223048.85,1018258273.4875534,3.3566399994564007,163.86199951171875,159.17283299763997,39.54903473947032,166,READY,198929547264.0,39.641273,24.90818,12.837364,1.1,0.55,0.593,0.17729001,0.38115,120.415,192.11765,1.251,0.0136,,,
ADI,Analog Devices,USA,Information Technology,Semiconductors,OK,2026-08-26,371.79998779296875,352.7300109863281,445.9100036621094,1.6319059234702227,-10.813667377142744,3778433.0,1420376158.803894,2.8260557169079323,377.27650146484376,390.65466868082683,45.58421713231402,166,READY,180161429504.0,44.420547,22.758461,5.369806,0.56,0.396,1.635,0.29787,0.12227,27.314,470.25,1.212,0.0194,,,
AON,Aon plc,USA,Financials,Insurance Brokers,OK,2026-08-26,353.9800109863281,311.07000732421875,382.3399963378906,-7.155221654656863,11.125761753851515,1021676.85,365619198.86585844,2.00218760237387,355.64599609375,347.5518330891927,42.94939393881607,166,READY,75088166912.0,19.567717,16.57903,7.818616,3.02,0.022,-0.03,0.22268,0.44699,163.481,404.05264,0.676,0.016,,,
APA,APA Corporation,USA,Energy,Oil & Gas Exploration & Production,OK,2026-08-26,41.189998626708984,31.770000457763672,45.04999923706055,17.921552438708744,12.479518918951005,5983477.5,238925875.22458076,3.3861202355679523,39.89499988555908,36.59633334477743,67.70516679879935,166,READY,14430979072.0,8.708245,9.804014,2.0572371,0.8,0.092,0.263,0.19564,0.26659,48.854,43.75,0.348,0.09819999,,,
APO,Apollo Global Management,USA,Financials,Asset Management & Custody Banks,OK,2026-08-26,133.6699981689453,114.02999877929688,144.3300018310547,7.20185704684615,2.609959150207186,3725805.35,493257467.54251784,3.464199813745565,132.66049919128417,127.35966644287109,57.60986113561454,166,READY,78937907200.0,47.40071,12.454114,3.9265049,0.61,0.638,0.637,0.052670002,0.11412,100.969,152.84212,1.508,0.0383,,,
AAPL,Apple Inc.,USA,Information Technology,"Technology Hardware, Storage & Peripherals",OK,2026-08-26,313.45001220703125,273.75,344.57000732421875,-7.830503239441766,0.8364182250167884,49847592.15,15491562596.397842,2.0141328214227894,310.26399993896484,309.5298334757487,51.309176876983706,166,READY,4574545969152.0,35.987373,32.861526,42.588318,2.5,0.164,0.287,0.27618998,1.4875101,78.445,324.45282,1.086,0.008,,,
AMAT,Applied Materials,USA,Information Technology,Semiconductor Materials & Equipment,OK,2026-08-26,479.760009765625,436.3299865722656,739.6699829101562,0.6926118393422387,7.029561576268817,7583523.3,3906253813.4208922,4.253443733355442,514.5530014038086,548.5574986775716,36.7030891043577,166,READY,380736307200.0,41.501728,25.991573,14.85739,0.96,0.248,0.428,0.30052,0.41068,28.666,640.3143,1.618,0.015,,,
APP,AppLovin,USA,Communication Services,Advertising,OK,2026-08-26,308.1099853515625,297.5,622.0,-26.328252007974474,-45.739045827369075,7128320.35,2472764606.4523864,4.103924813728125,338.8630004882813,435.8316670735677,36.76779706364238,166,READY,103506321408.0,23.865995,14.674148,32.659527,0.88,0.528,0.57,0.64575994,2.03686,111.13,525.5806,2.529,0.039100002,,,
APTV,Aptiv,USA,Consumer Discretionary,Automotive Parts & Equipment,OK,2026-08-26,46.27000045776367,46.06999969482422,78.48999786376953,-22.10437833472927,-25.250404980330586,4736375.15,232426172.57625753,3.5424244404904868,49.60599975585937,58.01816654205322,49.88730740945184,166,READY,9607194624.0,21.127853,7.1055408,1.1014569,0.95,0.023,-0.353,0.010720001,0.05158,64.938,66.61111,1.36,0.0616,,,
ACGL,Arch Capital Group,USA,Financials,Property & Casualty Insurance,OK,2026-08-26,100.72000122070312,87.05000305175781,107.08999633789062,-5.409468402177131,10.196936038546301,1533068.0,152237070.12524414,1.7622617449826994,99.303999710083,97.74349988301596,57.79714842674259,166,READY,34368598016.0,7.8810644,10.313142,1.474282,1.05,-0.105,-0.071,0.24396999,0.19936001,17.836,111.86842,0.288,0.0251,,,
ADM,Archer Daniels Midland,USA,Consumer Staples,Agricultural Products & Services,OK,2026-08-26,80.08999633789062,71.62000274658203,88.45999908447266,-3.7148400528352554,0.6788098873880211,3999132.5,318420567.78266907,3.1359591192072243,79.73400001525879,80.19900004069011,57.86584988581474,166,READY,38600142848.0,21.645945,14.075076,1.6375978,1.03,0.072,3.156,0.021559998,0.07642,39.134,78.7,0.612,0.033299997,,,
ARES,Ares Management,USA,Financials,Asset Management & Custody Banks,OK,2026-08-26,141.97999572753906,105.79000091552734,149.8699951171875,11.008595804286415,12.166213994086217,2343982.7,326858268.5443527,3.672500754402803,139.80250053405763,128.78383344014486,55.28725740726781,166,READY,46831624192.0,65.428566,19.741571,12.870999,1.35,0.058,0.065,0.10628,0.14941,172.378,146.88889,1.507,0.1356,,,
ANET,Arista Networks,USA,Information Technology,Communications Equipment,OK,2026-08-26,202.25,145.32000732421875,214.88999938964844,19.173880147795643,31.067334067711805,7883973.9,1519857032.3019166,4.476574874145124,192.12750015258788,176.32366689046225,56.39077897009364,166,READY,255082692608.0,60.553894,39.199078,17.237705,1.81,0.377,0.357,0.38371,0.31476,,241.81519,1.615,0.0123000005,,,
AJG,Arthur J. Gallagher & Co.,USA,Financials,Insurance Brokers,OK,2026-08-26,265.0299987792969,199.69000244140625,272.7900085449219,-0.10553645994250127,30.653187480827793,1362330.65,348180299.5427536,3.2223416193978323,255.07249908447267,241.47899958292643,63.443244135955396,166,READY,67938054144.0,44.46812,17.798298,2.8640745,0.89,0.309,-0.107,0.10378,0.06722,59.401,291.55557,0.502,0.0231,,,
AIZ,Assurant,USA,Financials,Multi-line Insurance,OK,2026-08-26,288.510009765625,245.5500030517578,303.94000244140625,1.9181939561005334,14.460847639482388,406338.1,115986590.54649659,2.276752308009212,284.64600067138673,273.6903330485026,39.200678354072416,166,READY,14230401024.0,13.641135,12.372984,2.336416,2.16,0.094,0.305,0.07903,0.18341999,36.211,322.33334,0.543,0.0309,,,
T,AT&T,USA,Communication Services,Integrated Telecommunication Services,OK,2026-08-26,25.8700008392334,19.889999389648438,26.020000457763672,4.906735601412704,3.9373301471133715,38882840.85,940763720.7185104,1.9143720187062434,24.436499977111815,23.07849998474121,85.06496441989663,166,READY,177271226368.0,8.509869,10.090806,1.6112357,1.71,0.023,0.062,0.16943,0.18339,129.054,28.70652,0.417,0.0172,,,
ATO,Atmos Energy,USA,Utilities,Gas Utilities,OK,2026-08-26,169.4600067138672,166.02999877929688,182.63999938964844,-5.530158266762209,-3.847025969117923,1067555.4,181978543.93276063,1.6178064335113302,170.37399978637694,172.58749974568684,41.688709326762805,166,READY,28636803072.0,19.959953,18.79185,1.8767998,2.01,0.048,0.233,0.28496,0.09792,67.662,188.18182,0.602,0.0234,,,
ADSK,Autodesk,USA,Information Technology,Application Software,OK,2026-08-26,254.77000427246094,185.5,260.739990234375,7.3258063155881015,7.49789209808478,1747394.25,431213913.00704575,3.3437550589456224,247.22150039672852,222.4846669514974,59.45863427915804,166,READY,53793476608.0,36.604885,17.905424,16.856556,0.96,0.184,2.314,0.19488001,0.50396,85.419,314.57352,1.298,0.0392,,,
ADP,Automatic Data Processing,USA,Industrials,Human Resource & Employment Services,OK,2026-08-26,281.3900146484375,213.8000030517578,285.5899963378906,6.51852986539434,29.2855605510691,2270914.75,619857195.561615,2.206068978051718,273.4364990234375,248.91500015258788,58.84597886382073,166,READY,111785771008.0,25.721209,21.0017,18.560122,2.62,0.068,0.098,0.20109,0.72239,91.436,287.26666,0.823,0.0313,,,
AZO,AutoZone,USA,Consumer Discretionary,Automotive Retail,OK,2026-08-26,2999.0,2902.199951171875,3239.139892578125,-3.8412224878968892,-0.9407157323081727,210163.25,636345148.1452637,2.4149099406971573,3032.5540161132812,3056.472664388021,42.08933802696725,166,READY,,20.833624,17.122375,-17.629665,1.37,0.084,0.077,0.12399,,,3950.5217,0.344,0.028199999,,,
AVY,Avery Dennison,USA,Materials,Paper & Plastic Packaging Products & Materials,OK,2026-08-26,182.3300018310547,152.4199981689453,187.91000366210938,7.804645283010703,13.587090068583741,827267.35,146737171.08559647,2.991988429747188,178.23850021362304,166.1519999186198,66.2636147555325,166,READY,13818451968.0,19.690065,16.29949,5.9581075,1.92,0.109,0.108,0.076220006,0.3116,158.653,201.8,0.812,0.041500002,,,
AXON,Axon Enterprise,USA,Industrials,Aerospace & Defense,OK,2026-08-26,607.47998046875,393.45001220703125,665.0700073242188,10.924852257370077,55.23867144503989,913847.85,540767713.8289306,6.079071914956984,596.5085052490234,536.3886693318685,63.47726777091934,166,READY,49350103040.0,256.32068,57.529945,13.4300165,2.81,0.353,-0.182,0.06191,0.06221,50.363,693.40424,1.397,0.0505,,,
BKR,Baker Hughes,USA,Energy,Oil & Gas Equipment & Services,OK,2026-08-26,62.0,52.27000045776367,66.23999786376953,6.055424172026025,-1.8987353614766667,6217389.05,389700827.8307663,2.3306343285176707,62.75350017547608,60.061166763305664,46.47224997416198,166,READY,61545791488.0,19.871796,19.615349,3.0904198,2.13,-0.024,-0.042,0.111669995,0.16463,80.925,72.13043,0.959,0.0274,,,
BALL,Ball Corporation,USA,Materials,"Metal, Glass & Plastic Containers",OK,2026-08-26,64.05000305175781,51.959999084472656,67.55000305175781,-4.245771212146443,13.342779957845941,1762222.6,111548423.41490707,1.985590456443553,63.23850040435791,61.04683335622152,56.705564406482765,166,READY,16954251264.0,18.352436,14.161676,2.9495742,1.24,0.197,0.092,0.0661,0.17151,131.495,72.57143,0.956,0.0294,,,
BAC,Bank of America,USA,Financials,Diversified Banks,OK,2026-08-26,62.22999954223633,50.61000061035156,65.2300033569336,-0.6228032518375781,21.780824658442754,26285559.2,1657109330.8773735,1.580530196741833,63.077999687194826,59.80899982452392,44.76190871623414,166,READY,435158745088.0,14.405092,11.751864,1.5817702,1.06,0.168,0.341,0.29524,0.111990005,,68.77273,1.168,0.0,,,
BAX,Baxter International,USA,Health Care,Health Care Equipment,OK,2026-08-26,26.5,18.110000610351562,30.0,8.740250666456696,37.09260271388182,7517094.95,203031644.94925195,3.676735274902491,26.894500064849854,23.24900000890096,44.24378270321145,166,READY,13700393984.0,,13.01316,2.2075975,36.68,0.053,0.368,-0.09268,-0.14371,156.449,28.72727,0.595,0.073,,,
BDX,Becton Dickinson,USA,Health Care,Health Care Equipment,OK,2026-08-26,190.2100067138672,140.11000061035156,193.07000732421875,14.350132801186799,29.183645488724252,1854633.35,333083279.75860673,2.2929537976297727,180.33950119018556,161.35916697184246,74.81118109846011,166,READY,51810697216.0,32.794827,14.309585,2.1220033,1.11,0.054,-0.314,0.0419,0.06607,68.84,194.41667,0.258,0.0392,,,
BRK-B,Berkshire Hathaway,USA,Financials,Multi-Sector Holdings,OK,2026-08-26,504.9100036621094,467.9599914550781,537.739990234375,-1.4559774237700829,5.207115672440676,4087358.45,2085842234.235045,1.4056799451788389,509.53199615478513,498.4216654459635,34.26014291294483,166,READY,1080865783808.0,12.689369,22.75134,0.0009668421,10.06,0.1,1.078,0.22296,0.121199995,17.142,547.6667,0.607,0.0095999995,,,
BBY,Best Buy,USA,Consumer Discretionary,Computer & Electronics Retail,OK,2026-08-26,87.44000244140625,68.48999786376953,91.2699966430664,-2.268915560076168,35.48187356838031,3445175.2,293751529.4044281,3.0105948070216675,85.32150001525879,81.36116689046224,67.43423140092305,166,READY,,15.811934,12.340347,5.975943,1.63,0.019,0.379,0.027309999,0.39104,134.09,83.4,1.317,0.0752,,,
TECH,Bio-Techne,USA,Health Care,Life Sciences Tools & Services,OK,2026-08-26,72.37999725341797,48.0,72.62000274658203,0.43013398072209164,50.509455237593606,2991021.85,215970717.1802395,0.3174339766940459,72.22000007629394,67.09633337656656,63.18664274455884,166,READY,11350503424.0,62.396553,31.238806,5.43271,0.97,0.013,,0.14968,0.09032,13.712,70.72727,1.277,0.047199998,,,
BIIB,Biogen,USA,Health Care,Biotechnology,OK,2026-08-26,221.07000732421875,184.89999389648438,222.85000610351562,7.519092781466985,12.23536881462055,803780.0,168924280.81863403,2.5534579968227,210.83600006103515,204.76916732788087,68.3453354511166,166,READY,32663977984.0,39.19681,13.368416,1.7323878,1.56,0.034,-0.848,0.083229996,0.04575,44.329,236.22,0.162,0.0392,,,
BLK,BlackRock,USA,Financials,Asset Management & Custody Banks,OK,2026-08-26,1173.2099609375,947.2100219726562,1186.739990234375,6.893527287448853,9.610964590894966,549181.7,628511608.3698975,1.7179236881862754,1146.1359985351562,1065.8420003255208,62.88359598853868,166,READY,190618681344.0,28.168304,18.243637,3.1563015,1.13,0.306,0.196,0.24089001,0.122779995,23.192,1320.8125,1.425,0.0119,,,
BX,Blackstone Inc.,USA,Financials,Asset Management & Custody Banks,OK,2026-08-26,143.1999969482422,107.02999877929688,150.24000549316406,6.945484298488824,21.355929617154402,4146024.9,579359505.7971878,2.9878895136892827,140.2015007019043,128.00850041707358,63.12955390716502,166,READY,171166646272.0,32.035793,19.11742,12.707427,1.69,0.286,0.573,0.22728,0.31374002,68.185,142.57143,1.546,0.0293,,,
XYZ,"Block, Inc.",USA,Financials,Transaction & Payment Processing Services,OK,2026-08-26,83.0999984741211,65.45999908447266,86.75,0.0,16.353963322074748,4759859.65,386713476.9808651,3.0361558566472624,81.25399894714356,77.63649927775064,62.500011687190934,166,READY,49926066176.0,148.39285,16.006687,2.2644284,0.87,0.093,-0.833,0.01426,0.01612,32.58,98.35,2.526,0.0293,,,
BNY,BNY Mellon,USA,Financials,Asset Management & Custody Banks,OK,2026-08-26,163.0800018310547,137.5,165.69000244140625,4.2111292137301914,16.70244412508799,2328105.3,371915128.7863663,1.6414000071733206,160.06650085449218,152.8285006205241,59.16523040861952,166,READY,110650458112.0,19.073685,15.916751,2.7724793,1.35,0.131,0.269,0.29413998,0.14124,,167.33333,1.049,0.0,,,
BA,Boeing,USA,Industrials,Aerospace & Defense,OK,2026-08-26,212.08999633789062,203.89999389648438,241.08999633789062,-4.274237824993065,-5.44360523751295,5559693.9,1251133343.6718292,2.5384849181632516,225.39300003051758,220.46199951171874,17.993614632889987,166,READY,167629586432.0,75.74643,51.46766,27.48704,89.29,0.08,,0.025910001,1.73537,790.875,274.84616,1.221,0.0001,,,
BKNG,Booking Holdings,USA,Consumer Discretionary,"Hotels, Resorts & Cruise Lines",OK,2026-08-26,208.88999938964844,158.1199951171875,217.32000732421875,4.8065836879247925,24.066048255366713,5589088.6,1152069558.4498444,3.0984971204185907,207.34449920654296,186.51800028483072,51.89777234145076,166,READY,156955869184.0,23.764505,16.878103,-14.683678,0.94,0.081,1.3,0.25527,,,237.80556,1.068,0.028299998,,,
BSX,Boston Scientific,USA,Health Care,Health Care Equipment,OK,2026-08-26,48.16999816894531,42.20000076293945,52.9900016784668,4.5809742352240335,-4.5382500140235145,20001713.9,990515974.2979676,3.2421536273331966,49.693999671936034,46.77733319600423,45.64379094290633,166,READY,69809389568.0,19.502024,14.030232,2.7953806,0.72,0.075,0.151,0.17499,0.15338999,50.151,62.68966,0.566,0.0191,,,
BMY,Bristol Myers Squibb,USA,Health Care,Pharmaceuticals,OK,2026-08-26,67.56999969482422,53.439998626708984,68.63999938964844,6.2421404338846465,17.47218212287769,11679801.3,763760900.7295837,2.6712103118702863,65.41000022888184,60.3660000483195,63.680009375011444,166,READY,138026221568.0,14.982261,10.303509,6.184897,2.4,0.057,1.531,0.18871,0.46598998,201.859,66.20833,0.225,0.0225,,,
AVGO,Broadcom,USA,Information Technology,Semiconductors,OK,2026-08-26,355.5899963378906,350.07000732421875,495.0,-6.64724136430902,-15.709000927984418,19687794.1,7679486218.515757,3.234036173542365,392.8970001220703,390.37550099690753,15.7423177578153,166,READY,1691748007936.0,59.562817,18.243776,19.294085,0.41,0.479,0.854,0.38848,0.37280998,74.018,526.30005,1.473,0.012,,,
BR,Broadridge Financial Solutions,USA,Industrials,Data Processing & Outsourced Services,OK,2026-08-26,181.60000610351562,133.8300018310547,186.91000366210938,14.805926483849309,23.45343206561259,1397306.35,238228291.45876008,3.084939858322951,170.60299987792968,154.223166402181,70.24755111201077,166,READY,20706359296.0,19.257689,15.687874,7.288197,2.01,0.075,0.084,0.15037,0.40916002,123.939,213.25,0.889,0.0334,,,
BRO,Brown & Brown,USA,Financials,Insurance Brokers,OK,2026-08-26,72.77999877929688,55.0099983215332,75.62999725341797,-1.1812664338864076,28.111242774083234,1962304.95,139946125.31554413,2.5873530208607107,71.47449989318848,66.6721668879191,56.74535144401951,166,READY,24352942080.0,23.252396,15.091695,1.9087332,1.51,0.324,0.071,0.18084998,0.10023,63.975,76.6875,0.581,0.056199998,,,
BF-B,Brown–Forman,USA,Consumer Staples,Distillers & Vintners,OK,2026-08-26,28.06999969482422,24.65999984741211,29.690000534057617,-2.871972092255226,8.211253341996061,1909820.5,53966265.48350716,2.652824575385809,28.23050003051758,27.046999994913737,47.9757017803971,166,READY,12880319488.0,18.346405,16.506424,3.2028754,2.12,0.02,-0.627,0.18202999,0.17846,64.95,28.08235,0.34,0.1254,,,
BLDR,Builders FirstSource,USA,Industrials,Building Products,OK,2026-08-26,68.66999816894531,65.0999984741211,90.95999908447266,-6.7996771382729415,-11.359239593513903,2024627.5,143816948.15109253,4.0493843381189984,71.40400123596191,75.35683415730794,42.787367069488575,166,READY,7388648448.0,75.46153,15.376106,1.844728,2.02,-0.088,,0.0070999996,0.02506,130.786,80.71429,1.418,0.0806,,,
BG,Bunge Global,USA,Consumer Staples,Agricultural Products & Services,OK,2026-08-26,113.25,102.80999755859375,134.8699951171875,-3.5102689359884254,-6.5439843911578865,1376962.1,151582555.5195877,3.1103587016568364,110.89600105285645,115.31416740417481,59.559149571751966,166,READY,21757491200.0,24.095745,9.985654,1.3637677,1.37,0.883,0.33,0.01097,0.071779996,97.995,141.22221,0.65,0.047399998,,,
BXP,"BXP, Inc.",USA,Real Estate,Office REITs,OK,2026-08-26,70.30000305175781,58.81999969482422,74.94000244140625,0.4859976725766213,15.777341301811898,1266417.1,87612185.98606262,2.5263221473106756,69.01699981689453,67.47250010172526,54.71819546140221,166,READY,12715683840.0,38.839783,32.095768,2.1753929,3.3,0.037,-0.232,0.09304,0.05308,211.631,76.35,1.039,0.0871,,,
CHRW,C.H. Robinson,USA,Industrials,Air Freight & Logistics,OK,2026-08-26,151.72999572753906,141.24000549316406,210.3300018310547,-10.399197467332911,-14.029128559681537,1928442.05,284250537.49447405,3.846947623679815,147.08500137329102,175.36616694132488,58.73835405972757,166,READY,17729841152.0,27.388086,20.23277,10.917398,1.97,0.193,0.238,0.03726,0.37123,121.188,199.84,0.946,0.044899996,,,
CDNS,Cadence Design Systems,USA,Information Technology,Application Software,OK,2026-08-26,334.67999267578125,311.42999267578125,416.69000244140625,-2.912511171202359,-10.525329876224522,2070620.3,679872600.8304809,3.0022639100535837,328.2789993286133,357.62366689046223,46.72731380326764,166,READY,92168527872.0,66.40476,35.068417,13.439884,3.01,0.242,1.254,0.23605,0.23229,38.661,403.12036,1.142,0.0164,,,
CPT,Camden Property Trust,USA,Real Estate,Multi-Family Residential REITs,OK,2026-08-26,107.61000061035156,104.97000122070312,119.80999755859375,-6.458623301499755,-0.4440704448158139,913175.65,100332170.73705825,1.7916711237155458,109.575,112.03833351135253,39.72425007351361,166,READY,12453982208.0,35.75083,98.72477,2.9023385,9.17,-0.008,-0.757,0.20622,0.07885,125.648,117.42045,0.789,0.047399998,,,
COF,Capital One,USA,Financials,Consumer Finance,OK,2026-08-26,217.2100067138672,174.24000549316406,228.13999938964844,2.2597820107349564,15.04767118797188,3144937.75,686337613.2204628,2.140717153726791,218.68099975585938,205.1816660563151,45.99023946940327,166,READY,133255053312.0,11.921515,9.045133,1.2940028,0.23,11.11,,0.21867001,0.09031,,258.27274,1.016,0.0197,,,
CAH,Cardinal Health,USA,Health Care,Health Care Distributors,OK,2026-08-26,238.39999389648438,194.0,258.29998779296875,2.5332241747892947,19.295435480991642,1890121.2,443789563.2064575,2.638163284048182,234.4849998474121,228.74250055948895,51.03640142005118,166,READY,55446052864.0,32.88276,16.93574,-19.26776,1.19,0.058,0.688,0.00674,,,270.9375,0.521,0.0318,,,
CCL,Carnival Corporation,USA,Consumer Discretionary,"Hotels, Resorts & Cruise Lines",OK,2026-08-26,25.59000015258789,25.100000381469727,31.600000381469727,-9.351751443348777,-8.541813540921217,17132783.25,470882271.20099545,2.692675935377852,27.564000034332274,27.668833382924397,26.047885897091064,166,READY,35049320448.0,11.792626,9.701193,2.7073636,0.91,0.053,-0.065,0.11237001,0.26689,201.556,35.29615,2.338,0.028900001,,,
CARR,Carrier Global,USA,Industrials,Building Products,OK,2026-08-26,58.7400016784668,58.220001220703125,76.76000213623047,-6.998097181164598,-8.944350126634227,5722587.6,355451625.0360161,2.493005149074085,62.23300018310547,66.98883304595947,13.239427236206765,166,READY,48420855808.0,41.957146,17.768179,3.6862254,1.39,0.039,-0.118,0.055180002,0.08966,91.998,77.81524,1.309,0.0218,,,
CVNA,Carvana,USA,Consumer Discretionary,Automotive Retail,OK,2026-08-26,73.94999694824219,56.119998931884766,76.80000305175781,11.926740260050694,1.3013656825235476,10589989.1,727737972.9670403,5.0618291223550385,70.17849941253662,67.61283302307129,57.38741464900552,166,READY,81970888704.0,40.190216,32.69115,13.200642,,0.524,0.615,0.06257,0.58773,110.88,82.975,3.488,0.1221,,,
CASY,Casey's,USA,Consumer Staples,Food Retail,OK,2026-08-26,807.1199951171875,739.1799926757812,927.8499755859375,-5.804914581694121,2.8991037625662575,277914.9,234948291.98239747,2.9695010878972705,845.1960021972657,833.3693328857422,44.14081438743407,166,READY,29867405312.0,43.092365,34.208523,7.537542,3.63,0.145,0.66,0.04068,0.19153,73.514,957.3889,0.615,0.0346,,,
CAT,Caterpillar Inc.,USA,Industrials,Construction Machinery & Heavy Transportation Equipment,OK,2026-08-26,821.9299926757812,776.0,1073.4599609375,-2.250102094249573,-9.671073676912577,2811388.85,2363598859.3895783,3.2318411040712482,838.7335052490234,901.4816670735677,39.8174445357553,166,READY,377820577792.0,34.96087,25.461584,19.480246,1.78,0.24,0.682,0.14511,0.56972003,232.783,979.2196,1.605,0.015700001,,,
CBOE,Cboe Global Markets,USA,Financials,Financial Exchanges & Data,OK,2026-08-26,312.19000244140625,227.14999389648438,349.95001220703125,4.976625664605683,-10.21024468656747,995934.65,293796662.7882477,3.4618260530262743,294.60749969482424,279.16916732788087,67.26153344827003,166,READY,32602318848.0,24.351795,20.480394,5.8020334,2.62,0.229,0.502,0.26734,0.26297,28.09,315.14285,0.415,0.0298,,,
CBRE,CBRE Group,USA,Real Estate,Real Estate Services,OK,2026-08-26,150.36000061035156,121.69000244140625,156.5500030517578,2.250933349133444,15.528242536792858,1413275.2,211347310.08428344,2.8222994666302847,149.71700057983398,140.9790008544922,54.45362679490197,166,READY,43540541440.0,34.725174,16.56425,5.1894803,1.0,0.155,-0.042,0.029760001,0.15798001,117.789,182.5,1.193,0.015,,,
CDW,CDW Corporation,USA,Information Technology,Technology Distributors,OK,2026-08-26,141.4600067138672,112.5999984741211,154.5,-1.7843449886907226,23.881253778284005,1942916.35,272478422.4913948,4.982131725569146,139.86049880981446,136.34699974060058,49.44746001553322,166,READY,17684965376.0,17.063932,11.850122,7.2580814,1.33,0.1,0.049,0.04597,0.44009998,263.278,155.88889,0.94,0.0766,,,
COR,Cencora,USA,Health Care,Health Care Distributors,OK,2026-08-26,327.7900085449219,261.2900085449219,333.95001220703125,2.569003791731417,22.763191100082025,1470066.6,466547751.8759705,2.5737808070550825,317.7940017700195,300.17266743977865,52.05742867377328,166,READY,62551240704.0,24.316767,16.56504,20.502253,0.69,0.051,0.119,0.00789,0.96871,446.516,369.30768,0.573,0.0277,,,
CNC,Centene Corporation,USA,Health Care,Managed Health Care,OK,2026-08-26,65.47000122070312,56.66999816894531,69.36000061035156,2.440934716031262,11.305680993507483,4154319.0,268897022.5643997,3.430675037866016,64.97449951171875,64.75816656748454,53.89810806102014,166,READY,32341854208.0,,12.323718,1.4334508,0.88,0.046,,-0.02829,-0.20358999,71.082,71.66667,1.105,0.0308,,,
CNP,CenterPoint Energy,USA,Utilities,Multi-Utilities,OK,2026-08-26,39.59000015258789,38.45000076293945,45.2599983215332,-10.226753917417419,-8.079868973517835,6128861.45,248536590.21433812,2.160336366346405,40.49500026702881,42.41016680399577,38.702955750333786,166,READY,26078734336.0,23.152046,18.97254,2.2250323,1.87,0.107,0.233,0.11611,0.09825,210.256,45.75,0.461,0.08180001,,,
CF,CF Industries,USA,Materials,Fertilizers & Agricultural Chemicals,OK,2026-08-26,125.69999694824219,100.69999694824219,132.5500030517578,2.2616326234206063,8.045384996546634,2425670.45,294393074.7243309,3.652003798904701,121.1910011291504,116.19566663106282,62.040247523931185,166,READY,19023202304.0,9.324926,12.015634,3.3151357,0.43,0.176,0.996,0.27122,0.29867,40.504,125.77474,0.398,0.073,,,
CRL,Charles River Laboratories,USA,Health Care,Life Sciences Tools & Services,OK,2026-08-26,295.1000061035156,163.97999572753906,300.5899963378906,22.73843326254916,79.4030009414642,973818.9,266917229.8820282,3.595046596907119,273.2159996032715,231.37816619873047,74.62139968481927,166,READY,14214296576.0,,23.261902,4.9599977,0.12,-0.027,,-0.05963,-0.07516,105.047,281.0,1.376,0.0571,,,
SCHW,Charles Schwab Corporation,USA,Financials,Investment Banking & Brokerage,OK,2026-08-26,109.38999938964844,83.95999908447266,114.52999877929688,3.227326724119317,27.777127216164878,7135973.45,777918373.0649391,1.7429738993970338,109.08949928283691,100.38816617329915,55.492049928695444,166,READY,189172023296.0,19.92532,14.016165,4.3027964,1.13,0.209,0.426,0.38793,0.20273,151.106,124.95,0.75,0.0,,,
CHTR,Charter Communications,USA,Communication Services,Cable & Satellite,OK,2026-08-26,153.88999938964844,111.55000305175781,168.11000061035156,9.944986816851141,4.559048136826904,2687041.75,404583492.81007767,4.6778119819012725,151.07550125122071,139.72466697692872,46.9348957324655,166,READY,20740907008.0,4.0369887,3.4893546,1.0828022,0.97,-0.017,0.161,0.09052,0.27201998,441.578,184.41176,0.678,0.5157,,,
CVX,Chevron Corporation,USA,Energy,Integrated Oil & Gas,OK,2026-08-26,200.2100067138672,164.77999877929688,208.97999572753906,6.733129736392596,9.764261739773051,8012157.65,1580911139.1018975,1.8967040638659873,197.46100006103515,186.75583368937174,69.46809615846624,166,READY,392732606464.0,19.23247,15.120449,2.0682852,0.77,0.535,3.219,0.09834,0.12231,18.959,218.29167,0.488,0.0081,,,
CMG,Chipotle Mexican Grill,USA,Consumer Discretionary,Restaurants,OK,2026-08-26,37.34000015258789,28.040000915527344,39.09000015258789,11.429430089208825,14.224538761771854,19525866.5,681773224.3855686,3.795464727486467,34.88350009918213,33.39050010045369,69.57930893434066,166,READY,47250706432.0,34.574074,27.272993,21.521614,2.01,0.093,-0.013,0.114250004,0.49560001,246.35,43.67188,0.937,0.0343,,,
CB,Chubb Limited,USA,Financials,Property & Casualty Insurance,OK,2026-08-26,343.7699890136719,308.6099853515625,365.9100036621094,-5.427788441905945,7.217036390376763,1621893.8,561133774.3969421,1.594639873353473,346.23599700927736,342.3616653442383,35.891093679444964,166,READY,132626415616.0,12.164543,11.80957,1.7588642,2.71,0.061,-0.007,0.18070999,0.14822,30.941,366.13043,0.389,0.0099,,,
CHD,Church & Dwight,USA,Consumer Staples,Household Products,OK,2026-08-26,102.86000061035156,92.56999969482422,104.30999755859375,2.932052733141055,4.948472980726759,1893997.75,190894524.0889473,2.2250199553136873,100.99800033569336,98.44233334859213,48.211730497831795,166,READY,24398792704.0,32.862617,25.462286,5.610036,3.11,0.016,0.09,0.119569995,0.17041,55.851,105.36842,0.471,0.052399997,,,
CIEN,Ciena,USA,Information Technology,Communications Equipment,OK,2026-08-26,404.0299987792969,323.2900085449219,637.510009765625,15.269175636227628,-30.588581137129978,1993590.8,811233013.9724426,6.150237954010896,402.84650268554685,430.88400014241535,50.05841136150169,166,READY,57191628800.0,135.58054,41.78521,19.780182,0.67,0.395,23.833,0.0787,0.15464,54.649,557.28564,1.315,0.0325,,,
CI,Cigna,USA,Health Care,Health Care Services,OK,2026-08-26,280.8699951171875,263.1099853515625,305.44000244140625,-6.706305256471934,-1.7077882354549434,1848193.4,513189396.8665527,2.3597522128608057,278.2564987182617,284.48033192952477,55.883578274760374,166,READY,74217226240.0,11.548931,8.38681,1.7378095,0.84,0.067,0.102,0.022720002,0.16758,74.29,341.41666,0.321,0.0221,,,
CINF,Cincinnati Financial,USA,Financials,Property & Casualty Insurance,OK,2026-08-26,172.3800048828125,155.61000061035156,194.80999755859375,-5.612440303320954,5.793545047233506,515708.8,89870961.00249939,1.861694328077355,173.56599960327148,175.3766657511393,30.43482158786398,166,READY,26456547328.0,8.089161,19.087122,1.5861682,2.19,0.316,0.855,0.23843001,0.21484,5.255,191.66667,0.554,0.026500002,,,
CTAS,Cintas,USA,Industrials,Diversified Support Services,OK,2026-08-26,205.77999877929688,167.82000732421875,219.1699981689453,-4.243832189953678,21.14682564457513,1951054.75,396620269.2139511,1.901079944779291,203.1499984741211,190.3941660563151,57.40515698947759,166,READY,82346893312.0,41.65587,33.667038,16.02024,3.25,0.089,0.156,0.17754,0.40714002,52.646,216.3125,0.918,0.0346,,,
CSCO,Cisco,USA,Information Technology,Communications Equipment,OK,2026-08-26,112.36000061035156,107.52999877929688,130.3699951171875,-2.7859501381647833,-6.108462998615394,21426905.55,2483594158.0589867,2.541777917029476,115.6189998626709,116.91583340962728,35.000006716015946,166,READY,442859585536.0,33.341248,20.072529,8.823622,1.02,0.176,0.52,0.20951,0.27319,58.731,137.73914,1.002,0.015,,,
C,Citigroup,USA,Financials,Diversified Banks,OK,2026-08-26,133.55999755859375,123.23999786376953,147.9600067138672,0.8228250380058588,6.515669677576996,8594117.05,1158511363.3957734,2.0288576367491915,134.8599998474121,136.37933387756348,49.317917631348884,166,READY,224038453248.0,14.36129,10.366917,1.1640433,0.72,0.155,0.61,0.21832001,0.08529,,154.5,1.102,0.0004,,,
CFG,Citizens Financial Group,USA,Financials,Regional Banks,OK,2026-08-26,70.48999786376953,60.275001525878906,75.33000183105469,-3.3589313074191884,11.746981321530114,2945687.65,212992332.70707893,1.8966258582511728,72.27600021362305,70.18616676330566,39.101121091225174,166,READY,29688752128.0,15.357298,10.803528,1.2377306,1.65,0.147,0.413,0.26051,0.08270001,,80.82353,1.006,0.0001,,,
CLX,Clorox,USA,Consumer Staples,Household Products,OK,2026-08-26,104.2300033569336,87.91000366210938,109.41999816894531,3.897531572970192,7.331894451479459,2619426.55,273661050.1579609,2.6160048052770746,104.70900039672851,98.67533378601074,45.866035687350305,166,READY,12604639232.0,21.851154,16.57507,140.09409,1.31,-0.02,-0.501,0.087349996,1.6376,2221.429,101.64706,0.541,0.1142,,,
CME,CME Group,USA,Financials,Financial Exchanges & Data,OK,2026-08-26,280.9800109863281,218.30999755859375,282.1700134277344,8.069234994741592,0.673595428770879,1846022.25,495064598.59571075,2.1139260829302047,268.4200042724609,253.88650131225586,69.19355530538326,166,READY,101034582016.0,23.832062,21.730558,3.8064919,4.86,0.008,0.025,0.63443,0.15802,14.587,283.06668,0.267,0.0161,,,
CMS,CMS Energy,USA,Utilities,Multi-Utilities,OK,2026-08-26,69.2300033569336,67.9000015258789,78.87000274658203,-6.911387924998658,-6.723252198462115,3769677.15,265820058.9104252,1.7701179351522565,70.47099952697754,73.08816642761231,38.50647518136472,166,READY,21708947456.0,20.665672,16.65452,2.2733395,2.65,-0.005,-0.439,0.11642,0.09158,185.604,79.58333,0.339,0.0,,,
KO,Coca-Cola Company (The),USA,Consumer Staples,Soft Drinks & Non-alcoholic Beverages,OK,2026-08-26,90.08000183105469,76.80999755859375,92.48999786376953,2.050532748185452,10.36510512103228,14491106.5,1280273125.1256485,1.4832757016894926,88.3439998626709,84.12066637674967,66.73579250547301,166,READY,387573612544.0,27.547401,25.54461,10.722533,4.41,0.067,0.169,0.28558,0.42054,115.519,94.69565,0.342,0.0092,,,
CTSH,Cognizant,USA,Information Technology,IT Consulting & Other Services,OK,2026-08-26,62.09000015258789,37.08000183105469,63.29999923706055,23.414825000483376,16.798345242302524,8391218.95,486559907.2111433,3.9952220557799847,58.476999855041505,50.181000010172525,69.51951724045102,166,READY,27968081920.0,13.324035,9.832458,1.9405551,1.01,0.045,0.038,0.10258,0.14924,14.479,63.942,0.809,0.0791,,,
COHR,Coherent Corp.,USA,Information Technology,Electronic Components,OK,2026-08-26,294.3699951171875,220.67999267578125,440.0,20.975626886145406,-22.570887267014285,7680063.5,2435570339.5927734,8.529868398534763,310.5240020751953,334.8758336385091,42.99180584338823,166,READY,57647136768.0,69.921616,21.103395,5.2849193,0.92,0.337,,0.11309,0.07981,31.612,416.09348,2.107,0.06,,,
COIN,Coinbase,USA,Financials,Financial Exchanges & Data,OK,2026-08-26,181.77999877929688,139.11000061035156,191.83999633789062,8.26682870004747,4.603521726433035,9978674.1,1614463118.397513,5.368919122699211,158.44399948120116,159.9836659749349,70.05181491864506,166,READY,47960276992.0,,64.284096,3.666028,10.58,-0.173,,-0.16344,-0.07847,50.982,196.55414,3.361,0.1042,,,
CL,Colgate-Palmolive,USA,Consumer Staples,Household Products,OK,2026-08-26,92.05999755859375,84.30000305175781,96.01000213623047,-0.7225339955622356,0.8434621922930097,4387609.15,402788186.1759201,2.076935958851691,91.83899955749511,91.2533332824707,46.20354575662858,166,READY,73387728896.0,35.960938,22.409822,311.0135,1.76,0.049,-0.055,0.096829996,2.67367,1388.163,98.95,0.327,0.024600001,,,
CMCSA,Comcast,USA,Communication Services,Cable & Satellite,OK,2026-08-26,27.200000762939453,21.280000686645508,27.350000381469727,12.44315900135675,7.850917936133772,23364314.25,596483662.4973288,2.2331800792803906,25.701500129699706,24.243833351135255,73.77048667737819,166,READY,96522919936.0,8.690096,7.5091863,1.0746316,142.98,-0.012,-0.668,0.08966,0.114879996,100.474,30.08136,0.647,0.024,,,
FIX,Comfort Systems USA,USA,Industrials,Construction & Engineering,OK,2026-08-26,1615.68994140625,1491.239990234375,2072.31005859375,-0.6536232250651586,-13.46480507186535,409382.7,699974852.3829834,4.562126726547121,1707.7559875488282,1781.4966613769532,42.3556761329402,166,READY,56863121408.0,38.459652,26.8483,88.02451,0.73,0.01,0.388,0.12775,0.55292,45.489,2197.0,1.701,0.03,,,
COP,ConocoPhillips,USA,Energy,Oil & Gas Exploration & Production,OK,2026-08-26,130.61000061035156,102.69000244140625,135.8800048828125,14.469765431219606,13.445673348588594,6936035.45,869024087.0548729,2.3342682903628353,125.3495002746582,116.80900014241537,74.75865944188419,166,LIMITED,,,,,,,,,,,,,,,,
ED,Consolidated Edison,USA,Utilities,Multi-Utilities,OK,2026-08-26,108.05000305175781,102.81999969482422,115.26000213623047,-3.509555445045842,0.03703445489879886,2310687.2,249966560.32891083,1.7409455607198958,108.12750015258788,109.18916664123535,46.212148457167515,166,LIMITED,,,,,,,,,,,,,,,,
STZ,Constellation Brands,USA,Consumer Staples,Distillers & Vintners,OK,2026-08-26,134.4499969482422,128.27999877929688,150.99000549316406,1.8406246001676063,-6.4500446658259385,1647575.35,219767899.685215,2.12987711623809,133.55550003051758,135.9384999593099,53.190073756773145,166,LIMITED,,,,,,,,,,,,,,,,
CEG,Constellation Energy,USA,Utilities,Electric Utilities,OK,2026-08-26,279.5199890136719,228.6300048828125,290.8999938964844,7.58216501197706,-3.1730649489093765,2670587.3,724838630.6855866,3.4688747475801476,272.41800079345705,263.1847508748372,67.56961933937166,166,LIMITED,,,,,,,,,,,,,,,,
COO,Cooper Companies (The),USA,Health Care,Health Care Supplies,OK,2026-08-26,72.68000030517578,59.13999938964844,78.11000061035156,0.8603979566858655,19.53947568616712,1748485.9,131072116.14014968,1.9402814790034135,75.02050094604492,71.09316679636638,47.09619264282956,166,LIMITED,,,,,,,,,,,,,,,,
CPRT,Copart,USA,Industrials,Diversified Support Services,OK,2026-08-26,32.66999816894531,26.809999465942383,34.630001068115234,6.451605084497913,-0.5479461599293023,10581071.65,329331909.54890287,3.5041473580063554,30.92249994277954,29.86766675313314,70.70131419140732,166,LIMITED,,,,,,,,,,,,,,,,
GLW,Corning Inc.,USA,Information Technology,Electronic Components,OK,2026-08-26,152.77999877929688,114.5,271.7799987792969,21.244342662676207,-19.964377773693986,10575585.95,1630171319.4947128,5.441743473823271,155.04149932861327,174.28266639709472,47.398301539989525,166,LIMITED,,,,,,,,,,,,,,,,
CPAY,Corpay,USA,Financials,Transaction & Payment Processing Services,OK,2026-08-26,406.92999267578125,321.19000244140625,425.95001220703125,5.883114311165261,15.408390706696572,542770.2,218635926.1284302,2.548974539897105,404.185498046875,371.6119990030924,55.64842400196091,166,LIMITED,,,,,,,,,,,,,,,,
CTVA,Corteva,USA,Materials,Fertilizers & Agricultural Chemicals,OK,2026-08-26,82.87999725341797,74.41999816894531,90.97000122070312,-6.824058350846485,3.7426434930689867,5158475.4,408141293.8034347,2.7056101045351957,78.8965000152588,81.28200035095215,79.05401474475056,166,LIMITED,,,,,,,,,,,,,,,,
CSGP,CoStar Group,USA,Real Estate,Real Estate Services,OK,2026-08-26,32.13999938964844,25.889999389648438,34.81999969482422,5.967687011194744,-0.5569316425600324,6100500.85,189719474.24076766,4.084366760406943,31.26999979019165,30.623333326975505,60.44045439702192,166,LIMITED,,,,,,,,,,,,,,,,
COST,Costco,USA,Consumer Staples,Consumer Staples Merchandise Retail,OK,2026-08-26,956.1199951171875,907.2100219726562,1012.0,-1.0821682413990952,-4.73951192185914,1767147.8,1682673627.1536865,1.6298532906218486,952.8584991455078,951.42783203125,52.692565241584845,166,LIMITED,,,,,,,,,,,,,,,,
CRH,CRH plc,USA,Materials,Construction Materials,OK,2026-08-26,97.05000305175781,92.5199966430664,116.9000015258789,-6.141197659974718,-8.65882065716912,4574144.85,444249946.8994087,2.7373389281206597,97.12749977111817,102.70349960327148,48.37506533963195,166,LIMITED,,,,,,,,,,,,,,,,
CRWD,CrowdStrike,USA,Information Technology,Systems Software,OK,2026-08-26,189.17999267578125,154.43499755859375,227.5,4.059400165093718,17.255483432382125,7966472.65,1623092117.242813,4.35826254094748,205.44049835205078,190.61562423706056,37.366443236642105,166,LIMITED,,,,,,,,,,,,,,,,
CCI,Crown Castle,USA,Real Estate,Telecom Tower REITs,OK,2026-08-26,75.54000091552734,69.72000122070312,95.06999969482422,-0.2772265141553265,-16.870255714426406,3224562.15,242814363.83640176,2.901170257704673,75.33700065612793,79.85633354187011,53.039227785943226,166,LIMITED,,,,,,,,,,,,,,,,
CSX,CSX Corporation,USA,Industrials,Rail Transportation,OK,2026-08-26,51.7599983215332,44.790000915527344,53.599998474121094,1.8095951341150496,9.800591836450634,10084704.3,510473959.0944058,1.8020990180082843,50.6375,49.18016656239828,64.88758446434656,166,LIMITED,,,,,,,,,,,,,,,,
CMI,Cummins,USA,Industrials,Construction Machinery & Heavy Transportation Equipment,OK,2026-08-26,578.1400146484375,568.9000244140625,737.760009765625,-9.890892043682753,-13.432651675818818,948564.95,591208527.8355529,2.989797826971708,621.6329956054688,655.9780008951823,19.809237003991015,166,LIMITED,,,,,,,,,,,,,,,,
CVS,CVS Health,USA,Health Care,Health Care Services,OK,2026-08-26,94.31999969482422,89.41999816894531,110.68000030517578,-13.73696464800538,2.4437927744736188,8014708.4,777443720.1092713,2.4466042731810456,96.85450057983398,100.75900039672851,44.077307948974436,166,LIMITED,,,,,,,,,,,,,,,,
DHR,Danaher Corporation,USA,Health Care,Life Sciences Tools & Services,OK,2026-08-26,215.36000061035156,165.75,220.6699981689453,8.193919773190238,24.392072163414724,3529639.15,724467008.864013,2.7809250702875534,205.58399963378906,194.97900009155273,67.46932991691901,166,LIMITED,,,,,,,,,,,,,,,,
DRI,Darden Restaurants,USA,Consumer Discretionary,Restaurants,OK,2026-08-26,218.80999755859375,190.97999572753906,229.75999450683594,5.715529072977299,6.254555111401827,1038014.15,224468578.2262085,2.379173487281906,216.94000015258788,207.8663335164388,57.732361535965964,166,LIMITED,,,,,,,,,,,,,,,,
DDOG,Datadog,USA,Information Technology,Application Software,OK,2026-08-26,227.6699981689453,212.72999572753906,292.7200012207031,-9.251437445048172,2.6419010300938295,5198624.8,1291635737.2406585,5.28653397410004,248.61400146484374,247.18900095621746,49.258243869584845,166,LIMITED,,,,,,,,,,,,,,,,
DVA,DaVita,USA,Health Care,Health Care Services,OK,2026-08-26,180.0500030517578,171.39999389648438,247.49000549316406,-24.80998997594571,-7.628768344384573,1032704.3,199520075.84503326,3.564006098419843,190.59000091552736,210.17066701253256,48.9597403754479,166,LIMITED,,,,,,,,,,,,,,,,
DECK,Deckers Brands,USA,Consumer Discretionary,Footwear,OK,2026-08-26,89.47000122070312,88.12999725341797,116.5,-13.90492417518182,-21.771444371695658,2322099.05,216876442.69480592,2.605238345012137,94.07350006103516,101.85650011698405,32.940707996138826,166,LIMITED,,,,,,,,,,,,,,,,
DE,Deere & Company,USA,Industrials,Agricultural & Farm Machinery,OK,2026-08-26,634.5399780273438,522.47998046875,660.7000122070312,-0.8283396795559006,19.86247576821698,1194173.45,734907554.1259979,2.9549700030816095,614.099496459961,603.8461649576823,56.272270208756964,166,LIMITED,,,,,,,,,,,,,,,,
DELL,Dell Technologies,USA,Information Technology,"Technology Hardware, Storage & Peripherals",OK,2026-08-26,463.82000732421875,311.5199890136719,514.0,18.29125225817232,51.91274603622329,5381893.9,2440849919.1539183,5.993258693620744,452.03199768066406,426.2429982503255,56.63438928408022,166,LIMITED,,,,,,,,,,,,,,,,
DAL,Delta Air Lines,USA,Industrials,Passenger Airlines,OK,2026-08-26,83.08000183105469,76.4000015258789,95.68000030517578,-7.038156788876126,1.564790625358503,4672467.65,408861636.9057411,2.281500056110444,87.81449966430664,86.3923329671224,26.798763545843755,166,LIMITED,,,,,,,,,,,,,,,,
DVN,Devon Energy,USA,Energy,Oil & Gas Exploration & Production,OK,2026-08-26,46.83000183105469,40.0,49.720001220703125,9.7749695231083,5.7827001283485835,10528953.55,482108587.95522386,2.3634576707688186,45.795999908447264,44.23366673787435,67.00182993846275,166,LIMITED,,,,,,,,,,,,,,,,
DXCM,Dexcom,USA,Health Care,Health Care Equipment,OK,2026-08-26,88.95999908447266,67.30000305175781,92.58999633789062,18.851036603868465,26.61542325601396,5615249.7,489552814.509243,3.0065148335491054,87.59300003051757,77.86416689554851,66.3726643915873,166,LIMITED,,,,,,,,,,,,,,,,
FANG,Diamondback Energy,USA,Energy,Oil & Gas Exploration & Production,OK,2026-08-26,199.83999633789062,170.10000610351562,216.89999389648438,5.007618570518191,3.629952360989841,1774842.3,354883083.21834105,2.6203869143863896,200.63050003051757,193.67516682942707,61.84727066697357,166,LIMITED,,,,,,,,,,,,,,,,
DLR,Digital Realty,USA,Real Estate,Data Center REITs,OK,2026-08-26,193.42999267578125,171.02999877929688,207.47000122070312,0.1294129876169947,0.8971811077557401,1990705.1,385195729.26014405,2.3744864889383503,193.48700027465821,186.982999420166,51.28128952343113,166,LIMITED,,,,,,,,,,,,,,,,
DG,Dollar General,USA,Consumer Staples,Consumer Staples Merchandise Retail,OK,2026-08-26,122.77999877929688,101.87000274658203,131.25,-2.532350885523349,17.684267827502698,1949496.85,240861884.0974579,2.546515378728463,123.7935001373291,118.81133295694987,41.15194964538761,166,LIMITED,,,,,,,,,,,,,,,,
DLTR,Dollar Tree,USA,Consumer Staples,Consumer Staples Merchandise Retail,OK,2026-08-26,132.17999267578125,105.22000122070312,137.07000732421875,4.275789245984596,37.87419306243187,2002515.25,261446543.6444397,2.4738632677349246,130.2669979095459,122.71833267211915,55.1271523775667,166,LIMITED,,,,,,,,,,,,,,,,
D,Dominion Energy,USA,Utilities,Multi-Utilities,OK,2026-08-26,66.91000366210938,64.55000305175781,72.98999786376953,-5.253467771427156,-0.431537647771274,3460114.6,234598803.56417695,1.661916305583928,68.0060001373291,68.68183364868165,51.08056011055917,166,LIMITED,,,,,,,,,,,,,,,,
DPZ,Domino's,USA,Consumer Discretionary,Restaurants,OK,2026-08-26,344.55999755859375,282.0,372.1600036621094,-1.6863079982664897,10.535094382551137,733543.15,256588910.42792663,2.8101465173402773,349.58350067138673,325.3048329671224,39.51307508355077,166,LIMITED,,,,,,,,,,,,,,,,
DASH,DoorDash,USA,Consumer Discretionary,Specialized Consumer Services,OK,2026-08-26,236.92999267578125,146.11000061035156,238.52000427246094,21.179412591263393,50.3553686525525,4594023.85,989119378.357077,3.5981016338737803,214.78050003051757,189.3991673787435,76.25915502113108,166,LIMITED,,,,,,,,,,,,,,,,
DOV,Dover Corporation,USA,Industrials,Industrial Machinery & Supplies & Components,OK,2026-08-26,204.66000366210938,193.75,233.64999389648438,0.7780194094980875,-4.082106975863409,958883.5,197565301.42018127,1.8370068584741692,206.05500030517578,212.40583318074545,34.74829788515997,166,LIMITED,,,,,,,,,,,,,,,,
DOW,Dow Inc.,USA,Materials,Commodity Chemicals,OK,2026-08-26,30.329999923706055,26.799999237060547,36.040000915527344,5.129981014443685,-12.06147159267308,8551657.05,263255139.9556117,3.0875711652013758,30.760500049591066,30.75866683324178,50.15740128270687,166,LIMITED,,,,,,,,,,,,,,,,
DHI,D. R. Horton,USA,Consumer Discretionary,Homebuilding,OK,2026-08-26,149.25,138.8300018310547,170.7899932861328,-1.2635641808919518,0.9742253333272721,1957637.65,289975865.61481017,2.5974116180879188,148.33499984741212,151.00066680908202,53.804609386842536,166,LIMITED,,,,,,,,,,,,,,,,
DTE,DTE Energy,USA,Utilities,Multi-Utilities,OK,2026-08-26,137.7100067138672,134.6699981689453,155.75,-5.7297337159590285,-5.204100871653184,1310976.25,182461794.7067833,1.6616068022416766,139.16999893188478,145.25933329264322,42.92867612304431,166,LIMITED,,,,,,,,,,,,,,,,
DUK,Duke Energy,USA,Utilities,Electric Utilities,OK,2026-08-26,121.88999938964844,119.73999786376953,132.64999389648438,-5.68709825991488,-2.7602705437503317,4749452.1,585548417.6556289,1.7254856888869725,123.3889991760254,125.04816678365071,43.78477640010323,166,LIMITED,,,,,,,,,,,,,,,,
DD,DuPont,USA,Industrials,Industrial Conglomerates,OK,2026-08-26,137.97999572753906,130.19000244140625,149.4199981689453,-1.981962392728076,-3.4969926908712035,1722945.25,242369867.66402054,2.711624136243251,141.18749923706054,139.83583297729493,36.135194781476415,166,LIMITED,,,,,,,,,,,,,,,,
ETN,Eaton Corporation,USA,Industrials,Electrical Components & Equipment,OK,2026-08-26,419.44000244140625,358.1300048828125,478.0,8.590066752163716,3.2162825703826003,2119070.95,913158179.6433868,3.2084916338645373,434.0745025634766,414.7720006306966,35.16051431620983,166,LIMITED,,,,,,,,,,,,,,,,
EBAY,eBay Inc.,USA,Consumer Discretionary,Broadline Retail,OK,2026-08-26,104.19999694824219,100.5,118.12999725341797,-11.273846404907761,-5.581735799239906,4547783.8,485490960.83795625,3.0782399590168823,106.65799980163574,109.6331667582194,39.1605891446621,166,LIMITED,,,,,,,,,,,,,,,,
ECHO,EchoStar,USA,Communication Services,Wireless Telecommunication Services,OK,2026-08-26,85.61000061035156,82.4800033569336,131.77000427246094,-0.3723957799229072,-30.09145741435294,3866224.75,341576480.95399094,3.848123824664694,88.37899971008301,98.00216674804688,46.543333415050334,166,LIMITED,,,,,,,,,,,,,,,,
ECL,Ecolab,USA,Materials,Specialty Chemicals,OK,2026-08-26,290.6000061035156,247.83999633789062,295.3299865722656,2.7218142004798995,10.67104157366483,1447263.3,408432407.3631989,1.93803878084799,282.25800170898435,274.5705001831055,60.33585201730329,166,LIMITED,,,,,,,,,,,,,,,,
EIX,Edison International,USA,Utilities,Electric Utilities,OK,2026-08-26,74.51000213623047,66.58000183105469,81.62000274658203,-6.617368991995298,3.977111817575918,3614303.75,258389456.98204994,3.2450341746167446,71.77850151062012,73.8263333638509,71.11367882737483,166,LIMITED,,,,,,,,,,,,,,,,
EW,Edwards Lifesciences,USA,Health Care,Health Care Equipment,OK,2026-08-26,90.77999877929688,81.16000366210938,96.29000091552734,8.484701778474957,4.9358415647040355,3114227.8,281077690.7660278,2.1007020745849814,90.40800018310547,88.80183347066243,55.92531376775829,166,LIMITED,,,,,,,,,,,,,,,,
ELV,Elevance Health,USA,Health Care,Managed Health Care,OK,2026-08-26,402.5400085449219,362.9800109863281,436.239990234375,4.357969844143028,2.8278047589086475,913511.6,358346058.5957214,2.3324964489371256,393.1710006713867,396.5598342895508,59.33622651083611,166,LIMITED,,,,,,,,,,,,,,,,
EME,Emcor,USA,Industrials,Construction & Engineering,OK,2026-08-26,763.5900268554688,668.8200073242188,876.52001953125,8.1848090067973,-10.718375916497891,391573.85,315486848.84320986,3.3489965851651236,806.8460021972656,798.2859985351563,39.808176898101465,166,LIMITED,,,,,,,,,,,,,,,,
EMR,Emerson Electric,USA,Industrials,Electrical Components & Equipment,OK,2026-08-26,158.2899932861328,133.5500030517578,166.35000610351562,4.268490765924682,13.290861654156693,2861957.3,452531809.63888395,2.592858549986636,158.214501953125,147.47350107828777,52.58038395761778,166,LIMITED,,,,,,,,,,,,,,,,
ETR,Entergy,USA,Utilities,Electric Utilities,OK,2026-08-26,107.2300033569336,104.31999969482422,116.93000030517578,-4.531691908582847,-3.8382196191405815,2156258.7,231310113.24782333,1.9540411219176383,107.18499984741212,110.9231669108073,52.74483147390155,166,LIMITED,,,,,,,,,,,,,,,,
EOG,EOG Resources,USA,Energy,Oil & Gas Exploration & Production,OK,2026-08-26,144.83999633789062,127.30000305175781,153.6699981689453,3.723859188607004,7.848096088330547,2820564.8,405149336.3837158,2.352617446372982,144.63999938964844,139.4673324584961,63.516905232632254,166,LIMITED,,,,,,,,,,,,,,,,
EQT,EQT Corporation,USA,Energy,Oil & Gas Exploration & Production,OK,2026-08-26,54.790000915527344,47.939998626708984,56.470001220703125,6.058848388231319,-0.6887751785931151,6104759.95,326091460.1688442,2.4871232416101114,53.39200000762939,52.297333335876466,72.8838262160248,166,LIMITED,,,,,,,,,,,,,,,,
EFX,Equifax,USA,Industrials,Research & Consulting Services,OK,2026-08-26,190.55999755859375,150.75,196.4499969482422,1.892842051792254,16.415171798171222,1143094.65,209077648.83233643,3.1175180584020135,182.9220001220703,172.81283365885417,65.8783017905364,166,LIMITED,,,,,,,,,,,,,,,,
EQIX,Equinix,USA,Real Estate,Data Center REITs,OK,2026-08-26,1079.6099853515625,993.8099975585938,1124.0,4.324256482368249,0.8773910883262959,602067.85,637697019.1076965,2.8939047686596053,1061.9159912109376,1055.4321655273438,57.68457124261301,166,LIMITED,,,,,,,,,,,,,,,,
ERIE,Erie Indemnity,USA,Financials,Insurance Brokers,OK,2026-08-26,257.2699890136719,204.6300048828125,271.4700012207031,6.121353292179976,16.56471441605354,265083.05,66858741.7486618,3.9381085957853847,253.83100357055665,238.44866739908855,52.64370670375756,166,LIMITED,,,,,,,,,,,,,,,,
ESS,Essex Property Trust,USA,Real Estate,Multi-Family Residential REITs,OK,2026-08-26,288.1700134277344,271.6600036621094,303.3500061035156,-2.156042313869133,4.0963867375359175,417839.4,119574992.18618774,1.7286679727836365,286.34099731445315,287.9683314005534,54.176965275473336,166,LIMITED,,,,,,,,,,,,,,,,
EL,Estée Lauder Companies (The),USA,Consumer Staples,Personal Care Products,OK,2026-08-26,105.05999755859375,76.83000183105469,105.26000213623047,23.964598889196175,15.19736959883604,3495506.0,326143019.9746628,2.9938629414624254,90.80249938964843,85.8524996439616,79.98774339886633,166,LIMITED,,,,,,,,,,,,,,,,
EG,Everest Group,USA,Financials,Reinsurance,OK,2026-08-26,379.7799987792969,316.7799987792969,401.07000732421875,-4.745425846114559,10.616611898931549,300779.3,111595592.66794738,1.9777436752577675,370.5814971923828,361.7633321126302,59.13229026900184,166,LIMITED,,,,,,,,,,,,,,,,
EVRG,Evergy,USA,Utilities,Electric Utilities,OK,2026-08-26,82.2300033569336,80.22000122070312,88.62000274658203,-4.004202846763361,-2.3048530999344674,1878265.85,155668123.9343899,1.6524792852653298,82.88949966430664,84.23083292643229,45.325490266892984,166,LIMITED,,,,,,,,,,,,,,,,
ES,Eversource Energy,USA,Utilities,Electric Utilities,OK,2026-08-26,71.66999816894531,66.5999984741211,76.56999969482422,-4.93434308372459,2.944549470682012,2249362.25,161835386.7052269,1.8256454542432698,71.88999938964844,72.11616694132486,47.46424907683547,166,LIMITED,,,,,,,,,,,,,,,,
EXC,Exelon,USA,Utilities,Electric Utilities,OK,2026-08-26,44.439998626708984,43.75,48.540000915527344,-6.066376375550686,-3.7886989652086256,6716117.5,304032474.4238758,1.9474980776624828,45.18600006103516,46.00050004323324,42.08632328453587,166,LIMITED,,,,,,,,,,,,,,,,
EXE,Expand Energy,USA,Energy,Oil & Gas Exploration & Production,OK,2026-08-26,96.56999969482422,84.98500061035156,98.87999725341797,9.093993851149062,4.242228336645382,2707598.75,257028599.63967323,2.398182972578747,94.8357494354248,91.13124974568684,64.15849286500925,166,LIMITED,,,,,,,,,,,,,,,,
EXPE,Expedia Group,USA,Consumer Discretionary,"Hotels, Resorts & Cruise Lines",OK,2026-08-26,333.44000244140625,216.17999267578125,341.69000244140625,12.728622606860785,47.17514390649251,1564000.15,496149267.5930573,3.7544398600241236,318.9425018310547,275.79666595458986,67.69859348127255,166,LIMITED,,,,,,,,,,,,,,,,
EXPD,Expeditors International,USA,Industrials,Air Freight & Logistics,OK,2026-08-26,190.17999267578125,156.2899932861328,191.7899932861328,10.943877439752846,17.751222304531655,1035317.0,186636120.49113464,2.608168318952964,182.07149963378907,172.5678332010905,76.67580231137416,166,LIMITED,,,,,,,,,,,,,,,,
EXR,Extra Space Storage,USA,Real Estate,Self-Storage REITs,OK,2026-08-26,144.08999633789062,139.8800048828125,158.8800048828125,-5.334741487293282,-0.2354056325778897,938860.05,138867656.238237,1.7048292155986542,147.6614974975586,147.08049901326498,29.34040089354815,166,LIMITED,,,,,,,,,,,,,,,,
XOM,ExxonMobil,USA,Energy,Integrated Oil & Gas,OK,2026-08-26,158.19000244140625,134.9499969482422,168.63999938964844,3.3651394283876312,6.957409715732554,14166203.25,2256226051.6075134,2.03490839171078,159.24600067138672,149.77433319091796,56.24302605312996,166,LIMITED,,,,,,,,,,,,,,,,
FFIV,"F5, Inc.",USA,Information Technology,Communications Equipment,OK,2026-08-26,399.5899963378906,366.92999267578125,435.0,-0.9592017050390478,2.9473148579920228,585315.6,235418301.81362915,2.956377738469465,399.8135040283203,402.47266845703126,44.07211382709548,166,LIMITED,,,,,,,,,,,,,,,,
FDS,FactSet,USA,Financials,Financial Exchanges & Data,OK,2026-08-26,295.45001220703125,207.9600067138672,308.4700012207031,4.079338179106706,25.33407608784657,799600.1,227785254.42323607,3.5106376888696955,284.06949920654296,258.49399922688804,63.5713551450647,166,LIMITED,,,,,,,,,,,,,,,,
FICO,Fair Isaac,USA,Information Technology,Application Software,OK,2026-08-26,1133.699951171875,1015.0,1410.1700439453125,-15.15618864943944,-11.323693387309696,384003.9,420629271.0751953,4.605076136491041,1095.6119995117188,1174.6619934082032,65.95617436128583,166,LIMITED,,,,,,,,,,,,,,,,
FAST,Fastenal,USA,Industrials,Trading Companies & Distributors,OK,2026-08-26,51.150001525878906,43.2599983215332,52.91999816894531,6.340962886721879,14.123163485397505,7073497.1,357429441.0828346,2.1500466864007977,50.62650012969971,47.88016649881999,52.66364161564433,166,LIMITED,,,,,,,,,,,,,,,,
FRT,Federal Realty Investment Trust,USA,Real Estate,Retail REITs,OK,2026-08-26,117.58000183105469,115.77999877929688,128.2100067138672,-6.771329471572496,-2.874604161341343,825134.65,98458735.97716446,1.4715383594878804,119.06799964904785,121.87116661071778,48.02866174690449,166,LIMITED,,,,,,,,,,,,,,,,
FDX,FedEx,USA,Industrials,Air Freight & Logistics,OK,2026-08-26,335.989990234375,303.0,345.3699951171875,7.468645884051162,1.258823583513058,1479878.95,479924663.8833313,2.328644783196148,323.75399627685545,321.3848322550456,68.4114108008963,166,LIMITED,,,,,,,,,,,,,,,,
FDXF,FedEx Freight,USA,Industrials,Cargo Ground Transportation,OK,2026-08-26,131.27000427246094,127.6500015258789,200.0,-13.06046791394807,-13.066222336118582,1217825.65,172270828.18767014,4.256522687221468,140.23100051879882,151.47533365885417,33.87957292322879,64,LIMITED,,,,,,,,,,,,,,,,
FERG,Ferguson Enterprises,USA,Industrials,Building Products,OK,2026-08-26,235.72999572753906,218.5399932861328,267.8399963378906,1.598996373916739,2.580501565287463,4454440.15,1120571482.8797174,2.851284267129354,245.2144989013672,235.8101666768392,34.289277180771535,166,LIMITED,,,,,,,,,,,,,,,,
FIS,Fidelity National Information Services,USA,Financials,Transaction & Payment Processing Services,OK,2026-08-26,40.63999938964844,37.41999816894531,47.0,-9.54818804003692,-3.284152910712934,6562684.6,281404085.29520875,3.5238786454170623,42.48399982452393,41.25133336385091,38.03747991186244,166,LIMITED,,,,,,,,,,,,,,,,
FITB,Fifth Third Bancorp,USA,Financials,Regional Banks,OK,2026-08-26,55.099998474121094,48.2400016784668,59.5,-4.671281658440318,10.442972836663667,5283003.05,299014811.657214,1.7769059731998316,56.61049976348877,55.836666425069176,32.841341139143395,166,LIMITED,,,,,,,,,,,,,,,,
FSLR,First Solar,USA,Information Technology,Semiconductors,OK,2026-08-26,205.92999267578125,195.83999633789062,320.95001220703125,1.6486482048797768,-24.752445437300587,2618673.9,598770935.7268403,5.36274338712626,224.5154998779297,235.5073351542155,21.257699124714165,166,LIMITED,,,,,,,,,,,,,,,,
FE,FirstEnergy,USA,Utilities,Electric Utilities,OK,2026-08-26,46.72999954223633,45.09000015258789,50.45000076293945,-5.8811719917482685,-0.1068816553340235,4377439.25,207879022.7707224,1.7857382275221005,47.310499572753905,47.594666417439775,42.07921726962161,166,LIMITED,,,,,,,,,,,,,,,,
FISV,Fiserv,USA,Financials,Transaction & Payment Processing Services,OK,2026-08-26,52.45000076293945,47.040000915527344,59.08000183105469,-3.246630421060681,-5.699385526467671,8289130.35,442922975.3489439,3.6627668135005713,53.14900016784668,51.8880002339681,44.252077544032154,166,LIMITED,,,,,,,,,,,,,,,,
FLEX,Flex Ltd.,USA,Information Technology,Electronic Manufacturing Services,OK,2026-08-26,111.81999969482422,99.5,166.86000061035156,-1.288841013599562,-23.300634581029055,3528557.95,415803640.1117283,4.995619550467994,118.22799987792969,132.75150044759116,37.25581981624809,166,LIMITED,,,,,,,,,,,,,,,,
F,Ford Motor Company,USA,Consumer Discretionary,Automobile Manufacturers,OK,2026-08-26,13.899999618530273,13.220000267028809,17.780000686645508,-7.085564284182966,-12.468516886911585,42488397.3,602646826.0081756,2.8162075672245117,14.141999959945679,14.267666641871134,51.612898715000355,166,LIMITED,,,,,,,,,,,,,,,,
FTNT,Fortinet,USA,Information Technology,Systems Software,OK,2026-08-26,157.5399932861328,126.61000061035156,172.08999633789062,5.040670605383668,23.145464637163048,4774763.35,759725246.7007805,3.9782581766273504,158.90849990844725,154.5908327738444,46.92361982262247,166,LIMITED,,,,,,,,,,,,,,,,
FTV,Fortive,USA,Industrials,Industrial Machinery & Supplies & Components,OK,2026-08-26,60.25,57.47999954223633,64.55999755859375,-5.991568976920636,0.5675181997226719,2279811.5,137359618.85276413,2.003062744730079,60.432999992370604,61.02149982452393,45.88859966659331,166,LIMITED,,,,,,,,,,,,,,,,
FOXA,Fox Corporation (Class A),USA,Communication Services,Broadcasting,OK,2026-08-26,69.5999984741211,48.34000015258789,70.94999694824219,20.58211538837742,6.291989776984708,5380381.15,349368078.3635532,2.6992950623805885,64.71249980926514,59.5625,75.17728124163767,166,LIMITED,,,,,,,,,,,,,,,,
FOX,Fox Corporation (Class B),USA,Communication Services,Broadcasting,OK,2026-08-26,62.22999954223633,44.08000183105469,62.93000030517578,20.530695825740075,6.158308898207765,963937.75,55051103.76565075,2.4869404015935364,57.62949981689453,53.37625007629394,75.67365380595984,166,LIMITED,,,,,,,,,,,,,,,,
BEN,Franklin Resources,USA,Financials,Asset Management & Custody Banks,OK,2026-08-26,35.0099983215332,29.709999084472656,36.279998779296875,5.040493243877364,10.546252722428505,4104283.3,140428907.51022834,2.3043245735401157,34.20100002288818,33.26283356348674,68.23106383506143,166,LIMITED,,,,,,,,,,,,,,,,
FCX,Freeport-McMoRan,USA,Materials,Copper,OK,2026-08-26,79.0,56.0,80.23999786376953,28.163531444270152,24.155270586010747,14002112.1,992252592.4632629,3.3865958929940776,69.72500076293946,65.60250040690104,71.21567932856561,166,LIMITED,,,,,,,,,,,,,,,,
GRMN,Garmin,USA,Consumer Discretionary,Consumer Electronics,OK,2026-08-26,289.0199890136719,228.50999450683594,314.2799987792969,13.944410001295783,21.45227866163808,895402.95,268954713.0395706,2.4909495243648077,301.54750061035156,261.4531664530436,35.61029354975186,166,LIMITED,,,,,,,,,,,,,,,,
IT,Gartner,USA,Information Technology,IT Consulting & Other Services,OK,2026-08-26,192.9600067138672,124.25,203.02999877929688,23.819309065878926,20.62262001714266,1626654.15,296272186.31511,5.395250714487409,182.87850112915038,155.59516690572102,56.41753669317187,166,LIMITED,,,,,,,,,,,,,,,,
GE,GE Aerospace,USA,Industrials,Aerospace & Defense,OK,2026-08-26,354.3900146484375,311.0,388.8399963378906,-2.5303176055766485,11.720949590147022,3510045.95,1272804900.4235656,2.4049112744598267,362.7905014038086,354.88783467610676,38.04837805076619,166,LIMITED,,,,,,,,,,,,,,,,
GEHC,GE HealthCare,USA,Health Care,Health Care Equipment,OK,2026-08-26,73.30999755859375,59.970001220703125,75.6500015258789,14.35033046428751,14.762048110211069,3134823.95,224778670.79687196,2.1838853431349974,72.28150024414063,66.68575019836426,63.27431477345461,166,LIMITED,,,,,,,,,,,,,,,,
GEV,GE Vernova,USA,Industrials,Heavy Electrical Equipment,OK,2026-08-26,953.0900268554688,856.010009765625,1195.93994140625,1.029280027390711,-7.636471588477933,2052125.05,2044659542.8449311,3.961111219240474,998.8605041503906,1018.6916656494141,41.487259856662384,166,LIMITED,,,,,,,,,,,,,,,,
GEN,Gen Digital,USA,Information Technology,Systems Software,OK,2026-08-26,29.639999389648438,22.459999084472656,29.8700008392334,7.469178649894537,20.487800528552658,5432146.85,155259269.61346167,3.242783764945102,28.457500171661376,26.538833459218342,60.46195162745328,166,LIMITED,,,,,,,,,,,,,,,,
GNRC,Generac,USA,Industrials,Heavy Electrical Equipment,OK,2026-08-26,206.6199951171875,187.5500030517578,296.44000244140625,5.633941037731804,-26.34655972043013,1007486.75,210447995.92832947,4.1616903532109335,209.88949966430664,235.92883377075196,46.00840515721469,166,LIMITED,,,,,,,,,,,,,,,,
GD,General Dynamics,USA,Industrials,Aerospace & Defense,OK,2026-08-26,382.0199890136719,335.0199890136719,400.0,-2.840869136645696,11.476840961822443,870150.2,336764058.2092651,1.6937233733552788,387.86800079345704,370.58966674804685,44.98359147906633,166,LIMITED,,,,,,,,,,,,,,,,
GIS,General Mills,USA,Consumer Staples,Packaged Foods & Meats,OK,2026-08-26,40.08000183105469,31.75,41.06999969482422,6.454183815917003,19.1084695798029,8053833.55,305779702.35192716,2.6283224185566008,38.05699996948242,36.3443333307902,71.12750166013599,166,LIMITED,,,,,,,,,,,,,,,,
GM,General Motors,USA,Consumer Discretionary,Automobile Manufacturers,OK,2026-08-26,86.33000183105469,74.22000122070312,91.8499984741211,-4.3964574601704225,2.62719806504339,4892167.25,426396031.74723434,2.4131817267457976,87.02000045776367,82.36550000508626,48.05360344087194,166,LIMITED,,,,,,,,,,,,,,,,
GPC,Genuine Parts Company,USA,Consumer Discretionary,Distributors,OK,2026-08-26,139.49000549316406,96.06999969482422,139.88999938964844,7.539895361250726,41.7581334655555,1149535.1,153119121.61192626,2.2615617436201,133.14950065612794,121.06916732788086,65.8018837368987,166,LIMITED,,,,,,,,,,,,,,,,
GILD,Gilead Sciences,USA,Health Care,Biotechnology,OK,2026-08-26,148.08999633789062,121.38999938964844,149.61990356445312,10.251629141468243,10.771182312451245,6552859.35,900864421.5781113,2.7301093997375987,138.4020004272461,132.14466718037923,81.66110281471279,166,LIMITED,,,,,,,,,,,,,,,,
GPN,Global Payments,USA,Financials,Transaction & Payment Processing Services,OK,2026-08-26,92.95999908447266,61.15999984741211,95.87999725341797,6.288589135117495,26.54505886608667,3173693.2,284272440.6658905,3.2744664189410635,89.71950035095215,78.71650002797445,62.82237911676466,166,LIMITED,,,,,,,,,,,,,,,,
GL,Globe Life,USA,Financials,Life & Health Insurance,OK,2026-08-26,175.5500030517578,148.33999633789062,191.5500030517578,-2.020424822337774,13.705553303815933,563034.1,101024335.6952591,2.0679655384173676,179.1135009765625,175.20683314005535,31.663737833047932,166,LIMITED,,,,,,,,,,,,,,,,
GDDY,GoDaddy,USA,Information Technology,Internet Services & Infrastructure,OK,2026-08-26,95.54000091552734,71.58999633789062,106.0,-7.170615414609271,9.351033434945077,2208997.0,203687501.5433731,4.4856462157493615,93.91899948120117,88.82616628011068,57.38265055847612,166,LIMITED,,,,,,,,,,,,,,,,
GS,Goldman Sachs,USA,Financials,Investment Banking & Brokerage,OK,2026-08-26,1040.4599609375,977.7000122070312,1153.989990234375,0.6890273629874821,4.4145826294529344,1901015.2,1971057722.7715576,2.2290268956384645,1036.7155059814454,1051.9970021565755,52.369783597968286,166,LIMITED,,,,,,,,,,,,,,,,
HAL,Halliburton,USA,Energy,Oil & Gas Equipment & Services,OK,2026-08-26,34.439998626708984,30.979999542236328,41.459999084472656,10.278575509203458,-13.030303147067567,10221949.8,343036760.2570618,2.603782861618862,33.53299961090088,34.88999973932902,60.71033008794555,166,LIMITED,,,,,,,,,,,,,,,,
HIG,Hartford (The),USA,Financials,Property & Casualty Insurance,OK,2026-08-26,139.86000061035156,125.58999633789062,146.07000732421875,-2.4822183824044997,6.203962349063241,1397680.4,195730369.57818604,1.6803915944705223,139.91400070190429,136.4586664835612,37.98449673532473,166,LIMITED,,,,,,,,,,,,,,,,
HAS,Hasbro,USA,Consumer Discretionary,Leisure Products,OK,2026-08-26,96.29000091552734,75.19000244140625,98.19999694824219,-0.05189477295383105,9.432893798461372,1636651.6,154173842.5666565,2.452977170813197,94.27750015258789,87.23683319091796,63.872148119038954,166,LIMITED,,,,,,,,,,,,,,,,
HCA,HCA Healthcare,USA,Health Care,Health Care Facilities,OK,2026-08-26,427.1600036621094,353.989990234375,436.5,2.144958312809009,8.927708864090045,1198576.3,494347487.6424469,2.64057552186767,411.92350006103516,394.85499979654946,65.6555159405297,166,LIMITED,,,,,,,,,,,,,,,,
DOC,Healthpeak Properties,USA,Real Estate,Health Care REITs,OK,2026-08-26,21.579999923706055,18.899999618530273,22.950000762939453,-5.433829043386917,8.605933629837882,5269881.15,112237056.74981165,2.0586385696741014,21.21850004196167,21.20866667429606,57.547170943011,166,LIMITED,,,,,,,,,,,,,,,,
HSIC,Henry Schein,USA,Health Care,Health Care Distributors,OK,2026-08-26,90.37999725341797,74.68000030517578,92.18000030517578,5.448603685484499,19.439671521638257,1192100.1,105681628.72469863,2.2404242740214366,88.74599990844726,84.89883321126302,65.07711798934665,166,LIMITED,,,,,,,,,,,,,,,,
HSY,Hershey Company (The),USA,Consumer Staples,Packaged Foods & Meats,OK,2026-08-26,185.35000610351562,167.77000427246094,198.44000244140625,1.0687642294511246,-6.30371082752278,1256278.2,229069562.5961853,1.9567616773831027,183.1889991760254,179.20816650390626,53.99383684428851,166,LIMITED,,,,,,,,,,,,,,,,
HPE,Hewlett Packard Enterprise,USA,Information Technology,"Technology Hardware, Storage & Peripherals",OK,2026-08-26,55.22999954223633,36.57500076293945,64.25,21.14498652639558,48.46773765999297,15748167.4,848282759.297528,5.209343702055687,53.83950023651123,49.51383355458577,57.253884320585584,166,LIMITED,,,,,,,,,,,,,,,,
HLT,Hilton Worldwide,USA,Consumer Discretionary,"Hotels, Resorts & Cruise Lines",OK,2026-08-26,332.55999755859375,310.45001220703125,358.0,3.141768791031385,-1.2354489329496898,2002942.8,646743024.8937317,2.063138395200757,323.30249938964846,330.8816660563151,59.47008912157367,166,LIMITED,,,,,,,,,,,,,,,,
HD,Home Depot (The),USA,Consumer Discretionary,Home Improvement Retail,OK,2026-08-26,334.8500061035156,307.07000732421875,358.8500061035156,-2.792694598396661,5.348434693584214,3835659.55,1308391529.173149,2.1919792858322706,342.051496887207,336.8198313395182,36.583161589525226,166,LIMITED,,,,,,,,,,,,,,,,
HONA,Honeywell Aerospace,USA,Industrials,Aerospace & Defense,LIMITED,,,,,,,,,,,,,51,MISSING,,,,,,,,,,,,,,,,
HON,Honeywell Technologies,USA,Industrials,Industrial Conglomerates,OK,2026-08-26,220.6699981689453,213.10000610351562,252.0,-10.678002249320272,-9.130278134257042,3055446.35,713135387.2600425,2.384735588105491,232.80800018310546,232.20261103312174,31.15492270026408,166,LIMITED,,,,,,,,,,,,,,,,
HRL,Hormel Foods,USA,Consumer Staples,Packaged Foods & Meats,OK,2026-08-26,23.709999084472656,22.389999389648438,26.600000381469727,-7.237873318169563,13.120229580721809,3832785.9,93747924.68834153,1.7655182877890347,24.548500061035156,24.7089999516805,27.45100116933986,166,LIMITED,,,,,,,,,,,,,,,,
HST,Host Hotels & Resorts,USA,Real Estate,Hotel & Resort REITs,OK,2026-08-26,22.43000030517578,22.280000686645508,25.709999084472656,-11.935606949878363,-4.471887808906406,10105000.1,236981289.9974022,2.0950582980765375,23.464999866485595,23.969999917348225,35.1097026861388,166,LIMITED,,,,,,,,,,,,,,,,
HWM,Howmet Aerospace,USA,Industrials,Aerospace & Defense,OK,2026-08-26,269.3399963378906,243.67999267578125,310.0,-5.8383483806981324,4.387259827229473,2107831.0,593109030.0966797,3.010018220309237,281.15100250244143,274.314835357666,32.6935934793493,166,LIMITED,,,,,,,,,,,,,,,,
HPQ,HP Inc.,USA,Information Technology,"Technology Hardware, Storage & Peripherals",OK,2026-08-26,30.520000457763672,21.670000076293945,32.189998626708984,7.882642170620646,19.733231588118038,13788015.45,402452319.432786,4.361813571503175,29.173999977111816,26.024666690826415,60.317464322140864,166,LIMITED,,,,,,,,,,,,,,,,
HUBB,Hubbell Incorporated,USA,Industrials,Industrial Machinery & Supplies & Components,OK,2026-08-26,472.4599914550781,455.07000732421875,547.3250122070312,-2.315678807887478,-2.4346945885228455,513467.7,251048143.97993773,2.6206811133531795,491.1365020751953,491.63066914876305,32.86031906292099,166,LIMITED,,,,,,,,,,,,,,,,
HUM,Humana,USA,Health Care,Managed Health Care,OK,2026-08-26,391.05999755859375,303.010009765625,428.8800048828125,0.6045653971277432,27.684726413444594,1205701.1,454619682.25126344,3.507337937704533,378.79649810791017,379.3631663004557,64.33903685550628,166,LIMITED,,,,,,,,,,,,,,,,
HBAN,Huntington Bancshares,USA,Financials,Regional Banks,OK,2026-08-26,17.040000915527344,15.760000228881836,18.579999923706055,-1.502880537568041,6.3006873712941225,21503058.5,374585135.5029068,1.8528860785846437,17.415500354766845,17.435666783650717,41.666683223495326,166,LIMITED,,,,,,,,,,,,,,,,
HII,Huntington Ingalls Industries,USA,Industrials,Aerospace & Defense,OK,2026-08-26,296.3999938964844,263.6199951171875,334.5299987792969,-1.1670557089801359,-6.663308925805456,508679.95,161592279.88672638,3.043317155216788,316.38600158691406,296.2018346150716,28.08500201745295,166,LIMITED,,,,,,,,,,,,,,,,
IBM,IBM,USA,Information Technology,IT Consulting & Other Services,OK,2026-08-26,229.8699951171875,199.19000244140625,332.4599914550781,1.0195526408769195,-9.9255494255323,5729936.0,1329374469.0956879,2.5439917400925203,232.93999862670898,251.9193318684896,46.017900910065336,166,LIMITED,,,,,,,,,,,,,,,,
IEX,IDEX Corporation,USA,Industrials,Industrial Machinery & Supplies & Components,OK,2026-08-26,234.88999938964844,206.3800048828125,243.8000030517578,4.558204216058215,10.927980821557703,625377.95,146897275.2603218,2.220829376541323,235.2560012817383,226.52583491007488,52.047178392436045,166,LIMITED,,,,,,,,,,,,,,,,
IDXX,Idexx Laboratories,USA,Health Care,Health Care Equipment,OK,2026-08-26,553.4400024414062,518.5499877929688,624.1500244140625,-2.8268385376038596,0.44465639130559786,631697.95,359612645.6533783,3.0275467159268983,566.6740081787109,559.9708353678385,34.90753772743925,166,LIMITED,,,,,,,,,,,,,,,,
ITW,Illinois Tool Works,USA,Industrials,Industrial Machinery & Supplies & Components,OK,2026-08-26,285.510009765625,242.0500030517578,301.9200134277344,-3.2694110911895113,14.071683816471436,1058959.95,305540592.5859192,1.9239361576160203,288.8590026855469,274.71466700236004,30.97309906640315,166,LIMITED,,,,,,,,,,,,,,,,
INCY,Incyte,USA,Health Care,Biotechnology,OK,2026-08-26,128.1199951171875,92.18000030517578,132.60000610351562,-1.3930559998647118,31.621121776553252,1447047.3,177423286.2626358,2.7465680107187667,123.0319995880127,114.98133328755696,76.64112267252422,166,LIMITED,,,,,,,,,,,,,,,,
IR,Ingersoll Rand,USA,Industrials,Industrial Machinery & Supplies & Components,OK,2026-08-26,79.97000122070312,69.16000366210938,91.77999877929688,-7.54913153675939,12.697297424573971,3997235.2,336970097.416272,2.8115970878057506,83.83849906921387,80.36899973551432,20.8186546965446,166,LIMITED,,,,,,,,,,,,,,,,
PODD,Insulet Corporation,USA,Health Care,Health Care Equipment,OK,2026-08-26,143.3800048828125,126.4000015258789,172.9199981689453,-14.38466361873565,-1.8012394513858498,1805228.35,262553670.74339598,4.099107269681166,148.48949966430663,153.35183283487956,55.50458772256682,166,LIMITED,,,,,,,,,,,,,,,,
INTC,Intel,USA,Information Technology,Semiconductors,OK,2026-08-26,88.23999786376953,81.79000091552734,142.35000610351562,2.247966098967824,-27.535517536048214,104972898.7,10089587947.16865,5.1843287882153,95.85549926757812,107.14783299763998,32.61196143337234,166,LIMITED,,,,,,,,,,,,,,,,
IBKR,Interactive Brokers,USA,Financials,Investment Banking & Brokerage,OK,2026-08-26,97.0199966430664,79.12000274658203,98.75,6.720924799064365,19.85176071729695,4431617.95,401943923.48636436,3.1710056149695705,91.0215000152588,91.41249987284343,71.008372505078,166,LIMITED,,,,,,,,,,,,,,,,
ICE,Intercontinental Exchange,USA,Financials,Financial Exchanges & Data,OK,2026-08-26,161.9199981689453,121.79000091552734,163.3000030517578,6.024094339121189,8.155761744379886,3793169.55,585882068.1592553,2.2082540059758946,154.8504997253418,143.38483301798502,86.99081413156301,166,LIMITED,,,,,,,,,,,,,,,,
IFF,International Flavors & Fragrances,USA,Materials,Specialty Chemicals,OK,2026-08-26,87.12000274658203,72.11000061035156,89.31999969482422,9.930602834803825,13.142860709846804,1567356.4,131717972.46517333,2.4942463379565094,83.73900032043457,79.1668332417806,59.81664979341192,166,LIMITED,,,,,,,,,,,,,,,,
IP,International Paper,USA,Materials,Paper & Plastic Packaging Products & Materials,OK,2026-08-26,41.38999938964844,31.600000381469727,44.81999969482422,-6.123839314119339,27.66811143529111,3984868.4,164837565.7811966,2.991405008922024,41.24400043487549,38.53150021235148,55.93922622823675,166,LIMITED,,,,,,,,,,,,,,,,
INTU,Intuit,USA,Information Technology,Application Software,OK,2026-08-26,345.8800048828125,252.83999633789062,372.9800109863281,10.508327957647667,12.397228913165481,4041497.15,1381891300.430493,3.837713139496818,340.44000244140625,302.5901682535807,59.81652467713347,166,LIMITED,,,,,,,,,,,,,,,,
ISRG,Intuitive Surgical,USA,Health Care,Health Care Equipment,OK,2026-08-26,370.4200134277344,328.57000732421875,443.8399963378906,2.382538951244584,-11.499217720450961,2672519.3,1018592435.4899261,2.7325581271298787,380.88549957275393,390.6403315226237,47.99023884625996,166,LIMITED,,,,,,,,,,,,,,,,
IVZ,Invesco,USA,Financials,Asset Management & Custody Banks,OK,2026-08-26,32.97999954223633,25.59000015258789,33.30580139160156,12.06251851936344,19.44947052942636,4347018.15,137846339.31332913,2.5786755348931267,31.772500133514406,29.433166694641113,63.752664291358485,166,LIMITED,,,,,,,,,,,,,,,,
INVH,Invitation Homes,USA,Real Estate,Single-Family Residential REITs,OK,2026-08-26,29.889999389648438,28.235000610351562,30.89299964904785,-0.5324454291991576,1.632096377853487,3660521.75,110197909.40841484,1.5843752510425992,30.109500026702882,29.82983334859212,42.89937706359324,166,LIMITED,,,,,,,,,,,,,,,,
IQV,IQVIA,USA,Health Care,Life Sciences Tools & Services,OK,2026-08-26,261.510009765625,162.22000122070312,262.5,7.643865620153512,57.897607460131084,1249196.3,304080635.09324646,3.1184436287457444,243.74300079345704,211.90683339436848,80.61056397163084,166,LIMITED,,,,,,,,,,,,,,,,
IRM,Iron Mountain,USA,Real Estate,Other Specialized REITs,OK,2026-08-26,121.43000030517578,114.33000183105469,134.67999267578125,-3.3969743410770414,-4.393356221716771,1689604.15,209196036.55241355,3.317207854254422,123.91399955749512,124.67216682434082,48.72657561246016,166,LIMITED,,,,,,,,,,,,,,,,
JBHT,J.B. Hunt,USA,Industrials,Cargo Ground Transportation,OK,2026-08-26,263.6400146484375,256.75,299.760009765625,-5.035653308346488,-2.669169933577198,792957.95,215456408.85010377,3.1050998115131594,271.2945022583008,278.6008331298828,47.03759577752467,166,LIMITED,,,,,,,,,,,,,,,,
JBL,Jabil,USA,Information Technology,Electronic Manufacturing Services,OK,2026-08-26,310.9100036621094,285.79998779296875,428.92999267578125,2.6274933600723527,-16.282513981813374,989605.05,332221691.51473844,3.982249161629995,334.2474990844727,342.43766733805336,36.6918878654339,166,LIMITED,,,,,,,,,,,,,,,,
JKHY,Jack Henry & Associates,USA,Financials,Transaction & Payment Processing Services,OK,2026-08-26,172.38999938964844,121.04000091552734,174.77499389648438,9.502640798997252,26.515489754404697,980983.75,156141413.14020157,3.061038404434047,158.6359992980957,146.0363327026367,69.7317922544612,166,LIMITED,,,,,,,,,,,,,,,,
J,Jacobs Solutions,USA,Industrials,Construction & Engineering,OK,2026-08-26,151.52000427246094,115.0,153.29989624023438,7.759052424971102,30.73339281935088,891939.4,129161552.58340454,2.5408686810531242,144.88099975585936,132.87983296712238,68.7343757752478,166,LIMITED,,,,,,,,,,,,,,,,
JNJ,Johnson & Johnson,USA,Health Care,Pharmaceuticals,OK,2026-08-26,270.0,220.83999633789062,276.4700012207031,1.225954665386153,16.736567874762475,6545342.3,1720127917.0873413,1.9379781729314776,263.0449981689453,252.87166646321614,66.75242369626933,166,LIMITED,,,,,,,,,,,,,,,,
JCI,Johnson Controls,USA,Industrials,Building Products,OK,2026-08-26,144.3300018310547,131.32000732421875,157.05999755859375,2.8870851775025352,4.435604209968447,3226959.5,481126687.9895706,2.573525817327679,148.9095001220703,145.00333302815756,31.943452952226494,166,LIMITED,,,,,,,,,,,,,,,,
JPM,JPMorgan Chase,USA,Financials,Diversified Banks,OK,2026-08-26,356.5,295.20001220703125,366.5,-0.22669322552636428,19.119219945900845,5805639.05,2073057674.2696412,1.5127890701693438,357.6499984741211,340.41116689046225,50.308469981361895,166,LIMITED,,,,,,,,,,,,,,,,
KVUE,Kenvue,USA,Consumer Staples,Personal Care Products,OK,2026-08-26,19.219999313354492,16.665000915527344,20.1299991607666,-2.683547780483586,8.648947049782452,21495383.45,412056925.72409964,2.1809978151979745,19.166999912261964,18.85766658782959,50.90088038923737,166,LIMITED,,,,,,,,,,,,,,,,
KDP,Keurig Dr Pepper,USA,Consumer Staples,Soft Drinks & Non-alcoholic Beverages,OK,2026-08-26,32.20500183105469,28.65999984741211,33.81999969482422,3.6196972654769732,6.993360208994703,11868452.2,365534709.1808914,2.912415757442253,30.940750217437746,31.134916750590005,61.650802769931076,166,LIMITED,,,,,,,,,,,,,,,,
KEY,KeyCorp,USA,Financials,Regional Banks,OK,2026-08-26,22.09000015258789,20.579999923706055,24.06999969482422,-2.3862086973246655,2.744186756222744,9117711.5,205582409.28541756,1.7851772009776525,22.582500171661376,22.700166734059653,38.3673386770302,166,LIMITED,,,,,,,,,,,,,,,,
KEYS,Keysight Technologies,USA,Information Technology,Electronic Equipment & Instruments,OK,2026-08-26,321.8699951171875,293.54998779296875,374.9630126953125,5.472353427479781,-7.415503878010443,1395739.8,462961041.71929324,3.413312089222959,333.0510009765625,332.55533396402996,42.3252968177708,166,LIMITED,,,,,,,,,,,,,,,,
KMB,Kimberly-Clark,USA,Consumer Staples,Household Products,OK,2026-08-26,110.33999633789062,93.31999969482422,116.81999969482422,-2.4316916518270504,10.141740868201943,3438343.7,377169000.5331863,2.4005288422951954,109.60949974060058,107.49449996948242,55.454523836417785,166,LIMITED,,,,,,,,,,,,,,,,
KIM,Kimco Realty,USA,Real Estate,Retail REITs,OK,2026-08-26,24.030000686645508,23.530000686645508,26.649999618530273,-8.422252681972797,-1.5970490926698888,4182333.25,102954579.9044385,1.6861722481905452,24.48099994659424,25.014666652679445,39.69071404764644,166,LIMITED,,,,,,,,,,,,,,,,
KMI,Kinder Morgan,USA,Energy,Oil & Gas Storage & Transportation,OK,2026-08-26,32.02000045776367,30.510000228881836,33.34000015258789,1.2970573853068545,-0.6207348086968434,10621635.15,336488012.3350245,2.315827188402369,31.660000228881835,31.93116699854533,55.709880222512446,166,LIMITED,,,,,,,,,,,,,,,,
KKR,KKR & Co.,USA,Financials,Asset Management & Custody Banks,OK,2026-08-26,108.5,87.5,116.56999969482422,5.688677313038215,14.17447268623735,5042642.1,543140339.724466,3.689671582463153,107.46900062561035,99.77933349609376,58.100029735184066,166,LIMITED,,,,,,,,,,,,,,,,
KLAC,KLA Corporation,USA,Information Technology,Semiconductor Materials & Equipment,OK,2026-08-26,183.8300018310547,169.80999755859375,307.3699951171875,-3.6530404136379313,-6.074521464701588,10331457.8,1982873041.4747987,4.202179148186338,192.32200088500977,216.8942003885905,42.307056676581674,166,LIMITED,,,,,,,,,,,,,,,,
KHC,Kraft Heinz,USA,Consumer Staples,Packaged Foods & Meats,OK,2026-08-26,24.790000915527344,22.0049991607666,28.09000015258789,-9.194133302853015,1.6817135720846865,14575231.5,370130834.4089222,2.6343852903030056,25.423999881744386,24.798166624704997,48.268857696249086,166,LIMITED,,,,,,,,,,,,,,,,
KR,Kroger,USA,Consumer Staples,Food Retail,OK,2026-08-26,58.5099983215332,54.150001525878906,65.51000213623047,-1.1488432521587155,-9.553259988621365,6039841.1,345209466.2936573,2.073070941141351,57.199500274658206,58.71733341217041,58.008069911163204,166,LIMITED,,,,,,,,,,,,,,,,
LHX,L3Harris,USA,Industrials,Aerospace & Defense,OK,2026-08-26,262.9599914550781,258.5364074707031,318.5199890136719,-13.840111095179042,-14.913443830570905,1768597.7,490724553.4459564,2.3969710843377463,279.06799774169923,290.6585001627604,24.80559722569474,166,LIMITED,,,,,,,,,,,,,,,,
LH,Labcorp,USA,Health Care,Health Care Services,OK,2026-08-26,335.7200012207031,253.0500030517578,339.760009765625,6.8389362833042755,29.998064364260646,641298.7,206690678.08487242,2.382433963108674,322.99650115966796,291.17266642252605,74.32192205758808,166,LIMITED,,,,,,,,,,,,,,,,
LRCX,Lam Research,USA,Information Technology,Semiconductor Materials & Equipment,OK,2026-08-26,312.8800048828125,250.5,438.5,16.049116087012628,-1.896964202773821,9148871.25,2859312619.579773,4.863303636987257,314.10449981689453,334.8818328857422,53.206464429151865,166,LIMITED,,,,,,,,,,,,,,,,
LVS,Las Vegas Sands,USA,Consumer Discretionary,Casinos & Gaming,OK,2026-08-26,46.22999954223633,44.209999084472656,53.540000915527344,-4.186529446142329,-9.459462791125606,4551403.1,212220489.37493402,2.512985315984886,46.48000011444092,47.28216673533122,50.92023714309619,166,LIMITED,,,,,,,,,,,,,,,,
LDOS,Leidos,USA,Industrials,Diversified Support Services,OK,2026-08-26,137.42999267578125,98.86000061035156,147.3300018310547,16.111855328734983,5.213595018499317,1526338.35,205872542.0726425,3.122218421900423,135.45099945068358,119.35566660563151,53.625121272418504,166,LIMITED,,,,,,,,,,,,,,,,
LEN,Lennar,USA,Consumer Discretionary,Homebuilding,OK,2026-08-26,87.1500015258789,79.83000183105469,96.02999877929688,-0.5704506460874059,-4.18865171167766,2205689.3,190382227.31523514,2.6466380963168037,86.3064998626709,87.23949940999348,55.02805124365233,166,LIMITED,,,,,,,,,,,,,,,,
LII,Lennox International,USA,Industrials,Building Products,OK,2026-08-26,393.7200012207031,387.45001220703125,587.27001953125,-27.639629519698815,-21.75053693554293,552843.85,232919635.57588044,3.065862620341669,419.5049987792969,497.81233469645184,28.672954649678374,166,LIMITED,,,,,,,,,,,,,,,,
LLY,Lilly (Eli),USA,Health Care,Pharmaceuticals,OK,2026-08-26,1189.4100341796875,1052.1500244140625,1292.6500244140625,-2.5600903711901046,9.833596748879891,2887567.9,3454502330.8552613,3.3842147770668873,1200.189501953125,1174.6491719563803,49.61419020525267,166,LIMITED,,,,,,,,,,,,,,,,
LIN,Linde plc,USA,Materials,Industrial Gases,OK,2026-08-26,490.3299865722656,466.8800048828125,548.2000122070312,-4.078799327488514,-3.4536414266557847,2257081.35,1095125354.2474227,1.687981667247358,485.8604995727539,506.60600026448566,50.21367686035806,166,LIMITED,,,,,,,,,,,,,,,,
LYV,Live Nation Entertainment,USA,Communication Services,Movies & Entertainment,OK,2026-08-26,182.63999938964844,158.02000427246094,189.25,0.9786058054096491,9.654179915197192,2091613.95,381660926.9218483,2.5871319853500125,183.1580017089844,178.24066721598308,51.21000670622491,166,LIMITED,,,,,,,,,,,,,,,,
LMT,Lockheed Martin,USA,Industrials,Aerospace & Defense,OK,2026-08-26,565.6199951171875,487.1499938964844,612.75,-2.699076655708943,6.491693248073638,1069260.2,624598528.931189,2.36925350813606,585.3299957275391,545.9533335367838,43.98771542727652,166,LIMITED,,,,,,,,,,,,,,,,
L,Loews Corporation,USA,Financials,Multi-line Insurance,OK,2026-08-26,110.95999908447266,102.16999816894531,121.01000213623047,-7.068678671312201,3.7203174449901733,630220.8,71597195.93512878,1.6745509096654423,113.37299995422363,112.58033307393391,23.068623678975754,166,LIMITED,,,,,,,,,,,,,,,,
LOW,Lowe's,USA,Consumer Discretionary,Home Improvement Retail,OK,2026-08-26,210.36000061035156,199.39999389648438,228.80999755859375,-3.6107059587933032,-2.988376608087384,2888909.7,624617975.4259354,2.4628493456973137,216.46650009155275,215.19966634114584,39.470938167546905,166,LIMITED,,,,,,,,,,,,,,,,
LULU,Lululemon Athletica,USA,Consumer Discretionary,"Apparel, Accessories & Luxury Goods",OK,2026-08-26,116.3499984741211,104.44000244140625,134.3800048828125,-3.2995355973840623,-11.210314075593185,2701882.25,326346194.46678734,3.0144199404904883,121.18400077819824,118.14016685485839,38.880033822035834,166,LIMITED,,,,,,,,,,,,,,,,
LITE,Lumentum,USA,Information Technology,Communications Equipment,OK,2026-08-26,939.030029296875,594.8400268554688,1049.530029296875,44.038476500018106,4.069558337781443,5125003.85,4388141170.202746,8.78448042881926,851.7357513427735,828.6957499186198,56.82940420410374,166,LIMITED,,,,,,,,,,,,,,,,
LYB,LyondellBasell,USA,Materials,Specialty Chemicals,OK,2026-08-26,62.619998931884766,51.97999954223633,69.87999725341797,7.557536274349985,-7.462685641652733,4280916.6,269334366.54030305,3.10487406376014,63.100999641418454,60.71416657765706,53.08255175852837,166,LIMITED,,,,,,,,,,,,,,,,
MTB,M&T Bank,USA,Financials,Regional Banks,OK,2026-08-26,241.5399932861328,209.74000549316406,255.9499969482422,-4.382252205958437,12.291950921606709,904808.85,224010519.62883377,1.5854590707527232,248.1889991760254,240.448833211263,33.736733669211716,166,LIMITED,,,,,,,,,,,,,,,,
MPC,Marathon Petroleum,USA,Energy,Oil & Gas Refining & Marketing,OK,2026-08-26,362.2699890136719,238.27999877929688,367.6000061035156,18.36954859110591,46.63832606299345,2451426.9,826806743.5272125,3.516057754854512,337.29649963378904,296.71033172607423,82.06802392338108,166,LIMITED,,,,,,,,,,,,,,,,
MAR,Marriott International,USA,Consumer Discretionary,"Hotels, Resorts & Cruise Lines",OK,2026-08-26,358.6700134277344,340.80999755859375,410.9800109863281,-6.479447303345543,-7.046590202675452,1775265.8,631006034.8185486,2.1556167153703747,357.02350158691405,372.190500386556,48.67864787223918,166,LIMITED,,,,,,,,,,,,,,,,
MRSH,Marsh McLennan,USA,Financials,Insurance Brokers,OK,2026-08-26,193.25999450683594,156.60000610351562,198.49000549316406,0.5567365897484189,20.34373181017188,1993738.0,380637869.9769745,1.8180929602849232,190.63199844360352,178.56733245849608,49.93141566987983,166,LIMITED,,,,,,,,,,,,,,,,
MLM,Martin Marietta Materials,USA,Materials,Construction Materials,OK,2026-08-26,532.1799926757812,522.1900024414062,642.1799926757812,-8.821764308941827,-7.348669178814227,603953.3,324988908.60669553,2.6611016040674547,539.873501586914,566.5934987386067,46.63204228793185,166,LIMITED,,,,,,,,,,,,,,,,
MRVL,Marvell Technology,USA,Information Technology,Semiconductors,OK,2026-08-26,245.11000061035156,162.89999389648438,329.8800048828125,40.48833547051416,23.356821527379456,23102054.0,5084867137.5242,6.202641355857892,219.80449905395508,239.79816691080728,62.774372902212484,166,LIMITED,,,,,,,,,,,,,,,,
MAS,Masco,USA,Industrials,Building Products,OK,2026-08-26,73.5999984741211,67.80999755859375,83.63999938964844,-9.814976199392976,5.413919787766885,2184179.15,162650450.24029428,2.505541908540171,74.45100059509278,75.65883356730143,43.26853203163149,166,LIMITED,,,,,,,,,,,,,,,,
MA,Mastercard,USA,Financials,Transaction & Payment Processing Services,OK,2026-08-26,598.469970703125,464.5199890136719,601.22998046875,6.3473959490226495,20.893253145784385,3105750.05,1785192732.254126,1.741455686360976,574.251986694336,534.5659942626953,65.33639589895529,166,LIMITED,,,,,,,,,,,,,,,,
MKC,McCormick & Company,USA,Consumer Staples,Packaged Foods & Meats,OK,2026-08-26,55.099998474121094,45.529998779296875,56.869998931884766,6.928002676876699,15.878021783807018,2506875.8,134202983.99464492,2.5722548576545847,53.67199993133545,51.225999959309895,63.152982153481766,166,LIMITED,,,,,,,,,,,,,,,,
MCD,McDonald's,USA,Consumer Discretionary,Restaurants,OK,2026-08-26,266.92999267578125,260.9599914550781,289.2900085449219,-2.2306045648495254,-4.9800726481710855,4442531.35,1201256128.1196198,1.916938539126069,270.6830032348633,272.97633361816406,33.614319127543396,166,LIMITED,,,,,,,,,,,,,,,,
MCK,McKesson Corporation,USA,Health Care,Health Care Distributors,OK,2026-08-26,896.6500244140625,729.1900024414062,918.0,0.8038251168142274,18.530815384600487,1014850.85,878843987.8443543,3.1134149107945603,866.9795043945312,818.139335123698,55.87428732283098,166,LIMITED,,,,,,,,,,,,,,,,
MDT,Medtronic,USA,Health Care,Health Care Equipment,OK,2026-08-26,92.0199966430664,73.30999755859375,94.72000122070312,5.916205746019654,21.110808867408505,6685296.65,599860307.4348011,2.1326341820932178,89.71399955749511,84.19899965922038,69.20656609114639,166,LIMITED,,,,,,,,,,,,,,,,
MRK,Merck & Co.,USA,Health Care,Pharmaceuticals,OK,2026-08-26,153.10000610351562,111.56999969482422,156.9199981689453,16.143223787689152,27.328683319652146,11169120.7,1572969563.322348,2.6985898940462687,137.58899955749513,128.15983339945475,77.95616313215504,166,LIMITED,,,,,,,,,,,,,,,,
META,Meta Platforms,USA,Communication Services,Interactive Media & Services,OK,2026-08-26,576.1400146484375,524.489990234375,686.0800170898438,-2.9102912451199225,-9.306424803758606,17778610.25,10115224410.267303,3.108546170697191,573.1005004882812,592.2818288167317,44.69871834666155,166,LIMITED,,,,,,,,,,,,,,,,
MET,MetLife,USA,Financials,Life & Health Insurance,OK,2026-08-26,96.5199966430664,80.51000213623047,100.93000030517578,-0.9949751174049504,16.00961560504677,3527181.5,340185728.3497124,1.6784071584889926,96.50799980163575,91.61183268229166,36.09082758240895,166,LIMITED,,,,,,,,,,,,,,,,
MTD,Mettler Toledo,USA,Health Care,Life Sciences Tools & Services,OK,2026-08-26,1398.4599609375,1107.81005859375,1474.18994140625,0.7260228481566378,27.848680303863404,175611.2,248196092.64108887,2.5123962901139643,1416.7205078125,1301.713671875,41.24517488632717,166,LIMITED,,,,,,,,,,,,,,,,
MGM,MGM Resorts,USA,Consumer Discretionary,Casinos & Gaming,OK,2026-08-26,43.459999084472656,41.18000030517578,51.59000015258789,-5.930739465841661,3.599519175377952,2338509.8,103542464.90037689,1.968890809084646,44.074499893188474,46.06933326721192,35.90908893869182,166,LIMITED,,,,,,,,,,,,,,,,
MCHP,Microchip Technology,USA,Information Technology,Semiconductors,OK,2026-08-26,74.05000305175781,71.23999786376953,104.02999877929688,-2.1925717247238685,-23.54155475640568,10019191.05,779996859.4923484,3.91182273191097,77.49600067138672,84.8223336537679,49.441446147501544,166,LIMITED,,,,,,,,,,,,,,,,
MU,Micron Technology,USA,Information Technology,Semiconductors,OK,2026-08-26,938.4000244140625,737.8800048828125,1255.0,14.365104372620241,1.0760387715025077,33617078.4,30388761716.499413,5.778336382003607,912.3459991455078,963.2015024820963,57.591684569983435,166,LIMITED,,,,,,,,,,,,,,,,
MSFT,Microsoft,USA,Information Technology,Systems Software,OK,2026-08-26,496.3699951171875,349.20001220703125,513.72998046875,26.190412460947243,20.28254512466785,34118944.2,16470484822.10551,2.325199721629262,488.2119964599609,423.2249974568685,47.23674672594597,166,LIMITED,,,,,,,,,,,,,,,,
MAA,Mid-America Apartment Communities,USA,Real Estate,Multi-Family Residential REITs,OK,2026-08-26,131.5,127.5999984741211,144.41000366210938,-3.052196555792952,0.7045475233915299,923732.35,122615387.51346436,1.7907315663113614,132.61800079345704,134.88100102742513,43.80452419924656,166,LIMITED,,,,,,,,,,,,,,,,
MRNA,Moderna,USA,Health Care,Biotechnology,OK,2026-08-26,149.66000366210938,43.900001525878906,176.66000366210938,168.18385958906404,214.3457293499166,28412475.5,4044251268.8179436,9.626174414359474,86.6402509689331,69.37675031026204,72.54754329476641,166,LIMITED,,,,,,,,,,,,,,,,
TAP,Molson Coors Beverage Company,USA,Consumer Staples,Brewers,OK,2026-08-26,42.09000015258789,38.040000915527344,44.5,-0.9879985545249159,0.5254388018042011,2706631.75,113972853.37105465,2.6038928510102117,42.14650001525879,40.79416675567627,48.27957209775467,166,LIMITED,,,,,,,,,,,,,,,,
MDLZ,Mondelez International,USA,Consumer Staples,Packaged Foods & Meats,OK,2026-08-26,63.0099983215332,57.779998779296875,66.6500015258789,0.8482694993277029,1.220880837804339,7397691.95,464687836.9621519,1.9351024188091415,62.90399990081787,61.520500055948894,51.44123230786212,166,LIMITED,,,,,,,,,,,,,,,,
MPWR,Monolithic Power Systems,USA,Information Technology,Semiconductors,OK,2026-08-26,1303.8800048828125,1231.0,1697.3499755859375,1.7059145365944328,-19.5220273479625,750040.4,1014572047.6469727,4.6234507414837065,1353.4860107421875,1398.1043416341147,43.19090896497143,166,LIMITED,,,,,,,,,,,,,,,,
MNST,Monster Beverage,USA,Consumer Staples,Soft Drinks & Non-alcoholic Beverages,OK,2026-08-26,47.810001373291016,45.04999923706055,100.33999633789062,-49.84789630234074,-45.30999499577337,8989690.05,513462120.0735483,2.422370029039528,61.43900051116943,80.93050015767416,33.64191031723574,165,LIMITED,,,,,,,,,,,,,,,,
MCO,Moody's Corporation,USA,Financials,Financial Exchanges & Data,OK,2026-08-26,514.5499877929688,437.510009765625,523.3099975585938,6.268065844855997,13.949417701952548,719107.25,351158308.7796478,2.140541927037548,488.4730026245117,476.605002339681,80.80011074197121,166,LIMITED,,,,,,,,,,,,,,,,
MS,Morgan Stanley,USA,Financials,Investment Banking & Brokerage,OK,2026-08-26,214.0800018310547,199.67999267578125,232.25,1.181586151037206,6.185209653763013,4419232.15,948382222.6730506,2.082862834266713,214.87250061035155,216.1788330078125,50.51514468689007,166,LIMITED,,,,,,,,,,,,,,,,
MOS,Mosaic Company (The),USA,Materials,Fertilizers & Agricultural Chemicals,OK,2026-08-26,24.15999984741211,19.799999237060547,25.200000762939453,4.679375768094163,1.8549770100958485,8318679.35,190655000.86839923,4.4280286639183215,22.83449993133545,22.27549997965495,54.861115894199386,166,LIMITED,,,,,,,,,,,,,,,,
MSI,Motorola Solutions,USA,Information Technology,Communications Equipment,OK,2026-08-26,487.2799987792969,389.0199890136719,493.57000732421875,10.66748460883009,19.22390178045219,1026237.55,477362847.6929337,2.534736327663405,463.6105010986328,429.244834391276,58.24902915045091,166,LIMITED,,,,,,,,,,,,,,,,
MSCI,MSCI,USA,Financials,Financial Exchanges & Data,OK,2026-08-26,564.219970703125,542.3300170898438,644.77001953125,-2.6182784586851082,-6.504051884183792,627824.8,355828960.8095703,2.17338396161163,566.942495727539,585.288330078125,48.17375744702282,166,LIMITED,,,,,,,,,,,,,,,,
NDAQ,"Nasdaq, Inc.",USA,Financials,Financial Exchanges & Data,OK,2026-08-26,99.47000122070312,76.55000305175781,99.66500091552734,3.657776333595675,9.875182328457877,2798106.7,268704961.7002823,1.863444099309726,96.2185001373291,90.16216672261557,76.94915809473892,166,LIMITED,,,,,,,,,,,,,,,,
NTAP,NetApp,USA,Information Technology,"Technology Hardware, Storage & Peripherals",OK,2026-08-26,193.85000610351562,137.42999267578125,209.05999755859375,11.069734406318311,35.806360265832595,2375790.35,460027677.83544767,3.718811215592144,193.0690010070801,173.69399998982746,52.45596852484399,166,LIMITED,,,,,,,,,,,,,,,,
NFLX,Netflix,USA,Communication Services,Movies & Entertainment,OK,2026-08-26,81.45999908447266,65.08000183105469,87.2300033569336,12.529354567339857,-6.742987398441058,30789402.5,2350344222.1920204,2.6737770141876034,76.64699974060059,75.73933270772298,70.26600967184885,166,LIMITED,,,,,,,,,,,,,,,,
NEM,Newmont,USA,Materials,Gold,OK,2026-08-26,131.60000610351562,88.75,135.2899932861328,43.7937182370796,22.726850679526954,7730627.9,899963533.7727005,2.863839320751763,115.43600120544434,103.1798334757487,76.51470587553246,166,LIMITED,,,,,,,,,,,,,,,,
NWSA,News Corp (Class A),USA,Communication Services,Publishing,OK,2026-08-26,30.959999084472656,24.350000381469727,31.09000015258789,9.865148151848224,16.3472317713097,3754712.4,109290896.68229942,2.45545868857318,29.176499938964845,27.501166693369548,64.1137815396109,166,LIMITED,,,,,,,,,,,,,,,,
NWS,News Corp (Class B),USA,Communication Services,Publishing,OK,2026-08-26,35.2400016784668,27.780000686645508,35.349998474121094,10.782779849451973,15.654750484427126,1099834.7,36520422.76908302,2.6360793193160705,33.222500038146975,31.25533326466878,63.19849822789127,166,LIMITED,,,,,,,,,,,,,,,,
NEE,NextEra Energy,USA,Utilities,Multi-Utilities,OK,2026-08-26,84.22000122070312,83.23999786376953,90.98999786376953,-5.667560066955457,-3.913291780335071,10590964.5,906940269.5132675,1.650583582670461,85.58750038146972,86.76233367919922,46.0084340033627,166,LIMITED,,,,,,,,,,,,,,,,
NKE,"Nike, Inc.",USA,Consumer Discretionary,"Apparel, Accessories & Luxury Goods",OK,2026-08-26,38.59000015258789,38.413700103759766,47.650001525878906,-10.360044514549415,-16.072204139236945,26123518.4,1063564697.1364625,2.374968654488705,41.01049976348877,42.491333198547366,34.05051316427573,166,LIMITED,,,,,,,,,,,,,,,,
NI,NiSource,USA,Utilities,Multi-Utilities,OK,2026-08-26,41.130001068115234,40.4900016784668,49.209999084472656,-10.059038968221557,-13.355803643465725,6378123.2,270975046.7874168,1.9071695498720895,42.44050006866455,45.30016670227051,28.070163697447498,166,LIMITED,,,,,,,,,,,,,,,,
NDSN,Nordson Corporation,USA,Industrials,Industrial Machinery & Supplies & Components,OK,2026-08-26,334.5799865722656,278.3599853515625,339.1199951171875,10.550138218969307,15.875873757799042,414688.75,131579701.81819916,2.1335612442869603,313.903498840332,298.8096674601237,75.30644308810646,166,LIMITED,,,,,,,,,,,,,,,,
NSC,Norfolk Southern,USA,Industrials,Rail Transportation,OK,2026-08-26,352.67999267578125,297.45001220703125,358.6000061035156,4.0845226323545925,8.290346538689231,1159810.0,394792514.14489746,1.6971132359019214,341.1044982910156,327.20883127848305,62.160880405487354,166,LIMITED,,,,,,,,,,,,,,,,
NTRS,Northern Trust,USA,Financials,Asset Management & Custody Banks,OK,2026-08-26,187.66000366210938,164.0,195.77999877929688,3.759815895615226,11.74228946887348,1041748.4,194111670.31261292,1.8787004728130854,186.3595001220703,180.348166402181,57.55364635416974,166,LIMITED,,,,,,,,,,,,,,,,
NOC,Northrop Grumman,USA,Industrials,Aerospace & Defense,OK,2026-08-26,549.9500122070312,479.0199890136719,594.510009765625,0.1329233354300019,-0.25211567829844794,661152.15,371811889.3178803,2.190208931588314,563.223501586914,542.2458333333333,42.354975321031176,166,LIMITED,,,,,,,,,,,,,,,,
NCLH,Norwegian Cruise Line Holdings,USA,Consumer Discretionary,"Hotels, Resorts & Cruise Lines",OK,2026-08-26,17.09000015258789,16.420000076293945,21.950000762939453,-19.462767645649492,-5.8402175659561735,15133650.7,279596114.51894265,3.5424650186505753,18.471000003814698,19.2936666170756,28.65168719923105,166,LIMITED,,,,,,,,,,,,,,,,
NRG,NRG Energy,USA,Utilities,Independent Power Producers & Energy Traders,OK,2026-08-26,116.13999938964844,111.30000305175781,150.97000122070312,-8.95264846936017,-15.840580152428673,3295937.05,394619254.2704323,5.159491809091185,120.7770004272461,130.66616655985516,46.335932948975504,166,LIMITED,,,,,,,,,,,,,,,,
NUE,Nucor,USA,Materials,Steel,OK,2026-08-26,252.8000030517578,214.61000061035156,280.1099853515625,-4.826440893417572,2.5682646162631606,1536623.65,398476721.77327955,3.3440033428712765,262.1650016784668,249.05550003051758,33.32174873835277,166,LIMITED,,,,,,,,,,,,,,,,
NVDA,Nvidia,USA,Information Technology,Semiconductors,OK,2026-08-26,209.66000366210938,189.8000030517578,232.27999877929688,6.420998684325374,-1.3828797539990445,114902304.2,24667042447.665443,2.5253810298899446,215.5605010986328,208.1436663309733,39.40014027953975,166,LIMITED,,,,,,,,,,,,,,,,
NVR,"NVR, Inc.",USA,Consumer Discretionary,Homebuilding,OK,2026-08-26,6368.1201171875,5919.25,6956.47998046875,-1.5954890252031118,4.428279648723965,32559.55,205828926.92895508,2.328378147440372,6324.552514648438,6412.5921630859375,52.74480639926296,166,LIMITED,,,,,,,,,,,,,,,,
NXPI,NXP Semiconductors,USA,Information Technology,Semiconductors,OK,2026-08-26,223.14999389648438,217.97999572753906,338.2900085449219,-13.881599991708715,-32.2226945342723,3805957.85,882927885.4350326,3.1668114080173986,230.73700103759765,268.95300013224283,40.576547804389094,166,LIMITED,,,,,,,,,,,,,,,,
ORLY,O'Reilly Automotive,USA,Consumer Discretionary,Automotive Retail,OK,2026-08-26,89.55000305175781,82.58999633789062,94.12000274658203,-1.7768949761143071,0.5953790481665777,5098262.05,461871326.5483925,2.2914442920194498,91.00250129699707,89.0258337656657,32.6678246950829,166,LIMITED,,,,,,,,,,,,,,,,
OXY,Occidental Petroleum,USA,Energy,Oil & Gas Exploration & Production,OK,2026-08-26,58.619998931884766,47.77000045776367,62.150001525878906,8.696455776320233,3.0409554593018973,8060757.7,466454911.1768101,2.2273502015668347,58.02750034332276,55.365833346048994,60.95075317586431,166,LIMITED,,,,,,,,,,,,,,,,
ODFL,Old Dominion,USA,Industrials,Cargo Ground Transportation,OK,2026-08-26,199.42999267578125,196.41000366210938,252.02999877929688,-11.865832706541546,-9.122809091304163,1610242.95,338816646.4878815,3.1423771045185704,209.75950088500977,222.48849970499674,35.9124952002268,166,LIMITED,,,,,,,,,,,,,,,,
OMC,Omnicom Group,USA,Communication Services,Advertising,OK,2026-08-26,87.88999938964844,70.29000091552734,89.56999969482422,1.9369034392269446,17.42151126434002,2435705.1,204794021.24173585,2.738064716860179,84.98649940490722,80.12100003560384,66.7496906197818,166,LIMITED,,,,,,,,,,,,,,,,
ON,ON Semiconductor,USA,Information Technology,Semiconductors,OK,2026-08-26,73.22000122070312,70.91999816894531,134.9199981689453,-13.236163348420948,-41.37240645485022,9170247.8,726790838.5249908,3.9696458697090384,78.86650009155274,95.2675001780192,39.39393651481352,166,LIMITED,,,,,,,,,,,,,,,,
OKE,Oneok,USA,Energy,Oil & Gas Storage & Transportation,OK,2026-08-26,94.9000015258789,83.08000183105469,97.9000015258789,6.869367414960181,7.5841769763535405,3767717.15,344709584.69326746,2.4471192868886633,91.76349906921386,90.1391663869222,66.81137850168045,166,LIMITED,,,,,,,,,,,,,,,,
ORCL,Oracle Corporation,USA,Information Technology,Application Software,OK,2026-08-26,148.8699951171875,114.5,250.25,24.0996967767207,-22.041270484320307,26482716.4,3816821719.36358,4.365614925609764,144.71599960327148,154.18650016784667,54.916235047529504,166,LIMITED,,,,,,,,,,,,,,,,
OTIS,Otis Worldwide,USA,Industrials,Industrial Machinery & Supplies & Components,OK,2026-08-26,72.36000061035156,69.16000366210938,75.91000366210938,-1.6981388257510943,0.793982013588379,3029885.85,219227133.37565994,1.9386781285082022,72.40299949645996,72.21066602071126,42.92588398913821,166,LIMITED,,,,,,,,,,,,,,,,
PCAR,Paccar,USA,Industrials,Construction Machinery & Heavy Transportation Equipment,OK,2026-08-26,129.22999572753906,106.7699966430664,139.24000549316406,-6.49736672462452,15.11668739389036,3099239.95,408380791.1063255,2.3679467381291763,131.19999923706055,125.40249989827474,40.496951822501686,166,LIMITED,,,,,,,,,,,,,,,,
PKG,Packaging Corporation of America,USA,Materials,Paper & Plastic Packaging Products & Materials,OK,2026-08-26,246.67999267578125,214.17999267578125,259.9800109863281,-2.5904330576078327,13.16114796993153,491521.35,123962460.16070557,2.0764413991982873,252.3744987487793,238.97849934895834,40.349744263516776,166,LIMITED,,,,,,,,,,,,,,,,
PLTR,Palantir Technologies,USA,Information Technology,Application Software,OK,2026-08-26,177.5,106.37000274658203,182.44000244140625,43.68979337329053,33.952160107321646,46635443.55,7612788067.427971,4.395868334668377,164.677498626709,140.71766624450683,67.46519660690845,166,LIMITED,,,,,,,,,,,,,,,,
PANW,Palo Alto Networks,USA,Information Technology,Systems Software,OK,2026-08-26,339.30999755859375,248.41000366210938,398.8800048828125,6.366770394543497,36.55974398985982,5486023.35,1983475695.4983063,4.151491070424794,362.01549835205077,329.01699879964195,41.01514519077962,166,LIMITED,,,,,,,,,,,,,,,,
PSKY,Paramount Skydance Corporation,USA,Communication Services,Movies & Entertainment,OK,2026-08-26,10.739999771118164,7.619999885559082,11.170000076293945,33.08550405530224,1.1299424374030087,11714486.1,109990410.90139303,4.232799760805761,9.567500138282776,9.595333361625672,86.52172200395982,166,LIMITED,,,,,,,,,,,,,,,,
PH,Parker Hannifin,USA,Industrials,Industrial Machinery & Supplies & Components,OK,2026-08-26,1039.489990234375,815.010009765625,1099.93994140625,4.897268021480072,21.339356483346748,678413.25,697419630.9459229,2.1257403263831223,1028.3450012207031,971.2630015055339,38.79148459788379,166,LIMITED,,,,,,,,,,,,,,,,
PAYX,Paychex,USA,Industrials,Human Resource & Employment Services,OK,2026-08-26,124.87999725341797,93.0199966430664,127.08999633789062,5.055938729679843,32.246104892338124,2422736.75,292365535.87485695,2.5123945529951337,121.12250022888183,110.41299997965494,60.43038890806196,166,LIMITED,,,,,,,,,,,,,,,,
PYPL,PayPal,USA,Financials,Transaction & Payment Processing Services,OK,2026-08-26,61.810001373291016,40.20000076293945,62.72999954223633,5.9842278750500855,41.24772336400173,9959017.0,598377084.5468597,2.1945782170264874,59.96650009155273,51.358833440144856,61.98349005723849,166,LIMITED,,,,,,,,,,,,,,,,
PNR,Pentair,USA,Industrials,Industrial Machinery & Supplies & Components,OK,2026-08-26,62.86000061035156,57.599998474121094,77.95999908447266,-5.855917671550259,-13.23671047873426,2834138.2,186652294.98155746,2.810018302459461,65.8870002746582,69.610666847229,28.37839421066296,166,LIMITED,,,,,,,,,,,,,,,,
PEP,PepsiCo,USA,Consumer Staples,Soft Drinks & Non-alcoholic Beverages,OK,2026-08-26,142.19000244140625,133.72999572753906,149.0399932861328,-0.4689893364712483,-3.756601357385636,6761231.65,948896172.4227234,1.4773730827834615,140.33100051879882,140.46916605631512,60.782068493511275,166,LIMITED,,,,,,,,,,,,,,,,
PFE,Pfizer,USA,Health Care,Pharmaceuticals,OK,2026-08-26,28.299999237060547,23.6200008392334,28.579999923706055,12.079204899249696,7.974056564641585,39675483.65,1058465071.7314482,2.0641494894396977,26.78800001144409,25.540500005086262,70.03817613583831,166,LIMITED,,,,,,,,,,,,,,,,
PCG,PG&E Corporation,USA,Utilities,Multi-Utilities,OK,2026-08-26,18.219999313354492,16.100000381469727,18.440000534057617,2.474682844300813,10.223826718133932,25919436.75,455946285.7716317,2.905432391655384,17.59699993133545,17.263166681925455,64.95098623575507,166,LIMITED,,,,,,,,,,,,,,,,
PM,Philip Morris International,USA,Consumer Staples,Tobacco,OK,2026-08-26,194.10000610351562,170.0,207.75999450683594,-3.0324185047484242,6.624924885833594,4737295.25,896044166.6995163,2.125966456124128,189.135001373291,185.36066691080728,59.581879512202434,166,LIMITED,,,,,,,,,,,,,,,,
PSX,Phillips 66,USA,Energy,Oil & Gas Refining & Marketing,OK,2026-08-26,242.22999572753906,164.10000610351562,246.9499969482422,17.673057345322142,38.71040998371977,2783811.95,626804366.5879173,3.2350837594606907,225.41550064086914,199.34666697184244,81.18945424619515,166,LIMITED,,,,,,,,,,,,,,,,
PNW,Pinnacle West Capital,USA,Utilities,Multi-Utilities,OK,2026-08-26,98.69000244140625,96.77999877929688,111.16000366210938,-6.303996272874601,-3.998054949747676,1134174.55,113501866.53668824,1.6935836494469272,100.02950019836426,103.45733375549317,39.12156764949989,166,LIMITED,,,,,,,,,,,,,,,,
PNC,PNC Financial Services,USA,Financials,Diversified Banks,OK,2026-08-26,244.6699981689453,215.1999969482422,258.9599914550781,-2.7543751059048494,10.810686044959938,1428860.75,356542009.4085655,1.6133249214866385,250.56249923706054,245.40116653442382,33.90373071705885,166,LIMITED,,,,,,,,,,,,,,,,
PPG,PPG Industries,USA,Materials,Specialty Chemicals,OK,2026-08-26,114.41999816894531,109.13999938964844,125.69999694824219,-3.85682201906945,1.3642814962778749,1484842.55,169814530.41696852,2.1441153130200004,114.64950065612793,116.55816688537598,41.67677121630967,166,LIMITED,,,,,,,,,,,,,,,,
PPL,PPL Corporation,USA,Utilities,Electric Utilities,OK,2026-08-26,35.02000045776367,34.369998931884766,37.36000061035156,-3.6058389960532122,-2.2879455673356364,7992429.05,281921188.8196989,1.8041330217459355,35.265000343322754,35.72000013987223,54.23731005287243,166,LIMITED,,,,,,,,,,,,,,,,
PFG,Principal Financial Group,USA,Financials,Life & Health Insurance,OK,2026-08-26,112.20999908447266,100.8499984741211,116.61000061035156,-1.6478195405056684,7.306110176862313,1064436.45,120830894.36461678,1.7551635093389977,113.29699935913087,110.89649988810221,36.7768389207621,166,LIMITED,,,,,,,,,,,,,,,,
PG,Procter & Gamble,USA,Consumer Staples,Personal Care Products,OK,2026-08-26,145.0,138.86000061035156,154.32000732421875,-2.6061289330736925,-1.688253712404586,9186044.25,1330864167.1535492,1.562774775064491,145.05650024414064,147.14716720581055,42.959278051419425,166,LIMITED,,,,,,,,,,,,,,,,
PGR,Progressive Corporation,USA,Financials,Property & Casualty Insurance,OK,2026-08-26,222.50999450683594,189.1999969482422,239.3800048828125,1.3620582070798193,13.000858447321573,2376252.2,507351761.29818726,2.0489928394074766,213.89799880981445,213.54016621907553,58.87156002448353,166,LIMITED,,,,,,,,,,,,,,,,
PLD,Prologis,USA,Real Estate,Industrial REITs,OK,2026-08-26,142.58999633789062,135.10000610351562,153.35000610351562,-3.079118358920918,-2.682233019364566,4509504.65,636008677.2102768,1.4468153287477556,141.44949951171876,142.97283274332682,65.11823838645358,166,LIMITED,,,,,,,,,,,,,,,,
PRU,Prudential Financial,USA,Financials,Life & Health Insurance,OK,2026-08-26,120.23999786376953,99.62999725341797,127.72000122070312,-2.977489253868859,18.474726962915298,1875456.75,228873099.97489738,2.0141192850966947,122.37399978637696,115.25199991861979,45.26314823345037,166,LIMITED,,,,,,,,,,,,,,,,
PEG,Public Service Enterprise Group,USA,Utilities,Electric Utilities,OK,2026-08-26,74.02999877929688,72.52999877929688,83.69999694824219,-6.231790195217801,-7.253822272192744,2620465.85,197921142.3755722,1.6559779252025488,75.27900047302246,78.38166656494141,44.09356213754844,166,LIMITED,,,,,,,,,,,,,,,,
PTC,PTC Inc.,USA,Information Technology,Application Software,OK,2026-08-26,151.61000061035156,108.5,156.02999877929688,18.90047688052965,6.572477481057648,1366417.8,199460609.69820252,3.5350292170596704,147.65449981689454,131.26833368937176,56.00121291419791,166,LIMITED,,,,,,,,,,,,,,,,
PSA,Public Storage,USA,Real Estate,Self-Storage REITs,OK,2026-08-26,317.3699951171875,294.8999938964844,335.54998779296875,-3.964053032083492,3.4486085848902226,805853.7,261177350.36746216,1.9707310573731107,324.42849884033205,320.93516693115237,34.825098823733086,166,LIMITED,,,,,,,,,,,,,,,,
PHM,PulteGroup,USA,Consumer Discretionary,Homebuilding,OK,2026-08-26,130.02999877929688,115.0,140.08999633789062,-3.5027838372564957,9.177162422508967,1277596.75,165825410.36095428,2.648148645121468,129.81949920654296,127.66766649881998,50.81687609877198,166,LIMITED,,,,,,,,,,,,,,,,
PWR,Quanta Services,USA,Industrials,Construction & Engineering,OK,2026-08-26,616.72998046875,554.1199951171875,742.72998046875,4.821877052062873,-15.933319078873476,1228714.5,816812992.9335327,4.0084000588609054,666.2110046386719,671.6315012613933,38.30058218570426,166,LIMITED,,,,,,,,,,,,,,,,
QCOM,Qualcomm,USA,Information Technology,Semiconductors,OK,2026-08-26,163.72000122070312,142.88999938964844,259.9200134277344,0.5157148285297453,-29.854324977696933,10462169.35,1664882956.397551,3.5213954510631766,160.31549987792968,182.8828333536784,55.09330550124139,166,LIMITED,,,,,,,,,,,,,,,,
DGX,Quest Diagnostics,USA,Health Care,Health Care Services,OK,2026-08-26,245.0,191.02000427246094,246.0,3.8399582371979157,26.295166277849024,796340.1,189834742.65345764,1.8205962003099028,238.08049926757812,218.123166402181,68.89533542697964,166,LIMITED,,,,,,,,,,,,,,,,
Q,Qnity Electronics,USA,Information Technology,Semiconductor Materials & Equipment,OK,2026-08-26,126.19999694824219,122.47000122070312,177.27999877929688,-1.3214500347734304,-20.683805880124094,1837359.5,246377786.0213623,4.377350249434893,134.25499992370607,142.9939998626709,42.62194463251429,166,LIMITED,,,,,,,,,,,,,,,,
RL,Ralph Lauren Corporation,USA,Consumer Discretionary,"Apparel, Accessories & Luxury Goods",OK,2026-08-26,362.32000732421875,355.0,421.6000061035156,-4.011016921951372,-3.6972073614337075,616125.65,236402161.7573944,3.1275210511564353,382.50600280761716,386.5699996948242,21.807196558698948,166,LIMITED,,,,,,,,,,,,,,,,
RJF,Raymond James Financial,USA,Financials,Investment Banking & Brokerage,OK,2026-08-26,176.69000244140625,141.05999755859375,182.72999572753906,-0.2765494156395154,21.519951759556744,958738.45,170333978.9797699,1.951416385563558,177.90349960327148,166.21449966430663,44.61223607695178,166,LIMITED,,,,,,,,,,,,,,,,
RDDT,Reddit,USA,Communication Services,Interactive Media & Services,OK,2026-08-26,155.36000061035156,135.2220001220703,208.0500030517578,-12.934320508448426,0.7588028733509722,9162737.6,1457661878.6585968,5.683657761722964,157.71799850463867,172.30733311971028,52.4426101945857,166,LIMITED,,,,,,,,,,,,,,,,
RTX,RTX Corporation,USA,Industrials,Aerospace & Defense,OK,2026-08-26,211.99000549316406,172.5500030517578,226.8800048828125,-3.0149127471341908,20.0464408456855,4498242.0,982418887.4133911,1.919965326508232,218.40649948120117,200.73733342488606,32.21732820980196,166,LIMITED,,,,,,,,,,,,,,,,
O,Realty Income,USA,Real Estate,Retail REITs,OK,2026-08-26,62.2599983215332,59.47999954223633,67.1500015258789,-5.279179762942087,0.11255780088432754,5484597.95,344469455.449069,1.4901461713697197,62.79499988555908,62.85033327738444,49.10392182465649,166,LIMITED,,,,,,,,,,,,,,,,
REG,Regency Centers,USA,Real Estate,Retail REITs,OK,2026-08-26,76.37999725341797,75.3499984741211,83.66000366210938,-5.668771023942565,-3.2552245651244927,1265563.3,98149049.21322402,1.5159276410627596,77.30450057983398,79.02716687520345,44.31373135668018,166,LIMITED,,,,,,,,,,,,,,,,
REGN,Regeneron Pharmaceuticals,USA,Health Care,Biotechnology,OK,2026-08-26,814.7899780273438,591.52001953125,847.0,17.205613885862547,29.797366856161457,775538.8,614892107.0265014,2.642080005817589,797.647494506836,693.426665242513,64.53876614814357,166,LIMITED,,,,,,,,,,,,,,,,
RF,Regions Financial Corporation,USA,Financials,Regional Banks,OK,2026-08-26,30.700000762939453,27.1200008392334,32.470001220703125,-1.8228323840100868,9.291564956118759,7482779.6,233926914.53948632,1.652614248374292,31.236499977111816,30.371500078837077,37.0786870021788,166,LIMITED,,,,,,,,,,,,,,,,
RSG,Republic Services,USA,Industrials,Environmental & Facilities Services,OK,2026-08-26,222.17999267578125,197.6199951171875,228.22000122070312,2.561966333320753,8.064195564234522,1408127.4,302770489.31901854,1.784812185649408,215.19399948120116,214.34999974568686,77.89102630842392,166,LIMITED,,,,,,,,,,,,,,,,
RMD,ResMed|,USA,Health Care,Health Care Equipment,OK,2026-08-26,235.69000244140625,180.27000427246094,238.3699951171875,12.79191944329372,14.357105997866281,1543126.8,344342903.372406,2.9925790696081536,223.74300003051758,206.58350041707357,61.36156093615843,166,LIMITED,,,,,,,,,,,,,,,,
RVTY,Revvity,USA,Health Care,Health Care Equipment,OK,2026-08-26,126.3499984741211,96.86000061035156,126.9000015258789,13.308219938656961,30.540342265718113,1520014.35,178862463.54919013,3.1751805880438346,117.64999885559082,110.68516629536947,74.7648459703661,166,LIMITED,,,,,,,,,,,,,,,,
HOOD,Robinhood Markets,USA,Financials,Investment Banking & Brokerage,OK,2026-08-26,108.54000091552734,73.52999877929688,120.05000305175781,17.011641241794973,42.384882770249746,19587627.0,1902077068.4724045,5.244267210025652,96.17899932861329,98.94516690572102,66.93901324931672,166,LIMITED,,,,,,,,,,,,,,,,
ROK,Rockwell Automation,USA,Industrials,Electrical Components & Equipment,OK,2026-08-26,431.75,426.9800109863281,497.3599853515625,-8.366409640748584,-5.334587635629684,863223.75,386816961.76208496,2.410934459360314,445.47950134277346,458.94766794840496,42.39443320492568,166,LIMITED,,,,,,,,,,,,,,,,
ROL,"Rollins, Inc.",USA,Industrials,Environmental & Facilities Services,OK,2026-08-26,36.70000076293945,35.83000183105469,50.31999969482422,-5.921552571097266,-27.153632423866014,5084181.0,188593264.4516182,2.204501225192856,36.992500114440915,41.739333407084146,48.75715985187595,166,LIMITED,,,,,,,,,,,,,,,,
ROP,Roper Technologies,USA,Information Technology,Electronic Equipment & Instruments,OK,2026-08-26,413.2799987792969,311.80999755859375,418.75,5.7198364329065,30.528711121460784,719955.75,287833153.6291275,2.4915128753722744,400.573503112793,365.30233510335285,64.15094138433668,166,LIMITED,,,,,,,,,,,,,,,,
ROST,Ross Stores,USA,Consumer Discretionary,Apparel Retail,OK,2026-08-26,236.27000427246094,205.9199981689453,257.0,-5.879773166000279,1.1992988551496664,2737689.7,664290820.2131302,2.2051224476618962,245.4470016479492,234.1865010579427,31.18481632315286,166,LIMITED,,,,,,,,,,,,,,,,
RCL,Royal Caribbean Group,USA,Consumer Discretionary,"Hotels, Resorts & Cruise Lines",OK,2026-08-26,290.0,266.010009765625,334.0,-10.077519379844958,5.38939050354057,1567523.75,483002221.47491455,2.447885920097711,307.66199951171876,300.4825002034505,18.104010807641828,166,LIMITED,,,,,,,,,,,,,,,,
SPGI,S&P Global,USA,Financials,Financial Exchanges & Data,OK,2026-08-26,436.489990234375,371.83538818359375,462.0199890136719,2.858423343747485,10.959579891472536,1913554.55,800683366.1712097,2.2638882507983666,418.69750061035154,415.4187459309896,73.45037451896961,166,LIMITED,,,,,,,,,,,,,,,,
CRM,Salesforce,USA,Information Technology,Application Software,OK,2026-08-26,205.6199951171875,146.32000732421875,213.1699981689453,13.28925350809229,15.835728398531979,11852533.55,2328861440.519525,3.4373482879289035,196.41050033569337,177.41333338419597,66.69619313935243,166,LIMITED,,,,,,,,,,,,,,,,
SNDK,Sandisk,USA,Information Technology,"Technology Hardware, Storage & Peripherals",OK,2026-08-26,1499.3699951171875,998.1900024414062,2354.389892578125,36.79135375545244,-5.6964382069021,15170457.65,21768778787.34721,8.619060044294548,1435.28349609375,1649.6771626790364,61.92986717282242,166,LIMITED,,,,,,,,,,,,,,,,
SBAC,SBA Communications,USA,Real Estate,Telecom Tower REITs,OK,2026-08-26,185.97999572753906,171.1199951171875,210.8800048828125,6.316814448302255,-7.102897820912268,1051443.05,192034115.65558243,2.8190050097485235,183.02899780273438,186.3004997253418,56.50498494971001,166,LIMITED,,,,,,,,,,,,,,,,
SLB,Schlumberger,USA,Energy,Oil & Gas Equipment & Services,OK,2026-08-26,53.599998474121094,44.59000015258789,58.119998931884766,7.242895088115464,-5.132746063502491,9524610.5,495650080.30942535,2.7606615573239446,52.242500114440915,50.63566665649414,60.25895104953558,166,LIMITED,,,,,,,,,,,,,,,,
STX,Seagate Technology,USA,Information Technology,"Technology Hardware, Storage & Peripherals",OK,2026-08-26,846.3699951171875,698.989990234375,1145.0,13.257059941457538,-2.789835156842746,4513867.3,3886606346.884143,6.684848655061183,858.8039978027343,886.901996866862,49.382714352837496,166,LIMITED,,,,,,,,,,,,,,,,
SRE,Sempra,USA,Utilities,Multi-Utilities,OK,2026-08-26,85.27999877929688,82.66999816894531,96.0199966430664,-5.830387501811307,-6.552710077747759,4092580.4,350826052.0409241,2.1127996751581417,85.8430004119873,90.02466697692871,52.872142454231906,166,LIMITED,,,,,,,,,,,,,,,,
NOW,ServiceNow,USA,Information Technology,Systems Software,OK,2026-08-26,125.80000305175781,89.38999938964844,139.1999969482422,13.722654066418215,23.188405472274965,17910574.05,2175385722.621154,4.425238955736276,122.38600006103516,110.52450027465821,60.39360917644396,166,LIMITED,,,,,,,,,,,,,,,,
SHW,Sherwin-Williams,USA,Materials,Specialty Chemicals,OK,2026-08-26,348.6600036621094,289.8599853515625,372.1600036621094,-1.5835338937913779,12.4818538210278,1697720.45,602985667.7446274,1.9438351474625861,355.0230026245117,335.44466705322264,37.24507610400652,166,LIMITED,,,,,,,,,,,,,,,,
SPG,Simon Property Group,USA,Real Estate,Retail REITs,OK,2026-08-26,217.11000061035156,202.1999969482422,238.5,-8.276297672354538,5.000723569297616,1274914.15,283926584.4808525,1.6108315674950684,222.3294990539551,221.07049967447918,40.54486611263876,166,LIMITED,,,,,,,,,,,,,,,,
SWKS,Skyworks Solutions,USA,Information Technology,Semiconductors,OK,2026-08-26,66.62000274658203,55.43000030517578,83.70999908447266,2.999385331250548,-15.327907361231174,4878647.6,325360835.1397263,3.992149448592296,67.0685007095337,66.97900053660075,49.24556509489894,166,LIMITED,,,,,,,,,,,,,,,,
SJM,J.M. Smucker Company (The),USA,Consumer Staples,Packaged Foods & Meats,OK,2026-08-26,130.89999389648438,99.41999816894531,134.85000610351562,6.388160697717549,27.112050523807785,1215642.8,148273788.5833908,2.404035004162627,121.06449966430664,115.49549992879231,73.5408270378489,166,LIMITED,,,,,,,,,,,,,,,,
SW,Smurfit Westrock,USA,Materials,Paper & Plastic Packaging Products & Materials,OK,2026-08-26,49.560001373291016,38.15999984741211,51.9900016784668,-2.4409407133709315,24.272818570496767,4358373.25,210603381.5149126,3.0689272749061507,48.36900005340576,45.72783323923747,60.4117214794017,166,LIMITED,,,,,,,,,,,,,,,,
SNA,Snap-on,USA,Industrials,Industrial Machinery & Supplies & Components,OK,2026-08-26,397.4800109863281,363.0,423.0199890136719,-5.206168872521366,6.81213709480335,299648.45,121713194.11701202,1.697505105760054,404.93299865722656,399.52833404541013,24.927198394939253,166,LIMITED,,,,,,,,,,,,,,,,
SOLV,Solventum,USA,Health Care,Health Care Technology,OK,2026-08-26,91.52999877929688,73.04000091552734,92.70999908447266,6.22026311273991,20.608775221286635,1233323.0,107419017.98397064,2.9163601452664816,87.29899978637695,81.39283294677735,79.5721220092532,166,LIMITED,,,,,,,,,,,,,,,,
SO,Southern Company,USA,Utilities,Electric Utilities,OK,2026-08-26,89.76000213623047,88.91000366210938,99.26000213623047,-7.253561408980014,-4.245781756175326,5701713.4,525165585.104509,1.8102242484461577,92.09400024414063,93.92083333333333,31.786568387438237,166,LIMITED,,,,,,,,,,,,,,,,
LUV,Southwest Airlines,USA,Industrials,Passenger Airlines,OK,2026-08-26,40.66999816894531,39.84000015258789,53.130001068115234,-12.178801634841962,-6.891030483518112,4582362.6,202965821.6861519,2.7050536940569376,44.168999671936035,46.148833401997884,17.3096957351367,166,LIMITED,,,,,,,,,,,,,,,,
SWK,Stanley Black & Decker,USA,Industrials,Industrial Machinery & Supplies & Components,OK,2026-08-26,99.76000213623047,75.55999755859375,104.68000030517578,5.913578458912561,25.54744939045015,1908137.75,191100964.00522804,2.6117560014268664,100.3025001525879,91.4940003712972,46.330279242800195,166,LIMITED,,,,,,,,,,,,,,,,
SBUX,Starbucks,USA,Consumer Discretionary,Restaurants,OK,2026-08-26,108.48999786376953,93.63999938964844,110.51000213623047,5.227933529990669,6.258569525119118,7342811.5,777886659.8443336,2.7594456846022823,106.19700088500977,103.60500043233236,59.13328682315236,166,LIMITED,,,,,,,,,,,,,,,,
STT,State Street Corporation,USA,Financials,Asset Management & Custody Banks,OK,2026-08-26,193.6199951171875,154.9600067138672,195.17999267578125,6.052466095017195,22.60638130836967,1458246.3,273222402.4812927,2.000222471024397,187.82699966430664,178.40750020345052,64.67612362515027,166,LIMITED,,,,,,,,,,,,,,,,
STLD,Steel Dynamics,USA,Materials,Steel,OK,2026-08-26,235.89999389648438,216.36000061035156,288.739990234375,-9.178408113582638,-8.643794910813906,1247421.25,306629964.95594025,3.7587848995406654,250.59050064086915,248.9740005493164,33.68621232061676,166,LIMITED,,,,,,,,,,,,,,,,
STE,Steris,USA,Health Care,Health Care Equipment,OK,2026-08-26,236.77000427246094,198.00999450683594,241.38999938964844,2.791529059997888,11.227514306145503,723490.65,169493276.84026107,2.275174662166258,234.697501373291,219.69216766357422,58.71464774995403,166,LIMITED,,,,,,,,,,,,,,,,
SYK,Stryker Corporation,USA,Health Care,Health Care Equipment,OK,2026-08-26,329.6700134277344,290.9599914550781,352.489990234375,-4.884590991820392,7.756426357116508,2384447.75,801011751.1874161,2.7222180667260765,336.705500793457,323.95750020345054,43.00650891186813,166,LIMITED,,,,,,,,,,,,,,,,
SMCI,Supermicro,USA,Information Technology,"Technology Hardware, Storage & Peripherals",OK,2026-08-26,37.38999938964844,23.3799991607666,51.400001525878906,31.423544418159466,-2.0947872894162667,55111738.25,1938903526.4375706,6.199178532492203,34.19949979782105,32.253666528066,69.0987066688872,166,LIMITED,,,,,,,,,,,,,,,,
SYF,Synchrony Financial,USA,Financials,Consumer Finance,OK,2026-08-26,79.77999877929688,68.05000305175781,81.91999816894531,3.4491648573401257,10.667225457139295,3188855.2,252041077.53040162,2.2249576625965455,79.06199989318847,75.5981669108073,54.394305313759865,166,LIMITED,,,,,,,,,,,,,,,,
SNPS,Synopsys,USA,Information Technology,Application Software,OK,2026-08-26,410.0,366.0,526.0900268554688,6.8209035944461816,-22.041372580809327,1563328.75,629064951.7550659,2.7592838599486553,403.79650115966797,426.3785003662109,52.90042676195085,166,LIMITED,,,,,,,,,,,,,,,,
SYY,Sysco,USA,Consumer Staples,Food Distributors,OK,2026-08-26,83.2699966430664,73.02999877929688,86.6500015258789,-2.2652586552887155,10.701934713805406,3431412.2,287806910.57238007,2.0342704767240627,83.6974998474121,81.85750020345053,42.52076420736733,166,LIMITED,,,,,,,,,,,,,,,,
TMUS,T-Mobile US,USA,Communication Services,Wireless Telecommunication Services,OK,2026-08-26,179.61000061035156,165.66000366210938,198.86000061035156,-1.5242057067821113,-5.86971180312651,4352472.85,777595435.521772,2.2959081144206506,179.21000061035156,181.65466715494793,49.26650222321985,166,LIMITED,,,,,,,,,,,,,,,,
TROW,T. Rowe Price,USA,Financials,Asset Management & Custody Banks,OK,2026-08-26,112.55000305175781,101.63999938964844,122.0,-7.503285034943918,7.703352202639047,1751149.9,198182187.79681855,2.07860208563799,112.90900077819825,112.76133371988932,43.63852437824034,166,LIMITED,,,,,,,,,,,,,,,,
TTWO,Take-Two Interactive,USA,Communication Services,Interactive Home Entertainment,OK,2026-08-26,233.4499969482422,206.0,265.94000244140625,-5.72247736384911,6.861663358826342,2283220.85,551288141.4559501,3.470574424515599,241.31149826049804,237.19966634114584,50.81476200322987,166,LIMITED,,,,,,,,,,,,,,,,
TPR,"Tapestry, Inc.",USA,Consumer Discretionary,"Apparel, Accessories & Luxury Goods",OK,2026-08-26,130.25,126.13999938964844,164.8000030517578,-13.684555819564858,-6.180221650861806,3316314.6,463248010.17706907,2.8759845655121845,144.10100021362305,144.01066665649415,18.243642526091648,166,LIMITED,,,,,,,,,,,,,,,,
TRGP,Targa Resources,USA,Energy,Oil & Gas Storage & Transportation,OK,2026-08-26,294.0299987792969,252.97000122070312,307.94000244140625,12.375312684174133,11.522854385022452,1298900.75,363694855.98514557,2.8113992391501914,277.1925018310547,272.65033365885415,65.05953530328412,166,LIMITED,,,,,,,,,,,,,,,,
TGT,Target Corporation,USA,Consumer Staples,Consumer Staples Merchandise Retail,OK,2026-08-26,164.0399932861328,120.7699966430664,170.75,13.75866626752551,27.826689741725417,4850410.05,755553275.6737709,2.826174767713187,154.14099884033203,140.28066596984863,71.04217939494907,166,LIMITED,,,,,,,,,,,,,,,,
TEL,TE Connectivity,USA,Information Technology,Electronic Manufacturing Services,OK,2026-08-26,205.02999877929688,190.27000427246094,223.75999450683594,-4.321244480357722,-1.7820365129116778,2051053.3,429545154.09304506,2.73295129897655,210.02300186157225,207.0058339436849,37.722949413415115,166,LIMITED,,,,,,,,,,,,,,,,
TDY,Teledyne Technologies,USA,Information Technology,Electronic Equipment & Instruments,OK,2026-08-26,633.5599975585938,599.8400268554688,697.6699829101562,-2.4797182839506937,3.4349861810958116,307031.2,204081998.4027954,2.123722932621674,664.0550018310547,642.2185007731119,24.09254560788733,166,LIMITED,,,,,,,,,,,,,,,,
TER,Teradyne,USA,Information Technology,Semiconductor Materials & Equipment,OK,2026-08-26,363.1000061035156,296.82000732421875,487.9100036621094,13.238737880885608,-3.387164655181729,2947975.7,1135446626.6968598,5.75392651669321,385.66199951171876,384.24499867757163,44.2026270803728,166,LIMITED,,,,,,,,,,,,,,,,
TSLA,"Tesla, Inc.",USA,Consumer Discretionary,Automobile Manufacturers,OK,2026-08-26,345.82000732421875,297.3800048828125,443.9599914550781,12.48373815314654,-21.468793980422063,33739303.5,11328331791.183014,3.3241691225399292,334.6439971923828,369.7001647949219,63.6429891995833,166,LIMITED,,,,,,,,,,,,,,,,
TXN,Texas Instruments,USA,Information Technology,Semiconductors,OK,2026-08-26,261.7699890136719,255.17999267578125,334.0299987792969,-5.522076697620781,-17.539776674208017,6188796.05,1697300409.8566575,3.055392018559763,273.69849700927733,289.28766377766925,35.71549901857165,166,LIMITED,,,,,,,,,,,,,,,,
TPL,Texas Pacific Land Corporation,USA,Energy,Oil & Gas Exploration & Production,OK,2026-08-26,369.3999938964844,335.1000061035156,444.0,-5.1409837298886485,-9.03494367560781,422159.25,155457556.91683197,4.986530251127941,370.42899932861326,387.093500773112,55.55464665934238,166,LIMITED,,,,,,,,,,,,,,,,
TXT,Textron,USA,Industrials,Aerospace & Defense,OK,2026-08-26,83.30999755859375,81.69999694824219,97.31999969482422,-7.3921760710941475,-9.75953440859424,1425422.75,123376595.778862,2.3718387994681365,86.63049964904785,89.60233345031739,33.595971939550665,166,LIMITED,,,,,,,,,,,,,,,,
TMO,Thermo Fisher Scientific,USA,Health Care,Life Sciences Tools & Services,OK,2026-08-26,633.7100219726562,457.6400146484375,647.0,9.940849655243111,38.907528077463446,1773524.5,1062806462.1580505,2.4889100615121684,598.4545043945312,538.8501698811849,78.28470004919599,166,LIMITED,,,,,,,,,,,,,,,,
TJX,TJX Companies,USA,Consumer Discretionary,Apparel Retail,OK,2026-08-26,136.8300018310547,136.74000549316406,170.0,-14.906716894145667,-12.852680327240352,6670867.2,997360054.123462,2.048443105101527,151.6260009765625,155.68216705322266,4.930348738765105,166,LIMITED,,,,,,,,,,,,,,,,
TKO,TKO Group Holdings,USA,Communication Services,Movies & Entertainment,OK,2026-08-26,187.89999389648438,178.5,218.85000610351562,0.988926347433261,0.13856027908849544,1203929.65,229401114.1208664,3.0064676553704137,191.17349853515626,193.75949885050457,50.628218920708676,166,LIMITED,,,,,,,,,,,,,,,,
TTD,Trade Desk (The),USA,Communication Services,Advertising,OK,2026-08-26,13.029999732971191,12.829999923706055,23.56999969482422,-31.094659766724497,-41.543296555477404,30145077.65,451776059.1463081,4.928099107188575,14.997000074386596,17.59466681480408,19.393148821325667,166,LIMITED,,,,,,,,,,,,,,,,
TSCO,Tractor Supply,USA,Consumer Discretionary,Other Specialty Retail,OK,2026-08-26,35.0099983215332,28.360000610351562,36.88999938964844,11.284168278354079,14.150630043831702,11166417.35,385164096.27292,3.0304249274334314,34.38949985504151,31.784166526794433,56.42457177868351,166,LIMITED,,,,,,,,,,,,,,,,
TT,Trane Technologies,USA,Industrials,Building Products,OK,2026-08-26,463.3999938964844,439.4200134277344,505.8699951171875,-1.4105493053701124,1.2497817934451705,1125801.25,521180093.84181976,2.3987258480449976,467.04649810791017,471.6673334757487,38.62212174083995,166,LIMITED,,,,,,,,,,,,,,,,
TDG,TransDigm Group,USA,Industrials,Aerospace & Defense,OK,2026-08-26,1207.06005859375,1179.949951171875,1361.77001953125,-7.715002207208843,-2.7278347868557873,466805.85,578193256.8292968,2.6484620529183465,1234.2570068359375,1258.529502360026,36.50330138866177,166,LIMITED,,,,,,,,,,,,,,,,
TRV,Travelers Companies (The),USA,Financials,Property & Casualty Insurance,OK,2026-08-26,371.1499938964844,287.1099853515625,398.70001220703125,-6.563115463496949,23.741411907532783,1711326.3,636984260.8996856,1.892519656321948,372.49599609375,345.99766591389977,33.074950140136295,166,LIMITED,,,,,,,,,,,,,,,,
TRMB,Trimble Inc.,USA,Information Technology,Application Software,OK,2026-08-26,59.68000030517578,47.91999816894531,62.0,2.226788648982314,8.746354124707366,2767152.6,161192935.3477684,3.474271101795414,58.37150001525879,54.35783335367839,54.10909593314318,166,LIMITED,,,,,,,,,,,,,,,,
TFC,Truist Financial,USA,Financials,Diversified Banks,OK,2026-08-26,50.66999816894531,46.599998474121094,54.220001220703125,-4.378191047433477,4.56046043381122,6144227.1,319100261.58201444,1.6357448411256559,51.87449951171875,50.999666404724124,34.76188717335137,166,LIMITED,,,,,,,,,,,,,,,,
TYL,Tyler Technologies,USA,Information Technology,Application Software,OK,2026-08-26,352.6499938964844,270.7099914550781,360.0,5.789706746540602,16.559249091029038,786781.55,256458897.3827896,3.8798341634852127,327.5435028076172,311.1991683959961,77.15123912833484,166,LIMITED,,,,,,,,,,,,,,,,
TSN,Tyson Foods,USA,Consumer Staples,Packaged Foods & Meats,OK,2026-08-26,56.54999923706055,54.529998779296875,64.22000122070312,-7.567834333148149,-14.344134940213483,3091153.65,179746234.01778013,2.4352908163803555,57.965500068664554,57.83150011698405,38.78239216588573,166,LIMITED,,,,,,,,,,,,,,,,
USB,U.S. Bancorp,USA,Financials,Diversified Banks,OK,2026-08-26,62.79999923706055,53.119998931884766,66.08000183105469,-2.5298790321195974,14.829037875292395,6220097.6,395629109.68613356,1.5786306759326183,63.70349979400635,61.52999992370606,41.97135759701713,166,LIMITED,,,,,,,,,,,,,,,,
UBER,Uber,USA,Industrials,Passenger Ground Transportation,OK,2026-08-26,78.48999786376953,65.41000366210938,82.36499786376953,10.955612431491568,10.971291020128637,19329580.1,1440166635.3676536,3.2655202881638417,75.24650001525879,72.98633346557617,69.3907215722762,166,LIMITED,,,,,,,,,,,,,,,,
UDR,"UDR, Inc.",USA,Real Estate,Multi-Family Residential REITs,OK,2026-08-26,37.93000030517578,36.40999984741211,42.0,-2.7435889610877395,-0.2629462985298092,3150045.85,119705398.41514091,1.635325603857908,37.93149948120117,38.87099997202555,47.79875018593663,166,LIMITED,,,,,,,,,,,,,,,,
ULTA,Ulta Beauty,USA,Consumer Discretionary,Other Specialty Retail,OK,2026-08-26,543.1900024414062,443.6000061035156,566.72998046875,8.308744285484181,7.064156086868789,591696.45,313291103.5723114,3.045173973314351,529.6574935913086,490.8748285929362,51.24618271192454,166,LIMITED,,,,,,,,,,,,,,,,
UNP,Union Pacific Corporation,USA,Industrials,Rail Transportation,OK,2026-08-26,310.6199951171875,255.22000122070312,315.989990234375,5.491588466563546,11.177915756240386,2506752.4,747901554.038861,1.8641607356519891,298.3029983520508,285.1855000813802,73.37419189356679,166,LIMITED,,,,,,,,,,,,,,,,
UAL,United Airlines Holdings,USA,Industrials,Passenger Airlines,OK,2026-08-26,114.83000183105469,101.7699966430664,138.77000427246094,-7.223071062846742,1.9623504089638644,3029929.0,371153354.3018875,2.810733011041808,122.58349914550782,121.07583325703939,29.06534188326509,166,LIMITED,,,,,,,,,,,,,,,,
UPS,United Parcel Service,USA,Industrials,Air Freight & Logistics,OK,2026-08-26,105.6500015258789,101.33999633789062,118.41999816894531,0.11371434470779374,1.1295111432830574,4935135.7,515617817.1290199,2.0237354761105326,104.44400024414062,108.14699986775716,59.43035019455253,166,LIMITED,,,,,,,,,,,,,,,,
URI,United Rentals,USA,Industrials,Trading Companies & Distributors,OK,2026-08-26,1057.6600341796875,967.1199951171875,1179.1800537109375,-3.0790073204601254,7.024613922863865,419993.9,470258199.66905516,2.740296150845796,1118.6335083007812,1092.3960072835287,26.440478903360386,166,LIMITED,,,,,,,,,,,,,,,,
UNH,UnitedHealth Group,USA,Health Care,Managed Health Care,OK,2026-08-26,401.010009765625,374.7200012207031,461.6199951171875,-6.478695451315897,4.426967935126402,4111781.6,1652888813.8323548,2.2559634476087878,402.46849670410154,411.06449839274086,47.58565206287316,166,LIMITED,,,,,,,,,,,,,,,,
UHS,Universal Health Services,USA,Health Care,Health Care Facilities,OK,2026-08-26,178.69000244140625,140.0800018310547,179.94000244140625,7.5021063224189,15.814382148570916,728967.2,124650745.06426391,2.993810272622343,171.78149871826173,157.1599998474121,66.02360509172186,166,LIMITED,,,,,,,,,,,,,,,,
VLO,Valero Energy,USA,Energy,Oil & Gas Refining & Marketing,OK,2026-08-26,348.0299987792969,232.72000122070312,353.0,16.44472466994089,44.80735794387147,2497229.85,810932552.5487655,3.3991299822774166,328.32750244140624,291.56783599853514,74.77995791068562,166,LIMITED,,,,,,,,,,,,,,,,
VEEV,Veeva Systems,USA,Health Care,Health Care Technology,OK,2026-08-26,244.91000366210938,150.38999938964844,253.49000549316406,21.724655753902123,54.52709645635841,1716109.9,398564870.92487794,3.284677613963937,233.25349960327148,197.24883397420248,69.64207417745516,166,LIMITED,,,,,,,,,,,,,,,,
VTR,Ventas,USA,Real Estate,Health Care REITs,OK,2026-08-26,93.5,78.08000183105469,101.5999984741211,-4.727939085495702,6.189661282622061,3279560.95,300478066.99966735,2.5196937789476412,91.78849945068359,90.13783327738444,54.025966691255775,166,LIMITED,,,,,,,,,,,,,,,,
VLTO,Veralto,USA,Industrials,Environmental & Facilities Services,OK,2026-08-26,98.69000244140625,80.02999877929688,102.25,0.22341953689024585,16.848216328656896,1396325.95,136075987.5934311,2.1714389489753727,97.43099937438964,91.7778330485026,52.582904167928916,166,LIMITED,,,,,,,,,,,,,,,,
VRSN,Verisign,USA,Information Technology,Internet Services & Infrastructure,OK,2026-08-26,292.989990234375,244.74000549316406,303.0,4.211273908919222,-0.8997137551238099,740841.1,213437482.7508728,2.8230665743696863,287.46299743652344,276.40833282470703,50.374585912706785,166,LIMITED,,,,,,,,,,,,,,,,
VRSK,Verisk Analytics,USA,Industrials,Research & Consulting Services,OK,2026-08-26,187.8699951171875,168.17999267578125,226.0800018310547,-11.49062471537139,9.545186657252192,1377173.75,258275179.3019104,3.478819387869195,187.17950057983398,187.21083323160806,47.92768493706425,166,LIMITED,,,,,,,,,,,,,,,,
VZ,Verizon,USA,Communication Services,Integrated Telecommunication Services,OK,2026-08-26,50.189998626708984,40.7599983215332,50.779998779296875,4.150238756992852,4.042282090368632,19505109.0,934245640.4859276,1.8249185360147215,48.042500495910645,45.94383354187012,81.12833247490393,166,LIMITED,,,,,,,,,,,,,,,,
VRTX,Vertex Pharmaceuticals,USA,Health Care,Biotechnology,OK,2026-08-26,547.2899780273438,420.010009765625,555.6900024414062,11.603002034961518,25.174963748073974,1224012.55,627791996.0360687,2.7090599723257087,515.3239974975586,487.6203318277995,71.5610134504166,166,LIMITED,,,,,,,,,,,,,,,,
VRT,Vertiv,USA,Industrials,Electrical Components & Equipment,OK,2026-08-26,263.80999755859375,220.9199981689453,358.5400085449219,-2.1331058213673315,-17.50265852597368,5400230.8,1417195062.5972228,4.973016627494564,268.79100036621094,293.8398333231608,43.422868335805205,166,LIMITED,,,,,,,,,,,,,,,,
VTRS,Viatris,USA,Health Care,Pharmaceuticals,OK,2026-08-26,16.850000381469727,14.9399995803833,18.389999389648438,-5.655096273045168,3.4376883638391975,10172926.05,169163571.12144595,2.8022482744141555,16.657500171661376,16.520666726430257,66.27909684588028,166,LIMITED,,,,,,,,,,,,,,,,
VICI,Vici Properties,USA,Real Estate,Hotel & Resort REITs,OK,2026-08-26,26.0,25.809999465942383,28.709999084472656,-4.059041940906683,-9.186165692839577,10012767.85,264056183.92743263,1.6722305759261187,26.33400011062622,26.757000096638997,42.41572040422917,166,LIMITED,,,,,,,,,,,,,,,,
V,Visa Inc.,USA,Financials,Transaction & Payment Processing Services,OK,2026-08-26,383.8999938964844,309.0,385.56988525390625,4.721895777712093,17.182018577521795,6992559.1,2570836421.2601776,1.743918068104231,367.9090042114258,350.48500264485676,62.856578598331026,166,LIMITED,,,,,,,,,,,,,,,,
VST,Vistra Corp.,USA,Utilities,Electric Utilities,OK,2026-08-26,140.02999877929688,134.5,171.35000610351562,-5.792519271869145,-12.563219409294756,4725898.8,675226899.1149566,3.705858296138397,143.33649978637695,152.1345001220703,47.75671939544964,166,LIMITED,,,,,,,,,,,,,,,,
VMRK,Vivmark Residential,USA,Real Estate,Multi-Family Residential REITs,OK,2026-08-26,66.83000183105469,63.2599983215332,71.5,-1.8504840279081947,0.3001719734071484,4943860.6,324881523.5748879,2.1174441125107832,66.20899982452393,67.23699970245362,50.513041923112354,166,LIMITED,,,,,,,,,,,,,,,,
VMC,Vulcan Materials Company,USA,Materials,Construction Materials,OK,2026-08-26,273.739990234375,266.67999267578125,321.1600036621094,-5.089807402369306,-0.6929090166519769,950075.75,264181202.30999756,2.5356184931077204,278.5599990844727,286.5376668294271,41.983325416089414,166,LIMITED,,,,,,,,,,,,,,,,
WRB,W. R. Berkley Corporation,USA,Financials,Property & Casualty Insurance,OK,2026-08-26,68.66999816894531,62.869998931884766,77.44999694824219,-9.846396455681905,5.176898768604765,1607538.45,113650012.6655449,1.7448217230722676,70.54949951171875,70.42583325703939,29.502325434239253,166,LIMITED,,,,,,,,,,,,,,,,
GWW,W. W. Grainger,USA,Industrials,Industrial Machinery & Supplies & Components,OK,2026-08-26,1335.3900146484375,1220.0,1419.9100341796875,-4.539996329775353,7.17157558409629,266661.95,350788921.36587524,2.073970860307918,1315.6599914550782,1336.94599609375,67.8521026213235,166,LIMITED,,,,,,,,,,,,,,,,
WAB,Wabtec,USA,Industrials,Construction Machinery & Heavy Transportation Equipment,OK,2026-08-26,300.5400085449219,251.14999389648438,306.6400146484375,-1.716864466887491,15.233315961134641,911425.15,269694140.0004349,1.9331697914563453,295.97650146484375,278.6761662801107,57.51060993760078,166,LIMITED,,,,,,,,,,,,,,,,
WMT,Walmart,USA,Consumer Staples,Consumer Staples Merchandise Retail,OK,2026-08-26,104.33999633789062,102.1500015258789,122.94000244140625,-7.7453600834794685,-11.979082561131216,27507657.8,3015605657.613721,2.1097971979618357,111.06599922180176,113.69883257548014,33.4616977996202,166,LIMITED,,,,,,,,,,,,,,,,
DIS,Walt Disney Company (The),USA,Communication Services,Movies & Entertainment,OK,2026-08-26,109.62999725341797,92.48999786376953,111.87000274658203,10.860550035450567,5.231327445073375,10357956.4,1067929836.1200119,2.023978381499353,104.12850036621094,100.3543337504069,63.04690730024822,166,LIMITED,,,,,,,,,,,,,,,,
WBD,Warner Bros. Discovery,USA,Communication Services,Broadcasting,OK,2026-08-26,28.75,25.25,28.979999542236328,12.260832935627697,5.9322057721402865,20969435.25,572472841.5707111,1.6327085394680227,27.409999942779542,26.830333360036214,84.86646581969843,166,LIMITED,,,,,,,,,,,,,,,,
WM,Waste Management,USA,Industrials,Environmental & Facilities Services,OK,2026-08-26,221.24000549316406,210.1199951171875,247.14999389648438,-7.589489950716299,2.620719537662719,2041967.95,459943370.7412834,1.7407204099116427,225.27900161743165,226.5770004272461,26.806002944263057,166,LIMITED,,,,,,,,,,,,,,,,
WAT,Waters Corporation,USA,Health Care,Life Sciences Tools & Services,OK,2026-08-26,414.1700134277344,345.2099914550781,421.739990234375,7.8848710634291,21.038641151694783,850251.9,342188422.0743927,2.937950028334382,404.1584991455078,381.5405008951823,60.780815794392055,166,LIMITED,,,,,,,,,,,,,,,,
WEC,WEC Energy Group,USA,Utilities,Electric Utilities,OK,2026-08-26,107.5199966430664,105.4800033569336,119.91000366210938,-5.360447086143461,-4.967299608361342,2504212.4,272094554.33545226,1.6965514905945063,108.58699989318848,112.37650006612142,48.520694922013135,166,LIMITED,,,,,,,,,,,,,,,,
WFC,Wells Fargo,USA,Financials,Diversified Banks,OK,2026-08-26,85.2300033569336,75.3499984741211,90.16999816894531,-1.887877676754146,11.982660193727067,11634073.45,1009940773.222131,1.8433275715598874,86.80799942016601,85.38133341471354,38.588046056733454,166,LIMITED,,,,,,,,,,,,,,,,
WELL,Welltower,USA,Real Estate,Health Care REITs,OK,2026-08-26,241.55999755859375,194.6699981689453,255.1999969482422,-0.8252287659331725,12.783642645958748,2960451.2,695790184.6049683,1.9426699642155598,235.6,229.07766621907552,59.99280390870618,166,LIMITED,,,,,,,,,,,,,,,,
WST,West Pharmaceutical Services,USA,Health Care,Health Care Supplies,OK,2026-08-26,349.9200134277344,308.5,386.0,3.833831877665994,11.899211086768746,511939.4,178598378.1241638,1.9887908212819272,349.34350128173827,344.79516754150393,51.848745960917064,166,LIMITED,,,,,,,,,,,,,,,,
WDC,Western Digital,USA,Information Technology,"Technology Hardware, Storage & Peripherals",OK,2026-08-26,468.8800048828125,407.4800109863281,799.8699951171875,1.1585499782200692,-11.632109601016872,8119182.5,3940495936.5663147,6.851593927500735,483.14349670410155,542.5921651204427,53.24122753587895,166,LIMITED,,,,,,,,,,,,,,,,
WY,Weyerhaeuser,USA,Real Estate,Timber REITs,OK,2026-08-26,24.079999923706055,22.43000030517578,26.0,-2.1535988358430846,-1.7543871936365085,5454363.25,135441168.0883479,2.586147477954497,24.758500194549562,24.357166735331216,32.20778307156421,166,LIMITED,,,,,,,,,,,,,,,,
WSM,"Williams-Sonoma, Inc.",USA,Consumer Discretionary,Homefurnishing Retail,OK,2026-08-26,237.42999267578125,197.82000732421875,254.88999938964844,0.4696958857316025,16.856974719284224,994432.85,240291874.78514403,2.8110785184515548,241.77450103759764,229.30733362833658,35.46403093774046,166,LIMITED,,,,,,,,,,,,,,,,
WMB,Williams Companies,USA,Energy,Oil & Gas Storage & Transportation,OK,2026-08-26,74.41000366210938,68.5199966430664,79.0,6.0575823520021554,0.053786357469487456,6447042.3,465226691.050502,2.7904941163291133,72.24549980163575,73.08383305867513,56.80534770967225,166,LIMITED,,,,,,,,,,,,,,,,
WTW,Willis Towers Watson,USA,Financials,Insurance Brokers,OK,2026-08-26,343.1199951171875,248.5399932861328,351.510009765625,8.52732513372918,35.06534568780326,572303.75,193686253.32138062,2.307393600106304,339.0325012207031,297.14849955240885,52.78223701597244,166,LIMITED,,,,,,,,,,,,,,,,
WDAY,"Workday, Inc.",USA,Information Technology,Application Software,OK,2026-08-26,190.75,111.5,227.49000549316406,19.450182906716627,53.21285140562249,4671774.45,873789909.3263153,5.245681732144619,184.15349884033202,151.96083234151203,61.31274094879223,166,LIMITED,,,,,,,,,,,,,,,,
WYNN,Wynn Resorts,USA,Consumer Discretionary,Casinos & Gaming,OK,2026-08-26,97.16999816894531,92.5199966430664,111.29000091552734,-1.8683079547959558,-4.001188503176422,1542669.2,155223849.01464233,2.714447313002247,100.78499984741211,100.54866650899251,33.58604613498068,166,LIMITED,,,,,,,,,,,,,,,,
XEL,Xcel Energy,USA,Utilities,Multi-Utilities,OK,2026-08-26,77.68000030517578,76.08000183105469,82.87999725341797,-3.298893894528021,-4.0987650553385375,4895786.1,381568203.95447004,1.8762110991593335,78.01950073242188,79.05783373514811,53.66356792881117,166,LIMITED,,,,,,,,,,,,,,,,
XYL,Xylem Inc.,USA,Industrials,Industrial Machinery & Supplies & Components,OK,2026-08-26,113.41999816894531,106.54000091552734,127.16000366210938,-9.242220484066365,3.015440273239034,1619507.65,190554326.46414107,2.437987809059191,117.97800025939941,116.62866706848145,31.956729263448494,166,LIMITED,,,,,,,,,,,,,,,,
YUM,Yum! Brands,USA,Consumer Discretionary,Restaurants,OK,2026-08-26,154.41000366210938,143.0,170.13999938964844,2.748206625206251,1.5721611120105727,2623512.5,395682832.9358673,2.9053157433945125,150.54150009155273,152.89500045776367,53.03852178327046,166,LIMITED,,,,,,,,,,,,,,,,
ZBRA,Zebra Technologies,USA,Information Technology,Electronic Equipment & Instruments,OK,2026-08-26,359.8399963378906,211.86000061035156,386.2300109863281,26.526021118293276,42.505248966748944,837247.25,297496180.0904312,3.608296116597405,357.6384979248047,288.21899897257487,46.95628786986383,166,LIMITED,,,,,,,,,,,,,,,,
ZBH,Zimmer Biomet,USA,Health Care,Health Care Equipment,OK,2026-08-26,101.37999725341797,81.58000183105469,102.12000274658203,5.87989269286473,22.79554294011148,2299965.85,225221728.782098,2.6684206484945046,98.36700057983398,92.37583351135254,62.70465541180461,166,LIMITED,,,,,,,,,,,,,,,,
ZTS,Zoetis,USA,Health Care,Pharmaceuticals,OK,2026-08-26,77.5199966430664,71.0,82.9800033569336,0.012894473694347042,-2.466037532818255,6658427.65,502561276.27214545,3.782266503360545,75.62349967956543,76.40066617329916,50.53717257849395,166,LIMITED,,,,,,,,,,,,,,,,
